target,n_preds,n_with_actual,coverage_10_90,avg_width,sharp_norm,pinball_norm,stability,consistency_score
assists,30517,16091,0.8195885898949723,0.09791867645263956,0.9020813235473605,1.0,0.9483950115420285,95.76284622604221
goals,30517,16091,0.8884469579267914,0.0762544452040133,0.9237455547959867,1.0,0.9643158514544519,93.81764684135246
points,30517,16091,0.7402274563420546,0.14362576868232205,0.9281871156588389,1.0,0.9306013919464139,94.76072564291148
shots_on_goal,30517,16091,0.6745385619290286,1.5560026629472286,0.6109993342631929,1.0,0.7017317482766674,80.3288399878236
