target,n_preds,n_with_actual,coverage_10_90,avg_width,sharp_norm,pinball_norm,stability,consistency_score
assists,16930,8311,0.8218024305137769,0.4201878145317564,0.5798121854682436,1.0,0.9068075444632566,85.59034378812882
goals,16930,8311,0.8849717242209121,0.2788247711659455,0.7211752288340545,1.0,0.9294196942001187,87.53058483818633
points,16930,8311,0.7327638070027674,0.5666242742671573,0.7166878628664213,1.0,0.8814065285187145,87.62525345129048
shots_on_goal,16930,8311,0.6095536036578029,1.6676833988348851,0.5830791502912787,1.0,0.7446639067179782,77.32115772223025
