target,n_preds,n_with_actual,coverage_10_90,avg_width,sharp_norm,pinball_norm,stability,consistency_score
assists,16268,8039,0.8227391466600323,0.43275709166647097,0.5672429083335291,1.0,0.9057021568452057,85.16474295205664
goals,16268,8039,0.8853091180495086,0.28665559644568234,0.7133444035543177,1.0,0.928558957078078,87.27355695542998
points,16268,8039,0.7341709167806941,0.5834618536223214,0.7082690731888392,1.0,0.8801330232023701,87.41623909891665
shots_on_goal,16268,8039,0.6067918895384998,1.6710224932149302,0.5822443766962675,1.0,0.7472068590112015,77.21107547254003
