target,n_preds,n_with_actual,coverage_10_90,avg_width,sharp_norm,pinball_norm,stability,consistency_score
assists,10151,4256,0.8289473684210527,0.043527121374865745,0.9564728786251343,1.0,0.9641494375184754,97.17778599709668
goals,10151,4256,0.8921522556390977,0.04538075098460437,0.9546192490153956,1.0,0.9704904067815419,94.65739131271339
points,10151,4256,0.7539943609022557,0.07225411421546292,0.9638729428922685,1.0,0.9481121347650892,96.55708407050918
shots_on_goal,10151,4256,0.6931390977443609,1.550939527525524,0.612265118118619,1.0,0.7023880328123491,81.1173977814565
