target,n_preds,n_with_actual,coverage_10_90,avg_width,sharp_norm,pinball_norm,stability,consistency_score
assists,15381,7312,0.8170131291028446,0.5261379171749112,0.4738620828250888,1.0,0.898658157012982,82.5219188907687
goals,15381,7312,0.8841630196936543,0.3443052427605218,0.6556947572394782,1.0,0.9232378671666427,85.53670060110463
points,15381,7312,0.7282549234135668,0.7073400216213401,0.6463299891893299,1.0,0.8721662483006124,85.24175909522869
shots_on_goal,15381,7312,0.5824671772428884,1.688487873283415,0.5778780316791463,1.0,0.7604490233130772,76.23951827322068
