target,n_preds,n_with_actual,coverage_10_90,avg_width,sharp_norm,pinball_norm,stability,consistency_score
assists,21367,11212,0.8011059579022476,0.37332476047558105,0.626675239524419,1.0,0.9105247715464216,87.86126658510689
goals,21367,11212,0.8763824473778095,0.24556956889881437,0.7544304311011856,1.0,0.9336519572829081,88.91413461075228
points,21367,11212,0.7106671423474848,0.5030828470346398,0.7484585764826801,1.0,0.8856984713382307,87.7374277017621
shots_on_goal,21367,11212,0.6177310024973243,1.6303165268849358,0.592420868278766,1.0,0.7376227514438621,77.85809366269459
