target,n_preds,n_with_actual,coverage_10_90,avg_width,sharp_norm,pinball_norm,stability,consistency_score
assists,12424,5568,0.8200431034482759,0.5396985091058367,0.4603014908941633,1.0,0.8986391505625629,81.9937120945195
goals,12424,5568,0.8811063218390804,0.3496688158784064,0.6503311841215935,1.0,0.9207767277925015,85.47344992800961
points,12424,5568,0.7352729885057471,0.721390492439792,0.639304753780104,1.0,0.870902070076047,85.29908285439348
shots_on_goal,12424,5568,0.6099137931034483,1.7203789716330127,0.5699052570917469,1.0,0.7625160981962751,77.1188704188531
