target,n_preds,n_with_actual,coverage_10_90,avg_width,sharp_norm,pinball_norm,stability,consistency_score
assists,12461,5944,0.8198183041722745,0.21995288153599057,0.7800471184640094,1.0,0.9277738655050084,91.88642004207938
goals,12461,5944,0.8889636608344549,0.15811879125809142,0.8418812087419085,1.0,0.9514833447576189,91.21272327645525
points,12461,5944,0.7368775235531628,0.310395618849522,0.844802190575239,1.0,0.9079117751677558,91.89828441106125
shots_on_goal,12461,5944,0.6401413189771198,1.6043270998759729,0.5989182250310068,1.0,0.7186323921430178,78.75952343144517
