target,n_preds,n_with_actual,coverage_10_90,avg_width,sharp_norm,pinball_norm,stability,consistency_score
assists,16162,7860,0.8213740458015267,0.4565195047742758,0.5434804952257242,1.0,0.9041592592707103,84.49104561741777
goals,16162,7860,0.8858778625954199,0.300826297324389,0.6991737026756111,1.0,0.9272284742153994,86.81238131860553
points,16162,7860,0.733206106870229,0.6146553273557092,0.6926723363221454,1.0,0.8784147234277336,86.89256159875087
shots_on_goal,16162,7860,0.6013994910941476,1.672877124536476,0.581780718865881,1.0,0.7499279056811151,77.00868026655348
