target,n_preds,n_with_actual,coverage_10_90,avg_width,sharp_norm,pinball_norm,stability,consistency_score
assists,15640,7802,0.8169700076903358,0.5229194556831702,0.4770805443168298,1.0,0.8993460407373457,82.62707642926492
goals,15640,7802,0.8838759292489106,0.3431030421769976,0.6568969578230024,1.0,0.9242169255644105,85.59404082037774
points,15640,7802,0.7305819020763906,0.7038526446210375,0.6480736776894813,1.0,0.8726392776667539,85.39187919040761
shots_on_goal,15640,7802,0.5883106895667778,1.69241092394034,0.576897269014915,1.0,0.7609992711341911,76.44933836446046
