target,n_preds,n_with_actual,coverage_10_90,avg_width,sharp_norm,pinball_norm,stability,consistency_score
assists,8990,2802,0.807994289793005,0.521576170082594,0.47842382991740595,1.0,0.8994273206958165,83.02721651276016
goals,8990,2802,0.8811563169164882,0.3442301842221543,0.6557698157778458,1.0,0.9260384355717368,85.68722615239321
points,8990,2802,0.7387580299785867,0.7121682500028326,0.6439158749985837,1.0,0.8715636665774457,85.58343411487543
shots_on_goal,8990,2802,0.622412562455389,1.7565033839980309,0.5608741540004922,1.0,0.7566494673396547,77.28922179162689
