target,n_preds,n_with_actual,coverage_10_90,avg_width,sharp_norm,pinball_norm,stability,consistency_score
assists,14363,7079,0.8174883458115553,0.3140251983266534,0.6859748016733467,1.0,0.9180960079960537,89.06067029769873
goals,14363,7079,0.8885435796016387,0.21533780890045903,0.7846621910995409,1.0,0.9417109473748989,89.41523202266967
points,14363,7079,0.7330131374487922,0.431850266126647,0.7840748669366765,1.0,0.8946738619177891,89.78951012522987
shots_on_goal,14363,7079,0.6170363045627913,1.6320460981783205,0.5919884754554199,1.0,0.7302488720563539,77.74359516673779
