target,n_preds,n_with_actual,coverage_10_90,avg_width,sharp_norm,pinball_norm,stability,consistency_score
assists,17264,8674,0.8217661978326032,0.40445946538666167,0.5955405346133383,1.0,0.908278802454331,86.07835614963933
goals,17264,8674,0.8855199446622088,0.2686837299008731,0.7313162700991269,1.0,0.9305879698208652,87.82457001469412
points,17264,8674,0.7332257320728615,0.5459496975752453,0.7270251512123773,1.0,0.8830647295294928,87.97043111458069
shots_on_goal,17264,8674,0.6130966105602952,1.6608038872714919,0.584799028182127,1.0,0.7424144553314836,77.49197982119045
