target,n_preds,n_with_actual,coverage_10_90,avg_width,sharp_norm,pinball_norm,stability,consistency_score
assists,14138,6584,0.817588092345079,0.28704687905249876,0.7129531209475013,1.0,0.9190452961642424,89.8755228962643
goals,14138,6584,0.8880619684082625,0.20010326862620303,0.799896731373797,1.0,0.9435790318027781,89.91021352291119
points,14138,6584,0.7358748481166464,0.3980288641930501,0.800985567903475,1.0,0.8962920745729585,90.4274817074997
shots_on_goal,14138,6584,0.6260631834750912,1.628889736141407,0.5927775659646483,1.0,0.7267524437974884,78.09337875591798
