target,n_preds,n_with_actual,coverage_10_90,avg_width,sharp_norm,pinball_norm,stability,consistency_score
assists,26827,11170,0.8025067144136079,0.3494847231252782,0.6505152768747218,1.0,0.912732731819564,88.54251704789299
goals,26827,11170,0.8763652641002686,0.23072292337623584,0.7692770766237642,1.0,0.9351211570706323,89.37491330540851
points,26827,11170,0.7115487914055506,0.47117582526893187,0.764412087365534,1.0,0.8885259312888393,88.27957359007644
shots_on_goal,26827,11170,0.6256938227394807,1.625762825506335,0.5935592936234162,1.0,0.735338542251739,78.1879171407991
