target,n_preds,n_with_actual,coverage_10_90,avg_width,sharp_norm,pinball_norm,stability,consistency_score
assists,32013,16652,0.8177996637040595,0.2389757887040496,0.7610242112959504,1.0,0.9263060088998771,91.3817998797149
goals,32013,16652,0.8863199615661782,0.16312869221018395,0.836871307789816,1.0,0.9445588110652244,91.0989288816996
points,32013,16652,0.7336656257506606,0.32760764234431067,0.8361961788278447,1.0,0.9033966111777719,91.46647650663948
shots_on_goal,32013,16652,0.6467091040115301,1.5965499639516276,0.6008625090120931,1.0,0.7163517654629499,79.0577570854535
