target,n_preds,n_with_actual,coverage_10_90,avg_width,sharp_norm,pinball_norm,stability,consistency_score
assists,30555,15053,0.8176443233906863,0.12125088348249845,0.8787491165175015,1.0,0.9444942578404139,95.10164313830174
goals,30555,15053,0.8886600677605793,0.0915571145972063,0.9084428854027937,1.0,0.9604835931259971,93.31171978292062
points,30555,15053,0.736331628246861,0.1754228625475221,0.912288568726239,1.0,0.9259465261427388,94.081387453089
shots_on_goal,30555,15053,0.6691689364246329,1.5693524812801705,0.6076618796799573,1.0,0.7034099038808946,80.03071288619297
