target,n_preds,n_with_actual,coverage_10_90,avg_width,sharp_norm,pinball_norm,stability,consistency_score
assists,4730,1759,0.8072768618533257,0.5195319987005604,0.48046800129943956,1.0,0.8984825220808497,83.10779078565866
goals,4730,1759,0.8754974417282547,0.3436102764016353,0.6563897235983647,1.0,0.9266342041394529,85.93813608021529
points,4730,1759,0.7379192723138147,0.706800693936851,0.6465996530315745,1.0,0.8703538185315448,85.61829866881526
shots_on_goal,4730,1759,0.6281978396816373,1.7632383364219637,0.5591904158945091,1.0,0.7567776046554533,77.47140211065529
