target,n_preds,n_with_actual,coverage_10_90,avg_width,sharp_norm,pinball_norm,stability,consistency_score
assists,16475,7857,0.8190148911798396,0.49377100467306656,0.5062289953269334,1.0,0.9010021546542425,83.43629575915685
goals,16475,7857,0.8841797123584065,0.32413770333014325,0.6758622966698568,1.0,0.9253043227926373,86.16172363368581
points,16475,7857,0.7318314878452336,0.6646161748395426,0.6676919125802288,1.0,0.874953898865688,86.05355587987307
shots_on_goal,16475,7857,0.5943744431716941,1.6869530956224352,0.5782617260943912,1.0,0.7562918535239075,76.68574804493858
