target,n_preds,n_with_actual,coverage_10_90,avg_width,sharp_norm,pinball_norm,stability,consistency_score
assists,16215,8301,0.8161667269003734,0.5251820891231805,0.47481791087681946,1.0,0.8992055290213595,82.58992354050324
goals,16215,8301,0.883508011083002,0.3444097878991266,0.6555902121008734,1.0,0.9239404493416239,85.56679041312238
points,16215,8301,0.7300325262016625,0.7066817489956269,0.6466591255021865,1.0,0.8722873880333756,85.32394869346585
shots_on_goal,16215,8301,0.5893265871581738,1.697591712955826,0.5756020717610435,1.0,0.7607394286996167,76.44851992615442
