target,n_preds,n_with_actual,coverage_10_90,avg_width,sharp_norm,pinball_norm,stability,consistency_score
assists,15638,8346,0.8157201054397316,0.5241526705581343,0.4758473294418657,1.0,0.8993330354735234,82.63994602040195
goals,15638,8346,0.8834172058471124,0.34353330729498954,0.6564666927050105,1.0,0.9239047881748725,85.59636042901457
points,15638,8346,0.7299305056314402,0.7056128922133597,0.6471935538933202,1.0,0.8722608158782071,85.33563500083929
shots_on_goal,15638,8346,0.589384136113108,1.6987245715184252,0.5753188571203938,1.0,0.7606125589933984,76.44105674807012
