date,game_id,team,opponent,player_id,name,target,model_name,model_version,distribution,lambda_or_mu,q10,q90,p_ge_k_json,run_id,created_ts
2026-01-08,24655,TOR,PHI,30000040,Morgan Rielly,points,rf_qrf_points,0.3.0,empirical_qrf,0.0,0.0,0.0,,4935908734271347323,2026-01-08 19:03:33.460826
2026-01-08,24655,TOR,PHI,30000100,Christopher Tanev,points,rf_qrf_points,0.3.0,empirical_qrf,0.00949430804398776,0.0,0.018957345971563982,,4935908734271347323,2026-01-08 19:03:33.460826
2026-01-08,24655,TOR,PHI,30000241,Calle Jarnkrok,points,rf_qrf_points,0.3.0,empirical_qrf,0.0,0.0,0.0,,4935908734271347323,2026-01-08 19:03:33.460826
2026-01-08,24655,TOR,PHI,30000259,Anthony Stolarz,points,rf_qrf_points,0.3.0,empirical_qrf,0.00820765247857426,0.0064212805612835246,0.009962049460168442,,4935908734271347323,2026-01-08 19:03:33.460826
2026-01-08,24655,TOR,PHI,30000264,Scott Laughton,points,rf_qrf_points,0.3.0,empirical_qrf,0.002579059829059829,0.0,0.0,,4935908734271347323,2026-01-08 19:03:33.460826
2026-01-08,24655,TOR,PHI,30000275,John Tavares,points,rf_qrf_points,0.3.0,empirical_qrf,0.0,0.0,0.0,,4935908734271347323,2026-01-08 19:03:33.460826
2026-01-08,24655,TOR,PHI,30000486,William Nylander,points,rf_qrf_points,0.3.0,empirical_qrf,0.12248670089047038,0.0,0.23529411764705882,,4935908734271347323,2026-01-08 19:03:33.460826
2026-01-08,24655,TOR,PHI,30000507,Jake McCabe,points,rf_qrf_points,0.3.0,empirical_qrf,0.01707979706231287,0.00835782703412981,0.028131393498522395,,4935908734271347323,2026-01-08 19:03:33.460826
2026-01-08,24655,TOR,PHI,30000940,Max Domi,points,rf_qrf_points,0.3.0,empirical_qrf,0.0,0.0,0.0,,4935908734271347323,2026-01-08 19:03:33.460826
2026-01-08,24655,TOR,PHI,30000943,Oliver Ekman-Larsson,points,rf_qrf_points,0.3.0,empirical_qrf,0.0,0.0,0.0,,4935908734271347323,2026-01-08 19:03:33.460826
2026-01-08,24655,TOR,PHI,30001088,Brandon Carlo,points,rf_qrf_points,0.3.0,empirical_qrf,0.024770822503674423,0.006622516556291391,0.0448789974070873,,4935908734271347323,2026-01-08 19:03:33.460826
2026-01-08,24655,TOR,PHI,30001217,Dakota Mermis,points,rf_qrf_points,0.3.0,empirical_qrf,0.01707979706231287,0.00835782703412981,0.028131393498522395,,4935908734271347323,2026-01-08 19:03:33.460826
2026-01-08,24655,TOR,PHI,30002664,Brandon Baddock,points,rf_qrf_points,0.3.0,empirical_qrf,0.00820765247857426,0.0064212805612835246,0.009962049460168442,,4935908734271347323,2026-01-08 19:03:33.460826
2026-01-08,24655,TOR,PHI,30002867,Philippe Myers,points,rf_qrf_points,0.3.0,empirical_qrf,0.0,0.0,0.0,,4935908734271347323,2026-01-08 19:03:33.460826
2026-01-08,24655,TOR,PHI,30002869,Ken Appleby,points,rf_qrf_points,0.3.0,empirical_qrf,0.00820765247857426,0.0064212805612835246,0.009962049460168442,,4935908734271347323,2026-01-08 19:03:33.460826
2026-01-08,24655,TOR,PHI,30003022,Travis Boyd,points,rf_qrf_points,0.3.0,empirical_qrf,0.04497481988322872,0.0,0.08695652173913043,,4935908734271347323,2026-01-08 19:03:33.460826
2026-01-08,24655,TOR,PHI,30003041,Steven Lorentz,points,rf_qrf_points,0.3.0,empirical_qrf,0.001722222222222222,0.0,0.0,,4935908734271347323,2026-01-08 19:03:33.460826
2026-01-08,24655,TOR,PHI,30003042,Nicolas Roy,points,rf_qrf_points,0.3.0,empirical_qrf,0.03642708389927966,0.0,0.08695652173913043,,4935908734271347323,2026-01-08 19:03:33.460826
2026-01-08,24655,TOR,PHI,30003083,Troy Stecher,points,rf_qrf_points,0.3.0,empirical_qrf,0.05257058420770203,0.013888888888888888,0.09280748022057062,,4935908734271347323,2026-01-08 19:03:33.460826
2026-01-08,24655,TOR,PHI,30003130,Auston Matthews,points,rf_qrf_points,0.3.0,empirical_qrf,0.08399206349206349,0.0,0.0,,4935908734271347323,2026-01-08 19:03:33.460826
2026-01-08,24655,TOR,PHI,30003192,Joseph Woll,points,rf_qrf_points,0.3.0,empirical_qrf,0.00820765247857426,0.0064212805612835246,0.009962049460168442,,4935908734271347323,2026-01-08 19:03:33.460826
2026-01-08,24655,TOR,PHI,30003562,Vinni Lettieri,points,rf_qrf_points,0.3.0,empirical_qrf,0.0026164622414622416,0.0,0.0,,4935908734271347323,2026-01-08 19:03:33.460826
2026-01-08,24655,TOR,PHI,30004139,Bo Groulx,points,rf_qrf_points,0.3.0,empirical_qrf,0.017737157178333646,0.0,0.0,,4935908734271347323,2026-01-08 19:03:33.460826
2026-01-08,24655,TOR,PHI,30004252,Simon Benoit,points,rf_qrf_points,0.3.0,empirical_qrf,0.0,0.0,0.0,,4935908734271347323,2026-01-08 19:03:33.460826
2026-01-08,24655,TOR,PHI,30004394,Reese Johnson,points,rf_qrf_points,0.3.0,empirical_qrf,0.00820765247857426,0.0064212805612835246,0.009962049460168442,,4935908734271347323,2026-01-08 19:03:33.460826
2026-01-08,24655,TOR,PHI,30004509,Nicholas Robertson,points,rf_qrf_points,0.3.0,empirical_qrf,0.0,0.0,0.0,,4935908734271347323,2026-01-08 19:03:33.460826
2026-01-08,24655,TOR,PHI,30004511,Henry Thrun,points,rf_qrf_points,0.3.0,empirical_qrf,0.0,0.0,0.0,,4935908734271347323,2026-01-08 19:03:33.460826
2026-01-08,24655,TOR,PHI,30004539,Matias Maccelli,points,rf_qrf_points,0.3.0,empirical_qrf,0.006846116846116847,0.0,0.0,,4935908734271347323,2026-01-08 19:03:33.460826
2026-01-08,24655,TOR,PHI,30004583,Dakota Joshua,points,rf_qrf_points,0.3.0,empirical_qrf,0.034343220419629665,0.0,0.07042253521126761,,4935908734271347323,2026-01-08 19:03:33.460826
2026-01-08,24655,TOR,PHI,30005024,Matthew Knies,points,rf_qrf_points,0.3.0,empirical_qrf,0.011215549283234972,0.0,0.02610983981693364,,4935908734271347323,2026-01-08 19:03:33.460826
2026-01-08,24655,TOR,PHI,30005068,Ryan McCleary,points,rf_qrf_points,0.3.0,empirical_qrf,0.00820765247857426,0.0064212805612835246,0.009962049460168442,,4935908734271347323,2026-01-08 19:03:33.460826
2026-01-08,24655,TOR,PHI,30005143,Ben King,points,rf_qrf_points,0.3.0,empirical_qrf,0.00820765247857426,0.0064212805612835246,0.009962049460168442,,4935908734271347323,2026-01-08 19:03:33.460826
2026-01-08,24655,TOR,PHI,30005520,Braeden Kressler,points,rf_qrf_points,0.3.0,empirical_qrf,0.00820765247857426,0.0064212805612835246,0.009962049460168442,,4935908734271347323,2026-01-08 19:03:33.460826
2026-01-08,24655,TOR,PHI,30005527,Artur Akhtyamov,points,rf_qrf_points,0.3.0,empirical_qrf,0.00820765247857426,0.0064212805612835246,0.009962049460168442,,4935908734271347323,2026-01-08 19:03:33.460826
2026-01-08,24655,TOR,PHI,30005528,Ryan Tverberg,points,rf_qrf_points,0.3.0,empirical_qrf,0.0,0.0,0.0,,4935908734271347323,2026-01-08 19:03:33.460826
2026-01-08,24655,TOR,PHI,30005542,Vyacheslav Peksa,points,rf_qrf_points,0.3.0,empirical_qrf,0.00820765247857426,0.0064212805612835246,0.009962049460168442,,4935908734271347323,2026-01-08 19:03:33.460826
2026-01-08,24655,TOR,PHI,30005589,Bobby McMann,points,rf_qrf_points,0.3.0,empirical_qrf,0.0044444444444444444,0.0,0.0,,4935908734271347323,2026-01-08 19:03:33.460826
2026-01-08,24655,TOR,PHI,30005725,Dennis Hildeby,points,rf_qrf_points,0.3.0,empirical_qrf,0.00820765247857426,0.0064212805612835246,0.009962049460168442,,4935908734271347323,2026-01-08 19:03:33.460826
2026-01-08,24655,TOR,PHI,30006072,Easton Cowan,points,rf_qrf_points,0.3.0,empirical_qrf,0.33722958790006,0.0,0.75,,4935908734271347323,2026-01-08 19:03:33.460826
2026-01-08,24655,TOR,PHI,30006207,Noah Chadwick,points,rf_qrf_points,0.3.0,empirical_qrf,0.00820765247857426,0.0064212805612835246,0.009962049460168442,,4935908734271347323,2026-01-08 19:03:33.460826
2026-01-08,24655,TOR,PHI,30006276,Marc Johnstone,points,rf_qrf_points,0.3.0,empirical_qrf,0.00820765247857426,0.0064212805612835246,0.009962049460168442,,4935908734271347323,2026-01-08 19:03:33.460826
2026-01-08,24655,TOR,PHI,30006378,Jake Johnson,points,rf_qrf_points,0.3.0,empirical_qrf,0.00820765247857426,0.0064212805612835246,0.009962049460168442,,4935908734271347323,2026-01-08 19:03:33.460826
2026-01-08,24655,TOR,PHI,30006388,Keenan Suthers,points,rf_qrf_points,0.3.0,empirical_qrf,0.00820765247857426,0.0064212805612835246,0.009962049460168442,,4935908734271347323,2026-01-08 19:03:33.460826
2026-01-08,24655,TOR,PHI,30006389,Jacob Frasca,points,rf_qrf_points,0.3.0,empirical_qrf,0.00820765247857426,0.0064212805612835246,0.009962049460168442,,4935908734271347323,2026-01-08 19:03:33.460826
2026-01-08,24655,PHI,TOR,30000050,Sean Couturier,points,rf_qrf_points,0.3.0,empirical_qrf,0.0035873015873015873,0.0,0.0,,4935908734271347323,2026-01-08 19:03:33.460826
2026-01-08,24655,PHI,TOR,30000234,Garrett Wilson,points,rf_qrf_points,0.3.0,empirical_qrf,0.00949430804398776,0.0,0.018957345971563982,,4935908734271347323,2026-01-08 19:03:33.460826
2026-01-08,24655,PHI,TOR,30000349,Travis Konecny,points,rf_qrf_points,0.3.0,empirical_qrf,0.009777777777777776,0.0,0.0,,4935908734271347323,2026-01-08 19:03:33.460826
2026-01-08,24655,PHI,TOR,30000501,Nicolas Deslauriers,points,rf_qrf_points,0.3.0,empirical_qrf,0.006035471884442526,0.0,0.011940298507462687,,4935908734271347323,2026-01-08 19:03:33.460826
2026-01-08,24655,PHI,TOR,30000624,Travis Sanheim,points,rf_qrf_points,0.3.0,empirical_qrf,0.0031666666666666666,0.0,0.0,,4935908734271347323,2026-01-08 19:03:33.460826
2026-01-08,24655,PHI,TOR,30000942,Christian Dvorak,points,rf_qrf_points,0.3.0,empirical_qrf,0.0005555555555555556,0.0,0.0,,4935908734271347323,2026-01-08 19:03:33.460826
2026-01-08,24655,PHI,TOR,30001201,Garnet Hathaway,points,rf_qrf_points,0.3.0,empirical_qrf,0.00949430804398776,0.0,0.018957345971563982,,4935908734271347323,2026-01-08 19:03:33.460826
2026-01-08,24655,PHI,TOR,30001294,Rasmus Ristolainen,points,rf_qrf_points,0.3.0,empirical_qrf,0.00820765247857426,0.0064212805612835246,0.009962049460168442,,4935908734271347323,2026-01-08 19:03:33.460826
2026-01-08,24655,PHI,TOR,30001312,Noah Juulsen,points,rf_qrf_points,0.3.0,empirical_qrf,0.024770822503674423,0.006622516556291391,0.0448789974070873,,4935908734271347323,2026-01-08 19:03:33.460826
2026-01-08,24655,PHI,TOR,30002786,Dan Vladar,points,rf_qrf_points,0.3.0,empirical_qrf,0.00820765247857426,0.0064212805612835246,0.009962049460168442,,4935908734271347323,2026-01-08 19:03:33.460826
2026-01-08,24655,PHI,TOR,30002979,Anthony Richard,points,rf_qrf_points,0.3.0,empirical_qrf,0.0,0.0,0.0,,4935908734271347323,2026-01-08 19:03:33.460826
2026-01-08,24655,PHI,TOR,30003016,Nick Seeler,points,rf_qrf_points,0.3.0,empirical_qrf,0.0,0.0,0.0,,4935908734271347323,2026-01-08 19:03:33.460826
2026-01-08,24655,PHI,TOR,30003171,Carl Grundstrom,points,rf_qrf_points,0.3.0,empirical_qrf,0.006035471884442526,0.0,0.011940298507462687,,4935908734271347323,2026-01-08 19:03:33.460826
2026-01-08,24655,PHI,TOR,30003283,Lane Pederson,points,rf_qrf_points,0.3.0,empirical_qrf,0.006035471884442526,0.0,0.011940298507462687,,4935908734271347323,2026-01-08 19:03:33.460826
2026-01-08,24655,PHI,TOR,30003500,Rodrigo Abols,points,rf_qrf_points,0.3.0,empirical_qrf,0.0,0.0,0.0,,4935908734271347323,2026-01-08 19:03:33.460826
2026-01-08,24655,PHI,TOR,30003653,Owen Tippett,points,rf_qrf_points,0.3.0,empirical_qrf,0.00125,0.0,0.0,,4935908734271347323,2026-01-08 19:03:33.460826
2026-01-08,24655,PHI,TOR,30003733,Keith Petruzzelli,points,rf_qrf_points,0.3.0,empirical_qrf,0.00820765247857426,0.0064212805612835246,0.009962049460168442,,4935908734271347323,2026-01-08 19:03:33.460826
2026-01-08,24655,PHI,TOR,30004002,Cooper Marody,points,rf_qrf_points,0.3.0,empirical_qrf,0.00820765247857426,0.0064212805612835246,0.009962049460168442,,4935908734271347323,2026-01-08 19:03:33.460826
2026-01-08,24655,PHI,TOR,30004154,Xavier Bernard,points,rf_qrf_points,0.3.0,empirical_qrf,0.0,0.0,0.0,,4935908734271347323,2026-01-08 19:03:33.460826
2026-01-08,24655,PHI,TOR,30004406,Samuel Ersson,points,rf_qrf_points,0.3.0,empirical_qrf,0.00820765247857426,0.0064212805612835246,0.009962049460168442,,4935908734271347323,2026-01-08 19:03:33.460826
2026-01-08,24655,PHI,TOR,30004481,Trevor Zegras,points,rf_qrf_points,0.3.0,empirical_qrf,0.14852821715321715,0.0,0.3333333333333333,,4935908734271347323,2026-01-08 19:03:33.460826
2026-01-08,24655,PHI,TOR,30004484,Cam York,points,rf_qrf_points,0.3.0,empirical_qrf,0.0,0.0,0.0,,4935908734271347323,2026-01-08 19:03:33.460826
2026-01-08,24655,PHI,TOR,30004508,Bobby Brink,points,rf_qrf_points,0.3.0,empirical_qrf,0.0012857142857142856,0.0,0.0,,4935908734271347323,2026-01-08 19:03:33.460826
2026-01-08,24655,PHI,TOR,30004800,Jamie Drysdale,points,rf_qrf_points,0.3.0,empirical_qrf,0.017737157178333646,0.0,0.0,,4935908734271347323,2026-01-08 19:03:33.460826
2026-01-08,24655,PHI,TOR,30004801,Tyson Foerster,points,rf_qrf_points,0.3.0,empirical_qrf,0.0,0.0,0.0,,4935908734271347323,2026-01-08 19:03:33.460826
2026-01-08,24655,PHI,TOR,30004824,Emil Andrae,points,rf_qrf_points,0.3.0,empirical_qrf,0.0,0.0,0.0,,4935908734271347323,2026-01-08 19:03:33.460826
2026-01-08,24655,PHI,TOR,30004839,Helge Grans,points,rf_qrf_points,0.3.0,empirical_qrf,0.006035471884442526,0.0,0.011940298507462687,,4935908734271347323,2026-01-08 19:03:33.460826
2026-01-08,24655,PHI,TOR,30005234,Vincent Sevigny,points,rf_qrf_points,0.3.0,empirical_qrf,0.00820765247857426,0.0064212805612835246,0.009962049460168442,,4935908734271347323,2026-01-08 19:03:33.460826
2026-01-08,24655,PHI,TOR,30005293,Artem Guryev,points,rf_qrf_points,0.3.0,empirical_qrf,0.00820765247857426,0.0064212805612835246,0.009962049460168442,,4935908734271347323,2026-01-08 19:03:33.460826
2026-01-08,24655,PHI,TOR,30005345,Roman Schmidt,points,rf_qrf_points,0.3.0,empirical_qrf,0.012378840174405692,0.0,0.0294556628621598,,4935908734271347323,2026-01-08 19:03:33.460826
2026-01-08,24655,PHI,TOR,30005397,Noah Cates,points,rf_qrf_points,0.3.0,empirical_qrf,0.01430650553150553,0.0,0.0,,4935908734271347323,2026-01-08 19:03:33.460826
2026-01-08,24655,PHI,TOR,30005401,Aleksei Kolosov,points,rf_qrf_points,0.3.0,empirical_qrf,0.00820765247857426,0.0064212805612835246,0.009962049460168442,,4935908734271347323,2026-01-08 19:03:33.460826
2026-01-08,24655,PHI,TOR,30005756,Tucker Robertson,points,rf_qrf_points,0.3.0,empirical_qrf,0.00820765247857426,0.0064212805612835246,0.009962049460168442,,4935908734271347323,2026-01-08 19:03:33.460826
2026-01-08,24655,PHI,TOR,30005958,Nikita Grebenkin,points,rf_qrf_points,0.3.0,empirical_qrf,0.00802200577200577,0.0,0.0,,4935908734271347323,2026-01-08 19:03:33.460826
2026-01-08,24655,PHI,TOR,30006045,Yaniv Perets,points,rf_qrf_points,0.3.0,empirical_qrf,0.00820765247857426,0.0064212805612835246,0.009962049460168442,,4935908734271347323,2026-01-08 19:03:33.460826
2026-01-08,24655,PHI,TOR,30006061,Matvei Michkov,points,rf_qrf_points,0.3.0,empirical_qrf,0.0008333333333333334,0.0,0.0,,4935908734271347323,2026-01-08 19:03:33.460826
2026-01-08,24655,PHI,TOR,30006075,Oliver Bonk,points,rf_qrf_points,0.3.0,empirical_qrf,0.0,0.0,0.0,,4935908734271347323,2026-01-08 19:03:33.460826
2026-01-08,24655,PHI,TOR,30006100,Carson Bjarnason,points,rf_qrf_points,0.3.0,empirical_qrf,0.00820765247857426,0.0064212805612835246,0.009962049460168442,,4935908734271347323,2026-01-08 19:03:33.460826
2026-01-08,24655,PHI,TOR,30006135,Denver Barkey,points,rf_qrf_points,0.3.0,empirical_qrf,0.01707979706231287,0.00835782703412981,0.028131393498522395,,4935908734271347323,2026-01-08 19:03:33.460826
2026-01-08,24656,NJ,PIT,30000070,Dougie Hamilton,points,rf_qrf_points,0.3.0,empirical_qrf,0.02363888888888889,0.0,0.0,,4935908734271347323,2026-01-08 19:03:33.460826
2026-01-08,24656,NJ,PIT,30000210,Colton White,points,rf_qrf_points,0.3.0,empirical_qrf,0.006035471884442526,0.0,0.011940298507462687,,4935908734271347323,2026-01-08 19:03:33.460826
2026-01-08,24656,NJ,PIT,30000368,Brett Pesce,points,rf_qrf_points,0.3.0,empirical_qrf,0.017737157178333646,0.0,0.0,,4935908734271347323,2026-01-08 19:03:33.460826
2026-01-08,24656,NJ,PIT,30000491,Connor Brown,points,rf_qrf_points,0.3.0,empirical_qrf,0.0,0.0,0.0,,4935908734271347323,2026-01-08 19:03:33.460826
2026-01-08,24656,NJ,PIT,30000573,Jacob Markstrom,points,rf_qrf_points,0.3.0,empirical_qrf,0.00820765247857426,0.0064212805612835246,0.009962049460168442,,4935908734271347323,2026-01-08 19:03:33.460826
2026-01-08,24656,NJ,PIT,30000665,Jake Allen,points,rf_qrf_points,0.3.0,empirical_qrf,0.00820765247857426,0.0064212805612835246,0.009962049460168442,,4935908734271347323,2026-01-08 19:03:33.460826
2026-01-08,24656,NJ,PIT,30000844,Luke Glendening,points,rf_qrf_points,0.3.0,empirical_qrf,0.0,0.0,0.0,,4935908734271347323,2026-01-08 19:03:33.460826
2026-01-08,24656,NJ,PIT,30000886,Stefan Noesen,points,rf_qrf_points,0.3.0,empirical_qrf,0.056375706220805503,0.0,0.14285714285714285,,4935908734271347323,2026-01-08 19:03:33.460826
2026-01-08,24656,NJ,PIT,30001052,Ondrej Palat,points,rf_qrf_points,0.3.0,empirical_qrf,0.007121933621933622,0.0,0.0,,4935908734271347323,2026-01-08 19:03:33.460826
2026-01-08,24656,NJ,PIT,30001108,Jonas Siegenthaler,points,rf_qrf_points,0.3.0,empirical_qrf,0.034343220419629665,0.0,0.07042253521126761,,4935908734271347323,2026-01-08 19:03:33.460826
2026-01-08,24656,NJ,PIT,30001225,Brenden Dillon,points,rf_qrf_points,0.3.0,empirical_qrf,0.04497481988322872,0.0,0.08695652173913043,,4935908734271347323,2026-01-08 19:03:33.460826
2026-01-08,24656,NJ,PIT,30001226,Timo Meier,points,rf_qrf_points,0.3.0,empirical_qrf,0.07487301587301587,0.0,0.3333333333333333,,4935908734271347323,2026-01-08 19:03:33.460826
2026-01-08,24656,NJ,PIT,30001786,Evgenii Dadonov,points,rf_qrf_points,0.3.0,empirical_qrf,0.0,0.0,0.0,,4935908734271347323,2026-01-08 19:03:33.460826
2026-01-08,24656,NJ,PIT,30002609,Juho Lammikko,points,rf_qrf_points,0.3.0,empirical_qrf,0.0,0.0,0.0,,4935908734271347323,2026-01-08 19:03:33.460826
2026-01-08,24656,NJ,PIT,30003154,Dennis Cholowski,points,rf_qrf_points,0.3.0,empirical_qrf,0.0,0.0,0.0,,4935908734271347323,2026-01-08 19:03:33.460826
2026-01-08,24656,NJ,PIT,30003404,Zack MacEwen,points,rf_qrf_points,0.3.0,empirical_qrf,0.01707979706231287,0.00835782703412981,0.028131393498522395,,4935908734271347323,2026-01-08 19:03:33.460826
2026-01-08,24656,NJ,PIT,30003568,Joseph Gambardella,points,rf_qrf_points,0.3.0,empirical_qrf,0.00820765247857426,0.0064212805612835246,0.009962049460168442,,4935908734271347323,2026-01-08 19:03:33.460826
2026-01-08,24656,NJ,PIT,30003612,Jesper Bratt,points,rf_qrf_points,0.3.0,empirical_qrf,0.002,0.0,0.0,,4935908734271347323,2026-01-08 19:03:33.460826
2026-01-08,24656,NJ,PIT,30003639,Nico Hischier,points,rf_qrf_points,0.3.0,empirical_qrf,0.0031666666666666666,0.0,0.0,,4935908734271347323,2026-01-08 19:03:33.460826
2026-01-08,24656,NJ,PIT,30003642,Cody Glass,points,rf_qrf_points,0.3.0,empirical_qrf,0.0400592408091851,0.0,0.09090909090909091,,4935908734271347323,2026-01-08 19:03:33.460826
2026-01-08,24656,NJ,PIT,30003726,Johnathan Kovacevic,points,rf_qrf_points,0.3.0,empirical_qrf,0.006035471884442526,0.0,0.011940298507462687,,4935908734271347323,2026-01-08 19:03:33.460826
2026-01-08,24656,NJ,PIT,30003983,Austin Strand,points,rf_qrf_points,0.3.0,empirical_qrf,0.05257058420770203,0.013888888888888888,0.09280748022057062,,4935908734271347323,2026-01-08 19:03:33.460826
2026-01-08,24656,NJ,PIT,30004112,Calen Addison,points,rf_qrf_points,0.3.0,empirical_qrf,0.05257058420770203,0.013888888888888888,0.09280748022057062,,4935908734271347323,2026-01-08 19:03:33.460826
2026-01-08,24656,NJ,PIT,30004384,Paul Cotter,points,rf_qrf_points,0.3.0,empirical_qrf,0.024868386243386244,0.0,0.0,,4935908734271347323,2026-01-08 19:03:33.460826
2026-01-08,24656,NJ,PIT,30004470,Jack Hughes,points,rf_qrf_points,0.3.0,empirical_qrf,0.0035873015873015873,0.0,0.0,,4935908734271347323,2026-01-08 19:03:33.460826
2026-01-08,24656,NJ,PIT,30004549,Nathan Legare,points,rf_qrf_points,0.3.0,empirical_qrf,0.0,0.0,0.0,,4935908734271347323,2026-01-08 19:03:33.460826
2026-01-08,24656,NJ,PIT,30004810,Dawson Mercer,points,rf_qrf_points,0.3.0,empirical_qrf,0.009777777777777776,0.0,0.0,,4935908734271347323,2026-01-08 19:03:33.460826
2026-01-08,24656,NJ,PIT,30004827,Thomas Bordeleau,points,rf_qrf_points,0.3.0,empirical_qrf,0.0,0.0,0.0,,4935908734271347323,2026-01-08 19:03:33.460826
2026-01-08,24656,NJ,PIT,30004833,Nico Daws,points,rf_qrf_points,0.3.0,empirical_qrf,0.00820765247857426,0.0064212805612835246,0.009962049460168442,,4935908734271347323,2026-01-08 19:03:33.460826
2026-01-08,24656,NJ,PIT,30004986,Luke Hughes,points,rf_qrf_points,0.3.0,empirical_qrf,0.006035471884442526,0.0,0.011940298507462687,,4935908734271347323,2026-01-08 19:03:33.460826
2026-01-08,24656,NJ,PIT,30005278,Mikael Diotte,points,rf_qrf_points,0.3.0,empirical_qrf,0.011215549283234972,0.0,0.02610983981693364,,4935908734271347323,2026-01-08 19:03:33.460826
2026-01-08,24656,NJ,PIT,30005466,Arseniy Gritsyuk,points,rf_qrf_points,0.3.0,empirical_qrf,0.005145474351356705,0.0,0.0,,4935908734271347323,2026-01-08 19:03:33.460826
2026-01-08,24656,NJ,PIT,30005561,Marc McLaughlin,points,rf_qrf_points,0.3.0,empirical_qrf,0.00820765247857426,0.0064212805612835246,0.009962049460168442,,4935908734271347323,2026-01-08 19:03:33.460826
2026-01-08,24656,NJ,PIT,30005569,Brian Halonen,points,rf_qrf_points,0.3.0,empirical_qrf,0.004861111111111111,0.0,0.0,,4935908734271347323,2026-01-08 19:03:33.460826
2026-01-08,24656,NJ,PIT,30005613,Simon Nemec,points,rf_qrf_points,0.3.0,empirical_qrf,0.0,0.0,0.0,,4935908734271347323,2026-01-08 19:03:33.460826
2026-01-08,24656,NJ,PIT,30006223,Jeremy Hanzel,points,rf_qrf_points,0.3.0,empirical_qrf,0.00820765247857426,0.0064212805612835246,0.009962049460168442,,4935908734271347323,2026-01-08 19:03:33.460826
2026-01-08,24656,NJ,PIT,30006356,Matyas Melovsky,points,rf_qrf_points,0.3.0,empirical_qrf,0.006035471884442526,0.0,0.011940298507462687,,4935908734271347323,2026-01-08 19:03:33.460826
2026-01-08,24656,PIT,NJ,30000445,Erik Karlsson,points,rf_qrf_points,0.3.0,empirical_qrf,0.006089947089947089,0.0,0.0,,4935908734271347323,2026-01-08 19:03:33.460826
2026-01-08,24656,PIT,NJ,30000557,Brett Kulak,points,rf_qrf_points,0.3.0,empirical_qrf,0.0,0.0,0.0,,4935908734271347323,2026-01-08 19:03:33.460826
2026-01-08,24656,PIT,NJ,30000615,Kevin Hayes,points,rf_qrf_points,0.3.0,empirical_qrf,0.01430650553150553,0.0,0.0,,4935908734271347323,2026-01-08 19:03:33.460826
2026-01-08,24656,PIT,NJ,30000651,Sidney Crosby,points,rf_qrf_points,0.3.0,empirical_qrf,0.0019444444444444442,0.0,0.0,,4935908734271347323,2026-01-08 19:03:33.460826
2026-01-08,24656,PIT,NJ,30000658,Kris Letang,points,rf_qrf_points,0.3.0,empirical_qrf,0.0,0.0,0.0,,4935908734271347323,2026-01-08 19:03:33.460826
2026-01-08,24656,PIT,NJ,30000660,Evgeni Malkin,points,rf_qrf_points,0.3.0,empirical_qrf,0.0004761904761904762,0.0,0.0,,4935908734271347323,2026-01-08 19:03:33.460826
2026-01-08,24656,PIT,NJ,30000806,Matt Dumba,points,rf_qrf_points,0.3.0,empirical_qrf,0.0,0.0,0.0,,4935908734271347323,2026-01-08 19:03:33.460826
2026-01-08,24656,PIT,NJ,30000848,Anthony Mantha,points,rf_qrf_points,0.3.0,empirical_qrf,0.0,0.0,0.0,,4935908734271347323,2026-01-08 19:03:33.460826
2026-01-08,24656,PIT,NJ,30000888,Rickard Rakell,points,rf_qrf_points,0.3.0,empirical_qrf,0.0,0.0,0.0,,4935908734271347323,2026-01-08 19:03:33.460826
2026-01-08,24656,PIT,NJ,30001100,Bryan Rust,points,rf_qrf_points,0.3.0,empirical_qrf,0.0016666666666666668,0.0,0.0,,4935908734271347323,2026-01-08 19:03:33.460826
2026-01-08,24656,PIT,NJ,30001235,Noel Acciari,points,rf_qrf_points,0.3.0,empirical_qrf,0.006035471884442526,0.0,0.011940298507462687,,4935908734271347323,2026-01-08 19:03:33.460826
2026-01-08,24656,PIT,NJ,30002778,Tommy Novak,points,rf_qrf_points,0.3.0,empirical_qrf,0.0,0.0,0.0,,4935908734271347323,2026-01-08 19:03:33.460826
2026-01-08,24656,PIT,NJ,30002874,Caleb Jones,points,rf_qrf_points,0.3.0,empirical_qrf,0.0,0.0,0.0,,4935908734271347323,2026-01-08 19:03:33.460826
2026-01-08,24656,PIT,NJ,30003030,Bokondji Imama,points,rf_qrf_points,0.3.0,empirical_qrf,0.00820765247857426,0.0064212805612835246,0.009962049460168442,,4935908734271347323,2026-01-08 19:03:33.460826
2026-01-08,24656,PIT,NJ,30003099,Parker Wotherspoon,points,rf_qrf_points,0.3.0,empirical_qrf,0.0,0.0,0.0,,4935908734271347323,2026-01-08 19:03:33.460826
2026-01-08,24656,PIT,NJ,30003391,Justin Brazeau,points,rf_qrf_points,0.3.0,empirical_qrf,0.034343220419629665,0.0,0.07042253521126761,,4935908734271347323,2026-01-08 19:03:33.460826
2026-01-08,24656,PIT,NJ,30003586,Joona Koppanen,points,rf_qrf_points,0.3.0,empirical_qrf,0.05257058420770203,0.013888888888888888,0.09280748022057062,,4935908734271347323,2026-01-08 19:03:33.460826
2026-01-08,24656,PIT,NJ,30003729,Stuart Skinner,points,rf_qrf_points,0.3.0,empirical_qrf,0.00820765247857426,0.0064212805612835246,0.009962049460168442,,4935908734271347323,2026-01-08 19:03:33.460826
2026-01-08,24656,PIT,NJ,30003739,Sebastian Aho,points,rf_qrf_points,0.3.0,empirical_qrf,0.00949430804398776,0.0,0.018957345971563982,,4935908734271347323,2026-01-08 19:03:33.460826
2026-01-08,24656,PIT,NJ,30003893,Connor Clifton,points,rf_qrf_points,0.3.0,empirical_qrf,0.0,0.0,0.0,,4935908734271347323,2026-01-08 19:03:33.460826
2026-01-08,24656,PIT,NJ,30004100,Alexander Alexeyev,points,rf_qrf_points,0.3.0,empirical_qrf,0.006035471884442526,0.0,0.011940298507462687,,4935908734271347323,2026-01-08 19:03:33.460826
2026-01-08,24656,PIT,NJ,30004181,Connor Dewar,points,rf_qrf_points,0.3.0,empirical_qrf,0.0014047619047619047,0.0,0.0,,4935908734271347323,2026-01-08 19:03:33.460826
2026-01-08,24656,PIT,NJ,30004423,Blake Lizotte,points,rf_qrf_points,0.3.0,empirical_qrf,0.006035471884442526,0.0,0.011940298507462687,,4935908734271347323,2026-01-08 19:03:33.460826
2026-01-08,24656,PIT,NJ,30004609,Arturs Silovs,points,rf_qrf_points,0.3.0,empirical_qrf,0.00820765247857426,0.0064212805612835246,0.009962049460168442,,4935908734271347323,2026-01-08 19:03:33.460826
2026-01-08,24656,PIT,NJ,30004788,Ryan Shea,points,rf_qrf_points,0.3.0,empirical_qrf,0.0,0.0,0.0,,4935908734271347323,2026-01-08 19:03:33.460826
2026-01-08,24656,PIT,NJ,30004825,Joel Blomqvist,points,rf_qrf_points,0.3.0,empirical_qrf,0.00820765247857426,0.0064212805612835246,0.009962049460168442,,4935908734271347323,2026-01-08 19:03:33.460826
2026-01-08,24656,PIT,NJ,30004918,Philip Kemp,points,rf_qrf_points,0.3.0,empirical_qrf,0.006035471884442526,0.0,0.011940298507462687,,4935908734271347323,2026-01-08 19:03:33.460826
2026-01-08,24656,PIT,NJ,30004960,Valtteri Puustinen,points,rf_qrf_points,0.3.0,empirical_qrf,0.0,0.0,0.0,,4935908734271347323,2026-01-08 19:03:33.460826
2026-01-08,24656,PIT,NJ,30005027,Ville Koivunen,points,rf_qrf_points,0.3.0,empirical_qrf,0.3542575686840393,0.0,0.805714285714287,,4935908734271347323,2026-01-08 19:03:33.460826
2026-01-08,24656,PIT,NJ,30005066,Raivis Ansons,points,rf_qrf_points,0.3.0,empirical_qrf,0.00820765247857426,0.0064212805612835246,0.009962049460168442,,4935908734271347323,2026-01-08 19:03:33.460826
2026-01-08,24656,PIT,NJ,30005197,Taylor Gauthier,points,rf_qrf_points,0.3.0,empirical_qrf,0.00820765247857426,0.0064212805612835246,0.009962049460168442,,4935908734271347323,2026-01-08 19:03:33.460826
2026-01-08,24656,PIT,NJ,30005267,William Dufour,points,rf_qrf_points,0.3.0,empirical_qrf,0.0,0.0,0.0,,4935908734271347323,2026-01-08 19:03:33.460826
2026-01-08,24656,PIT,NJ,30005330,Callahan Burke,points,rf_qrf_points,0.3.0,empirical_qrf,0.00820765247857426,0.0064212805612835246,0.009962049460168442,,4935908734271347323,2026-01-08 19:03:33.460826
2026-01-08,24656,PIT,NJ,30005403,Jack St. Ivany,points,rf_qrf_points,0.3.0,empirical_qrf,0.011215549283234972,0.0,0.02610983981693364,,4935908734271347323,2026-01-08 19:03:33.460826
2026-01-08,24656,PIT,NJ,30005511,Aidan McDonough,points,rf_qrf_points,0.3.0,empirical_qrf,0.024770822503674423,0.006622516556291391,0.0448789974070873,,4935908734271347323,2026-01-08 19:03:33.460826
2026-01-08,24656,PIT,NJ,30005623,Rutger McGroarty,points,rf_qrf_points,0.3.0,empirical_qrf,0.0,0.0,0.0,,4935908734271347323,2026-01-08 19:03:33.460826
2026-01-08,24656,PIT,NJ,30005635,Owen Pickering,points,rf_qrf_points,0.3.0,empirical_qrf,0.05257058420770203,0.013888888888888888,0.09280748022057062,,4935908734271347323,2026-01-08 19:03:33.460826
2026-01-08,24656,PIT,NJ,30005966,Avery Hayes,points,rf_qrf_points,0.3.0,empirical_qrf,0.004861111111111111,0.0,0.0,,4935908734271347323,2026-01-08 19:03:33.460826
2026-01-08,24656,PIT,NJ,30006137,Emil Pieniniemi,points,rf_qrf_points,0.3.0,empirical_qrf,0.0008333333333333334,0.0,0.0,,4935908734271347323,2026-01-08 19:03:33.460826
2026-01-08,24656,PIT,NJ,30006354,Jaxon Castor,points,rf_qrf_points,0.3.0,empirical_qrf,0.00820765247857426,0.0064212805612835246,0.009962049460168442,,4935908734271347323,2026-01-08 19:03:33.460826
2026-01-08,24656,PIT,NJ,30006363,Finn Harding,points,rf_qrf_points,0.3.0,empirical_qrf,0.00820765247857426,0.0064212805612835246,0.009962049460168442,,4935908734271347323,2026-01-08 19:03:33.460826
2026-01-08,24656,PIT,NJ,30006867,Benjamin Kindel,points,rf_qrf_points,0.3.0,empirical_qrf,0.0020833333333333333,0.0,0.0,,4935908734271347323,2026-01-08 19:03:33.460826
2026-01-08,24657,BUF,NYR,30000523,Jason Zucker,points,rf_qrf_points,0.3.0,empirical_qrf,0.3542575686840393,0.0,0.805714285714287,,4935908734271347323,2026-01-08 19:03:33.460826
2026-01-08,24657,BUF,NYR,30002577,Alex Tuch,points,rf_qrf_points,0.3.0,empirical_qrf,0.5598287037037036,0.0,1.2,,4935908734271347323,2026-01-08 19:03:33.460826
2026-01-08,24657,BUF,NYR,30002762,Mason Geertsen,points,rf_qrf_points,0.3.0,empirical_qrf,0.006035471884442526,0.0,0.011940298507462687,,4935908734271347323,2026-01-08 19:03:33.460826
2026-01-08,24657,BUF,NYR,30002774,Jordan Greenway,points,rf_qrf_points,0.3.0,empirical_qrf,0.00820765247857426,0.0064212805612835246,0.009962049460168442,,4935908734271347323,2026-01-08 19:03:33.460826
2026-01-08,24657,BUF,NYR,30002797,Brendan Warren,points,rf_qrf_points,0.3.0,empirical_qrf,0.01707979706231287,0.00835782703412981,0.028131393498522395,,4935908734271347323,2026-01-08 19:03:33.460826
2026-01-08,24657,BUF,NYR,30003074,Alex Lyon,points,rf_qrf_points,0.3.0,empirical_qrf,0.00820765247857426,0.0064212805612835246,0.009962049460168442,,4935908734271347323,2026-01-08 19:03:33.460826
2026-01-08,24657,BUF,NYR,30003158,Tage Thompson,points,rf_qrf_points,0.3.0,empirical_qrf,0.00375,0.0,0.0,,4935908734271347323,2026-01-08 19:03:33.460826
2026-01-08,24657,BUF,NYR,30003221,Beck Malenstyn,points,rf_qrf_points,0.3.0,empirical_qrf,0.12248670089047038,0.0,0.23529411764705882,,4935908734271347323,2026-01-08 19:03:33.460826
2026-01-08,24657,BUF,NYR,30003665,Josh Norris,points,rf_qrf_points,0.3.0,empirical_qrf,0.011944444444444443,0.0,0.0,,4935908734271347323,2026-01-08 19:03:33.460826
2026-01-08,24657,BUF,NYR,30003670,Conor Timmins,points,rf_qrf_points,0.3.0,empirical_qrf,0.0400592408091851,0.0,0.09090909090909091,,4935908734271347323,2026-01-08 19:03:33.460826
2026-01-08,24657,BUF,NYR,30003673,Ukko-Pekka Luukkonen,points,rf_qrf_points,0.3.0,empirical_qrf,0.00820765247857426,0.0064212805612835246,0.009962049460168442,,4935908734271347323,2026-01-08 19:03:33.460826
2026-01-08,24657,BUF,NYR,30003699,Jake Leschyshyn,points,rf_qrf_points,0.3.0,empirical_qrf,0.00949430804398776,0.0,0.018957345971563982,,4935908734271347323,2026-01-08 19:03:33.460826
2026-01-08,24657,BUF,NYR,30003750,Rasmus Dahlin,points,rf_qrf_points,0.3.0,empirical_qrf,0.07083928571428572,0.0,0.0,,4935908734271347323,2026-01-08 19:03:33.460826
2026-01-08,24657,BUF,NYR,30004105,Mattias Samuelsson,points,rf_qrf_points,0.3.0,empirical_qrf,0.0,0.0,0.0,,4935908734271347323,2026-01-08 19:03:33.460826
2026-01-08,24657,BUF,NYR,30004117,Ryan McLeod,points,rf_qrf_points,0.3.0,empirical_qrf,0.0037222222222222223,0.0,0.0,,4935908734271347323,2026-01-08 19:03:33.460826
2026-01-08,24657,BUF,NYR,30004373,Michael Kesselring,points,rf_qrf_points,0.3.0,empirical_qrf,0.05859457671957672,0.0,0.25,,4935908734271347323,2026-01-08 19:03:33.460826
2026-01-08,24657,BUF,NYR,30004380,Jack Rathbone,points,rf_qrf_points,0.3.0,empirical_qrf,0.0,0.0,0.0,,4935908734271347323,2026-01-08 19:03:33.460826
2026-01-08,24657,BUF,NYR,30004431,Jacob Bryson,points,rf_qrf_points,0.3.0,empirical_qrf,0.05257058420770203,0.013888888888888888,0.09280748022057062,,4935908734271347323,2026-01-08 19:03:33.460826
2026-01-08,24657,BUF,NYR,30004474,Bowen Byram,points,rf_qrf_points,0.3.0,empirical_qrf,0.0014047619047619047,0.0,0.0,,4935908734271347323,2026-01-08 19:03:33.460826
2026-01-08,24657,BUF,NYR,30004502,Peyton Krebs,points,rf_qrf_points,0.3.0,empirical_qrf,0.012275002775002774,0.0,0.0,,4935908734271347323,2026-01-08 19:03:33.460826
2026-01-08,24657,BUF,NYR,30004554,Zac Jones,points,rf_qrf_points,0.3.0,empirical_qrf,0.0400592408091851,0.0,0.09090909090909091,,4935908734271347323,2026-01-08 19:03:33.460826
2026-01-08,24657,BUF,NYR,30004577,Colten Ellis,points,rf_qrf_points,0.3.0,empirical_qrf,0.00820765247857426,0.0064212805612835246,0.009962049460168442,,4935908734271347323,2026-01-08 19:03:33.460826
2026-01-08,24657,BUF,NYR,30004670,Peter Tischke,points,rf_qrf_points,0.3.0,empirical_qrf,0.00820765247857426,0.0064212805612835246,0.009962049460168442,,4935908734271347323,2026-01-08 19:03:33.460826
2026-01-08,24657,BUF,NYR,30004815,Jack Quinn,points,rf_qrf_points,0.3.0,empirical_qrf,0.010499999999999999,0.0,0.0,,4935908734271347323,2026-01-08 19:03:33.460826
2026-01-08,24657,BUF,NYR,30004854,Trevor Kuntar,points,rf_qrf_points,0.3.0,empirical_qrf,0.0,0.0,0.0,,4935908734271347323,2026-01-08 19:03:33.460826
2026-01-08,24657,BUF,NYR,30004923,Josh Dunne,points,rf_qrf_points,0.3.0,empirical_qrf,0.01707979706231287,0.00835782703412981,0.028131393498522395,,4935908734271347323,2026-01-08 19:03:33.460826
2026-01-08,24657,BUF,NYR,30004948,Carson Meyer,points,rf_qrf_points,0.3.0,empirical_qrf,0.01707979706231287,0.00835782703412981,0.028131393498522395,,4935908734271347323,2026-01-08 19:03:33.460826
2026-01-08,24657,BUF,NYR,30004956,Justin Danforth,points,rf_qrf_points,0.3.0,empirical_qrf,0.0,0.0,0.0,,4935908734271347323,2026-01-08 19:03:33.460826
2026-01-08,24657,BUF,NYR,30004980,Owen Power,points,rf_qrf_points,0.3.0,empirical_qrf,0.0,0.0,0.0,,4935908734271347323,2026-01-08 19:03:33.460826
2026-01-08,24657,BUF,NYR,30004981,Devon Levi,points,rf_qrf_points,0.3.0,empirical_qrf,0.00820765247857426,0.0064212805612835246,0.009962049460168442,,4935908734271347323,2026-01-08 19:03:33.460826
2026-01-08,24657,BUF,NYR,30004982,Isak Rosen,points,rf_qrf_points,0.3.0,empirical_qrf,0.02779678419418945,0.0,0.06681818181818185,,4935908734271347323,2026-01-08 19:03:33.460826
2026-01-08,24657,BUF,NYR,30005017,Josh Doan,points,rf_qrf_points,0.3.0,empirical_qrf,0.20791161616161616,0.0,0.5,,4935908734271347323,2026-01-08 19:03:33.460826
2026-01-08,24657,BUF,NYR,30005067,Isaac Belliveau,points,rf_qrf_points,0.3.0,empirical_qrf,0.00820765247857426,0.0064212805612835246,0.009962049460168442,,4935908734271347323,2026-01-08 19:03:33.460826
2026-01-08,24657,BUF,NYR,30005147,Tyson Kozak,points,rf_qrf_points,0.3.0,empirical_qrf,0.0,0.0,0.0,,4935908734271347323,2026-01-08 19:03:33.460826
2026-01-08,24657,BUF,NYR,30005151,Olivier Nadeau,points,rf_qrf_points,0.3.0,empirical_qrf,0.0004507936507936508,0.0,0.0,,4935908734271347323,2026-01-08 19:03:33.460826
2026-01-08,24657,BUF,NYR,30005441,Ryan Johnson,points,rf_qrf_points,0.3.0,empirical_qrf,0.05257058420770203,0.013888888888888888,0.09280748022057062,,4935908734271347323,2026-01-08 19:03:33.460826
2026-01-08,24657,BUF,NYR,30005445,Nikita Novikov,points,rf_qrf_points,0.3.0,empirical_qrf,0.12429365079365079,0.0,0.5,,4935908734271347323,2026-01-08 19:03:33.460826
2026-01-08,24657,BUF,NYR,30005634,Noah Ostlund,points,rf_qrf_points,0.3.0,empirical_qrf,0.0,0.0,0.0,,4935908734271347323,2026-01-08 19:03:33.460826
2026-01-08,24657,BUF,NYR,30005644,Jiri Kulich,points,rf_qrf_points,0.3.0,empirical_qrf,0.03592063492063492,0.0,0.0,,4935908734271347323,2026-01-08 19:03:33.460826
2026-01-08,24657,BUF,NYR,30005685,Viktor Neuchev,points,rf_qrf_points,0.3.0,empirical_qrf,0.002490740740740741,0.0,0.0,,4935908734271347323,2026-01-08 19:03:33.460826
2026-01-08,24657,BUF,NYR,30005730,Vsevolod Komarov,points,rf_qrf_points,0.3.0,empirical_qrf,0.0,0.0,0.0,,4935908734271347323,2026-01-08 19:03:33.460826
2026-01-08,24657,BUF,NYR,30005764,Noah Laaouan,points,rf_qrf_points,0.3.0,empirical_qrf,0.06729495790781582,0.022173913043478263,0.11641586867305065,,4935908734271347323,2026-01-08 19:03:33.460826
2026-01-08,24657,BUF,NYR,30005767,Graham Slaggert,points,rf_qrf_points,0.3.0,empirical_qrf,0.056261904761904756,0.0,0.29047619047619155,,4935908734271347323,2026-01-08 19:03:33.460826
2026-01-08,24657,BUF,NYR,30005793,Riley Fiddler-Schultz,points,rf_qrf_points,0.3.0,empirical_qrf,0.17506665700029003,0.07299651567944251,0.2894736842105263,,4935908734271347323,2026-01-08 19:03:33.460826
2026-01-08,24657,BUF,NYR,30006028,Jagger Joshua,points,rf_qrf_points,0.3.0,empirical_qrf,0.0,0.0,0.0,,4935908734271347323,2026-01-08 19:03:33.460826
2026-01-08,24657,BUF,NYR,30006039,Aidan Fulp,points,rf_qrf_points,0.3.0,empirical_qrf,0.00820765247857426,0.0064212805612835246,0.009962049460168442,,4935908734271347323,2026-01-08 19:03:33.460826
2026-01-08,24657,BUF,NYR,30006070,Zach Benson,points,rf_qrf_points,0.3.0,empirical_qrf,0.0,0.0,0.0,,4935908734271347323,2026-01-08 19:03:33.460826
2026-01-08,24657,BUF,NYR,30006092,Anton Wahlberg,points,rf_qrf_points,0.3.0,empirical_qrf,0.05257058420770203,0.013888888888888888,0.09280748022057062,,4935908734271347323,2026-01-08 19:03:33.460826
2026-01-08,24657,BUF,NYR,30006340,Zach Metsa,points,rf_qrf_points,0.3.0,empirical_qrf,0.005145474351356705,0.0,0.0,,4935908734271347323,2026-01-08 19:03:33.460826
2026-01-08,24657,BUF,NYR,30006341,Christopher Brown,points,rf_qrf_points,0.3.0,empirical_qrf,0.00820765247857426,0.0064212805612835246,0.009962049460168442,,4935908734271347323,2026-01-08 19:03:33.460826
2026-01-08,24657,BUF,NYR,30006342,Dominick Mersch,points,rf_qrf_points,0.3.0,empirical_qrf,0.00820765247857426,0.0064212805612835246,0.009962049460168442,,4935908734271347323,2026-01-08 19:03:33.460826
2026-01-08,24657,NYR,BUF,30000123,Jonathan Quick,points,rf_qrf_points,0.3.0,empirical_qrf,0.00820765247857426,0.0064212805612835246,0.009962049460168442,,4935908734271347323,2026-01-08 19:03:33.460826
2026-01-08,24657,NYR,BUF,30000226,Vincent Trocheck,points,rf_qrf_points,0.3.0,empirical_qrf,0.009408730158730158,0.0,0.0,,4935908734271347323,2026-01-08 19:03:33.460826
2026-01-08,24657,NYR,BUF,30000410,Conor Sheary,points,rf_qrf_points,0.3.0,empirical_qrf,0.20791161616161616,0.0,0.5,,4935908734271347323,2026-01-08 19:03:33.460826
2026-01-08,24657,NYR,BUF,30000467,Mika Zibanejad,points,rf_qrf_points,0.3.0,empirical_qrf,0.009388888888888888,0.0,0.0,,4935908734271347323,2026-01-08 19:03:33.460826
2026-01-08,24657,NYR,BUF,30000489,Sam Carrick,points,rf_qrf_points,0.3.0,empirical_qrf,0.12248670089047038,0.0,0.23529411764705882,,4935908734271347323,2026-01-08 19:03:33.460826
2026-01-08,24657,NYR,BUF,30000617,J.T. Miller,points,rf_qrf_points,0.3.0,empirical_qrf,0.07570634920634921,0.0,0.0,,4935908734271347323,2026-01-08 19:03:33.460826
2026-01-08,24657,NYR,BUF,30001322,Artemi Panarin,points,rf_qrf_points,0.3.0,empirical_qrf,0.0005555555555555556,0.0,0.0,,4935908734271347323,2026-01-08 19:03:33.460826
2026-01-08,24657,NYR,BUF,30002524,Spencer Martin,points,rf_qrf_points,0.3.0,empirical_qrf,0.00820765247857426,0.0064212805612835246,0.009962049460168442,,4935908734271347323,2026-01-08 19:03:33.460826
2026-01-08,24657,NYR,BUF,30002967,Jonny Brodzinski,points,rf_qrf_points,0.3.0,empirical_qrf,0.0,0.0,0.0,,4935908734271347323,2026-01-08 19:03:33.460826
2026-01-08,24657,NYR,BUF,30002999,Igor Shesterkin,points,rf_qrf_points,0.3.0,empirical_qrf,0.00820765247857426,0.0064212805612835246,0.009962049460168442,,4935908734271347323,2026-01-08 19:03:33.460826
2026-01-08,24657,NYR,BUF,30003170,Taylor Raddysh,points,rf_qrf_points,0.3.0,empirical_qrf,0.01707979706231287,0.00835782703412981,0.028131393498522395,,4935908734271347323,2026-01-08 19:03:33.460826
2026-01-08,24657,NYR,BUF,30003194,Adam Fox,points,rf_qrf_points,0.3.0,empirical_qrf,0.0,0.0,0.0,,4935908734271347323,2026-01-08 19:03:33.460826
2026-01-08,24657,NYR,BUF,30003202,Casey Fitzgerald,points,rf_qrf_points,0.3.0,empirical_qrf,0.011215549283234972,0.0,0.02610983981693364,,4935908734271347323,2026-01-08 19:03:33.460826
2026-01-08,24657,NYR,BUF,30003583,Carson Soucy,points,rf_qrf_points,0.3.0,empirical_qrf,0.0400592408091851,0.0,0.09090909090909091,,4935908734271347323,2026-01-08 19:03:33.460826
2026-01-08,24657,NYR,BUF,30003649,Urho Vaakanainen,points,rf_qrf_points,0.3.0,empirical_qrf,0.011215549283234972,0.0,0.02610983981693364,,4935908734271347323,2026-01-08 19:03:33.460826
2026-01-08,24657,NYR,BUF,30003743,Will Borgen,points,rf_qrf_points,0.3.0,empirical_qrf,0.0,0.0,0.0,,4935908734271347323,2026-01-08 19:03:33.460826
2026-01-08,24657,NYR,BUF,30003952,Blake Hillman,points,rf_qrf_points,0.3.0,empirical_qrf,0.00820765247857426,0.0064212805612835246,0.009962049460168442,,4935908734271347323,2026-01-08 19:03:33.460826
2026-01-08,24657,NYR,BUF,30004430,Vladislav Gavrikov,points,rf_qrf_points,0.3.0,empirical_qrf,0.0,0.0,0.0,,4935908734271347323,2026-01-08 19:03:33.460826
2026-01-08,24657,NYR,BUF,30004504,Matthew Robertson,points,rf_qrf_points,0.3.0,empirical_qrf,0.024770822503674423,0.006622516556291391,0.0448789974070873,,4935908734271347323,2026-01-08 19:03:33.460826
2026-01-08,24657,NYR,BUF,30004749,Connor Mackey,points,rf_qrf_points,0.3.0,empirical_qrf,0.0,0.0,0.0,,4935908734271347323,2026-01-08 19:03:33.460826
2026-01-08,24657,NYR,BUF,30004797,Brendan Brisson,points,rf_qrf_points,0.3.0,empirical_qrf,0.0,0.0,0.0,,4935908734271347323,2026-01-08 19:03:33.460826
2026-01-08,24657,NYR,BUF,30004807,Alexis Lafrenière,points,rf_qrf_points,0.3.0,empirical_qrf,0.02779678419418945,0.0,0.06681818181818185,,4935908734271347323,2026-01-08 19:03:33.460826
2026-01-08,24657,NYR,BUF,30004820,Braden Schneider,points,rf_qrf_points,0.3.0,empirical_qrf,0.011215549283234972,0.0,0.02610983981693364,,4935908734271347323,2026-01-08 19:03:33.460826
2026-01-08,24657,NYR,BUF,30004832,Will Cuylle,points,rf_qrf_points,0.3.0,empirical_qrf,0.011301587301587302,0.0,0.0,,4935908734271347323,2026-01-08 19:03:33.460826
2026-01-08,24657,NYR,BUF,30004887,Brett Berard,points,rf_qrf_points,0.3.0,empirical_qrf,0.0,0.0,0.0,,4935908734271347323,2026-01-08 19:03:33.460826
2026-01-08,24657,NYR,BUF,30004896,Dylan Garand,points,rf_qrf_points,0.3.0,empirical_qrf,0.00820765247857426,0.0064212805612835246,0.009962049460168442,,4935908734271347323,2026-01-08 19:03:33.460826
2026-01-08,24657,NYR,BUF,30004968,Juuso Parssinen,points,rf_qrf_points,0.3.0,empirical_qrf,0.00015151515151515152,0.0,0.0,,4935908734271347323,2026-01-08 19:03:33.460826
2026-01-08,24657,NYR,BUF,30004987,Brennan Othmann,points,rf_qrf_points,0.3.0,empirical_qrf,0.12248670089047038,0.0,0.23529411764705882,,4935908734271347323,2026-01-08 19:03:33.460826
2026-01-08,24657,NYR,BUF,30005014,Scott Morrow,points,rf_qrf_points,0.3.0,empirical_qrf,0.0,0.0,0.0,,4935908734271347323,2026-01-08 19:03:33.460826
2026-01-08,24657,NYR,BUF,30005069,Christopher Merisier-Ortiz,points,rf_qrf_points,0.3.0,empirical_qrf,0.00820765247857426,0.0064212805612835246,0.009962049460168442,,4935908734271347323,2026-01-08 19:03:33.460826
2026-01-08,24657,NYR,BUF,30005183,Matt Rempe,points,rf_qrf_points,0.3.0,empirical_qrf,0.0,0.0,0.0,,4935908734271347323,2026-01-08 19:03:33.460826
2026-01-08,24657,NYR,BUF,30005223,Kyle Jackson,points,rf_qrf_points,0.3.0,empirical_qrf,0.00820765247857426,0.0064212805612835246,0.009962049460168442,,4935908734271347323,2026-01-08 19:03:33.460826
2026-01-08,24657,NYR,BUF,30005252,Adam Edstrom,points,rf_qrf_points,0.3.0,empirical_qrf,0.0,0.0,0.0,,4935908734271347323,2026-01-08 19:03:33.460826
2026-01-08,24657,NYR,BUF,30005563,Brandon Scanlin,points,rf_qrf_points,0.3.0,empirical_qrf,0.06729495790781582,0.022173913043478263,0.11641586867305065,,4935908734271347323,2026-01-08 19:03:33.460826
2026-01-08,24657,NYR,BUF,30005662,Adam Sykora,points,rf_qrf_points,0.3.0,empirical_qrf,0.01707979706231287,0.00835782703412981,0.028131393498522395,,4935908734271347323,2026-01-08 19:03:33.460826
2026-01-08,24657,NYR,BUF,30005686,Bryce McConnell-Barker,points,rf_qrf_points,0.3.0,empirical_qrf,0.012378840174405692,0.0,0.0294556628621598,,4935908734271347323,2026-01-08 19:03:33.460826
2026-01-08,24657,NYR,BUF,30005883,Noah Laba,points,rf_qrf_points,0.3.0,empirical_qrf,0.010805555555555554,0.0,0.0,,4935908734271347323,2026-01-08 19:03:33.460826
2026-01-08,24657,NYR,BUF,30006074,Gabe Perreault,points,rf_qrf_points,0.3.0,empirical_qrf,0.23390350504901591,0.0,0.5714285714285714,,4935908734271347323,2026-01-08 19:03:33.460826
2026-01-08,24657,NYR,BUF,30006118,Carey Terrance,points,rf_qrf_points,0.3.0,empirical_qrf,0.00949430804398776,0.0,0.018957345971563982,,4935908734271347323,2026-01-08 19:03:33.460826
2026-01-08,24657,NYR,BUF,30006174,Dylan Roobroeck,points,rf_qrf_points,0.3.0,empirical_qrf,0.0,0.0,0.0,,4935908734271347323,2026-01-08 19:03:33.460826
2026-01-08,24657,NYR,BUF,30006331,Brett Budgell,points,rf_qrf_points,0.3.0,empirical_qrf,0.00820765247857426,0.0064212805612835246,0.009962049460168442,,4935908734271347323,2026-01-08 19:03:33.460826
2026-01-08,24658,FLA,MON,30000074,Brad Marchand,points,rf_qrf_points,0.3.0,empirical_qrf,0.009297619047619048,0.0,0.0,,4935908734271347323,2026-01-08 19:03:33.460826
2026-01-08,24658,FLA,MON,30000201,Keith Kinkaid,points,rf_qrf_points,0.3.0,empirical_qrf,0.00820765247857426,0.0064212805612835246,0.009962049460168442,,4935908734271347323,2026-01-08 19:03:33.460826
2026-01-08,24658,FLA,MON,30000228,Aleksander Barkov,points,rf_qrf_points,0.3.0,empirical_qrf,0.0,0.0,0.0,,4935908734271347323,2026-01-08 19:03:33.460826
2026-01-08,24658,FLA,MON,30000232,Dmitry Kulikov,points,rf_qrf_points,0.3.0,empirical_qrf,0.01707979706231287,0.00835782703412981,0.028131393498522395,,4935908734271347323,2026-01-08 19:03:33.460826
2026-01-08,24658,FLA,MON,30000239,Aaron Ekblad,points,rf_qrf_points,0.3.0,empirical_qrf,0.011302686982604932,0.0,0.024600283343452743,,4935908734271347323,2026-01-08 19:03:33.460826
2026-01-08,24658,FLA,MON,30000253,Seth Jones,points,rf_qrf_points,0.3.0,empirical_qrf,0.0,0.0,0.0,,4935908734271347323,2026-01-08 19:03:33.460826
2026-01-08,24658,FLA,MON,30000559,Sam Bennett,points,rf_qrf_points,0.3.0,empirical_qrf,0.011142857142857144,0.0,0.0,,4935908734271347323,2026-01-08 19:03:33.460826
2026-01-08,24658,FLA,MON,30000667,Sergei Bobrovsky,points,rf_qrf_points,0.3.0,empirical_qrf,0.00820765247857426,0.0064212805612835246,0.009962049460168442,,4935908734271347323,2026-01-08 19:03:33.460826
2026-01-08,24658,FLA,MON,30000723,Jeff Petry,points,rf_qrf_points,0.3.0,empirical_qrf,0.0023611111111111107,0.0,0.0,,4935908734271347323,2026-01-08 19:03:33.460826
2026-01-08,24658,FLA,MON,30000934,Louis Domingue,points,rf_qrf_points,0.3.0,empirical_qrf,0.00820765247857426,0.0064212805612835246,0.009962049460168442,,4935908734271347323,2026-01-08 19:03:33.460826
2026-01-08,24658,FLA,MON,30000980,Sam Reinhart,points,rf_qrf_points,0.3.0,empirical_qrf,0.19134126984126984,0.0,0.6,,4935908734271347323,2026-01-08 19:03:33.460826
2026-01-08,24658,FLA,MON,30000981,Evan Rodrigues,points,rf_qrf_points,0.3.0,empirical_qrf,0.024868386243386244,0.0,0.0,,4935908734271347323,2026-01-08 19:03:33.460826
2026-01-08,24658,FLA,MON,30001035,Tomás Nosek,points,rf_qrf_points,0.3.0,empirical_qrf,0.00820765247857426,0.0064212805612835246,0.009962049460168442,,4935908734271347323,2026-01-08 19:03:33.460826
2026-01-08,24658,FLA,MON,30001159,Carter Verhaeghe,points,rf_qrf_points,0.3.0,empirical_qrf,0.03391666666666667,0.0,0.0,,4935908734271347323,2026-01-08 19:03:33.460826
2026-01-08,24658,FLA,MON,30001387,Niko Mikkola,points,rf_qrf_points,0.3.0,empirical_qrf,0.011302686982604932,0.0,0.024600283343452743,,4935908734271347323,2026-01-08 19:03:33.460826
2026-01-08,24658,FLA,MON,30001448,Daniil Tarasov,points,rf_qrf_points,0.3.0,empirical_qrf,0.00820765247857426,0.0064212805612835246,0.009962049460168442,,4935908734271347323,2026-01-08 19:03:33.460826
2026-01-08,24658,FLA,MON,30002069,Nathan Smith,points,rf_qrf_points,0.3.0,empirical_qrf,0.0,0.0,0.0,,4935908734271347323,2026-01-08 19:03:33.460826
2026-01-08,24658,FLA,MON,30002758,Gustav Forsling,points,rf_qrf_points,0.3.0,empirical_qrf,0.0,0.0,0.0,,4935908734271347323,2026-01-08 19:03:33.460826
2026-01-08,24658,FLA,MON,30002796,Mitchell Vande Sompel,points,rf_qrf_points,0.3.0,empirical_qrf,0.06582355621921528,0.0,0.14357142857142874,,4935908734271347323,2026-01-08 19:03:33.460826
2026-01-08,24658,FLA,MON,30002839,A.J. Greer,points,rf_qrf_points,0.3.0,empirical_qrf,0.034343220419629665,0.0,0.07042253521126761,,4935908734271347323,2026-01-08 19:03:33.460826
2026-01-08,24658,FLA,MON,30003077,Tyler Motte,points,rf_qrf_points,0.3.0,empirical_qrf,7.936507936507937e-05,0.0,0.0,,4935908734271347323,2026-01-08 19:03:33.460826
2026-01-08,24658,FLA,MON,30003134,Matthew Tkachuk,points,rf_qrf_points,0.3.0,empirical_qrf,0.0005555555555555556,0.0,0.0,,4935908734271347323,2026-01-08 19:03:33.460826
2026-01-08,24658,FLA,MON,30003150,Luke Kunin,points,rf_qrf_points,0.3.0,empirical_qrf,0.00949430804398776,0.0,0.018957345971563982,,4935908734271347323,2026-01-08 19:03:33.460826
2026-01-08,24658,FLA,MON,30003322,Noah Gregor,points,rf_qrf_points,0.3.0,empirical_qrf,0.00125,0.0,0.0,,4935908734271347323,2026-01-08 19:03:33.460826
2026-01-08,24658,FLA,MON,30003468,Evan Cormier,points,rf_qrf_points,0.3.0,empirical_qrf,0.00820765247857426,0.0064212805612835246,0.009962049460168442,,4935908734271347323,2026-01-08 19:03:33.460826
2026-01-08,24658,FLA,MON,30003671,Jack Studnicka,points,rf_qrf_points,0.3.0,empirical_qrf,0.0008333333333333334,0.0,0.0,,4935908734271347323,2026-01-08 19:03:33.460826
2026-01-08,24658,FLA,MON,30003681,Eetu Luostarinen,points,rf_qrf_points,0.3.0,empirical_qrf,0.003928571428571429,0.0,0.0,,4935908734271347323,2026-01-08 19:03:33.460826
2026-01-08,24658,FLA,MON,30003683,Jesper Boqvist,points,rf_qrf_points,0.3.0,empirical_qrf,0.0,0.0,0.0,,4935908734271347323,2026-01-08 19:03:33.460826
2026-01-08,24658,FLA,MON,30003694,Jonah Gadjovich,points,rf_qrf_points,0.3.0,empirical_qrf,0.034343220419629665,0.0,0.07042253521126761,,4935908734271347323,2026-01-08 19:03:33.460826
2026-01-08,24658,FLA,MON,30004088,Jay O'Brien,points,rf_qrf_points,0.3.0,empirical_qrf,0.00820765247857426,0.0064212805612835246,0.009962049460168442,,4935908734271347323,2026-01-08 19:03:33.460826
2026-01-08,24658,FLA,MON,30004497,Tobias Bjornfot,points,rf_qrf_points,0.3.0,empirical_qrf,0.034343220419629665,0.0,0.07042253521126761,,4935908734271347323,2026-01-08 19:03:33.460826
2026-01-08,24658,FLA,MON,30004517,Robert Mastrosimone,points,rf_qrf_points,0.3.0,empirical_qrf,0.0,0.0,0.0,,4935908734271347323,2026-01-08 19:03:33.460826
2026-01-08,24658,FLA,MON,30004574,Cole Schwindt,points,rf_qrf_points,0.3.0,empirical_qrf,0.0,0.0,0.0,,4935908734271347323,2026-01-08 19:03:33.460826
2026-01-08,24658,FLA,MON,30004809,Anton Lundell,points,rf_qrf_points,0.3.0,empirical_qrf,0.0,0.0,0.0,,4935908734271347323,2026-01-08 19:03:33.460826
2026-01-08,24658,FLA,MON,30004873,Donovan Sebrango,points,rf_qrf_points,0.3.0,empirical_qrf,0.05257058420770203,0.013888888888888888,0.09280748022057062,,4935908734271347323,2026-01-08 19:03:33.460826
2026-01-08,24658,FLA,MON,30004886,Michael Benning,points,rf_qrf_points,0.3.0,empirical_qrf,0.009777777777777776,0.0,0.0,,4935908734271347323,2026-01-08 19:03:33.460826
2026-01-08,24658,FLA,MON,30005000,Mackie Samoskevich,points,rf_qrf_points,0.3.0,empirical_qrf,0.010499999999999999,0.0,0.0,,4935908734271347323,2026-01-08 19:03:33.460826
2026-01-08,24658,FLA,MON,30005025,Evan Nause,points,rf_qrf_points,0.3.0,empirical_qrf,0.0,0.0,0.0,,4935908734271347323,2026-01-08 19:03:33.460826
2026-01-08,24658,FLA,MON,30005215,Cole Krygier,points,rf_qrf_points,0.3.0,empirical_qrf,0.00820765247857426,0.0064212805612835246,0.009962049460168442,,4935908734271347323,2026-01-08 19:03:33.460826
2026-01-08,24658,FLA,MON,30005556,Mack Guzda,points,rf_qrf_points,0.3.0,empirical_qrf,0.00820765247857426,0.0064212805612835246,0.009962049460168442,,4935908734271347323,2026-01-08 19:03:33.460826
2026-01-08,24658,FLA,MON,30005598,Mitchell Russell,points,rf_qrf_points,0.3.0,empirical_qrf,0.00820765247857426,0.0064212805612835246,0.009962049460168442,,4935908734271347323,2026-01-08 19:03:33.460826
2026-01-08,24658,FLA,MON,30005723,Marek Alscher,points,rf_qrf_points,0.3.0,empirical_qrf,0.04497481988322872,0.0,0.08695652173913043,,4935908734271347323,2026-01-08 19:03:33.460826
2026-01-08,24658,FLA,MON,30005848,Josh Davies,points,rf_qrf_points,0.3.0,empirical_qrf,0.006035471884442526,0.0,0.011940298507462687,,4935908734271347323,2026-01-08 19:03:33.460826
2026-01-08,24658,FLA,MON,30005849,Kai Schwindt,points,rf_qrf_points,0.3.0,empirical_qrf,0.011302686982604932,0.0,0.024600283343452743,,4935908734271347323,2026-01-08 19:03:33.460826
2026-01-08,24658,FLA,MON,30005850,Sandis Vilmanis,points,rf_qrf_points,0.3.0,empirical_qrf,0.0010833333333333333,0.0,0.0,,4935908734271347323,2026-01-08 19:03:33.460826
2026-01-08,24658,FLA,MON,30006034,Jake Livingstone,points,rf_qrf_points,0.3.0,empirical_qrf,0.011215549283234972,0.0,0.02610983981693364,,4935908734271347323,2026-01-08 19:03:33.460826
2026-01-08,24658,FLA,MON,30006040,Ryan McAllister,points,rf_qrf_points,0.3.0,empirical_qrf,0.004861111111111111,0.0,0.0,,4935908734271347323,2026-01-08 19:03:33.460826
2026-01-08,24658,FLA,MON,30006048,Uvis Balinskis,points,rf_qrf_points,0.3.0,empirical_qrf,0.0,0.0,0.0,,4935908734271347323,2026-01-08 19:03:33.460826
2026-01-08,24658,FLA,MON,30006097,Gracyn Sawchyn,points,rf_qrf_points,0.3.0,empirical_qrf,0.011302686982604932,0.0,0.024600283343452743,,4935908734271347323,2026-01-08 19:03:33.460826
2026-01-08,24658,FLA,MON,30006326,Michael Simpson,points,rf_qrf_points,0.3.0,empirical_qrf,0.00820765247857426,0.0064212805612835246,0.009962049460168442,,4935908734271347323,2026-01-08 19:03:33.460826
2026-01-08,24658,FLA,MON,30006394,Graham McPhee,points,rf_qrf_points,0.3.0,empirical_qrf,0.0022078725340219595,0.0,0.0,,4935908734271347323,2026-01-08 19:03:33.460826
2026-01-08,24658,MON,FLA,30000015,Brendan Gallagher,points,rf_qrf_points,0.3.0,empirical_qrf,0.017737157178333646,0.0,0.0,,4935908734271347323,2026-01-08 19:03:33.460826
2026-01-08,24658,MON,FLA,30000227,Mike Matheson,points,rf_qrf_points,0.3.0,empirical_qrf,0.0014047619047619047,0.0,0.0,,4935908734271347323,2026-01-08 19:03:33.460826
2026-01-08,24658,MON,FLA,30000555,Tyler Wotherspoon,points,rf_qrf_points,0.3.0,empirical_qrf,0.00820765247857426,0.0064212805612835246,0.009962049460168442,,4935908734271347323,2026-01-08 19:03:33.460826
2026-01-08,24658,MON,FLA,30000670,Sammy Blais,points,rf_qrf_points,0.3.0,empirical_qrf,0.011302686982604932,0.0,0.024600283343452743,,4935908734271347323,2026-01-08 19:03:33.460826
2026-01-08,24658,MON,FLA,30001395,Laurent Dauphin,points,rf_qrf_points,0.3.0,empirical_qrf,0.012378840174405692,0.0,0.0294556628621598,,4935908734271347323,2026-01-08 19:03:33.460826
2026-01-08,24658,MON,FLA,30001424,Phillip Danault,points,rf_qrf_points,0.3.0,empirical_qrf,0.011142857142857144,0.0,0.0,,4935908734271347323,2026-01-08 19:03:33.460826
2026-01-08,24658,MON,FLA,30002592,Kaapo Kahkonen,points,rf_qrf_points,0.3.0,empirical_qrf,0.00820765247857426,0.0064212805612835246,0.009962049460168442,,4935908734271347323,2026-01-08 19:03:33.460826
2026-01-08,24658,MON,FLA,30002601,Joshua Jacobs,points,rf_qrf_points,0.3.0,empirical_qrf,0.00820765247857426,0.0064212805612835246,0.009962049460168442,,4935908734271347323,2026-01-08 19:03:33.460826
2026-01-08,24658,MON,FLA,30002663,Vincent Arseneau,points,rf_qrf_points,0.3.0,empirical_qrf,0.00820765247857426,0.0064212805612835246,0.009962049460168442,,4935908734271347323,2026-01-08 19:03:33.460826
2026-01-08,24658,MON,FLA,30002781,Sam Montembeault,points,rf_qrf_points,0.3.0,empirical_qrf,0.00820765247857426,0.0064212805612835246,0.009962049460168442,,4935908734271347323,2026-01-08 19:03:33.460826
2026-01-08,24658,MON,FLA,30002825,Alexandre Carrier,points,rf_qrf_points,0.3.0,empirical_qrf,0.0,0.0,0.0,,4935908734271347323,2026-01-08 19:03:33.460826
2026-01-08,24658,MON,FLA,30003131,Patrik Laine,points,rf_qrf_points,0.3.0,empirical_qrf,0.015477758717890297,0.0,0.0,,4935908734271347323,2026-01-08 19:03:33.460826
2026-01-08,24658,MON,FLA,30003667,Nick Suzuki,points,rf_qrf_points,0.3.0,empirical_qrf,0.0,0.0,0.0,,4935908734271347323,2026-01-08 19:03:33.460826
2026-01-08,24658,MON,FLA,30003687,Alexandre Texier,points,rf_qrf_points,0.3.0,empirical_qrf,0.00949430804398776,0.0,0.018957345971563982,,4935908734271347323,2026-01-08 19:03:33.460826
2026-01-08,24658,MON,FLA,30003901,Alex Belzile,points,rf_qrf_points,0.3.0,empirical_qrf,0.0,0.0,0.0,,4935908734271347323,2026-01-08 19:03:33.460826
2026-01-08,24658,MON,FLA,30003958,Nate Clurman,points,rf_qrf_points,0.3.0,empirical_qrf,0.034343220419629665,0.0,0.07042253521126761,,4935908734271347323,2026-01-08 19:03:33.460826
2026-01-08,24658,MON,FLA,30003990,Jake Evans,points,rf_qrf_points,0.3.0,empirical_qrf,0.034343220419629665,0.0,0.07042253521126761,,4935908734271347323,2026-01-08 19:03:33.460826
2026-01-08,24658,MON,FLA,30004086,Noah Dobson,points,rf_qrf_points,0.3.0,empirical_qrf,0.0,0.0,0.0,,4935908734271347323,2026-01-08 19:03:33.460826
2026-01-08,24658,MON,FLA,30004101,Joe Veleno,points,rf_qrf_points,0.3.0,empirical_qrf,0.0,0.0,0.0,,4935908734271347323,2026-01-08 19:03:33.460826
2026-01-08,24658,MON,FLA,30004204,Wyatte Wylie,points,rf_qrf_points,0.3.0,empirical_qrf,0.14318708606208608,0.0,0.5,,4935908734271347323,2026-01-08 19:03:33.460826
2026-01-08,24658,MON,FLA,30004284,Kevin Mandolese,points,rf_qrf_points,0.3.0,empirical_qrf,0.00820765247857426,0.0064212805612835246,0.009962049460168442,,4935908734271347323,2026-01-08 19:03:33.460826
2026-01-08,24658,MON,FLA,30004361,Josh Anderson,points,rf_qrf_points,0.3.0,empirical_qrf,0.0,0.0,0.0,,4935908734271347323,2026-01-08 19:03:33.460826
2026-01-08,24658,MON,FLA,30004472,Kirby Dach,points,rf_qrf_points,0.3.0,empirical_qrf,0.0,0.0,0.0,,4935908734271347323,2026-01-08 19:03:33.460826
2026-01-08,24658,MON,FLA,30004486,Alex Newhook,points,rf_qrf_points,0.3.0,empirical_qrf,0.1470321830946831,0.0,0.375,,4935908734271347323,2026-01-08 19:03:33.460826
2026-01-08,24658,MON,FLA,30004520,Hunter Jones,points,rf_qrf_points,0.3.0,empirical_qrf,0.0,0.0,0.0,,4935908734271347323,2026-01-08 19:03:33.460826
2026-01-08,24658,MON,FLA,30004559,Jayden Struble,points,rf_qrf_points,0.3.0,empirical_qrf,0.024770822503674423,0.006622516556291391,0.0448789974070873,,4935908734271347323,2026-01-08 19:03:33.460826
2026-01-08,24658,MON,FLA,30004803,Kaiden Guhle,points,rf_qrf_points,0.3.0,empirical_qrf,0.0,0.0,0.0,,4935908734271347323,2026-01-08 19:03:33.460826
2026-01-08,24658,MON,FLA,30004866,Ryan O'Rourke,points,rf_qrf_points,0.3.0,empirical_qrf,0.0,0.0,0.0,,4935908734271347323,2026-01-08 19:03:33.460826
2026-01-08,24658,MON,FLA,30004876,Ty Smilanic,points,rf_qrf_points,0.3.0,empirical_qrf,0.00820765247857426,0.0064212805612835246,0.009962049460168442,,4935908734271347323,2026-01-08 19:03:33.460826
2026-01-08,24658,MON,FLA,30004894,Sean Farrell,points,rf_qrf_points,0.3.0,empirical_qrf,0.10962394481163829,0.0,0.25,,4935908734271347323,2026-01-08 19:03:33.460826
2026-01-08,24658,MON,FLA,30004928,Cole Caufield,points,rf_qrf_points,0.3.0,empirical_qrf,0.0016666666666666668,0.0,0.0,,4935908734271347323,2026-01-08 19:03:33.460826
2026-01-08,24658,MON,FLA,30004950,Marc Del Gaizo,points,rf_qrf_points,0.3.0,empirical_qrf,0.0,0.0,0.0,,4935908734271347323,2026-01-08 19:03:33.460826
2026-01-08,24658,MON,FLA,30004990,Zachary Bolduc,points,rf_qrf_points,0.3.0,empirical_qrf,0.0,0.0,0.0,,4935908734271347323,2026-01-08 19:03:33.460826
2026-01-08,24658,MON,FLA,30005021,Oliver Kapanen,points,rf_qrf_points,0.3.0,empirical_qrf,0.00802200577200577,0.0,0.0,,4935908734271347323,2026-01-08 19:03:33.460826
2026-01-08,24658,MON,FLA,30005022,Riley Kidney,points,rf_qrf_points,0.3.0,empirical_qrf,0.15836092779785788,0.0,0.3333333333333333,,4935908734271347323,2026-01-08 19:03:33.460826
2026-01-08,24658,MON,FLA,30005118,Tobie Paquette-Bisson,points,rf_qrf_points,0.3.0,empirical_qrf,0.0002423936551801629,0.0,0.0,,4935908734271347323,2026-01-08 19:03:33.460826
2026-01-08,24658,MON,FLA,30005121,Joshua Roy,points,rf_qrf_points,0.3.0,empirical_qrf,0.006035471884442526,0.0,0.011940298507462687,,4935908734271347323,2026-01-08 19:03:33.460826
2026-01-08,24658,MON,FLA,30005122,Xavier Simoneau,points,rf_qrf_points,0.3.0,empirical_qrf,0.00820765247857426,0.0064212805612835246,0.009962049460168442,,4935908734271347323,2026-01-08 19:03:33.460826
2026-01-08,24658,MON,FLA,30005127,Joe Vrbetic,points,rf_qrf_points,0.3.0,empirical_qrf,0.00820765247857426,0.0064212805612835246,0.009962049460168442,,4935908734271347323,2026-01-08 19:03:33.460826
2026-01-08,24658,MON,FLA,30005128,Arber Xhekaj,points,rf_qrf_points,0.3.0,empirical_qrf,0.0,0.0,0.0,,4935908734271347323,2026-01-08 19:03:33.460826
2026-01-08,24658,MON,FLA,30005287,Gannon Laroque,points,rf_qrf_points,0.3.0,empirical_qrf,0.00820765247857426,0.0064212805612835246,0.009962049460168442,,4935908734271347323,2026-01-08 19:03:33.460826
2026-01-08,24658,MON,FLA,30005288,Ben Gaudreau,points,rf_qrf_points,0.3.0,empirical_qrf,0.00820765247857426,0.0064212805612835246,0.009962049460168442,,4935908734271347323,2026-01-08 19:03:33.460826
2026-01-08,24658,MON,FLA,30005534,Jakub Dobes,points,rf_qrf_points,0.3.0,empirical_qrf,0.00820765247857426,0.0064212805612835246,0.009962049460168442,,4935908734271347323,2026-01-08 19:03:33.460826
2026-01-08,24658,MON,FLA,30005574,Lucas Condotta,points,rf_qrf_points,0.3.0,empirical_qrf,0.0558025893805762,0.0,0.10723938223938226,,4935908734271347323,2026-01-08 19:03:33.460826
2026-01-08,24658,MON,FLA,30005631,Juraj Slafkovsky,points,rf_qrf_points,0.3.0,empirical_qrf,0.0,0.0,0.0,,4935908734271347323,2026-01-08 19:03:33.460826
2026-01-08,24658,MON,FLA,30005645,Filip Mesar,points,rf_qrf_points,0.3.0,empirical_qrf,0.0,0.0,0.0,,4935908734271347323,2026-01-08 19:03:33.460826
2026-01-08,24658,MON,FLA,30005655,Lane Hutson,points,rf_qrf_points,0.3.0,empirical_qrf,0.0067539682539682535,0.0,0.0,,4935908734271347323,2026-01-08 19:03:33.460826
2026-01-08,24658,MON,FLA,30005656,Owen Beck,points,rf_qrf_points,0.3.0,empirical_qrf,0.12248670089047038,0.0,0.23529411764705882,,4935908734271347323,2026-01-08 19:03:33.460826
2026-01-08,24658,MON,FLA,30005806,Jared Davidson,points,rf_qrf_points,0.3.0,empirical_qrf,0.01707979706231287,0.00835782703412981,0.028131393498522395,,4935908734271347323,2026-01-08 19:03:33.460826
2026-01-08,24658,MON,FLA,30006060,David Reinbacher,points,rf_qrf_points,0.3.0,empirical_qrf,0.00949430804398776,0.0,0.018957345971563982,,4935908734271347323,2026-01-08 19:03:33.460826
2026-01-08,24658,MON,FLA,30006127,Jacob Fowler,points,rf_qrf_points,0.3.0,empirical_qrf,0.00820765247857426,0.0064212805612835246,0.009962049460168442,,4935908734271347323,2026-01-08 19:03:33.460826
2026-01-08,24658,MON,FLA,30006152,Florian Xhekaj,points,rf_qrf_points,0.3.0,empirical_qrf,0.0,0.0,0.0,,4935908734271347323,2026-01-08 19:03:33.460826
2026-01-08,24658,MON,FLA,30006358,Israel Mianscum,points,rf_qrf_points,0.3.0,empirical_qrf,0.00820765247857426,0.0064212805612835246,0.009962049460168442,,4935908734271347323,2026-01-08 19:03:33.460826
2026-01-08,24658,MON,FLA,30006485,Ivan Demidov,points,rf_qrf_points,0.3.0,empirical_qrf,0.0,0.0,0.0,,4935908734271347323,2026-01-08 19:03:33.460826
2026-01-08,24659,ANA,CAR,30000269,Radko Gudas,points,rf_qrf_points,0.3.0,empirical_qrf,0.0,0.0,0.0,,4935908734271347323,2026-01-08 19:03:33.460826
2026-01-08,24659,ANA,CAR,30000320,Chris Kreider,points,rf_qrf_points,0.3.0,empirical_qrf,0.0022976190476190475,0.0,0.0,,4935908734271347323,2026-01-08 19:03:33.460826
2026-01-08,24659,ANA,CAR,30000509,Justin Bailey,points,rf_qrf_points,0.3.0,empirical_qrf,0.006035471884442526,0.0,0.011940298507462687,,4935908734271347323,2026-01-08 19:03:33.460826
2026-01-08,24659,ANA,CAR,30000515,Mikael Granlund,points,rf_qrf_points,0.3.0,empirical_qrf,0.007121933621933622,0.0,0.0,,4935908734271347323,2026-01-08 19:03:33.460826
2026-01-08,24659,ANA,CAR,30000609,Frank Vatrano,points,rf_qrf_points,0.3.0,empirical_qrf,0.032398217523217525,0.0,0.14285714285714285,,4935908734271347323,2026-01-08 19:03:33.460826
2026-01-08,24659,ANA,CAR,30000739,Alex Killorn,points,rf_qrf_points,0.3.0,empirical_qrf,0.024770822503674423,0.006622516556291391,0.0448789974070873,,4935908734271347323,2026-01-08 19:03:33.460826
2026-01-08,24659,ANA,CAR,30000834,Jacob Trouba,points,rf_qrf_points,0.3.0,empirical_qrf,0.024770822503674423,0.006622516556291391,0.0448789974070873,,4935908734271347323,2026-01-08 19:03:33.460826
2026-01-08,24659,ANA,CAR,30000998,Ross Johnston,points,rf_qrf_points,0.3.0,empirical_qrf,0.0,0.0,0.0,,4935908734271347323,2026-01-08 19:03:33.460826
2026-01-08,24659,ANA,CAR,30001005,Ryan Strome,points,rf_qrf_points,0.3.0,empirical_qrf,0.00802200577200577,0.0,0.0,,4935908734271347323,2026-01-08 19:03:33.460826
2026-01-08,24659,ANA,CAR,30001009,Petr Mrazek,points,rf_qrf_points,0.3.0,empirical_qrf,0.00820765247857426,0.0064212805612835246,0.009962049460168442,,4935908734271347323,2026-01-08 19:03:33.460826
2026-01-08,24659,ANA,CAR,30002528,Tyrell Goulbourne,points,rf_qrf_points,0.3.0,empirical_qrf,0.00820765247857426,0.0064212805612835246,0.009962049460168442,,4935908734271347323,2026-01-08 19:03:33.460826
2026-01-08,24659,ANA,CAR,30002760,Ville Husso,points,rf_qrf_points,0.3.0,empirical_qrf,0.00820765247857426,0.0064212805612835246,0.009962049460168442,,4935908734271347323,2026-01-08 19:03:33.460826
2026-01-08,24659,ANA,CAR,30002773,Jansen Harkins,points,rf_qrf_points,0.3.0,empirical_qrf,0.00820765247857426,0.0064212805612835246,0.009962049460168442,,4935908734271347323,2026-01-08 19:03:33.460826
2026-01-08,24659,ANA,CAR,30002864,Nikolas Brouillard,points,rf_qrf_points,0.3.0,empirical_qrf,0.00820765247857426,0.0064212805612835246,0.009962049460168442,,4935908734271347323,2026-01-08 19:03:33.460826
2026-01-08,24659,ANA,CAR,30003197,Carsen Twarynski,points,rf_qrf_points,0.3.0,empirical_qrf,0.00820765247857426,0.0064212805612835246,0.009962049460168442,,4935908734271347323,2026-01-08 19:03:33.460826
2026-01-08,24659,ANA,CAR,30003475,Matthew Phillips,points,rf_qrf_points,0.3.0,empirical_qrf,0.012635679135679135,0.0,0.0,,4935908734271347323,2026-01-08 19:03:33.460826
2026-01-08,24659,ANA,CAR,30003650,Ryan Poehling,points,rf_qrf_points,0.3.0,empirical_qrf,0.0,0.0,0.0,,4935908734271347323,2026-01-08 19:03:33.460826
2026-01-08,24659,ANA,CAR,30003747,Troy Terry,points,rf_qrf_points,0.3.0,empirical_qrf,0.0,0.0,0.0,,4935908734271347323,2026-01-08 19:03:33.460826
2026-01-08,24659,ANA,CAR,30003948,David Cotton,points,rf_qrf_points,0.3.0,empirical_qrf,0.0003333333333333334,0.0,0.0,,4935908734271347323,2026-01-08 19:03:33.460826
2026-01-08,24659,ANA,CAR,30004160,Lukas Dostal,points,rf_qrf_points,0.3.0,empirical_qrf,0.00820765247857426,0.0064212805612835246,0.009962049460168442,,4935908734271347323,2026-01-08 19:03:33.460826
2026-01-08,24659,ANA,CAR,30004512,Drew Helleson,points,rf_qrf_points,0.3.0,empirical_qrf,0.1470321830946831,0.0,0.375,,4935908734271347323,2026-01-08 19:03:33.460826
2026-01-08,24659,ANA,CAR,30004526,Jackson LaCombe,points,rf_qrf_points,0.3.0,empirical_qrf,0.0,0.0,0.0,,4935908734271347323,2026-01-08 19:03:33.460826
2026-01-08,24659,ANA,CAR,30004550,Judd Caulfield,points,rf_qrf_points,0.3.0,empirical_qrf,0.00820765247857426,0.0064212805612835246,0.009962049460168442,,4935908734271347323,2026-01-08 19:03:33.460826
2026-01-08,24659,ANA,CAR,30004828,Calle Clang,points,rf_qrf_points,0.3.0,empirical_qrf,0.00820765247857426,0.0064212805612835246,0.009962049460168442,,4935908734271347323,2026-01-08 19:03:33.460826
2026-01-08,24659,ANA,CAR,30004829,Sam Colangelo,points,rf_qrf_points,0.3.0,empirical_qrf,0.0012857142857142856,0.0,0.0,,4935908734271347323,2026-01-08 19:03:33.460826
2026-01-08,24659,ANA,CAR,30004861,Ian Moore,points,rf_qrf_points,0.3.0,empirical_qrf,0.0,0.0,0.0,,4935908734271347323,2026-01-08 19:03:33.460826
2026-01-08,24659,ANA,CAR,30004997,Mason McTavish,points,rf_qrf_points,0.3.0,empirical_qrf,0.05859457671957672,0.0,0.25,,4935908734271347323,2026-01-08 19:03:33.460826
2026-01-08,24659,ANA,CAR,30005018,Olen Zellweger,points,rf_qrf_points,0.3.0,empirical_qrf,0.0,0.0,0.0,,4935908734271347323,2026-01-08 19:03:33.460826
2026-01-08,24659,ANA,CAR,30005051,Sasha Pastujov,points,rf_qrf_points,0.3.0,empirical_qrf,0.0,0.0,0.0,,4935908734271347323,2026-01-08 19:03:33.460826
2026-01-08,24659,ANA,CAR,30005095,Davis Codd,points,rf_qrf_points,0.3.0,empirical_qrf,0.0,0.0,0.0,,4935908734271347323,2026-01-08 19:03:33.460826
2026-01-08,24659,ANA,CAR,30005275,Tyson Hinds,points,rf_qrf_points,0.3.0,empirical_qrf,0.005605796980796981,0.0,0.0,,4935908734271347323,2026-01-08 19:03:33.460826
2026-01-08,24659,ANA,CAR,30005285,Jeremie Biakabutuka,points,rf_qrf_points,0.3.0,empirical_qrf,0.00820765247857426,0.0064212805612835246,0.009962049460168442,,4935908734271347323,2026-01-08 19:03:33.460826
2026-01-08,24659,ANA,CAR,30005615,Pavel Mintyukov,points,rf_qrf_points,0.3.0,empirical_qrf,0.056375706220805503,0.0,0.14285714285714285,,4935908734271347323,2026-01-08 19:03:33.460826
2026-01-08,24659,ANA,CAR,30005620,Cutter Gauthier,points,rf_qrf_points,0.3.0,empirical_qrf,0.0,0.0,0.0,,4935908734271347323,2026-01-08 19:03:33.460826
2026-01-08,24659,ANA,CAR,30005643,Nathan Gaucher,points,rf_qrf_points,0.3.0,empirical_qrf,0.0,0.0,0.0,,4935908734271347323,2026-01-08 19:03:33.460826
2026-01-08,24659,ANA,CAR,30005677,Noah Warren,points,rf_qrf_points,0.3.0,empirical_qrf,0.00949430804398776,0.0,0.018957345971563982,,4935908734271347323,2026-01-08 19:03:33.460826
2026-01-08,24659,ANA,CAR,30005678,Tristan Luneau,points,rf_qrf_points,0.3.0,empirical_qrf,0.0,0.0,0.0,,4935908734271347323,2026-01-08 19:03:33.460826
2026-01-08,24659,ANA,CAR,30005945,Tomas Suchanek,points,rf_qrf_points,0.3.0,empirical_qrf,0.00820765247857426,0.0064212805612835246,0.009962049460168442,,4935908734271347323,2026-01-08 19:03:33.460826
2026-01-08,24659,ANA,CAR,30006016,Jaxsen Wiebe,points,rf_qrf_points,0.3.0,empirical_qrf,0.00820765247857426,0.0064212805612835246,0.009962049460168442,,4935908734271347323,2026-01-08 19:03:33.460826
2026-01-08,24659,ANA,CAR,30006069,Leo Carlsson,points,rf_qrf_points,0.3.0,empirical_qrf,0.01803174603174603,0.0,0.0,,4935908734271347323,2026-01-08 19:03:33.460826
2026-01-08,24659,ANA,CAR,30006117,Nico Myatovic,points,rf_qrf_points,0.3.0,empirical_qrf,0.0,0.0,0.0,,4935908734271347323,2026-01-08 19:03:33.460826
2026-01-08,24659,ANA,CAR,30006129,Coulson Pitre,points,rf_qrf_points,0.3.0,empirical_qrf,0.012378840174405692,0.0,0.0294556628621598,,4935908734271347323,2026-01-08 19:03:33.460826
2026-01-08,24659,ANA,CAR,30006161,Yegor Sidorov,points,rf_qrf_points,0.3.0,empirical_qrf,0.0004761904761904762,0.0,0.0,,4935908734271347323,2026-01-08 19:03:33.460826
2026-01-08,24659,ANA,CAR,30006162,Konnor Smith,points,rf_qrf_points,0.3.0,empirical_qrf,0.00820765247857426,0.0064212805612835246,0.009962049460168442,,4935908734271347323,2026-01-08 19:03:33.460826
2026-01-08,24659,ANA,CAR,30006310,Roman Kinal,points,rf_qrf_points,0.3.0,empirical_qrf,0.06729495790781582,0.022173913043478263,0.11641586867305065,,4935908734271347323,2026-01-08 19:03:33.460826
2026-01-08,24659,ANA,CAR,30006353,Easton Armstrong,points,rf_qrf_points,0.3.0,empirical_qrf,0.00820765247857426,0.0064212805612835246,0.009962049460168442,,4935908734271347323,2026-01-08 19:03:33.460826
2026-01-08,24659,ANA,CAR,30006483,Beckett Sennecke,points,rf_qrf_points,0.3.0,empirical_qrf,0.034341269841269846,0.0,0.0,,4935908734271347323,2026-01-08 19:03:33.460826
2026-01-08,24659,CAR,ANA,30000271,Shayne Gostisbehere,points,rf_qrf_points,0.3.0,empirical_qrf,0.0,0.0,0.0,,4935908734271347323,2026-01-08 19:03:33.460826
2026-01-08,24659,CAR,ANA,30000358,Jordan Staal,points,rf_qrf_points,0.3.0,empirical_qrf,0.056375706220805503,0.0,0.14285714285714285,,4935908734271347323,2026-01-08 19:03:33.460826
2026-01-08,24659,CAR,ANA,30000510,William Carrier,points,rf_qrf_points,0.3.0,empirical_qrf,0.01707979706231287,0.00835782703412981,0.028131393498522395,,4935908734271347323,2026-01-08 19:03:33.460826
2026-01-08,24659,CAR,ANA,30000525,Mike Reilly,points,rf_qrf_points,0.3.0,empirical_qrf,0.0,0.0,0.0,,4935908734271347323,2026-01-08 19:03:33.460826
2026-01-08,24659,CAR,ANA,30000643,Jaccob Slavin,points,rf_qrf_points,0.3.0,empirical_qrf,0.0400592408091851,0.0,0.09090909090909091,,4935908734271347323,2026-01-08 19:03:33.460826
2026-01-08,24659,CAR,ANA,30000822,Nikolaj Ehlers,points,rf_qrf_points,0.3.0,empirical_qrf,0.10027777777777777,0.0,0.0,,4935908734271347323,2026-01-08 19:03:33.460826
2026-01-08,24659,CAR,ANA,30000948,Jordan Martinook,points,rf_qrf_points,0.3.0,empirical_qrf,0.03642708389927966,0.0,0.08695652173913043,,4935908734271347323,2026-01-08 19:03:33.460826
2026-01-08,24659,CAR,ANA,30001187,Taylor Hall,points,rf_qrf_points,0.3.0,empirical_qrf,0.01707979706231287,0.00835782703412981,0.028131393498522395,,4935908734271347323,2026-01-08 19:03:33.460826
2026-01-08,24659,CAR,ANA,30001203,Frederik Andersen,points,rf_qrf_points,0.3.0,empirical_qrf,0.00820765247857426,0.0064212805612835246,0.009962049460168442,,4935908734271347323,2026-01-08 19:03:33.460826
2026-01-08,24659,CAR,ANA,30002309,Mark Jankowski,points,rf_qrf_points,0.3.0,empirical_qrf,0.0,0.0,0.0,,4935908734271347323,2026-01-08 19:03:33.460826
2026-01-08,24659,CAR,ANA,30002819,Sebastian Aho,points,rf_qrf_points,0.3.0,empirical_qrf,0.004305555555555555,0.0,0.0,,4935908734271347323,2026-01-08 19:03:33.460826
2026-01-08,24659,CAR,ANA,30002980,Eric Robinson,points,rf_qrf_points,0.3.0,empirical_qrf,0.0,0.0,0.0,,4935908734271347323,2026-01-08 19:03:33.460826
2026-01-08,24659,CAR,ANA,30003180,Givani Smith,points,rf_qrf_points,0.3.0,empirical_qrf,0.3542575686840393,0.0,0.805714285714287,,4935908734271347323,2026-01-08 19:03:33.460826
2026-01-08,24659,CAR,ANA,30003359,Jalen Chatfield,points,rf_qrf_points,0.3.0,empirical_qrf,0.0,0.0,0.0,,4935908734271347323,2026-01-08 19:03:33.460826
2026-01-08,24659,CAR,ANA,30003550,Gavin Bayreuther,points,rf_qrf_points,0.3.0,empirical_qrf,0.01707979706231287,0.00835782703412981,0.028131393498522395,,4935908734271347323,2026-01-08 19:03:33.460826
2026-01-08,24659,CAR,ANA,30003786,Sean Walker,points,rf_qrf_points,0.3.0,empirical_qrf,0.0,0.0,0.0,,4935908734271347323,2026-01-08 19:03:33.460826
2026-01-08,24659,CAR,ANA,30004075,Jesperi Kotkaniemi,points,rf_qrf_points,0.3.0,empirical_qrf,0.0016666666666666668,0.0,0.0,,4935908734271347323,2026-01-08 19:03:33.460826
2026-01-08,24659,CAR,ANA,30004076,Andrei Svechnikov,points,rf_qrf_points,0.3.0,empirical_qrf,0.03024482461982462,0.0,0.0,,4935908734271347323,2026-01-08 19:03:33.460826
2026-01-08,24659,CAR,ANA,30004082,K'Andre Miller,points,rf_qrf_points,0.3.0,empirical_qrf,0.0,0.0,0.0,,4935908734271347323,2026-01-08 19:03:33.460826
2026-01-08,24659,CAR,ANA,30004385,Cayden Primeau,points,rf_qrf_points,0.3.0,empirical_qrf,0.00820765247857426,0.0064212805612835246,0.009962049460168442,,4935908734271347323,2026-01-08 19:03:33.460826
2026-01-08,24659,CAR,ANA,30004537,Domenick Fensore,points,rf_qrf_points,0.3.0,empirical_qrf,0.0,0.0,0.0,,4935908734271347323,2026-01-08 19:03:33.460826
2026-01-08,24659,CAR,ANA,30004602,Nikita Pavlychev,points,rf_qrf_points,0.3.0,empirical_qrf,0.00820765247857426,0.0064212805612835246,0.009962049460168442,,4935908734271347323,2026-01-08 19:03:33.460826
2026-01-08,24659,CAR,ANA,30004806,Seth Jarvis,points,rf_qrf_points,0.3.0,empirical_qrf,0.025027777777777777,0.0,0.0,,4935908734271347323,2026-01-08 19:03:33.460826
2026-01-08,24659,CAR,ANA,30004865,Alexander Nikishin,points,rf_qrf_points,0.3.0,empirical_qrf,0.0,0.0,0.0,,4935908734271347323,2026-01-08 19:03:33.460826
2026-01-08,24659,CAR,ANA,30004913,Evan Vierling,points,rf_qrf_points,0.3.0,empirical_qrf,0.00820765247857426,0.0064212805612835246,0.009962049460168442,,4935908734271347323,2026-01-08 19:03:33.460826
2026-01-08,24659,CAR,ANA,30004953,Pyotr Kochetkov,points,rf_qrf_points,0.3.0,empirical_qrf,0.012175833830151965,0.0,0.024096385542168676,,4935908734271347323,2026-01-08 19:03:33.460826
2026-01-08,24659,CAR,ANA,30005026,Aleksi Heimosalmi,points,rf_qrf_points,0.3.0,empirical_qrf,0.00949430804398776,0.0,0.018957345971563982,,4935908734271347323,2026-01-08 19:03:33.460826
2026-01-08,24659,CAR,ANA,30005034,Logan Stankoven,points,rf_qrf_points,0.3.0,empirical_qrf,0.01530378417878418,0.0,0.0,,4935908734271347323,2026-01-08 19:03:33.460826
2026-01-08,24659,CAR,ANA,30005153,Bryce Montgomery,points,rf_qrf_points,0.3.0,empirical_qrf,0.00949430804398776,0.0,0.018957345971563982,,4935908734271347323,2026-01-08 19:03:33.460826
2026-01-08,24659,CAR,ANA,30005155,Justin Robidas,points,rf_qrf_points,0.3.0,empirical_qrf,0.0005555555555555556,0.0,0.0,,4935908734271347323,2026-01-08 19:03:33.460826
2026-01-08,24659,CAR,ANA,30005405,Jackson Blake,points,rf_qrf_points,0.3.0,empirical_qrf,0.0,0.0,0.0,,4935908734271347323,2026-01-08 19:03:33.460826
2026-01-08,24659,CAR,ANA,30005413,Joel Nystrom,points,rf_qrf_points,0.3.0,empirical_qrf,0.02226412938912939,0.0,0.0,,4935908734271347323,2026-01-08 19:03:33.460826
2026-01-08,24659,CAR,ANA,30005573,Brandon Bussi,points,rf_qrf_points,0.3.0,empirical_qrf,0.00820765247857426,0.0064212805612835246,0.009962049460168442,,4935908734271347323,2026-01-08 19:03:33.460826
2026-01-08,24659,CAR,ANA,30006098,Felix Unger Sorum,points,rf_qrf_points,0.3.0,empirical_qrf,0.0,0.0,0.0,,4935908734271347323,2026-01-08 19:03:33.460826
2026-01-08,24660,VAN,DET,30000958,Derek Forbort,points,rf_qrf_points,0.3.0,empirical_qrf,0.0,0.0,0.0,,4935908734271347323,2026-01-08 19:03:33.460826
2026-01-08,24660,VAN,DET,30000976,Evander Kane,points,rf_qrf_points,0.3.0,empirical_qrf,0.12248670089047038,0.0,0.23529411764705882,,4935908734271347323,2026-01-08 19:03:33.460826
2026-01-08,24660,VAN,DET,30001238,Jake DeBrusk,points,rf_qrf_points,0.3.0,empirical_qrf,0.0010833333333333333,0.0,0.0,,4935908734271347323,2026-01-08 19:03:33.460826
2026-01-08,24660,VAN,DET,30001299,Tyler Myers,points,rf_qrf_points,0.3.0,empirical_qrf,0.03642708389927966,0.0,0.08695652173913043,,4935908734271347323,2026-01-08 19:03:33.460826
2026-01-08,24660,VAN,DET,30001949,Guillaume Brisebois,points,rf_qrf_points,0.3.0,empirical_qrf,0.006035471884442526,0.0,0.011940298507462687,,4935908734271347323,2026-01-08 19:03:33.460826
2026-01-08,24660,VAN,DET,30002479,Teddy Blueger,points,rf_qrf_points,0.3.0,empirical_qrf,0.0,0.0,0.0,,4935908734271347323,2026-01-08 19:03:33.460826
2026-01-08,24660,VAN,DET,30002581,Thatcher Demko,points,rf_qrf_points,0.3.0,empirical_qrf,0.00820765247857426,0.0064212805612835246,0.009962049460168442,,4935908734271347323,2026-01-08 19:03:33.460826
2026-01-08,24660,VAN,DET,30002587,Marcus Pettersson,points,rf_qrf_points,0.3.0,empirical_qrf,0.0,0.0,0.0,,4935908734271347323,2026-01-08 19:03:33.460826
2026-01-08,24660,VAN,DET,30002777,Brock Boeser,points,rf_qrf_points,0.3.0,empirical_qrf,0.011301587301587302,0.0,0.0,,4935908734271347323,2026-01-08 19:03:33.460826
2026-01-08,24660,VAN,DET,30002793,Joseph Labate,points,rf_qrf_points,0.3.0,empirical_qrf,0.05257058420770203,0.013888888888888888,0.09280748022057062,,4935908734271347323,2026-01-08 19:03:33.460826
2026-01-08,24660,VAN,DET,30002876,Conor Garland,points,rf_qrf_points,0.3.0,empirical_qrf,0.01722222222222222,0.0,0.0,,4935908734271347323,2026-01-08 19:03:33.460826
2026-01-08,24660,VAN,DET,30003063,Mackenzie MacEachern,points,rf_qrf_points,0.3.0,empirical_qrf,0.0,0.0,0.0,,4935908734271347323,2026-01-08 19:03:33.460826
2026-01-08,24660,VAN,DET,30003193,Filip Hronek,points,rf_qrf_points,0.3.0,empirical_qrf,0.003333333333333333,0.0,0.0,,4935908734271347323,2026-01-08 19:03:33.460826
2026-01-08,24660,VAN,DET,30003604,David Kampf,points,rf_qrf_points,0.3.0,empirical_qrf,0.011302686982604932,0.0,0.024600283343452743,,4935908734271347323,2026-01-08 19:03:33.460826
2026-01-08,24660,VAN,DET,30003647,Elias Pettersson,points,rf_qrf_points,0.3.0,empirical_qrf,0.0,0.0,0.0,,4935908734271347323,2026-01-08 19:03:33.460826
2026-01-08,24660,VAN,DET,30003655,Filip Chytil,points,rf_qrf_points,0.3.0,empirical_qrf,0.0014047619047619047,0.0,0.0,,4935908734271347323,2026-01-08 19:03:33.460826
2026-01-08,24660,VAN,DET,30003666,Pierre-Olivier Joseph,points,rf_qrf_points,0.3.0,empirical_qrf,0.011215549283234972,0.0,0.02610983981693364,,4935908734271347323,2026-01-08 19:03:33.460826
2026-01-08,24660,VAN,DET,30003776,Jiri Patera,points,rf_qrf_points,0.3.0,empirical_qrf,0.00820765247857426,0.0064212805612835246,0.009962049460168442,,4935908734271347323,2026-01-08 19:03:33.460826
2026-01-08,24660,VAN,DET,30004001,Kiefer Sherwood,points,rf_qrf_points,0.3.0,empirical_qrf,0.0026164622414622416,0.0,0.0,,4935908734271347323,2026-01-08 19:03:33.460826
2026-01-08,24660,VAN,DET,30004058,Kevin Lankinen,points,rf_qrf_points,0.3.0,empirical_qrf,0.00820765247857426,0.0064212805612835246,0.009962049460168442,,4935908734271347323,2026-01-08 19:03:33.460826
2026-01-08,24660,VAN,DET,30004140,Jett Woo,points,rf_qrf_points,0.3.0,empirical_qrf,0.01707979706231287,0.00835782703412981,0.028131393498522395,,4935908734271347323,2026-01-08 19:03:33.460826
2026-01-08,24660,VAN,DET,30004153,Linus Karlsson,points,rf_qrf_points,0.3.0,empirical_qrf,0.20791161616161616,0.0,0.5,,4935908734271347323,2026-01-08 19:03:33.460826
2026-01-08,24660,VAN,DET,30004227,Chase Wouters,points,rf_qrf_points,0.3.0,empirical_qrf,0.00820765247857426,0.0064212805612835246,0.009962049460168442,,4935908734271347323,2026-01-08 19:03:33.460826
2026-01-08,24660,VAN,DET,30004425,Jimmy Schuldt,points,rf_qrf_points,0.3.0,empirical_qrf,0.00949430804398776,0.0,0.018957345971563982,,4935908734271347323,2026-01-08 19:03:33.460826
2026-01-08,24660,VAN,DET,30004531,Nils Hoglander,points,rf_qrf_points,0.3.0,empirical_qrf,0.007121933621933622,0.0,0.0,,4935908734271347323,2026-01-08 19:03:33.460826
2026-01-08,24660,VAN,DET,30004581,Nikolai Knyzhov,points,rf_qrf_points,0.3.0,empirical_qrf,0.00949430804398776,0.0,0.018957345971563982,,4935908734271347323,2026-01-08 19:03:33.460826
2026-01-08,24660,VAN,DET,30004741,Drew O'Connor,points,rf_qrf_points,0.3.0,empirical_qrf,0.0,0.0,0.0,,4935908734271347323,2026-01-08 19:03:33.460826
2026-01-08,24660,VAN,DET,30004817,Lukas Reichel,points,rf_qrf_points,0.3.0,empirical_qrf,0.0,0.0,0.0,,4935908734271347323,2026-01-08 19:03:33.460826
2026-01-08,24660,VAN,DET,30004818,Marco Rossi,points,rf_qrf_points,0.3.0,empirical_qrf,0.001722222222222222,0.0,0.0,,4935908734271347323,2026-01-08 19:03:33.460826
2026-01-08,24660,VAN,DET,30005016,Danila Klimovich,points,rf_qrf_points,0.3.0,empirical_qrf,0.0,0.0,0.0,,4935908734271347323,2026-01-08 19:03:33.460826
2026-01-08,24660,VAN,DET,30005028,Aatu Raty,points,rf_qrf_points,0.3.0,empirical_qrf,0.01430650553150553,0.0,0.0,,4935908734271347323,2026-01-08 19:03:33.460826
2026-01-08,24660,VAN,DET,30005100,Cooper Walker,points,rf_qrf_points,0.3.0,empirical_qrf,0.00820765247857426,0.0064212805612835246,0.009962049460168442,,4935908734271347323,2026-01-08 19:03:33.460826
2026-01-08,24660,VAN,DET,30005145,Josh Bloom,points,rf_qrf_points,0.3.0,empirical_qrf,0.00820765247857426,0.0064212805612835246,0.009962049460168442,,4935908734271347323,2026-01-08 19:03:33.460826
2026-01-08,24660,VAN,DET,30005171,Dino Kambeitz,points,rf_qrf_points,0.3.0,empirical_qrf,0.00820765247857426,0.0064212805612835246,0.009962049460168442,,4935908734271347323,2026-01-08 19:03:33.460826
2026-01-08,24660,VAN,DET,30005456,Nils Aman,points,rf_qrf_points,0.3.0,empirical_qrf,0.0558025893805762,0.0,0.10723938223938226,,4935908734271347323,2026-01-08 19:03:33.460826
2026-01-08,24660,VAN,DET,30005566,Arshdeep Bains,points,rf_qrf_points,0.3.0,empirical_qrf,0.0,0.0,0.0,,4935908734271347323,2026-01-08 19:03:33.460826
2026-01-08,24660,VAN,DET,30005619,Jonathan Lekkerimaki,points,rf_qrf_points,0.3.0,empirical_qrf,0.12477645502645501,0.0,0.5,,4935908734271347323,2026-01-08 19:03:33.460826
2026-01-08,24660,VAN,DET,30005642,Liam Ohgren,points,rf_qrf_points,0.3.0,empirical_qrf,0.0,0.0,0.0,,4935908734271347323,2026-01-08 19:03:33.460826
2026-01-08,24660,VAN,DET,30005747,Jonathan Lemieux,points,rf_qrf_points,0.3.0,empirical_qrf,0.00820765247857426,0.0064212805612835246,0.009962049460168442,,4935908734271347323,2026-01-08 19:03:33.460826
2026-01-08,24660,VAN,DET,30005831,Kirill Kudryavtsev,points,rf_qrf_points,0.3.0,empirical_qrf,0.0,0.0,0.0,,4935908734271347323,2026-01-08 19:03:33.460826
2026-01-08,24660,VAN,DET,30005837,Ty Young,points,rf_qrf_points,0.3.0,empirical_qrf,0.00820765247857426,0.0064212805612835246,0.009962049460168442,,4935908734271347323,2026-01-08 19:03:33.460826
2026-01-08,24660,VAN,DET,30006031,Max Sasson,points,rf_qrf_points,0.3.0,empirical_qrf,0.0,0.0,0.0,,4935908734271347323,2026-01-08 19:03:33.460826
2026-01-08,24660,VAN,DET,30006037,Nikita Tolopilo,points,rf_qrf_points,0.3.0,empirical_qrf,0.00820765247857426,0.0064212805612835246,0.009962049460168442,,4935908734271347323,2026-01-08 19:03:33.460826
2026-01-08,24660,VAN,DET,30006067,Tom Willander,points,rf_qrf_points,0.3.0,empirical_qrf,0.0,0.0,0.0,,4935908734271347323,2026-01-08 19:03:33.460826
2026-01-08,24660,VAN,DET,30006320,Joe Arntsen,points,rf_qrf_points,0.3.0,empirical_qrf,0.00820765247857426,0.0064212805612835246,0.009962049460168442,,4935908734271347323,2026-01-08 19:03:33.460826
2026-01-08,24660,VAN,DET,30006441,Elias Nils Pettersson,points,rf_qrf_points,0.3.0,empirical_qrf,0.0400592408091851,0.0,0.09090909090909091,,4935908734271347323,2026-01-08 19:03:33.460826
2026-01-08,24660,VAN,DET,30006486,Zeev Buium,points,rf_qrf_points,0.3.0,empirical_qrf,0.20543849919430415,0.0,0.47352941176470653,,4935908734271347323,2026-01-08 19:03:33.460826
2026-01-08,24660,DET,VAN,30000043,James van Riemsdyk,points,rf_qrf_points,0.3.0,empirical_qrf,0.13024206349206346,0.0,0.6666666666666666,,4935908734271347323,2026-01-08 19:03:33.460826
2026-01-08,24660,DET,VAN,30000186,Austin Watson,points,rf_qrf_points,0.3.0,empirical_qrf,0.03642708389927966,0.0,0.08695652173913043,,4935908734271347323,2026-01-08 19:03:33.460826
2026-01-08,24660,DET,VAN,30000563,Cam Talbot,points,rf_qrf_points,0.3.0,empirical_qrf,0.00820765247857426,0.0064212805612835246,0.009962049460168442,,4935908734271347323,2026-01-08 19:03:33.460826
2026-01-08,24660,DET,VAN,30000821,Andrew Copp,points,rf_qrf_points,0.3.0,empirical_qrf,0.0,0.0,0.0,,4935908734271347323,2026-01-08 19:03:33.460826
2026-01-08,24660,DET,VAN,30000846,Dylan Larkin,points,rf_qrf_points,0.3.0,empirical_qrf,0.002781084656084656,0.0,0.0,,4935908734271347323,2026-01-08 19:03:33.460826
2026-01-08,24660,DET,VAN,30000866,Patrick Kane,points,rf_qrf_points,0.3.0,empirical_qrf,0.0044444444444444444,0.0,0.0,,4935908734271347323,2026-01-08 19:03:33.460826
2026-01-08,24660,DET,VAN,30000874,John Gibson,points,rf_qrf_points,0.3.0,empirical_qrf,0.00820765247857426,0.0064212805612835246,0.009962049460168442,,4935908734271347323,2026-01-08 19:03:33.460826
2026-01-08,24660,DET,VAN,30000997,Travis Hamonic,points,rf_qrf_points,0.3.0,empirical_qrf,0.01707979706231287,0.00835782703412981,0.028131393498522395,,4935908734271347323,2026-01-08 19:03:33.460826
2026-01-08,24660,DET,VAN,30001011,Erik Gustafsson,points,rf_qrf_points,0.3.0,empirical_qrf,0.01707979706231287,0.00835782703412981,0.028131393498522395,,4935908734271347323,2026-01-08 19:03:33.460826
2026-01-08,24660,DET,VAN,30001063,Ben Chiarot,points,rf_qrf_points,0.3.0,empirical_qrf,0.0,0.0,0.0,,4935908734271347323,2026-01-08 19:03:33.460826
2026-01-08,24660,DET,VAN,30002213,Josiah Didier,points,rf_qrf_points,0.3.0,empirical_qrf,0.00949430804398776,0.0,0.018957345971563982,,4935908734271347323,2026-01-08 19:03:33.460826
2026-01-08,24660,DET,VAN,30002513,J.T. Compher,points,rf_qrf_points,0.3.0,empirical_qrf,0.005145474351356705,0.0,0.0,,4935908734271347323,2026-01-08 19:03:33.460826
2026-01-08,24660,DET,VAN,30003160,Alex DeBrincat,points,rf_qrf_points,0.3.0,empirical_qrf,0.048537698412698414,0.0,0.25,,4935908734271347323,2026-01-08 19:03:33.460826
2026-01-08,24660,DET,VAN,30003644,Michael Rasmussen,points,rf_qrf_points,0.3.0,empirical_qrf,0.0400592408091851,0.0,0.09090909090909091,,4935908734271347323,2026-01-08 19:03:33.460826
2026-01-08,24660,DET,VAN,30003744,Mason Appleton,points,rf_qrf_points,0.3.0,empirical_qrf,0.12248670089047038,0.0,0.23529411764705882,,4935908734271347323,2026-01-08 19:03:33.460826
2026-01-08,24660,DET,VAN,30004102,Jacob Bernard-Docker,points,rf_qrf_points,0.3.0,empirical_qrf,0.0,0.0,0.0,,4935908734271347323,2026-01-08 19:03:33.460826
2026-01-08,24660,DET,VAN,30004186,Joel L'Esperance,points,rf_qrf_points,0.3.0,empirical_qrf,0.00949430804398776,0.0,0.018957345971563982,,4935908734271347323,2026-01-08 19:03:33.460826
2026-01-08,24660,DET,VAN,30004475,Moritz Seider,points,rf_qrf_points,0.3.0,empirical_qrf,0.0020833333333333333,0.0,0.0,,4935908734271347323,2026-01-08 19:03:33.460826
2026-01-08,24660,DET,VAN,30004548,Albert Johansson,points,rf_qrf_points,0.3.0,empirical_qrf,0.0,0.0,0.0,,4935908734271347323,2026-01-08 19:03:33.460826
2026-01-08,24660,DET,VAN,30004561,Antti Tuomisto,points,rf_qrf_points,0.3.0,empirical_qrf,0.006035471884442526,0.0,0.011940298507462687,,4935908734271347323,2026-01-08 19:03:33.460826
2026-01-08,24660,DET,VAN,30004758,John Leonard,points,rf_qrf_points,0.3.0,empirical_qrf,0.3542575686840393,0.0,0.805714285714287,,4935908734271347323,2026-01-08 19:03:33.460826
2026-01-08,24660,DET,VAN,30004816,Lucas Raymond,points,rf_qrf_points,0.3.0,empirical_qrf,0.06573280423280423,0.0,0.0,,4935908734271347323,2026-01-08 19:03:33.460826
2026-01-08,24660,DET,VAN,30004884,William Wallinder,points,rf_qrf_points,0.3.0,empirical_qrf,0.0,0.0,0.0,,4935908734271347323,2026-01-08 19:03:33.460826
2026-01-08,24660,DET,VAN,30004983,Sebastian Cossa,points,rf_qrf_points,0.3.0,empirical_qrf,0.00820765247857426,0.0064212805612835246,0.009962049460168442,,4935908734271347323,2026-01-08 19:03:33.460826
2026-01-08,24660,DET,VAN,30004984,Simon Edvinsson,points,rf_qrf_points,0.3.0,empirical_qrf,0.03391666666666667,0.0,0.0,,4935908734271347323,2026-01-08 19:03:33.460826
2026-01-08,24660,DET,VAN,30005482,Carter Mazur,points,rf_qrf_points,0.3.0,empirical_qrf,0.0,0.0,0.0,,4935908734271347323,2026-01-08 19:03:33.460826
2026-01-08,24660,DET,VAN,30005489,Elmer Soderblom,points,rf_qrf_points,0.3.0,empirical_qrf,0.0,0.0,0.0,,4935908734271347323,2026-01-08 19:03:33.460826
2026-01-08,24660,DET,VAN,30005630,Marco Kasper,points,rf_qrf_points,0.3.0,empirical_qrf,0.0004166666666666667,0.0,0.0,,4935908734271347323,2026-01-08 19:03:33.460826
2026-01-08,24660,DET,VAN,30005780,Amadeus Lombardi,points,rf_qrf_points,0.3.0,empirical_qrf,0.0,0.0,0.0,,4935908734271347323,2026-01-08 19:03:33.460826
2026-01-08,24660,DET,VAN,30006015,Alexandre Doucet,points,rf_qrf_points,0.3.0,empirical_qrf,0.012175833830151965,0.0,0.024096385542168676,,4935908734271347323,2026-01-08 19:03:33.460826
2026-01-08,24660,DET,VAN,30006059,Nate Danielson,points,rf_qrf_points,0.3.0,empirical_qrf,0.0020833333333333333,0.0,0.0,,4935908734271347323,2026-01-08 19:03:33.460826
2026-01-08,24660,DET,VAN,30006071,Axel Sandin-Pellikka,points,rf_qrf_points,0.3.0,empirical_qrf,0.023617724867724867,0.0,0.0,,4935908734271347323,2026-01-08 19:03:33.460826
2026-01-08,24660,DET,VAN,30006201,Emmitt Finnie,points,rf_qrf_points,0.3.0,empirical_qrf,0.056375706220805503,0.0,0.14285714285714285,,4935908734271347323,2026-01-08 19:03:33.460826
2026-01-08,24661,CGY,BOS,30000032,Nazem Kadri,points,rf_qrf_points,0.3.0,empirical_qrf,0.0,0.0,0.0,,4935908734271347323,2026-01-08 19:03:33.460826
2026-01-08,24661,CGY,BOS,30000103,Mikael Backlund,points,rf_qrf_points,0.3.0,empirical_qrf,0.0,0.0,0.0,,4935908734271347323,2026-01-08 19:03:33.460826
2026-01-08,24661,CGY,BOS,30000237,MacKenzie Weegar,points,rf_qrf_points,0.3.0,empirical_qrf,0.05065337441803045,0.0,0.12,,4935908734271347323,2026-01-08 19:03:33.460826
2026-01-08,24661,CGY,BOS,30000311,Blake Coleman,points,rf_qrf_points,0.3.0,empirical_qrf,0.034343220419629665,0.0,0.07042253521126761,,4935908734271347323,2026-01-08 19:03:33.460826
2026-01-08,24661,CGY,BOS,30000766,Jonathan Huberdeau,points,rf_qrf_points,0.3.0,empirical_qrf,0.0,0.0,0.0,,4935908734271347323,2026-01-08 19:03:33.460826
2026-01-08,24661,CGY,BOS,30001029,Martin Frk,points,rf_qrf_points,0.3.0,empirical_qrf,0.0022078725340219595,0.0,0.0,,4935908734271347323,2026-01-08 19:03:33.460826
2026-01-08,24661,CGY,BOS,30001133,Rasmus Andersson,points,rf_qrf_points,0.3.0,empirical_qrf,0.0,0.0,0.0,,4935908734271347323,2026-01-08 19:03:33.460826
2026-01-08,24661,CGY,BOS,30001248,Joel Hanley,points,rf_qrf_points,0.3.0,empirical_qrf,0.03642708389927966,0.0,0.08695652173913043,,4935908734271347323,2026-01-08 19:03:33.460826
2026-01-08,24661,CGY,BOS,30002217,Ryan Lomberg,points,rf_qrf_points,0.3.0,empirical_qrf,0.05257058420770203,0.013888888888888888,0.09280748022057062,,4935908734271347323,2026-01-08 19:03:33.460826
2026-01-08,24661,CGY,BOS,30002595,Justin Kirkland,points,rf_qrf_points,0.3.0,empirical_qrf,0.0,0.0,0.0,,4935908734271347323,2026-01-08 19:03:33.460826
2026-01-08,24661,CGY,BOS,30002668,Clark Bishop,points,rf_qrf_points,0.3.0,empirical_qrf,0.006035471884442526,0.0,0.011940298507462687,,4935908734271347323,2026-01-08 19:03:33.460826
2026-01-08,24661,CGY,BOS,30003001,Dryden Hunt,points,rf_qrf_points,0.3.0,empirical_qrf,0.0,0.0,0.0,,4935908734271347323,2026-01-08 19:03:33.460826
2026-01-08,24661,CGY,BOS,30003145,Jake Bean,points,rf_qrf_points,0.3.0,empirical_qrf,0.01707979706231287,0.00835782703412981,0.028131393498522395,,4935908734271347323,2026-01-08 19:03:33.460826
2026-01-08,24661,CGY,BOS,30003418,Alex Gallant,points,rf_qrf_points,0.3.0,empirical_qrf,0.00820765247857426,0.0064212805612835246,0.009962049460168442,,4935908734271347323,2026-01-08 19:03:33.460826
2026-01-08,24661,CGY,BOS,30003656,Morgan Frost,points,rf_qrf_points,0.3.0,empirical_qrf,0.0,0.0,0.0,,4935908734271347323,2026-01-08 19:03:33.460826
2026-01-08,24661,CGY,BOS,30004089,Joel Farabee,points,rf_qrf_points,0.3.0,empirical_qrf,0.05859457671957672,0.0,0.25,,4935908734271347323,2026-01-08 19:03:33.460826
2026-01-08,24661,CGY,BOS,30004162,Kevin Bahl,points,rf_qrf_points,0.3.0,empirical_qrf,0.0,0.0,0.0,,4935908734271347323,2026-01-08 19:03:33.460826
2026-01-08,24661,CGY,BOS,30004190,Yegor Sharangovich,points,rf_qrf_points,0.3.0,empirical_qrf,0.0012857142857142856,0.0,0.0,,4935908734271347323,2026-01-08 19:03:33.460826
2026-01-08,24661,CGY,BOS,30004310,Brayden Pachal,points,rf_qrf_points,0.3.0,empirical_qrf,0.0,0.0,0.0,,4935908734271347323,2026-01-08 19:03:33.460826
2026-01-08,24661,CGY,BOS,30004363,Martin Pospisil,points,rf_qrf_points,0.3.0,empirical_qrf,0.0,0.0,0.0,,4935908734271347323,2026-01-08 19:03:33.460826
2026-01-08,24661,CGY,BOS,30004493,John Beecher,points,rf_qrf_points,0.3.0,empirical_qrf,0.0,0.0,0.0,,4935908734271347323,2026-01-08 19:03:33.460826
2026-01-08,24661,CGY,BOS,30004665,Dustin Wolf,points,rf_qrf_points,0.3.0,empirical_qrf,0.00820765247857426,0.0064212805612835246,0.009962049460168442,,4935908734271347323,2026-01-08 19:03:33.460826
2026-01-08,24661,CGY,BOS,30004791,Devin Cooley,points,rf_qrf_points,0.3.0,empirical_qrf,0.00820765247857426,0.0064212805612835246,0.009962049460168442,,4935908734271347323,2026-01-08 19:03:33.460826
2026-01-08,24661,CGY,BOS,30004823,Connor Zary,points,rf_qrf_points,0.3.0,empirical_qrf,0.0,0.0,0.0,,4935908734271347323,2026-01-08 19:03:33.460826
2026-01-08,24661,CGY,BOS,30004855,Yan Kuznetsov,points,rf_qrf_points,0.3.0,empirical_qrf,0.024770822503674423,0.006622516556291391,0.0448789974070873,,4935908734271347323,2026-01-08 19:03:33.460826
2026-01-08,24661,CGY,BOS,30004869,Jeremie Poirier,points,rf_qrf_points,0.3.0,empirical_qrf,0.00820765247857426,0.0064212805612835246,0.009962049460168442,,4935908734271347323,2026-01-08 19:03:33.460826
2026-01-08,24661,CGY,BOS,30004925,Daniil Miromanov,points,rf_qrf_points,0.3.0,empirical_qrf,0.0,0.0,0.0,,4935908734271347323,2026-01-08 19:03:33.460826
2026-01-08,24661,CGY,BOS,30004993,Matt Coronato,points,rf_qrf_points,0.3.0,empirical_qrf,0.0,0.0,0.0,,4935908734271347323,2026-01-08 19:03:33.460826
2026-01-08,24661,CGY,BOS,30005038,William Stromgren,points,rf_qrf_points,0.3.0,empirical_qrf,0.00820765247857426,0.0064212805612835246,0.009962049460168442,,4935908734271347323,2026-01-08 19:03:33.460826
2026-01-08,24661,CGY,BOS,30005139,Lucas Ciona,points,rf_qrf_points,0.3.0,empirical_qrf,0.00820765247857426,0.0064212805612835246,0.009962049460168442,,4935908734271347323,2026-01-08 19:03:33.460826
2026-01-08,24661,CGY,BOS,30005142,Rory Kerins,points,rf_qrf_points,0.3.0,empirical_qrf,0.0014047619047619047,0.0,0.0,,4935908734271347323,2026-01-08 19:03:33.460826
2026-01-08,24661,CGY,BOS,30005297,Nick Cicek,points,rf_qrf_points,0.3.0,empirical_qrf,0.012378840174405692,0.0,0.0294556628621598,,4935908734271347323,2026-01-08 19:03:33.460826
2026-01-08,24661,CGY,BOS,30005595,Adam Klapka,points,rf_qrf_points,0.3.0,empirical_qrf,0.20543849919430415,0.0,0.47352941176470653,,4935908734271347323,2026-01-08 19:03:33.460826
2026-01-08,24661,CGY,BOS,30005729,Parker Bell,points,rf_qrf_points,0.3.0,empirical_qrf,0.00820765247857426,0.0064212805612835246,0.009962049460168442,,4935908734271347323,2026-01-08 19:03:33.460826
2026-01-08,24661,CGY,BOS,30006084,Samuel Honzek,points,rf_qrf_points,0.3.0,empirical_qrf,0.05065337441803045,0.0,0.12,,4935908734271347323,2026-01-08 19:03:33.460826
2026-01-08,24661,CGY,BOS,30006111,Etienne Morin,points,rf_qrf_points,0.3.0,empirical_qrf,0.0,0.0,0.0,,4935908734271347323,2026-01-08 19:03:33.460826
2026-01-08,24661,CGY,BOS,30006136,Hunter Brzustewicz,points,rf_qrf_points,0.3.0,empirical_qrf,0.20543849919430415,0.0,0.47352941176470653,,4935908734271347323,2026-01-08 19:03:33.460826
2026-01-08,24661,CGY,BOS,30006371,Matt Radomsky,points,rf_qrf_points,0.3.0,empirical_qrf,0.00820765247857426,0.0064212805612835246,0.009962049460168442,,4935908734271347323,2026-01-08 19:03:33.460826
2026-01-08,24661,CGY,BOS,30006372,Connor Murphy,points,rf_qrf_points,0.3.0,empirical_qrf,0.00820765247857426,0.0064212805612835246,0.009962049460168442,,4935908734271347323,2026-01-08 19:03:33.460826
2026-01-08,24661,BOS,CGY,30000245,Viktor Arvidsson,points,rf_qrf_points,0.3.0,empirical_qrf,0.05257058420770203,0.013888888888888888,0.09280748022057062,,4935908734271347323,2026-01-08 19:03:33.460826
2026-01-08,24661,BOS,CGY,30000393,Joonas Korpisalo,points,rf_qrf_points,0.3.0,empirical_qrf,0.00820765247857426,0.0064212805612835246,0.009962049460168442,,4935908734271347323,2026-01-08 19:03:33.460826
2026-01-08,24661,BOS,CGY,30000607,David Pastrnak,points,rf_qrf_points,0.3.0,empirical_qrf,0.01816468253968254,0.0,0.0,,4935908734271347323,2026-01-08 19:03:33.460826
2026-01-08,24661,BOS,CGY,30000630,Patrick Brown,points,rf_qrf_points,0.3.0,empirical_qrf,0.0021810134310134306,0.0,0.0,,4935908734271347323,2026-01-08 19:03:33.460826
2026-01-08,24661,BOS,CGY,30000636,Elias Lindholm,points,rf_qrf_points,0.3.0,empirical_qrf,0.01411111111111111,0.0,0.0,,4935908734271347323,2026-01-08 19:03:33.460826
2026-01-08,24661,BOS,CGY,30000909,Nikita Zadorov,points,rf_qrf_points,0.3.0,empirical_qrf,0.00125,0.0,0.0,,4935908734271347323,2026-01-08 19:03:33.460826
2026-01-08,24661,BOS,CGY,30000995,Pavel Zacha,points,rf_qrf_points,0.3.0,empirical_qrf,0.0,0.0,0.0,,4935908734271347323,2026-01-08 19:03:33.460826
2026-01-08,24661,BOS,CGY,30001264,Hampus Lindholm,points,rf_qrf_points,0.3.0,empirical_qrf,0.05257058420770203,0.013888888888888888,0.09280748022057062,,4935908734271347323,2026-01-08 19:03:33.460826
2026-01-08,24661,BOS,CGY,30002853,Sean Kuraly,points,rf_qrf_points,0.3.0,empirical_qrf,0.0,0.0,0.0,,4935908734271347323,2026-01-08 19:03:33.460826
2026-01-08,24661,BOS,CGY,30003020,Kasimir Kaskisuo,points,rf_qrf_points,0.3.0,empirical_qrf,0.001119558682058682,0.0,0.0,,4935908734271347323,2026-01-08 19:03:33.460826
2026-01-08,24661,BOS,CGY,30003147,Charlie McAvoy,points,rf_qrf_points,0.3.0,empirical_qrf,0.0,0.0,0.0,,4935908734271347323,2026-01-08 19:03:33.460826
2026-01-08,24661,BOS,CGY,30003151,Riley Tufte,points,rf_qrf_points,0.3.0,empirical_qrf,0.0,0.0,0.0,,4935908734271347323,2026-01-08 19:03:33.460826
2026-01-08,24661,BOS,CGY,30003185,Andrew Peeke,points,rf_qrf_points,0.3.0,empirical_qrf,0.01707979706231287,0.00835782703412981,0.028131393498522395,,4935908734271347323,2026-01-08 19:03:33.460826
2026-01-08,24661,BOS,CGY,30003401,Jeffrey Viel,points,rf_qrf_points,0.3.0,empirical_qrf,0.0,0.0,0.0,,4935908734271347323,2026-01-08 19:03:33.460826
2026-01-08,24661,BOS,CGY,30003442,Tanner Jeannot,points,rf_qrf_points,0.3.0,empirical_qrf,0.011215549283234972,0.0,0.02610983981693364,,4935908734271347323,2026-01-08 19:03:33.460826
2026-01-08,24661,BOS,CGY,30003581,Shane Starrett,points,rf_qrf_points,0.3.0,empirical_qrf,0.0,0.0,0.0,,4935908734271347323,2026-01-08 19:03:33.460826
2026-01-08,24661,BOS,CGY,30003643,Casey Mittelstadt,points,rf_qrf_points,0.3.0,empirical_qrf,0.006089947089947089,0.0,0.0,,4935908734271347323,2026-01-08 19:03:33.460826
2026-01-08,24661,BOS,CGY,30003657,Henri Jokiharju,points,rf_qrf_points,0.3.0,empirical_qrf,0.0,0.0,0.0,,4935908734271347323,2026-01-08 19:03:33.460826
2026-01-08,24661,BOS,CGY,30003704,Morgan Geekie,points,rf_qrf_points,0.3.0,empirical_qrf,0.014583333333333334,0.0,0.0,,4935908734271347323,2026-01-08 19:03:33.460826
2026-01-08,24661,BOS,CGY,30003890,Mikey Eyssimont,points,rf_qrf_points,0.3.0,empirical_qrf,0.024868386243386244,0.0,0.0,,4935908734271347323,2026-01-08 19:03:33.460826
2026-01-08,24661,BOS,CGY,30003912,Mark Kastelic,points,rf_qrf_points,0.3.0,empirical_qrf,0.00949430804398776,0.0,0.018957345971563982,,4935908734271347323,2026-01-08 19:03:33.460826
2026-01-08,24661,BOS,CGY,30003991,Jeremy Swayman,points,rf_qrf_points,0.3.0,empirical_qrf,0.00820765247857426,0.0064212805612835246,0.009962049460168442,,4935908734271347323,2026-01-08 19:03:33.460826
2026-01-08,24661,BOS,CGY,30004166,Jordan Harris,points,rf_qrf_points,0.3.0,empirical_qrf,0.010119047619047618,0.0,0.0,,4935908734271347323,2026-01-08 19:03:33.460826
2026-01-08,24661,BOS,CGY,30004281,Jonathan Aspirot,points,rf_qrf_points,0.3.0,empirical_qrf,0.01707979706231287,0.00835782703412981,0.028131393498522395,,4935908734271347323,2026-01-08 19:03:33.460826
2026-01-08,24661,BOS,CGY,30004477,Victor Soderstrom,points,rf_qrf_points,0.3.0,empirical_qrf,0.0011666666666666665,0.0,0.0,,4935908734271347323,2026-01-08 19:03:33.460826
2026-01-08,24661,BOS,CGY,30004513,John Farinacci,points,rf_qrf_points,0.3.0,empirical_qrf,0.0,0.0,0.0,,4935908734271347323,2026-01-08 19:03:33.460826
2026-01-08,24661,BOS,CGY,30004546,Vladislav Kolyachonok,points,rf_qrf_points,0.3.0,empirical_qrf,0.0,0.0,0.0,,4935908734271347323,2026-01-08 19:03:33.460826
2026-01-08,24661,BOS,CGY,30004640,Francois Brassard,points,rf_qrf_points,0.3.0,empirical_qrf,0.012378840174405692,0.0,0.0294556628621598,,4935908734271347323,2026-01-08 19:03:33.460826
2026-01-08,24661,BOS,CGY,30004851,Marat Khusnutdinov,points,rf_qrf_points,0.3.0,empirical_qrf,0.3542575686840393,0.0,0.805714285714287,,4935908734271347323,2026-01-08 19:03:33.460826
2026-01-08,24661,BOS,CGY,30004858,Mason Lohrei,points,rf_qrf_points,0.3.0,empirical_qrf,0.02779678419418945,0.0,0.06681818181818185,,4935908734271347323,2026-01-08 19:03:33.460826
2026-01-08,24661,BOS,CGY,30004929,Alex Steeves,points,rf_qrf_points,0.3.0,empirical_qrf,0.0,0.0,0.0,,4935908734271347323,2026-01-08 19:03:33.460826
2026-01-08,24661,BOS,CGY,30004998,Fabian Lysell,points,rf_qrf_points,0.3.0,empirical_qrf,0.056375706220805503,0.0,0.14285714285714285,,4935908734271347323,2026-01-08 19:03:33.460826
2026-01-08,24661,BOS,CGY,30005130,Brett Harrison,points,rf_qrf_points,0.3.0,empirical_qrf,0.6684424603174604,0.0,2.5,,4935908734271347323,2026-01-08 19:03:33.460826
2026-01-08,24661,BOS,CGY,30005170,Maximus Wanner,points,rf_qrf_points,0.3.0,empirical_qrf,0.00820765247857426,0.0064212805612835246,0.009962049460168442,,4935908734271347323,2026-01-08 19:03:33.460826
2026-01-08,24661,BOS,CGY,30005341,Shawn Element,points,rf_qrf_points,0.3.0,empirical_qrf,0.00820765247857426,0.0064212805612835246,0.009962049460168442,,4935908734271347323,2026-01-08 19:03:33.460826
2026-01-08,24661,BOS,CGY,30005367,Michael Callahan,points,rf_qrf_points,0.3.0,empirical_qrf,0.0,0.0,0.0,,4935908734271347323,2026-01-08 19:03:33.460826
2026-01-08,24661,BOS,CGY,30005580,Georgi Merkulov,points,rf_qrf_points,0.3.0,empirical_qrf,0.0,0.0,0.0,,4935908734271347323,2026-01-08 19:03:33.460826
2026-01-08,24661,BOS,CGY,30005651,Matthew Poitras,points,rf_qrf_points,0.3.0,empirical_qrf,0.0400592408091851,0.0,0.09090909090909091,,4935908734271347323,2026-01-08 19:03:33.460826
2026-01-08,24661,BOS,CGY,30005658,Fraser Minten,points,rf_qrf_points,0.3.0,empirical_qrf,0.02779678419418945,0.0,0.06681818181818185,,4935908734271347323,2026-01-08 19:03:33.460826
2026-01-08,24661,BOS,CGY,30005749,Nolan Maier,points,rf_qrf_points,0.3.0,empirical_qrf,0.0025619658119658117,0.0,0.0,,4935908734271347323,2026-01-08 19:03:33.460826
2026-01-08,24661,BOS,CGY,30005760,Joseph Abate,points,rf_qrf_points,0.3.0,empirical_qrf,0.01707979706231287,0.00835782703412981,0.028131393498522395,,4935908734271347323,2026-01-08 19:03:33.460826
2026-01-08,24661,BOS,CGY,30005797,Frederic Brunet,points,rf_qrf_points,0.3.0,empirical_qrf,0.011302686982604932,0.0,0.024600283343452743,,4935908734271347323,2026-01-08 19:03:33.460826
2026-01-08,24661,BOS,CGY,30005798,Jackson Edward,points,rf_qrf_points,0.3.0,empirical_qrf,0.21966039732254908,0.0,0.4166666666666667,,4935908734271347323,2026-01-08 19:03:33.460826
2026-01-08,24661,BOS,CGY,30006392,Luke Cavallin,points,rf_qrf_points,0.3.0,empirical_qrf,0.00820765247857426,0.0064212805612835246,0.009962049460168442,,4935908734271347323,2026-01-08 19:03:33.460826
2026-01-08,24662,EDM,WPG,30000180,Josh Brown,points,rf_qrf_points,0.3.0,empirical_qrf,0.0,0.0,0.0,,4935908734271347323,2026-01-08 19:03:33.460826
2026-01-08,24662,EDM,WPG,30000250,Mattias Ekholm,points,rf_qrf_points,0.3.0,empirical_qrf,0.0026164622414622416,0.0,0.0,,4935908734271347323,2026-01-08 19:03:33.460826
2026-01-08,24662,EDM,WPG,30000392,Tristan Jarry,points,rf_qrf_points,0.3.0,empirical_qrf,0.00820765247857426,0.0064212805612835246,0.009962049460168442,,4935908734271347323,2026-01-08 19:03:33.460826
2026-01-08,24662,EDM,WPG,30000440,Zach Hyman,points,rf_qrf_points,0.3.0,empirical_qrf,0.00820765247857426,0.0064212805612835246,0.009962049460168442,,4935908734271347323,2026-01-08 19:03:33.460826
2026-01-08,24662,EDM,WPG,30000443,Kasperi Kapanen,points,rf_qrf_points,0.3.0,empirical_qrf,0.015477758717890297,0.0,0.0,,4935908734271347323,2026-01-08 19:03:33.460826
2026-01-08,24662,EDM,WPG,30000540,Ryan Nugent-Hopkins,points,rf_qrf_points,0.3.0,empirical_qrf,0.0,0.0,0.0,,4935908734271347323,2026-01-08 19:03:33.460826
2026-01-08,24662,EDM,WPG,30000549,Darnell Nurse,points,rf_qrf_points,0.3.0,empirical_qrf,0.0067539682539682535,0.0,0.0,,4935908734271347323,2026-01-08 19:03:33.460826
2026-01-08,24662,EDM,WPG,30000752,Mattias Janmark,points,rf_qrf_points,0.3.0,empirical_qrf,0.0,0.0,0.0,,4935908734271347323,2026-01-08 19:03:33.460826
2026-01-08,24662,EDM,WPG,30000965,Curtis Lazar,points,rf_qrf_points,0.3.0,empirical_qrf,0.0,0.0,0.0,,4935908734271347323,2026-01-08 19:03:33.460826
2026-01-08,24662,EDM,WPG,30000987,Adam Henrique,points,rf_qrf_points,0.3.0,empirical_qrf,0.0,0.0,0.0,,4935908734271347323,2026-01-08 19:03:33.460826
2026-01-08,24662,EDM,WPG,30001076,Leon Draisaitl,points,rf_qrf_points,0.3.0,empirical_qrf,0.0005555555555555556,0.0,0.0,,4935908734271347323,2026-01-08 19:03:33.460826
2026-01-08,24662,EDM,WPG,30001233,Connor McDavid,points,rf_qrf_points,0.3.0,empirical_qrf,0.010499999999999999,0.0,0.0,,4935908734271347323,2026-01-08 19:03:33.460826
2026-01-08,24662,EDM,WPG,30001304,Calvin Pickard,points,rf_qrf_points,0.3.0,empirical_qrf,0.00820765247857426,0.0064212805612835246,0.009962049460168442,,4935908734271347323,2026-01-08 19:03:33.460826
2026-01-08,24662,EDM,WPG,30001368,Seth Griffith,points,rf_qrf_points,0.3.0,empirical_qrf,0.00820765247857426,0.0064212805612835246,0.009962049460168442,,4935908734271347323,2026-01-08 19:03:33.460826
2026-01-08,24662,EDM,WPG,30002218,Andrew Mangiapane,points,rf_qrf_points,0.3.0,empirical_qrf,0.0001388888888888889,0.0,0.0,,4935908734271347323,2026-01-08 19:03:33.460826
2026-01-08,24662,EDM,WPG,30002623,Jake Walman,points,rf_qrf_points,0.3.0,empirical_qrf,0.005145474351356705,0.0,0.0,,4935908734271347323,2026-01-08 19:03:33.460826
2026-01-08,24662,EDM,WPG,30002787,Connor Ingram,points,rf_qrf_points,0.3.0,empirical_qrf,0.00820765247857426,0.0064212805612835246,0.009962049460168442,,4935908734271347323,2026-01-08 19:03:33.460826
2026-01-08,24662,EDM,WPG,30002824,Jack Roslovic,points,rf_qrf_points,0.3.0,empirical_qrf,0.01707979706231287,0.00835782703412981,0.028131393498522395,,4935908734271347323,2026-01-08 19:03:33.460826
2026-01-08,24662,EDM,WPG,30003142,Max Jones,points,rf_qrf_points,0.3.0,empirical_qrf,0.0,0.0,0.0,,4935908734271347323,2026-01-08 19:03:33.460826
2026-01-08,24662,EDM,WPG,30003157,Trent Frederic,points,rf_qrf_points,0.3.0,empirical_qrf,0.0,0.0,0.0,,4935908734271347323,2026-01-08 19:03:33.460826
2026-01-08,24662,EDM,WPG,30003211,Rem Pitlick,points,rf_qrf_points,0.3.0,empirical_qrf,0.00820765247857426,0.0064212805612835246,0.009962049460168442,,4935908734271347323,2026-01-08 19:03:33.460826
2026-01-08,24662,EDM,WPG,30003345,Riley Stillman,points,rf_qrf_points,0.3.0,empirical_qrf,0.0,0.0,0.0,,4935908734271347323,2026-01-08 19:03:33.460826
2026-01-08,24662,EDM,WPG,30003770,Matt Tomkins,points,rf_qrf_points,0.3.0,empirical_qrf,0.00820765247857426,0.0064212805612835246,0.009962049460168442,,4935908734271347323,2026-01-08 19:03:33.460826
2026-01-08,24662,EDM,WPG,30004081,Evan Bouchard,points,rf_qrf_points,0.3.0,empirical_qrf,0.0031111111111111114,0.0,0.0,,4935908734271347323,2026-01-08 19:03:33.460826
2026-01-08,24662,EDM,WPG,30004156,Alec Regula,points,rf_qrf_points,0.3.0,empirical_qrf,0.01707979706231287,0.00835782703412981,0.028131393498522395,,4935908734271347323,2026-01-08 19:03:33.460826
2026-01-08,24662,EDM,WPG,30004165,Ty Emberson,points,rf_qrf_points,0.3.0,empirical_qrf,0.0,0.0,0.0,,4935908734271347323,2026-01-08 19:03:33.460826
2026-01-08,24662,EDM,WPG,30004370,Spencer Stastney,points,rf_qrf_points,0.3.0,empirical_qrf,0.006035471884442526,0.0,0.011940298507462687,,4935908734271347323,2026-01-08 19:03:33.460826
2026-01-08,24662,EDM,WPG,30004476,Vasily Podkolzin,points,rf_qrf_points,0.3.0,empirical_qrf,0.001722222222222222,0.0,0.0,,4935908734271347323,2026-01-08 19:03:33.460826
2026-01-08,24662,EDM,WPG,30004490,Sam Poulin,points,rf_qrf_points,0.3.0,empirical_qrf,0.024770822503674423,0.006622516556291391,0.0448789974070873,,4935908734271347323,2026-01-08 19:03:33.460826
2026-01-08,24662,EDM,WPG,30004625,Mason Millman,points,rf_qrf_points,0.3.0,empirical_qrf,0.17506665700029003,0.07299651567944251,0.2894736842105263,,4935908734271347323,2026-01-08 19:03:33.460826
2026-01-08,24662,EDM,WPG,30004871,Luke Prokop,points,rf_qrf_points,0.3.0,empirical_qrf,0.01707979706231287,0.00835782703412981,0.028131393498522395,,4935908734271347323,2026-01-08 19:03:33.460826
2026-01-08,24662,EDM,WPG,30005174,Matvey Petrov,points,rf_qrf_points,0.3.0,empirical_qrf,0.00820765247857426,0.0064212805612835246,0.009962049460168442,,4935908734271347323,2026-01-08 19:03:33.460826
2026-01-08,24662,EDM,WPG,30005177,James Hamblin,points,rf_qrf_points,0.3.0,empirical_qrf,0.0,0.0,0.0,,4935908734271347323,2026-01-08 19:03:33.460826
2026-01-08,24662,EDM,WPG,30005185,Jayden Grubbe,points,rf_qrf_points,0.3.0,empirical_qrf,0.01707979706231287,0.00835782703412981,0.028131393498522395,,4935908734271347323,2026-01-08 19:03:33.460826
2026-01-08,24662,EDM,WPG,30005633,Matt Savoie,points,rf_qrf_points,0.3.0,empirical_qrf,0.0,0.0,0.0,,4935908734271347323,2026-01-08 19:03:33.460826
2026-01-08,24662,EDM,WPG,30005731,Mats Lindgren,points,rf_qrf_points,0.3.0,empirical_qrf,0.00820765247857426,0.0064212805612835246,0.009962049460168442,,4935908734271347323,2026-01-08 19:03:33.460826
2026-01-08,24662,EDM,WPG,30005931,Brady Stonehouse,points,rf_qrf_points,0.3.0,empirical_qrf,0.00820765247857426,0.0064212805612835246,0.009962049460168442,,4935908734271347323,2026-01-08 19:03:33.460826
2026-01-08,24662,EDM,WPG,30006112,Beau Akey,points,rf_qrf_points,0.3.0,empirical_qrf,0.012175833830151965,0.0,0.024096385542168676,,4935908734271347323,2026-01-08 19:03:33.460826
2026-01-08,24662,EDM,WPG,30006225,Nathaniel Day,points,rf_qrf_points,0.3.0,empirical_qrf,0.00820765247857426,0.0064212805612835246,0.009962049460168442,,4935908734271347323,2026-01-08 19:03:33.460826
2026-01-08,24662,EDM,WPG,30006327,Matt Brown,points,rf_qrf_points,0.3.0,empirical_qrf,0.00820765247857426,0.0064212805612835246,0.009962049460168442,,4935908734271347323,2026-01-08 19:03:33.460826
2026-01-08,24662,EDM,WPG,30006393,Connor Clattenburg,points,rf_qrf_points,0.3.0,empirical_qrf,0.0,0.0,0.0,,4935908734271347323,2026-01-08 19:03:33.460826
2026-01-08,24662,WPG,EDM,30000060,Luke Schenn,points,rf_qrf_points,0.3.0,empirical_qrf,0.05257058420770203,0.013888888888888888,0.09280748022057062,,4935908734271347323,2026-01-08 19:03:33.460826
2026-01-08,24662,WPG,EDM,30000153,Tanner Pearson,points,rf_qrf_points,0.3.0,empirical_qrf,0.05257058420770203,0.013888888888888888,0.09280748022057062,,4935908734271347323,2026-01-08 19:03:33.460826
2026-01-08,24662,WPG,EDM,30000212,Colin Miller,points,rf_qrf_points,0.3.0,empirical_qrf,0.0558025893805762,0.0,0.10723938223938226,,4935908734271347323,2026-01-08 19:03:33.460826
2026-01-08,24662,WPG,EDM,30000371,Haydn Fleury,points,rf_qrf_points,0.3.0,empirical_qrf,0.0,0.0,0.0,,4935908734271347323,2026-01-08 19:03:33.460826
2026-01-08,24662,WPG,EDM,30000522,Nino Niederreiter,points,rf_qrf_points,0.3.0,empirical_qrf,0.0,0.0,0.0,,4935908734271347323,2026-01-08 19:03:33.460826
2026-01-08,24662,WPG,EDM,30000801,Connor Hellebuyck,points,rf_qrf_points,0.3.0,empirical_qrf,0.00820765247857426,0.0064212805612835246,0.009962049460168442,,4935908734271347323,2026-01-08 19:03:33.460826
2026-01-08,24662,WPG,EDM,30000826,Josh Morrissey,points,rf_qrf_points,0.3.0,empirical_qrf,0.0,0.0,0.0,,4935908734271347323,2026-01-08 19:03:33.460826
2026-01-08,24662,WPG,EDM,30000830,Mark Scheifele,points,rf_qrf_points,0.3.0,empirical_qrf,0.3542575686840393,0.0,0.805714285714287,,4935908734271347323,2026-01-08 19:03:33.460826
2026-01-08,24662,WPG,EDM,30000872,Jonathan Toews,points,rf_qrf_points,0.3.0,empirical_qrf,0.06729495790781582,0.022173913043478263,0.11641586867305065,,4935908734271347323,2026-01-08 19:03:33.460826
2026-01-08,24662,WPG,EDM,30001036,Gustav Nyquist,points,rf_qrf_points,0.3.0,empirical_qrf,0.0012857142857142856,0.0,0.0,,4935908734271347323,2026-01-08 19:03:33.460826
2026-01-08,24662,WPG,EDM,30001050,Vladislav Namestnikov,points,rf_qrf_points,0.3.0,empirical_qrf,0.23390350504901591,0.0,0.5714285714285714,,4935908734271347323,2026-01-08 19:03:33.460826
2026-01-08,24662,WPG,EDM,30001061,Eric Comrie,points,rf_qrf_points,0.3.0,empirical_qrf,0.00820765247857426,0.0064212805612835246,0.009962049460168442,,4935908734271347323,2026-01-08 19:03:33.460826
2026-01-08,24662,WPG,EDM,30001070,Adam Lowry,points,rf_qrf_points,0.3.0,empirical_qrf,0.0,0.0,0.0,,4935908734271347323,2026-01-08 19:03:33.460826
2026-01-08,24662,WPG,EDM,30001224,Dylan DeMelo,points,rf_qrf_points,0.3.0,empirical_qrf,0.0,0.0,0.0,,4935908734271347323,2026-01-08 19:03:33.460826
2026-01-08,24662,WPG,EDM,30002772,Kyle Connor,points,rf_qrf_points,0.3.0,empirical_qrf,0.005333333333333334,0.0,0.0,,4935908734271347323,2026-01-08 19:03:33.460826
2026-01-08,24662,WPG,EDM,30003148,Logan Stanley,points,rf_qrf_points,0.3.0,empirical_qrf,0.0,0.0,0.0,,4935908734271347323,2026-01-08 19:03:33.460826
2026-01-08,24662,WPG,EDM,30003172,Kale Clague,points,rf_qrf_points,0.3.0,empirical_qrf,0.0,0.0,0.0,,4935908734271347323,2026-01-08 19:03:33.460826
2026-01-08,24662,WPG,EDM,30003588,Alex Iafallo,points,rf_qrf_points,0.3.0,empirical_qrf,0.20791161616161616,0.0,0.5,,4935908734271347323,2026-01-08 19:03:33.460826
2026-01-08,24662,WPG,EDM,30003603,Neal Pionk,points,rf_qrf_points,0.3.0,empirical_qrf,0.0486468253968254,0.0,0.25,,4935908734271347323,2026-01-08 19:03:33.460826
2026-01-08,24662,WPG,EDM,30003664,Gabriel Vilardi,points,rf_qrf_points,0.3.0,empirical_qrf,0.02779678419418945,0.0,0.06681818181818185,,4935908734271347323,2026-01-08 19:03:33.460826
2026-01-08,24662,WPG,EDM,30003691,Dylan Samberg,points,rf_qrf_points,0.3.0,empirical_qrf,0.0,0.0,0.0,,4935908734271347323,2026-01-08 19:03:33.460826
2026-01-08,24662,WPG,EDM,30003692,Jaret Anderson-Dolan,points,rf_qrf_points,0.3.0,empirical_qrf,0.011215549283234972,0.0,0.02610983981693364,,4935908734271347323,2026-01-08 19:03:33.460826
2026-01-08,24662,WPG,EDM,30004110,David Gustafsson,points,rf_qrf_points,0.3.0,empirical_qrf,0.006035471884442526,0.0,0.011940298507462687,,4935908734271347323,2026-01-08 19:03:33.460826
2026-01-08,24662,WPG,EDM,30004389,Morgan Barron,points,rf_qrf_points,0.3.0,empirical_qrf,0.0,0.0,0.0,,4935908734271347323,2026-01-08 19:03:33.460826
2026-01-08,24662,WPG,EDM,30004496,Ville Heinola,points,rf_qrf_points,0.3.0,empirical_qrf,0.011302686982604932,0.0,0.024600283343452743,,4935908734271347323,2026-01-08 19:03:33.460826
2026-01-08,24662,WPG,EDM,30004534,Samuel Fagemo,points,rf_qrf_points,0.3.0,empirical_qrf,0.0,0.0,0.0,,4935908734271347323,2026-01-08 19:03:33.460826
2026-01-08,24662,WPG,EDM,30004813,Cole Perfetti,points,rf_qrf_points,0.3.0,empirical_qrf,0.05065337441803045,0.0,0.12,,4935908734271347323,2026-01-08 19:03:33.460826
2026-01-08,24662,WPG,EDM,30004943,Walker Duehr,points,rf_qrf_points,0.3.0,empirical_qrf,0.0,0.0,0.0,,4935908734271347323,2026-01-08 19:03:33.460826
2026-01-08,24662,WPG,EDM,30004945,Cole Koepke,points,rf_qrf_points,0.3.0,empirical_qrf,0.056375706220805503,0.0,0.14285714285714285,,4935908734271347323,2026-01-08 19:03:33.460826
2026-01-08,24662,WPG,EDM,30005036,Nikita Chibrikov,points,rf_qrf_points,0.3.0,empirical_qrf,0.0,0.0,0.0,,4935908734271347323,2026-01-08 19:03:33.460826
2026-01-08,24662,WPG,EDM,30005343,Jaydon Dureau,points,rf_qrf_points,0.3.0,empirical_qrf,0.2897563131313131,0.0,1.3333333333333333,,4935908734271347323,2026-01-08 19:03:33.460826
2026-01-08,24662,WPG,EDM,30005647,Brad Lambert,points,rf_qrf_points,0.3.0,empirical_qrf,0.017737157178333646,0.0,0.0,,4935908734271347323,2026-01-08 19:03:33.460826
2026-01-08,24662,WPG,EDM,30005668,Elias Salomonsson,points,rf_qrf_points,0.3.0,empirical_qrf,0.0,0.0,0.0,,4935908734271347323,2026-01-08 19:03:33.460826
2026-01-08,24662,WPG,EDM,30005684,Danil Zhilkin,points,rf_qrf_points,0.3.0,empirical_qrf,0.0006597222222222222,0.0,0.0,,4935908734271347323,2026-01-08 19:03:33.460826
2026-01-08,24662,WPG,EDM,30005716,Fabian Wagner,points,rf_qrf_points,0.3.0,empirical_qrf,0.00820765247857426,0.0064212805612835246,0.009962049460168442,,4935908734271347323,2026-01-08 19:03:33.460826
2026-01-08,24662,WPG,EDM,30005843,Thomas Milic,points,rf_qrf_points,0.3.0,empirical_qrf,0.00820765247857426,0.0064212805612835246,0.009962049460168442,,4935908734271347323,2026-01-08 19:03:33.460826
2026-01-08,24662,WPG,EDM,30005851,Dominic DiVincentiis,points,rf_qrf_points,0.3.0,empirical_qrf,0.00820765247857426,0.0064212805612835246,0.009962049460168442,,4935908734271347323,2026-01-08 19:03:33.460826
2026-01-08,24662,WPG,EDM,30006030,Parker Ford,points,rf_qrf_points,0.3.0,empirical_qrf,0.0010345977838237901,0.0,0.0,,4935908734271347323,2026-01-08 19:03:33.460826
2026-01-08,24662,WPG,EDM,30006076,Brayden Yager,points,rf_qrf_points,0.3.0,empirical_qrf,0.0,0.0,0.0,,4935908734271347323,2026-01-08 19:03:33.460826
2026-01-08,24662,WPG,EDM,30006082,Colby Barlow,points,rf_qrf_points,0.3.0,empirical_qrf,0.0002564102564102564,0.0,0.0,,4935908734271347323,2026-01-08 19:03:33.460826
2026-01-08,24662,WPG,EDM,30006260,Jacob Julien,points,rf_qrf_points,0.3.0,empirical_qrf,0.00820765247857426,0.0064212805612835246,0.009962049460168442,,4935908734271347323,2026-01-08 19:03:33.460826
2026-01-08,24662,WPG,EDM,30006309,Ethan Frisch,points,rf_qrf_points,0.3.0,empirical_qrf,0.06729495790781582,0.022173913043478263,0.11641586867305065,,4935908734271347323,2026-01-08 19:03:33.460826
2026-01-08,24663,NYI,NAS,30000204,Kyle Palmieri,points,rf_qrf_points,0.3.0,empirical_qrf,0.014777777777777775,0.0,0.0,,4935908734271347323,2026-01-08 19:03:33.460826
2026-01-08,24663,NYI,NAS,30000276,Anders Lee,points,rf_qrf_points,0.3.0,empirical_qrf,0.0,0.0,0.0,,4935908734271347323,2026-01-08 19:03:33.460826
2026-01-08,24663,NYI,NAS,30000290,Adam Pelech,points,rf_qrf_points,0.3.0,empirical_qrf,0.0,0.0,0.0,,4935908734271347323,2026-01-08 19:03:33.460826
2026-01-08,24663,NYI,NAS,30000292,Mathew Barzal,points,rf_qrf_points,0.3.0,empirical_qrf,0.0,0.0,0.0,,4935908734271347323,2026-01-08 19:03:33.460826
2026-01-08,24663,NYI,NAS,30000571,Anthony Duclair,points,rf_qrf_points,0.3.0,empirical_qrf,0.002579059829059829,0.0,0.0,,4935908734271347323,2026-01-08 19:03:33.460826
2026-01-08,24663,NYI,NAS,30000644,Chris Terry,points,rf_qrf_points,0.3.0,empirical_qrf,0.0,0.0,0.0,,4935908734271347323,2026-01-08 19:03:33.460826
2026-01-08,24663,NYI,NAS,30000733,Tony DeAngelo,points,rf_qrf_points,0.3.0,empirical_qrf,0.00125,0.0,0.0,,4935908734271347323,2026-01-08 19:03:33.460826
2026-01-08,24663,NYI,NAS,30000734,Jonathan Drouin,points,rf_qrf_points,0.3.0,empirical_qrf,0.0,0.0,0.0,,4935908734271347323,2026-01-08 19:03:33.460826
2026-01-08,24663,NYI,NAS,30000875,Semyon Varlamov,points,rf_qrf_points,0.3.0,empirical_qrf,0.00820765247857426,0.0064212805612835246,0.009962049460168442,,4935908734271347323,2026-01-08 19:03:33.460826
2026-01-08,24663,NYI,NAS,30000966,Jean-Gabriel Pageau,points,rf_qrf_points,0.3.0,empirical_qrf,0.0,0.0,0.0,,4935908734271347323,2026-01-08 19:03:33.460826
2026-01-08,24663,NYI,NAS,30000986,Seth Helgeson,points,rf_qrf_points,0.3.0,empirical_qrf,0.04497481988322872,0.0,0.08695652173913043,,4935908734271347323,2026-01-08 19:03:33.460826
2026-01-08,24663,NYI,NAS,30000999,Scott Mayfield,points,rf_qrf_points,0.3.0,empirical_qrf,0.05065337441803045,0.0,0.12,,4935908734271347323,2026-01-08 19:03:33.460826
2026-01-08,24663,NYI,NAS,30001003,Ryan Pulock,points,rf_qrf_points,0.3.0,empirical_qrf,0.05257058420770203,0.013888888888888888,0.09280748022057062,,4935908734271347323,2026-01-08 19:03:33.460826
2026-01-08,24663,NYI,NAS,30001155,Casey Cizikas,points,rf_qrf_points,0.3.0,empirical_qrf,0.05257058420770203,0.013888888888888888,0.09280748022057062,,4935908734271347323,2026-01-08 19:03:33.460826
2026-01-08,24663,NYI,NAS,30001276,Bo Horvat,points,rf_qrf_points,0.3.0,empirical_qrf,0.0,0.0,0.0,,4935908734271347323,2026-01-08 19:03:33.460826
2026-01-08,24663,NYI,NAS,30002533,Marcus Hogberg,points,rf_qrf_points,0.3.0,empirical_qrf,0.00820765247857426,0.0064212805612835246,0.009962049460168442,,4935908734271347323,2026-01-08 19:03:33.460826
2026-01-08,24663,NYI,NAS,30002618,Ilya Sorokin,points,rf_qrf_points,0.3.0,empirical_qrf,0.00820765247857426,0.0064212805612835246,0.009962049460168442,,4935908734271347323,2026-01-08 19:03:33.460826
2026-01-08,24663,NYI,NAS,30003126,David Rittich,points,rf_qrf_points,0.3.0,empirical_qrf,0.00820765247857426,0.0064212805612835246,0.009962049460168442,,4935908734271347323,2026-01-08 19:03:33.460826
2026-01-08,24663,NYI,NAS,30003189,Sean Day,points,rf_qrf_points,0.3.0,empirical_qrf,0.0,0.0,0.0,,4935908734271347323,2026-01-08 19:03:33.460826
2026-01-08,24663,NYI,NAS,30003541,Matthew Highmore,points,rf_qrf_points,0.3.0,empirical_qrf,0.00949430804398776,0.0,0.018957345971563982,,4935908734271347323,2026-01-08 19:03:33.460826
2026-01-08,24663,NYI,NAS,30004051,Pierre Engvall,points,rf_qrf_points,0.3.0,empirical_qrf,0.008333333333333333,0.0,0.0,,4935908734271347323,2026-01-08 19:03:33.460826
2026-01-08,24663,NYI,NAS,30004091,Adam Boqvist,points,rf_qrf_points,0.3.0,empirical_qrf,0.011302686982604932,0.0,0.024600283343452743,,4935908734271347323,2026-01-08 19:03:33.460826
2026-01-08,24663,NYI,NAS,30004176,Alexander Romanov,points,rf_qrf_points,0.3.0,empirical_qrf,0.0,0.0,0.0,,4935908734271347323,2026-01-08 19:03:33.460826
2026-01-08,24663,NYI,NAS,30004332,Kyle MacLean,points,rf_qrf_points,0.3.0,empirical_qrf,0.024770822503674423,0.006622516556291391,0.0448789974070873,,4935908734271347323,2026-01-08 19:03:33.460826
2026-01-08,24663,NYI,NAS,30004498,Simon Holmstrom,points,rf_qrf_points,0.3.0,empirical_qrf,0.0,0.0,0.0,,4935908734271347323,2026-01-08 19:03:33.460826
2026-01-08,24663,NYI,NAS,30004525,Adam Beckman,points,rf_qrf_points,0.3.0,empirical_qrf,0.0,0.0,0.0,,4935908734271347323,2026-01-08 19:03:33.460826
2026-01-08,24663,NYI,NAS,30004845,Emil Heineman,points,rf_qrf_points,0.3.0,empirical_qrf,0.15135780423280423,0.0,0.6666666666666666,,4935908734271347323,2026-01-08 19:03:33.460826
2026-01-08,24663,NYI,NAS,30005205,Tristan Lennox,points,rf_qrf_points,0.3.0,empirical_qrf,0.00820765247857426,0.0064212805612835246,0.009962049460168442,,4935908734271347323,2026-01-08 19:03:33.460826
2026-01-08,24663,NYI,NAS,30005262,Henrik Tikkanen,points,rf_qrf_points,0.3.0,empirical_qrf,0.00820765247857426,0.0064212805612835246,0.009962049460168442,,4935908734271347323,2026-01-08 19:03:33.460826
2026-01-08,24663,NYI,NAS,30005265,Eetu Liukas,points,rf_qrf_points,0.3.0,empirical_qrf,0.00820765247857426,0.0064212805612835246,0.009962049460168442,,4935908734271347323,2026-01-08 19:03:33.460826
2026-01-08,24663,NYI,NAS,30005661,Calle Odelius,points,rf_qrf_points,0.3.0,empirical_qrf,0.11699399225322062,0.0,0.2414838035527691,,4935908734271347323,2026-01-08 19:03:33.460826
2026-01-08,24663,NYI,NAS,30005705,Isaiah George,points,rf_qrf_points,0.3.0,empirical_qrf,0.0,0.0,0.0,,4935908734271347323,2026-01-08 19:03:33.460826
2026-01-08,24663,NYI,NAS,30005828,Marc Gatcomb,points,rf_qrf_points,0.3.0,empirical_qrf,0.12248670089047038,0.0,0.23529411764705882,,4935908734271347323,2026-01-08 19:03:33.460826
2026-01-08,24663,NYI,NAS,30005856,Daylan Kuefler,points,rf_qrf_points,0.3.0,empirical_qrf,0.00820765247857426,0.0064212805612835246,0.009962049460168442,,4935908734271347323,2026-01-08 19:03:33.460826
2026-01-08,24663,NYI,NAS,30005858,Matthew Maggio,points,rf_qrf_points,0.3.0,empirical_qrf,0.0,0.0,0.0,,4935908734271347323,2026-01-08 19:03:33.460826
2026-01-08,24663,NYI,NAS,30006038,Travis Mitchell,points,rf_qrf_points,0.3.0,empirical_qrf,0.006035471884442526,0.0,0.011940298507462687,,4935908734271347323,2026-01-08 19:03:33.460826
2026-01-08,24663,NYI,NAS,30006078,Calum Ritchie,points,rf_qrf_points,0.3.0,empirical_qrf,0.00802200577200577,0.0,0.0,,4935908734271347323,2026-01-08 19:03:33.460826
2026-01-08,24663,NYI,NAS,30006247,Justin Gill,points,rf_qrf_points,0.3.0,empirical_qrf,0.00820765247857426,0.0064212805612835246,0.009962049460168442,,4935908734271347323,2026-01-08 19:03:33.460826
2026-01-08,24663,NYI,NAS,30006400,Artem Kulakov,points,rf_qrf_points,0.3.0,empirical_qrf,0.00820765247857426,0.0064212805612835246,0.009962049460168442,,4935908734271347323,2026-01-08 19:03:33.460826
2026-01-08,24663,NYI,NAS,30006402,Joseph Cipollone,points,rf_qrf_points,0.3.0,empirical_qrf,0.00820765247857426,0.0064212805612835246,0.009962049460168442,,4935908734271347323,2026-01-08 19:03:33.460826
2026-01-08,24663,NYI,NAS,30006475,Maxim Tsyplakov,points,rf_qrf_points,0.3.0,empirical_qrf,0.0,0.0,0.0,,4935908734271347323,2026-01-08 19:03:33.460826
2026-01-08,24663,NYI,NAS,30006857,Matthew Schaefer,points,rf_qrf_points,0.3.0,empirical_qrf,0.0,0.0,0.0,,4935908734271347323,2026-01-08 19:03:33.460826
2026-01-08,24663,NYI,NAS,30006925,Maxim Shabanov,points,rf_qrf_points,0.3.0,empirical_qrf,0.0004305555555555556,0.0,0.0,,4935908734271347323,2026-01-08 19:03:33.460826
2026-01-08,24663,NAS,NYI,30000183,Filip Forsberg,points,rf_qrf_points,0.3.0,empirical_qrf,0.020067460317460317,0.0,0.0,,4935908734271347323,2026-01-08 19:03:33.460826
2026-01-08,24663,NAS,NYI,30000184,Roman Josi,points,rf_qrf_points,0.3.0,empirical_qrf,0.0,0.0,0.0,,4935908734271347323,2026-01-08 19:03:33.460826
2026-01-08,24663,NAS,NYI,30000222,Juuse Saros,points,rf_qrf_points,0.3.0,empirical_qrf,0.00820765247857426,0.0064212805612835246,0.009962049460168442,,4935908734271347323,2026-01-08 19:03:33.460826
2026-01-08,24663,NAS,NYI,30000324,Brady Skjei,points,rf_qrf_points,0.3.0,empirical_qrf,0.017737157178333646,0.0,0.0,,4935908734271347323,2026-01-08 19:03:33.460826
2026-01-08,24663,NAS,NYI,30000716,Daniel Carr,points,rf_qrf_points,0.3.0,empirical_qrf,0.007870626786067963,0.0,0.0,,4935908734271347323,2026-01-08 19:03:33.460826
2026-01-08,24663,NAS,NYI,30000720,Michael McCarron,points,rf_qrf_points,0.3.0,empirical_qrf,0.0,0.0,0.0,,4935908734271347323,2026-01-08 19:03:33.460826
2026-01-08,24663,NAS,NYI,30000743,Steven Stamkos,points,rf_qrf_points,0.3.0,empirical_qrf,0.0001388888888888889,0.0,0.0,,4935908734271347323,2026-01-08 19:03:33.460826
2026-01-08,24663,NAS,NYI,30000810,Erik Haula,points,rf_qrf_points,0.3.0,empirical_qrf,0.0,0.0,0.0,,4935908734271347323,2026-01-08 19:03:33.460826
2026-01-08,24663,NAS,NYI,30000979,Ryan O'Reilly,points,rf_qrf_points,0.3.0,empirical_qrf,0.010499999999999999,0.0,0.0,,4935908734271347323,2026-01-08 19:03:33.460826
2026-01-08,24663,NAS,NYI,30001048,Jonathan Marchessault,points,rf_qrf_points,0.3.0,empirical_qrf,0.049499999999999995,0.0,0.0,,4935908734271347323,2026-01-08 19:03:33.460826
2026-01-08,24663,NAS,NYI,30002591,Andreas Englund,points,rf_qrf_points,0.3.0,empirical_qrf,0.00949430804398776,0.0,0.018957345971563982,,4935908734271347323,2026-01-08 19:03:33.460826
2026-01-08,24663,NAS,NYI,30002859,Michael Bunting,points,rf_qrf_points,0.3.0,empirical_qrf,0.0019642857142857144,0.0,0.0,,4935908734271347323,2026-01-08 19:03:33.460826
2026-01-08,24663,NAS,NYI,30003140,Tyson Jost,points,rf_qrf_points,0.3.0,empirical_qrf,0.0004166666666666667,0.0,0.0,,4935908734271347323,2026-01-08 19:03:33.460826
2026-01-08,24663,NAS,NYI,30003206,Dylan Gambrell,points,rf_qrf_points,0.3.0,empirical_qrf,0.02779678419418945,0.0,0.06681818181818185,,4935908734271347323,2026-01-08 19:03:33.460826
2026-01-08,24663,NAS,NYI,30003700,Nicolas Hague,points,rf_qrf_points,0.3.0,empirical_qrf,0.0,0.0,0.0,,4935908734271347323,2026-01-08 19:03:33.460826
2026-01-08,24663,NAS,NYI,30004161,Justus Annunen,points,rf_qrf_points,0.3.0,empirical_qrf,0.00820765247857426,0.0064212805612835246,0.009962049460168442,,4935908734271347323,2026-01-08 19:03:33.460826
2026-01-08,24663,NAS,NYI,30004606,Nick Perbix,points,rf_qrf_points,0.3.0,empirical_qrf,0.01707979706231287,0.00835782703412981,0.028131393498522395,,4935908734271347323,2026-01-08 19:03:33.460826
2026-01-08,24663,NAS,NYI,30004716,Zack Hayes,points,rf_qrf_points,0.3.0,empirical_qrf,0.00820765247857426,0.0064212805612835246,0.009962049460168442,,4935908734271347323,2026-01-08 19:03:33.460826
2026-01-08,24663,NAS,NYI,30004725,Ethan Haider,points,rf_qrf_points,0.3.0,empirical_qrf,0.00820765247857426,0.0064212805612835246,0.009962049460168442,,4935908734271347323,2026-01-08 19:03:33.460826
2026-01-08,24663,NAS,NYI,30004748,Cole Smith,points,rf_qrf_points,0.3.0,empirical_qrf,0.0,0.0,0.0,,4935908734271347323,2026-01-08 19:03:33.460826
2026-01-08,24663,NAS,NYI,30004795,Justin Barron,points,rf_qrf_points,0.3.0,empirical_qrf,0.0,0.0,0.0,,4935908734271347323,2026-01-08 19:03:33.460826
2026-01-08,24663,NAS,NYI,30004822,Ozzy Wiesblatt,points,rf_qrf_points,0.3.0,empirical_qrf,0.0,0.0,0.0,,4935908734271347323,2026-01-08 19:03:33.460826
2026-01-08,24663,NAS,NYI,30004834,Luke Evangelista,points,rf_qrf_points,0.3.0,empirical_qrf,0.01865079365079365,0.0,0.0,,4935908734271347323,2026-01-08 19:03:33.460826
2026-01-08,24663,NAS,NYI,30004907,Ryder Rolston,points,rf_qrf_points,0.3.0,empirical_qrf,0.03642708389927966,0.0,0.08695652173913043,,4935908734271347323,2026-01-08 19:03:33.460826
2026-01-08,24663,NAS,NYI,30004944,Magnus Chrona,points,rf_qrf_points,0.3.0,empirical_qrf,0.00820765247857426,0.0064212805612835246,0.009962049460168442,,4935908734271347323,2026-01-08 19:03:33.460826
2026-01-08,24663,NAS,NYI,30004991,Fedor Svechkov,points,rf_qrf_points,0.3.0,empirical_qrf,0.0,0.0,0.0,,4935908734271347323,2026-01-08 19:03:33.460826
2026-01-08,24663,NAS,NYI,30005006,Zachary L'Heureux,points,rf_qrf_points,0.3.0,empirical_qrf,0.05257058420770203,0.013888888888888888,0.09280748022057062,,4935908734271347323,2026-01-08 19:03:33.460826
2026-01-08,24663,NAS,NYI,30005190,Jack Matier,points,rf_qrf_points,0.3.0,empirical_qrf,0.00820765247857426,0.0064212805612835246,0.009962049460168442,,4935908734271347323,2026-01-08 19:03:33.460826
2026-01-08,24663,NAS,NYI,30005233,Adam Wilsby,points,rf_qrf_points,0.3.0,empirical_qrf,0.034343220419629665,0.0,0.07042253521126761,,4935908734271347323,2026-01-08 19:03:33.460826
2026-01-08,24663,NAS,NYI,30005578,Nick Blankenburg,points,rf_qrf_points,0.3.0,empirical_qrf,0.05065337441803045,0.0,0.12,,4935908734271347323,2026-01-08 19:03:33.460826
2026-01-08,24663,NAS,NYI,30005617,Joakim Kemell,points,rf_qrf_points,0.3.0,empirical_qrf,0.0,0.0,0.0,,4935908734271347323,2026-01-08 19:03:33.460826
2026-01-08,24663,NAS,NYI,30005648,Reid Schaefer,points,rf_qrf_points,0.3.0,empirical_qrf,0.07079166666666666,0.0,0.0,,4935908734271347323,2026-01-08 19:03:33.460826
2026-01-08,24663,NAS,NYI,30005835,Chad Nychuk,points,rf_qrf_points,0.3.0,empirical_qrf,0.00820765247857426,0.0064212805612835246,0.009962049460168442,,4935908734271347323,2026-01-08 19:03:33.460826
2026-01-08,24663,NAS,NYI,30005933,Austin Roest,points,rf_qrf_points,0.3.0,empirical_qrf,0.00820765247857426,0.0064212805612835246,0.009962049460168442,,4935908734271347323,2026-01-08 19:03:33.460826
2026-01-08,24663,NAS,NYI,30006080,Tanner Molendyk,points,rf_qrf_points,0.3.0,empirical_qrf,0.024770822503674423,0.006622516556291391,0.0448789974070873,,4935908734271347323,2026-01-08 19:03:33.460826
2026-01-08,24663,NAS,NYI,30006081,Matthew Wood,points,rf_qrf_points,0.3.0,empirical_qrf,0.003115079365079365,0.0,0.0,,4935908734271347323,2026-01-08 19:03:33.460826
2026-01-08,24663,NAS,NYI,30006089,David Edstrom,points,rf_qrf_points,0.3.0,empirical_qrf,0.0006597222222222222,0.0,0.0,,4935908734271347323,2026-01-08 19:03:33.460826
2026-01-08,24663,NAS,NYI,30006095,Andrew Gibson,points,rf_qrf_points,0.3.0,empirical_qrf,0.0,0.0,0.0,,4935908734271347323,2026-01-08 19:03:33.460826
2026-01-08,24663,NAS,NYI,30006107,Kalan Lind,points,rf_qrf_points,0.3.0,empirical_qrf,0.00820765247857426,0.0064212805612835246,0.009962049460168442,,4935908734271347323,2026-01-08 19:03:33.460826
2026-01-08,24663,NAS,NYI,30006185,Joey Willis,points,rf_qrf_points,0.3.0,empirical_qrf,0.00820765247857426,0.0064212805612835246,0.009962049460168442,,4935908734271347323,2026-01-08 19:03:33.460826
2026-01-08,24664,OTT,COL,30000012,Lars Eller,points,rf_qrf_points,0.3.0,empirical_qrf,0.0,0.0,0.0,,4935908734271347323,2026-01-08 19:03:33.460826
2026-01-08,24664,OTT,COL,30000052,Claude Giroux,points,rf_qrf_points,0.3.0,empirical_qrf,0.0,0.0,0.0,,4935908734271347323,2026-01-08 19:03:33.460826
2026-01-08,24664,OTT,COL,30000263,Nick Cousins,points,rf_qrf_points,0.3.0,empirical_qrf,0.0,0.0,0.0,,4935908734271347323,2026-01-08 19:03:33.460826
2026-01-08,24664,OTT,COL,30000397,David Perron,points,rf_qrf_points,0.3.0,empirical_qrf,0.034341269841269846,0.0,0.0,,4935908734271347323,2026-01-08 19:03:33.460826
2026-01-08,24664,OTT,COL,30000442,Scott Harrington,points,rf_qrf_points,0.3.0,empirical_qrf,0.00820765247857426,0.0064212805612835246,0.009962049460168442,,4935908734271347323,2026-01-08 19:03:33.460826
2026-01-08,24664,OTT,COL,30000446,Thomas Chabot,points,rf_qrf_points,0.3.0,empirical_qrf,0.06811111111111111,0.0,0.0,,4935908734271347323,2026-01-08 19:03:33.460826
2026-01-08,24664,OTT,COL,30000580,Malcolm Subban,points,rf_qrf_points,0.3.0,empirical_qrf,0.00820765247857426,0.0064212805612835246,0.009962049460168442,,4935908734271347323,2026-01-08 19:03:33.460826
2026-01-08,24664,OTT,COL,30000845,Nick Jensen,points,rf_qrf_points,0.3.0,empirical_qrf,0.04497481988322872,0.0,0.08695652173913043,,4935908734271347323,2026-01-08 19:03:33.460826
2026-01-08,24664,OTT,COL,30000959,Kurtis MacDermid,points,rf_qrf_points,0.3.0,empirical_qrf,0.00820765247857426,0.0064212805612835246,0.009962049460168442,,4935908734271347323,2026-01-08 19:03:33.460826
2026-01-08,24664,OTT,COL,30001374,Linus Ullmark,points,rf_qrf_points,0.3.0,empirical_qrf,0.00820765247857426,0.0064212805612835246,0.009962049460168442,,4935908734271347323,2026-01-08 19:03:33.460826
2026-01-08,24664,OTT,COL,30002630,Michael Amadio,points,rf_qrf_points,0.3.0,empirical_qrf,0.05065337441803045,0.0,0.12,,4935908734271347323,2026-01-08 19:03:33.460826
2026-01-08,24664,OTT,COL,30002747,Hayden Hodgson,points,rf_qrf_points,0.3.0,empirical_qrf,0.024770822503674423,0.006622516556291391,0.0448789974070873,,4935908734271347323,2026-01-08 19:03:33.460826
2026-01-08,24664,OTT,COL,30002850,Dennis Gilbert,points,rf_qrf_points,0.3.0,empirical_qrf,0.012175833830151965,0.0,0.024096385542168676,,4935908734271347323,2026-01-08 19:03:33.460826
2026-01-08,24664,OTT,COL,30003215,Garrett Pilon,points,rf_qrf_points,0.3.0,empirical_qrf,0.00820765247857426,0.0064212805612835246,0.009962049460168442,,4935908734271347323,2026-01-08 19:03:33.460826
2026-01-08,24664,OTT,COL,30003711,Fabian Zetterlund,points,rf_qrf_points,0.3.0,empirical_qrf,0.0016666666666666668,0.0,0.0,,4935908734271347323,2026-01-08 19:03:33.460826
2026-01-08,24664,OTT,COL,30003732,Cameron Crotty,points,rf_qrf_points,0.3.0,empirical_qrf,0.00820765247857426,0.0064212805612835246,0.009962049460168442,,4935908734271347323,2026-01-08 19:03:33.460826
2026-01-08,24664,OTT,COL,30003896,Drake Batherson,points,rf_qrf_points,0.3.0,empirical_qrf,0.20543849919430415,0.0,0.47352941176470653,,4935908734271347323,2026-01-08 19:03:33.460826
2026-01-08,24664,OTT,COL,30004077,Brady Tkachuk,points,rf_qrf_points,0.3.0,empirical_qrf,0.001722222222222222,0.0,0.0,,4935908734271347323,2026-01-08 19:03:33.460826
2026-01-08,24664,OTT,COL,30004143,Jan Jenik,points,rf_qrf_points,0.3.0,empirical_qrf,0.006035471884442526,0.0,0.011940298507462687,,4935908734271347323,2026-01-08 19:03:33.460826
2026-01-08,24664,OTT,COL,30004479,Dylan Cozens,points,rf_qrf_points,0.3.0,empirical_qrf,7.936507936507937e-05,0.0,0.0,,4935908734271347323,2026-01-08 19:03:33.460826
2026-01-08,24664,OTT,COL,30004485,Lassi Thomson,points,rf_qrf_points,0.3.0,empirical_qrf,0.0,0.0,0.0,,4935908734271347323,2026-01-08 19:03:33.460826
2026-01-08,24664,OTT,COL,30004501,Arthur Kaliyev,points,rf_qrf_points,0.3.0,empirical_qrf,0.0,0.0,0.0,,4935908734271347323,2026-01-08 19:03:33.460826
2026-01-08,24664,OTT,COL,30004514,Shane Pinto,points,rf_qrf_points,0.3.0,empirical_qrf,0.031024470899470902,0.0,0.0,,4935908734271347323,2026-01-08 19:03:33.460826
2026-01-08,24664,OTT,COL,30004521,Mads Sogaard,points,rf_qrf_points,0.3.0,empirical_qrf,0.00820765247857426,0.0064212805612835246,0.009962049460168442,,4935908734271347323,2026-01-08 19:03:33.460826
2026-01-08,24664,OTT,COL,30004553,Jordan Spence,points,rf_qrf_points,0.3.0,empirical_qrf,0.0,0.0,0.0,,4935908734271347323,2026-01-08 19:03:33.460826
2026-01-08,24664,OTT,COL,30004596,Keean Washkurak,points,rf_qrf_points,0.3.0,empirical_qrf,0.0,0.0,0.0,,4935908734271347323,2026-01-08 19:03:33.460826
2026-01-08,24664,OTT,COL,30004773,Artem Zub,points,rf_qrf_points,0.3.0,empirical_qrf,0.011302686982604932,0.0,0.024600283343452743,,4935908734271347323,2026-01-08 19:03:33.460826
2026-01-08,24664,OTT,COL,30004802,Ridly Greig,points,rf_qrf_points,0.3.0,empirical_qrf,0.0001388888888888889,0.0,0.0,,4935908734271347323,2026-01-08 19:03:33.460826
2026-01-08,24664,OTT,COL,30004819,Jake Sanderson,points,rf_qrf_points,0.3.0,empirical_qrf,7.936507936507937e-05,0.0,0.0,,4935908734271347323,2026-01-08 19:03:33.460826
2026-01-08,24664,OTT,COL,30004821,Tim Stützle,points,rf_qrf_points,0.3.0,empirical_qrf,0.1847744708994709,0.0,1.0,,4935908734271347323,2026-01-08 19:03:33.460826
2026-01-08,24664,OTT,COL,30004852,Tyler Kleven,points,rf_qrf_points,0.3.0,empirical_qrf,0.0,0.0,0.0,,4935908734271347323,2026-01-08 19:03:33.460826
2026-01-08,24664,OTT,COL,30004860,Leevi Merilainen,points,rf_qrf_points,0.3.0,empirical_qrf,0.00820765247857426,0.0064212805612835246,0.009962049460168442,,4935908734271347323,2026-01-08 19:03:33.460826
2026-01-08,24664,OTT,COL,30004908,Carter Savoie,points,rf_qrf_points,0.3.0,empirical_qrf,0.0,0.0,0.0,,4935908734271347323,2026-01-08 19:03:33.460826
2026-01-08,24664,OTT,COL,30004958,Olle Lycksell,points,rf_qrf_points,0.3.0,empirical_qrf,0.0,0.0,0.0,,4935908734271347323,2026-01-08 19:03:33.460826
2026-01-08,24664,OTT,COL,30005009,Xavier Bourgault,points,rf_qrf_points,0.3.0,empirical_qrf,0.0,0.0,0.0,,4935908734271347323,2026-01-08 19:03:33.460826
2026-01-08,24664,OTT,COL,30005175,Jake Chiasson,points,rf_qrf_points,0.3.0,empirical_qrf,0.00820765247857426,0.0064212805612835246,0.009962049460168442,,4935908734271347323,2026-01-08 19:03:33.460826
2026-01-08,24664,OTT,COL,30005201,Sam Sedley,points,rf_qrf_points,0.3.0,empirical_qrf,0.00820765247857426,0.0064212805612835246,0.009962049460168442,,4935908734271347323,2026-01-08 19:03:33.460826
2026-01-08,24664,OTT,COL,30005583,Wyatt Bongiovanni,points,rf_qrf_points,0.3.0,empirical_qrf,0.00820765247857426,0.0064212805612835246,0.009962049460168442,,4935908734271347323,2026-01-08 19:03:33.460826
2026-01-08,24664,OTT,COL,30005717,Oskar Pettersson,points,rf_qrf_points,0.3.0,empirical_qrf,0.11699399225322062,0.0,0.2414838035527691,,4935908734271347323,2026-01-08 19:03:33.460826
2026-01-08,24664,OTT,COL,30005911,Stephen Halliday,points,rf_qrf_points,0.3.0,empirical_qrf,0.0,0.0,0.0,,4935908734271347323,2026-01-08 19:03:33.460826
2026-01-08,24664,OTT,COL,30005987,Mark Duarte,points,rf_qrf_points,0.3.0,empirical_qrf,0.00820765247857426,0.0064212805612835246,0.009962049460168442,,4935908734271347323,2026-01-08 19:03:33.460826
2026-01-08,24664,OTT,COL,30006054,Nikolas Matinpalo,points,rf_qrf_points,0.3.0,empirical_qrf,0.0,0.0,0.0,,4935908734271347323,2026-01-08 19:03:33.460826
2026-01-08,24664,OTT,COL,30006240,Matthew Andonovski,points,rf_qrf_points,0.3.0,empirical_qrf,0.00820765247857426,0.0064212805612835246,0.009962049460168442,,4935908734271347323,2026-01-08 19:03:33.460826
2026-01-08,24664,OTT,COL,30006395,Djibril Toure,points,rf_qrf_points,0.3.0,empirical_qrf,0.00820765247857426,0.0064212805612835246,0.009962049460168442,,4935908734271347323,2026-01-08 19:03:33.460826
2026-01-08,24664,COL,OTT,30000127,Brent Burns,points,rf_qrf_points,0.3.0,empirical_qrf,0.0019642857142857144,0.0,0.0,,4935908734271347323,2026-01-08 19:03:33.460826
2026-01-08,24664,COL,OTT,30000200,Scott Wedgewood,points,rf_qrf_points,0.3.0,empirical_qrf,0.00820765247857426,0.0064212805612835246,0.009962049460168442,,4935908734271347323,2026-01-08 19:03:33.460826
2026-01-08,24664,COL,OTT,30000318,Jayson Megna,points,rf_qrf_points,0.3.0,empirical_qrf,0.011215549283234972,0.0,0.02610983981693364,,4935908734271347323,2026-01-08 19:03:33.460826
2026-01-08,24664,COL,OTT,30000697,T.J. Tynan,points,rf_qrf_points,0.3.0,empirical_qrf,0.011215549283234972,0.0,0.02610983981693364,,4935908734271347323,2026-01-08 19:03:33.460826
2026-01-08,24664,COL,OTT,30000757,Valeri Nichushkin,points,rf_qrf_points,0.3.0,empirical_qrf,0.017182606745106743,0.0,0.0,,4935908734271347323,2026-01-08 19:03:33.460826
2026-01-08,24664,COL,OTT,30000879,Josh Manson,points,rf_qrf_points,0.3.0,empirical_qrf,0.0,0.0,0.0,,4935908734271347323,2026-01-08 19:03:33.460826
2026-01-08,24664,COL,OTT,30000903,Gabriel Landeskog,points,rf_qrf_points,0.3.0,empirical_qrf,0.049499999999999995,0.0,0.0,,4935908734271347323,2026-01-08 19:03:33.460826
2026-01-08,24664,COL,OTT,30000904,Nathan MacKinnon,points,rf_qrf_points,0.3.0,empirical_qrf,0.0008333333333333334,0.0,0.0,,4935908734271347323,2026-01-08 19:03:33.460826
2026-01-08,24664,COL,OTT,30001000,Brock Nelson,points,rf_qrf_points,0.3.0,empirical_qrf,0.005145474351356705,0.0,0.0,,4935908734271347323,2026-01-08 19:03:33.460826
2026-01-08,24664,COL,OTT,30002512,Artturi Lehkonen,points,rf_qrf_points,0.3.0,empirical_qrf,0.01576984126984127,0.0,0.0,,4935908734271347323,2026-01-08 19:03:33.460826
2026-01-08,24664,COL,OTT,30002779,Mackenzie Blackwood,points,rf_qrf_points,0.3.0,empirical_qrf,0.00820765247857426,0.0064212805612835246,0.009962049460168442,,4935908734271347323,2026-01-08 19:03:33.460826
2026-01-08,24664,COL,OTT,30003087,Devon Toews,points,rf_qrf_points,0.3.0,empirical_qrf,0.0,0.0,0.0,,4935908734271347323,2026-01-08 19:03:33.460826
2026-01-08,24664,COL,OTT,30003183,Samuel Girard,points,rf_qrf_points,0.3.0,empirical_qrf,0.0558025893805762,0.0,0.10723938223938226,,4935908734271347323,2026-01-08 19:03:33.460826
2026-01-08,24664,COL,OTT,30003488,Keaton Middleton,points,rf_qrf_points,0.3.0,empirical_qrf,0.011215549283234972,0.0,0.02610983981693364,,4935908734271347323,2026-01-08 19:03:33.460826
2026-01-08,24664,COL,OTT,30003646,Cale Makar,points,rf_qrf_points,0.3.0,empirical_qrf,0.005333333333333334,0.0,0.0,,4935908734271347323,2026-01-08 19:03:33.460826
2026-01-08,24664,COL,OTT,30003654,Martin Necas,points,rf_qrf_points,0.3.0,empirical_qrf,0.0026587301587301586,0.0,0.0,,4935908734271347323,2026-01-08 19:03:33.460826
2026-01-08,24664,COL,OTT,30003772,Alex Barré-Boulet,points,rf_qrf_points,0.3.0,empirical_qrf,0.024770822503674423,0.006622516556291391,0.0448789974070873,,4935908734271347323,2026-01-08 19:03:33.460826
2026-01-08,24664,COL,OTT,30003800,Jacob MacDonald,points,rf_qrf_points,0.3.0,empirical_qrf,0.00820765247857426,0.0064212805612835246,0.009962049460168442,,4935908734271347323,2026-01-08 19:03:33.460826
2026-01-08,24664,COL,OTT,30003894,Kyle Keyser,points,rf_qrf_points,0.3.0,empirical_qrf,0.00820765247857426,0.0064212805612835246,0.009962049460168442,,4935908734271347323,2026-01-08 19:03:33.460826
2026-01-08,24664,COL,OTT,30003898,Parker Kelly,points,rf_qrf_points,0.3.0,empirical_qrf,0.01707979706231287,0.00835782703412981,0.028131393498522395,,4935908734271347323,2026-01-08 19:03:33.460826
2026-01-08,24664,COL,OTT,30003947,Ross Colton,points,rf_qrf_points,0.3.0,empirical_qrf,0.0,0.0,0.0,,4935908734271347323,2026-01-08 19:03:33.460826
2026-01-08,24664,COL,OTT,30004026,Victor Olofsson,points,rf_qrf_points,0.3.0,empirical_qrf,0.0001388888888888889,0.0,0.0,,4935908734271347323,2026-01-08 19:03:33.460826
2026-01-08,24664,COL,OTT,30004119,Jake Wise,points,rf_qrf_points,0.3.0,empirical_qrf,0.00820765247857426,0.0064212805612835246,0.009962049460168442,,4935908734271347323,2026-01-08 19:03:33.460826
2026-01-08,24664,COL,OTT,30004121,Jack Drury,points,rf_qrf_points,0.3.0,empirical_qrf,0.0,0.0,0.0,,4935908734271347323,2026-01-08 19:03:33.460826
2026-01-08,24664,COL,OTT,30004191,Logan O'Connor,points,rf_qrf_points,0.3.0,empirical_qrf,0.0001388888888888889,0.0,0.0,,4935908734271347323,2026-01-08 19:03:33.460826
2026-01-08,24664,COL,OTT,30004393,Tye Felhaber,points,rf_qrf_points,0.3.0,empirical_qrf,0.024770822503674423,0.006622516556291391,0.0448789974070873,,4935908734271347323,2026-01-08 19:03:33.460826
2026-01-08,24664,COL,OTT,30004461,Joel Kiviranta,points,rf_qrf_points,0.3.0,empirical_qrf,0.0,0.0,0.0,,4935908734271347323,2026-01-08 19:03:33.460826
2026-01-08,24664,COL,OTT,30004557,Ronnie Attard,points,rf_qrf_points,0.3.0,empirical_qrf,0.00820765247857426,0.0064212805612835246,0.009962049460168442,,4935908734271347323,2026-01-08 19:03:33.460826
2026-01-08,24664,COL,OTT,30004569,Matthew Stienburg,points,rf_qrf_points,0.3.0,empirical_qrf,0.024770822503674423,0.006622516556291391,0.0448789974070873,,4935908734271347323,2026-01-08 19:03:33.460826
2026-01-08,24664,COL,OTT,30004668,Trent Miner,points,rf_qrf_points,0.3.0,empirical_qrf,0.00820765247857426,0.0064212805612835246,0.009962049460168442,,4935908734271347323,2026-01-08 19:03:33.460826
2026-01-08,24664,COL,OTT,30004757,Jack Ahcan,points,rf_qrf_points,0.3.0,empirical_qrf,0.024770822503674423,0.006622516556291391,0.0448789974070873,,4935908734271347323,2026-01-08 19:03:33.460826
2026-01-08,24664,COL,OTT,30004842,Danil Gushchin,points,rf_qrf_points,0.3.0,empirical_qrf,0.05065337441803045,0.0,0.12,,4935908734271347323,2026-01-08 19:03:33.460826
2026-01-08,24664,COL,OTT,30004938,Ilya Solovyov,points,rf_qrf_points,0.3.0,empirical_qrf,0.05257058420770203,0.013888888888888888,0.09280748022057062,,4935908734271347323,2026-01-08 19:03:33.460826
2026-01-08,24664,COL,OTT,30005213,Tyler Inamoto,points,rf_qrf_points,0.3.0,empirical_qrf,0.012378840174405692,0.0,0.0294556628621598,,4935908734271347323,2026-01-08 19:03:33.460826
2026-01-08,24664,COL,OTT,30005391,Tristen Nielsen,points,rf_qrf_points,0.3.0,empirical_qrf,0.001722222222222222,0.0,0.0,,4935908734271347323,2026-01-08 19:03:33.460826
2026-01-08,24664,COL,OTT,30005470,Zakhar Bardakov,points,rf_qrf_points,0.3.0,empirical_qrf,0.12248670089047038,0.0,0.23529411764705882,,4935908734271347323,2026-01-08 19:03:33.460826
2026-01-08,24664,COL,OTT,30005581,Wyatt Aamodt,points,rf_qrf_points,0.3.0,empirical_qrf,0.0,0.0,0.0,,4935908734271347323,2026-01-08 19:03:33.460826
2026-01-08,24664,COL,OTT,30005777,Ivan Ivan,points,rf_qrf_points,0.3.0,empirical_qrf,0.012175833830151965,0.0,0.024096385542168676,,4935908734271347323,2026-01-08 19:03:33.460826
2026-01-08,24664,COL,OTT,30006033,Jason Polin,points,rf_qrf_points,0.3.0,empirical_qrf,0.0,0.0,0.0,,4935908734271347323,2026-01-08 19:03:33.460826
2026-01-08,24664,COL,OTT,30006036,Sam Malinski,points,rf_qrf_points,0.3.0,empirical_qrf,0.05065337441803045,0.0,0.12,,4935908734271347323,2026-01-08 19:03:33.460826
2026-01-08,24664,COL,OTT,30006102,Gavin Brindley,points,rf_qrf_points,0.3.0,empirical_qrf,0.0,0.0,0.0,,4935908734271347323,2026-01-08 19:03:33.460826
2026-01-08,24664,COL,OTT,30006255,Maros Jedlicka,points,rf_qrf_points,0.3.0,empirical_qrf,0.00949430804398776,0.0,0.018957345971563982,,4935908734271347323,2026-01-08 19:03:33.460826
2026-01-08,24664,COL,OTT,30006377,Noah Ganske,points,rf_qrf_points,0.3.0,empirical_qrf,0.00820765247857426,0.0064212805612835246,0.009962049460168442,,4935908734271347323,2026-01-08 19:03:33.460826
2026-01-08,24664,COL,OTT,30006385,Saige Weinstein,points,rf_qrf_points,0.3.0,empirical_qrf,0.00820765247857426,0.0064212805612835246,0.009962049460168442,,4935908734271347323,2026-01-08 19:03:33.460826
2026-01-08,24664,COL,OTT,30006387,Neil Shea,points,rf_qrf_points,0.3.0,empirical_qrf,0.00820765247857426,0.0064212805612835246,0.009962049460168442,,4935908734271347323,2026-01-08 19:03:33.460826
2026-01-08,24665,MIN,SEA,30000257,Yakov Trenin,points,rf_qrf_points,0.3.0,empirical_qrf,0.015477758717890297,0.0,0.0,,4935908734271347323,2026-01-08 19:03:33.460826
2026-01-08,24665,MIN,SEA,30000266,Nicolas Aube-Kubel,points,rf_qrf_points,0.3.0,empirical_qrf,0.006035471884442526,0.0,0.011940298507462687,,4935908734271347323,2026-01-08 19:03:33.460826
2026-01-08,24665,MIN,SEA,30000499,Marcus Foligno,points,rf_qrf_points,0.3.0,empirical_qrf,0.00802200577200577,0.0,0.0,,4935908734271347323,2026-01-08 19:03:33.460826
2026-01-08,24665,MIN,SEA,30000517,Jared Spurgeon,points,rf_qrf_points,0.3.0,empirical_qrf,0.0,0.0,0.0,,4935908734271347323,2026-01-08 19:03:33.460826
2026-01-08,24665,MIN,SEA,30000524,Jonas Brodin,points,rf_qrf_points,0.3.0,empirical_qrf,0.011302686982604932,0.0,0.024600283343452743,,4935908734271347323,2026-01-08 19:03:33.460826
2026-01-08,24665,MIN,SEA,30000797,Vladimir Tarasenko,points,rf_qrf_points,0.3.0,empirical_qrf,0.004861111111111111,0.0,0.0,,4935908734271347323,2026-01-08 19:03:33.460826
2026-01-08,24665,MIN,SEA,30001012,Ryan Hartman,points,rf_qrf_points,0.3.0,empirical_qrf,0.018253968253968255,0.0,0.0,,4935908734271347323,2026-01-08 19:03:33.460826
2026-01-08,24665,MIN,SEA,30001013,Vinnie Hinostroza,points,rf_qrf_points,0.3.0,empirical_qrf,0.0,0.0,0.0,,4935908734271347323,2026-01-08 19:03:33.460826
2026-01-08,24665,MIN,SEA,30001087,Mats Zuccarello,points,rf_qrf_points,0.3.0,empirical_qrf,0.0014047619047619047,0.0,0.0,,4935908734271347323,2026-01-08 19:03:33.460826
2026-01-08,24665,MIN,SEA,30001192,Tyler Pitlick,points,rf_qrf_points,0.3.0,empirical_qrf,0.0,0.0,0.0,,4935908734271347323,2026-01-08 19:03:33.460826
2026-01-08,24665,MIN,SEA,30001309,Marcus Johansson,points,rf_qrf_points,0.3.0,empirical_qrf,0.02779678419418945,0.0,0.06681818181818185,,4935908734271347323,2026-01-08 19:03:33.460826
2026-01-08,24665,MIN,SEA,30001355,Zach Bogosian,points,rf_qrf_points,0.3.0,empirical_qrf,0.01707979706231287,0.00835782703412981,0.028131393498522395,,4935908734271347323,2026-01-08 19:03:33.460826
2026-01-08,24665,MIN,SEA,30002719,Jacob Middleton,points,rf_qrf_points,0.3.0,empirical_qrf,0.037964202464202464,0.0,0.15512820512820544,,4935908734271347323,2026-01-08 19:03:33.460826
2026-01-08,24665,MIN,SEA,30002820,Joel Eriksson Ek,points,rf_qrf_points,0.3.0,empirical_qrf,0.0005555555555555556,0.0,0.0,,4935908734271347323,2026-01-08 19:03:33.460826
2026-01-08,24665,MIN,SEA,30003173,Filip Gustavsson,points,rf_qrf_points,0.3.0,empirical_qrf,0.00820765247857426,0.0064212805612835246,0.009962049460168442,,4935908734271347323,2026-01-08 19:03:33.460826
2026-01-08,24665,MIN,SEA,30003611,Cal Petersen,points,rf_qrf_points,0.3.0,empirical_qrf,0.00820765247857426,0.0064212805612835246,0.009962049460168442,,4935908734271347323,2026-01-08 19:03:33.460826
2026-01-08,24665,MIN,SEA,30003774,Ben Jones,points,rf_qrf_points,0.3.0,empirical_qrf,0.024770822503674423,0.006622516556291391,0.0448789974070873,,4935908734271347323,2026-01-08 19:03:33.460826
2026-01-08,24665,MIN,SEA,30004080,Quinn Hughes,points,rf_qrf_points,0.3.0,empirical_qrf,0.0005555555555555556,0.0,0.0,,4935908734271347323,2026-01-08 19:03:33.460826
2026-01-08,24665,MIN,SEA,30004196,Ben Gleason,points,rf_qrf_points,0.3.0,empirical_qrf,0.05898280423280422,0.0,0.25,,4935908734271347323,2026-01-08 19:03:33.460826
2026-01-08,24665,MIN,SEA,30004417,Nico Sturm,points,rf_qrf_points,0.3.0,empirical_qrf,0.00949430804398776,0.0,0.018957345971563982,,4935908734271347323,2026-01-08 19:03:33.460826
2026-01-08,24665,MIN,SEA,30004480,Matt Boldy,points,rf_qrf_points,0.3.0,empirical_qrf,0.08286111111111111,0.0,0.3400000000000015,,4935908734271347323,2026-01-08 19:03:33.460826
2026-01-08,24665,MIN,SEA,30004784,Kirill Kaprizov,points,rf_qrf_points,0.3.0,empirical_qrf,0.010809523809523809,0.0,0.0,,4935908734271347323,2026-01-08 19:03:33.460826
2026-01-08,24665,MIN,SEA,30004835,Brock Faber,points,rf_qrf_points,0.3.0,empirical_qrf,0.0,0.0,0.0,,4935908734271347323,2026-01-08 19:03:33.460826
2026-01-08,24665,MIN,SEA,30004847,Daemon Hunt,points,rf_qrf_points,0.3.0,empirical_qrf,0.04497481988322872,0.0,0.08695652173913043,,4935908734271347323,2026-01-08 19:03:33.460826
2026-01-08,24665,MIN,SEA,30004935,Matt Kiersted,points,rf_qrf_points,0.3.0,empirical_qrf,0.0,0.0,0.0,,4935908734271347323,2026-01-08 19:03:33.460826
2026-01-08,24665,MIN,SEA,30004970,Wyatt Newpower,points,rf_qrf_points,0.3.0,empirical_qrf,0.11725005767652827,0.0,0.5,,4935908734271347323,2026-01-08 19:03:33.460826
2026-01-08,24665,MIN,SEA,30005005,Oskar Olausson,points,rf_qrf_points,0.3.0,empirical_qrf,0.034343220419629665,0.0,0.07042253521126761,,4935908734271347323,2026-01-08 19:03:33.460826
2026-01-08,24665,MIN,SEA,30005007,Carson Lambos,points,rf_qrf_points,0.3.0,empirical_qrf,0.0,0.0,0.0,,4935908734271347323,2026-01-08 19:03:33.460826
2026-01-08,24665,MIN,SEA,30005008,Jesper Wallstedt,points,rf_qrf_points,0.3.0,empirical_qrf,0.00820765247857426,0.0064212805612835246,0.009962049460168442,,4935908734271347323,2026-01-08 19:03:33.460826
2026-01-08,24665,MIN,SEA,30005094,Cameron Butler,points,rf_qrf_points,0.3.0,empirical_qrf,0.0,0.0,0.0,,4935908734271347323,2026-01-08 19:03:33.460826
2026-01-08,24665,MIN,SEA,30005102,Caedan Bankier,points,rf_qrf_points,0.3.0,empirical_qrf,0.0,0.0,0.0,,4935908734271347323,2026-01-08 19:03:33.460826
2026-01-08,24665,MIN,SEA,30005274,Louka Henault,points,rf_qrf_points,0.3.0,empirical_qrf,0.00820765247857426,0.0064212805612835246,0.009962049460168442,,4935908734271347323,2026-01-08 19:03:33.460826
2026-01-08,24665,MIN,SEA,30005361,Benjamin Brinkman,points,rf_qrf_points,0.3.0,empirical_qrf,0.00820765247857426,0.0064212805612835246,0.009962049460168442,,4935908734271347323,2026-01-08 19:03:33.460826
2026-01-08,24665,MIN,SEA,30005612,David Jiricek,points,rf_qrf_points,0.3.0,empirical_qrf,0.0,0.0,0.0,,4935908734271347323,2026-01-08 19:03:33.460826
2026-01-08,24665,MIN,SEA,30005627,Danila Yurov,points,rf_qrf_points,0.3.0,empirical_qrf,0.034343220419629665,0.0,0.07042253521126761,,4935908734271347323,2026-01-08 19:03:33.460826
2026-01-08,24665,MIN,SEA,30005669,Hunter Haight,points,rf_qrf_points,0.3.0,empirical_qrf,0.01430650553150553,0.0,0.0,,4935908734271347323,2026-01-08 19:03:33.460826
2026-01-08,24665,MIN,SEA,30005845,David Spacek,points,rf_qrf_points,0.3.0,empirical_qrf,0.05257058420770203,0.013888888888888888,0.09280748022057062,,4935908734271347323,2026-01-08 19:03:33.460826
2026-01-08,24665,MIN,SEA,30006109,Riley Heidt,points,rf_qrf_points,0.3.0,empirical_qrf,0.011215549283234972,0.0,0.02610983981693364,,4935908734271347323,2026-01-08 19:03:33.460826
2026-01-08,24665,MIN,SEA,30006110,Rasmus Kumpulainen,points,rf_qrf_points,0.3.0,empirical_qrf,0.00820765247857426,0.0064212805612835246,0.009962049460168442,,4935908734271347323,2026-01-08 19:03:33.460826
2026-01-08,24665,MIN,SEA,30006308,Bradley Marek,points,rf_qrf_points,0.3.0,empirical_qrf,0.00820765247857426,0.0064212805612835246,0.009962049460168442,,4935908734271347323,2026-01-08 19:03:33.460826
2026-01-08,24665,SEA,MIN,30000303,Adam Larsson,points,rf_qrf_points,0.3.0,empirical_qrf,0.0,0.0,0.0,,4935908734271347323,2026-01-08 19:03:33.460826
2026-01-08,24665,SEA,MIN,30000460,Max McCormick,points,rf_qrf_points,0.3.0,empirical_qrf,0.012378840174405692,0.0,0.0294556628621598,,4935908734271347323,2026-01-08 19:03:33.460826
2026-01-08,24665,SEA,MIN,30000539,Jordan Eberle,points,rf_qrf_points,0.3.0,empirical_qrf,0.0035873015873015873,0.0,0.0,,4935908734271347323,2026-01-08 19:03:33.460826
2026-01-08,24665,SEA,MIN,30000577,Philipp Grubauer,points,rf_qrf_points,0.3.0,empirical_qrf,0.00820765247857426,0.0064212805612835246,0.009962049460168442,,4935908734271347323,2026-01-08 19:03:33.460826
2026-01-08,24665,SEA,MIN,30000596,Chandler Stephenson,points,rf_qrf_points,0.3.0,empirical_qrf,0.006035471884442526,0.0,0.011940298507462687,,4935908734271347323,2026-01-08 19:03:33.460826
2026-01-08,24665,SEA,MIN,30000629,Matt Murray,points,rf_qrf_points,0.3.0,empirical_qrf,0.00820765247857426,0.0064212805612835246,0.009962049460168442,,4935908734271347323,2026-01-08 19:03:33.460826
2026-01-08,24665,SEA,MIN,30000674,Vince Dunn,points,rf_qrf_points,0.3.0,empirical_qrf,0.03391666666666667,0.0,0.0,,4935908734271347323,2026-01-08 19:03:33.460826
2026-01-08,24665,SEA,MIN,30000758,Jamie Oleksiak,points,rf_qrf_points,0.3.0,empirical_qrf,0.05257058420770203,0.013888888888888888,0.09280748022057062,,4935908734271347323,2026-01-08 19:03:33.460826
2026-01-08,24665,SEA,MIN,30000794,Jaden Schwartz,points,rf_qrf_points,0.3.0,empirical_qrf,0.0033333333333333335,0.0,0.0,,4935908734271347323,2026-01-08 19:03:33.460826
2026-01-08,24665,SEA,MIN,30000812,Gustav Olofsson,points,rf_qrf_points,0.3.0,empirical_qrf,0.00820765247857426,0.0064212805612835246,0.009962049460168442,,4935908734271347323,2026-01-08 19:03:33.460826
2026-01-08,24665,SEA,MIN,30000882,Brandon Montour,points,rf_qrf_points,0.3.0,empirical_qrf,0.019392857142857142,0.0,0.0,,4935908734271347323,2026-01-08 19:03:33.460826
2026-01-08,24665,SEA,MIN,30000929,Jared McCann,points,rf_qrf_points,0.3.0,empirical_qrf,0.005118686868686869,0.0,0.0,,4935908734271347323,2026-01-08 19:03:33.460826
2026-01-08,24665,SEA,MIN,30002529,John Hayden,points,rf_qrf_points,0.3.0,empirical_qrf,0.0,0.0,0.0,,4935908734271347323,2026-01-08 19:03:33.460826
2026-01-08,24665,SEA,MIN,30002711,Frederick Gaudreau,points,rf_qrf_points,0.3.0,empirical_qrf,0.05065337441803045,0.0,0.12,,4935908734271347323,2026-01-08 19:03:33.460826
2026-01-08,24665,SEA,MIN,30003184,Ryan Lindgren,points,rf_qrf_points,0.3.0,empirical_qrf,0.0,0.0,0.0,,4935908734271347323,2026-01-08 19:03:33.460826
2026-01-08,24665,SEA,MIN,30003188,Jack LaFontaine,points,rf_qrf_points,0.3.0,empirical_qrf,0.0,0.0,0.0,,4935908734271347323,2026-01-08 19:03:33.460826
2026-01-08,24665,SEA,MIN,30003214,Joshua Mahura,points,rf_qrf_points,0.3.0,empirical_qrf,0.0558025893805762,0.0,0.10723938223938226,,4935908734271347323,2026-01-08 19:03:33.460826
2026-01-08,24665,SEA,MIN,30003660,Eeli Tolvanen,points,rf_qrf_points,0.3.0,empirical_qrf,0.001,0.0,0.0,,4935908734271347323,2026-01-08 19:03:33.460826
2026-01-08,24665,SEA,MIN,30003703,Cale Fleury,points,rf_qrf_points,0.3.0,empirical_qrf,0.0400592408091851,0.0,0.09090909090909091,,4935908734271347323,2026-01-08 19:03:33.460826
2026-01-08,24665,SEA,MIN,30004419,Joey Daccord,points,rf_qrf_points,0.3.0,empirical_qrf,0.00820765247857426,0.0064212805612835246,0.009962049460168442,,4935908734271347323,2026-01-08 19:03:33.460826
2026-01-08,24665,SEA,MIN,30004471,Kaapo Kakko,points,rf_qrf_points,0.3.0,empirical_qrf,0.0,0.0,0.0,,4935908734271347323,2026-01-08 19:03:33.460826
2026-01-08,24665,SEA,MIN,30005040,Matty Beniers,points,rf_qrf_points,0.3.0,empirical_qrf,0.011301587301587302,0.0,0.0,,4935908734271347323,2026-01-08 19:03:33.460826
2026-01-08,24665,SEA,MIN,30005042,Ryker Evans,points,rf_qrf_points,0.3.0,empirical_qrf,0.024770822503674423,0.006622516556291391,0.0448789974070873,,4935908734271347323,2026-01-08 19:03:33.460826
2026-01-08,24665,SEA,MIN,30005239,Jakov Novak,points,rf_qrf_points,0.3.0,empirical_qrf,0.00820765247857426,0.0064212805612835246,0.009962049460168442,,4935908734271347323,2026-01-08 19:03:33.460826
2026-01-08,24665,SEA,MIN,30005333,Jacob Melanson,points,rf_qrf_points,0.3.0,empirical_qrf,0.056375706220805503,0.0,0.14285714285714285,,4935908734271347323,2026-01-08 19:03:33.460826
2026-01-08,24665,SEA,MIN,30005336,Tye Kartye,points,rf_qrf_points,0.3.0,empirical_qrf,0.0,0.0,0.0,,4935908734271347323,2026-01-08 19:03:33.460826
2026-01-08,24665,SEA,MIN,30005337,Ryan Winterton,points,rf_qrf_points,0.3.0,empirical_qrf,0.034341269841269846,0.0,0.0,,4935908734271347323,2026-01-08 19:03:33.460826
2026-01-08,24665,SEA,MIN,30005447,Ville Ottavainen,points,rf_qrf_points,0.3.0,empirical_qrf,0.0,0.0,0.0,,4935908734271347323,2026-01-08 19:03:33.460826
2026-01-08,24665,SEA,MIN,30005503,Logan Morrison,points,rf_qrf_points,0.3.0,empirical_qrf,0.019675064042711098,0.0,0.0,,4935908734271347323,2026-01-08 19:03:33.460826
2026-01-08,24665,SEA,MIN,30005582,Ben Meyers,points,rf_qrf_points,0.3.0,empirical_qrf,0.007121933621933622,0.0,0.0,,4935908734271347323,2026-01-08 19:03:33.460826
2026-01-08,24665,SEA,MIN,30005593,Peetro Seppala,points,rf_qrf_points,0.3.0,empirical_qrf,0.00820765247857426,0.0064212805612835246,0.009962049460168442,,4935908734271347323,2026-01-08 19:03:33.460826
2026-01-08,24665,SEA,MIN,30005616,Shane Wright,points,rf_qrf_points,0.3.0,empirical_qrf,0.017737157178333646,0.0,0.0,,4935908734271347323,2026-01-08 19:03:33.460826
2026-01-08,24665,SEA,MIN,30005680,David Goyette,points,rf_qrf_points,0.3.0,empirical_qrf,0.012378840174405692,0.0,0.0294556628621598,,4935908734271347323,2026-01-08 19:03:33.460826
2026-01-08,24665,SEA,MIN,30005681,Jagger Firkus,points,rf_qrf_points,0.3.0,empirical_qrf,0.0,0.0,0.0,,4935908734271347323,2026-01-08 19:03:33.460826
2026-01-08,24665,SEA,MIN,30005682,Jani Nyman,points,rf_qrf_points,0.3.0,empirical_qrf,0.09930555555555558,0.0,0.0,,4935908734271347323,2026-01-08 19:03:33.460826
2026-01-08,24665,SEA,MIN,30005683,Niklas Kokko,points,rf_qrf_points,0.3.0,empirical_qrf,0.00820765247857426,0.0064212805612835246,0.009962049460168442,,4935908734271347323,2026-01-08 19:03:33.460826
2026-01-08,24665,SEA,MIN,30005757,Ty Nelson,points,rf_qrf_points,0.3.0,empirical_qrf,0.00820765247857426,0.0064212805612835246,0.009962049460168442,,4935908734271347323,2026-01-08 19:03:33.460826
2026-01-08,24665,SEA,MIN,30006087,Eduard Sale,points,rf_qrf_points,0.3.0,empirical_qrf,0.0,0.0,0.0,,4935908734271347323,2026-01-08 19:03:33.460826
2026-01-08,24665,SEA,MIN,30006119,Lukas Dragicevic,points,rf_qrf_points,0.3.0,empirical_qrf,0.0,0.0,0.0,,4935908734271347323,2026-01-08 19:03:33.460826
2026-01-08,24665,SEA,MIN,30006121,Carson Rehkopf,points,rf_qrf_points,0.3.0,empirical_qrf,0.0,0.0,0.0,,4935908734271347323,2026-01-08 19:03:33.460826
2026-01-08,24665,SEA,MIN,30006125,Caden Price,points,rf_qrf_points,0.3.0,empirical_qrf,0.01707979706231287,0.00835782703412981,0.028131393498522395,,4935908734271347323,2026-01-08 19:03:33.460826
2026-01-08,24665,SEA,MIN,30006197,Andrei Loshko,points,rf_qrf_points,0.3.0,empirical_qrf,0.00820765247857426,0.0064212805612835246,0.009962049460168442,,4935908734271347323,2026-01-08 19:03:33.460826
2026-01-08,24665,SEA,MIN,30006437,Kaden Hammell,points,rf_qrf_points,0.3.0,empirical_qrf,0.00949430804398776,0.0,0.018957345971563982,,4935908734271347323,2026-01-08 19:03:33.460826
2026-01-08,24665,SEA,MIN,30006499,Berkly Catton,points,rf_qrf_points,0.3.0,empirical_qrf,0.12248670089047038,0.0,0.23529411764705882,,4935908734271347323,2026-01-08 19:03:33.460826
2026-01-08,24666,CBJ,VEG,30000115,Sean Monahan,points,rf_qrf_points,0.3.0,empirical_qrf,0.0,0.0,0.0,,4935908734271347323,2026-01-08 19:03:33.460826
2026-01-08,24666,CBJ,VEG,30000207,Damon Severson,points,rf_qrf_points,0.3.0,empirical_qrf,0.0,0.0,0.0,,4935908734271347323,2026-01-08 19:03:33.460826
2026-01-08,24666,CBJ,VEG,30000233,Erik Gudbranson,points,rf_qrf_points,0.3.0,empirical_qrf,0.0,0.0,0.0,,4935908734271347323,2026-01-08 19:03:33.460826
2026-01-08,24666,CBJ,VEG,30000623,Ivan Provorov,points,rf_qrf_points,0.3.0,empirical_qrf,0.0,0.0,0.0,,4935908734271347323,2026-01-08 19:03:33.460826
2026-01-08,24666,CBJ,VEG,30000778,Boone Jenner,points,rf_qrf_points,0.3.0,empirical_qrf,0.019392857142857142,0.0,0.0,,4935908734271347323,2026-01-08 19:03:33.460826
2026-01-08,24666,CBJ,VEG,30000805,Charlie Coyle,points,rf_qrf_points,0.3.0,empirical_qrf,0.0,0.0,0.0,,4935908734271347323,2026-01-08 19:03:33.460826
2026-01-08,24666,CBJ,VEG,30000855,Brendan Smith,points,rf_qrf_points,0.3.0,empirical_qrf,0.011215549283234972,0.0,0.02610983981693364,,4935908734271347323,2026-01-08 19:03:33.460826
2026-01-08,24666,CBJ,VEG,30001196,Brendan Gaunce,points,rf_qrf_points,0.3.0,empirical_qrf,0.0558025893805762,0.0,0.10723938223938226,,4935908734271347323,2026-01-08 19:03:33.460826
2026-01-08,24666,CBJ,VEG,30002223,Mason Marchment,points,rf_qrf_points,0.3.0,empirical_qrf,0.33722958790006,0.0,0.75,,4935908734271347323,2026-01-08 19:03:33.460826
2026-01-08,24666,CBJ,VEG,30002554,Hudson Fasching,points,rf_qrf_points,0.3.0,empirical_qrf,0.005145474351356705,0.0,0.0,,4935908734271347323,2026-01-08 19:03:33.460826
2026-01-08,24666,CBJ,VEG,30002616,Elvis Merzlikins,points,rf_qrf_points,0.3.0,empirical_qrf,0.00820765247857426,0.0064212805612835246,0.009962049460168442,,4935908734271347323,2026-01-08 19:03:33.460826
2026-01-08,24666,CBJ,VEG,30002770,Zach Werenski,points,rf_qrf_points,0.3.0,empirical_qrf,0.025595238095238095,0.0,0.0,,4935908734271347323,2026-01-08 19:03:33.460826
2026-01-08,24666,CBJ,VEG,30003079,Miles Wood,points,rf_qrf_points,0.3.0,empirical_qrf,0.0,0.0,0.0,,4935908734271347323,2026-01-08 19:03:33.460826
2026-01-08,24666,CBJ,VEG,30003146,Dante Fabbro,points,rf_qrf_points,0.3.0,empirical_qrf,0.11037566137566136,0.0,0.5,,4935908734271347323,2026-01-08 19:03:33.460826
2026-01-08,24666,CBJ,VEG,30003267,Mathieu Olivier,points,rf_qrf_points,0.3.0,empirical_qrf,0.031024470899470902,0.0,0.0,,4935908734271347323,2026-01-08 19:03:33.460826
2026-01-08,24666,CBJ,VEG,30003269,Zach Sawchenko,points,rf_qrf_points,0.3.0,empirical_qrf,0.00820765247857426,0.0064212805612835246,0.009962049460168442,,4935908734271347323,2026-01-08 19:03:33.460826
2026-01-08,24666,CBJ,VEG,30003549,Zachary Aston-Reese,points,rf_qrf_points,0.3.0,empirical_qrf,0.00949430804398776,0.0,0.018957345971563982,,4935908734271347323,2026-01-08 19:03:33.460826
2026-01-08,24666,CBJ,VEG,30004097,Isac Lundestrom,points,rf_qrf_points,0.3.0,empirical_qrf,0.024770822503674423,0.006622516556291391,0.0448789974070873,,4935908734271347323,2026-01-08 19:03:33.460826
2026-01-08,24666,CBJ,VEG,30004135,Kirill Marchenko,points,rf_qrf_points,0.3.0,empirical_qrf,0.0019642857142857144,0.0,0.0,,4935908734271347323,2026-01-08 19:03:33.460826
2026-01-08,24666,CBJ,VEG,30004172,Curtis Hall,points,rf_qrf_points,0.3.0,empirical_qrf,0.00820765247857426,0.0064212805612835246,0.009962049460168442,,4935908734271347323,2026-01-08 19:03:33.460826
2026-01-08,24666,CBJ,VEG,30004306,Jake Christiansen,points,rf_qrf_points,0.3.0,empirical_qrf,0.0001388888888888889,0.0,0.0,,4935908734271347323,2026-01-08 19:03:33.460826
2026-01-08,24666,CBJ,VEG,30004607,Dmitri Voronkov,points,rf_qrf_points,0.3.0,empirical_qrf,0.008865079365079364,0.0,0.0,,4935908734271347323,2026-01-08 19:03:33.460826
2026-01-08,24666,CBJ,VEG,30004988,Cole Sillinger,points,rf_qrf_points,0.3.0,empirical_qrf,0.0014047619047619047,0.0,0.0,,4935908734271347323,2026-01-08 19:03:33.460826
2026-01-08,24666,CBJ,VEG,30004989,Kent Johnson,points,rf_qrf_points,0.3.0,empirical_qrf,0.00802200577200577,0.0,0.0,,4935908734271347323,2026-01-08 19:03:33.460826
2026-01-08,24666,CBJ,VEG,30005002,Corson Ceulemans,points,rf_qrf_points,0.3.0,empirical_qrf,0.0,0.0,0.0,,4935908734271347323,2026-01-08 19:03:33.460826
2026-01-08,24666,CBJ,VEG,30005049,Jet Greaves,points,rf_qrf_points,0.3.0,empirical_qrf,0.00820765247857426,0.0064212805612835246,0.009962049460168442,,4935908734271347323,2026-01-08 19:03:33.460826
2026-01-08,24666,CBJ,VEG,30005050,Stanislov Svozil,points,rf_qrf_points,0.3.0,empirical_qrf,0.06582355621921528,0.0,0.14357142857142874,,4935908734271347323,2026-01-08 19:03:33.460826
2026-01-08,24666,CBJ,VEG,30005053,Ole Julian Bjorgvik-Holm,points,rf_qrf_points,0.3.0,empirical_qrf,0.00820765247857426,0.0064212805612835246,0.009962049460168442,,4935908734271347323,2026-01-08 19:03:33.460826
2026-01-08,24666,CBJ,VEG,30005088,James Malatesta,points,rf_qrf_points,0.3.0,empirical_qrf,0.0,0.0,0.0,,4935908734271347323,2026-01-08 19:03:33.460826
2026-01-08,24666,CBJ,VEG,30005290,Max McCue,points,rf_qrf_points,0.3.0,empirical_qrf,0.024770822503674423,0.006622516556291391,0.0448789974070873,,4935908734271347323,2026-01-08 19:03:33.460826
2026-01-08,24666,CBJ,VEG,30005355,Mikael Pyyhtia,points,rf_qrf_points,0.3.0,empirical_qrf,0.0,0.0,0.0,,4935908734271347323,2026-01-08 19:03:33.460826
2026-01-08,24666,CBJ,VEG,30005568,Owen Sillinger,points,rf_qrf_points,0.3.0,empirical_qrf,0.034343220419629665,0.0,0.07042253521126761,,4935908734271347323,2026-01-08 19:03:33.460826
2026-01-08,24666,CBJ,VEG,30005637,Denton Mateychuk,points,rf_qrf_points,0.3.0,empirical_qrf,0.024770822503674423,0.006622516556291391,0.0448789974070873,,4935908734271347323,2026-01-08 19:03:33.460826
2026-01-08,24666,CBJ,VEG,30005664,Luca Del Bel Belluz,points,rf_qrf_points,0.3.0,empirical_qrf,0.0010833333333333333,0.0,0.0,,4935908734271347323,2026-01-08 19:03:33.460826
2026-01-08,24666,CBJ,VEG,30005699,Jordan Dumais,points,rf_qrf_points,0.3.0,empirical_qrf,0.00820765247857426,0.0064212805612835246,0.009962049460168442,,4935908734271347323,2026-01-08 19:03:33.460826
2026-01-08,24666,CBJ,VEG,30005733,Roman Ahcan,points,rf_qrf_points,0.3.0,empirical_qrf,0.01707979706231287,0.00835782703412981,0.028131393498522395,,4935908734271347323,2026-01-08 19:03:33.460826
2026-01-08,24666,CBJ,VEG,30005736,Nolan Lalonde,points,rf_qrf_points,0.3.0,empirical_qrf,0.00820765247857426,0.0064212805612835246,0.009962049460168442,,4935908734271347323,2026-01-08 19:03:33.460826
2026-01-08,24666,CBJ,VEG,30006022,Justin Pearson,points,rf_qrf_points,0.3.0,empirical_qrf,0.00820765247857426,0.0064212805612835246,0.009962049460168442,,4935908734271347323,2026-01-08 19:03:33.460826
2026-01-08,24666,CBJ,VEG,30006026,Hunter McKown,points,rf_qrf_points,0.3.0,empirical_qrf,0.0400592408091851,0.0,0.09090909090909091,,4935908734271347323,2026-01-08 19:03:33.460826
2026-01-08,24666,CBJ,VEG,30006063,Adam Fantilli,points,rf_qrf_points,0.3.0,empirical_qrf,0.1611765873015873,0.0,0.75,,4935908734271347323,2026-01-08 19:03:33.460826
2026-01-08,24666,CBJ,VEG,30006337,Riley Bezeau,points,rf_qrf_points,0.3.0,empirical_qrf,0.01707979706231287,0.00835782703412981,0.028131393498522395,,4935908734271347323,2026-01-08 19:03:33.460826
2026-01-08,24666,VEG,CBJ,30000080,Reilly Smith,points,rf_qrf_points,0.3.0,empirical_qrf,0.0026164622414622416,0.0,0.0,,4935908734271347323,2026-01-08 19:03:33.460826
2026-01-08,24666,VEG,CBJ,30000132,Tomas Hertl,points,rf_qrf_points,0.3.0,empirical_qrf,0.0,0.0,0.0,,4935908734271347323,2026-01-08 19:03:33.460826
2026-01-08,24666,VEG,CBJ,30000152,Brayden McNabb,points,rf_qrf_points,0.3.0,empirical_qrf,0.0,0.0,0.0,,4935908734271347323,2026-01-08 19:03:33.460826
2026-01-08,24666,VEG,CBJ,30000189,Colton Sissons,points,rf_qrf_points,0.3.0,empirical_qrf,0.00949430804398776,0.0,0.018957345971563982,,4935908734271347323,2026-01-08 19:03:33.460826
2026-01-08,24666,VEG,CBJ,30000422,William Karlsson,points,rf_qrf_points,0.3.0,empirical_qrf,0.0,0.0,0.0,,4935908734271347323,2026-01-08 19:03:33.460826
2026-01-08,24666,VEG,CBJ,30000496,Jack Eichel,points,rf_qrf_points,0.3.0,empirical_qrf,0.011142857142857144,0.0,0.0,,4935908734271347323,2026-01-08 19:03:33.460826
2026-01-08,24666,VEG,CBJ,30000633,Noah Hanifin,points,rf_qrf_points,0.3.0,empirical_qrf,0.0,0.0,0.0,,4935908734271347323,2026-01-08 19:03:33.460826
2026-01-08,24666,VEG,CBJ,30000694,Keegan Kolesar,points,rf_qrf_points,0.3.0,empirical_qrf,0.01707979706231287,0.00835782703412981,0.028131393498522395,,4935908734271347323,2026-01-08 19:03:33.460826
2026-01-08,24666,VEG,CBJ,30000784,Ivan Barbashev,points,rf_qrf_points,0.3.0,empirical_qrf,0.006089947089947089,0.0,0.0,,4935908734271347323,2026-01-08 19:03:33.460826
2026-01-08,24666,VEG,CBJ,30000793,Alex Pietrangelo,points,rf_qrf_points,0.3.0,empirical_qrf,0.0,0.0,0.0,,4935908734271347323,2026-01-08 19:03:33.460826
2026-01-08,24666,VEG,CBJ,30000881,Jaycob Megna,points,rf_qrf_points,0.3.0,empirical_qrf,0.01707979706231287,0.00835782703412981,0.028131393498522395,,4935908734271347323,2026-01-08 19:03:33.460826
2026-01-08,24666,VEG,CBJ,30000890,Shea Theodore,points,rf_qrf_points,0.3.0,empirical_qrf,0.00575,0.0,0.0,,4935908734271347323,2026-01-08 19:03:33.460826
2026-01-08,24666,VEG,CBJ,30000927,Ben Hutton,points,rf_qrf_points,0.3.0,empirical_qrf,0.0,0.0,0.0,,4935908734271347323,2026-01-08 19:03:33.460826
2026-01-08,24666,VEG,CBJ,30001229,Brandon Saad,points,rf_qrf_points,0.3.0,empirical_qrf,0.0,0.0,0.0,,4935908734271347323,2026-01-08 19:03:33.460826
2026-01-08,24666,VEG,CBJ,30001246,Mark Stone,points,rf_qrf_points,0.3.0,empirical_qrf,0.0,0.0,0.0,,4935908734271347323,2026-01-08 19:03:33.460826
2026-01-08,24666,VEG,CBJ,30002608,Brandon Hickey,points,rf_qrf_points,0.3.0,empirical_qrf,0.00820765247857426,0.0064212805612835246,0.009962049460168442,,4935908734271347323,2026-01-08 19:03:33.460826
2026-01-08,24666,VEG,CBJ,30002783,Adin Hill,points,rf_qrf_points,0.3.0,empirical_qrf,0.00820765247857426,0.0064212805612835246,0.009962049460168442,,4935908734271347323,2026-01-08 19:03:33.460826
2026-01-08,24666,VEG,CBJ,30002827,Jeremy Lauzon,points,rf_qrf_points,0.3.0,empirical_qrf,0.00949430804398776,0.0,0.018957345971563982,,4935908734271347323,2026-01-08 19:03:33.460826
2026-01-08,24666,VEG,CBJ,30003153,Brett Howden,points,rf_qrf_points,0.3.0,empirical_qrf,0.0558025893805762,0.0,0.10723938223938226,,4935908734271347323,2026-01-08 19:03:33.460826
2026-01-08,24666,VEG,CBJ,30003155,Lucas Johansen,points,rf_qrf_points,0.3.0,empirical_qrf,0.00820765247857426,0.0064212805612835246,0.009962049460168442,,4935908734271347323,2026-01-08 19:03:33.460826
2026-01-08,24666,VEG,CBJ,30003166,Carter Hart,points,rf_qrf_points,0.3.0,empirical_qrf,0.0,0.0,0.0,,4935908734271347323,2026-01-08 19:03:33.460826
2026-01-08,24666,VEG,CBJ,30003342,Mitchell Marner,points,rf_qrf_points,0.3.0,empirical_qrf,0.0,0.0,0.0,,4935908734271347323,2026-01-08 19:03:33.460826
2026-01-08,24666,VEG,CBJ,30003396,Dylan Coghlan,points,rf_qrf_points,0.3.0,empirical_qrf,0.33722958790006,0.0,0.75,,4935908734271347323,2026-01-08 19:03:33.460826
2026-01-08,24666,VEG,CBJ,30003924,Jeremy Davies,points,rf_qrf_points,0.3.0,empirical_qrf,0.06729495790781582,0.022173913043478263,0.11641586867305065,,4935908734271347323,2026-01-08 19:03:33.460826
2026-01-08,24666,VEG,CBJ,30003961,Tanner Laczynski,points,rf_qrf_points,0.3.0,empirical_qrf,0.0,0.0,0.0,,4935908734271347323,2026-01-08 19:03:33.460826
2026-01-08,24666,VEG,CBJ,30003997,Zach Whitecloud,points,rf_qrf_points,0.3.0,empirical_qrf,0.024770822503674423,0.006622516556291391,0.0448789974070873,,4935908734271347323,2026-01-08 19:03:33.460826
2026-01-08,24666,VEG,CBJ,30004243,Mitchell McLain,points,rf_qrf_points,0.3.0,empirical_qrf,0.0,0.0,0.0,,4935908734271347323,2026-01-08 19:03:33.460826
2026-01-08,24666,VEG,CBJ,30004341,Akira Schmid,points,rf_qrf_points,0.3.0,empirical_qrf,0.00820765247857426,0.0064212805612835246,0.009962049460168442,,4935908734271347323,2026-01-08 19:03:33.460826
2026-01-08,24666,VEG,CBJ,30004503,Raphael Lavoie,points,rf_qrf_points,0.3.0,empirical_qrf,0.0,0.0,0.0,,4935908734271347323,2026-01-08 19:03:33.460826
2026-01-08,24666,VEG,CBJ,30004510,Kaedan Korczak,points,rf_qrf_points,0.3.0,empirical_qrf,0.0,0.0,0.0,,4935908734271347323,2026-01-08 19:03:33.460826
2026-01-08,24666,VEG,CBJ,30004532,Pavel Dorofeyev,points,rf_qrf_points,0.3.0,empirical_qrf,0.0,0.0,0.0,,4935908734271347323,2026-01-08 19:03:33.460826
2026-01-08,24666,VEG,CBJ,30004805,Alexander Holtz,points,rf_qrf_points,0.3.0,empirical_qrf,0.0,0.0,0.0,,4935908734271347323,2026-01-08 19:03:33.460826
2026-01-08,24666,VEG,CBJ,30004831,Lukas Cormier,points,rf_qrf_points,0.3.0,empirical_qrf,0.0558025893805762,0.0,0.10723938223938226,,4935908734271347323,2026-01-08 19:03:33.460826
2026-01-08,24666,VEG,CBJ,30004947,Cole Reinhardt,points,rf_qrf_points,0.3.0,empirical_qrf,0.01707979706231287,0.00835782703412981,0.028131393498522395,,4935908734271347323,2026-01-08 19:03:33.460826
2026-01-08,24666,VEG,CBJ,30005106,Jakub Brabenec,points,rf_qrf_points,0.3.0,empirical_qrf,0.20543849919430415,0.0,0.47352941176470653,,4935908734271347323,2026-01-08 19:03:33.460826
2026-01-08,24666,VEG,CBJ,30005109,Jakub Demek,points,rf_qrf_points,0.3.0,empirical_qrf,0.00949430804398776,0.0,0.018957345971563982,,4935908734271347323,2026-01-08 19:03:33.460826
2026-01-08,24666,VEG,CBJ,30005112,Jesper Vikman,points,rf_qrf_points,0.3.0,empirical_qrf,0.00820765247857426,0.0064212805612835246,0.009962049460168442,,4935908734271347323,2026-01-08 19:03:33.460826
2026-01-08,24666,VEG,CBJ,30005162,Riley McKay,points,rf_qrf_points,0.3.0,empirical_qrf,0.00820765247857426,0.0064212805612835246,0.009962049460168442,,4935908734271347323,2026-01-08 19:03:33.460826
2026-01-08,24666,VEG,CBJ,30005320,Carl Lindbom,points,rf_qrf_points,0.3.0,empirical_qrf,0.00820765247857426,0.0064212805612835246,0.009962049460168442,,4935908734271347323,2026-01-08 19:03:33.460826
2026-01-08,24666,VEG,CBJ,30005406,Kevin Wall,points,rf_qrf_points,0.3.0,empirical_qrf,0.00820765247857426,0.0064212805612835246,0.009962049460168442,,4935908734271347323,2026-01-08 19:03:33.460826
2026-01-08,24666,VEG,CBJ,30005679,Matyas Sapovaliv,points,rf_qrf_points,0.3.0,empirical_qrf,0.006035471884442526,0.0,0.011940298507462687,,4935908734271347323,2026-01-08 19:03:33.460826
2026-01-08,24666,VEG,CBJ,30005795,Ben Hemmerling,points,rf_qrf_points,0.3.0,empirical_qrf,0.01707979706231287,0.00835782703412981,0.028131393498522395,,4935908734271347323,2026-01-08 19:03:33.460826
2026-01-08,24666,VEG,CBJ,30005809,Joe Fleming,points,rf_qrf_points,0.3.0,empirical_qrf,0.0,0.0,0.0,,4935908734271347323,2026-01-08 19:03:33.460826
2026-01-08,24666,VEG,CBJ,30005815,Jordan Papirny,points,rf_qrf_points,0.3.0,empirical_qrf,0.00820765247857426,0.0064212805612835246,0.009962049460168442,,4935908734271347323,2026-01-08 19:03:33.460826
2026-01-08,24666,VEG,CBJ,30005829,Christoffer Sedoff,points,rf_qrf_points,0.3.0,empirical_qrf,0.006035471884442526,0.0,0.011940298507462687,,4935908734271347323,2026-01-08 19:03:33.460826
2026-01-08,24666,VEG,CBJ,30005841,Samuel Mayer,points,rf_qrf_points,0.3.0,empirical_qrf,0.00820765247857426,0.0064212805612835246,0.009962049460168442,,4935908734271347323,2026-01-08 19:03:33.460826
2026-01-08,24666,VEG,CBJ,30005944,Braeden Bowman,points,rf_qrf_points,0.3.0,empirical_qrf,0.0,0.0,0.0,,4935908734271347323,2026-01-08 19:03:33.460826
2026-01-08,24666,VEG,CBJ,30006216,Carter Sotheran,points,rf_qrf_points,0.3.0,empirical_qrf,0.00820765247857426,0.0064212805612835246,0.009962049460168442,,4935908734271347323,2026-01-08 19:03:33.460826
2026-01-08,24666,VEG,CBJ,30006232,Tuomas Uronen,points,rf_qrf_points,0.3.0,empirical_qrf,0.00820765247857426,0.0064212805612835246,0.009962049460168442,,4935908734271347323,2026-01-08 19:03:33.460826
2026-01-08,24666,VEG,CBJ,30006391,Mazden Leslie,points,rf_qrf_points,0.3.0,empirical_qrf,0.00820765247857426,0.0064212805612835246,0.009962049460168442,,4935908734271347323,2026-01-08 19:03:33.460826
2026-01-08,24665,MIN,SEA,30003167,Boris Katchouk,points,rf_qrf_points,0.3.0,empirical_qrf,0.0,0.0,0.0,,4935908734271347323,2026-01-08 19:03:33.460826
2026-01-08,24655,TOR,PHI,30005769,Marshall Rifai,points,rf_qrf_points,0.3.0,empirical_qrf,0.00949430804398776,0.0,0.018957345971563982,,4935908734271347323,2026-01-08 19:03:33.460826
2026-01-08,24656,PIT,NJ,30004799,Yegor Chinakhov,points,rf_qrf_points,0.3.0,empirical_qrf,0.0,0.0,0.0,,4935908734271347323,2026-01-08 19:03:33.460826
2026-01-08,24659,CAR,ANA,30005577,Noah Philp,points,rf_qrf_points,0.3.0,empirical_qrf,0.26526082251082256,0.0,1.0,,4935908734271347323,2026-01-08 19:03:33.460826
2026-01-08,24663,NYI,NAS,30003226,Ethan Bear,points,rf_qrf_points,0.3.0,empirical_qrf,0.00820765247857426,0.0064212805612835246,0.009962049460168442,,4935908734271347323,2026-01-08 19:03:33.460826
2026-01-08,24666,CBJ,VEG,30002631,Danton Heinen,points,rf_qrf_points,0.3.0,empirical_qrf,0.0,0.0,0.0,,4935908734271347323,2026-01-08 19:03:33.460826
2026-01-08,24655,TOR,PHI,30003014,Matt Benning,points,rf_qrf_points,0.3.0,empirical_qrf,0.0,0.0,0.0,,4935908734271347323,2026-01-08 19:03:33.460826
2026-01-08,24655,TOR,PHI,30006463,Jacob Quillan,points,rf_qrf_points,0.3.0,empirical_qrf,0.0,0.0,0.0,,4935908734271347323,2026-01-08 19:03:33.460826
2026-01-08,24655,PHI,TOR,30004488,Philip Tomasino,points,rf_qrf_points,0.3.0,empirical_qrf,0.010499999999999999,0.0,0.0,,4935908734271347323,2026-01-08 19:03:33.460826
2026-01-08,24656,PIT,NJ,30000613,Ryan Graves,points,rf_qrf_points,0.3.0,empirical_qrf,0.0,0.0,0.0,,4935908734271347323,2026-01-08 19:03:33.460826
2026-01-08,24657,NYR,BUF,30000599,Anton Blidh,points,rf_qrf_points,0.3.0,empirical_qrf,0.0,0.0,0.0,,4935908734271347323,2026-01-08 19:03:33.460826
2026-01-08,24657,NYR,BUF,30001251,Justin Dowling,points,rf_qrf_points,0.3.0,empirical_qrf,0.0,0.0,0.0,,4935908734271347323,2026-01-08 19:03:33.460826
2026-01-08,24662,EDM,WPG,30005646,Isaac Howard,points,rf_qrf_points,0.3.0,empirical_qrf,0.0,0.0,0.0,,4935908734271347323,2026-01-08 19:03:33.460826
2026-01-08,24663,NYI,NAS,30006041,Cole McWard,points,rf_qrf_points,0.3.0,empirical_qrf,0.01707979706231287,0.00835782703412981,0.028131393498522395,,4935908734271347323,2026-01-08 19:03:33.460826
2026-01-08,24659,CAR,ANA,30003662,Juuso Valimaki,points,rf_qrf_points,0.3.0,empirical_qrf,0.00820765247857426,0.0064212805612835246,0.009962049460168442,,4935908734271347323,2026-01-08 19:03:33.460826
2026-01-08,24661,CGY,BOS,30006494,Zayne Parekh,points,rf_qrf_points,0.3.0,empirical_qrf,0.0,0.0,0.0,,4935908734271347323,2026-01-08 19:03:33.460826
2026-01-08,24666,CBJ,VEG,30004205,Egor Zamula,points,rf_qrf_points,0.3.0,empirical_qrf,0.04497481988322872,0.0,0.08695652173913043,,4935908734271347323,2026-01-08 19:03:33.460826
2026-01-08,24659,ANA,CAR,30006849,Tim Washe,points,rf_qrf_points,0.3.0,empirical_qrf,0.00949430804398776,0.0,0.018957345971563982,,4935908734271347323,2026-01-08 19:03:33.460826
2026-01-08,24659,ANA,CAR,30006017,Nikita Nesterenko,points,rf_qrf_points,0.3.0,empirical_qrf,0.0,0.0,0.0,,4935908734271347323,2026-01-08 19:03:33.460826
2026-01-08,24665,SEA,MIN,30006120,Oscar Fisker Molgaard,points,rf_qrf_points,0.3.0,empirical_qrf,0.0,0.0,0.0,,4935908734271347323,2026-01-08 19:03:33.460826
2026-01-08,24655,TOR,PHI,30000040,Morgan Rielly,goals,rf_qrf_goals,0.3.0,empirical_qrf,0.0,0.0,0.0,,4935908734271347323,2026-01-08 19:03:47.123482
2026-01-08,24655,TOR,PHI,30000100,Christopher Tanev,goals,rf_qrf_goals,0.3.0,empirical_qrf,0.002450928728839414,0.0,0.0050903567533883785,,4935908734271347323,2026-01-08 19:03:47.123482
2026-01-08,24655,TOR,PHI,30000241,Calle Jarnkrok,goals,rf_qrf_goals,0.3.0,empirical_qrf,0.0,0.0,0.0,,4935908734271347323,2026-01-08 19:03:47.123482
2026-01-08,24655,TOR,PHI,30000259,Anthony Stolarz,goals,rf_qrf_goals,0.3.0,empirical_qrf,0.002197128661903237,0.0013460564454171814,0.0031339073918573083,,4935908734271347323,2026-01-08 19:03:47.123482
2026-01-08,24655,TOR,PHI,30000264,Scott Laughton,goals,rf_qrf_goals,0.3.0,empirical_qrf,0.0030753968253968253,0.0,0.0,,4935908734271347323,2026-01-08 19:03:47.123482
2026-01-08,24655,TOR,PHI,30000275,John Tavares,goals,rf_qrf_goals,0.3.0,empirical_qrf,0.0,0.0,0.0,,4935908734271347323,2026-01-08 19:03:47.123482
2026-01-08,24655,TOR,PHI,30000486,William Nylander,goals,rf_qrf_goals,0.3.0,empirical_qrf,0.05969361911960191,0.0,0.14285714285714285,,4935908734271347323,2026-01-08 19:03:47.123482
2026-01-08,24655,TOR,PHI,30000507,Jake McCabe,goals,rf_qrf_goals,0.3.0,empirical_qrf,0.012932220143345106,0.004364913613062464,0.022748123436196838,,4935908734271347323,2026-01-08 19:03:47.123482
2026-01-08,24655,TOR,PHI,30000940,Max Domi,goals,rf_qrf_goals,0.3.0,empirical_qrf,0.0,0.0,0.0,,4935908734271347323,2026-01-08 19:03:47.123482
2026-01-08,24655,TOR,PHI,30000943,Oliver Ekman-Larsson,goals,rf_qrf_goals,0.3.0,empirical_qrf,0.0,0.0,0.0,,4935908734271347323,2026-01-08 19:03:47.123482
2026-01-08,24655,TOR,PHI,30001088,Brandon Carlo,goals,rf_qrf_goals,0.3.0,empirical_qrf,0.006399930567951856,0.0,0.0158899923605806,,4935908734271347323,2026-01-08 19:03:47.123482
2026-01-08,24655,TOR,PHI,30001217,Dakota Mermis,goals,rf_qrf_goals,0.3.0,empirical_qrf,0.012932220143345106,0.004364913613062464,0.022748123436196838,,4935908734271347323,2026-01-08 19:03:47.123482
2026-01-08,24655,TOR,PHI,30002664,Brandon Baddock,goals,rf_qrf_goals,0.3.0,empirical_qrf,0.002197128661903237,0.0013460564454171814,0.0031339073918573083,,4935908734271347323,2026-01-08 19:03:47.123482
2026-01-08,24655,TOR,PHI,30002867,Philippe Myers,goals,rf_qrf_goals,0.3.0,empirical_qrf,0.0,0.0,0.0,,4935908734271347323,2026-01-08 19:03:47.123482
2026-01-08,24655,TOR,PHI,30002869,Ken Appleby,goals,rf_qrf_goals,0.3.0,empirical_qrf,0.002197128661903237,0.0013460564454171814,0.0031339073918573083,,4935908734271347323,2026-01-08 19:03:47.123482
2026-01-08,24655,TOR,PHI,30003022,Travis Boyd,goals,rf_qrf_goals,0.3.0,empirical_qrf,0.030272496519761466,0.0,0.05714285714285714,,4935908734271347323,2026-01-08 19:03:47.123482
2026-01-08,24655,TOR,PHI,30003041,Steven Lorentz,goals,rf_qrf_goals,0.3.0,empirical_qrf,0.0,0.0,0.0,,4935908734271347323,2026-01-08 19:03:47.123482
2026-01-08,24655,TOR,PHI,30003042,Nicolas Roy,goals,rf_qrf_goals,0.3.0,empirical_qrf,0.03587642331769022,0.0,0.08695652173913043,,4935908734271347323,2026-01-08 19:03:47.123482
2026-01-08,24655,TOR,PHI,30003083,Troy Stecher,goals,rf_qrf_goals,0.3.0,empirical_qrf,0.012832290159661166,0.0,0.028612836438923404,,4935908734271347323,2026-01-08 19:03:47.123482
2026-01-08,24655,TOR,PHI,30003130,Auston Matthews,goals,rf_qrf_goals,0.3.0,empirical_qrf,0.13133333333333333,0.0,0.6666666666666666,,4935908734271347323,2026-01-08 19:03:47.123482
2026-01-08,24655,TOR,PHI,30003192,Joseph Woll,goals,rf_qrf_goals,0.3.0,empirical_qrf,0.002197128661903237,0.0013460564454171814,0.0031339073918573083,,4935908734271347323,2026-01-08 19:03:47.123482
2026-01-08,24655,TOR,PHI,30003562,Vinni Lettieri,goals,rf_qrf_goals,0.3.0,empirical_qrf,0.0,0.0,0.0,,4935908734271347323,2026-01-08 19:03:47.123482
2026-01-08,24655,TOR,PHI,30004139,Bo Groulx,goals,rf_qrf_goals,0.3.0,empirical_qrf,0.005557208042502161,0.0,0.0,,4935908734271347323,2026-01-08 19:03:47.123482
2026-01-08,24655,TOR,PHI,30004252,Simon Benoit,goals,rf_qrf_goals,0.3.0,empirical_qrf,0.0,0.0,0.0,,4935908734271347323,2026-01-08 19:03:47.123482
2026-01-08,24655,TOR,PHI,30004394,Reese Johnson,goals,rf_qrf_goals,0.3.0,empirical_qrf,0.002197128661903237,0.0013460564454171814,0.0031339073918573083,,4935908734271347323,2026-01-08 19:03:47.123482
2026-01-08,24655,TOR,PHI,30004509,Nicholas Robertson,goals,rf_qrf_goals,0.3.0,empirical_qrf,0.0,0.0,0.0,,4935908734271347323,2026-01-08 19:03:47.123482
2026-01-08,24655,TOR,PHI,30004511,Henry Thrun,goals,rf_qrf_goals,0.3.0,empirical_qrf,0.0,0.0,0.0,,4935908734271347323,2026-01-08 19:03:47.123482
2026-01-08,24655,TOR,PHI,30004539,Matias Maccelli,goals,rf_qrf_goals,0.3.0,empirical_qrf,0.003177248677248677,0.0,0.0,,4935908734271347323,2026-01-08 19:03:47.123482
2026-01-08,24655,TOR,PHI,30004583,Dakota Joshua,goals,rf_qrf_goals,0.3.0,empirical_qrf,0.0,0.0,0.0,,4935908734271347323,2026-01-08 19:03:47.123482
2026-01-08,24655,TOR,PHI,30005024,Matthew Knies,goals,rf_qrf_goals,0.3.0,empirical_qrf,0.011235032107839856,0.0,0.02635087719298246,,4935908734271347323,2026-01-08 19:03:47.123482
2026-01-08,24655,TOR,PHI,30005068,Ryan McCleary,goals,rf_qrf_goals,0.3.0,empirical_qrf,0.002197128661903237,0.0013460564454171814,0.0031339073918573083,,4935908734271347323,2026-01-08 19:03:47.123482
2026-01-08,24655,TOR,PHI,30005143,Ben King,goals,rf_qrf_goals,0.3.0,empirical_qrf,0.002197128661903237,0.0013460564454171814,0.0031339073918573083,,4935908734271347323,2026-01-08 19:03:47.123482
2026-01-08,24655,TOR,PHI,30005520,Braeden Kressler,goals,rf_qrf_goals,0.3.0,empirical_qrf,0.002197128661903237,0.0013460564454171814,0.0031339073918573083,,4935908734271347323,2026-01-08 19:03:47.123482
2026-01-08,24655,TOR,PHI,30005527,Artur Akhtyamov,goals,rf_qrf_goals,0.3.0,empirical_qrf,0.002197128661903237,0.0013460564454171814,0.0031339073918573083,,4935908734271347323,2026-01-08 19:03:47.123482
2026-01-08,24655,TOR,PHI,30005528,Ryan Tverberg,goals,rf_qrf_goals,0.3.0,empirical_qrf,0.0,0.0,0.0,,4935908734271347323,2026-01-08 19:03:47.123482
2026-01-08,24655,TOR,PHI,30005542,Vyacheslav Peksa,goals,rf_qrf_goals,0.3.0,empirical_qrf,0.002197128661903237,0.0013460564454171814,0.0031339073918573083,,4935908734271347323,2026-01-08 19:03:47.123482
2026-01-08,24655,TOR,PHI,30005589,Bobby McMann,goals,rf_qrf_goals,0.3.0,empirical_qrf,0.0,0.0,0.0,,4935908734271347323,2026-01-08 19:03:47.123482
2026-01-08,24655,TOR,PHI,30005725,Dennis Hildeby,goals,rf_qrf_goals,0.3.0,empirical_qrf,0.002197128661903237,0.0013460564454171814,0.0031339073918573083,,4935908734271347323,2026-01-08 19:03:47.123482
2026-01-08,24655,TOR,PHI,30006072,Easton Cowan,goals,rf_qrf_goals,0.3.0,empirical_qrf,0.0,0.0,0.0,,4935908734271347323,2026-01-08 19:03:47.123482
2026-01-08,24655,TOR,PHI,30006207,Noah Chadwick,goals,rf_qrf_goals,0.3.0,empirical_qrf,0.002197128661903237,0.0013460564454171814,0.0031339073918573083,,4935908734271347323,2026-01-08 19:03:47.123482
2026-01-08,24655,TOR,PHI,30006276,Marc Johnstone,goals,rf_qrf_goals,0.3.0,empirical_qrf,0.002197128661903237,0.0013460564454171814,0.0031339073918573083,,4935908734271347323,2026-01-08 19:03:47.123482
2026-01-08,24655,TOR,PHI,30006378,Jake Johnson,goals,rf_qrf_goals,0.3.0,empirical_qrf,0.002197128661903237,0.0013460564454171814,0.0031339073918573083,,4935908734271347323,2026-01-08 19:03:47.123482
2026-01-08,24655,TOR,PHI,30006388,Keenan Suthers,goals,rf_qrf_goals,0.3.0,empirical_qrf,0.002197128661903237,0.0013460564454171814,0.0031339073918573083,,4935908734271347323,2026-01-08 19:03:47.123482
2026-01-08,24655,TOR,PHI,30006389,Jacob Frasca,goals,rf_qrf_goals,0.3.0,empirical_qrf,0.002197128661903237,0.0013460564454171814,0.0031339073918573083,,4935908734271347323,2026-01-08 19:03:47.123482
2026-01-08,24655,PHI,TOR,30000050,Sean Couturier,goals,rf_qrf_goals,0.3.0,empirical_qrf,0.0008333333333333334,0.0,0.0,,4935908734271347323,2026-01-08 19:03:47.123482
2026-01-08,24655,PHI,TOR,30000234,Garrett Wilson,goals,rf_qrf_goals,0.3.0,empirical_qrf,0.002450928728839414,0.0,0.0050903567533883785,,4935908734271347323,2026-01-08 19:03:47.123482
2026-01-08,24655,PHI,TOR,30000349,Travis Konecny,goals,rf_qrf_goals,0.3.0,empirical_qrf,0.009027777777777777,0.0,0.0,,4935908734271347323,2026-01-08 19:03:47.123482
2026-01-08,24655,PHI,TOR,30000501,Nicolas Deslauriers,goals,rf_qrf_goals,0.3.0,empirical_qrf,0.0,0.0,0.0,,4935908734271347323,2026-01-08 19:03:47.123482
2026-01-08,24655,PHI,TOR,30000624,Travis Sanheim,goals,rf_qrf_goals,0.3.0,empirical_qrf,0.0,0.0,0.0,,4935908734271347323,2026-01-08 19:03:47.123482
2026-01-08,24655,PHI,TOR,30000942,Christian Dvorak,goals,rf_qrf_goals,0.3.0,empirical_qrf,0.0,0.0,0.0,,4935908734271347323,2026-01-08 19:03:47.123482
2026-01-08,24655,PHI,TOR,30001201,Garnet Hathaway,goals,rf_qrf_goals,0.3.0,empirical_qrf,0.002450928728839414,0.0,0.0050903567533883785,,4935908734271347323,2026-01-08 19:03:47.123482
2026-01-08,24655,PHI,TOR,30001294,Rasmus Ristolainen,goals,rf_qrf_goals,0.3.0,empirical_qrf,0.002197128661903237,0.0013460564454171814,0.0031339073918573083,,4935908734271347323,2026-01-08 19:03:47.123482
2026-01-08,24655,PHI,TOR,30001312,Noah Juulsen,goals,rf_qrf_goals,0.3.0,empirical_qrf,0.006399930567951856,0.0,0.0158899923605806,,4935908734271347323,2026-01-08 19:03:47.123482
2026-01-08,24655,PHI,TOR,30002786,Dan Vladar,goals,rf_qrf_goals,0.3.0,empirical_qrf,0.002197128661903237,0.0013460564454171814,0.0031339073918573083,,4935908734271347323,2026-01-08 19:03:47.123482
2026-01-08,24655,PHI,TOR,30002979,Anthony Richard,goals,rf_qrf_goals,0.3.0,empirical_qrf,0.0,0.0,0.0,,4935908734271347323,2026-01-08 19:03:47.123482
2026-01-08,24655,PHI,TOR,30003016,Nick Seeler,goals,rf_qrf_goals,0.3.0,empirical_qrf,0.0,0.0,0.0,,4935908734271347323,2026-01-08 19:03:47.123482
2026-01-08,24655,PHI,TOR,30003171,Carl Grundstrom,goals,rf_qrf_goals,0.3.0,empirical_qrf,0.0,0.0,0.0,,4935908734271347323,2026-01-08 19:03:47.123482
2026-01-08,24655,PHI,TOR,30003283,Lane Pederson,goals,rf_qrf_goals,0.3.0,empirical_qrf,0.0,0.0,0.0,,4935908734271347323,2026-01-08 19:03:47.123482
2026-01-08,24655,PHI,TOR,30003500,Rodrigo Abols,goals,rf_qrf_goals,0.3.0,empirical_qrf,0.0,0.0,0.0,,4935908734271347323,2026-01-08 19:03:47.123482
2026-01-08,24655,PHI,TOR,30003653,Owen Tippett,goals,rf_qrf_goals,0.3.0,empirical_qrf,0.0,0.0,0.0,,4935908734271347323,2026-01-08 19:03:47.123482
2026-01-08,24655,PHI,TOR,30003733,Keith Petruzzelli,goals,rf_qrf_goals,0.3.0,empirical_qrf,0.002197128661903237,0.0013460564454171814,0.0031339073918573083,,4935908734271347323,2026-01-08 19:03:47.123482
2026-01-08,24655,PHI,TOR,30004002,Cooper Marody,goals,rf_qrf_goals,0.3.0,empirical_qrf,0.002197128661903237,0.0013460564454171814,0.0031339073918573083,,4935908734271347323,2026-01-08 19:03:47.123482
2026-01-08,24655,PHI,TOR,30004154,Xavier Bernard,goals,rf_qrf_goals,0.3.0,empirical_qrf,0.0,0.0,0.0,,4935908734271347323,2026-01-08 19:03:47.123482
2026-01-08,24655,PHI,TOR,30004406,Samuel Ersson,goals,rf_qrf_goals,0.3.0,empirical_qrf,0.002197128661903237,0.0013460564454171814,0.0031339073918573083,,4935908734271347323,2026-01-08 19:03:47.123482
2026-01-08,24655,PHI,TOR,30004481,Trevor Zegras,goals,rf_qrf_goals,0.3.0,empirical_qrf,0.0,0.0,0.0,,4935908734271347323,2026-01-08 19:03:47.123482
2026-01-08,24655,PHI,TOR,30004484,Cam York,goals,rf_qrf_goals,0.3.0,empirical_qrf,0.0,0.0,0.0,,4935908734271347323,2026-01-08 19:03:47.123482
2026-01-08,24655,PHI,TOR,30004508,Bobby Brink,goals,rf_qrf_goals,0.3.0,empirical_qrf,0.0,0.0,0.0,,4935908734271347323,2026-01-08 19:03:47.123482
2026-01-08,24655,PHI,TOR,30004800,Jamie Drysdale,goals,rf_qrf_goals,0.3.0,empirical_qrf,0.005557208042502161,0.0,0.0,,4935908734271347323,2026-01-08 19:03:47.123482
2026-01-08,24655,PHI,TOR,30004801,Tyson Foerster,goals,rf_qrf_goals,0.3.0,empirical_qrf,0.0,0.0,0.0,,4935908734271347323,2026-01-08 19:03:47.123482
2026-01-08,24655,PHI,TOR,30004824,Emil Andrae,goals,rf_qrf_goals,0.3.0,empirical_qrf,0.0,0.0,0.0,,4935908734271347323,2026-01-08 19:03:47.123482
2026-01-08,24655,PHI,TOR,30004839,Helge Grans,goals,rf_qrf_goals,0.3.0,empirical_qrf,0.0,0.0,0.0,,4935908734271347323,2026-01-08 19:03:47.123482
2026-01-08,24655,PHI,TOR,30005234,Vincent Sevigny,goals,rf_qrf_goals,0.3.0,empirical_qrf,0.002197128661903237,0.0013460564454171814,0.0031339073918573083,,4935908734271347323,2026-01-08 19:03:47.123482
2026-01-08,24655,PHI,TOR,30005293,Artem Guryev,goals,rf_qrf_goals,0.3.0,empirical_qrf,0.002197128661903237,0.0013460564454171814,0.0031339073918573083,,4935908734271347323,2026-01-08 19:03:47.123482
2026-01-08,24655,PHI,TOR,30005345,Roman Schmidt,goals,rf_qrf_goals,0.3.0,empirical_qrf,0.0,0.0,0.0,,4935908734271347323,2026-01-08 19:03:47.123482
2026-01-08,24655,PHI,TOR,30005397,Noah Cates,goals,rf_qrf_goals,0.3.0,empirical_qrf,0.007164309764309763,0.0,0.0,,4935908734271347323,2026-01-08 19:03:47.123482
2026-01-08,24655,PHI,TOR,30005401,Aleksei Kolosov,goals,rf_qrf_goals,0.3.0,empirical_qrf,0.002197128661903237,0.0013460564454171814,0.0031339073918573083,,4935908734271347323,2026-01-08 19:03:47.123482
2026-01-08,24655,PHI,TOR,30005756,Tucker Robertson,goals,rf_qrf_goals,0.3.0,empirical_qrf,0.002197128661903237,0.0013460564454171814,0.0031339073918573083,,4935908734271347323,2026-01-08 19:03:47.123482
2026-01-08,24655,PHI,TOR,30005958,Nikita Grebenkin,goals,rf_qrf_goals,0.3.0,empirical_qrf,0.002013888888888889,0.0,0.0,,4935908734271347323,2026-01-08 19:03:47.123482
2026-01-08,24655,PHI,TOR,30006045,Yaniv Perets,goals,rf_qrf_goals,0.3.0,empirical_qrf,0.002197128661903237,0.0013460564454171814,0.0031339073918573083,,4935908734271347323,2026-01-08 19:03:47.123482
2026-01-08,24655,PHI,TOR,30006061,Matvei Michkov,goals,rf_qrf_goals,0.3.0,empirical_qrf,0.0,0.0,0.0,,4935908734271347323,2026-01-08 19:03:47.123482
2026-01-08,24655,PHI,TOR,30006075,Oliver Bonk,goals,rf_qrf_goals,0.3.0,empirical_qrf,0.0,0.0,0.0,,4935908734271347323,2026-01-08 19:03:47.123482
2026-01-08,24655,PHI,TOR,30006100,Carson Bjarnason,goals,rf_qrf_goals,0.3.0,empirical_qrf,0.002197128661903237,0.0013460564454171814,0.0031339073918573083,,4935908734271347323,2026-01-08 19:03:47.123482
2026-01-08,24655,PHI,TOR,30006135,Denver Barkey,goals,rf_qrf_goals,0.3.0,empirical_qrf,0.012932220143345106,0.004364913613062464,0.022748123436196838,,4935908734271347323,2026-01-08 19:03:47.123482
2026-01-08,24656,NJ,PIT,30000070,Dougie Hamilton,goals,rf_qrf_goals,0.3.0,empirical_qrf,0.0,0.0,0.0,,4935908734271347323,2026-01-08 19:03:47.123482
2026-01-08,24656,NJ,PIT,30000210,Colton White,goals,rf_qrf_goals,0.3.0,empirical_qrf,0.0,0.0,0.0,,4935908734271347323,2026-01-08 19:03:47.123482
2026-01-08,24656,NJ,PIT,30000368,Brett Pesce,goals,rf_qrf_goals,0.3.0,empirical_qrf,0.005557208042502161,0.0,0.0,,4935908734271347323,2026-01-08 19:03:47.123482
2026-01-08,24656,NJ,PIT,30000491,Connor Brown,goals,rf_qrf_goals,0.3.0,empirical_qrf,0.0,0.0,0.0,,4935908734271347323,2026-01-08 19:03:47.123482
2026-01-08,24656,NJ,PIT,30000573,Jacob Markstrom,goals,rf_qrf_goals,0.3.0,empirical_qrf,0.002197128661903237,0.0013460564454171814,0.0031339073918573083,,4935908734271347323,2026-01-08 19:03:47.123482
2026-01-08,24656,NJ,PIT,30000665,Jake Allen,goals,rf_qrf_goals,0.3.0,empirical_qrf,0.002197128661903237,0.0013460564454171814,0.0031339073918573083,,4935908734271347323,2026-01-08 19:03:47.123482
2026-01-08,24656,NJ,PIT,30000844,Luke Glendening,goals,rf_qrf_goals,0.3.0,empirical_qrf,0.0,0.0,0.0,,4935908734271347323,2026-01-08 19:03:47.123482
2026-01-08,24656,NJ,PIT,30000886,Stefan Noesen,goals,rf_qrf_goals,0.3.0,empirical_qrf,0.05706928863854896,0.0,0.14285714285714285,,4935908734271347323,2026-01-08 19:03:47.123482
2026-01-08,24656,NJ,PIT,30001052,Ondrej Palat,goals,rf_qrf_goals,0.3.0,empirical_qrf,0.0026018518518518513,0.0,0.0,,4935908734271347323,2026-01-08 19:03:47.123482
2026-01-08,24656,NJ,PIT,30001108,Jonas Siegenthaler,goals,rf_qrf_goals,0.3.0,empirical_qrf,0.0,0.0,0.0,,4935908734271347323,2026-01-08 19:03:47.123482
2026-01-08,24656,NJ,PIT,30001225,Brenden Dillon,goals,rf_qrf_goals,0.3.0,empirical_qrf,0.030272496519761466,0.0,0.05714285714285714,,4935908734271347323,2026-01-08 19:03:47.123482
2026-01-08,24656,NJ,PIT,30001226,Timo Meier,goals,rf_qrf_goals,0.3.0,empirical_qrf,0.0,0.0,0.0,,4935908734271347323,2026-01-08 19:03:47.123482
2026-01-08,24656,NJ,PIT,30001786,Evgenii Dadonov,goals,rf_qrf_goals,0.3.0,empirical_qrf,0.0,0.0,0.0,,4935908734271347323,2026-01-08 19:03:47.123482
2026-01-08,24656,NJ,PIT,30002609,Juho Lammikko,goals,rf_qrf_goals,0.3.0,empirical_qrf,0.0,0.0,0.0,,4935908734271347323,2026-01-08 19:03:47.123482
2026-01-08,24656,NJ,PIT,30003154,Dennis Cholowski,goals,rf_qrf_goals,0.3.0,empirical_qrf,0.0,0.0,0.0,,4935908734271347323,2026-01-08 19:03:47.123482
2026-01-08,24656,NJ,PIT,30003404,Zack MacEwen,goals,rf_qrf_goals,0.3.0,empirical_qrf,0.012932220143345106,0.004364913613062464,0.022748123436196838,,4935908734271347323,2026-01-08 19:03:47.123482
2026-01-08,24656,NJ,PIT,30003568,Joseph Gambardella,goals,rf_qrf_goals,0.3.0,empirical_qrf,0.002197128661903237,0.0013460564454171814,0.0031339073918573083,,4935908734271347323,2026-01-08 19:03:47.123482
2026-01-08,24656,NJ,PIT,30003612,Jesper Bratt,goals,rf_qrf_goals,0.3.0,empirical_qrf,0.0,0.0,0.0,,4935908734271347323,2026-01-08 19:03:47.123482
2026-01-08,24656,NJ,PIT,30003639,Nico Hischier,goals,rf_qrf_goals,0.3.0,empirical_qrf,0.0,0.0,0.0,,4935908734271347323,2026-01-08 19:03:47.123482
2026-01-08,24656,NJ,PIT,30003642,Cody Glass,goals,rf_qrf_goals,0.3.0,empirical_qrf,0.0,0.0,0.0,,4935908734271347323,2026-01-08 19:03:47.123482
2026-01-08,24656,NJ,PIT,30003726,Johnathan Kovacevic,goals,rf_qrf_goals,0.3.0,empirical_qrf,0.0,0.0,0.0,,4935908734271347323,2026-01-08 19:03:47.123482
2026-01-08,24656,NJ,PIT,30003983,Austin Strand,goals,rf_qrf_goals,0.3.0,empirical_qrf,0.012832290159661166,0.0,0.028612836438923404,,4935908734271347323,2026-01-08 19:03:47.123482
2026-01-08,24656,NJ,PIT,30004112,Calen Addison,goals,rf_qrf_goals,0.3.0,empirical_qrf,0.012832290159661166,0.0,0.028612836438923404,,4935908734271347323,2026-01-08 19:03:47.123482
2026-01-08,24656,NJ,PIT,30004384,Paul Cotter,goals,rf_qrf_goals,0.3.0,empirical_qrf,0.01863095238095238,0.0,0.0,,4935908734271347323,2026-01-08 19:03:47.123482
2026-01-08,24656,NJ,PIT,30004470,Jack Hughes,goals,rf_qrf_goals,0.3.0,empirical_qrf,0.0008333333333333334,0.0,0.0,,4935908734271347323,2026-01-08 19:03:47.123482
2026-01-08,24656,NJ,PIT,30004549,Nathan Legare,goals,rf_qrf_goals,0.3.0,empirical_qrf,0.0,0.0,0.0,,4935908734271347323,2026-01-08 19:03:47.123482
2026-01-08,24656,NJ,PIT,30004810,Dawson Mercer,goals,rf_qrf_goals,0.3.0,empirical_qrf,0.009027777777777777,0.0,0.0,,4935908734271347323,2026-01-08 19:03:47.123482
2026-01-08,24656,NJ,PIT,30004827,Thomas Bordeleau,goals,rf_qrf_goals,0.3.0,empirical_qrf,0.0,0.0,0.0,,4935908734271347323,2026-01-08 19:03:47.123482
2026-01-08,24656,NJ,PIT,30004833,Nico Daws,goals,rf_qrf_goals,0.3.0,empirical_qrf,0.002197128661903237,0.0013460564454171814,0.0031339073918573083,,4935908734271347323,2026-01-08 19:03:47.123482
2026-01-08,24656,NJ,PIT,30004986,Luke Hughes,goals,rf_qrf_goals,0.3.0,empirical_qrf,0.0,0.0,0.0,,4935908734271347323,2026-01-08 19:03:47.123482
2026-01-08,24656,NJ,PIT,30005278,Mikael Diotte,goals,rf_qrf_goals,0.3.0,empirical_qrf,0.011235032107839856,0.0,0.02635087719298246,,4935908734271347323,2026-01-08 19:03:47.123482
2026-01-08,24656,NJ,PIT,30005466,Arseniy Gritsyuk,goals,rf_qrf_goals,0.3.0,empirical_qrf,0.0,0.0,0.0,,4935908734271347323,2026-01-08 19:03:47.123482
2026-01-08,24656,NJ,PIT,30005561,Marc McLaughlin,goals,rf_qrf_goals,0.3.0,empirical_qrf,0.002197128661903237,0.0013460564454171814,0.0031339073918573083,,4935908734271347323,2026-01-08 19:03:47.123482
2026-01-08,24656,NJ,PIT,30005569,Brian Halonen,goals,rf_qrf_goals,0.3.0,empirical_qrf,0.0,0.0,0.0,,4935908734271347323,2026-01-08 19:03:47.123482
2026-01-08,24656,NJ,PIT,30005613,Simon Nemec,goals,rf_qrf_goals,0.3.0,empirical_qrf,0.0,0.0,0.0,,4935908734271347323,2026-01-08 19:03:47.123482
2026-01-08,24656,NJ,PIT,30006223,Jeremy Hanzel,goals,rf_qrf_goals,0.3.0,empirical_qrf,0.002197128661903237,0.0013460564454171814,0.0031339073918573083,,4935908734271347323,2026-01-08 19:03:47.123482
2026-01-08,24656,NJ,PIT,30006356,Matyas Melovsky,goals,rf_qrf_goals,0.3.0,empirical_qrf,0.0,0.0,0.0,,4935908734271347323,2026-01-08 19:03:47.123482
2026-01-08,24656,PIT,NJ,30000445,Erik Karlsson,goals,rf_qrf_goals,0.3.0,empirical_qrf,0.007893518518518518,0.0,0.0,,4935908734271347323,2026-01-08 19:03:47.123482
2026-01-08,24656,PIT,NJ,30000557,Brett Kulak,goals,rf_qrf_goals,0.3.0,empirical_qrf,0.0,0.0,0.0,,4935908734271347323,2026-01-08 19:03:47.123482
2026-01-08,24656,PIT,NJ,30000615,Kevin Hayes,goals,rf_qrf_goals,0.3.0,empirical_qrf,0.007164309764309763,0.0,0.0,,4935908734271347323,2026-01-08 19:03:47.123482
2026-01-08,24656,PIT,NJ,30000651,Sidney Crosby,goals,rf_qrf_goals,0.3.0,empirical_qrf,0.0008333333333333334,0.0,0.0,,4935908734271347323,2026-01-08 19:03:47.123482
2026-01-08,24656,PIT,NJ,30000658,Kris Letang,goals,rf_qrf_goals,0.3.0,empirical_qrf,0.0,0.0,0.0,,4935908734271347323,2026-01-08 19:03:47.123482
2026-01-08,24656,PIT,NJ,30000660,Evgeni Malkin,goals,rf_qrf_goals,0.3.0,empirical_qrf,0.0,0.0,0.0,,4935908734271347323,2026-01-08 19:03:47.123482
2026-01-08,24656,PIT,NJ,30000806,Matt Dumba,goals,rf_qrf_goals,0.3.0,empirical_qrf,0.0,0.0,0.0,,4935908734271347323,2026-01-08 19:03:47.123482
2026-01-08,24656,PIT,NJ,30000848,Anthony Mantha,goals,rf_qrf_goals,0.3.0,empirical_qrf,0.0,0.0,0.0,,4935908734271347323,2026-01-08 19:03:47.123482
2026-01-08,24656,PIT,NJ,30000888,Rickard Rakell,goals,rf_qrf_goals,0.3.0,empirical_qrf,0.0,0.0,0.0,,4935908734271347323,2026-01-08 19:03:47.123482
2026-01-08,24656,PIT,NJ,30001100,Bryan Rust,goals,rf_qrf_goals,0.3.0,empirical_qrf,0.0037777777777777775,0.0,0.0,,4935908734271347323,2026-01-08 19:03:47.123482
2026-01-08,24656,PIT,NJ,30001235,Noel Acciari,goals,rf_qrf_goals,0.3.0,empirical_qrf,0.0,0.0,0.0,,4935908734271347323,2026-01-08 19:03:47.123482
2026-01-08,24656,PIT,NJ,30002778,Tommy Novak,goals,rf_qrf_goals,0.3.0,empirical_qrf,0.0,0.0,0.0,,4935908734271347323,2026-01-08 19:03:47.123482
2026-01-08,24656,PIT,NJ,30002874,Caleb Jones,goals,rf_qrf_goals,0.3.0,empirical_qrf,0.0,0.0,0.0,,4935908734271347323,2026-01-08 19:03:47.123482
2026-01-08,24656,PIT,NJ,30003030,Bokondji Imama,goals,rf_qrf_goals,0.3.0,empirical_qrf,0.002197128661903237,0.0013460564454171814,0.0031339073918573083,,4935908734271347323,2026-01-08 19:03:47.123482
2026-01-08,24656,PIT,NJ,30003099,Parker Wotherspoon,goals,rf_qrf_goals,0.3.0,empirical_qrf,0.0,0.0,0.0,,4935908734271347323,2026-01-08 19:03:47.123482
2026-01-08,24656,PIT,NJ,30003391,Justin Brazeau,goals,rf_qrf_goals,0.3.0,empirical_qrf,0.0,0.0,0.0,,4935908734271347323,2026-01-08 19:03:47.123482
2026-01-08,24656,PIT,NJ,30003586,Joona Koppanen,goals,rf_qrf_goals,0.3.0,empirical_qrf,0.012832290159661166,0.0,0.028612836438923404,,4935908734271347323,2026-01-08 19:03:47.123482
2026-01-08,24656,PIT,NJ,30003729,Stuart Skinner,goals,rf_qrf_goals,0.3.0,empirical_qrf,0.002197128661903237,0.0013460564454171814,0.0031339073918573083,,4935908734271347323,2026-01-08 19:03:47.123482
2026-01-08,24656,PIT,NJ,30003739,Sebastian Aho,goals,rf_qrf_goals,0.3.0,empirical_qrf,0.002450928728839414,0.0,0.0050903567533883785,,4935908734271347323,2026-01-08 19:03:47.123482
2026-01-08,24656,PIT,NJ,30003893,Connor Clifton,goals,rf_qrf_goals,0.3.0,empirical_qrf,0.0,0.0,0.0,,4935908734271347323,2026-01-08 19:03:47.123482
2026-01-08,24656,PIT,NJ,30004100,Alexander Alexeyev,goals,rf_qrf_goals,0.3.0,empirical_qrf,0.0,0.0,0.0,,4935908734271347323,2026-01-08 19:03:47.123482
2026-01-08,24656,PIT,NJ,30004181,Connor Dewar,goals,rf_qrf_goals,0.3.0,empirical_qrf,0.0008518518518518518,0.0,0.0,,4935908734271347323,2026-01-08 19:03:47.123482
2026-01-08,24656,PIT,NJ,30004423,Blake Lizotte,goals,rf_qrf_goals,0.3.0,empirical_qrf,0.0,0.0,0.0,,4935908734271347323,2026-01-08 19:03:47.123482
2026-01-08,24656,PIT,NJ,30004609,Arturs Silovs,goals,rf_qrf_goals,0.3.0,empirical_qrf,0.002197128661903237,0.0013460564454171814,0.0031339073918573083,,4935908734271347323,2026-01-08 19:03:47.123482
2026-01-08,24656,PIT,NJ,30004788,Ryan Shea,goals,rf_qrf_goals,0.3.0,empirical_qrf,0.0,0.0,0.0,,4935908734271347323,2026-01-08 19:03:47.123482
2026-01-08,24656,PIT,NJ,30004825,Joel Blomqvist,goals,rf_qrf_goals,0.3.0,empirical_qrf,0.002197128661903237,0.0013460564454171814,0.0031339073918573083,,4935908734271347323,2026-01-08 19:03:47.123482
2026-01-08,24656,PIT,NJ,30004918,Philip Kemp,goals,rf_qrf_goals,0.3.0,empirical_qrf,0.0,0.0,0.0,,4935908734271347323,2026-01-08 19:03:47.123482
2026-01-08,24656,PIT,NJ,30004960,Valtteri Puustinen,goals,rf_qrf_goals,0.3.0,empirical_qrf,0.0,0.0,0.0,,4935908734271347323,2026-01-08 19:03:47.123482
2026-01-08,24656,PIT,NJ,30005027,Ville Koivunen,goals,rf_qrf_goals,0.3.0,empirical_qrf,0.0,0.0,0.0,,4935908734271347323,2026-01-08 19:03:47.123482
2026-01-08,24656,PIT,NJ,30005066,Raivis Ansons,goals,rf_qrf_goals,0.3.0,empirical_qrf,0.002197128661903237,0.0013460564454171814,0.0031339073918573083,,4935908734271347323,2026-01-08 19:03:47.123482
2026-01-08,24656,PIT,NJ,30005197,Taylor Gauthier,goals,rf_qrf_goals,0.3.0,empirical_qrf,0.002197128661903237,0.0013460564454171814,0.0031339073918573083,,4935908734271347323,2026-01-08 19:03:47.123482
2026-01-08,24656,PIT,NJ,30005267,William Dufour,goals,rf_qrf_goals,0.3.0,empirical_qrf,0.0,0.0,0.0,,4935908734271347323,2026-01-08 19:03:47.123482
2026-01-08,24656,PIT,NJ,30005330,Callahan Burke,goals,rf_qrf_goals,0.3.0,empirical_qrf,0.002197128661903237,0.0013460564454171814,0.0031339073918573083,,4935908734271347323,2026-01-08 19:03:47.123482
2026-01-08,24656,PIT,NJ,30005403,Jack St. Ivany,goals,rf_qrf_goals,0.3.0,empirical_qrf,0.011235032107839856,0.0,0.02635087719298246,,4935908734271347323,2026-01-08 19:03:47.123482
2026-01-08,24656,PIT,NJ,30005511,Aidan McDonough,goals,rf_qrf_goals,0.3.0,empirical_qrf,0.006399930567951856,0.0,0.0158899923605806,,4935908734271347323,2026-01-08 19:03:47.123482
2026-01-08,24656,PIT,NJ,30005623,Rutger McGroarty,goals,rf_qrf_goals,0.3.0,empirical_qrf,0.0,0.0,0.0,,4935908734271347323,2026-01-08 19:03:47.123482
2026-01-08,24656,PIT,NJ,30005635,Owen Pickering,goals,rf_qrf_goals,0.3.0,empirical_qrf,0.012832290159661166,0.0,0.028612836438923404,,4935908734271347323,2026-01-08 19:03:47.123482
2026-01-08,24656,PIT,NJ,30005966,Avery Hayes,goals,rf_qrf_goals,0.3.0,empirical_qrf,0.0,0.0,0.0,,4935908734271347323,2026-01-08 19:03:47.123482
2026-01-08,24656,PIT,NJ,30006137,Emil Pieniniemi,goals,rf_qrf_goals,0.3.0,empirical_qrf,0.0,0.0,0.0,,4935908734271347323,2026-01-08 19:03:47.123482
2026-01-08,24656,PIT,NJ,30006354,Jaxon Castor,goals,rf_qrf_goals,0.3.0,empirical_qrf,0.002197128661903237,0.0013460564454171814,0.0031339073918573083,,4935908734271347323,2026-01-08 19:03:47.123482
2026-01-08,24656,PIT,NJ,30006363,Finn Harding,goals,rf_qrf_goals,0.3.0,empirical_qrf,0.002197128661903237,0.0013460564454171814,0.0031339073918573083,,4935908734271347323,2026-01-08 19:03:47.123482
2026-01-08,24656,PIT,NJ,30006867,Benjamin Kindel,goals,rf_qrf_goals,0.3.0,empirical_qrf,0.0,0.0,0.0,,4935908734271347323,2026-01-08 19:03:47.123482
2026-01-08,24657,BUF,NYR,30000523,Jason Zucker,goals,rf_qrf_goals,0.3.0,empirical_qrf,0.0,0.0,0.0,,4935908734271347323,2026-01-08 19:03:47.123482
2026-01-08,24657,BUF,NYR,30002577,Alex Tuch,goals,rf_qrf_goals,0.3.0,empirical_qrf,0.2746960076960077,0.0,0.6,,4935908734271347323,2026-01-08 19:03:47.123482
2026-01-08,24657,BUF,NYR,30002762,Mason Geertsen,goals,rf_qrf_goals,0.3.0,empirical_qrf,0.0,0.0,0.0,,4935908734271347323,2026-01-08 19:03:47.123482
2026-01-08,24657,BUF,NYR,30002774,Jordan Greenway,goals,rf_qrf_goals,0.3.0,empirical_qrf,0.002197128661903237,0.0013460564454171814,0.0031339073918573083,,4935908734271347323,2026-01-08 19:03:47.123482
2026-01-08,24657,BUF,NYR,30002797,Brendan Warren,goals,rf_qrf_goals,0.3.0,empirical_qrf,0.012932220143345106,0.004364913613062464,0.022748123436196838,,4935908734271347323,2026-01-08 19:03:47.123482
2026-01-08,24657,BUF,NYR,30003074,Alex Lyon,goals,rf_qrf_goals,0.3.0,empirical_qrf,0.002197128661903237,0.0013460564454171814,0.0031339073918573083,,4935908734271347323,2026-01-08 19:03:47.123482
2026-01-08,24657,BUF,NYR,30003158,Tage Thompson,goals,rf_qrf_goals,0.3.0,empirical_qrf,0.0,0.0,0.0,,4935908734271347323,2026-01-08 19:03:47.123482
2026-01-08,24657,BUF,NYR,30003221,Beck Malenstyn,goals,rf_qrf_goals,0.3.0,empirical_qrf,0.05969361911960191,0.0,0.14285714285714285,,4935908734271347323,2026-01-08 19:03:47.123482
2026-01-08,24657,BUF,NYR,30003665,Josh Norris,goals,rf_qrf_goals,0.3.0,empirical_qrf,0.0031666666666666666,0.0,0.0,,4935908734271347323,2026-01-08 19:03:47.123482
2026-01-08,24657,BUF,NYR,30003670,Conor Timmins,goals,rf_qrf_goals,0.3.0,empirical_qrf,0.0,0.0,0.0,,4935908734271347323,2026-01-08 19:03:47.123482
2026-01-08,24657,BUF,NYR,30003673,Ukko-Pekka Luukkonen,goals,rf_qrf_goals,0.3.0,empirical_qrf,0.002197128661903237,0.0013460564454171814,0.0031339073918573083,,4935908734271347323,2026-01-08 19:03:47.123482
2026-01-08,24657,BUF,NYR,30003699,Jake Leschyshyn,goals,rf_qrf_goals,0.3.0,empirical_qrf,0.002450928728839414,0.0,0.0050903567533883785,,4935908734271347323,2026-01-08 19:03:47.123482
2026-01-08,24657,BUF,NYR,30003750,Rasmus Dahlin,goals,rf_qrf_goals,0.3.0,empirical_qrf,0.032388888888888884,0.0,0.0,,4935908734271347323,2026-01-08 19:03:47.123482
2026-01-08,24657,BUF,NYR,30004105,Mattias Samuelsson,goals,rf_qrf_goals,0.3.0,empirical_qrf,0.0,0.0,0.0,,4935908734271347323,2026-01-08 19:03:47.123482
2026-01-08,24657,BUF,NYR,30004117,Ryan McLeod,goals,rf_qrf_goals,0.3.0,empirical_qrf,0.0003333333333333334,0.0,0.0,,4935908734271347323,2026-01-08 19:03:47.123482
2026-01-08,24657,BUF,NYR,30004373,Michael Kesselring,goals,rf_qrf_goals,0.3.0,empirical_qrf,0.0,0.0,0.0,,4935908734271347323,2026-01-08 19:03:47.123482
2026-01-08,24657,BUF,NYR,30004380,Jack Rathbone,goals,rf_qrf_goals,0.3.0,empirical_qrf,0.0,0.0,0.0,,4935908734271347323,2026-01-08 19:03:47.123482
2026-01-08,24657,BUF,NYR,30004431,Jacob Bryson,goals,rf_qrf_goals,0.3.0,empirical_qrf,0.012832290159661166,0.0,0.028612836438923404,,4935908734271347323,2026-01-08 19:03:47.123482
2026-01-08,24657,BUF,NYR,30004474,Bowen Byram,goals,rf_qrf_goals,0.3.0,empirical_qrf,0.0008518518518518518,0.0,0.0,,4935908734271347323,2026-01-08 19:03:47.123482
2026-01-08,24657,BUF,NYR,30004502,Peyton Krebs,goals,rf_qrf_goals,0.3.0,empirical_qrf,0.0018055555555555555,0.0,0.0,,4935908734271347323,2026-01-08 19:03:47.123482
2026-01-08,24657,BUF,NYR,30004554,Zac Jones,goals,rf_qrf_goals,0.3.0,empirical_qrf,0.0,0.0,0.0,,4935908734271347323,2026-01-08 19:03:47.123482
2026-01-08,24657,BUF,NYR,30004577,Colten Ellis,goals,rf_qrf_goals,0.3.0,empirical_qrf,0.002197128661903237,0.0013460564454171814,0.0031339073918573083,,4935908734271347323,2026-01-08 19:03:47.123482
2026-01-08,24657,BUF,NYR,30004670,Peter Tischke,goals,rf_qrf_goals,0.3.0,empirical_qrf,0.002197128661903237,0.0013460564454171814,0.0031339073918573083,,4935908734271347323,2026-01-08 19:03:47.123482
2026-01-08,24657,BUF,NYR,30004815,Jack Quinn,goals,rf_qrf_goals,0.3.0,empirical_qrf,0.0,0.0,0.0,,4935908734271347323,2026-01-08 19:03:47.123482
2026-01-08,24657,BUF,NYR,30004854,Trevor Kuntar,goals,rf_qrf_goals,0.3.0,empirical_qrf,0.0,0.0,0.0,,4935908734271347323,2026-01-08 19:03:47.123482
2026-01-08,24657,BUF,NYR,30004923,Josh Dunne,goals,rf_qrf_goals,0.3.0,empirical_qrf,0.012932220143345106,0.004364913613062464,0.022748123436196838,,4935908734271347323,2026-01-08 19:03:47.123482
2026-01-08,24657,BUF,NYR,30004948,Carson Meyer,goals,rf_qrf_goals,0.3.0,empirical_qrf,0.012932220143345106,0.004364913613062464,0.022748123436196838,,4935908734271347323,2026-01-08 19:03:47.123482
2026-01-08,24657,BUF,NYR,30004956,Justin Danforth,goals,rf_qrf_goals,0.3.0,empirical_qrf,0.0,0.0,0.0,,4935908734271347323,2026-01-08 19:03:47.123482
2026-01-08,24657,BUF,NYR,30004980,Owen Power,goals,rf_qrf_goals,0.3.0,empirical_qrf,0.0,0.0,0.0,,4935908734271347323,2026-01-08 19:03:47.123482
2026-01-08,24657,BUF,NYR,30004981,Devon Levi,goals,rf_qrf_goals,0.3.0,empirical_qrf,0.002197128661903237,0.0013460564454171814,0.0031339073918573083,,4935908734271347323,2026-01-08 19:03:47.123482
2026-01-08,24657,BUF,NYR,30004982,Isak Rosen,goals,rf_qrf_goals,0.3.0,empirical_qrf,0.0,0.0,0.0,,4935908734271347323,2026-01-08 19:03:47.123482
2026-01-08,24657,BUF,NYR,30005017,Josh Doan,goals,rf_qrf_goals,0.3.0,empirical_qrf,0.0,0.0,0.0,,4935908734271347323,2026-01-08 19:03:47.123482
2026-01-08,24657,BUF,NYR,30005067,Isaac Belliveau,goals,rf_qrf_goals,0.3.0,empirical_qrf,0.002197128661903237,0.0013460564454171814,0.0031339073918573083,,4935908734271347323,2026-01-08 19:03:47.123482
2026-01-08,24657,BUF,NYR,30005147,Tyson Kozak,goals,rf_qrf_goals,0.3.0,empirical_qrf,0.0,0.0,0.0,,4935908734271347323,2026-01-08 19:03:47.123482
2026-01-08,24657,BUF,NYR,30005151,Olivier Nadeau,goals,rf_qrf_goals,0.3.0,empirical_qrf,0.0,0.0,0.0,,4935908734271347323,2026-01-08 19:03:47.123482
2026-01-08,24657,BUF,NYR,30005441,Ryan Johnson,goals,rf_qrf_goals,0.3.0,empirical_qrf,0.012832290159661166,0.0,0.028612836438923404,,4935908734271347323,2026-01-08 19:03:47.123482
2026-01-08,24657,BUF,NYR,30005445,Nikita Novikov,goals,rf_qrf_goals,0.3.0,empirical_qrf,0.11071362433862433,0.0,0.5,,4935908734271347323,2026-01-08 19:03:47.123482
2026-01-08,24657,BUF,NYR,30005634,Noah Ostlund,goals,rf_qrf_goals,0.3.0,empirical_qrf,0.0,0.0,0.0,,4935908734271347323,2026-01-08 19:03:47.123482
2026-01-08,24657,BUF,NYR,30005644,Jiri Kulich,goals,rf_qrf_goals,0.3.0,empirical_qrf,0.0,0.0,0.0,,4935908734271347323,2026-01-08 19:03:47.123482
2026-01-08,24657,BUF,NYR,30005685,Viktor Neuchev,goals,rf_qrf_goals,0.3.0,empirical_qrf,0.0008333333333333334,0.0,0.0,,4935908734271347323,2026-01-08 19:03:47.123482
2026-01-08,24657,BUF,NYR,30005730,Vsevolod Komarov,goals,rf_qrf_goals,0.3.0,empirical_qrf,0.0,0.0,0.0,,4935908734271347323,2026-01-08 19:03:47.123482
2026-01-08,24657,BUF,NYR,30005764,Noah Laaouan,goals,rf_qrf_goals,0.3.0,empirical_qrf,0.023249488044541706,0.0,0.05405405405405406,,4935908734271347323,2026-01-08 19:03:47.123482
2026-01-08,24657,BUF,NYR,30005767,Graham Slaggert,goals,rf_qrf_goals,0.3.0,empirical_qrf,0.04149206349206349,0.0,0.0,,4935908734271347323,2026-01-08 19:03:47.123482
2026-01-08,24657,BUF,NYR,30005793,Riley Fiddler-Schultz,goals,rf_qrf_goals,0.3.0,empirical_qrf,0.11440462345541486,0.03125,0.21428571428571427,,4935908734271347323,2026-01-08 19:03:47.123482
2026-01-08,24657,BUF,NYR,30006028,Jagger Joshua,goals,rf_qrf_goals,0.3.0,empirical_qrf,0.0,0.0,0.0,,4935908734271347323,2026-01-08 19:03:47.123482
2026-01-08,24657,BUF,NYR,30006039,Aidan Fulp,goals,rf_qrf_goals,0.3.0,empirical_qrf,0.002197128661903237,0.0013460564454171814,0.0031339073918573083,,4935908734271347323,2026-01-08 19:03:47.123482
2026-01-08,24657,BUF,NYR,30006070,Zach Benson,goals,rf_qrf_goals,0.3.0,empirical_qrf,0.0,0.0,0.0,,4935908734271347323,2026-01-08 19:03:47.123482
2026-01-08,24657,BUF,NYR,30006092,Anton Wahlberg,goals,rf_qrf_goals,0.3.0,empirical_qrf,0.012832290159661166,0.0,0.028612836438923404,,4935908734271347323,2026-01-08 19:03:47.123482
2026-01-08,24657,BUF,NYR,30006340,Zach Metsa,goals,rf_qrf_goals,0.3.0,empirical_qrf,0.0,0.0,0.0,,4935908734271347323,2026-01-08 19:03:47.123482
2026-01-08,24657,BUF,NYR,30006341,Christopher Brown,goals,rf_qrf_goals,0.3.0,empirical_qrf,0.002197128661903237,0.0013460564454171814,0.0031339073918573083,,4935908734271347323,2026-01-08 19:03:47.123482
2026-01-08,24657,BUF,NYR,30006342,Dominick Mersch,goals,rf_qrf_goals,0.3.0,empirical_qrf,0.002197128661903237,0.0013460564454171814,0.0031339073918573083,,4935908734271347323,2026-01-08 19:03:47.123482
2026-01-08,24657,NYR,BUF,30000123,Jonathan Quick,goals,rf_qrf_goals,0.3.0,empirical_qrf,0.002197128661903237,0.0013460564454171814,0.0031339073918573083,,4935908734271347323,2026-01-08 19:03:47.123482
2026-01-08,24657,NYR,BUF,30000226,Vincent Trocheck,goals,rf_qrf_goals,0.3.0,empirical_qrf,0.006408730158730158,0.0,0.0,,4935908734271347323,2026-01-08 19:03:47.123482
2026-01-08,24657,NYR,BUF,30000410,Conor Sheary,goals,rf_qrf_goals,0.3.0,empirical_qrf,0.0,0.0,0.0,,4935908734271347323,2026-01-08 19:03:47.123482
2026-01-08,24657,NYR,BUF,30000467,Mika Zibanejad,goals,rf_qrf_goals,0.3.0,empirical_qrf,0.0016388888888888887,0.0,0.0,,4935908734271347323,2026-01-08 19:03:47.123482
2026-01-08,24657,NYR,BUF,30000489,Sam Carrick,goals,rf_qrf_goals,0.3.0,empirical_qrf,0.05969361911960191,0.0,0.14285714285714285,,4935908734271347323,2026-01-08 19:03:47.123482
2026-01-08,24657,NYR,BUF,30000617,J.T. Miller,goals,rf_qrf_goals,0.3.0,empirical_qrf,0.1650595238095238,0.0,0.8714285714285747,,4935908734271347323,2026-01-08 19:03:47.123482
2026-01-08,24657,NYR,BUF,30001322,Artemi Panarin,goals,rf_qrf_goals,0.3.0,empirical_qrf,0.0033333333333333335,0.0,0.0,,4935908734271347323,2026-01-08 19:03:47.123482
2026-01-08,24657,NYR,BUF,30002524,Spencer Martin,goals,rf_qrf_goals,0.3.0,empirical_qrf,0.002197128661903237,0.0013460564454171814,0.0031339073918573083,,4935908734271347323,2026-01-08 19:03:47.123482
2026-01-08,24657,NYR,BUF,30002967,Jonny Brodzinski,goals,rf_qrf_goals,0.3.0,empirical_qrf,0.0,0.0,0.0,,4935908734271347323,2026-01-08 19:03:47.123482
2026-01-08,24657,NYR,BUF,30002999,Igor Shesterkin,goals,rf_qrf_goals,0.3.0,empirical_qrf,0.002197128661903237,0.0013460564454171814,0.0031339073918573083,,4935908734271347323,2026-01-08 19:03:47.123482
2026-01-08,24657,NYR,BUF,30003170,Taylor Raddysh,goals,rf_qrf_goals,0.3.0,empirical_qrf,0.012932220143345106,0.004364913613062464,0.022748123436196838,,4935908734271347323,2026-01-08 19:03:47.123482
2026-01-08,24657,NYR,BUF,30003194,Adam Fox,goals,rf_qrf_goals,0.3.0,empirical_qrf,0.0,0.0,0.0,,4935908734271347323,2026-01-08 19:03:47.123482
2026-01-08,24657,NYR,BUF,30003202,Casey Fitzgerald,goals,rf_qrf_goals,0.3.0,empirical_qrf,0.011235032107839856,0.0,0.02635087719298246,,4935908734271347323,2026-01-08 19:03:47.123482
2026-01-08,24657,NYR,BUF,30003583,Carson Soucy,goals,rf_qrf_goals,0.3.0,empirical_qrf,0.0,0.0,0.0,,4935908734271347323,2026-01-08 19:03:47.123482
2026-01-08,24657,NYR,BUF,30003649,Urho Vaakanainen,goals,rf_qrf_goals,0.3.0,empirical_qrf,0.011235032107839856,0.0,0.02635087719298246,,4935908734271347323,2026-01-08 19:03:47.123482
2026-01-08,24657,NYR,BUF,30003743,Will Borgen,goals,rf_qrf_goals,0.3.0,empirical_qrf,0.0,0.0,0.0,,4935908734271347323,2026-01-08 19:03:47.123482
2026-01-08,24657,NYR,BUF,30003952,Blake Hillman,goals,rf_qrf_goals,0.3.0,empirical_qrf,0.002197128661903237,0.0013460564454171814,0.0031339073918573083,,4935908734271347323,2026-01-08 19:03:47.123482
2026-01-08,24657,NYR,BUF,30004430,Vladislav Gavrikov,goals,rf_qrf_goals,0.3.0,empirical_qrf,0.0,0.0,0.0,,4935908734271347323,2026-01-08 19:03:47.123482
2026-01-08,24657,NYR,BUF,30004504,Matthew Robertson,goals,rf_qrf_goals,0.3.0,empirical_qrf,0.006399930567951856,0.0,0.0158899923605806,,4935908734271347323,2026-01-08 19:03:47.123482
2026-01-08,24657,NYR,BUF,30004749,Connor Mackey,goals,rf_qrf_goals,0.3.0,empirical_qrf,0.0,0.0,0.0,,4935908734271347323,2026-01-08 19:03:47.123482
2026-01-08,24657,NYR,BUF,30004797,Brendan Brisson,goals,rf_qrf_goals,0.3.0,empirical_qrf,0.0,0.0,0.0,,4935908734271347323,2026-01-08 19:03:47.123482
2026-01-08,24657,NYR,BUF,30004807,Alexis Lafrenière,goals,rf_qrf_goals,0.3.0,empirical_qrf,0.0,0.0,0.0,,4935908734271347323,2026-01-08 19:03:47.123482
2026-01-08,24657,NYR,BUF,30004820,Braden Schneider,goals,rf_qrf_goals,0.3.0,empirical_qrf,0.011235032107839856,0.0,0.02635087719298246,,4935908734271347323,2026-01-08 19:03:47.123482
2026-01-08,24657,NYR,BUF,30004832,Will Cuylle,goals,rf_qrf_goals,0.3.0,empirical_qrf,0.0,0.0,0.0,,4935908734271347323,2026-01-08 19:03:47.123482
2026-01-08,24657,NYR,BUF,30004887,Brett Berard,goals,rf_qrf_goals,0.3.0,empirical_qrf,0.0,0.0,0.0,,4935908734271347323,2026-01-08 19:03:47.123482
2026-01-08,24657,NYR,BUF,30004896,Dylan Garand,goals,rf_qrf_goals,0.3.0,empirical_qrf,0.002197128661903237,0.0013460564454171814,0.0031339073918573083,,4935908734271347323,2026-01-08 19:03:47.123482
2026-01-08,24657,NYR,BUF,30004968,Juuso Parssinen,goals,rf_qrf_goals,0.3.0,empirical_qrf,9.125415647154777e-05,0.0,0.0,,4935908734271347323,2026-01-08 19:03:47.123482
2026-01-08,24657,NYR,BUF,30004987,Brennan Othmann,goals,rf_qrf_goals,0.3.0,empirical_qrf,0.05969361911960191,0.0,0.14285714285714285,,4935908734271347323,2026-01-08 19:03:47.123482
2026-01-08,24657,NYR,BUF,30005014,Scott Morrow,goals,rf_qrf_goals,0.3.0,empirical_qrf,0.0,0.0,0.0,,4935908734271347323,2026-01-08 19:03:47.123482
2026-01-08,24657,NYR,BUF,30005069,Christopher Merisier-Ortiz,goals,rf_qrf_goals,0.3.0,empirical_qrf,0.002197128661903237,0.0013460564454171814,0.0031339073918573083,,4935908734271347323,2026-01-08 19:03:47.123482
2026-01-08,24657,NYR,BUF,30005183,Matt Rempe,goals,rf_qrf_goals,0.3.0,empirical_qrf,0.0,0.0,0.0,,4935908734271347323,2026-01-08 19:03:47.123482
2026-01-08,24657,NYR,BUF,30005223,Kyle Jackson,goals,rf_qrf_goals,0.3.0,empirical_qrf,0.002197128661903237,0.0013460564454171814,0.0031339073918573083,,4935908734271347323,2026-01-08 19:03:47.123482
2026-01-08,24657,NYR,BUF,30005252,Adam Edstrom,goals,rf_qrf_goals,0.3.0,empirical_qrf,0.0,0.0,0.0,,4935908734271347323,2026-01-08 19:03:47.123482
2026-01-08,24657,NYR,BUF,30005563,Brandon Scanlin,goals,rf_qrf_goals,0.3.0,empirical_qrf,0.023249488044541706,0.0,0.05405405405405406,,4935908734271347323,2026-01-08 19:03:47.123482
2026-01-08,24657,NYR,BUF,30005662,Adam Sykora,goals,rf_qrf_goals,0.3.0,empirical_qrf,0.012932220143345106,0.004364913613062464,0.022748123436196838,,4935908734271347323,2026-01-08 19:03:47.123482
2026-01-08,24657,NYR,BUF,30005686,Bryce McConnell-Barker,goals,rf_qrf_goals,0.3.0,empirical_qrf,0.0,0.0,0.0,,4935908734271347323,2026-01-08 19:03:47.123482
2026-01-08,24657,NYR,BUF,30005883,Noah Laba,goals,rf_qrf_goals,0.3.0,empirical_qrf,0.0,0.0,0.0,,4935908734271347323,2026-01-08 19:03:47.123482
2026-01-08,24657,NYR,BUF,30006074,Gabe Perreault,goals,rf_qrf_goals,0.3.0,empirical_qrf,0.0,0.0,0.0,,4935908734271347323,2026-01-08 19:03:47.123482
2026-01-08,24657,NYR,BUF,30006118,Carey Terrance,goals,rf_qrf_goals,0.3.0,empirical_qrf,0.002450928728839414,0.0,0.0050903567533883785,,4935908734271347323,2026-01-08 19:03:47.123482
2026-01-08,24657,NYR,BUF,30006174,Dylan Roobroeck,goals,rf_qrf_goals,0.3.0,empirical_qrf,0.0,0.0,0.0,,4935908734271347323,2026-01-08 19:03:47.123482
2026-01-08,24657,NYR,BUF,30006331,Brett Budgell,goals,rf_qrf_goals,0.3.0,empirical_qrf,0.002197128661903237,0.0013460564454171814,0.0031339073918573083,,4935908734271347323,2026-01-08 19:03:47.123482
2026-01-08,24658,FLA,MON,30000074,Brad Marchand,goals,rf_qrf_goals,0.3.0,empirical_qrf,0.006408730158730158,0.0,0.0,,4935908734271347323,2026-01-08 19:03:47.123482
2026-01-08,24658,FLA,MON,30000201,Keith Kinkaid,goals,rf_qrf_goals,0.3.0,empirical_qrf,0.002197128661903237,0.0013460564454171814,0.0031339073918573083,,4935908734271347323,2026-01-08 19:03:47.123482
2026-01-08,24658,FLA,MON,30000228,Aleksander Barkov,goals,rf_qrf_goals,0.3.0,empirical_qrf,0.0,0.0,0.0,,4935908734271347323,2026-01-08 19:03:47.123482
2026-01-08,24658,FLA,MON,30000232,Dmitry Kulikov,goals,rf_qrf_goals,0.3.0,empirical_qrf,0.012932220143345106,0.004364913613062464,0.022748123436196838,,4935908734271347323,2026-01-08 19:03:47.123482
2026-01-08,24658,FLA,MON,30000239,Aaron Ekblad,goals,rf_qrf_goals,0.3.0,empirical_qrf,0.01132864122701371,0.0,0.024691358024691357,,4935908734271347323,2026-01-08 19:03:47.123482
2026-01-08,24658,FLA,MON,30000253,Seth Jones,goals,rf_qrf_goals,0.3.0,empirical_qrf,0.0,0.0,0.0,,4935908734271347323,2026-01-08 19:03:47.123482
2026-01-08,24658,FLA,MON,30000559,Sam Bennett,goals,rf_qrf_goals,0.3.0,empirical_qrf,0.0,0.0,0.0,,4935908734271347323,2026-01-08 19:03:47.123482
2026-01-08,24658,FLA,MON,30000667,Sergei Bobrovsky,goals,rf_qrf_goals,0.3.0,empirical_qrf,0.002197128661903237,0.0013460564454171814,0.0031339073918573083,,4935908734271347323,2026-01-08 19:03:47.123482
2026-01-08,24658,FLA,MON,30000723,Jeff Petry,goals,rf_qrf_goals,0.3.0,empirical_qrf,0.003833333333333333,0.0,0.0,,4935908734271347323,2026-01-08 19:03:47.123482
2026-01-08,24658,FLA,MON,30000934,Louis Domingue,goals,rf_qrf_goals,0.3.0,empirical_qrf,0.002197128661903237,0.0013460564454171814,0.0031339073918573083,,4935908734271347323,2026-01-08 19:03:47.123482
2026-01-08,24658,FLA,MON,30000980,Sam Reinhart,goals,rf_qrf_goals,0.3.0,empirical_qrf,0.005972222222222222,0.0,0.0,,4935908734271347323,2026-01-08 19:03:47.123482
2026-01-08,24658,FLA,MON,30000981,Evan Rodrigues,goals,rf_qrf_goals,0.3.0,empirical_qrf,0.01863095238095238,0.0,0.0,,4935908734271347323,2026-01-08 19:03:47.123482
2026-01-08,24658,FLA,MON,30001035,Tomás Nosek,goals,rf_qrf_goals,0.3.0,empirical_qrf,0.002197128661903237,0.0013460564454171814,0.0031339073918573083,,4935908734271347323,2026-01-08 19:03:47.123482
2026-01-08,24658,FLA,MON,30001159,Carter Verhaeghe,goals,rf_qrf_goals,0.3.0,empirical_qrf,0.016158730158730157,0.0,0.0,,4935908734271347323,2026-01-08 19:03:47.123482
2026-01-08,24658,FLA,MON,30001387,Niko Mikkola,goals,rf_qrf_goals,0.3.0,empirical_qrf,0.01132864122701371,0.0,0.024691358024691357,,4935908734271347323,2026-01-08 19:03:47.123482
2026-01-08,24658,FLA,MON,30001448,Daniil Tarasov,goals,rf_qrf_goals,0.3.0,empirical_qrf,0.002197128661903237,0.0013460564454171814,0.0031339073918573083,,4935908734271347323,2026-01-08 19:03:47.123482
2026-01-08,24658,FLA,MON,30002069,Nathan Smith,goals,rf_qrf_goals,0.3.0,empirical_qrf,0.0,0.0,0.0,,4935908734271347323,2026-01-08 19:03:47.123482
2026-01-08,24658,FLA,MON,30002758,Gustav Forsling,goals,rf_qrf_goals,0.3.0,empirical_qrf,0.0,0.0,0.0,,4935908734271347323,2026-01-08 19:03:47.123482
2026-01-08,24658,FLA,MON,30002796,Mitchell Vande Sompel,goals,rf_qrf_goals,0.3.0,empirical_qrf,0.06511463451934298,0.0,0.15038461538461548,,4935908734271347323,2026-01-08 19:03:47.123482
2026-01-08,24658,FLA,MON,30002839,A.J. Greer,goals,rf_qrf_goals,0.3.0,empirical_qrf,0.0,0.0,0.0,,4935908734271347323,2026-01-08 19:03:47.123482
2026-01-08,24658,FLA,MON,30003077,Tyler Motte,goals,rf_qrf_goals,0.3.0,empirical_qrf,0.0,0.0,0.0,,4935908734271347323,2026-01-08 19:03:47.123482
2026-01-08,24658,FLA,MON,30003134,Matthew Tkachuk,goals,rf_qrf_goals,0.3.0,empirical_qrf,0.0,0.0,0.0,,4935908734271347323,2026-01-08 19:03:47.123482
2026-01-08,24658,FLA,MON,30003150,Luke Kunin,goals,rf_qrf_goals,0.3.0,empirical_qrf,0.002450928728839414,0.0,0.0050903567533883785,,4935908734271347323,2026-01-08 19:03:47.123482
2026-01-08,24658,FLA,MON,30003322,Noah Gregor,goals,rf_qrf_goals,0.3.0,empirical_qrf,0.0,0.0,0.0,,4935908734271347323,2026-01-08 19:03:47.123482
2026-01-08,24658,FLA,MON,30003468,Evan Cormier,goals,rf_qrf_goals,0.3.0,empirical_qrf,0.002197128661903237,0.0013460564454171814,0.0031339073918573083,,4935908734271347323,2026-01-08 19:03:47.123482
2026-01-08,24658,FLA,MON,30003671,Jack Studnicka,goals,rf_qrf_goals,0.3.0,empirical_qrf,0.0,0.0,0.0,,4935908734271347323,2026-01-08 19:03:47.123482
2026-01-08,24658,FLA,MON,30003681,Eetu Luostarinen,goals,rf_qrf_goals,0.3.0,empirical_qrf,0.005,0.0,0.0,,4935908734271347323,2026-01-08 19:03:47.123482
2026-01-08,24658,FLA,MON,30003683,Jesper Boqvist,goals,rf_qrf_goals,0.3.0,empirical_qrf,0.0,0.0,0.0,,4935908734271347323,2026-01-08 19:03:47.123482
2026-01-08,24658,FLA,MON,30003694,Jonah Gadjovich,goals,rf_qrf_goals,0.3.0,empirical_qrf,0.0,0.0,0.0,,4935908734271347323,2026-01-08 19:03:47.123482
2026-01-08,24658,FLA,MON,30004088,Jay O'Brien,goals,rf_qrf_goals,0.3.0,empirical_qrf,0.002197128661903237,0.0013460564454171814,0.0031339073918573083,,4935908734271347323,2026-01-08 19:03:47.123482
2026-01-08,24658,FLA,MON,30004497,Tobias Bjornfot,goals,rf_qrf_goals,0.3.0,empirical_qrf,0.0,0.0,0.0,,4935908734271347323,2026-01-08 19:03:47.123482
2026-01-08,24658,FLA,MON,30004517,Robert Mastrosimone,goals,rf_qrf_goals,0.3.0,empirical_qrf,0.0,0.0,0.0,,4935908734271347323,2026-01-08 19:03:47.123482
2026-01-08,24658,FLA,MON,30004574,Cole Schwindt,goals,rf_qrf_goals,0.3.0,empirical_qrf,0.0,0.0,0.0,,4935908734271347323,2026-01-08 19:03:47.123482
2026-01-08,24658,FLA,MON,30004809,Anton Lundell,goals,rf_qrf_goals,0.3.0,empirical_qrf,0.0,0.0,0.0,,4935908734271347323,2026-01-08 19:03:47.123482
2026-01-08,24658,FLA,MON,30004873,Donovan Sebrango,goals,rf_qrf_goals,0.3.0,empirical_qrf,0.012832290159661166,0.0,0.028612836438923404,,4935908734271347323,2026-01-08 19:03:47.123482
2026-01-08,24658,FLA,MON,30004886,Michael Benning,goals,rf_qrf_goals,0.3.0,empirical_qrf,0.009027777777777777,0.0,0.0,,4935908734271347323,2026-01-08 19:03:47.123482
2026-01-08,24658,FLA,MON,30005000,Mackie Samoskevich,goals,rf_qrf_goals,0.3.0,empirical_qrf,0.0,0.0,0.0,,4935908734271347323,2026-01-08 19:03:47.123482
2026-01-08,24658,FLA,MON,30005025,Evan Nause,goals,rf_qrf_goals,0.3.0,empirical_qrf,0.0,0.0,0.0,,4935908734271347323,2026-01-08 19:03:47.123482
2026-01-08,24658,FLA,MON,30005215,Cole Krygier,goals,rf_qrf_goals,0.3.0,empirical_qrf,0.002197128661903237,0.0013460564454171814,0.0031339073918573083,,4935908734271347323,2026-01-08 19:03:47.123482
2026-01-08,24658,FLA,MON,30005556,Mack Guzda,goals,rf_qrf_goals,0.3.0,empirical_qrf,0.002197128661903237,0.0013460564454171814,0.0031339073918573083,,4935908734271347323,2026-01-08 19:03:47.123482
2026-01-08,24658,FLA,MON,30005598,Mitchell Russell,goals,rf_qrf_goals,0.3.0,empirical_qrf,0.002197128661903237,0.0013460564454171814,0.0031339073918573083,,4935908734271347323,2026-01-08 19:03:47.123482
2026-01-08,24658,FLA,MON,30005723,Marek Alscher,goals,rf_qrf_goals,0.3.0,empirical_qrf,0.030272496519761466,0.0,0.05714285714285714,,4935908734271347323,2026-01-08 19:03:47.123482
2026-01-08,24658,FLA,MON,30005848,Josh Davies,goals,rf_qrf_goals,0.3.0,empirical_qrf,0.0,0.0,0.0,,4935908734271347323,2026-01-08 19:03:47.123482
2026-01-08,24658,FLA,MON,30005849,Kai Schwindt,goals,rf_qrf_goals,0.3.0,empirical_qrf,0.01132864122701371,0.0,0.024691358024691357,,4935908734271347323,2026-01-08 19:03:47.123482
2026-01-08,24658,FLA,MON,30005850,Sandis Vilmanis,goals,rf_qrf_goals,0.3.0,empirical_qrf,0.0,0.0,0.0,,4935908734271347323,2026-01-08 19:03:47.123482
2026-01-08,24658,FLA,MON,30006034,Jake Livingstone,goals,rf_qrf_goals,0.3.0,empirical_qrf,0.011235032107839856,0.0,0.02635087719298246,,4935908734271347323,2026-01-08 19:03:47.123482
2026-01-08,24658,FLA,MON,30006040,Ryan McAllister,goals,rf_qrf_goals,0.3.0,empirical_qrf,0.0,0.0,0.0,,4935908734271347323,2026-01-08 19:03:47.123482
2026-01-08,24658,FLA,MON,30006048,Uvis Balinskis,goals,rf_qrf_goals,0.3.0,empirical_qrf,0.0,0.0,0.0,,4935908734271347323,2026-01-08 19:03:47.123482
2026-01-08,24658,FLA,MON,30006097,Gracyn Sawchyn,goals,rf_qrf_goals,0.3.0,empirical_qrf,0.01132864122701371,0.0,0.024691358024691357,,4935908734271347323,2026-01-08 19:03:47.123482
2026-01-08,24658,FLA,MON,30006326,Michael Simpson,goals,rf_qrf_goals,0.3.0,empirical_qrf,0.002197128661903237,0.0013460564454171814,0.0031339073918573083,,4935908734271347323,2026-01-08 19:03:47.123482
2026-01-08,24658,FLA,MON,30006394,Graham McPhee,goals,rf_qrf_goals,0.3.0,empirical_qrf,0.0012571993184738283,0.0,0.0,,4935908734271347323,2026-01-08 19:03:47.123482
2026-01-08,24658,MON,FLA,30000015,Brendan Gallagher,goals,rf_qrf_goals,0.3.0,empirical_qrf,0.005557208042502161,0.0,0.0,,4935908734271347323,2026-01-08 19:03:47.123482
2026-01-08,24658,MON,FLA,30000227,Mike Matheson,goals,rf_qrf_goals,0.3.0,empirical_qrf,0.0008518518518518518,0.0,0.0,,4935908734271347323,2026-01-08 19:03:47.123482
2026-01-08,24658,MON,FLA,30000555,Tyler Wotherspoon,goals,rf_qrf_goals,0.3.0,empirical_qrf,0.002197128661903237,0.0013460564454171814,0.0031339073918573083,,4935908734271347323,2026-01-08 19:03:47.123482
2026-01-08,24658,MON,FLA,30000670,Sammy Blais,goals,rf_qrf_goals,0.3.0,empirical_qrf,0.01132864122701371,0.0,0.024691358024691357,,4935908734271347323,2026-01-08 19:03:47.123482
2026-01-08,24658,MON,FLA,30001395,Laurent Dauphin,goals,rf_qrf_goals,0.3.0,empirical_qrf,0.0,0.0,0.0,,4935908734271347323,2026-01-08 19:03:47.123482
2026-01-08,24658,MON,FLA,30001424,Phillip Danault,goals,rf_qrf_goals,0.3.0,empirical_qrf,0.0,0.0,0.0,,4935908734271347323,2026-01-08 19:03:47.123482
2026-01-08,24658,MON,FLA,30002592,Kaapo Kahkonen,goals,rf_qrf_goals,0.3.0,empirical_qrf,0.002197128661903237,0.0013460564454171814,0.0031339073918573083,,4935908734271347323,2026-01-08 19:03:47.123482
2026-01-08,24658,MON,FLA,30002601,Joshua Jacobs,goals,rf_qrf_goals,0.3.0,empirical_qrf,0.002197128661903237,0.0013460564454171814,0.0031339073918573083,,4935908734271347323,2026-01-08 19:03:47.123482
2026-01-08,24658,MON,FLA,30002663,Vincent Arseneau,goals,rf_qrf_goals,0.3.0,empirical_qrf,0.002197128661903237,0.0013460564454171814,0.0031339073918573083,,4935908734271347323,2026-01-08 19:03:47.123482
2026-01-08,24658,MON,FLA,30002781,Sam Montembeault,goals,rf_qrf_goals,0.3.0,empirical_qrf,0.002197128661903237,0.0013460564454171814,0.0031339073918573083,,4935908734271347323,2026-01-08 19:03:47.123482
2026-01-08,24658,MON,FLA,30002825,Alexandre Carrier,goals,rf_qrf_goals,0.3.0,empirical_qrf,0.0,0.0,0.0,,4935908734271347323,2026-01-08 19:03:47.123482
2026-01-08,24658,MON,FLA,30003131,Patrik Laine,goals,rf_qrf_goals,0.3.0,empirical_qrf,0.026657193048497393,0.0,0.0,,4935908734271347323,2026-01-08 19:03:47.123482
2026-01-08,24658,MON,FLA,30003667,Nick Suzuki,goals,rf_qrf_goals,0.3.0,empirical_qrf,0.0,0.0,0.0,,4935908734271347323,2026-01-08 19:03:47.123482
2026-01-08,24658,MON,FLA,30003687,Alexandre Texier,goals,rf_qrf_goals,0.3.0,empirical_qrf,0.002450928728839414,0.0,0.0050903567533883785,,4935908734271347323,2026-01-08 19:03:47.123482
2026-01-08,24658,MON,FLA,30003901,Alex Belzile,goals,rf_qrf_goals,0.3.0,empirical_qrf,0.0,0.0,0.0,,4935908734271347323,2026-01-08 19:03:47.123482
2026-01-08,24658,MON,FLA,30003958,Nate Clurman,goals,rf_qrf_goals,0.3.0,empirical_qrf,0.0,0.0,0.0,,4935908734271347323,2026-01-08 19:03:47.123482
2026-01-08,24658,MON,FLA,30003990,Jake Evans,goals,rf_qrf_goals,0.3.0,empirical_qrf,0.0,0.0,0.0,,4935908734271347323,2026-01-08 19:03:47.123482
2026-01-08,24658,MON,FLA,30004086,Noah Dobson,goals,rf_qrf_goals,0.3.0,empirical_qrf,0.0,0.0,0.0,,4935908734271347323,2026-01-08 19:03:47.123482
2026-01-08,24658,MON,FLA,30004101,Joe Veleno,goals,rf_qrf_goals,0.3.0,empirical_qrf,0.0,0.0,0.0,,4935908734271347323,2026-01-08 19:03:47.123482
2026-01-08,24658,MON,FLA,30004204,Wyatte Wylie,goals,rf_qrf_goals,0.3.0,empirical_qrf,0.03395794483294483,0.0,0.1267857142857147,,4935908734271347323,2026-01-08 19:03:47.123482
2026-01-08,24658,MON,FLA,30004284,Kevin Mandolese,goals,rf_qrf_goals,0.3.0,empirical_qrf,0.002197128661903237,0.0013460564454171814,0.0031339073918573083,,4935908734271347323,2026-01-08 19:03:47.123482
2026-01-08,24658,MON,FLA,30004361,Josh Anderson,goals,rf_qrf_goals,0.3.0,empirical_qrf,0.0,0.0,0.0,,4935908734271347323,2026-01-08 19:03:47.123482
2026-01-08,24658,MON,FLA,30004472,Kirby Dach,goals,rf_qrf_goals,0.3.0,empirical_qrf,0.0,0.0,0.0,,4935908734271347323,2026-01-08 19:03:47.123482
2026-01-08,24658,MON,FLA,30004486,Alex Newhook,goals,rf_qrf_goals,0.3.0,empirical_qrf,0.14304793586043585,0.0,0.3333333333333333,,4935908734271347323,2026-01-08 19:03:47.123482
2026-01-08,24658,MON,FLA,30004520,Hunter Jones,goals,rf_qrf_goals,0.3.0,empirical_qrf,0.0,0.0,0.0,,4935908734271347323,2026-01-08 19:03:47.123482
2026-01-08,24658,MON,FLA,30004559,Jayden Struble,goals,rf_qrf_goals,0.3.0,empirical_qrf,0.006399930567951856,0.0,0.0158899923605806,,4935908734271347323,2026-01-08 19:03:47.123482
2026-01-08,24658,MON,FLA,30004803,Kaiden Guhle,goals,rf_qrf_goals,0.3.0,empirical_qrf,0.0,0.0,0.0,,4935908734271347323,2026-01-08 19:03:47.123482
2026-01-08,24658,MON,FLA,30004866,Ryan O'Rourke,goals,rf_qrf_goals,0.3.0,empirical_qrf,0.0,0.0,0.0,,4935908734271347323,2026-01-08 19:03:47.123482
2026-01-08,24658,MON,FLA,30004876,Ty Smilanic,goals,rf_qrf_goals,0.3.0,empirical_qrf,0.002197128661903237,0.0013460564454171814,0.0031339073918573083,,4935908734271347323,2026-01-08 19:03:47.123482
2026-01-08,24658,MON,FLA,30004894,Sean Farrell,goals,rf_qrf_goals,0.3.0,empirical_qrf,0.10970134321159863,0.0,0.25,,4935908734271347323,2026-01-08 19:03:47.123482
2026-01-08,24658,MON,FLA,30004928,Cole Caufield,goals,rf_qrf_goals,0.3.0,empirical_qrf,0.0,0.0,0.0,,4935908734271347323,2026-01-08 19:03:47.123482
2026-01-08,24658,MON,FLA,30004950,Marc Del Gaizo,goals,rf_qrf_goals,0.3.0,empirical_qrf,0.0,0.0,0.0,,4935908734271347323,2026-01-08 19:03:47.123482
2026-01-08,24658,MON,FLA,30004990,Zachary Bolduc,goals,rf_qrf_goals,0.3.0,empirical_qrf,0.0,0.0,0.0,,4935908734271347323,2026-01-08 19:03:47.123482
2026-01-08,24658,MON,FLA,30005021,Oliver Kapanen,goals,rf_qrf_goals,0.3.0,empirical_qrf,0.002013888888888889,0.0,0.0,,4935908734271347323,2026-01-08 19:03:47.123482
2026-01-08,24658,MON,FLA,30005022,Riley Kidney,goals,rf_qrf_goals,0.3.0,empirical_qrf,0.00014184397163120567,0.0,0.0,,4935908734271347323,2026-01-08 19:03:47.123482
2026-01-08,24658,MON,FLA,30005118,Tobie Paquette-Bisson,goals,rf_qrf_goals,0.3.0,empirical_qrf,0.0,0.0,0.0,,4935908734271347323,2026-01-08 19:03:47.123482
2026-01-08,24658,MON,FLA,30005121,Joshua Roy,goals,rf_qrf_goals,0.3.0,empirical_qrf,0.0,0.0,0.0,,4935908734271347323,2026-01-08 19:03:47.123482
2026-01-08,24658,MON,FLA,30005122,Xavier Simoneau,goals,rf_qrf_goals,0.3.0,empirical_qrf,0.002197128661903237,0.0013460564454171814,0.0031339073918573083,,4935908734271347323,2026-01-08 19:03:47.123482
2026-01-08,24658,MON,FLA,30005127,Joe Vrbetic,goals,rf_qrf_goals,0.3.0,empirical_qrf,0.002197128661903237,0.0013460564454171814,0.0031339073918573083,,4935908734271347323,2026-01-08 19:03:47.123482
2026-01-08,24658,MON,FLA,30005128,Arber Xhekaj,goals,rf_qrf_goals,0.3.0,empirical_qrf,0.0,0.0,0.0,,4935908734271347323,2026-01-08 19:03:47.123482
2026-01-08,24658,MON,FLA,30005287,Gannon Laroque,goals,rf_qrf_goals,0.3.0,empirical_qrf,0.002197128661903237,0.0013460564454171814,0.0031339073918573083,,4935908734271347323,2026-01-08 19:03:47.123482
2026-01-08,24658,MON,FLA,30005288,Ben Gaudreau,goals,rf_qrf_goals,0.3.0,empirical_qrf,0.002197128661903237,0.0013460564454171814,0.0031339073918573083,,4935908734271347323,2026-01-08 19:03:47.123482
2026-01-08,24658,MON,FLA,30005534,Jakub Dobes,goals,rf_qrf_goals,0.3.0,empirical_qrf,0.002197128661903237,0.0013460564454171814,0.0031339073918573083,,4935908734271347323,2026-01-08 19:03:47.123482
2026-01-08,24658,MON,FLA,30005574,Lucas Condotta,goals,rf_qrf_goals,0.3.0,empirical_qrf,0.0,0.0,0.0,,4935908734271347323,2026-01-08 19:03:47.123482
2026-01-08,24658,MON,FLA,30005631,Juraj Slafkovsky,goals,rf_qrf_goals,0.3.0,empirical_qrf,0.0,0.0,0.0,,4935908734271347323,2026-01-08 19:03:47.123482
2026-01-08,24658,MON,FLA,30005645,Filip Mesar,goals,rf_qrf_goals,0.3.0,empirical_qrf,0.0,0.0,0.0,,4935908734271347323,2026-01-08 19:03:47.123482
2026-01-08,24658,MON,FLA,30005655,Lane Hutson,goals,rf_qrf_goals,0.3.0,empirical_qrf,0.0,0.0,0.0,,4935908734271347323,2026-01-08 19:03:47.123482
2026-01-08,24658,MON,FLA,30005656,Owen Beck,goals,rf_qrf_goals,0.3.0,empirical_qrf,0.05969361911960191,0.0,0.14285714285714285,,4935908734271347323,2026-01-08 19:03:47.123482
2026-01-08,24658,MON,FLA,30005806,Jared Davidson,goals,rf_qrf_goals,0.3.0,empirical_qrf,0.012932220143345106,0.004364913613062464,0.022748123436196838,,4935908734271347323,2026-01-08 19:03:47.123482
2026-01-08,24658,MON,FLA,30006060,David Reinbacher,goals,rf_qrf_goals,0.3.0,empirical_qrf,0.002450928728839414,0.0,0.0050903567533883785,,4935908734271347323,2026-01-08 19:03:47.123482
2026-01-08,24658,MON,FLA,30006127,Jacob Fowler,goals,rf_qrf_goals,0.3.0,empirical_qrf,0.002197128661903237,0.0013460564454171814,0.0031339073918573083,,4935908734271347323,2026-01-08 19:03:47.123482
2026-01-08,24658,MON,FLA,30006152,Florian Xhekaj,goals,rf_qrf_goals,0.3.0,empirical_qrf,0.0,0.0,0.0,,4935908734271347323,2026-01-08 19:03:47.123482
2026-01-08,24658,MON,FLA,30006358,Israel Mianscum,goals,rf_qrf_goals,0.3.0,empirical_qrf,0.002197128661903237,0.0013460564454171814,0.0031339073918573083,,4935908734271347323,2026-01-08 19:03:47.123482
2026-01-08,24658,MON,FLA,30006485,Ivan Demidov,goals,rf_qrf_goals,0.3.0,empirical_qrf,0.0,0.0,0.0,,4935908734271347323,2026-01-08 19:03:47.123482
2026-01-08,24659,ANA,CAR,30000269,Radko Gudas,goals,rf_qrf_goals,0.3.0,empirical_qrf,0.0,0.0,0.0,,4935908734271347323,2026-01-08 19:03:47.123482
2026-01-08,24659,ANA,CAR,30000320,Chris Kreider,goals,rf_qrf_goals,0.3.0,empirical_qrf,0.0010714285714285713,0.0,0.0,,4935908734271347323,2026-01-08 19:03:47.123482
2026-01-08,24659,ANA,CAR,30000509,Justin Bailey,goals,rf_qrf_goals,0.3.0,empirical_qrf,0.0,0.0,0.0,,4935908734271347323,2026-01-08 19:03:47.123482
2026-01-08,24659,ANA,CAR,30000515,Mikael Granlund,goals,rf_qrf_goals,0.3.0,empirical_qrf,0.0026018518518518513,0.0,0.0,,4935908734271347323,2026-01-08 19:03:47.123482
2026-01-08,24659,ANA,CAR,30000609,Frank Vatrano,goals,rf_qrf_goals,0.3.0,empirical_qrf,0.0,0.0,0.0,,4935908734271347323,2026-01-08 19:03:47.123482
2026-01-08,24659,ANA,CAR,30000739,Alex Killorn,goals,rf_qrf_goals,0.3.0,empirical_qrf,0.006399930567951856,0.0,0.0158899923605806,,4935908734271347323,2026-01-08 19:03:47.123482
2026-01-08,24659,ANA,CAR,30000834,Jacob Trouba,goals,rf_qrf_goals,0.3.0,empirical_qrf,0.006399930567951856,0.0,0.0158899923605806,,4935908734271347323,2026-01-08 19:03:47.123482
2026-01-08,24659,ANA,CAR,30000998,Ross Johnston,goals,rf_qrf_goals,0.3.0,empirical_qrf,0.0,0.0,0.0,,4935908734271347323,2026-01-08 19:03:47.123482
2026-01-08,24659,ANA,CAR,30001005,Ryan Strome,goals,rf_qrf_goals,0.3.0,empirical_qrf,0.002013888888888889,0.0,0.0,,4935908734271347323,2026-01-08 19:03:47.123482
2026-01-08,24659,ANA,CAR,30001009,Petr Mrazek,goals,rf_qrf_goals,0.3.0,empirical_qrf,0.002197128661903237,0.0013460564454171814,0.0031339073918573083,,4935908734271347323,2026-01-08 19:03:47.123482
2026-01-08,24659,ANA,CAR,30002528,Tyrell Goulbourne,goals,rf_qrf_goals,0.3.0,empirical_qrf,0.002197128661903237,0.0013460564454171814,0.0031339073918573083,,4935908734271347323,2026-01-08 19:03:47.123482
2026-01-08,24659,ANA,CAR,30002760,Ville Husso,goals,rf_qrf_goals,0.3.0,empirical_qrf,0.002197128661903237,0.0013460564454171814,0.0031339073918573083,,4935908734271347323,2026-01-08 19:03:47.123482
2026-01-08,24659,ANA,CAR,30002773,Jansen Harkins,goals,rf_qrf_goals,0.3.0,empirical_qrf,0.002197128661903237,0.0013460564454171814,0.0031339073918573083,,4935908734271347323,2026-01-08 19:03:47.123482
2026-01-08,24659,ANA,CAR,30002864,Nikolas Brouillard,goals,rf_qrf_goals,0.3.0,empirical_qrf,0.002197128661903237,0.0013460564454171814,0.0031339073918573083,,4935908734271347323,2026-01-08 19:03:47.123482
2026-01-08,24659,ANA,CAR,30003197,Carsen Twarynski,goals,rf_qrf_goals,0.3.0,empirical_qrf,0.002197128661903237,0.0013460564454171814,0.0031339073918573083,,4935908734271347323,2026-01-08 19:03:47.123482
2026-01-08,24659,ANA,CAR,30003475,Matthew Phillips,goals,rf_qrf_goals,0.3.0,empirical_qrf,0.013743506493506495,0.0,0.0,,4935908734271347323,2026-01-08 19:03:47.123482
2026-01-08,24659,ANA,CAR,30003650,Ryan Poehling,goals,rf_qrf_goals,0.3.0,empirical_qrf,0.0,0.0,0.0,,4935908734271347323,2026-01-08 19:03:47.123482
2026-01-08,24659,ANA,CAR,30003747,Troy Terry,goals,rf_qrf_goals,0.3.0,empirical_qrf,0.0,0.0,0.0,,4935908734271347323,2026-01-08 19:03:47.123482
2026-01-08,24659,ANA,CAR,30003948,David Cotton,goals,rf_qrf_goals,0.3.0,empirical_qrf,0.0006734006734006734,0.0,0.0,,4935908734271347323,2026-01-08 19:03:47.123482
2026-01-08,24659,ANA,CAR,30004160,Lukas Dostal,goals,rf_qrf_goals,0.3.0,empirical_qrf,0.002197128661903237,0.0013460564454171814,0.0031339073918573083,,4935908734271347323,2026-01-08 19:03:47.123482
2026-01-08,24659,ANA,CAR,30004512,Drew Helleson,goals,rf_qrf_goals,0.3.0,empirical_qrf,0.14304793586043585,0.0,0.3333333333333333,,4935908734271347323,2026-01-08 19:03:47.123482
2026-01-08,24659,ANA,CAR,30004526,Jackson LaCombe,goals,rf_qrf_goals,0.3.0,empirical_qrf,0.0,0.0,0.0,,4935908734271347323,2026-01-08 19:03:47.123482
2026-01-08,24659,ANA,CAR,30004550,Judd Caulfield,goals,rf_qrf_goals,0.3.0,empirical_qrf,0.002197128661903237,0.0013460564454171814,0.0031339073918573083,,4935908734271347323,2026-01-08 19:03:47.123482
2026-01-08,24659,ANA,CAR,30004828,Calle Clang,goals,rf_qrf_goals,0.3.0,empirical_qrf,0.002197128661903237,0.0013460564454171814,0.0031339073918573083,,4935908734271347323,2026-01-08 19:03:47.123482
2026-01-08,24659,ANA,CAR,30004829,Sam Colangelo,goals,rf_qrf_goals,0.3.0,empirical_qrf,0.0,0.0,0.0,,4935908734271347323,2026-01-08 19:03:47.123482
2026-01-08,24659,ANA,CAR,30004861,Ian Moore,goals,rf_qrf_goals,0.3.0,empirical_qrf,0.0,0.0,0.0,,4935908734271347323,2026-01-08 19:03:47.123482
2026-01-08,24659,ANA,CAR,30004997,Mason McTavish,goals,rf_qrf_goals,0.3.0,empirical_qrf,0.0,0.0,0.0,,4935908734271347323,2026-01-08 19:03:47.123482
2026-01-08,24659,ANA,CAR,30005018,Olen Zellweger,goals,rf_qrf_goals,0.3.0,empirical_qrf,0.0,0.0,0.0,,4935908734271347323,2026-01-08 19:03:47.123482
2026-01-08,24659,ANA,CAR,30005051,Sasha Pastujov,goals,rf_qrf_goals,0.3.0,empirical_qrf,0.0,0.0,0.0,,4935908734271347323,2026-01-08 19:03:47.123482
2026-01-08,24659,ANA,CAR,30005095,Davis Codd,goals,rf_qrf_goals,0.3.0,empirical_qrf,0.0,0.0,0.0,,4935908734271347323,2026-01-08 19:03:47.123482
2026-01-08,24659,ANA,CAR,30005275,Tyson Hinds,goals,rf_qrf_goals,0.3.0,empirical_qrf,0.005911833536833538,0.0,0.0,,4935908734271347323,2026-01-08 19:03:47.123482
2026-01-08,24659,ANA,CAR,30005285,Jeremie Biakabutuka,goals,rf_qrf_goals,0.3.0,empirical_qrf,0.002197128661903237,0.0013460564454171814,0.0031339073918573083,,4935908734271347323,2026-01-08 19:03:47.123482
2026-01-08,24659,ANA,CAR,30005615,Pavel Mintyukov,goals,rf_qrf_goals,0.3.0,empirical_qrf,0.05706928863854896,0.0,0.14285714285714285,,4935908734271347323,2026-01-08 19:03:47.123482
2026-01-08,24659,ANA,CAR,30005620,Cutter Gauthier,goals,rf_qrf_goals,0.3.0,empirical_qrf,0.0,0.0,0.0,,4935908734271347323,2026-01-08 19:03:47.123482
2026-01-08,24659,ANA,CAR,30005643,Nathan Gaucher,goals,rf_qrf_goals,0.3.0,empirical_qrf,0.0,0.0,0.0,,4935908734271347323,2026-01-08 19:03:47.123482
2026-01-08,24659,ANA,CAR,30005677,Noah Warren,goals,rf_qrf_goals,0.3.0,empirical_qrf,0.002450928728839414,0.0,0.0050903567533883785,,4935908734271347323,2026-01-08 19:03:47.123482
2026-01-08,24659,ANA,CAR,30005678,Tristan Luneau,goals,rf_qrf_goals,0.3.0,empirical_qrf,0.0,0.0,0.0,,4935908734271347323,2026-01-08 19:03:47.123482
2026-01-08,24659,ANA,CAR,30005945,Tomas Suchanek,goals,rf_qrf_goals,0.3.0,empirical_qrf,0.002197128661903237,0.0013460564454171814,0.0031339073918573083,,4935908734271347323,2026-01-08 19:03:47.123482
2026-01-08,24659,ANA,CAR,30006016,Jaxsen Wiebe,goals,rf_qrf_goals,0.3.0,empirical_qrf,0.002197128661903237,0.0013460564454171814,0.0031339073918573083,,4935908734271347323,2026-01-08 19:03:47.123482
2026-01-08,24659,ANA,CAR,30006069,Leo Carlsson,goals,rf_qrf_goals,0.3.0,empirical_qrf,0.0,0.0,0.0,,4935908734271347323,2026-01-08 19:03:47.123482
2026-01-08,24659,ANA,CAR,30006117,Nico Myatovic,goals,rf_qrf_goals,0.3.0,empirical_qrf,0.0,0.0,0.0,,4935908734271347323,2026-01-08 19:03:47.123482
2026-01-08,24659,ANA,CAR,30006129,Coulson Pitre,goals,rf_qrf_goals,0.3.0,empirical_qrf,0.0,0.0,0.0,,4935908734271347323,2026-01-08 19:03:47.123482
2026-01-08,24659,ANA,CAR,30006161,Yegor Sidorov,goals,rf_qrf_goals,0.3.0,empirical_qrf,0.0,0.0,0.0,,4935908734271347323,2026-01-08 19:03:47.123482
2026-01-08,24659,ANA,CAR,30006162,Konnor Smith,goals,rf_qrf_goals,0.3.0,empirical_qrf,0.002197128661903237,0.0013460564454171814,0.0031339073918573083,,4935908734271347323,2026-01-08 19:03:47.123482
2026-01-08,24659,ANA,CAR,30006310,Roman Kinal,goals,rf_qrf_goals,0.3.0,empirical_qrf,0.023249488044541706,0.0,0.05405405405405406,,4935908734271347323,2026-01-08 19:03:47.123482
2026-01-08,24659,ANA,CAR,30006353,Easton Armstrong,goals,rf_qrf_goals,0.3.0,empirical_qrf,0.002197128661903237,0.0013460564454171814,0.0031339073918573083,,4935908734271347323,2026-01-08 19:03:47.123482
2026-01-08,24659,ANA,CAR,30006483,Beckett Sennecke,goals,rf_qrf_goals,0.3.0,empirical_qrf,0.021925925925925925,0.0,0.0,,4935908734271347323,2026-01-08 19:03:47.123482
2026-01-08,24659,CAR,ANA,30000271,Shayne Gostisbehere,goals,rf_qrf_goals,0.3.0,empirical_qrf,0.0,0.0,0.0,,4935908734271347323,2026-01-08 19:03:47.123482
2026-01-08,24659,CAR,ANA,30000358,Jordan Staal,goals,rf_qrf_goals,0.3.0,empirical_qrf,0.05706928863854896,0.0,0.14285714285714285,,4935908734271347323,2026-01-08 19:03:47.123482
2026-01-08,24659,CAR,ANA,30000510,William Carrier,goals,rf_qrf_goals,0.3.0,empirical_qrf,0.012932220143345106,0.004364913613062464,0.022748123436196838,,4935908734271347323,2026-01-08 19:03:47.123482
2026-01-08,24659,CAR,ANA,30000525,Mike Reilly,goals,rf_qrf_goals,0.3.0,empirical_qrf,0.0,0.0,0.0,,4935908734271347323,2026-01-08 19:03:47.123482
2026-01-08,24659,CAR,ANA,30000643,Jaccob Slavin,goals,rf_qrf_goals,0.3.0,empirical_qrf,0.0,0.0,0.0,,4935908734271347323,2026-01-08 19:03:47.123482
2026-01-08,24659,CAR,ANA,30000822,Nikolaj Ehlers,goals,rf_qrf_goals,0.3.0,empirical_qrf,0.09406349206349204,0.0,0.5,,4935908734271347323,2026-01-08 19:03:47.123482
2026-01-08,24659,CAR,ANA,30000948,Jordan Martinook,goals,rf_qrf_goals,0.3.0,empirical_qrf,0.03587642331769022,0.0,0.08695652173913043,,4935908734271347323,2026-01-08 19:03:47.123482
2026-01-08,24659,CAR,ANA,30001187,Taylor Hall,goals,rf_qrf_goals,0.3.0,empirical_qrf,0.012932220143345106,0.004364913613062464,0.022748123436196838,,4935908734271347323,2026-01-08 19:03:47.123482
2026-01-08,24659,CAR,ANA,30001203,Frederik Andersen,goals,rf_qrf_goals,0.3.0,empirical_qrf,0.002197128661903237,0.0013460564454171814,0.0031339073918573083,,4935908734271347323,2026-01-08 19:03:47.123482
2026-01-08,24659,CAR,ANA,30002309,Mark Jankowski,goals,rf_qrf_goals,0.3.0,empirical_qrf,0.0,0.0,0.0,,4935908734271347323,2026-01-08 19:03:47.123482
2026-01-08,24659,CAR,ANA,30002819,Sebastian Aho,goals,rf_qrf_goals,0.3.0,empirical_qrf,0.0,0.0,0.0,,4935908734271347323,2026-01-08 19:03:47.123482
2026-01-08,24659,CAR,ANA,30002980,Eric Robinson,goals,rf_qrf_goals,0.3.0,empirical_qrf,0.0,0.0,0.0,,4935908734271347323,2026-01-08 19:03:47.123482
2026-01-08,24659,CAR,ANA,30003180,Givani Smith,goals,rf_qrf_goals,0.3.0,empirical_qrf,0.0,0.0,0.0,,4935908734271347323,2026-01-08 19:03:47.123482
2026-01-08,24659,CAR,ANA,30003359,Jalen Chatfield,goals,rf_qrf_goals,0.3.0,empirical_qrf,0.0,0.0,0.0,,4935908734271347323,2026-01-08 19:03:47.123482
2026-01-08,24659,CAR,ANA,30003550,Gavin Bayreuther,goals,rf_qrf_goals,0.3.0,empirical_qrf,0.012932220143345106,0.004364913613062464,0.022748123436196838,,4935908734271347323,2026-01-08 19:03:47.123482
2026-01-08,24659,CAR,ANA,30003786,Sean Walker,goals,rf_qrf_goals,0.3.0,empirical_qrf,0.0,0.0,0.0,,4935908734271347323,2026-01-08 19:03:47.123482
2026-01-08,24659,CAR,ANA,30004075,Jesperi Kotkaniemi,goals,rf_qrf_goals,0.3.0,empirical_qrf,0.0009722222222222221,0.0,0.0,,4935908734271347323,2026-01-08 19:03:47.123482
2026-01-08,24659,CAR,ANA,30004076,Andrei Svechnikov,goals,rf_qrf_goals,0.3.0,empirical_qrf,0.0011904761904761904,0.0,0.0,,4935908734271347323,2026-01-08 19:03:47.123482
2026-01-08,24659,CAR,ANA,30004082,K'Andre Miller,goals,rf_qrf_goals,0.3.0,empirical_qrf,0.0004166666666666667,0.0,0.0,,4935908734271347323,2026-01-08 19:03:47.123482
2026-01-08,24659,CAR,ANA,30004385,Cayden Primeau,goals,rf_qrf_goals,0.3.0,empirical_qrf,0.002197128661903237,0.0013460564454171814,0.0031339073918573083,,4935908734271347323,2026-01-08 19:03:47.123482
2026-01-08,24659,CAR,ANA,30004537,Domenick Fensore,goals,rf_qrf_goals,0.3.0,empirical_qrf,0.0,0.0,0.0,,4935908734271347323,2026-01-08 19:03:47.123482
2026-01-08,24659,CAR,ANA,30004602,Nikita Pavlychev,goals,rf_qrf_goals,0.3.0,empirical_qrf,0.002197128661903237,0.0013460564454171814,0.0031339073918573083,,4935908734271347323,2026-01-08 19:03:47.123482
2026-01-08,24659,CAR,ANA,30004806,Seth Jarvis,goals,rf_qrf_goals,0.3.0,empirical_qrf,0.0,0.0,0.0,,4935908734271347323,2026-01-08 19:03:47.123482
2026-01-08,24659,CAR,ANA,30004865,Alexander Nikishin,goals,rf_qrf_goals,0.3.0,empirical_qrf,0.0,0.0,0.0,,4935908734271347323,2026-01-08 19:03:47.123482
2026-01-08,24659,CAR,ANA,30004913,Evan Vierling,goals,rf_qrf_goals,0.3.0,empirical_qrf,0.002197128661903237,0.0013460564454171814,0.0031339073918573083,,4935908734271347323,2026-01-08 19:03:47.123482
2026-01-08,24659,CAR,ANA,30004953,Pyotr Kochetkov,goals,rf_qrf_goals,0.3.0,empirical_qrf,0.0059767071678692545,0.0,0.013333333333333334,,4935908734271347323,2026-01-08 19:03:47.123482
2026-01-08,24659,CAR,ANA,30005026,Aleksi Heimosalmi,goals,rf_qrf_goals,0.3.0,empirical_qrf,0.002450928728839414,0.0,0.0050903567533883785,,4935908734271347323,2026-01-08 19:03:47.123482
2026-01-08,24659,CAR,ANA,30005034,Logan Stankoven,goals,rf_qrf_goals,0.3.0,empirical_qrf,0.0,0.0,0.0,,4935908734271347323,2026-01-08 19:03:47.123482
2026-01-08,24659,CAR,ANA,30005153,Bryce Montgomery,goals,rf_qrf_goals,0.3.0,empirical_qrf,0.002450928728839414,0.0,0.0050903567533883785,,4935908734271347323,2026-01-08 19:03:47.123482
2026-01-08,24659,CAR,ANA,30005155,Justin Robidas,goals,rf_qrf_goals,0.3.0,empirical_qrf,0.0,0.0,0.0,,4935908734271347323,2026-01-08 19:03:47.123482
2026-01-08,24659,CAR,ANA,30005405,Jackson Blake,goals,rf_qrf_goals,0.3.0,empirical_qrf,0.0,0.0,0.0,,4935908734271347323,2026-01-08 19:03:47.123482
2026-01-08,24659,CAR,ANA,30005413,Joel Nystrom,goals,rf_qrf_goals,0.3.0,empirical_qrf,0.016648208273208273,0.0,0.0,,4935908734271347323,2026-01-08 19:03:47.123482
2026-01-08,24659,CAR,ANA,30005573,Brandon Bussi,goals,rf_qrf_goals,0.3.0,empirical_qrf,0.002197128661903237,0.0013460564454171814,0.0031339073918573083,,4935908734271347323,2026-01-08 19:03:47.123482
2026-01-08,24659,CAR,ANA,30006098,Felix Unger Sorum,goals,rf_qrf_goals,0.3.0,empirical_qrf,0.0,0.0,0.0,,4935908734271347323,2026-01-08 19:03:47.123482
2026-01-08,24660,VAN,DET,30000958,Derek Forbort,goals,rf_qrf_goals,0.3.0,empirical_qrf,0.0,0.0,0.0,,4935908734271347323,2026-01-08 19:03:47.123482
2026-01-08,24660,VAN,DET,30000976,Evander Kane,goals,rf_qrf_goals,0.3.0,empirical_qrf,0.05969361911960191,0.0,0.14285714285714285,,4935908734271347323,2026-01-08 19:03:47.123482
2026-01-08,24660,VAN,DET,30001238,Jake DeBrusk,goals,rf_qrf_goals,0.3.0,empirical_qrf,0.0,0.0,0.0,,4935908734271347323,2026-01-08 19:03:47.123482
2026-01-08,24660,VAN,DET,30001299,Tyler Myers,goals,rf_qrf_goals,0.3.0,empirical_qrf,0.03587642331769022,0.0,0.08695652173913043,,4935908734271347323,2026-01-08 19:03:47.123482
2026-01-08,24660,VAN,DET,30001949,Guillaume Brisebois,goals,rf_qrf_goals,0.3.0,empirical_qrf,0.0,0.0,0.0,,4935908734271347323,2026-01-08 19:03:47.123482
2026-01-08,24660,VAN,DET,30002479,Teddy Blueger,goals,rf_qrf_goals,0.3.0,empirical_qrf,0.0,0.0,0.0,,4935908734271347323,2026-01-08 19:03:47.123482
2026-01-08,24660,VAN,DET,30002581,Thatcher Demko,goals,rf_qrf_goals,0.3.0,empirical_qrf,0.002197128661903237,0.0013460564454171814,0.0031339073918573083,,4935908734271347323,2026-01-08 19:03:47.123482
2026-01-08,24660,VAN,DET,30002587,Marcus Pettersson,goals,rf_qrf_goals,0.3.0,empirical_qrf,0.0,0.0,0.0,,4935908734271347323,2026-01-08 19:03:47.123482
2026-01-08,24660,VAN,DET,30002777,Brock Boeser,goals,rf_qrf_goals,0.3.0,empirical_qrf,0.0,0.0,0.0,,4935908734271347323,2026-01-08 19:03:47.123482
2026-01-08,24660,VAN,DET,30002793,Joseph Labate,goals,rf_qrf_goals,0.3.0,empirical_qrf,0.012832290159661166,0.0,0.028612836438923404,,4935908734271347323,2026-01-08 19:03:47.123482
2026-01-08,24660,VAN,DET,30002876,Conor Garland,goals,rf_qrf_goals,0.3.0,empirical_qrf,0.01325,0.0,0.0,,4935908734271347323,2026-01-08 19:03:47.123482
2026-01-08,24660,VAN,DET,30003063,Mackenzie MacEachern,goals,rf_qrf_goals,0.3.0,empirical_qrf,0.0,0.0,0.0,,4935908734271347323,2026-01-08 19:03:47.123482
2026-01-08,24660,VAN,DET,30003193,Filip Hronek,goals,rf_qrf_goals,0.3.0,empirical_qrf,0.003611111111111111,0.0,0.0,,4935908734271347323,2026-01-08 19:03:47.123482
2026-01-08,24660,VAN,DET,30003604,David Kampf,goals,rf_qrf_goals,0.3.0,empirical_qrf,0.01132864122701371,0.0,0.024691358024691357,,4935908734271347323,2026-01-08 19:03:47.123482
2026-01-08,24660,VAN,DET,30003647,Elias Pettersson,goals,rf_qrf_goals,0.3.0,empirical_qrf,0.0,0.0,0.0,,4935908734271347323,2026-01-08 19:03:47.123482
2026-01-08,24660,VAN,DET,30003655,Filip Chytil,goals,rf_qrf_goals,0.3.0,empirical_qrf,0.0008518518518518518,0.0,0.0,,4935908734271347323,2026-01-08 19:03:47.123482
2026-01-08,24660,VAN,DET,30003666,Pierre-Olivier Joseph,goals,rf_qrf_goals,0.3.0,empirical_qrf,0.011235032107839856,0.0,0.02635087719298246,,4935908734271347323,2026-01-08 19:03:47.123482
2026-01-08,24660,VAN,DET,30003776,Jiri Patera,goals,rf_qrf_goals,0.3.0,empirical_qrf,0.002197128661903237,0.0013460564454171814,0.0031339073918573083,,4935908734271347323,2026-01-08 19:03:47.123482
2026-01-08,24660,VAN,DET,30004001,Kiefer Sherwood,goals,rf_qrf_goals,0.3.0,empirical_qrf,0.0,0.0,0.0,,4935908734271347323,2026-01-08 19:03:47.123482
2026-01-08,24660,VAN,DET,30004058,Kevin Lankinen,goals,rf_qrf_goals,0.3.0,empirical_qrf,0.002197128661903237,0.0013460564454171814,0.0031339073918573083,,4935908734271347323,2026-01-08 19:03:47.123482
2026-01-08,24660,VAN,DET,30004140,Jett Woo,goals,rf_qrf_goals,0.3.0,empirical_qrf,0.012932220143345106,0.004364913613062464,0.022748123436196838,,4935908734271347323,2026-01-08 19:03:47.123482
2026-01-08,24660,VAN,DET,30004153,Linus Karlsson,goals,rf_qrf_goals,0.3.0,empirical_qrf,0.0,0.0,0.0,,4935908734271347323,2026-01-08 19:03:47.123482
2026-01-08,24660,VAN,DET,30004227,Chase Wouters,goals,rf_qrf_goals,0.3.0,empirical_qrf,0.002197128661903237,0.0013460564454171814,0.0031339073918573083,,4935908734271347323,2026-01-08 19:03:47.123482
2026-01-08,24660,VAN,DET,30004425,Jimmy Schuldt,goals,rf_qrf_goals,0.3.0,empirical_qrf,0.002450928728839414,0.0,0.0050903567533883785,,4935908734271347323,2026-01-08 19:03:47.123482
2026-01-08,24660,VAN,DET,30004531,Nils Hoglander,goals,rf_qrf_goals,0.3.0,empirical_qrf,0.0026018518518518513,0.0,0.0,,4935908734271347323,2026-01-08 19:03:47.123482
2026-01-08,24660,VAN,DET,30004581,Nikolai Knyzhov,goals,rf_qrf_goals,0.3.0,empirical_qrf,0.002450928728839414,0.0,0.0050903567533883785,,4935908734271347323,2026-01-08 19:03:47.123482
2026-01-08,24660,VAN,DET,30004741,Drew O'Connor,goals,rf_qrf_goals,0.3.0,empirical_qrf,0.0,0.0,0.0,,4935908734271347323,2026-01-08 19:03:47.123482
2026-01-08,24660,VAN,DET,30004817,Lukas Reichel,goals,rf_qrf_goals,0.3.0,empirical_qrf,0.0,0.0,0.0,,4935908734271347323,2026-01-08 19:03:47.123482
2026-01-08,24660,VAN,DET,30004818,Marco Rossi,goals,rf_qrf_goals,0.3.0,empirical_qrf,0.0,0.0,0.0,,4935908734271347323,2026-01-08 19:03:47.123482
2026-01-08,24660,VAN,DET,30005016,Danila Klimovich,goals,rf_qrf_goals,0.3.0,empirical_qrf,0.0,0.0,0.0,,4935908734271347323,2026-01-08 19:03:47.123482
2026-01-08,24660,VAN,DET,30005028,Aatu Raty,goals,rf_qrf_goals,0.3.0,empirical_qrf,0.007164309764309763,0.0,0.0,,4935908734271347323,2026-01-08 19:03:47.123482
2026-01-08,24660,VAN,DET,30005100,Cooper Walker,goals,rf_qrf_goals,0.3.0,empirical_qrf,0.002197128661903237,0.0013460564454171814,0.0031339073918573083,,4935908734271347323,2026-01-08 19:03:47.123482
2026-01-08,24660,VAN,DET,30005145,Josh Bloom,goals,rf_qrf_goals,0.3.0,empirical_qrf,0.002197128661903237,0.0013460564454171814,0.0031339073918573083,,4935908734271347323,2026-01-08 19:03:47.123482
2026-01-08,24660,VAN,DET,30005171,Dino Kambeitz,goals,rf_qrf_goals,0.3.0,empirical_qrf,0.002197128661903237,0.0013460564454171814,0.0031339073918573083,,4935908734271347323,2026-01-08 19:03:47.123482
2026-01-08,24660,VAN,DET,30005456,Nils Aman,goals,rf_qrf_goals,0.3.0,empirical_qrf,0.0,0.0,0.0,,4935908734271347323,2026-01-08 19:03:47.123482
2026-01-08,24660,VAN,DET,30005566,Arshdeep Bains,goals,rf_qrf_goals,0.3.0,empirical_qrf,0.0,0.0,0.0,,4935908734271347323,2026-01-08 19:03:47.123482
2026-01-08,24660,VAN,DET,30005619,Jonathan Lekkerimaki,goals,rf_qrf_goals,0.3.0,empirical_qrf,0.07322222222222222,0.0,0.4,,4935908734271347323,2026-01-08 19:03:47.123482
2026-01-08,24660,VAN,DET,30005642,Liam Ohgren,goals,rf_qrf_goals,0.3.0,empirical_qrf,0.0,0.0,0.0,,4935908734271347323,2026-01-08 19:03:47.123482
2026-01-08,24660,VAN,DET,30005747,Jonathan Lemieux,goals,rf_qrf_goals,0.3.0,empirical_qrf,0.002197128661903237,0.0013460564454171814,0.0031339073918573083,,4935908734271347323,2026-01-08 19:03:47.123482
2026-01-08,24660,VAN,DET,30005831,Kirill Kudryavtsev,goals,rf_qrf_goals,0.3.0,empirical_qrf,0.0,0.0,0.0,,4935908734271347323,2026-01-08 19:03:47.123482
2026-01-08,24660,VAN,DET,30005837,Ty Young,goals,rf_qrf_goals,0.3.0,empirical_qrf,0.002197128661903237,0.0013460564454171814,0.0031339073918573083,,4935908734271347323,2026-01-08 19:03:47.123482
2026-01-08,24660,VAN,DET,30006031,Max Sasson,goals,rf_qrf_goals,0.3.0,empirical_qrf,0.0,0.0,0.0,,4935908734271347323,2026-01-08 19:03:47.123482
2026-01-08,24660,VAN,DET,30006037,Nikita Tolopilo,goals,rf_qrf_goals,0.3.0,empirical_qrf,0.002197128661903237,0.0013460564454171814,0.0031339073918573083,,4935908734271347323,2026-01-08 19:03:47.123482
2026-01-08,24660,VAN,DET,30006067,Tom Willander,goals,rf_qrf_goals,0.3.0,empirical_qrf,0.0,0.0,0.0,,4935908734271347323,2026-01-08 19:03:47.123482
2026-01-08,24660,VAN,DET,30006320,Joe Arntsen,goals,rf_qrf_goals,0.3.0,empirical_qrf,0.002197128661903237,0.0013460564454171814,0.0031339073918573083,,4935908734271347323,2026-01-08 19:03:47.123482
2026-01-08,24660,VAN,DET,30006441,Elias Nils Pettersson,goals,rf_qrf_goals,0.3.0,empirical_qrf,0.0,0.0,0.0,,4935908734271347323,2026-01-08 19:03:47.123482
2026-01-08,24660,VAN,DET,30006486,Zeev Buium,goals,rf_qrf_goals,0.3.0,empirical_qrf,0.0,0.0,0.0,,4935908734271347323,2026-01-08 19:03:47.123482
2026-01-08,24660,DET,VAN,30000043,James van Riemsdyk,goals,rf_qrf_goals,0.3.0,empirical_qrf,0.07036375661375661,0.0,0.3333333333333333,,4935908734271347323,2026-01-08 19:03:47.123482
2026-01-08,24660,DET,VAN,30000186,Austin Watson,goals,rf_qrf_goals,0.3.0,empirical_qrf,0.03587642331769022,0.0,0.08695652173913043,,4935908734271347323,2026-01-08 19:03:47.123482
2026-01-08,24660,DET,VAN,30000563,Cam Talbot,goals,rf_qrf_goals,0.3.0,empirical_qrf,0.002197128661903237,0.0013460564454171814,0.0031339073918573083,,4935908734271347323,2026-01-08 19:03:47.123482
2026-01-08,24660,DET,VAN,30000821,Andrew Copp,goals,rf_qrf_goals,0.3.0,empirical_qrf,0.0,0.0,0.0,,4935908734271347323,2026-01-08 19:03:47.123482
2026-01-08,24660,DET,VAN,30000846,Dylan Larkin,goals,rf_qrf_goals,0.3.0,empirical_qrf,0.002972222222222222,0.0,0.0,,4935908734271347323,2026-01-08 19:03:47.123482
2026-01-08,24660,DET,VAN,30000866,Patrick Kane,goals,rf_qrf_goals,0.3.0,empirical_qrf,0.0,0.0,0.0,,4935908734271347323,2026-01-08 19:03:47.123482
2026-01-08,24660,DET,VAN,30000874,John Gibson,goals,rf_qrf_goals,0.3.0,empirical_qrf,0.002197128661903237,0.0013460564454171814,0.0031339073918573083,,4935908734271347323,2026-01-08 19:03:47.123482
2026-01-08,24660,DET,VAN,30000997,Travis Hamonic,goals,rf_qrf_goals,0.3.0,empirical_qrf,0.012932220143345106,0.004364913613062464,0.022748123436196838,,4935908734271347323,2026-01-08 19:03:47.123482
2026-01-08,24660,DET,VAN,30001011,Erik Gustafsson,goals,rf_qrf_goals,0.3.0,empirical_qrf,0.012932220143345106,0.004364913613062464,0.022748123436196838,,4935908734271347323,2026-01-08 19:03:47.123482
2026-01-08,24660,DET,VAN,30001063,Ben Chiarot,goals,rf_qrf_goals,0.3.0,empirical_qrf,0.0,0.0,0.0,,4935908734271347323,2026-01-08 19:03:47.123482
2026-01-08,24660,DET,VAN,30002213,Josiah Didier,goals,rf_qrf_goals,0.3.0,empirical_qrf,0.002450928728839414,0.0,0.0050903567533883785,,4935908734271347323,2026-01-08 19:03:47.123482
2026-01-08,24660,DET,VAN,30002513,J.T. Compher,goals,rf_qrf_goals,0.3.0,empirical_qrf,0.0,0.0,0.0,,4935908734271347323,2026-01-08 19:03:47.123482
2026-01-08,24660,DET,VAN,30003160,Alex DeBrincat,goals,rf_qrf_goals,0.3.0,empirical_qrf,0.0,0.0,0.0,,4935908734271347323,2026-01-08 19:03:47.123482
2026-01-08,24660,DET,VAN,30003644,Michael Rasmussen,goals,rf_qrf_goals,0.3.0,empirical_qrf,0.0,0.0,0.0,,4935908734271347323,2026-01-08 19:03:47.123482
2026-01-08,24660,DET,VAN,30003744,Mason Appleton,goals,rf_qrf_goals,0.3.0,empirical_qrf,0.05969361911960191,0.0,0.14285714285714285,,4935908734271347323,2026-01-08 19:03:47.123482
2026-01-08,24660,DET,VAN,30004102,Jacob Bernard-Docker,goals,rf_qrf_goals,0.3.0,empirical_qrf,0.0,0.0,0.0,,4935908734271347323,2026-01-08 19:03:47.123482
2026-01-08,24660,DET,VAN,30004186,Joel L'Esperance,goals,rf_qrf_goals,0.3.0,empirical_qrf,0.002450928728839414,0.0,0.0050903567533883785,,4935908734271347323,2026-01-08 19:03:47.123482
2026-01-08,24660,DET,VAN,30004475,Moritz Seider,goals,rf_qrf_goals,0.3.0,empirical_qrf,0.0,0.0,0.0,,4935908734271347323,2026-01-08 19:03:47.123482
2026-01-08,24660,DET,VAN,30004548,Albert Johansson,goals,rf_qrf_goals,0.3.0,empirical_qrf,0.0,0.0,0.0,,4935908734271347323,2026-01-08 19:03:47.123482
2026-01-08,24660,DET,VAN,30004561,Antti Tuomisto,goals,rf_qrf_goals,0.3.0,empirical_qrf,0.0,0.0,0.0,,4935908734271347323,2026-01-08 19:03:47.123482
2026-01-08,24660,DET,VAN,30004758,John Leonard,goals,rf_qrf_goals,0.3.0,empirical_qrf,0.0,0.0,0.0,,4935908734271347323,2026-01-08 19:03:47.123482
2026-01-08,24660,DET,VAN,30004816,Lucas Raymond,goals,rf_qrf_goals,0.3.0,empirical_qrf,0.04521320346320346,0.0,0.22500000000000062,,4935908734271347323,2026-01-08 19:03:47.123482
2026-01-08,24660,DET,VAN,30004884,William Wallinder,goals,rf_qrf_goals,0.3.0,empirical_qrf,0.0,0.0,0.0,,4935908734271347323,2026-01-08 19:03:47.123482
2026-01-08,24660,DET,VAN,30004983,Sebastian Cossa,goals,rf_qrf_goals,0.3.0,empirical_qrf,0.002197128661903237,0.0013460564454171814,0.0031339073918573083,,4935908734271347323,2026-01-08 19:03:47.123482
2026-01-08,24660,DET,VAN,30004984,Simon Edvinsson,goals,rf_qrf_goals,0.3.0,empirical_qrf,0.016158730158730157,0.0,0.0,,4935908734271347323,2026-01-08 19:03:47.123482
2026-01-08,24660,DET,VAN,30005482,Carter Mazur,goals,rf_qrf_goals,0.3.0,empirical_qrf,0.0,0.0,0.0,,4935908734271347323,2026-01-08 19:03:47.123482
2026-01-08,24660,DET,VAN,30005489,Elmer Soderblom,goals,rf_qrf_goals,0.3.0,empirical_qrf,0.0,0.0,0.0,,4935908734271347323,2026-01-08 19:03:47.123482
2026-01-08,24660,DET,VAN,30005630,Marco Kasper,goals,rf_qrf_goals,0.3.0,empirical_qrf,0.0,0.0,0.0,,4935908734271347323,2026-01-08 19:03:47.123482
2026-01-08,24660,DET,VAN,30005780,Amadeus Lombardi,goals,rf_qrf_goals,0.3.0,empirical_qrf,0.0,0.0,0.0,,4935908734271347323,2026-01-08 19:03:47.123482
2026-01-08,24660,DET,VAN,30006015,Alexandre Doucet,goals,rf_qrf_goals,0.3.0,empirical_qrf,0.0059767071678692545,0.0,0.013333333333333334,,4935908734271347323,2026-01-08 19:03:47.123482
2026-01-08,24660,DET,VAN,30006059,Nate Danielson,goals,rf_qrf_goals,0.3.0,empirical_qrf,0.0,0.0,0.0,,4935908734271347323,2026-01-08 19:03:47.123482
2026-01-08,24660,DET,VAN,30006071,Axel Sandin-Pellikka,goals,rf_qrf_goals,0.3.0,empirical_qrf,0.0,0.0,0.0,,4935908734271347323,2026-01-08 19:03:47.123482
2026-01-08,24660,DET,VAN,30006201,Emmitt Finnie,goals,rf_qrf_goals,0.3.0,empirical_qrf,0.05706928863854896,0.0,0.14285714285714285,,4935908734271347323,2026-01-08 19:03:47.123482
2026-01-08,24661,CGY,BOS,30000032,Nazem Kadri,goals,rf_qrf_goals,0.3.0,empirical_qrf,0.0,0.0,0.0,,4935908734271347323,2026-01-08 19:03:47.123482
2026-01-08,24661,CGY,BOS,30000103,Mikael Backlund,goals,rf_qrf_goals,0.3.0,empirical_qrf,0.0,0.0,0.0,,4935908734271347323,2026-01-08 19:03:47.123482
2026-01-08,24661,CGY,BOS,30000237,MacKenzie Weegar,goals,rf_qrf_goals,0.3.0,empirical_qrf,0.0,0.0,0.0,,4935908734271347323,2026-01-08 19:03:47.123482
2026-01-08,24661,CGY,BOS,30000311,Blake Coleman,goals,rf_qrf_goals,0.3.0,empirical_qrf,0.0,0.0,0.0,,4935908734271347323,2026-01-08 19:03:47.123482
2026-01-08,24661,CGY,BOS,30000766,Jonathan Huberdeau,goals,rf_qrf_goals,0.3.0,empirical_qrf,0.0,0.0,0.0,,4935908734271347323,2026-01-08 19:03:47.123482
2026-01-08,24661,CGY,BOS,30001029,Martin Frk,goals,rf_qrf_goals,0.3.0,empirical_qrf,0.0012571993184738283,0.0,0.0,,4935908734271347323,2026-01-08 19:03:47.123482
2026-01-08,24661,CGY,BOS,30001133,Rasmus Andersson,goals,rf_qrf_goals,0.3.0,empirical_qrf,0.0,0.0,0.0,,4935908734271347323,2026-01-08 19:03:47.123482
2026-01-08,24661,CGY,BOS,30001248,Joel Hanley,goals,rf_qrf_goals,0.3.0,empirical_qrf,0.03587642331769022,0.0,0.08695652173913043,,4935908734271347323,2026-01-08 19:03:47.123482
2026-01-08,24661,CGY,BOS,30002217,Ryan Lomberg,goals,rf_qrf_goals,0.3.0,empirical_qrf,0.012832290159661166,0.0,0.028612836438923404,,4935908734271347323,2026-01-08 19:03:47.123482
2026-01-08,24661,CGY,BOS,30002595,Justin Kirkland,goals,rf_qrf_goals,0.3.0,empirical_qrf,0.0,0.0,0.0,,4935908734271347323,2026-01-08 19:03:47.123482
2026-01-08,24661,CGY,BOS,30002668,Clark Bishop,goals,rf_qrf_goals,0.3.0,empirical_qrf,0.0,0.0,0.0,,4935908734271347323,2026-01-08 19:03:47.123482
2026-01-08,24661,CGY,BOS,30003001,Dryden Hunt,goals,rf_qrf_goals,0.3.0,empirical_qrf,0.0,0.0,0.0,,4935908734271347323,2026-01-08 19:03:47.123482
2026-01-08,24661,CGY,BOS,30003145,Jake Bean,goals,rf_qrf_goals,0.3.0,empirical_qrf,0.012932220143345106,0.004364913613062464,0.022748123436196838,,4935908734271347323,2026-01-08 19:03:47.123482
2026-01-08,24661,CGY,BOS,30003418,Alex Gallant,goals,rf_qrf_goals,0.3.0,empirical_qrf,0.002197128661903237,0.0013460564454171814,0.0031339073918573083,,4935908734271347323,2026-01-08 19:03:47.123482
2026-01-08,24661,CGY,BOS,30003656,Morgan Frost,goals,rf_qrf_goals,0.3.0,empirical_qrf,0.0,0.0,0.0,,4935908734271347323,2026-01-08 19:03:47.123482
2026-01-08,24661,CGY,BOS,30004089,Joel Farabee,goals,rf_qrf_goals,0.3.0,empirical_qrf,0.0,0.0,0.0,,4935908734271347323,2026-01-08 19:03:47.123482
2026-01-08,24661,CGY,BOS,30004162,Kevin Bahl,goals,rf_qrf_goals,0.3.0,empirical_qrf,0.0,0.0,0.0,,4935908734271347323,2026-01-08 19:03:47.123482
2026-01-08,24661,CGY,BOS,30004190,Yegor Sharangovich,goals,rf_qrf_goals,0.3.0,empirical_qrf,0.0,0.0,0.0,,4935908734271347323,2026-01-08 19:03:47.123482
2026-01-08,24661,CGY,BOS,30004310,Brayden Pachal,goals,rf_qrf_goals,0.3.0,empirical_qrf,0.0,0.0,0.0,,4935908734271347323,2026-01-08 19:03:47.123482
2026-01-08,24661,CGY,BOS,30004363,Martin Pospisil,goals,rf_qrf_goals,0.3.0,empirical_qrf,0.0,0.0,0.0,,4935908734271347323,2026-01-08 19:03:47.123482
2026-01-08,24661,CGY,BOS,30004493,John Beecher,goals,rf_qrf_goals,0.3.0,empirical_qrf,0.0,0.0,0.0,,4935908734271347323,2026-01-08 19:03:47.123482
2026-01-08,24661,CGY,BOS,30004665,Dustin Wolf,goals,rf_qrf_goals,0.3.0,empirical_qrf,0.002197128661903237,0.0013460564454171814,0.0031339073918573083,,4935908734271347323,2026-01-08 19:03:47.123482
2026-01-08,24661,CGY,BOS,30004791,Devin Cooley,goals,rf_qrf_goals,0.3.0,empirical_qrf,0.002197128661903237,0.0013460564454171814,0.0031339073918573083,,4935908734271347323,2026-01-08 19:03:47.123482
2026-01-08,24661,CGY,BOS,30004823,Connor Zary,goals,rf_qrf_goals,0.3.0,empirical_qrf,0.0,0.0,0.0,,4935908734271347323,2026-01-08 19:03:47.123482
2026-01-08,24661,CGY,BOS,30004855,Yan Kuznetsov,goals,rf_qrf_goals,0.3.0,empirical_qrf,0.006399930567951856,0.0,0.0158899923605806,,4935908734271347323,2026-01-08 19:03:47.123482
2026-01-08,24661,CGY,BOS,30004869,Jeremie Poirier,goals,rf_qrf_goals,0.3.0,empirical_qrf,0.002197128661903237,0.0013460564454171814,0.0031339073918573083,,4935908734271347323,2026-01-08 19:03:47.123482
2026-01-08,24661,CGY,BOS,30004925,Daniil Miromanov,goals,rf_qrf_goals,0.3.0,empirical_qrf,0.0,0.0,0.0,,4935908734271347323,2026-01-08 19:03:47.123482
2026-01-08,24661,CGY,BOS,30004993,Matt Coronato,goals,rf_qrf_goals,0.3.0,empirical_qrf,0.0,0.0,0.0,,4935908734271347323,2026-01-08 19:03:47.123482
2026-01-08,24661,CGY,BOS,30005038,William Stromgren,goals,rf_qrf_goals,0.3.0,empirical_qrf,0.002197128661903237,0.0013460564454171814,0.0031339073918573083,,4935908734271347323,2026-01-08 19:03:47.123482
2026-01-08,24661,CGY,BOS,30005139,Lucas Ciona,goals,rf_qrf_goals,0.3.0,empirical_qrf,0.002197128661903237,0.0013460564454171814,0.0031339073918573083,,4935908734271347323,2026-01-08 19:03:47.123482
2026-01-08,24661,CGY,BOS,30005142,Rory Kerins,goals,rf_qrf_goals,0.3.0,empirical_qrf,0.0008518518518518518,0.0,0.0,,4935908734271347323,2026-01-08 19:03:47.123482
2026-01-08,24661,CGY,BOS,30005297,Nick Cicek,goals,rf_qrf_goals,0.3.0,empirical_qrf,0.0,0.0,0.0,,4935908734271347323,2026-01-08 19:03:47.123482
2026-01-08,24661,CGY,BOS,30005595,Adam Klapka,goals,rf_qrf_goals,0.3.0,empirical_qrf,0.0,0.0,0.0,,4935908734271347323,2026-01-08 19:03:47.123482
2026-01-08,24661,CGY,BOS,30005729,Parker Bell,goals,rf_qrf_goals,0.3.0,empirical_qrf,0.002197128661903237,0.0013460564454171814,0.0031339073918573083,,4935908734271347323,2026-01-08 19:03:47.123482
2026-01-08,24661,CGY,BOS,30006084,Samuel Honzek,goals,rf_qrf_goals,0.3.0,empirical_qrf,0.0,0.0,0.0,,4935908734271347323,2026-01-08 19:03:47.123482
2026-01-08,24661,CGY,BOS,30006111,Etienne Morin,goals,rf_qrf_goals,0.3.0,empirical_qrf,0.0,0.0,0.0,,4935908734271347323,2026-01-08 19:03:47.123482
2026-01-08,24661,CGY,BOS,30006136,Hunter Brzustewicz,goals,rf_qrf_goals,0.3.0,empirical_qrf,0.0,0.0,0.0,,4935908734271347323,2026-01-08 19:03:47.123482
2026-01-08,24661,CGY,BOS,30006371,Matt Radomsky,goals,rf_qrf_goals,0.3.0,empirical_qrf,0.002197128661903237,0.0013460564454171814,0.0031339073918573083,,4935908734271347323,2026-01-08 19:03:47.123482
2026-01-08,24661,CGY,BOS,30006372,Connor Murphy,goals,rf_qrf_goals,0.3.0,empirical_qrf,0.002197128661903237,0.0013460564454171814,0.0031339073918573083,,4935908734271347323,2026-01-08 19:03:47.123482
2026-01-08,24661,BOS,CGY,30000245,Viktor Arvidsson,goals,rf_qrf_goals,0.3.0,empirical_qrf,0.012832290159661166,0.0,0.028612836438923404,,4935908734271347323,2026-01-08 19:03:47.123482
2026-01-08,24661,BOS,CGY,30000393,Joonas Korpisalo,goals,rf_qrf_goals,0.3.0,empirical_qrf,0.002197128661903237,0.0013460564454171814,0.0031339073918573083,,4935908734271347323,2026-01-08 19:03:47.123482
2026-01-08,24661,BOS,CGY,30000607,David Pastrnak,goals,rf_qrf_goals,0.3.0,empirical_qrf,0.004305555555555555,0.0,0.0,,4935908734271347323,2026-01-08 19:03:47.123482
2026-01-08,24661,BOS,CGY,30000630,Patrick Brown,goals,rf_qrf_goals,0.3.0,empirical_qrf,0.0005158730158730159,0.0,0.0,,4935908734271347323,2026-01-08 19:03:47.123482
2026-01-08,24661,BOS,CGY,30000636,Elias Lindholm,goals,rf_qrf_goals,0.3.0,empirical_qrf,0.0016269841269841267,0.0,0.0,,4935908734271347323,2026-01-08 19:03:47.123482
2026-01-08,24661,BOS,CGY,30000909,Nikita Zadorov,goals,rf_qrf_goals,0.3.0,empirical_qrf,0.0006060606060606061,0.0,0.0,,4935908734271347323,2026-01-08 19:03:47.123482
2026-01-08,24661,BOS,CGY,30000995,Pavel Zacha,goals,rf_qrf_goals,0.3.0,empirical_qrf,0.0,0.0,0.0,,4935908734271347323,2026-01-08 19:03:47.123482
2026-01-08,24661,BOS,CGY,30001264,Hampus Lindholm,goals,rf_qrf_goals,0.3.0,empirical_qrf,0.012832290159661166,0.0,0.028612836438923404,,4935908734271347323,2026-01-08 19:03:47.123482
2026-01-08,24661,BOS,CGY,30002853,Sean Kuraly,goals,rf_qrf_goals,0.3.0,empirical_qrf,0.0,0.0,0.0,,4935908734271347323,2026-01-08 19:03:47.123482
2026-01-08,24661,BOS,CGY,30003020,Kasimir Kaskisuo,goals,rf_qrf_goals,0.3.0,empirical_qrf,0.0008169191919191918,0.0,0.0,,4935908734271347323,2026-01-08 19:03:47.123482
2026-01-08,24661,BOS,CGY,30003147,Charlie McAvoy,goals,rf_qrf_goals,0.3.0,empirical_qrf,0.0,0.0,0.0,,4935908734271347323,2026-01-08 19:03:47.123482
2026-01-08,24661,BOS,CGY,30003151,Riley Tufte,goals,rf_qrf_goals,0.3.0,empirical_qrf,0.0,0.0,0.0,,4935908734271347323,2026-01-08 19:03:47.123482
2026-01-08,24661,BOS,CGY,30003185,Andrew Peeke,goals,rf_qrf_goals,0.3.0,empirical_qrf,0.012932220143345106,0.004364913613062464,0.022748123436196838,,4935908734271347323,2026-01-08 19:03:47.123482
2026-01-08,24661,BOS,CGY,30003401,Jeffrey Viel,goals,rf_qrf_goals,0.3.0,empirical_qrf,0.0,0.0,0.0,,4935908734271347323,2026-01-08 19:03:47.123482
2026-01-08,24661,BOS,CGY,30003442,Tanner Jeannot,goals,rf_qrf_goals,0.3.0,empirical_qrf,0.011235032107839856,0.0,0.02635087719298246,,4935908734271347323,2026-01-08 19:03:47.123482
2026-01-08,24661,BOS,CGY,30003581,Shane Starrett,goals,rf_qrf_goals,0.3.0,empirical_qrf,0.0,0.0,0.0,,4935908734271347323,2026-01-08 19:03:47.123482
2026-01-08,24661,BOS,CGY,30003643,Casey Mittelstadt,goals,rf_qrf_goals,0.3.0,empirical_qrf,0.007893518518518518,0.0,0.0,,4935908734271347323,2026-01-08 19:03:47.123482
2026-01-08,24661,BOS,CGY,30003657,Henri Jokiharju,goals,rf_qrf_goals,0.3.0,empirical_qrf,0.0,0.0,0.0,,4935908734271347323,2026-01-08 19:03:47.123482
2026-01-08,24661,BOS,CGY,30003704,Morgan Geekie,goals,rf_qrf_goals,0.3.0,empirical_qrf,0.006805555555555555,0.0,0.0,,4935908734271347323,2026-01-08 19:03:47.123482
2026-01-08,24661,BOS,CGY,30003890,Mikey Eyssimont,goals,rf_qrf_goals,0.3.0,empirical_qrf,0.01863095238095238,0.0,0.0,,4935908734271347323,2026-01-08 19:03:47.123482
2026-01-08,24661,BOS,CGY,30003912,Mark Kastelic,goals,rf_qrf_goals,0.3.0,empirical_qrf,0.002450928728839414,0.0,0.0050903567533883785,,4935908734271347323,2026-01-08 19:03:47.123482
2026-01-08,24661,BOS,CGY,30003991,Jeremy Swayman,goals,rf_qrf_goals,0.3.0,empirical_qrf,0.002197128661903237,0.0013460564454171814,0.0031339073918573083,,4935908734271347323,2026-01-08 19:03:47.123482
2026-01-08,24661,BOS,CGY,30004166,Jordan Harris,goals,rf_qrf_goals,0.3.0,empirical_qrf,0.00875,0.0,0.0,,4935908734271347323,2026-01-08 19:03:47.123482
2026-01-08,24661,BOS,CGY,30004281,Jonathan Aspirot,goals,rf_qrf_goals,0.3.0,empirical_qrf,0.012932220143345106,0.004364913613062464,0.022748123436196838,,4935908734271347323,2026-01-08 19:03:47.123482
2026-01-08,24661,BOS,CGY,30004477,Victor Soderstrom,goals,rf_qrf_goals,0.3.0,empirical_qrf,0.0,0.0,0.0,,4935908734271347323,2026-01-08 19:03:47.123482
2026-01-08,24661,BOS,CGY,30004513,John Farinacci,goals,rf_qrf_goals,0.3.0,empirical_qrf,0.0,0.0,0.0,,4935908734271347323,2026-01-08 19:03:47.123482
2026-01-08,24661,BOS,CGY,30004546,Vladislav Kolyachonok,goals,rf_qrf_goals,0.3.0,empirical_qrf,0.0,0.0,0.0,,4935908734271347323,2026-01-08 19:03:47.123482
2026-01-08,24661,BOS,CGY,30004640,Francois Brassard,goals,rf_qrf_goals,0.3.0,empirical_qrf,0.0,0.0,0.0,,4935908734271347323,2026-01-08 19:03:47.123482
2026-01-08,24661,BOS,CGY,30004851,Marat Khusnutdinov,goals,rf_qrf_goals,0.3.0,empirical_qrf,0.0,0.0,0.0,,4935908734271347323,2026-01-08 19:03:47.123482
2026-01-08,24661,BOS,CGY,30004858,Mason Lohrei,goals,rf_qrf_goals,0.3.0,empirical_qrf,0.0,0.0,0.0,,4935908734271347323,2026-01-08 19:03:47.123482
2026-01-08,24661,BOS,CGY,30004929,Alex Steeves,goals,rf_qrf_goals,0.3.0,empirical_qrf,0.0,0.0,0.0,,4935908734271347323,2026-01-08 19:03:47.123482
2026-01-08,24661,BOS,CGY,30004998,Fabian Lysell,goals,rf_qrf_goals,0.3.0,empirical_qrf,0.05706928863854896,0.0,0.14285714285714285,,4935908734271347323,2026-01-08 19:03:47.123482
2026-01-08,24661,BOS,CGY,30005130,Brett Harrison,goals,rf_qrf_goals,0.3.0,empirical_qrf,0.2568531746031746,0.0,1.0,,4935908734271347323,2026-01-08 19:03:47.123482
2026-01-08,24661,BOS,CGY,30005170,Maximus Wanner,goals,rf_qrf_goals,0.3.0,empirical_qrf,0.002197128661903237,0.0013460564454171814,0.0031339073918573083,,4935908734271347323,2026-01-08 19:03:47.123482
2026-01-08,24661,BOS,CGY,30005341,Shawn Element,goals,rf_qrf_goals,0.3.0,empirical_qrf,0.002197128661903237,0.0013460564454171814,0.0031339073918573083,,4935908734271347323,2026-01-08 19:03:47.123482
2026-01-08,24661,BOS,CGY,30005367,Michael Callahan,goals,rf_qrf_goals,0.3.0,empirical_qrf,0.0,0.0,0.0,,4935908734271347323,2026-01-08 19:03:47.123482
2026-01-08,24661,BOS,CGY,30005580,Georgi Merkulov,goals,rf_qrf_goals,0.3.0,empirical_qrf,0.0,0.0,0.0,,4935908734271347323,2026-01-08 19:03:47.123482
2026-01-08,24661,BOS,CGY,30005651,Matthew Poitras,goals,rf_qrf_goals,0.3.0,empirical_qrf,0.0,0.0,0.0,,4935908734271347323,2026-01-08 19:03:47.123482
2026-01-08,24661,BOS,CGY,30005658,Fraser Minten,goals,rf_qrf_goals,0.3.0,empirical_qrf,0.0,0.0,0.0,,4935908734271347323,2026-01-08 19:03:47.123482
2026-01-08,24661,BOS,CGY,30005749,Nolan Maier,goals,rf_qrf_goals,0.3.0,empirical_qrf,0.0,0.0,0.0,,4935908734271347323,2026-01-08 19:03:47.123482
2026-01-08,24661,BOS,CGY,30005760,Joseph Abate,goals,rf_qrf_goals,0.3.0,empirical_qrf,0.012932220143345106,0.004364913613062464,0.022748123436196838,,4935908734271347323,2026-01-08 19:03:47.123482
2026-01-08,24661,BOS,CGY,30005797,Frederic Brunet,goals,rf_qrf_goals,0.3.0,empirical_qrf,0.01132864122701371,0.0,0.024691358024691357,,4935908734271347323,2026-01-08 19:03:47.123482
2026-01-08,24661,BOS,CGY,30005798,Jackson Edward,goals,rf_qrf_goals,0.3.0,empirical_qrf,0.1101170607643131,0.0,0.25,,4935908734271347323,2026-01-08 19:03:47.123482
2026-01-08,24661,BOS,CGY,30006392,Luke Cavallin,goals,rf_qrf_goals,0.3.0,empirical_qrf,0.002197128661903237,0.0013460564454171814,0.0031339073918573083,,4935908734271347323,2026-01-08 19:03:47.123482
2026-01-08,24662,EDM,WPG,30000180,Josh Brown,goals,rf_qrf_goals,0.3.0,empirical_qrf,0.0,0.0,0.0,,4935908734271347323,2026-01-08 19:03:47.123482
2026-01-08,24662,EDM,WPG,30000250,Mattias Ekholm,goals,rf_qrf_goals,0.3.0,empirical_qrf,0.0,0.0,0.0,,4935908734271347323,2026-01-08 19:03:47.123482
2026-01-08,24662,EDM,WPG,30000392,Tristan Jarry,goals,rf_qrf_goals,0.3.0,empirical_qrf,0.002197128661903237,0.0013460564454171814,0.0031339073918573083,,4935908734271347323,2026-01-08 19:03:47.123482
2026-01-08,24662,EDM,WPG,30000440,Zach Hyman,goals,rf_qrf_goals,0.3.0,empirical_qrf,0.002197128661903237,0.0013460564454171814,0.0031339073918573083,,4935908734271347323,2026-01-08 19:03:47.123482
2026-01-08,24662,EDM,WPG,30000443,Kasperi Kapanen,goals,rf_qrf_goals,0.3.0,empirical_qrf,0.026657193048497393,0.0,0.0,,4935908734271347323,2026-01-08 19:03:47.123482
2026-01-08,24662,EDM,WPG,30000540,Ryan Nugent-Hopkins,goals,rf_qrf_goals,0.3.0,empirical_qrf,0.0,0.0,0.0,,4935908734271347323,2026-01-08 19:03:47.123482
2026-01-08,24662,EDM,WPG,30000549,Darnell Nurse,goals,rf_qrf_goals,0.3.0,empirical_qrf,0.0,0.0,0.0,,4935908734271347323,2026-01-08 19:03:47.123482
2026-01-08,24662,EDM,WPG,30000752,Mattias Janmark,goals,rf_qrf_goals,0.3.0,empirical_qrf,0.0,0.0,0.0,,4935908734271347323,2026-01-08 19:03:47.123482
2026-01-08,24662,EDM,WPG,30000965,Curtis Lazar,goals,rf_qrf_goals,0.3.0,empirical_qrf,0.0,0.0,0.0,,4935908734271347323,2026-01-08 19:03:47.123482
2026-01-08,24662,EDM,WPG,30000987,Adam Henrique,goals,rf_qrf_goals,0.3.0,empirical_qrf,0.0,0.0,0.0,,4935908734271347323,2026-01-08 19:03:47.123482
2026-01-08,24662,EDM,WPG,30001076,Leon Draisaitl,goals,rf_qrf_goals,0.3.0,empirical_qrf,0.0033333333333333335,0.0,0.0,,4935908734271347323,2026-01-08 19:03:47.123482
2026-01-08,24662,EDM,WPG,30001233,Connor McDavid,goals,rf_qrf_goals,0.3.0,empirical_qrf,0.0,0.0,0.0,,4935908734271347323,2026-01-08 19:03:47.123482
2026-01-08,24662,EDM,WPG,30001304,Calvin Pickard,goals,rf_qrf_goals,0.3.0,empirical_qrf,0.002197128661903237,0.0013460564454171814,0.0031339073918573083,,4935908734271347323,2026-01-08 19:03:47.123482
2026-01-08,24662,EDM,WPG,30001368,Seth Griffith,goals,rf_qrf_goals,0.3.0,empirical_qrf,0.002197128661903237,0.0013460564454171814,0.0031339073918573083,,4935908734271347323,2026-01-08 19:03:47.123482
2026-01-08,24662,EDM,WPG,30002218,Andrew Mangiapane,goals,rf_qrf_goals,0.3.0,empirical_qrf,0.0,0.0,0.0,,4935908734271347323,2026-01-08 19:03:47.123482
2026-01-08,24662,EDM,WPG,30002623,Jake Walman,goals,rf_qrf_goals,0.3.0,empirical_qrf,0.0,0.0,0.0,,4935908734271347323,2026-01-08 19:03:47.123482
2026-01-08,24662,EDM,WPG,30002787,Connor Ingram,goals,rf_qrf_goals,0.3.0,empirical_qrf,0.002197128661903237,0.0013460564454171814,0.0031339073918573083,,4935908734271347323,2026-01-08 19:03:47.123482
2026-01-08,24662,EDM,WPG,30002824,Jack Roslovic,goals,rf_qrf_goals,0.3.0,empirical_qrf,0.012932220143345106,0.004364913613062464,0.022748123436196838,,4935908734271347323,2026-01-08 19:03:47.123482
2026-01-08,24662,EDM,WPG,30003142,Max Jones,goals,rf_qrf_goals,0.3.0,empirical_qrf,0.0,0.0,0.0,,4935908734271347323,2026-01-08 19:03:47.123482
2026-01-08,24662,EDM,WPG,30003157,Trent Frederic,goals,rf_qrf_goals,0.3.0,empirical_qrf,0.0,0.0,0.0,,4935908734271347323,2026-01-08 19:03:47.123482
2026-01-08,24662,EDM,WPG,30003211,Rem Pitlick,goals,rf_qrf_goals,0.3.0,empirical_qrf,0.002197128661903237,0.0013460564454171814,0.0031339073918573083,,4935908734271347323,2026-01-08 19:03:47.123482
2026-01-08,24662,EDM,WPG,30003345,Riley Stillman,goals,rf_qrf_goals,0.3.0,empirical_qrf,0.0,0.0,0.0,,4935908734271347323,2026-01-08 19:03:47.123482
2026-01-08,24662,EDM,WPG,30003770,Matt Tomkins,goals,rf_qrf_goals,0.3.0,empirical_qrf,0.002197128661903237,0.0013460564454171814,0.0031339073918573083,,4935908734271347323,2026-01-08 19:03:47.123482
2026-01-08,24662,EDM,WPG,30004081,Evan Bouchard,goals,rf_qrf_goals,0.3.0,empirical_qrf,0.002277777777777778,0.0,0.0,,4935908734271347323,2026-01-08 19:03:47.123482
2026-01-08,24662,EDM,WPG,30004156,Alec Regula,goals,rf_qrf_goals,0.3.0,empirical_qrf,0.012932220143345106,0.004364913613062464,0.022748123436196838,,4935908734271347323,2026-01-08 19:03:47.123482
2026-01-08,24662,EDM,WPG,30004165,Ty Emberson,goals,rf_qrf_goals,0.3.0,empirical_qrf,0.0,0.0,0.0,,4935908734271347323,2026-01-08 19:03:47.123482
2026-01-08,24662,EDM,WPG,30004370,Spencer Stastney,goals,rf_qrf_goals,0.3.0,empirical_qrf,0.0,0.0,0.0,,4935908734271347323,2026-01-08 19:03:47.123482
2026-01-08,24662,EDM,WPG,30004476,Vasily Podkolzin,goals,rf_qrf_goals,0.3.0,empirical_qrf,0.0,0.0,0.0,,4935908734271347323,2026-01-08 19:03:47.123482
2026-01-08,24662,EDM,WPG,30004490,Sam Poulin,goals,rf_qrf_goals,0.3.0,empirical_qrf,0.006399930567951856,0.0,0.0158899923605806,,4935908734271347323,2026-01-08 19:03:47.123482
2026-01-08,24662,EDM,WPG,30004625,Mason Millman,goals,rf_qrf_goals,0.3.0,empirical_qrf,0.11440462345541486,0.03125,0.21428571428571427,,4935908734271347323,2026-01-08 19:03:47.123482
2026-01-08,24662,EDM,WPG,30004871,Luke Prokop,goals,rf_qrf_goals,0.3.0,empirical_qrf,0.012932220143345106,0.004364913613062464,0.022748123436196838,,4935908734271347323,2026-01-08 19:03:47.123482
2026-01-08,24662,EDM,WPG,30005174,Matvey Petrov,goals,rf_qrf_goals,0.3.0,empirical_qrf,0.002197128661903237,0.0013460564454171814,0.0031339073918573083,,4935908734271347323,2026-01-08 19:03:47.123482
2026-01-08,24662,EDM,WPG,30005177,James Hamblin,goals,rf_qrf_goals,0.3.0,empirical_qrf,0.0,0.0,0.0,,4935908734271347323,2026-01-08 19:03:47.123482
2026-01-08,24662,EDM,WPG,30005185,Jayden Grubbe,goals,rf_qrf_goals,0.3.0,empirical_qrf,0.012932220143345106,0.004364913613062464,0.022748123436196838,,4935908734271347323,2026-01-08 19:03:47.123482
2026-01-08,24662,EDM,WPG,30005633,Matt Savoie,goals,rf_qrf_goals,0.3.0,empirical_qrf,0.0,0.0,0.0,,4935908734271347323,2026-01-08 19:03:47.123482
2026-01-08,24662,EDM,WPG,30005731,Mats Lindgren,goals,rf_qrf_goals,0.3.0,empirical_qrf,0.002197128661903237,0.0013460564454171814,0.0031339073918573083,,4935908734271347323,2026-01-08 19:03:47.123482
2026-01-08,24662,EDM,WPG,30005931,Brady Stonehouse,goals,rf_qrf_goals,0.3.0,empirical_qrf,0.002197128661903237,0.0013460564454171814,0.0031339073918573083,,4935908734271347323,2026-01-08 19:03:47.123482
2026-01-08,24662,EDM,WPG,30006112,Beau Akey,goals,rf_qrf_goals,0.3.0,empirical_qrf,0.0059767071678692545,0.0,0.013333333333333334,,4935908734271347323,2026-01-08 19:03:47.123482
2026-01-08,24662,EDM,WPG,30006225,Nathaniel Day,goals,rf_qrf_goals,0.3.0,empirical_qrf,0.002197128661903237,0.0013460564454171814,0.0031339073918573083,,4935908734271347323,2026-01-08 19:03:47.123482
2026-01-08,24662,EDM,WPG,30006327,Matt Brown,goals,rf_qrf_goals,0.3.0,empirical_qrf,0.002197128661903237,0.0013460564454171814,0.0031339073918573083,,4935908734271347323,2026-01-08 19:03:47.123482
2026-01-08,24662,EDM,WPG,30006393,Connor Clattenburg,goals,rf_qrf_goals,0.3.0,empirical_qrf,0.0,0.0,0.0,,4935908734271347323,2026-01-08 19:03:47.123482
2026-01-08,24662,WPG,EDM,30000060,Luke Schenn,goals,rf_qrf_goals,0.3.0,empirical_qrf,0.012832290159661166,0.0,0.028612836438923404,,4935908734271347323,2026-01-08 19:03:47.123482
2026-01-08,24662,WPG,EDM,30000153,Tanner Pearson,goals,rf_qrf_goals,0.3.0,empirical_qrf,0.012832290159661166,0.0,0.028612836438923404,,4935908734271347323,2026-01-08 19:03:47.123482
2026-01-08,24662,WPG,EDM,30000212,Colin Miller,goals,rf_qrf_goals,0.3.0,empirical_qrf,0.0,0.0,0.0,,4935908734271347323,2026-01-08 19:03:47.123482
2026-01-08,24662,WPG,EDM,30000371,Haydn Fleury,goals,rf_qrf_goals,0.3.0,empirical_qrf,0.0,0.0,0.0,,4935908734271347323,2026-01-08 19:03:47.123482
2026-01-08,24662,WPG,EDM,30000522,Nino Niederreiter,goals,rf_qrf_goals,0.3.0,empirical_qrf,0.0,0.0,0.0,,4935908734271347323,2026-01-08 19:03:47.123482
2026-01-08,24662,WPG,EDM,30000801,Connor Hellebuyck,goals,rf_qrf_goals,0.3.0,empirical_qrf,0.002197128661903237,0.0013460564454171814,0.0031339073918573083,,4935908734271347323,2026-01-08 19:03:47.123482
2026-01-08,24662,WPG,EDM,30000826,Josh Morrissey,goals,rf_qrf_goals,0.3.0,empirical_qrf,0.0,0.0,0.0,,4935908734271347323,2026-01-08 19:03:47.123482
2026-01-08,24662,WPG,EDM,30000830,Mark Scheifele,goals,rf_qrf_goals,0.3.0,empirical_qrf,0.0,0.0,0.0,,4935908734271347323,2026-01-08 19:03:47.123482
2026-01-08,24662,WPG,EDM,30000872,Jonathan Toews,goals,rf_qrf_goals,0.3.0,empirical_qrf,0.023249488044541706,0.0,0.05405405405405406,,4935908734271347323,2026-01-08 19:03:47.123482
2026-01-08,24662,WPG,EDM,30001036,Gustav Nyquist,goals,rf_qrf_goals,0.3.0,empirical_qrf,0.0,0.0,0.0,,4935908734271347323,2026-01-08 19:03:47.123482
2026-01-08,24662,WPG,EDM,30001050,Vladislav Namestnikov,goals,rf_qrf_goals,0.3.0,empirical_qrf,0.0,0.0,0.0,,4935908734271347323,2026-01-08 19:03:47.123482
2026-01-08,24662,WPG,EDM,30001061,Eric Comrie,goals,rf_qrf_goals,0.3.0,empirical_qrf,0.002197128661903237,0.0013460564454171814,0.0031339073918573083,,4935908734271347323,2026-01-08 19:03:47.123482
2026-01-08,24662,WPG,EDM,30001070,Adam Lowry,goals,rf_qrf_goals,0.3.0,empirical_qrf,0.0,0.0,0.0,,4935908734271347323,2026-01-08 19:03:47.123482
2026-01-08,24662,WPG,EDM,30001224,Dylan DeMelo,goals,rf_qrf_goals,0.3.0,empirical_qrf,0.0,0.0,0.0,,4935908734271347323,2026-01-08 19:03:47.123482
2026-01-08,24662,WPG,EDM,30002772,Kyle Connor,goals,rf_qrf_goals,0.3.0,empirical_qrf,0.0015555555555555557,0.0,0.0,,4935908734271347323,2026-01-08 19:03:47.123482
2026-01-08,24662,WPG,EDM,30003148,Logan Stanley,goals,rf_qrf_goals,0.3.0,empirical_qrf,0.0,0.0,0.0,,4935908734271347323,2026-01-08 19:03:47.123482
2026-01-08,24662,WPG,EDM,30003172,Kale Clague,goals,rf_qrf_goals,0.3.0,empirical_qrf,0.0,0.0,0.0,,4935908734271347323,2026-01-08 19:03:47.123482
2026-01-08,24662,WPG,EDM,30003588,Alex Iafallo,goals,rf_qrf_goals,0.3.0,empirical_qrf,0.0,0.0,0.0,,4935908734271347323,2026-01-08 19:03:47.123482
2026-01-08,24662,WPG,EDM,30003603,Neal Pionk,goals,rf_qrf_goals,0.3.0,empirical_qrf,0.0,0.0,0.0,,4935908734271347323,2026-01-08 19:03:47.123482
2026-01-08,24662,WPG,EDM,30003664,Gabriel Vilardi,goals,rf_qrf_goals,0.3.0,empirical_qrf,0.0,0.0,0.0,,4935908734271347323,2026-01-08 19:03:47.123482
2026-01-08,24662,WPG,EDM,30003691,Dylan Samberg,goals,rf_qrf_goals,0.3.0,empirical_qrf,0.0,0.0,0.0,,4935908734271347323,2026-01-08 19:03:47.123482
2026-01-08,24662,WPG,EDM,30003692,Jaret Anderson-Dolan,goals,rf_qrf_goals,0.3.0,empirical_qrf,0.011235032107839856,0.0,0.02635087719298246,,4935908734271347323,2026-01-08 19:03:47.123482
2026-01-08,24662,WPG,EDM,30004110,David Gustafsson,goals,rf_qrf_goals,0.3.0,empirical_qrf,0.0,0.0,0.0,,4935908734271347323,2026-01-08 19:03:47.123482
2026-01-08,24662,WPG,EDM,30004389,Morgan Barron,goals,rf_qrf_goals,0.3.0,empirical_qrf,0.0,0.0,0.0,,4935908734271347323,2026-01-08 19:03:47.123482
2026-01-08,24662,WPG,EDM,30004496,Ville Heinola,goals,rf_qrf_goals,0.3.0,empirical_qrf,0.01132864122701371,0.0,0.024691358024691357,,4935908734271347323,2026-01-08 19:03:47.123482
2026-01-08,24662,WPG,EDM,30004534,Samuel Fagemo,goals,rf_qrf_goals,0.3.0,empirical_qrf,0.0,0.0,0.0,,4935908734271347323,2026-01-08 19:03:47.123482
2026-01-08,24662,WPG,EDM,30004813,Cole Perfetti,goals,rf_qrf_goals,0.3.0,empirical_qrf,0.0,0.0,0.0,,4935908734271347323,2026-01-08 19:03:47.123482
2026-01-08,24662,WPG,EDM,30004943,Walker Duehr,goals,rf_qrf_goals,0.3.0,empirical_qrf,0.0,0.0,0.0,,4935908734271347323,2026-01-08 19:03:47.123482
2026-01-08,24662,WPG,EDM,30004945,Cole Koepke,goals,rf_qrf_goals,0.3.0,empirical_qrf,0.05706928863854896,0.0,0.14285714285714285,,4935908734271347323,2026-01-08 19:03:47.123482
2026-01-08,24662,WPG,EDM,30005036,Nikita Chibrikov,goals,rf_qrf_goals,0.3.0,empirical_qrf,0.0,0.0,0.0,,4935908734271347323,2026-01-08 19:03:47.123482
2026-01-08,24662,WPG,EDM,30005343,Jaydon Dureau,goals,rf_qrf_goals,0.3.0,empirical_qrf,0.005333333333333334,0.0,0.0,,4935908734271347323,2026-01-08 19:03:47.123482
2026-01-08,24662,WPG,EDM,30005647,Brad Lambert,goals,rf_qrf_goals,0.3.0,empirical_qrf,0.005557208042502161,0.0,0.0,,4935908734271347323,2026-01-08 19:03:47.123482
2026-01-08,24662,WPG,EDM,30005668,Elias Salomonsson,goals,rf_qrf_goals,0.3.0,empirical_qrf,0.0,0.0,0.0,,4935908734271347323,2026-01-08 19:03:47.123482
2026-01-08,24662,WPG,EDM,30005684,Danil Zhilkin,goals,rf_qrf_goals,0.3.0,empirical_qrf,0.0,0.0,0.0,,4935908734271347323,2026-01-08 19:03:47.123482
2026-01-08,24662,WPG,EDM,30005716,Fabian Wagner,goals,rf_qrf_goals,0.3.0,empirical_qrf,0.002197128661903237,0.0013460564454171814,0.0031339073918573083,,4935908734271347323,2026-01-08 19:03:47.123482
2026-01-08,24662,WPG,EDM,30005843,Thomas Milic,goals,rf_qrf_goals,0.3.0,empirical_qrf,0.002197128661903237,0.0013460564454171814,0.0031339073918573083,,4935908734271347323,2026-01-08 19:03:47.123482
2026-01-08,24662,WPG,EDM,30005851,Dominic DiVincentiis,goals,rf_qrf_goals,0.3.0,empirical_qrf,0.002197128661903237,0.0013460564454171814,0.0031339073918573083,,4935908734271347323,2026-01-08 19:03:47.123482
2026-01-08,24662,WPG,EDM,30006030,Parker Ford,goals,rf_qrf_goals,0.3.0,empirical_qrf,0.0019394910644910642,0.0,0.0,,4935908734271347323,2026-01-08 19:03:47.123482
2026-01-08,24662,WPG,EDM,30006076,Brayden Yager,goals,rf_qrf_goals,0.3.0,empirical_qrf,0.0,0.0,0.0,,4935908734271347323,2026-01-08 19:03:47.123482
2026-01-08,24662,WPG,EDM,30006082,Colby Barlow,goals,rf_qrf_goals,0.3.0,empirical_qrf,0.0,0.0,0.0,,4935908734271347323,2026-01-08 19:03:47.123482
2026-01-08,24662,WPG,EDM,30006260,Jacob Julien,goals,rf_qrf_goals,0.3.0,empirical_qrf,0.002197128661903237,0.0013460564454171814,0.0031339073918573083,,4935908734271347323,2026-01-08 19:03:47.123482
2026-01-08,24662,WPG,EDM,30006309,Ethan Frisch,goals,rf_qrf_goals,0.3.0,empirical_qrf,0.023249488044541706,0.0,0.05405405405405406,,4935908734271347323,2026-01-08 19:03:47.123482
2026-01-08,24663,NYI,NAS,30000204,Kyle Palmieri,goals,rf_qrf_goals,0.3.0,empirical_qrf,0.0027777777777777775,0.0,0.0,,4935908734271347323,2026-01-08 19:03:47.123482
2026-01-08,24663,NYI,NAS,30000276,Anders Lee,goals,rf_qrf_goals,0.3.0,empirical_qrf,0.0,0.0,0.0,,4935908734271347323,2026-01-08 19:03:47.123482
2026-01-08,24663,NYI,NAS,30000290,Adam Pelech,goals,rf_qrf_goals,0.3.0,empirical_qrf,0.0,0.0,0.0,,4935908734271347323,2026-01-08 19:03:47.123482
2026-01-08,24663,NYI,NAS,30000292,Mathew Barzal,goals,rf_qrf_goals,0.3.0,empirical_qrf,0.0,0.0,0.0,,4935908734271347323,2026-01-08 19:03:47.123482
2026-01-08,24663,NYI,NAS,30000571,Anthony Duclair,goals,rf_qrf_goals,0.3.0,empirical_qrf,0.0030753968253968253,0.0,0.0,,4935908734271347323,2026-01-08 19:03:47.123482
2026-01-08,24663,NYI,NAS,30000644,Chris Terry,goals,rf_qrf_goals,0.3.0,empirical_qrf,0.0,0.0,0.0,,4935908734271347323,2026-01-08 19:03:47.123482
2026-01-08,24663,NYI,NAS,30000733,Tony DeAngelo,goals,rf_qrf_goals,0.3.0,empirical_qrf,0.0,0.0,0.0,,4935908734271347323,2026-01-08 19:03:47.123482
2026-01-08,24663,NYI,NAS,30000734,Jonathan Drouin,goals,rf_qrf_goals,0.3.0,empirical_qrf,0.0,0.0,0.0,,4935908734271347323,2026-01-08 19:03:47.123482
2026-01-08,24663,NYI,NAS,30000875,Semyon Varlamov,goals,rf_qrf_goals,0.3.0,empirical_qrf,0.002197128661903237,0.0013460564454171814,0.0031339073918573083,,4935908734271347323,2026-01-08 19:03:47.123482
2026-01-08,24663,NYI,NAS,30000966,Jean-Gabriel Pageau,goals,rf_qrf_goals,0.3.0,empirical_qrf,0.0,0.0,0.0,,4935908734271347323,2026-01-08 19:03:47.123482
2026-01-08,24663,NYI,NAS,30000986,Seth Helgeson,goals,rf_qrf_goals,0.3.0,empirical_qrf,0.030272496519761466,0.0,0.05714285714285714,,4935908734271347323,2026-01-08 19:03:47.123482
2026-01-08,24663,NYI,NAS,30000999,Scott Mayfield,goals,rf_qrf_goals,0.3.0,empirical_qrf,0.0,0.0,0.0,,4935908734271347323,2026-01-08 19:03:47.123482
2026-01-08,24663,NYI,NAS,30001003,Ryan Pulock,goals,rf_qrf_goals,0.3.0,empirical_qrf,0.012832290159661166,0.0,0.028612836438923404,,4935908734271347323,2026-01-08 19:03:47.123482
2026-01-08,24663,NYI,NAS,30001155,Casey Cizikas,goals,rf_qrf_goals,0.3.0,empirical_qrf,0.012832290159661166,0.0,0.028612836438923404,,4935908734271347323,2026-01-08 19:03:47.123482
2026-01-08,24663,NYI,NAS,30001276,Bo Horvat,goals,rf_qrf_goals,0.3.0,empirical_qrf,0.0,0.0,0.0,,4935908734271347323,2026-01-08 19:03:47.123482
2026-01-08,24663,NYI,NAS,30002533,Marcus Hogberg,goals,rf_qrf_goals,0.3.0,empirical_qrf,0.002197128661903237,0.0013460564454171814,0.0031339073918573083,,4935908734271347323,2026-01-08 19:03:47.123482
2026-01-08,24663,NYI,NAS,30002618,Ilya Sorokin,goals,rf_qrf_goals,0.3.0,empirical_qrf,0.002197128661903237,0.0013460564454171814,0.0031339073918573083,,4935908734271347323,2026-01-08 19:03:47.123482
2026-01-08,24663,NYI,NAS,30003126,David Rittich,goals,rf_qrf_goals,0.3.0,empirical_qrf,0.002197128661903237,0.0013460564454171814,0.0031339073918573083,,4935908734271347323,2026-01-08 19:03:47.123482
2026-01-08,24663,NYI,NAS,30003189,Sean Day,goals,rf_qrf_goals,0.3.0,empirical_qrf,0.0,0.0,0.0,,4935908734271347323,2026-01-08 19:03:47.123482
2026-01-08,24663,NYI,NAS,30003541,Matthew Highmore,goals,rf_qrf_goals,0.3.0,empirical_qrf,0.002450928728839414,0.0,0.0050903567533883785,,4935908734271347323,2026-01-08 19:03:47.123482
2026-01-08,24663,NYI,NAS,30004051,Pierre Engvall,goals,rf_qrf_goals,0.3.0,empirical_qrf,0.0022222222222222222,0.0,0.0,,4935908734271347323,2026-01-08 19:03:47.123482
2026-01-08,24663,NYI,NAS,30004091,Adam Boqvist,goals,rf_qrf_goals,0.3.0,empirical_qrf,0.01132864122701371,0.0,0.024691358024691357,,4935908734271347323,2026-01-08 19:03:47.123482
2026-01-08,24663,NYI,NAS,30004176,Alexander Romanov,goals,rf_qrf_goals,0.3.0,empirical_qrf,0.0,0.0,0.0,,4935908734271347323,2026-01-08 19:03:47.123482
2026-01-08,24663,NYI,NAS,30004332,Kyle MacLean,goals,rf_qrf_goals,0.3.0,empirical_qrf,0.006399930567951856,0.0,0.0158899923605806,,4935908734271347323,2026-01-08 19:03:47.123482
2026-01-08,24663,NYI,NAS,30004498,Simon Holmstrom,goals,rf_qrf_goals,0.3.0,empirical_qrf,0.0,0.0,0.0,,4935908734271347323,2026-01-08 19:03:47.123482
2026-01-08,24663,NYI,NAS,30004525,Adam Beckman,goals,rf_qrf_goals,0.3.0,empirical_qrf,0.0,0.0,0.0,,4935908734271347323,2026-01-08 19:03:47.123482
2026-01-08,24663,NYI,NAS,30004845,Emil Heineman,goals,rf_qrf_goals,0.3.0,empirical_qrf,0.09214814814814815,0.0,0.5,,4935908734271347323,2026-01-08 19:03:47.123482
2026-01-08,24663,NYI,NAS,30005205,Tristan Lennox,goals,rf_qrf_goals,0.3.0,empirical_qrf,0.002197128661903237,0.0013460564454171814,0.0031339073918573083,,4935908734271347323,2026-01-08 19:03:47.123482
2026-01-08,24663,NYI,NAS,30005262,Henrik Tikkanen,goals,rf_qrf_goals,0.3.0,empirical_qrf,0.002197128661903237,0.0013460564454171814,0.0031339073918573083,,4935908734271347323,2026-01-08 19:03:47.123482
2026-01-08,24663,NYI,NAS,30005265,Eetu Liukas,goals,rf_qrf_goals,0.3.0,empirical_qrf,0.002197128661903237,0.0013460564454171814,0.0031339073918573083,,4935908734271347323,2026-01-08 19:03:47.123482
2026-01-08,24663,NYI,NAS,30005661,Calle Odelius,goals,rf_qrf_goals,0.3.0,empirical_qrf,0.032112738559522506,0.0,0.07160278745644603,,4935908734271347323,2026-01-08 19:03:47.123482
2026-01-08,24663,NYI,NAS,30005705,Isaiah George,goals,rf_qrf_goals,0.3.0,empirical_qrf,0.0,0.0,0.0,,4935908734271347323,2026-01-08 19:03:47.123482
2026-01-08,24663,NYI,NAS,30005828,Marc Gatcomb,goals,rf_qrf_goals,0.3.0,empirical_qrf,0.05969361911960191,0.0,0.14285714285714285,,4935908734271347323,2026-01-08 19:03:47.123482
2026-01-08,24663,NYI,NAS,30005856,Daylan Kuefler,goals,rf_qrf_goals,0.3.0,empirical_qrf,0.002197128661903237,0.0013460564454171814,0.0031339073918573083,,4935908734271347323,2026-01-08 19:03:47.123482
2026-01-08,24663,NYI,NAS,30005858,Matthew Maggio,goals,rf_qrf_goals,0.3.0,empirical_qrf,0.0,0.0,0.0,,4935908734271347323,2026-01-08 19:03:47.123482
2026-01-08,24663,NYI,NAS,30006038,Travis Mitchell,goals,rf_qrf_goals,0.3.0,empirical_qrf,0.0,0.0,0.0,,4935908734271347323,2026-01-08 19:03:47.123482
2026-01-08,24663,NYI,NAS,30006078,Calum Ritchie,goals,rf_qrf_goals,0.3.0,empirical_qrf,0.002013888888888889,0.0,0.0,,4935908734271347323,2026-01-08 19:03:47.123482
2026-01-08,24663,NYI,NAS,30006247,Justin Gill,goals,rf_qrf_goals,0.3.0,empirical_qrf,0.002197128661903237,0.0013460564454171814,0.0031339073918573083,,4935908734271347323,2026-01-08 19:03:47.123482
2026-01-08,24663,NYI,NAS,30006400,Artem Kulakov,goals,rf_qrf_goals,0.3.0,empirical_qrf,0.002197128661903237,0.0013460564454171814,0.0031339073918573083,,4935908734271347323,2026-01-08 19:03:47.123482
2026-01-08,24663,NYI,NAS,30006402,Joseph Cipollone,goals,rf_qrf_goals,0.3.0,empirical_qrf,0.002197128661903237,0.0013460564454171814,0.0031339073918573083,,4935908734271347323,2026-01-08 19:03:47.123482
2026-01-08,24663,NYI,NAS,30006475,Maxim Tsyplakov,goals,rf_qrf_goals,0.3.0,empirical_qrf,0.0,0.0,0.0,,4935908734271347323,2026-01-08 19:03:47.123482
2026-01-08,24663,NYI,NAS,30006857,Matthew Schaefer,goals,rf_qrf_goals,0.3.0,empirical_qrf,0.0,0.0,0.0,,4935908734271347323,2026-01-08 19:03:47.123482
2026-01-08,24663,NYI,NAS,30006925,Maxim Shabanov,goals,rf_qrf_goals,0.3.0,empirical_qrf,0.0,0.0,0.0,,4935908734271347323,2026-01-08 19:03:47.123482
2026-01-08,24663,NAS,NYI,30000183,Filip Forsberg,goals,rf_qrf_goals,0.3.0,empirical_qrf,0.0,0.0,0.0,,4935908734271347323,2026-01-08 19:03:47.123482
2026-01-08,24663,NAS,NYI,30000184,Roman Josi,goals,rf_qrf_goals,0.3.0,empirical_qrf,0.0,0.0,0.0,,4935908734271347323,2026-01-08 19:03:47.123482
2026-01-08,24663,NAS,NYI,30000222,Juuse Saros,goals,rf_qrf_goals,0.3.0,empirical_qrf,0.002197128661903237,0.0013460564454171814,0.0031339073918573083,,4935908734271347323,2026-01-08 19:03:47.123482
2026-01-08,24663,NAS,NYI,30000324,Brady Skjei,goals,rf_qrf_goals,0.3.0,empirical_qrf,0.005557208042502161,0.0,0.0,,4935908734271347323,2026-01-08 19:03:47.123482
2026-01-08,24663,NAS,NYI,30000716,Daniel Carr,goals,rf_qrf_goals,0.3.0,empirical_qrf,0.002666666666666667,0.0,0.0,,4935908734271347323,2026-01-08 19:03:47.123482
2026-01-08,24663,NAS,NYI,30000720,Michael McCarron,goals,rf_qrf_goals,0.3.0,empirical_qrf,0.0,0.0,0.0,,4935908734271347323,2026-01-08 19:03:47.123482
2026-01-08,24663,NAS,NYI,30000743,Steven Stamkos,goals,rf_qrf_goals,0.3.0,empirical_qrf,0.0,0.0,0.0,,4935908734271347323,2026-01-08 19:03:47.123482
2026-01-08,24663,NAS,NYI,30000810,Erik Haula,goals,rf_qrf_goals,0.3.0,empirical_qrf,0.0,0.0,0.0,,4935908734271347323,2026-01-08 19:03:47.123482
2026-01-08,24663,NAS,NYI,30000979,Ryan O'Reilly,goals,rf_qrf_goals,0.3.0,empirical_qrf,0.0,0.0,0.0,,4935908734271347323,2026-01-08 19:03:47.123482
2026-01-08,24663,NAS,NYI,30001048,Jonathan Marchessault,goals,rf_qrf_goals,0.3.0,empirical_qrf,0.015027777777777777,0.0,0.0,,4935908734271347323,2026-01-08 19:03:47.123482
2026-01-08,24663,NAS,NYI,30002591,Andreas Englund,goals,rf_qrf_goals,0.3.0,empirical_qrf,0.002450928728839414,0.0,0.0050903567533883785,,4935908734271347323,2026-01-08 19:03:47.123482
2026-01-08,24663,NAS,NYI,30002859,Michael Bunting,goals,rf_qrf_goals,0.3.0,empirical_qrf,0.0,0.0,0.0,,4935908734271347323,2026-01-08 19:03:47.123482
2026-01-08,24663,NAS,NYI,30003140,Tyson Jost,goals,rf_qrf_goals,0.3.0,empirical_qrf,0.0,0.0,0.0,,4935908734271347323,2026-01-08 19:03:47.123482
2026-01-08,24663,NAS,NYI,30003206,Dylan Gambrell,goals,rf_qrf_goals,0.3.0,empirical_qrf,0.0,0.0,0.0,,4935908734271347323,2026-01-08 19:03:47.123482
2026-01-08,24663,NAS,NYI,30003700,Nicolas Hague,goals,rf_qrf_goals,0.3.0,empirical_qrf,0.0,0.0,0.0,,4935908734271347323,2026-01-08 19:03:47.123482
2026-01-08,24663,NAS,NYI,30004161,Justus Annunen,goals,rf_qrf_goals,0.3.0,empirical_qrf,0.002197128661903237,0.0013460564454171814,0.0031339073918573083,,4935908734271347323,2026-01-08 19:03:47.123482
2026-01-08,24663,NAS,NYI,30004606,Nick Perbix,goals,rf_qrf_goals,0.3.0,empirical_qrf,0.012932220143345106,0.004364913613062464,0.022748123436196838,,4935908734271347323,2026-01-08 19:03:47.123482
2026-01-08,24663,NAS,NYI,30004716,Zack Hayes,goals,rf_qrf_goals,0.3.0,empirical_qrf,0.002197128661903237,0.0013460564454171814,0.0031339073918573083,,4935908734271347323,2026-01-08 19:03:47.123482
2026-01-08,24663,NAS,NYI,30004725,Ethan Haider,goals,rf_qrf_goals,0.3.0,empirical_qrf,0.002197128661903237,0.0013460564454171814,0.0031339073918573083,,4935908734271347323,2026-01-08 19:03:47.123482
2026-01-08,24663,NAS,NYI,30004748,Cole Smith,goals,rf_qrf_goals,0.3.0,empirical_qrf,0.0,0.0,0.0,,4935908734271347323,2026-01-08 19:03:47.123482
2026-01-08,24663,NAS,NYI,30004795,Justin Barron,goals,rf_qrf_goals,0.3.0,empirical_qrf,0.0,0.0,0.0,,4935908734271347323,2026-01-08 19:03:47.123482
2026-01-08,24663,NAS,NYI,30004822,Ozzy Wiesblatt,goals,rf_qrf_goals,0.3.0,empirical_qrf,0.0,0.0,0.0,,4935908734271347323,2026-01-08 19:03:47.123482
2026-01-08,24663,NAS,NYI,30004834,Luke Evangelista,goals,rf_qrf_goals,0.3.0,empirical_qrf,0.0071494708994708995,0.0,0.0,,4935908734271347323,2026-01-08 19:03:47.123482
2026-01-08,24663,NAS,NYI,30004907,Ryder Rolston,goals,rf_qrf_goals,0.3.0,empirical_qrf,0.03587642331769022,0.0,0.08695652173913043,,4935908734271347323,2026-01-08 19:03:47.123482
2026-01-08,24663,NAS,NYI,30004944,Magnus Chrona,goals,rf_qrf_goals,0.3.0,empirical_qrf,0.002197128661903237,0.0013460564454171814,0.0031339073918573083,,4935908734271347323,2026-01-08 19:03:47.123482
2026-01-08,24663,NAS,NYI,30004991,Fedor Svechkov,goals,rf_qrf_goals,0.3.0,empirical_qrf,0.0,0.0,0.0,,4935908734271347323,2026-01-08 19:03:47.123482
2026-01-08,24663,NAS,NYI,30005006,Zachary L'Heureux,goals,rf_qrf_goals,0.3.0,empirical_qrf,0.012832290159661166,0.0,0.028612836438923404,,4935908734271347323,2026-01-08 19:03:47.123482
2026-01-08,24663,NAS,NYI,30005190,Jack Matier,goals,rf_qrf_goals,0.3.0,empirical_qrf,0.002197128661903237,0.0013460564454171814,0.0031339073918573083,,4935908734271347323,2026-01-08 19:03:47.123482
2026-01-08,24663,NAS,NYI,30005233,Adam Wilsby,goals,rf_qrf_goals,0.3.0,empirical_qrf,0.0,0.0,0.0,,4935908734271347323,2026-01-08 19:03:47.123482
2026-01-08,24663,NAS,NYI,30005578,Nick Blankenburg,goals,rf_qrf_goals,0.3.0,empirical_qrf,0.0,0.0,0.0,,4935908734271347323,2026-01-08 19:03:47.123482
2026-01-08,24663,NAS,NYI,30005617,Joakim Kemell,goals,rf_qrf_goals,0.3.0,empirical_qrf,0.0,0.0,0.0,,4935908734271347323,2026-01-08 19:03:47.123482
2026-01-08,24663,NAS,NYI,30005648,Reid Schaefer,goals,rf_qrf_goals,0.3.0,empirical_qrf,0.0011111111111111111,0.0,0.0,,4935908734271347323,2026-01-08 19:03:47.123482
2026-01-08,24663,NAS,NYI,30005835,Chad Nychuk,goals,rf_qrf_goals,0.3.0,empirical_qrf,0.002197128661903237,0.0013460564454171814,0.0031339073918573083,,4935908734271347323,2026-01-08 19:03:47.123482
2026-01-08,24663,NAS,NYI,30005933,Austin Roest,goals,rf_qrf_goals,0.3.0,empirical_qrf,0.002197128661903237,0.0013460564454171814,0.0031339073918573083,,4935908734271347323,2026-01-08 19:03:47.123482
2026-01-08,24663,NAS,NYI,30006080,Tanner Molendyk,goals,rf_qrf_goals,0.3.0,empirical_qrf,0.006399930567951856,0.0,0.0158899923605806,,4935908734271347323,2026-01-08 19:03:47.123482
2026-01-08,24663,NAS,NYI,30006081,Matthew Wood,goals,rf_qrf_goals,0.3.0,empirical_qrf,0.006083333333333332,0.0,0.0,,4935908734271347323,2026-01-08 19:03:47.123482
2026-01-08,24663,NAS,NYI,30006089,David Edstrom,goals,rf_qrf_goals,0.3.0,empirical_qrf,0.0,0.0,0.0,,4935908734271347323,2026-01-08 19:03:47.123482
2026-01-08,24663,NAS,NYI,30006095,Andrew Gibson,goals,rf_qrf_goals,0.3.0,empirical_qrf,0.0,0.0,0.0,,4935908734271347323,2026-01-08 19:03:47.123482
2026-01-08,24663,NAS,NYI,30006107,Kalan Lind,goals,rf_qrf_goals,0.3.0,empirical_qrf,0.002197128661903237,0.0013460564454171814,0.0031339073918573083,,4935908734271347323,2026-01-08 19:03:47.123482
2026-01-08,24663,NAS,NYI,30006185,Joey Willis,goals,rf_qrf_goals,0.3.0,empirical_qrf,0.002197128661903237,0.0013460564454171814,0.0031339073918573083,,4935908734271347323,2026-01-08 19:03:47.123482
2026-01-08,24664,OTT,COL,30000012,Lars Eller,goals,rf_qrf_goals,0.3.0,empirical_qrf,0.0,0.0,0.0,,4935908734271347323,2026-01-08 19:03:47.123482
2026-01-08,24664,OTT,COL,30000052,Claude Giroux,goals,rf_qrf_goals,0.3.0,empirical_qrf,0.0,0.0,0.0,,4935908734271347323,2026-01-08 19:03:47.123482
2026-01-08,24664,OTT,COL,30000263,Nick Cousins,goals,rf_qrf_goals,0.3.0,empirical_qrf,0.0,0.0,0.0,,4935908734271347323,2026-01-08 19:03:47.123482
2026-01-08,24664,OTT,COL,30000397,David Perron,goals,rf_qrf_goals,0.3.0,empirical_qrf,0.021925925925925925,0.0,0.0,,4935908734271347323,2026-01-08 19:03:47.123482
2026-01-08,24664,OTT,COL,30000442,Scott Harrington,goals,rf_qrf_goals,0.3.0,empirical_qrf,0.002197128661903237,0.0013460564454171814,0.0031339073918573083,,4935908734271347323,2026-01-08 19:03:47.123482
2026-01-08,24664,OTT,COL,30000446,Thomas Chabot,goals,rf_qrf_goals,0.3.0,empirical_qrf,0.005027777777777778,0.0,0.0,,4935908734271347323,2026-01-08 19:03:47.123482
2026-01-08,24664,OTT,COL,30000580,Malcolm Subban,goals,rf_qrf_goals,0.3.0,empirical_qrf,0.002197128661903237,0.0013460564454171814,0.0031339073918573083,,4935908734271347323,2026-01-08 19:03:47.123482
2026-01-08,24664,OTT,COL,30000845,Nick Jensen,goals,rf_qrf_goals,0.3.0,empirical_qrf,0.030272496519761466,0.0,0.05714285714285714,,4935908734271347323,2026-01-08 19:03:47.123482
2026-01-08,24664,OTT,COL,30000959,Kurtis MacDermid,goals,rf_qrf_goals,0.3.0,empirical_qrf,0.002197128661903237,0.0013460564454171814,0.0031339073918573083,,4935908734271347323,2026-01-08 19:03:47.123482
2026-01-08,24664,OTT,COL,30001374,Linus Ullmark,goals,rf_qrf_goals,0.3.0,empirical_qrf,0.002197128661903237,0.0013460564454171814,0.0031339073918573083,,4935908734271347323,2026-01-08 19:03:47.123482
2026-01-08,24664,OTT,COL,30002630,Michael Amadio,goals,rf_qrf_goals,0.3.0,empirical_qrf,0.0,0.0,0.0,,4935908734271347323,2026-01-08 19:03:47.123482
2026-01-08,24664,OTT,COL,30002747,Hayden Hodgson,goals,rf_qrf_goals,0.3.0,empirical_qrf,0.006399930567951856,0.0,0.0158899923605806,,4935908734271347323,2026-01-08 19:03:47.123482
2026-01-08,24664,OTT,COL,30002850,Dennis Gilbert,goals,rf_qrf_goals,0.3.0,empirical_qrf,0.0059767071678692545,0.0,0.013333333333333334,,4935908734271347323,2026-01-08 19:03:47.123482
2026-01-08,24664,OTT,COL,30003215,Garrett Pilon,goals,rf_qrf_goals,0.3.0,empirical_qrf,0.002197128661903237,0.0013460564454171814,0.0031339073918573083,,4935908734271347323,2026-01-08 19:03:47.123482
2026-01-08,24664,OTT,COL,30003711,Fabian Zetterlund,goals,rf_qrf_goals,0.3.0,empirical_qrf,0.0009722222222222221,0.0,0.0,,4935908734271347323,2026-01-08 19:03:47.123482
2026-01-08,24664,OTT,COL,30003732,Cameron Crotty,goals,rf_qrf_goals,0.3.0,empirical_qrf,0.002197128661903237,0.0013460564454171814,0.0031339073918573083,,4935908734271347323,2026-01-08 19:03:47.123482
2026-01-08,24664,OTT,COL,30003896,Drake Batherson,goals,rf_qrf_goals,0.3.0,empirical_qrf,0.0,0.0,0.0,,4935908734271347323,2026-01-08 19:03:47.123482
2026-01-08,24664,OTT,COL,30004077,Brady Tkachuk,goals,rf_qrf_goals,0.3.0,empirical_qrf,0.0,0.0,0.0,,4935908734271347323,2026-01-08 19:03:47.123482
2026-01-08,24664,OTT,COL,30004143,Jan Jenik,goals,rf_qrf_goals,0.3.0,empirical_qrf,0.0,0.0,0.0,,4935908734271347323,2026-01-08 19:03:47.123482
2026-01-08,24664,OTT,COL,30004479,Dylan Cozens,goals,rf_qrf_goals,0.3.0,empirical_qrf,0.0,0.0,0.0,,4935908734271347323,2026-01-08 19:03:47.123482
2026-01-08,24664,OTT,COL,30004485,Lassi Thomson,goals,rf_qrf_goals,0.3.0,empirical_qrf,0.0,0.0,0.0,,4935908734271347323,2026-01-08 19:03:47.123482
2026-01-08,24664,OTT,COL,30004501,Arthur Kaliyev,goals,rf_qrf_goals,0.3.0,empirical_qrf,0.0,0.0,0.0,,4935908734271347323,2026-01-08 19:03:47.123482
2026-01-08,24664,OTT,COL,30004514,Shane Pinto,goals,rf_qrf_goals,0.3.0,empirical_qrf,0.040317460317460314,0.0,0.14523809523809578,,4935908734271347323,2026-01-08 19:03:47.123482
2026-01-08,24664,OTT,COL,30004521,Mads Sogaard,goals,rf_qrf_goals,0.3.0,empirical_qrf,0.002197128661903237,0.0013460564454171814,0.0031339073918573083,,4935908734271347323,2026-01-08 19:03:47.123482
2026-01-08,24664,OTT,COL,30004553,Jordan Spence,goals,rf_qrf_goals,0.3.0,empirical_qrf,0.0,0.0,0.0,,4935908734271347323,2026-01-08 19:03:47.123482
2026-01-08,24664,OTT,COL,30004596,Keean Washkurak,goals,rf_qrf_goals,0.3.0,empirical_qrf,0.0,0.0,0.0,,4935908734271347323,2026-01-08 19:03:47.123482
2026-01-08,24664,OTT,COL,30004773,Artem Zub,goals,rf_qrf_goals,0.3.0,empirical_qrf,0.01132864122701371,0.0,0.024691358024691357,,4935908734271347323,2026-01-08 19:03:47.123482
2026-01-08,24664,OTT,COL,30004802,Ridly Greig,goals,rf_qrf_goals,0.3.0,empirical_qrf,0.0,0.0,0.0,,4935908734271347323,2026-01-08 19:03:47.123482
2026-01-08,24664,OTT,COL,30004819,Jake Sanderson,goals,rf_qrf_goals,0.3.0,empirical_qrf,0.0,0.0,0.0,,4935908734271347323,2026-01-08 19:03:47.123482
2026-01-08,24664,OTT,COL,30004821,Tim Stützle,goals,rf_qrf_goals,0.3.0,empirical_qrf,0.056989417989417986,0.0,0.3333333333333333,,4935908734271347323,2026-01-08 19:03:47.123482
2026-01-08,24664,OTT,COL,30004852,Tyler Kleven,goals,rf_qrf_goals,0.3.0,empirical_qrf,0.0,0.0,0.0,,4935908734271347323,2026-01-08 19:03:47.123482
2026-01-08,24664,OTT,COL,30004860,Leevi Merilainen,goals,rf_qrf_goals,0.3.0,empirical_qrf,0.002197128661903237,0.0013460564454171814,0.0031339073918573083,,4935908734271347323,2026-01-08 19:03:47.123482
2026-01-08,24664,OTT,COL,30004908,Carter Savoie,goals,rf_qrf_goals,0.3.0,empirical_qrf,0.0,0.0,0.0,,4935908734271347323,2026-01-08 19:03:47.123482
2026-01-08,24664,OTT,COL,30004958,Olle Lycksell,goals,rf_qrf_goals,0.3.0,empirical_qrf,0.0,0.0,0.0,,4935908734271347323,2026-01-08 19:03:47.123482
2026-01-08,24664,OTT,COL,30005009,Xavier Bourgault,goals,rf_qrf_goals,0.3.0,empirical_qrf,0.0,0.0,0.0,,4935908734271347323,2026-01-08 19:03:47.123482
2026-01-08,24664,OTT,COL,30005175,Jake Chiasson,goals,rf_qrf_goals,0.3.0,empirical_qrf,0.002197128661903237,0.0013460564454171814,0.0031339073918573083,,4935908734271347323,2026-01-08 19:03:47.123482
2026-01-08,24664,OTT,COL,30005201,Sam Sedley,goals,rf_qrf_goals,0.3.0,empirical_qrf,0.002197128661903237,0.0013460564454171814,0.0031339073918573083,,4935908734271347323,2026-01-08 19:03:47.123482
2026-01-08,24664,OTT,COL,30005583,Wyatt Bongiovanni,goals,rf_qrf_goals,0.3.0,empirical_qrf,0.002197128661903237,0.0013460564454171814,0.0031339073918573083,,4935908734271347323,2026-01-08 19:03:47.123482
2026-01-08,24664,OTT,COL,30005717,Oskar Pettersson,goals,rf_qrf_goals,0.3.0,empirical_qrf,0.032112738559522506,0.0,0.07160278745644603,,4935908734271347323,2026-01-08 19:03:47.123482
2026-01-08,24664,OTT,COL,30005911,Stephen Halliday,goals,rf_qrf_goals,0.3.0,empirical_qrf,0.0,0.0,0.0,,4935908734271347323,2026-01-08 19:03:47.123482
2026-01-08,24664,OTT,COL,30005987,Mark Duarte,goals,rf_qrf_goals,0.3.0,empirical_qrf,0.002197128661903237,0.0013460564454171814,0.0031339073918573083,,4935908734271347323,2026-01-08 19:03:47.123482
2026-01-08,24664,OTT,COL,30006054,Nikolas Matinpalo,goals,rf_qrf_goals,0.3.0,empirical_qrf,0.0,0.0,0.0,,4935908734271347323,2026-01-08 19:03:47.123482
2026-01-08,24664,OTT,COL,30006240,Matthew Andonovski,goals,rf_qrf_goals,0.3.0,empirical_qrf,0.002197128661903237,0.0013460564454171814,0.0031339073918573083,,4935908734271347323,2026-01-08 19:03:47.123482
2026-01-08,24664,OTT,COL,30006395,Djibril Toure,goals,rf_qrf_goals,0.3.0,empirical_qrf,0.002197128661903237,0.0013460564454171814,0.0031339073918573083,,4935908734271347323,2026-01-08 19:03:47.123482
2026-01-08,24664,COL,OTT,30000127,Brent Burns,goals,rf_qrf_goals,0.3.0,empirical_qrf,0.0,0.0,0.0,,4935908734271347323,2026-01-08 19:03:47.123482
2026-01-08,24664,COL,OTT,30000200,Scott Wedgewood,goals,rf_qrf_goals,0.3.0,empirical_qrf,0.002197128661903237,0.0013460564454171814,0.0031339073918573083,,4935908734271347323,2026-01-08 19:03:47.123482
2026-01-08,24664,COL,OTT,30000318,Jayson Megna,goals,rf_qrf_goals,0.3.0,empirical_qrf,0.011235032107839856,0.0,0.02635087719298246,,4935908734271347323,2026-01-08 19:03:47.123482
2026-01-08,24664,COL,OTT,30000697,T.J. Tynan,goals,rf_qrf_goals,0.3.0,empirical_qrf,0.011235032107839856,0.0,0.02635087719298246,,4935908734271347323,2026-01-08 19:03:47.123482
2026-01-08,24664,COL,OTT,30000757,Valeri Nichushkin,goals,rf_qrf_goals,0.3.0,empirical_qrf,0.013819564694564695,0.0,0.0,,4935908734271347323,2026-01-08 19:03:47.123482
2026-01-08,24664,COL,OTT,30000879,Josh Manson,goals,rf_qrf_goals,0.3.0,empirical_qrf,0.0,0.0,0.0,,4935908734271347323,2026-01-08 19:03:47.123482
2026-01-08,24664,COL,OTT,30000903,Gabriel Landeskog,goals,rf_qrf_goals,0.3.0,empirical_qrf,0.015027777777777777,0.0,0.0,,4935908734271347323,2026-01-08 19:03:47.123482
2026-01-08,24664,COL,OTT,30000904,Nathan MacKinnon,goals,rf_qrf_goals,0.3.0,empirical_qrf,0.0,0.0,0.0,,4935908734271347323,2026-01-08 19:03:47.123482
2026-01-08,24664,COL,OTT,30001000,Brock Nelson,goals,rf_qrf_goals,0.3.0,empirical_qrf,0.0,0.0,0.0,,4935908734271347323,2026-01-08 19:03:47.123482
2026-01-08,24664,COL,OTT,30002512,Artturi Lehkonen,goals,rf_qrf_goals,0.3.0,empirical_qrf,0.015408730158730158,0.0,0.0,,4935908734271347323,2026-01-08 19:03:47.123482
2026-01-08,24664,COL,OTT,30002779,Mackenzie Blackwood,goals,rf_qrf_goals,0.3.0,empirical_qrf,0.002197128661903237,0.0013460564454171814,0.0031339073918573083,,4935908734271347323,2026-01-08 19:03:47.123482
2026-01-08,24664,COL,OTT,30003087,Devon Toews,goals,rf_qrf_goals,0.3.0,empirical_qrf,0.0,0.0,0.0,,4935908734271347323,2026-01-08 19:03:47.123482
2026-01-08,24664,COL,OTT,30003183,Samuel Girard,goals,rf_qrf_goals,0.3.0,empirical_qrf,0.0,0.0,0.0,,4935908734271347323,2026-01-08 19:03:47.123482
2026-01-08,24664,COL,OTT,30003488,Keaton Middleton,goals,rf_qrf_goals,0.3.0,empirical_qrf,0.011235032107839856,0.0,0.02635087719298246,,4935908734271347323,2026-01-08 19:03:47.123482
2026-01-08,24664,COL,OTT,30003646,Cale Makar,goals,rf_qrf_goals,0.3.0,empirical_qrf,0.0,0.0,0.0,,4935908734271347323,2026-01-08 19:03:47.123482
2026-01-08,24664,COL,OTT,30003654,Martin Necas,goals,rf_qrf_goals,0.3.0,empirical_qrf,0.0,0.0,0.0,,4935908734271347323,2026-01-08 19:03:47.123482
2026-01-08,24664,COL,OTT,30003772,Alex Barré-Boulet,goals,rf_qrf_goals,0.3.0,empirical_qrf,0.006399930567951856,0.0,0.0158899923605806,,4935908734271347323,2026-01-08 19:03:47.123482
2026-01-08,24664,COL,OTT,30003800,Jacob MacDonald,goals,rf_qrf_goals,0.3.0,empirical_qrf,0.002197128661903237,0.0013460564454171814,0.0031339073918573083,,4935908734271347323,2026-01-08 19:03:47.123482
2026-01-08,24664,COL,OTT,30003894,Kyle Keyser,goals,rf_qrf_goals,0.3.0,empirical_qrf,0.002197128661903237,0.0013460564454171814,0.0031339073918573083,,4935908734271347323,2026-01-08 19:03:47.123482
2026-01-08,24664,COL,OTT,30003898,Parker Kelly,goals,rf_qrf_goals,0.3.0,empirical_qrf,0.012932220143345106,0.004364913613062464,0.022748123436196838,,4935908734271347323,2026-01-08 19:03:47.123482
2026-01-08,24664,COL,OTT,30003947,Ross Colton,goals,rf_qrf_goals,0.3.0,empirical_qrf,0.0,0.0,0.0,,4935908734271347323,2026-01-08 19:03:47.123482
2026-01-08,24664,COL,OTT,30004026,Victor Olofsson,goals,rf_qrf_goals,0.3.0,empirical_qrf,0.0,0.0,0.0,,4935908734271347323,2026-01-08 19:03:47.123482
2026-01-08,24664,COL,OTT,30004119,Jake Wise,goals,rf_qrf_goals,0.3.0,empirical_qrf,0.002197128661903237,0.0013460564454171814,0.0031339073918573083,,4935908734271347323,2026-01-08 19:03:47.123482
2026-01-08,24664,COL,OTT,30004121,Jack Drury,goals,rf_qrf_goals,0.3.0,empirical_qrf,0.0,0.0,0.0,,4935908734271347323,2026-01-08 19:03:47.123482
2026-01-08,24664,COL,OTT,30004191,Logan O'Connor,goals,rf_qrf_goals,0.3.0,empirical_qrf,0.0,0.0,0.0,,4935908734271347323,2026-01-08 19:03:47.123482
2026-01-08,24664,COL,OTT,30004393,Tye Felhaber,goals,rf_qrf_goals,0.3.0,empirical_qrf,0.006399930567951856,0.0,0.0158899923605806,,4935908734271347323,2026-01-08 19:03:47.123482
2026-01-08,24664,COL,OTT,30004461,Joel Kiviranta,goals,rf_qrf_goals,0.3.0,empirical_qrf,0.0,0.0,0.0,,4935908734271347323,2026-01-08 19:03:47.123482
2026-01-08,24664,COL,OTT,30004557,Ronnie Attard,goals,rf_qrf_goals,0.3.0,empirical_qrf,0.002197128661903237,0.0013460564454171814,0.0031339073918573083,,4935908734271347323,2026-01-08 19:03:47.123482
2026-01-08,24664,COL,OTT,30004569,Matthew Stienburg,goals,rf_qrf_goals,0.3.0,empirical_qrf,0.006399930567951856,0.0,0.0158899923605806,,4935908734271347323,2026-01-08 19:03:47.123482
2026-01-08,24664,COL,OTT,30004668,Trent Miner,goals,rf_qrf_goals,0.3.0,empirical_qrf,0.002197128661903237,0.0013460564454171814,0.0031339073918573083,,4935908734271347323,2026-01-08 19:03:47.123482
2026-01-08,24664,COL,OTT,30004757,Jack Ahcan,goals,rf_qrf_goals,0.3.0,empirical_qrf,0.006399930567951856,0.0,0.0158899923605806,,4935908734271347323,2026-01-08 19:03:47.123482
2026-01-08,24664,COL,OTT,30004842,Danil Gushchin,goals,rf_qrf_goals,0.3.0,empirical_qrf,0.0,0.0,0.0,,4935908734271347323,2026-01-08 19:03:47.123482
2026-01-08,24664,COL,OTT,30004938,Ilya Solovyov,goals,rf_qrf_goals,0.3.0,empirical_qrf,0.012832290159661166,0.0,0.028612836438923404,,4935908734271347323,2026-01-08 19:03:47.123482
2026-01-08,24664,COL,OTT,30005213,Tyler Inamoto,goals,rf_qrf_goals,0.3.0,empirical_qrf,0.0,0.0,0.0,,4935908734271347323,2026-01-08 19:03:47.123482
2026-01-08,24664,COL,OTT,30005391,Tristen Nielsen,goals,rf_qrf_goals,0.3.0,empirical_qrf,0.0,0.0,0.0,,4935908734271347323,2026-01-08 19:03:47.123482
2026-01-08,24664,COL,OTT,30005470,Zakhar Bardakov,goals,rf_qrf_goals,0.3.0,empirical_qrf,0.05969361911960191,0.0,0.14285714285714285,,4935908734271347323,2026-01-08 19:03:47.123482
2026-01-08,24664,COL,OTT,30005581,Wyatt Aamodt,goals,rf_qrf_goals,0.3.0,empirical_qrf,0.0,0.0,0.0,,4935908734271347323,2026-01-08 19:03:47.123482
2026-01-08,24664,COL,OTT,30005777,Ivan Ivan,goals,rf_qrf_goals,0.3.0,empirical_qrf,0.0059767071678692545,0.0,0.013333333333333334,,4935908734271347323,2026-01-08 19:03:47.123482
2026-01-08,24664,COL,OTT,30006033,Jason Polin,goals,rf_qrf_goals,0.3.0,empirical_qrf,0.0,0.0,0.0,,4935908734271347323,2026-01-08 19:03:47.123482
2026-01-08,24664,COL,OTT,30006036,Sam Malinski,goals,rf_qrf_goals,0.3.0,empirical_qrf,0.0,0.0,0.0,,4935908734271347323,2026-01-08 19:03:47.123482
2026-01-08,24664,COL,OTT,30006102,Gavin Brindley,goals,rf_qrf_goals,0.3.0,empirical_qrf,0.0,0.0,0.0,,4935908734271347323,2026-01-08 19:03:47.123482
2026-01-08,24664,COL,OTT,30006255,Maros Jedlicka,goals,rf_qrf_goals,0.3.0,empirical_qrf,0.002450928728839414,0.0,0.0050903567533883785,,4935908734271347323,2026-01-08 19:03:47.123482
2026-01-08,24664,COL,OTT,30006377,Noah Ganske,goals,rf_qrf_goals,0.3.0,empirical_qrf,0.002197128661903237,0.0013460564454171814,0.0031339073918573083,,4935908734271347323,2026-01-08 19:03:47.123482
2026-01-08,24664,COL,OTT,30006385,Saige Weinstein,goals,rf_qrf_goals,0.3.0,empirical_qrf,0.002197128661903237,0.0013460564454171814,0.0031339073918573083,,4935908734271347323,2026-01-08 19:03:47.123482
2026-01-08,24664,COL,OTT,30006387,Neil Shea,goals,rf_qrf_goals,0.3.0,empirical_qrf,0.002197128661903237,0.0013460564454171814,0.0031339073918573083,,4935908734271347323,2026-01-08 19:03:47.123482
2026-01-08,24665,MIN,SEA,30000257,Yakov Trenin,goals,rf_qrf_goals,0.3.0,empirical_qrf,0.026657193048497393,0.0,0.0,,4935908734271347323,2026-01-08 19:03:47.123482
2026-01-08,24665,MIN,SEA,30000266,Nicolas Aube-Kubel,goals,rf_qrf_goals,0.3.0,empirical_qrf,0.0,0.0,0.0,,4935908734271347323,2026-01-08 19:03:47.123482
2026-01-08,24665,MIN,SEA,30000499,Marcus Foligno,goals,rf_qrf_goals,0.3.0,empirical_qrf,0.002013888888888889,0.0,0.0,,4935908734271347323,2026-01-08 19:03:47.123482
2026-01-08,24665,MIN,SEA,30000517,Jared Spurgeon,goals,rf_qrf_goals,0.3.0,empirical_qrf,0.0,0.0,0.0,,4935908734271347323,2026-01-08 19:03:47.123482
2026-01-08,24665,MIN,SEA,30000524,Jonas Brodin,goals,rf_qrf_goals,0.3.0,empirical_qrf,0.01132864122701371,0.0,0.024691358024691357,,4935908734271347323,2026-01-08 19:03:47.123482
2026-01-08,24665,MIN,SEA,30000797,Vladimir Tarasenko,goals,rf_qrf_goals,0.3.0,empirical_qrf,0.0,0.0,0.0,,4935908734271347323,2026-01-08 19:03:47.123482
2026-01-08,24665,MIN,SEA,30001012,Ryan Hartman,goals,rf_qrf_goals,0.3.0,empirical_qrf,0.0075,0.0,0.0,,4935908734271347323,2026-01-08 19:03:47.123482
2026-01-08,24665,MIN,SEA,30001013,Vinnie Hinostroza,goals,rf_qrf_goals,0.3.0,empirical_qrf,0.0,0.0,0.0,,4935908734271347323,2026-01-08 19:03:47.123482
2026-01-08,24665,MIN,SEA,30001087,Mats Zuccarello,goals,rf_qrf_goals,0.3.0,empirical_qrf,0.0008518518518518518,0.0,0.0,,4935908734271347323,2026-01-08 19:03:47.123482
2026-01-08,24665,MIN,SEA,30001192,Tyler Pitlick,goals,rf_qrf_goals,0.3.0,empirical_qrf,0.0,0.0,0.0,,4935908734271347323,2026-01-08 19:03:47.123482
2026-01-08,24665,MIN,SEA,30001309,Marcus Johansson,goals,rf_qrf_goals,0.3.0,empirical_qrf,0.0,0.0,0.0,,4935908734271347323,2026-01-08 19:03:47.123482
2026-01-08,24665,MIN,SEA,30001355,Zach Bogosian,goals,rf_qrf_goals,0.3.0,empirical_qrf,0.012932220143345106,0.004364913613062464,0.022748123436196838,,4935908734271347323,2026-01-08 19:03:47.123482
2026-01-08,24665,MIN,SEA,30002719,Jacob Middleton,goals,rf_qrf_goals,0.3.0,empirical_qrf,0.0008333333333333334,0.0,0.0,,4935908734271347323,2026-01-08 19:03:47.123482
2026-01-08,24665,MIN,SEA,30002820,Joel Eriksson Ek,goals,rf_qrf_goals,0.3.0,empirical_qrf,0.0,0.0,0.0,,4935908734271347323,2026-01-08 19:03:47.123482
2026-01-08,24665,MIN,SEA,30003173,Filip Gustavsson,goals,rf_qrf_goals,0.3.0,empirical_qrf,0.002197128661903237,0.0013460564454171814,0.0031339073918573083,,4935908734271347323,2026-01-08 19:03:47.123482
2026-01-08,24665,MIN,SEA,30003611,Cal Petersen,goals,rf_qrf_goals,0.3.0,empirical_qrf,0.002197128661903237,0.0013460564454171814,0.0031339073918573083,,4935908734271347323,2026-01-08 19:03:47.123482
2026-01-08,24665,MIN,SEA,30003774,Ben Jones,goals,rf_qrf_goals,0.3.0,empirical_qrf,0.006399930567951856,0.0,0.0158899923605806,,4935908734271347323,2026-01-08 19:03:47.123482
2026-01-08,24665,MIN,SEA,30004080,Quinn Hughes,goals,rf_qrf_goals,0.3.0,empirical_qrf,0.0005555555555555556,0.0,0.0,,4935908734271347323,2026-01-08 19:03:47.123482
2026-01-08,24665,MIN,SEA,30004196,Ben Gleason,goals,rf_qrf_goals,0.3.0,empirical_qrf,0.059036935286935294,0.0,0.25,,4935908734271347323,2026-01-08 19:03:47.123482
2026-01-08,24665,MIN,SEA,30004417,Nico Sturm,goals,rf_qrf_goals,0.3.0,empirical_qrf,0.002450928728839414,0.0,0.0050903567533883785,,4935908734271347323,2026-01-08 19:03:47.123482
2026-01-08,24665,MIN,SEA,30004480,Matt Boldy,goals,rf_qrf_goals,0.3.0,empirical_qrf,0.0,0.0,0.0,,4935908734271347323,2026-01-08 19:03:47.123482
2026-01-08,24665,MIN,SEA,30004784,Kirill Kaprizov,goals,rf_qrf_goals,0.3.0,empirical_qrf,0.0,0.0,0.0,,4935908734271347323,2026-01-08 19:03:47.123482
2026-01-08,24665,MIN,SEA,30004835,Brock Faber,goals,rf_qrf_goals,0.3.0,empirical_qrf,0.0,0.0,0.0,,4935908734271347323,2026-01-08 19:03:47.123482
2026-01-08,24665,MIN,SEA,30004847,Daemon Hunt,goals,rf_qrf_goals,0.3.0,empirical_qrf,0.030272496519761466,0.0,0.05714285714285714,,4935908734271347323,2026-01-08 19:03:47.123482
2026-01-08,24665,MIN,SEA,30004935,Matt Kiersted,goals,rf_qrf_goals,0.3.0,empirical_qrf,0.0,0.0,0.0,,4935908734271347323,2026-01-08 19:03:47.123482
2026-01-08,24665,MIN,SEA,30004970,Wyatt Newpower,goals,rf_qrf_goals,0.3.0,empirical_qrf,0.00625,0.0,0.0,,4935908734271347323,2026-01-08 19:03:47.123482
2026-01-08,24665,MIN,SEA,30005005,Oskar Olausson,goals,rf_qrf_goals,0.3.0,empirical_qrf,0.0,0.0,0.0,,4935908734271347323,2026-01-08 19:03:47.123482
2026-01-08,24665,MIN,SEA,30005007,Carson Lambos,goals,rf_qrf_goals,0.3.0,empirical_qrf,0.0,0.0,0.0,,4935908734271347323,2026-01-08 19:03:47.123482
2026-01-08,24665,MIN,SEA,30005008,Jesper Wallstedt,goals,rf_qrf_goals,0.3.0,empirical_qrf,0.002197128661903237,0.0013460564454171814,0.0031339073918573083,,4935908734271347323,2026-01-08 19:03:47.123482
2026-01-08,24665,MIN,SEA,30005094,Cameron Butler,goals,rf_qrf_goals,0.3.0,empirical_qrf,0.0,0.0,0.0,,4935908734271347323,2026-01-08 19:03:47.123482
2026-01-08,24665,MIN,SEA,30005102,Caedan Bankier,goals,rf_qrf_goals,0.3.0,empirical_qrf,0.0,0.0,0.0,,4935908734271347323,2026-01-08 19:03:47.123482
2026-01-08,24665,MIN,SEA,30005274,Louka Henault,goals,rf_qrf_goals,0.3.0,empirical_qrf,0.002197128661903237,0.0013460564454171814,0.0031339073918573083,,4935908734271347323,2026-01-08 19:03:47.123482
2026-01-08,24665,MIN,SEA,30005361,Benjamin Brinkman,goals,rf_qrf_goals,0.3.0,empirical_qrf,0.002197128661903237,0.0013460564454171814,0.0031339073918573083,,4935908734271347323,2026-01-08 19:03:47.123482
2026-01-08,24665,MIN,SEA,30005612,David Jiricek,goals,rf_qrf_goals,0.3.0,empirical_qrf,0.0,0.0,0.0,,4935908734271347323,2026-01-08 19:03:47.123482
2026-01-08,24665,MIN,SEA,30005627,Danila Yurov,goals,rf_qrf_goals,0.3.0,empirical_qrf,0.0,0.0,0.0,,4935908734271347323,2026-01-08 19:03:47.123482
2026-01-08,24665,MIN,SEA,30005669,Hunter Haight,goals,rf_qrf_goals,0.3.0,empirical_qrf,0.007164309764309763,0.0,0.0,,4935908734271347323,2026-01-08 19:03:47.123482
2026-01-08,24665,MIN,SEA,30005845,David Spacek,goals,rf_qrf_goals,0.3.0,empirical_qrf,0.012832290159661166,0.0,0.028612836438923404,,4935908734271347323,2026-01-08 19:03:47.123482
2026-01-08,24665,MIN,SEA,30006109,Riley Heidt,goals,rf_qrf_goals,0.3.0,empirical_qrf,0.011235032107839856,0.0,0.02635087719298246,,4935908734271347323,2026-01-08 19:03:47.123482
2026-01-08,24665,MIN,SEA,30006110,Rasmus Kumpulainen,goals,rf_qrf_goals,0.3.0,empirical_qrf,0.002197128661903237,0.0013460564454171814,0.0031339073918573083,,4935908734271347323,2026-01-08 19:03:47.123482
2026-01-08,24665,MIN,SEA,30006308,Bradley Marek,goals,rf_qrf_goals,0.3.0,empirical_qrf,0.002197128661903237,0.0013460564454171814,0.0031339073918573083,,4935908734271347323,2026-01-08 19:03:47.123482
2026-01-08,24665,SEA,MIN,30000303,Adam Larsson,goals,rf_qrf_goals,0.3.0,empirical_qrf,0.0,0.0,0.0,,4935908734271347323,2026-01-08 19:03:47.123482
2026-01-08,24665,SEA,MIN,30000460,Max McCormick,goals,rf_qrf_goals,0.3.0,empirical_qrf,0.0,0.0,0.0,,4935908734271347323,2026-01-08 19:03:47.123482
2026-01-08,24665,SEA,MIN,30000539,Jordan Eberle,goals,rf_qrf_goals,0.3.0,empirical_qrf,0.0008333333333333334,0.0,0.0,,4935908734271347323,2026-01-08 19:03:47.123482
2026-01-08,24665,SEA,MIN,30000577,Philipp Grubauer,goals,rf_qrf_goals,0.3.0,empirical_qrf,0.002197128661903237,0.0013460564454171814,0.0031339073918573083,,4935908734271347323,2026-01-08 19:03:47.123482
2026-01-08,24665,SEA,MIN,30000596,Chandler Stephenson,goals,rf_qrf_goals,0.3.0,empirical_qrf,0.0,0.0,0.0,,4935908734271347323,2026-01-08 19:03:47.123482
2026-01-08,24665,SEA,MIN,30000629,Matt Murray,goals,rf_qrf_goals,0.3.0,empirical_qrf,0.002197128661903237,0.0013460564454171814,0.0031339073918573083,,4935908734271347323,2026-01-08 19:03:47.123482
2026-01-08,24665,SEA,MIN,30000674,Vince Dunn,goals,rf_qrf_goals,0.3.0,empirical_qrf,0.016158730158730157,0.0,0.0,,4935908734271347323,2026-01-08 19:03:47.123482
2026-01-08,24665,SEA,MIN,30000758,Jamie Oleksiak,goals,rf_qrf_goals,0.3.0,empirical_qrf,0.012832290159661166,0.0,0.028612836438923404,,4935908734271347323,2026-01-08 19:03:47.123482
2026-01-08,24665,SEA,MIN,30000794,Jaden Schwartz,goals,rf_qrf_goals,0.3.0,empirical_qrf,0.0,0.0,0.0,,4935908734271347323,2026-01-08 19:03:47.123482
2026-01-08,24665,SEA,MIN,30000812,Gustav Olofsson,goals,rf_qrf_goals,0.3.0,empirical_qrf,0.002197128661903237,0.0013460564454171814,0.0031339073918573083,,4935908734271347323,2026-01-08 19:03:47.123482
2026-01-08,24665,SEA,MIN,30000882,Brandon Montour,goals,rf_qrf_goals,0.3.0,empirical_qrf,0.0,0.0,0.0,,4935908734271347323,2026-01-08 19:03:47.123482
2026-01-08,24665,SEA,MIN,30000929,Jared McCann,goals,rf_qrf_goals,0.3.0,empirical_qrf,0.0,0.0,0.0,,4935908734271347323,2026-01-08 19:03:47.123482
2026-01-08,24665,SEA,MIN,30002529,John Hayden,goals,rf_qrf_goals,0.3.0,empirical_qrf,0.0,0.0,0.0,,4935908734271347323,2026-01-08 19:03:47.123482
2026-01-08,24665,SEA,MIN,30002711,Frederick Gaudreau,goals,rf_qrf_goals,0.3.0,empirical_qrf,0.0,0.0,0.0,,4935908734271347323,2026-01-08 19:03:47.123482
2026-01-08,24665,SEA,MIN,30003184,Ryan Lindgren,goals,rf_qrf_goals,0.3.0,empirical_qrf,0.0,0.0,0.0,,4935908734271347323,2026-01-08 19:03:47.123482
2026-01-08,24665,SEA,MIN,30003188,Jack LaFontaine,goals,rf_qrf_goals,0.3.0,empirical_qrf,0.0,0.0,0.0,,4935908734271347323,2026-01-08 19:03:47.123482
2026-01-08,24665,SEA,MIN,30003214,Joshua Mahura,goals,rf_qrf_goals,0.3.0,empirical_qrf,0.0,0.0,0.0,,4935908734271347323,2026-01-08 19:03:47.123482
2026-01-08,24665,SEA,MIN,30003660,Eeli Tolvanen,goals,rf_qrf_goals,0.3.0,empirical_qrf,0.0,0.0,0.0,,4935908734271347323,2026-01-08 19:03:47.123482
2026-01-08,24665,SEA,MIN,30003703,Cale Fleury,goals,rf_qrf_goals,0.3.0,empirical_qrf,0.0,0.0,0.0,,4935908734271347323,2026-01-08 19:03:47.123482
2026-01-08,24665,SEA,MIN,30004419,Joey Daccord,goals,rf_qrf_goals,0.3.0,empirical_qrf,0.002197128661903237,0.0013460564454171814,0.0031339073918573083,,4935908734271347323,2026-01-08 19:03:47.123482
2026-01-08,24665,SEA,MIN,30004471,Kaapo Kakko,goals,rf_qrf_goals,0.3.0,empirical_qrf,0.0,0.0,0.0,,4935908734271347323,2026-01-08 19:03:47.123482
2026-01-08,24665,SEA,MIN,30005040,Matty Beniers,goals,rf_qrf_goals,0.3.0,empirical_qrf,0.0,0.0,0.0,,4935908734271347323,2026-01-08 19:03:47.123482
2026-01-08,24665,SEA,MIN,30005042,Ryker Evans,goals,rf_qrf_goals,0.3.0,empirical_qrf,0.006399930567951856,0.0,0.0158899923605806,,4935908734271347323,2026-01-08 19:03:47.123482
2026-01-08,24665,SEA,MIN,30005239,Jakov Novak,goals,rf_qrf_goals,0.3.0,empirical_qrf,0.002197128661903237,0.0013460564454171814,0.0031339073918573083,,4935908734271347323,2026-01-08 19:03:47.123482
2026-01-08,24665,SEA,MIN,30005333,Jacob Melanson,goals,rf_qrf_goals,0.3.0,empirical_qrf,0.05706928863854896,0.0,0.14285714285714285,,4935908734271347323,2026-01-08 19:03:47.123482
2026-01-08,24665,SEA,MIN,30005336,Tye Kartye,goals,rf_qrf_goals,0.3.0,empirical_qrf,0.0,0.0,0.0,,4935908734271347323,2026-01-08 19:03:47.123482
2026-01-08,24665,SEA,MIN,30005337,Ryan Winterton,goals,rf_qrf_goals,0.3.0,empirical_qrf,0.021925925925925925,0.0,0.0,,4935908734271347323,2026-01-08 19:03:47.123482
2026-01-08,24665,SEA,MIN,30005447,Ville Ottavainen,goals,rf_qrf_goals,0.3.0,empirical_qrf,0.0,0.0,0.0,,4935908734271347323,2026-01-08 19:03:47.123482
2026-01-08,24665,SEA,MIN,30005503,Logan Morrison,goals,rf_qrf_goals,0.3.0,empirical_qrf,0.006447330447330446,0.0,0.0,,4935908734271347323,2026-01-08 19:03:47.123482
2026-01-08,24665,SEA,MIN,30005582,Ben Meyers,goals,rf_qrf_goals,0.3.0,empirical_qrf,0.0026018518518518513,0.0,0.0,,4935908734271347323,2026-01-08 19:03:47.123482
2026-01-08,24665,SEA,MIN,30005593,Peetro Seppala,goals,rf_qrf_goals,0.3.0,empirical_qrf,0.002197128661903237,0.0013460564454171814,0.0031339073918573083,,4935908734271347323,2026-01-08 19:03:47.123482
2026-01-08,24665,SEA,MIN,30005616,Shane Wright,goals,rf_qrf_goals,0.3.0,empirical_qrf,0.005557208042502161,0.0,0.0,,4935908734271347323,2026-01-08 19:03:47.123482
2026-01-08,24665,SEA,MIN,30005680,David Goyette,goals,rf_qrf_goals,0.3.0,empirical_qrf,0.0,0.0,0.0,,4935908734271347323,2026-01-08 19:03:47.123482
2026-01-08,24665,SEA,MIN,30005681,Jagger Firkus,goals,rf_qrf_goals,0.3.0,empirical_qrf,0.0,0.0,0.0,,4935908734271347323,2026-01-08 19:03:47.123482
2026-01-08,24665,SEA,MIN,30005682,Jani Nyman,goals,rf_qrf_goals,0.3.0,empirical_qrf,0.027555555555555552,0.0,0.0,,4935908734271347323,2026-01-08 19:03:47.123482
2026-01-08,24665,SEA,MIN,30005683,Niklas Kokko,goals,rf_qrf_goals,0.3.0,empirical_qrf,0.002197128661903237,0.0013460564454171814,0.0031339073918573083,,4935908734271347323,2026-01-08 19:03:47.123482
2026-01-08,24665,SEA,MIN,30005757,Ty Nelson,goals,rf_qrf_goals,0.3.0,empirical_qrf,0.002197128661903237,0.0013460564454171814,0.0031339073918573083,,4935908734271347323,2026-01-08 19:03:47.123482
2026-01-08,24665,SEA,MIN,30006087,Eduard Sale,goals,rf_qrf_goals,0.3.0,empirical_qrf,0.0,0.0,0.0,,4935908734271347323,2026-01-08 19:03:47.123482
2026-01-08,24665,SEA,MIN,30006119,Lukas Dragicevic,goals,rf_qrf_goals,0.3.0,empirical_qrf,0.0,0.0,0.0,,4935908734271347323,2026-01-08 19:03:47.123482
2026-01-08,24665,SEA,MIN,30006121,Carson Rehkopf,goals,rf_qrf_goals,0.3.0,empirical_qrf,0.0,0.0,0.0,,4935908734271347323,2026-01-08 19:03:47.123482
2026-01-08,24665,SEA,MIN,30006125,Caden Price,goals,rf_qrf_goals,0.3.0,empirical_qrf,0.012932220143345106,0.004364913613062464,0.022748123436196838,,4935908734271347323,2026-01-08 19:03:47.123482
2026-01-08,24665,SEA,MIN,30006197,Andrei Loshko,goals,rf_qrf_goals,0.3.0,empirical_qrf,0.002197128661903237,0.0013460564454171814,0.0031339073918573083,,4935908734271347323,2026-01-08 19:03:47.123482
2026-01-08,24665,SEA,MIN,30006437,Kaden Hammell,goals,rf_qrf_goals,0.3.0,empirical_qrf,0.002450928728839414,0.0,0.0050903567533883785,,4935908734271347323,2026-01-08 19:03:47.123482
2026-01-08,24665,SEA,MIN,30006499,Berkly Catton,goals,rf_qrf_goals,0.3.0,empirical_qrf,0.05969361911960191,0.0,0.14285714285714285,,4935908734271347323,2026-01-08 19:03:47.123482
2026-01-08,24666,CBJ,VEG,30000115,Sean Monahan,goals,rf_qrf_goals,0.3.0,empirical_qrf,0.0,0.0,0.0,,4935908734271347323,2026-01-08 19:03:47.123482
2026-01-08,24666,CBJ,VEG,30000207,Damon Severson,goals,rf_qrf_goals,0.3.0,empirical_qrf,0.0,0.0,0.0,,4935908734271347323,2026-01-08 19:03:47.123482
2026-01-08,24666,CBJ,VEG,30000233,Erik Gudbranson,goals,rf_qrf_goals,0.3.0,empirical_qrf,0.0,0.0,0.0,,4935908734271347323,2026-01-08 19:03:47.123482
2026-01-08,24666,CBJ,VEG,30000623,Ivan Provorov,goals,rf_qrf_goals,0.3.0,empirical_qrf,0.0,0.0,0.0,,4935908734271347323,2026-01-08 19:03:47.123482
2026-01-08,24666,CBJ,VEG,30000778,Boone Jenner,goals,rf_qrf_goals,0.3.0,empirical_qrf,0.0,0.0,0.0,,4935908734271347323,2026-01-08 19:03:47.123482
2026-01-08,24666,CBJ,VEG,30000805,Charlie Coyle,goals,rf_qrf_goals,0.3.0,empirical_qrf,0.0,0.0,0.0,,4935908734271347323,2026-01-08 19:03:47.123482
2026-01-08,24666,CBJ,VEG,30000855,Brendan Smith,goals,rf_qrf_goals,0.3.0,empirical_qrf,0.011235032107839856,0.0,0.02635087719298246,,4935908734271347323,2026-01-08 19:03:47.123482
2026-01-08,24666,CBJ,VEG,30001196,Brendan Gaunce,goals,rf_qrf_goals,0.3.0,empirical_qrf,0.0,0.0,0.0,,4935908734271347323,2026-01-08 19:03:47.123482
2026-01-08,24666,CBJ,VEG,30002223,Mason Marchment,goals,rf_qrf_goals,0.3.0,empirical_qrf,0.0,0.0,0.0,,4935908734271347323,2026-01-08 19:03:47.123482
2026-01-08,24666,CBJ,VEG,30002554,Hudson Fasching,goals,rf_qrf_goals,0.3.0,empirical_qrf,0.0,0.0,0.0,,4935908734271347323,2026-01-08 19:03:47.123482
2026-01-08,24666,CBJ,VEG,30002616,Elvis Merzlikins,goals,rf_qrf_goals,0.3.0,empirical_qrf,0.002197128661903237,0.0013460564454171814,0.0031339073918573083,,4935908734271347323,2026-01-08 19:03:47.123482
2026-01-08,24666,CBJ,VEG,30002770,Zach Werenski,goals,rf_qrf_goals,0.3.0,empirical_qrf,0.009583333333333333,0.0,0.0,,4935908734271347323,2026-01-08 19:03:47.123482
2026-01-08,24666,CBJ,VEG,30003079,Miles Wood,goals,rf_qrf_goals,0.3.0,empirical_qrf,0.0,0.0,0.0,,4935908734271347323,2026-01-08 19:03:47.123482
2026-01-08,24666,CBJ,VEG,30003146,Dante Fabbro,goals,rf_qrf_goals,0.3.0,empirical_qrf,0.030333333333333334,0.0,0.0,,4935908734271347323,2026-01-08 19:03:47.123482
2026-01-08,24666,CBJ,VEG,30003267,Mathieu Olivier,goals,rf_qrf_goals,0.3.0,empirical_qrf,0.040317460317460314,0.0,0.14523809523809578,,4935908734271347323,2026-01-08 19:03:47.123482
2026-01-08,24666,CBJ,VEG,30003269,Zach Sawchenko,goals,rf_qrf_goals,0.3.0,empirical_qrf,0.002197128661903237,0.0013460564454171814,0.0031339073918573083,,4935908734271347323,2026-01-08 19:03:47.123482
2026-01-08,24666,CBJ,VEG,30003549,Zachary Aston-Reese,goals,rf_qrf_goals,0.3.0,empirical_qrf,0.002450928728839414,0.0,0.0050903567533883785,,4935908734271347323,2026-01-08 19:03:47.123482
2026-01-08,24666,CBJ,VEG,30004097,Isac Lundestrom,goals,rf_qrf_goals,0.3.0,empirical_qrf,0.006399930567951856,0.0,0.0158899923605806,,4935908734271347323,2026-01-08 19:03:47.123482
2026-01-08,24666,CBJ,VEG,30004135,Kirill Marchenko,goals,rf_qrf_goals,0.3.0,empirical_qrf,0.0,0.0,0.0,,4935908734271347323,2026-01-08 19:03:47.123482
2026-01-08,24666,CBJ,VEG,30004172,Curtis Hall,goals,rf_qrf_goals,0.3.0,empirical_qrf,0.002197128661903237,0.0013460564454171814,0.0031339073918573083,,4935908734271347323,2026-01-08 19:03:47.123482
2026-01-08,24666,CBJ,VEG,30004306,Jake Christiansen,goals,rf_qrf_goals,0.3.0,empirical_qrf,0.0,0.0,0.0,,4935908734271347323,2026-01-08 19:03:47.123482
2026-01-08,24666,CBJ,VEG,30004607,Dmitri Voronkov,goals,rf_qrf_goals,0.3.0,empirical_qrf,0.0,0.0,0.0,,4935908734271347323,2026-01-08 19:03:47.123482
2026-01-08,24666,CBJ,VEG,30004988,Cole Sillinger,goals,rf_qrf_goals,0.3.0,empirical_qrf,0.0008518518518518518,0.0,0.0,,4935908734271347323,2026-01-08 19:03:47.123482
2026-01-08,24666,CBJ,VEG,30004989,Kent Johnson,goals,rf_qrf_goals,0.3.0,empirical_qrf,0.002013888888888889,0.0,0.0,,4935908734271347323,2026-01-08 19:03:47.123482
2026-01-08,24666,CBJ,VEG,30005002,Corson Ceulemans,goals,rf_qrf_goals,0.3.0,empirical_qrf,0.0,0.0,0.0,,4935908734271347323,2026-01-08 19:03:47.123482
2026-01-08,24666,CBJ,VEG,30005049,Jet Greaves,goals,rf_qrf_goals,0.3.0,empirical_qrf,0.002197128661903237,0.0013460564454171814,0.0031339073918573083,,4935908734271347323,2026-01-08 19:03:47.123482
2026-01-08,24666,CBJ,VEG,30005050,Stanislov Svozil,goals,rf_qrf_goals,0.3.0,empirical_qrf,0.06511463451934298,0.0,0.15038461538461548,,4935908734271347323,2026-01-08 19:03:47.123482
2026-01-08,24666,CBJ,VEG,30005053,Ole Julian Bjorgvik-Holm,goals,rf_qrf_goals,0.3.0,empirical_qrf,0.002197128661903237,0.0013460564454171814,0.0031339073918573083,,4935908734271347323,2026-01-08 19:03:47.123482
2026-01-08,24666,CBJ,VEG,30005088,James Malatesta,goals,rf_qrf_goals,0.3.0,empirical_qrf,0.0,0.0,0.0,,4935908734271347323,2026-01-08 19:03:47.123482
2026-01-08,24666,CBJ,VEG,30005290,Max McCue,goals,rf_qrf_goals,0.3.0,empirical_qrf,0.006399930567951856,0.0,0.0158899923605806,,4935908734271347323,2026-01-08 19:03:47.123482
2026-01-08,24666,CBJ,VEG,30005355,Mikael Pyyhtia,goals,rf_qrf_goals,0.3.0,empirical_qrf,0.0,0.0,0.0,,4935908734271347323,2026-01-08 19:03:47.123482
2026-01-08,24666,CBJ,VEG,30005568,Owen Sillinger,goals,rf_qrf_goals,0.3.0,empirical_qrf,0.0,0.0,0.0,,4935908734271347323,2026-01-08 19:03:47.123482
2026-01-08,24666,CBJ,VEG,30005637,Denton Mateychuk,goals,rf_qrf_goals,0.3.0,empirical_qrf,0.006399930567951856,0.0,0.0158899923605806,,4935908734271347323,2026-01-08 19:03:47.123482
2026-01-08,24666,CBJ,VEG,30005664,Luca Del Bel Belluz,goals,rf_qrf_goals,0.3.0,empirical_qrf,0.0,0.0,0.0,,4935908734271347323,2026-01-08 19:03:47.123482
2026-01-08,24666,CBJ,VEG,30005699,Jordan Dumais,goals,rf_qrf_goals,0.3.0,empirical_qrf,0.002197128661903237,0.0013460564454171814,0.0031339073918573083,,4935908734271347323,2026-01-08 19:03:47.123482
2026-01-08,24666,CBJ,VEG,30005733,Roman Ahcan,goals,rf_qrf_goals,0.3.0,empirical_qrf,0.012932220143345106,0.004364913613062464,0.022748123436196838,,4935908734271347323,2026-01-08 19:03:47.123482
2026-01-08,24666,CBJ,VEG,30005736,Nolan Lalonde,goals,rf_qrf_goals,0.3.0,empirical_qrf,0.002197128661903237,0.0013460564454171814,0.0031339073918573083,,4935908734271347323,2026-01-08 19:03:47.123482
2026-01-08,24666,CBJ,VEG,30006022,Justin Pearson,goals,rf_qrf_goals,0.3.0,empirical_qrf,0.002197128661903237,0.0013460564454171814,0.0031339073918573083,,4935908734271347323,2026-01-08 19:03:47.123482
2026-01-08,24666,CBJ,VEG,30006026,Hunter McKown,goals,rf_qrf_goals,0.3.0,empirical_qrf,0.0,0.0,0.0,,4935908734271347323,2026-01-08 19:03:47.123482
2026-01-08,24666,CBJ,VEG,30006063,Adam Fantilli,goals,rf_qrf_goals,0.3.0,empirical_qrf,0.0005555555555555556,0.0,0.0,,4935908734271347323,2026-01-08 19:03:47.123482
2026-01-08,24666,CBJ,VEG,30006337,Riley Bezeau,goals,rf_qrf_goals,0.3.0,empirical_qrf,0.012932220143345106,0.004364913613062464,0.022748123436196838,,4935908734271347323,2026-01-08 19:03:47.123482
2026-01-08,24666,VEG,CBJ,30000080,Reilly Smith,goals,rf_qrf_goals,0.3.0,empirical_qrf,0.0,0.0,0.0,,4935908734271347323,2026-01-08 19:03:47.123482
2026-01-08,24666,VEG,CBJ,30000132,Tomas Hertl,goals,rf_qrf_goals,0.3.0,empirical_qrf,0.0,0.0,0.0,,4935908734271347323,2026-01-08 19:03:47.123482
2026-01-08,24666,VEG,CBJ,30000152,Brayden McNabb,goals,rf_qrf_goals,0.3.0,empirical_qrf,0.0,0.0,0.0,,4935908734271347323,2026-01-08 19:03:47.123482
2026-01-08,24666,VEG,CBJ,30000189,Colton Sissons,goals,rf_qrf_goals,0.3.0,empirical_qrf,0.002450928728839414,0.0,0.0050903567533883785,,4935908734271347323,2026-01-08 19:03:47.123482
2026-01-08,24666,VEG,CBJ,30000422,William Karlsson,goals,rf_qrf_goals,0.3.0,empirical_qrf,0.0,0.0,0.0,,4935908734271347323,2026-01-08 19:03:47.123482
2026-01-08,24666,VEG,CBJ,30000496,Jack Eichel,goals,rf_qrf_goals,0.3.0,empirical_qrf,0.0,0.0,0.0,,4935908734271347323,2026-01-08 19:03:47.123482
2026-01-08,24666,VEG,CBJ,30000633,Noah Hanifin,goals,rf_qrf_goals,0.3.0,empirical_qrf,0.0,0.0,0.0,,4935908734271347323,2026-01-08 19:03:47.123482
2026-01-08,24666,VEG,CBJ,30000694,Keegan Kolesar,goals,rf_qrf_goals,0.3.0,empirical_qrf,0.012932220143345106,0.004364913613062464,0.022748123436196838,,4935908734271347323,2026-01-08 19:03:47.123482
2026-01-08,24666,VEG,CBJ,30000784,Ivan Barbashev,goals,rf_qrf_goals,0.3.0,empirical_qrf,0.007893518518518518,0.0,0.0,,4935908734271347323,2026-01-08 19:03:47.123482
2026-01-08,24666,VEG,CBJ,30000793,Alex Pietrangelo,goals,rf_qrf_goals,0.3.0,empirical_qrf,0.0,0.0,0.0,,4935908734271347323,2026-01-08 19:03:47.123482
2026-01-08,24666,VEG,CBJ,30000881,Jaycob Megna,goals,rf_qrf_goals,0.3.0,empirical_qrf,0.012932220143345106,0.004364913613062464,0.022748123436196838,,4935908734271347323,2026-01-08 19:03:47.123482
2026-01-08,24666,VEG,CBJ,30000890,Shea Theodore,goals,rf_qrf_goals,0.3.0,empirical_qrf,0.0,0.0,0.0,,4935908734271347323,2026-01-08 19:03:47.123482
2026-01-08,24666,VEG,CBJ,30000927,Ben Hutton,goals,rf_qrf_goals,0.3.0,empirical_qrf,0.0,0.0,0.0,,4935908734271347323,2026-01-08 19:03:47.123482
2026-01-08,24666,VEG,CBJ,30001229,Brandon Saad,goals,rf_qrf_goals,0.3.0,empirical_qrf,0.0,0.0,0.0,,4935908734271347323,2026-01-08 19:03:47.123482
2026-01-08,24666,VEG,CBJ,30001246,Mark Stone,goals,rf_qrf_goals,0.3.0,empirical_qrf,0.0,0.0,0.0,,4935908734271347323,2026-01-08 19:03:47.123482
2026-01-08,24666,VEG,CBJ,30002608,Brandon Hickey,goals,rf_qrf_goals,0.3.0,empirical_qrf,0.002197128661903237,0.0013460564454171814,0.0031339073918573083,,4935908734271347323,2026-01-08 19:03:47.123482
2026-01-08,24666,VEG,CBJ,30002783,Adin Hill,goals,rf_qrf_goals,0.3.0,empirical_qrf,0.002197128661903237,0.0013460564454171814,0.0031339073918573083,,4935908734271347323,2026-01-08 19:03:47.123482
2026-01-08,24666,VEG,CBJ,30002827,Jeremy Lauzon,goals,rf_qrf_goals,0.3.0,empirical_qrf,0.002450928728839414,0.0,0.0050903567533883785,,4935908734271347323,2026-01-08 19:03:47.123482
2026-01-08,24666,VEG,CBJ,30003153,Brett Howden,goals,rf_qrf_goals,0.3.0,empirical_qrf,0.0,0.0,0.0,,4935908734271347323,2026-01-08 19:03:47.123482
2026-01-08,24666,VEG,CBJ,30003155,Lucas Johansen,goals,rf_qrf_goals,0.3.0,empirical_qrf,0.002197128661903237,0.0013460564454171814,0.0031339073918573083,,4935908734271347323,2026-01-08 19:03:47.123482
2026-01-08,24666,VEG,CBJ,30003166,Carter Hart,goals,rf_qrf_goals,0.3.0,empirical_qrf,0.0,0.0,0.0,,4935908734271347323,2026-01-08 19:03:47.123482
2026-01-08,24666,VEG,CBJ,30003342,Mitchell Marner,goals,rf_qrf_goals,0.3.0,empirical_qrf,0.0,0.0,0.0,,4935908734271347323,2026-01-08 19:03:47.123482
2026-01-08,24666,VEG,CBJ,30003396,Dylan Coghlan,goals,rf_qrf_goals,0.3.0,empirical_qrf,0.0,0.0,0.0,,4935908734271347323,2026-01-08 19:03:47.123482
2026-01-08,24666,VEG,CBJ,30003924,Jeremy Davies,goals,rf_qrf_goals,0.3.0,empirical_qrf,0.023249488044541706,0.0,0.05405405405405406,,4935908734271347323,2026-01-08 19:03:47.123482
2026-01-08,24666,VEG,CBJ,30003961,Tanner Laczynski,goals,rf_qrf_goals,0.3.0,empirical_qrf,0.0,0.0,0.0,,4935908734271347323,2026-01-08 19:03:47.123482
2026-01-08,24666,VEG,CBJ,30003997,Zach Whitecloud,goals,rf_qrf_goals,0.3.0,empirical_qrf,0.006399930567951856,0.0,0.0158899923605806,,4935908734271347323,2026-01-08 19:03:47.123482
2026-01-08,24666,VEG,CBJ,30004243,Mitchell McLain,goals,rf_qrf_goals,0.3.0,empirical_qrf,0.0,0.0,0.0,,4935908734271347323,2026-01-08 19:03:47.123482
2026-01-08,24666,VEG,CBJ,30004341,Akira Schmid,goals,rf_qrf_goals,0.3.0,empirical_qrf,0.002197128661903237,0.0013460564454171814,0.0031339073918573083,,4935908734271347323,2026-01-08 19:03:47.123482
2026-01-08,24666,VEG,CBJ,30004503,Raphael Lavoie,goals,rf_qrf_goals,0.3.0,empirical_qrf,0.0,0.0,0.0,,4935908734271347323,2026-01-08 19:03:47.123482
2026-01-08,24666,VEG,CBJ,30004510,Kaedan Korczak,goals,rf_qrf_goals,0.3.0,empirical_qrf,0.0,0.0,0.0,,4935908734271347323,2026-01-08 19:03:47.123482
2026-01-08,24666,VEG,CBJ,30004532,Pavel Dorofeyev,goals,rf_qrf_goals,0.3.0,empirical_qrf,0.0,0.0,0.0,,4935908734271347323,2026-01-08 19:03:47.123482
2026-01-08,24666,VEG,CBJ,30004805,Alexander Holtz,goals,rf_qrf_goals,0.3.0,empirical_qrf,0.0,0.0,0.0,,4935908734271347323,2026-01-08 19:03:47.123482
2026-01-08,24666,VEG,CBJ,30004831,Lukas Cormier,goals,rf_qrf_goals,0.3.0,empirical_qrf,0.0,0.0,0.0,,4935908734271347323,2026-01-08 19:03:47.123482
2026-01-08,24666,VEG,CBJ,30004947,Cole Reinhardt,goals,rf_qrf_goals,0.3.0,empirical_qrf,0.012932220143345106,0.004364913613062464,0.022748123436196838,,4935908734271347323,2026-01-08 19:03:47.123482
2026-01-08,24666,VEG,CBJ,30005106,Jakub Brabenec,goals,rf_qrf_goals,0.3.0,empirical_qrf,0.0,0.0,0.0,,4935908734271347323,2026-01-08 19:03:47.123482
2026-01-08,24666,VEG,CBJ,30005109,Jakub Demek,goals,rf_qrf_goals,0.3.0,empirical_qrf,0.002450928728839414,0.0,0.0050903567533883785,,4935908734271347323,2026-01-08 19:03:47.123482
2026-01-08,24666,VEG,CBJ,30005112,Jesper Vikman,goals,rf_qrf_goals,0.3.0,empirical_qrf,0.002197128661903237,0.0013460564454171814,0.0031339073918573083,,4935908734271347323,2026-01-08 19:03:47.123482
2026-01-08,24666,VEG,CBJ,30005162,Riley McKay,goals,rf_qrf_goals,0.3.0,empirical_qrf,0.002197128661903237,0.0013460564454171814,0.0031339073918573083,,4935908734271347323,2026-01-08 19:03:47.123482
2026-01-08,24666,VEG,CBJ,30005320,Carl Lindbom,goals,rf_qrf_goals,0.3.0,empirical_qrf,0.002197128661903237,0.0013460564454171814,0.0031339073918573083,,4935908734271347323,2026-01-08 19:03:47.123482
2026-01-08,24666,VEG,CBJ,30005406,Kevin Wall,goals,rf_qrf_goals,0.3.0,empirical_qrf,0.002197128661903237,0.0013460564454171814,0.0031339073918573083,,4935908734271347323,2026-01-08 19:03:47.123482
2026-01-08,24666,VEG,CBJ,30005679,Matyas Sapovaliv,goals,rf_qrf_goals,0.3.0,empirical_qrf,0.0,0.0,0.0,,4935908734271347323,2026-01-08 19:03:47.123482
2026-01-08,24666,VEG,CBJ,30005795,Ben Hemmerling,goals,rf_qrf_goals,0.3.0,empirical_qrf,0.012932220143345106,0.004364913613062464,0.022748123436196838,,4935908734271347323,2026-01-08 19:03:47.123482
2026-01-08,24666,VEG,CBJ,30005809,Joe Fleming,goals,rf_qrf_goals,0.3.0,empirical_qrf,0.0,0.0,0.0,,4935908734271347323,2026-01-08 19:03:47.123482
2026-01-08,24666,VEG,CBJ,30005815,Jordan Papirny,goals,rf_qrf_goals,0.3.0,empirical_qrf,0.002197128661903237,0.0013460564454171814,0.0031339073918573083,,4935908734271347323,2026-01-08 19:03:47.123482
2026-01-08,24666,VEG,CBJ,30005829,Christoffer Sedoff,goals,rf_qrf_goals,0.3.0,empirical_qrf,0.0,0.0,0.0,,4935908734271347323,2026-01-08 19:03:47.123482
2026-01-08,24666,VEG,CBJ,30005841,Samuel Mayer,goals,rf_qrf_goals,0.3.0,empirical_qrf,0.002197128661903237,0.0013460564454171814,0.0031339073918573083,,4935908734271347323,2026-01-08 19:03:47.123482
2026-01-08,24666,VEG,CBJ,30005944,Braeden Bowman,goals,rf_qrf_goals,0.3.0,empirical_qrf,0.0,0.0,0.0,,4935908734271347323,2026-01-08 19:03:47.123482
2026-01-08,24666,VEG,CBJ,30006216,Carter Sotheran,goals,rf_qrf_goals,0.3.0,empirical_qrf,0.002197128661903237,0.0013460564454171814,0.0031339073918573083,,4935908734271347323,2026-01-08 19:03:47.123482
2026-01-08,24666,VEG,CBJ,30006232,Tuomas Uronen,goals,rf_qrf_goals,0.3.0,empirical_qrf,0.002197128661903237,0.0013460564454171814,0.0031339073918573083,,4935908734271347323,2026-01-08 19:03:47.123482
2026-01-08,24666,VEG,CBJ,30006391,Mazden Leslie,goals,rf_qrf_goals,0.3.0,empirical_qrf,0.002197128661903237,0.0013460564454171814,0.0031339073918573083,,4935908734271347323,2026-01-08 19:03:47.123482
2026-01-08,24665,MIN,SEA,30003167,Boris Katchouk,goals,rf_qrf_goals,0.3.0,empirical_qrf,0.0,0.0,0.0,,4935908734271347323,2026-01-08 19:03:47.123482
2026-01-08,24655,TOR,PHI,30005769,Marshall Rifai,goals,rf_qrf_goals,0.3.0,empirical_qrf,0.002450928728839414,0.0,0.0050903567533883785,,4935908734271347323,2026-01-08 19:03:47.123482
2026-01-08,24656,PIT,NJ,30004799,Yegor Chinakhov,goals,rf_qrf_goals,0.3.0,empirical_qrf,0.0,0.0,0.0,,4935908734271347323,2026-01-08 19:03:47.123482
2026-01-08,24659,CAR,ANA,30005577,Noah Philp,goals,rf_qrf_goals,0.3.0,empirical_qrf,0.0034397130647130653,0.0,0.0,,4935908734271347323,2026-01-08 19:03:47.123482
2026-01-08,24663,NYI,NAS,30003226,Ethan Bear,goals,rf_qrf_goals,0.3.0,empirical_qrf,0.002197128661903237,0.0013460564454171814,0.0031339073918573083,,4935908734271347323,2026-01-08 19:03:47.123482
2026-01-08,24666,CBJ,VEG,30002631,Danton Heinen,goals,rf_qrf_goals,0.3.0,empirical_qrf,0.0,0.0,0.0,,4935908734271347323,2026-01-08 19:03:47.123482
2026-01-08,24655,TOR,PHI,30003014,Matt Benning,goals,rf_qrf_goals,0.3.0,empirical_qrf,0.0,0.0,0.0,,4935908734271347323,2026-01-08 19:03:47.123482
2026-01-08,24655,TOR,PHI,30006463,Jacob Quillan,goals,rf_qrf_goals,0.3.0,empirical_qrf,0.0,0.0,0.0,,4935908734271347323,2026-01-08 19:03:47.123482
2026-01-08,24655,PHI,TOR,30004488,Philip Tomasino,goals,rf_qrf_goals,0.3.0,empirical_qrf,0.0,0.0,0.0,,4935908734271347323,2026-01-08 19:03:47.123482
2026-01-08,24656,PIT,NJ,30000613,Ryan Graves,goals,rf_qrf_goals,0.3.0,empirical_qrf,0.0,0.0,0.0,,4935908734271347323,2026-01-08 19:03:47.123482
2026-01-08,24657,NYR,BUF,30000599,Anton Blidh,goals,rf_qrf_goals,0.3.0,empirical_qrf,0.0,0.0,0.0,,4935908734271347323,2026-01-08 19:03:47.123482
2026-01-08,24657,NYR,BUF,30001251,Justin Dowling,goals,rf_qrf_goals,0.3.0,empirical_qrf,0.0,0.0,0.0,,4935908734271347323,2026-01-08 19:03:47.123482
2026-01-08,24662,EDM,WPG,30005646,Isaac Howard,goals,rf_qrf_goals,0.3.0,empirical_qrf,0.0,0.0,0.0,,4935908734271347323,2026-01-08 19:03:47.123482
2026-01-08,24663,NYI,NAS,30006041,Cole McWard,goals,rf_qrf_goals,0.3.0,empirical_qrf,0.012932220143345106,0.004364913613062464,0.022748123436196838,,4935908734271347323,2026-01-08 19:03:47.123482
2026-01-08,24659,CAR,ANA,30003662,Juuso Valimaki,goals,rf_qrf_goals,0.3.0,empirical_qrf,0.002197128661903237,0.0013460564454171814,0.0031339073918573083,,4935908734271347323,2026-01-08 19:03:47.123482
2026-01-08,24661,CGY,BOS,30006494,Zayne Parekh,goals,rf_qrf_goals,0.3.0,empirical_qrf,0.0,0.0,0.0,,4935908734271347323,2026-01-08 19:03:47.123482
2026-01-08,24666,CBJ,VEG,30004205,Egor Zamula,goals,rf_qrf_goals,0.3.0,empirical_qrf,0.030272496519761466,0.0,0.05714285714285714,,4935908734271347323,2026-01-08 19:03:47.123482
2026-01-08,24659,ANA,CAR,30006849,Tim Washe,goals,rf_qrf_goals,0.3.0,empirical_qrf,0.002450928728839414,0.0,0.0050903567533883785,,4935908734271347323,2026-01-08 19:03:47.123482
2026-01-08,24659,ANA,CAR,30006017,Nikita Nesterenko,goals,rf_qrf_goals,0.3.0,empirical_qrf,0.0,0.0,0.0,,4935908734271347323,2026-01-08 19:03:47.123482
2026-01-08,24665,SEA,MIN,30006120,Oscar Fisker Molgaard,goals,rf_qrf_goals,0.3.0,empirical_qrf,0.0,0.0,0.0,,4935908734271347323,2026-01-08 19:03:47.123482
2026-01-08,24655,TOR,PHI,30000040,Morgan Rielly,assists,rf_qrf_assists,0.3.0,empirical_qrf,0.0,0.0,0.0,,4935908734271347323,2026-01-08 19:04:01.073745
2026-01-08,24655,TOR,PHI,30000100,Christopher Tanev,assists,rf_qrf_assists,0.3.0,empirical_qrf,0.007043537013121695,0.0,0.014251781472684086,,4935908734271347323,2026-01-08 19:04:01.073745
2026-01-08,24655,TOR,PHI,30000241,Calle Jarnkrok,assists,rf_qrf_assists,0.3.0,empirical_qrf,0.0,0.0,0.0,,4935908734271347323,2026-01-08 19:04:01.073745
2026-01-08,24655,TOR,PHI,30000259,Anthony Stolarz,assists,rf_qrf_assists,0.3.0,empirical_qrf,0.006010523816671021,0.004617148994188913,0.00739245098226108,,4935908734271347323,2026-01-08 19:04:01.073745
2026-01-08,24655,TOR,PHI,30000264,Scott Laughton,assists,rf_qrf_assists,0.3.0,empirical_qrf,0.0008333333333333334,0.0,0.0,,4935908734271347323,2026-01-08 19:04:01.073745
2026-01-08,24655,TOR,PHI,30000275,John Tavares,assists,rf_qrf_assists,0.3.0,empirical_qrf,0.0,0.0,0.0,,4935908734271347323,2026-01-08 19:04:01.073745
2026-01-08,24655,TOR,PHI,30000486,William Nylander,assists,rf_qrf_assists,0.3.0,empirical_qrf,0.062367264590366366,0.0,0.15038461538461548,,4935908734271347323,2026-01-08 19:04:01.073745
2026-01-08,24655,TOR,PHI,30000507,Jake McCabe,assists,rf_qrf_assists,0.3.0,empirical_qrf,0.00416072131237246,0.0,0.009615384615384616,,4935908734271347323,2026-01-08 19:04:01.073745
2026-01-08,24655,TOR,PHI,30000940,Max Domi,assists,rf_qrf_assists,0.3.0,empirical_qrf,0.0,0.0,0.0,,4935908734271347323,2026-01-08 19:04:01.073745
2026-01-08,24655,TOR,PHI,30000943,Oliver Ekman-Larsson,assists,rf_qrf_assists,0.3.0,empirical_qrf,0.0,0.0,0.0,,4935908734271347323,2026-01-08 19:04:01.073745
2026-01-08,24655,TOR,PHI,30001088,Brandon Carlo,assists,rf_qrf_assists,0.3.0,empirical_qrf,0.018381610607100085,0.0,0.036585365853658534,,4935908734271347323,2026-01-08 19:04:01.073745
2026-01-08,24655,TOR,PHI,30001217,Dakota Mermis,assists,rf_qrf_assists,0.3.0,empirical_qrf,0.00416072131237246,0.0,0.009615384615384616,,4935908734271347323,2026-01-08 19:04:01.073745
2026-01-08,24655,TOR,PHI,30002664,Brandon Baddock,assists,rf_qrf_assists,0.3.0,empirical_qrf,0.006010523816671021,0.004617148994188913,0.00739245098226108,,4935908734271347323,2026-01-08 19:04:01.073745
2026-01-08,24655,TOR,PHI,30002867,Philippe Myers,assists,rf_qrf_assists,0.3.0,empirical_qrf,0.0,0.0,0.0,,4935908734271347323,2026-01-08 19:04:01.073745
2026-01-08,24655,TOR,PHI,30002869,Ken Appleby,assists,rf_qrf_assists,0.3.0,empirical_qrf,0.006010523816671021,0.004617148994188913,0.00739245098226108,,4935908734271347323,2026-01-08 19:04:01.073745
2026-01-08,24655,TOR,PHI,30003022,Travis Boyd,assists,rf_qrf_assists,0.3.0,empirical_qrf,0.01487197669874238,0.0,0.033726909160159975,,4935908734271347323,2026-01-08 19:04:01.073745
2026-01-08,24655,TOR,PHI,30003041,Steven Lorentz,assists,rf_qrf_assists,0.3.0,empirical_qrf,0.0022871572871572873,0.0,0.0,,4935908734271347323,2026-01-08 19:04:01.073745
2026-01-08,24655,TOR,PHI,30003042,Nicolas Roy,assists,rf_qrf_assists,0.3.0,empirical_qrf,0.0,0.0,0.0,,4935908734271347323,2026-01-08 19:04:01.073745
2026-01-08,24655,TOR,PHI,30003083,Troy Stecher,assists,rf_qrf_assists,0.3.0,empirical_qrf,0.03976736198569264,0.0,0.07799503866919599,,4935908734271347323,2026-01-08 19:04:01.073745
2026-01-08,24655,TOR,PHI,30003130,Auston Matthews,assists,rf_qrf_assists,0.3.0,empirical_qrf,0.015146825396825398,0.0,0.0,,4935908734271347323,2026-01-08 19:04:01.073745
2026-01-08,24655,TOR,PHI,30003192,Joseph Woll,assists,rf_qrf_assists,0.3.0,empirical_qrf,0.006010523816671021,0.004617148994188913,0.00739245098226108,,4935908734271347323,2026-01-08 19:04:01.073745
2026-01-08,24655,TOR,PHI,30003562,Vinni Lettieri,assists,rf_qrf_assists,0.3.0,empirical_qrf,0.004299519924519925,0.0,0.0,,4935908734271347323,2026-01-08 19:04:01.073745
2026-01-08,24655,TOR,PHI,30004139,Bo Groulx,assists,rf_qrf_assists,0.3.0,empirical_qrf,0.014630790505790504,0.0,0.0,,4935908734271347323,2026-01-08 19:04:01.073745
2026-01-08,24655,TOR,PHI,30004252,Simon Benoit,assists,rf_qrf_assists,0.3.0,empirical_qrf,0.0,0.0,0.0,,4935908734271347323,2026-01-08 19:04:01.073745
2026-01-08,24655,TOR,PHI,30004394,Reese Johnson,assists,rf_qrf_assists,0.3.0,empirical_qrf,0.006010523816671021,0.004617148994188913,0.00739245098226108,,4935908734271347323,2026-01-08 19:04:01.073745
2026-01-08,24655,TOR,PHI,30004509,Nicholas Robertson,assists,rf_qrf_assists,0.3.0,empirical_qrf,0.002916666666666667,0.0,0.0,,4935908734271347323,2026-01-08 19:04:01.073745
2026-01-08,24655,TOR,PHI,30004511,Henry Thrun,assists,rf_qrf_assists,0.3.0,empirical_qrf,0.0,0.0,0.0,,4935908734271347323,2026-01-08 19:04:01.073745
2026-01-08,24655,TOR,PHI,30004539,Matias Maccelli,assists,rf_qrf_assists,0.3.0,empirical_qrf,0.0,0.0,0.0,,4935908734271347323,2026-01-08 19:04:01.073745
2026-01-08,24655,TOR,PHI,30004583,Dakota Joshua,assists,rf_qrf_assists,0.3.0,empirical_qrf,0.0343122627319318,0.0,0.07052313883299802,,4935908734271347323,2026-01-08 19:04:01.073745
2026-01-08,24655,TOR,PHI,30005024,Matthew Knies,assists,rf_qrf_assists,0.3.0,empirical_qrf,0.0,0.0,0.0,,4935908734271347323,2026-01-08 19:04:01.073745
2026-01-08,24655,TOR,PHI,30005068,Ryan McCleary,assists,rf_qrf_assists,0.3.0,empirical_qrf,0.006010523816671021,0.004617148994188913,0.00739245098226108,,4935908734271347323,2026-01-08 19:04:01.073745
2026-01-08,24655,TOR,PHI,30005143,Ben King,assists,rf_qrf_assists,0.3.0,empirical_qrf,0.006010523816671021,0.004617148994188913,0.00739245098226108,,4935908734271347323,2026-01-08 19:04:01.073745
2026-01-08,24655,TOR,PHI,30005520,Braeden Kressler,assists,rf_qrf_assists,0.3.0,empirical_qrf,0.006010523816671021,0.004617148994188913,0.00739245098226108,,4935908734271347323,2026-01-08 19:04:01.073745
2026-01-08,24655,TOR,PHI,30005527,Artur Akhtyamov,assists,rf_qrf_assists,0.3.0,empirical_qrf,0.006010523816671021,0.004617148994188913,0.00739245098226108,,4935908734271347323,2026-01-08 19:04:01.073745
2026-01-08,24655,TOR,PHI,30005528,Ryan Tverberg,assists,rf_qrf_assists,0.3.0,empirical_qrf,0.0,0.0,0.0,,4935908734271347323,2026-01-08 19:04:01.073745
2026-01-08,24655,TOR,PHI,30005542,Vyacheslav Peksa,assists,rf_qrf_assists,0.3.0,empirical_qrf,0.006010523816671021,0.004617148994188913,0.00739245098226108,,4935908734271347323,2026-01-08 19:04:01.073745
2026-01-08,24655,TOR,PHI,30005589,Bobby McMann,assists,rf_qrf_assists,0.3.0,empirical_qrf,0.0003333333333333334,0.0,0.0,,4935908734271347323,2026-01-08 19:04:01.073745
2026-01-08,24655,TOR,PHI,30005725,Dennis Hildeby,assists,rf_qrf_assists,0.3.0,empirical_qrf,0.006010523816671021,0.004617148994188913,0.00739245098226108,,4935908734271347323,2026-01-08 19:04:01.073745
2026-01-08,24655,TOR,PHI,30006072,Easton Cowan,assists,rf_qrf_assists,0.3.0,empirical_qrf,0.3332168003636657,0.0,0.75,,4935908734271347323,2026-01-08 19:04:01.073745
2026-01-08,24655,TOR,PHI,30006207,Noah Chadwick,assists,rf_qrf_assists,0.3.0,empirical_qrf,0.006010523816671021,0.004617148994188913,0.00739245098226108,,4935908734271347323,2026-01-08 19:04:01.073745
2026-01-08,24655,TOR,PHI,30006276,Marc Johnstone,assists,rf_qrf_assists,0.3.0,empirical_qrf,0.006010523816671021,0.004617148994188913,0.00739245098226108,,4935908734271347323,2026-01-08 19:04:01.073745
2026-01-08,24655,TOR,PHI,30006378,Jake Johnson,assists,rf_qrf_assists,0.3.0,empirical_qrf,0.006010523816671021,0.004617148994188913,0.00739245098226108,,4935908734271347323,2026-01-08 19:04:01.073745
2026-01-08,24655,TOR,PHI,30006388,Keenan Suthers,assists,rf_qrf_assists,0.3.0,empirical_qrf,0.006010523816671021,0.004617148994188913,0.00739245098226108,,4935908734271347323,2026-01-08 19:04:01.073745
2026-01-08,24655,TOR,PHI,30006389,Jacob Frasca,assists,rf_qrf_assists,0.3.0,empirical_qrf,0.006010523816671021,0.004617148994188913,0.00739245098226108,,4935908734271347323,2026-01-08 19:04:01.073745
2026-01-08,24655,PHI,TOR,30000050,Sean Couturier,assists,rf_qrf_assists,0.3.0,empirical_qrf,0.0024722222222222224,0.0,0.0,,4935908734271347323,2026-01-08 19:04:01.073745
2026-01-08,24655,PHI,TOR,30000234,Garrett Wilson,assists,rf_qrf_assists,0.3.0,empirical_qrf,0.007043537013121695,0.0,0.014251781472684086,,4935908734271347323,2026-01-08 19:04:01.073745
2026-01-08,24655,PHI,TOR,30000349,Travis Konecny,assists,rf_qrf_assists,0.3.0,empirical_qrf,0.0011666666666666665,0.0,0.0,,4935908734271347323,2026-01-08 19:04:01.073745
2026-01-08,24655,PHI,TOR,30000501,Nicolas Deslauriers,assists,rf_qrf_assists,0.3.0,empirical_qrf,0.006034152305760568,0.0,0.011940298507462687,,4935908734271347323,2026-01-08 19:04:01.073745
2026-01-08,24655,PHI,TOR,30000624,Travis Sanheim,assists,rf_qrf_assists,0.3.0,empirical_qrf,0.0,0.0,0.0,,4935908734271347323,2026-01-08 19:04:01.073745
2026-01-08,24655,PHI,TOR,30000942,Christian Dvorak,assists,rf_qrf_assists,0.3.0,empirical_qrf,0.00020833333333333335,0.0,0.0,,4935908734271347323,2026-01-08 19:04:01.073745
2026-01-08,24655,PHI,TOR,30001201,Garnet Hathaway,assists,rf_qrf_assists,0.3.0,empirical_qrf,0.007043537013121695,0.0,0.014251781472684086,,4935908734271347323,2026-01-08 19:04:01.073745
2026-01-08,24655,PHI,TOR,30001294,Rasmus Ristolainen,assists,rf_qrf_assists,0.3.0,empirical_qrf,0.006010523816671021,0.004617148994188913,0.00739245098226108,,4935908734271347323,2026-01-08 19:04:01.073745
2026-01-08,24655,PHI,TOR,30001312,Noah Juulsen,assists,rf_qrf_assists,0.3.0,empirical_qrf,0.018381610607100085,0.0,0.036585365853658534,,4935908734271347323,2026-01-08 19:04:01.073745
2026-01-08,24655,PHI,TOR,30002786,Dan Vladar,assists,rf_qrf_assists,0.3.0,empirical_qrf,0.006010523816671021,0.004617148994188913,0.00739245098226108,,4935908734271347323,2026-01-08 19:04:01.073745
2026-01-08,24655,PHI,TOR,30002979,Anthony Richard,assists,rf_qrf_assists,0.3.0,empirical_qrf,0.0,0.0,0.0,,4935908734271347323,2026-01-08 19:04:01.073745
2026-01-08,24655,PHI,TOR,30003016,Nick Seeler,assists,rf_qrf_assists,0.3.0,empirical_qrf,0.0,0.0,0.0,,4935908734271347323,2026-01-08 19:04:01.073745
2026-01-08,24655,PHI,TOR,30003171,Carl Grundstrom,assists,rf_qrf_assists,0.3.0,empirical_qrf,0.006034152305760568,0.0,0.011940298507462687,,4935908734271347323,2026-01-08 19:04:01.073745
2026-01-08,24655,PHI,TOR,30003283,Lane Pederson,assists,rf_qrf_assists,0.3.0,empirical_qrf,0.006034152305760568,0.0,0.011940298507462687,,4935908734271347323,2026-01-08 19:04:01.073745
2026-01-08,24655,PHI,TOR,30003500,Rodrigo Abols,assists,rf_qrf_assists,0.3.0,empirical_qrf,0.0,0.0,0.0,,4935908734271347323,2026-01-08 19:04:01.073745
2026-01-08,24655,PHI,TOR,30003653,Owen Tippett,assists,rf_qrf_assists,0.3.0,empirical_qrf,0.0006613756613756613,0.0,0.0,,4935908734271347323,2026-01-08 19:04:01.073745
2026-01-08,24655,PHI,TOR,30003733,Keith Petruzzelli,assists,rf_qrf_assists,0.3.0,empirical_qrf,0.006010523816671021,0.004617148994188913,0.00739245098226108,,4935908734271347323,2026-01-08 19:04:01.073745
2026-01-08,24655,PHI,TOR,30004002,Cooper Marody,assists,rf_qrf_assists,0.3.0,empirical_qrf,0.006010523816671021,0.004617148994188913,0.00739245098226108,,4935908734271347323,2026-01-08 19:04:01.073745
2026-01-08,24655,PHI,TOR,30004154,Xavier Bernard,assists,rf_qrf_assists,0.3.0,empirical_qrf,0.000625,0.0,0.0,,4935908734271347323,2026-01-08 19:04:01.073745
2026-01-08,24655,PHI,TOR,30004406,Samuel Ersson,assists,rf_qrf_assists,0.3.0,empirical_qrf,0.006010523816671021,0.004617148994188913,0.00739245098226108,,4935908734271347323,2026-01-08 19:04:01.073745
2026-01-08,24655,PHI,TOR,30004481,Trevor Zegras,assists,rf_qrf_assists,0.3.0,empirical_qrf,0.14931738169238168,0.0,0.3333333333333333,,4935908734271347323,2026-01-08 19:04:01.073745
2026-01-08,24655,PHI,TOR,30004484,Cam York,assists,rf_qrf_assists,0.3.0,empirical_qrf,0.0,0.0,0.0,,4935908734271347323,2026-01-08 19:04:01.073745
2026-01-08,24655,PHI,TOR,30004508,Bobby Brink,assists,rf_qrf_assists,0.3.0,empirical_qrf,0.0018186998186998189,0.0,0.0,,4935908734271347323,2026-01-08 19:04:01.073745
2026-01-08,24655,PHI,TOR,30004800,Jamie Drysdale,assists,rf_qrf_assists,0.3.0,empirical_qrf,0.014630790505790504,0.0,0.0,,4935908734271347323,2026-01-08 19:04:01.073745
2026-01-08,24655,PHI,TOR,30004801,Tyson Foerster,assists,rf_qrf_assists,0.3.0,empirical_qrf,0.0,0.0,0.0,,4935908734271347323,2026-01-08 19:04:01.073745
2026-01-08,24655,PHI,TOR,30004824,Emil Andrae,assists,rf_qrf_assists,0.3.0,empirical_qrf,0.0,0.0,0.0,,4935908734271347323,2026-01-08 19:04:01.073745
2026-01-08,24655,PHI,TOR,30004839,Helge Grans,assists,rf_qrf_assists,0.3.0,empirical_qrf,0.006034152305760568,0.0,0.011940298507462687,,4935908734271347323,2026-01-08 19:04:01.073745
2026-01-08,24655,PHI,TOR,30005234,Vincent Sevigny,assists,rf_qrf_assists,0.3.0,empirical_qrf,0.006010523816671021,0.004617148994188913,0.00739245098226108,,4935908734271347323,2026-01-08 19:04:01.073745
2026-01-08,24655,PHI,TOR,30005293,Artem Guryev,assists,rf_qrf_assists,0.3.0,empirical_qrf,0.006010523816671021,0.004617148994188913,0.00739245098226108,,4935908734271347323,2026-01-08 19:04:01.073745
2026-01-08,24655,PHI,TOR,30005345,Roman Schmidt,assists,rf_qrf_assists,0.3.0,empirical_qrf,0.012385115070418345,0.0,0.0294556628621598,,4935908734271347323,2026-01-08 19:04:01.073745
2026-01-08,24655,PHI,TOR,30005397,Noah Cates,assists,rf_qrf_assists,0.3.0,empirical_qrf,0.005556036556036556,0.0,0.0,,4935908734271347323,2026-01-08 19:04:01.073745
2026-01-08,24655,PHI,TOR,30005401,Aleksei Kolosov,assists,rf_qrf_assists,0.3.0,empirical_qrf,0.006010523816671021,0.004617148994188913,0.00739245098226108,,4935908734271347323,2026-01-08 19:04:01.073745
2026-01-08,24655,PHI,TOR,30005756,Tucker Robertson,assists,rf_qrf_assists,0.3.0,empirical_qrf,0.006010523816671021,0.004617148994188913,0.00739245098226108,,4935908734271347323,2026-01-08 19:04:01.073745
2026-01-08,24655,PHI,TOR,30005958,Nikita Grebenkin,assists,rf_qrf_assists,0.3.0,empirical_qrf,0.0010357142857142856,0.0,0.0,,4935908734271347323,2026-01-08 19:04:01.073745
2026-01-08,24655,PHI,TOR,30006045,Yaniv Perets,assists,rf_qrf_assists,0.3.0,empirical_qrf,0.006010523816671021,0.004617148994188913,0.00739245098226108,,4935908734271347323,2026-01-08 19:04:01.073745
2026-01-08,24655,PHI,TOR,30006061,Matvei Michkov,assists,rf_qrf_assists,0.3.0,empirical_qrf,0.0,0.0,0.0,,4935908734271347323,2026-01-08 19:04:01.073745
2026-01-08,24655,PHI,TOR,30006075,Oliver Bonk,assists,rf_qrf_assists,0.3.0,empirical_qrf,0.0,0.0,0.0,,4935908734271347323,2026-01-08 19:04:01.073745
2026-01-08,24655,PHI,TOR,30006100,Carson Bjarnason,assists,rf_qrf_assists,0.3.0,empirical_qrf,0.006010523816671021,0.004617148994188913,0.00739245098226108,,4935908734271347323,2026-01-08 19:04:01.073745
2026-01-08,24655,PHI,TOR,30006135,Denver Barkey,assists,rf_qrf_assists,0.3.0,empirical_qrf,0.00416072131237246,0.0,0.009615384615384616,,4935908734271347323,2026-01-08 19:04:01.073745
2026-01-08,24656,NJ,PIT,30000070,Dougie Hamilton,assists,rf_qrf_assists,0.3.0,empirical_qrf,0.015277777777777779,0.0,0.0,,4935908734271347323,2026-01-08 19:04:01.073745
2026-01-08,24656,NJ,PIT,30000210,Colton White,assists,rf_qrf_assists,0.3.0,empirical_qrf,0.006034152305760568,0.0,0.011940298507462687,,4935908734271347323,2026-01-08 19:04:01.073745
2026-01-08,24656,NJ,PIT,30000368,Brett Pesce,assists,rf_qrf_assists,0.3.0,empirical_qrf,0.014630790505790504,0.0,0.0,,4935908734271347323,2026-01-08 19:04:01.073745
2026-01-08,24656,NJ,PIT,30000491,Connor Brown,assists,rf_qrf_assists,0.3.0,empirical_qrf,0.0,0.0,0.0,,4935908734271347323,2026-01-08 19:04:01.073745
2026-01-08,24656,NJ,PIT,30000573,Jacob Markstrom,assists,rf_qrf_assists,0.3.0,empirical_qrf,0.006010523816671021,0.004617148994188913,0.00739245098226108,,4935908734271347323,2026-01-08 19:04:01.073745
2026-01-08,24656,NJ,PIT,30000665,Jake Allen,assists,rf_qrf_assists,0.3.0,empirical_qrf,0.006010523816671021,0.004617148994188913,0.00739245098226108,,4935908734271347323,2026-01-08 19:04:01.073745
2026-01-08,24656,NJ,PIT,30000844,Luke Glendening,assists,rf_qrf_assists,0.3.0,empirical_qrf,0.0,0.0,0.0,,4935908734271347323,2026-01-08 19:04:01.073745
2026-01-08,24656,NJ,PIT,30000886,Stefan Noesen,assists,rf_qrf_assists,0.3.0,empirical_qrf,0.0,0.0,0.0,,4935908734271347323,2026-01-08 19:04:01.073745
2026-01-08,24656,NJ,PIT,30001052,Ondrej Palat,assists,rf_qrf_assists,0.3.0,empirical_qrf,0.0,0.0,0.0,,4935908734271347323,2026-01-08 19:04:01.073745
2026-01-08,24656,NJ,PIT,30001108,Jonas Siegenthaler,assists,rf_qrf_assists,0.3.0,empirical_qrf,0.0343122627319318,0.0,0.07052313883299802,,4935908734271347323,2026-01-08 19:04:01.073745
2026-01-08,24656,NJ,PIT,30001225,Brenden Dillon,assists,rf_qrf_assists,0.3.0,empirical_qrf,0.01487197669874238,0.0,0.033726909160159975,,4935908734271347323,2026-01-08 19:04:01.073745
2026-01-08,24656,NJ,PIT,30001226,Timo Meier,assists,rf_qrf_assists,0.3.0,empirical_qrf,0.07808333333333332,0.0,0.4,,4935908734271347323,2026-01-08 19:04:01.073745
2026-01-08,24656,NJ,PIT,30001786,Evgenii Dadonov,assists,rf_qrf_assists,0.3.0,empirical_qrf,0.0,0.0,0.0,,4935908734271347323,2026-01-08 19:04:01.073745
2026-01-08,24656,NJ,PIT,30002609,Juho Lammikko,assists,rf_qrf_assists,0.3.0,empirical_qrf,0.0,0.0,0.0,,4935908734271347323,2026-01-08 19:04:01.073745
2026-01-08,24656,NJ,PIT,30003154,Dennis Cholowski,assists,rf_qrf_assists,0.3.0,empirical_qrf,0.0,0.0,0.0,,4935908734271347323,2026-01-08 19:04:01.073745
2026-01-08,24656,NJ,PIT,30003404,Zack MacEwen,assists,rf_qrf_assists,0.3.0,empirical_qrf,0.00416072131237246,0.0,0.009615384615384616,,4935908734271347323,2026-01-08 19:04:01.073745
2026-01-08,24656,NJ,PIT,30003568,Joseph Gambardella,assists,rf_qrf_assists,0.3.0,empirical_qrf,0.006010523816671021,0.004617148994188913,0.00739245098226108,,4935908734271347323,2026-01-08 19:04:01.073745
2026-01-08,24656,NJ,PIT,30003612,Jesper Bratt,assists,rf_qrf_assists,0.3.0,empirical_qrf,0.0006666666666666668,0.0,0.0,,4935908734271347323,2026-01-08 19:04:01.073745
2026-01-08,24656,NJ,PIT,30003639,Nico Hischier,assists,rf_qrf_assists,0.3.0,empirical_qrf,0.0013055555555555555,0.0,0.0,,4935908734271347323,2026-01-08 19:04:01.073745
2026-01-08,24656,NJ,PIT,30003642,Cody Glass,assists,rf_qrf_assists,0.3.0,empirical_qrf,0.04011137135049976,0.0,0.09119318181818188,,4935908734271347323,2026-01-08 19:04:01.073745
2026-01-08,24656,NJ,PIT,30003726,Johnathan Kovacevic,assists,rf_qrf_assists,0.3.0,empirical_qrf,0.006034152305760568,0.0,0.011940298507462687,,4935908734271347323,2026-01-08 19:04:01.073745
2026-01-08,24656,NJ,PIT,30003983,Austin Strand,assists,rf_qrf_assists,0.3.0,empirical_qrf,0.03976736198569264,0.0,0.07799503866919599,,4935908734271347323,2026-01-08 19:04:01.073745
2026-01-08,24656,NJ,PIT,30004112,Calen Addison,assists,rf_qrf_assists,0.3.0,empirical_qrf,0.03976736198569264,0.0,0.07799503866919599,,4935908734271347323,2026-01-08 19:04:01.073745
2026-01-08,24656,NJ,PIT,30004384,Paul Cotter,assists,rf_qrf_assists,0.3.0,empirical_qrf,0.006115319865319866,0.0,0.0,,4935908734271347323,2026-01-08 19:04:01.073745
2026-01-08,24656,NJ,PIT,30004470,Jack Hughes,assists,rf_qrf_assists,0.3.0,empirical_qrf,0.0024722222222222224,0.0,0.0,,4935908734271347323,2026-01-08 19:04:01.073745
2026-01-08,24656,NJ,PIT,30004549,Nathan Legare,assists,rf_qrf_assists,0.3.0,empirical_qrf,0.0,0.0,0.0,,4935908734271347323,2026-01-08 19:04:01.073745
2026-01-08,24656,NJ,PIT,30004810,Dawson Mercer,assists,rf_qrf_assists,0.3.0,empirical_qrf,0.0011666666666666665,0.0,0.0,,4935908734271347323,2026-01-08 19:04:01.073745
2026-01-08,24656,NJ,PIT,30004827,Thomas Bordeleau,assists,rf_qrf_assists,0.3.0,empirical_qrf,0.0,0.0,0.0,,4935908734271347323,2026-01-08 19:04:01.073745
2026-01-08,24656,NJ,PIT,30004833,Nico Daws,assists,rf_qrf_assists,0.3.0,empirical_qrf,0.006010523816671021,0.004617148994188913,0.00739245098226108,,4935908734271347323,2026-01-08 19:04:01.073745
2026-01-08,24656,NJ,PIT,30004986,Luke Hughes,assists,rf_qrf_assists,0.3.0,empirical_qrf,0.006034152305760568,0.0,0.011940298507462687,,4935908734271347323,2026-01-08 19:04:01.073745
2026-01-08,24656,NJ,PIT,30005278,Mikael Diotte,assists,rf_qrf_assists,0.3.0,empirical_qrf,0.0,0.0,0.0,,4935908734271347323,2026-01-08 19:04:01.073745
2026-01-08,24656,NJ,PIT,30005466,Arseniy Gritsyuk,assists,rf_qrf_assists,0.3.0,empirical_qrf,0.003826330532212885,0.0,0.0,,4935908734271347323,2026-01-08 19:04:01.073745
2026-01-08,24656,NJ,PIT,30005561,Marc McLaughlin,assists,rf_qrf_assists,0.3.0,empirical_qrf,0.006010523816671021,0.004617148994188913,0.00739245098226108,,4935908734271347323,2026-01-08 19:04:01.073745
2026-01-08,24656,NJ,PIT,30005569,Brian Halonen,assists,rf_qrf_assists,0.3.0,empirical_qrf,0.005712962962962962,0.0,0.0,,4935908734271347323,2026-01-08 19:04:01.073745
2026-01-08,24656,NJ,PIT,30005613,Simon Nemec,assists,rf_qrf_assists,0.3.0,empirical_qrf,0.0,0.0,0.0,,4935908734271347323,2026-01-08 19:04:01.073745
2026-01-08,24656,NJ,PIT,30006223,Jeremy Hanzel,assists,rf_qrf_assists,0.3.0,empirical_qrf,0.006010523816671021,0.004617148994188913,0.00739245098226108,,4935908734271347323,2026-01-08 19:04:01.073745
2026-01-08,24656,NJ,PIT,30006356,Matyas Melovsky,assists,rf_qrf_assists,0.3.0,empirical_qrf,0.006034152305760568,0.0,0.011940298507462687,,4935908734271347323,2026-01-08 19:04:01.073745
2026-01-08,24656,PIT,NJ,30000445,Erik Karlsson,assists,rf_qrf_assists,0.3.0,empirical_qrf,0.0,0.0,0.0,,4935908734271347323,2026-01-08 19:04:01.073745
2026-01-08,24656,PIT,NJ,30000557,Brett Kulak,assists,rf_qrf_assists,0.3.0,empirical_qrf,0.0,0.0,0.0,,4935908734271347323,2026-01-08 19:04:01.073745
2026-01-08,24656,PIT,NJ,30000615,Kevin Hayes,assists,rf_qrf_assists,0.3.0,empirical_qrf,0.005556036556036556,0.0,0.0,,4935908734271347323,2026-01-08 19:04:01.073745
2026-01-08,24656,PIT,NJ,30000651,Sidney Crosby,assists,rf_qrf_assists,0.3.0,empirical_qrf,0.0008333333333333334,0.0,0.0,,4935908734271347323,2026-01-08 19:04:01.073745
2026-01-08,24656,PIT,NJ,30000658,Kris Letang,assists,rf_qrf_assists,0.3.0,empirical_qrf,0.0,0.0,0.0,,4935908734271347323,2026-01-08 19:04:01.073745
2026-01-08,24656,PIT,NJ,30000660,Evgeni Malkin,assists,rf_qrf_assists,0.3.0,empirical_qrf,0.0008333333333333334,0.0,0.0,,4935908734271347323,2026-01-08 19:04:01.073745
2026-01-08,24656,PIT,NJ,30000806,Matt Dumba,assists,rf_qrf_assists,0.3.0,empirical_qrf,0.0,0.0,0.0,,4935908734271347323,2026-01-08 19:04:01.073745
2026-01-08,24656,PIT,NJ,30000848,Anthony Mantha,assists,rf_qrf_assists,0.3.0,empirical_qrf,0.0,0.0,0.0,,4935908734271347323,2026-01-08 19:04:01.073745
2026-01-08,24656,PIT,NJ,30000888,Rickard Rakell,assists,rf_qrf_assists,0.3.0,empirical_qrf,0.0,0.0,0.0,,4935908734271347323,2026-01-08 19:04:01.073745
2026-01-08,24656,PIT,NJ,30001100,Bryan Rust,assists,rf_qrf_assists,0.3.0,empirical_qrf,0.0005555555555555556,0.0,0.0,,4935908734271347323,2026-01-08 19:04:01.073745
2026-01-08,24656,PIT,NJ,30001235,Noel Acciari,assists,rf_qrf_assists,0.3.0,empirical_qrf,0.006034152305760568,0.0,0.011940298507462687,,4935908734271347323,2026-01-08 19:04:01.073745
2026-01-08,24656,PIT,NJ,30002778,Tommy Novak,assists,rf_qrf_assists,0.3.0,empirical_qrf,0.0,0.0,0.0,,4935908734271347323,2026-01-08 19:04:01.073745
2026-01-08,24656,PIT,NJ,30002874,Caleb Jones,assists,rf_qrf_assists,0.3.0,empirical_qrf,0.0,0.0,0.0,,4935908734271347323,2026-01-08 19:04:01.073745
2026-01-08,24656,PIT,NJ,30003030,Bokondji Imama,assists,rf_qrf_assists,0.3.0,empirical_qrf,0.006010523816671021,0.004617148994188913,0.00739245098226108,,4935908734271347323,2026-01-08 19:04:01.073745
2026-01-08,24656,PIT,NJ,30003099,Parker Wotherspoon,assists,rf_qrf_assists,0.3.0,empirical_qrf,0.0,0.0,0.0,,4935908734271347323,2026-01-08 19:04:01.073745
2026-01-08,24656,PIT,NJ,30003391,Justin Brazeau,assists,rf_qrf_assists,0.3.0,empirical_qrf,0.0343122627319318,0.0,0.07052313883299802,,4935908734271347323,2026-01-08 19:04:01.073745
2026-01-08,24656,PIT,NJ,30003586,Joona Koppanen,assists,rf_qrf_assists,0.3.0,empirical_qrf,0.03976736198569264,0.0,0.07799503866919599,,4935908734271347323,2026-01-08 19:04:01.073745
2026-01-08,24656,PIT,NJ,30003729,Stuart Skinner,assists,rf_qrf_assists,0.3.0,empirical_qrf,0.006010523816671021,0.004617148994188913,0.00739245098226108,,4935908734271347323,2026-01-08 19:04:01.073745
2026-01-08,24656,PIT,NJ,30003739,Sebastian Aho,assists,rf_qrf_assists,0.3.0,empirical_qrf,0.007043537013121695,0.0,0.014251781472684086,,4935908734271347323,2026-01-08 19:04:01.073745
2026-01-08,24656,PIT,NJ,30003893,Connor Clifton,assists,rf_qrf_assists,0.3.0,empirical_qrf,0.0,0.0,0.0,,4935908734271347323,2026-01-08 19:04:01.073745
2026-01-08,24656,PIT,NJ,30004100,Alexander Alexeyev,assists,rf_qrf_assists,0.3.0,empirical_qrf,0.006034152305760568,0.0,0.011940298507462687,,4935908734271347323,2026-01-08 19:04:01.073745
2026-01-08,24656,PIT,NJ,30004181,Connor Dewar,assists,rf_qrf_assists,0.3.0,empirical_qrf,0.0008862433862433862,0.0,0.0,,4935908734271347323,2026-01-08 19:04:01.073745
2026-01-08,24656,PIT,NJ,30004423,Blake Lizotte,assists,rf_qrf_assists,0.3.0,empirical_qrf,0.006034152305760568,0.0,0.011940298507462687,,4935908734271347323,2026-01-08 19:04:01.073745
2026-01-08,24656,PIT,NJ,30004609,Arturs Silovs,assists,rf_qrf_assists,0.3.0,empirical_qrf,0.006010523816671021,0.004617148994188913,0.00739245098226108,,4935908734271347323,2026-01-08 19:04:01.073745
2026-01-08,24656,PIT,NJ,30004788,Ryan Shea,assists,rf_qrf_assists,0.3.0,empirical_qrf,0.0,0.0,0.0,,4935908734271347323,2026-01-08 19:04:01.073745
2026-01-08,24656,PIT,NJ,30004825,Joel Blomqvist,assists,rf_qrf_assists,0.3.0,empirical_qrf,0.006010523816671021,0.004617148994188913,0.00739245098226108,,4935908734271347323,2026-01-08 19:04:01.073745
2026-01-08,24656,PIT,NJ,30004918,Philip Kemp,assists,rf_qrf_assists,0.3.0,empirical_qrf,0.006034152305760568,0.0,0.011940298507462687,,4935908734271347323,2026-01-08 19:04:01.073745
2026-01-08,24656,PIT,NJ,30004960,Valtteri Puustinen,assists,rf_qrf_assists,0.3.0,empirical_qrf,0.0,0.0,0.0,,4935908734271347323,2026-01-08 19:04:01.073745
2026-01-08,24656,PIT,NJ,30005027,Ville Koivunen,assists,rf_qrf_assists,0.3.0,empirical_qrf,0.35191946532426416,0.0,0.8,,4935908734271347323,2026-01-08 19:04:01.073745
2026-01-08,24656,PIT,NJ,30005066,Raivis Ansons,assists,rf_qrf_assists,0.3.0,empirical_qrf,0.006010523816671021,0.004617148994188913,0.00739245098226108,,4935908734271347323,2026-01-08 19:04:01.073745
2026-01-08,24656,PIT,NJ,30005197,Taylor Gauthier,assists,rf_qrf_assists,0.3.0,empirical_qrf,0.006010523816671021,0.004617148994188913,0.00739245098226108,,4935908734271347323,2026-01-08 19:04:01.073745
2026-01-08,24656,PIT,NJ,30005267,William Dufour,assists,rf_qrf_assists,0.3.0,empirical_qrf,0.0,0.0,0.0,,4935908734271347323,2026-01-08 19:04:01.073745
2026-01-08,24656,PIT,NJ,30005330,Callahan Burke,assists,rf_qrf_assists,0.3.0,empirical_qrf,0.006010523816671021,0.004617148994188913,0.00739245098226108,,4935908734271347323,2026-01-08 19:04:01.073745
2026-01-08,24656,PIT,NJ,30005403,Jack St. Ivany,assists,rf_qrf_assists,0.3.0,empirical_qrf,0.0,0.0,0.0,,4935908734271347323,2026-01-08 19:04:01.073745
2026-01-08,24656,PIT,NJ,30005511,Aidan McDonough,assists,rf_qrf_assists,0.3.0,empirical_qrf,0.018381610607100085,0.0,0.036585365853658534,,4935908734271347323,2026-01-08 19:04:01.073745
2026-01-08,24656,PIT,NJ,30005623,Rutger McGroarty,assists,rf_qrf_assists,0.3.0,empirical_qrf,0.0,0.0,0.0,,4935908734271347323,2026-01-08 19:04:01.073745
2026-01-08,24656,PIT,NJ,30005635,Owen Pickering,assists,rf_qrf_assists,0.3.0,empirical_qrf,0.03976736198569264,0.0,0.07799503866919599,,4935908734271347323,2026-01-08 19:04:01.073745
2026-01-08,24656,PIT,NJ,30005966,Avery Hayes,assists,rf_qrf_assists,0.3.0,empirical_qrf,0.005712962962962962,0.0,0.0,,4935908734271347323,2026-01-08 19:04:01.073745
2026-01-08,24656,PIT,NJ,30006137,Emil Pieniniemi,assists,rf_qrf_assists,0.3.0,empirical_qrf,0.0,0.0,0.0,,4935908734271347323,2026-01-08 19:04:01.073745
2026-01-08,24656,PIT,NJ,30006354,Jaxon Castor,assists,rf_qrf_assists,0.3.0,empirical_qrf,0.006010523816671021,0.004617148994188913,0.00739245098226108,,4935908734271347323,2026-01-08 19:04:01.073745
2026-01-08,24656,PIT,NJ,30006363,Finn Harding,assists,rf_qrf_assists,0.3.0,empirical_qrf,0.006010523816671021,0.004617148994188913,0.00739245098226108,,4935908734271347323,2026-01-08 19:04:01.073745
2026-01-08,24656,PIT,NJ,30006867,Benjamin Kindel,assists,rf_qrf_assists,0.3.0,empirical_qrf,0.010222222222222221,0.0,0.0,,4935908734271347323,2026-01-08 19:04:01.073745
2026-01-08,24657,BUF,NYR,30000523,Jason Zucker,assists,rf_qrf_assists,0.3.0,empirical_qrf,0.35191946532426416,0.0,0.8,,4935908734271347323,2026-01-08 19:04:01.073745
2026-01-08,24657,BUF,NYR,30002577,Alex Tuch,assists,rf_qrf_assists,0.3.0,empirical_qrf,0.29035317460317456,0.0,0.6666666666666666,,4935908734271347323,2026-01-08 19:04:01.073745
2026-01-08,24657,BUF,NYR,30002762,Mason Geertsen,assists,rf_qrf_assists,0.3.0,empirical_qrf,0.006034152305760568,0.0,0.011940298507462687,,4935908734271347323,2026-01-08 19:04:01.073745
2026-01-08,24657,BUF,NYR,30002774,Jordan Greenway,assists,rf_qrf_assists,0.3.0,empirical_qrf,0.006010523816671021,0.004617148994188913,0.00739245098226108,,4935908734271347323,2026-01-08 19:04:01.073745
2026-01-08,24657,BUF,NYR,30002797,Brendan Warren,assists,rf_qrf_assists,0.3.0,empirical_qrf,0.00416072131237246,0.0,0.009615384615384616,,4935908734271347323,2026-01-08 19:04:01.073745
2026-01-08,24657,BUF,NYR,30003074,Alex Lyon,assists,rf_qrf_assists,0.3.0,empirical_qrf,0.006010523816671021,0.004617148994188913,0.00739245098226108,,4935908734271347323,2026-01-08 19:04:01.073745
2026-01-08,24657,BUF,NYR,30003158,Tage Thompson,assists,rf_qrf_assists,0.3.0,empirical_qrf,0.003111111111111111,0.0,0.0,,4935908734271347323,2026-01-08 19:04:01.073745
2026-01-08,24657,BUF,NYR,30003221,Beck Malenstyn,assists,rf_qrf_assists,0.3.0,empirical_qrf,0.062367264590366366,0.0,0.15038461538461548,,4935908734271347323,2026-01-08 19:04:01.073745
2026-01-08,24657,BUF,NYR,30003665,Josh Norris,assists,rf_qrf_assists,0.3.0,empirical_qrf,0.0019444444444444442,0.0,0.0,,4935908734271347323,2026-01-08 19:04:01.073745
2026-01-08,24657,BUF,NYR,30003670,Conor Timmins,assists,rf_qrf_assists,0.3.0,empirical_qrf,0.04011137135049976,0.0,0.09119318181818188,,4935908734271347323,2026-01-08 19:04:01.073745
2026-01-08,24657,BUF,NYR,30003673,Ukko-Pekka Luukkonen,assists,rf_qrf_assists,0.3.0,empirical_qrf,0.006010523816671021,0.004617148994188913,0.00739245098226108,,4935908734271347323,2026-01-08 19:04:01.073745
2026-01-08,24657,BUF,NYR,30003699,Jake Leschyshyn,assists,rf_qrf_assists,0.3.0,empirical_qrf,0.007043537013121695,0.0,0.014251781472684086,,4935908734271347323,2026-01-08 19:04:01.073745
2026-01-08,24657,BUF,NYR,30003750,Rasmus Dahlin,assists,rf_qrf_assists,0.3.0,empirical_qrf,0.015380952380952379,0.0,0.0,,4935908734271347323,2026-01-08 19:04:01.073745
2026-01-08,24657,BUF,NYR,30004105,Mattias Samuelsson,assists,rf_qrf_assists,0.3.0,empirical_qrf,0.0,0.0,0.0,,4935908734271347323,2026-01-08 19:04:01.073745
2026-01-08,24657,BUF,NYR,30004117,Ryan McLeod,assists,rf_qrf_assists,0.3.0,empirical_qrf,0.0031666666666666666,0.0,0.0,,4935908734271347323,2026-01-08 19:04:01.073745
2026-01-08,24657,BUF,NYR,30004373,Michael Kesselring,assists,rf_qrf_assists,0.3.0,empirical_qrf,0.06182076719576719,0.0,0.2857142857142857,,4935908734271347323,2026-01-08 19:04:01.073745
2026-01-08,24657,BUF,NYR,30004380,Jack Rathbone,assists,rf_qrf_assists,0.3.0,empirical_qrf,0.0,0.0,0.0,,4935908734271347323,2026-01-08 19:04:01.073745
2026-01-08,24657,BUF,NYR,30004431,Jacob Bryson,assists,rf_qrf_assists,0.3.0,empirical_qrf,0.03976736198569264,0.0,0.07799503866919599,,4935908734271347323,2026-01-08 19:04:01.073745
2026-01-08,24657,BUF,NYR,30004474,Bowen Byram,assists,rf_qrf_assists,0.3.0,empirical_qrf,0.0008862433862433862,0.0,0.0,,4935908734271347323,2026-01-08 19:04:01.073745
2026-01-08,24657,BUF,NYR,30004502,Peyton Krebs,assists,rf_qrf_assists,0.3.0,empirical_qrf,0.0030873015873015873,0.0,0.0,,4935908734271347323,2026-01-08 19:04:01.073745
2026-01-08,24657,BUF,NYR,30004554,Zac Jones,assists,rf_qrf_assists,0.3.0,empirical_qrf,0.04011137135049976,0.0,0.09119318181818188,,4935908734271347323,2026-01-08 19:04:01.073745
2026-01-08,24657,BUF,NYR,30004577,Colten Ellis,assists,rf_qrf_assists,0.3.0,empirical_qrf,0.006010523816671021,0.004617148994188913,0.00739245098226108,,4935908734271347323,2026-01-08 19:04:01.073745
2026-01-08,24657,BUF,NYR,30004670,Peter Tischke,assists,rf_qrf_assists,0.3.0,empirical_qrf,0.006010523816671021,0.004617148994188913,0.00739245098226108,,4935908734271347323,2026-01-08 19:04:01.073745
2026-01-08,24657,BUF,NYR,30004815,Jack Quinn,assists,rf_qrf_assists,0.3.0,empirical_qrf,0.0011666666666666665,0.0,0.0,,4935908734271347323,2026-01-08 19:04:01.073745
2026-01-08,24657,BUF,NYR,30004854,Trevor Kuntar,assists,rf_qrf_assists,0.3.0,empirical_qrf,0.0,0.0,0.0,,4935908734271347323,2026-01-08 19:04:01.073745
2026-01-08,24657,BUF,NYR,30004923,Josh Dunne,assists,rf_qrf_assists,0.3.0,empirical_qrf,0.00416072131237246,0.0,0.009615384615384616,,4935908734271347323,2026-01-08 19:04:01.073745
2026-01-08,24657,BUF,NYR,30004948,Carson Meyer,assists,rf_qrf_assists,0.3.0,empirical_qrf,0.00416072131237246,0.0,0.009615384615384616,,4935908734271347323,2026-01-08 19:04:01.073745
2026-01-08,24657,BUF,NYR,30004956,Justin Danforth,assists,rf_qrf_assists,0.3.0,empirical_qrf,0.0,0.0,0.0,,4935908734271347323,2026-01-08 19:04:01.073745
2026-01-08,24657,BUF,NYR,30004980,Owen Power,assists,rf_qrf_assists,0.3.0,empirical_qrf,0.0,0.0,0.0,,4935908734271347323,2026-01-08 19:04:01.073745
2026-01-08,24657,BUF,NYR,30004981,Devon Levi,assists,rf_qrf_assists,0.3.0,empirical_qrf,0.006010523816671021,0.004617148994188913,0.00739245098226108,,4935908734271347323,2026-01-08 19:04:01.073745
2026-01-08,24657,BUF,NYR,30004982,Isak Rosen,assists,rf_qrf_assists,0.3.0,empirical_qrf,0.027844394224098252,0.0,0.06681818181818185,,4935908734271347323,2026-01-08 19:04:01.073745
2026-01-08,24657,BUF,NYR,30005017,Josh Doan,assists,rf_qrf_assists,0.3.0,empirical_qrf,0.20381589706589706,0.0,0.5,,4935908734271347323,2026-01-08 19:04:01.073745
2026-01-08,24657,BUF,NYR,30005067,Isaac Belliveau,assists,rf_qrf_assists,0.3.0,empirical_qrf,0.006010523816671021,0.004617148994188913,0.00739245098226108,,4935908734271347323,2026-01-08 19:04:01.073745
2026-01-08,24657,BUF,NYR,30005147,Tyson Kozak,assists,rf_qrf_assists,0.3.0,empirical_qrf,0.0,0.0,0.0,,4935908734271347323,2026-01-08 19:04:01.073745
2026-01-08,24657,BUF,NYR,30005151,Olivier Nadeau,assists,rf_qrf_assists,0.3.0,empirical_qrf,0.0005539403321137067,0.0,0.0,,4935908734271347323,2026-01-08 19:04:01.073745
2026-01-08,24657,BUF,NYR,30005441,Ryan Johnson,assists,rf_qrf_assists,0.3.0,empirical_qrf,0.03976736198569264,0.0,0.07799503866919599,,4935908734271347323,2026-01-08 19:04:01.073745
2026-01-08,24657,BUF,NYR,30005445,Nikita Novikov,assists,rf_qrf_assists,0.3.0,empirical_qrf,0.0104510582010582,0.0,0.0,,4935908734271347323,2026-01-08 19:04:01.073745
2026-01-08,24657,BUF,NYR,30005634,Noah Ostlund,assists,rf_qrf_assists,0.3.0,empirical_qrf,0.0,0.0,0.0,,4935908734271347323,2026-01-08 19:04:01.073745
2026-01-08,24657,BUF,NYR,30005644,Jiri Kulich,assists,rf_qrf_assists,0.3.0,empirical_qrf,0.05206547619047619,0.0,0.0,,4935908734271347323,2026-01-08 19:04:01.073745
2026-01-08,24657,BUF,NYR,30005685,Viktor Neuchev,assists,rf_qrf_assists,0.3.0,empirical_qrf,0.0020992063492063493,0.0,0.0,,4935908734271347323,2026-01-08 19:04:01.073745
2026-01-08,24657,BUF,NYR,30005730,Vsevolod Komarov,assists,rf_qrf_assists,0.3.0,empirical_qrf,0.0,0.0,0.0,,4935908734271347323,2026-01-08 19:04:01.073745
2026-01-08,24657,BUF,NYR,30005764,Noah Laaouan,assists,rf_qrf_assists,0.3.0,empirical_qrf,0.04394521867985976,0.0,0.08695652173913043,,4935908734271347323,2026-01-08 19:04:01.073745
2026-01-08,24657,BUF,NYR,30005767,Graham Slaggert,assists,rf_qrf_assists,0.3.0,empirical_qrf,0.0,0.0,0.0,,4935908734271347323,2026-01-08 19:04:01.073745
2026-01-08,24657,BUF,NYR,30005793,Riley Fiddler-Schultz,assists,rf_qrf_assists,0.3.0,empirical_qrf,0.06062948193157782,0.021692876965772434,0.11136363636363641,,4935908734271347323,2026-01-08 19:04:01.073745
2026-01-08,24657,BUF,NYR,30006028,Jagger Joshua,assists,rf_qrf_assists,0.3.0,empirical_qrf,0.0,0.0,0.0,,4935908734271347323,2026-01-08 19:04:01.073745
2026-01-08,24657,BUF,NYR,30006039,Aidan Fulp,assists,rf_qrf_assists,0.3.0,empirical_qrf,0.006010523816671021,0.004617148994188913,0.00739245098226108,,4935908734271347323,2026-01-08 19:04:01.073745
2026-01-08,24657,BUF,NYR,30006070,Zach Benson,assists,rf_qrf_assists,0.3.0,empirical_qrf,0.0,0.0,0.0,,4935908734271347323,2026-01-08 19:04:01.073745
2026-01-08,24657,BUF,NYR,30006092,Anton Wahlberg,assists,rf_qrf_assists,0.3.0,empirical_qrf,0.03976736198569264,0.0,0.07799503866919599,,4935908734271347323,2026-01-08 19:04:01.073745
2026-01-08,24657,BUF,NYR,30006340,Zach Metsa,assists,rf_qrf_assists,0.3.0,empirical_qrf,0.003826330532212885,0.0,0.0,,4935908734271347323,2026-01-08 19:04:01.073745
2026-01-08,24657,BUF,NYR,30006341,Christopher Brown,assists,rf_qrf_assists,0.3.0,empirical_qrf,0.006010523816671021,0.004617148994188913,0.00739245098226108,,4935908734271347323,2026-01-08 19:04:01.073745
2026-01-08,24657,BUF,NYR,30006342,Dominick Mersch,assists,rf_qrf_assists,0.3.0,empirical_qrf,0.006010523816671021,0.004617148994188913,0.00739245098226108,,4935908734271347323,2026-01-08 19:04:01.073745
2026-01-08,24657,NYR,BUF,30000123,Jonathan Quick,assists,rf_qrf_assists,0.3.0,empirical_qrf,0.006010523816671021,0.004617148994188913,0.00739245098226108,,4935908734271347323,2026-01-08 19:04:01.073745
2026-01-08,24657,NYR,BUF,30000226,Vincent Trocheck,assists,rf_qrf_assists,0.3.0,empirical_qrf,0.0,0.0,0.0,,4935908734271347323,2026-01-08 19:04:01.073745
2026-01-08,24657,NYR,BUF,30000410,Conor Sheary,assists,rf_qrf_assists,0.3.0,empirical_qrf,0.20381589706589706,0.0,0.5,,4935908734271347323,2026-01-08 19:04:01.073745
2026-01-08,24657,NYR,BUF,30000467,Mika Zibanejad,assists,rf_qrf_assists,0.3.0,empirical_qrf,0.0005555555555555556,0.0,0.0,,4935908734271347323,2026-01-08 19:04:01.073745
2026-01-08,24657,NYR,BUF,30000489,Sam Carrick,assists,rf_qrf_assists,0.3.0,empirical_qrf,0.062367264590366366,0.0,0.15038461538461548,,4935908734271347323,2026-01-08 19:04:01.073745
2026-01-08,24657,NYR,BUF,30000617,J.T. Miller,assists,rf_qrf_assists,0.3.0,empirical_qrf,0.0,0.0,0.0,,4935908734271347323,2026-01-08 19:04:01.073745
2026-01-08,24657,NYR,BUF,30001322,Artemi Panarin,assists,rf_qrf_assists,0.3.0,empirical_qrf,0.0,0.0,0.0,,4935908734271347323,2026-01-08 19:04:01.073745
2026-01-08,24657,NYR,BUF,30002524,Spencer Martin,assists,rf_qrf_assists,0.3.0,empirical_qrf,0.006010523816671021,0.004617148994188913,0.00739245098226108,,4935908734271347323,2026-01-08 19:04:01.073745
2026-01-08,24657,NYR,BUF,30002967,Jonny Brodzinski,assists,rf_qrf_assists,0.3.0,empirical_qrf,0.0,0.0,0.0,,4935908734271347323,2026-01-08 19:04:01.073745
2026-01-08,24657,NYR,BUF,30002999,Igor Shesterkin,assists,rf_qrf_assists,0.3.0,empirical_qrf,0.006010523816671021,0.004617148994188913,0.00739245098226108,,4935908734271347323,2026-01-08 19:04:01.073745
2026-01-08,24657,NYR,BUF,30003170,Taylor Raddysh,assists,rf_qrf_assists,0.3.0,empirical_qrf,0.00416072131237246,0.0,0.009615384615384616,,4935908734271347323,2026-01-08 19:04:01.073745
2026-01-08,24657,NYR,BUF,30003194,Adam Fox,assists,rf_qrf_assists,0.3.0,empirical_qrf,0.0,0.0,0.0,,4935908734271347323,2026-01-08 19:04:01.073745
2026-01-08,24657,NYR,BUF,30003202,Casey Fitzgerald,assists,rf_qrf_assists,0.3.0,empirical_qrf,0.0,0.0,0.0,,4935908734271347323,2026-01-08 19:04:01.073745
2026-01-08,24657,NYR,BUF,30003583,Carson Soucy,assists,rf_qrf_assists,0.3.0,empirical_qrf,0.04011137135049976,0.0,0.09119318181818188,,4935908734271347323,2026-01-08 19:04:01.073745
2026-01-08,24657,NYR,BUF,30003649,Urho Vaakanainen,assists,rf_qrf_assists,0.3.0,empirical_qrf,0.0,0.0,0.0,,4935908734271347323,2026-01-08 19:04:01.073745
2026-01-08,24657,NYR,BUF,30003743,Will Borgen,assists,rf_qrf_assists,0.3.0,empirical_qrf,0.0,0.0,0.0,,4935908734271347323,2026-01-08 19:04:01.073745
2026-01-08,24657,NYR,BUF,30003952,Blake Hillman,assists,rf_qrf_assists,0.3.0,empirical_qrf,0.006010523816671021,0.004617148994188913,0.00739245098226108,,4935908734271347323,2026-01-08 19:04:01.073745
2026-01-08,24657,NYR,BUF,30004430,Vladislav Gavrikov,assists,rf_qrf_assists,0.3.0,empirical_qrf,0.0,0.0,0.0,,4935908734271347323,2026-01-08 19:04:01.073745
2026-01-08,24657,NYR,BUF,30004504,Matthew Robertson,assists,rf_qrf_assists,0.3.0,empirical_qrf,0.018381610607100085,0.0,0.036585365853658534,,4935908734271347323,2026-01-08 19:04:01.073745
2026-01-08,24657,NYR,BUF,30004749,Connor Mackey,assists,rf_qrf_assists,0.3.0,empirical_qrf,0.0,0.0,0.0,,4935908734271347323,2026-01-08 19:04:01.073745
2026-01-08,24657,NYR,BUF,30004797,Brendan Brisson,assists,rf_qrf_assists,0.3.0,empirical_qrf,0.0,0.0,0.0,,4935908734271347323,2026-01-08 19:04:01.073745
2026-01-08,24657,NYR,BUF,30004807,Alexis Lafrenière,assists,rf_qrf_assists,0.3.0,empirical_qrf,0.027844394224098252,0.0,0.06681818181818185,,4935908734271347323,2026-01-08 19:04:01.073745
2026-01-08,24657,NYR,BUF,30004820,Braden Schneider,assists,rf_qrf_assists,0.3.0,empirical_qrf,0.0,0.0,0.0,,4935908734271347323,2026-01-08 19:04:01.073745
2026-01-08,24657,NYR,BUF,30004832,Will Cuylle,assists,rf_qrf_assists,0.3.0,empirical_qrf,0.011939814814814813,0.0,0.0,,4935908734271347323,2026-01-08 19:04:01.073745
2026-01-08,24657,NYR,BUF,30004887,Brett Berard,assists,rf_qrf_assists,0.3.0,empirical_qrf,0.0,0.0,0.0,,4935908734271347323,2026-01-08 19:04:01.073745
2026-01-08,24657,NYR,BUF,30004896,Dylan Garand,assists,rf_qrf_assists,0.3.0,empirical_qrf,0.006010523816671021,0.004617148994188913,0.00739245098226108,,4935908734271347323,2026-01-08 19:04:01.073745
2026-01-08,24657,NYR,BUF,30004968,Juuso Parssinen,assists,rf_qrf_assists,0.3.0,empirical_qrf,0.0,0.0,0.0,,4935908734271347323,2026-01-08 19:04:01.073745
2026-01-08,24657,NYR,BUF,30004987,Brennan Othmann,assists,rf_qrf_assists,0.3.0,empirical_qrf,0.062367264590366366,0.0,0.15038461538461548,,4935908734271347323,2026-01-08 19:04:01.073745
2026-01-08,24657,NYR,BUF,30005014,Scott Morrow,assists,rf_qrf_assists,0.3.0,empirical_qrf,0.0,0.0,0.0,,4935908734271347323,2026-01-08 19:04:01.073745
2026-01-08,24657,NYR,BUF,30005069,Christopher Merisier-Ortiz,assists,rf_qrf_assists,0.3.0,empirical_qrf,0.006010523816671021,0.004617148994188913,0.00739245098226108,,4935908734271347323,2026-01-08 19:04:01.073745
2026-01-08,24657,NYR,BUF,30005183,Matt Rempe,assists,rf_qrf_assists,0.3.0,empirical_qrf,0.0,0.0,0.0,,4935908734271347323,2026-01-08 19:04:01.073745
2026-01-08,24657,NYR,BUF,30005223,Kyle Jackson,assists,rf_qrf_assists,0.3.0,empirical_qrf,0.006010523816671021,0.004617148994188913,0.00739245098226108,,4935908734271347323,2026-01-08 19:04:01.073745
2026-01-08,24657,NYR,BUF,30005252,Adam Edstrom,assists,rf_qrf_assists,0.3.0,empirical_qrf,0.0,0.0,0.0,,4935908734271347323,2026-01-08 19:04:01.073745
2026-01-08,24657,NYR,BUF,30005563,Brandon Scanlin,assists,rf_qrf_assists,0.3.0,empirical_qrf,0.04394521867985976,0.0,0.08695652173913043,,4935908734271347323,2026-01-08 19:04:01.073745
2026-01-08,24657,NYR,BUF,30005662,Adam Sykora,assists,rf_qrf_assists,0.3.0,empirical_qrf,0.00416072131237246,0.0,0.009615384615384616,,4935908734271347323,2026-01-08 19:04:01.073745
2026-01-08,24657,NYR,BUF,30005686,Bryce McConnell-Barker,assists,rf_qrf_assists,0.3.0,empirical_qrf,0.012385115070418345,0.0,0.0294556628621598,,4935908734271347323,2026-01-08 19:04:01.073745
2026-01-08,24657,NYR,BUF,30005883,Noah Laba,assists,rf_qrf_assists,0.3.0,empirical_qrf,0.007611111111111111,0.0,0.0,,4935908734271347323,2026-01-08 19:04:01.073745
2026-01-08,24657,NYR,BUF,30006074,Gabe Perreault,assists,rf_qrf_assists,0.3.0,empirical_qrf,0.22682803448128525,0.0,0.5045454545454556,,4935908734271347323,2026-01-08 19:04:01.073745
2026-01-08,24657,NYR,BUF,30006118,Carey Terrance,assists,rf_qrf_assists,0.3.0,empirical_qrf,0.007043537013121695,0.0,0.014251781472684086,,4935908734271347323,2026-01-08 19:04:01.073745
2026-01-08,24657,NYR,BUF,30006174,Dylan Roobroeck,assists,rf_qrf_assists,0.3.0,empirical_qrf,0.0,0.0,0.0,,4935908734271347323,2026-01-08 19:04:01.073745
2026-01-08,24657,NYR,BUF,30006331,Brett Budgell,assists,rf_qrf_assists,0.3.0,empirical_qrf,0.006010523816671021,0.004617148994188913,0.00739245098226108,,4935908734271347323,2026-01-08 19:04:01.073745
2026-01-08,24658,FLA,MON,30000074,Brad Marchand,assists,rf_qrf_assists,0.3.0,empirical_qrf,0.0009722222222222221,0.0,0.0,,4935908734271347323,2026-01-08 19:04:01.073745
2026-01-08,24658,FLA,MON,30000201,Keith Kinkaid,assists,rf_qrf_assists,0.3.0,empirical_qrf,0.006010523816671021,0.004617148994188913,0.00739245098226108,,4935908734271347323,2026-01-08 19:04:01.073745
2026-01-08,24658,FLA,MON,30000228,Aleksander Barkov,assists,rf_qrf_assists,0.3.0,empirical_qrf,0.0,0.0,0.0,,4935908734271347323,2026-01-08 19:04:01.073745
2026-01-08,24658,FLA,MON,30000232,Dmitry Kulikov,assists,rf_qrf_assists,0.3.0,empirical_qrf,0.00416072131237246,0.0,0.009615384615384616,,4935908734271347323,2026-01-08 19:04:01.073745
2026-01-08,24658,FLA,MON,30000239,Aaron Ekblad,assists,rf_qrf_assists,0.3.0,empirical_qrf,0.0,0.0,0.0,,4935908734271347323,2026-01-08 19:04:01.073745
2026-01-08,24658,FLA,MON,30000253,Seth Jones,assists,rf_qrf_assists,0.3.0,empirical_qrf,0.0,0.0,0.0,,4935908734271347323,2026-01-08 19:04:01.073745
2026-01-08,24658,FLA,MON,30000559,Sam Bennett,assists,rf_qrf_assists,0.3.0,empirical_qrf,0.01835185185185185,0.0,0.0,,4935908734271347323,2026-01-08 19:04:01.073745
2026-01-08,24658,FLA,MON,30000667,Sergei Bobrovsky,assists,rf_qrf_assists,0.3.0,empirical_qrf,0.006010523816671021,0.004617148994188913,0.00739245098226108,,4935908734271347323,2026-01-08 19:04:01.073745
2026-01-08,24658,FLA,MON,30000723,Jeff Petry,assists,rf_qrf_assists,0.3.0,empirical_qrf,0.00037037037037037035,0.0,0.0,,4935908734271347323,2026-01-08 19:04:01.073745
2026-01-08,24658,FLA,MON,30000934,Louis Domingue,assists,rf_qrf_assists,0.3.0,empirical_qrf,0.006010523816671021,0.004617148994188913,0.00739245098226108,,4935908734271347323,2026-01-08 19:04:01.073745
2026-01-08,24658,FLA,MON,30000980,Sam Reinhart,assists,rf_qrf_assists,0.3.0,empirical_qrf,0.25444841269841273,0.0,0.6666666666666666,,4935908734271347323,2026-01-08 19:04:01.073745
2026-01-08,24658,FLA,MON,30000981,Evan Rodrigues,assists,rf_qrf_assists,0.3.0,empirical_qrf,0.006115319865319866,0.0,0.0,,4935908734271347323,2026-01-08 19:04:01.073745
2026-01-08,24658,FLA,MON,30001035,Tomás Nosek,assists,rf_qrf_assists,0.3.0,empirical_qrf,0.006010523816671021,0.004617148994188913,0.00739245098226108,,4935908734271347323,2026-01-08 19:04:01.073745
2026-01-08,24658,FLA,MON,30001159,Carter Verhaeghe,assists,rf_qrf_assists,0.3.0,empirical_qrf,0.0035317460317460317,0.0,0.0,,4935908734271347323,2026-01-08 19:04:01.073745
2026-01-08,24658,FLA,MON,30001387,Niko Mikkola,assists,rf_qrf_assists,0.3.0,empirical_qrf,0.0,0.0,0.0,,4935908734271347323,2026-01-08 19:04:01.073745
2026-01-08,24658,FLA,MON,30001448,Daniil Tarasov,assists,rf_qrf_assists,0.3.0,empirical_qrf,0.006010523816671021,0.004617148994188913,0.00739245098226108,,4935908734271347323,2026-01-08 19:04:01.073745
2026-01-08,24658,FLA,MON,30002069,Nathan Smith,assists,rf_qrf_assists,0.3.0,empirical_qrf,0.0,0.0,0.0,,4935908734271347323,2026-01-08 19:04:01.073745
2026-01-08,24658,FLA,MON,30002758,Gustav Forsling,assists,rf_qrf_assists,0.3.0,empirical_qrf,0.0,0.0,0.0,,4935908734271347323,2026-01-08 19:04:01.073745
2026-01-08,24658,FLA,MON,30002796,Mitchell Vande Sompel,assists,rf_qrf_assists,0.3.0,empirical_qrf,0.0,0.0,0.0,,4935908734271347323,2026-01-08 19:04:01.073745
2026-01-08,24658,FLA,MON,30002839,A.J. Greer,assists,rf_qrf_assists,0.3.0,empirical_qrf,0.0343122627319318,0.0,0.07052313883299802,,4935908734271347323,2026-01-08 19:04:01.073745
2026-01-08,24658,FLA,MON,30003077,Tyler Motte,assists,rf_qrf_assists,0.3.0,empirical_qrf,0.0,0.0,0.0,,4935908734271347323,2026-01-08 19:04:01.073745
2026-01-08,24658,FLA,MON,30003134,Matthew Tkachuk,assists,rf_qrf_assists,0.3.0,empirical_qrf,0.0,0.0,0.0,,4935908734271347323,2026-01-08 19:04:01.073745
2026-01-08,24658,FLA,MON,30003150,Luke Kunin,assists,rf_qrf_assists,0.3.0,empirical_qrf,0.007043537013121695,0.0,0.014251781472684086,,4935908734271347323,2026-01-08 19:04:01.073745
2026-01-08,24658,FLA,MON,30003322,Noah Gregor,assists,rf_qrf_assists,0.3.0,empirical_qrf,0.0006613756613756613,0.0,0.0,,4935908734271347323,2026-01-08 19:04:01.073745
2026-01-08,24658,FLA,MON,30003468,Evan Cormier,assists,rf_qrf_assists,0.3.0,empirical_qrf,0.006010523816671021,0.004617148994188913,0.00739245098226108,,4935908734271347323,2026-01-08 19:04:01.073745
2026-01-08,24658,FLA,MON,30003671,Jack Studnicka,assists,rf_qrf_assists,0.3.0,empirical_qrf,0.0008333333333333334,0.0,0.0,,4935908734271347323,2026-01-08 19:04:01.073745
2026-01-08,24658,FLA,MON,30003681,Eetu Luostarinen,assists,rf_qrf_assists,0.3.0,empirical_qrf,0.003194444444444444,0.0,0.0,,4935908734271347323,2026-01-08 19:04:01.073745
2026-01-08,24658,FLA,MON,30003683,Jesper Boqvist,assists,rf_qrf_assists,0.3.0,empirical_qrf,0.0,0.0,0.0,,4935908734271347323,2026-01-08 19:04:01.073745
2026-01-08,24658,FLA,MON,30003694,Jonah Gadjovich,assists,rf_qrf_assists,0.3.0,empirical_qrf,0.0343122627319318,0.0,0.07052313883299802,,4935908734271347323,2026-01-08 19:04:01.073745
2026-01-08,24658,FLA,MON,30004088,Jay O'Brien,assists,rf_qrf_assists,0.3.0,empirical_qrf,0.006010523816671021,0.004617148994188913,0.00739245098226108,,4935908734271347323,2026-01-08 19:04:01.073745
2026-01-08,24658,FLA,MON,30004497,Tobias Bjornfot,assists,rf_qrf_assists,0.3.0,empirical_qrf,0.0343122627319318,0.0,0.07052313883299802,,4935908734271347323,2026-01-08 19:04:01.073745
2026-01-08,24658,FLA,MON,30004517,Robert Mastrosimone,assists,rf_qrf_assists,0.3.0,empirical_qrf,0.0,0.0,0.0,,4935908734271347323,2026-01-08 19:04:01.073745
2026-01-08,24658,FLA,MON,30004574,Cole Schwindt,assists,rf_qrf_assists,0.3.0,empirical_qrf,0.0,0.0,0.0,,4935908734271347323,2026-01-08 19:04:01.073745
2026-01-08,24658,FLA,MON,30004809,Anton Lundell,assists,rf_qrf_assists,0.3.0,empirical_qrf,0.0,0.0,0.0,,4935908734271347323,2026-01-08 19:04:01.073745
2026-01-08,24658,FLA,MON,30004873,Donovan Sebrango,assists,rf_qrf_assists,0.3.0,empirical_qrf,0.03976736198569264,0.0,0.07799503866919599,,4935908734271347323,2026-01-08 19:04:01.073745
2026-01-08,24658,FLA,MON,30004886,Michael Benning,assists,rf_qrf_assists,0.3.0,empirical_qrf,0.0011666666666666665,0.0,0.0,,4935908734271347323,2026-01-08 19:04:01.073745
2026-01-08,24658,FLA,MON,30005000,Mackie Samoskevich,assists,rf_qrf_assists,0.3.0,empirical_qrf,0.0011666666666666665,0.0,0.0,,4935908734271347323,2026-01-08 19:04:01.073745
2026-01-08,24658,FLA,MON,30005025,Evan Nause,assists,rf_qrf_assists,0.3.0,empirical_qrf,0.0,0.0,0.0,,4935908734271347323,2026-01-08 19:04:01.073745
2026-01-08,24658,FLA,MON,30005215,Cole Krygier,assists,rf_qrf_assists,0.3.0,empirical_qrf,0.006010523816671021,0.004617148994188913,0.00739245098226108,,4935908734271347323,2026-01-08 19:04:01.073745
2026-01-08,24658,FLA,MON,30005556,Mack Guzda,assists,rf_qrf_assists,0.3.0,empirical_qrf,0.006010523816671021,0.004617148994188913,0.00739245098226108,,4935908734271347323,2026-01-08 19:04:01.073745
2026-01-08,24658,FLA,MON,30005598,Mitchell Russell,assists,rf_qrf_assists,0.3.0,empirical_qrf,0.006010523816671021,0.004617148994188913,0.00739245098226108,,4935908734271347323,2026-01-08 19:04:01.073745
2026-01-08,24658,FLA,MON,30005723,Marek Alscher,assists,rf_qrf_assists,0.3.0,empirical_qrf,0.01487197669874238,0.0,0.033726909160159975,,4935908734271347323,2026-01-08 19:04:01.073745
2026-01-08,24658,FLA,MON,30005848,Josh Davies,assists,rf_qrf_assists,0.3.0,empirical_qrf,0.006034152305760568,0.0,0.011940298507462687,,4935908734271347323,2026-01-08 19:04:01.073745
2026-01-08,24658,FLA,MON,30005849,Kai Schwindt,assists,rf_qrf_assists,0.3.0,empirical_qrf,0.0,0.0,0.0,,4935908734271347323,2026-01-08 19:04:01.073745
2026-01-08,24658,FLA,MON,30005850,Sandis Vilmanis,assists,rf_qrf_assists,0.3.0,empirical_qrf,0.0013333333333333335,0.0,0.0,,4935908734271347323,2026-01-08 19:04:01.073745
2026-01-08,24658,FLA,MON,30006034,Jake Livingstone,assists,rf_qrf_assists,0.3.0,empirical_qrf,0.0,0.0,0.0,,4935908734271347323,2026-01-08 19:04:01.073745
2026-01-08,24658,FLA,MON,30006040,Ryan McAllister,assists,rf_qrf_assists,0.3.0,empirical_qrf,0.005712962962962962,0.0,0.0,,4935908734271347323,2026-01-08 19:04:01.073745
2026-01-08,24658,FLA,MON,30006048,Uvis Balinskis,assists,rf_qrf_assists,0.3.0,empirical_qrf,0.0,0.0,0.0,,4935908734271347323,2026-01-08 19:04:01.073745
2026-01-08,24658,FLA,MON,30006097,Gracyn Sawchyn,assists,rf_qrf_assists,0.3.0,empirical_qrf,0.0,0.0,0.0,,4935908734271347323,2026-01-08 19:04:01.073745
2026-01-08,24658,FLA,MON,30006326,Michael Simpson,assists,rf_qrf_assists,0.3.0,empirical_qrf,0.006010523816671021,0.004617148994188913,0.00739245098226108,,4935908734271347323,2026-01-08 19:04:01.073745
2026-01-08,24658,FLA,MON,30006394,Graham McPhee,assists,rf_qrf_assists,0.3.0,empirical_qrf,0.000913566368298322,0.0,0.0,,4935908734271347323,2026-01-08 19:04:01.073745
2026-01-08,24658,MON,FLA,30000015,Brendan Gallagher,assists,rf_qrf_assists,0.3.0,empirical_qrf,0.014630790505790504,0.0,0.0,,4935908734271347323,2026-01-08 19:04:01.073745
2026-01-08,24658,MON,FLA,30000227,Mike Matheson,assists,rf_qrf_assists,0.3.0,empirical_qrf,0.0008862433862433862,0.0,0.0,,4935908734271347323,2026-01-08 19:04:01.073745
2026-01-08,24658,MON,FLA,30000555,Tyler Wotherspoon,assists,rf_qrf_assists,0.3.0,empirical_qrf,0.006010523816671021,0.004617148994188913,0.00739245098226108,,4935908734271347323,2026-01-08 19:04:01.073745
2026-01-08,24658,MON,FLA,30000670,Sammy Blais,assists,rf_qrf_assists,0.3.0,empirical_qrf,0.0,0.0,0.0,,4935908734271347323,2026-01-08 19:04:01.073745
2026-01-08,24658,MON,FLA,30001395,Laurent Dauphin,assists,rf_qrf_assists,0.3.0,empirical_qrf,0.012385115070418345,0.0,0.0294556628621598,,4935908734271347323,2026-01-08 19:04:01.073745
2026-01-08,24658,MON,FLA,30001424,Phillip Danault,assists,rf_qrf_assists,0.3.0,empirical_qrf,0.01835185185185185,0.0,0.0,,4935908734271347323,2026-01-08 19:04:01.073745
2026-01-08,24658,MON,FLA,30002592,Kaapo Kahkonen,assists,rf_qrf_assists,0.3.0,empirical_qrf,0.006010523816671021,0.004617148994188913,0.00739245098226108,,4935908734271347323,2026-01-08 19:04:01.073745
2026-01-08,24658,MON,FLA,30002601,Joshua Jacobs,assists,rf_qrf_assists,0.3.0,empirical_qrf,0.006010523816671021,0.004617148994188913,0.00739245098226108,,4935908734271347323,2026-01-08 19:04:01.073745
2026-01-08,24658,MON,FLA,30002663,Vincent Arseneau,assists,rf_qrf_assists,0.3.0,empirical_qrf,0.006010523816671021,0.004617148994188913,0.00739245098226108,,4935908734271347323,2026-01-08 19:04:01.073745
2026-01-08,24658,MON,FLA,30002781,Sam Montembeault,assists,rf_qrf_assists,0.3.0,empirical_qrf,0.006010523816671021,0.004617148994188913,0.00739245098226108,,4935908734271347323,2026-01-08 19:04:01.073745
2026-01-08,24658,MON,FLA,30002825,Alexandre Carrier,assists,rf_qrf_assists,0.3.0,empirical_qrf,0.0,0.0,0.0,,4935908734271347323,2026-01-08 19:04:01.073745
2026-01-08,24658,MON,FLA,30003131,Patrik Laine,assists,rf_qrf_assists,0.3.0,empirical_qrf,0.0013880708190171106,0.0,0.0,,4935908734271347323,2026-01-08 19:04:01.073745
2026-01-08,24658,MON,FLA,30003667,Nick Suzuki,assists,rf_qrf_assists,0.3.0,empirical_qrf,0.0,0.0,0.0,,4935908734271347323,2026-01-08 19:04:01.073745
2026-01-08,24658,MON,FLA,30003687,Alexandre Texier,assists,rf_qrf_assists,0.3.0,empirical_qrf,0.007043537013121695,0.0,0.014251781472684086,,4935908734271347323,2026-01-08 19:04:01.073745
2026-01-08,24658,MON,FLA,30003901,Alex Belzile,assists,rf_qrf_assists,0.3.0,empirical_qrf,0.0,0.0,0.0,,4935908734271347323,2026-01-08 19:04:01.073745
2026-01-08,24658,MON,FLA,30003958,Nate Clurman,assists,rf_qrf_assists,0.3.0,empirical_qrf,0.0343122627319318,0.0,0.07052313883299802,,4935908734271347323,2026-01-08 19:04:01.073745
2026-01-08,24658,MON,FLA,30003990,Jake Evans,assists,rf_qrf_assists,0.3.0,empirical_qrf,0.0343122627319318,0.0,0.07052313883299802,,4935908734271347323,2026-01-08 19:04:01.073745
2026-01-08,24658,MON,FLA,30004086,Noah Dobson,assists,rf_qrf_assists,0.3.0,empirical_qrf,0.0,0.0,0.0,,4935908734271347323,2026-01-08 19:04:01.073745
2026-01-08,24658,MON,FLA,30004101,Joe Veleno,assists,rf_qrf_assists,0.3.0,empirical_qrf,0.0,0.0,0.0,,4935908734271347323,2026-01-08 19:04:01.073745
2026-01-08,24658,MON,FLA,30004204,Wyatte Wylie,assists,rf_qrf_assists,0.3.0,empirical_qrf,0.08403246753246753,0.0,0.009090909090911158,,4935908734271347323,2026-01-08 19:04:01.073745
2026-01-08,24658,MON,FLA,30004284,Kevin Mandolese,assists,rf_qrf_assists,0.3.0,empirical_qrf,0.006010523816671021,0.004617148994188913,0.00739245098226108,,4935908734271347323,2026-01-08 19:04:01.073745
2026-01-08,24658,MON,FLA,30004361,Josh Anderson,assists,rf_qrf_assists,0.3.0,empirical_qrf,0.0,0.0,0.0,,4935908734271347323,2026-01-08 19:04:01.073745
2026-01-08,24658,MON,FLA,30004472,Kirby Dach,assists,rf_qrf_assists,0.3.0,empirical_qrf,0.0,0.0,0.0,,4935908734271347323,2026-01-08 19:04:01.073745
2026-01-08,24658,MON,FLA,30004486,Alex Newhook,assists,rf_qrf_assists,0.3.0,empirical_qrf,0.0,0.0,0.0,,4935908734271347323,2026-01-08 19:04:01.073745
2026-01-08,24658,MON,FLA,30004520,Hunter Jones,assists,rf_qrf_assists,0.3.0,empirical_qrf,0.0,0.0,0.0,,4935908734271347323,2026-01-08 19:04:01.073745
2026-01-08,24658,MON,FLA,30004559,Jayden Struble,assists,rf_qrf_assists,0.3.0,empirical_qrf,0.018381610607100085,0.0,0.036585365853658534,,4935908734271347323,2026-01-08 19:04:01.073745
2026-01-08,24658,MON,FLA,30004803,Kaiden Guhle,assists,rf_qrf_assists,0.3.0,empirical_qrf,0.0,0.0,0.0,,4935908734271347323,2026-01-08 19:04:01.073745
2026-01-08,24658,MON,FLA,30004866,Ryan O'Rourke,assists,rf_qrf_assists,0.3.0,empirical_qrf,0.0,0.0,0.0,,4935908734271347323,2026-01-08 19:04:01.073745
2026-01-08,24658,MON,FLA,30004876,Ty Smilanic,assists,rf_qrf_assists,0.3.0,empirical_qrf,0.006010523816671021,0.004617148994188913,0.00739245098226108,,4935908734271347323,2026-01-08 19:04:01.073745
2026-01-08,24658,MON,FLA,30004894,Sean Farrell,assists,rf_qrf_assists,0.3.0,empirical_qrf,0.0,0.0,0.0,,4935908734271347323,2026-01-08 19:04:01.073745
2026-01-08,24658,MON,FLA,30004928,Cole Caufield,assists,rf_qrf_assists,0.3.0,empirical_qrf,0.0,0.0,0.0,,4935908734271347323,2026-01-08 19:04:01.073745
2026-01-08,24658,MON,FLA,30004950,Marc Del Gaizo,assists,rf_qrf_assists,0.3.0,empirical_qrf,0.0,0.0,0.0,,4935908734271347323,2026-01-08 19:04:01.073745
2026-01-08,24658,MON,FLA,30004990,Zachary Bolduc,assists,rf_qrf_assists,0.3.0,empirical_qrf,0.0,0.0,0.0,,4935908734271347323,2026-01-08 19:04:01.073745
2026-01-08,24658,MON,FLA,30005021,Oliver Kapanen,assists,rf_qrf_assists,0.3.0,empirical_qrf,0.0010357142857142856,0.0,0.0,,4935908734271347323,2026-01-08 19:04:01.073745
2026-01-08,24658,MON,FLA,30005022,Riley Kidney,assists,rf_qrf_assists,0.3.0,empirical_qrf,0.16386143882572454,0.0,0.3333333333333333,,4935908734271347323,2026-01-08 19:04:01.073745
2026-01-08,24658,MON,FLA,30005118,Tobie Paquette-Bisson,assists,rf_qrf_assists,0.3.0,empirical_qrf,0.0001235071231266056,0.0,0.0,,4935908734271347323,2026-01-08 19:04:01.073745
2026-01-08,24658,MON,FLA,30005121,Joshua Roy,assists,rf_qrf_assists,0.3.0,empirical_qrf,0.006034152305760568,0.0,0.011940298507462687,,4935908734271347323,2026-01-08 19:04:01.073745
2026-01-08,24658,MON,FLA,30005122,Xavier Simoneau,assists,rf_qrf_assists,0.3.0,empirical_qrf,0.006010523816671021,0.004617148994188913,0.00739245098226108,,4935908734271347323,2026-01-08 19:04:01.073745
2026-01-08,24658,MON,FLA,30005127,Joe Vrbetic,assists,rf_qrf_assists,0.3.0,empirical_qrf,0.006010523816671021,0.004617148994188913,0.00739245098226108,,4935908734271347323,2026-01-08 19:04:01.073745
2026-01-08,24658,MON,FLA,30005128,Arber Xhekaj,assists,rf_qrf_assists,0.3.0,empirical_qrf,0.0,0.0,0.0,,4935908734271347323,2026-01-08 19:04:01.073745
2026-01-08,24658,MON,FLA,30005287,Gannon Laroque,assists,rf_qrf_assists,0.3.0,empirical_qrf,0.006010523816671021,0.004617148994188913,0.00739245098226108,,4935908734271347323,2026-01-08 19:04:01.073745
2026-01-08,24658,MON,FLA,30005288,Ben Gaudreau,assists,rf_qrf_assists,0.3.0,empirical_qrf,0.006010523816671021,0.004617148994188913,0.00739245098226108,,4935908734271347323,2026-01-08 19:04:01.073745
2026-01-08,24658,MON,FLA,30005534,Jakub Dobes,assists,rf_qrf_assists,0.3.0,empirical_qrf,0.006010523816671021,0.004617148994188913,0.00739245098226108,,4935908734271347323,2026-01-08 19:04:01.073745
2026-01-08,24658,MON,FLA,30005574,Lucas Condotta,assists,rf_qrf_assists,0.3.0,empirical_qrf,0.055777597625019076,0.0,0.10714285714285714,,4935908734271347323,2026-01-08 19:04:01.073745
2026-01-08,24658,MON,FLA,30005631,Juraj Slafkovsky,assists,rf_qrf_assists,0.3.0,empirical_qrf,0.0,0.0,0.0,,4935908734271347323,2026-01-08 19:04:01.073745
2026-01-08,24658,MON,FLA,30005645,Filip Mesar,assists,rf_qrf_assists,0.3.0,empirical_qrf,0.0,0.0,0.0,,4935908734271347323,2026-01-08 19:04:01.073745
2026-01-08,24658,MON,FLA,30005655,Lane Hutson,assists,rf_qrf_assists,0.3.0,empirical_qrf,0.005333333333333332,0.0,0.0,,4935908734271347323,2026-01-08 19:04:01.073745
2026-01-08,24658,MON,FLA,30005656,Owen Beck,assists,rf_qrf_assists,0.3.0,empirical_qrf,0.062367264590366366,0.0,0.15038461538461548,,4935908734271347323,2026-01-08 19:04:01.073745
2026-01-08,24658,MON,FLA,30005806,Jared Davidson,assists,rf_qrf_assists,0.3.0,empirical_qrf,0.00416072131237246,0.0,0.009615384615384616,,4935908734271347323,2026-01-08 19:04:01.073745
2026-01-08,24658,MON,FLA,30006060,David Reinbacher,assists,rf_qrf_assists,0.3.0,empirical_qrf,0.007043537013121695,0.0,0.014251781472684086,,4935908734271347323,2026-01-08 19:04:01.073745
2026-01-08,24658,MON,FLA,30006127,Jacob Fowler,assists,rf_qrf_assists,0.3.0,empirical_qrf,0.006010523816671021,0.004617148994188913,0.00739245098226108,,4935908734271347323,2026-01-08 19:04:01.073745
2026-01-08,24658,MON,FLA,30006152,Florian Xhekaj,assists,rf_qrf_assists,0.3.0,empirical_qrf,0.0,0.0,0.0,,4935908734271347323,2026-01-08 19:04:01.073745
2026-01-08,24658,MON,FLA,30006358,Israel Mianscum,assists,rf_qrf_assists,0.3.0,empirical_qrf,0.006010523816671021,0.004617148994188913,0.00739245098226108,,4935908734271347323,2026-01-08 19:04:01.073745
2026-01-08,24658,MON,FLA,30006485,Ivan Demidov,assists,rf_qrf_assists,0.3.0,empirical_qrf,0.0,0.0,0.0,,4935908734271347323,2026-01-08 19:04:01.073745
2026-01-08,24659,ANA,CAR,30000269,Radko Gudas,assists,rf_qrf_assists,0.3.0,empirical_qrf,0.0,0.0,0.0,,4935908734271347323,2026-01-08 19:04:01.073745
2026-01-08,24659,ANA,CAR,30000320,Chris Kreider,assists,rf_qrf_assists,0.3.0,empirical_qrf,0.0,0.0,0.0,,4935908734271347323,2026-01-08 19:04:01.073745
2026-01-08,24659,ANA,CAR,30000509,Justin Bailey,assists,rf_qrf_assists,0.3.0,empirical_qrf,0.006034152305760568,0.0,0.011940298507462687,,4935908734271347323,2026-01-08 19:04:01.073745
2026-01-08,24659,ANA,CAR,30000515,Mikael Granlund,assists,rf_qrf_assists,0.3.0,empirical_qrf,0.0,0.0,0.0,,4935908734271347323,2026-01-08 19:04:01.073745
2026-01-08,24659,ANA,CAR,30000609,Frank Vatrano,assists,rf_qrf_assists,0.3.0,empirical_qrf,0.06538945776445776,0.0,0.25166666666666704,,4935908734271347323,2026-01-08 19:04:01.073745
2026-01-08,24659,ANA,CAR,30000739,Alex Killorn,assists,rf_qrf_assists,0.3.0,empirical_qrf,0.018381610607100085,0.0,0.036585365853658534,,4935908734271347323,2026-01-08 19:04:01.073745
2026-01-08,24659,ANA,CAR,30000834,Jacob Trouba,assists,rf_qrf_assists,0.3.0,empirical_qrf,0.018381610607100085,0.0,0.036585365853658534,,4935908734271347323,2026-01-08 19:04:01.073745
2026-01-08,24659,ANA,CAR,30000998,Ross Johnston,assists,rf_qrf_assists,0.3.0,empirical_qrf,0.0,0.0,0.0,,4935908734271347323,2026-01-08 19:04:01.073745
2026-01-08,24659,ANA,CAR,30001005,Ryan Strome,assists,rf_qrf_assists,0.3.0,empirical_qrf,0.0010357142857142856,0.0,0.0,,4935908734271347323,2026-01-08 19:04:01.073745
2026-01-08,24659,ANA,CAR,30001009,Petr Mrazek,assists,rf_qrf_assists,0.3.0,empirical_qrf,0.006010523816671021,0.004617148994188913,0.00739245098226108,,4935908734271347323,2026-01-08 19:04:01.073745
2026-01-08,24659,ANA,CAR,30002528,Tyrell Goulbourne,assists,rf_qrf_assists,0.3.0,empirical_qrf,0.006010523816671021,0.004617148994188913,0.00739245098226108,,4935908734271347323,2026-01-08 19:04:01.073745
2026-01-08,24659,ANA,CAR,30002760,Ville Husso,assists,rf_qrf_assists,0.3.0,empirical_qrf,0.006010523816671021,0.004617148994188913,0.00739245098226108,,4935908734271347323,2026-01-08 19:04:01.073745
2026-01-08,24659,ANA,CAR,30002773,Jansen Harkins,assists,rf_qrf_assists,0.3.0,empirical_qrf,0.006010523816671021,0.004617148994188913,0.00739245098226108,,4935908734271347323,2026-01-08 19:04:01.073745
2026-01-08,24659,ANA,CAR,30002864,Nikolas Brouillard,assists,rf_qrf_assists,0.3.0,empirical_qrf,0.006010523816671021,0.004617148994188913,0.00739245098226108,,4935908734271347323,2026-01-08 19:04:01.073745
2026-01-08,24659,ANA,CAR,30003197,Carsen Twarynski,assists,rf_qrf_assists,0.3.0,empirical_qrf,0.006010523816671021,0.004617148994188913,0.00739245098226108,,4935908734271347323,2026-01-08 19:04:01.073745
2026-01-08,24659,ANA,CAR,30003475,Matthew Phillips,assists,rf_qrf_assists,0.3.0,empirical_qrf,0.0,0.0,0.0,,4935908734271347323,2026-01-08 19:04:01.073745
2026-01-08,24659,ANA,CAR,30003650,Ryan Poehling,assists,rf_qrf_assists,0.3.0,empirical_qrf,0.0,0.0,0.0,,4935908734271347323,2026-01-08 19:04:01.073745
2026-01-08,24659,ANA,CAR,30003747,Troy Terry,assists,rf_qrf_assists,0.3.0,empirical_qrf,0.0,0.0,0.0,,4935908734271347323,2026-01-08 19:04:01.073745
2026-01-08,24659,ANA,CAR,30003948,David Cotton,assists,rf_qrf_assists,0.3.0,empirical_qrf,0.0,0.0,0.0,,4935908734271347323,2026-01-08 19:04:01.073745
2026-01-08,24659,ANA,CAR,30004160,Lukas Dostal,assists,rf_qrf_assists,0.3.0,empirical_qrf,0.006010523816671021,0.004617148994188913,0.00739245098226108,,4935908734271347323,2026-01-08 19:04:01.073745
2026-01-08,24659,ANA,CAR,30004512,Drew Helleson,assists,rf_qrf_assists,0.3.0,empirical_qrf,0.0,0.0,0.0,,4935908734271347323,2026-01-08 19:04:01.073745
2026-01-08,24659,ANA,CAR,30004526,Jackson LaCombe,assists,rf_qrf_assists,0.3.0,empirical_qrf,0.0,0.0,0.0,,4935908734271347323,2026-01-08 19:04:01.073745
2026-01-08,24659,ANA,CAR,30004550,Judd Caulfield,assists,rf_qrf_assists,0.3.0,empirical_qrf,0.006010523816671021,0.004617148994188913,0.00739245098226108,,4935908734271347323,2026-01-08 19:04:01.073745
2026-01-08,24659,ANA,CAR,30004828,Calle Clang,assists,rf_qrf_assists,0.3.0,empirical_qrf,0.006010523816671021,0.004617148994188913,0.00739245098226108,,4935908734271347323,2026-01-08 19:04:01.073745
2026-01-08,24659,ANA,CAR,30004829,Sam Colangelo,assists,rf_qrf_assists,0.3.0,empirical_qrf,0.0018186998186998189,0.0,0.0,,4935908734271347323,2026-01-08 19:04:01.073745
2026-01-08,24659,ANA,CAR,30004861,Ian Moore,assists,rf_qrf_assists,0.3.0,empirical_qrf,0.0,0.0,0.0,,4935908734271347323,2026-01-08 19:04:01.073745
2026-01-08,24659,ANA,CAR,30004997,Mason McTavish,assists,rf_qrf_assists,0.3.0,empirical_qrf,0.06182076719576719,0.0,0.2857142857142857,,4935908734271347323,2026-01-08 19:04:01.073745
2026-01-08,24659,ANA,CAR,30005018,Olen Zellweger,assists,rf_qrf_assists,0.3.0,empirical_qrf,0.0,0.0,0.0,,4935908734271347323,2026-01-08 19:04:01.073745
2026-01-08,24659,ANA,CAR,30005051,Sasha Pastujov,assists,rf_qrf_assists,0.3.0,empirical_qrf,0.0,0.0,0.0,,4935908734271347323,2026-01-08 19:04:01.073745
2026-01-08,24659,ANA,CAR,30005095,Davis Codd,assists,rf_qrf_assists,0.3.0,empirical_qrf,0.0,0.0,0.0,,4935908734271347323,2026-01-08 19:04:01.073745
2026-01-08,24659,ANA,CAR,30005275,Tyson Hinds,assists,rf_qrf_assists,0.3.0,empirical_qrf,0.0,0.0,0.0,,4935908734271347323,2026-01-08 19:04:01.073745
2026-01-08,24659,ANA,CAR,30005285,Jeremie Biakabutuka,assists,rf_qrf_assists,0.3.0,empirical_qrf,0.006010523816671021,0.004617148994188913,0.00739245098226108,,4935908734271347323,2026-01-08 19:04:01.073745
2026-01-08,24659,ANA,CAR,30005615,Pavel Mintyukov,assists,rf_qrf_assists,0.3.0,empirical_qrf,0.0,0.0,0.0,,4935908734271347323,2026-01-08 19:04:01.073745
2026-01-08,24659,ANA,CAR,30005620,Cutter Gauthier,assists,rf_qrf_assists,0.3.0,empirical_qrf,0.002916666666666667,0.0,0.0,,4935908734271347323,2026-01-08 19:04:01.073745
2026-01-08,24659,ANA,CAR,30005643,Nathan Gaucher,assists,rf_qrf_assists,0.3.0,empirical_qrf,0.0,0.0,0.0,,4935908734271347323,2026-01-08 19:04:01.073745
2026-01-08,24659,ANA,CAR,30005677,Noah Warren,assists,rf_qrf_assists,0.3.0,empirical_qrf,0.007043537013121695,0.0,0.014251781472684086,,4935908734271347323,2026-01-08 19:04:01.073745
2026-01-08,24659,ANA,CAR,30005678,Tristan Luneau,assists,rf_qrf_assists,0.3.0,empirical_qrf,0.0,0.0,0.0,,4935908734271347323,2026-01-08 19:04:01.073745
2026-01-08,24659,ANA,CAR,30005945,Tomas Suchanek,assists,rf_qrf_assists,0.3.0,empirical_qrf,0.006010523816671021,0.004617148994188913,0.00739245098226108,,4935908734271347323,2026-01-08 19:04:01.073745
2026-01-08,24659,ANA,CAR,30006016,Jaxsen Wiebe,assists,rf_qrf_assists,0.3.0,empirical_qrf,0.006010523816671021,0.004617148994188913,0.00739245098226108,,4935908734271347323,2026-01-08 19:04:01.073745
2026-01-08,24659,ANA,CAR,30006069,Leo Carlsson,assists,rf_qrf_assists,0.3.0,empirical_qrf,0.01926190476190476,0.0,0.0,,4935908734271347323,2026-01-08 19:04:01.073745
2026-01-08,24659,ANA,CAR,30006117,Nico Myatovic,assists,rf_qrf_assists,0.3.0,empirical_qrf,0.0,0.0,0.0,,4935908734271347323,2026-01-08 19:04:01.073745
2026-01-08,24659,ANA,CAR,30006129,Coulson Pitre,assists,rf_qrf_assists,0.3.0,empirical_qrf,0.012385115070418345,0.0,0.0294556628621598,,4935908734271347323,2026-01-08 19:04:01.073745
2026-01-08,24659,ANA,CAR,30006161,Yegor Sidorov,assists,rf_qrf_assists,0.3.0,empirical_qrf,0.0008333333333333334,0.0,0.0,,4935908734271347323,2026-01-08 19:04:01.073745
2026-01-08,24659,ANA,CAR,30006162,Konnor Smith,assists,rf_qrf_assists,0.3.0,empirical_qrf,0.006010523816671021,0.004617148994188913,0.00739245098226108,,4935908734271347323,2026-01-08 19:04:01.073745
2026-01-08,24659,ANA,CAR,30006310,Roman Kinal,assists,rf_qrf_assists,0.3.0,empirical_qrf,0.04394521867985976,0.0,0.08695652173913043,,4935908734271347323,2026-01-08 19:04:01.073745
2026-01-08,24659,ANA,CAR,30006353,Easton Armstrong,assists,rf_qrf_assists,0.3.0,empirical_qrf,0.006010523816671021,0.004617148994188913,0.00739245098226108,,4935908734271347323,2026-01-08 19:04:01.073745
2026-01-08,24659,ANA,CAR,30006483,Beckett Sennecke,assists,rf_qrf_assists,0.3.0,empirical_qrf,0.0,0.0,0.0,,4935908734271347323,2026-01-08 19:04:01.073745
2026-01-08,24659,CAR,ANA,30000271,Shayne Gostisbehere,assists,rf_qrf_assists,0.3.0,empirical_qrf,0.0,0.0,0.0,,4935908734271347323,2026-01-08 19:04:01.073745
2026-01-08,24659,CAR,ANA,30000358,Jordan Staal,assists,rf_qrf_assists,0.3.0,empirical_qrf,0.0,0.0,0.0,,4935908734271347323,2026-01-08 19:04:01.073745
2026-01-08,24659,CAR,ANA,30000510,William Carrier,assists,rf_qrf_assists,0.3.0,empirical_qrf,0.00416072131237246,0.0,0.009615384615384616,,4935908734271347323,2026-01-08 19:04:01.073745
2026-01-08,24659,CAR,ANA,30000525,Mike Reilly,assists,rf_qrf_assists,0.3.0,empirical_qrf,0.0,0.0,0.0,,4935908734271347323,2026-01-08 19:04:01.073745
2026-01-08,24659,CAR,ANA,30000643,Jaccob Slavin,assists,rf_qrf_assists,0.3.0,empirical_qrf,0.04011137135049976,0.0,0.09119318181818188,,4935908734271347323,2026-01-08 19:04:01.073745
2026-01-08,24659,CAR,ANA,30000822,Nikolaj Ehlers,assists,rf_qrf_assists,0.3.0,empirical_qrf,0.01928174603174603,0.0,0.0,,4935908734271347323,2026-01-08 19:04:01.073745
2026-01-08,24659,CAR,ANA,30000948,Jordan Martinook,assists,rf_qrf_assists,0.3.0,empirical_qrf,0.0,0.0,0.0,,4935908734271347323,2026-01-08 19:04:01.073745
2026-01-08,24659,CAR,ANA,30001187,Taylor Hall,assists,rf_qrf_assists,0.3.0,empirical_qrf,0.00416072131237246,0.0,0.009615384615384616,,4935908734271347323,2026-01-08 19:04:01.073745
2026-01-08,24659,CAR,ANA,30001203,Frederik Andersen,assists,rf_qrf_assists,0.3.0,empirical_qrf,0.006010523816671021,0.004617148994188913,0.00739245098226108,,4935908734271347323,2026-01-08 19:04:01.073745
2026-01-08,24659,CAR,ANA,30002309,Mark Jankowski,assists,rf_qrf_assists,0.3.0,empirical_qrf,0.0,0.0,0.0,,4935908734271347323,2026-01-08 19:04:01.073745
2026-01-08,24659,CAR,ANA,30002819,Sebastian Aho,assists,rf_qrf_assists,0.3.0,empirical_qrf,0.0011666666666666665,0.0,0.0,,4935908734271347323,2026-01-08 19:04:01.073745
2026-01-08,24659,CAR,ANA,30002980,Eric Robinson,assists,rf_qrf_assists,0.3.0,empirical_qrf,0.0,0.0,0.0,,4935908734271347323,2026-01-08 19:04:01.073745
2026-01-08,24659,CAR,ANA,30003180,Givani Smith,assists,rf_qrf_assists,0.3.0,empirical_qrf,0.35191946532426416,0.0,0.8,,4935908734271347323,2026-01-08 19:04:01.073745
2026-01-08,24659,CAR,ANA,30003359,Jalen Chatfield,assists,rf_qrf_assists,0.3.0,empirical_qrf,0.0,0.0,0.0,,4935908734271347323,2026-01-08 19:04:01.073745
2026-01-08,24659,CAR,ANA,30003550,Gavin Bayreuther,assists,rf_qrf_assists,0.3.0,empirical_qrf,0.00416072131237246,0.0,0.009615384615384616,,4935908734271347323,2026-01-08 19:04:01.073745
2026-01-08,24659,CAR,ANA,30003786,Sean Walker,assists,rf_qrf_assists,0.3.0,empirical_qrf,0.0,0.0,0.0,,4935908734271347323,2026-01-08 19:04:01.073745
2026-01-08,24659,CAR,ANA,30004075,Jesperi Kotkaniemi,assists,rf_qrf_assists,0.3.0,empirical_qrf,0.0,0.0,0.0,,4935908734271347323,2026-01-08 19:04:01.073745
2026-01-08,24659,CAR,ANA,30004076,Andrei Svechnikov,assists,rf_qrf_assists,0.3.0,empirical_qrf,0.045143574562692204,0.0,0.0,,4935908734271347323,2026-01-08 19:04:01.073745
2026-01-08,24659,CAR,ANA,30004082,K'Andre Miller,assists,rf_qrf_assists,0.3.0,empirical_qrf,0.0,0.0,0.0,,4935908734271347323,2026-01-08 19:04:01.073745
2026-01-08,24659,CAR,ANA,30004385,Cayden Primeau,assists,rf_qrf_assists,0.3.0,empirical_qrf,0.006010523816671021,0.004617148994188913,0.00739245098226108,,4935908734271347323,2026-01-08 19:04:01.073745
2026-01-08,24659,CAR,ANA,30004537,Domenick Fensore,assists,rf_qrf_assists,0.3.0,empirical_qrf,0.0,0.0,0.0,,4935908734271347323,2026-01-08 19:04:01.073745
2026-01-08,24659,CAR,ANA,30004602,Nikita Pavlychev,assists,rf_qrf_assists,0.3.0,empirical_qrf,0.006010523816671021,0.004617148994188913,0.00739245098226108,,4935908734271347323,2026-01-08 19:04:01.073745
2026-01-08,24659,CAR,ANA,30004806,Seth Jarvis,assists,rf_qrf_assists,0.3.0,empirical_qrf,0.014277777777777778,0.0,0.0,,4935908734271347323,2026-01-08 19:04:01.073745
2026-01-08,24659,CAR,ANA,30004865,Alexander Nikishin,assists,rf_qrf_assists,0.3.0,empirical_qrf,0.0,0.0,0.0,,4935908734271347323,2026-01-08 19:04:01.073745
2026-01-08,24659,CAR,ANA,30004913,Evan Vierling,assists,rf_qrf_assists,0.3.0,empirical_qrf,0.006010523816671021,0.004617148994188913,0.00739245098226108,,4935908734271347323,2026-01-08 19:04:01.073745
2026-01-08,24659,CAR,ANA,30004953,Pyotr Kochetkov,assists,rf_qrf_assists,0.3.0,empirical_qrf,0.006189151748087481,0.0,0.013157894736842105,,4935908734271347323,2026-01-08 19:04:01.073745
2026-01-08,24659,CAR,ANA,30005026,Aleksi Heimosalmi,assists,rf_qrf_assists,0.3.0,empirical_qrf,0.007043537013121695,0.0,0.014251781472684086,,4935908734271347323,2026-01-08 19:04:01.073745
2026-01-08,24659,CAR,ANA,30005034,Logan Stankoven,assists,rf_qrf_assists,0.3.0,empirical_qrf,0.02733459595959596,0.0,0.0,,4935908734271347323,2026-01-08 19:04:01.073745
2026-01-08,24659,CAR,ANA,30005153,Bryce Montgomery,assists,rf_qrf_assists,0.3.0,empirical_qrf,0.007043537013121695,0.0,0.014251781472684086,,4935908734271347323,2026-01-08 19:04:01.073745
2026-01-08,24659,CAR,ANA,30005155,Justin Robidas,assists,rf_qrf_assists,0.3.0,empirical_qrf,0.0005555555555555556,0.0,0.0,,4935908734271347323,2026-01-08 19:04:01.073745
2026-01-08,24659,CAR,ANA,30005405,Jackson Blake,assists,rf_qrf_assists,0.3.0,empirical_qrf,0.0,0.0,0.0,,4935908734271347323,2026-01-08 19:04:01.073745
2026-01-08,24659,CAR,ANA,30005413,Joel Nystrom,assists,rf_qrf_assists,0.3.0,empirical_qrf,0.0029595959595959593,0.0,0.0,,4935908734271347323,2026-01-08 19:04:01.073745
2026-01-08,24659,CAR,ANA,30005573,Brandon Bussi,assists,rf_qrf_assists,0.3.0,empirical_qrf,0.006010523816671021,0.004617148994188913,0.00739245098226108,,4935908734271347323,2026-01-08 19:04:01.073745
2026-01-08,24659,CAR,ANA,30006098,Felix Unger Sorum,assists,rf_qrf_assists,0.3.0,empirical_qrf,0.0,0.0,0.0,,4935908734271347323,2026-01-08 19:04:01.073745
2026-01-08,24660,VAN,DET,30000958,Derek Forbort,assists,rf_qrf_assists,0.3.0,empirical_qrf,0.0,0.0,0.0,,4935908734271347323,2026-01-08 19:04:01.073745
2026-01-08,24660,VAN,DET,30000976,Evander Kane,assists,rf_qrf_assists,0.3.0,empirical_qrf,0.062367264590366366,0.0,0.15038461538461548,,4935908734271347323,2026-01-08 19:04:01.073745
2026-01-08,24660,VAN,DET,30001238,Jake DeBrusk,assists,rf_qrf_assists,0.3.0,empirical_qrf,0.0013333333333333335,0.0,0.0,,4935908734271347323,2026-01-08 19:04:01.073745
2026-01-08,24660,VAN,DET,30001299,Tyler Myers,assists,rf_qrf_assists,0.3.0,empirical_qrf,0.0,0.0,0.0,,4935908734271347323,2026-01-08 19:04:01.073745
2026-01-08,24660,VAN,DET,30001949,Guillaume Brisebois,assists,rf_qrf_assists,0.3.0,empirical_qrf,0.006034152305760568,0.0,0.011940298507462687,,4935908734271347323,2026-01-08 19:04:01.073745
2026-01-08,24660,VAN,DET,30002479,Teddy Blueger,assists,rf_qrf_assists,0.3.0,empirical_qrf,0.0,0.0,0.0,,4935908734271347323,2026-01-08 19:04:01.073745
2026-01-08,24660,VAN,DET,30002581,Thatcher Demko,assists,rf_qrf_assists,0.3.0,empirical_qrf,0.006010523816671021,0.004617148994188913,0.00739245098226108,,4935908734271347323,2026-01-08 19:04:01.073745
2026-01-08,24660,VAN,DET,30002587,Marcus Pettersson,assists,rf_qrf_assists,0.3.0,empirical_qrf,0.0,0.0,0.0,,4935908734271347323,2026-01-08 19:04:01.073745
2026-01-08,24660,VAN,DET,30002777,Brock Boeser,assists,rf_qrf_assists,0.3.0,empirical_qrf,0.011939814814814813,0.0,0.0,,4935908734271347323,2026-01-08 19:04:01.073745
2026-01-08,24660,VAN,DET,30002793,Joseph Labate,assists,rf_qrf_assists,0.3.0,empirical_qrf,0.03976736198569264,0.0,0.07799503866919599,,4935908734271347323,2026-01-08 19:04:01.073745
2026-01-08,24660,VAN,DET,30002876,Conor Garland,assists,rf_qrf_assists,0.3.0,empirical_qrf,0.006722222222222222,0.0,0.0,,4935908734271347323,2026-01-08 19:04:01.073745
2026-01-08,24660,VAN,DET,30003063,Mackenzie MacEachern,assists,rf_qrf_assists,0.3.0,empirical_qrf,0.0,0.0,0.0,,4935908734271347323,2026-01-08 19:04:01.073745
2026-01-08,24660,VAN,DET,30003193,Filip Hronek,assists,rf_qrf_assists,0.3.0,empirical_qrf,0.0004166666666666667,0.0,0.0,,4935908734271347323,2026-01-08 19:04:01.073745
2026-01-08,24660,VAN,DET,30003604,David Kampf,assists,rf_qrf_assists,0.3.0,empirical_qrf,0.0,0.0,0.0,,4935908734271347323,2026-01-08 19:04:01.073745
2026-01-08,24660,VAN,DET,30003647,Elias Pettersson,assists,rf_qrf_assists,0.3.0,empirical_qrf,0.0,0.0,0.0,,4935908734271347323,2026-01-08 19:04:01.073745
2026-01-08,24660,VAN,DET,30003655,Filip Chytil,assists,rf_qrf_assists,0.3.0,empirical_qrf,0.0008862433862433862,0.0,0.0,,4935908734271347323,2026-01-08 19:04:01.073745
2026-01-08,24660,VAN,DET,30003666,Pierre-Olivier Joseph,assists,rf_qrf_assists,0.3.0,empirical_qrf,0.0,0.0,0.0,,4935908734271347323,2026-01-08 19:04:01.073745
2026-01-08,24660,VAN,DET,30003776,Jiri Patera,assists,rf_qrf_assists,0.3.0,empirical_qrf,0.006010523816671021,0.004617148994188913,0.00739245098226108,,4935908734271347323,2026-01-08 19:04:01.073745
2026-01-08,24660,VAN,DET,30004001,Kiefer Sherwood,assists,rf_qrf_assists,0.3.0,empirical_qrf,0.004299519924519925,0.0,0.0,,4935908734271347323,2026-01-08 19:04:01.073745
2026-01-08,24660,VAN,DET,30004058,Kevin Lankinen,assists,rf_qrf_assists,0.3.0,empirical_qrf,0.006010523816671021,0.004617148994188913,0.00739245098226108,,4935908734271347323,2026-01-08 19:04:01.073745
2026-01-08,24660,VAN,DET,30004140,Jett Woo,assists,rf_qrf_assists,0.3.0,empirical_qrf,0.00416072131237246,0.0,0.009615384615384616,,4935908734271347323,2026-01-08 19:04:01.073745
2026-01-08,24660,VAN,DET,30004153,Linus Karlsson,assists,rf_qrf_assists,0.3.0,empirical_qrf,0.20381589706589706,0.0,0.5,,4935908734271347323,2026-01-08 19:04:01.073745
2026-01-08,24660,VAN,DET,30004227,Chase Wouters,assists,rf_qrf_assists,0.3.0,empirical_qrf,0.006010523816671021,0.004617148994188913,0.00739245098226108,,4935908734271347323,2026-01-08 19:04:01.073745
2026-01-08,24660,VAN,DET,30004425,Jimmy Schuldt,assists,rf_qrf_assists,0.3.0,empirical_qrf,0.007043537013121695,0.0,0.014251781472684086,,4935908734271347323,2026-01-08 19:04:01.073745
2026-01-08,24660,VAN,DET,30004531,Nils Hoglander,assists,rf_qrf_assists,0.3.0,empirical_qrf,0.0,0.0,0.0,,4935908734271347323,2026-01-08 19:04:01.073745
2026-01-08,24660,VAN,DET,30004581,Nikolai Knyzhov,assists,rf_qrf_assists,0.3.0,empirical_qrf,0.007043537013121695,0.0,0.014251781472684086,,4935908734271347323,2026-01-08 19:04:01.073745
2026-01-08,24660,VAN,DET,30004741,Drew O'Connor,assists,rf_qrf_assists,0.3.0,empirical_qrf,0.0,0.0,0.0,,4935908734271347323,2026-01-08 19:04:01.073745
2026-01-08,24660,VAN,DET,30004817,Lukas Reichel,assists,rf_qrf_assists,0.3.0,empirical_qrf,0.0,0.0,0.0,,4935908734271347323,2026-01-08 19:04:01.073745
2026-01-08,24660,VAN,DET,30004818,Marco Rossi,assists,rf_qrf_assists,0.3.0,empirical_qrf,0.0022871572871572873,0.0,0.0,,4935908734271347323,2026-01-08 19:04:01.073745
2026-01-08,24660,VAN,DET,30005016,Danila Klimovich,assists,rf_qrf_assists,0.3.0,empirical_qrf,0.0,0.0,0.0,,4935908734271347323,2026-01-08 19:04:01.073745
2026-01-08,24660,VAN,DET,30005028,Aatu Raty,assists,rf_qrf_assists,0.3.0,empirical_qrf,0.005556036556036556,0.0,0.0,,4935908734271347323,2026-01-08 19:04:01.073745
2026-01-08,24660,VAN,DET,30005100,Cooper Walker,assists,rf_qrf_assists,0.3.0,empirical_qrf,0.006010523816671021,0.004617148994188913,0.00739245098226108,,4935908734271347323,2026-01-08 19:04:01.073745
2026-01-08,24660,VAN,DET,30005145,Josh Bloom,assists,rf_qrf_assists,0.3.0,empirical_qrf,0.006010523816671021,0.004617148994188913,0.00739245098226108,,4935908734271347323,2026-01-08 19:04:01.073745
2026-01-08,24660,VAN,DET,30005171,Dino Kambeitz,assists,rf_qrf_assists,0.3.0,empirical_qrf,0.006010523816671021,0.004617148994188913,0.00739245098226108,,4935908734271347323,2026-01-08 19:04:01.073745
2026-01-08,24660,VAN,DET,30005456,Nils Aman,assists,rf_qrf_assists,0.3.0,empirical_qrf,0.055777597625019076,0.0,0.10714285714285714,,4935908734271347323,2026-01-08 19:04:01.073745
2026-01-08,24660,VAN,DET,30005566,Arshdeep Bains,assists,rf_qrf_assists,0.3.0,empirical_qrf,0.0004761904761904762,0.0,0.0,,4935908734271347323,2026-01-08 19:04:01.073745
2026-01-08,24660,VAN,DET,30005619,Jonathan Lekkerimaki,assists,rf_qrf_assists,0.3.0,empirical_qrf,0.007777777777777777,0.0,0.0,,4935908734271347323,2026-01-08 19:04:01.073745
2026-01-08,24660,VAN,DET,30005642,Liam Ohgren,assists,rf_qrf_assists,0.3.0,empirical_qrf,0.0,0.0,0.0,,4935908734271347323,2026-01-08 19:04:01.073745
2026-01-08,24660,VAN,DET,30005747,Jonathan Lemieux,assists,rf_qrf_assists,0.3.0,empirical_qrf,0.006010523816671021,0.004617148994188913,0.00739245098226108,,4935908734271347323,2026-01-08 19:04:01.073745
2026-01-08,24660,VAN,DET,30005831,Kirill Kudryavtsev,assists,rf_qrf_assists,0.3.0,empirical_qrf,0.0,0.0,0.0,,4935908734271347323,2026-01-08 19:04:01.073745
2026-01-08,24660,VAN,DET,30005837,Ty Young,assists,rf_qrf_assists,0.3.0,empirical_qrf,0.006010523816671021,0.004617148994188913,0.00739245098226108,,4935908734271347323,2026-01-08 19:04:01.073745
2026-01-08,24660,VAN,DET,30006031,Max Sasson,assists,rf_qrf_assists,0.3.0,empirical_qrf,0.0,0.0,0.0,,4935908734271347323,2026-01-08 19:04:01.073745
2026-01-08,24660,VAN,DET,30006037,Nikita Tolopilo,assists,rf_qrf_assists,0.3.0,empirical_qrf,0.006010523816671021,0.004617148994188913,0.00739245098226108,,4935908734271347323,2026-01-08 19:04:01.073745
2026-01-08,24660,VAN,DET,30006067,Tom Willander,assists,rf_qrf_assists,0.3.0,empirical_qrf,0.0,0.0,0.0,,4935908734271347323,2026-01-08 19:04:01.073745
2026-01-08,24660,VAN,DET,30006320,Joe Arntsen,assists,rf_qrf_assists,0.3.0,empirical_qrf,0.006010523816671021,0.004617148994188913,0.00739245098226108,,4935908734271347323,2026-01-08 19:04:01.073745
2026-01-08,24660,VAN,DET,30006441,Elias Nils Pettersson,assists,rf_qrf_assists,0.3.0,empirical_qrf,0.04011137135049976,0.0,0.09119318181818188,,4935908734271347323,2026-01-08 19:04:01.073745
2026-01-08,24660,VAN,DET,30006486,Zeev Buium,assists,rf_qrf_assists,0.3.0,empirical_qrf,0.20491792249145188,0.0,0.5,,4935908734271347323,2026-01-08 19:04:01.073745
2026-01-08,24660,DET,VAN,30000043,James van Riemsdyk,assists,rf_qrf_assists,0.3.0,empirical_qrf,0.05218518518518518,0.0,0.25,,4935908734271347323,2026-01-08 19:04:01.073745
2026-01-08,24660,DET,VAN,30000186,Austin Watson,assists,rf_qrf_assists,0.3.0,empirical_qrf,0.0,0.0,0.0,,4935908734271347323,2026-01-08 19:04:01.073745
2026-01-08,24660,DET,VAN,30000563,Cam Talbot,assists,rf_qrf_assists,0.3.0,empirical_qrf,0.006010523816671021,0.004617148994188913,0.00739245098226108,,4935908734271347323,2026-01-08 19:04:01.073745
2026-01-08,24660,DET,VAN,30000821,Andrew Copp,assists,rf_qrf_assists,0.3.0,empirical_qrf,0.0,0.0,0.0,,4935908734271347323,2026-01-08 19:04:01.073745
2026-01-08,24660,DET,VAN,30000846,Dylan Larkin,assists,rf_qrf_assists,0.3.0,empirical_qrf,0.002457010582010582,0.0,0.0,,4935908734271347323,2026-01-08 19:04:01.073745
2026-01-08,24660,DET,VAN,30000866,Patrick Kane,assists,rf_qrf_assists,0.3.0,empirical_qrf,0.0003333333333333334,0.0,0.0,,4935908734271347323,2026-01-08 19:04:01.073745
2026-01-08,24660,DET,VAN,30000874,John Gibson,assists,rf_qrf_assists,0.3.0,empirical_qrf,0.006010523816671021,0.004617148994188913,0.00739245098226108,,4935908734271347323,2026-01-08 19:04:01.073745
2026-01-08,24660,DET,VAN,30000997,Travis Hamonic,assists,rf_qrf_assists,0.3.0,empirical_qrf,0.00416072131237246,0.0,0.009615384615384616,,4935908734271347323,2026-01-08 19:04:01.073745
2026-01-08,24660,DET,VAN,30001011,Erik Gustafsson,assists,rf_qrf_assists,0.3.0,empirical_qrf,0.00416072131237246,0.0,0.009615384615384616,,4935908734271347323,2026-01-08 19:04:01.073745
2026-01-08,24660,DET,VAN,30001063,Ben Chiarot,assists,rf_qrf_assists,0.3.0,empirical_qrf,0.002041666666666667,0.0,0.0,,4935908734271347323,2026-01-08 19:04:01.073745
2026-01-08,24660,DET,VAN,30002213,Josiah Didier,assists,rf_qrf_assists,0.3.0,empirical_qrf,0.007043537013121695,0.0,0.014251781472684086,,4935908734271347323,2026-01-08 19:04:01.073745
2026-01-08,24660,DET,VAN,30002513,J.T. Compher,assists,rf_qrf_assists,0.3.0,empirical_qrf,0.003826330532212885,0.0,0.0,,4935908734271347323,2026-01-08 19:04:01.073745
2026-01-08,24660,DET,VAN,30003160,Alex DeBrincat,assists,rf_qrf_assists,0.3.0,empirical_qrf,0.039007936507936505,0.0,0.014285714285717533,,4935908734271347323,2026-01-08 19:04:01.073745
2026-01-08,24660,DET,VAN,30003644,Michael Rasmussen,assists,rf_qrf_assists,0.3.0,empirical_qrf,0.04011137135049976,0.0,0.09119318181818188,,4935908734271347323,2026-01-08 19:04:01.073745
2026-01-08,24660,DET,VAN,30003744,Mason Appleton,assists,rf_qrf_assists,0.3.0,empirical_qrf,0.062367264590366366,0.0,0.15038461538461548,,4935908734271347323,2026-01-08 19:04:01.073745
2026-01-08,24660,DET,VAN,30004102,Jacob Bernard-Docker,assists,rf_qrf_assists,0.3.0,empirical_qrf,0.0,0.0,0.0,,4935908734271347323,2026-01-08 19:04:01.073745
2026-01-08,24660,DET,VAN,30004186,Joel L'Esperance,assists,rf_qrf_assists,0.3.0,empirical_qrf,0.007043537013121695,0.0,0.014251781472684086,,4935908734271347323,2026-01-08 19:04:01.073745
2026-01-08,24660,DET,VAN,30004475,Moritz Seider,assists,rf_qrf_assists,0.3.0,empirical_qrf,0.010222222222222221,0.0,0.0,,4935908734271347323,2026-01-08 19:04:01.073745
2026-01-08,24660,DET,VAN,30004548,Albert Johansson,assists,rf_qrf_assists,0.3.0,empirical_qrf,0.0,0.0,0.0,,4935908734271347323,2026-01-08 19:04:01.073745
2026-01-08,24660,DET,VAN,30004561,Antti Tuomisto,assists,rf_qrf_assists,0.3.0,empirical_qrf,0.006034152305760568,0.0,0.011940298507462687,,4935908734271347323,2026-01-08 19:04:01.073745
2026-01-08,24660,DET,VAN,30004758,John Leonard,assists,rf_qrf_assists,0.3.0,empirical_qrf,0.35191946532426416,0.0,0.8,,4935908734271347323,2026-01-08 19:04:01.073745
2026-01-08,24660,DET,VAN,30004816,Lucas Raymond,assists,rf_qrf_assists,0.3.0,empirical_qrf,0.03218452380952381,0.0,0.0,,4935908734271347323,2026-01-08 19:04:01.073745
2026-01-08,24660,DET,VAN,30004884,William Wallinder,assists,rf_qrf_assists,0.3.0,empirical_qrf,0.0,0.0,0.0,,4935908734271347323,2026-01-08 19:04:01.073745
2026-01-08,24660,DET,VAN,30004983,Sebastian Cossa,assists,rf_qrf_assists,0.3.0,empirical_qrf,0.006010523816671021,0.004617148994188913,0.00739245098226108,,4935908734271347323,2026-01-08 19:04:01.073745
2026-01-08,24660,DET,VAN,30004984,Simon Edvinsson,assists,rf_qrf_assists,0.3.0,empirical_qrf,0.0035317460317460317,0.0,0.0,,4935908734271347323,2026-01-08 19:04:01.073745
2026-01-08,24660,DET,VAN,30005482,Carter Mazur,assists,rf_qrf_assists,0.3.0,empirical_qrf,0.0,0.0,0.0,,4935908734271347323,2026-01-08 19:04:01.073745
2026-01-08,24660,DET,VAN,30005489,Elmer Soderblom,assists,rf_qrf_assists,0.3.0,empirical_qrf,0.0,0.0,0.0,,4935908734271347323,2026-01-08 19:04:01.073745
2026-01-08,24660,DET,VAN,30005630,Marco Kasper,assists,rf_qrf_assists,0.3.0,empirical_qrf,0.0,0.0,0.0,,4935908734271347323,2026-01-08 19:04:01.073745
2026-01-08,24660,DET,VAN,30005780,Amadeus Lombardi,assists,rf_qrf_assists,0.3.0,empirical_qrf,0.0,0.0,0.0,,4935908734271347323,2026-01-08 19:04:01.073745
2026-01-08,24660,DET,VAN,30006015,Alexandre Doucet,assists,rf_qrf_assists,0.3.0,empirical_qrf,0.006189151748087481,0.0,0.013157894736842105,,4935908734271347323,2026-01-08 19:04:01.073745
2026-01-08,24660,DET,VAN,30006059,Nate Danielson,assists,rf_qrf_assists,0.3.0,empirical_qrf,0.010222222222222221,0.0,0.0,,4935908734271347323,2026-01-08 19:04:01.073745
2026-01-08,24660,DET,VAN,30006071,Axel Sandin-Pellikka,assists,rf_qrf_assists,0.3.0,empirical_qrf,0.013611411736411737,0.0,0.0,,4935908734271347323,2026-01-08 19:04:01.073745
2026-01-08,24660,DET,VAN,30006201,Emmitt Finnie,assists,rf_qrf_assists,0.3.0,empirical_qrf,0.0,0.0,0.0,,4935908734271347323,2026-01-08 19:04:01.073745
2026-01-08,24661,CGY,BOS,30000032,Nazem Kadri,assists,rf_qrf_assists,0.3.0,empirical_qrf,0.0,0.0,0.0,,4935908734271347323,2026-01-08 19:04:01.073745
2026-01-08,24661,CGY,BOS,30000103,Mikael Backlund,assists,rf_qrf_assists,0.3.0,empirical_qrf,0.0,0.0,0.0,,4935908734271347323,2026-01-08 19:04:01.073745
2026-01-08,24661,CGY,BOS,30000237,MacKenzie Weegar,assists,rf_qrf_assists,0.3.0,empirical_qrf,0.05065734267199871,0.0,0.12,,4935908734271347323,2026-01-08 19:04:01.073745
2026-01-08,24661,CGY,BOS,30000311,Blake Coleman,assists,rf_qrf_assists,0.3.0,empirical_qrf,0.0343122627319318,0.0,0.07052313883299802,,4935908734271347323,2026-01-08 19:04:01.073745
2026-01-08,24661,CGY,BOS,30000766,Jonathan Huberdeau,assists,rf_qrf_assists,0.3.0,empirical_qrf,0.0,0.0,0.0,,4935908734271347323,2026-01-08 19:04:01.073745
2026-01-08,24661,CGY,BOS,30001029,Martin Frk,assists,rf_qrf_assists,0.3.0,empirical_qrf,0.000913566368298322,0.0,0.0,,4935908734271347323,2026-01-08 19:04:01.073745
2026-01-08,24661,CGY,BOS,30001133,Rasmus Andersson,assists,rf_qrf_assists,0.3.0,empirical_qrf,0.0,0.0,0.0,,4935908734271347323,2026-01-08 19:04:01.073745
2026-01-08,24661,CGY,BOS,30001248,Joel Hanley,assists,rf_qrf_assists,0.3.0,empirical_qrf,0.0,0.0,0.0,,4935908734271347323,2026-01-08 19:04:01.073745
2026-01-08,24661,CGY,BOS,30002217,Ryan Lomberg,assists,rf_qrf_assists,0.3.0,empirical_qrf,0.03976736198569264,0.0,0.07799503866919599,,4935908734271347323,2026-01-08 19:04:01.073745
2026-01-08,24661,CGY,BOS,30002595,Justin Kirkland,assists,rf_qrf_assists,0.3.0,empirical_qrf,0.0,0.0,0.0,,4935908734271347323,2026-01-08 19:04:01.073745
2026-01-08,24661,CGY,BOS,30002668,Clark Bishop,assists,rf_qrf_assists,0.3.0,empirical_qrf,0.006034152305760568,0.0,0.011940298507462687,,4935908734271347323,2026-01-08 19:04:01.073745
2026-01-08,24661,CGY,BOS,30003001,Dryden Hunt,assists,rf_qrf_assists,0.3.0,empirical_qrf,0.0,0.0,0.0,,4935908734271347323,2026-01-08 19:04:01.073745
2026-01-08,24661,CGY,BOS,30003145,Jake Bean,assists,rf_qrf_assists,0.3.0,empirical_qrf,0.00416072131237246,0.0,0.009615384615384616,,4935908734271347323,2026-01-08 19:04:01.073745
2026-01-08,24661,CGY,BOS,30003418,Alex Gallant,assists,rf_qrf_assists,0.3.0,empirical_qrf,0.006010523816671021,0.004617148994188913,0.00739245098226108,,4935908734271347323,2026-01-08 19:04:01.073745
2026-01-08,24661,CGY,BOS,30003656,Morgan Frost,assists,rf_qrf_assists,0.3.0,empirical_qrf,0.0,0.0,0.0,,4935908734271347323,2026-01-08 19:04:01.073745
2026-01-08,24661,CGY,BOS,30004089,Joel Farabee,assists,rf_qrf_assists,0.3.0,empirical_qrf,0.06182076719576719,0.0,0.2857142857142857,,4935908734271347323,2026-01-08 19:04:01.073745
2026-01-08,24661,CGY,BOS,30004162,Kevin Bahl,assists,rf_qrf_assists,0.3.0,empirical_qrf,0.0,0.0,0.0,,4935908734271347323,2026-01-08 19:04:01.073745
2026-01-08,24661,CGY,BOS,30004190,Yegor Sharangovich,assists,rf_qrf_assists,0.3.0,empirical_qrf,0.0018186998186998189,0.0,0.0,,4935908734271347323,2026-01-08 19:04:01.073745
2026-01-08,24661,CGY,BOS,30004310,Brayden Pachal,assists,rf_qrf_assists,0.3.0,empirical_qrf,0.0,0.0,0.0,,4935908734271347323,2026-01-08 19:04:01.073745
2026-01-08,24661,CGY,BOS,30004363,Martin Pospisil,assists,rf_qrf_assists,0.3.0,empirical_qrf,0.0,0.0,0.0,,4935908734271347323,2026-01-08 19:04:01.073745
2026-01-08,24661,CGY,BOS,30004493,John Beecher,assists,rf_qrf_assists,0.3.0,empirical_qrf,0.0,0.0,0.0,,4935908734271347323,2026-01-08 19:04:01.073745
2026-01-08,24661,CGY,BOS,30004665,Dustin Wolf,assists,rf_qrf_assists,0.3.0,empirical_qrf,0.006010523816671021,0.004617148994188913,0.00739245098226108,,4935908734271347323,2026-01-08 19:04:01.073745
2026-01-08,24661,CGY,BOS,30004791,Devin Cooley,assists,rf_qrf_assists,0.3.0,empirical_qrf,0.006010523816671021,0.004617148994188913,0.00739245098226108,,4935908734271347323,2026-01-08 19:04:01.073745
2026-01-08,24661,CGY,BOS,30004823,Connor Zary,assists,rf_qrf_assists,0.3.0,empirical_qrf,0.0,0.0,0.0,,4935908734271347323,2026-01-08 19:04:01.073745
2026-01-08,24661,CGY,BOS,30004855,Yan Kuznetsov,assists,rf_qrf_assists,0.3.0,empirical_qrf,0.018381610607100085,0.0,0.036585365853658534,,4935908734271347323,2026-01-08 19:04:01.073745
2026-01-08,24661,CGY,BOS,30004869,Jeremie Poirier,assists,rf_qrf_assists,0.3.0,empirical_qrf,0.006010523816671021,0.004617148994188913,0.00739245098226108,,4935908734271347323,2026-01-08 19:04:01.073745
2026-01-08,24661,CGY,BOS,30004925,Daniil Miromanov,assists,rf_qrf_assists,0.3.0,empirical_qrf,0.0,0.0,0.0,,4935908734271347323,2026-01-08 19:04:01.073745
2026-01-08,24661,CGY,BOS,30004993,Matt Coronato,assists,rf_qrf_assists,0.3.0,empirical_qrf,0.0,0.0,0.0,,4935908734271347323,2026-01-08 19:04:01.073745
2026-01-08,24661,CGY,BOS,30005038,William Stromgren,assists,rf_qrf_assists,0.3.0,empirical_qrf,0.006010523816671021,0.004617148994188913,0.00739245098226108,,4935908734271347323,2026-01-08 19:04:01.073745
2026-01-08,24661,CGY,BOS,30005139,Lucas Ciona,assists,rf_qrf_assists,0.3.0,empirical_qrf,0.006010523816671021,0.004617148994188913,0.00739245098226108,,4935908734271347323,2026-01-08 19:04:01.073745
2026-01-08,24661,CGY,BOS,30005142,Rory Kerins,assists,rf_qrf_assists,0.3.0,empirical_qrf,0.0008862433862433862,0.0,0.0,,4935908734271347323,2026-01-08 19:04:01.073745
2026-01-08,24661,CGY,BOS,30005297,Nick Cicek,assists,rf_qrf_assists,0.3.0,empirical_qrf,0.012385115070418345,0.0,0.0294556628621598,,4935908734271347323,2026-01-08 19:04:01.073745
2026-01-08,24661,CGY,BOS,30005595,Adam Klapka,assists,rf_qrf_assists,0.3.0,empirical_qrf,0.20491792249145188,0.0,0.5,,4935908734271347323,2026-01-08 19:04:01.073745
2026-01-08,24661,CGY,BOS,30005729,Parker Bell,assists,rf_qrf_assists,0.3.0,empirical_qrf,0.006010523816671021,0.004617148994188913,0.00739245098226108,,4935908734271347323,2026-01-08 19:04:01.073745
2026-01-08,24661,CGY,BOS,30006084,Samuel Honzek,assists,rf_qrf_assists,0.3.0,empirical_qrf,0.05065734267199871,0.0,0.12,,4935908734271347323,2026-01-08 19:04:01.073745
2026-01-08,24661,CGY,BOS,30006111,Etienne Morin,assists,rf_qrf_assists,0.3.0,empirical_qrf,0.0,0.0,0.0,,4935908734271347323,2026-01-08 19:04:01.073745
2026-01-08,24661,CGY,BOS,30006136,Hunter Brzustewicz,assists,rf_qrf_assists,0.3.0,empirical_qrf,0.20491792249145188,0.0,0.5,,4935908734271347323,2026-01-08 19:04:01.073745
2026-01-08,24661,CGY,BOS,30006371,Matt Radomsky,assists,rf_qrf_assists,0.3.0,empirical_qrf,0.006010523816671021,0.004617148994188913,0.00739245098226108,,4935908734271347323,2026-01-08 19:04:01.073745
2026-01-08,24661,CGY,BOS,30006372,Connor Murphy,assists,rf_qrf_assists,0.3.0,empirical_qrf,0.006010523816671021,0.004617148994188913,0.00739245098226108,,4935908734271347323,2026-01-08 19:04:01.073745
2026-01-08,24661,BOS,CGY,30000245,Viktor Arvidsson,assists,rf_qrf_assists,0.3.0,empirical_qrf,0.03976736198569264,0.0,0.07799503866919599,,4935908734271347323,2026-01-08 19:04:01.073745
2026-01-08,24661,BOS,CGY,30000393,Joonas Korpisalo,assists,rf_qrf_assists,0.3.0,empirical_qrf,0.006010523816671021,0.004617148994188913,0.00739245098226108,,4935908734271347323,2026-01-08 19:04:01.073745
2026-01-08,24661,BOS,CGY,30000607,David Pastrnak,assists,rf_qrf_assists,0.3.0,empirical_qrf,0.0,0.0,0.0,,4935908734271347323,2026-01-08 19:04:01.073745
2026-01-08,24661,BOS,CGY,30000630,Patrick Brown,assists,rf_qrf_assists,0.3.0,empirical_qrf,0.0,0.0,0.0,,4935908734271347323,2026-01-08 19:04:01.073745
2026-01-08,24661,BOS,CGY,30000636,Elias Lindholm,assists,rf_qrf_assists,0.3.0,empirical_qrf,0.0019444444444444442,0.0,0.0,,4935908734271347323,2026-01-08 19:04:01.073745
2026-01-08,24661,BOS,CGY,30000909,Nikita Zadorov,assists,rf_qrf_assists,0.3.0,empirical_qrf,0.0013333333333333335,0.0,0.0,,4935908734271347323,2026-01-08 19:04:01.073745
2026-01-08,24661,BOS,CGY,30000995,Pavel Zacha,assists,rf_qrf_assists,0.3.0,empirical_qrf,0.0,0.0,0.0,,4935908734271347323,2026-01-08 19:04:01.073745
2026-01-08,24661,BOS,CGY,30001264,Hampus Lindholm,assists,rf_qrf_assists,0.3.0,empirical_qrf,0.03976736198569264,0.0,0.07799503866919599,,4935908734271347323,2026-01-08 19:04:01.073745
2026-01-08,24661,BOS,CGY,30002853,Sean Kuraly,assists,rf_qrf_assists,0.3.0,empirical_qrf,0.0,0.0,0.0,,4935908734271347323,2026-01-08 19:04:01.073745
2026-01-08,24661,BOS,CGY,30003020,Kasimir Kaskisuo,assists,rf_qrf_assists,0.3.0,empirical_qrf,0.0,0.0,0.0,,4935908734271347323,2026-01-08 19:04:01.073745
2026-01-08,24661,BOS,CGY,30003147,Charlie McAvoy,assists,rf_qrf_assists,0.3.0,empirical_qrf,0.0,0.0,0.0,,4935908734271347323,2026-01-08 19:04:01.073745
2026-01-08,24661,BOS,CGY,30003151,Riley Tufte,assists,rf_qrf_assists,0.3.0,empirical_qrf,0.0,0.0,0.0,,4935908734271347323,2026-01-08 19:04:01.073745
2026-01-08,24661,BOS,CGY,30003185,Andrew Peeke,assists,rf_qrf_assists,0.3.0,empirical_qrf,0.00416072131237246,0.0,0.009615384615384616,,4935908734271347323,2026-01-08 19:04:01.073745
2026-01-08,24661,BOS,CGY,30003401,Jeffrey Viel,assists,rf_qrf_assists,0.3.0,empirical_qrf,0.0,0.0,0.0,,4935908734271347323,2026-01-08 19:04:01.073745
2026-01-08,24661,BOS,CGY,30003442,Tanner Jeannot,assists,rf_qrf_assists,0.3.0,empirical_qrf,0.0,0.0,0.0,,4935908734271347323,2026-01-08 19:04:01.073745
2026-01-08,24661,BOS,CGY,30003581,Shane Starrett,assists,rf_qrf_assists,0.3.0,empirical_qrf,0.0,0.0,0.0,,4935908734271347323,2026-01-08 19:04:01.073745
2026-01-08,24661,BOS,CGY,30003643,Casey Mittelstadt,assists,rf_qrf_assists,0.3.0,empirical_qrf,0.0,0.0,0.0,,4935908734271347323,2026-01-08 19:04:01.073745
2026-01-08,24661,BOS,CGY,30003657,Henri Jokiharju,assists,rf_qrf_assists,0.3.0,empirical_qrf,0.0,0.0,0.0,,4935908734271347323,2026-01-08 19:04:01.073745
2026-01-08,24661,BOS,CGY,30003704,Morgan Geekie,assists,rf_qrf_assists,0.3.0,empirical_qrf,0.0,0.0,0.0,,4935908734271347323,2026-01-08 19:04:01.073745
2026-01-08,24661,BOS,CGY,30003890,Mikey Eyssimont,assists,rf_qrf_assists,0.3.0,empirical_qrf,0.006115319865319866,0.0,0.0,,4935908734271347323,2026-01-08 19:04:01.073745
2026-01-08,24661,BOS,CGY,30003912,Mark Kastelic,assists,rf_qrf_assists,0.3.0,empirical_qrf,0.007043537013121695,0.0,0.014251781472684086,,4935908734271347323,2026-01-08 19:04:01.073745
2026-01-08,24661,BOS,CGY,30003991,Jeremy Swayman,assists,rf_qrf_assists,0.3.0,empirical_qrf,0.006010523816671021,0.004617148994188913,0.00739245098226108,,4935908734271347323,2026-01-08 19:04:01.073745
2026-01-08,24661,BOS,CGY,30004166,Jordan Harris,assists,rf_qrf_assists,0.3.0,empirical_qrf,0.003608992314874668,0.0,0.0,,4935908734271347323,2026-01-08 19:04:01.073745
2026-01-08,24661,BOS,CGY,30004281,Jonathan Aspirot,assists,rf_qrf_assists,0.3.0,empirical_qrf,0.00416072131237246,0.0,0.009615384615384616,,4935908734271347323,2026-01-08 19:04:01.073745
2026-01-08,24661,BOS,CGY,30004477,Victor Soderstrom,assists,rf_qrf_assists,0.3.0,empirical_qrf,0.0010185185185185186,0.0,0.0,,4935908734271347323,2026-01-08 19:04:01.073745
2026-01-08,24661,BOS,CGY,30004513,John Farinacci,assists,rf_qrf_assists,0.3.0,empirical_qrf,0.0,0.0,0.0,,4935908734271347323,2026-01-08 19:04:01.073745
2026-01-08,24661,BOS,CGY,30004546,Vladislav Kolyachonok,assists,rf_qrf_assists,0.3.0,empirical_qrf,0.0,0.0,0.0,,4935908734271347323,2026-01-08 19:04:01.073745
2026-01-08,24661,BOS,CGY,30004640,Francois Brassard,assists,rf_qrf_assists,0.3.0,empirical_qrf,0.012385115070418345,0.0,0.0294556628621598,,4935908734271347323,2026-01-08 19:04:01.073745
2026-01-08,24661,BOS,CGY,30004851,Marat Khusnutdinov,assists,rf_qrf_assists,0.3.0,empirical_qrf,0.35191946532426416,0.0,0.8,,4935908734271347323,2026-01-08 19:04:01.073745
2026-01-08,24661,BOS,CGY,30004858,Mason Lohrei,assists,rf_qrf_assists,0.3.0,empirical_qrf,0.027844394224098252,0.0,0.06681818181818185,,4935908734271347323,2026-01-08 19:04:01.073745
2026-01-08,24661,BOS,CGY,30004929,Alex Steeves,assists,rf_qrf_assists,0.3.0,empirical_qrf,0.0,0.0,0.0,,4935908734271347323,2026-01-08 19:04:01.073745
2026-01-08,24661,BOS,CGY,30004998,Fabian Lysell,assists,rf_qrf_assists,0.3.0,empirical_qrf,0.0,0.0,0.0,,4935908734271347323,2026-01-08 19:04:01.073745
2026-01-08,24661,BOS,CGY,30005130,Brett Harrison,assists,rf_qrf_assists,0.3.0,empirical_qrf,0.49291468253968257,0.0,1.5,,4935908734271347323,2026-01-08 19:04:01.073745
2026-01-08,24661,BOS,CGY,30005170,Maximus Wanner,assists,rf_qrf_assists,0.3.0,empirical_qrf,0.006010523816671021,0.004617148994188913,0.00739245098226108,,4935908734271347323,2026-01-08 19:04:01.073745
2026-01-08,24661,BOS,CGY,30005341,Shawn Element,assists,rf_qrf_assists,0.3.0,empirical_qrf,0.006010523816671021,0.004617148994188913,0.00739245098226108,,4935908734271347323,2026-01-08 19:04:01.073745
2026-01-08,24661,BOS,CGY,30005367,Michael Callahan,assists,rf_qrf_assists,0.3.0,empirical_qrf,0.0,0.0,0.0,,4935908734271347323,2026-01-08 19:04:01.073745
2026-01-08,24661,BOS,CGY,30005580,Georgi Merkulov,assists,rf_qrf_assists,0.3.0,empirical_qrf,0.0,0.0,0.0,,4935908734271347323,2026-01-08 19:04:01.073745
2026-01-08,24661,BOS,CGY,30005651,Matthew Poitras,assists,rf_qrf_assists,0.3.0,empirical_qrf,0.04011137135049976,0.0,0.09119318181818188,,4935908734271347323,2026-01-08 19:04:01.073745
2026-01-08,24661,BOS,CGY,30005658,Fraser Minten,assists,rf_qrf_assists,0.3.0,empirical_qrf,0.027844394224098252,0.0,0.06681818181818185,,4935908734271347323,2026-01-08 19:04:01.073745
2026-01-08,24661,BOS,CGY,30005749,Nolan Maier,assists,rf_qrf_assists,0.3.0,empirical_qrf,0.003361111111111111,0.0,0.0,,4935908734271347323,2026-01-08 19:04:01.073745
2026-01-08,24661,BOS,CGY,30005760,Joseph Abate,assists,rf_qrf_assists,0.3.0,empirical_qrf,0.00416072131237246,0.0,0.009615384615384616,,4935908734271347323,2026-01-08 19:04:01.073745
2026-01-08,24661,BOS,CGY,30005797,Frederic Brunet,assists,rf_qrf_assists,0.3.0,empirical_qrf,0.0,0.0,0.0,,4935908734271347323,2026-01-08 19:04:01.073745
2026-01-08,24661,BOS,CGY,30005798,Jackson Edward,assists,rf_qrf_assists,0.3.0,empirical_qrf,0.10983037359527296,0.0,0.25,,4935908734271347323,2026-01-08 19:04:01.073745
2026-01-08,24661,BOS,CGY,30006392,Luke Cavallin,assists,rf_qrf_assists,0.3.0,empirical_qrf,0.006010523816671021,0.004617148994188913,0.00739245098226108,,4935908734271347323,2026-01-08 19:04:01.073745
2026-01-08,24662,EDM,WPG,30000180,Josh Brown,assists,rf_qrf_assists,0.3.0,empirical_qrf,0.0,0.0,0.0,,4935908734271347323,2026-01-08 19:04:01.073745
2026-01-08,24662,EDM,WPG,30000250,Mattias Ekholm,assists,rf_qrf_assists,0.3.0,empirical_qrf,0.004299519924519925,0.0,0.0,,4935908734271347323,2026-01-08 19:04:01.073745
2026-01-08,24662,EDM,WPG,30000392,Tristan Jarry,assists,rf_qrf_assists,0.3.0,empirical_qrf,0.006010523816671021,0.004617148994188913,0.00739245098226108,,4935908734271347323,2026-01-08 19:04:01.073745
2026-01-08,24662,EDM,WPG,30000440,Zach Hyman,assists,rf_qrf_assists,0.3.0,empirical_qrf,0.006010523816671021,0.004617148994188913,0.00739245098226108,,4935908734271347323,2026-01-08 19:04:01.073745
2026-01-08,24662,EDM,WPG,30000443,Kasperi Kapanen,assists,rf_qrf_assists,0.3.0,empirical_qrf,0.0013880708190171106,0.0,0.0,,4935908734271347323,2026-01-08 19:04:01.073745
2026-01-08,24662,EDM,WPG,30000540,Ryan Nugent-Hopkins,assists,rf_qrf_assists,0.3.0,empirical_qrf,0.0,0.0,0.0,,4935908734271347323,2026-01-08 19:04:01.073745
2026-01-08,24662,EDM,WPG,30000549,Darnell Nurse,assists,rf_qrf_assists,0.3.0,empirical_qrf,0.005333333333333332,0.0,0.0,,4935908734271347323,2026-01-08 19:04:01.073745
2026-01-08,24662,EDM,WPG,30000752,Mattias Janmark,assists,rf_qrf_assists,0.3.0,empirical_qrf,0.0,0.0,0.0,,4935908734271347323,2026-01-08 19:04:01.073745
2026-01-08,24662,EDM,WPG,30000965,Curtis Lazar,assists,rf_qrf_assists,0.3.0,empirical_qrf,0.0,0.0,0.0,,4935908734271347323,2026-01-08 19:04:01.073745
2026-01-08,24662,EDM,WPG,30000987,Adam Henrique,assists,rf_qrf_assists,0.3.0,empirical_qrf,0.0,0.0,0.0,,4935908734271347323,2026-01-08 19:04:01.073745
2026-01-08,24662,EDM,WPG,30001076,Leon Draisaitl,assists,rf_qrf_assists,0.3.0,empirical_qrf,0.0,0.0,0.0,,4935908734271347323,2026-01-08 19:04:01.073745
2026-01-08,24662,EDM,WPG,30001233,Connor McDavid,assists,rf_qrf_assists,0.3.0,empirical_qrf,0.0011666666666666665,0.0,0.0,,4935908734271347323,2026-01-08 19:04:01.073745
2026-01-08,24662,EDM,WPG,30001304,Calvin Pickard,assists,rf_qrf_assists,0.3.0,empirical_qrf,0.006010523816671021,0.004617148994188913,0.00739245098226108,,4935908734271347323,2026-01-08 19:04:01.073745
2026-01-08,24662,EDM,WPG,30001368,Seth Griffith,assists,rf_qrf_assists,0.3.0,empirical_qrf,0.006010523816671021,0.004617148994188913,0.00739245098226108,,4935908734271347323,2026-01-08 19:04:01.073745
2026-01-08,24662,EDM,WPG,30002218,Andrew Mangiapane,assists,rf_qrf_assists,0.3.0,empirical_qrf,0.0,0.0,0.0,,4935908734271347323,2026-01-08 19:04:01.073745
2026-01-08,24662,EDM,WPG,30002623,Jake Walman,assists,rf_qrf_assists,0.3.0,empirical_qrf,0.003826330532212885,0.0,0.0,,4935908734271347323,2026-01-08 19:04:01.073745
2026-01-08,24662,EDM,WPG,30002787,Connor Ingram,assists,rf_qrf_assists,0.3.0,empirical_qrf,0.006010523816671021,0.004617148994188913,0.00739245098226108,,4935908734271347323,2026-01-08 19:04:01.073745
2026-01-08,24662,EDM,WPG,30002824,Jack Roslovic,assists,rf_qrf_assists,0.3.0,empirical_qrf,0.00416072131237246,0.0,0.009615384615384616,,4935908734271347323,2026-01-08 19:04:01.073745
2026-01-08,24662,EDM,WPG,30003142,Max Jones,assists,rf_qrf_assists,0.3.0,empirical_qrf,0.0,0.0,0.0,,4935908734271347323,2026-01-08 19:04:01.073745
2026-01-08,24662,EDM,WPG,30003157,Trent Frederic,assists,rf_qrf_assists,0.3.0,empirical_qrf,0.0,0.0,0.0,,4935908734271347323,2026-01-08 19:04:01.073745
2026-01-08,24662,EDM,WPG,30003211,Rem Pitlick,assists,rf_qrf_assists,0.3.0,empirical_qrf,0.006010523816671021,0.004617148994188913,0.00739245098226108,,4935908734271347323,2026-01-08 19:04:01.073745
2026-01-08,24662,EDM,WPG,30003345,Riley Stillman,assists,rf_qrf_assists,0.3.0,empirical_qrf,0.0,0.0,0.0,,4935908734271347323,2026-01-08 19:04:01.073745
2026-01-08,24662,EDM,WPG,30003770,Matt Tomkins,assists,rf_qrf_assists,0.3.0,empirical_qrf,0.006010523816671021,0.004617148994188913,0.00739245098226108,,4935908734271347323,2026-01-08 19:04:01.073745
2026-01-08,24662,EDM,WPG,30004081,Evan Bouchard,assists,rf_qrf_assists,0.3.0,empirical_qrf,0.0024722222222222224,0.0,0.0,,4935908734271347323,2026-01-08 19:04:01.073745
2026-01-08,24662,EDM,WPG,30004156,Alec Regula,assists,rf_qrf_assists,0.3.0,empirical_qrf,0.00416072131237246,0.0,0.009615384615384616,,4935908734271347323,2026-01-08 19:04:01.073745
2026-01-08,24662,EDM,WPG,30004165,Ty Emberson,assists,rf_qrf_assists,0.3.0,empirical_qrf,0.0,0.0,0.0,,4935908734271347323,2026-01-08 19:04:01.073745
2026-01-08,24662,EDM,WPG,30004370,Spencer Stastney,assists,rf_qrf_assists,0.3.0,empirical_qrf,0.006034152305760568,0.0,0.011940298507462687,,4935908734271347323,2026-01-08 19:04:01.073745
2026-01-08,24662,EDM,WPG,30004476,Vasily Podkolzin,assists,rf_qrf_assists,0.3.0,empirical_qrf,0.0022871572871572873,0.0,0.0,,4935908734271347323,2026-01-08 19:04:01.073745
2026-01-08,24662,EDM,WPG,30004490,Sam Poulin,assists,rf_qrf_assists,0.3.0,empirical_qrf,0.018381610607100085,0.0,0.036585365853658534,,4935908734271347323,2026-01-08 19:04:01.073745
2026-01-08,24662,EDM,WPG,30004625,Mason Millman,assists,rf_qrf_assists,0.3.0,empirical_qrf,0.06062948193157782,0.021692876965772434,0.11136363636363641,,4935908734271347323,2026-01-08 19:04:01.073745
2026-01-08,24662,EDM,WPG,30004871,Luke Prokop,assists,rf_qrf_assists,0.3.0,empirical_qrf,0.00416072131237246,0.0,0.009615384615384616,,4935908734271347323,2026-01-08 19:04:01.073745
2026-01-08,24662,EDM,WPG,30005174,Matvey Petrov,assists,rf_qrf_assists,0.3.0,empirical_qrf,0.006010523816671021,0.004617148994188913,0.00739245098226108,,4935908734271347323,2026-01-08 19:04:01.073745
2026-01-08,24662,EDM,WPG,30005177,James Hamblin,assists,rf_qrf_assists,0.3.0,empirical_qrf,0.0,0.0,0.0,,4935908734271347323,2026-01-08 19:04:01.073745
2026-01-08,24662,EDM,WPG,30005185,Jayden Grubbe,assists,rf_qrf_assists,0.3.0,empirical_qrf,0.00416072131237246,0.0,0.009615384615384616,,4935908734271347323,2026-01-08 19:04:01.073745
2026-01-08,24662,EDM,WPG,30005633,Matt Savoie,assists,rf_qrf_assists,0.3.0,empirical_qrf,0.0,0.0,0.0,,4935908734271347323,2026-01-08 19:04:01.073745
2026-01-08,24662,EDM,WPG,30005731,Mats Lindgren,assists,rf_qrf_assists,0.3.0,empirical_qrf,0.006010523816671021,0.004617148994188913,0.00739245098226108,,4935908734271347323,2026-01-08 19:04:01.073745
2026-01-08,24662,EDM,WPG,30005931,Brady Stonehouse,assists,rf_qrf_assists,0.3.0,empirical_qrf,0.006010523816671021,0.004617148994188913,0.00739245098226108,,4935908734271347323,2026-01-08 19:04:01.073745
2026-01-08,24662,EDM,WPG,30006112,Beau Akey,assists,rf_qrf_assists,0.3.0,empirical_qrf,0.006189151748087481,0.0,0.013157894736842105,,4935908734271347323,2026-01-08 19:04:01.073745
2026-01-08,24662,EDM,WPG,30006225,Nathaniel Day,assists,rf_qrf_assists,0.3.0,empirical_qrf,0.006010523816671021,0.004617148994188913,0.00739245098226108,,4935908734271347323,2026-01-08 19:04:01.073745
2026-01-08,24662,EDM,WPG,30006327,Matt Brown,assists,rf_qrf_assists,0.3.0,empirical_qrf,0.006010523816671021,0.004617148994188913,0.00739245098226108,,4935908734271347323,2026-01-08 19:04:01.073745
2026-01-08,24662,EDM,WPG,30006393,Connor Clattenburg,assists,rf_qrf_assists,0.3.0,empirical_qrf,0.0,0.0,0.0,,4935908734271347323,2026-01-08 19:04:01.073745
2026-01-08,24662,WPG,EDM,30000060,Luke Schenn,assists,rf_qrf_assists,0.3.0,empirical_qrf,0.03976736198569264,0.0,0.07799503866919599,,4935908734271347323,2026-01-08 19:04:01.073745
2026-01-08,24662,WPG,EDM,30000153,Tanner Pearson,assists,rf_qrf_assists,0.3.0,empirical_qrf,0.03976736198569264,0.0,0.07799503866919599,,4935908734271347323,2026-01-08 19:04:01.073745
2026-01-08,24662,WPG,EDM,30000212,Colin Miller,assists,rf_qrf_assists,0.3.0,empirical_qrf,0.055777597625019076,0.0,0.10714285714285714,,4935908734271347323,2026-01-08 19:04:01.073745
2026-01-08,24662,WPG,EDM,30000371,Haydn Fleury,assists,rf_qrf_assists,0.3.0,empirical_qrf,0.0,0.0,0.0,,4935908734271347323,2026-01-08 19:04:01.073745
2026-01-08,24662,WPG,EDM,30000522,Nino Niederreiter,assists,rf_qrf_assists,0.3.0,empirical_qrf,0.0,0.0,0.0,,4935908734271347323,2026-01-08 19:04:01.073745
2026-01-08,24662,WPG,EDM,30000801,Connor Hellebuyck,assists,rf_qrf_assists,0.3.0,empirical_qrf,0.006010523816671021,0.004617148994188913,0.00739245098226108,,4935908734271347323,2026-01-08 19:04:01.073745
2026-01-08,24662,WPG,EDM,30000826,Josh Morrissey,assists,rf_qrf_assists,0.3.0,empirical_qrf,0.002041666666666667,0.0,0.0,,4935908734271347323,2026-01-08 19:04:01.073745
2026-01-08,24662,WPG,EDM,30000830,Mark Scheifele,assists,rf_qrf_assists,0.3.0,empirical_qrf,0.35191946532426416,0.0,0.8,,4935908734271347323,2026-01-08 19:04:01.073745
2026-01-08,24662,WPG,EDM,30000872,Jonathan Toews,assists,rf_qrf_assists,0.3.0,empirical_qrf,0.04394521867985976,0.0,0.08695652173913043,,4935908734271347323,2026-01-08 19:04:01.073745
2026-01-08,24662,WPG,EDM,30001036,Gustav Nyquist,assists,rf_qrf_assists,0.3.0,empirical_qrf,0.0018186998186998189,0.0,0.0,,4935908734271347323,2026-01-08 19:04:01.073745
2026-01-08,24662,WPG,EDM,30001050,Vladislav Namestnikov,assists,rf_qrf_assists,0.3.0,empirical_qrf,0.22682803448128525,0.0,0.5045454545454556,,4935908734271347323,2026-01-08 19:04:01.073745
2026-01-08,24662,WPG,EDM,30001061,Eric Comrie,assists,rf_qrf_assists,0.3.0,empirical_qrf,0.006010523816671021,0.004617148994188913,0.00739245098226108,,4935908734271347323,2026-01-08 19:04:01.073745
2026-01-08,24662,WPG,EDM,30001070,Adam Lowry,assists,rf_qrf_assists,0.3.0,empirical_qrf,0.0,0.0,0.0,,4935908734271347323,2026-01-08 19:04:01.073745
2026-01-08,24662,WPG,EDM,30001224,Dylan DeMelo,assists,rf_qrf_assists,0.3.0,empirical_qrf,0.0,0.0,0.0,,4935908734271347323,2026-01-08 19:04:01.073745
2026-01-08,24662,WPG,EDM,30002772,Kyle Connor,assists,rf_qrf_assists,0.3.0,empirical_qrf,0.0,0.0,0.0,,4935908734271347323,2026-01-08 19:04:01.073745
2026-01-08,24662,WPG,EDM,30003148,Logan Stanley,assists,rf_qrf_assists,0.3.0,empirical_qrf,0.0,0.0,0.0,,4935908734271347323,2026-01-08 19:04:01.073745
2026-01-08,24662,WPG,EDM,30003172,Kale Clague,assists,rf_qrf_assists,0.3.0,empirical_qrf,0.0,0.0,0.0,,4935908734271347323,2026-01-08 19:04:01.073745
2026-01-08,24662,WPG,EDM,30003588,Alex Iafallo,assists,rf_qrf_assists,0.3.0,empirical_qrf,0.20381589706589706,0.0,0.5,,4935908734271347323,2026-01-08 19:04:01.073745
2026-01-08,24662,WPG,EDM,30003603,Neal Pionk,assists,rf_qrf_assists,0.3.0,empirical_qrf,0.044726190476190475,0.0,0.17000000000000076,,4935908734271347323,2026-01-08 19:04:01.073745
2026-01-08,24662,WPG,EDM,30003664,Gabriel Vilardi,assists,rf_qrf_assists,0.3.0,empirical_qrf,0.027844394224098252,0.0,0.06681818181818185,,4935908734271347323,2026-01-08 19:04:01.073745
2026-01-08,24662,WPG,EDM,30003691,Dylan Samberg,assists,rf_qrf_assists,0.3.0,empirical_qrf,0.0,0.0,0.0,,4935908734271347323,2026-01-08 19:04:01.073745
2026-01-08,24662,WPG,EDM,30003692,Jaret Anderson-Dolan,assists,rf_qrf_assists,0.3.0,empirical_qrf,0.0,0.0,0.0,,4935908734271347323,2026-01-08 19:04:01.073745
2026-01-08,24662,WPG,EDM,30004110,David Gustafsson,assists,rf_qrf_assists,0.3.0,empirical_qrf,0.006034152305760568,0.0,0.011940298507462687,,4935908734271347323,2026-01-08 19:04:01.073745
2026-01-08,24662,WPG,EDM,30004389,Morgan Barron,assists,rf_qrf_assists,0.3.0,empirical_qrf,0.0,0.0,0.0,,4935908734271347323,2026-01-08 19:04:01.073745
2026-01-08,24662,WPG,EDM,30004496,Ville Heinola,assists,rf_qrf_assists,0.3.0,empirical_qrf,0.0,0.0,0.0,,4935908734271347323,2026-01-08 19:04:01.073745
2026-01-08,24662,WPG,EDM,30004534,Samuel Fagemo,assists,rf_qrf_assists,0.3.0,empirical_qrf,0.0,0.0,0.0,,4935908734271347323,2026-01-08 19:04:01.073745
2026-01-08,24662,WPG,EDM,30004813,Cole Perfetti,assists,rf_qrf_assists,0.3.0,empirical_qrf,0.05065734267199871,0.0,0.12,,4935908734271347323,2026-01-08 19:04:01.073745
2026-01-08,24662,WPG,EDM,30004943,Walker Duehr,assists,rf_qrf_assists,0.3.0,empirical_qrf,0.0,0.0,0.0,,4935908734271347323,2026-01-08 19:04:01.073745
2026-01-08,24662,WPG,EDM,30004945,Cole Koepke,assists,rf_qrf_assists,0.3.0,empirical_qrf,0.0,0.0,0.0,,4935908734271347323,2026-01-08 19:04:01.073745
2026-01-08,24662,WPG,EDM,30005036,Nikita Chibrikov,assists,rf_qrf_assists,0.3.0,empirical_qrf,0.0,0.0,0.0,,4935908734271347323,2026-01-08 19:04:01.073745
2026-01-08,24662,WPG,EDM,30005343,Jaydon Dureau,assists,rf_qrf_assists,0.3.0,empirical_qrf,0.3554259259259259,0.0,1.3333333333333333,,4935908734271347323,2026-01-08 19:04:01.073745
2026-01-08,24662,WPG,EDM,30005647,Brad Lambert,assists,rf_qrf_assists,0.3.0,empirical_qrf,0.014630790505790504,0.0,0.0,,4935908734271347323,2026-01-08 19:04:01.073745
2026-01-08,24662,WPG,EDM,30005668,Elias Salomonsson,assists,rf_qrf_assists,0.3.0,empirical_qrf,0.0,0.0,0.0,,4935908734271347323,2026-01-08 19:04:01.073745
2026-01-08,24662,WPG,EDM,30005684,Danil Zhilkin,assists,rf_qrf_assists,0.3.0,empirical_qrf,0.0,0.0,0.0,,4935908734271347323,2026-01-08 19:04:01.073745
2026-01-08,24662,WPG,EDM,30005716,Fabian Wagner,assists,rf_qrf_assists,0.3.0,empirical_qrf,0.006010523816671021,0.004617148994188913,0.00739245098226108,,4935908734271347323,2026-01-08 19:04:01.073745
2026-01-08,24662,WPG,EDM,30005843,Thomas Milic,assists,rf_qrf_assists,0.3.0,empirical_qrf,0.006010523816671021,0.004617148994188913,0.00739245098226108,,4935908734271347323,2026-01-08 19:04:01.073745
2026-01-08,24662,WPG,EDM,30005851,Dominic DiVincentiis,assists,rf_qrf_assists,0.3.0,empirical_qrf,0.006010523816671021,0.004617148994188913,0.00739245098226108,,4935908734271347323,2026-01-08 19:04:01.073745
2026-01-08,24662,WPG,EDM,30006030,Parker Ford,assists,rf_qrf_assists,0.3.0,empirical_qrf,0.0,0.0,0.0,,4935908734271347323,2026-01-08 19:04:01.073745
2026-01-08,24662,WPG,EDM,30006076,Brayden Yager,assists,rf_qrf_assists,0.3.0,empirical_qrf,0.0,0.0,0.0,,4935908734271347323,2026-01-08 19:04:01.073745
2026-01-08,24662,WPG,EDM,30006082,Colby Barlow,assists,rf_qrf_assists,0.3.0,empirical_qrf,0.0,0.0,0.0,,4935908734271347323,2026-01-08 19:04:01.073745
2026-01-08,24662,WPG,EDM,30006260,Jacob Julien,assists,rf_qrf_assists,0.3.0,empirical_qrf,0.006010523816671021,0.004617148994188913,0.00739245098226108,,4935908734271347323,2026-01-08 19:04:01.073745
2026-01-08,24662,WPG,EDM,30006309,Ethan Frisch,assists,rf_qrf_assists,0.3.0,empirical_qrf,0.04394521867985976,0.0,0.08695652173913043,,4935908734271347323,2026-01-08 19:04:01.073745
2026-01-08,24663,NYI,NAS,30000204,Kyle Palmieri,assists,rf_qrf_assists,0.3.0,empirical_qrf,0.0021428571428571425,0.0,0.0,,4935908734271347323,2026-01-08 19:04:01.073745
2026-01-08,24663,NYI,NAS,30000276,Anders Lee,assists,rf_qrf_assists,0.3.0,empirical_qrf,0.0,0.0,0.0,,4935908734271347323,2026-01-08 19:04:01.073745
2026-01-08,24663,NYI,NAS,30000290,Adam Pelech,assists,rf_qrf_assists,0.3.0,empirical_qrf,0.0,0.0,0.0,,4935908734271347323,2026-01-08 19:04:01.073745
2026-01-08,24663,NYI,NAS,30000292,Mathew Barzal,assists,rf_qrf_assists,0.3.0,empirical_qrf,0.0,0.0,0.0,,4935908734271347323,2026-01-08 19:04:01.073745
2026-01-08,24663,NYI,NAS,30000571,Anthony Duclair,assists,rf_qrf_assists,0.3.0,empirical_qrf,0.0008333333333333334,0.0,0.0,,4935908734271347323,2026-01-08 19:04:01.073745
2026-01-08,24663,NYI,NAS,30000644,Chris Terry,assists,rf_qrf_assists,0.3.0,empirical_qrf,0.0,0.0,0.0,,4935908734271347323,2026-01-08 19:04:01.073745
2026-01-08,24663,NYI,NAS,30000733,Tony DeAngelo,assists,rf_qrf_assists,0.3.0,empirical_qrf,0.0006613756613756613,0.0,0.0,,4935908734271347323,2026-01-08 19:04:01.073745
2026-01-08,24663,NYI,NAS,30000734,Jonathan Drouin,assists,rf_qrf_assists,0.3.0,empirical_qrf,0.0,0.0,0.0,,4935908734271347323,2026-01-08 19:04:01.073745
2026-01-08,24663,NYI,NAS,30000875,Semyon Varlamov,assists,rf_qrf_assists,0.3.0,empirical_qrf,0.006010523816671021,0.004617148994188913,0.00739245098226108,,4935908734271347323,2026-01-08 19:04:01.073745
2026-01-08,24663,NYI,NAS,30000966,Jean-Gabriel Pageau,assists,rf_qrf_assists,0.3.0,empirical_qrf,0.0,0.0,0.0,,4935908734271347323,2026-01-08 19:04:01.073745
2026-01-08,24663,NYI,NAS,30000986,Seth Helgeson,assists,rf_qrf_assists,0.3.0,empirical_qrf,0.01487197669874238,0.0,0.033726909160159975,,4935908734271347323,2026-01-08 19:04:01.073745
2026-01-08,24663,NYI,NAS,30000999,Scott Mayfield,assists,rf_qrf_assists,0.3.0,empirical_qrf,0.05065734267199871,0.0,0.12,,4935908734271347323,2026-01-08 19:04:01.073745
2026-01-08,24663,NYI,NAS,30001003,Ryan Pulock,assists,rf_qrf_assists,0.3.0,empirical_qrf,0.03976736198569264,0.0,0.07799503866919599,,4935908734271347323,2026-01-08 19:04:01.073745
2026-01-08,24663,NYI,NAS,30001155,Casey Cizikas,assists,rf_qrf_assists,0.3.0,empirical_qrf,0.03976736198569264,0.0,0.07799503866919599,,4935908734271347323,2026-01-08 19:04:01.073745
2026-01-08,24663,NYI,NAS,30001276,Bo Horvat,assists,rf_qrf_assists,0.3.0,empirical_qrf,0.0,0.0,0.0,,4935908734271347323,2026-01-08 19:04:01.073745
2026-01-08,24663,NYI,NAS,30002533,Marcus Hogberg,assists,rf_qrf_assists,0.3.0,empirical_qrf,0.006010523816671021,0.004617148994188913,0.00739245098226108,,4935908734271347323,2026-01-08 19:04:01.073745
2026-01-08,24663,NYI,NAS,30002618,Ilya Sorokin,assists,rf_qrf_assists,0.3.0,empirical_qrf,0.006010523816671021,0.004617148994188913,0.00739245098226108,,4935908734271347323,2026-01-08 19:04:01.073745
2026-01-08,24663,NYI,NAS,30003126,David Rittich,assists,rf_qrf_assists,0.3.0,empirical_qrf,0.006010523816671021,0.004617148994188913,0.00739245098226108,,4935908734271347323,2026-01-08 19:04:01.073745
2026-01-08,24663,NYI,NAS,30003189,Sean Day,assists,rf_qrf_assists,0.3.0,empirical_qrf,0.0,0.0,0.0,,4935908734271347323,2026-01-08 19:04:01.073745
2026-01-08,24663,NYI,NAS,30003541,Matthew Highmore,assists,rf_qrf_assists,0.3.0,empirical_qrf,0.007043537013121695,0.0,0.014251781472684086,,4935908734271347323,2026-01-08 19:04:01.073745
2026-01-08,24663,NYI,NAS,30004051,Pierre Engvall,assists,rf_qrf_assists,0.3.0,empirical_qrf,0.0035,0.0,0.0,,4935908734271347323,2026-01-08 19:04:01.073745
2026-01-08,24663,NYI,NAS,30004091,Adam Boqvist,assists,rf_qrf_assists,0.3.0,empirical_qrf,0.0,0.0,0.0,,4935908734271347323,2026-01-08 19:04:01.073745
2026-01-08,24663,NYI,NAS,30004176,Alexander Romanov,assists,rf_qrf_assists,0.3.0,empirical_qrf,0.0,0.0,0.0,,4935908734271347323,2026-01-08 19:04:01.073745
2026-01-08,24663,NYI,NAS,30004332,Kyle MacLean,assists,rf_qrf_assists,0.3.0,empirical_qrf,0.018381610607100085,0.0,0.036585365853658534,,4935908734271347323,2026-01-08 19:04:01.073745
2026-01-08,24663,NYI,NAS,30004498,Simon Holmstrom,assists,rf_qrf_assists,0.3.0,empirical_qrf,0.0,0.0,0.0,,4935908734271347323,2026-01-08 19:04:01.073745
2026-01-08,24663,NYI,NAS,30004525,Adam Beckman,assists,rf_qrf_assists,0.3.0,empirical_qrf,0.0,0.0,0.0,,4935908734271347323,2026-01-08 19:04:01.073745
2026-01-08,24663,NYI,NAS,30004845,Emil Heineman,assists,rf_qrf_assists,0.3.0,empirical_qrf,0.02763492063492063,0.0,0.0,,4935908734271347323,2026-01-08 19:04:01.073745
2026-01-08,24663,NYI,NAS,30005205,Tristan Lennox,assists,rf_qrf_assists,0.3.0,empirical_qrf,0.006010523816671021,0.004617148994188913,0.00739245098226108,,4935908734271347323,2026-01-08 19:04:01.073745
2026-01-08,24663,NYI,NAS,30005262,Henrik Tikkanen,assists,rf_qrf_assists,0.3.0,empirical_qrf,0.006010523816671021,0.004617148994188913,0.00739245098226108,,4935908734271347323,2026-01-08 19:04:01.073745
2026-01-08,24663,NYI,NAS,30005265,Eetu Liukas,assists,rf_qrf_assists,0.3.0,empirical_qrf,0.006010523816671021,0.004617148994188913,0.00739245098226108,,4935908734271347323,2026-01-08 19:04:01.073745
2026-01-08,24663,NYI,NAS,30005661,Calle Odelius,assists,rf_qrf_assists,0.3.0,empirical_qrf,0.08498826272864966,0.0,0.20068965517241397,,4935908734271347323,2026-01-08 19:04:01.073745
2026-01-08,24663,NYI,NAS,30005705,Isaiah George,assists,rf_qrf_assists,0.3.0,empirical_qrf,0.0,0.0,0.0,,4935908734271347323,2026-01-08 19:04:01.073745
2026-01-08,24663,NYI,NAS,30005828,Marc Gatcomb,assists,rf_qrf_assists,0.3.0,empirical_qrf,0.062367264590366366,0.0,0.15038461538461548,,4935908734271347323,2026-01-08 19:04:01.073745
2026-01-08,24663,NYI,NAS,30005856,Daylan Kuefler,assists,rf_qrf_assists,0.3.0,empirical_qrf,0.006010523816671021,0.004617148994188913,0.00739245098226108,,4935908734271347323,2026-01-08 19:04:01.073745
2026-01-08,24663,NYI,NAS,30005858,Matthew Maggio,assists,rf_qrf_assists,0.3.0,empirical_qrf,0.0,0.0,0.0,,4935908734271347323,2026-01-08 19:04:01.073745
2026-01-08,24663,NYI,NAS,30006038,Travis Mitchell,assists,rf_qrf_assists,0.3.0,empirical_qrf,0.006034152305760568,0.0,0.011940298507462687,,4935908734271347323,2026-01-08 19:04:01.073745
2026-01-08,24663,NYI,NAS,30006078,Calum Ritchie,assists,rf_qrf_assists,0.3.0,empirical_qrf,0.0010357142857142856,0.0,0.0,,4935908734271347323,2026-01-08 19:04:01.073745
2026-01-08,24663,NYI,NAS,30006247,Justin Gill,assists,rf_qrf_assists,0.3.0,empirical_qrf,0.006010523816671021,0.004617148994188913,0.00739245098226108,,4935908734271347323,2026-01-08 19:04:01.073745
2026-01-08,24663,NYI,NAS,30006400,Artem Kulakov,assists,rf_qrf_assists,0.3.0,empirical_qrf,0.006010523816671021,0.004617148994188913,0.00739245098226108,,4935908734271347323,2026-01-08 19:04:01.073745
2026-01-08,24663,NYI,NAS,30006402,Joseph Cipollone,assists,rf_qrf_assists,0.3.0,empirical_qrf,0.006010523816671021,0.004617148994188913,0.00739245098226108,,4935908734271347323,2026-01-08 19:04:01.073745
2026-01-08,24663,NYI,NAS,30006475,Maxim Tsyplakov,assists,rf_qrf_assists,0.3.0,empirical_qrf,0.0,0.0,0.0,,4935908734271347323,2026-01-08 19:04:01.073745
2026-01-08,24663,NYI,NAS,30006857,Matthew Schaefer,assists,rf_qrf_assists,0.3.0,empirical_qrf,0.0,0.0,0.0,,4935908734271347323,2026-01-08 19:04:01.073745
2026-01-08,24663,NYI,NAS,30006925,Maxim Shabanov,assists,rf_qrf_assists,0.3.0,empirical_qrf,0.0002222222222222222,0.0,0.0,,4935908734271347323,2026-01-08 19:04:01.073745
2026-01-08,24663,NAS,NYI,30000183,Filip Forsberg,assists,rf_qrf_assists,0.3.0,empirical_qrf,0.034833333333333334,0.0,0.0,,4935908734271347323,2026-01-08 19:04:01.073745
2026-01-08,24663,NAS,NYI,30000184,Roman Josi,assists,rf_qrf_assists,0.3.0,empirical_qrf,0.0,0.0,0.0,,4935908734271347323,2026-01-08 19:04:01.073745
2026-01-08,24663,NAS,NYI,30000222,Juuse Saros,assists,rf_qrf_assists,0.3.0,empirical_qrf,0.006010523816671021,0.004617148994188913,0.00739245098226108,,4935908734271347323,2026-01-08 19:04:01.073745
2026-01-08,24663,NAS,NYI,30000324,Brady Skjei,assists,rf_qrf_assists,0.3.0,empirical_qrf,0.014630790505790504,0.0,0.0,,4935908734271347323,2026-01-08 19:04:01.073745
2026-01-08,24663,NAS,NYI,30000716,Daniel Carr,assists,rf_qrf_assists,0.3.0,empirical_qrf,0.004888401559454191,0.0,0.0,,4935908734271347323,2026-01-08 19:04:01.073745
2026-01-08,24663,NAS,NYI,30000720,Michael McCarron,assists,rf_qrf_assists,0.3.0,empirical_qrf,0.0,0.0,0.0,,4935908734271347323,2026-01-08 19:04:01.073745
2026-01-08,24663,NAS,NYI,30000743,Steven Stamkos,assists,rf_qrf_assists,0.3.0,empirical_qrf,0.0,0.0,0.0,,4935908734271347323,2026-01-08 19:04:01.073745
2026-01-08,24663,NAS,NYI,30000810,Erik Haula,assists,rf_qrf_assists,0.3.0,empirical_qrf,0.0,0.0,0.0,,4935908734271347323,2026-01-08 19:04:01.073745
2026-01-08,24663,NAS,NYI,30000979,Ryan O'Reilly,assists,rf_qrf_assists,0.3.0,empirical_qrf,0.0011666666666666665,0.0,0.0,,4935908734271347323,2026-01-08 19:04:01.073745
2026-01-08,24663,NAS,NYI,30001048,Jonathan Marchessault,assists,rf_qrf_assists,0.3.0,empirical_qrf,0.038129629629629624,0.0,0.0,,4935908734271347323,2026-01-08 19:04:01.073745
2026-01-08,24663,NAS,NYI,30002591,Andreas Englund,assists,rf_qrf_assists,0.3.0,empirical_qrf,0.007043537013121695,0.0,0.014251781472684086,,4935908734271347323,2026-01-08 19:04:01.073745
2026-01-08,24663,NAS,NYI,30002859,Michael Bunting,assists,rf_qrf_assists,0.3.0,empirical_qrf,0.004583333333333333,0.0,0.0,,4935908734271347323,2026-01-08 19:04:01.073745
2026-01-08,24663,NAS,NYI,30003140,Tyson Jost,assists,rf_qrf_assists,0.3.0,empirical_qrf,0.0,0.0,0.0,,4935908734271347323,2026-01-08 19:04:01.073745
2026-01-08,24663,NAS,NYI,30003206,Dylan Gambrell,assists,rf_qrf_assists,0.3.0,empirical_qrf,0.027844394224098252,0.0,0.06681818181818185,,4935908734271347323,2026-01-08 19:04:01.073745
2026-01-08,24663,NAS,NYI,30003700,Nicolas Hague,assists,rf_qrf_assists,0.3.0,empirical_qrf,0.0,0.0,0.0,,4935908734271347323,2026-01-08 19:04:01.073745
2026-01-08,24663,NAS,NYI,30004161,Justus Annunen,assists,rf_qrf_assists,0.3.0,empirical_qrf,0.006010523816671021,0.004617148994188913,0.00739245098226108,,4935908734271347323,2026-01-08 19:04:01.073745
2026-01-08,24663,NAS,NYI,30004606,Nick Perbix,assists,rf_qrf_assists,0.3.0,empirical_qrf,0.00416072131237246,0.0,0.009615384615384616,,4935908734271347323,2026-01-08 19:04:01.073745
2026-01-08,24663,NAS,NYI,30004716,Zack Hayes,assists,rf_qrf_assists,0.3.0,empirical_qrf,0.006010523816671021,0.004617148994188913,0.00739245098226108,,4935908734271347323,2026-01-08 19:04:01.073745
2026-01-08,24663,NAS,NYI,30004725,Ethan Haider,assists,rf_qrf_assists,0.3.0,empirical_qrf,0.006010523816671021,0.004617148994188913,0.00739245098226108,,4935908734271347323,2026-01-08 19:04:01.073745
2026-01-08,24663,NAS,NYI,30004748,Cole Smith,assists,rf_qrf_assists,0.3.0,empirical_qrf,0.0,0.0,0.0,,4935908734271347323,2026-01-08 19:04:01.073745
2026-01-08,24663,NAS,NYI,30004795,Justin Barron,assists,rf_qrf_assists,0.3.0,empirical_qrf,0.0,0.0,0.0,,4935908734271347323,2026-01-08 19:04:01.073745
2026-01-08,24663,NAS,NYI,30004822,Ozzy Wiesblatt,assists,rf_qrf_assists,0.3.0,empirical_qrf,0.0,0.0,0.0,,4935908734271347323,2026-01-08 19:04:01.073745
2026-01-08,24663,NAS,NYI,30004834,Luke Evangelista,assists,rf_qrf_assists,0.3.0,empirical_qrf,0.006541666666666666,0.0,0.0,,4935908734271347323,2026-01-08 19:04:01.073745
2026-01-08,24663,NAS,NYI,30004907,Ryder Rolston,assists,rf_qrf_assists,0.3.0,empirical_qrf,0.0,0.0,0.0,,4935908734271347323,2026-01-08 19:04:01.073745
2026-01-08,24663,NAS,NYI,30004944,Magnus Chrona,assists,rf_qrf_assists,0.3.0,empirical_qrf,0.006010523816671021,0.004617148994188913,0.00739245098226108,,4935908734271347323,2026-01-08 19:04:01.073745
2026-01-08,24663,NAS,NYI,30004991,Fedor Svechkov,assists,rf_qrf_assists,0.3.0,empirical_qrf,0.0,0.0,0.0,,4935908734271347323,2026-01-08 19:04:01.073745
2026-01-08,24663,NAS,NYI,30005006,Zachary L'Heureux,assists,rf_qrf_assists,0.3.0,empirical_qrf,0.03976736198569264,0.0,0.07799503866919599,,4935908734271347323,2026-01-08 19:04:01.073745
2026-01-08,24663,NAS,NYI,30005190,Jack Matier,assists,rf_qrf_assists,0.3.0,empirical_qrf,0.006010523816671021,0.004617148994188913,0.00739245098226108,,4935908734271347323,2026-01-08 19:04:01.073745
2026-01-08,24663,NAS,NYI,30005233,Adam Wilsby,assists,rf_qrf_assists,0.3.0,empirical_qrf,0.0343122627319318,0.0,0.07052313883299802,,4935908734271347323,2026-01-08 19:04:01.073745
2026-01-08,24663,NAS,NYI,30005578,Nick Blankenburg,assists,rf_qrf_assists,0.3.0,empirical_qrf,0.05065734267199871,0.0,0.12,,4935908734271347323,2026-01-08 19:04:01.073745
2026-01-08,24663,NAS,NYI,30005617,Joakim Kemell,assists,rf_qrf_assists,0.3.0,empirical_qrf,0.0,0.0,0.0,,4935908734271347323,2026-01-08 19:04:01.073745
2026-01-08,24663,NAS,NYI,30005648,Reid Schaefer,assists,rf_qrf_assists,0.3.0,empirical_qrf,0.07567129629629629,0.0,0.0,,4935908734271347323,2026-01-08 19:04:01.073745
2026-01-08,24663,NAS,NYI,30005835,Chad Nychuk,assists,rf_qrf_assists,0.3.0,empirical_qrf,0.006010523816671021,0.004617148994188913,0.00739245098226108,,4935908734271347323,2026-01-08 19:04:01.073745
2026-01-08,24663,NAS,NYI,30005933,Austin Roest,assists,rf_qrf_assists,0.3.0,empirical_qrf,0.006010523816671021,0.004617148994188913,0.00739245098226108,,4935908734271347323,2026-01-08 19:04:01.073745
2026-01-08,24663,NAS,NYI,30006080,Tanner Molendyk,assists,rf_qrf_assists,0.3.0,empirical_qrf,0.018381610607100085,0.0,0.036585365853658534,,4935908734271347323,2026-01-08 19:04:01.073745
2026-01-08,24663,NAS,NYI,30006081,Matthew Wood,assists,rf_qrf_assists,0.3.0,empirical_qrf,0.00037037037037037035,0.0,0.0,,4935908734271347323,2026-01-08 19:04:01.073745
2026-01-08,24663,NAS,NYI,30006089,David Edstrom,assists,rf_qrf_assists,0.3.0,empirical_qrf,0.0,0.0,0.0,,4935908734271347323,2026-01-08 19:04:01.073745
2026-01-08,24663,NAS,NYI,30006095,Andrew Gibson,assists,rf_qrf_assists,0.3.0,empirical_qrf,0.0,0.0,0.0,,4935908734271347323,2026-01-08 19:04:01.073745
2026-01-08,24663,NAS,NYI,30006107,Kalan Lind,assists,rf_qrf_assists,0.3.0,empirical_qrf,0.006010523816671021,0.004617148994188913,0.00739245098226108,,4935908734271347323,2026-01-08 19:04:01.073745
2026-01-08,24663,NAS,NYI,30006185,Joey Willis,assists,rf_qrf_assists,0.3.0,empirical_qrf,0.006010523816671021,0.004617148994188913,0.00739245098226108,,4935908734271347323,2026-01-08 19:04:01.073745
2026-01-08,24664,OTT,COL,30000012,Lars Eller,assists,rf_qrf_assists,0.3.0,empirical_qrf,0.0,0.0,0.0,,4935908734271347323,2026-01-08 19:04:01.073745
2026-01-08,24664,OTT,COL,30000052,Claude Giroux,assists,rf_qrf_assists,0.3.0,empirical_qrf,0.0,0.0,0.0,,4935908734271347323,2026-01-08 19:04:01.073745
2026-01-08,24664,OTT,COL,30000263,Nick Cousins,assists,rf_qrf_assists,0.3.0,empirical_qrf,0.0,0.0,0.0,,4935908734271347323,2026-01-08 19:04:01.073745
2026-01-08,24664,OTT,COL,30000397,David Perron,assists,rf_qrf_assists,0.3.0,empirical_qrf,0.0,0.0,0.0,,4935908734271347323,2026-01-08 19:04:01.073745
2026-01-08,24664,OTT,COL,30000442,Scott Harrington,assists,rf_qrf_assists,0.3.0,empirical_qrf,0.006010523816671021,0.004617148994188913,0.00739245098226108,,4935908734271347323,2026-01-08 19:04:01.073745
2026-01-08,24664,OTT,COL,30000446,Thomas Chabot,assists,rf_qrf_assists,0.3.0,empirical_qrf,0.08113726551226551,0.0,0.0,,4935908734271347323,2026-01-08 19:04:01.073745
2026-01-08,24664,OTT,COL,30000580,Malcolm Subban,assists,rf_qrf_assists,0.3.0,empirical_qrf,0.006010523816671021,0.004617148994188913,0.00739245098226108,,4935908734271347323,2026-01-08 19:04:01.073745
2026-01-08,24664,OTT,COL,30000845,Nick Jensen,assists,rf_qrf_assists,0.3.0,empirical_qrf,0.01487197669874238,0.0,0.033726909160159975,,4935908734271347323,2026-01-08 19:04:01.073745
2026-01-08,24664,OTT,COL,30000959,Kurtis MacDermid,assists,rf_qrf_assists,0.3.0,empirical_qrf,0.006010523816671021,0.004617148994188913,0.00739245098226108,,4935908734271347323,2026-01-08 19:04:01.073745
2026-01-08,24664,OTT,COL,30001374,Linus Ullmark,assists,rf_qrf_assists,0.3.0,empirical_qrf,0.006010523816671021,0.004617148994188913,0.00739245098226108,,4935908734271347323,2026-01-08 19:04:01.073745
2026-01-08,24664,OTT,COL,30002630,Michael Amadio,assists,rf_qrf_assists,0.3.0,empirical_qrf,0.05065734267199871,0.0,0.12,,4935908734271347323,2026-01-08 19:04:01.073745
2026-01-08,24664,OTT,COL,30002747,Hayden Hodgson,assists,rf_qrf_assists,0.3.0,empirical_qrf,0.018381610607100085,0.0,0.036585365853658534,,4935908734271347323,2026-01-08 19:04:01.073745
2026-01-08,24664,OTT,COL,30002850,Dennis Gilbert,assists,rf_qrf_assists,0.3.0,empirical_qrf,0.006189151748087481,0.0,0.013157894736842105,,4935908734271347323,2026-01-08 19:04:01.073745
2026-01-08,24664,OTT,COL,30003215,Garrett Pilon,assists,rf_qrf_assists,0.3.0,empirical_qrf,0.006010523816671021,0.004617148994188913,0.00739245098226108,,4935908734271347323,2026-01-08 19:04:01.073745
2026-01-08,24664,OTT,COL,30003711,Fabian Zetterlund,assists,rf_qrf_assists,0.3.0,empirical_qrf,0.0,0.0,0.0,,4935908734271347323,2026-01-08 19:04:01.073745
2026-01-08,24664,OTT,COL,30003732,Cameron Crotty,assists,rf_qrf_assists,0.3.0,empirical_qrf,0.006010523816671021,0.004617148994188913,0.00739245098226108,,4935908734271347323,2026-01-08 19:04:01.073745
2026-01-08,24664,OTT,COL,30003896,Drake Batherson,assists,rf_qrf_assists,0.3.0,empirical_qrf,0.20491792249145188,0.0,0.5,,4935908734271347323,2026-01-08 19:04:01.073745
2026-01-08,24664,OTT,COL,30004077,Brady Tkachuk,assists,rf_qrf_assists,0.3.0,empirical_qrf,0.0005555555555555556,0.0,0.0,,4935908734271347323,2026-01-08 19:04:01.073745
2026-01-08,24664,OTT,COL,30004143,Jan Jenik,assists,rf_qrf_assists,0.3.0,empirical_qrf,0.006034152305760568,0.0,0.011940298507462687,,4935908734271347323,2026-01-08 19:04:01.073745
2026-01-08,24664,OTT,COL,30004479,Dylan Cozens,assists,rf_qrf_assists,0.3.0,empirical_qrf,0.0,0.0,0.0,,4935908734271347323,2026-01-08 19:04:01.073745
2026-01-08,24664,OTT,COL,30004485,Lassi Thomson,assists,rf_qrf_assists,0.3.0,empirical_qrf,0.0,0.0,0.0,,4935908734271347323,2026-01-08 19:04:01.073745
2026-01-08,24664,OTT,COL,30004501,Arthur Kaliyev,assists,rf_qrf_assists,0.3.0,empirical_qrf,0.0,0.0,0.0,,4935908734271347323,2026-01-08 19:04:01.073745
2026-01-08,24664,OTT,COL,30004514,Shane Pinto,assists,rf_qrf_assists,0.3.0,empirical_qrf,0.0025,0.0,0.0,,4935908734271347323,2026-01-08 19:04:01.073745
2026-01-08,24664,OTT,COL,30004521,Mads Sogaard,assists,rf_qrf_assists,0.3.0,empirical_qrf,0.006010523816671021,0.004617148994188913,0.00739245098226108,,4935908734271347323,2026-01-08 19:04:01.073745
2026-01-08,24664,OTT,COL,30004553,Jordan Spence,assists,rf_qrf_assists,0.3.0,empirical_qrf,0.0,0.0,0.0,,4935908734271347323,2026-01-08 19:04:01.073745
2026-01-08,24664,OTT,COL,30004596,Keean Washkurak,assists,rf_qrf_assists,0.3.0,empirical_qrf,0.0,0.0,0.0,,4935908734271347323,2026-01-08 19:04:01.073745
2026-01-08,24664,OTT,COL,30004773,Artem Zub,assists,rf_qrf_assists,0.3.0,empirical_qrf,0.0,0.0,0.0,,4935908734271347323,2026-01-08 19:04:01.073745
2026-01-08,24664,OTT,COL,30004802,Ridly Greig,assists,rf_qrf_assists,0.3.0,empirical_qrf,0.0,0.0,0.0,,4935908734271347323,2026-01-08 19:04:01.073745
2026-01-08,24664,OTT,COL,30004819,Jake Sanderson,assists,rf_qrf_assists,0.3.0,empirical_qrf,0.0,0.0,0.0,,4935908734271347323,2026-01-08 19:04:01.073745
2026-01-08,24664,OTT,COL,30004821,Tim Stützle,assists,rf_qrf_assists,0.3.0,empirical_qrf,0.12106547619047618,0.0,0.5,,4935908734271347323,2026-01-08 19:04:01.073745
2026-01-08,24664,OTT,COL,30004852,Tyler Kleven,assists,rf_qrf_assists,0.3.0,empirical_qrf,0.0,0.0,0.0,,4935908734271347323,2026-01-08 19:04:01.073745
2026-01-08,24664,OTT,COL,30004860,Leevi Merilainen,assists,rf_qrf_assists,0.3.0,empirical_qrf,0.006010523816671021,0.004617148994188913,0.00739245098226108,,4935908734271347323,2026-01-08 19:04:01.073745
2026-01-08,24664,OTT,COL,30004908,Carter Savoie,assists,rf_qrf_assists,0.3.0,empirical_qrf,0.0,0.0,0.0,,4935908734271347323,2026-01-08 19:04:01.073745
2026-01-08,24664,OTT,COL,30004958,Olle Lycksell,assists,rf_qrf_assists,0.3.0,empirical_qrf,0.0,0.0,0.0,,4935908734271347323,2026-01-08 19:04:01.073745
2026-01-08,24664,OTT,COL,30005009,Xavier Bourgault,assists,rf_qrf_assists,0.3.0,empirical_qrf,0.0,0.0,0.0,,4935908734271347323,2026-01-08 19:04:01.073745
2026-01-08,24664,OTT,COL,30005175,Jake Chiasson,assists,rf_qrf_assists,0.3.0,empirical_qrf,0.006010523816671021,0.004617148994188913,0.00739245098226108,,4935908734271347323,2026-01-08 19:04:01.073745
2026-01-08,24664,OTT,COL,30005201,Sam Sedley,assists,rf_qrf_assists,0.3.0,empirical_qrf,0.006010523816671021,0.004617148994188913,0.00739245098226108,,4935908734271347323,2026-01-08 19:04:01.073745
2026-01-08,24664,OTT,COL,30005583,Wyatt Bongiovanni,assists,rf_qrf_assists,0.3.0,empirical_qrf,0.006010523816671021,0.004617148994188913,0.00739245098226108,,4935908734271347323,2026-01-08 19:04:01.073745
2026-01-08,24664,OTT,COL,30005717,Oskar Pettersson,assists,rf_qrf_assists,0.3.0,empirical_qrf,0.08498826272864966,0.0,0.20068965517241397,,4935908734271347323,2026-01-08 19:04:01.073745
2026-01-08,24664,OTT,COL,30005911,Stephen Halliday,assists,rf_qrf_assists,0.3.0,empirical_qrf,0.0,0.0,0.0,,4935908734271347323,2026-01-08 19:04:01.073745
2026-01-08,24664,OTT,COL,30005987,Mark Duarte,assists,rf_qrf_assists,0.3.0,empirical_qrf,0.006010523816671021,0.004617148994188913,0.00739245098226108,,4935908734271347323,2026-01-08 19:04:01.073745
2026-01-08,24664,OTT,COL,30006054,Nikolas Matinpalo,assists,rf_qrf_assists,0.3.0,empirical_qrf,0.0,0.0,0.0,,4935908734271347323,2026-01-08 19:04:01.073745
2026-01-08,24664,OTT,COL,30006240,Matthew Andonovski,assists,rf_qrf_assists,0.3.0,empirical_qrf,0.006010523816671021,0.004617148994188913,0.00739245098226108,,4935908734271347323,2026-01-08 19:04:01.073745
2026-01-08,24664,OTT,COL,30006395,Djibril Toure,assists,rf_qrf_assists,0.3.0,empirical_qrf,0.006010523816671021,0.004617148994188913,0.00739245098226108,,4935908734271347323,2026-01-08 19:04:01.073745
2026-01-08,24664,COL,OTT,30000127,Brent Burns,assists,rf_qrf_assists,0.3.0,empirical_qrf,0.004583333333333333,0.0,0.0,,4935908734271347323,2026-01-08 19:04:01.073745
2026-01-08,24664,COL,OTT,30000200,Scott Wedgewood,assists,rf_qrf_assists,0.3.0,empirical_qrf,0.006010523816671021,0.004617148994188913,0.00739245098226108,,4935908734271347323,2026-01-08 19:04:01.073745
2026-01-08,24664,COL,OTT,30000318,Jayson Megna,assists,rf_qrf_assists,0.3.0,empirical_qrf,0.0,0.0,0.0,,4935908734271347323,2026-01-08 19:04:01.073745
2026-01-08,24664,COL,OTT,30000697,T.J. Tynan,assists,rf_qrf_assists,0.3.0,empirical_qrf,0.0,0.0,0.0,,4935908734271347323,2026-01-08 19:04:01.073745
2026-01-08,24664,COL,OTT,30000757,Valeri Nichushkin,assists,rf_qrf_assists,0.3.0,empirical_qrf,0.0,0.0,0.0,,4935908734271347323,2026-01-08 19:04:01.073745
2026-01-08,24664,COL,OTT,30000879,Josh Manson,assists,rf_qrf_assists,0.3.0,empirical_qrf,0.0,0.0,0.0,,4935908734271347323,2026-01-08 19:04:01.073745
2026-01-08,24664,COL,OTT,30000903,Gabriel Landeskog,assists,rf_qrf_assists,0.3.0,empirical_qrf,0.038129629629629624,0.0,0.0,,4935908734271347323,2026-01-08 19:04:01.073745
2026-01-08,24664,COL,OTT,30000904,Nathan MacKinnon,assists,rf_qrf_assists,0.3.0,empirical_qrf,0.0,0.0,0.0,,4935908734271347323,2026-01-08 19:04:01.073745
2026-01-08,24664,COL,OTT,30001000,Brock Nelson,assists,rf_qrf_assists,0.3.0,empirical_qrf,0.003826330532212885,0.0,0.0,,4935908734271347323,2026-01-08 19:04:01.073745
2026-01-08,24664,COL,OTT,30002512,Artturi Lehkonen,assists,rf_qrf_assists,0.3.0,empirical_qrf,0.0008333333333333334,0.0,0.0,,4935908734271347323,2026-01-08 19:04:01.073745
2026-01-08,24664,COL,OTT,30002779,Mackenzie Blackwood,assists,rf_qrf_assists,0.3.0,empirical_qrf,0.006010523816671021,0.004617148994188913,0.00739245098226108,,4935908734271347323,2026-01-08 19:04:01.073745
2026-01-08,24664,COL,OTT,30003087,Devon Toews,assists,rf_qrf_assists,0.3.0,empirical_qrf,0.0004761904761904762,0.0,0.0,,4935908734271347323,2026-01-08 19:04:01.073745
2026-01-08,24664,COL,OTT,30003183,Samuel Girard,assists,rf_qrf_assists,0.3.0,empirical_qrf,0.055777597625019076,0.0,0.10714285714285714,,4935908734271347323,2026-01-08 19:04:01.073745
2026-01-08,24664,COL,OTT,30003488,Keaton Middleton,assists,rf_qrf_assists,0.3.0,empirical_qrf,0.0,0.0,0.0,,4935908734271347323,2026-01-08 19:04:01.073745
2026-01-08,24664,COL,OTT,30003646,Cale Makar,assists,rf_qrf_assists,0.3.0,empirical_qrf,0.0008333333333333334,0.0,0.0,,4935908734271347323,2026-01-08 19:04:01.073745
2026-01-08,24664,COL,OTT,30003654,Martin Necas,assists,rf_qrf_assists,0.3.0,empirical_qrf,0.0005555555555555556,0.0,0.0,,4935908734271347323,2026-01-08 19:04:01.073745
2026-01-08,24664,COL,OTT,30003772,Alex Barré-Boulet,assists,rf_qrf_assists,0.3.0,empirical_qrf,0.018381610607100085,0.0,0.036585365853658534,,4935908734271347323,2026-01-08 19:04:01.073745
2026-01-08,24664,COL,OTT,30003800,Jacob MacDonald,assists,rf_qrf_assists,0.3.0,empirical_qrf,0.006010523816671021,0.004617148994188913,0.00739245098226108,,4935908734271347323,2026-01-08 19:04:01.073745
2026-01-08,24664,COL,OTT,30003894,Kyle Keyser,assists,rf_qrf_assists,0.3.0,empirical_qrf,0.006010523816671021,0.004617148994188913,0.00739245098226108,,4935908734271347323,2026-01-08 19:04:01.073745
2026-01-08,24664,COL,OTT,30003898,Parker Kelly,assists,rf_qrf_assists,0.3.0,empirical_qrf,0.00416072131237246,0.0,0.009615384615384616,,4935908734271347323,2026-01-08 19:04:01.073745
2026-01-08,24664,COL,OTT,30003947,Ross Colton,assists,rf_qrf_assists,0.3.0,empirical_qrf,0.0,0.0,0.0,,4935908734271347323,2026-01-08 19:04:01.073745
2026-01-08,24664,COL,OTT,30004026,Victor Olofsson,assists,rf_qrf_assists,0.3.0,empirical_qrf,0.0,0.0,0.0,,4935908734271347323,2026-01-08 19:04:01.073745
2026-01-08,24664,COL,OTT,30004119,Jake Wise,assists,rf_qrf_assists,0.3.0,empirical_qrf,0.006010523816671021,0.004617148994188913,0.00739245098226108,,4935908734271347323,2026-01-08 19:04:01.073745
2026-01-08,24664,COL,OTT,30004121,Jack Drury,assists,rf_qrf_assists,0.3.0,empirical_qrf,0.0,0.0,0.0,,4935908734271347323,2026-01-08 19:04:01.073745
2026-01-08,24664,COL,OTT,30004191,Logan O'Connor,assists,rf_qrf_assists,0.3.0,empirical_qrf,0.0,0.0,0.0,,4935908734271347323,2026-01-08 19:04:01.073745
2026-01-08,24664,COL,OTT,30004393,Tye Felhaber,assists,rf_qrf_assists,0.3.0,empirical_qrf,0.018381610607100085,0.0,0.036585365853658534,,4935908734271347323,2026-01-08 19:04:01.073745
2026-01-08,24664,COL,OTT,30004461,Joel Kiviranta,assists,rf_qrf_assists,0.3.0,empirical_qrf,0.0,0.0,0.0,,4935908734271347323,2026-01-08 19:04:01.073745
2026-01-08,24664,COL,OTT,30004557,Ronnie Attard,assists,rf_qrf_assists,0.3.0,empirical_qrf,0.006010523816671021,0.004617148994188913,0.00739245098226108,,4935908734271347323,2026-01-08 19:04:01.073745
2026-01-08,24664,COL,OTT,30004569,Matthew Stienburg,assists,rf_qrf_assists,0.3.0,empirical_qrf,0.018381610607100085,0.0,0.036585365853658534,,4935908734271347323,2026-01-08 19:04:01.073745
2026-01-08,24664,COL,OTT,30004668,Trent Miner,assists,rf_qrf_assists,0.3.0,empirical_qrf,0.006010523816671021,0.004617148994188913,0.00739245098226108,,4935908734271347323,2026-01-08 19:04:01.073745
2026-01-08,24664,COL,OTT,30004757,Jack Ahcan,assists,rf_qrf_assists,0.3.0,empirical_qrf,0.018381610607100085,0.0,0.036585365853658534,,4935908734271347323,2026-01-08 19:04:01.073745
2026-01-08,24664,COL,OTT,30004842,Danil Gushchin,assists,rf_qrf_assists,0.3.0,empirical_qrf,0.05065734267199871,0.0,0.12,,4935908734271347323,2026-01-08 19:04:01.073745
2026-01-08,24664,COL,OTT,30004938,Ilya Solovyov,assists,rf_qrf_assists,0.3.0,empirical_qrf,0.03976736198569264,0.0,0.07799503866919599,,4935908734271347323,2026-01-08 19:04:01.073745
2026-01-08,24664,COL,OTT,30005213,Tyler Inamoto,assists,rf_qrf_assists,0.3.0,empirical_qrf,0.012385115070418345,0.0,0.0294556628621598,,4935908734271347323,2026-01-08 19:04:01.073745
2026-01-08,24664,COL,OTT,30005391,Tristen Nielsen,assists,rf_qrf_assists,0.3.0,empirical_qrf,0.0022871572871572873,0.0,0.0,,4935908734271347323,2026-01-08 19:04:01.073745
2026-01-08,24664,COL,OTT,30005470,Zakhar Bardakov,assists,rf_qrf_assists,0.3.0,empirical_qrf,0.062367264590366366,0.0,0.15038461538461548,,4935908734271347323,2026-01-08 19:04:01.073745
2026-01-08,24664,COL,OTT,30005581,Wyatt Aamodt,assists,rf_qrf_assists,0.3.0,empirical_qrf,0.0,0.0,0.0,,4935908734271347323,2026-01-08 19:04:01.073745
2026-01-08,24664,COL,OTT,30005777,Ivan Ivan,assists,rf_qrf_assists,0.3.0,empirical_qrf,0.006189151748087481,0.0,0.013157894736842105,,4935908734271347323,2026-01-08 19:04:01.073745
2026-01-08,24664,COL,OTT,30006033,Jason Polin,assists,rf_qrf_assists,0.3.0,empirical_qrf,0.0,0.0,0.0,,4935908734271347323,2026-01-08 19:04:01.073745
2026-01-08,24664,COL,OTT,30006036,Sam Malinski,assists,rf_qrf_assists,0.3.0,empirical_qrf,0.05065734267199871,0.0,0.12,,4935908734271347323,2026-01-08 19:04:01.073745
2026-01-08,24664,COL,OTT,30006102,Gavin Brindley,assists,rf_qrf_assists,0.3.0,empirical_qrf,0.0,0.0,0.0,,4935908734271347323,2026-01-08 19:04:01.073745
2026-01-08,24664,COL,OTT,30006255,Maros Jedlicka,assists,rf_qrf_assists,0.3.0,empirical_qrf,0.007043537013121695,0.0,0.014251781472684086,,4935908734271347323,2026-01-08 19:04:01.073745
2026-01-08,24664,COL,OTT,30006377,Noah Ganske,assists,rf_qrf_assists,0.3.0,empirical_qrf,0.006010523816671021,0.004617148994188913,0.00739245098226108,,4935908734271347323,2026-01-08 19:04:01.073745
2026-01-08,24664,COL,OTT,30006385,Saige Weinstein,assists,rf_qrf_assists,0.3.0,empirical_qrf,0.006010523816671021,0.004617148994188913,0.00739245098226108,,4935908734271347323,2026-01-08 19:04:01.073745
2026-01-08,24664,COL,OTT,30006387,Neil Shea,assists,rf_qrf_assists,0.3.0,empirical_qrf,0.006010523816671021,0.004617148994188913,0.00739245098226108,,4935908734271347323,2026-01-08 19:04:01.073745
2026-01-08,24665,MIN,SEA,30000257,Yakov Trenin,assists,rf_qrf_assists,0.3.0,empirical_qrf,0.0013880708190171106,0.0,0.0,,4935908734271347323,2026-01-08 19:04:01.073745
2026-01-08,24665,MIN,SEA,30000266,Nicolas Aube-Kubel,assists,rf_qrf_assists,0.3.0,empirical_qrf,0.006034152305760568,0.0,0.011940298507462687,,4935908734271347323,2026-01-08 19:04:01.073745
2026-01-08,24665,MIN,SEA,30000499,Marcus Foligno,assists,rf_qrf_assists,0.3.0,empirical_qrf,0.0010357142857142856,0.0,0.0,,4935908734271347323,2026-01-08 19:04:01.073745
2026-01-08,24665,MIN,SEA,30000517,Jared Spurgeon,assists,rf_qrf_assists,0.3.0,empirical_qrf,0.0,0.0,0.0,,4935908734271347323,2026-01-08 19:04:01.073745
2026-01-08,24665,MIN,SEA,30000524,Jonas Brodin,assists,rf_qrf_assists,0.3.0,empirical_qrf,0.0,0.0,0.0,,4935908734271347323,2026-01-08 19:04:01.073745
2026-01-08,24665,MIN,SEA,30000797,Vladimir Tarasenko,assists,rf_qrf_assists,0.3.0,empirical_qrf,0.005712962962962962,0.0,0.0,,4935908734271347323,2026-01-08 19:04:01.073745
2026-01-08,24665,MIN,SEA,30001012,Ryan Hartman,assists,rf_qrf_assists,0.3.0,empirical_qrf,0.004861111111111111,0.0,0.0,,4935908734271347323,2026-01-08 19:04:01.073745
2026-01-08,24665,MIN,SEA,30001013,Vinnie Hinostroza,assists,rf_qrf_assists,0.3.0,empirical_qrf,0.0,0.0,0.0,,4935908734271347323,2026-01-08 19:04:01.073745
2026-01-08,24665,MIN,SEA,30001087,Mats Zuccarello,assists,rf_qrf_assists,0.3.0,empirical_qrf,0.0008862433862433862,0.0,0.0,,4935908734271347323,2026-01-08 19:04:01.073745
2026-01-08,24665,MIN,SEA,30001192,Tyler Pitlick,assists,rf_qrf_assists,0.3.0,empirical_qrf,0.0,0.0,0.0,,4935908734271347323,2026-01-08 19:04:01.073745
2026-01-08,24665,MIN,SEA,30001309,Marcus Johansson,assists,rf_qrf_assists,0.3.0,empirical_qrf,0.027844394224098252,0.0,0.06681818181818185,,4935908734271347323,2026-01-08 19:04:01.073745
2026-01-08,24665,MIN,SEA,30001355,Zach Bogosian,assists,rf_qrf_assists,0.3.0,empirical_qrf,0.00416072131237246,0.0,0.009615384615384616,,4935908734271347323,2026-01-08 19:04:01.073745
2026-01-08,24665,MIN,SEA,30002719,Jacob Middleton,assists,rf_qrf_assists,0.3.0,empirical_qrf,0.03882597903186138,0.0,0.2,,4935908734271347323,2026-01-08 19:04:01.073745
2026-01-08,24665,MIN,SEA,30002820,Joel Eriksson Ek,assists,rf_qrf_assists,0.3.0,empirical_qrf,0.0011111111111111111,0.0,0.0,,4935908734271347323,2026-01-08 19:04:01.073745
2026-01-08,24665,MIN,SEA,30003173,Filip Gustavsson,assists,rf_qrf_assists,0.3.0,empirical_qrf,0.006010523816671021,0.004617148994188913,0.00739245098226108,,4935908734271347323,2026-01-08 19:04:01.073745
2026-01-08,24665,MIN,SEA,30003611,Cal Petersen,assists,rf_qrf_assists,0.3.0,empirical_qrf,0.006010523816671021,0.004617148994188913,0.00739245098226108,,4935908734271347323,2026-01-08 19:04:01.073745
2026-01-08,24665,MIN,SEA,30003774,Ben Jones,assists,rf_qrf_assists,0.3.0,empirical_qrf,0.018381610607100085,0.0,0.036585365853658534,,4935908734271347323,2026-01-08 19:04:01.073745
2026-01-08,24665,MIN,SEA,30004080,Quinn Hughes,assists,rf_qrf_assists,0.3.0,empirical_qrf,0.0,0.0,0.0,,4935908734271347323,2026-01-08 19:04:01.073745
2026-01-08,24665,MIN,SEA,30004196,Ben Gleason,assists,rf_qrf_assists,0.3.0,empirical_qrf,0.024833694083694086,0.0,0.0,,4935908734271347323,2026-01-08 19:04:01.073745
2026-01-08,24665,MIN,SEA,30004417,Nico Sturm,assists,rf_qrf_assists,0.3.0,empirical_qrf,0.007043537013121695,0.0,0.014251781472684086,,4935908734271347323,2026-01-08 19:04:01.073745
2026-01-08,24665,MIN,SEA,30004480,Matt Boldy,assists,rf_qrf_assists,0.3.0,empirical_qrf,0.06524206349206349,0.0,0.3333333333333333,,4935908734271347323,2026-01-08 19:04:01.073745
2026-01-08,24665,MIN,SEA,30004784,Kirill Kaprizov,assists,rf_qrf_assists,0.3.0,empirical_qrf,0.013527777777777776,0.0,0.0,,4935908734271347323,2026-01-08 19:04:01.073745
2026-01-08,24665,MIN,SEA,30004835,Brock Faber,assists,rf_qrf_assists,0.3.0,empirical_qrf,0.0,0.0,0.0,,4935908734271347323,2026-01-08 19:04:01.073745
2026-01-08,24665,MIN,SEA,30004847,Daemon Hunt,assists,rf_qrf_assists,0.3.0,empirical_qrf,0.01487197669874238,0.0,0.033726909160159975,,4935908734271347323,2026-01-08 19:04:01.073745
2026-01-08,24665,MIN,SEA,30004935,Matt Kiersted,assists,rf_qrf_assists,0.3.0,empirical_qrf,0.0,0.0,0.0,,4935908734271347323,2026-01-08 19:04:01.073745
2026-01-08,24665,MIN,SEA,30004970,Wyatt Newpower,assists,rf_qrf_assists,0.3.0,empirical_qrf,0.12648737134611746,0.0,0.5,,4935908734271347323,2026-01-08 19:04:01.073745
2026-01-08,24665,MIN,SEA,30005005,Oskar Olausson,assists,rf_qrf_assists,0.3.0,empirical_qrf,0.0343122627319318,0.0,0.07052313883299802,,4935908734271347323,2026-01-08 19:04:01.073745
2026-01-08,24665,MIN,SEA,30005007,Carson Lambos,assists,rf_qrf_assists,0.3.0,empirical_qrf,0.0,0.0,0.0,,4935908734271347323,2026-01-08 19:04:01.073745
2026-01-08,24665,MIN,SEA,30005008,Jesper Wallstedt,assists,rf_qrf_assists,0.3.0,empirical_qrf,0.006010523816671021,0.004617148994188913,0.00739245098226108,,4935908734271347323,2026-01-08 19:04:01.073745
2026-01-08,24665,MIN,SEA,30005094,Cameron Butler,assists,rf_qrf_assists,0.3.0,empirical_qrf,0.0,0.0,0.0,,4935908734271347323,2026-01-08 19:04:01.073745
2026-01-08,24665,MIN,SEA,30005102,Caedan Bankier,assists,rf_qrf_assists,0.3.0,empirical_qrf,0.0,0.0,0.0,,4935908734271347323,2026-01-08 19:04:01.073745
2026-01-08,24665,MIN,SEA,30005274,Louka Henault,assists,rf_qrf_assists,0.3.0,empirical_qrf,0.006010523816671021,0.004617148994188913,0.00739245098226108,,4935908734271347323,2026-01-08 19:04:01.073745
2026-01-08,24665,MIN,SEA,30005361,Benjamin Brinkman,assists,rf_qrf_assists,0.3.0,empirical_qrf,0.006010523816671021,0.004617148994188913,0.00739245098226108,,4935908734271347323,2026-01-08 19:04:01.073745
2026-01-08,24665,MIN,SEA,30005612,David Jiricek,assists,rf_qrf_assists,0.3.0,empirical_qrf,0.0,0.0,0.0,,4935908734271347323,2026-01-08 19:04:01.073745
2026-01-08,24665,MIN,SEA,30005627,Danila Yurov,assists,rf_qrf_assists,0.3.0,empirical_qrf,0.0343122627319318,0.0,0.07052313883299802,,4935908734271347323,2026-01-08 19:04:01.073745
2026-01-08,24665,MIN,SEA,30005669,Hunter Haight,assists,rf_qrf_assists,0.3.0,empirical_qrf,0.005556036556036556,0.0,0.0,,4935908734271347323,2026-01-08 19:04:01.073745
2026-01-08,24665,MIN,SEA,30005845,David Spacek,assists,rf_qrf_assists,0.3.0,empirical_qrf,0.03976736198569264,0.0,0.07799503866919599,,4935908734271347323,2026-01-08 19:04:01.073745
2026-01-08,24665,MIN,SEA,30006109,Riley Heidt,assists,rf_qrf_assists,0.3.0,empirical_qrf,0.0,0.0,0.0,,4935908734271347323,2026-01-08 19:04:01.073745
2026-01-08,24665,MIN,SEA,30006110,Rasmus Kumpulainen,assists,rf_qrf_assists,0.3.0,empirical_qrf,0.006010523816671021,0.004617148994188913,0.00739245098226108,,4935908734271347323,2026-01-08 19:04:01.073745
2026-01-08,24665,MIN,SEA,30006308,Bradley Marek,assists,rf_qrf_assists,0.3.0,empirical_qrf,0.006010523816671021,0.004617148994188913,0.00739245098226108,,4935908734271347323,2026-01-08 19:04:01.073745
2026-01-08,24665,SEA,MIN,30000303,Adam Larsson,assists,rf_qrf_assists,0.3.0,empirical_qrf,0.0,0.0,0.0,,4935908734271347323,2026-01-08 19:04:01.073745
2026-01-08,24665,SEA,MIN,30000460,Max McCormick,assists,rf_qrf_assists,0.3.0,empirical_qrf,0.012385115070418345,0.0,0.0294556628621598,,4935908734271347323,2026-01-08 19:04:01.073745
2026-01-08,24665,SEA,MIN,30000539,Jordan Eberle,assists,rf_qrf_assists,0.3.0,empirical_qrf,0.0024722222222222224,0.0,0.0,,4935908734271347323,2026-01-08 19:04:01.073745
2026-01-08,24665,SEA,MIN,30000577,Philipp Grubauer,assists,rf_qrf_assists,0.3.0,empirical_qrf,0.006010523816671021,0.004617148994188913,0.00739245098226108,,4935908734271347323,2026-01-08 19:04:01.073745
2026-01-08,24665,SEA,MIN,30000596,Chandler Stephenson,assists,rf_qrf_assists,0.3.0,empirical_qrf,0.006034152305760568,0.0,0.011940298507462687,,4935908734271347323,2026-01-08 19:04:01.073745
2026-01-08,24665,SEA,MIN,30000629,Matt Murray,assists,rf_qrf_assists,0.3.0,empirical_qrf,0.006010523816671021,0.004617148994188913,0.00739245098226108,,4935908734271347323,2026-01-08 19:04:01.073745
2026-01-08,24665,SEA,MIN,30000674,Vince Dunn,assists,rf_qrf_assists,0.3.0,empirical_qrf,0.0035317460317460317,0.0,0.0,,4935908734271347323,2026-01-08 19:04:01.073745
2026-01-08,24665,SEA,MIN,30000758,Jamie Oleksiak,assists,rf_qrf_assists,0.3.0,empirical_qrf,0.03976736198569264,0.0,0.07799503866919599,,4935908734271347323,2026-01-08 19:04:01.073745
2026-01-08,24665,SEA,MIN,30000794,Jaden Schwartz,assists,rf_qrf_assists,0.3.0,empirical_qrf,0.005833333333333334,0.0,0.0,,4935908734271347323,2026-01-08 19:04:01.073745
2026-01-08,24665,SEA,MIN,30000812,Gustav Olofsson,assists,rf_qrf_assists,0.3.0,empirical_qrf,0.006010523816671021,0.004617148994188913,0.00739245098226108,,4935908734271347323,2026-01-08 19:04:01.073745
2026-01-08,24665,SEA,MIN,30000882,Brandon Montour,assists,rf_qrf_assists,0.3.0,empirical_qrf,0.04235515873015873,0.0,0.0,,4935908734271347323,2026-01-08 19:04:01.073745
2026-01-08,24665,SEA,MIN,30000929,Jared McCann,assists,rf_qrf_assists,0.3.0,empirical_qrf,0.00275,0.0,0.0,,4935908734271347323,2026-01-08 19:04:01.073745
2026-01-08,24665,SEA,MIN,30002529,John Hayden,assists,rf_qrf_assists,0.3.0,empirical_qrf,0.0,0.0,0.0,,4935908734271347323,2026-01-08 19:04:01.073745
2026-01-08,24665,SEA,MIN,30002711,Frederick Gaudreau,assists,rf_qrf_assists,0.3.0,empirical_qrf,0.05065734267199871,0.0,0.12,,4935908734271347323,2026-01-08 19:04:01.073745
2026-01-08,24665,SEA,MIN,30003184,Ryan Lindgren,assists,rf_qrf_assists,0.3.0,empirical_qrf,0.0,0.0,0.0,,4935908734271347323,2026-01-08 19:04:01.073745
2026-01-08,24665,SEA,MIN,30003188,Jack LaFontaine,assists,rf_qrf_assists,0.3.0,empirical_qrf,0.0008333333333333334,0.0,0.0,,4935908734271347323,2026-01-08 19:04:01.073745
2026-01-08,24665,SEA,MIN,30003214,Joshua Mahura,assists,rf_qrf_assists,0.3.0,empirical_qrf,0.055777597625019076,0.0,0.10714285714285714,,4935908734271347323,2026-01-08 19:04:01.073745
2026-01-08,24665,SEA,MIN,30003660,Eeli Tolvanen,assists,rf_qrf_assists,0.3.0,empirical_qrf,0.0004166666666666667,0.0,0.0,,4935908734271347323,2026-01-08 19:04:01.073745
2026-01-08,24665,SEA,MIN,30003703,Cale Fleury,assists,rf_qrf_assists,0.3.0,empirical_qrf,0.04011137135049976,0.0,0.09119318181818188,,4935908734271347323,2026-01-08 19:04:01.073745
2026-01-08,24665,SEA,MIN,30004419,Joey Daccord,assists,rf_qrf_assists,0.3.0,empirical_qrf,0.006010523816671021,0.004617148994188913,0.00739245098226108,,4935908734271347323,2026-01-08 19:04:01.073745
2026-01-08,24665,SEA,MIN,30004471,Kaapo Kakko,assists,rf_qrf_assists,0.3.0,empirical_qrf,0.0004761904761904762,0.0,0.0,,4935908734271347323,2026-01-08 19:04:01.073745
2026-01-08,24665,SEA,MIN,30005040,Matty Beniers,assists,rf_qrf_assists,0.3.0,empirical_qrf,0.011939814814814813,0.0,0.0,,4935908734271347323,2026-01-08 19:04:01.073745
2026-01-08,24665,SEA,MIN,30005042,Ryker Evans,assists,rf_qrf_assists,0.3.0,empirical_qrf,0.018381610607100085,0.0,0.036585365853658534,,4935908734271347323,2026-01-08 19:04:01.073745
2026-01-08,24665,SEA,MIN,30005239,Jakov Novak,assists,rf_qrf_assists,0.3.0,empirical_qrf,0.006010523816671021,0.004617148994188913,0.00739245098226108,,4935908734271347323,2026-01-08 19:04:01.073745
2026-01-08,24665,SEA,MIN,30005333,Jacob Melanson,assists,rf_qrf_assists,0.3.0,empirical_qrf,0.0,0.0,0.0,,4935908734271347323,2026-01-08 19:04:01.073745
2026-01-08,24665,SEA,MIN,30005336,Tye Kartye,assists,rf_qrf_assists,0.3.0,empirical_qrf,0.0,0.0,0.0,,4935908734271347323,2026-01-08 19:04:01.073745
2026-01-08,24665,SEA,MIN,30005337,Ryan Winterton,assists,rf_qrf_assists,0.3.0,empirical_qrf,0.0,0.0,0.0,,4935908734271347323,2026-01-08 19:04:01.073745
2026-01-08,24665,SEA,MIN,30005447,Ville Ottavainen,assists,rf_qrf_assists,0.3.0,empirical_qrf,0.0,0.0,0.0,,4935908734271347323,2026-01-08 19:04:01.073745
2026-01-08,24665,SEA,MIN,30005503,Logan Morrison,assists,rf_qrf_assists,0.3.0,empirical_qrf,0.005998677248677248,0.0,0.0,,4935908734271347323,2026-01-08 19:04:01.073745
2026-01-08,24665,SEA,MIN,30005582,Ben Meyers,assists,rf_qrf_assists,0.3.0,empirical_qrf,0.0,0.0,0.0,,4935908734271347323,2026-01-08 19:04:01.073745
2026-01-08,24665,SEA,MIN,30005593,Peetro Seppala,assists,rf_qrf_assists,0.3.0,empirical_qrf,0.006010523816671021,0.004617148994188913,0.00739245098226108,,4935908734271347323,2026-01-08 19:04:01.073745
2026-01-08,24665,SEA,MIN,30005616,Shane Wright,assists,rf_qrf_assists,0.3.0,empirical_qrf,0.014630790505790504,0.0,0.0,,4935908734271347323,2026-01-08 19:04:01.073745
2026-01-08,24665,SEA,MIN,30005680,David Goyette,assists,rf_qrf_assists,0.3.0,empirical_qrf,0.012385115070418345,0.0,0.0294556628621598,,4935908734271347323,2026-01-08 19:04:01.073745
2026-01-08,24665,SEA,MIN,30005681,Jagger Firkus,assists,rf_qrf_assists,0.3.0,empirical_qrf,0.0,0.0,0.0,,4935908734271347323,2026-01-08 19:04:01.073745
2026-01-08,24665,SEA,MIN,30005682,Jani Nyman,assists,rf_qrf_assists,0.3.0,empirical_qrf,0.04033333333333333,0.0,0.0,,4935908734271347323,2026-01-08 19:04:01.073745
2026-01-08,24665,SEA,MIN,30005683,Niklas Kokko,assists,rf_qrf_assists,0.3.0,empirical_qrf,0.006010523816671021,0.004617148994188913,0.00739245098226108,,4935908734271347323,2026-01-08 19:04:01.073745
2026-01-08,24665,SEA,MIN,30005757,Ty Nelson,assists,rf_qrf_assists,0.3.0,empirical_qrf,0.006010523816671021,0.004617148994188913,0.00739245098226108,,4935908734271347323,2026-01-08 19:04:01.073745
2026-01-08,24665,SEA,MIN,30006087,Eduard Sale,assists,rf_qrf_assists,0.3.0,empirical_qrf,0.0,0.0,0.0,,4935908734271347323,2026-01-08 19:04:01.073745
2026-01-08,24665,SEA,MIN,30006119,Lukas Dragicevic,assists,rf_qrf_assists,0.3.0,empirical_qrf,0.0,0.0,0.0,,4935908734271347323,2026-01-08 19:04:01.073745
2026-01-08,24665,SEA,MIN,30006121,Carson Rehkopf,assists,rf_qrf_assists,0.3.0,empirical_qrf,0.0,0.0,0.0,,4935908734271347323,2026-01-08 19:04:01.073745
2026-01-08,24665,SEA,MIN,30006125,Caden Price,assists,rf_qrf_assists,0.3.0,empirical_qrf,0.00416072131237246,0.0,0.009615384615384616,,4935908734271347323,2026-01-08 19:04:01.073745
2026-01-08,24665,SEA,MIN,30006197,Andrei Loshko,assists,rf_qrf_assists,0.3.0,empirical_qrf,0.006010523816671021,0.004617148994188913,0.00739245098226108,,4935908734271347323,2026-01-08 19:04:01.073745
2026-01-08,24665,SEA,MIN,30006437,Kaden Hammell,assists,rf_qrf_assists,0.3.0,empirical_qrf,0.007043537013121695,0.0,0.014251781472684086,,4935908734271347323,2026-01-08 19:04:01.073745
2026-01-08,24665,SEA,MIN,30006499,Berkly Catton,assists,rf_qrf_assists,0.3.0,empirical_qrf,0.062367264590366366,0.0,0.15038461538461548,,4935908734271347323,2026-01-08 19:04:01.073745
2026-01-08,24666,CBJ,VEG,30000115,Sean Monahan,assists,rf_qrf_assists,0.3.0,empirical_qrf,0.0,0.0,0.0,,4935908734271347323,2026-01-08 19:04:01.073745
2026-01-08,24666,CBJ,VEG,30000207,Damon Severson,assists,rf_qrf_assists,0.3.0,empirical_qrf,0.0,0.0,0.0,,4935908734271347323,2026-01-08 19:04:01.073745
2026-01-08,24666,CBJ,VEG,30000233,Erik Gudbranson,assists,rf_qrf_assists,0.3.0,empirical_qrf,0.0,0.0,0.0,,4935908734271347323,2026-01-08 19:04:01.073745
2026-01-08,24666,CBJ,VEG,30000623,Ivan Provorov,assists,rf_qrf_assists,0.3.0,empirical_qrf,0.0,0.0,0.0,,4935908734271347323,2026-01-08 19:04:01.073745
2026-01-08,24666,CBJ,VEG,30000778,Boone Jenner,assists,rf_qrf_assists,0.3.0,empirical_qrf,0.04235515873015873,0.0,0.0,,4935908734271347323,2026-01-08 19:04:01.073745
2026-01-08,24666,CBJ,VEG,30000805,Charlie Coyle,assists,rf_qrf_assists,0.3.0,empirical_qrf,0.0,0.0,0.0,,4935908734271347323,2026-01-08 19:04:01.073745
2026-01-08,24666,CBJ,VEG,30000855,Brendan Smith,assists,rf_qrf_assists,0.3.0,empirical_qrf,0.0,0.0,0.0,,4935908734271347323,2026-01-08 19:04:01.073745
2026-01-08,24666,CBJ,VEG,30001196,Brendan Gaunce,assists,rf_qrf_assists,0.3.0,empirical_qrf,0.055777597625019076,0.0,0.10714285714285714,,4935908734271347323,2026-01-08 19:04:01.073745
2026-01-08,24666,CBJ,VEG,30002223,Mason Marchment,assists,rf_qrf_assists,0.3.0,empirical_qrf,0.3332168003636657,0.0,0.75,,4935908734271347323,2026-01-08 19:04:01.073745
2026-01-08,24666,CBJ,VEG,30002554,Hudson Fasching,assists,rf_qrf_assists,0.3.0,empirical_qrf,0.003826330532212885,0.0,0.0,,4935908734271347323,2026-01-08 19:04:01.073745
2026-01-08,24666,CBJ,VEG,30002616,Elvis Merzlikins,assists,rf_qrf_assists,0.3.0,empirical_qrf,0.006010523816671021,0.004617148994188913,0.00739245098226108,,4935908734271347323,2026-01-08 19:04:01.073745
2026-01-08,24666,CBJ,VEG,30002770,Zach Werenski,assists,rf_qrf_assists,0.3.0,empirical_qrf,0.012202380952380952,0.0,0.0,,4935908734271347323,2026-01-08 19:04:01.073745
2026-01-08,24666,CBJ,VEG,30003079,Miles Wood,assists,rf_qrf_assists,0.3.0,empirical_qrf,0.0,0.0,0.0,,4935908734271347323,2026-01-08 19:04:01.073745
2026-01-08,24666,CBJ,VEG,30003146,Dante Fabbro,assists,rf_qrf_assists,0.3.0,empirical_qrf,0.029960317460317458,0.0,0.0,,4935908734271347323,2026-01-08 19:04:01.073745
2026-01-08,24666,CBJ,VEG,30003267,Mathieu Olivier,assists,rf_qrf_assists,0.3.0,empirical_qrf,0.0025,0.0,0.0,,4935908734271347323,2026-01-08 19:04:01.073745
2026-01-08,24666,CBJ,VEG,30003269,Zach Sawchenko,assists,rf_qrf_assists,0.3.0,empirical_qrf,0.006010523816671021,0.004617148994188913,0.00739245098226108,,4935908734271347323,2026-01-08 19:04:01.073745
2026-01-08,24666,CBJ,VEG,30003549,Zachary Aston-Reese,assists,rf_qrf_assists,0.3.0,empirical_qrf,0.007043537013121695,0.0,0.014251781472684086,,4935908734271347323,2026-01-08 19:04:01.073745
2026-01-08,24666,CBJ,VEG,30004097,Isac Lundestrom,assists,rf_qrf_assists,0.3.0,empirical_qrf,0.018381610607100085,0.0,0.036585365853658534,,4935908734271347323,2026-01-08 19:04:01.073745
2026-01-08,24666,CBJ,VEG,30004135,Kirill Marchenko,assists,rf_qrf_assists,0.3.0,empirical_qrf,0.004583333333333333,0.0,0.0,,4935908734271347323,2026-01-08 19:04:01.073745
2026-01-08,24666,CBJ,VEG,30004172,Curtis Hall,assists,rf_qrf_assists,0.3.0,empirical_qrf,0.006010523816671021,0.004617148994188913,0.00739245098226108,,4935908734271347323,2026-01-08 19:04:01.073745
2026-01-08,24666,CBJ,VEG,30004306,Jake Christiansen,assists,rf_qrf_assists,0.3.0,empirical_qrf,0.0,0.0,0.0,,4935908734271347323,2026-01-08 19:04:01.073745
2026-01-08,24666,CBJ,VEG,30004607,Dmitri Voronkov,assists,rf_qrf_assists,0.3.0,empirical_qrf,0.005749999999999999,0.0,0.0,,4935908734271347323,2026-01-08 19:04:01.073745
2026-01-08,24666,CBJ,VEG,30004988,Cole Sillinger,assists,rf_qrf_assists,0.3.0,empirical_qrf,0.0008862433862433862,0.0,0.0,,4935908734271347323,2026-01-08 19:04:01.073745
2026-01-08,24666,CBJ,VEG,30004989,Kent Johnson,assists,rf_qrf_assists,0.3.0,empirical_qrf,0.0010357142857142856,0.0,0.0,,4935908734271347323,2026-01-08 19:04:01.073745
2026-01-08,24666,CBJ,VEG,30005002,Corson Ceulemans,assists,rf_qrf_assists,0.3.0,empirical_qrf,0.0,0.0,0.0,,4935908734271347323,2026-01-08 19:04:01.073745
2026-01-08,24666,CBJ,VEG,30005049,Jet Greaves,assists,rf_qrf_assists,0.3.0,empirical_qrf,0.006010523816671021,0.004617148994188913,0.00739245098226108,,4935908734271347323,2026-01-08 19:04:01.073745
2026-01-08,24666,CBJ,VEG,30005050,Stanislov Svozil,assists,rf_qrf_assists,0.3.0,empirical_qrf,0.0,0.0,0.0,,4935908734271347323,2026-01-08 19:04:01.073745
2026-01-08,24666,CBJ,VEG,30005053,Ole Julian Bjorgvik-Holm,assists,rf_qrf_assists,0.3.0,empirical_qrf,0.006010523816671021,0.004617148994188913,0.00739245098226108,,4935908734271347323,2026-01-08 19:04:01.073745
2026-01-08,24666,CBJ,VEG,30005088,James Malatesta,assists,rf_qrf_assists,0.3.0,empirical_qrf,0.0,0.0,0.0,,4935908734271347323,2026-01-08 19:04:01.073745
2026-01-08,24666,CBJ,VEG,30005290,Max McCue,assists,rf_qrf_assists,0.3.0,empirical_qrf,0.018381610607100085,0.0,0.036585365853658534,,4935908734271347323,2026-01-08 19:04:01.073745
2026-01-08,24666,CBJ,VEG,30005355,Mikael Pyyhtia,assists,rf_qrf_assists,0.3.0,empirical_qrf,0.0,0.0,0.0,,4935908734271347323,2026-01-08 19:04:01.073745
2026-01-08,24666,CBJ,VEG,30005568,Owen Sillinger,assists,rf_qrf_assists,0.3.0,empirical_qrf,0.0343122627319318,0.0,0.07052313883299802,,4935908734271347323,2026-01-08 19:04:01.073745
2026-01-08,24666,CBJ,VEG,30005637,Denton Mateychuk,assists,rf_qrf_assists,0.3.0,empirical_qrf,0.018381610607100085,0.0,0.036585365853658534,,4935908734271347323,2026-01-08 19:04:01.073745
2026-01-08,24666,CBJ,VEG,30005664,Luca Del Bel Belluz,assists,rf_qrf_assists,0.3.0,empirical_qrf,0.0013333333333333335,0.0,0.0,,4935908734271347323,2026-01-08 19:04:01.073745
2026-01-08,24666,CBJ,VEG,30005699,Jordan Dumais,assists,rf_qrf_assists,0.3.0,empirical_qrf,0.006010523816671021,0.004617148994188913,0.00739245098226108,,4935908734271347323,2026-01-08 19:04:01.073745
2026-01-08,24666,CBJ,VEG,30005733,Roman Ahcan,assists,rf_qrf_assists,0.3.0,empirical_qrf,0.00416072131237246,0.0,0.009615384615384616,,4935908734271347323,2026-01-08 19:04:01.073745
2026-01-08,24666,CBJ,VEG,30005736,Nolan Lalonde,assists,rf_qrf_assists,0.3.0,empirical_qrf,0.006010523816671021,0.004617148994188913,0.00739245098226108,,4935908734271347323,2026-01-08 19:04:01.073745
2026-01-08,24666,CBJ,VEG,30006022,Justin Pearson,assists,rf_qrf_assists,0.3.0,empirical_qrf,0.006010523816671021,0.004617148994188913,0.00739245098226108,,4935908734271347323,2026-01-08 19:04:01.073745
2026-01-08,24666,CBJ,VEG,30006026,Hunter McKown,assists,rf_qrf_assists,0.3.0,empirical_qrf,0.04011137135049976,0.0,0.09119318181818188,,4935908734271347323,2026-01-08 19:04:01.073745
2026-01-08,24666,CBJ,VEG,30006063,Adam Fantilli,assists,rf_qrf_assists,0.3.0,empirical_qrf,0.18518997206497206,0.0,0.8500000000000039,,4935908734271347323,2026-01-08 19:04:01.073745
2026-01-08,24666,CBJ,VEG,30006337,Riley Bezeau,assists,rf_qrf_assists,0.3.0,empirical_qrf,0.00416072131237246,0.0,0.009615384615384616,,4935908734271347323,2026-01-08 19:04:01.073745
2026-01-08,24666,VEG,CBJ,30000080,Reilly Smith,assists,rf_qrf_assists,0.3.0,empirical_qrf,0.004299519924519925,0.0,0.0,,4935908734271347323,2026-01-08 19:04:01.073745
2026-01-08,24666,VEG,CBJ,30000132,Tomas Hertl,assists,rf_qrf_assists,0.3.0,empirical_qrf,0.0,0.0,0.0,,4935908734271347323,2026-01-08 19:04:01.073745
2026-01-08,24666,VEG,CBJ,30000152,Brayden McNabb,assists,rf_qrf_assists,0.3.0,empirical_qrf,0.0,0.0,0.0,,4935908734271347323,2026-01-08 19:04:01.073745
2026-01-08,24666,VEG,CBJ,30000189,Colton Sissons,assists,rf_qrf_assists,0.3.0,empirical_qrf,0.007043537013121695,0.0,0.014251781472684086,,4935908734271347323,2026-01-08 19:04:01.073745
2026-01-08,24666,VEG,CBJ,30000422,William Karlsson,assists,rf_qrf_assists,0.3.0,empirical_qrf,0.0,0.0,0.0,,4935908734271347323,2026-01-08 19:04:01.073745
2026-01-08,24666,VEG,CBJ,30000496,Jack Eichel,assists,rf_qrf_assists,0.3.0,empirical_qrf,0.01835185185185185,0.0,0.0,,4935908734271347323,2026-01-08 19:04:01.073745
2026-01-08,24666,VEG,CBJ,30000633,Noah Hanifin,assists,rf_qrf_assists,0.3.0,empirical_qrf,0.0,0.0,0.0,,4935908734271347323,2026-01-08 19:04:01.073745
2026-01-08,24666,VEG,CBJ,30000694,Keegan Kolesar,assists,rf_qrf_assists,0.3.0,empirical_qrf,0.00416072131237246,0.0,0.009615384615384616,,4935908734271347323,2026-01-08 19:04:01.073745
2026-01-08,24666,VEG,CBJ,30000784,Ivan Barbashev,assists,rf_qrf_assists,0.3.0,empirical_qrf,0.0,0.0,0.0,,4935908734271347323,2026-01-08 19:04:01.073745
2026-01-08,24666,VEG,CBJ,30000793,Alex Pietrangelo,assists,rf_qrf_assists,0.3.0,empirical_qrf,0.0,0.0,0.0,,4935908734271347323,2026-01-08 19:04:01.073745
2026-01-08,24666,VEG,CBJ,30000881,Jaycob Megna,assists,rf_qrf_assists,0.3.0,empirical_qrf,0.00416072131237246,0.0,0.009615384615384616,,4935908734271347323,2026-01-08 19:04:01.073745
2026-01-08,24666,VEG,CBJ,30000890,Shea Theodore,assists,rf_qrf_assists,0.3.0,empirical_qrf,0.0015,0.0,0.0,,4935908734271347323,2026-01-08 19:04:01.073745
2026-01-08,24666,VEG,CBJ,30000927,Ben Hutton,assists,rf_qrf_assists,0.3.0,empirical_qrf,0.0,0.0,0.0,,4935908734271347323,2026-01-08 19:04:01.073745
2026-01-08,24666,VEG,CBJ,30001229,Brandon Saad,assists,rf_qrf_assists,0.3.0,empirical_qrf,0.0,0.0,0.0,,4935908734271347323,2026-01-08 19:04:01.073745
2026-01-08,24666,VEG,CBJ,30001246,Mark Stone,assists,rf_qrf_assists,0.3.0,empirical_qrf,0.0,0.0,0.0,,4935908734271347323,2026-01-08 19:04:01.073745
2026-01-08,24666,VEG,CBJ,30002608,Brandon Hickey,assists,rf_qrf_assists,0.3.0,empirical_qrf,0.006010523816671021,0.004617148994188913,0.00739245098226108,,4935908734271347323,2026-01-08 19:04:01.073745
2026-01-08,24666,VEG,CBJ,30002783,Adin Hill,assists,rf_qrf_assists,0.3.0,empirical_qrf,0.006010523816671021,0.004617148994188913,0.00739245098226108,,4935908734271347323,2026-01-08 19:04:01.073745
2026-01-08,24666,VEG,CBJ,30002827,Jeremy Lauzon,assists,rf_qrf_assists,0.3.0,empirical_qrf,0.007043537013121695,0.0,0.014251781472684086,,4935908734271347323,2026-01-08 19:04:01.073745
2026-01-08,24666,VEG,CBJ,30003153,Brett Howden,assists,rf_qrf_assists,0.3.0,empirical_qrf,0.055777597625019076,0.0,0.10714285714285714,,4935908734271347323,2026-01-08 19:04:01.073745
2026-01-08,24666,VEG,CBJ,30003155,Lucas Johansen,assists,rf_qrf_assists,0.3.0,empirical_qrf,0.006010523816671021,0.004617148994188913,0.00739245098226108,,4935908734271347323,2026-01-08 19:04:01.073745
2026-01-08,24666,VEG,CBJ,30003166,Carter Hart,assists,rf_qrf_assists,0.3.0,empirical_qrf,0.0,0.0,0.0,,4935908734271347323,2026-01-08 19:04:01.073745
2026-01-08,24666,VEG,CBJ,30003342,Mitchell Marner,assists,rf_qrf_assists,0.3.0,empirical_qrf,0.0,0.0,0.0,,4935908734271347323,2026-01-08 19:04:01.073745
2026-01-08,24666,VEG,CBJ,30003396,Dylan Coghlan,assists,rf_qrf_assists,0.3.0,empirical_qrf,0.3332168003636657,0.0,0.75,,4935908734271347323,2026-01-08 19:04:01.073745
2026-01-08,24666,VEG,CBJ,30003924,Jeremy Davies,assists,rf_qrf_assists,0.3.0,empirical_qrf,0.04394521867985976,0.0,0.08695652173913043,,4935908734271347323,2026-01-08 19:04:01.073745
2026-01-08,24666,VEG,CBJ,30003961,Tanner Laczynski,assists,rf_qrf_assists,0.3.0,empirical_qrf,0.0,0.0,0.0,,4935908734271347323,2026-01-08 19:04:01.073745
2026-01-08,24666,VEG,CBJ,30003997,Zach Whitecloud,assists,rf_qrf_assists,0.3.0,empirical_qrf,0.018381610607100085,0.0,0.036585365853658534,,4935908734271347323,2026-01-08 19:04:01.073745
2026-01-08,24666,VEG,CBJ,30004243,Mitchell McLain,assists,rf_qrf_assists,0.3.0,empirical_qrf,0.0,0.0,0.0,,4935908734271347323,2026-01-08 19:04:01.073745
2026-01-08,24666,VEG,CBJ,30004341,Akira Schmid,assists,rf_qrf_assists,0.3.0,empirical_qrf,0.006010523816671021,0.004617148994188913,0.00739245098226108,,4935908734271347323,2026-01-08 19:04:01.073745
2026-01-08,24666,VEG,CBJ,30004503,Raphael Lavoie,assists,rf_qrf_assists,0.3.0,empirical_qrf,0.0,0.0,0.0,,4935908734271347323,2026-01-08 19:04:01.073745
2026-01-08,24666,VEG,CBJ,30004510,Kaedan Korczak,assists,rf_qrf_assists,0.3.0,empirical_qrf,0.0,0.0,0.0,,4935908734271347323,2026-01-08 19:04:01.073745
2026-01-08,24666,VEG,CBJ,30004532,Pavel Dorofeyev,assists,rf_qrf_assists,0.3.0,empirical_qrf,0.0,0.0,0.0,,4935908734271347323,2026-01-08 19:04:01.073745
2026-01-08,24666,VEG,CBJ,30004805,Alexander Holtz,assists,rf_qrf_assists,0.3.0,empirical_qrf,0.0,0.0,0.0,,4935908734271347323,2026-01-08 19:04:01.073745
2026-01-08,24666,VEG,CBJ,30004831,Lukas Cormier,assists,rf_qrf_assists,0.3.0,empirical_qrf,0.055777597625019076,0.0,0.10714285714285714,,4935908734271347323,2026-01-08 19:04:01.073745
2026-01-08,24666,VEG,CBJ,30004947,Cole Reinhardt,assists,rf_qrf_assists,0.3.0,empirical_qrf,0.00416072131237246,0.0,0.009615384615384616,,4935908734271347323,2026-01-08 19:04:01.073745
2026-01-08,24666,VEG,CBJ,30005106,Jakub Brabenec,assists,rf_qrf_assists,0.3.0,empirical_qrf,0.20491792249145188,0.0,0.5,,4935908734271347323,2026-01-08 19:04:01.073745
2026-01-08,24666,VEG,CBJ,30005109,Jakub Demek,assists,rf_qrf_assists,0.3.0,empirical_qrf,0.007043537013121695,0.0,0.014251781472684086,,4935908734271347323,2026-01-08 19:04:01.073745
2026-01-08,24666,VEG,CBJ,30005112,Jesper Vikman,assists,rf_qrf_assists,0.3.0,empirical_qrf,0.006010523816671021,0.004617148994188913,0.00739245098226108,,4935908734271347323,2026-01-08 19:04:01.073745
2026-01-08,24666,VEG,CBJ,30005162,Riley McKay,assists,rf_qrf_assists,0.3.0,empirical_qrf,0.006010523816671021,0.004617148994188913,0.00739245098226108,,4935908734271347323,2026-01-08 19:04:01.073745
2026-01-08,24666,VEG,CBJ,30005320,Carl Lindbom,assists,rf_qrf_assists,0.3.0,empirical_qrf,0.006010523816671021,0.004617148994188913,0.00739245098226108,,4935908734271347323,2026-01-08 19:04:01.073745
2026-01-08,24666,VEG,CBJ,30005406,Kevin Wall,assists,rf_qrf_assists,0.3.0,empirical_qrf,0.006010523816671021,0.004617148994188913,0.00739245098226108,,4935908734271347323,2026-01-08 19:04:01.073745
2026-01-08,24666,VEG,CBJ,30005679,Matyas Sapovaliv,assists,rf_qrf_assists,0.3.0,empirical_qrf,0.006034152305760568,0.0,0.011940298507462687,,4935908734271347323,2026-01-08 19:04:01.073745
2026-01-08,24666,VEG,CBJ,30005795,Ben Hemmerling,assists,rf_qrf_assists,0.3.0,empirical_qrf,0.00416072131237246,0.0,0.009615384615384616,,4935908734271347323,2026-01-08 19:04:01.073745
2026-01-08,24666,VEG,CBJ,30005809,Joe Fleming,assists,rf_qrf_assists,0.3.0,empirical_qrf,0.0,0.0,0.0,,4935908734271347323,2026-01-08 19:04:01.073745
2026-01-08,24666,VEG,CBJ,30005815,Jordan Papirny,assists,rf_qrf_assists,0.3.0,empirical_qrf,0.006010523816671021,0.004617148994188913,0.00739245098226108,,4935908734271347323,2026-01-08 19:04:01.073745
2026-01-08,24666,VEG,CBJ,30005829,Christoffer Sedoff,assists,rf_qrf_assists,0.3.0,empirical_qrf,0.006034152305760568,0.0,0.011940298507462687,,4935908734271347323,2026-01-08 19:04:01.073745
2026-01-08,24666,VEG,CBJ,30005841,Samuel Mayer,assists,rf_qrf_assists,0.3.0,empirical_qrf,0.006010523816671021,0.004617148994188913,0.00739245098226108,,4935908734271347323,2026-01-08 19:04:01.073745
2026-01-08,24666,VEG,CBJ,30005944,Braeden Bowman,assists,rf_qrf_assists,0.3.0,empirical_qrf,0.0,0.0,0.0,,4935908734271347323,2026-01-08 19:04:01.073745
2026-01-08,24666,VEG,CBJ,30006216,Carter Sotheran,assists,rf_qrf_assists,0.3.0,empirical_qrf,0.006010523816671021,0.004617148994188913,0.00739245098226108,,4935908734271347323,2026-01-08 19:04:01.073745
2026-01-08,24666,VEG,CBJ,30006232,Tuomas Uronen,assists,rf_qrf_assists,0.3.0,empirical_qrf,0.006010523816671021,0.004617148994188913,0.00739245098226108,,4935908734271347323,2026-01-08 19:04:01.073745
2026-01-08,24666,VEG,CBJ,30006391,Mazden Leslie,assists,rf_qrf_assists,0.3.0,empirical_qrf,0.006010523816671021,0.004617148994188913,0.00739245098226108,,4935908734271347323,2026-01-08 19:04:01.073745
2026-01-08,24665,MIN,SEA,30003167,Boris Katchouk,assists,rf_qrf_assists,0.3.0,empirical_qrf,0.0,0.0,0.0,,4935908734271347323,2026-01-08 19:04:01.073745
2026-01-08,24655,TOR,PHI,30005769,Marshall Rifai,assists,rf_qrf_assists,0.3.0,empirical_qrf,0.007043537013121695,0.0,0.014251781472684086,,4935908734271347323,2026-01-08 19:04:01.073745
2026-01-08,24656,PIT,NJ,30004799,Yegor Chinakhov,assists,rf_qrf_assists,0.3.0,empirical_qrf,0.0,0.0,0.0,,4935908734271347323,2026-01-08 19:04:01.073745
2026-01-08,24659,CAR,ANA,30005577,Noah Philp,assists,rf_qrf_assists,0.3.0,empirical_qrf,0.32760648148148147,0.0,1.0,,4935908734271347323,2026-01-08 19:04:01.073745
2026-01-08,24663,NYI,NAS,30003226,Ethan Bear,assists,rf_qrf_assists,0.3.0,empirical_qrf,0.006010523816671021,0.004617148994188913,0.00739245098226108,,4935908734271347323,2026-01-08 19:04:01.073745
2026-01-08,24666,CBJ,VEG,30002631,Danton Heinen,assists,rf_qrf_assists,0.3.0,empirical_qrf,0.0,0.0,0.0,,4935908734271347323,2026-01-08 19:04:01.073745
2026-01-08,24655,TOR,PHI,30003014,Matt Benning,assists,rf_qrf_assists,0.3.0,empirical_qrf,0.0,0.0,0.0,,4935908734271347323,2026-01-08 19:04:01.073745
2026-01-08,24655,TOR,PHI,30006463,Jacob Quillan,assists,rf_qrf_assists,0.3.0,empirical_qrf,0.0,0.0,0.0,,4935908734271347323,2026-01-08 19:04:01.073745
2026-01-08,24655,PHI,TOR,30004488,Philip Tomasino,assists,rf_qrf_assists,0.3.0,empirical_qrf,0.0011666666666666665,0.0,0.0,,4935908734271347323,2026-01-08 19:04:01.073745
2026-01-08,24656,PIT,NJ,30000613,Ryan Graves,assists,rf_qrf_assists,0.3.0,empirical_qrf,0.0,0.0,0.0,,4935908734271347323,2026-01-08 19:04:01.073745
2026-01-08,24657,NYR,BUF,30000599,Anton Blidh,assists,rf_qrf_assists,0.3.0,empirical_qrf,0.0,0.0,0.0,,4935908734271347323,2026-01-08 19:04:01.073745
2026-01-08,24657,NYR,BUF,30001251,Justin Dowling,assists,rf_qrf_assists,0.3.0,empirical_qrf,0.0,0.0,0.0,,4935908734271347323,2026-01-08 19:04:01.073745
2026-01-08,24662,EDM,WPG,30005646,Isaac Howard,assists,rf_qrf_assists,0.3.0,empirical_qrf,0.0,0.0,0.0,,4935908734271347323,2026-01-08 19:04:01.073745
2026-01-08,24663,NYI,NAS,30006041,Cole McWard,assists,rf_qrf_assists,0.3.0,empirical_qrf,0.00416072131237246,0.0,0.009615384615384616,,4935908734271347323,2026-01-08 19:04:01.073745
2026-01-08,24659,CAR,ANA,30003662,Juuso Valimaki,assists,rf_qrf_assists,0.3.0,empirical_qrf,0.006010523816671021,0.004617148994188913,0.00739245098226108,,4935908734271347323,2026-01-08 19:04:01.073745
2026-01-08,24661,CGY,BOS,30006494,Zayne Parekh,assists,rf_qrf_assists,0.3.0,empirical_qrf,0.0,0.0,0.0,,4935908734271347323,2026-01-08 19:04:01.073745
2026-01-08,24666,CBJ,VEG,30004205,Egor Zamula,assists,rf_qrf_assists,0.3.0,empirical_qrf,0.01487197669874238,0.0,0.033726909160159975,,4935908734271347323,2026-01-08 19:04:01.073745
2026-01-08,24659,ANA,CAR,30006849,Tim Washe,assists,rf_qrf_assists,0.3.0,empirical_qrf,0.007043537013121695,0.0,0.014251781472684086,,4935908734271347323,2026-01-08 19:04:01.073745
2026-01-08,24659,ANA,CAR,30006017,Nikita Nesterenko,assists,rf_qrf_assists,0.3.0,empirical_qrf,0.0,0.0,0.0,,4935908734271347323,2026-01-08 19:04:01.073745
2026-01-08,24665,SEA,MIN,30006120,Oscar Fisker Molgaard,assists,rf_qrf_assists,0.3.0,empirical_qrf,0.0,0.0,0.0,,4935908734271347323,2026-01-08 19:04:01.073745
2026-01-08,24655,TOR,PHI,30000040,Morgan Rielly,shots_on_goal,rf_qrf_shots_on_goal,0.3.0,empirical_qrf,0.11362002112127921,0.0,0.21447876447876452,,4935908734271347323,2026-01-08 19:04:15.847122
2026-01-08,24655,TOR,PHI,30000100,Christopher Tanev,shots_on_goal,rf_qrf_shots_on_goal,0.3.0,empirical_qrf,0.007509037092067805,0.0,0.01474929474929475,,4935908734271347323,2026-01-08 19:04:15.847122
2026-01-08,24655,TOR,PHI,30000241,Calle Jarnkrok,shots_on_goal,rf_qrf_shots_on_goal,0.3.0,empirical_qrf,0.0001282051282051282,0.0,0.0,,4935908734271347323,2026-01-08 19:04:15.847122
2026-01-08,24655,TOR,PHI,30000259,Anthony Stolarz,shots_on_goal,rf_qrf_shots_on_goal,0.3.0,empirical_qrf,0.015531352896886952,0.012522822275359365,0.018816241009627505,,4935908734271347323,2026-01-08 19:04:15.847122
2026-01-08,24655,TOR,PHI,30000264,Scott Laughton,shots_on_goal,rf_qrf_shots_on_goal,0.3.0,empirical_qrf,0.005958333333333334,0.0,0.0,,4935908734271347323,2026-01-08 19:04:15.847122
2026-01-08,24655,TOR,PHI,30000275,John Tavares,shots_on_goal,rf_qrf_shots_on_goal,0.3.0,empirical_qrf,0.0,0.0,0.0,,4935908734271347323,2026-01-08 19:04:15.847122
2026-01-08,24655,TOR,PHI,30000486,William Nylander,shots_on_goal,rf_qrf_shots_on_goal,0.3.0,empirical_qrf,0.18648470872680803,0.0,0.3850427350427352,,4935908734271347323,2026-01-08 19:04:15.847122
2026-01-08,24655,TOR,PHI,30000507,Jake McCabe,shots_on_goal,rf_qrf_shots_on_goal,0.3.0,empirical_qrf,0.07970482737662858,0.04016071428571429,0.12101112234580386,,4935908734271347323,2026-01-08 19:04:15.847122
2026-01-08,24655,TOR,PHI,30000940,Max Domi,shots_on_goal,rf_qrf_shots_on_goal,0.3.0,empirical_qrf,0.0,0.0,0.0,,4935908734271347323,2026-01-08 19:04:15.847122
2026-01-08,24655,TOR,PHI,30000943,Oliver Ekman-Larsson,shots_on_goal,rf_qrf_shots_on_goal,0.3.0,empirical_qrf,0.11362002112127921,0.0,0.21447876447876452,,4935908734271347323,2026-01-08 19:04:15.847122
2026-01-08,24655,TOR,PHI,30001088,Brandon Carlo,shots_on_goal,rf_qrf_shots_on_goal,0.3.0,empirical_qrf,0.08128301147544112,0.024539877300613498,0.14670588235294119,,4935908734271347323,2026-01-08 19:04:15.847122
2026-01-08,24655,TOR,PHI,30001217,Dakota Mermis,shots_on_goal,rf_qrf_shots_on_goal,0.3.0,empirical_qrf,0.07970482737662858,0.04016071428571429,0.12101112234580386,,4935908734271347323,2026-01-08 19:04:15.847122
2026-01-08,24655,TOR,PHI,30002664,Brandon Baddock,shots_on_goal,rf_qrf_shots_on_goal,0.3.0,empirical_qrf,0.015531352896886952,0.012522822275359365,0.018816241009627505,,4935908734271347323,2026-01-08 19:04:15.847122
2026-01-08,24655,TOR,PHI,30002867,Philippe Myers,shots_on_goal,rf_qrf_shots_on_goal,0.3.0,empirical_qrf,0.0032658730158730163,0.0,0.0,,4935908734271347323,2026-01-08 19:04:15.847122
2026-01-08,24655,TOR,PHI,30002869,Ken Appleby,shots_on_goal,rf_qrf_shots_on_goal,0.3.0,empirical_qrf,0.015531352896886952,0.012522822275359365,0.018816241009627505,,4935908734271347323,2026-01-08 19:04:15.847122
2026-01-08,24655,TOR,PHI,30003022,Travis Boyd,shots_on_goal,rf_qrf_shots_on_goal,0.3.0,empirical_qrf,0.04573698940138687,0.0,0.09090909090909091,,4935908734271347323,2026-01-08 19:04:15.847122
2026-01-08,24655,TOR,PHI,30003041,Steven Lorentz,shots_on_goal,rf_qrf_shots_on_goal,0.3.0,empirical_qrf,0.03996326358826359,0.0,0.0,,4935908734271347323,2026-01-08 19:04:15.847122
2026-01-08,24655,TOR,PHI,30003042,Nicolas Roy,shots_on_goal,rf_qrf_shots_on_goal,0.3.0,empirical_qrf,0.10954546744287243,0.0,0.2608695652173913,,4935908734271347323,2026-01-08 19:04:15.847122
2026-01-08,24655,TOR,PHI,30003083,Troy Stecher,shots_on_goal,rf_qrf_shots_on_goal,0.3.0,empirical_qrf,0.07996749880411182,0.0,0.16,,4935908734271347323,2026-01-08 19:04:15.847122
2026-01-08,24655,TOR,PHI,30003130,Auston Matthews,shots_on_goal,rf_qrf_shots_on_goal,0.3.0,empirical_qrf,0.26356746031746026,0.0,1.0,,4935908734271347323,2026-01-08 19:04:15.847122
2026-01-08,24655,TOR,PHI,30003192,Joseph Woll,shots_on_goal,rf_qrf_shots_on_goal,0.3.0,empirical_qrf,0.015531352896886952,0.012522822275359365,0.018816241009627505,,4935908734271347323,2026-01-08 19:04:15.847122
2026-01-08,24655,TOR,PHI,30003562,Vinni Lettieri,shots_on_goal,rf_qrf_shots_on_goal,0.3.0,empirical_qrf,0.2617552308802309,0.0,0.6,,4935908734271347323,2026-01-08 19:04:15.847122
2026-01-08,24655,TOR,PHI,30004139,Bo Groulx,shots_on_goal,rf_qrf_shots_on_goal,0.3.0,empirical_qrf,0.2315928728252897,0.0,0.5,,4935908734271347323,2026-01-08 19:04:15.847122
2026-01-08,24655,TOR,PHI,30004252,Simon Benoit,shots_on_goal,rf_qrf_shots_on_goal,0.3.0,empirical_qrf,0.009526594133000029,0.0,0.018459020629656753,,4935908734271347323,2026-01-08 19:04:15.847122
2026-01-08,24655,TOR,PHI,30004394,Reese Johnson,shots_on_goal,rf_qrf_shots_on_goal,0.3.0,empirical_qrf,0.015531352896886952,0.012522822275359365,0.018816241009627505,,4935908734271347323,2026-01-08 19:04:15.847122
2026-01-08,24655,TOR,PHI,30004509,Nicholas Robertson,shots_on_goal,rf_qrf_shots_on_goal,0.3.0,empirical_qrf,0.025285714285714286,0.0,0.0,,4935908734271347323,2026-01-08 19:04:15.847122
2026-01-08,24655,TOR,PHI,30004511,Henry Thrun,shots_on_goal,rf_qrf_shots_on_goal,0.3.0,empirical_qrf,0.0,0.0,0.0,,4935908734271347323,2026-01-08 19:04:15.847122
2026-01-08,24655,TOR,PHI,30004539,Matias Maccelli,shots_on_goal,rf_qrf_shots_on_goal,0.3.0,empirical_qrf,0.31566348003848,0.0,1.1428571428571428,,4935908734271347323,2026-01-08 19:04:15.847122
2026-01-08,24655,TOR,PHI,30004583,Dakota Joshua,shots_on_goal,rf_qrf_shots_on_goal,0.3.0,empirical_qrf,0.07015979903140959,0.0,0.16461187214611878,,4935908734271347323,2026-01-08 19:04:15.847122
2026-01-08,24655,TOR,PHI,30005024,Matthew Knies,shots_on_goal,rf_qrf_shots_on_goal,0.3.0,empirical_qrf,0.056089992542239904,0.01939880507841673,0.09760879961740795,,4935908734271347323,2026-01-08 19:04:15.847122
2026-01-08,24655,TOR,PHI,30005068,Ryan McCleary,shots_on_goal,rf_qrf_shots_on_goal,0.3.0,empirical_qrf,0.015531352896886952,0.012522822275359365,0.018816241009627505,,4935908734271347323,2026-01-08 19:04:15.847122
2026-01-08,24655,TOR,PHI,30005143,Ben King,shots_on_goal,rf_qrf_shots_on_goal,0.3.0,empirical_qrf,0.015531352896886952,0.012522822275359365,0.018816241009627505,,4935908734271347323,2026-01-08 19:04:15.847122
2026-01-08,24655,TOR,PHI,30005520,Braeden Kressler,shots_on_goal,rf_qrf_shots_on_goal,0.3.0,empirical_qrf,0.015531352896886952,0.012522822275359365,0.018816241009627505,,4935908734271347323,2026-01-08 19:04:15.847122
2026-01-08,24655,TOR,PHI,30005527,Artur Akhtyamov,shots_on_goal,rf_qrf_shots_on_goal,0.3.0,empirical_qrf,0.015531352896886952,0.012522822275359365,0.018816241009627505,,4935908734271347323,2026-01-08 19:04:15.847122
2026-01-08,24655,TOR,PHI,30005528,Ryan Tverberg,shots_on_goal,rf_qrf_shots_on_goal,0.3.0,empirical_qrf,0.0,0.0,0.0,,4935908734271347323,2026-01-08 19:04:15.847122
2026-01-08,24655,TOR,PHI,30005542,Vyacheslav Peksa,shots_on_goal,rf_qrf_shots_on_goal,0.3.0,empirical_qrf,0.015531352896886952,0.012522822275359365,0.018816241009627505,,4935908734271347323,2026-01-08 19:04:15.847122
2026-01-08,24655,TOR,PHI,30005589,Bobby McMann,shots_on_goal,rf_qrf_shots_on_goal,0.3.0,empirical_qrf,0.0069861111111111105,0.0,0.0,,4935908734271347323,2026-01-08 19:04:15.847122
2026-01-08,24655,TOR,PHI,30005725,Dennis Hildeby,shots_on_goal,rf_qrf_shots_on_goal,0.3.0,empirical_qrf,0.015531352896886952,0.012522822275359365,0.018816241009627505,,4935908734271347323,2026-01-08 19:04:15.847122
2026-01-08,24655,TOR,PHI,30006072,Easton Cowan,shots_on_goal,rf_qrf_shots_on_goal,0.3.0,empirical_qrf,0.0,0.0,0.0,,4935908734271347323,2026-01-08 19:04:15.847122
2026-01-08,24655,TOR,PHI,30006207,Noah Chadwick,shots_on_goal,rf_qrf_shots_on_goal,0.3.0,empirical_qrf,0.015531352896886952,0.012522822275359365,0.018816241009627505,,4935908734271347323,2026-01-08 19:04:15.847122
2026-01-08,24655,TOR,PHI,30006276,Marc Johnstone,shots_on_goal,rf_qrf_shots_on_goal,0.3.0,empirical_qrf,0.015531352896886952,0.012522822275359365,0.018816241009627505,,4935908734271347323,2026-01-08 19:04:15.847122
2026-01-08,24655,TOR,PHI,30006378,Jake Johnson,shots_on_goal,rf_qrf_shots_on_goal,0.3.0,empirical_qrf,0.015531352896886952,0.012522822275359365,0.018816241009627505,,4935908734271347323,2026-01-08 19:04:15.847122
2026-01-08,24655,TOR,PHI,30006388,Keenan Suthers,shots_on_goal,rf_qrf_shots_on_goal,0.3.0,empirical_qrf,0.015531352896886952,0.012522822275359365,0.018816241009627505,,4935908734271347323,2026-01-08 19:04:15.847122
2026-01-08,24655,TOR,PHI,30006389,Jacob Frasca,shots_on_goal,rf_qrf_shots_on_goal,0.3.0,empirical_qrf,0.015531352896886952,0.012522822275359365,0.018816241009627505,,4935908734271347323,2026-01-08 19:04:15.847122
2026-01-08,24655,PHI,TOR,30000050,Sean Couturier,shots_on_goal,rf_qrf_shots_on_goal,0.3.0,empirical_qrf,0.02117063492063492,0.0,0.0,,4935908734271347323,2026-01-08 19:04:15.847122
2026-01-08,24655,PHI,TOR,30000234,Garrett Wilson,shots_on_goal,rf_qrf_shots_on_goal,0.3.0,empirical_qrf,0.007509037092067805,0.0,0.01474929474929475,,4935908734271347323,2026-01-08 19:04:15.847122
2026-01-08,24655,PHI,TOR,30000349,Travis Konecny,shots_on_goal,rf_qrf_shots_on_goal,0.3.0,empirical_qrf,0.6884457671957672,0.0,1.3333333333333333,,4935908734271347323,2026-01-08 19:04:15.847122
2026-01-08,24655,PHI,TOR,30000501,Nicolas Deslauriers,shots_on_goal,rf_qrf_shots_on_goal,0.3.0,empirical_qrf,0.015205243761395124,0.0056657223796034,0.02588172526114793,,4935908734271347323,2026-01-08 19:04:15.847122
2026-01-08,24655,PHI,TOR,30000624,Travis Sanheim,shots_on_goal,rf_qrf_shots_on_goal,0.3.0,empirical_qrf,0.22020634920634918,0.0,1.0,,4935908734271347323,2026-01-08 19:04:15.847122
2026-01-08,24655,PHI,TOR,30000942,Christian Dvorak,shots_on_goal,rf_qrf_shots_on_goal,0.3.0,empirical_qrf,0.0008888888888888888,0.0,0.0,,4935908734271347323,2026-01-08 19:04:15.847122
2026-01-08,24655,PHI,TOR,30001201,Garnet Hathaway,shots_on_goal,rf_qrf_shots_on_goal,0.3.0,empirical_qrf,0.007509037092067805,0.0,0.01474929474929475,,4935908734271347323,2026-01-08 19:04:15.847122
2026-01-08,24655,PHI,TOR,30001294,Rasmus Ristolainen,shots_on_goal,rf_qrf_shots_on_goal,0.3.0,empirical_qrf,0.015531352896886952,0.012522822275359365,0.018816241009627505,,4935908734271347323,2026-01-08 19:04:15.847122
2026-01-08,24655,PHI,TOR,30001312,Noah Juulsen,shots_on_goal,rf_qrf_shots_on_goal,0.3.0,empirical_qrf,0.08128301147544112,0.024539877300613498,0.14670588235294119,,4935908734271347323,2026-01-08 19:04:15.847122
2026-01-08,24655,PHI,TOR,30002786,Dan Vladar,shots_on_goal,rf_qrf_shots_on_goal,0.3.0,empirical_qrf,0.015531352896886952,0.012522822275359365,0.018816241009627505,,4935908734271347323,2026-01-08 19:04:15.847122
2026-01-08,24655,PHI,TOR,30002979,Anthony Richard,shots_on_goal,rf_qrf_shots_on_goal,0.3.0,empirical_qrf,0.0,0.0,0.0,,4935908734271347323,2026-01-08 19:04:15.847122
2026-01-08,24655,PHI,TOR,30003016,Nick Seeler,shots_on_goal,rf_qrf_shots_on_goal,0.3.0,empirical_qrf,0.0,0.0,0.0,,4935908734271347323,2026-01-08 19:04:15.847122
2026-01-08,24655,PHI,TOR,30003171,Carl Grundstrom,shots_on_goal,rf_qrf_shots_on_goal,0.3.0,empirical_qrf,0.015205243761395124,0.0056657223796034,0.02588172526114793,,4935908734271347323,2026-01-08 19:04:15.847122
2026-01-08,24655,PHI,TOR,30003283,Lane Pederson,shots_on_goal,rf_qrf_shots_on_goal,0.3.0,empirical_qrf,0.015205243761395124,0.0056657223796034,0.02588172526114793,,4935908734271347323,2026-01-08 19:04:15.847122
2026-01-08,24655,PHI,TOR,30003500,Rodrigo Abols,shots_on_goal,rf_qrf_shots_on_goal,0.3.0,empirical_qrf,0.0,0.0,0.0,,4935908734271347323,2026-01-08 19:04:15.847122
2026-01-08,24655,PHI,TOR,30003653,Owen Tippett,shots_on_goal,rf_qrf_shots_on_goal,0.3.0,empirical_qrf,0.002666666666666667,0.0,0.0,,4935908734271347323,2026-01-08 19:04:15.847122
2026-01-08,24655,PHI,TOR,30003733,Keith Petruzzelli,shots_on_goal,rf_qrf_shots_on_goal,0.3.0,empirical_qrf,0.015531352896886952,0.012522822275359365,0.018816241009627505,,4935908734271347323,2026-01-08 19:04:15.847122
2026-01-08,24655,PHI,TOR,30004002,Cooper Marody,shots_on_goal,rf_qrf_shots_on_goal,0.3.0,empirical_qrf,0.015531352896886952,0.012522822275359365,0.018816241009627505,,4935908734271347323,2026-01-08 19:04:15.847122
2026-01-08,24655,PHI,TOR,30004154,Xavier Bernard,shots_on_goal,rf_qrf_shots_on_goal,0.3.0,empirical_qrf,0.043547815674750655,0.0,0.0,,4935908734271347323,2026-01-08 19:04:15.847122
2026-01-08,24655,PHI,TOR,30004406,Samuel Ersson,shots_on_goal,rf_qrf_shots_on_goal,0.3.0,empirical_qrf,0.015531352896886952,0.012522822275359365,0.018816241009627505,,4935908734271347323,2026-01-08 19:04:15.847122
2026-01-08,24655,PHI,TOR,30004481,Trevor Zegras,shots_on_goal,rf_qrf_shots_on_goal,0.3.0,empirical_qrf,0.42470941558441555,0.0,1.0,,4935908734271347323,2026-01-08 19:04:15.847122
2026-01-08,24655,PHI,TOR,30004484,Cam York,shots_on_goal,rf_qrf_shots_on_goal,0.3.0,empirical_qrf,0.0,0.0,0.0,,4935908734271347323,2026-01-08 19:04:15.847122
2026-01-08,24655,PHI,TOR,30004508,Bobby Brink,shots_on_goal,rf_qrf_shots_on_goal,0.3.0,empirical_qrf,0.028188492063492065,0.0,0.0,,4935908734271347323,2026-01-08 19:04:15.847122
2026-01-08,24655,PHI,TOR,30004800,Jamie Drysdale,shots_on_goal,rf_qrf_shots_on_goal,0.3.0,empirical_qrf,0.2315928728252897,0.0,0.5,,4935908734271347323,2026-01-08 19:04:15.847122
2026-01-08,24655,PHI,TOR,30004801,Tyson Foerster,shots_on_goal,rf_qrf_shots_on_goal,0.3.0,empirical_qrf,0.5078609584859586,0.0,1.0,,4935908734271347323,2026-01-08 19:04:15.847122
2026-01-08,24655,PHI,TOR,30004824,Emil Andrae,shots_on_goal,rf_qrf_shots_on_goal,0.3.0,empirical_qrf,0.0,0.0,0.0,,4935908734271347323,2026-01-08 19:04:15.847122
2026-01-08,24655,PHI,TOR,30004839,Helge Grans,shots_on_goal,rf_qrf_shots_on_goal,0.3.0,empirical_qrf,0.015205243761395124,0.0056657223796034,0.02588172526114793,,4935908734271347323,2026-01-08 19:04:15.847122
2026-01-08,24655,PHI,TOR,30005234,Vincent Sevigny,shots_on_goal,rf_qrf_shots_on_goal,0.3.0,empirical_qrf,0.015531352896886952,0.012522822275359365,0.018816241009627505,,4935908734271347323,2026-01-08 19:04:15.847122
2026-01-08,24655,PHI,TOR,30005293,Artem Guryev,shots_on_goal,rf_qrf_shots_on_goal,0.3.0,empirical_qrf,0.015531352896886952,0.012522822275359365,0.018816241009627505,,4935908734271347323,2026-01-08 19:04:15.847122
2026-01-08,24655,PHI,TOR,30005345,Roman Schmidt,shots_on_goal,rf_qrf_shots_on_goal,0.3.0,empirical_qrf,0.1717271014132194,0.0989010989010989,0.25,,4935908734271347323,2026-01-08 19:04:15.847122
2026-01-08,24655,PHI,TOR,30005397,Noah Cates,shots_on_goal,rf_qrf_shots_on_goal,0.3.0,empirical_qrf,0.2115581178081178,0.0,0.5,,4935908734271347323,2026-01-08 19:04:15.847122
2026-01-08,24655,PHI,TOR,30005401,Aleksei Kolosov,shots_on_goal,rf_qrf_shots_on_goal,0.3.0,empirical_qrf,0.015531352896886952,0.012522822275359365,0.018816241009627505,,4935908734271347323,2026-01-08 19:04:15.847122
2026-01-08,24655,PHI,TOR,30005756,Tucker Robertson,shots_on_goal,rf_qrf_shots_on_goal,0.3.0,empirical_qrf,0.015531352896886952,0.012522822275359365,0.018816241009627505,,4935908734271347323,2026-01-08 19:04:15.847122
2026-01-08,24655,PHI,TOR,30005958,Nikita Grebenkin,shots_on_goal,rf_qrf_shots_on_goal,0.3.0,empirical_qrf,0.00820238095238095,0.0,0.0,,4935908734271347323,2026-01-08 19:04:15.847122
2026-01-08,24655,PHI,TOR,30006045,Yaniv Perets,shots_on_goal,rf_qrf_shots_on_goal,0.3.0,empirical_qrf,0.015531352896886952,0.012522822275359365,0.018816241009627505,,4935908734271347323,2026-01-08 19:04:15.847122
2026-01-08,24655,PHI,TOR,30006061,Matvei Michkov,shots_on_goal,rf_qrf_shots_on_goal,0.3.0,empirical_qrf,0.23630158730158732,0.0,1.2050000000000012,,4935908734271347323,2026-01-08 19:04:15.847122
2026-01-08,24655,PHI,TOR,30006075,Oliver Bonk,shots_on_goal,rf_qrf_shots_on_goal,0.3.0,empirical_qrf,0.0,0.0,0.0,,4935908734271347323,2026-01-08 19:04:15.847122
2026-01-08,24655,PHI,TOR,30006100,Carson Bjarnason,shots_on_goal,rf_qrf_shots_on_goal,0.3.0,empirical_qrf,0.015531352896886952,0.012522822275359365,0.018816241009627505,,4935908734271347323,2026-01-08 19:04:15.847122
2026-01-08,24655,PHI,TOR,30006135,Denver Barkey,shots_on_goal,rf_qrf_shots_on_goal,0.3.0,empirical_qrf,0.07970482737662858,0.04016071428571429,0.12101112234580386,,4935908734271347323,2026-01-08 19:04:15.847122
2026-01-08,24656,NJ,PIT,30000070,Dougie Hamilton,shots_on_goal,rf_qrf_shots_on_goal,0.3.0,empirical_qrf,0.23383333333333337,0.0,1.3333333333333333,,4935908734271347323,2026-01-08 19:04:15.847122
2026-01-08,24656,NJ,PIT,30000210,Colton White,shots_on_goal,rf_qrf_shots_on_goal,0.3.0,empirical_qrf,0.015205243761395124,0.0056657223796034,0.02588172526114793,,4935908734271347323,2026-01-08 19:04:15.847122
2026-01-08,24656,NJ,PIT,30000368,Brett Pesce,shots_on_goal,rf_qrf_shots_on_goal,0.3.0,empirical_qrf,0.2315928728252897,0.0,0.5,,4935908734271347323,2026-01-08 19:04:15.847122
2026-01-08,24656,NJ,PIT,30000491,Connor Brown,shots_on_goal,rf_qrf_shots_on_goal,0.3.0,empirical_qrf,0.06451465950271978,0.0,0.15384615384615385,,4935908734271347323,2026-01-08 19:04:15.847122
2026-01-08,24656,NJ,PIT,30000573,Jacob Markstrom,shots_on_goal,rf_qrf_shots_on_goal,0.3.0,empirical_qrf,0.015531352896886952,0.012522822275359365,0.018816241009627505,,4935908734271347323,2026-01-08 19:04:15.847122
2026-01-08,24656,NJ,PIT,30000665,Jake Allen,shots_on_goal,rf_qrf_shots_on_goal,0.3.0,empirical_qrf,0.015531352896886952,0.012522822275359365,0.018816241009627505,,4935908734271347323,2026-01-08 19:04:15.847122
2026-01-08,24656,NJ,PIT,30000844,Luke Glendening,shots_on_goal,rf_qrf_shots_on_goal,0.3.0,empirical_qrf,0.06451465950271978,0.0,0.15384615384615385,,4935908734271347323,2026-01-08 19:04:15.847122
2026-01-08,24656,NJ,PIT,30000886,Stefan Noesen,shots_on_goal,rf_qrf_shots_on_goal,0.3.0,empirical_qrf,0.05570064940936041,0.0,0.13701298701298714,,4935908734271347323,2026-01-08 19:04:15.847122
2026-01-08,24656,NJ,PIT,30001052,Ondrej Palat,shots_on_goal,rf_qrf_shots_on_goal,0.3.0,empirical_qrf,0.0027996031746031743,0.0,0.0,,4935908734271347323,2026-01-08 19:04:15.847122
2026-01-08,24656,NJ,PIT,30001108,Jonas Siegenthaler,shots_on_goal,rf_qrf_shots_on_goal,0.3.0,empirical_qrf,0.07015979903140959,0.0,0.16461187214611878,,4935908734271347323,2026-01-08 19:04:15.847122
2026-01-08,24656,NJ,PIT,30001225,Brenden Dillon,shots_on_goal,rf_qrf_shots_on_goal,0.3.0,empirical_qrf,0.04573698940138687,0.0,0.09090909090909091,,4935908734271347323,2026-01-08 19:04:15.847122
2026-01-08,24656,NJ,PIT,30001226,Timo Meier,shots_on_goal,rf_qrf_shots_on_goal,0.3.0,empirical_qrf,0.0,0.0,0.0,,4935908734271347323,2026-01-08 19:04:15.847122
2026-01-08,24656,NJ,PIT,30001786,Evgenii Dadonov,shots_on_goal,rf_qrf_shots_on_goal,0.3.0,empirical_qrf,0.038875617717570005,0.0,0.09090909090909091,,4935908734271347323,2026-01-08 19:04:15.847122
2026-01-08,24656,NJ,PIT,30002609,Juho Lammikko,shots_on_goal,rf_qrf_shots_on_goal,0.3.0,empirical_qrf,0.05817011745763724,0.0,0.12903225806451613,,4935908734271347323,2026-01-08 19:04:15.847122
2026-01-08,24656,NJ,PIT,30003154,Dennis Cholowski,shots_on_goal,rf_qrf_shots_on_goal,0.3.0,empirical_qrf,0.0,0.0,0.0,,4935908734271347323,2026-01-08 19:04:15.847122
2026-01-08,24656,NJ,PIT,30003404,Zack MacEwen,shots_on_goal,rf_qrf_shots_on_goal,0.3.0,empirical_qrf,0.07970482737662858,0.04016071428571429,0.12101112234580386,,4935908734271347323,2026-01-08 19:04:15.847122
2026-01-08,24656,NJ,PIT,30003568,Joseph Gambardella,shots_on_goal,rf_qrf_shots_on_goal,0.3.0,empirical_qrf,0.015531352896886952,0.012522822275359365,0.018816241009627505,,4935908734271347323,2026-01-08 19:04:15.847122
2026-01-08,24656,NJ,PIT,30003612,Jesper Bratt,shots_on_goal,rf_qrf_shots_on_goal,0.3.0,empirical_qrf,0.02890740740740741,0.0,0.0,,4935908734271347323,2026-01-08 19:04:15.847122
2026-01-08,24656,NJ,PIT,30003639,Nico Hischier,shots_on_goal,rf_qrf_shots_on_goal,0.3.0,empirical_qrf,0.02,0.0,0.0,,4935908734271347323,2026-01-08 19:04:15.847122
2026-01-08,24656,NJ,PIT,30003642,Cody Glass,shots_on_goal,rf_qrf_shots_on_goal,0.3.0,empirical_qrf,0.20048511862181312,0.0,0.4559659090909094,,4935908734271347323,2026-01-08 19:04:15.847122
2026-01-08,24656,NJ,PIT,30003726,Johnathan Kovacevic,shots_on_goal,rf_qrf_shots_on_goal,0.3.0,empirical_qrf,0.015205243761395124,0.0056657223796034,0.02588172526114793,,4935908734271347323,2026-01-08 19:04:15.847122
2026-01-08,24656,NJ,PIT,30003983,Austin Strand,shots_on_goal,rf_qrf_shots_on_goal,0.3.0,empirical_qrf,0.07996749880411182,0.0,0.16,,4935908734271347323,2026-01-08 19:04:15.847122
2026-01-08,24656,NJ,PIT,30004112,Calen Addison,shots_on_goal,rf_qrf_shots_on_goal,0.3.0,empirical_qrf,0.07996749880411182,0.0,0.16,,4935908734271347323,2026-01-08 19:04:15.847122
2026-01-08,24656,NJ,PIT,30004384,Paul Cotter,shots_on_goal,rf_qrf_shots_on_goal,0.3.0,empirical_qrf,0.48646560846560843,0.0,1.3333333333333333,,4935908734271347323,2026-01-08 19:04:15.847122
2026-01-08,24656,NJ,PIT,30004470,Jack Hughes,shots_on_goal,rf_qrf_shots_on_goal,0.3.0,empirical_qrf,0.02117063492063492,0.0,0.0,,4935908734271347323,2026-01-08 19:04:15.847122
2026-01-08,24656,NJ,PIT,30004549,Nathan Legare,shots_on_goal,rf_qrf_shots_on_goal,0.3.0,empirical_qrf,0.0,0.0,0.0,,4935908734271347323,2026-01-08 19:04:15.847122
2026-01-08,24656,NJ,PIT,30004810,Dawson Mercer,shots_on_goal,rf_qrf_shots_on_goal,0.3.0,empirical_qrf,0.6884457671957672,0.0,1.3333333333333333,,4935908734271347323,2026-01-08 19:04:15.847122
2026-01-08,24656,NJ,PIT,30004827,Thomas Bordeleau,shots_on_goal,rf_qrf_shots_on_goal,0.3.0,empirical_qrf,0.009526594133000029,0.0,0.018459020629656753,,4935908734271347323,2026-01-08 19:04:15.847122
2026-01-08,24656,NJ,PIT,30004833,Nico Daws,shots_on_goal,rf_qrf_shots_on_goal,0.3.0,empirical_qrf,0.015531352896886952,0.012522822275359365,0.018816241009627505,,4935908734271347323,2026-01-08 19:04:15.847122
2026-01-08,24656,NJ,PIT,30004986,Luke Hughes,shots_on_goal,rf_qrf_shots_on_goal,0.3.0,empirical_qrf,0.015205243761395124,0.0056657223796034,0.02588172526114793,,4935908734271347323,2026-01-08 19:04:15.847122
2026-01-08,24656,NJ,PIT,30005278,Mikael Diotte,shots_on_goal,rf_qrf_shots_on_goal,0.3.0,empirical_qrf,0.056089992542239904,0.01939880507841673,0.09760879961740795,,4935908734271347323,2026-01-08 19:04:15.847122
2026-01-08,24656,NJ,PIT,30005466,Arseniy Gritsyuk,shots_on_goal,rf_qrf_shots_on_goal,0.3.0,empirical_qrf,0.18486568986568985,0.0,0.4444444444444444,,4935908734271347323,2026-01-08 19:04:15.847122
2026-01-08,24656,NJ,PIT,30005561,Marc McLaughlin,shots_on_goal,rf_qrf_shots_on_goal,0.3.0,empirical_qrf,0.015531352896886952,0.012522822275359365,0.018816241009627505,,4935908734271347323,2026-01-08 19:04:15.847122
2026-01-08,24656,NJ,PIT,30005569,Brian Halonen,shots_on_goal,rf_qrf_shots_on_goal,0.3.0,empirical_qrf,0.49311566184360306,0.0,0.8571428571428571,,4935908734271347323,2026-01-08 19:04:15.847122
2026-01-08,24656,NJ,PIT,30005613,Simon Nemec,shots_on_goal,rf_qrf_shots_on_goal,0.3.0,empirical_qrf,0.0,0.0,0.0,,4935908734271347323,2026-01-08 19:04:15.847122
2026-01-08,24656,NJ,PIT,30006223,Jeremy Hanzel,shots_on_goal,rf_qrf_shots_on_goal,0.3.0,empirical_qrf,0.015531352896886952,0.012522822275359365,0.018816241009627505,,4935908734271347323,2026-01-08 19:04:15.847122
2026-01-08,24656,NJ,PIT,30006356,Matyas Melovsky,shots_on_goal,rf_qrf_shots_on_goal,0.3.0,empirical_qrf,0.015205243761395124,0.0056657223796034,0.02588172526114793,,4935908734271347323,2026-01-08 19:04:15.847122
2026-01-08,24656,PIT,NJ,30000445,Erik Karlsson,shots_on_goal,rf_qrf_shots_on_goal,0.3.0,empirical_qrf,0.005649184149184149,0.0,0.0,,4935908734271347323,2026-01-08 19:04:15.847122
2026-01-08,24656,PIT,NJ,30000557,Brett Kulak,shots_on_goal,rf_qrf_shots_on_goal,0.3.0,empirical_qrf,0.0,0.0,0.0,,4935908734271347323,2026-01-08 19:04:15.847122
2026-01-08,24656,PIT,NJ,30000615,Kevin Hayes,shots_on_goal,rf_qrf_shots_on_goal,0.3.0,empirical_qrf,0.2115581178081178,0.0,0.5,,4935908734271347323,2026-01-08 19:04:15.847122
2026-01-08,24656,PIT,NJ,30000651,Sidney Crosby,shots_on_goal,rf_qrf_shots_on_goal,0.3.0,empirical_qrf,0.019194444444444445,0.0,0.0,,4935908734271347323,2026-01-08 19:04:15.847122
2026-01-08,24656,PIT,NJ,30000658,Kris Letang,shots_on_goal,rf_qrf_shots_on_goal,0.3.0,empirical_qrf,0.0,0.0,0.0,,4935908734271347323,2026-01-08 19:04:15.847122
2026-01-08,24656,PIT,NJ,30000660,Evgeni Malkin,shots_on_goal,rf_qrf_shots_on_goal,0.3.0,empirical_qrf,1.114063492063492,0.0,2.4,,4935908734271347323,2026-01-08 19:04:15.847122
2026-01-08,24656,PIT,NJ,30000806,Matt Dumba,shots_on_goal,rf_qrf_shots_on_goal,0.3.0,empirical_qrf,0.0,0.0,0.0,,4935908734271347323,2026-01-08 19:04:15.847122
2026-01-08,24656,PIT,NJ,30000848,Anthony Mantha,shots_on_goal,rf_qrf_shots_on_goal,0.3.0,empirical_qrf,0.06397523739171256,0.0,0.11838235294117663,,4935908734271347323,2026-01-08 19:04:15.847122
2026-01-08,24656,PIT,NJ,30000888,Rickard Rakell,shots_on_goal,rf_qrf_shots_on_goal,0.3.0,empirical_qrf,0.0009523809523809524,0.0,0.0,,4935908734271347323,2026-01-08 19:04:15.847122
2026-01-08,24656,PIT,NJ,30001100,Bryan Rust,shots_on_goal,rf_qrf_shots_on_goal,0.3.0,empirical_qrf,0.22015079365079362,0.0,1.0,,4935908734271347323,2026-01-08 19:04:15.847122
2026-01-08,24656,PIT,NJ,30001235,Noel Acciari,shots_on_goal,rf_qrf_shots_on_goal,0.3.0,empirical_qrf,0.015205243761395124,0.0056657223796034,0.02588172526114793,,4935908734271347323,2026-01-08 19:04:15.847122
2026-01-08,24656,PIT,NJ,30002778,Tommy Novak,shots_on_goal,rf_qrf_shots_on_goal,0.3.0,empirical_qrf,0.0,0.0,0.0,,4935908734271347323,2026-01-08 19:04:15.847122
2026-01-08,24656,PIT,NJ,30002874,Caleb Jones,shots_on_goal,rf_qrf_shots_on_goal,0.3.0,empirical_qrf,0.05817011745763724,0.0,0.12903225806451613,,4935908734271347323,2026-01-08 19:04:15.847122
2026-01-08,24656,PIT,NJ,30003030,Bokondji Imama,shots_on_goal,rf_qrf_shots_on_goal,0.3.0,empirical_qrf,0.015531352896886952,0.012522822275359365,0.018816241009627505,,4935908734271347323,2026-01-08 19:04:15.847122
2026-01-08,24656,PIT,NJ,30003099,Parker Wotherspoon,shots_on_goal,rf_qrf_shots_on_goal,0.3.0,empirical_qrf,0.009526594133000029,0.0,0.018459020629656753,,4935908734271347323,2026-01-08 19:04:15.847122
2026-01-08,24656,PIT,NJ,30003391,Justin Brazeau,shots_on_goal,rf_qrf_shots_on_goal,0.3.0,empirical_qrf,0.07015979903140959,0.0,0.16461187214611878,,4935908734271347323,2026-01-08 19:04:15.847122
2026-01-08,24656,PIT,NJ,30003586,Joona Koppanen,shots_on_goal,rf_qrf_shots_on_goal,0.3.0,empirical_qrf,0.07996749880411182,0.0,0.16,,4935908734271347323,2026-01-08 19:04:15.847122
2026-01-08,24656,PIT,NJ,30003729,Stuart Skinner,shots_on_goal,rf_qrf_shots_on_goal,0.3.0,empirical_qrf,0.015531352896886952,0.012522822275359365,0.018816241009627505,,4935908734271347323,2026-01-08 19:04:15.847122
2026-01-08,24656,PIT,NJ,30003739,Sebastian Aho,shots_on_goal,rf_qrf_shots_on_goal,0.3.0,empirical_qrf,0.007509037092067805,0.0,0.01474929474929475,,4935908734271347323,2026-01-08 19:04:15.847122
2026-01-08,24656,PIT,NJ,30003893,Connor Clifton,shots_on_goal,rf_qrf_shots_on_goal,0.3.0,empirical_qrf,0.11362002112127921,0.0,0.21447876447876452,,4935908734271347323,2026-01-08 19:04:15.847122
2026-01-08,24656,PIT,NJ,30004100,Alexander Alexeyev,shots_on_goal,rf_qrf_shots_on_goal,0.3.0,empirical_qrf,0.015205243761395124,0.0056657223796034,0.02588172526114793,,4935908734271347323,2026-01-08 19:04:15.847122
2026-01-08,24656,PIT,NJ,30004181,Connor Dewar,shots_on_goal,rf_qrf_shots_on_goal,0.3.0,empirical_qrf,0.00513035113035113,0.0,0.0,,4935908734271347323,2026-01-08 19:04:15.847122
2026-01-08,24656,PIT,NJ,30004423,Blake Lizotte,shots_on_goal,rf_qrf_shots_on_goal,0.3.0,empirical_qrf,0.015205243761395124,0.0056657223796034,0.02588172526114793,,4935908734271347323,2026-01-08 19:04:15.847122
2026-01-08,24656,PIT,NJ,30004609,Arturs Silovs,shots_on_goal,rf_qrf_shots_on_goal,0.3.0,empirical_qrf,0.015531352896886952,0.012522822275359365,0.018816241009627505,,4935908734271347323,2026-01-08 19:04:15.847122
2026-01-08,24656,PIT,NJ,30004788,Ryan Shea,shots_on_goal,rf_qrf_shots_on_goal,0.3.0,empirical_qrf,0.0,0.0,0.0,,4935908734271347323,2026-01-08 19:04:15.847122
2026-01-08,24656,PIT,NJ,30004825,Joel Blomqvist,shots_on_goal,rf_qrf_shots_on_goal,0.3.0,empirical_qrf,0.015531352896886952,0.012522822275359365,0.018816241009627505,,4935908734271347323,2026-01-08 19:04:15.847122
2026-01-08,24656,PIT,NJ,30004918,Philip Kemp,shots_on_goal,rf_qrf_shots_on_goal,0.3.0,empirical_qrf,0.015205243761395124,0.0056657223796034,0.02588172526114793,,4935908734271347323,2026-01-08 19:04:15.847122
2026-01-08,24656,PIT,NJ,30004960,Valtteri Puustinen,shots_on_goal,rf_qrf_shots_on_goal,0.3.0,empirical_qrf,0.0,0.0,0.0,,4935908734271347323,2026-01-08 19:04:15.847122
2026-01-08,24656,PIT,NJ,30005027,Ville Koivunen,shots_on_goal,rf_qrf_shots_on_goal,0.3.0,empirical_qrf,0.18587146187146186,0.0,0.4444444444444444,,4935908734271347323,2026-01-08 19:04:15.847122
2026-01-08,24656,PIT,NJ,30005066,Raivis Ansons,shots_on_goal,rf_qrf_shots_on_goal,0.3.0,empirical_qrf,0.015531352896886952,0.012522822275359365,0.018816241009627505,,4935908734271347323,2026-01-08 19:04:15.847122
2026-01-08,24656,PIT,NJ,30005197,Taylor Gauthier,shots_on_goal,rf_qrf_shots_on_goal,0.3.0,empirical_qrf,0.015531352896886952,0.012522822275359365,0.018816241009627505,,4935908734271347323,2026-01-08 19:04:15.847122
2026-01-08,24656,PIT,NJ,30005267,William Dufour,shots_on_goal,rf_qrf_shots_on_goal,0.3.0,empirical_qrf,0.0004761904761904762,0.0,0.0,,4935908734271347323,2026-01-08 19:04:15.847122
2026-01-08,24656,PIT,NJ,30005330,Callahan Burke,shots_on_goal,rf_qrf_shots_on_goal,0.3.0,empirical_qrf,0.015531352896886952,0.012522822275359365,0.018816241009627505,,4935908734271347323,2026-01-08 19:04:15.847122
2026-01-08,24656,PIT,NJ,30005403,Jack St. Ivany,shots_on_goal,rf_qrf_shots_on_goal,0.3.0,empirical_qrf,0.056089992542239904,0.01939880507841673,0.09760879961740795,,4935908734271347323,2026-01-08 19:04:15.847122
2026-01-08,24656,PIT,NJ,30005511,Aidan McDonough,shots_on_goal,rf_qrf_shots_on_goal,0.3.0,empirical_qrf,0.08128301147544112,0.024539877300613498,0.14670588235294119,,4935908734271347323,2026-01-08 19:04:15.847122
2026-01-08,24656,PIT,NJ,30005623,Rutger McGroarty,shots_on_goal,rf_qrf_shots_on_goal,0.3.0,empirical_qrf,0.009526594133000029,0.0,0.018459020629656753,,4935908734271347323,2026-01-08 19:04:15.847122
2026-01-08,24656,PIT,NJ,30005635,Owen Pickering,shots_on_goal,rf_qrf_shots_on_goal,0.3.0,empirical_qrf,0.07996749880411182,0.0,0.16,,4935908734271347323,2026-01-08 19:04:15.847122
2026-01-08,24656,PIT,NJ,30005966,Avery Hayes,shots_on_goal,rf_qrf_shots_on_goal,0.3.0,empirical_qrf,0.49311566184360306,0.0,0.8571428571428571,,4935908734271347323,2026-01-08 19:04:15.847122
2026-01-08,24656,PIT,NJ,30006137,Emil Pieniniemi,shots_on_goal,rf_qrf_shots_on_goal,0.3.0,empirical_qrf,0.0009511784511784512,0.0,0.0,,4935908734271347323,2026-01-08 19:04:15.847122
2026-01-08,24656,PIT,NJ,30006354,Jaxon Castor,shots_on_goal,rf_qrf_shots_on_goal,0.3.0,empirical_qrf,0.015531352896886952,0.012522822275359365,0.018816241009627505,,4935908734271347323,2026-01-08 19:04:15.847122
2026-01-08,24656,PIT,NJ,30006363,Finn Harding,shots_on_goal,rf_qrf_shots_on_goal,0.3.0,empirical_qrf,0.015531352896886952,0.012522822275359365,0.018816241009627505,,4935908734271347323,2026-01-08 19:04:15.847122
2026-01-08,24656,PIT,NJ,30006867,Benjamin Kindel,shots_on_goal,rf_qrf_shots_on_goal,0.3.0,empirical_qrf,0.21515343915343915,0.0,1.1428571428571428,,4935908734271347323,2026-01-08 19:04:15.847122
2026-01-08,24657,BUF,NYR,30000523,Jason Zucker,shots_on_goal,rf_qrf_shots_on_goal,0.3.0,empirical_qrf,0.18587146187146186,0.0,0.4444444444444444,,4935908734271347323,2026-01-08 19:04:15.847122
2026-01-08,24657,BUF,NYR,30002577,Alex Tuch,shots_on_goal,rf_qrf_shots_on_goal,0.3.0,empirical_qrf,0.9147480158730159,0.0,2.0,,4935908734271347323,2026-01-08 19:04:15.847122
2026-01-08,24657,BUF,NYR,30002762,Mason Geertsen,shots_on_goal,rf_qrf_shots_on_goal,0.3.0,empirical_qrf,0.015205243761395124,0.0056657223796034,0.02588172526114793,,4935908734271347323,2026-01-08 19:04:15.847122
2026-01-08,24657,BUF,NYR,30002774,Jordan Greenway,shots_on_goal,rf_qrf_shots_on_goal,0.3.0,empirical_qrf,0.015531352896886952,0.012522822275359365,0.018816241009627505,,4935908734271347323,2026-01-08 19:04:15.847122
2026-01-08,24657,BUF,NYR,30002797,Brendan Warren,shots_on_goal,rf_qrf_shots_on_goal,0.3.0,empirical_qrf,0.07970482737662858,0.04016071428571429,0.12101112234580386,,4935908734271347323,2026-01-08 19:04:15.847122
2026-01-08,24657,BUF,NYR,30003074,Alex Lyon,shots_on_goal,rf_qrf_shots_on_goal,0.3.0,empirical_qrf,0.015531352896886952,0.012522822275359365,0.018816241009627505,,4935908734271347323,2026-01-08 19:04:15.847122
2026-01-08,24657,BUF,NYR,30003158,Tage Thompson,shots_on_goal,rf_qrf_shots_on_goal,0.3.0,empirical_qrf,0.012944444444444442,0.0,0.0,,4935908734271347323,2026-01-08 19:04:15.847122
2026-01-08,24657,BUF,NYR,30003221,Beck Malenstyn,shots_on_goal,rf_qrf_shots_on_goal,0.3.0,empirical_qrf,0.18648470872680803,0.0,0.3850427350427352,,4935908734271347323,2026-01-08 19:04:15.847122
2026-01-08,24657,BUF,NYR,30003665,Josh Norris,shots_on_goal,rf_qrf_shots_on_goal,0.3.0,empirical_qrf,0.37380224867724865,0.0,1.3333333333333333,,4935908734271347323,2026-01-08 19:04:15.847122
2026-01-08,24657,BUF,NYR,30003670,Conor Timmins,shots_on_goal,rf_qrf_shots_on_goal,0.3.0,empirical_qrf,0.20048511862181312,0.0,0.4559659090909094,,4935908734271347323,2026-01-08 19:04:15.847122
2026-01-08,24657,BUF,NYR,30003673,Ukko-Pekka Luukkonen,shots_on_goal,rf_qrf_shots_on_goal,0.3.0,empirical_qrf,0.015531352896886952,0.012522822275359365,0.018816241009627505,,4935908734271347323,2026-01-08 19:04:15.847122
2026-01-08,24657,BUF,NYR,30003699,Jake Leschyshyn,shots_on_goal,rf_qrf_shots_on_goal,0.3.0,empirical_qrf,0.007509037092067805,0.0,0.01474929474929475,,4935908734271347323,2026-01-08 19:04:15.847122
2026-01-08,24657,BUF,NYR,30003750,Rasmus Dahlin,shots_on_goal,rf_qrf_shots_on_goal,0.3.0,empirical_qrf,0.3228809523809524,0.0,1.5,,4935908734271347323,2026-01-08 19:04:15.847122
2026-01-08,24657,BUF,NYR,30004105,Mattias Samuelsson,shots_on_goal,rf_qrf_shots_on_goal,0.3.0,empirical_qrf,0.009526594133000029,0.0,0.018459020629656753,,4935908734271347323,2026-01-08 19:04:15.847122
2026-01-08,24657,BUF,NYR,30004117,Ryan McLeod,shots_on_goal,rf_qrf_shots_on_goal,0.3.0,empirical_qrf,0.02153042328042328,0.0,0.0,,4935908734271347323,2026-01-08 19:04:15.847122
2026-01-08,24657,BUF,NYR,30004373,Michael Kesselring,shots_on_goal,rf_qrf_shots_on_goal,0.3.0,empirical_qrf,0.005763888888888889,0.0,0.0,,4935908734271347323,2026-01-08 19:04:15.847122
2026-01-08,24657,BUF,NYR,30004380,Jack Rathbone,shots_on_goal,rf_qrf_shots_on_goal,0.3.0,empirical_qrf,0.05817011745763724,0.0,0.12903225806451613,,4935908734271347323,2026-01-08 19:04:15.847122
2026-01-08,24657,BUF,NYR,30004431,Jacob Bryson,shots_on_goal,rf_qrf_shots_on_goal,0.3.0,empirical_qrf,0.07996749880411182,0.0,0.16,,4935908734271347323,2026-01-08 19:04:15.847122
2026-01-08,24657,BUF,NYR,30004474,Bowen Byram,shots_on_goal,rf_qrf_shots_on_goal,0.3.0,empirical_qrf,0.00513035113035113,0.0,0.0,,4935908734271347323,2026-01-08 19:04:15.847122
2026-01-08,24657,BUF,NYR,30004502,Peyton Krebs,shots_on_goal,rf_qrf_shots_on_goal,0.3.0,empirical_qrf,0.027868386243386237,0.0,0.0,,4935908734271347323,2026-01-08 19:04:15.847122
2026-01-08,24657,BUF,NYR,30004554,Zac Jones,shots_on_goal,rf_qrf_shots_on_goal,0.3.0,empirical_qrf,0.20048511862181312,0.0,0.4559659090909094,,4935908734271347323,2026-01-08 19:04:15.847122
2026-01-08,24657,BUF,NYR,30004577,Colten Ellis,shots_on_goal,rf_qrf_shots_on_goal,0.3.0,empirical_qrf,0.015531352896886952,0.012522822275359365,0.018816241009627505,,4935908734271347323,2026-01-08 19:04:15.847122
2026-01-08,24657,BUF,NYR,30004670,Peter Tischke,shots_on_goal,rf_qrf_shots_on_goal,0.3.0,empirical_qrf,0.015531352896886952,0.012522822275359365,0.018816241009627505,,4935908734271347323,2026-01-08 19:04:15.847122
2026-01-08,24657,BUF,NYR,30004815,Jack Quinn,shots_on_goal,rf_qrf_shots_on_goal,0.3.0,empirical_qrf,0.005430555555555555,0.0,0.0,,4935908734271347323,2026-01-08 19:04:15.847122
2026-01-08,24657,BUF,NYR,30004854,Trevor Kuntar,shots_on_goal,rf_qrf_shots_on_goal,0.3.0,empirical_qrf,0.0,0.0,0.0,,4935908734271347323,2026-01-08 19:04:15.847122
2026-01-08,24657,BUF,NYR,30004923,Josh Dunne,shots_on_goal,rf_qrf_shots_on_goal,0.3.0,empirical_qrf,0.07970482737662858,0.04016071428571429,0.12101112234580386,,4935908734271347323,2026-01-08 19:04:15.847122
2026-01-08,24657,BUF,NYR,30004948,Carson Meyer,shots_on_goal,rf_qrf_shots_on_goal,0.3.0,empirical_qrf,0.07970482737662858,0.04016071428571429,0.12101112234580386,,4935908734271347323,2026-01-08 19:04:15.847122
2026-01-08,24657,BUF,NYR,30004956,Justin Danforth,shots_on_goal,rf_qrf_shots_on_goal,0.3.0,empirical_qrf,0.0,0.0,0.0,,4935908734271347323,2026-01-08 19:04:15.847122
2026-01-08,24657,BUF,NYR,30004980,Owen Power,shots_on_goal,rf_qrf_shots_on_goal,0.3.0,empirical_qrf,0.0,0.0,0.0,,4935908734271347323,2026-01-08 19:04:15.847122
2026-01-08,24657,BUF,NYR,30004981,Devon Levi,shots_on_goal,rf_qrf_shots_on_goal,0.3.0,empirical_qrf,0.015531352896886952,0.012522822275359365,0.018816241009627505,,4935908734271347323,2026-01-08 19:04:15.847122
2026-01-08,24657,BUF,NYR,30004982,Isak Rosen,shots_on_goal,rf_qrf_shots_on_goal,0.3.0,empirical_qrf,0.055732580709601895,0.0,0.13636363636363635,,4935908734271347323,2026-01-08 19:04:15.847122
2026-01-08,24657,BUF,NYR,30005017,Josh Doan,shots_on_goal,rf_qrf_shots_on_goal,0.3.0,empirical_qrf,0.0033888888888888888,0.0,0.0,,4935908734271347323,2026-01-08 19:04:15.847122
2026-01-08,24657,BUF,NYR,30005067,Isaac Belliveau,shots_on_goal,rf_qrf_shots_on_goal,0.3.0,empirical_qrf,0.015531352896886952,0.012522822275359365,0.018816241009627505,,4935908734271347323,2026-01-08 19:04:15.847122
2026-01-08,24657,BUF,NYR,30005147,Tyson Kozak,shots_on_goal,rf_qrf_shots_on_goal,0.3.0,empirical_qrf,0.0,0.0,0.0,,4935908734271347323,2026-01-08 19:04:15.847122
2026-01-08,24657,BUF,NYR,30005151,Olivier Nadeau,shots_on_goal,rf_qrf_shots_on_goal,0.3.0,empirical_qrf,0.01787718040326092,0.0,0.0,,4935908734271347323,2026-01-08 19:04:15.847122
2026-01-08,24657,BUF,NYR,30005441,Ryan Johnson,shots_on_goal,rf_qrf_shots_on_goal,0.3.0,empirical_qrf,0.07996749880411182,0.0,0.16,,4935908734271347323,2026-01-08 19:04:15.847122
2026-01-08,24657,BUF,NYR,30005445,Nikita Novikov,shots_on_goal,rf_qrf_shots_on_goal,0.3.0,empirical_qrf,0.32043403818403815,0.0,1.3333333333333333,,4935908734271347323,2026-01-08 19:04:15.847122
2026-01-08,24657,BUF,NYR,30005634,Noah Ostlund,shots_on_goal,rf_qrf_shots_on_goal,0.3.0,empirical_qrf,0.0,0.0,0.0,,4935908734271347323,2026-01-08 19:04:15.847122
2026-01-08,24657,BUF,NYR,30005644,Jiri Kulich,shots_on_goal,rf_qrf_shots_on_goal,0.3.0,empirical_qrf,0.2091984126984127,0.0,1.0,,4935908734271347323,2026-01-08 19:04:15.847122
2026-01-08,24657,BUF,NYR,30005685,Viktor Neuchev,shots_on_goal,rf_qrf_shots_on_goal,0.3.0,empirical_qrf,0.018837301587301587,0.0,0.0,,4935908734271347323,2026-01-08 19:04:15.847122
2026-01-08,24657,BUF,NYR,30005730,Vsevolod Komarov,shots_on_goal,rf_qrf_shots_on_goal,0.3.0,empirical_qrf,0.0031111111111111114,0.0,0.0,,4935908734271347323,2026-01-08 19:04:15.847122
2026-01-08,24657,BUF,NYR,30005764,Noah Laaouan,shots_on_goal,rf_qrf_shots_on_goal,0.3.0,empirical_qrf,0.11906119157699963,0.058823529411764705,0.18181818181818182,,4935908734271347323,2026-01-08 19:04:15.847122
2026-01-08,24657,BUF,NYR,30005767,Graham Slaggert,shots_on_goal,rf_qrf_shots_on_goal,0.3.0,empirical_qrf,0.2837751322751323,0.0,1.0,,4935908734271347323,2026-01-08 19:04:15.847122
2026-01-08,24657,BUF,NYR,30005793,Riley Fiddler-Schultz,shots_on_goal,rf_qrf_shots_on_goal,0.3.0,empirical_qrf,0.2592588392044442,0.09346590909090911,0.4666666666666667,,4935908734271347323,2026-01-08 19:04:15.847122
2026-01-08,24657,BUF,NYR,30006028,Jagger Joshua,shots_on_goal,rf_qrf_shots_on_goal,0.3.0,empirical_qrf,0.05817011745763724,0.0,0.12903225806451613,,4935908734271347323,2026-01-08 19:04:15.847122
2026-01-08,24657,BUF,NYR,30006039,Aidan Fulp,shots_on_goal,rf_qrf_shots_on_goal,0.3.0,empirical_qrf,0.015531352896886952,0.012522822275359365,0.018816241009627505,,4935908734271347323,2026-01-08 19:04:15.847122
2026-01-08,24657,BUF,NYR,30006070,Zach Benson,shots_on_goal,rf_qrf_shots_on_goal,0.3.0,empirical_qrf,0.0,0.0,0.0,,4935908734271347323,2026-01-08 19:04:15.847122
2026-01-08,24657,BUF,NYR,30006092,Anton Wahlberg,shots_on_goal,rf_qrf_shots_on_goal,0.3.0,empirical_qrf,0.07996749880411182,0.0,0.16,,4935908734271347323,2026-01-08 19:04:15.847122
2026-01-08,24657,BUF,NYR,30006340,Zach Metsa,shots_on_goal,rf_qrf_shots_on_goal,0.3.0,empirical_qrf,0.18486568986568985,0.0,0.4444444444444444,,4935908734271347323,2026-01-08 19:04:15.847122
2026-01-08,24657,BUF,NYR,30006341,Christopher Brown,shots_on_goal,rf_qrf_shots_on_goal,0.3.0,empirical_qrf,0.015531352896886952,0.012522822275359365,0.018816241009627505,,4935908734271347323,2026-01-08 19:04:15.847122
2026-01-08,24657,BUF,NYR,30006342,Dominick Mersch,shots_on_goal,rf_qrf_shots_on_goal,0.3.0,empirical_qrf,0.015531352896886952,0.012522822275359365,0.018816241009627505,,4935908734271347323,2026-01-08 19:04:15.847122
2026-01-08,24657,NYR,BUF,30000123,Jonathan Quick,shots_on_goal,rf_qrf_shots_on_goal,0.3.0,empirical_qrf,0.015531352896886952,0.012522822275359365,0.018816241009627505,,4935908734271347323,2026-01-08 19:04:15.847122
2026-01-08,24657,NYR,BUF,30000226,Vincent Trocheck,shots_on_goal,rf_qrf_shots_on_goal,0.3.0,empirical_qrf,0.29636904761904764,0.0,1.0,,4935908734271347323,2026-01-08 19:04:15.847122
2026-01-08,24657,NYR,BUF,30000410,Conor Sheary,shots_on_goal,rf_qrf_shots_on_goal,0.3.0,empirical_qrf,0.0033888888888888888,0.0,0.0,,4935908734271347323,2026-01-08 19:04:15.847122
2026-01-08,24657,NYR,BUF,30000467,Mika Zibanejad,shots_on_goal,rf_qrf_shots_on_goal,0.3.0,empirical_qrf,0.031041666666666665,0.0,0.0,,4935908734271347323,2026-01-08 19:04:15.847122
2026-01-08,24657,NYR,BUF,30000489,Sam Carrick,shots_on_goal,rf_qrf_shots_on_goal,0.3.0,empirical_qrf,0.18648470872680803,0.0,0.3850427350427352,,4935908734271347323,2026-01-08 19:04:15.847122
2026-01-08,24657,NYR,BUF,30000617,J.T. Miller,shots_on_goal,rf_qrf_shots_on_goal,0.3.0,empirical_qrf,0.2045436507936508,0.0,1.0,,4935908734271347323,2026-01-08 19:04:15.847122
2026-01-08,24657,NYR,BUF,30001322,Artemi Panarin,shots_on_goal,rf_qrf_shots_on_goal,0.3.0,empirical_qrf,0.017136904761904763,0.0,0.0,,4935908734271347323,2026-01-08 19:04:15.847122
2026-01-08,24657,NYR,BUF,30002524,Spencer Martin,shots_on_goal,rf_qrf_shots_on_goal,0.3.0,empirical_qrf,0.015531352896886952,0.012522822275359365,0.018816241009627505,,4935908734271347323,2026-01-08 19:04:15.847122
2026-01-08,24657,NYR,BUF,30002967,Jonny Brodzinski,shots_on_goal,rf_qrf_shots_on_goal,0.3.0,empirical_qrf,0.0,0.0,0.0,,4935908734271347323,2026-01-08 19:04:15.847122
2026-01-08,24657,NYR,BUF,30002999,Igor Shesterkin,shots_on_goal,rf_qrf_shots_on_goal,0.3.0,empirical_qrf,0.015531352896886952,0.012522822275359365,0.018816241009627505,,4935908734271347323,2026-01-08 19:04:15.847122
2026-01-08,24657,NYR,BUF,30003170,Taylor Raddysh,shots_on_goal,rf_qrf_shots_on_goal,0.3.0,empirical_qrf,0.07970482737662858,0.04016071428571429,0.12101112234580386,,4935908734271347323,2026-01-08 19:04:15.847122
2026-01-08,24657,NYR,BUF,30003194,Adam Fox,shots_on_goal,rf_qrf_shots_on_goal,0.3.0,empirical_qrf,0.0,0.0,0.0,,4935908734271347323,2026-01-08 19:04:15.847122
2026-01-08,24657,NYR,BUF,30003202,Casey Fitzgerald,shots_on_goal,rf_qrf_shots_on_goal,0.3.0,empirical_qrf,0.056089992542239904,0.01939880507841673,0.09760879961740795,,4935908734271347323,2026-01-08 19:04:15.847122
2026-01-08,24657,NYR,BUF,30003583,Carson Soucy,shots_on_goal,rf_qrf_shots_on_goal,0.3.0,empirical_qrf,0.20048511862181312,0.0,0.4559659090909094,,4935908734271347323,2026-01-08 19:04:15.847122
2026-01-08,24657,NYR,BUF,30003649,Urho Vaakanainen,shots_on_goal,rf_qrf_shots_on_goal,0.3.0,empirical_qrf,0.056089992542239904,0.01939880507841673,0.09760879961740795,,4935908734271347323,2026-01-08 19:04:15.847122
2026-01-08,24657,NYR,BUF,30003743,Will Borgen,shots_on_goal,rf_qrf_shots_on_goal,0.3.0,empirical_qrf,0.0,0.0,0.0,,4935908734271347323,2026-01-08 19:04:15.847122
2026-01-08,24657,NYR,BUF,30003952,Blake Hillman,shots_on_goal,rf_qrf_shots_on_goal,0.3.0,empirical_qrf,0.015531352896886952,0.012522822275359365,0.018816241009627505,,4935908734271347323,2026-01-08 19:04:15.847122
2026-01-08,24657,NYR,BUF,30004430,Vladislav Gavrikov,shots_on_goal,rf_qrf_shots_on_goal,0.3.0,empirical_qrf,0.0,0.0,0.0,,4935908734271347323,2026-01-08 19:04:15.847122
2026-01-08,24657,NYR,BUF,30004504,Matthew Robertson,shots_on_goal,rf_qrf_shots_on_goal,0.3.0,empirical_qrf,0.08128301147544112,0.024539877300613498,0.14670588235294119,,4935908734271347323,2026-01-08 19:04:15.847122
2026-01-08,24657,NYR,BUF,30004749,Connor Mackey,shots_on_goal,rf_qrf_shots_on_goal,0.3.0,empirical_qrf,0.005335937742915465,0.0,0.0,,4935908734271347323,2026-01-08 19:04:15.847122
2026-01-08,24657,NYR,BUF,30004797,Brendan Brisson,shots_on_goal,rf_qrf_shots_on_goal,0.3.0,empirical_qrf,0.009526594133000029,0.0,0.018459020629656753,,4935908734271347323,2026-01-08 19:04:15.847122
2026-01-08,24657,NYR,BUF,30004807,Alexis Lafrenière,shots_on_goal,rf_qrf_shots_on_goal,0.3.0,empirical_qrf,0.055732580709601895,0.0,0.13636363636363635,,4935908734271347323,2026-01-08 19:04:15.847122
2026-01-08,24657,NYR,BUF,30004820,Braden Schneider,shots_on_goal,rf_qrf_shots_on_goal,0.3.0,empirical_qrf,0.056089992542239904,0.01939880507841673,0.09760879961740795,,4935908734271347323,2026-01-08 19:04:15.847122
2026-01-08,24657,NYR,BUF,30004832,Will Cuylle,shots_on_goal,rf_qrf_shots_on_goal,0.3.0,empirical_qrf,0.05658994708994709,0.0,0.0,,4935908734271347323,2026-01-08 19:04:15.847122
2026-01-08,24657,NYR,BUF,30004887,Brett Berard,shots_on_goal,rf_qrf_shots_on_goal,0.3.0,empirical_qrf,0.0,0.0,0.0,,4935908734271347323,2026-01-08 19:04:15.847122
2026-01-08,24657,NYR,BUF,30004896,Dylan Garand,shots_on_goal,rf_qrf_shots_on_goal,0.3.0,empirical_qrf,0.015531352896886952,0.012522822275359365,0.018816241009627505,,4935908734271347323,2026-01-08 19:04:15.847122
2026-01-08,24657,NYR,BUF,30004968,Juuso Parssinen,shots_on_goal,rf_qrf_shots_on_goal,0.3.0,empirical_qrf,0.003947677591624457,0.0,0.0,,4935908734271347323,2026-01-08 19:04:15.847122
2026-01-08,24657,NYR,BUF,30004987,Brennan Othmann,shots_on_goal,rf_qrf_shots_on_goal,0.3.0,empirical_qrf,0.18648470872680803,0.0,0.3850427350427352,,4935908734271347323,2026-01-08 19:04:15.847122
2026-01-08,24657,NYR,BUF,30005014,Scott Morrow,shots_on_goal,rf_qrf_shots_on_goal,0.3.0,empirical_qrf,0.0,0.0,0.0,,4935908734271347323,2026-01-08 19:04:15.847122
2026-01-08,24657,NYR,BUF,30005069,Christopher Merisier-Ortiz,shots_on_goal,rf_qrf_shots_on_goal,0.3.0,empirical_qrf,0.015531352896886952,0.012522822275359365,0.018816241009627505,,4935908734271347323,2026-01-08 19:04:15.847122
2026-01-08,24657,NYR,BUF,30005183,Matt Rempe,shots_on_goal,rf_qrf_shots_on_goal,0.3.0,empirical_qrf,0.0,0.0,0.0,,4935908734271347323,2026-01-08 19:04:15.847122
2026-01-08,24657,NYR,BUF,30005223,Kyle Jackson,shots_on_goal,rf_qrf_shots_on_goal,0.3.0,empirical_qrf,0.015531352896886952,0.012522822275359365,0.018816241009627505,,4935908734271347323,2026-01-08 19:04:15.847122
2026-01-08,24657,NYR,BUF,30005252,Adam Edstrom,shots_on_goal,rf_qrf_shots_on_goal,0.3.0,empirical_qrf,0.0,0.0,0.0,,4935908734271347323,2026-01-08 19:04:15.847122
2026-01-08,24657,NYR,BUF,30005563,Brandon Scanlin,shots_on_goal,rf_qrf_shots_on_goal,0.3.0,empirical_qrf,0.11906119157699963,0.058823529411764705,0.18181818181818182,,4935908734271347323,2026-01-08 19:04:15.847122
2026-01-08,24657,NYR,BUF,30005662,Adam Sykora,shots_on_goal,rf_qrf_shots_on_goal,0.3.0,empirical_qrf,0.07970482737662858,0.04016071428571429,0.12101112234580386,,4935908734271347323,2026-01-08 19:04:15.847122
2026-01-08,24657,NYR,BUF,30005686,Bryce McConnell-Barker,shots_on_goal,rf_qrf_shots_on_goal,0.3.0,empirical_qrf,0.1717271014132194,0.0989010989010989,0.25,,4935908734271347323,2026-01-08 19:04:15.847122
2026-01-08,24657,NYR,BUF,30005883,Noah Laba,shots_on_goal,rf_qrf_shots_on_goal,0.3.0,empirical_qrf,0.02425396825396825,0.0,0.0,,4935908734271347323,2026-01-08 19:04:15.847122
2026-01-08,24657,NYR,BUF,30006074,Gabe Perreault,shots_on_goal,rf_qrf_shots_on_goal,0.3.0,empirical_qrf,0.12138585529394352,0.0,0.2857142857142857,,4935908734271347323,2026-01-08 19:04:15.847122
2026-01-08,24657,NYR,BUF,30006118,Carey Terrance,shots_on_goal,rf_qrf_shots_on_goal,0.3.0,empirical_qrf,0.007509037092067805,0.0,0.01474929474929475,,4935908734271347323,2026-01-08 19:04:15.847122
2026-01-08,24657,NYR,BUF,30006174,Dylan Roobroeck,shots_on_goal,rf_qrf_shots_on_goal,0.3.0,empirical_qrf,0.0001282051282051282,0.0,0.0,,4935908734271347323,2026-01-08 19:04:15.847122
2026-01-08,24657,NYR,BUF,30006331,Brett Budgell,shots_on_goal,rf_qrf_shots_on_goal,0.3.0,empirical_qrf,0.015531352896886952,0.012522822275359365,0.018816241009627505,,4935908734271347323,2026-01-08 19:04:15.847122
2026-01-08,24658,FLA,MON,30000074,Brad Marchand,shots_on_goal,rf_qrf_shots_on_goal,0.3.0,empirical_qrf,0.3763492063492063,0.0,1.2133333333333363,,4935908734271347323,2026-01-08 19:04:15.847122
2026-01-08,24658,FLA,MON,30000201,Keith Kinkaid,shots_on_goal,rf_qrf_shots_on_goal,0.3.0,empirical_qrf,0.015531352896886952,0.012522822275359365,0.018816241009627505,,4935908734271347323,2026-01-08 19:04:15.847122
2026-01-08,24658,FLA,MON,30000228,Aleksander Barkov,shots_on_goal,rf_qrf_shots_on_goal,0.3.0,empirical_qrf,0.0,0.0,0.0,,4935908734271347323,2026-01-08 19:04:15.847122
2026-01-08,24658,FLA,MON,30000232,Dmitry Kulikov,shots_on_goal,rf_qrf_shots_on_goal,0.3.0,empirical_qrf,0.07970482737662858,0.04016071428571429,0.12101112234580386,,4935908734271347323,2026-01-08 19:04:15.847122
2026-01-08,24658,FLA,MON,30000239,Aaron Ekblad,shots_on_goal,rf_qrf_shots_on_goal,0.3.0,empirical_qrf,0.08708646671965745,0.0,0.17519911504424782,,4935908734271347323,2026-01-08 19:04:15.847122
2026-01-08,24658,FLA,MON,30000253,Seth Jones,shots_on_goal,rf_qrf_shots_on_goal,0.3.0,empirical_qrf,0.0,0.0,0.0,,4935908734271347323,2026-01-08 19:04:15.847122
2026-01-08,24658,FLA,MON,30000559,Sam Bennett,shots_on_goal,rf_qrf_shots_on_goal,0.3.0,empirical_qrf,0.12213888888888888,0.0,0.5166666666666705,,4935908734271347323,2026-01-08 19:04:15.847122
2026-01-08,24658,FLA,MON,30000667,Sergei Bobrovsky,shots_on_goal,rf_qrf_shots_on_goal,0.3.0,empirical_qrf,0.015531352896886952,0.012522822275359365,0.018816241009627505,,4935908734271347323,2026-01-08 19:04:15.847122
2026-01-08,24658,FLA,MON,30000723,Jeff Petry,shots_on_goal,rf_qrf_shots_on_goal,0.3.0,empirical_qrf,0.0805,0.0,0.0,,4935908734271347323,2026-01-08 19:04:15.847122
2026-01-08,24658,FLA,MON,30000934,Louis Domingue,shots_on_goal,rf_qrf_shots_on_goal,0.3.0,empirical_qrf,0.015531352896886952,0.012522822275359365,0.018816241009627505,,4935908734271347323,2026-01-08 19:04:15.847122
2026-01-08,24658,FLA,MON,30000980,Sam Reinhart,shots_on_goal,rf_qrf_shots_on_goal,0.3.0,empirical_qrf,0.08606349206349205,0.0,0.5,,4935908734271347323,2026-01-08 19:04:15.847122
2026-01-08,24658,FLA,MON,30000981,Evan Rodrigues,shots_on_goal,rf_qrf_shots_on_goal,0.3.0,empirical_qrf,0.48646560846560843,0.0,1.3333333333333333,,4935908734271347323,2026-01-08 19:04:15.847122
2026-01-08,24658,FLA,MON,30001035,Tomás Nosek,shots_on_goal,rf_qrf_shots_on_goal,0.3.0,empirical_qrf,0.015531352896886952,0.012522822275359365,0.018816241009627505,,4935908734271347323,2026-01-08 19:04:15.847122
2026-01-08,24658,FLA,MON,30001159,Carter Verhaeghe,shots_on_goal,rf_qrf_shots_on_goal,0.3.0,empirical_qrf,0.07514285714285714,0.0,0.0,,4935908734271347323,2026-01-08 19:04:15.847122
2026-01-08,24658,FLA,MON,30001387,Niko Mikkola,shots_on_goal,rf_qrf_shots_on_goal,0.3.0,empirical_qrf,0.08708646671965745,0.0,0.17519911504424782,,4935908734271347323,2026-01-08 19:04:15.847122
2026-01-08,24658,FLA,MON,30001448,Daniil Tarasov,shots_on_goal,rf_qrf_shots_on_goal,0.3.0,empirical_qrf,0.015531352896886952,0.012522822275359365,0.018816241009627505,,4935908734271347323,2026-01-08 19:04:15.847122
2026-01-08,24658,FLA,MON,30002069,Nathan Smith,shots_on_goal,rf_qrf_shots_on_goal,0.3.0,empirical_qrf,0.0,0.0,0.0,,4935908734271347323,2026-01-08 19:04:15.847122
2026-01-08,24658,FLA,MON,30002758,Gustav Forsling,shots_on_goal,rf_qrf_shots_on_goal,0.3.0,empirical_qrf,0.0,0.0,0.0,,4935908734271347323,2026-01-08 19:04:15.847122
2026-01-08,24658,FLA,MON,30002796,Mitchell Vande Sompel,shots_on_goal,rf_qrf_shots_on_goal,0.3.0,empirical_qrf,0.13372326039338087,0.0,0.3076923076923077,,4935908734271347323,2026-01-08 19:04:15.847122
2026-01-08,24658,FLA,MON,30002839,A.J. Greer,shots_on_goal,rf_qrf_shots_on_goal,0.3.0,empirical_qrf,0.07015979903140959,0.0,0.16461187214611878,,4935908734271347323,2026-01-08 19:04:15.847122
2026-01-08,24658,FLA,MON,30003077,Tyler Motte,shots_on_goal,rf_qrf_shots_on_goal,0.3.0,empirical_qrf,0.0,0.0,0.0,,4935908734271347323,2026-01-08 19:04:15.847122
2026-01-08,24658,FLA,MON,30003134,Matthew Tkachuk,shots_on_goal,rf_qrf_shots_on_goal,0.3.0,empirical_qrf,0.012263888888888888,0.0,0.0,,4935908734271347323,2026-01-08 19:04:15.847122
2026-01-08,24658,FLA,MON,30003150,Luke Kunin,shots_on_goal,rf_qrf_shots_on_goal,0.3.0,empirical_qrf,0.007509037092067805,0.0,0.01474929474929475,,4935908734271347323,2026-01-08 19:04:15.847122
2026-01-08,24658,FLA,MON,30003322,Noah Gregor,shots_on_goal,rf_qrf_shots_on_goal,0.3.0,empirical_qrf,0.002666666666666667,0.0,0.0,,4935908734271347323,2026-01-08 19:04:15.847122
2026-01-08,24658,FLA,MON,30003468,Evan Cormier,shots_on_goal,rf_qrf_shots_on_goal,0.3.0,empirical_qrf,0.015531352896886952,0.012522822275359365,0.018816241009627505,,4935908734271347323,2026-01-08 19:04:15.847122
2026-01-08,24658,FLA,MON,30003671,Jack Studnicka,shots_on_goal,rf_qrf_shots_on_goal,0.3.0,empirical_qrf,0.12032539682539682,0.0,0.6666666666666666,,4935908734271347323,2026-01-08 19:04:15.847122
2026-01-08,24658,FLA,MON,30003681,Eetu Luostarinen,shots_on_goal,rf_qrf_shots_on_goal,0.3.0,empirical_qrf,0.006805555555555555,0.0,0.0,,4935908734271347323,2026-01-08 19:04:15.847122
2026-01-08,24658,FLA,MON,30003683,Jesper Boqvist,shots_on_goal,rf_qrf_shots_on_goal,0.3.0,empirical_qrf,0.0,0.0,0.0,,4935908734271347323,2026-01-08 19:04:15.847122
2026-01-08,24658,FLA,MON,30003694,Jonah Gadjovich,shots_on_goal,rf_qrf_shots_on_goal,0.3.0,empirical_qrf,0.07015979903140959,0.0,0.16461187214611878,,4935908734271347323,2026-01-08 19:04:15.847122
2026-01-08,24658,FLA,MON,30004088,Jay O'Brien,shots_on_goal,rf_qrf_shots_on_goal,0.3.0,empirical_qrf,0.015531352896886952,0.012522822275359365,0.018816241009627505,,4935908734271347323,2026-01-08 19:04:15.847122
2026-01-08,24658,FLA,MON,30004497,Tobias Bjornfot,shots_on_goal,rf_qrf_shots_on_goal,0.3.0,empirical_qrf,0.07015979903140959,0.0,0.16461187214611878,,4935908734271347323,2026-01-08 19:04:15.847122
2026-01-08,24658,FLA,MON,30004517,Robert Mastrosimone,shots_on_goal,rf_qrf_shots_on_goal,0.3.0,empirical_qrf,0.028524981398522005,0.0,0.06270161290322586,,4935908734271347323,2026-01-08 19:04:15.847122
2026-01-08,24658,FLA,MON,30004574,Cole Schwindt,shots_on_goal,rf_qrf_shots_on_goal,0.3.0,empirical_qrf,0.0,0.0,0.0,,4935908734271347323,2026-01-08 19:04:15.847122
2026-01-08,24658,FLA,MON,30004809,Anton Lundell,shots_on_goal,rf_qrf_shots_on_goal,0.3.0,empirical_qrf,0.5078609584859586,0.0,1.0,,4935908734271347323,2026-01-08 19:04:15.847122
2026-01-08,24658,FLA,MON,30004873,Donovan Sebrango,shots_on_goal,rf_qrf_shots_on_goal,0.3.0,empirical_qrf,0.07996749880411182,0.0,0.16,,4935908734271347323,2026-01-08 19:04:15.847122
2026-01-08,24658,FLA,MON,30004886,Michael Benning,shots_on_goal,rf_qrf_shots_on_goal,0.3.0,empirical_qrf,0.6884457671957672,0.0,1.3333333333333333,,4935908734271347323,2026-01-08 19:04:15.847122
2026-01-08,24658,FLA,MON,30005000,Mackie Samoskevich,shots_on_goal,rf_qrf_shots_on_goal,0.3.0,empirical_qrf,0.005430555555555555,0.0,0.0,,4935908734271347323,2026-01-08 19:04:15.847122
2026-01-08,24658,FLA,MON,30005025,Evan Nause,shots_on_goal,rf_qrf_shots_on_goal,0.3.0,empirical_qrf,0.0004761904761904762,0.0,0.0,,4935908734271347323,2026-01-08 19:04:15.847122
2026-01-08,24658,FLA,MON,30005215,Cole Krygier,shots_on_goal,rf_qrf_shots_on_goal,0.3.0,empirical_qrf,0.015531352896886952,0.012522822275359365,0.018816241009627505,,4935908734271347323,2026-01-08 19:04:15.847122
2026-01-08,24658,FLA,MON,30005556,Mack Guzda,shots_on_goal,rf_qrf_shots_on_goal,0.3.0,empirical_qrf,0.015531352896886952,0.012522822275359365,0.018816241009627505,,4935908734271347323,2026-01-08 19:04:15.847122
2026-01-08,24658,FLA,MON,30005598,Mitchell Russell,shots_on_goal,rf_qrf_shots_on_goal,0.3.0,empirical_qrf,0.015531352896886952,0.012522822275359365,0.018816241009627505,,4935908734271347323,2026-01-08 19:04:15.847122
2026-01-08,24658,FLA,MON,30005723,Marek Alscher,shots_on_goal,rf_qrf_shots_on_goal,0.3.0,empirical_qrf,0.04573698940138687,0.0,0.09090909090909091,,4935908734271347323,2026-01-08 19:04:15.847122
2026-01-08,24658,FLA,MON,30005848,Josh Davies,shots_on_goal,rf_qrf_shots_on_goal,0.3.0,empirical_qrf,0.015205243761395124,0.0056657223796034,0.02588172526114793,,4935908734271347323,2026-01-08 19:04:15.847122
2026-01-08,24658,FLA,MON,30005849,Kai Schwindt,shots_on_goal,rf_qrf_shots_on_goal,0.3.0,empirical_qrf,0.08708646671965745,0.0,0.17519911504424782,,4935908734271347323,2026-01-08 19:04:15.847122
2026-01-08,24658,FLA,MON,30005850,Sandis Vilmanis,shots_on_goal,rf_qrf_shots_on_goal,0.3.0,empirical_qrf,0.0016527777777777778,0.0,0.0,,4935908734271347323,2026-01-08 19:04:15.847122
2026-01-08,24658,FLA,MON,30006034,Jake Livingstone,shots_on_goal,rf_qrf_shots_on_goal,0.3.0,empirical_qrf,0.056089992542239904,0.01939880507841673,0.09760879961740795,,4935908734271347323,2026-01-08 19:04:15.847122
2026-01-08,24658,FLA,MON,30006040,Ryan McAllister,shots_on_goal,rf_qrf_shots_on_goal,0.3.0,empirical_qrf,0.49311566184360306,0.0,0.8571428571428571,,4935908734271347323,2026-01-08 19:04:15.847122
2026-01-08,24658,FLA,MON,30006048,Uvis Balinskis,shots_on_goal,rf_qrf_shots_on_goal,0.3.0,empirical_qrf,0.0,0.0,0.0,,4935908734271347323,2026-01-08 19:04:15.847122
2026-01-08,24658,FLA,MON,30006097,Gracyn Sawchyn,shots_on_goal,rf_qrf_shots_on_goal,0.3.0,empirical_qrf,0.08708646671965745,0.0,0.17519911504424782,,4935908734271347323,2026-01-08 19:04:15.847122
2026-01-08,24658,FLA,MON,30006326,Michael Simpson,shots_on_goal,rf_qrf_shots_on_goal,0.3.0,empirical_qrf,0.015531352896886952,0.012522822275359365,0.018816241009627505,,4935908734271347323,2026-01-08 19:04:15.847122
2026-01-08,24658,FLA,MON,30006394,Graham McPhee,shots_on_goal,rf_qrf_shots_on_goal,0.3.0,empirical_qrf,0.3214177327772998,0.0,0.5714285714285714,,4935908734271347323,2026-01-08 19:04:15.847122
2026-01-08,24658,MON,FLA,30000015,Brendan Gallagher,shots_on_goal,rf_qrf_shots_on_goal,0.3.0,empirical_qrf,0.2315928728252897,0.0,0.5,,4935908734271347323,2026-01-08 19:04:15.847122
2026-01-08,24658,MON,FLA,30000227,Mike Matheson,shots_on_goal,rf_qrf_shots_on_goal,0.3.0,empirical_qrf,0.00513035113035113,0.0,0.0,,4935908734271347323,2026-01-08 19:04:15.847122
2026-01-08,24658,MON,FLA,30000555,Tyler Wotherspoon,shots_on_goal,rf_qrf_shots_on_goal,0.3.0,empirical_qrf,0.015531352896886952,0.012522822275359365,0.018816241009627505,,4935908734271347323,2026-01-08 19:04:15.847122
2026-01-08,24658,MON,FLA,30000670,Sammy Blais,shots_on_goal,rf_qrf_shots_on_goal,0.3.0,empirical_qrf,0.08708646671965745,0.0,0.17519911504424782,,4935908734271347323,2026-01-08 19:04:15.847122
2026-01-08,24658,MON,FLA,30001395,Laurent Dauphin,shots_on_goal,rf_qrf_shots_on_goal,0.3.0,empirical_qrf,0.1717271014132194,0.0989010989010989,0.25,,4935908734271347323,2026-01-08 19:04:15.847122
2026-01-08,24658,MON,FLA,30001424,Phillip Danault,shots_on_goal,rf_qrf_shots_on_goal,0.3.0,empirical_qrf,0.12213888888888888,0.0,0.5166666666666705,,4935908734271347323,2026-01-08 19:04:15.847122
2026-01-08,24658,MON,FLA,30002592,Kaapo Kahkonen,shots_on_goal,rf_qrf_shots_on_goal,0.3.0,empirical_qrf,0.015531352896886952,0.012522822275359365,0.018816241009627505,,4935908734271347323,2026-01-08 19:04:15.847122
2026-01-08,24658,MON,FLA,30002601,Joshua Jacobs,shots_on_goal,rf_qrf_shots_on_goal,0.3.0,empirical_qrf,0.015531352896886952,0.012522822275359365,0.018816241009627505,,4935908734271347323,2026-01-08 19:04:15.847122
2026-01-08,24658,MON,FLA,30002663,Vincent Arseneau,shots_on_goal,rf_qrf_shots_on_goal,0.3.0,empirical_qrf,0.015531352896886952,0.012522822275359365,0.018816241009627505,,4935908734271347323,2026-01-08 19:04:15.847122
2026-01-08,24658,MON,FLA,30002781,Sam Montembeault,shots_on_goal,rf_qrf_shots_on_goal,0.3.0,empirical_qrf,0.015531352896886952,0.012522822275359365,0.018816241009627505,,4935908734271347323,2026-01-08 19:04:15.847122
2026-01-08,24658,MON,FLA,30002825,Alexandre Carrier,shots_on_goal,rf_qrf_shots_on_goal,0.3.0,empirical_qrf,0.0,0.0,0.0,,4935908734271347323,2026-01-08 19:04:15.847122
2026-01-08,24658,MON,FLA,30003131,Patrik Laine,shots_on_goal,rf_qrf_shots_on_goal,0.3.0,empirical_qrf,0.039269590918197726,0.0,0.008333333333335228,,4935908734271347323,2026-01-08 19:04:15.847122
2026-01-08,24658,MON,FLA,30003667,Nick Suzuki,shots_on_goal,rf_qrf_shots_on_goal,0.3.0,empirical_qrf,0.5078609584859586,0.0,1.0,,4935908734271347323,2026-01-08 19:04:15.847122
2026-01-08,24658,MON,FLA,30003687,Alexandre Texier,shots_on_goal,rf_qrf_shots_on_goal,0.3.0,empirical_qrf,0.007509037092067805,0.0,0.01474929474929475,,4935908734271347323,2026-01-08 19:04:15.847122
2026-01-08,24658,MON,FLA,30003901,Alex Belzile,shots_on_goal,rf_qrf_shots_on_goal,0.3.0,empirical_qrf,0.0,0.0,0.0,,4935908734271347323,2026-01-08 19:04:15.847122
2026-01-08,24658,MON,FLA,30003958,Nate Clurman,shots_on_goal,rf_qrf_shots_on_goal,0.3.0,empirical_qrf,0.07015979903140959,0.0,0.16461187214611878,,4935908734271347323,2026-01-08 19:04:15.847122
2026-01-08,24658,MON,FLA,30003990,Jake Evans,shots_on_goal,rf_qrf_shots_on_goal,0.3.0,empirical_qrf,0.07015979903140959,0.0,0.16461187214611878,,4935908734271347323,2026-01-08 19:04:15.847122
2026-01-08,24658,MON,FLA,30004086,Noah Dobson,shots_on_goal,rf_qrf_shots_on_goal,0.3.0,empirical_qrf,0.0022933039774484013,0.0,0.0,,4935908734271347323,2026-01-08 19:04:15.847122
2026-01-08,24658,MON,FLA,30004101,Joe Veleno,shots_on_goal,rf_qrf_shots_on_goal,0.3.0,empirical_qrf,0.0,0.0,0.0,,4935908734271347323,2026-01-08 19:04:15.847122
2026-01-08,24658,MON,FLA,30004204,Wyatte Wylie,shots_on_goal,rf_qrf_shots_on_goal,0.3.0,empirical_qrf,0.13567201779701782,0.0,0.5,,4935908734271347323,2026-01-08 19:04:15.847122
2026-01-08,24658,MON,FLA,30004284,Kevin Mandolese,shots_on_goal,rf_qrf_shots_on_goal,0.3.0,empirical_qrf,0.015531352896886952,0.012522822275359365,0.018816241009627505,,4935908734271347323,2026-01-08 19:04:15.847122
2026-01-08,24658,MON,FLA,30004361,Josh Anderson,shots_on_goal,rf_qrf_shots_on_goal,0.3.0,empirical_qrf,0.0,0.0,0.0,,4935908734271347323,2026-01-08 19:04:15.847122
2026-01-08,24658,MON,FLA,30004472,Kirby Dach,shots_on_goal,rf_qrf_shots_on_goal,0.3.0,empirical_qrf,0.06451465950271978,0.0,0.15384615384615385,,4935908734271347323,2026-01-08 19:04:15.847122
2026-01-08,24658,MON,FLA,30004486,Alex Newhook,shots_on_goal,rf_qrf_shots_on_goal,0.3.0,empirical_qrf,0.6385154567654567,0.0,1.6,,4935908734271347323,2026-01-08 19:04:15.847122
2026-01-08,24658,MON,FLA,30004520,Hunter Jones,shots_on_goal,rf_qrf_shots_on_goal,0.3.0,empirical_qrf,0.0,0.0,0.0,,4935908734271347323,2026-01-08 19:04:15.847122
2026-01-08,24658,MON,FLA,30004559,Jayden Struble,shots_on_goal,rf_qrf_shots_on_goal,0.3.0,empirical_qrf,0.08128301147544112,0.024539877300613498,0.14670588235294119,,4935908734271347323,2026-01-08 19:04:15.847122
2026-01-08,24658,MON,FLA,30004803,Kaiden Guhle,shots_on_goal,rf_qrf_shots_on_goal,0.3.0,empirical_qrf,0.05817011745763724,0.0,0.12903225806451613,,4935908734271347323,2026-01-08 19:04:15.847122
2026-01-08,24658,MON,FLA,30004866,Ryan O'Rourke,shots_on_goal,rf_qrf_shots_on_goal,0.3.0,empirical_qrf,0.273805263922773,0.0,0.5454545454545454,,4935908734271347323,2026-01-08 19:04:15.847122
2026-01-08,24658,MON,FLA,30004876,Ty Smilanic,shots_on_goal,rf_qrf_shots_on_goal,0.3.0,empirical_qrf,0.015531352896886952,0.012522822275359365,0.018816241009627505,,4935908734271347323,2026-01-08 19:04:15.847122
2026-01-08,24658,MON,FLA,30004894,Sean Farrell,shots_on_goal,rf_qrf_shots_on_goal,0.3.0,empirical_qrf,0.43648631674483074,0.0,0.8571428571428571,,4935908734271347323,2026-01-08 19:04:15.847122
2026-01-08,24658,MON,FLA,30004928,Cole Caufield,shots_on_goal,rf_qrf_shots_on_goal,0.3.0,empirical_qrf,0.01122222222222222,0.0,0.0,,4935908734271347323,2026-01-08 19:04:15.847122
2026-01-08,24658,MON,FLA,30004950,Marc Del Gaizo,shots_on_goal,rf_qrf_shots_on_goal,0.3.0,empirical_qrf,0.029458420342103834,0.0,0.07407407407407407,,4935908734271347323,2026-01-08 19:04:15.847122
2026-01-08,24658,MON,FLA,30004990,Zachary Bolduc,shots_on_goal,rf_qrf_shots_on_goal,0.3.0,empirical_qrf,0.0,0.0,0.0,,4935908734271347323,2026-01-08 19:04:15.847122
2026-01-08,24658,MON,FLA,30005021,Oliver Kapanen,shots_on_goal,rf_qrf_shots_on_goal,0.3.0,empirical_qrf,0.00820238095238095,0.0,0.0,,4935908734271347323,2026-01-08 19:04:15.847122
2026-01-08,24658,MON,FLA,30005022,Riley Kidney,shots_on_goal,rf_qrf_shots_on_goal,0.3.0,empirical_qrf,0.1587604370937704,0.0,0.3333333333333333,,4935908734271347323,2026-01-08 19:04:15.847122
2026-01-08,24658,MON,FLA,30005118,Tobie Paquette-Bisson,shots_on_goal,rf_qrf_shots_on_goal,0.3.0,empirical_qrf,0.048578636109149725,0.0,0.2,,4935908734271347323,2026-01-08 19:04:15.847122
2026-01-08,24658,MON,FLA,30005121,Joshua Roy,shots_on_goal,rf_qrf_shots_on_goal,0.3.0,empirical_qrf,0.015205243761395124,0.0056657223796034,0.02588172526114793,,4935908734271347323,2026-01-08 19:04:15.847122
2026-01-08,24658,MON,FLA,30005122,Xavier Simoneau,shots_on_goal,rf_qrf_shots_on_goal,0.3.0,empirical_qrf,0.015531352896886952,0.012522822275359365,0.018816241009627505,,4935908734271347323,2026-01-08 19:04:15.847122
2026-01-08,24658,MON,FLA,30005127,Joe Vrbetic,shots_on_goal,rf_qrf_shots_on_goal,0.3.0,empirical_qrf,0.015531352896886952,0.012522822275359365,0.018816241009627505,,4935908734271347323,2026-01-08 19:04:15.847122
2026-01-08,24658,MON,FLA,30005128,Arber Xhekaj,shots_on_goal,rf_qrf_shots_on_goal,0.3.0,empirical_qrf,0.033650363114766164,0.0,0.07692307692307693,,4935908734271347323,2026-01-08 19:04:15.847122
2026-01-08,24658,MON,FLA,30005287,Gannon Laroque,shots_on_goal,rf_qrf_shots_on_goal,0.3.0,empirical_qrf,0.015531352896886952,0.012522822275359365,0.018816241009627505,,4935908734271347323,2026-01-08 19:04:15.847122
2026-01-08,24658,MON,FLA,30005288,Ben Gaudreau,shots_on_goal,rf_qrf_shots_on_goal,0.3.0,empirical_qrf,0.015531352896886952,0.012522822275359365,0.018816241009627505,,4935908734271347323,2026-01-08 19:04:15.847122
2026-01-08,24658,MON,FLA,30005534,Jakub Dobes,shots_on_goal,rf_qrf_shots_on_goal,0.3.0,empirical_qrf,0.015531352896886952,0.012522822275359365,0.018816241009627505,,4935908734271347323,2026-01-08 19:04:15.847122
2026-01-08,24658,MON,FLA,30005574,Lucas Condotta,shots_on_goal,rf_qrf_shots_on_goal,0.3.0,empirical_qrf,0.08456015314641606,0.0,0.1670731707317074,,4935908734271347323,2026-01-08 19:04:15.847122
2026-01-08,24658,MON,FLA,30005631,Juraj Slafkovsky,shots_on_goal,rf_qrf_shots_on_goal,0.3.0,empirical_qrf,0.007970285562390825,0.0,0.0,,4935908734271347323,2026-01-08 19:04:15.847122
2026-01-08,24658,MON,FLA,30005645,Filip Mesar,shots_on_goal,rf_qrf_shots_on_goal,0.3.0,empirical_qrf,0.00017543859649122806,0.0,0.0,,4935908734271347323,2026-01-08 19:04:15.847122
2026-01-08,24658,MON,FLA,30005655,Lane Hutson,shots_on_goal,rf_qrf_shots_on_goal,0.3.0,empirical_qrf,0.005944444444444443,0.0,0.0,,4935908734271347323,2026-01-08 19:04:15.847122
2026-01-08,24658,MON,FLA,30005656,Owen Beck,shots_on_goal,rf_qrf_shots_on_goal,0.3.0,empirical_qrf,0.18648470872680803,0.0,0.3850427350427352,,4935908734271347323,2026-01-08 19:04:15.847122
2026-01-08,24658,MON,FLA,30005806,Jared Davidson,shots_on_goal,rf_qrf_shots_on_goal,0.3.0,empirical_qrf,0.07970482737662858,0.04016071428571429,0.12101112234580386,,4935908734271347323,2026-01-08 19:04:15.847122
2026-01-08,24658,MON,FLA,30006060,David Reinbacher,shots_on_goal,rf_qrf_shots_on_goal,0.3.0,empirical_qrf,0.007509037092067805,0.0,0.01474929474929475,,4935908734271347323,2026-01-08 19:04:15.847122
2026-01-08,24658,MON,FLA,30006127,Jacob Fowler,shots_on_goal,rf_qrf_shots_on_goal,0.3.0,empirical_qrf,0.015531352896886952,0.012522822275359365,0.018816241009627505,,4935908734271347323,2026-01-08 19:04:15.847122
2026-01-08,24658,MON,FLA,30006152,Florian Xhekaj,shots_on_goal,rf_qrf_shots_on_goal,0.3.0,empirical_qrf,0.0,0.0,0.0,,4935908734271347323,2026-01-08 19:04:15.847122
2026-01-08,24658,MON,FLA,30006358,Israel Mianscum,shots_on_goal,rf_qrf_shots_on_goal,0.3.0,empirical_qrf,0.015531352896886952,0.012522822275359365,0.018816241009627505,,4935908734271347323,2026-01-08 19:04:15.847122
2026-01-08,24658,MON,FLA,30006485,Ivan Demidov,shots_on_goal,rf_qrf_shots_on_goal,0.3.0,empirical_qrf,0.0,0.0,0.0,,4935908734271347323,2026-01-08 19:04:15.847122
2026-01-08,24659,ANA,CAR,30000269,Radko Gudas,shots_on_goal,rf_qrf_shots_on_goal,0.3.0,empirical_qrf,0.0022222222222222222,0.0,0.0,,4935908734271347323,2026-01-08 19:04:15.847122
2026-01-08,24659,ANA,CAR,30000320,Chris Kreider,shots_on_goal,rf_qrf_shots_on_goal,0.3.0,empirical_qrf,0.009807262331455879,0.0,0.0,,4935908734271347323,2026-01-08 19:04:15.847122
2026-01-08,24659,ANA,CAR,30000509,Justin Bailey,shots_on_goal,rf_qrf_shots_on_goal,0.3.0,empirical_qrf,0.015205243761395124,0.0056657223796034,0.02588172526114793,,4935908734271347323,2026-01-08 19:04:15.847122
2026-01-08,24659,ANA,CAR,30000515,Mikael Granlund,shots_on_goal,rf_qrf_shots_on_goal,0.3.0,empirical_qrf,0.0027996031746031743,0.0,0.0,,4935908734271347323,2026-01-08 19:04:15.847122
2026-01-08,24659,ANA,CAR,30000609,Frank Vatrano,shots_on_goal,rf_qrf_shots_on_goal,0.3.0,empirical_qrf,0.021667517667517667,0.0,0.0,,4935908734271347323,2026-01-08 19:04:15.847122
2026-01-08,24659,ANA,CAR,30000739,Alex Killorn,shots_on_goal,rf_qrf_shots_on_goal,0.3.0,empirical_qrf,0.08128301147544112,0.024539877300613498,0.14670588235294119,,4935908734271347323,2026-01-08 19:04:15.847122
2026-01-08,24659,ANA,CAR,30000834,Jacob Trouba,shots_on_goal,rf_qrf_shots_on_goal,0.3.0,empirical_qrf,0.08128301147544112,0.024539877300613498,0.14670588235294119,,4935908734271347323,2026-01-08 19:04:15.847122
2026-01-08,24659,ANA,CAR,30000998,Ross Johnston,shots_on_goal,rf_qrf_shots_on_goal,0.3.0,empirical_qrf,0.0,0.0,0.0,,4935908734271347323,2026-01-08 19:04:15.847122
2026-01-08,24659,ANA,CAR,30001005,Ryan Strome,shots_on_goal,rf_qrf_shots_on_goal,0.3.0,empirical_qrf,0.00820238095238095,0.0,0.0,,4935908734271347323,2026-01-08 19:04:15.847122
2026-01-08,24659,ANA,CAR,30001009,Petr Mrazek,shots_on_goal,rf_qrf_shots_on_goal,0.3.0,empirical_qrf,0.015531352896886952,0.012522822275359365,0.018816241009627505,,4935908734271347323,2026-01-08 19:04:15.847122
2026-01-08,24659,ANA,CAR,30002528,Tyrell Goulbourne,shots_on_goal,rf_qrf_shots_on_goal,0.3.0,empirical_qrf,0.015531352896886952,0.012522822275359365,0.018816241009627505,,4935908734271347323,2026-01-08 19:04:15.847122
2026-01-08,24659,ANA,CAR,30002760,Ville Husso,shots_on_goal,rf_qrf_shots_on_goal,0.3.0,empirical_qrf,0.015531352896886952,0.012522822275359365,0.018816241009627505,,4935908734271347323,2026-01-08 19:04:15.847122
2026-01-08,24659,ANA,CAR,30002773,Jansen Harkins,shots_on_goal,rf_qrf_shots_on_goal,0.3.0,empirical_qrf,0.015531352896886952,0.012522822275359365,0.018816241009627505,,4935908734271347323,2026-01-08 19:04:15.847122
2026-01-08,24659,ANA,CAR,30002864,Nikolas Brouillard,shots_on_goal,rf_qrf_shots_on_goal,0.3.0,empirical_qrf,0.015531352896886952,0.012522822275359365,0.018816241009627505,,4935908734271347323,2026-01-08 19:04:15.847122
2026-01-08,24659,ANA,CAR,30003197,Carsen Twarynski,shots_on_goal,rf_qrf_shots_on_goal,0.3.0,empirical_qrf,0.015531352896886952,0.012522822275359365,0.018816241009627505,,4935908734271347323,2026-01-08 19:04:15.847122
2026-01-08,24659,ANA,CAR,30003475,Matthew Phillips,shots_on_goal,rf_qrf_shots_on_goal,0.3.0,empirical_qrf,0.4008058561808561,0.0,1.2,,4935908734271347323,2026-01-08 19:04:15.847122
2026-01-08,24659,ANA,CAR,30003650,Ryan Poehling,shots_on_goal,rf_qrf_shots_on_goal,0.3.0,empirical_qrf,0.0,0.0,0.0,,4935908734271347323,2026-01-08 19:04:15.847122
2026-01-08,24659,ANA,CAR,30003747,Troy Terry,shots_on_goal,rf_qrf_shots_on_goal,0.3.0,empirical_qrf,0.21744182998517364,0.0,0.6,,4935908734271347323,2026-01-08 19:04:15.847122
2026-01-08,24659,ANA,CAR,30003948,David Cotton,shots_on_goal,rf_qrf_shots_on_goal,0.3.0,empirical_qrf,0.26766398918537543,0.0,0.6291666666666677,,4935908734271347323,2026-01-08 19:04:15.847122
2026-01-08,24659,ANA,CAR,30004160,Lukas Dostal,shots_on_goal,rf_qrf_shots_on_goal,0.3.0,empirical_qrf,0.015531352896886952,0.012522822275359365,0.018816241009627505,,4935908734271347323,2026-01-08 19:04:15.847122
2026-01-08,24659,ANA,CAR,30004512,Drew Helleson,shots_on_goal,rf_qrf_shots_on_goal,0.3.0,empirical_qrf,0.6385154567654567,0.0,1.6,,4935908734271347323,2026-01-08 19:04:15.847122
2026-01-08,24659,ANA,CAR,30004526,Jackson LaCombe,shots_on_goal,rf_qrf_shots_on_goal,0.3.0,empirical_qrf,0.0002777777777777778,0.0,0.0,,4935908734271347323,2026-01-08 19:04:15.847122
2026-01-08,24659,ANA,CAR,30004550,Judd Caulfield,shots_on_goal,rf_qrf_shots_on_goal,0.3.0,empirical_qrf,0.015531352896886952,0.012522822275359365,0.018816241009627505,,4935908734271347323,2026-01-08 19:04:15.847122
2026-01-08,24659,ANA,CAR,30004828,Calle Clang,shots_on_goal,rf_qrf_shots_on_goal,0.3.0,empirical_qrf,0.015531352896886952,0.012522822275359365,0.018816241009627505,,4935908734271347323,2026-01-08 19:04:15.847122
2026-01-08,24659,ANA,CAR,30004829,Sam Colangelo,shots_on_goal,rf_qrf_shots_on_goal,0.3.0,empirical_qrf,0.028188492063492065,0.0,0.0,,4935908734271347323,2026-01-08 19:04:15.847122
2026-01-08,24659,ANA,CAR,30004861,Ian Moore,shots_on_goal,rf_qrf_shots_on_goal,0.3.0,empirical_qrf,0.0,0.0,0.0,,4935908734271347323,2026-01-08 19:04:15.847122
2026-01-08,24659,ANA,CAR,30004997,Mason McTavish,shots_on_goal,rf_qrf_shots_on_goal,0.3.0,empirical_qrf,0.005763888888888889,0.0,0.0,,4935908734271347323,2026-01-08 19:04:15.847122
2026-01-08,24659,ANA,CAR,30005018,Olen Zellweger,shots_on_goal,rf_qrf_shots_on_goal,0.3.0,empirical_qrf,0.0,0.0,0.0,,4935908734271347323,2026-01-08 19:04:15.847122
2026-01-08,24659,ANA,CAR,30005051,Sasha Pastujov,shots_on_goal,rf_qrf_shots_on_goal,0.3.0,empirical_qrf,0.028524981398522005,0.0,0.06270161290322586,,4935908734271347323,2026-01-08 19:04:15.847122
2026-01-08,24659,ANA,CAR,30005095,Davis Codd,shots_on_goal,rf_qrf_shots_on_goal,0.3.0,empirical_qrf,0.11977530021296355,0.0,0.2857142857142857,,4935908734271347323,2026-01-08 19:04:15.847122
2026-01-08,24659,ANA,CAR,30005275,Tyson Hinds,shots_on_goal,rf_qrf_shots_on_goal,0.3.0,empirical_qrf,0.07137516187516187,0.0,0.0,,4935908734271347323,2026-01-08 19:04:15.847122
2026-01-08,24659,ANA,CAR,30005285,Jeremie Biakabutuka,shots_on_goal,rf_qrf_shots_on_goal,0.3.0,empirical_qrf,0.015531352896886952,0.012522822275359365,0.018816241009627505,,4935908734271347323,2026-01-08 19:04:15.847122
2026-01-08,24659,ANA,CAR,30005615,Pavel Mintyukov,shots_on_goal,rf_qrf_shots_on_goal,0.3.0,empirical_qrf,0.05570064940936041,0.0,0.13701298701298714,,4935908734271347323,2026-01-08 19:04:15.847122
2026-01-08,24659,ANA,CAR,30005620,Cutter Gauthier,shots_on_goal,rf_qrf_shots_on_goal,0.3.0,empirical_qrf,0.025285714285714286,0.0,0.0,,4935908734271347323,2026-01-08 19:04:15.847122
2026-01-08,24659,ANA,CAR,30005643,Nathan Gaucher,shots_on_goal,rf_qrf_shots_on_goal,0.3.0,empirical_qrf,0.007970285562390825,0.0,0.0,,4935908734271347323,2026-01-08 19:04:15.847122
2026-01-08,24659,ANA,CAR,30005677,Noah Warren,shots_on_goal,rf_qrf_shots_on_goal,0.3.0,empirical_qrf,0.007509037092067805,0.0,0.01474929474929475,,4935908734271347323,2026-01-08 19:04:15.847122
2026-01-08,24659,ANA,CAR,30005678,Tristan Luneau,shots_on_goal,rf_qrf_shots_on_goal,0.3.0,empirical_qrf,0.11362002112127921,0.0,0.21447876447876452,,4935908734271347323,2026-01-08 19:04:15.847122
2026-01-08,24659,ANA,CAR,30005945,Tomas Suchanek,shots_on_goal,rf_qrf_shots_on_goal,0.3.0,empirical_qrf,0.015531352896886952,0.012522822275359365,0.018816241009627505,,4935908734271347323,2026-01-08 19:04:15.847122
2026-01-08,24659,ANA,CAR,30006016,Jaxsen Wiebe,shots_on_goal,rf_qrf_shots_on_goal,0.3.0,empirical_qrf,0.015531352896886952,0.012522822275359365,0.018816241009627505,,4935908734271347323,2026-01-08 19:04:15.847122
2026-01-08,24659,ANA,CAR,30006069,Leo Carlsson,shots_on_goal,rf_qrf_shots_on_goal,0.3.0,empirical_qrf,0.006087301587301587,0.0,0.0,,4935908734271347323,2026-01-08 19:04:15.847122
2026-01-08,24659,ANA,CAR,30006117,Nico Myatovic,shots_on_goal,rf_qrf_shots_on_goal,0.3.0,empirical_qrf,0.0,0.0,0.0,,4935908734271347323,2026-01-08 19:04:15.847122
2026-01-08,24659,ANA,CAR,30006129,Coulson Pitre,shots_on_goal,rf_qrf_shots_on_goal,0.3.0,empirical_qrf,0.1717271014132194,0.0989010989010989,0.25,,4935908734271347323,2026-01-08 19:04:15.847122
2026-01-08,24659,ANA,CAR,30006161,Yegor Sidorov,shots_on_goal,rf_qrf_shots_on_goal,0.3.0,empirical_qrf,1.114063492063492,0.0,2.4,,4935908734271347323,2026-01-08 19:04:15.847122
2026-01-08,24659,ANA,CAR,30006162,Konnor Smith,shots_on_goal,rf_qrf_shots_on_goal,0.3.0,empirical_qrf,0.015531352896886952,0.012522822275359365,0.018816241009627505,,4935908734271347323,2026-01-08 19:04:15.847122
2026-01-08,24659,ANA,CAR,30006310,Roman Kinal,shots_on_goal,rf_qrf_shots_on_goal,0.3.0,empirical_qrf,0.11906119157699963,0.058823529411764705,0.18181818181818182,,4935908734271347323,2026-01-08 19:04:15.847122
2026-01-08,24659,ANA,CAR,30006353,Easton Armstrong,shots_on_goal,rf_qrf_shots_on_goal,0.3.0,empirical_qrf,0.015531352896886952,0.012522822275359365,0.018816241009627505,,4935908734271347323,2026-01-08 19:04:15.847122
2026-01-08,24659,ANA,CAR,30006483,Beckett Sennecke,shots_on_goal,rf_qrf_shots_on_goal,0.3.0,empirical_qrf,0.0983009213009213,0.0,0.33636363636363703,,4935908734271347323,2026-01-08 19:04:15.847122
2026-01-08,24659,CAR,ANA,30000271,Shayne Gostisbehere,shots_on_goal,rf_qrf_shots_on_goal,0.3.0,empirical_qrf,0.0,0.0,0.0,,4935908734271347323,2026-01-08 19:04:15.847122
2026-01-08,24659,CAR,ANA,30000358,Jordan Staal,shots_on_goal,rf_qrf_shots_on_goal,0.3.0,empirical_qrf,0.05570064940936041,0.0,0.13701298701298714,,4935908734271347323,2026-01-08 19:04:15.847122
2026-01-08,24659,CAR,ANA,30000510,William Carrier,shots_on_goal,rf_qrf_shots_on_goal,0.3.0,empirical_qrf,0.07970482737662858,0.04016071428571429,0.12101112234580386,,4935908734271347323,2026-01-08 19:04:15.847122
2026-01-08,24659,CAR,ANA,30000525,Mike Reilly,shots_on_goal,rf_qrf_shots_on_goal,0.3.0,empirical_qrf,0.026741402116402118,0.0,0.0,,4935908734271347323,2026-01-08 19:04:15.847122
2026-01-08,24659,CAR,ANA,30000643,Jaccob Slavin,shots_on_goal,rf_qrf_shots_on_goal,0.3.0,empirical_qrf,0.20048511862181312,0.0,0.4559659090909094,,4935908734271347323,2026-01-08 19:04:15.847122
2026-01-08,24659,CAR,ANA,30000822,Nikolaj Ehlers,shots_on_goal,rf_qrf_shots_on_goal,0.3.0,empirical_qrf,0.3971587301587301,0.0,1.3333333333333333,,4935908734271347323,2026-01-08 19:04:15.847122
2026-01-08,24659,CAR,ANA,30000948,Jordan Martinook,shots_on_goal,rf_qrf_shots_on_goal,0.3.0,empirical_qrf,0.10954546744287243,0.0,0.2608695652173913,,4935908734271347323,2026-01-08 19:04:15.847122
2026-01-08,24659,CAR,ANA,30001187,Taylor Hall,shots_on_goal,rf_qrf_shots_on_goal,0.3.0,empirical_qrf,0.07970482737662858,0.04016071428571429,0.12101112234580386,,4935908734271347323,2026-01-08 19:04:15.847122
2026-01-08,24659,CAR,ANA,30001203,Frederik Andersen,shots_on_goal,rf_qrf_shots_on_goal,0.3.0,empirical_qrf,0.015531352896886952,0.012522822275359365,0.018816241009627505,,4935908734271347323,2026-01-08 19:04:15.847122
2026-01-08,24659,CAR,ANA,30002309,Mark Jankowski,shots_on_goal,rf_qrf_shots_on_goal,0.3.0,empirical_qrf,0.009526594133000029,0.0,0.018459020629656753,,4935908734271347323,2026-01-08 19:04:15.847122
2026-01-08,24659,CAR,ANA,30002819,Sebastian Aho,shots_on_goal,rf_qrf_shots_on_goal,0.3.0,empirical_qrf,0.1122142857142857,0.0,0.5,,4935908734271347323,2026-01-08 19:04:15.847122
2026-01-08,24659,CAR,ANA,30002980,Eric Robinson,shots_on_goal,rf_qrf_shots_on_goal,0.3.0,empirical_qrf,0.0,0.0,0.0,,4935908734271347323,2026-01-08 19:04:15.847122
2026-01-08,24659,CAR,ANA,30003180,Givani Smith,shots_on_goal,rf_qrf_shots_on_goal,0.3.0,empirical_qrf,0.18587146187146186,0.0,0.4444444444444444,,4935908734271347323,2026-01-08 19:04:15.847122
2026-01-08,24659,CAR,ANA,30003359,Jalen Chatfield,shots_on_goal,rf_qrf_shots_on_goal,0.3.0,empirical_qrf,0.009526594133000029,0.0,0.018459020629656753,,4935908734271347323,2026-01-08 19:04:15.847122
2026-01-08,24659,CAR,ANA,30003550,Gavin Bayreuther,shots_on_goal,rf_qrf_shots_on_goal,0.3.0,empirical_qrf,0.07970482737662858,0.04016071428571429,0.12101112234580386,,4935908734271347323,2026-01-08 19:04:15.847122
2026-01-08,24659,CAR,ANA,30003786,Sean Walker,shots_on_goal,rf_qrf_shots_on_goal,0.3.0,empirical_qrf,0.009526594133000029,0.0,0.018459020629656753,,4935908734271347323,2026-01-08 19:04:15.847122
2026-01-08,24659,CAR,ANA,30004075,Jesperi Kotkaniemi,shots_on_goal,rf_qrf_shots_on_goal,0.3.0,empirical_qrf,0.011349206349206348,0.0,0.0,,4935908734271347323,2026-01-08 19:04:15.847122
2026-01-08,24659,CAR,ANA,30004076,Andrei Svechnikov,shots_on_goal,rf_qrf_shots_on_goal,0.3.0,empirical_qrf,0.14682942057942058,0.0,0.5,,4935908734271347323,2026-01-08 19:04:15.847122
2026-01-08,24659,CAR,ANA,30004082,K'Andre Miller,shots_on_goal,rf_qrf_shots_on_goal,0.3.0,empirical_qrf,0.9249932058682059,0.0,2.0,,4935908734271347323,2026-01-08 19:04:15.847122
2026-01-08,24659,CAR,ANA,30004385,Cayden Primeau,shots_on_goal,rf_qrf_shots_on_goal,0.3.0,empirical_qrf,0.015531352896886952,0.012522822275359365,0.018816241009627505,,4935908734271347323,2026-01-08 19:04:15.847122
2026-01-08,24659,CAR,ANA,30004537,Domenick Fensore,shots_on_goal,rf_qrf_shots_on_goal,0.3.0,empirical_qrf,0.0023719071842641637,0.0,0.0,,4935908734271347323,2026-01-08 19:04:15.847122
2026-01-08,24659,CAR,ANA,30004602,Nikita Pavlychev,shots_on_goal,rf_qrf_shots_on_goal,0.3.0,empirical_qrf,0.015531352896886952,0.012522822275359365,0.018816241009627505,,4935908734271347323,2026-01-08 19:04:15.847122
2026-01-08,24659,CAR,ANA,30004806,Seth Jarvis,shots_on_goal,rf_qrf_shots_on_goal,0.3.0,empirical_qrf,0.15177777777777776,0.0,0.6666666666666666,,4935908734271347323,2026-01-08 19:04:15.847122
2026-01-08,24659,CAR,ANA,30004865,Alexander Nikishin,shots_on_goal,rf_qrf_shots_on_goal,0.3.0,empirical_qrf,0.0008095238095238096,0.0,0.0,,4935908734271347323,2026-01-08 19:04:15.847122
2026-01-08,24659,CAR,ANA,30004913,Evan Vierling,shots_on_goal,rf_qrf_shots_on_goal,0.3.0,empirical_qrf,0.015531352896886952,0.012522822275359365,0.018816241009627505,,4935908734271347323,2026-01-08 19:04:15.847122
2026-01-08,24659,CAR,ANA,30004953,Pyotr Kochetkov,shots_on_goal,rf_qrf_shots_on_goal,0.3.0,empirical_qrf,0.005989716646633938,0.0,0.013333333333333334,,4935908734271347323,2026-01-08 19:04:15.847122
2026-01-08,24659,CAR,ANA,30005026,Aleksi Heimosalmi,shots_on_goal,rf_qrf_shots_on_goal,0.3.0,empirical_qrf,0.007509037092067805,0.0,0.01474929474929475,,4935908734271347323,2026-01-08 19:04:15.847122
2026-01-08,24659,CAR,ANA,30005034,Logan Stankoven,shots_on_goal,rf_qrf_shots_on_goal,0.3.0,empirical_qrf,0.0639345793095793,0.0,0.0,,4935908734271347323,2026-01-08 19:04:15.847122
2026-01-08,24659,CAR,ANA,30005153,Bryce Montgomery,shots_on_goal,rf_qrf_shots_on_goal,0.3.0,empirical_qrf,0.007509037092067805,0.0,0.01474929474929475,,4935908734271347323,2026-01-08 19:04:15.847122
2026-01-08,24659,CAR,ANA,30005155,Justin Robidas,shots_on_goal,rf_qrf_shots_on_goal,0.3.0,empirical_qrf,0.009222222222222222,0.0,0.0,,4935908734271347323,2026-01-08 19:04:15.847122
2026-01-08,24659,CAR,ANA,30005405,Jackson Blake,shots_on_goal,rf_qrf_shots_on_goal,0.3.0,empirical_qrf,0.0,0.0,0.0,,4935908734271347323,2026-01-08 19:04:15.847122
2026-01-08,24659,CAR,ANA,30005413,Joel Nystrom,shots_on_goal,rf_qrf_shots_on_goal,0.3.0,empirical_qrf,0.07637135359194183,0.0,0.3333333333333333,,4935908734271347323,2026-01-08 19:04:15.847122
2026-01-08,24659,CAR,ANA,30005573,Brandon Bussi,shots_on_goal,rf_qrf_shots_on_goal,0.3.0,empirical_qrf,0.015531352896886952,0.012522822275359365,0.018816241009627505,,4935908734271347323,2026-01-08 19:04:15.847122
2026-01-08,24659,CAR,ANA,30006098,Felix Unger Sorum,shots_on_goal,rf_qrf_shots_on_goal,0.3.0,empirical_qrf,0.0,0.0,0.0,,4935908734271347323,2026-01-08 19:04:15.847122
2026-01-08,24660,VAN,DET,30000958,Derek Forbort,shots_on_goal,rf_qrf_shots_on_goal,0.3.0,empirical_qrf,0.04595980844318702,0.0,0.1111111111111111,,4935908734271347323,2026-01-08 19:04:15.847122
2026-01-08,24660,VAN,DET,30000976,Evander Kane,shots_on_goal,rf_qrf_shots_on_goal,0.3.0,empirical_qrf,0.18648470872680803,0.0,0.3850427350427352,,4935908734271347323,2026-01-08 19:04:15.847122
2026-01-08,24660,VAN,DET,30001238,Jake DeBrusk,shots_on_goal,rf_qrf_shots_on_goal,0.3.0,empirical_qrf,0.0016527777777777778,0.0,0.0,,4935908734271347323,2026-01-08 19:04:15.847122
2026-01-08,24660,VAN,DET,30001299,Tyler Myers,shots_on_goal,rf_qrf_shots_on_goal,0.3.0,empirical_qrf,0.10954546744287243,0.0,0.2608695652173913,,4935908734271347323,2026-01-08 19:04:15.847122
2026-01-08,24660,VAN,DET,30001949,Guillaume Brisebois,shots_on_goal,rf_qrf_shots_on_goal,0.3.0,empirical_qrf,0.015205243761395124,0.0056657223796034,0.02588172526114793,,4935908734271347323,2026-01-08 19:04:15.847122
2026-01-08,24660,VAN,DET,30002479,Teddy Blueger,shots_on_goal,rf_qrf_shots_on_goal,0.3.0,empirical_qrf,0.0,0.0,0.0,,4935908734271347323,2026-01-08 19:04:15.847122
2026-01-08,24660,VAN,DET,30002581,Thatcher Demko,shots_on_goal,rf_qrf_shots_on_goal,0.3.0,empirical_qrf,0.015531352896886952,0.012522822275359365,0.018816241009627505,,4935908734271347323,2026-01-08 19:04:15.847122
2026-01-08,24660,VAN,DET,30002587,Marcus Pettersson,shots_on_goal,rf_qrf_shots_on_goal,0.3.0,empirical_qrf,0.009526594133000029,0.0,0.018459020629656753,,4935908734271347323,2026-01-08 19:04:15.847122
2026-01-08,24660,VAN,DET,30002777,Brock Boeser,shots_on_goal,rf_qrf_shots_on_goal,0.3.0,empirical_qrf,0.05658994708994709,0.0,0.0,,4935908734271347323,2026-01-08 19:04:15.847122
2026-01-08,24660,VAN,DET,30002793,Joseph Labate,shots_on_goal,rf_qrf_shots_on_goal,0.3.0,empirical_qrf,0.07996749880411182,0.0,0.16,,4935908734271347323,2026-01-08 19:04:15.847122
2026-01-08,24660,VAN,DET,30002876,Conor Garland,shots_on_goal,rf_qrf_shots_on_goal,0.3.0,empirical_qrf,0.34428439153439155,0.0,1.2,,4935908734271347323,2026-01-08 19:04:15.847122
2026-01-08,24660,VAN,DET,30003063,Mackenzie MacEachern,shots_on_goal,rf_qrf_shots_on_goal,0.3.0,empirical_qrf,0.029458420342103834,0.0,0.07407407407407407,,4935908734271347323,2026-01-08 19:04:15.847122
2026-01-08,24660,VAN,DET,30003193,Filip Hronek,shots_on_goal,rf_qrf_shots_on_goal,0.3.0,empirical_qrf,0.024916666666666667,0.0,0.0,,4935908734271347323,2026-01-08 19:04:15.847122
2026-01-08,24660,VAN,DET,30003604,David Kampf,shots_on_goal,rf_qrf_shots_on_goal,0.3.0,empirical_qrf,0.08708646671965745,0.0,0.17519911504424782,,4935908734271347323,2026-01-08 19:04:15.847122
2026-01-08,24660,VAN,DET,30003647,Elias Pettersson,shots_on_goal,rf_qrf_shots_on_goal,0.3.0,empirical_qrf,0.0,0.0,0.0,,4935908734271347323,2026-01-08 19:04:15.847122
2026-01-08,24660,VAN,DET,30003655,Filip Chytil,shots_on_goal,rf_qrf_shots_on_goal,0.3.0,empirical_qrf,0.00513035113035113,0.0,0.0,,4935908734271347323,2026-01-08 19:04:15.847122
2026-01-08,24660,VAN,DET,30003666,Pierre-Olivier Joseph,shots_on_goal,rf_qrf_shots_on_goal,0.3.0,empirical_qrf,0.056089992542239904,0.01939880507841673,0.09760879961740795,,4935908734271347323,2026-01-08 19:04:15.847122
2026-01-08,24660,VAN,DET,30003776,Jiri Patera,shots_on_goal,rf_qrf_shots_on_goal,0.3.0,empirical_qrf,0.015531352896886952,0.012522822275359365,0.018816241009627505,,4935908734271347323,2026-01-08 19:04:15.847122
2026-01-08,24660,VAN,DET,30004001,Kiefer Sherwood,shots_on_goal,rf_qrf_shots_on_goal,0.3.0,empirical_qrf,0.2617552308802309,0.0,0.6,,4935908734271347323,2026-01-08 19:04:15.847122
2026-01-08,24660,VAN,DET,30004058,Kevin Lankinen,shots_on_goal,rf_qrf_shots_on_goal,0.3.0,empirical_qrf,0.015531352896886952,0.012522822275359365,0.018816241009627505,,4935908734271347323,2026-01-08 19:04:15.847122
2026-01-08,24660,VAN,DET,30004140,Jett Woo,shots_on_goal,rf_qrf_shots_on_goal,0.3.0,empirical_qrf,0.07970482737662858,0.04016071428571429,0.12101112234580386,,4935908734271347323,2026-01-08 19:04:15.847122
2026-01-08,24660,VAN,DET,30004153,Linus Karlsson,shots_on_goal,rf_qrf_shots_on_goal,0.3.0,empirical_qrf,0.0033888888888888888,0.0,0.0,,4935908734271347323,2026-01-08 19:04:15.847122
2026-01-08,24660,VAN,DET,30004227,Chase Wouters,shots_on_goal,rf_qrf_shots_on_goal,0.3.0,empirical_qrf,0.015531352896886952,0.012522822275359365,0.018816241009627505,,4935908734271347323,2026-01-08 19:04:15.847122
2026-01-08,24660,VAN,DET,30004425,Jimmy Schuldt,shots_on_goal,rf_qrf_shots_on_goal,0.3.0,empirical_qrf,0.007509037092067805,0.0,0.01474929474929475,,4935908734271347323,2026-01-08 19:04:15.847122
2026-01-08,24660,VAN,DET,30004531,Nils Hoglander,shots_on_goal,rf_qrf_shots_on_goal,0.3.0,empirical_qrf,0.0027996031746031743,0.0,0.0,,4935908734271347323,2026-01-08 19:04:15.847122
2026-01-08,24660,VAN,DET,30004581,Nikolai Knyzhov,shots_on_goal,rf_qrf_shots_on_goal,0.3.0,empirical_qrf,0.007509037092067805,0.0,0.01474929474929475,,4935908734271347323,2026-01-08 19:04:15.847122
2026-01-08,24660,VAN,DET,30004741,Drew O'Connor,shots_on_goal,rf_qrf_shots_on_goal,0.3.0,empirical_qrf,0.0,0.0,0.0,,4935908734271347323,2026-01-08 19:04:15.847122
2026-01-08,24660,VAN,DET,30004817,Lukas Reichel,shots_on_goal,rf_qrf_shots_on_goal,0.3.0,empirical_qrf,0.033650363114766164,0.0,0.07692307692307693,,4935908734271347323,2026-01-08 19:04:15.847122
2026-01-08,24660,VAN,DET,30004818,Marco Rossi,shots_on_goal,rf_qrf_shots_on_goal,0.3.0,empirical_qrf,0.03996326358826359,0.0,0.0,,4935908734271347323,2026-01-08 19:04:15.847122
2026-01-08,24660,VAN,DET,30005016,Danila Klimovich,shots_on_goal,rf_qrf_shots_on_goal,0.3.0,empirical_qrf,0.0,0.0,0.0,,4935908734271347323,2026-01-08 19:04:15.847122
2026-01-08,24660,VAN,DET,30005028,Aatu Raty,shots_on_goal,rf_qrf_shots_on_goal,0.3.0,empirical_qrf,0.2115581178081178,0.0,0.5,,4935908734271347323,2026-01-08 19:04:15.847122
2026-01-08,24660,VAN,DET,30005100,Cooper Walker,shots_on_goal,rf_qrf_shots_on_goal,0.3.0,empirical_qrf,0.015531352896886952,0.012522822275359365,0.018816241009627505,,4935908734271347323,2026-01-08 19:04:15.847122
2026-01-08,24660,VAN,DET,30005145,Josh Bloom,shots_on_goal,rf_qrf_shots_on_goal,0.3.0,empirical_qrf,0.015531352896886952,0.012522822275359365,0.018816241009627505,,4935908734271347323,2026-01-08 19:04:15.847122
2026-01-08,24660,VAN,DET,30005171,Dino Kambeitz,shots_on_goal,rf_qrf_shots_on_goal,0.3.0,empirical_qrf,0.015531352896886952,0.012522822275359365,0.018816241009627505,,4935908734271347323,2026-01-08 19:04:15.847122
2026-01-08,24660,VAN,DET,30005456,Nils Aman,shots_on_goal,rf_qrf_shots_on_goal,0.3.0,empirical_qrf,0.08456015314641606,0.0,0.1670731707317074,,4935908734271347323,2026-01-08 19:04:15.847122
2026-01-08,24660,VAN,DET,30005566,Arshdeep Bains,shots_on_goal,rf_qrf_shots_on_goal,0.3.0,empirical_qrf,0.015036953786953786,0.0,0.0,,4935908734271347323,2026-01-08 19:04:15.847122
2026-01-08,24660,VAN,DET,30005619,Jonathan Lekkerimaki,shots_on_goal,rf_qrf_shots_on_goal,0.3.0,empirical_qrf,0.4871560846560846,0.0,1.3875000000000028,,4935908734271347323,2026-01-08 19:04:15.847122
2026-01-08,24660,VAN,DET,30005642,Liam Ohgren,shots_on_goal,rf_qrf_shots_on_goal,0.3.0,empirical_qrf,0.029458420342103834,0.0,0.07407407407407407,,4935908734271347323,2026-01-08 19:04:15.847122
2026-01-08,24660,VAN,DET,30005747,Jonathan Lemieux,shots_on_goal,rf_qrf_shots_on_goal,0.3.0,empirical_qrf,0.015531352896886952,0.012522822275359365,0.018816241009627505,,4935908734271347323,2026-01-08 19:04:15.847122
2026-01-08,24660,VAN,DET,30005831,Kirill Kudryavtsev,shots_on_goal,rf_qrf_shots_on_goal,0.3.0,empirical_qrf,0.09744764232728628,0.0,0.25,,4935908734271347323,2026-01-08 19:04:15.847122
2026-01-08,24660,VAN,DET,30005837,Ty Young,shots_on_goal,rf_qrf_shots_on_goal,0.3.0,empirical_qrf,0.015531352896886952,0.012522822275359365,0.018816241009627505,,4935908734271347323,2026-01-08 19:04:15.847122
2026-01-08,24660,VAN,DET,30006031,Max Sasson,shots_on_goal,rf_qrf_shots_on_goal,0.3.0,empirical_qrf,0.0,0.0,0.0,,4935908734271347323,2026-01-08 19:04:15.847122
2026-01-08,24660,VAN,DET,30006037,Nikita Tolopilo,shots_on_goal,rf_qrf_shots_on_goal,0.3.0,empirical_qrf,0.015531352896886952,0.012522822275359365,0.018816241009627505,,4935908734271347323,2026-01-08 19:04:15.847122
2026-01-08,24660,VAN,DET,30006067,Tom Willander,shots_on_goal,rf_qrf_shots_on_goal,0.3.0,empirical_qrf,0.005335937742915465,0.0,0.0,,4935908734271347323,2026-01-08 19:04:15.847122
2026-01-08,24660,VAN,DET,30006320,Joe Arntsen,shots_on_goal,rf_qrf_shots_on_goal,0.3.0,empirical_qrf,0.015531352896886952,0.012522822275359365,0.018816241009627505,,4935908734271347323,2026-01-08 19:04:15.847122
2026-01-08,24660,VAN,DET,30006441,Elias Nils Pettersson,shots_on_goal,rf_qrf_shots_on_goal,0.3.0,empirical_qrf,0.20048511862181312,0.0,0.4559659090909094,,4935908734271347323,2026-01-08 19:04:15.847122
2026-01-08,24660,VAN,DET,30006486,Zeev Buium,shots_on_goal,rf_qrf_shots_on_goal,0.3.0,empirical_qrf,0.21390154546462598,0.0,0.5,,4935908734271347323,2026-01-08 19:04:15.847122
2026-01-08,24660,DET,VAN,30000043,James van Riemsdyk,shots_on_goal,rf_qrf_shots_on_goal,0.3.0,empirical_qrf,0.16721626984126986,0.0,1.0,,4935908734271347323,2026-01-08 19:04:15.847122
2026-01-08,24660,DET,VAN,30000186,Austin Watson,shots_on_goal,rf_qrf_shots_on_goal,0.3.0,empirical_qrf,0.10954546744287243,0.0,0.2608695652173913,,4935908734271347323,2026-01-08 19:04:15.847122
2026-01-08,24660,DET,VAN,30000563,Cam Talbot,shots_on_goal,rf_qrf_shots_on_goal,0.3.0,empirical_qrf,0.015531352896886952,0.012522822275359365,0.018816241009627505,,4935908734271347323,2026-01-08 19:04:15.847122
2026-01-08,24660,DET,VAN,30000821,Andrew Copp,shots_on_goal,rf_qrf_shots_on_goal,0.3.0,empirical_qrf,0.0,0.0,0.0,,4935908734271347323,2026-01-08 19:04:15.847122
2026-01-08,24660,DET,VAN,30000846,Dylan Larkin,shots_on_goal,rf_qrf_shots_on_goal,0.3.0,empirical_qrf,0.1756785714285714,0.0,1.0,,4935908734271347323,2026-01-08 19:04:15.847122
2026-01-08,24660,DET,VAN,30000866,Patrick Kane,shots_on_goal,rf_qrf_shots_on_goal,0.3.0,empirical_qrf,0.0069861111111111105,0.0,0.0,,4935908734271347323,2026-01-08 19:04:15.847122
2026-01-08,24660,DET,VAN,30000874,John Gibson,shots_on_goal,rf_qrf_shots_on_goal,0.3.0,empirical_qrf,0.015531352896886952,0.012522822275359365,0.018816241009627505,,4935908734271347323,2026-01-08 19:04:15.847122
2026-01-08,24660,DET,VAN,30000997,Travis Hamonic,shots_on_goal,rf_qrf_shots_on_goal,0.3.0,empirical_qrf,0.07970482737662858,0.04016071428571429,0.12101112234580386,,4935908734271347323,2026-01-08 19:04:15.847122
2026-01-08,24660,DET,VAN,30001011,Erik Gustafsson,shots_on_goal,rf_qrf_shots_on_goal,0.3.0,empirical_qrf,0.07970482737662858,0.04016071428571429,0.12101112234580386,,4935908734271347323,2026-01-08 19:04:15.847122
2026-01-08,24660,DET,VAN,30001063,Ben Chiarot,shots_on_goal,rf_qrf_shots_on_goal,0.3.0,empirical_qrf,0.0,0.0,0.0,,4935908734271347323,2026-01-08 19:04:15.847122
2026-01-08,24660,DET,VAN,30002213,Josiah Didier,shots_on_goal,rf_qrf_shots_on_goal,0.3.0,empirical_qrf,0.007509037092067805,0.0,0.01474929474929475,,4935908734271347323,2026-01-08 19:04:15.847122
2026-01-08,24660,DET,VAN,30002513,J.T. Compher,shots_on_goal,rf_qrf_shots_on_goal,0.3.0,empirical_qrf,0.18486568986568985,0.0,0.4444444444444444,,4935908734271347323,2026-01-08 19:04:15.847122
2026-01-08,24660,DET,VAN,30003160,Alex DeBrincat,shots_on_goal,rf_qrf_shots_on_goal,0.3.0,empirical_qrf,0.0033333333333333335,0.0,0.0,,4935908734271347323,2026-01-08 19:04:15.847122
2026-01-08,24660,DET,VAN,30003644,Michael Rasmussen,shots_on_goal,rf_qrf_shots_on_goal,0.3.0,empirical_qrf,0.20048511862181312,0.0,0.4559659090909094,,4935908734271347323,2026-01-08 19:04:15.847122
2026-01-08,24660,DET,VAN,30003744,Mason Appleton,shots_on_goal,rf_qrf_shots_on_goal,0.3.0,empirical_qrf,0.18648470872680803,0.0,0.3850427350427352,,4935908734271347323,2026-01-08 19:04:15.847122
2026-01-08,24660,DET,VAN,30004102,Jacob Bernard-Docker,shots_on_goal,rf_qrf_shots_on_goal,0.3.0,empirical_qrf,0.0,0.0,0.0,,4935908734271347323,2026-01-08 19:04:15.847122
2026-01-08,24660,DET,VAN,30004186,Joel L'Esperance,shots_on_goal,rf_qrf_shots_on_goal,0.3.0,empirical_qrf,0.007509037092067805,0.0,0.01474929474929475,,4935908734271347323,2026-01-08 19:04:15.847122
2026-01-08,24660,DET,VAN,30004475,Moritz Seider,shots_on_goal,rf_qrf_shots_on_goal,0.3.0,empirical_qrf,0.21515343915343915,0.0,1.1428571428571428,,4935908734271347323,2026-01-08 19:04:15.847122
2026-01-08,24660,DET,VAN,30004548,Albert Johansson,shots_on_goal,rf_qrf_shots_on_goal,0.3.0,empirical_qrf,0.033650363114766164,0.0,0.07692307692307693,,4935908734271347323,2026-01-08 19:04:15.847122
2026-01-08,24660,DET,VAN,30004561,Antti Tuomisto,shots_on_goal,rf_qrf_shots_on_goal,0.3.0,empirical_qrf,0.015205243761395124,0.0056657223796034,0.02588172526114793,,4935908734271347323,2026-01-08 19:04:15.847122
2026-01-08,24660,DET,VAN,30004758,John Leonard,shots_on_goal,rf_qrf_shots_on_goal,0.3.0,empirical_qrf,0.18587146187146186,0.0,0.4444444444444444,,4935908734271347323,2026-01-08 19:04:15.847122
2026-01-08,24660,DET,VAN,30004816,Lucas Raymond,shots_on_goal,rf_qrf_shots_on_goal,0.3.0,empirical_qrf,0.1446904761904762,0.0,0.6150000000000034,,4935908734271347323,2026-01-08 19:04:15.847122
2026-01-08,24660,DET,VAN,30004884,William Wallinder,shots_on_goal,rf_qrf_shots_on_goal,0.3.0,empirical_qrf,0.0,0.0,0.0,,4935908734271347323,2026-01-08 19:04:15.847122
2026-01-08,24660,DET,VAN,30004983,Sebastian Cossa,shots_on_goal,rf_qrf_shots_on_goal,0.3.0,empirical_qrf,0.015531352896886952,0.012522822275359365,0.018816241009627505,,4935908734271347323,2026-01-08 19:04:15.847122
2026-01-08,24660,DET,VAN,30004984,Simon Edvinsson,shots_on_goal,rf_qrf_shots_on_goal,0.3.0,empirical_qrf,0.07514285714285714,0.0,0.0,,4935908734271347323,2026-01-08 19:04:15.847122
2026-01-08,24660,DET,VAN,30005482,Carter Mazur,shots_on_goal,rf_qrf_shots_on_goal,0.3.0,empirical_qrf,0.0,0.0,0.0,,4935908734271347323,2026-01-08 19:04:15.847122
2026-01-08,24660,DET,VAN,30005489,Elmer Soderblom,shots_on_goal,rf_qrf_shots_on_goal,0.3.0,empirical_qrf,0.09744764232728628,0.0,0.25,,4935908734271347323,2026-01-08 19:04:15.847122
2026-01-08,24660,DET,VAN,30005630,Marco Kasper,shots_on_goal,rf_qrf_shots_on_goal,0.3.0,empirical_qrf,0.06521572871572871,0.0,0.0,,4935908734271347323,2026-01-08 19:04:15.847122
2026-01-08,24660,DET,VAN,30005780,Amadeus Lombardi,shots_on_goal,rf_qrf_shots_on_goal,0.3.0,empirical_qrf,0.009526594133000029,0.0,0.018459020629656753,,4935908734271347323,2026-01-08 19:04:15.847122
2026-01-08,24660,DET,VAN,30006015,Alexandre Doucet,shots_on_goal,rf_qrf_shots_on_goal,0.3.0,empirical_qrf,0.005989716646633938,0.0,0.013333333333333334,,4935908734271347323,2026-01-08 19:04:15.847122
2026-01-08,24660,DET,VAN,30006059,Nate Danielson,shots_on_goal,rf_qrf_shots_on_goal,0.3.0,empirical_qrf,0.21515343915343915,0.0,1.1428571428571428,,4935908734271347323,2026-01-08 19:04:15.847122
2026-01-08,24660,DET,VAN,30006071,Axel Sandin-Pellikka,shots_on_goal,rf_qrf_shots_on_goal,0.3.0,empirical_qrf,0.0,0.0,0.0,,4935908734271347323,2026-01-08 19:04:15.847122
2026-01-08,24660,DET,VAN,30006201,Emmitt Finnie,shots_on_goal,rf_qrf_shots_on_goal,0.3.0,empirical_qrf,0.05570064940936041,0.0,0.13701298701298714,,4935908734271347323,2026-01-08 19:04:15.847122
2026-01-08,24661,CGY,BOS,30000032,Nazem Kadri,shots_on_goal,rf_qrf_shots_on_goal,0.3.0,empirical_qrf,0.02,0.0,0.0,,4935908734271347323,2026-01-08 19:04:15.847122
2026-01-08,24661,CGY,BOS,30000103,Mikael Backlund,shots_on_goal,rf_qrf_shots_on_goal,0.3.0,empirical_qrf,0.0,0.0,0.0,,4935908734271347323,2026-01-08 19:04:15.847122
2026-01-08,24661,CGY,BOS,30000237,MacKenzie Weegar,shots_on_goal,rf_qrf_shots_on_goal,0.3.0,empirical_qrf,0.05061109725075329,0.0,0.12,,4935908734271347323,2026-01-08 19:04:15.847122
2026-01-08,24661,CGY,BOS,30000311,Blake Coleman,shots_on_goal,rf_qrf_shots_on_goal,0.3.0,empirical_qrf,0.07015979903140959,0.0,0.16461187214611878,,4935908734271347323,2026-01-08 19:04:15.847122
2026-01-08,24661,CGY,BOS,30000766,Jonathan Huberdeau,shots_on_goal,rf_qrf_shots_on_goal,0.3.0,empirical_qrf,0.0,0.0,0.0,,4935908734271347323,2026-01-08 19:04:15.847122
2026-01-08,24661,CGY,BOS,30001029,Martin Frk,shots_on_goal,rf_qrf_shots_on_goal,0.3.0,empirical_qrf,0.3214177327772998,0.0,0.5714285714285714,,4935908734271347323,2026-01-08 19:04:15.847122
2026-01-08,24661,CGY,BOS,30001133,Rasmus Andersson,shots_on_goal,rf_qrf_shots_on_goal,0.3.0,empirical_qrf,0.009526594133000029,0.0,0.018459020629656753,,4935908734271347323,2026-01-08 19:04:15.847122
2026-01-08,24661,CGY,BOS,30001248,Joel Hanley,shots_on_goal,rf_qrf_shots_on_goal,0.3.0,empirical_qrf,0.10954546744287243,0.0,0.2608695652173913,,4935908734271347323,2026-01-08 19:04:15.847122
2026-01-08,24661,CGY,BOS,30002217,Ryan Lomberg,shots_on_goal,rf_qrf_shots_on_goal,0.3.0,empirical_qrf,0.07996749880411182,0.0,0.16,,4935908734271347323,2026-01-08 19:04:15.847122
2026-01-08,24661,CGY,BOS,30002595,Justin Kirkland,shots_on_goal,rf_qrf_shots_on_goal,0.3.0,empirical_qrf,0.009526594133000029,0.0,0.018459020629656753,,4935908734271347323,2026-01-08 19:04:15.847122
2026-01-08,24661,CGY,BOS,30002668,Clark Bishop,shots_on_goal,rf_qrf_shots_on_goal,0.3.0,empirical_qrf,0.015205243761395124,0.0056657223796034,0.02588172526114793,,4935908734271347323,2026-01-08 19:04:15.847122
2026-01-08,24661,CGY,BOS,30003001,Dryden Hunt,shots_on_goal,rf_qrf_shots_on_goal,0.3.0,empirical_qrf,0.0,0.0,0.0,,4935908734271347323,2026-01-08 19:04:15.847122
2026-01-08,24661,CGY,BOS,30003145,Jake Bean,shots_on_goal,rf_qrf_shots_on_goal,0.3.0,empirical_qrf,0.07970482737662858,0.04016071428571429,0.12101112234580386,,4935908734271347323,2026-01-08 19:04:15.847122
2026-01-08,24661,CGY,BOS,30003418,Alex Gallant,shots_on_goal,rf_qrf_shots_on_goal,0.3.0,empirical_qrf,0.015531352896886952,0.012522822275359365,0.018816241009627505,,4935908734271347323,2026-01-08 19:04:15.847122
2026-01-08,24661,CGY,BOS,30003656,Morgan Frost,shots_on_goal,rf_qrf_shots_on_goal,0.3.0,empirical_qrf,0.0,0.0,0.0,,4935908734271347323,2026-01-08 19:04:15.847122
2026-01-08,24661,CGY,BOS,30004089,Joel Farabee,shots_on_goal,rf_qrf_shots_on_goal,0.3.0,empirical_qrf,0.005763888888888889,0.0,0.0,,4935908734271347323,2026-01-08 19:04:15.847122
2026-01-08,24661,CGY,BOS,30004162,Kevin Bahl,shots_on_goal,rf_qrf_shots_on_goal,0.3.0,empirical_qrf,0.005335937742915465,0.0,0.0,,4935908734271347323,2026-01-08 19:04:15.847122
2026-01-08,24661,CGY,BOS,30004190,Yegor Sharangovich,shots_on_goal,rf_qrf_shots_on_goal,0.3.0,empirical_qrf,0.028188492063492065,0.0,0.0,,4935908734271347323,2026-01-08 19:04:15.847122
2026-01-08,24661,CGY,BOS,30004310,Brayden Pachal,shots_on_goal,rf_qrf_shots_on_goal,0.3.0,empirical_qrf,0.005335937742915465,0.0,0.0,,4935908734271347323,2026-01-08 19:04:15.847122
2026-01-08,24661,CGY,BOS,30004363,Martin Pospisil,shots_on_goal,rf_qrf_shots_on_goal,0.3.0,empirical_qrf,0.11362002112127921,0.0,0.21447876447876452,,4935908734271347323,2026-01-08 19:04:15.847122
2026-01-08,24661,CGY,BOS,30004493,John Beecher,shots_on_goal,rf_qrf_shots_on_goal,0.3.0,empirical_qrf,0.0,0.0,0.0,,4935908734271347323,2026-01-08 19:04:15.847122
2026-01-08,24661,CGY,BOS,30004665,Dustin Wolf,shots_on_goal,rf_qrf_shots_on_goal,0.3.0,empirical_qrf,0.015531352896886952,0.012522822275359365,0.018816241009627505,,4935908734271347323,2026-01-08 19:04:15.847122
2026-01-08,24661,CGY,BOS,30004791,Devin Cooley,shots_on_goal,rf_qrf_shots_on_goal,0.3.0,empirical_qrf,0.015531352896886952,0.012522822275359365,0.018816241009627505,,4935908734271347323,2026-01-08 19:04:15.847122
2026-01-08,24661,CGY,BOS,30004823,Connor Zary,shots_on_goal,rf_qrf_shots_on_goal,0.3.0,empirical_qrf,0.0,0.0,0.0,,4935908734271347323,2026-01-08 19:04:15.847122
2026-01-08,24661,CGY,BOS,30004855,Yan Kuznetsov,shots_on_goal,rf_qrf_shots_on_goal,0.3.0,empirical_qrf,0.08128301147544112,0.024539877300613498,0.14670588235294119,,4935908734271347323,2026-01-08 19:04:15.847122
2026-01-08,24661,CGY,BOS,30004869,Jeremie Poirier,shots_on_goal,rf_qrf_shots_on_goal,0.3.0,empirical_qrf,0.015531352896886952,0.012522822275359365,0.018816241009627505,,4935908734271347323,2026-01-08 19:04:15.847122
2026-01-08,24661,CGY,BOS,30004925,Daniil Miromanov,shots_on_goal,rf_qrf_shots_on_goal,0.3.0,empirical_qrf,0.009526594133000029,0.0,0.018459020629656753,,4935908734271347323,2026-01-08 19:04:15.847122
2026-01-08,24661,CGY,BOS,30004993,Matt Coronato,shots_on_goal,rf_qrf_shots_on_goal,0.3.0,empirical_qrf,0.0,0.0,0.0,,4935908734271347323,2026-01-08 19:04:15.847122
2026-01-08,24661,CGY,BOS,30005038,William Stromgren,shots_on_goal,rf_qrf_shots_on_goal,0.3.0,empirical_qrf,0.015531352896886952,0.012522822275359365,0.018816241009627505,,4935908734271347323,2026-01-08 19:04:15.847122
2026-01-08,24661,CGY,BOS,30005139,Lucas Ciona,shots_on_goal,rf_qrf_shots_on_goal,0.3.0,empirical_qrf,0.015531352896886952,0.012522822275359365,0.018816241009627505,,4935908734271347323,2026-01-08 19:04:15.847122
2026-01-08,24661,CGY,BOS,30005142,Rory Kerins,shots_on_goal,rf_qrf_shots_on_goal,0.3.0,empirical_qrf,0.00513035113035113,0.0,0.0,,4935908734271347323,2026-01-08 19:04:15.847122
2026-01-08,24661,CGY,BOS,30005297,Nick Cicek,shots_on_goal,rf_qrf_shots_on_goal,0.3.0,empirical_qrf,0.1717271014132194,0.0989010989010989,0.25,,4935908734271347323,2026-01-08 19:04:15.847122
2026-01-08,24661,CGY,BOS,30005595,Adam Klapka,shots_on_goal,rf_qrf_shots_on_goal,0.3.0,empirical_qrf,0.21390154546462598,0.0,0.5,,4935908734271347323,2026-01-08 19:04:15.847122
2026-01-08,24661,CGY,BOS,30005729,Parker Bell,shots_on_goal,rf_qrf_shots_on_goal,0.3.0,empirical_qrf,0.015531352896886952,0.012522822275359365,0.018816241009627505,,4935908734271347323,2026-01-08 19:04:15.847122
2026-01-08,24661,CGY,BOS,30006084,Samuel Honzek,shots_on_goal,rf_qrf_shots_on_goal,0.3.0,empirical_qrf,0.05061109725075329,0.0,0.12,,4935908734271347323,2026-01-08 19:04:15.847122
2026-01-08,24661,CGY,BOS,30006111,Etienne Morin,shots_on_goal,rf_qrf_shots_on_goal,0.3.0,empirical_qrf,0.05817011745763724,0.0,0.12903225806451613,,4935908734271347323,2026-01-08 19:04:15.847122
2026-01-08,24661,CGY,BOS,30006136,Hunter Brzustewicz,shots_on_goal,rf_qrf_shots_on_goal,0.3.0,empirical_qrf,0.21390154546462598,0.0,0.5,,4935908734271347323,2026-01-08 19:04:15.847122
2026-01-08,24661,CGY,BOS,30006371,Matt Radomsky,shots_on_goal,rf_qrf_shots_on_goal,0.3.0,empirical_qrf,0.015531352896886952,0.012522822275359365,0.018816241009627505,,4935908734271347323,2026-01-08 19:04:15.847122
2026-01-08,24661,CGY,BOS,30006372,Connor Murphy,shots_on_goal,rf_qrf_shots_on_goal,0.3.0,empirical_qrf,0.015531352896886952,0.012522822275359365,0.018816241009627505,,4935908734271347323,2026-01-08 19:04:15.847122
2026-01-08,24661,BOS,CGY,30000245,Viktor Arvidsson,shots_on_goal,rf_qrf_shots_on_goal,0.3.0,empirical_qrf,0.07996749880411182,0.0,0.16,,4935908734271347323,2026-01-08 19:04:15.847122
2026-01-08,24661,BOS,CGY,30000393,Joonas Korpisalo,shots_on_goal,rf_qrf_shots_on_goal,0.3.0,empirical_qrf,0.015531352896886952,0.012522822275359365,0.018816241009627505,,4935908734271347323,2026-01-08 19:04:15.847122
2026-01-08,24661,BOS,CGY,30000607,David Pastrnak,shots_on_goal,rf_qrf_shots_on_goal,0.3.0,empirical_qrf,0.04836111111111111,0.0,0.0,,4935908734271347323,2026-01-08 19:04:15.847122
2026-01-08,24661,BOS,CGY,30000630,Patrick Brown,shots_on_goal,rf_qrf_shots_on_goal,0.3.0,empirical_qrf,0.013290404040404038,0.0,0.0,,4935908734271347323,2026-01-08 19:04:15.847122
2026-01-08,24661,BOS,CGY,30000636,Elias Lindholm,shots_on_goal,rf_qrf_shots_on_goal,0.3.0,empirical_qrf,0.1326984126984127,0.0,0.43571428571428733,,4935908734271347323,2026-01-08 19:04:15.847122
2026-01-08,24661,BOS,CGY,30000909,Nikita Zadorov,shots_on_goal,rf_qrf_shots_on_goal,0.3.0,empirical_qrf,0.026916666666666665,0.0,0.0,,4935908734271347323,2026-01-08 19:04:15.847122
2026-01-08,24661,BOS,CGY,30000995,Pavel Zacha,shots_on_goal,rf_qrf_shots_on_goal,0.3.0,empirical_qrf,0.0,0.0,0.0,,4935908734271347323,2026-01-08 19:04:15.847122
2026-01-08,24661,BOS,CGY,30001264,Hampus Lindholm,shots_on_goal,rf_qrf_shots_on_goal,0.3.0,empirical_qrf,0.07996749880411182,0.0,0.16,,4935908734271347323,2026-01-08 19:04:15.847122
2026-01-08,24661,BOS,CGY,30002853,Sean Kuraly,shots_on_goal,rf_qrf_shots_on_goal,0.3.0,empirical_qrf,0.0,0.0,0.0,,4935908734271347323,2026-01-08 19:04:15.847122
2026-01-08,24661,BOS,CGY,30003020,Kasimir Kaskisuo,shots_on_goal,rf_qrf_shots_on_goal,0.3.0,empirical_qrf,0.0042774622284297206,0.0,0.0,,4935908734271347323,2026-01-08 19:04:15.847122
2026-01-08,24661,BOS,CGY,30003147,Charlie McAvoy,shots_on_goal,rf_qrf_shots_on_goal,0.3.0,empirical_qrf,0.0,0.0,0.0,,4935908734271347323,2026-01-08 19:04:15.847122
2026-01-08,24661,BOS,CGY,30003151,Riley Tufte,shots_on_goal,rf_qrf_shots_on_goal,0.3.0,empirical_qrf,0.0,0.0,0.0,,4935908734271347323,2026-01-08 19:04:15.847122
2026-01-08,24661,BOS,CGY,30003185,Andrew Peeke,shots_on_goal,rf_qrf_shots_on_goal,0.3.0,empirical_qrf,0.07970482737662858,0.04016071428571429,0.12101112234580386,,4935908734271347323,2026-01-08 19:04:15.847122
2026-01-08,24661,BOS,CGY,30003401,Jeffrey Viel,shots_on_goal,rf_qrf_shots_on_goal,0.3.0,empirical_qrf,0.0001282051282051282,0.0,0.0,,4935908734271347323,2026-01-08 19:04:15.847122
2026-01-08,24661,BOS,CGY,30003442,Tanner Jeannot,shots_on_goal,rf_qrf_shots_on_goal,0.3.0,empirical_qrf,0.056089992542239904,0.01939880507841673,0.09760879961740795,,4935908734271347323,2026-01-08 19:04:15.847122
2026-01-08,24661,BOS,CGY,30003581,Shane Starrett,shots_on_goal,rf_qrf_shots_on_goal,0.3.0,empirical_qrf,0.029458420342103834,0.0,0.07407407407407407,,4935908734271347323,2026-01-08 19:04:15.847122
2026-01-08,24661,BOS,CGY,30003643,Casey Mittelstadt,shots_on_goal,rf_qrf_shots_on_goal,0.3.0,empirical_qrf,0.005649184149184149,0.0,0.0,,4935908734271347323,2026-01-08 19:04:15.847122
2026-01-08,24661,BOS,CGY,30003657,Henri Jokiharju,shots_on_goal,rf_qrf_shots_on_goal,0.3.0,empirical_qrf,0.09744764232728628,0.0,0.25,,4935908734271347323,2026-01-08 19:04:15.847122
2026-01-08,24661,BOS,CGY,30003704,Morgan Geekie,shots_on_goal,rf_qrf_shots_on_goal,0.3.0,empirical_qrf,0.1545277777777778,0.0,1.0,,4935908734271347323,2026-01-08 19:04:15.847122
2026-01-08,24661,BOS,CGY,30003890,Mikey Eyssimont,shots_on_goal,rf_qrf_shots_on_goal,0.3.0,empirical_qrf,0.48646560846560843,0.0,1.3333333333333333,,4935908734271347323,2026-01-08 19:04:15.847122
2026-01-08,24661,BOS,CGY,30003912,Mark Kastelic,shots_on_goal,rf_qrf_shots_on_goal,0.3.0,empirical_qrf,0.007509037092067805,0.0,0.01474929474929475,,4935908734271347323,2026-01-08 19:04:15.847122
2026-01-08,24661,BOS,CGY,30003991,Jeremy Swayman,shots_on_goal,rf_qrf_shots_on_goal,0.3.0,empirical_qrf,0.015531352896886952,0.012522822275359365,0.018816241009627505,,4935908734271347323,2026-01-08 19:04:15.847122
2026-01-08,24661,BOS,CGY,30004166,Jordan Harris,shots_on_goal,rf_qrf_shots_on_goal,0.3.0,empirical_qrf,0.032638202075702075,0.0,0.0,,4935908734271347323,2026-01-08 19:04:15.847122
2026-01-08,24661,BOS,CGY,30004281,Jonathan Aspirot,shots_on_goal,rf_qrf_shots_on_goal,0.3.0,empirical_qrf,0.07970482737662858,0.04016071428571429,0.12101112234580386,,4935908734271347323,2026-01-08 19:04:15.847122
2026-01-08,24661,BOS,CGY,30004477,Victor Soderstrom,shots_on_goal,rf_qrf_shots_on_goal,0.3.0,empirical_qrf,0.00814436026936027,0.0,0.0,,4935908734271347323,2026-01-08 19:04:15.847122
2026-01-08,24661,BOS,CGY,30004513,John Farinacci,shots_on_goal,rf_qrf_shots_on_goal,0.3.0,empirical_qrf,0.030322750393639096,0.0,0.0375000000000001,,4935908734271347323,2026-01-08 19:04:15.847122
2026-01-08,24661,BOS,CGY,30004546,Vladislav Kolyachonok,shots_on_goal,rf_qrf_shots_on_goal,0.3.0,empirical_qrf,0.0001282051282051282,0.0,0.0,,4935908734271347323,2026-01-08 19:04:15.847122
2026-01-08,24661,BOS,CGY,30004640,Francois Brassard,shots_on_goal,rf_qrf_shots_on_goal,0.3.0,empirical_qrf,0.1717271014132194,0.0989010989010989,0.25,,4935908734271347323,2026-01-08 19:04:15.847122
2026-01-08,24661,BOS,CGY,30004851,Marat Khusnutdinov,shots_on_goal,rf_qrf_shots_on_goal,0.3.0,empirical_qrf,0.18587146187146186,0.0,0.4444444444444444,,4935908734271347323,2026-01-08 19:04:15.847122
2026-01-08,24661,BOS,CGY,30004858,Mason Lohrei,shots_on_goal,rf_qrf_shots_on_goal,0.3.0,empirical_qrf,0.055732580709601895,0.0,0.13636363636363635,,4935908734271347323,2026-01-08 19:04:15.847122
2026-01-08,24661,BOS,CGY,30004929,Alex Steeves,shots_on_goal,rf_qrf_shots_on_goal,0.3.0,empirical_qrf,0.029458420342103834,0.0,0.07407407407407407,,4935908734271347323,2026-01-08 19:04:15.847122
2026-01-08,24661,BOS,CGY,30004998,Fabian Lysell,shots_on_goal,rf_qrf_shots_on_goal,0.3.0,empirical_qrf,0.05570064940936041,0.0,0.13701298701298714,,4935908734271347323,2026-01-08 19:04:15.847122
2026-01-08,24661,BOS,CGY,30005130,Brett Harrison,shots_on_goal,rf_qrf_shots_on_goal,0.3.0,empirical_qrf,0.43583664021164015,0.0,1.2535714285714294,,4935908734271347323,2026-01-08 19:04:15.847122
2026-01-08,24661,BOS,CGY,30005170,Maximus Wanner,shots_on_goal,rf_qrf_shots_on_goal,0.3.0,empirical_qrf,0.015531352896886952,0.012522822275359365,0.018816241009627505,,4935908734271347323,2026-01-08 19:04:15.847122
2026-01-08,24661,BOS,CGY,30005341,Shawn Element,shots_on_goal,rf_qrf_shots_on_goal,0.3.0,empirical_qrf,0.015531352896886952,0.012522822275359365,0.018816241009627505,,4935908734271347323,2026-01-08 19:04:15.847122
2026-01-08,24661,BOS,CGY,30005367,Michael Callahan,shots_on_goal,rf_qrf_shots_on_goal,0.3.0,empirical_qrf,0.00024523809523809524,0.0,0.0,,4935908734271347323,2026-01-08 19:04:15.847122
2026-01-08,24661,BOS,CGY,30005580,Georgi Merkulov,shots_on_goal,rf_qrf_shots_on_goal,0.3.0,empirical_qrf,0.0,0.0,0.0,,4935908734271347323,2026-01-08 19:04:15.847122
2026-01-08,24661,BOS,CGY,30005651,Matthew Poitras,shots_on_goal,rf_qrf_shots_on_goal,0.3.0,empirical_qrf,0.20048511862181312,0.0,0.4559659090909094,,4935908734271347323,2026-01-08 19:04:15.847122
2026-01-08,24661,BOS,CGY,30005658,Fraser Minten,shots_on_goal,rf_qrf_shots_on_goal,0.3.0,empirical_qrf,0.055732580709601895,0.0,0.13636363636363635,,4935908734271347323,2026-01-08 19:04:15.847122
2026-01-08,24661,BOS,CGY,30005749,Nolan Maier,shots_on_goal,rf_qrf_shots_on_goal,0.3.0,empirical_qrf,0.006740740740740741,0.0,0.0,,4935908734271347323,2026-01-08 19:04:15.847122
2026-01-08,24661,BOS,CGY,30005760,Joseph Abate,shots_on_goal,rf_qrf_shots_on_goal,0.3.0,empirical_qrf,0.07970482737662858,0.04016071428571429,0.12101112234580386,,4935908734271347323,2026-01-08 19:04:15.847122
2026-01-08,24661,BOS,CGY,30005797,Frederic Brunet,shots_on_goal,rf_qrf_shots_on_goal,0.3.0,empirical_qrf,0.08708646671965745,0.0,0.17519911504424782,,4935908734271347323,2026-01-08 19:04:15.847122
2026-01-08,24661,BOS,CGY,30005798,Jackson Edward,shots_on_goal,rf_qrf_shots_on_goal,0.3.0,empirical_qrf,0.2205739908096719,0.0,0.5,,4935908734271347323,2026-01-08 19:04:15.847122
2026-01-08,24661,BOS,CGY,30006392,Luke Cavallin,shots_on_goal,rf_qrf_shots_on_goal,0.3.0,empirical_qrf,0.015531352896886952,0.012522822275359365,0.018816241009627505,,4935908734271347323,2026-01-08 19:04:15.847122
2026-01-08,24662,EDM,WPG,30000180,Josh Brown,shots_on_goal,rf_qrf_shots_on_goal,0.3.0,empirical_qrf,0.009526594133000029,0.0,0.018459020629656753,,4935908734271347323,2026-01-08 19:04:15.847122
2026-01-08,24662,EDM,WPG,30000250,Mattias Ekholm,shots_on_goal,rf_qrf_shots_on_goal,0.3.0,empirical_qrf,0.2617552308802309,0.0,0.6,,4935908734271347323,2026-01-08 19:04:15.847122
2026-01-08,24662,EDM,WPG,30000392,Tristan Jarry,shots_on_goal,rf_qrf_shots_on_goal,0.3.0,empirical_qrf,0.015531352896886952,0.012522822275359365,0.018816241009627505,,4935908734271347323,2026-01-08 19:04:15.847122
2026-01-08,24662,EDM,WPG,30000440,Zach Hyman,shots_on_goal,rf_qrf_shots_on_goal,0.3.0,empirical_qrf,0.015531352896886952,0.012522822275359365,0.018816241009627505,,4935908734271347323,2026-01-08 19:04:15.847122
2026-01-08,24662,EDM,WPG,30000443,Kasperi Kapanen,shots_on_goal,rf_qrf_shots_on_goal,0.3.0,empirical_qrf,0.039269590918197726,0.0,0.008333333333335228,,4935908734271347323,2026-01-08 19:04:15.847122
2026-01-08,24662,EDM,WPG,30000540,Ryan Nugent-Hopkins,shots_on_goal,rf_qrf_shots_on_goal,0.3.0,empirical_qrf,0.0,0.0,0.0,,4935908734271347323,2026-01-08 19:04:15.847122
2026-01-08,24662,EDM,WPG,30000549,Darnell Nurse,shots_on_goal,rf_qrf_shots_on_goal,0.3.0,empirical_qrf,0.005944444444444443,0.0,0.0,,4935908734271347323,2026-01-08 19:04:15.847122
2026-01-08,24662,EDM,WPG,30000752,Mattias Janmark,shots_on_goal,rf_qrf_shots_on_goal,0.3.0,empirical_qrf,0.009526594133000029,0.0,0.018459020629656753,,4935908734271347323,2026-01-08 19:04:15.847122
2026-01-08,24662,EDM,WPG,30000965,Curtis Lazar,shots_on_goal,rf_qrf_shots_on_goal,0.3.0,empirical_qrf,0.009526594133000029,0.0,0.018459020629656753,,4935908734271347323,2026-01-08 19:04:15.847122
2026-01-08,24662,EDM,WPG,30000987,Adam Henrique,shots_on_goal,rf_qrf_shots_on_goal,0.3.0,empirical_qrf,0.005335937742915465,0.0,0.0,,4935908734271347323,2026-01-08 19:04:15.847122
2026-01-08,24662,EDM,WPG,30001076,Leon Draisaitl,shots_on_goal,rf_qrf_shots_on_goal,0.3.0,empirical_qrf,0.017136904761904763,0.0,0.0,,4935908734271347323,2026-01-08 19:04:15.847122
2026-01-08,24662,EDM,WPG,30001233,Connor McDavid,shots_on_goal,rf_qrf_shots_on_goal,0.3.0,empirical_qrf,0.005430555555555555,0.0,0.0,,4935908734271347323,2026-01-08 19:04:15.847122
2026-01-08,24662,EDM,WPG,30001304,Calvin Pickard,shots_on_goal,rf_qrf_shots_on_goal,0.3.0,empirical_qrf,0.015531352896886952,0.012522822275359365,0.018816241009627505,,4935908734271347323,2026-01-08 19:04:15.847122
2026-01-08,24662,EDM,WPG,30001368,Seth Griffith,shots_on_goal,rf_qrf_shots_on_goal,0.3.0,empirical_qrf,0.015531352896886952,0.012522822275359365,0.018816241009627505,,4935908734271347323,2026-01-08 19:04:15.847122
2026-01-08,24662,EDM,WPG,30002218,Andrew Mangiapane,shots_on_goal,rf_qrf_shots_on_goal,0.3.0,empirical_qrf,0.0,0.0,0.0,,4935908734271347323,2026-01-08 19:04:15.847122
2026-01-08,24662,EDM,WPG,30002623,Jake Walman,shots_on_goal,rf_qrf_shots_on_goal,0.3.0,empirical_qrf,0.18486568986568985,0.0,0.4444444444444444,,4935908734271347323,2026-01-08 19:04:15.847122
2026-01-08,24662,EDM,WPG,30002787,Connor Ingram,shots_on_goal,rf_qrf_shots_on_goal,0.3.0,empirical_qrf,0.015531352896886952,0.012522822275359365,0.018816241009627505,,4935908734271347323,2026-01-08 19:04:15.847122
2026-01-08,24662,EDM,WPG,30002824,Jack Roslovic,shots_on_goal,rf_qrf_shots_on_goal,0.3.0,empirical_qrf,0.07970482737662858,0.04016071428571429,0.12101112234580386,,4935908734271347323,2026-01-08 19:04:15.847122
2026-01-08,24662,EDM,WPG,30003142,Max Jones,shots_on_goal,rf_qrf_shots_on_goal,0.3.0,empirical_qrf,0.009526594133000029,0.0,0.018459020629656753,,4935908734271347323,2026-01-08 19:04:15.847122
2026-01-08,24662,EDM,WPG,30003157,Trent Frederic,shots_on_goal,rf_qrf_shots_on_goal,0.3.0,empirical_qrf,0.0001282051282051282,0.0,0.0,,4935908734271347323,2026-01-08 19:04:15.847122
2026-01-08,24662,EDM,WPG,30003211,Rem Pitlick,shots_on_goal,rf_qrf_shots_on_goal,0.3.0,empirical_qrf,0.015531352896886952,0.012522822275359365,0.018816241009627505,,4935908734271347323,2026-01-08 19:04:15.847122
2026-01-08,24662,EDM,WPG,30003345,Riley Stillman,shots_on_goal,rf_qrf_shots_on_goal,0.3.0,empirical_qrf,0.0,0.0,0.0,,4935908734271347323,2026-01-08 19:04:15.847122
2026-01-08,24662,EDM,WPG,30003770,Matt Tomkins,shots_on_goal,rf_qrf_shots_on_goal,0.3.0,empirical_qrf,0.015531352896886952,0.012522822275359365,0.018816241009627505,,4935908734271347323,2026-01-08 19:04:15.847122
2026-01-08,24662,EDM,WPG,30004081,Evan Bouchard,shots_on_goal,rf_qrf_shots_on_goal,0.3.0,empirical_qrf,0.0039047619047619044,0.0,0.0,,4935908734271347323,2026-01-08 19:04:15.847122
2026-01-08,24662,EDM,WPG,30004156,Alec Regula,shots_on_goal,rf_qrf_shots_on_goal,0.3.0,empirical_qrf,0.07970482737662858,0.04016071428571429,0.12101112234580386,,4935908734271347323,2026-01-08 19:04:15.847122
2026-01-08,24662,EDM,WPG,30004165,Ty Emberson,shots_on_goal,rf_qrf_shots_on_goal,0.3.0,empirical_qrf,0.0,0.0,0.0,,4935908734271347323,2026-01-08 19:04:15.847122
2026-01-08,24662,EDM,WPG,30004370,Spencer Stastney,shots_on_goal,rf_qrf_shots_on_goal,0.3.0,empirical_qrf,0.015205243761395124,0.0056657223796034,0.02588172526114793,,4935908734271347323,2026-01-08 19:04:15.847122
2026-01-08,24662,EDM,WPG,30004476,Vasily Podkolzin,shots_on_goal,rf_qrf_shots_on_goal,0.3.0,empirical_qrf,0.03996326358826359,0.0,0.0,,4935908734271347323,2026-01-08 19:04:15.847122
2026-01-08,24662,EDM,WPG,30004490,Sam Poulin,shots_on_goal,rf_qrf_shots_on_goal,0.3.0,empirical_qrf,0.08128301147544112,0.024539877300613498,0.14670588235294119,,4935908734271347323,2026-01-08 19:04:15.847122
2026-01-08,24662,EDM,WPG,30004625,Mason Millman,shots_on_goal,rf_qrf_shots_on_goal,0.3.0,empirical_qrf,0.2592588392044442,0.09346590909090911,0.4666666666666667,,4935908734271347323,2026-01-08 19:04:15.847122
2026-01-08,24662,EDM,WPG,30004871,Luke Prokop,shots_on_goal,rf_qrf_shots_on_goal,0.3.0,empirical_qrf,0.07970482737662858,0.04016071428571429,0.12101112234580386,,4935908734271347323,2026-01-08 19:04:15.847122
2026-01-08,24662,EDM,WPG,30005174,Matvey Petrov,shots_on_goal,rf_qrf_shots_on_goal,0.3.0,empirical_qrf,0.015531352896886952,0.012522822275359365,0.018816241009627505,,4935908734271347323,2026-01-08 19:04:15.847122
2026-01-08,24662,EDM,WPG,30005177,James Hamblin,shots_on_goal,rf_qrf_shots_on_goal,0.3.0,empirical_qrf,0.009526594133000029,0.0,0.018459020629656753,,4935908734271347323,2026-01-08 19:04:15.847122
2026-01-08,24662,EDM,WPG,30005185,Jayden Grubbe,shots_on_goal,rf_qrf_shots_on_goal,0.3.0,empirical_qrf,0.07970482737662858,0.04016071428571429,0.12101112234580386,,4935908734271347323,2026-01-08 19:04:15.847122
2026-01-08,24662,EDM,WPG,30005633,Matt Savoie,shots_on_goal,rf_qrf_shots_on_goal,0.3.0,empirical_qrf,0.0,0.0,0.0,,4935908734271347323,2026-01-08 19:04:15.847122
2026-01-08,24662,EDM,WPG,30005731,Mats Lindgren,shots_on_goal,rf_qrf_shots_on_goal,0.3.0,empirical_qrf,0.015531352896886952,0.012522822275359365,0.018816241009627505,,4935908734271347323,2026-01-08 19:04:15.847122
2026-01-08,24662,EDM,WPG,30005931,Brady Stonehouse,shots_on_goal,rf_qrf_shots_on_goal,0.3.0,empirical_qrf,0.015531352896886952,0.012522822275359365,0.018816241009627505,,4935908734271347323,2026-01-08 19:04:15.847122
2026-01-08,24662,EDM,WPG,30006112,Beau Akey,shots_on_goal,rf_qrf_shots_on_goal,0.3.0,empirical_qrf,0.005989716646633938,0.0,0.013333333333333334,,4935908734271347323,2026-01-08 19:04:15.847122
2026-01-08,24662,EDM,WPG,30006225,Nathaniel Day,shots_on_goal,rf_qrf_shots_on_goal,0.3.0,empirical_qrf,0.015531352896886952,0.012522822275359365,0.018816241009627505,,4935908734271347323,2026-01-08 19:04:15.847122
2026-01-08,24662,EDM,WPG,30006327,Matt Brown,shots_on_goal,rf_qrf_shots_on_goal,0.3.0,empirical_qrf,0.015531352896886952,0.012522822275359365,0.018816241009627505,,4935908734271347323,2026-01-08 19:04:15.847122
2026-01-08,24662,EDM,WPG,30006393,Connor Clattenburg,shots_on_goal,rf_qrf_shots_on_goal,0.3.0,empirical_qrf,0.0,0.0,0.0,,4935908734271347323,2026-01-08 19:04:15.847122
2026-01-08,24662,WPG,EDM,30000060,Luke Schenn,shots_on_goal,rf_qrf_shots_on_goal,0.3.0,empirical_qrf,0.07996749880411182,0.0,0.16,,4935908734271347323,2026-01-08 19:04:15.847122
2026-01-08,24662,WPG,EDM,30000153,Tanner Pearson,shots_on_goal,rf_qrf_shots_on_goal,0.3.0,empirical_qrf,0.07996749880411182,0.0,0.16,,4935908734271347323,2026-01-08 19:04:15.847122
2026-01-08,24662,WPG,EDM,30000212,Colin Miller,shots_on_goal,rf_qrf_shots_on_goal,0.3.0,empirical_qrf,0.08456015314641606,0.0,0.1670731707317074,,4935908734271347323,2026-01-08 19:04:15.847122
2026-01-08,24662,WPG,EDM,30000371,Haydn Fleury,shots_on_goal,rf_qrf_shots_on_goal,0.3.0,empirical_qrf,0.0,0.0,0.0,,4935908734271347323,2026-01-08 19:04:15.847122
2026-01-08,24662,WPG,EDM,30000522,Nino Niederreiter,shots_on_goal,rf_qrf_shots_on_goal,0.3.0,empirical_qrf,0.0,0.0,0.0,,4935908734271347323,2026-01-08 19:04:15.847122
2026-01-08,24662,WPG,EDM,30000801,Connor Hellebuyck,shots_on_goal,rf_qrf_shots_on_goal,0.3.0,empirical_qrf,0.015531352896886952,0.012522822275359365,0.018816241009627505,,4935908734271347323,2026-01-08 19:04:15.847122
2026-01-08,24662,WPG,EDM,30000826,Josh Morrissey,shots_on_goal,rf_qrf_shots_on_goal,0.3.0,empirical_qrf,0.0,0.0,0.0,,4935908734271347323,2026-01-08 19:04:15.847122
2026-01-08,24662,WPG,EDM,30000830,Mark Scheifele,shots_on_goal,rf_qrf_shots_on_goal,0.3.0,empirical_qrf,0.18587146187146186,0.0,0.4444444444444444,,4935908734271347323,2026-01-08 19:04:15.847122
2026-01-08,24662,WPG,EDM,30000872,Jonathan Toews,shots_on_goal,rf_qrf_shots_on_goal,0.3.0,empirical_qrf,0.11906119157699963,0.058823529411764705,0.18181818181818182,,4935908734271347323,2026-01-08 19:04:15.847122
2026-01-08,24662,WPG,EDM,30001036,Gustav Nyquist,shots_on_goal,rf_qrf_shots_on_goal,0.3.0,empirical_qrf,0.028188492063492065,0.0,0.0,,4935908734271347323,2026-01-08 19:04:15.847122
2026-01-08,24662,WPG,EDM,30001050,Vladislav Namestnikov,shots_on_goal,rf_qrf_shots_on_goal,0.3.0,empirical_qrf,0.12138585529394352,0.0,0.2857142857142857,,4935908734271347323,2026-01-08 19:04:15.847122
2026-01-08,24662,WPG,EDM,30001061,Eric Comrie,shots_on_goal,rf_qrf_shots_on_goal,0.3.0,empirical_qrf,0.015531352896886952,0.012522822275359365,0.018816241009627505,,4935908734271347323,2026-01-08 19:04:15.847122
2026-01-08,24662,WPG,EDM,30001070,Adam Lowry,shots_on_goal,rf_qrf_shots_on_goal,0.3.0,empirical_qrf,0.0,0.0,0.0,,4935908734271347323,2026-01-08 19:04:15.847122
2026-01-08,24662,WPG,EDM,30001224,Dylan DeMelo,shots_on_goal,rf_qrf_shots_on_goal,0.3.0,empirical_qrf,0.0,0.0,0.0,,4935908734271347323,2026-01-08 19:04:15.847122
2026-01-08,24662,WPG,EDM,30002772,Kyle Connor,shots_on_goal,rf_qrf_shots_on_goal,0.3.0,empirical_qrf,0.13919047619047617,0.0,0.14857142857142985,,4935908734271347323,2026-01-08 19:04:15.847122
2026-01-08,24662,WPG,EDM,30003148,Logan Stanley,shots_on_goal,rf_qrf_shots_on_goal,0.3.0,empirical_qrf,0.0,0.0,0.0,,4935908734271347323,2026-01-08 19:04:15.847122
2026-01-08,24662,WPG,EDM,30003172,Kale Clague,shots_on_goal,rf_qrf_shots_on_goal,0.3.0,empirical_qrf,0.11362002112127921,0.0,0.21447876447876452,,4935908734271347323,2026-01-08 19:04:15.847122
2026-01-08,24662,WPG,EDM,30003588,Alex Iafallo,shots_on_goal,rf_qrf_shots_on_goal,0.3.0,empirical_qrf,0.0033888888888888888,0.0,0.0,,4935908734271347323,2026-01-08 19:04:15.847122
2026-01-08,24662,WPG,EDM,30003603,Neal Pionk,shots_on_goal,rf_qrf_shots_on_goal,0.3.0,empirical_qrf,0.29898412698412696,0.0,1.5,,4935908734271347323,2026-01-08 19:04:15.847122
2026-01-08,24662,WPG,EDM,30003664,Gabriel Vilardi,shots_on_goal,rf_qrf_shots_on_goal,0.3.0,empirical_qrf,0.055732580709601895,0.0,0.13636363636363635,,4935908734271347323,2026-01-08 19:04:15.847122
2026-01-08,24662,WPG,EDM,30003691,Dylan Samberg,shots_on_goal,rf_qrf_shots_on_goal,0.3.0,empirical_qrf,0.0,0.0,0.0,,4935908734271347323,2026-01-08 19:04:15.847122
2026-01-08,24662,WPG,EDM,30003692,Jaret Anderson-Dolan,shots_on_goal,rf_qrf_shots_on_goal,0.3.0,empirical_qrf,0.056089992542239904,0.01939880507841673,0.09760879961740795,,4935908734271347323,2026-01-08 19:04:15.847122
2026-01-08,24662,WPG,EDM,30004110,David Gustafsson,shots_on_goal,rf_qrf_shots_on_goal,0.3.0,empirical_qrf,0.015205243761395124,0.0056657223796034,0.02588172526114793,,4935908734271347323,2026-01-08 19:04:15.847122
2026-01-08,24662,WPG,EDM,30004389,Morgan Barron,shots_on_goal,rf_qrf_shots_on_goal,0.3.0,empirical_qrf,0.06451465950271978,0.0,0.15384615384615385,,4935908734271347323,2026-01-08 19:04:15.847122
2026-01-08,24662,WPG,EDM,30004496,Ville Heinola,shots_on_goal,rf_qrf_shots_on_goal,0.3.0,empirical_qrf,0.08708646671965745,0.0,0.17519911504424782,,4935908734271347323,2026-01-08 19:04:15.847122
2026-01-08,24662,WPG,EDM,30004534,Samuel Fagemo,shots_on_goal,rf_qrf_shots_on_goal,0.3.0,empirical_qrf,0.0,0.0,0.0,,4935908734271347323,2026-01-08 19:04:15.847122
2026-01-08,24662,WPG,EDM,30004813,Cole Perfetti,shots_on_goal,rf_qrf_shots_on_goal,0.3.0,empirical_qrf,0.05061109725075329,0.0,0.12,,4935908734271347323,2026-01-08 19:04:15.847122
2026-01-08,24662,WPG,EDM,30004943,Walker Duehr,shots_on_goal,rf_qrf_shots_on_goal,0.3.0,empirical_qrf,0.0,0.0,0.0,,4935908734271347323,2026-01-08 19:04:15.847122
2026-01-08,24662,WPG,EDM,30004945,Cole Koepke,shots_on_goal,rf_qrf_shots_on_goal,0.3.0,empirical_qrf,0.05570064940936041,0.0,0.13701298701298714,,4935908734271347323,2026-01-08 19:04:15.847122
2026-01-08,24662,WPG,EDM,30005036,Nikita Chibrikov,shots_on_goal,rf_qrf_shots_on_goal,0.3.0,empirical_qrf,0.06451465950271978,0.0,0.15384615384615385,,4935908734271347323,2026-01-08 19:04:15.847122
2026-01-08,24662,WPG,EDM,30005343,Jaydon Dureau,shots_on_goal,rf_qrf_shots_on_goal,0.3.0,empirical_qrf,0.12059589947089946,0.0,0.011111111111113637,,4935908734271347323,2026-01-08 19:04:15.847122
2026-01-08,24662,WPG,EDM,30005647,Brad Lambert,shots_on_goal,rf_qrf_shots_on_goal,0.3.0,empirical_qrf,0.2315928728252897,0.0,0.5,,4935908734271347323,2026-01-08 19:04:15.847122
2026-01-08,24662,WPG,EDM,30005668,Elias Salomonsson,shots_on_goal,rf_qrf_shots_on_goal,0.3.0,empirical_qrf,0.0,0.0,0.0,,4935908734271347323,2026-01-08 19:04:15.847122
2026-01-08,24662,WPG,EDM,30005684,Danil Zhilkin,shots_on_goal,rf_qrf_shots_on_goal,0.3.0,empirical_qrf,0.0036630591630591627,0.0,0.0,,4935908734271347323,2026-01-08 19:04:15.847122
2026-01-08,24662,WPG,EDM,30005716,Fabian Wagner,shots_on_goal,rf_qrf_shots_on_goal,0.3.0,empirical_qrf,0.015531352896886952,0.012522822275359365,0.018816241009627505,,4935908734271347323,2026-01-08 19:04:15.847122
2026-01-08,24662,WPG,EDM,30005843,Thomas Milic,shots_on_goal,rf_qrf_shots_on_goal,0.3.0,empirical_qrf,0.015531352896886952,0.012522822275359365,0.018816241009627505,,4935908734271347323,2026-01-08 19:04:15.847122
2026-01-08,24662,WPG,EDM,30005851,Dominic DiVincentiis,shots_on_goal,rf_qrf_shots_on_goal,0.3.0,empirical_qrf,0.015531352896886952,0.012522822275359365,0.018816241009627505,,4935908734271347323,2026-01-08 19:04:15.847122
2026-01-08,24662,WPG,EDM,30006030,Parker Ford,shots_on_goal,rf_qrf_shots_on_goal,0.3.0,empirical_qrf,0.015476855890210684,0.0,0.05263157894736842,,4935908734271347323,2026-01-08 19:04:15.847122
2026-01-08,24662,WPG,EDM,30006076,Brayden Yager,shots_on_goal,rf_qrf_shots_on_goal,0.3.0,empirical_qrf,0.11362002112127921,0.0,0.21447876447876452,,4935908734271347323,2026-01-08 19:04:15.847122
2026-01-08,24662,WPG,EDM,30006082,Colby Barlow,shots_on_goal,rf_qrf_shots_on_goal,0.3.0,empirical_qrf,0.0008399470899470899,0.0,0.0,,4935908734271347323,2026-01-08 19:04:15.847122
2026-01-08,24662,WPG,EDM,30006260,Jacob Julien,shots_on_goal,rf_qrf_shots_on_goal,0.3.0,empirical_qrf,0.015531352896886952,0.012522822275359365,0.018816241009627505,,4935908734271347323,2026-01-08 19:04:15.847122
2026-01-08,24662,WPG,EDM,30006309,Ethan Frisch,shots_on_goal,rf_qrf_shots_on_goal,0.3.0,empirical_qrf,0.11906119157699963,0.058823529411764705,0.18181818181818182,,4935908734271347323,2026-01-08 19:04:15.847122
2026-01-08,24663,NYI,NAS,30000204,Kyle Palmieri,shots_on_goal,rf_qrf_shots_on_goal,0.3.0,empirical_qrf,0.0075,0.0,0.0,,4935908734271347323,2026-01-08 19:04:15.847122
2026-01-08,24663,NYI,NAS,30000276,Anders Lee,shots_on_goal,rf_qrf_shots_on_goal,0.3.0,empirical_qrf,0.0022222222222222222,0.0,0.0,,4935908734271347323,2026-01-08 19:04:15.847122
2026-01-08,24663,NYI,NAS,30000290,Adam Pelech,shots_on_goal,rf_qrf_shots_on_goal,0.3.0,empirical_qrf,0.0,0.0,0.0,,4935908734271347323,2026-01-08 19:04:15.847122
2026-01-08,24663,NYI,NAS,30000292,Mathew Barzal,shots_on_goal,rf_qrf_shots_on_goal,0.3.0,empirical_qrf,0.051329365079365086,0.0,0.0,,4935908734271347323,2026-01-08 19:04:15.847122
2026-01-08,24663,NYI,NAS,30000571,Anthony Duclair,shots_on_goal,rf_qrf_shots_on_goal,0.3.0,empirical_qrf,0.005958333333333334,0.0,0.0,,4935908734271347323,2026-01-08 19:04:15.847122
2026-01-08,24663,NYI,NAS,30000644,Chris Terry,shots_on_goal,rf_qrf_shots_on_goal,0.3.0,empirical_qrf,0.005698412698412698,0.0,0.0,,4935908734271347323,2026-01-08 19:04:15.847122
2026-01-08,24663,NYI,NAS,30000733,Tony DeAngelo,shots_on_goal,rf_qrf_shots_on_goal,0.3.0,empirical_qrf,0.002666666666666667,0.0,0.0,,4935908734271347323,2026-01-08 19:04:15.847122
2026-01-08,24663,NYI,NAS,30000734,Jonathan Drouin,shots_on_goal,rf_qrf_shots_on_goal,0.3.0,empirical_qrf,0.0022933039774484013,0.0,0.0,,4935908734271347323,2026-01-08 19:04:15.847122
2026-01-08,24663,NYI,NAS,30000875,Semyon Varlamov,shots_on_goal,rf_qrf_shots_on_goal,0.3.0,empirical_qrf,0.015531352896886952,0.012522822275359365,0.018816241009627505,,4935908734271347323,2026-01-08 19:04:15.847122
2026-01-08,24663,NYI,NAS,30000966,Jean-Gabriel Pageau,shots_on_goal,rf_qrf_shots_on_goal,0.3.0,empirical_qrf,0.0001282051282051282,0.0,0.0,,4935908734271347323,2026-01-08 19:04:15.847122
2026-01-08,24663,NYI,NAS,30000986,Seth Helgeson,shots_on_goal,rf_qrf_shots_on_goal,0.3.0,empirical_qrf,0.04573698940138687,0.0,0.09090909090909091,,4935908734271347323,2026-01-08 19:04:15.847122
2026-01-08,24663,NYI,NAS,30000999,Scott Mayfield,shots_on_goal,rf_qrf_shots_on_goal,0.3.0,empirical_qrf,0.05061109725075329,0.0,0.12,,4935908734271347323,2026-01-08 19:04:15.847122
2026-01-08,24663,NYI,NAS,30001003,Ryan Pulock,shots_on_goal,rf_qrf_shots_on_goal,0.3.0,empirical_qrf,0.07996749880411182,0.0,0.16,,4935908734271347323,2026-01-08 19:04:15.847122
2026-01-08,24663,NYI,NAS,30001155,Casey Cizikas,shots_on_goal,rf_qrf_shots_on_goal,0.3.0,empirical_qrf,0.07996749880411182,0.0,0.16,,4935908734271347323,2026-01-08 19:04:15.847122
2026-01-08,24663,NYI,NAS,30001276,Bo Horvat,shots_on_goal,rf_qrf_shots_on_goal,0.3.0,empirical_qrf,0.009073838594250216,0.0,0.0,,4935908734271347323,2026-01-08 19:04:15.847122
2026-01-08,24663,NYI,NAS,30002533,Marcus Hogberg,shots_on_goal,rf_qrf_shots_on_goal,0.3.0,empirical_qrf,0.015531352896886952,0.012522822275359365,0.018816241009627505,,4935908734271347323,2026-01-08 19:04:15.847122
2026-01-08,24663,NYI,NAS,30002618,Ilya Sorokin,shots_on_goal,rf_qrf_shots_on_goal,0.3.0,empirical_qrf,0.015531352896886952,0.012522822275359365,0.018816241009627505,,4935908734271347323,2026-01-08 19:04:15.847122
2026-01-08,24663,NYI,NAS,30003126,David Rittich,shots_on_goal,rf_qrf_shots_on_goal,0.3.0,empirical_qrf,0.015531352896886952,0.012522822275359365,0.018816241009627505,,4935908734271347323,2026-01-08 19:04:15.847122
2026-01-08,24663,NYI,NAS,30003189,Sean Day,shots_on_goal,rf_qrf_shots_on_goal,0.3.0,empirical_qrf,0.08908243427109526,0.0,0.2,,4935908734271347323,2026-01-08 19:04:15.847122
2026-01-08,24663,NYI,NAS,30003541,Matthew Highmore,shots_on_goal,rf_qrf_shots_on_goal,0.3.0,empirical_qrf,0.007509037092067805,0.0,0.01474929474929475,,4935908734271347323,2026-01-08 19:04:15.847122
2026-01-08,24663,NYI,NAS,30004051,Pierre Engvall,shots_on_goal,rf_qrf_shots_on_goal,0.3.0,empirical_qrf,0.05117409495962128,0.0,0.0,,4935908734271347323,2026-01-08 19:04:15.847122
2026-01-08,24663,NYI,NAS,30004091,Adam Boqvist,shots_on_goal,rf_qrf_shots_on_goal,0.3.0,empirical_qrf,0.08708646671965745,0.0,0.17519911504424782,,4935908734271347323,2026-01-08 19:04:15.847122
2026-01-08,24663,NYI,NAS,30004176,Alexander Romanov,shots_on_goal,rf_qrf_shots_on_goal,0.3.0,empirical_qrf,0.0,0.0,0.0,,4935908734271347323,2026-01-08 19:04:15.847122
2026-01-08,24663,NYI,NAS,30004332,Kyle MacLean,shots_on_goal,rf_qrf_shots_on_goal,0.3.0,empirical_qrf,0.08128301147544112,0.024539877300613498,0.14670588235294119,,4935908734271347323,2026-01-08 19:04:15.847122
2026-01-08,24663,NYI,NAS,30004498,Simon Holmstrom,shots_on_goal,rf_qrf_shots_on_goal,0.3.0,empirical_qrf,0.09744764232728628,0.0,0.25,,4935908734271347323,2026-01-08 19:04:15.847122
2026-01-08,24663,NYI,NAS,30004525,Adam Beckman,shots_on_goal,rf_qrf_shots_on_goal,0.3.0,empirical_qrf,0.009526594133000029,0.0,0.018459020629656753,,4935908734271347323,2026-01-08 19:04:15.847122
2026-01-08,24663,NYI,NAS,30004845,Emil Heineman,shots_on_goal,rf_qrf_shots_on_goal,0.3.0,empirical_qrf,0.16117857142857142,0.0,0.75,,4935908734271347323,2026-01-08 19:04:15.847122
2026-01-08,24663,NYI,NAS,30005205,Tristan Lennox,shots_on_goal,rf_qrf_shots_on_goal,0.3.0,empirical_qrf,0.015531352896886952,0.012522822275359365,0.018816241009627505,,4935908734271347323,2026-01-08 19:04:15.847122
2026-01-08,24663,NYI,NAS,30005262,Henrik Tikkanen,shots_on_goal,rf_qrf_shots_on_goal,0.3.0,empirical_qrf,0.015531352896886952,0.012522822275359365,0.018816241009627505,,4935908734271347323,2026-01-08 19:04:15.847122
2026-01-08,24663,NYI,NAS,30005265,Eetu Liukas,shots_on_goal,rf_qrf_shots_on_goal,0.3.0,empirical_qrf,0.015531352896886952,0.012522822275359365,0.018816241009627505,,4935908734271347323,2026-01-08 19:04:15.847122
2026-01-08,24663,NYI,NAS,30005661,Calle Odelius,shots_on_goal,rf_qrf_shots_on_goal,0.3.0,empirical_qrf,0.16209659403448526,0.0,0.31621052631578955,,4935908734271347323,2026-01-08 19:04:15.847122
2026-01-08,24663,NYI,NAS,30005705,Isaiah George,shots_on_goal,rf_qrf_shots_on_goal,0.3.0,empirical_qrf,0.009526594133000029,0.0,0.018459020629656753,,4935908734271347323,2026-01-08 19:04:15.847122
2026-01-08,24663,NYI,NAS,30005828,Marc Gatcomb,shots_on_goal,rf_qrf_shots_on_goal,0.3.0,empirical_qrf,0.18648470872680803,0.0,0.3850427350427352,,4935908734271347323,2026-01-08 19:04:15.847122
2026-01-08,24663,NYI,NAS,30005856,Daylan Kuefler,shots_on_goal,rf_qrf_shots_on_goal,0.3.0,empirical_qrf,0.015531352896886952,0.012522822275359365,0.018816241009627505,,4935908734271347323,2026-01-08 19:04:15.847122
2026-01-08,24663,NYI,NAS,30005858,Matthew Maggio,shots_on_goal,rf_qrf_shots_on_goal,0.3.0,empirical_qrf,0.0,0.0,0.0,,4935908734271347323,2026-01-08 19:04:15.847122
2026-01-08,24663,NYI,NAS,30006038,Travis Mitchell,shots_on_goal,rf_qrf_shots_on_goal,0.3.0,empirical_qrf,0.015205243761395124,0.0056657223796034,0.02588172526114793,,4935908734271347323,2026-01-08 19:04:15.847122
2026-01-08,24663,NYI,NAS,30006078,Calum Ritchie,shots_on_goal,rf_qrf_shots_on_goal,0.3.0,empirical_qrf,0.00820238095238095,0.0,0.0,,4935908734271347323,2026-01-08 19:04:15.847122
2026-01-08,24663,NYI,NAS,30006247,Justin Gill,shots_on_goal,rf_qrf_shots_on_goal,0.3.0,empirical_qrf,0.015531352896886952,0.012522822275359365,0.018816241009627505,,4935908734271347323,2026-01-08 19:04:15.847122
2026-01-08,24663,NYI,NAS,30006400,Artem Kulakov,shots_on_goal,rf_qrf_shots_on_goal,0.3.0,empirical_qrf,0.015531352896886952,0.012522822275359365,0.018816241009627505,,4935908734271347323,2026-01-08 19:04:15.847122
2026-01-08,24663,NYI,NAS,30006402,Joseph Cipollone,shots_on_goal,rf_qrf_shots_on_goal,0.3.0,empirical_qrf,0.015531352896886952,0.012522822275359365,0.018816241009627505,,4935908734271347323,2026-01-08 19:04:15.847122
2026-01-08,24663,NYI,NAS,30006475,Maxim Tsyplakov,shots_on_goal,rf_qrf_shots_on_goal,0.3.0,empirical_qrf,0.09744764232728628,0.0,0.25,,4935908734271347323,2026-01-08 19:04:15.847122
2026-01-08,24663,NYI,NAS,30006857,Matthew Schaefer,shots_on_goal,rf_qrf_shots_on_goal,0.3.0,empirical_qrf,0.0,0.0,0.0,,4935908734271347323,2026-01-08 19:04:15.847122
2026-01-08,24663,NYI,NAS,30006925,Maxim Shabanov,shots_on_goal,rf_qrf_shots_on_goal,0.3.0,empirical_qrf,0.027217185592185587,0.0,0.0,,4935908734271347323,2026-01-08 19:04:15.847122
2026-01-08,24663,NAS,NYI,30000183,Filip Forsberg,shots_on_goal,rf_qrf_shots_on_goal,0.3.0,empirical_qrf,0.14894312169312168,0.0,0.6666666666666666,,4935908734271347323,2026-01-08 19:04:15.847122
2026-01-08,24663,NAS,NYI,30000184,Roman Josi,shots_on_goal,rf_qrf_shots_on_goal,0.3.0,empirical_qrf,0.0,0.0,0.0,,4935908734271347323,2026-01-08 19:04:15.847122
2026-01-08,24663,NAS,NYI,30000222,Juuse Saros,shots_on_goal,rf_qrf_shots_on_goal,0.3.0,empirical_qrf,0.015531352896886952,0.012522822275359365,0.018816241009627505,,4935908734271347323,2026-01-08 19:04:15.847122
2026-01-08,24663,NAS,NYI,30000324,Brady Skjei,shots_on_goal,rf_qrf_shots_on_goal,0.3.0,empirical_qrf,0.2315928728252897,0.0,0.5,,4935908734271347323,2026-01-08 19:04:15.847122
2026-01-08,24663,NAS,NYI,30000716,Daniel Carr,shots_on_goal,rf_qrf_shots_on_goal,0.3.0,empirical_qrf,0.03617182327476445,0.0,0.0,,4935908734271347323,2026-01-08 19:04:15.847122
2026-01-08,24663,NAS,NYI,30000720,Michael McCarron,shots_on_goal,rf_qrf_shots_on_goal,0.3.0,empirical_qrf,0.029458420342103834,0.0,0.07407407407407407,,4935908734271347323,2026-01-08 19:04:15.847122
2026-01-08,24663,NAS,NYI,30000743,Steven Stamkos,shots_on_goal,rf_qrf_shots_on_goal,0.3.0,empirical_qrf,0.0,0.0,0.0,,4935908734271347323,2026-01-08 19:04:15.847122
2026-01-08,24663,NAS,NYI,30000810,Erik Haula,shots_on_goal,rf_qrf_shots_on_goal,0.3.0,empirical_qrf,0.0,0.0,0.0,,4935908734271347323,2026-01-08 19:04:15.847122
2026-01-08,24663,NAS,NYI,30000979,Ryan O'Reilly,shots_on_goal,rf_qrf_shots_on_goal,0.3.0,empirical_qrf,0.005430555555555555,0.0,0.0,,4935908734271347323,2026-01-08 19:04:15.847122
2026-01-08,24663,NAS,NYI,30001048,Jonathan Marchessault,shots_on_goal,rf_qrf_shots_on_goal,0.3.0,empirical_qrf,0.21598809523809526,0.0,1.0,,4935908734271347323,2026-01-08 19:04:15.847122
2026-01-08,24663,NAS,NYI,30002591,Andreas Englund,shots_on_goal,rf_qrf_shots_on_goal,0.3.0,empirical_qrf,0.007509037092067805,0.0,0.01474929474929475,,4935908734271347323,2026-01-08 19:04:15.847122
2026-01-08,24663,NAS,NYI,30002859,Michael Bunting,shots_on_goal,rf_qrf_shots_on_goal,0.3.0,empirical_qrf,0.059654761904761905,0.0,0.0,,4935908734271347323,2026-01-08 19:04:15.847122
2026-01-08,24663,NAS,NYI,30003140,Tyson Jost,shots_on_goal,rf_qrf_shots_on_goal,0.3.0,empirical_qrf,0.07537445887445887,0.0,0.0,,4935908734271347323,2026-01-08 19:04:15.847122
2026-01-08,24663,NAS,NYI,30003206,Dylan Gambrell,shots_on_goal,rf_qrf_shots_on_goal,0.3.0,empirical_qrf,0.055732580709601895,0.0,0.13636363636363635,,4935908734271347323,2026-01-08 19:04:15.847122
2026-01-08,24663,NAS,NYI,30003700,Nicolas Hague,shots_on_goal,rf_qrf_shots_on_goal,0.3.0,empirical_qrf,0.09744764232728628,0.0,0.25,,4935908734271347323,2026-01-08 19:04:15.847122
2026-01-08,24663,NAS,NYI,30004161,Justus Annunen,shots_on_goal,rf_qrf_shots_on_goal,0.3.0,empirical_qrf,0.015531352896886952,0.012522822275359365,0.018816241009627505,,4935908734271347323,2026-01-08 19:04:15.847122
2026-01-08,24663,NAS,NYI,30004606,Nick Perbix,shots_on_goal,rf_qrf_shots_on_goal,0.3.0,empirical_qrf,0.07970482737662858,0.04016071428571429,0.12101112234580386,,4935908734271347323,2026-01-08 19:04:15.847122
2026-01-08,24663,NAS,NYI,30004716,Zack Hayes,shots_on_goal,rf_qrf_shots_on_goal,0.3.0,empirical_qrf,0.015531352896886952,0.012522822275359365,0.018816241009627505,,4935908734271347323,2026-01-08 19:04:15.847122
2026-01-08,24663,NAS,NYI,30004725,Ethan Haider,shots_on_goal,rf_qrf_shots_on_goal,0.3.0,empirical_qrf,0.015531352896886952,0.012522822275359365,0.018816241009627505,,4935908734271347323,2026-01-08 19:04:15.847122
2026-01-08,24663,NAS,NYI,30004748,Cole Smith,shots_on_goal,rf_qrf_shots_on_goal,0.3.0,empirical_qrf,0.0,0.0,0.0,,4935908734271347323,2026-01-08 19:04:15.847122
2026-01-08,24663,NAS,NYI,30004795,Justin Barron,shots_on_goal,rf_qrf_shots_on_goal,0.3.0,empirical_qrf,0.00024523809523809524,0.0,0.0,,4935908734271347323,2026-01-08 19:04:15.847122
2026-01-08,24663,NAS,NYI,30004822,Ozzy Wiesblatt,shots_on_goal,rf_qrf_shots_on_goal,0.3.0,empirical_qrf,0.00024523809523809524,0.0,0.0,,4935908734271347323,2026-01-08 19:04:15.847122
2026-01-08,24663,NAS,NYI,30004834,Luke Evangelista,shots_on_goal,rf_qrf_shots_on_goal,0.3.0,empirical_qrf,0.12281746031746031,0.0,0.0,,4935908734271347323,2026-01-08 19:04:15.847122
2026-01-08,24663,NAS,NYI,30004907,Ryder Rolston,shots_on_goal,rf_qrf_shots_on_goal,0.3.0,empirical_qrf,0.10954546744287243,0.0,0.2608695652173913,,4935908734271347323,2026-01-08 19:04:15.847122
2026-01-08,24663,NAS,NYI,30004944,Magnus Chrona,shots_on_goal,rf_qrf_shots_on_goal,0.3.0,empirical_qrf,0.015531352896886952,0.012522822275359365,0.018816241009627505,,4935908734271347323,2026-01-08 19:04:15.847122
2026-01-08,24663,NAS,NYI,30004991,Fedor Svechkov,shots_on_goal,rf_qrf_shots_on_goal,0.3.0,empirical_qrf,0.09744764232728628,0.0,0.25,,4935908734271347323,2026-01-08 19:04:15.847122
2026-01-08,24663,NAS,NYI,30005006,Zachary L'Heureux,shots_on_goal,rf_qrf_shots_on_goal,0.3.0,empirical_qrf,0.07996749880411182,0.0,0.16,,4935908734271347323,2026-01-08 19:04:15.847122
2026-01-08,24663,NAS,NYI,30005190,Jack Matier,shots_on_goal,rf_qrf_shots_on_goal,0.3.0,empirical_qrf,0.015531352896886952,0.012522822275359365,0.018816241009627505,,4935908734271347323,2026-01-08 19:04:15.847122
2026-01-08,24663,NAS,NYI,30005233,Adam Wilsby,shots_on_goal,rf_qrf_shots_on_goal,0.3.0,empirical_qrf,0.07015979903140959,0.0,0.16461187214611878,,4935908734271347323,2026-01-08 19:04:15.847122
2026-01-08,24663,NAS,NYI,30005578,Nick Blankenburg,shots_on_goal,rf_qrf_shots_on_goal,0.3.0,empirical_qrf,0.05061109725075329,0.0,0.12,,4935908734271347323,2026-01-08 19:04:15.847122
2026-01-08,24663,NAS,NYI,30005617,Joakim Kemell,shots_on_goal,rf_qrf_shots_on_goal,0.3.0,empirical_qrf,0.0,0.0,0.0,,4935908734271347323,2026-01-08 19:04:15.847122
2026-01-08,24663,NAS,NYI,30005648,Reid Schaefer,shots_on_goal,rf_qrf_shots_on_goal,0.3.0,empirical_qrf,0.020583333333333332,0.0,0.0,,4935908734271347323,2026-01-08 19:04:15.847122
2026-01-08,24663,NAS,NYI,30005835,Chad Nychuk,shots_on_goal,rf_qrf_shots_on_goal,0.3.0,empirical_qrf,0.015531352896886952,0.012522822275359365,0.018816241009627505,,4935908734271347323,2026-01-08 19:04:15.847122
2026-01-08,24663,NAS,NYI,30005933,Austin Roest,shots_on_goal,rf_qrf_shots_on_goal,0.3.0,empirical_qrf,0.015531352896886952,0.012522822275359365,0.018816241009627505,,4935908734271347323,2026-01-08 19:04:15.847122
2026-01-08,24663,NAS,NYI,30006080,Tanner Molendyk,shots_on_goal,rf_qrf_shots_on_goal,0.3.0,empirical_qrf,0.08128301147544112,0.024539877300613498,0.14670588235294119,,4935908734271347323,2026-01-08 19:04:15.847122
2026-01-08,24663,NAS,NYI,30006081,Matthew Wood,shots_on_goal,rf_qrf_shots_on_goal,0.3.0,empirical_qrf,0.1495238095238095,0.0,0.6666666666666666,,4935908734271347323,2026-01-08 19:04:15.847122
2026-01-08,24663,NAS,NYI,30006089,David Edstrom,shots_on_goal,rf_qrf_shots_on_goal,0.3.0,empirical_qrf,0.0036630591630591627,0.0,0.0,,4935908734271347323,2026-01-08 19:04:15.847122
2026-01-08,24663,NAS,NYI,30006095,Andrew Gibson,shots_on_goal,rf_qrf_shots_on_goal,0.3.0,empirical_qrf,0.05817011745763724,0.0,0.12903225806451613,,4935908734271347323,2026-01-08 19:04:15.847122
2026-01-08,24663,NAS,NYI,30006107,Kalan Lind,shots_on_goal,rf_qrf_shots_on_goal,0.3.0,empirical_qrf,0.015531352896886952,0.012522822275359365,0.018816241009627505,,4935908734271347323,2026-01-08 19:04:15.847122
2026-01-08,24663,NAS,NYI,30006185,Joey Willis,shots_on_goal,rf_qrf_shots_on_goal,0.3.0,empirical_qrf,0.015531352896886952,0.012522822275359365,0.018816241009627505,,4935908734271347323,2026-01-08 19:04:15.847122
2026-01-08,24664,OTT,COL,30000012,Lars Eller,shots_on_goal,rf_qrf_shots_on_goal,0.3.0,empirical_qrf,0.033650363114766164,0.0,0.07692307692307693,,4935908734271347323,2026-01-08 19:04:15.847122
2026-01-08,24664,OTT,COL,30000052,Claude Giroux,shots_on_goal,rf_qrf_shots_on_goal,0.3.0,empirical_qrf,0.0,0.0,0.0,,4935908734271347323,2026-01-08 19:04:15.847122
2026-01-08,24664,OTT,COL,30000263,Nick Cousins,shots_on_goal,rf_qrf_shots_on_goal,0.3.0,empirical_qrf,0.029458420342103834,0.0,0.07407407407407407,,4935908734271347323,2026-01-08 19:04:15.847122
2026-01-08,24664,OTT,COL,30000397,David Perron,shots_on_goal,rf_qrf_shots_on_goal,0.3.0,empirical_qrf,0.0983009213009213,0.0,0.33636363636363703,,4935908734271347323,2026-01-08 19:04:15.847122
2026-01-08,24664,OTT,COL,30000442,Scott Harrington,shots_on_goal,rf_qrf_shots_on_goal,0.3.0,empirical_qrf,0.015531352896886952,0.012522822275359365,0.018816241009627505,,4935908734271347323,2026-01-08 19:04:15.847122
2026-01-08,24664,OTT,COL,30000446,Thomas Chabot,shots_on_goal,rf_qrf_shots_on_goal,0.3.0,empirical_qrf,0.08178571428571428,0.0,0.3333333333333333,,4935908734271347323,2026-01-08 19:04:15.847122
2026-01-08,24664,OTT,COL,30000580,Malcolm Subban,shots_on_goal,rf_qrf_shots_on_goal,0.3.0,empirical_qrf,0.015531352896886952,0.012522822275359365,0.018816241009627505,,4935908734271347323,2026-01-08 19:04:15.847122
2026-01-08,24664,OTT,COL,30000845,Nick Jensen,shots_on_goal,rf_qrf_shots_on_goal,0.3.0,empirical_qrf,0.04573698940138687,0.0,0.09090909090909091,,4935908734271347323,2026-01-08 19:04:15.847122
2026-01-08,24664,OTT,COL,30000959,Kurtis MacDermid,shots_on_goal,rf_qrf_shots_on_goal,0.3.0,empirical_qrf,0.015531352896886952,0.012522822275359365,0.018816241009627505,,4935908734271347323,2026-01-08 19:04:15.847122
2026-01-08,24664,OTT,COL,30001374,Linus Ullmark,shots_on_goal,rf_qrf_shots_on_goal,0.3.0,empirical_qrf,0.015531352896886952,0.012522822275359365,0.018816241009627505,,4935908734271347323,2026-01-08 19:04:15.847122
2026-01-08,24664,OTT,COL,30002630,Michael Amadio,shots_on_goal,rf_qrf_shots_on_goal,0.3.0,empirical_qrf,0.05061109725075329,0.0,0.12,,4935908734271347323,2026-01-08 19:04:15.847122
2026-01-08,24664,OTT,COL,30002747,Hayden Hodgson,shots_on_goal,rf_qrf_shots_on_goal,0.3.0,empirical_qrf,0.08128301147544112,0.024539877300613498,0.14670588235294119,,4935908734271347323,2026-01-08 19:04:15.847122
2026-01-08,24664,OTT,COL,30002850,Dennis Gilbert,shots_on_goal,rf_qrf_shots_on_goal,0.3.0,empirical_qrf,0.005989716646633938,0.0,0.013333333333333334,,4935908734271347323,2026-01-08 19:04:15.847122
2026-01-08,24664,OTT,COL,30003215,Garrett Pilon,shots_on_goal,rf_qrf_shots_on_goal,0.3.0,empirical_qrf,0.015531352896886952,0.012522822275359365,0.018816241009627505,,4935908734271347323,2026-01-08 19:04:15.847122
2026-01-08,24664,OTT,COL,30003711,Fabian Zetterlund,shots_on_goal,rf_qrf_shots_on_goal,0.3.0,empirical_qrf,0.011349206349206348,0.0,0.0,,4935908734271347323,2026-01-08 19:04:15.847122
2026-01-08,24664,OTT,COL,30003732,Cameron Crotty,shots_on_goal,rf_qrf_shots_on_goal,0.3.0,empirical_qrf,0.015531352896886952,0.012522822275359365,0.018816241009627505,,4935908734271347323,2026-01-08 19:04:15.847122
2026-01-08,24664,OTT,COL,30003896,Drake Batherson,shots_on_goal,rf_qrf_shots_on_goal,0.3.0,empirical_qrf,0.21390154546462598,0.0,0.5,,4935908734271347323,2026-01-08 19:04:15.847122
2026-01-08,24664,OTT,COL,30004077,Brady Tkachuk,shots_on_goal,rf_qrf_shots_on_goal,0.3.0,empirical_qrf,0.007166666666666667,0.0,0.0,,4935908734271347323,2026-01-08 19:04:15.847122
2026-01-08,24664,OTT,COL,30004143,Jan Jenik,shots_on_goal,rf_qrf_shots_on_goal,0.3.0,empirical_qrf,0.015205243761395124,0.0056657223796034,0.02588172526114793,,4935908734271347323,2026-01-08 19:04:15.847122
2026-01-08,24664,OTT,COL,30004479,Dylan Cozens,shots_on_goal,rf_qrf_shots_on_goal,0.3.0,empirical_qrf,0.0,0.0,0.0,,4935908734271347323,2026-01-08 19:04:15.847122
2026-01-08,24664,OTT,COL,30004485,Lassi Thomson,shots_on_goal,rf_qrf_shots_on_goal,0.3.0,empirical_qrf,0.11899995289797924,0.0,0.2857142857142857,,4935908734271347323,2026-01-08 19:04:15.847122
2026-01-08,24664,OTT,COL,30004501,Arthur Kaliyev,shots_on_goal,rf_qrf_shots_on_goal,0.3.0,empirical_qrf,0.030026399797878998,0.0,0.125,,4935908734271347323,2026-01-08 19:04:15.847122
2026-01-08,24664,OTT,COL,30004514,Shane Pinto,shots_on_goal,rf_qrf_shots_on_goal,0.3.0,empirical_qrf,0.08349603174603175,0.0,0.0,,4935908734271347323,2026-01-08 19:04:15.847122
2026-01-08,24664,OTT,COL,30004521,Mads Sogaard,shots_on_goal,rf_qrf_shots_on_goal,0.3.0,empirical_qrf,0.015531352896886952,0.012522822275359365,0.018816241009627505,,4935908734271347323,2026-01-08 19:04:15.847122
2026-01-08,24664,OTT,COL,30004553,Jordan Spence,shots_on_goal,rf_qrf_shots_on_goal,0.3.0,empirical_qrf,0.033650363114766164,0.0,0.07692307692307693,,4935908734271347323,2026-01-08 19:04:15.847122
2026-01-08,24664,OTT,COL,30004596,Keean Washkurak,shots_on_goal,rf_qrf_shots_on_goal,0.3.0,empirical_qrf,0.028524981398522005,0.0,0.06270161290322586,,4935908734271347323,2026-01-08 19:04:15.847122
2026-01-08,24664,OTT,COL,30004773,Artem Zub,shots_on_goal,rf_qrf_shots_on_goal,0.3.0,empirical_qrf,0.08708646671965745,0.0,0.17519911504424782,,4935908734271347323,2026-01-08 19:04:15.847122
2026-01-08,24664,OTT,COL,30004802,Ridly Greig,shots_on_goal,rf_qrf_shots_on_goal,0.3.0,empirical_qrf,0.0,0.0,0.0,,4935908734271347323,2026-01-08 19:04:15.847122
2026-01-08,24664,OTT,COL,30004819,Jake Sanderson,shots_on_goal,rf_qrf_shots_on_goal,0.3.0,empirical_qrf,0.0,0.0,0.0,,4935908734271347323,2026-01-08 19:04:15.847122
2026-01-08,24664,OTT,COL,30004821,Tim Stützle,shots_on_goal,rf_qrf_shots_on_goal,0.3.0,empirical_qrf,0.20821428571428574,0.0,1.0,,4935908734271347323,2026-01-08 19:04:15.847122
2026-01-08,24664,OTT,COL,30004852,Tyler Kleven,shots_on_goal,rf_qrf_shots_on_goal,0.3.0,empirical_qrf,0.0,0.0,0.0,,4935908734271347323,2026-01-08 19:04:15.847122
2026-01-08,24664,OTT,COL,30004860,Leevi Merilainen,shots_on_goal,rf_qrf_shots_on_goal,0.3.0,empirical_qrf,0.015531352896886952,0.012522822275359365,0.018816241009627505,,4935908734271347323,2026-01-08 19:04:15.847122
2026-01-08,24664,OTT,COL,30004908,Carter Savoie,shots_on_goal,rf_qrf_shots_on_goal,0.3.0,empirical_qrf,0.0008888888888888888,0.0,0.0,,4935908734271347323,2026-01-08 19:04:15.847122
2026-01-08,24664,OTT,COL,30004958,Olle Lycksell,shots_on_goal,rf_qrf_shots_on_goal,0.3.0,empirical_qrf,0.0,0.0,0.0,,4935908734271347323,2026-01-08 19:04:15.847122
2026-01-08,24664,OTT,COL,30005009,Xavier Bourgault,shots_on_goal,rf_qrf_shots_on_goal,0.3.0,empirical_qrf,0.0,0.0,0.0,,4935908734271347323,2026-01-08 19:04:15.847122
2026-01-08,24664,OTT,COL,30005175,Jake Chiasson,shots_on_goal,rf_qrf_shots_on_goal,0.3.0,empirical_qrf,0.015531352896886952,0.012522822275359365,0.018816241009627505,,4935908734271347323,2026-01-08 19:04:15.847122
2026-01-08,24664,OTT,COL,30005201,Sam Sedley,shots_on_goal,rf_qrf_shots_on_goal,0.3.0,empirical_qrf,0.015531352896886952,0.012522822275359365,0.018816241009627505,,4935908734271347323,2026-01-08 19:04:15.847122
2026-01-08,24664,OTT,COL,30005583,Wyatt Bongiovanni,shots_on_goal,rf_qrf_shots_on_goal,0.3.0,empirical_qrf,0.015531352896886952,0.012522822275359365,0.018816241009627505,,4935908734271347323,2026-01-08 19:04:15.847122
2026-01-08,24664,OTT,COL,30005717,Oskar Pettersson,shots_on_goal,rf_qrf_shots_on_goal,0.3.0,empirical_qrf,0.16209659403448526,0.0,0.31621052631578955,,4935908734271347323,2026-01-08 19:04:15.847122
2026-01-08,24664,OTT,COL,30005911,Stephen Halliday,shots_on_goal,rf_qrf_shots_on_goal,0.3.0,empirical_qrf,0.0,0.0,0.0,,4935908734271347323,2026-01-08 19:04:15.847122
2026-01-08,24664,OTT,COL,30005987,Mark Duarte,shots_on_goal,rf_qrf_shots_on_goal,0.3.0,empirical_qrf,0.015531352896886952,0.012522822275359365,0.018816241009627505,,4935908734271347323,2026-01-08 19:04:15.847122
2026-01-08,24664,OTT,COL,30006054,Nikolas Matinpalo,shots_on_goal,rf_qrf_shots_on_goal,0.3.0,empirical_qrf,0.029458420342103834,0.0,0.07407407407407407,,4935908734271347323,2026-01-08 19:04:15.847122
2026-01-08,24664,OTT,COL,30006240,Matthew Andonovski,shots_on_goal,rf_qrf_shots_on_goal,0.3.0,empirical_qrf,0.015531352896886952,0.012522822275359365,0.018816241009627505,,4935908734271347323,2026-01-08 19:04:15.847122
2026-01-08,24664,OTT,COL,30006395,Djibril Toure,shots_on_goal,rf_qrf_shots_on_goal,0.3.0,empirical_qrf,0.015531352896886952,0.012522822275359365,0.018816241009627505,,4935908734271347323,2026-01-08 19:04:15.847122
2026-01-08,24664,COL,OTT,30000127,Brent Burns,shots_on_goal,rf_qrf_shots_on_goal,0.3.0,empirical_qrf,0.059654761904761905,0.0,0.0,,4935908734271347323,2026-01-08 19:04:15.847122
2026-01-08,24664,COL,OTT,30000200,Scott Wedgewood,shots_on_goal,rf_qrf_shots_on_goal,0.3.0,empirical_qrf,0.015531352896886952,0.012522822275359365,0.018816241009627505,,4935908734271347323,2026-01-08 19:04:15.847122
2026-01-08,24664,COL,OTT,30000318,Jayson Megna,shots_on_goal,rf_qrf_shots_on_goal,0.3.0,empirical_qrf,0.056089992542239904,0.01939880507841673,0.09760879961740795,,4935908734271347323,2026-01-08 19:04:15.847122
2026-01-08,24664,COL,OTT,30000697,T.J. Tynan,shots_on_goal,rf_qrf_shots_on_goal,0.3.0,empirical_qrf,0.056089992542239904,0.01939880507841673,0.09760879961740795,,4935908734271347323,2026-01-08 19:04:15.847122
2026-01-08,24664,COL,OTT,30000757,Valeri Nichushkin,shots_on_goal,rf_qrf_shots_on_goal,0.3.0,empirical_qrf,0.1228458670958671,0.0,0.5,,4935908734271347323,2026-01-08 19:04:15.847122
2026-01-08,24664,COL,OTT,30000879,Josh Manson,shots_on_goal,rf_qrf_shots_on_goal,0.3.0,empirical_qrf,0.0038888888888888883,0.0,0.0,,4935908734271347323,2026-01-08 19:04:15.847122
2026-01-08,24664,COL,OTT,30000903,Gabriel Landeskog,shots_on_goal,rf_qrf_shots_on_goal,0.3.0,empirical_qrf,0.21598809523809526,0.0,1.0,,4935908734271347323,2026-01-08 19:04:15.847122
2026-01-08,24664,COL,OTT,30000904,Nathan MacKinnon,shots_on_goal,rf_qrf_shots_on_goal,0.3.0,empirical_qrf,0.23630158730158732,0.0,1.2050000000000012,,4935908734271347323,2026-01-08 19:04:15.847122
2026-01-08,24664,COL,OTT,30001000,Brock Nelson,shots_on_goal,rf_qrf_shots_on_goal,0.3.0,empirical_qrf,0.18486568986568985,0.0,0.4444444444444444,,4935908734271347323,2026-01-08 19:04:15.847122
2026-01-08,24664,COL,OTT,30002512,Artturi Lehkonen,shots_on_goal,rf_qrf_shots_on_goal,0.3.0,empirical_qrf,0.6534126984126984,0.0,1.3333333333333333,,4935908734271347323,2026-01-08 19:04:15.847122
2026-01-08,24664,COL,OTT,30002779,Mackenzie Blackwood,shots_on_goal,rf_qrf_shots_on_goal,0.3.0,empirical_qrf,0.015531352896886952,0.012522822275359365,0.018816241009627505,,4935908734271347323,2026-01-08 19:04:15.847122
2026-01-08,24664,COL,OTT,30003087,Devon Toews,shots_on_goal,rf_qrf_shots_on_goal,0.3.0,empirical_qrf,0.015036953786953786,0.0,0.0,,4935908734271347323,2026-01-08 19:04:15.847122
2026-01-08,24664,COL,OTT,30003183,Samuel Girard,shots_on_goal,rf_qrf_shots_on_goal,0.3.0,empirical_qrf,0.08456015314641606,0.0,0.1670731707317074,,4935908734271347323,2026-01-08 19:04:15.847122
2026-01-08,24664,COL,OTT,30003488,Keaton Middleton,shots_on_goal,rf_qrf_shots_on_goal,0.3.0,empirical_qrf,0.056089992542239904,0.01939880507841673,0.09760879961740795,,4935908734271347323,2026-01-08 19:04:15.847122
2026-01-08,24664,COL,OTT,30003646,Cale Makar,shots_on_goal,rf_qrf_shots_on_goal,0.3.0,empirical_qrf,0.8587248677248677,0.0,2.0,,4935908734271347323,2026-01-08 19:04:15.847122
2026-01-08,24664,COL,OTT,30003654,Martin Necas,shots_on_goal,rf_qrf_shots_on_goal,0.3.0,empirical_qrf,0.06188095238095239,0.0,0.0,,4935908734271347323,2026-01-08 19:04:15.847122
2026-01-08,24664,COL,OTT,30003772,Alex Barré-Boulet,shots_on_goal,rf_qrf_shots_on_goal,0.3.0,empirical_qrf,0.08128301147544112,0.024539877300613498,0.14670588235294119,,4935908734271347323,2026-01-08 19:04:15.847122
2026-01-08,24664,COL,OTT,30003800,Jacob MacDonald,shots_on_goal,rf_qrf_shots_on_goal,0.3.0,empirical_qrf,0.015531352896886952,0.012522822275359365,0.018816241009627505,,4935908734271347323,2026-01-08 19:04:15.847122
2026-01-08,24664,COL,OTT,30003894,Kyle Keyser,shots_on_goal,rf_qrf_shots_on_goal,0.3.0,empirical_qrf,0.015531352896886952,0.012522822275359365,0.018816241009627505,,4935908734271347323,2026-01-08 19:04:15.847122
2026-01-08,24664,COL,OTT,30003898,Parker Kelly,shots_on_goal,rf_qrf_shots_on_goal,0.3.0,empirical_qrf,0.07970482737662858,0.04016071428571429,0.12101112234580386,,4935908734271347323,2026-01-08 19:04:15.847122
2026-01-08,24664,COL,OTT,30003947,Ross Colton,shots_on_goal,rf_qrf_shots_on_goal,0.3.0,empirical_qrf,0.04595980844318702,0.0,0.1111111111111111,,4935908734271347323,2026-01-08 19:04:15.847122
2026-01-08,24664,COL,OTT,30004026,Victor Olofsson,shots_on_goal,rf_qrf_shots_on_goal,0.3.0,empirical_qrf,0.0,0.0,0.0,,4935908734271347323,2026-01-08 19:04:15.847122
2026-01-08,24664,COL,OTT,30004119,Jake Wise,shots_on_goal,rf_qrf_shots_on_goal,0.3.0,empirical_qrf,0.015531352896886952,0.012522822275359365,0.018816241009627505,,4935908734271347323,2026-01-08 19:04:15.847122
2026-01-08,24664,COL,OTT,30004121,Jack Drury,shots_on_goal,rf_qrf_shots_on_goal,0.3.0,empirical_qrf,0.0,0.0,0.0,,4935908734271347323,2026-01-08 19:04:15.847122
2026-01-08,24664,COL,OTT,30004191,Logan O'Connor,shots_on_goal,rf_qrf_shots_on_goal,0.3.0,empirical_qrf,0.0,0.0,0.0,,4935908734271347323,2026-01-08 19:04:15.847122
2026-01-08,24664,COL,OTT,30004393,Tye Felhaber,shots_on_goal,rf_qrf_shots_on_goal,0.3.0,empirical_qrf,0.08128301147544112,0.024539877300613498,0.14670588235294119,,4935908734271347323,2026-01-08 19:04:15.847122
2026-01-08,24664,COL,OTT,30004461,Joel Kiviranta,shots_on_goal,rf_qrf_shots_on_goal,0.3.0,empirical_qrf,0.0001282051282051282,0.0,0.0,,4935908734271347323,2026-01-08 19:04:15.847122
2026-01-08,24664,COL,OTT,30004557,Ronnie Attard,shots_on_goal,rf_qrf_shots_on_goal,0.3.0,empirical_qrf,0.015531352896886952,0.012522822275359365,0.018816241009627505,,4935908734271347323,2026-01-08 19:04:15.847122
2026-01-08,24664,COL,OTT,30004569,Matthew Stienburg,shots_on_goal,rf_qrf_shots_on_goal,0.3.0,empirical_qrf,0.08128301147544112,0.024539877300613498,0.14670588235294119,,4935908734271347323,2026-01-08 19:04:15.847122
2026-01-08,24664,COL,OTT,30004668,Trent Miner,shots_on_goal,rf_qrf_shots_on_goal,0.3.0,empirical_qrf,0.015531352896886952,0.012522822275359365,0.018816241009627505,,4935908734271347323,2026-01-08 19:04:15.847122
2026-01-08,24664,COL,OTT,30004757,Jack Ahcan,shots_on_goal,rf_qrf_shots_on_goal,0.3.0,empirical_qrf,0.08128301147544112,0.024539877300613498,0.14670588235294119,,4935908734271347323,2026-01-08 19:04:15.847122
2026-01-08,24664,COL,OTT,30004842,Danil Gushchin,shots_on_goal,rf_qrf_shots_on_goal,0.3.0,empirical_qrf,0.05061109725075329,0.0,0.12,,4935908734271347323,2026-01-08 19:04:15.847122
2026-01-08,24664,COL,OTT,30004938,Ilya Solovyov,shots_on_goal,rf_qrf_shots_on_goal,0.3.0,empirical_qrf,0.07996749880411182,0.0,0.16,,4935908734271347323,2026-01-08 19:04:15.847122
2026-01-08,24664,COL,OTT,30005213,Tyler Inamoto,shots_on_goal,rf_qrf_shots_on_goal,0.3.0,empirical_qrf,0.1717271014132194,0.0989010989010989,0.25,,4935908734271347323,2026-01-08 19:04:15.847122
2026-01-08,24664,COL,OTT,30005391,Tristen Nielsen,shots_on_goal,rf_qrf_shots_on_goal,0.3.0,empirical_qrf,0.03996326358826359,0.0,0.0,,4935908734271347323,2026-01-08 19:04:15.847122
2026-01-08,24664,COL,OTT,30005470,Zakhar Bardakov,shots_on_goal,rf_qrf_shots_on_goal,0.3.0,empirical_qrf,0.18648470872680803,0.0,0.3850427350427352,,4935908734271347323,2026-01-08 19:04:15.847122
2026-01-08,24664,COL,OTT,30005581,Wyatt Aamodt,shots_on_goal,rf_qrf_shots_on_goal,0.3.0,empirical_qrf,0.0,0.0,0.0,,4935908734271347323,2026-01-08 19:04:15.847122
2026-01-08,24664,COL,OTT,30005777,Ivan Ivan,shots_on_goal,rf_qrf_shots_on_goal,0.3.0,empirical_qrf,0.005989716646633938,0.0,0.013333333333333334,,4935908734271347323,2026-01-08 19:04:15.847122
2026-01-08,24664,COL,OTT,30006033,Jason Polin,shots_on_goal,rf_qrf_shots_on_goal,0.3.0,empirical_qrf,0.0,0.0,0.0,,4935908734271347323,2026-01-08 19:04:15.847122
2026-01-08,24664,COL,OTT,30006036,Sam Malinski,shots_on_goal,rf_qrf_shots_on_goal,0.3.0,empirical_qrf,0.05061109725075329,0.0,0.12,,4935908734271347323,2026-01-08 19:04:15.847122
2026-01-08,24664,COL,OTT,30006102,Gavin Brindley,shots_on_goal,rf_qrf_shots_on_goal,0.3.0,empirical_qrf,0.0,0.0,0.0,,4935908734271347323,2026-01-08 19:04:15.847122
2026-01-08,24664,COL,OTT,30006255,Maros Jedlicka,shots_on_goal,rf_qrf_shots_on_goal,0.3.0,empirical_qrf,0.007509037092067805,0.0,0.01474929474929475,,4935908734271347323,2026-01-08 19:04:15.847122
2026-01-08,24664,COL,OTT,30006377,Noah Ganske,shots_on_goal,rf_qrf_shots_on_goal,0.3.0,empirical_qrf,0.015531352896886952,0.012522822275359365,0.018816241009627505,,4935908734271347323,2026-01-08 19:04:15.847122
2026-01-08,24664,COL,OTT,30006385,Saige Weinstein,shots_on_goal,rf_qrf_shots_on_goal,0.3.0,empirical_qrf,0.015531352896886952,0.012522822275359365,0.018816241009627505,,4935908734271347323,2026-01-08 19:04:15.847122
2026-01-08,24664,COL,OTT,30006387,Neil Shea,shots_on_goal,rf_qrf_shots_on_goal,0.3.0,empirical_qrf,0.015531352896886952,0.012522822275359365,0.018816241009627505,,4935908734271347323,2026-01-08 19:04:15.847122
2026-01-08,24665,MIN,SEA,30000257,Yakov Trenin,shots_on_goal,rf_qrf_shots_on_goal,0.3.0,empirical_qrf,0.039269590918197726,0.0,0.008333333333335228,,4935908734271347323,2026-01-08 19:04:15.847122
2026-01-08,24665,MIN,SEA,30000266,Nicolas Aube-Kubel,shots_on_goal,rf_qrf_shots_on_goal,0.3.0,empirical_qrf,0.015205243761395124,0.0056657223796034,0.02588172526114793,,4935908734271347323,2026-01-08 19:04:15.847122
2026-01-08,24665,MIN,SEA,30000499,Marcus Foligno,shots_on_goal,rf_qrf_shots_on_goal,0.3.0,empirical_qrf,0.00820238095238095,0.0,0.0,,4935908734271347323,2026-01-08 19:04:15.847122
2026-01-08,24665,MIN,SEA,30000517,Jared Spurgeon,shots_on_goal,rf_qrf_shots_on_goal,0.3.0,empirical_qrf,0.0,0.0,0.0,,4935908734271347323,2026-01-08 19:04:15.847122
2026-01-08,24665,MIN,SEA,30000524,Jonas Brodin,shots_on_goal,rf_qrf_shots_on_goal,0.3.0,empirical_qrf,0.08708646671965745,0.0,0.17519911504424782,,4935908734271347323,2026-01-08 19:04:15.847122
2026-01-08,24665,MIN,SEA,30000797,Vladimir Tarasenko,shots_on_goal,rf_qrf_shots_on_goal,0.3.0,empirical_qrf,0.49311566184360306,0.0,0.8571428571428571,,4935908734271347323,2026-01-08 19:04:15.847122
2026-01-08,24665,MIN,SEA,30001012,Ryan Hartman,shots_on_goal,rf_qrf_shots_on_goal,0.3.0,empirical_qrf,0.17330555555555555,0.0,1.0,,4935908734271347323,2026-01-08 19:04:15.847122
2026-01-08,24665,MIN,SEA,30001013,Vinnie Hinostroza,shots_on_goal,rf_qrf_shots_on_goal,0.3.0,empirical_qrf,0.0,0.0,0.0,,4935908734271347323,2026-01-08 19:04:15.847122
2026-01-08,24665,MIN,SEA,30001087,Mats Zuccarello,shots_on_goal,rf_qrf_shots_on_goal,0.3.0,empirical_qrf,0.00513035113035113,0.0,0.0,,4935908734271347323,2026-01-08 19:04:15.847122
2026-01-08,24665,MIN,SEA,30001192,Tyler Pitlick,shots_on_goal,rf_qrf_shots_on_goal,0.3.0,empirical_qrf,0.11899995289797924,0.0,0.2857142857142857,,4935908734271347323,2026-01-08 19:04:15.847122
2026-01-08,24665,MIN,SEA,30001309,Marcus Johansson,shots_on_goal,rf_qrf_shots_on_goal,0.3.0,empirical_qrf,0.055732580709601895,0.0,0.13636363636363635,,4935908734271347323,2026-01-08 19:04:15.847122
2026-01-08,24665,MIN,SEA,30001355,Zach Bogosian,shots_on_goal,rf_qrf_shots_on_goal,0.3.0,empirical_qrf,0.07970482737662858,0.04016071428571429,0.12101112234580386,,4935908734271347323,2026-01-08 19:04:15.847122
2026-01-08,24665,MIN,SEA,30002719,Jacob Middleton,shots_on_goal,rf_qrf_shots_on_goal,0.3.0,empirical_qrf,0.10030766447891061,0.0,0.4444444444444444,,4935908734271347323,2026-01-08 19:04:15.847122
2026-01-08,24665,MIN,SEA,30002820,Joel Eriksson Ek,shots_on_goal,rf_qrf_shots_on_goal,0.3.0,empirical_qrf,0.033411884411884404,0.0,0.0,,4935908734271347323,2026-01-08 19:04:15.847122
2026-01-08,24665,MIN,SEA,30003173,Filip Gustavsson,shots_on_goal,rf_qrf_shots_on_goal,0.3.0,empirical_qrf,0.015531352896886952,0.012522822275359365,0.018816241009627505,,4935908734271347323,2026-01-08 19:04:15.847122
2026-01-08,24665,MIN,SEA,30003611,Cal Petersen,shots_on_goal,rf_qrf_shots_on_goal,0.3.0,empirical_qrf,0.015531352896886952,0.012522822275359365,0.018816241009627505,,4935908734271347323,2026-01-08 19:04:15.847122
2026-01-08,24665,MIN,SEA,30003774,Ben Jones,shots_on_goal,rf_qrf_shots_on_goal,0.3.0,empirical_qrf,0.08128301147544112,0.024539877300613498,0.14670588235294119,,4935908734271347323,2026-01-08 19:04:15.847122
2026-01-08,24665,MIN,SEA,30004080,Quinn Hughes,shots_on_goal,rf_qrf_shots_on_goal,0.3.0,empirical_qrf,0.10165079365079364,0.0,0.0,,4935908734271347323,2026-01-08 19:04:15.847122
2026-01-08,24665,MIN,SEA,30004196,Ben Gleason,shots_on_goal,rf_qrf_shots_on_goal,0.3.0,empirical_qrf,0.07212615625115625,0.0,0.3333333333333333,,4935908734271347323,2026-01-08 19:04:15.847122
2026-01-08,24665,MIN,SEA,30004417,Nico Sturm,shots_on_goal,rf_qrf_shots_on_goal,0.3.0,empirical_qrf,0.007509037092067805,0.0,0.01474929474929475,,4935908734271347323,2026-01-08 19:04:15.847122
2026-01-08,24665,MIN,SEA,30004480,Matt Boldy,shots_on_goal,rf_qrf_shots_on_goal,0.3.0,empirical_qrf,0.0,0.0,0.0,,4935908734271347323,2026-01-08 19:04:15.847122
2026-01-08,24665,MIN,SEA,30004784,Kirill Kaprizov,shots_on_goal,rf_qrf_shots_on_goal,0.3.0,empirical_qrf,0.05233333333333333,0.0,0.0,,4935908734271347323,2026-01-08 19:04:15.847122
2026-01-08,24665,MIN,SEA,30004835,Brock Faber,shots_on_goal,rf_qrf_shots_on_goal,0.3.0,empirical_qrf,0.11362002112127921,0.0,0.21447876447876452,,4935908734271347323,2026-01-08 19:04:15.847122
2026-01-08,24665,MIN,SEA,30004847,Daemon Hunt,shots_on_goal,rf_qrf_shots_on_goal,0.3.0,empirical_qrf,0.04573698940138687,0.0,0.09090909090909091,,4935908734271347323,2026-01-08 19:04:15.847122
2026-01-08,24665,MIN,SEA,30004935,Matt Kiersted,shots_on_goal,rf_qrf_shots_on_goal,0.3.0,empirical_qrf,0.09744764232728628,0.0,0.25,,4935908734271347323,2026-01-08 19:04:15.847122
2026-01-08,24665,MIN,SEA,30004970,Wyatt Newpower,shots_on_goal,rf_qrf_shots_on_goal,0.3.0,empirical_qrf,0.135219181961829,0.0,0.5,,4935908734271347323,2026-01-08 19:04:15.847122
2026-01-08,24665,MIN,SEA,30005005,Oskar Olausson,shots_on_goal,rf_qrf_shots_on_goal,0.3.0,empirical_qrf,0.07015979903140959,0.0,0.16461187214611878,,4935908734271347323,2026-01-08 19:04:15.847122
2026-01-08,24665,MIN,SEA,30005007,Carson Lambos,shots_on_goal,rf_qrf_shots_on_goal,0.3.0,empirical_qrf,0.0,0.0,0.0,,4935908734271347323,2026-01-08 19:04:15.847122
2026-01-08,24665,MIN,SEA,30005008,Jesper Wallstedt,shots_on_goal,rf_qrf_shots_on_goal,0.3.0,empirical_qrf,0.015531352896886952,0.012522822275359365,0.018816241009627505,,4935908734271347323,2026-01-08 19:04:15.847122
2026-01-08,24665,MIN,SEA,30005094,Cameron Butler,shots_on_goal,rf_qrf_shots_on_goal,0.3.0,empirical_qrf,0.11977530021296355,0.0,0.2857142857142857,,4935908734271347323,2026-01-08 19:04:15.847122
2026-01-08,24665,MIN,SEA,30005102,Caedan Bankier,shots_on_goal,rf_qrf_shots_on_goal,0.3.0,empirical_qrf,0.0,0.0,0.0,,4935908734271347323,2026-01-08 19:04:15.847122
2026-01-08,24665,MIN,SEA,30005274,Louka Henault,shots_on_goal,rf_qrf_shots_on_goal,0.3.0,empirical_qrf,0.015531352896886952,0.012522822275359365,0.018816241009627505,,4935908734271347323,2026-01-08 19:04:15.847122
2026-01-08,24665,MIN,SEA,30005361,Benjamin Brinkman,shots_on_goal,rf_qrf_shots_on_goal,0.3.0,empirical_qrf,0.015531352896886952,0.012522822275359365,0.018816241009627505,,4935908734271347323,2026-01-08 19:04:15.847122
2026-01-08,24665,MIN,SEA,30005612,David Jiricek,shots_on_goal,rf_qrf_shots_on_goal,0.3.0,empirical_qrf,0.0,0.0,0.0,,4935908734271347323,2026-01-08 19:04:15.847122
2026-01-08,24665,MIN,SEA,30005627,Danila Yurov,shots_on_goal,rf_qrf_shots_on_goal,0.3.0,empirical_qrf,0.07015979903140959,0.0,0.16461187214611878,,4935908734271347323,2026-01-08 19:04:15.847122
2026-01-08,24665,MIN,SEA,30005669,Hunter Haight,shots_on_goal,rf_qrf_shots_on_goal,0.3.0,empirical_qrf,0.2115581178081178,0.0,0.5,,4935908734271347323,2026-01-08 19:04:15.847122
2026-01-08,24665,MIN,SEA,30005845,David Spacek,shots_on_goal,rf_qrf_shots_on_goal,0.3.0,empirical_qrf,0.07996749880411182,0.0,0.16,,4935908734271347323,2026-01-08 19:04:15.847122
2026-01-08,24665,MIN,SEA,30006109,Riley Heidt,shots_on_goal,rf_qrf_shots_on_goal,0.3.0,empirical_qrf,0.056089992542239904,0.01939880507841673,0.09760879961740795,,4935908734271347323,2026-01-08 19:04:15.847122
2026-01-08,24665,MIN,SEA,30006110,Rasmus Kumpulainen,shots_on_goal,rf_qrf_shots_on_goal,0.3.0,empirical_qrf,0.015531352896886952,0.012522822275359365,0.018816241009627505,,4935908734271347323,2026-01-08 19:04:15.847122
2026-01-08,24665,MIN,SEA,30006308,Bradley Marek,shots_on_goal,rf_qrf_shots_on_goal,0.3.0,empirical_qrf,0.015531352896886952,0.012522822275359365,0.018816241009627505,,4935908734271347323,2026-01-08 19:04:15.847122
2026-01-08,24665,SEA,MIN,30000303,Adam Larsson,shots_on_goal,rf_qrf_shots_on_goal,0.3.0,empirical_qrf,0.0,0.0,0.0,,4935908734271347323,2026-01-08 19:04:15.847122
2026-01-08,24665,SEA,MIN,30000460,Max McCormick,shots_on_goal,rf_qrf_shots_on_goal,0.3.0,empirical_qrf,0.1717271014132194,0.0989010989010989,0.25,,4935908734271347323,2026-01-08 19:04:15.847122
2026-01-08,24665,SEA,MIN,30000539,Jordan Eberle,shots_on_goal,rf_qrf_shots_on_goal,0.3.0,empirical_qrf,0.02117063492063492,0.0,0.0,,4935908734271347323,2026-01-08 19:04:15.847122
2026-01-08,24665,SEA,MIN,30000577,Philipp Grubauer,shots_on_goal,rf_qrf_shots_on_goal,0.3.0,empirical_qrf,0.015531352896886952,0.012522822275359365,0.018816241009627505,,4935908734271347323,2026-01-08 19:04:15.847122
2026-01-08,24665,SEA,MIN,30000596,Chandler Stephenson,shots_on_goal,rf_qrf_shots_on_goal,0.3.0,empirical_qrf,0.015205243761395124,0.0056657223796034,0.02588172526114793,,4935908734271347323,2026-01-08 19:04:15.847122
2026-01-08,24665,SEA,MIN,30000629,Matt Murray,shots_on_goal,rf_qrf_shots_on_goal,0.3.0,empirical_qrf,0.015531352896886952,0.012522822275359365,0.018816241009627505,,4935908734271347323,2026-01-08 19:04:15.847122
2026-01-08,24665,SEA,MIN,30000674,Vince Dunn,shots_on_goal,rf_qrf_shots_on_goal,0.3.0,empirical_qrf,0.07514285714285714,0.0,0.0,,4935908734271347323,2026-01-08 19:04:15.847122
2026-01-08,24665,SEA,MIN,30000758,Jamie Oleksiak,shots_on_goal,rf_qrf_shots_on_goal,0.3.0,empirical_qrf,0.07996749880411182,0.0,0.16,,4935908734271347323,2026-01-08 19:04:15.847122
2026-01-08,24665,SEA,MIN,30000794,Jaden Schwartz,shots_on_goal,rf_qrf_shots_on_goal,0.3.0,empirical_qrf,0.007416666666666665,0.0,0.0,,4935908734271347323,2026-01-08 19:04:15.847122
2026-01-08,24665,SEA,MIN,30000812,Gustav Olofsson,shots_on_goal,rf_qrf_shots_on_goal,0.3.0,empirical_qrf,0.015531352896886952,0.012522822275359365,0.018816241009627505,,4935908734271347323,2026-01-08 19:04:15.847122
2026-01-08,24665,SEA,MIN,30000882,Brandon Montour,shots_on_goal,rf_qrf_shots_on_goal,0.3.0,empirical_qrf,0.2731428571428572,0.0,1.3333333333333333,,4935908734271347323,2026-01-08 19:04:15.847122
2026-01-08,24665,SEA,MIN,30000929,Jared McCann,shots_on_goal,rf_qrf_shots_on_goal,0.3.0,empirical_qrf,0.0019642857142857144,0.0,0.0,,4935908734271347323,2026-01-08 19:04:15.847122
2026-01-08,24665,SEA,MIN,30002529,John Hayden,shots_on_goal,rf_qrf_shots_on_goal,0.3.0,empirical_qrf,0.0,0.0,0.0,,4935908734271347323,2026-01-08 19:04:15.847122
2026-01-08,24665,SEA,MIN,30002711,Frederick Gaudreau,shots_on_goal,rf_qrf_shots_on_goal,0.3.0,empirical_qrf,0.05061109725075329,0.0,0.12,,4935908734271347323,2026-01-08 19:04:15.847122
2026-01-08,24665,SEA,MIN,30003184,Ryan Lindgren,shots_on_goal,rf_qrf_shots_on_goal,0.3.0,empirical_qrf,0.11362002112127921,0.0,0.21447876447876452,,4935908734271347323,2026-01-08 19:04:15.847122
2026-01-08,24665,SEA,MIN,30003188,Jack LaFontaine,shots_on_goal,rf_qrf_shots_on_goal,0.3.0,empirical_qrf,0.7951825396825397,0.0,2.0,,4935908734271347323,2026-01-08 19:04:15.847122
2026-01-08,24665,SEA,MIN,30003214,Joshua Mahura,shots_on_goal,rf_qrf_shots_on_goal,0.3.0,empirical_qrf,0.08456015314641606,0.0,0.1670731707317074,,4935908734271347323,2026-01-08 19:04:15.847122
2026-01-08,24665,SEA,MIN,30003660,Eeli Tolvanen,shots_on_goal,rf_qrf_shots_on_goal,0.3.0,empirical_qrf,0.0038888888888888883,0.0,0.0,,4935908734271347323,2026-01-08 19:04:15.847122
2026-01-08,24665,SEA,MIN,30003703,Cale Fleury,shots_on_goal,rf_qrf_shots_on_goal,0.3.0,empirical_qrf,0.20048511862181312,0.0,0.4559659090909094,,4935908734271347323,2026-01-08 19:04:15.847122
2026-01-08,24665,SEA,MIN,30004419,Joey Daccord,shots_on_goal,rf_qrf_shots_on_goal,0.3.0,empirical_qrf,0.015531352896886952,0.012522822275359365,0.018816241009627505,,4935908734271347323,2026-01-08 19:04:15.847122
2026-01-08,24665,SEA,MIN,30004471,Kaapo Kakko,shots_on_goal,rf_qrf_shots_on_goal,0.3.0,empirical_qrf,0.015036953786953786,0.0,0.0,,4935908734271347323,2026-01-08 19:04:15.847122
2026-01-08,24665,SEA,MIN,30005040,Matty Beniers,shots_on_goal,rf_qrf_shots_on_goal,0.3.0,empirical_qrf,0.05658994708994709,0.0,0.0,,4935908734271347323,2026-01-08 19:04:15.847122
2026-01-08,24665,SEA,MIN,30005042,Ryker Evans,shots_on_goal,rf_qrf_shots_on_goal,0.3.0,empirical_qrf,0.08128301147544112,0.024539877300613498,0.14670588235294119,,4935908734271347323,2026-01-08 19:04:15.847122
2026-01-08,24665,SEA,MIN,30005239,Jakov Novak,shots_on_goal,rf_qrf_shots_on_goal,0.3.0,empirical_qrf,0.015531352896886952,0.012522822275359365,0.018816241009627505,,4935908734271347323,2026-01-08 19:04:15.847122
2026-01-08,24665,SEA,MIN,30005333,Jacob Melanson,shots_on_goal,rf_qrf_shots_on_goal,0.3.0,empirical_qrf,0.05570064940936041,0.0,0.13701298701298714,,4935908734271347323,2026-01-08 19:04:15.847122
2026-01-08,24665,SEA,MIN,30005336,Tye Kartye,shots_on_goal,rf_qrf_shots_on_goal,0.3.0,empirical_qrf,0.0001282051282051282,0.0,0.0,,4935908734271347323,2026-01-08 19:04:15.847122
2026-01-08,24665,SEA,MIN,30005337,Ryan Winterton,shots_on_goal,rf_qrf_shots_on_goal,0.3.0,empirical_qrf,0.0983009213009213,0.0,0.33636363636363703,,4935908734271347323,2026-01-08 19:04:15.847122
2026-01-08,24665,SEA,MIN,30005447,Ville Ottavainen,shots_on_goal,rf_qrf_shots_on_goal,0.3.0,empirical_qrf,0.0,0.0,0.0,,4935908734271347323,2026-01-08 19:04:15.847122
2026-01-08,24665,SEA,MIN,30005503,Logan Morrison,shots_on_goal,rf_qrf_shots_on_goal,0.3.0,empirical_qrf,0.14552105846223493,0.0,0.5,,4935908734271347323,2026-01-08 19:04:15.847122
2026-01-08,24665,SEA,MIN,30005582,Ben Meyers,shots_on_goal,rf_qrf_shots_on_goal,0.3.0,empirical_qrf,0.0027996031746031743,0.0,0.0,,4935908734271347323,2026-01-08 19:04:15.847122
2026-01-08,24665,SEA,MIN,30005593,Peetro Seppala,shots_on_goal,rf_qrf_shots_on_goal,0.3.0,empirical_qrf,0.015531352896886952,0.012522822275359365,0.018816241009627505,,4935908734271347323,2026-01-08 19:04:15.847122
2026-01-08,24665,SEA,MIN,30005616,Shane Wright,shots_on_goal,rf_qrf_shots_on_goal,0.3.0,empirical_qrf,0.2315928728252897,0.0,0.5,,4935908734271347323,2026-01-08 19:04:15.847122
2026-01-08,24665,SEA,MIN,30005680,David Goyette,shots_on_goal,rf_qrf_shots_on_goal,0.3.0,empirical_qrf,0.1717271014132194,0.0989010989010989,0.25,,4935908734271347323,2026-01-08 19:04:15.847122
2026-01-08,24665,SEA,MIN,30005681,Jagger Firkus,shots_on_goal,rf_qrf_shots_on_goal,0.3.0,empirical_qrf,0.0008888888888888888,0.0,0.0,,4935908734271347323,2026-01-08 19:04:15.847122
2026-01-08,24665,SEA,MIN,30005682,Jani Nyman,shots_on_goal,rf_qrf_shots_on_goal,0.3.0,empirical_qrf,0.07151190476190476,0.0,0.0,,4935908734271347323,2026-01-08 19:04:15.847122
2026-01-08,24665,SEA,MIN,30005683,Niklas Kokko,shots_on_goal,rf_qrf_shots_on_goal,0.3.0,empirical_qrf,0.015531352896886952,0.012522822275359365,0.018816241009627505,,4935908734271347323,2026-01-08 19:04:15.847122
2026-01-08,24665,SEA,MIN,30005757,Ty Nelson,shots_on_goal,rf_qrf_shots_on_goal,0.3.0,empirical_qrf,0.015531352896886952,0.012522822275359365,0.018816241009627505,,4935908734271347323,2026-01-08 19:04:15.847122
2026-01-08,24665,SEA,MIN,30006087,Eduard Sale,shots_on_goal,rf_qrf_shots_on_goal,0.3.0,empirical_qrf,0.0,0.0,0.0,,4935908734271347323,2026-01-08 19:04:15.847122
2026-01-08,24665,SEA,MIN,30006119,Lukas Dragicevic,shots_on_goal,rf_qrf_shots_on_goal,0.3.0,empirical_qrf,0.0,0.0,0.0,,4935908734271347323,2026-01-08 19:04:15.847122
2026-01-08,24665,SEA,MIN,30006121,Carson Rehkopf,shots_on_goal,rf_qrf_shots_on_goal,0.3.0,empirical_qrf,0.11977530021296355,0.0,0.2857142857142857,,4935908734271347323,2026-01-08 19:04:15.847122
2026-01-08,24665,SEA,MIN,30006125,Caden Price,shots_on_goal,rf_qrf_shots_on_goal,0.3.0,empirical_qrf,0.07970482737662858,0.04016071428571429,0.12101112234580386,,4935908734271347323,2026-01-08 19:04:15.847122
2026-01-08,24665,SEA,MIN,30006197,Andrei Loshko,shots_on_goal,rf_qrf_shots_on_goal,0.3.0,empirical_qrf,0.015531352896886952,0.012522822275359365,0.018816241009627505,,4935908734271347323,2026-01-08 19:04:15.847122
2026-01-08,24665,SEA,MIN,30006437,Kaden Hammell,shots_on_goal,rf_qrf_shots_on_goal,0.3.0,empirical_qrf,0.007509037092067805,0.0,0.01474929474929475,,4935908734271347323,2026-01-08 19:04:15.847122
2026-01-08,24665,SEA,MIN,30006499,Berkly Catton,shots_on_goal,rf_qrf_shots_on_goal,0.3.0,empirical_qrf,0.18648470872680803,0.0,0.3850427350427352,,4935908734271347323,2026-01-08 19:04:15.847122
2026-01-08,24666,CBJ,VEG,30000115,Sean Monahan,shots_on_goal,rf_qrf_shots_on_goal,0.3.0,empirical_qrf,0.0031111111111111114,0.0,0.0,,4935908734271347323,2026-01-08 19:04:15.847122
2026-01-08,24666,CBJ,VEG,30000207,Damon Severson,shots_on_goal,rf_qrf_shots_on_goal,0.3.0,empirical_qrf,0.11362002112127921,0.0,0.21447876447876452,,4935908734271347323,2026-01-08 19:04:15.847122
2026-01-08,24666,CBJ,VEG,30000233,Erik Gudbranson,shots_on_goal,rf_qrf_shots_on_goal,0.3.0,empirical_qrf,0.0,0.0,0.0,,4935908734271347323,2026-01-08 19:04:15.847122
2026-01-08,24666,CBJ,VEG,30000623,Ivan Provorov,shots_on_goal,rf_qrf_shots_on_goal,0.3.0,empirical_qrf,0.11362002112127921,0.0,0.21447876447876452,,4935908734271347323,2026-01-08 19:04:15.847122
2026-01-08,24666,CBJ,VEG,30000778,Boone Jenner,shots_on_goal,rf_qrf_shots_on_goal,0.3.0,empirical_qrf,0.2731428571428572,0.0,1.3333333333333333,,4935908734271347323,2026-01-08 19:04:15.847122
2026-01-08,24666,CBJ,VEG,30000805,Charlie Coyle,shots_on_goal,rf_qrf_shots_on_goal,0.3.0,empirical_qrf,0.0,0.0,0.0,,4935908734271347323,2026-01-08 19:04:15.847122
2026-01-08,24666,CBJ,VEG,30000855,Brendan Smith,shots_on_goal,rf_qrf_shots_on_goal,0.3.0,empirical_qrf,0.056089992542239904,0.01939880507841673,0.09760879961740795,,4935908734271347323,2026-01-08 19:04:15.847122
2026-01-08,24666,CBJ,VEG,30001196,Brendan Gaunce,shots_on_goal,rf_qrf_shots_on_goal,0.3.0,empirical_qrf,0.08456015314641606,0.0,0.1670731707317074,,4935908734271347323,2026-01-08 19:04:15.847122
2026-01-08,24666,CBJ,VEG,30002223,Mason Marchment,shots_on_goal,rf_qrf_shots_on_goal,0.3.0,empirical_qrf,0.0,0.0,0.0,,4935908734271347323,2026-01-08 19:04:15.847122
2026-01-08,24666,CBJ,VEG,30002554,Hudson Fasching,shots_on_goal,rf_qrf_shots_on_goal,0.3.0,empirical_qrf,0.18486568986568985,0.0,0.4444444444444444,,4935908734271347323,2026-01-08 19:04:15.847122
2026-01-08,24666,CBJ,VEG,30002616,Elvis Merzlikins,shots_on_goal,rf_qrf_shots_on_goal,0.3.0,empirical_qrf,0.015531352896886952,0.012522822275359365,0.018816241009627505,,4935908734271347323,2026-01-08 19:04:15.847122
2026-01-08,24666,CBJ,VEG,30002770,Zach Werenski,shots_on_goal,rf_qrf_shots_on_goal,0.3.0,empirical_qrf,0.023880952380952378,0.0,0.0,,4935908734271347323,2026-01-08 19:04:15.847122
2026-01-08,24666,CBJ,VEG,30003079,Miles Wood,shots_on_goal,rf_qrf_shots_on_goal,0.3.0,empirical_qrf,0.0,0.0,0.0,,4935908734271347323,2026-01-08 19:04:15.847122
2026-01-08,24666,CBJ,VEG,30003146,Dante Fabbro,shots_on_goal,rf_qrf_shots_on_goal,0.3.0,empirical_qrf,0.31050859788359786,0.0,1.0,,4935908734271347323,2026-01-08 19:04:15.847122
2026-01-08,24666,CBJ,VEG,30003267,Mathieu Olivier,shots_on_goal,rf_qrf_shots_on_goal,0.3.0,empirical_qrf,0.08349603174603175,0.0,0.0,,4935908734271347323,2026-01-08 19:04:15.847122
2026-01-08,24666,CBJ,VEG,30003269,Zach Sawchenko,shots_on_goal,rf_qrf_shots_on_goal,0.3.0,empirical_qrf,0.015531352896886952,0.012522822275359365,0.018816241009627505,,4935908734271347323,2026-01-08 19:04:15.847122
2026-01-08,24666,CBJ,VEG,30003549,Zachary Aston-Reese,shots_on_goal,rf_qrf_shots_on_goal,0.3.0,empirical_qrf,0.007509037092067805,0.0,0.01474929474929475,,4935908734271347323,2026-01-08 19:04:15.847122
2026-01-08,24666,CBJ,VEG,30004097,Isac Lundestrom,shots_on_goal,rf_qrf_shots_on_goal,0.3.0,empirical_qrf,0.08128301147544112,0.024539877300613498,0.14670588235294119,,4935908734271347323,2026-01-08 19:04:15.847122
2026-01-08,24666,CBJ,VEG,30004135,Kirill Marchenko,shots_on_goal,rf_qrf_shots_on_goal,0.3.0,empirical_qrf,0.059654761904761905,0.0,0.0,,4935908734271347323,2026-01-08 19:04:15.847122
2026-01-08,24666,CBJ,VEG,30004172,Curtis Hall,shots_on_goal,rf_qrf_shots_on_goal,0.3.0,empirical_qrf,0.015531352896886952,0.012522822275359365,0.018816241009627505,,4935908734271347323,2026-01-08 19:04:15.847122
2026-01-08,24666,CBJ,VEG,30004306,Jake Christiansen,shots_on_goal,rf_qrf_shots_on_goal,0.3.0,empirical_qrf,0.0,0.0,0.0,,4935908734271347323,2026-01-08 19:04:15.847122
2026-01-08,24666,CBJ,VEG,30004607,Dmitri Voronkov,shots_on_goal,rf_qrf_shots_on_goal,0.3.0,empirical_qrf,0.006388888888888888,0.0,0.0,,4935908734271347323,2026-01-08 19:04:15.847122
2026-01-08,24666,CBJ,VEG,30004988,Cole Sillinger,shots_on_goal,rf_qrf_shots_on_goal,0.3.0,empirical_qrf,0.00513035113035113,0.0,0.0,,4935908734271347323,2026-01-08 19:04:15.847122
2026-01-08,24666,CBJ,VEG,30004989,Kent Johnson,shots_on_goal,rf_qrf_shots_on_goal,0.3.0,empirical_qrf,0.00820238095238095,0.0,0.0,,4935908734271347323,2026-01-08 19:04:15.847122
2026-01-08,24666,CBJ,VEG,30005002,Corson Ceulemans,shots_on_goal,rf_qrf_shots_on_goal,0.3.0,empirical_qrf,0.11899995289797924,0.0,0.2857142857142857,,4935908734271347323,2026-01-08 19:04:15.847122
2026-01-08,24666,CBJ,VEG,30005049,Jet Greaves,shots_on_goal,rf_qrf_shots_on_goal,0.3.0,empirical_qrf,0.015531352896886952,0.012522822275359365,0.018816241009627505,,4935908734271347323,2026-01-08 19:04:15.847122
2026-01-08,24666,CBJ,VEG,30005050,Stanislov Svozil,shots_on_goal,rf_qrf_shots_on_goal,0.3.0,empirical_qrf,0.13372326039338087,0.0,0.3076923076923077,,4935908734271347323,2026-01-08 19:04:15.847122
2026-01-08,24666,CBJ,VEG,30005053,Ole Julian Bjorgvik-Holm,shots_on_goal,rf_qrf_shots_on_goal,0.3.0,empirical_qrf,0.015531352896886952,0.012522822275359365,0.018816241009627505,,4935908734271347323,2026-01-08 19:04:15.847122
2026-01-08,24666,CBJ,VEG,30005088,James Malatesta,shots_on_goal,rf_qrf_shots_on_goal,0.3.0,empirical_qrf,0.009526594133000029,0.0,0.018459020629656753,,4935908734271347323,2026-01-08 19:04:15.847122
2026-01-08,24666,CBJ,VEG,30005290,Max McCue,shots_on_goal,rf_qrf_shots_on_goal,0.3.0,empirical_qrf,0.08128301147544112,0.024539877300613498,0.14670588235294119,,4935908734271347323,2026-01-08 19:04:15.847122
2026-01-08,24666,CBJ,VEG,30005355,Mikael Pyyhtia,shots_on_goal,rf_qrf_shots_on_goal,0.3.0,empirical_qrf,0.009526594133000029,0.0,0.018459020629656753,,4935908734271347323,2026-01-08 19:04:15.847122
2026-01-08,24666,CBJ,VEG,30005568,Owen Sillinger,shots_on_goal,rf_qrf_shots_on_goal,0.3.0,empirical_qrf,0.07015979903140959,0.0,0.16461187214611878,,4935908734271347323,2026-01-08 19:04:15.847122
2026-01-08,24666,CBJ,VEG,30005637,Denton Mateychuk,shots_on_goal,rf_qrf_shots_on_goal,0.3.0,empirical_qrf,0.08128301147544112,0.024539877300613498,0.14670588235294119,,4935908734271347323,2026-01-08 19:04:15.847122
2026-01-08,24666,CBJ,VEG,30005664,Luca Del Bel Belluz,shots_on_goal,rf_qrf_shots_on_goal,0.3.0,empirical_qrf,0.0016527777777777778,0.0,0.0,,4935908734271347323,2026-01-08 19:04:15.847122
2026-01-08,24666,CBJ,VEG,30005699,Jordan Dumais,shots_on_goal,rf_qrf_shots_on_goal,0.3.0,empirical_qrf,0.015531352896886952,0.012522822275359365,0.018816241009627505,,4935908734271347323,2026-01-08 19:04:15.847122
2026-01-08,24666,CBJ,VEG,30005733,Roman Ahcan,shots_on_goal,rf_qrf_shots_on_goal,0.3.0,empirical_qrf,0.07970482737662858,0.04016071428571429,0.12101112234580386,,4935908734271347323,2026-01-08 19:04:15.847122
2026-01-08,24666,CBJ,VEG,30005736,Nolan Lalonde,shots_on_goal,rf_qrf_shots_on_goal,0.3.0,empirical_qrf,0.015531352896886952,0.012522822275359365,0.018816241009627505,,4935908734271347323,2026-01-08 19:04:15.847122
2026-01-08,24666,CBJ,VEG,30006022,Justin Pearson,shots_on_goal,rf_qrf_shots_on_goal,0.3.0,empirical_qrf,0.015531352896886952,0.012522822275359365,0.018816241009627505,,4935908734271347323,2026-01-08 19:04:15.847122
2026-01-08,24666,CBJ,VEG,30006026,Hunter McKown,shots_on_goal,rf_qrf_shots_on_goal,0.3.0,empirical_qrf,0.20048511862181312,0.0,0.4559659090909094,,4935908734271347323,2026-01-08 19:04:15.847122
2026-01-08,24666,CBJ,VEG,30006063,Adam Fantilli,shots_on_goal,rf_qrf_shots_on_goal,0.3.0,empirical_qrf,0.15068969456469455,0.0,0.6750000000000018,,4935908734271347323,2026-01-08 19:04:15.847122
2026-01-08,24666,CBJ,VEG,30006337,Riley Bezeau,shots_on_goal,rf_qrf_shots_on_goal,0.3.0,empirical_qrf,0.07970482737662858,0.04016071428571429,0.12101112234580386,,4935908734271347323,2026-01-08 19:04:15.847122
2026-01-08,24666,VEG,CBJ,30000080,Reilly Smith,shots_on_goal,rf_qrf_shots_on_goal,0.3.0,empirical_qrf,0.2617552308802309,0.0,0.6,,4935908734271347323,2026-01-08 19:04:15.847122
2026-01-08,24666,VEG,CBJ,30000132,Tomas Hertl,shots_on_goal,rf_qrf_shots_on_goal,0.3.0,empirical_qrf,0.0,0.0,0.0,,4935908734271347323,2026-01-08 19:04:15.847122
2026-01-08,24666,VEG,CBJ,30000152,Brayden McNabb,shots_on_goal,rf_qrf_shots_on_goal,0.3.0,empirical_qrf,0.11362002112127921,0.0,0.21447876447876452,,4935908734271347323,2026-01-08 19:04:15.847122
2026-01-08,24666,VEG,CBJ,30000189,Colton Sissons,shots_on_goal,rf_qrf_shots_on_goal,0.3.0,empirical_qrf,0.007509037092067805,0.0,0.01474929474929475,,4935908734271347323,2026-01-08 19:04:15.847122
2026-01-08,24666,VEG,CBJ,30000422,William Karlsson,shots_on_goal,rf_qrf_shots_on_goal,0.3.0,empirical_qrf,0.0,0.0,0.0,,4935908734271347323,2026-01-08 19:04:15.847122
2026-01-08,24666,VEG,CBJ,30000496,Jack Eichel,shots_on_goal,rf_qrf_shots_on_goal,0.3.0,empirical_qrf,0.12213888888888888,0.0,0.5166666666666705,,4935908734271347323,2026-01-08 19:04:15.847122
2026-01-08,24666,VEG,CBJ,30000633,Noah Hanifin,shots_on_goal,rf_qrf_shots_on_goal,0.3.0,empirical_qrf,0.0022933039774484013,0.0,0.0,,4935908734271347323,2026-01-08 19:04:15.847122
2026-01-08,24666,VEG,CBJ,30000694,Keegan Kolesar,shots_on_goal,rf_qrf_shots_on_goal,0.3.0,empirical_qrf,0.07970482737662858,0.04016071428571429,0.12101112234580386,,4935908734271347323,2026-01-08 19:04:15.847122
2026-01-08,24666,VEG,CBJ,30000784,Ivan Barbashev,shots_on_goal,rf_qrf_shots_on_goal,0.3.0,empirical_qrf,0.005649184149184149,0.0,0.0,,4935908734271347323,2026-01-08 19:04:15.847122
2026-01-08,24666,VEG,CBJ,30000793,Alex Pietrangelo,shots_on_goal,rf_qrf_shots_on_goal,0.3.0,empirical_qrf,0.0008095238095238096,0.0,0.0,,4935908734271347323,2026-01-08 19:04:15.847122
2026-01-08,24666,VEG,CBJ,30000881,Jaycob Megna,shots_on_goal,rf_qrf_shots_on_goal,0.3.0,empirical_qrf,0.07970482737662858,0.04016071428571429,0.12101112234580386,,4935908734271347323,2026-01-08 19:04:15.847122
2026-01-08,24666,VEG,CBJ,30000890,Shea Theodore,shots_on_goal,rf_qrf_shots_on_goal,0.3.0,empirical_qrf,0.0958546176046176,0.0,0.0,,4935908734271347323,2026-01-08 19:04:15.847122
2026-01-08,24666,VEG,CBJ,30000927,Ben Hutton,shots_on_goal,rf_qrf_shots_on_goal,0.3.0,empirical_qrf,0.08943776131276131,0.0,0.3333333333333333,,4935908734271347323,2026-01-08 19:04:15.847122
2026-01-08,24666,VEG,CBJ,30001229,Brandon Saad,shots_on_goal,rf_qrf_shots_on_goal,0.3.0,empirical_qrf,0.005335937742915465,0.0,0.0,,4935908734271347323,2026-01-08 19:04:15.847122
2026-01-08,24666,VEG,CBJ,30001246,Mark Stone,shots_on_goal,rf_qrf_shots_on_goal,0.3.0,empirical_qrf,9.80392156862745e-05,0.0,0.0,,4935908734271347323,2026-01-08 19:04:15.847122
2026-01-08,24666,VEG,CBJ,30002608,Brandon Hickey,shots_on_goal,rf_qrf_shots_on_goal,0.3.0,empirical_qrf,0.015531352896886952,0.012522822275359365,0.018816241009627505,,4935908734271347323,2026-01-08 19:04:15.847122
2026-01-08,24666,VEG,CBJ,30002783,Adin Hill,shots_on_goal,rf_qrf_shots_on_goal,0.3.0,empirical_qrf,0.015531352896886952,0.012522822275359365,0.018816241009627505,,4935908734271347323,2026-01-08 19:04:15.847122
2026-01-08,24666,VEG,CBJ,30002827,Jeremy Lauzon,shots_on_goal,rf_qrf_shots_on_goal,0.3.0,empirical_qrf,0.007509037092067805,0.0,0.01474929474929475,,4935908734271347323,2026-01-08 19:04:15.847122
2026-01-08,24666,VEG,CBJ,30003153,Brett Howden,shots_on_goal,rf_qrf_shots_on_goal,0.3.0,empirical_qrf,0.08456015314641606,0.0,0.1670731707317074,,4935908734271347323,2026-01-08 19:04:15.847122
2026-01-08,24666,VEG,CBJ,30003155,Lucas Johansen,shots_on_goal,rf_qrf_shots_on_goal,0.3.0,empirical_qrf,0.015531352896886952,0.012522822275359365,0.018816241009627505,,4935908734271347323,2026-01-08 19:04:15.847122
2026-01-08,24666,VEG,CBJ,30003166,Carter Hart,shots_on_goal,rf_qrf_shots_on_goal,0.3.0,empirical_qrf,0.0,0.0,0.0,,4935908734271347323,2026-01-08 19:04:15.847122
2026-01-08,24666,VEG,CBJ,30003342,Mitchell Marner,shots_on_goal,rf_qrf_shots_on_goal,0.3.0,empirical_qrf,0.0,0.0,0.0,,4935908734271347323,2026-01-08 19:04:15.847122
2026-01-08,24666,VEG,CBJ,30003396,Dylan Coghlan,shots_on_goal,rf_qrf_shots_on_goal,0.3.0,empirical_qrf,0.0,0.0,0.0,,4935908734271347323,2026-01-08 19:04:15.847122
2026-01-08,24666,VEG,CBJ,30003924,Jeremy Davies,shots_on_goal,rf_qrf_shots_on_goal,0.3.0,empirical_qrf,0.11906119157699963,0.058823529411764705,0.18181818181818182,,4935908734271347323,2026-01-08 19:04:15.847122
2026-01-08,24666,VEG,CBJ,30003961,Tanner Laczynski,shots_on_goal,rf_qrf_shots_on_goal,0.3.0,empirical_qrf,0.033650363114766164,0.0,0.07692307692307693,,4935908734271347323,2026-01-08 19:04:15.847122
2026-01-08,24666,VEG,CBJ,30003997,Zach Whitecloud,shots_on_goal,rf_qrf_shots_on_goal,0.3.0,empirical_qrf,0.08128301147544112,0.024539877300613498,0.14670588235294119,,4935908734271347323,2026-01-08 19:04:15.847122
2026-01-08,24666,VEG,CBJ,30004243,Mitchell McLain,shots_on_goal,rf_qrf_shots_on_goal,0.3.0,empirical_qrf,0.0017585978835978832,0.0,0.0,,4935908734271347323,2026-01-08 19:04:15.847122
2026-01-08,24666,VEG,CBJ,30004341,Akira Schmid,shots_on_goal,rf_qrf_shots_on_goal,0.3.0,empirical_qrf,0.015531352896886952,0.012522822275359365,0.018816241009627505,,4935908734271347323,2026-01-08 19:04:15.847122
2026-01-08,24666,VEG,CBJ,30004503,Raphael Lavoie,shots_on_goal,rf_qrf_shots_on_goal,0.3.0,empirical_qrf,0.0,0.0,0.0,,4935908734271347323,2026-01-08 19:04:15.847122
2026-01-08,24666,VEG,CBJ,30004510,Kaedan Korczak,shots_on_goal,rf_qrf_shots_on_goal,0.3.0,empirical_qrf,0.0,0.0,0.0,,4935908734271347323,2026-01-08 19:04:15.847122
2026-01-08,24666,VEG,CBJ,30004532,Pavel Dorofeyev,shots_on_goal,rf_qrf_shots_on_goal,0.3.0,empirical_qrf,0.0,0.0,0.0,,4935908734271347323,2026-01-08 19:04:15.847122
2026-01-08,24666,VEG,CBJ,30004805,Alexander Holtz,shots_on_goal,rf_qrf_shots_on_goal,0.3.0,empirical_qrf,0.033650363114766164,0.0,0.07692307692307693,,4935908734271347323,2026-01-08 19:04:15.847122
2026-01-08,24666,VEG,CBJ,30004831,Lukas Cormier,shots_on_goal,rf_qrf_shots_on_goal,0.3.0,empirical_qrf,0.08456015314641606,0.0,0.1670731707317074,,4935908734271347323,2026-01-08 19:04:15.847122
2026-01-08,24666,VEG,CBJ,30004947,Cole Reinhardt,shots_on_goal,rf_qrf_shots_on_goal,0.3.0,empirical_qrf,0.07970482737662858,0.04016071428571429,0.12101112234580386,,4935908734271347323,2026-01-08 19:04:15.847122
2026-01-08,24666,VEG,CBJ,30005106,Jakub Brabenec,shots_on_goal,rf_qrf_shots_on_goal,0.3.0,empirical_qrf,0.21390154546462598,0.0,0.5,,4935908734271347323,2026-01-08 19:04:15.847122
2026-01-08,24666,VEG,CBJ,30005109,Jakub Demek,shots_on_goal,rf_qrf_shots_on_goal,0.3.0,empirical_qrf,0.007509037092067805,0.0,0.01474929474929475,,4935908734271347323,2026-01-08 19:04:15.847122
2026-01-08,24666,VEG,CBJ,30005112,Jesper Vikman,shots_on_goal,rf_qrf_shots_on_goal,0.3.0,empirical_qrf,0.015531352896886952,0.012522822275359365,0.018816241009627505,,4935908734271347323,2026-01-08 19:04:15.847122
2026-01-08,24666,VEG,CBJ,30005162,Riley McKay,shots_on_goal,rf_qrf_shots_on_goal,0.3.0,empirical_qrf,0.015531352896886952,0.012522822275359365,0.018816241009627505,,4935908734271347323,2026-01-08 19:04:15.847122
2026-01-08,24666,VEG,CBJ,30005320,Carl Lindbom,shots_on_goal,rf_qrf_shots_on_goal,0.3.0,empirical_qrf,0.015531352896886952,0.012522822275359365,0.018816241009627505,,4935908734271347323,2026-01-08 19:04:15.847122
2026-01-08,24666,VEG,CBJ,30005406,Kevin Wall,shots_on_goal,rf_qrf_shots_on_goal,0.3.0,empirical_qrf,0.015531352896886952,0.012522822275359365,0.018816241009627505,,4935908734271347323,2026-01-08 19:04:15.847122
2026-01-08,24666,VEG,CBJ,30005679,Matyas Sapovaliv,shots_on_goal,rf_qrf_shots_on_goal,0.3.0,empirical_qrf,0.015205243761395124,0.0056657223796034,0.02588172526114793,,4935908734271347323,2026-01-08 19:04:15.847122
2026-01-08,24666,VEG,CBJ,30005795,Ben Hemmerling,shots_on_goal,rf_qrf_shots_on_goal,0.3.0,empirical_qrf,0.07970482737662858,0.04016071428571429,0.12101112234580386,,4935908734271347323,2026-01-08 19:04:15.847122
2026-01-08,24666,VEG,CBJ,30005809,Joe Fleming,shots_on_goal,rf_qrf_shots_on_goal,0.3.0,empirical_qrf,0.0,0.0,0.0,,4935908734271347323,2026-01-08 19:04:15.847122
2026-01-08,24666,VEG,CBJ,30005815,Jordan Papirny,shots_on_goal,rf_qrf_shots_on_goal,0.3.0,empirical_qrf,0.015531352896886952,0.012522822275359365,0.018816241009627505,,4935908734271347323,2026-01-08 19:04:15.847122
2026-01-08,24666,VEG,CBJ,30005829,Christoffer Sedoff,shots_on_goal,rf_qrf_shots_on_goal,0.3.0,empirical_qrf,0.015205243761395124,0.0056657223796034,0.02588172526114793,,4935908734271347323,2026-01-08 19:04:15.847122
2026-01-08,24666,VEG,CBJ,30005841,Samuel Mayer,shots_on_goal,rf_qrf_shots_on_goal,0.3.0,empirical_qrf,0.015531352896886952,0.012522822275359365,0.018816241009627505,,4935908734271347323,2026-01-08 19:04:15.847122
2026-01-08,24666,VEG,CBJ,30005944,Braeden Bowman,shots_on_goal,rf_qrf_shots_on_goal,0.3.0,empirical_qrf,0.11362002112127921,0.0,0.21447876447876452,,4935908734271347323,2026-01-08 19:04:15.847122
2026-01-08,24666,VEG,CBJ,30006216,Carter Sotheran,shots_on_goal,rf_qrf_shots_on_goal,0.3.0,empirical_qrf,0.015531352896886952,0.012522822275359365,0.018816241009627505,,4935908734271347323,2026-01-08 19:04:15.847122
2026-01-08,24666,VEG,CBJ,30006232,Tuomas Uronen,shots_on_goal,rf_qrf_shots_on_goal,0.3.0,empirical_qrf,0.015531352896886952,0.012522822275359365,0.018816241009627505,,4935908734271347323,2026-01-08 19:04:15.847122
2026-01-08,24666,VEG,CBJ,30006391,Mazden Leslie,shots_on_goal,rf_qrf_shots_on_goal,0.3.0,empirical_qrf,0.015531352896886952,0.012522822275359365,0.018816241009627505,,4935908734271347323,2026-01-08 19:04:15.847122
2026-01-08,24665,MIN,SEA,30003167,Boris Katchouk,shots_on_goal,rf_qrf_shots_on_goal,0.3.0,empirical_qrf,0.029458420342103834,0.0,0.07407407407407407,,4935908734271347323,2026-01-08 19:04:15.847122
2026-01-08,24655,TOR,PHI,30005769,Marshall Rifai,shots_on_goal,rf_qrf_shots_on_goal,0.3.0,empirical_qrf,0.007509037092067805,0.0,0.01474929474929475,,4935908734271347323,2026-01-08 19:04:15.847122
2026-01-08,24656,PIT,NJ,30004799,Yegor Chinakhov,shots_on_goal,rf_qrf_shots_on_goal,0.3.0,empirical_qrf,0.0,0.0,0.0,,4935908734271347323,2026-01-08 19:04:15.847122
2026-01-08,24659,CAR,ANA,30005577,Noah Philp,shots_on_goal,rf_qrf_shots_on_goal,0.3.0,empirical_qrf,0.17093716931216932,0.0,0.6666666666666666,,4935908734271347323,2026-01-08 19:04:15.847122
2026-01-08,24663,NYI,NAS,30003226,Ethan Bear,shots_on_goal,rf_qrf_shots_on_goal,0.3.0,empirical_qrf,0.015531352896886952,0.012522822275359365,0.018816241009627505,,4935908734271347323,2026-01-08 19:04:15.847122
2026-01-08,24666,CBJ,VEG,30002631,Danton Heinen,shots_on_goal,rf_qrf_shots_on_goal,0.3.0,empirical_qrf,0.033650363114766164,0.0,0.07692307692307693,,4935908734271347323,2026-01-08 19:04:15.847122
2026-01-08,24655,TOR,PHI,30003014,Matt Benning,shots_on_goal,rf_qrf_shots_on_goal,0.3.0,empirical_qrf,0.04595980844318702,0.0,0.1111111111111111,,4935908734271347323,2026-01-08 19:04:15.847122
2026-01-08,24655,TOR,PHI,30006463,Jacob Quillan,shots_on_goal,rf_qrf_shots_on_goal,0.3.0,empirical_qrf,0.009526594133000029,0.0,0.018459020629656753,,4935908734271347323,2026-01-08 19:04:15.847122
2026-01-08,24655,PHI,TOR,30004488,Philip Tomasino,shots_on_goal,rf_qrf_shots_on_goal,0.3.0,empirical_qrf,0.005430555555555555,0.0,0.0,,4935908734271347323,2026-01-08 19:04:15.847122
2026-01-08,24656,PIT,NJ,30000613,Ryan Graves,shots_on_goal,rf_qrf_shots_on_goal,0.3.0,empirical_qrf,0.0,0.0,0.0,,4935908734271347323,2026-01-08 19:04:15.847122
2026-01-08,24657,NYR,BUF,30000599,Anton Blidh,shots_on_goal,rf_qrf_shots_on_goal,0.3.0,empirical_qrf,0.0,0.0,0.0,,4935908734271347323,2026-01-08 19:04:15.847122
2026-01-08,24657,NYR,BUF,30001251,Justin Dowling,shots_on_goal,rf_qrf_shots_on_goal,0.3.0,empirical_qrf,0.009526594133000029,0.0,0.018459020629656753,,4935908734271347323,2026-01-08 19:04:15.847122
2026-01-08,24662,EDM,WPG,30005646,Isaac Howard,shots_on_goal,rf_qrf_shots_on_goal,0.3.0,empirical_qrf,0.0,0.0,0.0,,4935908734271347323,2026-01-08 19:04:15.847122
2026-01-08,24663,NYI,NAS,30006041,Cole McWard,shots_on_goal,rf_qrf_shots_on_goal,0.3.0,empirical_qrf,0.07970482737662858,0.04016071428571429,0.12101112234580386,,4935908734271347323,2026-01-08 19:04:15.847122
2026-01-08,24659,CAR,ANA,30003662,Juuso Valimaki,shots_on_goal,rf_qrf_shots_on_goal,0.3.0,empirical_qrf,0.015531352896886952,0.012522822275359365,0.018816241009627505,,4935908734271347323,2026-01-08 19:04:15.847122
2026-01-08,24661,CGY,BOS,30006494,Zayne Parekh,shots_on_goal,rf_qrf_shots_on_goal,0.3.0,empirical_qrf,0.0,0.0,0.0,,4935908734271347323,2026-01-08 19:04:15.847122
2026-01-08,24666,CBJ,VEG,30004205,Egor Zamula,shots_on_goal,rf_qrf_shots_on_goal,0.3.0,empirical_qrf,0.04573698940138687,0.0,0.09090909090909091,,4935908734271347323,2026-01-08 19:04:15.847122
2026-01-08,24659,ANA,CAR,30006849,Tim Washe,shots_on_goal,rf_qrf_shots_on_goal,0.3.0,empirical_qrf,0.007509037092067805,0.0,0.01474929474929475,,4935908734271347323,2026-01-08 19:04:15.847122
2026-01-08,24659,ANA,CAR,30006017,Nikita Nesterenko,shots_on_goal,rf_qrf_shots_on_goal,0.3.0,empirical_qrf,0.0001282051282051282,0.0,0.0,,4935908734271347323,2026-01-08 19:04:15.847122
2026-01-08,24665,SEA,MIN,30006120,Oscar Fisker Molgaard,shots_on_goal,rf_qrf_shots_on_goal,0.3.0,empirical_qrf,0.0,0.0,0.0,,4935908734271347323,2026-01-08 19:04:15.847122
2026-01-08,24655,TOR,PHI,,,total_goals,ets_sum_team_goals,0.3.0,ets_sum,16.100666212818894,0.0,0.0,,4935908734271347323,2026-01-08 19:04:16.510628
2026-01-08,24656,NJ,PIT,,,total_goals,ets_sum_team_goals,0.3.0,ets_sum,15.701948897137173,0.0,0.0,,4935908734271347323,2026-01-08 19:04:16.510815
2026-01-08,24657,BUF,NYR,,,total_goals,ets_sum_team_goals,0.3.0,ets_sum,16.995142482767978,0.0,0.0,,4935908734271347323,2026-01-08 19:04:16.510976
2026-01-08,24658,FLA,MON,,,total_goals,ets_sum_team_goals,0.3.0,ets_sum,16.335831864302698,0.0,0.0,,4935908734271347323,2026-01-08 19:04:16.511132
2026-01-08,24659,ANA,CAR,,,total_goals,ets_sum_team_goals,0.3.0,ets_sum,14.945410988828755,0.0,0.0,,4935908734271347323,2026-01-08 19:04:16.511285
2026-01-08,24660,VAN,DET,,,total_goals,ets_sum_team_goals,0.3.0,ets_sum,15.761248089308669,0.0,0.0,,4935908734271347323,2026-01-08 19:04:16.511437
2026-01-08,24661,CGY,BOS,,,total_goals,ets_sum_team_goals,0.3.0,ets_sum,14.008734971910565,0.0,0.0,,4935908734271347323,2026-01-08 19:04:16.511609
2026-01-08,24662,EDM,WPG,,,total_goals,ets_sum_team_goals,0.3.0,ets_sum,15.752633382760399,0.0,0.0,,4935908734271347323,2026-01-08 19:04:16.511763
2026-01-08,24663,NYI,NAS,,,total_goals,ets_sum_team_goals,0.3.0,ets_sum,13.8362479029249,0.0,0.0,,4935908734271347323,2026-01-08 19:04:16.511912
2026-01-08,24664,OTT,COL,,,total_goals,ets_sum_team_goals,0.3.0,ets_sum,15.966750386616269,0.0,0.0,,4935908734271347323,2026-01-08 19:04:16.512057
2026-01-08,24665,MIN,SEA,,,total_goals,ets_sum_team_goals,0.3.0,ets_sum,14.189356182350275,0.0,0.0,,4935908734271347323,2026-01-08 19:04:16.512201
2026-01-08,24666,CBJ,VEG,,,total_goals,ets_sum_team_goals,0.3.0,ets_sum,14.279009064533316,0.0,0.0,,4935908734271347323,2026-01-08 19:04:16.512361
