date,game_id,team,opponent,player_id,name,target,model_name,model_version,distribution,lambda_or_mu,q10,q90,p_ge_k_json,run_id,created_ts
2026-01-10,24670,NYR,BOS,30000123,Jonathan Quick,points,rf_qrf_points,0.3.0,empirical_qrf,0.008252033145247993,0.0066416483365913164,0.0100163508603959,,1041171555324455918,2026-01-10 19:59:10.883801
2026-01-10,24670,NYR,BOS,30000226,Vincent Trocheck,points,rf_qrf_points,0.3.0,empirical_qrf,0.009511904761904761,0.0,0.0,,1041171555324455918,2026-01-10 19:59:10.883801
2026-01-10,24670,NYR,BOS,30000410,Conor Sheary,points,rf_qrf_points,0.3.0,empirical_qrf,0.20510864598364598,0.0,0.5,,1041171555324455918,2026-01-10 19:59:10.883801
2026-01-10,24670,NYR,BOS,30000467,Mika Zibanejad,points,rf_qrf_points,0.3.0,empirical_qrf,0.01425,0.0,0.0,,1041171555324455918,2026-01-10 19:59:10.883801
2026-01-10,24670,NYR,BOS,30000489,Sam Carrick,points,rf_qrf_points,0.3.0,empirical_qrf,0.12659792947215565,0.0,0.23529411764705882,,1041171555324455918,2026-01-10 19:59:10.883801
2026-01-10,24670,NYR,BOS,30000617,J.T. Miller,points,rf_qrf_points,0.3.0,empirical_qrf,0.0850674603174603,0.0,0.0,,1041171555324455918,2026-01-10 19:59:10.883801
2026-01-10,24670,BOS,NYR,30006392,Luke Cavallin,points,rf_qrf_points,0.3.0,empirical_qrf,0.008252033145247993,0.0066416483365913164,0.0100163508603959,,1041171555324455918,2026-01-10 19:59:10.883801
2026-01-10,24670,NYR,BOS,30000599,Anton Blidh,points,rf_qrf_points,0.3.0,empirical_qrf,0.0,0.0,0.0,,1041171555324455918,2026-01-10 19:59:10.883801
2026-01-10,24670,NYR,BOS,30001251,Justin Dowling,points,rf_qrf_points,0.3.0,empirical_qrf,0.0,0.0,0.0,,1041171555324455918,2026-01-10 19:59:10.883801
2026-01-10,24670,BOS,NYR,30005651,Matthew Poitras,points,rf_qrf_points,0.3.0,empirical_qrf,0.03478134815523501,0.0,0.08333333333333333,,1041171555324455918,2026-01-10 19:59:10.883801
2026-01-10,24670,BOS,NYR,30005658,Fraser Minten,points,rf_qrf_points,0.3.0,empirical_qrf,0.025570899233305428,0.0,0.06060606060606061,,1041171555324455918,2026-01-10 19:59:10.883801
2026-01-10,24670,BOS,NYR,30005749,Nolan Maier,points,rf_qrf_points,0.3.0,empirical_qrf,0.0013888888888888887,0.0,0.0,,1041171555324455918,2026-01-10 19:59:10.883801
2026-01-10,24670,BOS,NYR,30005760,Joseph Abate,points,rf_qrf_points,0.3.0,empirical_qrf,0.017944300201272263,0.008090662244118174,0.030987217305801378,,1041171555324455918,2026-01-10 19:59:10.883801
2026-01-10,24670,BOS,NYR,30005797,Frederic Brunet,points,rf_qrf_points,0.3.0,empirical_qrf,0.021838317677763844,0.0,0.04305750350631137,,1041171555324455918,2026-01-10 19:59:10.883801
2026-01-10,24670,BOS,NYR,30005798,Jackson Edward,points,rf_qrf_points,0.3.0,empirical_qrf,0.2229028628606802,0.0,0.42857142857142855,,1041171555324455918,2026-01-10 19:59:10.883801
2026-01-10,24670,BOS,NYR,30004998,Fabian Lysell,points,rf_qrf_points,0.3.0,empirical_qrf,0.048987510372651526,0.0,0.11764705882352941,,1041171555324455918,2026-01-10 19:59:10.883801
2026-01-10,24670,BOS,NYR,30005130,Brett Harrison,points,rf_qrf_points,0.3.0,empirical_qrf,0.5861805555555556,0.0,2.5,,1041171555324455918,2026-01-10 19:59:10.883801
2026-01-10,24670,BOS,NYR,30005170,Maximus Wanner,points,rf_qrf_points,0.3.0,empirical_qrf,0.008252033145247993,0.0066416483365913164,0.0100163508603959,,1041171555324455918,2026-01-10 19:59:10.883801
2026-01-10,24670,BOS,NYR,30005341,Shawn Element,points,rf_qrf_points,0.3.0,empirical_qrf,0.008252033145247993,0.0066416483365913164,0.0100163508603959,,1041171555324455918,2026-01-10 19:59:10.883801
2026-01-10,24670,BOS,NYR,30005367,Michael Callahan,points,rf_qrf_points,0.3.0,empirical_qrf,0.0,0.0,0.0,,1041171555324455918,2026-01-10 19:59:10.883801
2026-01-10,24670,BOS,NYR,30005580,Georgi Merkulov,points,rf_qrf_points,0.3.0,empirical_qrf,0.0,0.0,0.0,,1041171555324455918,2026-01-10 19:59:10.883801
2026-01-10,24670,BOS,NYR,30004513,John Farinacci,points,rf_qrf_points,0.3.0,empirical_qrf,0.0,0.0,0.0,,1041171555324455918,2026-01-10 19:59:10.883801
2026-01-10,24670,BOS,NYR,30004546,Vladislav Kolyachonok,points,rf_qrf_points,0.3.0,empirical_qrf,0.0,0.0,0.0,,1041171555324455918,2026-01-10 19:59:10.883801
2026-01-10,24670,BOS,NYR,30004640,Francois Brassard,points,rf_qrf_points,0.3.0,empirical_qrf,0.022452306545166535,0.0,0.046189624329159226,,1041171555324455918,2026-01-10 19:59:10.883801
2026-01-10,24670,BOS,NYR,30004851,Marat Khusnutdinov,points,rf_qrf_points,0.3.0,empirical_qrf,0.33218232230732225,0.0,0.8,,1041171555324455918,2026-01-10 19:59:10.883801
2026-01-10,24670,BOS,NYR,30004858,Mason Lohrei,points,rf_qrf_points,0.3.0,empirical_qrf,0.025570899233305428,0.0,0.06060606060606061,,1041171555324455918,2026-01-10 19:59:10.883801
2026-01-10,24670,BOS,NYR,30004929,Alex Steeves,points,rf_qrf_points,0.3.0,empirical_qrf,0.0,0.0,0.0,,1041171555324455918,2026-01-10 19:59:10.883801
2026-01-10,24670,BOS,NYR,30003890,Mikey Eyssimont,points,rf_qrf_points,0.3.0,empirical_qrf,0.013657407407407405,0.0,0.0,,1041171555324455918,2026-01-10 19:59:10.883801
2026-01-10,24670,BOS,NYR,30003912,Mark Kastelic,points,rf_qrf_points,0.3.0,empirical_qrf,0.01001476703263672,0.0,0.019422200174804526,,1041171555324455918,2026-01-10 19:59:10.883801
2026-01-10,24670,BOS,NYR,30003991,Jeremy Swayman,points,rf_qrf_points,0.3.0,empirical_qrf,0.008252033145247993,0.0066416483365913164,0.0100163508603959,,1041171555324455918,2026-01-10 19:59:10.883801
2026-01-10,24670,BOS,NYR,30004166,Jordan Harris,points,rf_qrf_points,0.3.0,empirical_qrf,0.00705952380952381,0.0,0.0,,1041171555324455918,2026-01-10 19:59:10.883801
2026-01-10,24670,BOS,NYR,30004281,Jonathan Aspirot,points,rf_qrf_points,0.3.0,empirical_qrf,0.017944300201272263,0.008090662244118174,0.030987217305801378,,1041171555324455918,2026-01-10 19:59:10.883801
2026-01-10,24670,BOS,NYR,30004477,Victor Soderstrom,points,rf_qrf_points,0.3.0,empirical_qrf,0.0012777777777777776,0.0,0.0,,1041171555324455918,2026-01-10 19:59:10.883801
2026-01-10,24670,BOS,NYR,30003401,Jeffrey Viel,points,rf_qrf_points,0.3.0,empirical_qrf,0.0,0.0,0.0,,1041171555324455918,2026-01-10 19:59:10.883801
2026-01-10,24670,BOS,NYR,30003442,Tanner Jeannot,points,rf_qrf_points,0.3.0,empirical_qrf,0.011096986359523865,0.0,0.02603149063326056,,1041171555324455918,2026-01-10 19:59:10.883801
2026-01-10,24670,BOS,NYR,30003581,Shane Starrett,points,rf_qrf_points,0.3.0,empirical_qrf,0.0,0.0,0.0,,1041171555324455918,2026-01-10 19:59:10.883801
2026-01-10,24670,BOS,NYR,30003643,Casey Mittelstadt,points,rf_qrf_points,0.3.0,empirical_qrf,0.006430555555555556,0.0,0.0,,1041171555324455918,2026-01-10 19:59:10.883801
2026-01-10,24670,BOS,NYR,30003657,Henri Jokiharju,points,rf_qrf_points,0.3.0,empirical_qrf,0.0,0.0,0.0,,1041171555324455918,2026-01-10 19:59:10.883801
2026-01-10,24670,BOS,NYR,30003704,Morgan Geekie,points,rf_qrf_points,0.3.0,empirical_qrf,0.006388888888888888,0.0,0.0,,1041171555324455918,2026-01-10 19:59:10.883801
2026-01-10,24670,BOS,NYR,30001264,Hampus Lindholm,points,rf_qrf_points,0.3.0,empirical_qrf,0.05284635553137599,0.01282051282051282,0.0975609756097561,,1041171555324455918,2026-01-10 19:59:10.883801
2026-01-10,24670,BOS,NYR,30002853,Sean Kuraly,points,rf_qrf_points,0.3.0,empirical_qrf,0.0,0.0,0.0,,1041171555324455918,2026-01-10 19:59:10.883801
2026-01-10,24670,BOS,NYR,30003020,Kasimir Kaskisuo,points,rf_qrf_points,0.3.0,empirical_qrf,0.00100704524233936,0.0,0.0,,1041171555324455918,2026-01-10 19:59:10.883801
2026-01-10,24670,BOS,NYR,30003147,Charlie McAvoy,points,rf_qrf_points,0.3.0,empirical_qrf,0.0,0.0,0.0,,1041171555324455918,2026-01-10 19:59:10.883801
2026-01-10,24670,BOS,NYR,30003151,Riley Tufte,points,rf_qrf_points,0.3.0,empirical_qrf,0.0,0.0,0.0,,1041171555324455918,2026-01-10 19:59:10.883801
2026-01-10,24670,BOS,NYR,30003185,Andrew Peeke,points,rf_qrf_points,0.3.0,empirical_qrf,0.017944300201272263,0.008090662244118174,0.030987217305801378,,1041171555324455918,2026-01-10 19:59:10.883801
2026-01-10,24670,BOS,NYR,30000393,Joonas Korpisalo,points,rf_qrf_points,0.3.0,empirical_qrf,0.008252033145247993,0.0066416483365913164,0.0100163508603959,,1041171555324455918,2026-01-10 19:59:10.883801
2026-01-10,24670,BOS,NYR,30000607,David Pastrnak,points,rf_qrf_points,0.3.0,empirical_qrf,0.01716468253968254,0.0,0.0,,1041171555324455918,2026-01-10 19:59:10.883801
2026-01-10,24670,BOS,NYR,30000630,Patrick Brown,points,rf_qrf_points,0.3.0,empirical_qrf,0.0005555555555555556,0.0,0.0,,1041171555324455918,2026-01-10 19:59:10.883801
2026-01-10,24670,BOS,NYR,30000636,Elias Lindholm,points,rf_qrf_points,0.3.0,empirical_qrf,0.009305555555555555,0.0,0.0,,1041171555324455918,2026-01-10 19:59:10.883801
2026-01-10,24670,BOS,NYR,30000909,Nikita Zadorov,points,rf_qrf_points,0.3.0,empirical_qrf,0.0017777777777777776,0.0,0.0,,1041171555324455918,2026-01-10 19:59:10.883801
2026-01-10,24670,BOS,NYR,30000995,Pavel Zacha,points,rf_qrf_points,0.3.0,empirical_qrf,0.0,0.0,0.0,,1041171555324455918,2026-01-10 19:59:10.883801
2026-01-10,24670,NYR,BOS,30005883,Noah Laba,points,rf_qrf_points,0.3.0,empirical_qrf,0.006361111111111111,0.0,0.0,,1041171555324455918,2026-01-10 19:59:10.883801
2026-01-10,24670,NYR,BOS,30006074,Gabe Perreault,points,rf_qrf_points,0.3.0,empirical_qrf,0.2569014757029463,0.0,0.6,,1041171555324455918,2026-01-10 19:59:10.883801
2026-01-10,24670,NYR,BOS,30006118,Carey Terrance,points,rf_qrf_points,0.3.0,empirical_qrf,0.01001476703263672,0.0,0.019422200174804526,,1041171555324455918,2026-01-10 19:59:10.883801
2026-01-10,24670,NYR,BOS,30006174,Dylan Roobroeck,points,rf_qrf_points,0.3.0,empirical_qrf,0.0,0.0,0.0,,1041171555324455918,2026-01-10 19:59:10.883801
2026-01-10,24670,NYR,BOS,30006331,Brett Budgell,points,rf_qrf_points,0.3.0,empirical_qrf,0.008252033145247993,0.0066416483365913164,0.0100163508603959,,1041171555324455918,2026-01-10 19:59:10.883801
2026-01-10,24670,BOS,NYR,30000245,Viktor Arvidsson,points,rf_qrf_points,0.3.0,empirical_qrf,0.05284635553137599,0.01282051282051282,0.0975609756097561,,1041171555324455918,2026-01-10 19:59:10.883801
2026-01-10,24670,NYR,BOS,30005183,Matt Rempe,points,rf_qrf_points,0.3.0,empirical_qrf,0.0,0.0,0.0,,1041171555324455918,2026-01-10 19:59:10.883801
2026-01-10,24670,NYR,BOS,30005223,Kyle Jackson,points,rf_qrf_points,0.3.0,empirical_qrf,0.008252033145247993,0.0066416483365913164,0.0100163508603959,,1041171555324455918,2026-01-10 19:59:10.883801
2026-01-10,24670,NYR,BOS,30005252,Adam Edstrom,points,rf_qrf_points,0.3.0,empirical_qrf,0.0,0.0,0.0,,1041171555324455918,2026-01-10 19:59:10.883801
2026-01-10,24670,NYR,BOS,30005563,Brandon Scanlin,points,rf_qrf_points,0.3.0,empirical_qrf,0.07098063053634672,0.024390243902439025,0.12,,1041171555324455918,2026-01-10 19:59:10.883801
2026-01-10,24670,NYR,BOS,30005662,Adam Sykora,points,rf_qrf_points,0.3.0,empirical_qrf,0.017944300201272263,0.008090662244118174,0.030987217305801378,,1041171555324455918,2026-01-10 19:59:10.883801
2026-01-10,24670,NYR,BOS,30005686,Bryce McConnell-Barker,points,rf_qrf_points,0.3.0,empirical_qrf,0.022452306545166535,0.0,0.046189624329159226,,1041171555324455918,2026-01-10 19:59:10.883801
2026-01-10,24670,NYR,BOS,30004887,Brett Berard,points,rf_qrf_points,0.3.0,empirical_qrf,0.0,0.0,0.0,,1041171555324455918,2026-01-10 19:59:10.883801
2026-01-10,24670,NYR,BOS,30004896,Dylan Garand,points,rf_qrf_points,0.3.0,empirical_qrf,0.008252033145247993,0.0066416483365913164,0.0100163508603959,,1041171555324455918,2026-01-10 19:59:10.883801
2026-01-10,24670,NYR,BOS,30004968,Juuso Parssinen,points,rf_qrf_points,0.3.0,empirical_qrf,0.0,0.0,0.0,,1041171555324455918,2026-01-10 19:59:10.883801
2026-01-10,24670,NYR,BOS,30004987,Brennan Othmann,points,rf_qrf_points,0.3.0,empirical_qrf,0.12659792947215565,0.0,0.23529411764705882,,1041171555324455918,2026-01-10 19:59:10.883801
2026-01-10,24670,NYR,BOS,30005014,Scott Morrow,points,rf_qrf_points,0.3.0,empirical_qrf,0.0,0.0,0.0,,1041171555324455918,2026-01-10 19:59:10.883801
2026-01-10,24670,NYR,BOS,30005069,Christopher Merisier-Ortiz,points,rf_qrf_points,0.3.0,empirical_qrf,0.008252033145247993,0.0066416483365913164,0.0100163508603959,,1041171555324455918,2026-01-10 19:59:10.883801
2026-01-10,24670,NYR,BOS,30004504,Matthew Robertson,points,rf_qrf_points,0.3.0,empirical_qrf,0.02384460933442847,0.006285377358490566,0.042682926829268296,,1041171555324455918,2026-01-10 19:59:10.883801
2026-01-10,24670,NYR,BOS,30004749,Connor Mackey,points,rf_qrf_points,0.3.0,empirical_qrf,0.0,0.0,0.0,,1041171555324455918,2026-01-10 19:59:10.883801
2026-01-10,24670,NYR,BOS,30004797,Brendan Brisson,points,rf_qrf_points,0.3.0,empirical_qrf,0.0,0.0,0.0,,1041171555324455918,2026-01-10 19:59:10.883801
2026-01-10,24670,NYR,BOS,30004807,Alexis Lafrenière,points,rf_qrf_points,0.3.0,empirical_qrf,0.025570899233305428,0.0,0.06060606060606061,,1041171555324455918,2026-01-10 19:59:10.883801
2026-01-10,24670,NYR,BOS,30004820,Braden Schneider,points,rf_qrf_points,0.3.0,empirical_qrf,0.011096986359523865,0.0,0.02603149063326056,,1041171555324455918,2026-01-10 19:59:10.883801
2026-01-10,24670,NYR,BOS,30004832,Will Cuylle,points,rf_qrf_points,0.3.0,empirical_qrf,0.015894961519961517,0.0,0.0,,1041171555324455918,2026-01-10 19:59:10.883801
2026-01-10,24670,NYR,BOS,30003202,Casey Fitzgerald,points,rf_qrf_points,0.3.0,empirical_qrf,0.011096986359523865,0.0,0.02603149063326056,,1041171555324455918,2026-01-10 19:59:10.883801
2026-01-10,24670,NYR,BOS,30003583,Carson Soucy,points,rf_qrf_points,0.3.0,empirical_qrf,0.03478134815523501,0.0,0.08333333333333333,,1041171555324455918,2026-01-10 19:59:10.883801
2026-01-10,24670,NYR,BOS,30003649,Urho Vaakanainen,points,rf_qrf_points,0.3.0,empirical_qrf,0.011096986359523865,0.0,0.02603149063326056,,1041171555324455918,2026-01-10 19:59:10.883801
2026-01-10,24670,NYR,BOS,30003743,Will Borgen,points,rf_qrf_points,0.3.0,empirical_qrf,0.0,0.0,0.0,,1041171555324455918,2026-01-10 19:59:10.883801
2026-01-10,24670,NYR,BOS,30003952,Blake Hillman,points,rf_qrf_points,0.3.0,empirical_qrf,0.008252033145247993,0.0066416483365913164,0.0100163508603959,,1041171555324455918,2026-01-10 19:59:10.883801
2026-01-10,24670,NYR,BOS,30004430,Vladislav Gavrikov,points,rf_qrf_points,0.3.0,empirical_qrf,0.0,0.0,0.0,,1041171555324455918,2026-01-10 19:59:10.883801
2026-01-10,24670,NYR,BOS,30001322,Artemi Panarin,points,rf_qrf_points,0.3.0,empirical_qrf,0.004027777777777778,0.0,0.0,,1041171555324455918,2026-01-10 19:59:10.883801
2026-01-10,24670,NYR,BOS,30002524,Spencer Martin,points,rf_qrf_points,0.3.0,empirical_qrf,0.008252033145247993,0.0066416483365913164,0.0100163508603959,,1041171555324455918,2026-01-10 19:59:10.883801
2026-01-10,24670,NYR,BOS,30002967,Jonny Brodzinski,points,rf_qrf_points,0.3.0,empirical_qrf,0.0,0.0,0.0,,1041171555324455918,2026-01-10 19:59:10.883801
2026-01-10,24670,NYR,BOS,30002999,Igor Shesterkin,points,rf_qrf_points,0.3.0,empirical_qrf,0.008252033145247993,0.0066416483365913164,0.0100163508603959,,1041171555324455918,2026-01-10 19:59:10.883801
2026-01-10,24670,NYR,BOS,30003170,Taylor Raddysh,points,rf_qrf_points,0.3.0,empirical_qrf,0.017944300201272263,0.008090662244118174,0.030987217305801378,,1041171555324455918,2026-01-10 19:59:10.883801
2026-01-10,24670,NYR,BOS,30003194,Adam Fox,points,rf_qrf_points,0.3.0,empirical_qrf,0.0,0.0,0.0,,1041171555324455918,2026-01-10 19:59:10.883801
2026-01-10,24671,CGY,PIT,30000032,Nazem Kadri,points,rf_qrf_points,0.3.0,empirical_qrf,0.0,0.0,0.0,,1041171555324455918,2026-01-10 19:59:10.883801
2026-01-10,24671,CGY,PIT,30000103,Mikael Backlund,points,rf_qrf_points,0.3.0,empirical_qrf,0.0,0.0,0.0,,1041171555324455918,2026-01-10 19:59:10.883801
2026-01-10,24671,CGY,PIT,30000237,MacKenzie Weegar,points,rf_qrf_points,0.3.0,empirical_qrf,0.0459437359407801,0.0,0.10526315789473684,,1041171555324455918,2026-01-10 19:59:10.883801
2026-01-10,24671,CGY,PIT,30000311,Blake Coleman,points,rf_qrf_points,0.3.0,empirical_qrf,0.016324510619808684,0.0,0.03773584905660377,,1041171555324455918,2026-01-10 19:59:10.883801
2026-01-10,24671,CGY,PIT,30000766,Jonathan Huberdeau,points,rf_qrf_points,0.3.0,empirical_qrf,0.0,0.0,0.0,,1041171555324455918,2026-01-10 19:59:10.883801
2026-01-10,24671,CGY,PIT,30001029,Martin Frk,points,rf_qrf_points,0.3.0,empirical_qrf,0.00015151515151515152,0.0,0.0,,1041171555324455918,2026-01-10 19:59:10.883801
2026-01-10,24671,PIT,CGY,30004262,Rafael Harvey-Pinard,points,rf_qrf_points,0.3.0,empirical_qrf,0.017944300201272263,0.008090662244118174,0.030987217305801378,,1041171555324455918,2026-01-10 19:59:10.883801
2026-01-10,24671,PIT,CGY,30006354,Jaxon Castor,points,rf_qrf_points,0.3.0,empirical_qrf,0.008252033145247993,0.0066416483365913164,0.0100163508603959,,1041171555324455918,2026-01-10 19:59:10.883801
2026-01-10,24671,PIT,CGY,30006363,Finn Harding,points,rf_qrf_points,0.3.0,empirical_qrf,0.008252033145247993,0.0066416483365913164,0.0100163508603959,,1041171555324455918,2026-01-10 19:59:10.883801
2026-01-10,24671,PIT,CGY,30006867,Benjamin Kindel,points,rf_qrf_points,0.3.0,empirical_qrf,0.004462962962962963,0.0,0.0,,1041171555324455918,2026-01-10 19:59:10.883801
2026-01-10,24671,PIT,CGY,30004799,Yegor Chinakhov,points,rf_qrf_points,0.3.0,empirical_qrf,0.0,0.0,0.0,,1041171555324455918,2026-01-10 19:59:10.883801
2026-01-10,24671,PIT,CGY,30000613,Ryan Graves,points,rf_qrf_points,0.3.0,empirical_qrf,0.0,0.0,0.0,,1041171555324455918,2026-01-10 19:59:10.883801
2026-01-10,24671,CGY,PIT,30006494,Zayne Parekh,points,rf_qrf_points,0.3.0,empirical_qrf,0.0,0.0,0.0,,1041171555324455918,2026-01-10 19:59:10.883801
2026-01-10,24671,PIT,CGY,30005403,Jack St. Ivany,points,rf_qrf_points,0.3.0,empirical_qrf,0.011096986359523865,0.0,0.02603149063326056,,1041171555324455918,2026-01-10 19:59:10.883801
2026-01-10,24671,PIT,CGY,30005511,Aidan McDonough,points,rf_qrf_points,0.3.0,empirical_qrf,0.02384460933442847,0.006285377358490566,0.042682926829268296,,1041171555324455918,2026-01-10 19:59:10.883801
2026-01-10,24671,PIT,CGY,30005623,Rutger McGroarty,points,rf_qrf_points,0.3.0,empirical_qrf,0.0,0.0,0.0,,1041171555324455918,2026-01-10 19:59:10.883801
2026-01-10,24671,PIT,CGY,30005635,Owen Pickering,points,rf_qrf_points,0.3.0,empirical_qrf,0.05284635553137599,0.01282051282051282,0.0975609756097561,,1041171555324455918,2026-01-10 19:59:10.883801
2026-01-10,24671,PIT,CGY,30005966,Avery Hayes,points,rf_qrf_points,0.3.0,empirical_qrf,0.0041031746031746025,0.0,0.0,,1041171555324455918,2026-01-10 19:59:10.883801
2026-01-10,24671,PIT,CGY,30006137,Emil Pieniniemi,points,rf_qrf_points,0.3.0,empirical_qrf,0.0,0.0,0.0,,1041171555324455918,2026-01-10 19:59:10.883801
2026-01-10,24671,PIT,CGY,30004960,Valtteri Puustinen,points,rf_qrf_points,0.3.0,empirical_qrf,0.0,0.0,0.0,,1041171555324455918,2026-01-10 19:59:10.883801
2026-01-10,24671,PIT,CGY,30005027,Ville Koivunen,points,rf_qrf_points,0.3.0,empirical_qrf,0.33218232230732225,0.0,0.8,,1041171555324455918,2026-01-10 19:59:10.883801
2026-01-10,24671,PIT,CGY,30005066,Raivis Ansons,points,rf_qrf_points,0.3.0,empirical_qrf,0.008252033145247993,0.0066416483365913164,0.0100163508603959,,1041171555324455918,2026-01-10 19:59:10.883801
2026-01-10,24671,PIT,CGY,30005197,Taylor Gauthier,points,rf_qrf_points,0.3.0,empirical_qrf,0.008252033145247993,0.0066416483365913164,0.0100163508603959,,1041171555324455918,2026-01-10 19:59:10.883801
2026-01-10,24671,PIT,CGY,30005267,William Dufour,points,rf_qrf_points,0.3.0,empirical_qrf,0.0,0.0,0.0,,1041171555324455918,2026-01-10 19:59:10.883801
2026-01-10,24671,PIT,CGY,30005330,Callahan Burke,points,rf_qrf_points,0.3.0,empirical_qrf,0.008252033145247993,0.0066416483365913164,0.0100163508603959,,1041171555324455918,2026-01-10 19:59:10.883801
2026-01-10,24671,PIT,CGY,30004181,Connor Dewar,points,rf_qrf_points,0.3.0,empirical_qrf,0.000976608187134503,0.0,0.0,,1041171555324455918,2026-01-10 19:59:10.883801
2026-01-10,24671,PIT,CGY,30004423,Blake Lizotte,points,rf_qrf_points,0.3.0,empirical_qrf,0.002919062409885376,0.0,0.006351228389444951,,1041171555324455918,2026-01-10 19:59:10.883801
2026-01-10,24671,PIT,CGY,30004609,Arturs Silovs,points,rf_qrf_points,0.3.0,empirical_qrf,0.008252033145247993,0.0066416483365913164,0.0100163508603959,,1041171555324455918,2026-01-10 19:59:10.883801
2026-01-10,24671,PIT,CGY,30004788,Ryan Shea,points,rf_qrf_points,0.3.0,empirical_qrf,0.0,0.0,0.0,,1041171555324455918,2026-01-10 19:59:10.883801
2026-01-10,24671,PIT,CGY,30004825,Joel Blomqvist,points,rf_qrf_points,0.3.0,empirical_qrf,0.008252033145247993,0.0066416483365913164,0.0100163508603959,,1041171555324455918,2026-01-10 19:59:10.883801
2026-01-10,24671,PIT,CGY,30004918,Philip Kemp,points,rf_qrf_points,0.3.0,empirical_qrf,0.002919062409885376,0.0,0.006351228389444951,,1041171555324455918,2026-01-10 19:59:10.883801
2026-01-10,24671,PIT,CGY,30003391,Justin Brazeau,points,rf_qrf_points,0.3.0,empirical_qrf,0.016324510619808684,0.0,0.03773584905660377,,1041171555324455918,2026-01-10 19:59:10.883801
2026-01-10,24671,PIT,CGY,30003586,Joona Koppanen,points,rf_qrf_points,0.3.0,empirical_qrf,0.05284635553137599,0.01282051282051282,0.0975609756097561,,1041171555324455918,2026-01-10 19:59:10.883801
2026-01-10,24671,PIT,CGY,30003729,Stuart Skinner,points,rf_qrf_points,0.3.0,empirical_qrf,0.008252033145247993,0.0066416483365913164,0.0100163508603959,,1041171555324455918,2026-01-10 19:59:10.883801
2026-01-10,24671,PIT,CGY,30003739,Sebastian Aho,points,rf_qrf_points,0.3.0,empirical_qrf,0.01001476703263672,0.0,0.019422200174804526,,1041171555324455918,2026-01-10 19:59:10.883801
2026-01-10,24671,PIT,CGY,30003893,Connor Clifton,points,rf_qrf_points,0.3.0,empirical_qrf,0.0,0.0,0.0,,1041171555324455918,2026-01-10 19:59:10.883801
2026-01-10,24671,PIT,CGY,30004100,Alexander Alexeyev,points,rf_qrf_points,0.3.0,empirical_qrf,0.002919062409885376,0.0,0.006351228389444951,,1041171555324455918,2026-01-10 19:59:10.883801
2026-01-10,24671,PIT,CGY,30001100,Bryan Rust,points,rf_qrf_points,0.3.0,empirical_qrf,0.023115079365079363,0.0,0.0,,1041171555324455918,2026-01-10 19:59:10.883801
2026-01-10,24671,PIT,CGY,30001235,Noel Acciari,points,rf_qrf_points,0.3.0,empirical_qrf,0.002919062409885376,0.0,0.006351228389444951,,1041171555324455918,2026-01-10 19:59:10.883801
2026-01-10,24671,PIT,CGY,30002778,Tommy Novak,points,rf_qrf_points,0.3.0,empirical_qrf,0.0,0.0,0.0,,1041171555324455918,2026-01-10 19:59:10.883801
2026-01-10,24671,PIT,CGY,30002874,Caleb Jones,points,rf_qrf_points,0.3.0,empirical_qrf,0.0,0.0,0.0,,1041171555324455918,2026-01-10 19:59:10.883801
2026-01-10,24671,PIT,CGY,30003030,Bokondji Imama,points,rf_qrf_points,0.3.0,empirical_qrf,0.008252033145247993,0.0066416483365913164,0.0100163508603959,,1041171555324455918,2026-01-10 19:59:10.883801
2026-01-10,24671,PIT,CGY,30003099,Parker Wotherspoon,points,rf_qrf_points,0.3.0,empirical_qrf,0.0,0.0,0.0,,1041171555324455918,2026-01-10 19:59:10.883801
2026-01-10,24671,PIT,CGY,30000651,Sidney Crosby,points,rf_qrf_points,0.3.0,empirical_qrf,0.010226190476190477,0.0,0.0,,1041171555324455918,2026-01-10 19:59:10.883801
2026-01-10,24671,PIT,CGY,30000658,Kris Letang,points,rf_qrf_points,0.3.0,empirical_qrf,0.0,0.0,0.0,,1041171555324455918,2026-01-10 19:59:10.883801
2026-01-10,24671,PIT,CGY,30000660,Evgeni Malkin,points,rf_qrf_points,0.3.0,empirical_qrf,0.0045462962962962965,0.0,0.0,,1041171555324455918,2026-01-10 19:59:10.883801
2026-01-10,24671,PIT,CGY,30000806,Matt Dumba,points,rf_qrf_points,0.3.0,empirical_qrf,0.0,0.0,0.0,,1041171555324455918,2026-01-10 19:59:10.883801
2026-01-10,24671,PIT,CGY,30000848,Anthony Mantha,points,rf_qrf_points,0.3.0,empirical_qrf,0.0,0.0,0.0,,1041171555324455918,2026-01-10 19:59:10.883801
2026-01-10,24671,PIT,CGY,30000888,Rickard Rakell,points,rf_qrf_points,0.3.0,empirical_qrf,0.0,0.0,0.0,,1041171555324455918,2026-01-10 19:59:10.883801
2026-01-10,24671,CGY,PIT,30006136,Hunter Brzustewicz,points,rf_qrf_points,0.3.0,empirical_qrf,0.1910938381364078,0.0,0.4444444444444444,,1041171555324455918,2026-01-10 19:59:10.883801
2026-01-10,24671,CGY,PIT,30006371,Matt Radomsky,points,rf_qrf_points,0.3.0,empirical_qrf,0.008252033145247993,0.0066416483365913164,0.0100163508603959,,1041171555324455918,2026-01-10 19:59:10.883801
2026-01-10,24671,CGY,PIT,30006372,Connor Murphy,points,rf_qrf_points,0.3.0,empirical_qrf,0.008252033145247993,0.0066416483365913164,0.0100163508603959,,1041171555324455918,2026-01-10 19:59:10.883801
2026-01-10,24671,PIT,CGY,30000445,Erik Karlsson,points,rf_qrf_points,0.3.0,empirical_qrf,0.006430555555555556,0.0,0.0,,1041171555324455918,2026-01-10 19:59:10.883801
2026-01-10,24671,PIT,CGY,30000557,Brett Kulak,points,rf_qrf_points,0.3.0,empirical_qrf,0.0,0.0,0.0,,1041171555324455918,2026-01-10 19:59:10.883801
2026-01-10,24671,PIT,CGY,30000615,Kevin Hayes,points,rf_qrf_points,0.3.0,empirical_qrf,0.013596340388007052,0.0,0.0,,1041171555324455918,2026-01-10 19:59:10.883801
2026-01-10,24671,CGY,PIT,30005142,Rory Kerins,points,rf_qrf_points,0.3.0,empirical_qrf,0.000976608187134503,0.0,0.0,,1041171555324455918,2026-01-10 19:59:10.883801
2026-01-10,24671,CGY,PIT,30005297,Nick Cicek,points,rf_qrf_points,0.3.0,empirical_qrf,0.022452306545166535,0.0,0.046189624329159226,,1041171555324455918,2026-01-10 19:59:10.883801
2026-01-10,24671,CGY,PIT,30005595,Adam Klapka,points,rf_qrf_points,0.3.0,empirical_qrf,0.1910938381364078,0.0,0.4444444444444444,,1041171555324455918,2026-01-10 19:59:10.883801
2026-01-10,24671,CGY,PIT,30005729,Parker Bell,points,rf_qrf_points,0.3.0,empirical_qrf,0.008252033145247993,0.0066416483365913164,0.0100163508603959,,1041171555324455918,2026-01-10 19:59:10.883801
2026-01-10,24671,CGY,PIT,30006084,Samuel Honzek,points,rf_qrf_points,0.3.0,empirical_qrf,0.0459437359407801,0.0,0.10526315789473684,,1041171555324455918,2026-01-10 19:59:10.883801
2026-01-10,24671,CGY,PIT,30006111,Etienne Morin,points,rf_qrf_points,0.3.0,empirical_qrf,0.0,0.0,0.0,,1041171555324455918,2026-01-10 19:59:10.883801
2026-01-10,24671,CGY,PIT,30004855,Yan Kuznetsov,points,rf_qrf_points,0.3.0,empirical_qrf,0.02384460933442847,0.006285377358490566,0.042682926829268296,,1041171555324455918,2026-01-10 19:59:10.883801
2026-01-10,24671,CGY,PIT,30004869,Jeremie Poirier,points,rf_qrf_points,0.3.0,empirical_qrf,0.008252033145247993,0.0066416483365913164,0.0100163508603959,,1041171555324455918,2026-01-10 19:59:10.883801
2026-01-10,24671,CGY,PIT,30004925,Daniil Miromanov,points,rf_qrf_points,0.3.0,empirical_qrf,0.0,0.0,0.0,,1041171555324455918,2026-01-10 19:59:10.883801
2026-01-10,24671,CGY,PIT,30004993,Matt Coronato,points,rf_qrf_points,0.3.0,empirical_qrf,0.0,0.0,0.0,,1041171555324455918,2026-01-10 19:59:10.883801
2026-01-10,24671,CGY,PIT,30005038,William Stromgren,points,rf_qrf_points,0.3.0,empirical_qrf,0.008252033145247993,0.0066416483365913164,0.0100163508603959,,1041171555324455918,2026-01-10 19:59:10.883801
2026-01-10,24671,CGY,PIT,30005139,Lucas Ciona,points,rf_qrf_points,0.3.0,empirical_qrf,0.008252033145247993,0.0066416483365913164,0.0100163508603959,,1041171555324455918,2026-01-10 19:59:10.883801
2026-01-10,24671,CGY,PIT,30004310,Brayden Pachal,points,rf_qrf_points,0.3.0,empirical_qrf,0.0,0.0,0.0,,1041171555324455918,2026-01-10 19:59:10.883801
2026-01-10,24671,CGY,PIT,30004363,Martin Pospisil,points,rf_qrf_points,0.3.0,empirical_qrf,0.0,0.0,0.0,,1041171555324455918,2026-01-10 19:59:10.883801
2026-01-10,24671,CGY,PIT,30004493,John Beecher,points,rf_qrf_points,0.3.0,empirical_qrf,0.0,0.0,0.0,,1041171555324455918,2026-01-10 19:59:10.883801
2026-01-10,24671,CGY,PIT,30004665,Dustin Wolf,points,rf_qrf_points,0.3.0,empirical_qrf,0.008252033145247993,0.0066416483365913164,0.0100163508603959,,1041171555324455918,2026-01-10 19:59:10.883801
2026-01-10,24671,CGY,PIT,30004791,Devin Cooley,points,rf_qrf_points,0.3.0,empirical_qrf,0.008252033145247993,0.0066416483365913164,0.0100163508603959,,1041171555324455918,2026-01-10 19:59:10.883801
2026-01-10,24671,CGY,PIT,30004823,Connor Zary,points,rf_qrf_points,0.3.0,empirical_qrf,0.0,0.0,0.0,,1041171555324455918,2026-01-10 19:59:10.883801
2026-01-10,24671,CGY,PIT,30003145,Jake Bean,points,rf_qrf_points,0.3.0,empirical_qrf,0.017944300201272263,0.008090662244118174,0.030987217305801378,,1041171555324455918,2026-01-10 19:59:10.883801
2026-01-10,24671,CGY,PIT,30003418,Alex Gallant,points,rf_qrf_points,0.3.0,empirical_qrf,0.008252033145247993,0.0066416483365913164,0.0100163508603959,,1041171555324455918,2026-01-10 19:59:10.883801
2026-01-10,24671,CGY,PIT,30003656,Morgan Frost,points,rf_qrf_points,0.3.0,empirical_qrf,0.001,0.0,0.0,,1041171555324455918,2026-01-10 19:59:10.883801
2026-01-10,24671,CGY,PIT,30004089,Joel Farabee,points,rf_qrf_points,0.3.0,empirical_qrf,0.05611586099086099,0.0,0.25,,1041171555324455918,2026-01-10 19:59:10.883801
2026-01-10,24671,CGY,PIT,30004162,Kevin Bahl,points,rf_qrf_points,0.3.0,empirical_qrf,0.0,0.0,0.0,,1041171555324455918,2026-01-10 19:59:10.883801
2026-01-10,24671,CGY,PIT,30004190,Yegor Sharangovich,points,rf_qrf_points,0.3.0,empirical_qrf,0.004237373737373738,0.0,0.0,,1041171555324455918,2026-01-10 19:59:10.883801
2026-01-10,24671,CGY,PIT,30001133,Rasmus Andersson,points,rf_qrf_points,0.3.0,empirical_qrf,0.0,0.0,0.0,,1041171555324455918,2026-01-10 19:59:10.883801
2026-01-10,24671,CGY,PIT,30001248,Joel Hanley,points,rf_qrf_points,0.3.0,empirical_qrf,0.03504405202610481,0.0,0.08,,1041171555324455918,2026-01-10 19:59:10.883801
2026-01-10,24671,CGY,PIT,30002217,Ryan Lomberg,points,rf_qrf_points,0.3.0,empirical_qrf,0.05284635553137599,0.01282051282051282,0.0975609756097561,,1041171555324455918,2026-01-10 19:59:10.883801
2026-01-10,24671,CGY,PIT,30002595,Justin Kirkland,points,rf_qrf_points,0.3.0,empirical_qrf,0.0,0.0,0.0,,1041171555324455918,2026-01-10 19:59:10.883801
2026-01-10,24671,CGY,PIT,30002668,Clark Bishop,points,rf_qrf_points,0.3.0,empirical_qrf,0.002919062409885376,0.0,0.006351228389444951,,1041171555324455918,2026-01-10 19:59:10.883801
2026-01-10,24671,CGY,PIT,30003001,Dryden Hunt,points,rf_qrf_points,0.3.0,empirical_qrf,0.0,0.0,0.0,,1041171555324455918,2026-01-10 19:59:10.883801
2026-01-10,24672,DAL,SJ,30000166,Alexander Petrovic,points,rf_qrf_points,0.3.0,empirical_qrf,0.0,0.0,0.0,,1041171555324455918,2026-01-10 19:59:10.883801
2026-01-10,24672,DAL,SJ,30000702,Antoine Bibeau,points,rf_qrf_points,0.3.0,empirical_qrf,0.008252033145247993,0.0066416483365913164,0.0100163508603959,,1041171555324455918,2026-01-10 19:59:10.883801
2026-01-10,24672,DAL,SJ,30000735,Adam Erne,points,rf_qrf_points,0.3.0,empirical_qrf,0.3682145853372633,0.0,0.8571428571428571,,1041171555324455918,2026-01-10 19:59:10.883801
2026-01-10,24672,DAL,SJ,30000750,Radek Faksa,points,rf_qrf_points,0.3.0,empirical_qrf,0.01717818029923293,0.0,0.0,,1041171555324455918,2026-01-10 19:59:10.883801
2026-01-10,24672,DAL,SJ,30000755,Esa Lindell,points,rf_qrf_points,0.3.0,empirical_qrf,0.0,0.0,0.0,,1041171555324455918,2026-01-10 19:59:10.883801
2026-01-10,24672,DAL,SJ,30000756,Curtis McKenzie,points,rf_qrf_points,0.3.0,empirical_qrf,0.008252033145247993,0.0066416483365913164,0.0100163508603959,,1041171555324455918,2026-01-10 19:59:10.883801
2026-01-10,24672,SJ,DAL,30006859,Michael Misa,points,rf_qrf_points,0.3.0,empirical_qrf,0.050125499971887075,0.0,0.11764705882352941,,1041171555324455918,2026-01-10 19:59:10.883801
2026-01-10,24672,SJ,DAL,30001456,Laurent Brossoit,points,rf_qrf_points,0.3.0,empirical_qrf,0.008252033145247993,0.0066416483365913164,0.0100163508603959,,1041171555324455918,2026-01-10 19:59:10.883801
2026-01-10,24672,SJ,DAL,30005003,Nolan Allan,points,rf_qrf_points,0.3.0,empirical_qrf,0.012083119709923186,0.0,0.023809523809523808,,1041171555324455918,2026-01-10 19:59:10.883801
2026-01-10,24672,SJ,DAL,30006189,Luca Cagnoni,points,rf_qrf_points,0.3.0,empirical_qrf,0.0,0.0,0.0,,1041171555324455918,2026-01-10 19:59:10.883801
2026-01-10,24672,SJ,DAL,30006307,Anthony Vincent,points,rf_qrf_points,0.3.0,empirical_qrf,0.0,0.0,0.0,,1041171555324455918,2026-01-10 19:59:10.883801
2026-01-10,24672,SJ,DAL,30006468,Collin Graf,points,rf_qrf_points,0.3.0,empirical_qrf,0.016324510619808684,0.0,0.03773584905660377,,1041171555324455918,2026-01-10 19:59:10.883801
2026-01-10,24672,SJ,DAL,30006484,Sam Dickinson,points,rf_qrf_points,0.3.0,empirical_qrf,0.0,0.0,0.0,,1041171555324455918,2026-01-10 19:59:10.883801
2026-01-10,24672,SJ,DAL,30006491,Macklin Celebrini,points,rf_qrf_points,0.3.0,empirical_qrf,0.0,0.0,0.0,,1041171555324455918,2026-01-10 19:59:10.883801
2026-01-10,24672,SJ,DAL,30006523,Igor Chernyshov,points,rf_qrf_points,0.3.0,empirical_qrf,0.01001476703263672,0.0,0.019422200174804526,,1041171555324455918,2026-01-10 19:59:10.883801
2026-01-10,24672,SJ,DAL,30005649,Filip Bystedt,points,rf_qrf_points,0.3.0,empirical_qrf,0.008252033145247993,0.0066416483365913164,0.0100163508603959,,1041171555324455918,2026-01-10 19:59:10.883801
2026-01-10,24672,SJ,DAL,30005752,Patrick Giles,points,rf_qrf_points,0.3.0,empirical_qrf,0.0,0.0,0.0,,1041171555324455918,2026-01-10 19:59:10.883801
2026-01-10,24672,SJ,DAL,30006008,Nolan Burke,points,rf_qrf_points,0.3.0,empirical_qrf,0.008252033145247993,0.0066416483365913164,0.0100163508603959,,1041171555324455918,2026-01-10 19:59:10.883801
2026-01-10,24672,SJ,DAL,30006066,Will Smith,points,rf_qrf_points,0.3.0,empirical_qrf,0.000976608187134503,0.0,0.0,,1041171555324455918,2026-01-10 19:59:10.883801
2026-01-10,24672,SJ,DAL,30006085,Quentin Musty,points,rf_qrf_points,0.3.0,empirical_qrf,0.00100704524233936,0.0,0.0,,1041171555324455918,2026-01-10 19:59:10.883801
2026-01-10,24672,SJ,DAL,30006114,Kasper Halttunen,points,rf_qrf_points,0.3.0,empirical_qrf,0.0,0.0,0.0,,1041171555324455918,2026-01-10 19:59:10.883801
2026-01-10,24672,SJ,DAL,30005013,Zack Ostapchuk,points,rf_qrf_points,0.3.0,empirical_qrf,0.021838317677763844,0.0,0.04305750350631137,,1041171555324455918,2026-01-10 19:59:10.883801
2026-01-10,24672,SJ,DAL,30005031,Vincent Iorio,points,rf_qrf_points,0.3.0,empirical_qrf,0.021838317677763844,0.0,0.04305750350631137,,1041171555324455918,2026-01-10 19:59:10.883801
2026-01-10,24672,SJ,DAL,30005081,Cole Clayton,points,rf_qrf_points,0.3.0,empirical_qrf,0.03504405202610481,0.0,0.08,,1041171555324455918,2026-01-10 19:59:10.883801
2026-01-10,24672,SJ,DAL,30005207,Ethan Cardwell,points,rf_qrf_points,0.3.0,empirical_qrf,0.0005555555555555556,0.0,0.0,,1041171555324455918,2026-01-10 19:59:10.883801
2026-01-10,24672,SJ,DAL,30005602,Pavol Regenda,points,rf_qrf_points,0.3.0,empirical_qrf,0.0021944444444444446,0.0,0.0,,1041171555324455918,2026-01-10 19:59:10.883801
2026-01-10,24672,SJ,DAL,30005628,Yaroslav Askarov,points,rf_qrf_points,0.3.0,empirical_qrf,0.008252033145247993,0.0066416483365913164,0.0100163508603959,,1041171555324455918,2026-01-10 19:59:10.883801
2026-01-10,24672,SJ,DAL,30004123,Philipp Kurashev,points,rf_qrf_points,0.3.0,empirical_qrf,0.021838317677763844,0.0,0.04305750350631137,,1041171555324455918,2026-01-10 19:59:10.883801
2026-01-10,24672,SJ,DAL,30004136,Jakub Skarek,points,rf_qrf_points,0.3.0,empirical_qrf,0.008252033145247993,0.0066416483365913164,0.0100163508603959,,1041171555324455918,2026-01-10 19:59:10.883801
2026-01-10,24672,SJ,DAL,30004392,Jimmy Huntington,points,rf_qrf_points,0.3.0,empirical_qrf,0.01001476703263672,0.0,0.019422200174804526,,1041171555324455918,2026-01-10 19:59:10.883801
2026-01-10,24672,SJ,DAL,30004654,Beck Warm,points,rf_qrf_points,0.3.0,empirical_qrf,0.008252033145247993,0.0066416483365913164,0.0100163508603959,,1041171555324455918,2026-01-10 19:59:10.883801
2026-01-10,24672,SJ,DAL,30004811,Shakir Mukhamadullin,points,rf_qrf_points,0.3.0,empirical_qrf,0.1910938381364078,0.0,0.4444444444444444,,1041171555324455918,2026-01-10 19:59:10.883801
2026-01-10,24672,SJ,DAL,30004995,William Eklund,points,rf_qrf_points,0.3.0,empirical_qrf,0.0,0.0,0.0,,1041171555324455918,2026-01-10 19:59:10.883801
2026-01-10,24672,SJ,DAL,30003648,Timothy Liljegren,points,rf_qrf_points,0.3.0,empirical_qrf,0.0,0.0,0.0,,1041171555324455918,2026-01-10 19:59:10.883801
2026-01-10,24672,SJ,DAL,30003651,Shane Bowers,points,rf_qrf_points,0.3.0,empirical_qrf,0.042718693431770115,0.0,0.08450704225352113,,1041171555324455918,2026-01-10 19:59:10.883801
2026-01-10,24672,SJ,DAL,30003693,Mario Ferraro,points,rf_qrf_points,0.3.0,empirical_qrf,0.01001476703263672,0.0,0.019422200174804526,,1041171555324455918,2026-01-10 19:59:10.883801
2026-01-10,24672,SJ,DAL,30003937,Vincent Desharnais,points,rf_qrf_points,0.3.0,empirical_qrf,0.02384460933442847,0.006285377358490566,0.042682926829268296,,1041171555324455918,2026-01-10 19:59:10.883801
2026-01-10,24672,SJ,DAL,30003989,Adam Gaudette,points,rf_qrf_points,0.3.0,empirical_qrf,0.23866143578643573,0.0,0.5,,1041171555324455918,2026-01-10 19:59:10.883801
2026-01-10,24672,SJ,DAL,30004092,Ty Dellandrea,points,rf_qrf_points,0.3.0,empirical_qrf,0.03478134815523501,0.0,0.08333333333333333,,1041171555324455918,2026-01-10 19:59:10.883801
2026-01-10,24672,SJ,DAL,30000642,Jeff Skinner,points,rf_qrf_points,0.3.0,empirical_qrf,0.33218232230732225,0.0,0.8,,1041171555324455918,2026-01-10 19:59:10.883801
2026-01-10,24672,SJ,DAL,30000754,John Klingberg,points,rf_qrf_points,0.3.0,empirical_qrf,0.0,0.0,0.0,,1041171555324455918,2026-01-10 19:59:10.883801
2026-01-10,24672,SJ,DAL,30000914,Barclay Goodrow,points,rf_qrf_points,0.3.0,empirical_qrf,0.0,0.0,0.0,,1041171555324455918,2026-01-10 19:59:10.883801
2026-01-10,24672,SJ,DAL,30001301,Ryan Reaves,points,rf_qrf_points,0.3.0,empirical_qrf,0.008252033145247993,0.0066416483365913164,0.0100163508603959,,1041171555324455918,2026-01-10 19:59:10.883801
2026-01-10,24672,SJ,DAL,30002590,Alex Nedeljkovic,points,rf_qrf_points,0.3.0,empirical_qrf,0.008252033145247993,0.0066416483365913164,0.0100163508603959,,1041171555324455918,2026-01-10 19:59:10.883801
2026-01-10,24672,SJ,DAL,30002693,Aaron Dell,points,rf_qrf_points,0.3.0,empirical_qrf,0.12865079365079365,0.0,0.6,,1041171555324455918,2026-01-10 19:59:10.883801
2026-01-10,24672,SJ,DAL,30000007,Carey Price,points,rf_qrf_points,0.3.0,empirical_qrf,0.008252033145247993,0.0066416483365913164,0.0100163508603959,,1041171555324455918,2026-01-10 19:59:10.883801
2026-01-10,24672,SJ,DAL,30000128,Logan Couture,points,rf_qrf_points,0.3.0,empirical_qrf,0.008252033145247993,0.0066416483365913164,0.0100163508603959,,1041171555324455918,2026-01-10 19:59:10.883801
2026-01-10,24672,SJ,DAL,30000157,Tyler Toffoli,points,rf_qrf_points,0.3.0,empirical_qrf,0.003611111111111111,0.0,0.0,,1041171555324455918,2026-01-10 19:59:10.883801
2026-01-10,24672,SJ,DAL,30000287,Nick Leddy,points,rf_qrf_points,0.3.0,empirical_qrf,0.0,0.0,0.0,,1041171555324455918,2026-01-10 19:59:10.883801
2026-01-10,24672,SJ,DAL,30000384,Dmitry Orlov,points,rf_qrf_points,0.3.0,empirical_qrf,0.0,0.0,0.0,,1041171555324455918,2026-01-10 19:59:10.883801
2026-01-10,24672,SJ,DAL,30000426,Alexander Wennberg,points,rf_qrf_points,0.3.0,empirical_qrf,0.0,0.0,0.0,,1041171555324455918,2026-01-10 19:59:10.883801
2026-01-10,24672,DAL,SJ,30004796,Mavrik Bourque,points,rf_qrf_points,0.3.0,empirical_qrf,0.0009722222222222221,0.0,0.0,,1041171555324455918,2026-01-10 19:59:10.883801
2026-01-10,24672,DAL,SJ,30004844,Cross Hanas,points,rf_qrf_points,0.3.0,empirical_qrf,0.01001476703263672,0.0,0.019422200174804526,,1041171555324455918,2026-01-10 19:59:10.883801
2026-01-10,24672,DAL,SJ,30005004,Wyatt Johnston,points,rf_qrf_points,0.3.0,empirical_qrf,0.1372440476190476,0.0,0.6150000000000034,,1041171555324455918,2026-01-10 19:59:10.883801
2026-01-10,24672,DAL,SJ,30005062,Oskar Bäck,points,rf_qrf_points,0.3.0,empirical_qrf,0.017944300201272263,0.008090662244118174,0.030987217305801378,,1041171555324455918,2026-01-10 19:59:10.883801
2026-01-10,24672,DAL,SJ,30006362,Connor Punnett,points,rf_qrf_points,0.3.0,empirical_qrf,0.008252033145247993,0.0066416483365913164,0.0100163508603959,,1041171555324455918,2026-01-10 19:59:10.883801
2026-01-10,24672,DAL,SJ,30006457,Justin Hryckowian,points,rf_qrf_points,0.3.0,empirical_qrf,0.004237373737373738,0.0,0.0,,1041171555324455918,2026-01-10 19:59:10.883801
2026-01-10,24672,DAL,SJ,30003658,Jake Oettinger,points,rf_qrf_points,0.3.0,empirical_qrf,0.012083119709923186,0.0,0.023809523809523808,,1041171555324455918,2026-01-10 19:59:10.883801
2026-01-10,24672,DAL,SJ,30003689,Jason Robertson,points,rf_qrf_points,0.3.0,empirical_qrf,0.03176587301587302,0.0,0.0,,1041171555324455918,2026-01-10 19:59:10.883801
2026-01-10,24672,DAL,SJ,30003695,Kole Lind,points,rf_qrf_points,0.3.0,empirical_qrf,0.0459437359407801,0.0,0.10526315789473684,,1041171555324455918,2026-01-10 19:59:10.883801
2026-01-10,24672,DAL,SJ,30004061,Ilya Lyubushkin,points,rf_qrf_points,0.3.0,empirical_qrf,0.03504405202610481,0.0,0.08,,1041171555324455918,2026-01-10 19:59:10.883801
2026-01-10,24672,DAL,SJ,30004103,Nils Lundkvist,points,rf_qrf_points,0.3.0,empirical_qrf,0.017944300201272263,0.008090662244118174,0.030987217305801378,,1041171555324455918,2026-01-10 19:59:10.883801
2026-01-10,24672,DAL,SJ,30004482,Thomas Harley,points,rf_qrf_points,0.3.0,empirical_qrf,0.0,0.0,0.0,,1041171555324455918,2026-01-10 19:59:10.883801
2026-01-10,24672,DAL,SJ,30003156,Sam Steel,points,rf_qrf_points,0.3.0,empirical_qrf,0.0,0.0,0.0,,1041171555324455918,2026-01-10 19:59:10.883801
2026-01-10,24672,DAL,SJ,30003165,Nate Bastian,points,rf_qrf_points,0.3.0,empirical_qrf,0.0,0.0,0.0,,1041171555324455918,2026-01-10 19:59:10.883801
2026-01-10,24672,DAL,SJ,30003357,Colin Blackwell,points,rf_qrf_points,0.3.0,empirical_qrf,0.0,0.0,0.0,,1041171555324455918,2026-01-10 19:59:10.883801
2026-01-10,24672,DAL,SJ,30003376,Casey DeSmith,points,rf_qrf_points,0.3.0,empirical_qrf,0.008252033145247993,0.0066416483365913164,0.0100163508603959,,1041171555324455918,2026-01-10 19:59:10.883801
2026-01-10,24672,DAL,SJ,30003585,Cameron Hughes,points,rf_qrf_points,0.3.0,empirical_qrf,0.0,0.0,0.0,,1041171555324455918,2026-01-10 19:59:10.883801
2026-01-10,24672,DAL,SJ,30003640,Miro Heiskanen,points,rf_qrf_points,0.3.0,empirical_qrf,0.0,0.0,0.0,,1041171555324455918,2026-01-10 19:59:10.883801
2026-01-10,24672,DAL,SJ,30000762,Tyler Seguin,points,rf_qrf_points,0.3.0,empirical_qrf,0.0,0.0,0.0,,1041171555324455918,2026-01-10 19:59:10.883801
2026-01-10,24672,DAL,SJ,30000906,Mikko Rantanen,points,rf_qrf_points,0.3.0,empirical_qrf,0.0045462962962962965,0.0,0.0,,1041171555324455918,2026-01-10 19:59:10.883801
2026-01-10,24672,DAL,SJ,30001146,Matt Duchene,points,rf_qrf_points,0.3.0,empirical_qrf,0.0,0.0,0.0,,1041171555324455918,2026-01-10 19:59:10.883801
2026-01-10,24672,DAL,SJ,30001302,Jamie Benn,points,rf_qrf_points,0.3.0,empirical_qrf,0.0,0.0,0.0,,1041171555324455918,2026-01-10 19:59:10.883801
2026-01-10,24672,DAL,SJ,30002811,Roope Hintz,points,rf_qrf_points,0.3.0,empirical_qrf,0.12659792947215565,0.0,0.23529411764705882,,1041171555324455918,2026-01-10 19:59:10.883801
2026-01-10,24672,DAL,SJ,30002842,Kyle Capobianco,points,rf_qrf_points,0.3.0,empirical_qrf,0.01001476703263672,0.0,0.019422200174804526,,1041171555324455918,2026-01-10 19:59:10.883801
2026-01-10,24673,CBJ,COL,30000115,Sean Monahan,points,rf_qrf_points,0.3.0,empirical_qrf,0.0,0.0,0.0,,1041171555324455918,2026-01-10 19:59:10.883801
2026-01-10,24673,CBJ,COL,30000207,Damon Severson,points,rf_qrf_points,0.3.0,empirical_qrf,0.0,0.0,0.0,,1041171555324455918,2026-01-10 19:59:10.883801
2026-01-10,24673,CBJ,COL,30000233,Erik Gudbranson,points,rf_qrf_points,0.3.0,empirical_qrf,0.0,0.0,0.0,,1041171555324455918,2026-01-10 19:59:10.883801
2026-01-10,24673,CBJ,COL,30000623,Ivan Provorov,points,rf_qrf_points,0.3.0,empirical_qrf,0.0,0.0,0.0,,1041171555324455918,2026-01-10 19:59:10.883801
2026-01-10,24673,CBJ,COL,30000778,Boone Jenner,points,rf_qrf_points,0.3.0,empirical_qrf,0.023388888888888893,0.0,0.0,,1041171555324455918,2026-01-10 19:59:10.883801
2026-01-10,24673,CBJ,COL,30000805,Charlie Coyle,points,rf_qrf_points,0.3.0,empirical_qrf,0.0,0.0,0.0,,1041171555324455918,2026-01-10 19:59:10.883801
2026-01-10,24673,COL,CBJ,30006385,Saige Weinstein,points,rf_qrf_points,0.3.0,empirical_qrf,0.008252033145247993,0.0066416483365913164,0.0100163508603959,,1041171555324455918,2026-01-10 19:59:10.883801
2026-01-10,24673,COL,CBJ,30006387,Neil Shea,points,rf_qrf_points,0.3.0,empirical_qrf,0.008252033145247993,0.0066416483365913164,0.0100163508603959,,1041171555324455918,2026-01-10 19:59:10.883801
2026-01-10,24673,CBJ,COL,30002631,Danton Heinen,points,rf_qrf_points,0.3.0,empirical_qrf,0.0,0.0,0.0,,1041171555324455918,2026-01-10 19:59:10.883801
2026-01-10,24673,CBJ,COL,30004205,Egor Zamula,points,rf_qrf_points,0.3.0,empirical_qrf,0.042718693431770115,0.0,0.08450704225352113,,1041171555324455918,2026-01-10 19:59:10.883801
2026-01-10,24673,CBJ,COL,30002593,Dysin Mayo,points,rf_qrf_points,0.3.0,empirical_qrf,0.002919062409885376,0.0,0.006351228389444951,,1041171555324455918,2026-01-10 19:59:10.883801
2026-01-10,24673,COL,CBJ,30005777,Ivan Ivan,points,rf_qrf_points,0.3.0,empirical_qrf,0.012083119709923186,0.0,0.023809523809523808,,1041171555324455918,2026-01-10 19:59:10.883801
2026-01-10,24673,COL,CBJ,30006033,Jason Polin,points,rf_qrf_points,0.3.0,empirical_qrf,0.0,0.0,0.0,,1041171555324455918,2026-01-10 19:59:10.883801
2026-01-10,24673,COL,CBJ,30006036,Sam Malinski,points,rf_qrf_points,0.3.0,empirical_qrf,0.0459437359407801,0.0,0.10526315789473684,,1041171555324455918,2026-01-10 19:59:10.883801
2026-01-10,24673,COL,CBJ,30006102,Gavin Brindley,points,rf_qrf_points,0.3.0,empirical_qrf,7.575757575757576e-05,0.0,0.0,,1041171555324455918,2026-01-10 19:59:10.883801
2026-01-10,24673,COL,CBJ,30006255,Maros Jedlicka,points,rf_qrf_points,0.3.0,empirical_qrf,0.01001476703263672,0.0,0.019422200174804526,,1041171555324455918,2026-01-10 19:59:10.883801
2026-01-10,24673,COL,CBJ,30006377,Noah Ganske,points,rf_qrf_points,0.3.0,empirical_qrf,0.008252033145247993,0.0066416483365913164,0.0100163508603959,,1041171555324455918,2026-01-10 19:59:10.883801
2026-01-10,24673,COL,CBJ,30004842,Danil Gushchin,points,rf_qrf_points,0.3.0,empirical_qrf,0.0459437359407801,0.0,0.10526315789473684,,1041171555324455918,2026-01-10 19:59:10.883801
2026-01-10,24673,COL,CBJ,30004938,Ilya Solovyov,points,rf_qrf_points,0.3.0,empirical_qrf,0.05284635553137599,0.01282051282051282,0.0975609756097561,,1041171555324455918,2026-01-10 19:59:10.883801
2026-01-10,24673,COL,CBJ,30005213,Tyler Inamoto,points,rf_qrf_points,0.3.0,empirical_qrf,0.022452306545166535,0.0,0.046189624329159226,,1041171555324455918,2026-01-10 19:59:10.883801
2026-01-10,24673,COL,CBJ,30005391,Tristen Nielsen,points,rf_qrf_points,0.3.0,empirical_qrf,0.0012261904761904762,0.0,0.0,,1041171555324455918,2026-01-10 19:59:10.883801
2026-01-10,24673,COL,CBJ,30005470,Zakhar Bardakov,points,rf_qrf_points,0.3.0,empirical_qrf,0.12659792947215565,0.0,0.23529411764705882,,1041171555324455918,2026-01-10 19:59:10.883801
2026-01-10,24673,COL,CBJ,30005581,Wyatt Aamodt,points,rf_qrf_points,0.3.0,empirical_qrf,0.0,0.0,0.0,,1041171555324455918,2026-01-10 19:59:10.883801
2026-01-10,24673,COL,CBJ,30004393,Tye Felhaber,points,rf_qrf_points,0.3.0,empirical_qrf,0.02384460933442847,0.006285377358490566,0.042682926829268296,,1041171555324455918,2026-01-10 19:59:10.883801
2026-01-10,24673,COL,CBJ,30004461,Joel Kiviranta,points,rf_qrf_points,0.3.0,empirical_qrf,0.0,0.0,0.0,,1041171555324455918,2026-01-10 19:59:10.883801
2026-01-10,24673,COL,CBJ,30004557,Ronnie Attard,points,rf_qrf_points,0.3.0,empirical_qrf,0.008252033145247993,0.0066416483365913164,0.0100163508603959,,1041171555324455918,2026-01-10 19:59:10.883801
2026-01-10,24673,COL,CBJ,30004569,Matthew Stienburg,points,rf_qrf_points,0.3.0,empirical_qrf,0.02384460933442847,0.006285377358490566,0.042682926829268296,,1041171555324455918,2026-01-10 19:59:10.883801
2026-01-10,24673,COL,CBJ,30004668,Trent Miner,points,rf_qrf_points,0.3.0,empirical_qrf,0.008252033145247993,0.0066416483365913164,0.0100163508603959,,1041171555324455918,2026-01-10 19:59:10.883801
2026-01-10,24673,COL,CBJ,30004757,Jack Ahcan,points,rf_qrf_points,0.3.0,empirical_qrf,0.02384460933442847,0.006285377358490566,0.042682926829268296,,1041171555324455918,2026-01-10 19:59:10.883801
2026-01-10,24673,COL,CBJ,30003898,Parker Kelly,points,rf_qrf_points,0.3.0,empirical_qrf,0.017944300201272263,0.008090662244118174,0.030987217305801378,,1041171555324455918,2026-01-10 19:59:10.883801
2026-01-10,24673,COL,CBJ,30003947,Ross Colton,points,rf_qrf_points,0.3.0,empirical_qrf,0.0,0.0,0.0,,1041171555324455918,2026-01-10 19:59:10.883801
2026-01-10,24673,COL,CBJ,30004026,Victor Olofsson,points,rf_qrf_points,0.3.0,empirical_qrf,0.0,0.0,0.0,,1041171555324455918,2026-01-10 19:59:10.883801
2026-01-10,24673,COL,CBJ,30004119,Jake Wise,points,rf_qrf_points,0.3.0,empirical_qrf,0.008252033145247993,0.0066416483365913164,0.0100163508603959,,1041171555324455918,2026-01-10 19:59:10.883801
2026-01-10,24673,COL,CBJ,30004121,Jack Drury,points,rf_qrf_points,0.3.0,empirical_qrf,0.0,0.0,0.0,,1041171555324455918,2026-01-10 19:59:10.883801
2026-01-10,24673,COL,CBJ,30004191,Logan O'Connor,points,rf_qrf_points,0.3.0,empirical_qrf,0.0,0.0,0.0,,1041171555324455918,2026-01-10 19:59:10.883801
2026-01-10,24673,COL,CBJ,30003488,Keaton Middleton,points,rf_qrf_points,0.3.0,empirical_qrf,0.011096986359523865,0.0,0.02603149063326056,,1041171555324455918,2026-01-10 19:59:10.883801
2026-01-10,24673,COL,CBJ,30003646,Cale Makar,points,rf_qrf_points,0.3.0,empirical_qrf,0.0043518518518518515,0.0,0.0,,1041171555324455918,2026-01-10 19:59:10.883801
2026-01-10,24673,COL,CBJ,30003654,Martin Necas,points,rf_qrf_points,0.3.0,empirical_qrf,0.023797619047619043,0.0,0.0,,1041171555324455918,2026-01-10 19:59:10.883801
2026-01-10,24673,COL,CBJ,30003772,Alex Barré-Boulet,points,rf_qrf_points,0.3.0,empirical_qrf,0.02384460933442847,0.006285377358490566,0.042682926829268296,,1041171555324455918,2026-01-10 19:59:10.883801
2026-01-10,24673,COL,CBJ,30003800,Jacob MacDonald,points,rf_qrf_points,0.3.0,empirical_qrf,0.008252033145247993,0.0066416483365913164,0.0100163508603959,,1041171555324455918,2026-01-10 19:59:10.883801
2026-01-10,24673,COL,CBJ,30003894,Kyle Keyser,points,rf_qrf_points,0.3.0,empirical_qrf,0.008252033145247993,0.0066416483365913164,0.0100163508603959,,1041171555324455918,2026-01-10 19:59:10.883801
2026-01-10,24673,COL,CBJ,30000904,Nathan MacKinnon,points,rf_qrf_points,0.3.0,empirical_qrf,0.05846031746031746,0.0,0.3333333333333333,,1041171555324455918,2026-01-10 19:59:10.883801
2026-01-10,24673,COL,CBJ,30001000,Brock Nelson,points,rf_qrf_points,0.3.0,empirical_qrf,0.003852980352980353,0.0,0.0,,1041171555324455918,2026-01-10 19:59:10.883801
2026-01-10,24673,COL,CBJ,30002512,Artturi Lehkonen,points,rf_qrf_points,0.3.0,empirical_qrf,0.00736111111111111,0.0,0.0,,1041171555324455918,2026-01-10 19:59:10.883801
2026-01-10,24673,COL,CBJ,30002779,Mackenzie Blackwood,points,rf_qrf_points,0.3.0,empirical_qrf,0.008252033145247993,0.0066416483365913164,0.0100163508603959,,1041171555324455918,2026-01-10 19:59:10.883801
2026-01-10,24673,COL,CBJ,30003087,Devon Toews,points,rf_qrf_points,0.3.0,empirical_qrf,0.0,0.0,0.0,,1041171555324455918,2026-01-10 19:59:10.883801
2026-01-10,24673,COL,CBJ,30003183,Samuel Girard,points,rf_qrf_points,0.3.0,empirical_qrf,0.054315086148682475,0.0,0.1,,1041171555324455918,2026-01-10 19:59:10.883801
2026-01-10,24673,COL,CBJ,30000200,Scott Wedgewood,points,rf_qrf_points,0.3.0,empirical_qrf,0.008252033145247993,0.0066416483365913164,0.0100163508603959,,1041171555324455918,2026-01-10 19:59:10.883801
2026-01-10,24673,COL,CBJ,30000318,Jayson Megna,points,rf_qrf_points,0.3.0,empirical_qrf,0.011096986359523865,0.0,0.02603149063326056,,1041171555324455918,2026-01-10 19:59:10.883801
2026-01-10,24673,COL,CBJ,30000697,T.J. Tynan,points,rf_qrf_points,0.3.0,empirical_qrf,0.011096986359523865,0.0,0.02603149063326056,,1041171555324455918,2026-01-10 19:59:10.883801
2026-01-10,24673,COL,CBJ,30000757,Valeri Nichushkin,points,rf_qrf_points,0.3.0,empirical_qrf,0.018553571428571426,0.0,0.0,,1041171555324455918,2026-01-10 19:59:10.883801
2026-01-10,24673,COL,CBJ,30000879,Josh Manson,points,rf_qrf_points,0.3.0,empirical_qrf,0.0,0.0,0.0,,1041171555324455918,2026-01-10 19:59:10.883801
2026-01-10,24673,COL,CBJ,30000903,Gabriel Landeskog,points,rf_qrf_points,0.3.0,empirical_qrf,0.025555555555555554,0.0,0.0,,1041171555324455918,2026-01-10 19:59:10.883801
2026-01-10,24673,CBJ,COL,30005736,Nolan Lalonde,points,rf_qrf_points,0.3.0,empirical_qrf,0.008252033145247993,0.0066416483365913164,0.0100163508603959,,1041171555324455918,2026-01-10 19:59:10.883801
2026-01-10,24673,CBJ,COL,30006022,Justin Pearson,points,rf_qrf_points,0.3.0,empirical_qrf,0.008252033145247993,0.0066416483365913164,0.0100163508603959,,1041171555324455918,2026-01-10 19:59:10.883801
2026-01-10,24673,CBJ,COL,30006026,Hunter McKown,points,rf_qrf_points,0.3.0,empirical_qrf,0.03478134815523501,0.0,0.08333333333333333,,1041171555324455918,2026-01-10 19:59:10.883801
2026-01-10,24673,CBJ,COL,30006063,Adam Fantilli,points,rf_qrf_points,0.3.0,empirical_qrf,0.27120686720686715,0.0,1.0,,1041171555324455918,2026-01-10 19:59:10.883801
2026-01-10,24673,CBJ,COL,30006337,Riley Bezeau,points,rf_qrf_points,0.3.0,empirical_qrf,0.017944300201272263,0.008090662244118174,0.030987217305801378,,1041171555324455918,2026-01-10 19:59:10.883801
2026-01-10,24673,COL,CBJ,30000127,Brent Burns,points,rf_qrf_points,0.3.0,empirical_qrf,0.00825,0.0,0.0,,1041171555324455918,2026-01-10 19:59:10.883801
2026-01-10,24673,CBJ,COL,30005355,Mikael Pyyhtia,points,rf_qrf_points,0.3.0,empirical_qrf,0.0,0.0,0.0,,1041171555324455918,2026-01-10 19:59:10.883801
2026-01-10,24673,CBJ,COL,30005568,Owen Sillinger,points,rf_qrf_points,0.3.0,empirical_qrf,0.016324510619808684,0.0,0.03773584905660377,,1041171555324455918,2026-01-10 19:59:10.883801
2026-01-10,24673,CBJ,COL,30005637,Denton Mateychuk,points,rf_qrf_points,0.3.0,empirical_qrf,0.02384460933442847,0.006285377358490566,0.042682926829268296,,1041171555324455918,2026-01-10 19:59:10.883801
2026-01-10,24673,CBJ,COL,30005664,Luca Del Bel Belluz,points,rf_qrf_points,0.3.0,empirical_qrf,0.0009722222222222221,0.0,0.0,,1041171555324455918,2026-01-10 19:59:10.883801
2026-01-10,24673,CBJ,COL,30005699,Jordan Dumais,points,rf_qrf_points,0.3.0,empirical_qrf,0.008252033145247993,0.0066416483365913164,0.0100163508603959,,1041171555324455918,2026-01-10 19:59:10.883801
2026-01-10,24673,CBJ,COL,30005733,Roman Ahcan,points,rf_qrf_points,0.3.0,empirical_qrf,0.017944300201272263,0.008090662244118174,0.030987217305801378,,1041171555324455918,2026-01-10 19:59:10.883801
2026-01-10,24673,CBJ,COL,30005002,Corson Ceulemans,points,rf_qrf_points,0.3.0,empirical_qrf,0.0,0.0,0.0,,1041171555324455918,2026-01-10 19:59:10.883801
2026-01-10,24673,CBJ,COL,30005049,Jet Greaves,points,rf_qrf_points,0.3.0,empirical_qrf,0.008252033145247993,0.0066416483365913164,0.0100163508603959,,1041171555324455918,2026-01-10 19:59:10.883801
2026-01-10,24673,CBJ,COL,30005050,Stanislov Svozil,points,rf_qrf_points,0.3.0,empirical_qrf,0.0,0.0,0.0,,1041171555324455918,2026-01-10 19:59:10.883801
2026-01-10,24673,CBJ,COL,30005053,Ole Julian Bjorgvik-Holm,points,rf_qrf_points,0.3.0,empirical_qrf,0.008252033145247993,0.0066416483365913164,0.0100163508603959,,1041171555324455918,2026-01-10 19:59:10.883801
2026-01-10,24673,CBJ,COL,30005088,James Malatesta,points,rf_qrf_points,0.3.0,empirical_qrf,0.0,0.0,0.0,,1041171555324455918,2026-01-10 19:59:10.883801
2026-01-10,24673,CBJ,COL,30005290,Max McCue,points,rf_qrf_points,0.3.0,empirical_qrf,0.02384460933442847,0.006285377358490566,0.042682926829268296,,1041171555324455918,2026-01-10 19:59:10.883801
2026-01-10,24673,CBJ,COL,30004135,Kirill Marchenko,points,rf_qrf_points,0.3.0,empirical_qrf,0.00825,0.0,0.0,,1041171555324455918,2026-01-10 19:59:10.883801
2026-01-10,24673,CBJ,COL,30004172,Curtis Hall,points,rf_qrf_points,0.3.0,empirical_qrf,0.008252033145247993,0.0066416483365913164,0.0100163508603959,,1041171555324455918,2026-01-10 19:59:10.883801
2026-01-10,24673,CBJ,COL,30004306,Jake Christiansen,points,rf_qrf_points,0.3.0,empirical_qrf,0.0,0.0,0.0,,1041171555324455918,2026-01-10 19:59:10.883801
2026-01-10,24673,CBJ,COL,30004607,Dmitri Voronkov,points,rf_qrf_points,0.3.0,empirical_qrf,0.0,0.0,0.0,,1041171555324455918,2026-01-10 19:59:10.883801
2026-01-10,24673,CBJ,COL,30004988,Cole Sillinger,points,rf_qrf_points,0.3.0,empirical_qrf,0.000976608187134503,0.0,0.0,,1041171555324455918,2026-01-10 19:59:10.883801
2026-01-10,24673,CBJ,COL,30004989,Kent Johnson,points,rf_qrf_points,0.3.0,empirical_qrf,0.0065311748436748425,0.0,0.0,,1041171555324455918,2026-01-10 19:59:10.883801
2026-01-10,24673,CBJ,COL,30003079,Miles Wood,points,rf_qrf_points,0.3.0,empirical_qrf,0.0,0.0,0.0,,1041171555324455918,2026-01-10 19:59:10.883801
2026-01-10,24673,CBJ,COL,30003146,Dante Fabbro,points,rf_qrf_points,0.3.0,empirical_qrf,0.11729761904761903,0.0,0.5,,1041171555324455918,2026-01-10 19:59:10.883801
2026-01-10,24673,CBJ,COL,30003267,Mathieu Olivier,points,rf_qrf_points,0.3.0,empirical_qrf,0.026080687830687833,0.0,0.0,,1041171555324455918,2026-01-10 19:59:10.883801
2026-01-10,24673,CBJ,COL,30003269,Zach Sawchenko,points,rf_qrf_points,0.3.0,empirical_qrf,0.008252033145247993,0.0066416483365913164,0.0100163508603959,,1041171555324455918,2026-01-10 19:59:10.883801
2026-01-10,24673,CBJ,COL,30003549,Zachary Aston-Reese,points,rf_qrf_points,0.3.0,empirical_qrf,0.01001476703263672,0.0,0.019422200174804526,,1041171555324455918,2026-01-10 19:59:10.883801
2026-01-10,24673,CBJ,COL,30004097,Isac Lundestrom,points,rf_qrf_points,0.3.0,empirical_qrf,0.02384460933442847,0.006285377358490566,0.042682926829268296,,1041171555324455918,2026-01-10 19:59:10.883801
2026-01-10,24673,CBJ,COL,30000855,Brendan Smith,points,rf_qrf_points,0.3.0,empirical_qrf,0.011096986359523865,0.0,0.02603149063326056,,1041171555324455918,2026-01-10 19:59:10.883801
2026-01-10,24673,CBJ,COL,30001196,Brendan Gaunce,points,rf_qrf_points,0.3.0,empirical_qrf,0.054315086148682475,0.0,0.1,,1041171555324455918,2026-01-10 19:59:10.883801
2026-01-10,24673,CBJ,COL,30002223,Mason Marchment,points,rf_qrf_points,0.3.0,empirical_qrf,0.3682145853372633,0.0,0.8571428571428571,,1041171555324455918,2026-01-10 19:59:10.883801
2026-01-10,24673,CBJ,COL,30002554,Hudson Fasching,points,rf_qrf_points,0.3.0,empirical_qrf,0.003852980352980353,0.0,0.0,,1041171555324455918,2026-01-10 19:59:10.883801
2026-01-10,24673,CBJ,COL,30002616,Elvis Merzlikins,points,rf_qrf_points,0.3.0,empirical_qrf,0.008252033145247993,0.0066416483365913164,0.0100163508603959,,1041171555324455918,2026-01-10 19:59:10.883801
2026-01-10,24673,CBJ,COL,30002770,Zach Werenski,points,rf_qrf_points,0.3.0,empirical_qrf,0.015,0.0,0.0,,1041171555324455918,2026-01-10 19:59:10.883801
2026-01-10,24674,VAN,TOR,30000958,Derek Forbort,points,rf_qrf_points,0.3.0,empirical_qrf,0.0,0.0,0.0,,1041171555324455918,2026-01-10 19:59:10.883801
2026-01-10,24674,VAN,TOR,30000976,Evander Kane,points,rf_qrf_points,0.3.0,empirical_qrf,0.12659792947215565,0.0,0.23529411764705882,,1041171555324455918,2026-01-10 19:59:10.883801
2026-01-10,24674,VAN,TOR,30001238,Jake DeBrusk,points,rf_qrf_points,0.3.0,empirical_qrf,0.0009722222222222221,0.0,0.0,,1041171555324455918,2026-01-10 19:59:10.883801
2026-01-10,24674,VAN,TOR,30001299,Tyler Myers,points,rf_qrf_points,0.3.0,empirical_qrf,0.03504405202610481,0.0,0.08,,1041171555324455918,2026-01-10 19:59:10.883801
2026-01-10,24674,VAN,TOR,30001949,Guillaume Brisebois,points,rf_qrf_points,0.3.0,empirical_qrf,0.002919062409885376,0.0,0.006351228389444951,,1041171555324455918,2026-01-10 19:59:10.883801
2026-01-10,24674,VAN,TOR,30002479,Teddy Blueger,points,rf_qrf_points,0.3.0,empirical_qrf,0.0,0.0,0.0,,1041171555324455918,2026-01-10 19:59:10.883801
2026-01-10,24674,TOR,VAN,30005769,Marshall Rifai,points,rf_qrf_points,0.3.0,empirical_qrf,0.01001476703263672,0.0,0.019422200174804526,,1041171555324455918,2026-01-10 19:59:10.883801
2026-01-10,24674,TOR,VAN,30003014,Matt Benning,points,rf_qrf_points,0.3.0,empirical_qrf,0.0,0.0,0.0,,1041171555324455918,2026-01-10 19:59:10.883801
2026-01-10,24674,TOR,VAN,30006389,Jacob Frasca,points,rf_qrf_points,0.3.0,empirical_qrf,0.008252033145247993,0.0066416483365913164,0.0100163508603959,,1041171555324455918,2026-01-10 19:59:10.883801
2026-01-10,24674,TOR,VAN,30005725,Dennis Hildeby,points,rf_qrf_points,0.3.0,empirical_qrf,0.008252033145247993,0.0066416483365913164,0.0100163508603959,,1041171555324455918,2026-01-10 19:59:10.883801
2026-01-10,24674,TOR,VAN,30006072,Easton Cowan,points,rf_qrf_points,0.3.0,empirical_qrf,0.3682145853372633,0.0,0.8571428571428571,,1041171555324455918,2026-01-10 19:59:10.883801
2026-01-10,24674,TOR,VAN,30006207,Noah Chadwick,points,rf_qrf_points,0.3.0,empirical_qrf,0.008252033145247993,0.0066416483365913164,0.0100163508603959,,1041171555324455918,2026-01-10 19:59:10.883801
2026-01-10,24674,TOR,VAN,30006276,Marc Johnstone,points,rf_qrf_points,0.3.0,empirical_qrf,0.008252033145247993,0.0066416483365913164,0.0100163508603959,,1041171555324455918,2026-01-10 19:59:10.883801
2026-01-10,24674,TOR,VAN,30006378,Jake Johnson,points,rf_qrf_points,0.3.0,empirical_qrf,0.008252033145247993,0.0066416483365913164,0.0100163508603959,,1041171555324455918,2026-01-10 19:59:10.883801
2026-01-10,24674,TOR,VAN,30006388,Keenan Suthers,points,rf_qrf_points,0.3.0,empirical_qrf,0.008252033145247993,0.0066416483365913164,0.0100163508603959,,1041171555324455918,2026-01-10 19:59:10.883801
2026-01-10,24674,TOR,VAN,30005143,Ben King,points,rf_qrf_points,0.3.0,empirical_qrf,0.008252033145247993,0.0066416483365913164,0.0100163508603959,,1041171555324455918,2026-01-10 19:59:10.883801
2026-01-10,24674,TOR,VAN,30005520,Braeden Kressler,points,rf_qrf_points,0.3.0,empirical_qrf,0.008252033145247993,0.0066416483365913164,0.0100163508603959,,1041171555324455918,2026-01-10 19:59:10.883801
2026-01-10,24674,TOR,VAN,30005527,Artur Akhtyamov,points,rf_qrf_points,0.3.0,empirical_qrf,0.008252033145247993,0.0066416483365913164,0.0100163508603959,,1041171555324455918,2026-01-10 19:59:10.883801
2026-01-10,24674,TOR,VAN,30005528,Ryan Tverberg,points,rf_qrf_points,0.3.0,empirical_qrf,0.0,0.0,0.0,,1041171555324455918,2026-01-10 19:59:10.883801
2026-01-10,24674,TOR,VAN,30005542,Vyacheslav Peksa,points,rf_qrf_points,0.3.0,empirical_qrf,0.008252033145247993,0.0066416483365913164,0.0100163508603959,,1041171555324455918,2026-01-10 19:59:10.883801
2026-01-10,24674,TOR,VAN,30005589,Bobby McMann,points,rf_qrf_points,0.3.0,empirical_qrf,0.0008333333333333334,0.0,0.0,,1041171555324455918,2026-01-10 19:59:10.883801
2026-01-10,24674,TOR,VAN,30004509,Nicholas Robertson,points,rf_qrf_points,0.3.0,empirical_qrf,0.0009722222222222221,0.0,0.0,,1041171555324455918,2026-01-10 19:59:10.883801
2026-01-10,24674,TOR,VAN,30004511,Henry Thrun,points,rf_qrf_points,0.3.0,empirical_qrf,0.0,0.0,0.0,,1041171555324455918,2026-01-10 19:59:10.883801
2026-01-10,24674,TOR,VAN,30004539,Matias Maccelli,points,rf_qrf_points,0.3.0,empirical_qrf,0.005055615680615681,0.0,0.0,,1041171555324455918,2026-01-10 19:59:10.883801
2026-01-10,24674,TOR,VAN,30004583,Dakota Joshua,points,rf_qrf_points,0.3.0,empirical_qrf,0.016324510619808684,0.0,0.03773584905660377,,1041171555324455918,2026-01-10 19:59:10.883801
2026-01-10,24674,TOR,VAN,30005024,Matthew Knies,points,rf_qrf_points,0.3.0,empirical_qrf,0.011096986359523865,0.0,0.02603149063326056,,1041171555324455918,2026-01-10 19:59:10.883801
2026-01-10,24674,TOR,VAN,30005068,Ryan McCleary,points,rf_qrf_points,0.3.0,empirical_qrf,0.008252033145247993,0.0066416483365913164,0.0100163508603959,,1041171555324455918,2026-01-10 19:59:10.883801
2026-01-10,24674,TOR,VAN,30003130,Auston Matthews,points,rf_qrf_points,0.3.0,empirical_qrf,0.06973015873015874,0.0,0.0,,1041171555324455918,2026-01-10 19:59:10.883801
2026-01-10,24674,TOR,VAN,30003192,Joseph Woll,points,rf_qrf_points,0.3.0,empirical_qrf,0.008252033145247993,0.0066416483365913164,0.0100163508603959,,1041171555324455918,2026-01-10 19:59:10.883801
2026-01-10,24674,TOR,VAN,30003562,Vinni Lettieri,points,rf_qrf_points,0.3.0,empirical_qrf,0.002938390313390313,0.0,0.0,,1041171555324455918,2026-01-10 19:59:10.883801
2026-01-10,24674,TOR,VAN,30004139,Bo Groulx,points,rf_qrf_points,0.3.0,empirical_qrf,0.011182643666389797,0.0,0.0,,1041171555324455918,2026-01-10 19:59:10.883801
2026-01-10,24674,TOR,VAN,30004252,Simon Benoit,points,rf_qrf_points,0.3.0,empirical_qrf,0.0,0.0,0.0,,1041171555324455918,2026-01-10 19:59:10.883801
2026-01-10,24674,TOR,VAN,30004394,Reese Johnson,points,rf_qrf_points,0.3.0,empirical_qrf,0.008252033145247993,0.0066416483365913164,0.0100163508603959,,1041171555324455918,2026-01-10 19:59:10.883801
2026-01-10,24674,TOR,VAN,30002867,Philippe Myers,points,rf_qrf_points,0.3.0,empirical_qrf,0.0,0.0,0.0,,1041171555324455918,2026-01-10 19:59:10.883801
2026-01-10,24674,TOR,VAN,30002869,Ken Appleby,points,rf_qrf_points,0.3.0,empirical_qrf,0.008252033145247993,0.0066416483365913164,0.0100163508603959,,1041171555324455918,2026-01-10 19:59:10.883801
2026-01-10,24674,TOR,VAN,30003022,Travis Boyd,points,rf_qrf_points,0.3.0,empirical_qrf,0.042718693431770115,0.0,0.08450704225352113,,1041171555324455918,2026-01-10 19:59:10.883801
2026-01-10,24674,TOR,VAN,30003041,Steven Lorentz,points,rf_qrf_points,0.3.0,empirical_qrf,0.0012261904761904762,0.0,0.0,,1041171555324455918,2026-01-10 19:59:10.883801
2026-01-10,24674,TOR,VAN,30003042,Nicolas Roy,points,rf_qrf_points,0.3.0,empirical_qrf,0.03504405202610481,0.0,0.08,,1041171555324455918,2026-01-10 19:59:10.883801
2026-01-10,24674,TOR,VAN,30003083,Troy Stecher,points,rf_qrf_points,0.3.0,empirical_qrf,0.05284635553137599,0.01282051282051282,0.0975609756097561,,1041171555324455918,2026-01-10 19:59:10.883801
2026-01-10,24674,TOR,VAN,30000507,Jake McCabe,points,rf_qrf_points,0.3.0,empirical_qrf,0.017944300201272263,0.008090662244118174,0.030987217305801378,,1041171555324455918,2026-01-10 19:59:10.883801
2026-01-10,24674,TOR,VAN,30000940,Max Domi,points,rf_qrf_points,0.3.0,empirical_qrf,0.0,0.0,0.0,,1041171555324455918,2026-01-10 19:59:10.883801
2026-01-10,24674,TOR,VAN,30000943,Oliver Ekman-Larsson,points,rf_qrf_points,0.3.0,empirical_qrf,0.0,0.0,0.0,,1041171555324455918,2026-01-10 19:59:10.883801
2026-01-10,24674,TOR,VAN,30001088,Brandon Carlo,points,rf_qrf_points,0.3.0,empirical_qrf,0.02384460933442847,0.006285377358490566,0.042682926829268296,,1041171555324455918,2026-01-10 19:59:10.883801
2026-01-10,24674,TOR,VAN,30001217,Dakota Mermis,points,rf_qrf_points,0.3.0,empirical_qrf,0.017944300201272263,0.008090662244118174,0.030987217305801378,,1041171555324455918,2026-01-10 19:59:10.883801
2026-01-10,24674,TOR,VAN,30002664,Brandon Baddock,points,rf_qrf_points,0.3.0,empirical_qrf,0.008252033145247993,0.0066416483365913164,0.0100163508603959,,1041171555324455918,2026-01-10 19:59:10.883801
2026-01-10,24674,TOR,VAN,30000100,Christopher Tanev,points,rf_qrf_points,0.3.0,empirical_qrf,0.01001476703263672,0.0,0.019422200174804526,,1041171555324455918,2026-01-10 19:59:10.883801
2026-01-10,24674,TOR,VAN,30000241,Calle Jarnkrok,points,rf_qrf_points,0.3.0,empirical_qrf,0.0,0.0,0.0,,1041171555324455918,2026-01-10 19:59:10.883801
2026-01-10,24674,TOR,VAN,30000259,Anthony Stolarz,points,rf_qrf_points,0.3.0,empirical_qrf,0.008252033145247993,0.0066416483365913164,0.0100163508603959,,1041171555324455918,2026-01-10 19:59:10.883801
2026-01-10,24674,TOR,VAN,30000264,Scott Laughton,points,rf_qrf_points,0.3.0,empirical_qrf,0.007615079365079365,0.0,0.0,,1041171555324455918,2026-01-10 19:59:10.883801
2026-01-10,24674,TOR,VAN,30000275,John Tavares,points,rf_qrf_points,0.3.0,empirical_qrf,0.0,0.0,0.0,,1041171555324455918,2026-01-10 19:59:10.883801
2026-01-10,24674,TOR,VAN,30000486,William Nylander,points,rf_qrf_points,0.3.0,empirical_qrf,0.12659792947215565,0.0,0.23529411764705882,,1041171555324455918,2026-01-10 19:59:10.883801
2026-01-10,24674,VAN,TOR,30006037,Nikita Tolopilo,points,rf_qrf_points,0.3.0,empirical_qrf,0.008252033145247993,0.0066416483365913164,0.0100163508603959,,1041171555324455918,2026-01-10 19:59:10.883801
2026-01-10,24674,VAN,TOR,30006067,Tom Willander,points,rf_qrf_points,0.3.0,empirical_qrf,0.0,0.0,0.0,,1041171555324455918,2026-01-10 19:59:10.883801
2026-01-10,24674,VAN,TOR,30006320,Joe Arntsen,points,rf_qrf_points,0.3.0,empirical_qrf,0.008252033145247993,0.0066416483365913164,0.0100163508603959,,1041171555324455918,2026-01-10 19:59:10.883801
2026-01-10,24674,VAN,TOR,30006441,Elias Nils Pettersson,points,rf_qrf_points,0.3.0,empirical_qrf,0.03478134815523501,0.0,0.08333333333333333,,1041171555324455918,2026-01-10 19:59:10.883801
2026-01-10,24674,VAN,TOR,30006486,Zeev Buium,points,rf_qrf_points,0.3.0,empirical_qrf,0.1910938381364078,0.0,0.4444444444444444,,1041171555324455918,2026-01-10 19:59:10.883801
2026-01-10,24674,TOR,VAN,30000040,Morgan Rielly,points,rf_qrf_points,0.3.0,empirical_qrf,0.0,0.0,0.0,,1041171555324455918,2026-01-10 19:59:10.883801
2026-01-10,24674,VAN,TOR,30005619,Jonathan Lekkerimaki,points,rf_qrf_points,0.3.0,empirical_qrf,0.10239682539682539,0.0,0.5,,1041171555324455918,2026-01-10 19:59:10.883801
2026-01-10,24674,VAN,TOR,30005642,Liam Ohgren,points,rf_qrf_points,0.3.0,empirical_qrf,0.0,0.0,0.0,,1041171555324455918,2026-01-10 19:59:10.883801
2026-01-10,24674,VAN,TOR,30005747,Jonathan Lemieux,points,rf_qrf_points,0.3.0,empirical_qrf,0.008252033145247993,0.0066416483365913164,0.0100163508603959,,1041171555324455918,2026-01-10 19:59:10.883801
2026-01-10,24674,VAN,TOR,30005831,Kirill Kudryavtsev,points,rf_qrf_points,0.3.0,empirical_qrf,0.0,0.0,0.0,,1041171555324455918,2026-01-10 19:59:10.883801
2026-01-10,24674,VAN,TOR,30005837,Ty Young,points,rf_qrf_points,0.3.0,empirical_qrf,0.008252033145247993,0.0066416483365913164,0.0100163508603959,,1041171555324455918,2026-01-10 19:59:10.883801
2026-01-10,24674,VAN,TOR,30006031,Max Sasson,points,rf_qrf_points,0.3.0,empirical_qrf,0.0,0.0,0.0,,1041171555324455918,2026-01-10 19:59:10.883801
2026-01-10,24674,VAN,TOR,30005028,Aatu Raty,points,rf_qrf_points,0.3.0,empirical_qrf,0.013596340388007052,0.0,0.0,,1041171555324455918,2026-01-10 19:59:10.883801
2026-01-10,24674,VAN,TOR,30005100,Cooper Walker,points,rf_qrf_points,0.3.0,empirical_qrf,0.008252033145247993,0.0066416483365913164,0.0100163508603959,,1041171555324455918,2026-01-10 19:59:10.883801
2026-01-10,24674,VAN,TOR,30005145,Josh Bloom,points,rf_qrf_points,0.3.0,empirical_qrf,0.008252033145247993,0.0066416483365913164,0.0100163508603959,,1041171555324455918,2026-01-10 19:59:10.883801
2026-01-10,24674,VAN,TOR,30005171,Dino Kambeitz,points,rf_qrf_points,0.3.0,empirical_qrf,0.008252033145247993,0.0066416483365913164,0.0100163508603959,,1041171555324455918,2026-01-10 19:59:10.883801
2026-01-10,24674,VAN,TOR,30005456,Nils Aman,points,rf_qrf_points,0.3.0,empirical_qrf,0.054315086148682475,0.0,0.1,,1041171555324455918,2026-01-10 19:59:10.883801
2026-01-10,24674,VAN,TOR,30005566,Arshdeep Bains,points,rf_qrf_points,0.3.0,empirical_qrf,0.0,0.0,0.0,,1041171555324455918,2026-01-10 19:59:10.883801
2026-01-10,24674,VAN,TOR,30004531,Nils Hoglander,points,rf_qrf_points,0.3.0,empirical_qrf,0.004032407407407407,0.0,0.0,,1041171555324455918,2026-01-10 19:59:10.883801
2026-01-10,24674,VAN,TOR,30004581,Nikolai Knyzhov,points,rf_qrf_points,0.3.0,empirical_qrf,0.01001476703263672,0.0,0.019422200174804526,,1041171555324455918,2026-01-10 19:59:10.883801
2026-01-10,24674,VAN,TOR,30004741,Drew O'Connor,points,rf_qrf_points,0.3.0,empirical_qrf,0.0,0.0,0.0,,1041171555324455918,2026-01-10 19:59:10.883801
2026-01-10,24674,VAN,TOR,30004817,Lukas Reichel,points,rf_qrf_points,0.3.0,empirical_qrf,0.0,0.0,0.0,,1041171555324455918,2026-01-10 19:59:10.883801
2026-01-10,24674,VAN,TOR,30004818,Marco Rossi,points,rf_qrf_points,0.3.0,empirical_qrf,0.0012261904761904762,0.0,0.0,,1041171555324455918,2026-01-10 19:59:10.883801
2026-01-10,24674,VAN,TOR,30005016,Danila Klimovich,points,rf_qrf_points,0.3.0,empirical_qrf,0.050125499971887075,0.0,0.11764705882352941,,1041171555324455918,2026-01-10 19:59:10.883801
2026-01-10,24674,VAN,TOR,30004001,Kiefer Sherwood,points,rf_qrf_points,0.3.0,empirical_qrf,0.002938390313390313,0.0,0.0,,1041171555324455918,2026-01-10 19:59:10.883801
2026-01-10,24674,VAN,TOR,30004058,Kevin Lankinen,points,rf_qrf_points,0.3.0,empirical_qrf,0.008252033145247993,0.0066416483365913164,0.0100163508603959,,1041171555324455918,2026-01-10 19:59:10.883801
2026-01-10,24674,VAN,TOR,30004140,Jett Woo,points,rf_qrf_points,0.3.0,empirical_qrf,0.017944300201272263,0.008090662244118174,0.030987217305801378,,1041171555324455918,2026-01-10 19:59:10.883801
2026-01-10,24674,VAN,TOR,30004153,Linus Karlsson,points,rf_qrf_points,0.3.0,empirical_qrf,0.20510864598364598,0.0,0.5,,1041171555324455918,2026-01-10 19:59:10.883801
2026-01-10,24674,VAN,TOR,30004227,Chase Wouters,points,rf_qrf_points,0.3.0,empirical_qrf,0.008252033145247993,0.0066416483365913164,0.0100163508603959,,1041171555324455918,2026-01-10 19:59:10.883801
2026-01-10,24674,VAN,TOR,30004425,Jimmy Schuldt,points,rf_qrf_points,0.3.0,empirical_qrf,0.01001476703263672,0.0,0.019422200174804526,,1041171555324455918,2026-01-10 19:59:10.883801
2026-01-10,24674,VAN,TOR,30003193,Filip Hronek,points,rf_qrf_points,0.3.0,empirical_qrf,0.01013888888888889,0.0,0.0,,1041171555324455918,2026-01-10 19:59:10.883801
2026-01-10,24674,VAN,TOR,30003604,David Kampf,points,rf_qrf_points,0.3.0,empirical_qrf,0.021838317677763844,0.0,0.04305750350631137,,1041171555324455918,2026-01-10 19:59:10.883801
2026-01-10,24674,VAN,TOR,30003647,Elias Pettersson,points,rf_qrf_points,0.3.0,empirical_qrf,0.0,0.0,0.0,,1041171555324455918,2026-01-10 19:59:10.883801
2026-01-10,24674,VAN,TOR,30003655,Filip Chytil,points,rf_qrf_points,0.3.0,empirical_qrf,0.000976608187134503,0.0,0.0,,1041171555324455918,2026-01-10 19:59:10.883801
2026-01-10,24674,VAN,TOR,30003666,Pierre-Olivier Joseph,points,rf_qrf_points,0.3.0,empirical_qrf,0.011096986359523865,0.0,0.02603149063326056,,1041171555324455918,2026-01-10 19:59:10.883801
2026-01-10,24674,VAN,TOR,30003776,Jiri Patera,points,rf_qrf_points,0.3.0,empirical_qrf,0.008252033145247993,0.0066416483365913164,0.0100163508603959,,1041171555324455918,2026-01-10 19:59:10.883801
2026-01-10,24674,VAN,TOR,30002581,Thatcher Demko,points,rf_qrf_points,0.3.0,empirical_qrf,0.008252033145247993,0.0066416483365913164,0.0100163508603959,,1041171555324455918,2026-01-10 19:59:10.883801
2026-01-10,24674,VAN,TOR,30002587,Marcus Pettersson,points,rf_qrf_points,0.3.0,empirical_qrf,0.0,0.0,0.0,,1041171555324455918,2026-01-10 19:59:10.883801
2026-01-10,24674,VAN,TOR,30002777,Brock Boeser,points,rf_qrf_points,0.3.0,empirical_qrf,0.015894961519961517,0.0,0.0,,1041171555324455918,2026-01-10 19:59:10.883801
2026-01-10,24674,VAN,TOR,30002793,Joseph Labate,points,rf_qrf_points,0.3.0,empirical_qrf,0.05284635553137599,0.01282051282051282,0.0975609756097561,,1041171555324455918,2026-01-10 19:59:10.883801
2026-01-10,24674,VAN,TOR,30002876,Conor Garland,points,rf_qrf_points,0.3.0,empirical_qrf,0.011638888888888888,0.0,0.0,,1041171555324455918,2026-01-10 19:59:10.883801
2026-01-10,24674,VAN,TOR,30003063,Mackenzie MacEachern,points,rf_qrf_points,0.3.0,empirical_qrf,0.0,0.0,0.0,,1041171555324455918,2026-01-10 19:59:10.883801
2026-01-10,24675,TB,PHI,30000428,Oliver Bjorkstrand,points,rf_qrf_points,0.3.0,empirical_qrf,0.0,0.0,0.0,,1041171555324455918,2026-01-10 19:59:10.883801
2026-01-10,24675,TB,PHI,30000477,Nick Paul,points,rf_qrf_points,0.3.0,empirical_qrf,0.019954404799993036,0.0,0.09090909090909091,,1041171555324455918,2026-01-10 19:59:10.883801
2026-01-10,24675,TB,PHI,30000502,Zemgus Girgensons,points,rf_qrf_points,0.3.0,empirical_qrf,0.0,0.0,0.0,,1041171555324455918,2026-01-10 19:59:10.883801
2026-01-10,24675,TB,PHI,30000737,Victor Hedman,points,rf_qrf_points,0.3.0,empirical_qrf,0.000787037037037037,0.0,0.0,,1041171555324455918,2026-01-10 19:59:10.883801
2026-01-10,24675,TB,PHI,30000742,Brayden Point,points,rf_qrf_points,0.3.0,empirical_qrf,0.0033730158730158727,0.0,0.0,,1041171555324455918,2026-01-10 19:59:10.883801
2026-01-10,24675,TB,PHI,30001047,Nikita Kucherov,points,rf_qrf_points,0.3.0,empirical_qrf,0.028277777777777777,0.0,0.0,,1041171555324455918,2026-01-10 19:59:10.883801
2026-01-10,24675,PHI,TB,30004144,Adam Ginning,points,rf_qrf_points,0.3.0,empirical_qrf,0.0459437359407801,0.0,0.10526315789473684,,1041171555324455918,2026-01-10 19:59:10.883801
2026-01-10,24675,PHI,TB,30006061,Matvei Michkov,points,rf_qrf_points,0.3.0,empirical_qrf,0.05846031746031746,0.0,0.3333333333333333,,1041171555324455918,2026-01-10 19:59:10.883801
2026-01-10,24675,PHI,TB,30006075,Oliver Bonk,points,rf_qrf_points,0.3.0,empirical_qrf,0.0,0.0,0.0,,1041171555324455918,2026-01-10 19:59:10.883801
2026-01-10,24675,PHI,TB,30006100,Carson Bjarnason,points,rf_qrf_points,0.3.0,empirical_qrf,0.008252033145247993,0.0066416483365913164,0.0100163508603959,,1041171555324455918,2026-01-10 19:59:10.883801
2026-01-10,24675,PHI,TB,30006135,Denver Barkey,points,rf_qrf_points,0.3.0,empirical_qrf,0.017944300201272263,0.008090662244118174,0.030987217305801378,,1041171555324455918,2026-01-10 19:59:10.883801
2026-01-10,24675,TB,PHI,30005698,Michael Milne,points,rf_qrf_points,0.3.0,empirical_qrf,0.008252033145247993,0.0066416483365913164,0.0100163508603959,,1041171555324455918,2026-01-10 19:59:10.883801
2026-01-10,24675,PHI,TB,30004488,Philip Tomasino,points,rf_qrf_points,0.3.0,empirical_qrf,0.0035277777777777777,0.0,0.0,,1041171555324455918,2026-01-10 19:59:10.883801
2026-01-10,24675,PHI,TB,30005345,Roman Schmidt,points,rf_qrf_points,0.3.0,empirical_qrf,0.022452306545166535,0.0,0.046189624329159226,,1041171555324455918,2026-01-10 19:59:10.883801
2026-01-10,24675,PHI,TB,30005397,Noah Cates,points,rf_qrf_points,0.3.0,empirical_qrf,0.013596340388007052,0.0,0.0,,1041171555324455918,2026-01-10 19:59:10.883801
2026-01-10,24675,PHI,TB,30005401,Aleksei Kolosov,points,rf_qrf_points,0.3.0,empirical_qrf,0.008252033145247993,0.0066416483365913164,0.0100163508603959,,1041171555324455918,2026-01-10 19:59:10.883801
2026-01-10,24675,PHI,TB,30005756,Tucker Robertson,points,rf_qrf_points,0.3.0,empirical_qrf,0.008252033145247993,0.0066416483365913164,0.0100163508603959,,1041171555324455918,2026-01-10 19:59:10.883801
2026-01-10,24675,PHI,TB,30005958,Nikita Grebenkin,points,rf_qrf_points,0.3.0,empirical_qrf,0.0065311748436748425,0.0,0.0,,1041171555324455918,2026-01-10 19:59:10.883801
2026-01-10,24675,PHI,TB,30006045,Yaniv Perets,points,rf_qrf_points,0.3.0,empirical_qrf,0.008252033145247993,0.0066416483365913164,0.0100163508603959,,1041171555324455918,2026-01-10 19:59:10.883801
2026-01-10,24675,PHI,TB,30004800,Jamie Drysdale,points,rf_qrf_points,0.3.0,empirical_qrf,0.011182643666389797,0.0,0.0,,1041171555324455918,2026-01-10 19:59:10.883801
2026-01-10,24675,PHI,TB,30004801,Tyson Foerster,points,rf_qrf_points,0.3.0,empirical_qrf,0.0,0.0,0.0,,1041171555324455918,2026-01-10 19:59:10.883801
2026-01-10,24675,PHI,TB,30004824,Emil Andrae,points,rf_qrf_points,0.3.0,empirical_qrf,0.0,0.0,0.0,,1041171555324455918,2026-01-10 19:59:10.883801
2026-01-10,24675,PHI,TB,30004839,Helge Grans,points,rf_qrf_points,0.3.0,empirical_qrf,0.002919062409885376,0.0,0.006351228389444951,,1041171555324455918,2026-01-10 19:59:10.883801
2026-01-10,24675,PHI,TB,30005234,Vincent Sevigny,points,rf_qrf_points,0.3.0,empirical_qrf,0.008252033145247993,0.0066416483365913164,0.0100163508603959,,1041171555324455918,2026-01-10 19:59:10.883801
2026-01-10,24675,PHI,TB,30005293,Artem Guryev,points,rf_qrf_points,0.3.0,empirical_qrf,0.008252033145247993,0.0066416483365913164,0.0100163508603959,,1041171555324455918,2026-01-10 19:59:10.883801
2026-01-10,24675,PHI,TB,30004002,Cooper Marody,points,rf_qrf_points,0.3.0,empirical_qrf,0.008252033145247993,0.0066416483365913164,0.0100163508603959,,1041171555324455918,2026-01-10 19:59:10.883801
2026-01-10,24675,PHI,TB,30004154,Xavier Bernard,points,rf_qrf_points,0.3.0,empirical_qrf,0.0,0.0,0.0,,1041171555324455918,2026-01-10 19:59:10.883801
2026-01-10,24675,PHI,TB,30004406,Samuel Ersson,points,rf_qrf_points,0.3.0,empirical_qrf,0.008252033145247993,0.0066416483365913164,0.0100163508603959,,1041171555324455918,2026-01-10 19:59:10.883801
2026-01-10,24675,PHI,TB,30004481,Trevor Zegras,points,rf_qrf_points,0.3.0,empirical_qrf,0.1448280542986425,0.0,0.3333333333333333,,1041171555324455918,2026-01-10 19:59:10.883801
2026-01-10,24675,PHI,TB,30004484,Cam York,points,rf_qrf_points,0.3.0,empirical_qrf,0.0,0.0,0.0,,1041171555324455918,2026-01-10 19:59:10.883801
2026-01-10,24675,PHI,TB,30004508,Bobby Brink,points,rf_qrf_points,0.3.0,empirical_qrf,0.004237373737373738,0.0,0.0,,1041171555324455918,2026-01-10 19:59:10.883801
2026-01-10,24675,PHI,TB,30003016,Nick Seeler,points,rf_qrf_points,0.3.0,empirical_qrf,0.0,0.0,0.0,,1041171555324455918,2026-01-10 19:59:10.883801
2026-01-10,24675,PHI,TB,30003171,Carl Grundstrom,points,rf_qrf_points,0.3.0,empirical_qrf,0.002919062409885376,0.0,0.006351228389444951,,1041171555324455918,2026-01-10 19:59:10.883801
2026-01-10,24675,PHI,TB,30003283,Lane Pederson,points,rf_qrf_points,0.3.0,empirical_qrf,0.002919062409885376,0.0,0.006351228389444951,,1041171555324455918,2026-01-10 19:59:10.883801
2026-01-10,24675,PHI,TB,30003500,Rodrigo Abols,points,rf_qrf_points,0.3.0,empirical_qrf,7.575757575757576e-05,0.0,0.0,,1041171555324455918,2026-01-10 19:59:10.883801
2026-01-10,24675,PHI,TB,30003653,Owen Tippett,points,rf_qrf_points,0.3.0,empirical_qrf,0.0,0.0,0.0,,1041171555324455918,2026-01-10 19:59:10.883801
2026-01-10,24675,PHI,TB,30003733,Keith Petruzzelli,points,rf_qrf_points,0.3.0,empirical_qrf,0.008252033145247993,0.0066416483365913164,0.0100163508603959,,1041171555324455918,2026-01-10 19:59:10.883801
2026-01-10,24675,PHI,TB,30000942,Christian Dvorak,points,rf_qrf_points,0.3.0,empirical_qrf,0.000787037037037037,0.0,0.0,,1041171555324455918,2026-01-10 19:59:10.883801
2026-01-10,24675,PHI,TB,30001201,Garnet Hathaway,points,rf_qrf_points,0.3.0,empirical_qrf,0.01001476703263672,0.0,0.019422200174804526,,1041171555324455918,2026-01-10 19:59:10.883801
2026-01-10,24675,PHI,TB,30001294,Rasmus Ristolainen,points,rf_qrf_points,0.3.0,empirical_qrf,0.008252033145247993,0.0066416483365913164,0.0100163508603959,,1041171555324455918,2026-01-10 19:59:10.883801
2026-01-10,24675,PHI,TB,30001312,Noah Juulsen,points,rf_qrf_points,0.3.0,empirical_qrf,0.02384460933442847,0.006285377358490566,0.042682926829268296,,1041171555324455918,2026-01-10 19:59:10.883801
2026-01-10,24675,PHI,TB,30002786,Dan Vladar,points,rf_qrf_points,0.3.0,empirical_qrf,0.008252033145247993,0.0066416483365913164,0.0100163508603959,,1041171555324455918,2026-01-10 19:59:10.883801
2026-01-10,24675,PHI,TB,30002979,Anthony Richard,points,rf_qrf_points,0.3.0,empirical_qrf,0.0,0.0,0.0,,1041171555324455918,2026-01-10 19:59:10.883801
2026-01-10,24675,TB,PHI,30006329,Brendan Furry,points,rf_qrf_points,0.3.0,empirical_qrf,0.0,0.0,0.0,,1041171555324455918,2026-01-10 19:59:10.883801
2026-01-10,24675,PHI,TB,30000050,Sean Couturier,points,rf_qrf_points,0.3.0,empirical_qrf,0.0006666666666666668,0.0,0.0,,1041171555324455918,2026-01-10 19:59:10.883801
2026-01-10,24675,PHI,TB,30000234,Garrett Wilson,points,rf_qrf_points,0.3.0,empirical_qrf,0.01001476703263672,0.0,0.019422200174804526,,1041171555324455918,2026-01-10 19:59:10.883801
2026-01-10,24675,PHI,TB,30000349,Travis Konecny,points,rf_qrf_points,0.3.0,empirical_qrf,0.0025595238095238093,0.0,0.0,,1041171555324455918,2026-01-10 19:59:10.883801
2026-01-10,24675,PHI,TB,30000501,Nicolas Deslauriers,points,rf_qrf_points,0.3.0,empirical_qrf,0.002919062409885376,0.0,0.006351228389444951,,1041171555324455918,2026-01-10 19:59:10.883801
2026-01-10,24675,PHI,TB,30000624,Travis Sanheim,points,rf_qrf_points,0.3.0,empirical_qrf,0.0,0.0,0.0,,1041171555324455918,2026-01-10 19:59:10.883801
2026-01-10,24675,TB,PHI,30005768,Tommy Miller,points,rf_qrf_points,0.3.0,empirical_qrf,0.056851851851851855,0.0,0.3333333333333333,,1041171555324455918,2026-01-10 19:59:10.883801
2026-01-10,24675,TB,PHI,30005920,Dominic James,points,rf_qrf_points,0.3.0,empirical_qrf,0.0,0.0,0.0,,1041171555324455918,2026-01-10 19:59:10.883801
2026-01-10,24675,TB,PHI,30006012,Daniel Walker,points,rf_qrf_points,0.3.0,empirical_qrf,0.008252033145247993,0.0066416483365913164,0.0100163508603959,,1041171555324455918,2026-01-10 19:59:10.883801
2026-01-10,24675,TB,PHI,30006096,Ethan Gauthier,points,rf_qrf_points,0.3.0,empirical_qrf,0.0,0.0,0.0,,1041171555324455918,2026-01-10 19:59:10.883801
2026-01-10,24675,TB,PHI,30006311,Tristan Allard,points,rf_qrf_points,0.3.0,empirical_qrf,0.0,0.0,0.0,,1041171555324455918,2026-01-10 19:59:10.883801
2026-01-10,24675,TB,PHI,30006313,Gabriel Szturc,points,rf_qrf_points,0.3.0,empirical_qrf,0.021838317677763844,0.0,0.04305750350631137,,1041171555324455918,2026-01-10 19:59:10.883801
2026-01-10,24675,TB,PHI,30005044,J.J. Moser,points,rf_qrf_points,0.3.0,empirical_qrf,0.0,0.0,0.0,,1041171555324455918,2026-01-10 19:59:10.883801
2026-01-10,24675,TB,PHI,30005054,Matteo Pietroniro,points,rf_qrf_points,0.3.0,empirical_qrf,0.008252033145247993,0.0066416483365913164,0.0100163508603959,,1041171555324455918,2026-01-10 19:59:10.883801
2026-01-10,24675,TB,PHI,30005366,Emil Lilleberg,points,rf_qrf_points,0.3.0,empirical_qrf,0.0065311748436748425,0.0,0.0,,1041171555324455918,2026-01-10 19:59:10.883801
2026-01-10,24675,TB,PHI,30005421,Maxwell Crozier,points,rf_qrf_points,0.3.0,empirical_qrf,0.0,0.0,0.0,,1041171555324455918,2026-01-10 19:59:10.883801
2026-01-10,24675,TB,PHI,30005562,Declan Carlile,points,rf_qrf_points,0.3.0,empirical_qrf,0.0,0.0,0.0,,1041171555324455918,2026-01-10 19:59:10.883801
2026-01-10,24675,TB,PHI,30005740,Dyllan Gill,points,rf_qrf_points,0.3.0,empirical_qrf,0.008252033145247993,0.0066416483365913164,0.0100163508603959,,1041171555324455918,2026-01-10 19:59:10.883801
2026-01-10,24675,TB,PHI,30004631,Charle-Edouard D'Astous,points,rf_qrf_points,0.3.0,empirical_qrf,0.022452306545166535,0.0,0.046189624329159226,,1041171555324455918,2026-01-10 19:59:10.883801
2026-01-10,24675,TB,PHI,30004754,Mitchell Chaffee,points,rf_qrf_points,0.3.0,empirical_qrf,0.23866143578643573,0.0,0.5,,1041171555324455918,2026-01-10 19:59:10.883801
2026-01-10,24675,TB,PHI,30004836,Jack Finley,points,rf_qrf_points,0.3.0,empirical_qrf,0.02384460933442847,0.006285377358490566,0.042682926829268296,,1041171555324455918,2026-01-10 19:59:10.883801
2026-01-10,24675,TB,PHI,30004838,Gage Goncalves,points,rf_qrf_points,0.3.0,empirical_qrf,0.0005555555555555556,0.0,0.0,,1041171555324455918,2026-01-10 19:59:10.883801
2026-01-10,24675,TB,PHI,30004840,Maxim Groshev,points,rf_qrf_points,0.3.0,empirical_qrf,0.029211700336700338,0.0,0.0,,1041171555324455918,2026-01-10 19:59:10.883801
2026-01-10,24675,TB,PHI,30004974,Pontus Holmberg,points,rf_qrf_points,0.3.0,empirical_qrf,0.002919062409885376,0.0,0.006351228389444951,,1041171555324455918,2026-01-10 19:59:10.883801
2026-01-10,24675,TB,PHI,30003478,Darren Raddysh,points,rf_qrf_points,0.3.0,empirical_qrf,0.04383134920634921,0.0,0.0,,1041171555324455918,2026-01-10 19:59:10.883801
2026-01-10,24675,TB,PHI,30004182,Curtis Douglas,points,rf_qrf_points,0.3.0,empirical_qrf,0.01001476703263672,0.0,0.019422200174804526,,1041171555324455918,2026-01-10 19:59:10.883801
2026-01-10,24675,TB,PHI,30004280,Joel Teasdale,points,rf_qrf_points,0.3.0,empirical_qrf,0.01001476703263672,0.0,0.019422200174804526,,1041171555324455918,2026-01-10 19:59:10.883801
2026-01-10,24675,TB,PHI,30004487,Jakob Pelletier,points,rf_qrf_points,0.3.0,empirical_qrf,0.01717818029923293,0.0,0.0,,1041171555324455918,2026-01-10 19:59:10.883801
2026-01-10,24675,TB,PHI,30004540,Reece Newkirk,points,rf_qrf_points,0.3.0,empirical_qrf,0.0011111111111111111,0.0,0.0,,1041171555324455918,2026-01-10 19:59:10.883801
2026-01-10,24675,TB,PHI,30004567,Simon Lundmark,points,rf_qrf_points,0.3.0,empirical_qrf,0.0,0.0,0.0,,1041171555324455918,2026-01-10 19:59:10.883801
2026-01-10,24675,TB,PHI,30002604,Brandon Halverson,points,rf_qrf_points,0.3.0,empirical_qrf,0.008252033145247993,0.0066416483365913164,0.0100163508603959,,1041171555324455918,2026-01-10 19:59:10.883801
2026-01-10,24675,TB,PHI,30002606,Jonas Johansson,points,rf_qrf_points,0.3.0,empirical_qrf,0.008252033145247993,0.0066416483365913164,0.0100163508603959,,1041171555324455918,2026-01-10 19:59:10.883801
2026-01-10,24675,TB,PHI,30002821,Erik Cernak,points,rf_qrf_points,0.3.0,empirical_qrf,0.0,0.0,0.0,,1041171555324455918,2026-01-10 19:59:10.883801
2026-01-10,24675,TB,PHI,30002845,Anthony Cirelli,points,rf_qrf_points,0.3.0,empirical_qrf,0.2569014757029463,0.0,0.6,,1041171555324455918,2026-01-10 19:59:10.883801
2026-01-10,24675,TB,PHI,30002974,Kale Kessy,points,rf_qrf_points,0.3.0,empirical_qrf,0.01001476703263672,0.0,0.019422200174804526,,1041171555324455918,2026-01-10 19:59:10.883801
2026-01-10,24675,TB,PHI,30003250,Brandon Hagel,points,rf_qrf_points,0.3.0,empirical_qrf,0.0,0.0,0.0,,1041171555324455918,2026-01-10 19:59:10.883801
2026-01-10,24675,TB,PHI,30001084,Ryan McDonagh,points,rf_qrf_points,0.3.0,empirical_qrf,0.0,0.0,0.0,,1041171555324455918,2026-01-10 19:59:10.883801
2026-01-10,24675,TB,PHI,30001178,Yanni Gourde,points,rf_qrf_points,0.3.0,empirical_qrf,0.021838317677763844,0.0,0.04305750350631137,,1041171555324455918,2026-01-10 19:59:10.883801
2026-01-10,24675,TB,PHI,30001377,Andrei Vasilevskiy,points,rf_qrf_points,0.3.0,empirical_qrf,0.008252033145247993,0.0066416483365913164,0.0100163508603959,,1041171555324455918,2026-01-10 19:59:10.883801
2026-01-10,24675,TB,PHI,30002516,Steven Santini,points,rf_qrf_points,0.3.0,empirical_qrf,0.011096986359523865,0.0,0.02603149063326056,,1041171555324455918,2026-01-10 19:59:10.883801
2026-01-10,24675,TB,PHI,30002532,Jake Guentzel,points,rf_qrf_points,0.3.0,empirical_qrf,0.005194444444444443,0.0,0.0,,1041171555324455918,2026-01-10 19:59:10.883801
2026-01-10,24675,TB,PHI,30002549,Scott Sabourin,points,rf_qrf_points,0.3.0,empirical_qrf,0.011096986359523865,0.0,0.02603149063326056,,1041171555324455918,2026-01-10 19:59:10.883801
2026-01-10,24676,FLA,OTT,30000074,Brad Marchand,points,rf_qrf_points,0.3.0,empirical_qrf,0.005749999999999999,0.0,0.0,,1041171555324455918,2026-01-10 19:59:10.883801
2026-01-10,24676,FLA,OTT,30000201,Keith Kinkaid,points,rf_qrf_points,0.3.0,empirical_qrf,0.008252033145247993,0.0066416483365913164,0.0100163508603959,,1041171555324455918,2026-01-10 19:59:10.883801
2026-01-10,24676,FLA,OTT,30000228,Aleksander Barkov,points,rf_qrf_points,0.3.0,empirical_qrf,0.001,0.0,0.0,,1041171555324455918,2026-01-10 19:59:10.883801
2026-01-10,24676,FLA,OTT,30000232,Dmitry Kulikov,points,rf_qrf_points,0.3.0,empirical_qrf,0.017944300201272263,0.008090662244118174,0.030987217305801378,,1041171555324455918,2026-01-10 19:59:10.883801
2026-01-10,24676,FLA,OTT,30000239,Aaron Ekblad,points,rf_qrf_points,0.3.0,empirical_qrf,0.021838317677763844,0.0,0.04305750350631137,,1041171555324455918,2026-01-10 19:59:10.883801
2026-01-10,24676,FLA,OTT,30000253,Seth Jones,points,rf_qrf_points,0.3.0,empirical_qrf,0.0,0.0,0.0,,1041171555324455918,2026-01-10 19:59:10.883801
2026-01-10,24676,OTT,FLA,30006054,Nikolas Matinpalo,points,rf_qrf_points,0.3.0,empirical_qrf,0.0,0.0,0.0,,1041171555324455918,2026-01-10 19:59:10.883801
2026-01-10,24676,OTT,FLA,30006240,Matthew Andonovski,points,rf_qrf_points,0.3.0,empirical_qrf,0.008252033145247993,0.0066416483365913164,0.0100163508603959,,1041171555324455918,2026-01-10 19:59:10.883801
2026-01-10,24676,OTT,FLA,30006395,Djibril Toure,points,rf_qrf_points,0.3.0,empirical_qrf,0.008252033145247993,0.0066416483365913164,0.0100163508603959,,1041171555324455918,2026-01-10 19:59:10.883801
2026-01-10,24676,OTT,FLA,30000430,James Reimer,points,rf_qrf_points,0.3.0,empirical_qrf,0.008252033145247993,0.0066416483365913164,0.0100163508603959,,1041171555324455918,2026-01-10 19:59:10.883801
2026-01-10,24676,OTT,FLA,30005045,Hunter Shepard,points,rf_qrf_points,0.3.0,empirical_qrf,0.008252033145247993,0.0066416483365913164,0.0100163508603959,,1041171555324455918,2026-01-10 19:59:10.883801
2026-01-10,24676,OTT,FLA,30005009,Xavier Bourgault,points,rf_qrf_points,0.3.0,empirical_qrf,0.050125499971887075,0.0,0.11764705882352941,,1041171555324455918,2026-01-10 19:59:10.883801
2026-01-10,24676,OTT,FLA,30005175,Jake Chiasson,points,rf_qrf_points,0.3.0,empirical_qrf,0.008252033145247993,0.0066416483365913164,0.0100163508603959,,1041171555324455918,2026-01-10 19:59:10.883801
2026-01-10,24676,OTT,FLA,30005201,Sam Sedley,points,rf_qrf_points,0.3.0,empirical_qrf,0.008252033145247993,0.0066416483365913164,0.0100163508603959,,1041171555324455918,2026-01-10 19:59:10.883801
2026-01-10,24676,OTT,FLA,30005583,Wyatt Bongiovanni,points,rf_qrf_points,0.3.0,empirical_qrf,0.008252033145247993,0.0066416483365913164,0.0100163508603959,,1041171555324455918,2026-01-10 19:59:10.883801
2026-01-10,24676,OTT,FLA,30005717,Oskar Pettersson,points,rf_qrf_points,0.3.0,empirical_qrf,0.12059226564168637,0.0,0.25,,1041171555324455918,2026-01-10 19:59:10.883801
2026-01-10,24676,OTT,FLA,30005987,Mark Duarte,points,rf_qrf_points,0.3.0,empirical_qrf,0.008252033145247993,0.0066416483365913164,0.0100163508603959,,1041171555324455918,2026-01-10 19:59:10.883801
2026-01-10,24676,OTT,FLA,30004819,Jake Sanderson,points,rf_qrf_points,0.3.0,empirical_qrf,0.0,0.0,0.0,,1041171555324455918,2026-01-10 19:59:10.883801
2026-01-10,24676,OTT,FLA,30004821,Tim Stützle,points,rf_qrf_points,0.3.0,empirical_qrf,0.2159702982202982,0.0,1.0,,1041171555324455918,2026-01-10 19:59:10.883801
2026-01-10,24676,OTT,FLA,30004852,Tyler Kleven,points,rf_qrf_points,0.3.0,empirical_qrf,0.0,0.0,0.0,,1041171555324455918,2026-01-10 19:59:10.883801
2026-01-10,24676,OTT,FLA,30004860,Leevi Merilainen,points,rf_qrf_points,0.3.0,empirical_qrf,0.008252033145247993,0.0066416483365913164,0.0100163508603959,,1041171555324455918,2026-01-10 19:59:10.883801
2026-01-10,24676,OTT,FLA,30004908,Carter Savoie,points,rf_qrf_points,0.3.0,empirical_qrf,0.0,0.0,0.0,,1041171555324455918,2026-01-10 19:59:10.883801
2026-01-10,24676,OTT,FLA,30004958,Olle Lycksell,points,rf_qrf_points,0.3.0,empirical_qrf,0.0,0.0,0.0,,1041171555324455918,2026-01-10 19:59:10.883801
2026-01-10,24676,OTT,FLA,30004514,Shane Pinto,points,rf_qrf_points,0.3.0,empirical_qrf,0.026080687830687833,0.0,0.0,,1041171555324455918,2026-01-10 19:59:10.883801
2026-01-10,24676,OTT,FLA,30004521,Mads Sogaard,points,rf_qrf_points,0.3.0,empirical_qrf,0.008252033145247993,0.0066416483365913164,0.0100163508603959,,1041171555324455918,2026-01-10 19:59:10.883801
2026-01-10,24676,OTT,FLA,30004553,Jordan Spence,points,rf_qrf_points,0.3.0,empirical_qrf,0.0,0.0,0.0,,1041171555324455918,2026-01-10 19:59:10.883801
2026-01-10,24676,OTT,FLA,30004596,Keean Washkurak,points,rf_qrf_points,0.3.0,empirical_qrf,0.0,0.0,0.0,,1041171555324455918,2026-01-10 19:59:10.883801
2026-01-10,24676,OTT,FLA,30004773,Artem Zub,points,rf_qrf_points,0.3.0,empirical_qrf,0.021838317677763844,0.0,0.04305750350631137,,1041171555324455918,2026-01-10 19:59:10.883801
2026-01-10,24676,OTT,FLA,30004802,Ridly Greig,points,rf_qrf_points,0.3.0,empirical_qrf,0.0,0.0,0.0,,1041171555324455918,2026-01-10 19:59:10.883801
2026-01-10,24676,OTT,FLA,30003896,Drake Batherson,points,rf_qrf_points,0.3.0,empirical_qrf,0.1910938381364078,0.0,0.4444444444444444,,1041171555324455918,2026-01-10 19:59:10.883801
2026-01-10,24676,OTT,FLA,30004077,Brady Tkachuk,points,rf_qrf_points,0.3.0,empirical_qrf,0.00986111111111111,0.0,0.0,,1041171555324455918,2026-01-10 19:59:10.883801
2026-01-10,24676,OTT,FLA,30004143,Jan Jenik,points,rf_qrf_points,0.3.0,empirical_qrf,0.002919062409885376,0.0,0.006351228389444951,,1041171555324455918,2026-01-10 19:59:10.883801
2026-01-10,24676,OTT,FLA,30004479,Dylan Cozens,points,rf_qrf_points,0.3.0,empirical_qrf,0.0,0.0,0.0,,1041171555324455918,2026-01-10 19:59:10.883801
2026-01-10,24676,OTT,FLA,30004485,Lassi Thomson,points,rf_qrf_points,0.3.0,empirical_qrf,0.0,0.0,0.0,,1041171555324455918,2026-01-10 19:59:10.883801
2026-01-10,24676,OTT,FLA,30004501,Arthur Kaliyev,points,rf_qrf_points,0.3.0,empirical_qrf,0.0,0.0,0.0,,1041171555324455918,2026-01-10 19:59:10.883801
2026-01-10,24676,OTT,FLA,30002630,Michael Amadio,points,rf_qrf_points,0.3.0,empirical_qrf,0.0459437359407801,0.0,0.10526315789473684,,1041171555324455918,2026-01-10 19:59:10.883801
2026-01-10,24676,OTT,FLA,30002747,Hayden Hodgson,points,rf_qrf_points,0.3.0,empirical_qrf,0.02384460933442847,0.006285377358490566,0.042682926829268296,,1041171555324455918,2026-01-10 19:59:10.883801
2026-01-10,24676,OTT,FLA,30002850,Dennis Gilbert,points,rf_qrf_points,0.3.0,empirical_qrf,0.012083119709923186,0.0,0.023809523809523808,,1041171555324455918,2026-01-10 19:59:10.883801
2026-01-10,24676,OTT,FLA,30003215,Garrett Pilon,points,rf_qrf_points,0.3.0,empirical_qrf,0.008252033145247993,0.0066416483365913164,0.0100163508603959,,1041171555324455918,2026-01-10 19:59:10.883801
2026-01-10,24676,OTT,FLA,30003711,Fabian Zetterlund,points,rf_qrf_points,0.3.0,empirical_qrf,0.0033730158730158727,0.0,0.0,,1041171555324455918,2026-01-10 19:59:10.883801
2026-01-10,24676,OTT,FLA,30003732,Cameron Crotty,points,rf_qrf_points,0.3.0,empirical_qrf,0.008252033145247993,0.0066416483365913164,0.0100163508603959,,1041171555324455918,2026-01-10 19:59:10.883801
2026-01-10,24676,OTT,FLA,30000442,Scott Harrington,points,rf_qrf_points,0.3.0,empirical_qrf,0.008252033145247993,0.0066416483365913164,0.0100163508603959,,1041171555324455918,2026-01-10 19:59:10.883801
2026-01-10,24676,OTT,FLA,30000446,Thomas Chabot,points,rf_qrf_points,0.3.0,empirical_qrf,0.12865079365079365,0.0,0.6,,1041171555324455918,2026-01-10 19:59:10.883801
2026-01-10,24676,OTT,FLA,30000580,Malcolm Subban,points,rf_qrf_points,0.3.0,empirical_qrf,0.008252033145247993,0.0066416483365913164,0.0100163508603959,,1041171555324455918,2026-01-10 19:59:10.883801
2026-01-10,24676,OTT,FLA,30000845,Nick Jensen,points,rf_qrf_points,0.3.0,empirical_qrf,0.042718693431770115,0.0,0.08450704225352113,,1041171555324455918,2026-01-10 19:59:10.883801
2026-01-10,24676,OTT,FLA,30000959,Kurtis MacDermid,points,rf_qrf_points,0.3.0,empirical_qrf,0.008252033145247993,0.0066416483365913164,0.0100163508603959,,1041171555324455918,2026-01-10 19:59:10.883801
2026-01-10,24676,OTT,FLA,30001374,Linus Ullmark,points,rf_qrf_points,0.3.0,empirical_qrf,0.008252033145247993,0.0066416483365913164,0.0100163508603959,,1041171555324455918,2026-01-10 19:59:10.883801
2026-01-10,24676,FLA,OTT,30006326,Michael Simpson,points,rf_qrf_points,0.3.0,empirical_qrf,0.008252033145247993,0.0066416483365913164,0.0100163508603959,,1041171555324455918,2026-01-10 19:59:10.883801
2026-01-10,24676,FLA,OTT,30006394,Graham McPhee,points,rf_qrf_points,0.3.0,empirical_qrf,0.00015151515151515152,0.0,0.0,,1041171555324455918,2026-01-10 19:59:10.883801
2026-01-10,24676,OTT,FLA,30000012,Lars Eller,points,rf_qrf_points,0.3.0,empirical_qrf,0.0,0.0,0.0,,1041171555324455918,2026-01-10 19:59:10.883801
2026-01-10,24676,OTT,FLA,30000052,Claude Giroux,points,rf_qrf_points,0.3.0,empirical_qrf,0.0,0.0,0.0,,1041171555324455918,2026-01-10 19:59:10.883801
2026-01-10,24676,OTT,FLA,30000263,Nick Cousins,points,rf_qrf_points,0.3.0,empirical_qrf,0.0,0.0,0.0,,1041171555324455918,2026-01-10 19:59:10.883801
2026-01-10,24676,OTT,FLA,30000397,David Perron,points,rf_qrf_points,0.3.0,empirical_qrf,0.029211700336700338,0.0,0.0,,1041171555324455918,2026-01-10 19:59:10.883801
2026-01-10,24676,FLA,OTT,30005849,Kai Schwindt,points,rf_qrf_points,0.3.0,empirical_qrf,0.021838317677763844,0.0,0.04305750350631137,,1041171555324455918,2026-01-10 19:59:10.883801
2026-01-10,24676,FLA,OTT,30005850,Sandis Vilmanis,points,rf_qrf_points,0.3.0,empirical_qrf,0.0009722222222222221,0.0,0.0,,1041171555324455918,2026-01-10 19:59:10.883801
2026-01-10,24676,FLA,OTT,30006034,Jake Livingstone,points,rf_qrf_points,0.3.0,empirical_qrf,0.011096986359523865,0.0,0.02603149063326056,,1041171555324455918,2026-01-10 19:59:10.883801
2026-01-10,24676,FLA,OTT,30006040,Ryan McAllister,points,rf_qrf_points,0.3.0,empirical_qrf,0.0041031746031746025,0.0,0.0,,1041171555324455918,2026-01-10 19:59:10.883801
2026-01-10,24676,FLA,OTT,30006048,Uvis Balinskis,points,rf_qrf_points,0.3.0,empirical_qrf,0.0,0.0,0.0,,1041171555324455918,2026-01-10 19:59:10.883801
2026-01-10,24676,FLA,OTT,30006097,Gracyn Sawchyn,points,rf_qrf_points,0.3.0,empirical_qrf,0.021838317677763844,0.0,0.04305750350631137,,1041171555324455918,2026-01-10 19:59:10.883801
2026-01-10,24676,FLA,OTT,30005025,Evan Nause,points,rf_qrf_points,0.3.0,empirical_qrf,0.0,0.0,0.0,,1041171555324455918,2026-01-10 19:59:10.883801
2026-01-10,24676,FLA,OTT,30005215,Cole Krygier,points,rf_qrf_points,0.3.0,empirical_qrf,0.008252033145247993,0.0066416483365913164,0.0100163508603959,,1041171555324455918,2026-01-10 19:59:10.883801
2026-01-10,24676,FLA,OTT,30005556,Mack Guzda,points,rf_qrf_points,0.3.0,empirical_qrf,0.008252033145247993,0.0066416483365913164,0.0100163508603959,,1041171555324455918,2026-01-10 19:59:10.883801
2026-01-10,24676,FLA,OTT,30005598,Mitchell Russell,points,rf_qrf_points,0.3.0,empirical_qrf,0.008252033145247993,0.0066416483365913164,0.0100163508603959,,1041171555324455918,2026-01-10 19:59:10.883801
2026-01-10,24676,FLA,OTT,30005723,Marek Alscher,points,rf_qrf_points,0.3.0,empirical_qrf,0.042718693431770115,0.0,0.08450704225352113,,1041171555324455918,2026-01-10 19:59:10.883801
2026-01-10,24676,FLA,OTT,30005848,Josh Davies,points,rf_qrf_points,0.3.0,empirical_qrf,0.002919062409885376,0.0,0.006351228389444951,,1041171555324455918,2026-01-10 19:59:10.883801
2026-01-10,24676,FLA,OTT,30004517,Robert Mastrosimone,points,rf_qrf_points,0.3.0,empirical_qrf,0.0,0.0,0.0,,1041171555324455918,2026-01-10 19:59:10.883801
2026-01-10,24676,FLA,OTT,30004574,Cole Schwindt,points,rf_qrf_points,0.3.0,empirical_qrf,0.0,0.0,0.0,,1041171555324455918,2026-01-10 19:59:10.883801
2026-01-10,24676,FLA,OTT,30004809,Anton Lundell,points,rf_qrf_points,0.3.0,empirical_qrf,0.0,0.0,0.0,,1041171555324455918,2026-01-10 19:59:10.883801
2026-01-10,24676,FLA,OTT,30004873,Donovan Sebrango,points,rf_qrf_points,0.3.0,empirical_qrf,0.05284635553137599,0.01282051282051282,0.0975609756097561,,1041171555324455918,2026-01-10 19:59:10.883801
2026-01-10,24676,FLA,OTT,30004886,Michael Benning,points,rf_qrf_points,0.3.0,empirical_qrf,0.0025595238095238093,0.0,0.0,,1041171555324455918,2026-01-10 19:59:10.883801
2026-01-10,24676,FLA,OTT,30005000,Mackie Samoskevich,points,rf_qrf_points,0.3.0,empirical_qrf,0.0035277777777777777,0.0,0.0,,1041171555324455918,2026-01-10 19:59:10.883801
2026-01-10,24676,FLA,OTT,30003671,Jack Studnicka,points,rf_qrf_points,0.3.0,empirical_qrf,0.0,0.0,0.0,,1041171555324455918,2026-01-10 19:59:10.883801
2026-01-10,24676,FLA,OTT,30003681,Eetu Luostarinen,points,rf_qrf_points,0.3.0,empirical_qrf,0.004166666666666667,0.0,0.0,,1041171555324455918,2026-01-10 19:59:10.883801
2026-01-10,24676,FLA,OTT,30003683,Jesper Boqvist,points,rf_qrf_points,0.3.0,empirical_qrf,0.0,0.0,0.0,,1041171555324455918,2026-01-10 19:59:10.883801
2026-01-10,24676,FLA,OTT,30003694,Jonah Gadjovich,points,rf_qrf_points,0.3.0,empirical_qrf,0.016324510619808684,0.0,0.03773584905660377,,1041171555324455918,2026-01-10 19:59:10.883801
2026-01-10,24676,FLA,OTT,30004088,Jay O'Brien,points,rf_qrf_points,0.3.0,empirical_qrf,0.008252033145247993,0.0066416483365913164,0.0100163508603959,,1041171555324455918,2026-01-10 19:59:10.883801
2026-01-10,24676,FLA,OTT,30004497,Tobias Bjornfot,points,rf_qrf_points,0.3.0,empirical_qrf,0.016324510619808684,0.0,0.03773584905660377,,1041171555324455918,2026-01-10 19:59:10.883801
2026-01-10,24676,FLA,OTT,30002796,Mitchell Vande Sompel,points,rf_qrf_points,0.3.0,empirical_qrf,0.0,0.0,0.0,,1041171555324455918,2026-01-10 19:59:10.883801
2026-01-10,24676,FLA,OTT,30002839,A.J. Greer,points,rf_qrf_points,0.3.0,empirical_qrf,0.016324510619808684,0.0,0.03773584905660377,,1041171555324455918,2026-01-10 19:59:10.883801
2026-01-10,24676,FLA,OTT,30003077,Tyler Motte,points,rf_qrf_points,0.3.0,empirical_qrf,0.0,0.0,0.0,,1041171555324455918,2026-01-10 19:59:10.883801
2026-01-10,24676,FLA,OTT,30003134,Matthew Tkachuk,points,rf_qrf_points,0.3.0,empirical_qrf,0.0,0.0,0.0,,1041171555324455918,2026-01-10 19:59:10.883801
2026-01-10,24676,FLA,OTT,30003150,Luke Kunin,points,rf_qrf_points,0.3.0,empirical_qrf,0.01001476703263672,0.0,0.019422200174804526,,1041171555324455918,2026-01-10 19:59:10.883801
2026-01-10,24676,FLA,OTT,30003468,Evan Cormier,points,rf_qrf_points,0.3.0,empirical_qrf,0.008252033145247993,0.0066416483365913164,0.0100163508603959,,1041171555324455918,2026-01-10 19:59:10.883801
2026-01-10,24676,FLA,OTT,30001035,Tomás Nosek,points,rf_qrf_points,0.3.0,empirical_qrf,0.008252033145247993,0.0066416483365913164,0.0100163508603959,,1041171555324455918,2026-01-10 19:59:10.883801
2026-01-10,24676,FLA,OTT,30001159,Carter Verhaeghe,points,rf_qrf_points,0.3.0,empirical_qrf,0.036814814814814814,0.0,0.0,,1041171555324455918,2026-01-10 19:59:10.883801
2026-01-10,24676,FLA,OTT,30001387,Niko Mikkola,points,rf_qrf_points,0.3.0,empirical_qrf,0.021838317677763844,0.0,0.04305750350631137,,1041171555324455918,2026-01-10 19:59:10.883801
2026-01-10,24676,FLA,OTT,30001448,Daniil Tarasov,points,rf_qrf_points,0.3.0,empirical_qrf,0.008252033145247993,0.0066416483365913164,0.0100163508603959,,1041171555324455918,2026-01-10 19:59:10.883801
2026-01-10,24676,FLA,OTT,30002069,Nathan Smith,points,rf_qrf_points,0.3.0,empirical_qrf,0.0,0.0,0.0,,1041171555324455918,2026-01-10 19:59:10.883801
2026-01-10,24676,FLA,OTT,30002758,Gustav Forsling,points,rf_qrf_points,0.3.0,empirical_qrf,0.0,0.0,0.0,,1041171555324455918,2026-01-10 19:59:10.883801
2026-01-10,24676,FLA,OTT,30000559,Sam Bennett,points,rf_qrf_points,0.3.0,empirical_qrf,0.01125,0.0,0.0,,1041171555324455918,2026-01-10 19:59:10.883801
2026-01-10,24676,FLA,OTT,30000667,Sergei Bobrovsky,points,rf_qrf_points,0.3.0,empirical_qrf,0.008252033145247993,0.0066416483365913164,0.0100163508603959,,1041171555324455918,2026-01-10 19:59:10.883801
2026-01-10,24676,FLA,OTT,30000723,Jeff Petry,points,rf_qrf_points,0.3.0,empirical_qrf,0.009194444444444443,0.0,0.0,,1041171555324455918,2026-01-10 19:59:10.883801
2026-01-10,24676,FLA,OTT,30000934,Louis Domingue,points,rf_qrf_points,0.3.0,empirical_qrf,0.008252033145247993,0.0066416483365913164,0.0100163508603959,,1041171555324455918,2026-01-10 19:59:10.883801
2026-01-10,24676,FLA,OTT,30000980,Sam Reinhart,points,rf_qrf_points,0.3.0,empirical_qrf,0.18907738095238094,0.0,0.5,,1041171555324455918,2026-01-10 19:59:10.883801
2026-01-10,24676,FLA,OTT,30000981,Evan Rodrigues,points,rf_qrf_points,0.3.0,empirical_qrf,0.013657407407407405,0.0,0.0,,1041171555324455918,2026-01-10 19:59:10.883801
2026-01-10,24677,DET,MON,30000043,James van Riemsdyk,points,rf_qrf_points,0.3.0,empirical_qrf,0.12279365079365079,0.0,0.6666666666666666,,1041171555324455918,2026-01-10 19:59:10.883801
2026-01-10,24677,DET,MON,30000186,Austin Watson,points,rf_qrf_points,0.3.0,empirical_qrf,0.03504405202610481,0.0,0.08,,1041171555324455918,2026-01-10 19:59:10.883801
2026-01-10,24677,DET,MON,30000563,Cam Talbot,points,rf_qrf_points,0.3.0,empirical_qrf,0.008252033145247993,0.0066416483365913164,0.0100163508603959,,1041171555324455918,2026-01-10 19:59:10.883801
2026-01-10,24677,DET,MON,30000821,Andrew Copp,points,rf_qrf_points,0.3.0,empirical_qrf,7.575757575757576e-05,0.0,0.0,,1041171555324455918,2026-01-10 19:59:10.883801
2026-01-10,24677,DET,MON,30000846,Dylan Larkin,points,rf_qrf_points,0.3.0,empirical_qrf,0.0065066137566137565,0.0,0.0,,1041171555324455918,2026-01-10 19:59:10.883801
2026-01-10,24677,DET,MON,30000866,Patrick Kane,points,rf_qrf_points,0.3.0,empirical_qrf,0.0008333333333333334,0.0,0.0,,1041171555324455918,2026-01-10 19:59:10.883801
2026-01-10,24677,MON,DET,30006152,Florian Xhekaj,points,rf_qrf_points,0.3.0,empirical_qrf,0.0,0.0,0.0,,1041171555324455918,2026-01-10 19:59:10.883801
2026-01-10,24677,MON,DET,30006358,Israel Mianscum,points,rf_qrf_points,0.3.0,empirical_qrf,0.008252033145247993,0.0066416483365913164,0.0100163508603959,,1041171555324455918,2026-01-10 19:59:10.883801
2026-01-10,24677,MON,DET,30006485,Ivan Demidov,points,rf_qrf_points,0.3.0,empirical_qrf,0.0,0.0,0.0,,1041171555324455918,2026-01-10 19:59:10.883801
2026-01-10,24677,DET,MON,30003859,Sheldon Dries,points,rf_qrf_points,0.3.0,empirical_qrf,0.0,0.0,0.0,,1041171555324455918,2026-01-10 19:59:10.883801
2026-01-10,24677,MON,DET,30005645,Filip Mesar,points,rf_qrf_points,0.3.0,empirical_qrf,0.0,0.0,0.0,,1041171555324455918,2026-01-10 19:59:10.883801
2026-01-10,24677,MON,DET,30005655,Lane Hutson,points,rf_qrf_points,0.3.0,empirical_qrf,0.0,0.0,0.0,,1041171555324455918,2026-01-10 19:59:10.883801
2026-01-10,24677,MON,DET,30005656,Owen Beck,points,rf_qrf_points,0.3.0,empirical_qrf,0.12659792947215565,0.0,0.23529411764705882,,1041171555324455918,2026-01-10 19:59:10.883801
2026-01-10,24677,MON,DET,30005806,Jared Davidson,points,rf_qrf_points,0.3.0,empirical_qrf,0.017944300201272263,0.008090662244118174,0.030987217305801378,,1041171555324455918,2026-01-10 19:59:10.883801
2026-01-10,24677,MON,DET,30006060,David Reinbacher,points,rf_qrf_points,0.3.0,empirical_qrf,0.01001476703263672,0.0,0.019422200174804526,,1041171555324455918,2026-01-10 19:59:10.883801
2026-01-10,24677,MON,DET,30006127,Jacob Fowler,points,rf_qrf_points,0.3.0,empirical_qrf,0.008252033145247993,0.0066416483365913164,0.0100163508603959,,1041171555324455918,2026-01-10 19:59:10.883801
2026-01-10,24677,MON,DET,30005128,Arber Xhekaj,points,rf_qrf_points,0.3.0,empirical_qrf,0.0,0.0,0.0,,1041171555324455918,2026-01-10 19:59:10.883801
2026-01-10,24677,MON,DET,30005287,Gannon Laroque,points,rf_qrf_points,0.3.0,empirical_qrf,0.008252033145247993,0.0066416483365913164,0.0100163508603959,,1041171555324455918,2026-01-10 19:59:10.883801
2026-01-10,24677,MON,DET,30005288,Ben Gaudreau,points,rf_qrf_points,0.3.0,empirical_qrf,0.008252033145247993,0.0066416483365913164,0.0100163508603959,,1041171555324455918,2026-01-10 19:59:10.883801
2026-01-10,24677,MON,DET,30005534,Jakub Dobes,points,rf_qrf_points,0.3.0,empirical_qrf,0.008252033145247993,0.0066416483365913164,0.0100163508603959,,1041171555324455918,2026-01-10 19:59:10.883801
2026-01-10,24677,MON,DET,30005574,Lucas Condotta,points,rf_qrf_points,0.3.0,empirical_qrf,0.054315086148682475,0.0,0.1,,1041171555324455918,2026-01-10 19:59:10.883801
2026-01-10,24677,MON,DET,30005631,Juraj Slafkovsky,points,rf_qrf_points,0.3.0,empirical_qrf,0.0,0.0,0.0,,1041171555324455918,2026-01-10 19:59:10.883801
2026-01-10,24677,MON,DET,30005021,Oliver Kapanen,points,rf_qrf_points,0.3.0,empirical_qrf,0.0065311748436748425,0.0,0.0,,1041171555324455918,2026-01-10 19:59:10.883801
2026-01-10,24677,MON,DET,30005022,Riley Kidney,points,rf_qrf_points,0.3.0,empirical_qrf,0.16028026890095856,0.0,0.37750000000000056,,1041171555324455918,2026-01-10 19:59:10.883801
2026-01-10,24677,MON,DET,30005118,Tobie Paquette-Bisson,points,rf_qrf_points,0.3.0,empirical_qrf,0.00024458927404761227,0.0,0.0,,1041171555324455918,2026-01-10 19:59:10.883801
2026-01-10,24677,MON,DET,30005121,Joshua Roy,points,rf_qrf_points,0.3.0,empirical_qrf,0.002919062409885376,0.0,0.006351228389444951,,1041171555324455918,2026-01-10 19:59:10.883801
2026-01-10,24677,MON,DET,30005122,Xavier Simoneau,points,rf_qrf_points,0.3.0,empirical_qrf,0.008252033145247993,0.0066416483365913164,0.0100163508603959,,1041171555324455918,2026-01-10 19:59:10.883801
2026-01-10,24677,MON,DET,30005127,Joe Vrbetic,points,rf_qrf_points,0.3.0,empirical_qrf,0.008252033145247993,0.0066416483365913164,0.0100163508603959,,1041171555324455918,2026-01-10 19:59:10.883801
2026-01-10,24677,MON,DET,30004866,Ryan O'Rourke,points,rf_qrf_points,0.3.0,empirical_qrf,0.0,0.0,0.0,,1041171555324455918,2026-01-10 19:59:10.883801
2026-01-10,24677,MON,DET,30004876,Ty Smilanic,points,rf_qrf_points,0.3.0,empirical_qrf,0.008252033145247993,0.0066416483365913164,0.0100163508603959,,1041171555324455918,2026-01-10 19:59:10.883801
2026-01-10,24677,MON,DET,30004894,Sean Farrell,points,rf_qrf_points,0.3.0,empirical_qrf,0.10641510940040352,0.0,0.25,,1041171555324455918,2026-01-10 19:59:10.883801
2026-01-10,24677,MON,DET,30004928,Cole Caufield,points,rf_qrf_points,0.3.0,empirical_qrf,0.0005555555555555556,0.0,0.0,,1041171555324455918,2026-01-10 19:59:10.883801
2026-01-10,24677,MON,DET,30004950,Marc Del Gaizo,points,rf_qrf_points,0.3.0,empirical_qrf,0.0,0.0,0.0,,1041171555324455918,2026-01-10 19:59:10.883801
2026-01-10,24677,MON,DET,30004990,Zachary Bolduc,points,rf_qrf_points,0.3.0,empirical_qrf,0.0,0.0,0.0,,1041171555324455918,2026-01-10 19:59:10.883801
2026-01-10,24677,MON,DET,30004361,Josh Anderson,points,rf_qrf_points,0.3.0,empirical_qrf,0.0,0.0,0.0,,1041171555324455918,2026-01-10 19:59:10.883801
2026-01-10,24677,MON,DET,30004472,Kirby Dach,points,rf_qrf_points,0.3.0,empirical_qrf,0.0,0.0,0.0,,1041171555324455918,2026-01-10 19:59:10.883801
2026-01-10,24677,MON,DET,30004486,Alex Newhook,points,rf_qrf_points,0.3.0,empirical_qrf,0.15492316942316942,0.0,0.3333333333333333,,1041171555324455918,2026-01-10 19:59:10.883801
2026-01-10,24677,MON,DET,30004520,Hunter Jones,points,rf_qrf_points,0.3.0,empirical_qrf,0.0,0.0,0.0,,1041171555324455918,2026-01-10 19:59:10.883801
2026-01-10,24677,MON,DET,30004559,Jayden Struble,points,rf_qrf_points,0.3.0,empirical_qrf,0.02384460933442847,0.006285377358490566,0.042682926829268296,,1041171555324455918,2026-01-10 19:59:10.883801
2026-01-10,24677,MON,DET,30004803,Kaiden Guhle,points,rf_qrf_points,0.3.0,empirical_qrf,0.0,0.0,0.0,,1041171555324455918,2026-01-10 19:59:10.883801
2026-01-10,24677,MON,DET,30003958,Nate Clurman,points,rf_qrf_points,0.3.0,empirical_qrf,0.016324510619808684,0.0,0.03773584905660377,,1041171555324455918,2026-01-10 19:59:10.883801
2026-01-10,24677,MON,DET,30003990,Jake Evans,points,rf_qrf_points,0.3.0,empirical_qrf,0.016324510619808684,0.0,0.03773584905660377,,1041171555324455918,2026-01-10 19:59:10.883801
2026-01-10,24677,MON,DET,30004086,Noah Dobson,points,rf_qrf_points,0.3.0,empirical_qrf,0.0,0.0,0.0,,1041171555324455918,2026-01-10 19:59:10.883801
2026-01-10,24677,MON,DET,30004101,Joe Veleno,points,rf_qrf_points,0.3.0,empirical_qrf,0.0,0.0,0.0,,1041171555324455918,2026-01-10 19:59:10.883801
2026-01-10,24677,MON,DET,30004204,Wyatte Wylie,points,rf_qrf_points,0.3.0,empirical_qrf,0.11719642857142859,0.0,0.5,,1041171555324455918,2026-01-10 19:59:10.883801
2026-01-10,24677,MON,DET,30004284,Kevin Mandolese,points,rf_qrf_points,0.3.0,empirical_qrf,0.008252033145247993,0.0066416483365913164,0.0100163508603959,,1041171555324455918,2026-01-10 19:59:10.883801
2026-01-10,24677,MON,DET,30002781,Sam Montembeault,points,rf_qrf_points,0.3.0,empirical_qrf,0.008252033145247993,0.0066416483365913164,0.0100163508603959,,1041171555324455918,2026-01-10 19:59:10.883801
2026-01-10,24677,MON,DET,30002825,Alexandre Carrier,points,rf_qrf_points,0.3.0,empirical_qrf,0.0,0.0,0.0,,1041171555324455918,2026-01-10 19:59:10.883801
2026-01-10,24677,MON,DET,30003131,Patrik Laine,points,rf_qrf_points,0.3.0,empirical_qrf,0.01717818029923293,0.0,0.0,,1041171555324455918,2026-01-10 19:59:10.883801
2026-01-10,24677,MON,DET,30003667,Nick Suzuki,points,rf_qrf_points,0.3.0,empirical_qrf,0.0,0.0,0.0,,1041171555324455918,2026-01-10 19:59:10.883801
2026-01-10,24677,MON,DET,30003687,Alexandre Texier,points,rf_qrf_points,0.3.0,empirical_qrf,0.01001476703263672,0.0,0.019422200174804526,,1041171555324455918,2026-01-10 19:59:10.883801
2026-01-10,24677,MON,DET,30003901,Alex Belzile,points,rf_qrf_points,0.3.0,empirical_qrf,0.0,0.0,0.0,,1041171555324455918,2026-01-10 19:59:10.883801
2026-01-10,24677,MON,DET,30000670,Sammy Blais,points,rf_qrf_points,0.3.0,empirical_qrf,0.021838317677763844,0.0,0.04305750350631137,,1041171555324455918,2026-01-10 19:59:10.883801
2026-01-10,24677,MON,DET,30001395,Laurent Dauphin,points,rf_qrf_points,0.3.0,empirical_qrf,0.022452306545166535,0.0,0.046189624329159226,,1041171555324455918,2026-01-10 19:59:10.883801
2026-01-10,24677,MON,DET,30001424,Phillip Danault,points,rf_qrf_points,0.3.0,empirical_qrf,0.01125,0.0,0.0,,1041171555324455918,2026-01-10 19:59:10.883801
2026-01-10,24677,MON,DET,30002592,Kaapo Kahkonen,points,rf_qrf_points,0.3.0,empirical_qrf,0.008252033145247993,0.0066416483365913164,0.0100163508603959,,1041171555324455918,2026-01-10 19:59:10.883801
2026-01-10,24677,MON,DET,30002601,Joshua Jacobs,points,rf_qrf_points,0.3.0,empirical_qrf,0.008252033145247993,0.0066416483365913164,0.0100163508603959,,1041171555324455918,2026-01-10 19:59:10.883801
2026-01-10,24677,MON,DET,30002663,Vincent Arseneau,points,rf_qrf_points,0.3.0,empirical_qrf,0.008252033145247993,0.0066416483365913164,0.0100163508603959,,1041171555324455918,2026-01-10 19:59:10.883801
2026-01-10,24677,DET,MON,30006059,Nate Danielson,points,rf_qrf_points,0.3.0,empirical_qrf,0.004462962962962963,0.0,0.0,,1041171555324455918,2026-01-10 19:59:10.883801
2026-01-10,24677,DET,MON,30006071,Axel Sandin-Pellikka,points,rf_qrf_points,0.3.0,empirical_qrf,0.02911189273689273,0.0,0.0,,1041171555324455918,2026-01-10 19:59:10.883801
2026-01-10,24677,DET,MON,30006201,Emmitt Finnie,points,rf_qrf_points,0.3.0,empirical_qrf,0.048987510372651526,0.0,0.11764705882352941,,1041171555324455918,2026-01-10 19:59:10.883801
2026-01-10,24677,MON,DET,30000015,Brendan Gallagher,points,rf_qrf_points,0.3.0,empirical_qrf,0.011182643666389797,0.0,0.0,,1041171555324455918,2026-01-10 19:59:10.883801
2026-01-10,24677,MON,DET,30000227,Mike Matheson,points,rf_qrf_points,0.3.0,empirical_qrf,0.000976608187134503,0.0,0.0,,1041171555324455918,2026-01-10 19:59:10.883801
2026-01-10,24677,MON,DET,30000555,Tyler Wotherspoon,points,rf_qrf_points,0.3.0,empirical_qrf,0.008252033145247993,0.0066416483365913164,0.0100163508603959,,1041171555324455918,2026-01-10 19:59:10.883801
2026-01-10,24677,DET,MON,30004984,Simon Edvinsson,points,rf_qrf_points,0.3.0,empirical_qrf,0.036814814814814814,0.0,0.0,,1041171555324455918,2026-01-10 19:59:10.883801
2026-01-10,24677,DET,MON,30005482,Carter Mazur,points,rf_qrf_points,0.3.0,empirical_qrf,0.0,0.0,0.0,,1041171555324455918,2026-01-10 19:59:10.883801
2026-01-10,24677,DET,MON,30005489,Elmer Soderblom,points,rf_qrf_points,0.3.0,empirical_qrf,0.0,0.0,0.0,,1041171555324455918,2026-01-10 19:59:10.883801
2026-01-10,24677,DET,MON,30005630,Marco Kasper,points,rf_qrf_points,0.3.0,empirical_qrf,0.0,0.0,0.0,,1041171555324455918,2026-01-10 19:59:10.883801
2026-01-10,24677,DET,MON,30005780,Amadeus Lombardi,points,rf_qrf_points,0.3.0,empirical_qrf,0.0,0.0,0.0,,1041171555324455918,2026-01-10 19:59:10.883801
2026-01-10,24677,DET,MON,30006015,Alexandre Doucet,points,rf_qrf_points,0.3.0,empirical_qrf,0.012083119709923186,0.0,0.023809523809523808,,1041171555324455918,2026-01-10 19:59:10.883801
2026-01-10,24677,DET,MON,30004548,Albert Johansson,points,rf_qrf_points,0.3.0,empirical_qrf,0.0,0.0,0.0,,1041171555324455918,2026-01-10 19:59:10.883801
2026-01-10,24677,DET,MON,30004561,Antti Tuomisto,points,rf_qrf_points,0.3.0,empirical_qrf,0.002919062409885376,0.0,0.006351228389444951,,1041171555324455918,2026-01-10 19:59:10.883801
2026-01-10,24677,DET,MON,30004758,John Leonard,points,rf_qrf_points,0.3.0,empirical_qrf,0.33218232230732225,0.0,0.8,,1041171555324455918,2026-01-10 19:59:10.883801
2026-01-10,24677,DET,MON,30004816,Lucas Raymond,points,rf_qrf_points,0.3.0,empirical_qrf,0.08183862433862435,0.0,0.3400000000000015,,1041171555324455918,2026-01-10 19:59:10.883801
2026-01-10,24677,DET,MON,30004884,William Wallinder,points,rf_qrf_points,0.3.0,empirical_qrf,0.0,0.0,0.0,,1041171555324455918,2026-01-10 19:59:10.883801
2026-01-10,24677,DET,MON,30004983,Sebastian Cossa,points,rf_qrf_points,0.3.0,empirical_qrf,0.008252033145247993,0.0066416483365913164,0.0100163508603959,,1041171555324455918,2026-01-10 19:59:10.883801
2026-01-10,24677,DET,MON,30003160,Alex DeBrincat,points,rf_qrf_points,0.3.0,empirical_qrf,0.00125,0.0,0.0,,1041171555324455918,2026-01-10 19:59:10.883801
2026-01-10,24677,DET,MON,30003644,Michael Rasmussen,points,rf_qrf_points,0.3.0,empirical_qrf,0.03478134815523501,0.0,0.08333333333333333,,1041171555324455918,2026-01-10 19:59:10.883801
2026-01-10,24677,DET,MON,30003744,Mason Appleton,points,rf_qrf_points,0.3.0,empirical_qrf,0.12659792947215565,0.0,0.23529411764705882,,1041171555324455918,2026-01-10 19:59:10.883801
2026-01-10,24677,DET,MON,30004102,Jacob Bernard-Docker,points,rf_qrf_points,0.3.0,empirical_qrf,0.0,0.0,0.0,,1041171555324455918,2026-01-10 19:59:10.883801
2026-01-10,24677,DET,MON,30004186,Joel L'Esperance,points,rf_qrf_points,0.3.0,empirical_qrf,0.0,0.0,0.0,,1041171555324455918,2026-01-10 19:59:10.883801
2026-01-10,24677,DET,MON,30004475,Moritz Seider,points,rf_qrf_points,0.3.0,empirical_qrf,0.004462962962962963,0.0,0.0,,1041171555324455918,2026-01-10 19:59:10.883801
2026-01-10,24677,DET,MON,30000874,John Gibson,points,rf_qrf_points,0.3.0,empirical_qrf,0.008252033145247993,0.0066416483365913164,0.0100163508603959,,1041171555324455918,2026-01-10 19:59:10.883801
2026-01-10,24677,DET,MON,30000997,Travis Hamonic,points,rf_qrf_points,0.3.0,empirical_qrf,0.017944300201272263,0.008090662244118174,0.030987217305801378,,1041171555324455918,2026-01-10 19:59:10.883801
2026-01-10,24677,DET,MON,30001011,Erik Gustafsson,points,rf_qrf_points,0.3.0,empirical_qrf,0.017944300201272263,0.008090662244118174,0.030987217305801378,,1041171555324455918,2026-01-10 19:59:10.883801
2026-01-10,24677,DET,MON,30001063,Ben Chiarot,points,rf_qrf_points,0.3.0,empirical_qrf,0.0,0.0,0.0,,1041171555324455918,2026-01-10 19:59:10.883801
2026-01-10,24677,DET,MON,30002213,Josiah Didier,points,rf_qrf_points,0.3.0,empirical_qrf,0.01001476703263672,0.0,0.019422200174804526,,1041171555324455918,2026-01-10 19:59:10.883801
2026-01-10,24677,DET,MON,30002513,J.T. Compher,points,rf_qrf_points,0.3.0,empirical_qrf,0.003852980352980353,0.0,0.0,,1041171555324455918,2026-01-10 19:59:10.883801
2026-01-10,24678,SEA,CAR,30000303,Adam Larsson,points,rf_qrf_points,0.3.0,empirical_qrf,0.0,0.0,0.0,,1041171555324455918,2026-01-10 19:59:10.883801
2026-01-10,24678,SEA,CAR,30000460,Max McCormick,points,rf_qrf_points,0.3.0,empirical_qrf,0.022452306545166535,0.0,0.046189624329159226,,1041171555324455918,2026-01-10 19:59:10.883801
2026-01-10,24678,SEA,CAR,30000539,Jordan Eberle,points,rf_qrf_points,0.3.0,empirical_qrf,0.0006666666666666668,0.0,0.0,,1041171555324455918,2026-01-10 19:59:10.883801
2026-01-10,24678,SEA,CAR,30000577,Philipp Grubauer,points,rf_qrf_points,0.3.0,empirical_qrf,0.008252033145247993,0.0066416483365913164,0.0100163508603959,,1041171555324455918,2026-01-10 19:59:10.883801
2026-01-10,24678,SEA,CAR,30000596,Chandler Stephenson,points,rf_qrf_points,0.3.0,empirical_qrf,0.002919062409885376,0.0,0.006351228389444951,,1041171555324455918,2026-01-10 19:59:10.883801
2026-01-10,24678,SEA,CAR,30000629,Matt Murray,points,rf_qrf_points,0.3.0,empirical_qrf,0.008252033145247993,0.0066416483365913164,0.0100163508603959,,1041171555324455918,2026-01-10 19:59:10.883801
2026-01-10,24678,CAR,SEA,30003662,Juuso Valimaki,points,rf_qrf_points,0.3.0,empirical_qrf,0.008252033145247993,0.0066416483365913164,0.0100163508603959,,1041171555324455918,2026-01-10 19:59:10.883801
2026-01-10,24678,SEA,CAR,30006120,Oscar Fisker Molgaard,points,rf_qrf_points,0.3.0,empirical_qrf,0.0,0.0,0.0,,1041171555324455918,2026-01-10 19:59:10.883801
2026-01-10,24678,CAR,SEA,30005153,Bryce Montgomery,points,rf_qrf_points,0.3.0,empirical_qrf,0.01001476703263672,0.0,0.019422200174804526,,1041171555324455918,2026-01-10 19:59:10.883801
2026-01-10,24678,CAR,SEA,30005155,Justin Robidas,points,rf_qrf_points,0.3.0,empirical_qrf,0.0018055555555555555,0.0,0.0,,1041171555324455918,2026-01-10 19:59:10.883801
2026-01-10,24678,CAR,SEA,30005405,Jackson Blake,points,rf_qrf_points,0.3.0,empirical_qrf,0.0,0.0,0.0,,1041171555324455918,2026-01-10 19:59:10.883801
2026-01-10,24678,CAR,SEA,30005573,Brandon Bussi,points,rf_qrf_points,0.3.0,empirical_qrf,0.008252033145247993,0.0066416483365913164,0.0100163508603959,,1041171555324455918,2026-01-10 19:59:10.883801
2026-01-10,24678,CAR,SEA,30006098,Felix Unger Sorum,points,rf_qrf_points,0.3.0,empirical_qrf,7.575757575757576e-05,0.0,0.0,,1041171555324455918,2026-01-10 19:59:10.883801
2026-01-10,24678,CAR,SEA,30005577,Noah Philp,points,rf_qrf_points,0.3.0,empirical_qrf,0.29849867724867724,0.0,1.0,,1041171555324455918,2026-01-10 19:59:10.883801
2026-01-10,24678,CAR,SEA,30004806,Seth Jarvis,points,rf_qrf_points,0.3.0,empirical_qrf,0.0044444444444444444,0.0,0.0,,1041171555324455918,2026-01-10 19:59:10.883801
2026-01-10,24678,CAR,SEA,30004865,Alexander Nikishin,points,rf_qrf_points,0.3.0,empirical_qrf,0.0019074074074074074,0.0,0.0,,1041171555324455918,2026-01-10 19:59:10.883801
2026-01-10,24678,CAR,SEA,30004913,Evan Vierling,points,rf_qrf_points,0.3.0,empirical_qrf,0.008252033145247993,0.0066416483365913164,0.0100163508603959,,1041171555324455918,2026-01-10 19:59:10.883801
2026-01-10,24678,CAR,SEA,30004953,Pyotr Kochetkov,points,rf_qrf_points,0.3.0,empirical_qrf,0.012083119709923186,0.0,0.023809523809523808,,1041171555324455918,2026-01-10 19:59:10.883801
2026-01-10,24678,CAR,SEA,30005026,Aleksi Heimosalmi,points,rf_qrf_points,0.3.0,empirical_qrf,0.01001476703263672,0.0,0.019422200174804526,,1041171555324455918,2026-01-10 19:59:10.883801
2026-01-10,24678,CAR,SEA,30005034,Logan Stankoven,points,rf_qrf_points,0.3.0,empirical_qrf,0.032324074074074075,0.0,0.0,,1041171555324455918,2026-01-10 19:59:10.883801
2026-01-10,24678,CAR,SEA,30004075,Jesperi Kotkaniemi,points,rf_qrf_points,0.3.0,empirical_qrf,0.0033730158730158727,0.0,0.0,,1041171555324455918,2026-01-10 19:59:10.883801
2026-01-10,24678,CAR,SEA,30004076,Andrei Svechnikov,points,rf_qrf_points,0.3.0,empirical_qrf,0.037212490940432115,0.0,0.0,,1041171555324455918,2026-01-10 19:59:10.883801
2026-01-10,24678,CAR,SEA,30004082,K'Andre Miller,points,rf_qrf_points,0.3.0,empirical_qrf,0.0,0.0,0.0,,1041171555324455918,2026-01-10 19:59:10.883801
2026-01-10,24678,CAR,SEA,30004385,Cayden Primeau,points,rf_qrf_points,0.3.0,empirical_qrf,0.008252033145247993,0.0066416483365913164,0.0100163508603959,,1041171555324455918,2026-01-10 19:59:10.883801
2026-01-10,24678,CAR,SEA,30004537,Domenick Fensore,points,rf_qrf_points,0.3.0,empirical_qrf,0.0,0.0,0.0,,1041171555324455918,2026-01-10 19:59:10.883801
2026-01-10,24678,CAR,SEA,30004602,Nikita Pavlychev,points,rf_qrf_points,0.3.0,empirical_qrf,0.008252033145247993,0.0066416483365913164,0.0100163508603959,,1041171555324455918,2026-01-10 19:59:10.883801
2026-01-10,24678,CAR,SEA,30002819,Sebastian Aho,points,rf_qrf_points,0.3.0,empirical_qrf,0.0008333333333333334,0.0,0.0,,1041171555324455918,2026-01-10 19:59:10.883801
2026-01-10,24678,CAR,SEA,30002980,Eric Robinson,points,rf_qrf_points,0.3.0,empirical_qrf,0.0,0.0,0.0,,1041171555324455918,2026-01-10 19:59:10.883801
2026-01-10,24678,CAR,SEA,30003180,Givani Smith,points,rf_qrf_points,0.3.0,empirical_qrf,0.33218232230732225,0.0,0.8,,1041171555324455918,2026-01-10 19:59:10.883801
2026-01-10,24678,CAR,SEA,30003359,Jalen Chatfield,points,rf_qrf_points,0.3.0,empirical_qrf,0.0,0.0,0.0,,1041171555324455918,2026-01-10 19:59:10.883801
2026-01-10,24678,CAR,SEA,30003550,Gavin Bayreuther,points,rf_qrf_points,0.3.0,empirical_qrf,0.017944300201272263,0.008090662244118174,0.030987217305801378,,1041171555324455918,2026-01-10 19:59:10.883801
2026-01-10,24678,CAR,SEA,30003786,Sean Walker,points,rf_qrf_points,0.3.0,empirical_qrf,0.0,0.0,0.0,,1041171555324455918,2026-01-10 19:59:10.883801
2026-01-10,24678,CAR,SEA,30000643,Jaccob Slavin,points,rf_qrf_points,0.3.0,empirical_qrf,0.03478134815523501,0.0,0.08333333333333333,,1041171555324455918,2026-01-10 19:59:10.883801
2026-01-10,24678,CAR,SEA,30000822,Nikolaj Ehlers,points,rf_qrf_points,0.3.0,empirical_qrf,0.06405555555555556,0.0,0.0,,1041171555324455918,2026-01-10 19:59:10.883801
2026-01-10,24678,CAR,SEA,30000948,Jordan Martinook,points,rf_qrf_points,0.3.0,empirical_qrf,0.03504405202610481,0.0,0.08,,1041171555324455918,2026-01-10 19:59:10.883801
2026-01-10,24678,CAR,SEA,30001187,Taylor Hall,points,rf_qrf_points,0.3.0,empirical_qrf,0.017944300201272263,0.008090662244118174,0.030987217305801378,,1041171555324455918,2026-01-10 19:59:10.883801
2026-01-10,24678,CAR,SEA,30001203,Frederik Andersen,points,rf_qrf_points,0.3.0,empirical_qrf,0.008252033145247993,0.0066416483365913164,0.0100163508603959,,1041171555324455918,2026-01-10 19:59:10.883801
2026-01-10,24678,CAR,SEA,30002309,Mark Jankowski,points,rf_qrf_points,0.3.0,empirical_qrf,0.0,0.0,0.0,,1041171555324455918,2026-01-10 19:59:10.883801
2026-01-10,24678,SEA,CAR,30006437,Kaden Hammell,points,rf_qrf_points,0.3.0,empirical_qrf,0.01001476703263672,0.0,0.019422200174804526,,1041171555324455918,2026-01-10 19:59:10.883801
2026-01-10,24678,SEA,CAR,30006499,Berkly Catton,points,rf_qrf_points,0.3.0,empirical_qrf,0.12659792947215565,0.0,0.23529411764705882,,1041171555324455918,2026-01-10 19:59:10.883801
2026-01-10,24678,CAR,SEA,30000271,Shayne Gostisbehere,points,rf_qrf_points,0.3.0,empirical_qrf,0.0,0.0,0.0,,1041171555324455918,2026-01-10 19:59:10.883801
2026-01-10,24678,CAR,SEA,30000358,Jordan Staal,points,rf_qrf_points,0.3.0,empirical_qrf,0.048987510372651526,0.0,0.11764705882352941,,1041171555324455918,2026-01-10 19:59:10.883801
2026-01-10,24678,CAR,SEA,30000510,William Carrier,points,rf_qrf_points,0.3.0,empirical_qrf,0.017944300201272263,0.008090662244118174,0.030987217305801378,,1041171555324455918,2026-01-10 19:59:10.883801
2026-01-10,24678,CAR,SEA,30000525,Mike Reilly,points,rf_qrf_points,0.3.0,empirical_qrf,0.0,0.0,0.0,,1041171555324455918,2026-01-10 19:59:10.883801
2026-01-10,24678,SEA,CAR,30005757,Ty Nelson,points,rf_qrf_points,0.3.0,empirical_qrf,0.008252033145247993,0.0066416483365913164,0.0100163508603959,,1041171555324455918,2026-01-10 19:59:10.883801
2026-01-10,24678,SEA,CAR,30006087,Eduard Sale,points,rf_qrf_points,0.3.0,empirical_qrf,0.0,0.0,0.0,,1041171555324455918,2026-01-10 19:59:10.883801
2026-01-10,24678,SEA,CAR,30006119,Lukas Dragicevic,points,rf_qrf_points,0.3.0,empirical_qrf,0.0,0.0,0.0,,1041171555324455918,2026-01-10 19:59:10.883801
2026-01-10,24678,SEA,CAR,30006121,Carson Rehkopf,points,rf_qrf_points,0.3.0,empirical_qrf,0.0,0.0,0.0,,1041171555324455918,2026-01-10 19:59:10.883801
2026-01-10,24678,SEA,CAR,30006125,Caden Price,points,rf_qrf_points,0.3.0,empirical_qrf,0.017944300201272263,0.008090662244118174,0.030987217305801378,,1041171555324455918,2026-01-10 19:59:10.883801
2026-01-10,24678,SEA,CAR,30006197,Andrei Loshko,points,rf_qrf_points,0.3.0,empirical_qrf,0.008252033145247993,0.0066416483365913164,0.0100163508603959,,1041171555324455918,2026-01-10 19:59:10.883801
2026-01-10,24678,SEA,CAR,30005593,Peetro Seppala,points,rf_qrf_points,0.3.0,empirical_qrf,0.008252033145247993,0.0066416483365913164,0.0100163508603959,,1041171555324455918,2026-01-10 19:59:10.883801
2026-01-10,24678,SEA,CAR,30005616,Shane Wright,points,rf_qrf_points,0.3.0,empirical_qrf,0.011182643666389797,0.0,0.0,,1041171555324455918,2026-01-10 19:59:10.883801
2026-01-10,24678,SEA,CAR,30005680,David Goyette,points,rf_qrf_points,0.3.0,empirical_qrf,0.022452306545166535,0.0,0.046189624329159226,,1041171555324455918,2026-01-10 19:59:10.883801
2026-01-10,24678,SEA,CAR,30005681,Jagger Firkus,points,rf_qrf_points,0.3.0,empirical_qrf,0.0,0.0,0.0,,1041171555324455918,2026-01-10 19:59:10.883801
2026-01-10,24678,SEA,CAR,30005682,Jani Nyman,points,rf_qrf_points,0.3.0,empirical_qrf,0.051388888888888894,0.0,0.0,,1041171555324455918,2026-01-10 19:59:10.883801
2026-01-10,24678,SEA,CAR,30005683,Niklas Kokko,points,rf_qrf_points,0.3.0,empirical_qrf,0.008252033145247993,0.0066416483365913164,0.0100163508603959,,1041171555324455918,2026-01-10 19:59:10.883801
2026-01-10,24678,SEA,CAR,30005333,Jacob Melanson,points,rf_qrf_points,0.3.0,empirical_qrf,0.048987510372651526,0.0,0.11764705882352941,,1041171555324455918,2026-01-10 19:59:10.883801
2026-01-10,24678,SEA,CAR,30005336,Tye Kartye,points,rf_qrf_points,0.3.0,empirical_qrf,0.0,0.0,0.0,,1041171555324455918,2026-01-10 19:59:10.883801
2026-01-10,24678,SEA,CAR,30005337,Ryan Winterton,points,rf_qrf_points,0.3.0,empirical_qrf,0.029211700336700338,0.0,0.0,,1041171555324455918,2026-01-10 19:59:10.883801
2026-01-10,24678,SEA,CAR,30005447,Ville Ottavainen,points,rf_qrf_points,0.3.0,empirical_qrf,0.0,0.0,0.0,,1041171555324455918,2026-01-10 19:59:10.883801
2026-01-10,24678,SEA,CAR,30005503,Logan Morrison,points,rf_qrf_points,0.3.0,empirical_qrf,0.019833694083694085,0.0,0.0,,1041171555324455918,2026-01-10 19:59:10.883801
2026-01-10,24678,SEA,CAR,30005582,Ben Meyers,points,rf_qrf_points,0.3.0,empirical_qrf,0.004032407407407407,0.0,0.0,,1041171555324455918,2026-01-10 19:59:10.883801
2026-01-10,24678,SEA,CAR,30003703,Cale Fleury,points,rf_qrf_points,0.3.0,empirical_qrf,0.03478134815523501,0.0,0.08333333333333333,,1041171555324455918,2026-01-10 19:59:10.883801
2026-01-10,24678,SEA,CAR,30004419,Joey Daccord,points,rf_qrf_points,0.3.0,empirical_qrf,0.008252033145247993,0.0066416483365913164,0.0100163508603959,,1041171555324455918,2026-01-10 19:59:10.883801
2026-01-10,24678,SEA,CAR,30004471,Kaapo Kakko,points,rf_qrf_points,0.3.0,empirical_qrf,0.0,0.0,0.0,,1041171555324455918,2026-01-10 19:59:10.883801
2026-01-10,24678,SEA,CAR,30005040,Matty Beniers,points,rf_qrf_points,0.3.0,empirical_qrf,0.015894961519961517,0.0,0.0,,1041171555324455918,2026-01-10 19:59:10.883801
2026-01-10,24678,SEA,CAR,30005042,Ryker Evans,points,rf_qrf_points,0.3.0,empirical_qrf,0.02384460933442847,0.006285377358490566,0.042682926829268296,,1041171555324455918,2026-01-10 19:59:10.883801
2026-01-10,24678,SEA,CAR,30005239,Jakov Novak,points,rf_qrf_points,0.3.0,empirical_qrf,0.008252033145247993,0.0066416483365913164,0.0100163508603959,,1041171555324455918,2026-01-10 19:59:10.883801
2026-01-10,24678,SEA,CAR,30002529,John Hayden,points,rf_qrf_points,0.3.0,empirical_qrf,0.0,0.0,0.0,,1041171555324455918,2026-01-10 19:59:10.883801
2026-01-10,24678,SEA,CAR,30002711,Frederick Gaudreau,points,rf_qrf_points,0.3.0,empirical_qrf,0.0459437359407801,0.0,0.10526315789473684,,1041171555324455918,2026-01-10 19:59:10.883801
2026-01-10,24678,SEA,CAR,30003184,Ryan Lindgren,points,rf_qrf_points,0.3.0,empirical_qrf,0.0,0.0,0.0,,1041171555324455918,2026-01-10 19:59:10.883801
2026-01-10,24678,SEA,CAR,30003188,Jack LaFontaine,points,rf_qrf_points,0.3.0,empirical_qrf,0.04753571428571428,0.0,0.25,,1041171555324455918,2026-01-10 19:59:10.883801
2026-01-10,24678,SEA,CAR,30003214,Joshua Mahura,points,rf_qrf_points,0.3.0,empirical_qrf,0.054315086148682475,0.0,0.1,,1041171555324455918,2026-01-10 19:59:10.883801
2026-01-10,24678,SEA,CAR,30003660,Eeli Tolvanen,points,rf_qrf_points,0.3.0,empirical_qrf,0.0,0.0,0.0,,1041171555324455918,2026-01-10 19:59:10.883801
2026-01-10,24678,SEA,CAR,30000674,Vince Dunn,points,rf_qrf_points,0.3.0,empirical_qrf,0.036814814814814814,0.0,0.0,,1041171555324455918,2026-01-10 19:59:10.883801
2026-01-10,24678,SEA,CAR,30000758,Jamie Oleksiak,points,rf_qrf_points,0.3.0,empirical_qrf,0.05284635553137599,0.01282051282051282,0.0975609756097561,,1041171555324455918,2026-01-10 19:59:10.883801
2026-01-10,24678,SEA,CAR,30000794,Jaden Schwartz,points,rf_qrf_points,0.3.0,empirical_qrf,0.006361111111111111,0.0,0.0,,1041171555324455918,2026-01-10 19:59:10.883801
2026-01-10,24678,SEA,CAR,30000812,Gustav Olofsson,points,rf_qrf_points,0.3.0,empirical_qrf,0.008252033145247993,0.0066416483365913164,0.0100163508603959,,1041171555324455918,2026-01-10 19:59:10.883801
2026-01-10,24678,SEA,CAR,30000882,Brandon Montour,points,rf_qrf_points,0.3.0,empirical_qrf,0.023388888888888893,0.0,0.0,,1041171555324455918,2026-01-10 19:59:10.883801
2026-01-10,24678,SEA,CAR,30000929,Jared McCann,points,rf_qrf_points,0.3.0,empirical_qrf,0.0025,0.0,0.0,,1041171555324455918,2026-01-10 19:59:10.883801
2026-01-10,24679,ANA,BUF,30000269,Radko Gudas,points,rf_qrf_points,0.3.0,empirical_qrf,0.0,0.0,0.0,,1041171555324455918,2026-01-10 19:59:10.883801
2026-01-10,24679,ANA,BUF,30000320,Chris Kreider,points,rf_qrf_points,0.3.0,empirical_qrf,0.009238095238095238,0.0,0.0,,1041171555324455918,2026-01-10 19:59:10.883801
2026-01-10,24679,ANA,BUF,30000509,Justin Bailey,points,rf_qrf_points,0.3.0,empirical_qrf,0.002919062409885376,0.0,0.006351228389444951,,1041171555324455918,2026-01-10 19:59:10.883801
2026-01-10,24679,ANA,BUF,30000515,Mikael Granlund,points,rf_qrf_points,0.3.0,empirical_qrf,0.004032407407407407,0.0,0.0,,1041171555324455918,2026-01-10 19:59:10.883801
2026-01-10,24679,ANA,BUF,30000609,Frank Vatrano,points,rf_qrf_points,0.3.0,empirical_qrf,0.037329665704665706,0.0,0.125,,1041171555324455918,2026-01-10 19:59:10.883801
2026-01-10,24679,ANA,BUF,30000739,Alex Killorn,points,rf_qrf_points,0.3.0,empirical_qrf,0.02384460933442847,0.006285377358490566,0.042682926829268296,,1041171555324455918,2026-01-10 19:59:10.883801
2026-01-10,24679,BUF,ANA,30006341,Christopher Brown,points,rf_qrf_points,0.3.0,empirical_qrf,0.008252033145247993,0.0066416483365913164,0.0100163508603959,,1041171555324455918,2026-01-10 19:59:10.883801
2026-01-10,24679,BUF,ANA,30006342,Dominick Mersch,points,rf_qrf_points,0.3.0,empirical_qrf,0.008252033145247993,0.0066416483365913164,0.0100163508603959,,1041171555324455918,2026-01-10 19:59:10.883801
2026-01-10,24679,ANA,BUF,30006017,Nikita Nesterenko,points,rf_qrf_points,0.3.0,empirical_qrf,0.0,0.0,0.0,,1041171555324455918,2026-01-10 19:59:10.883801
2026-01-10,24679,ANA,BUF,30006849,Tim Washe,points,rf_qrf_points,0.3.0,empirical_qrf,0.01001476703263672,0.0,0.019422200174804526,,1041171555324455918,2026-01-10 19:59:10.883801
2026-01-10,24679,BUF,ANA,30005793,Riley Fiddler-Schultz,points,rf_qrf_points,0.3.0,empirical_qrf,0.1665156269979793,0.05988235294117648,0.2767139479905438,,1041171555324455918,2026-01-10 19:59:10.883801
2026-01-10,24679,BUF,ANA,30006028,Jagger Joshua,points,rf_qrf_points,0.3.0,empirical_qrf,0.0,0.0,0.0,,1041171555324455918,2026-01-10 19:59:10.883801
2026-01-10,24679,BUF,ANA,30006039,Aidan Fulp,points,rf_qrf_points,0.3.0,empirical_qrf,0.008252033145247993,0.0066416483365913164,0.0100163508603959,,1041171555324455918,2026-01-10 19:59:10.883801
2026-01-10,24679,BUF,ANA,30006070,Zach Benson,points,rf_qrf_points,0.3.0,empirical_qrf,0.0,0.0,0.0,,1041171555324455918,2026-01-10 19:59:10.883801
2026-01-10,24679,BUF,ANA,30006092,Anton Wahlberg,points,rf_qrf_points,0.3.0,empirical_qrf,0.05284635553137599,0.01282051282051282,0.0975609756097561,,1041171555324455918,2026-01-10 19:59:10.883801
2026-01-10,24679,BUF,ANA,30006340,Zach Metsa,points,rf_qrf_points,0.3.0,empirical_qrf,0.003852980352980353,0.0,0.0,,1041171555324455918,2026-01-10 19:59:10.883801
2026-01-10,24679,BUF,ANA,30005634,Noah Ostlund,points,rf_qrf_points,0.3.0,empirical_qrf,0.0,0.0,0.0,,1041171555324455918,2026-01-10 19:59:10.883801
2026-01-10,24679,BUF,ANA,30005644,Jiri Kulich,points,rf_qrf_points,0.3.0,empirical_qrf,0.010055555555555555,0.0,0.0,,1041171555324455918,2026-01-10 19:59:10.883801
2026-01-10,24679,BUF,ANA,30005685,Viktor Neuchev,points,rf_qrf_points,0.3.0,empirical_qrf,0.004497354497354497,0.0,0.0,,1041171555324455918,2026-01-10 19:59:10.883801
2026-01-10,24679,BUF,ANA,30005730,Vsevolod Komarov,points,rf_qrf_points,0.3.0,empirical_qrf,0.0,0.0,0.0,,1041171555324455918,2026-01-10 19:59:10.883801
2026-01-10,24679,BUF,ANA,30005764,Noah Laaouan,points,rf_qrf_points,0.3.0,empirical_qrf,0.07098063053634672,0.024390243902439025,0.12,,1041171555324455918,2026-01-10 19:59:10.883801
2026-01-10,24679,BUF,ANA,30005767,Graham Slaggert,points,rf_qrf_points,0.3.0,empirical_qrf,0.056851851851851855,0.0,0.3333333333333333,,1041171555324455918,2026-01-10 19:59:10.883801
2026-01-10,24679,BUF,ANA,30005017,Josh Doan,points,rf_qrf_points,0.3.0,empirical_qrf,0.20510864598364598,0.0,0.5,,1041171555324455918,2026-01-10 19:59:10.883801
2026-01-10,24679,BUF,ANA,30005067,Isaac Belliveau,points,rf_qrf_points,0.3.0,empirical_qrf,0.008252033145247993,0.0066416483365913164,0.0100163508603959,,1041171555324455918,2026-01-10 19:59:10.883801
2026-01-10,24679,BUF,ANA,30005147,Tyson Kozak,points,rf_qrf_points,0.3.0,empirical_qrf,0.0,0.0,0.0,,1041171555324455918,2026-01-10 19:59:10.883801
2026-01-10,24679,BUF,ANA,30005151,Olivier Nadeau,points,rf_qrf_points,0.3.0,empirical_qrf,5.208333333333334e-05,0.0,0.0,,1041171555324455918,2026-01-10 19:59:10.883801
2026-01-10,24679,BUF,ANA,30005441,Ryan Johnson,points,rf_qrf_points,0.3.0,empirical_qrf,0.05284635553137599,0.01282051282051282,0.0975609756097561,,1041171555324455918,2026-01-10 19:59:10.883801
2026-01-10,24679,BUF,ANA,30005445,Nikita Novikov,points,rf_qrf_points,0.3.0,empirical_qrf,0.1077665343915344,0.0,0.5,,1041171555324455918,2026-01-10 19:59:10.883801
2026-01-10,24679,BUF,ANA,30004923,Josh Dunne,points,rf_qrf_points,0.3.0,empirical_qrf,0.017944300201272263,0.008090662244118174,0.030987217305801378,,1041171555324455918,2026-01-10 19:59:10.883801
2026-01-10,24679,BUF,ANA,30004948,Carson Meyer,points,rf_qrf_points,0.3.0,empirical_qrf,0.017944300201272263,0.008090662244118174,0.030987217305801378,,1041171555324455918,2026-01-10 19:59:10.883801
2026-01-10,24679,BUF,ANA,30004956,Justin Danforth,points,rf_qrf_points,0.3.0,empirical_qrf,0.0,0.0,0.0,,1041171555324455918,2026-01-10 19:59:10.883801
2026-01-10,24679,BUF,ANA,30004980,Owen Power,points,rf_qrf_points,0.3.0,empirical_qrf,0.0,0.0,0.0,,1041171555324455918,2026-01-10 19:59:10.883801
2026-01-10,24679,BUF,ANA,30004981,Devon Levi,points,rf_qrf_points,0.3.0,empirical_qrf,0.008252033145247993,0.0066416483365913164,0.0100163508603959,,1041171555324455918,2026-01-10 19:59:10.883801
2026-01-10,24679,BUF,ANA,30004982,Isak Rosen,points,rf_qrf_points,0.3.0,empirical_qrf,0.025570899233305428,0.0,0.06060606060606061,,1041171555324455918,2026-01-10 19:59:10.883801
2026-01-10,24679,BUF,ANA,30004502,Peyton Krebs,points,rf_qrf_points,0.3.0,empirical_qrf,0.008767195767195767,0.0,0.0,,1041171555324455918,2026-01-10 19:59:10.883801
2026-01-10,24679,BUF,ANA,30004554,Zac Jones,points,rf_qrf_points,0.3.0,empirical_qrf,0.03478134815523501,0.0,0.08333333333333333,,1041171555324455918,2026-01-10 19:59:10.883801
2026-01-10,24679,BUF,ANA,30004577,Colten Ellis,points,rf_qrf_points,0.3.0,empirical_qrf,0.008252033145247993,0.0066416483365913164,0.0100163508603959,,1041171555324455918,2026-01-10 19:59:10.883801
2026-01-10,24679,BUF,ANA,30004670,Peter Tischke,points,rf_qrf_points,0.3.0,empirical_qrf,0.008252033145247993,0.0066416483365913164,0.0100163508603959,,1041171555324455918,2026-01-10 19:59:10.883801
2026-01-10,24679,BUF,ANA,30004815,Jack Quinn,points,rf_qrf_points,0.3.0,empirical_qrf,0.0035277777777777777,0.0,0.0,,1041171555324455918,2026-01-10 19:59:10.883801
2026-01-10,24679,BUF,ANA,30004854,Trevor Kuntar,points,rf_qrf_points,0.3.0,empirical_qrf,0.050125499971887075,0.0,0.11764705882352941,,1041171555324455918,2026-01-10 19:59:10.883801
2026-01-10,24679,BUF,ANA,30004105,Mattias Samuelsson,points,rf_qrf_points,0.3.0,empirical_qrf,0.0,0.0,0.0,,1041171555324455918,2026-01-10 19:59:10.883801
2026-01-10,24679,BUF,ANA,30004117,Ryan McLeod,points,rf_qrf_points,0.3.0,empirical_qrf,0.004722222222222221,0.0,0.0,,1041171555324455918,2026-01-10 19:59:10.883801
2026-01-10,24679,BUF,ANA,30004373,Michael Kesselring,points,rf_qrf_points,0.3.0,empirical_qrf,0.05611586099086099,0.0,0.25,,1041171555324455918,2026-01-10 19:59:10.883801
2026-01-10,24679,BUF,ANA,30004380,Jack Rathbone,points,rf_qrf_points,0.3.0,empirical_qrf,0.0,0.0,0.0,,1041171555324455918,2026-01-10 19:59:10.883801
2026-01-10,24679,BUF,ANA,30004431,Jacob Bryson,points,rf_qrf_points,0.3.0,empirical_qrf,0.05284635553137599,0.01282051282051282,0.0975609756097561,,1041171555324455918,2026-01-10 19:59:10.883801
2026-01-10,24679,BUF,ANA,30004474,Bowen Byram,points,rf_qrf_points,0.3.0,empirical_qrf,0.000976608187134503,0.0,0.0,,1041171555324455918,2026-01-10 19:59:10.883801
2026-01-10,24679,BUF,ANA,30003221,Beck Malenstyn,points,rf_qrf_points,0.3.0,empirical_qrf,0.12659792947215565,0.0,0.23529411764705882,,1041171555324455918,2026-01-10 19:59:10.883801
2026-01-10,24679,BUF,ANA,30003665,Josh Norris,points,rf_qrf_points,0.3.0,empirical_qrf,0.006015873015873016,0.0,0.0,,1041171555324455918,2026-01-10 19:59:10.883801
2026-01-10,24679,BUF,ANA,30003670,Conor Timmins,points,rf_qrf_points,0.3.0,empirical_qrf,0.03478134815523501,0.0,0.08333333333333333,,1041171555324455918,2026-01-10 19:59:10.883801
2026-01-10,24679,BUF,ANA,30003673,Ukko-Pekka Luukkonen,points,rf_qrf_points,0.3.0,empirical_qrf,0.008252033145247993,0.0066416483365913164,0.0100163508603959,,1041171555324455918,2026-01-10 19:59:10.883801
2026-01-10,24679,BUF,ANA,30003699,Jake Leschyshyn,points,rf_qrf_points,0.3.0,empirical_qrf,0.01001476703263672,0.0,0.019422200174804526,,1041171555324455918,2026-01-10 19:59:10.883801
2026-01-10,24679,BUF,ANA,30003750,Rasmus Dahlin,points,rf_qrf_points,0.3.0,empirical_qrf,0.07400793650793651,0.0,0.0,,1041171555324455918,2026-01-10 19:59:10.883801
2026-01-10,24679,BUF,ANA,30002577,Alex Tuch,points,rf_qrf_points,0.3.0,empirical_qrf,0.5833862433862433,0.0,1.3333333333333333,,1041171555324455918,2026-01-10 19:59:10.883801
2026-01-10,24679,BUF,ANA,30002762,Mason Geertsen,points,rf_qrf_points,0.3.0,empirical_qrf,0.002919062409885376,0.0,0.006351228389444951,,1041171555324455918,2026-01-10 19:59:10.883801
2026-01-10,24679,BUF,ANA,30002774,Jordan Greenway,points,rf_qrf_points,0.3.0,empirical_qrf,0.008252033145247993,0.0066416483365913164,0.0100163508603959,,1041171555324455918,2026-01-10 19:59:10.883801
2026-01-10,24679,BUF,ANA,30002797,Brendan Warren,points,rf_qrf_points,0.3.0,empirical_qrf,0.017944300201272263,0.008090662244118174,0.030987217305801378,,1041171555324455918,2026-01-10 19:59:10.883801
2026-01-10,24679,BUF,ANA,30003074,Alex Lyon,points,rf_qrf_points,0.3.0,empirical_qrf,0.008252033145247993,0.0066416483365913164,0.0100163508603959,,1041171555324455918,2026-01-10 19:59:10.883801
2026-01-10,24679,BUF,ANA,30003158,Tage Thompson,points,rf_qrf_points,0.3.0,empirical_qrf,0.011638888888888888,0.0,0.0,,1041171555324455918,2026-01-10 19:59:10.883801
2026-01-10,24679,ANA,BUF,30006161,Yegor Sidorov,points,rf_qrf_points,0.3.0,empirical_qrf,0.0045462962962962965,0.0,0.0,,1041171555324455918,2026-01-10 19:59:10.883801
2026-01-10,24679,ANA,BUF,30006162,Konnor Smith,points,rf_qrf_points,0.3.0,empirical_qrf,0.008252033145247993,0.0066416483365913164,0.0100163508603959,,1041171555324455918,2026-01-10 19:59:10.883801
2026-01-10,24679,ANA,BUF,30006310,Roman Kinal,points,rf_qrf_points,0.3.0,empirical_qrf,0.07098063053634672,0.024390243902439025,0.12,,1041171555324455918,2026-01-10 19:59:10.883801
2026-01-10,24679,ANA,BUF,30006353,Easton Armstrong,points,rf_qrf_points,0.3.0,empirical_qrf,0.008252033145247993,0.0066416483365913164,0.0100163508603959,,1041171555324455918,2026-01-10 19:59:10.883801
2026-01-10,24679,ANA,BUF,30006483,Beckett Sennecke,points,rf_qrf_points,0.3.0,empirical_qrf,0.029211700336700338,0.0,0.0,,1041171555324455918,2026-01-10 19:59:10.883801
2026-01-10,24679,BUF,ANA,30000523,Jason Zucker,points,rf_qrf_points,0.3.0,empirical_qrf,0.33218232230732225,0.0,0.8,,1041171555324455918,2026-01-10 19:59:10.883801
2026-01-10,24679,ANA,BUF,30005678,Tristan Luneau,points,rf_qrf_points,0.3.0,empirical_qrf,0.0,0.0,0.0,,1041171555324455918,2026-01-10 19:59:10.883801
2026-01-10,24679,ANA,BUF,30005945,Tomas Suchanek,points,rf_qrf_points,0.3.0,empirical_qrf,0.008252033145247993,0.0066416483365913164,0.0100163508603959,,1041171555324455918,2026-01-10 19:59:10.883801
2026-01-10,24679,ANA,BUF,30006016,Jaxsen Wiebe,points,rf_qrf_points,0.3.0,empirical_qrf,0.008252033145247993,0.0066416483365913164,0.0100163508603959,,1041171555324455918,2026-01-10 19:59:10.883801
2026-01-10,24679,ANA,BUF,30006069,Leo Carlsson,points,rf_qrf_points,0.3.0,empirical_qrf,0.041748015873015874,0.0,0.0,,1041171555324455918,2026-01-10 19:59:10.883801
2026-01-10,24679,ANA,BUF,30006117,Nico Myatovic,points,rf_qrf_points,0.3.0,empirical_qrf,0.0,0.0,0.0,,1041171555324455918,2026-01-10 19:59:10.883801
2026-01-10,24679,ANA,BUF,30006129,Coulson Pitre,points,rf_qrf_points,0.3.0,empirical_qrf,0.022452306545166535,0.0,0.046189624329159226,,1041171555324455918,2026-01-10 19:59:10.883801
2026-01-10,24679,ANA,BUF,30005275,Tyson Hinds,points,rf_qrf_points,0.3.0,empirical_qrf,0.008775590150590151,0.0,0.0,,1041171555324455918,2026-01-10 19:59:10.883801
2026-01-10,24679,ANA,BUF,30005285,Jeremie Biakabutuka,points,rf_qrf_points,0.3.0,empirical_qrf,0.008252033145247993,0.0066416483365913164,0.0100163508603959,,1041171555324455918,2026-01-10 19:59:10.883801
2026-01-10,24679,ANA,BUF,30005615,Pavel Mintyukov,points,rf_qrf_points,0.3.0,empirical_qrf,0.048987510372651526,0.0,0.11764705882352941,,1041171555324455918,2026-01-10 19:59:10.883801
2026-01-10,24679,ANA,BUF,30005620,Cutter Gauthier,points,rf_qrf_points,0.3.0,empirical_qrf,0.0009722222222222221,0.0,0.0,,1041171555324455918,2026-01-10 19:59:10.883801
2026-01-10,24679,ANA,BUF,30005643,Nathan Gaucher,points,rf_qrf_points,0.3.0,empirical_qrf,0.0,0.0,0.0,,1041171555324455918,2026-01-10 19:59:10.883801
2026-01-10,24679,ANA,BUF,30005677,Noah Warren,points,rf_qrf_points,0.3.0,empirical_qrf,0.01001476703263672,0.0,0.019422200174804526,,1041171555324455918,2026-01-10 19:59:10.883801
2026-01-10,24679,ANA,BUF,30004829,Sam Colangelo,points,rf_qrf_points,0.3.0,empirical_qrf,0.004237373737373738,0.0,0.0,,1041171555324455918,2026-01-10 19:59:10.883801
2026-01-10,24679,ANA,BUF,30004861,Ian Moore,points,rf_qrf_points,0.3.0,empirical_qrf,0.0,0.0,0.0,,1041171555324455918,2026-01-10 19:59:10.883801
2026-01-10,24679,ANA,BUF,30004997,Mason McTavish,points,rf_qrf_points,0.3.0,empirical_qrf,0.05611586099086099,0.0,0.25,,1041171555324455918,2026-01-10 19:59:10.883801
2026-01-10,24679,ANA,BUF,30005018,Olen Zellweger,points,rf_qrf_points,0.3.0,empirical_qrf,0.0,0.0,0.0,,1041171555324455918,2026-01-10 19:59:10.883801
2026-01-10,24679,ANA,BUF,30005051,Sasha Pastujov,points,rf_qrf_points,0.3.0,empirical_qrf,0.0,0.0,0.0,,1041171555324455918,2026-01-10 19:59:10.883801
2026-01-10,24679,ANA,BUF,30005095,Davis Codd,points,rf_qrf_points,0.3.0,empirical_qrf,0.0,0.0,0.0,,1041171555324455918,2026-01-10 19:59:10.883801
2026-01-10,24679,ANA,BUF,30003948,David Cotton,points,rf_qrf_points,0.3.0,empirical_qrf,0.002916666666666667,0.0,0.0,,1041171555324455918,2026-01-10 19:59:10.883801
2026-01-10,24679,ANA,BUF,30004160,Lukas Dostal,points,rf_qrf_points,0.3.0,empirical_qrf,0.008252033145247993,0.0066416483365913164,0.0100163508603959,,1041171555324455918,2026-01-10 19:59:10.883801
2026-01-10,24679,ANA,BUF,30004512,Drew Helleson,points,rf_qrf_points,0.3.0,empirical_qrf,0.15492316942316942,0.0,0.3333333333333333,,1041171555324455918,2026-01-10 19:59:10.883801
2026-01-10,24679,ANA,BUF,30004526,Jackson LaCombe,points,rf_qrf_points,0.3.0,empirical_qrf,0.0,0.0,0.0,,1041171555324455918,2026-01-10 19:59:10.883801
2026-01-10,24679,ANA,BUF,30004550,Judd Caulfield,points,rf_qrf_points,0.3.0,empirical_qrf,0.008252033145247993,0.0066416483365913164,0.0100163508603959,,1041171555324455918,2026-01-10 19:59:10.883801
2026-01-10,24679,ANA,BUF,30004828,Calle Clang,points,rf_qrf_points,0.3.0,empirical_qrf,0.008252033145247993,0.0066416483365913164,0.0100163508603959,,1041171555324455918,2026-01-10 19:59:10.883801
2026-01-10,24679,ANA,BUF,30002773,Jansen Harkins,points,rf_qrf_points,0.3.0,empirical_qrf,0.008252033145247993,0.0066416483365913164,0.0100163508603959,,1041171555324455918,2026-01-10 19:59:10.883801
2026-01-10,24679,ANA,BUF,30002864,Nikolas Brouillard,points,rf_qrf_points,0.3.0,empirical_qrf,0.008252033145247993,0.0066416483365913164,0.0100163508603959,,1041171555324455918,2026-01-10 19:59:10.883801
2026-01-10,24679,ANA,BUF,30003197,Carsen Twarynski,points,rf_qrf_points,0.3.0,empirical_qrf,0.008252033145247993,0.0066416483365913164,0.0100163508603959,,1041171555324455918,2026-01-10 19:59:10.883801
2026-01-10,24679,ANA,BUF,30003475,Matthew Phillips,points,rf_qrf_points,0.3.0,empirical_qrf,0.01750595238095238,0.0,0.0,,1041171555324455918,2026-01-10 19:59:10.883801
2026-01-10,24679,ANA,BUF,30003650,Ryan Poehling,points,rf_qrf_points,0.3.0,empirical_qrf,0.0,0.0,0.0,,1041171555324455918,2026-01-10 19:59:10.883801
2026-01-10,24679,ANA,BUF,30003747,Troy Terry,points,rf_qrf_points,0.3.0,empirical_qrf,0.0,0.0,0.0,,1041171555324455918,2026-01-10 19:59:10.883801
2026-01-10,24679,ANA,BUF,30000834,Jacob Trouba,points,rf_qrf_points,0.3.0,empirical_qrf,0.02384460933442847,0.006285377358490566,0.042682926829268296,,1041171555324455918,2026-01-10 19:59:10.883801
2026-01-10,24679,ANA,BUF,30000998,Ross Johnston,points,rf_qrf_points,0.3.0,empirical_qrf,0.0,0.0,0.0,,1041171555324455918,2026-01-10 19:59:10.883801
2026-01-10,24679,ANA,BUF,30001005,Ryan Strome,points,rf_qrf_points,0.3.0,empirical_qrf,0.0065311748436748425,0.0,0.0,,1041171555324455918,2026-01-10 19:59:10.883801
2026-01-10,24679,ANA,BUF,30001009,Petr Mrazek,points,rf_qrf_points,0.3.0,empirical_qrf,0.008252033145247993,0.0066416483365913164,0.0100163508603959,,1041171555324455918,2026-01-10 19:59:10.883801
2026-01-10,24679,ANA,BUF,30002528,Tyrell Goulbourne,points,rf_qrf_points,0.3.0,empirical_qrf,0.008252033145247993,0.0066416483365913164,0.0100163508603959,,1041171555324455918,2026-01-10 19:59:10.883801
2026-01-10,24679,ANA,BUF,30002760,Ville Husso,points,rf_qrf_points,0.3.0,empirical_qrf,0.008252033145247993,0.0066416483365913164,0.0100163508603959,,1041171555324455918,2026-01-10 19:59:10.883801
2026-01-10,24680,NYI,MIN,30003226,Ethan Bear,points,rf_qrf_points,0.3.0,empirical_qrf,0.008252033145247993,0.0066416483365913164,0.0100163508603959,,1041171555324455918,2026-01-10 19:59:10.883801
2026-01-10,24680,NYI,MIN,30006041,Cole McWard,points,rf_qrf_points,0.3.0,empirical_qrf,0.017944300201272263,0.008090662244118174,0.030987217305801378,,1041171555324455918,2026-01-10 19:59:10.883801
2026-01-10,24680,MIN,NYI,30005669,Hunter Haight,points,rf_qrf_points,0.3.0,empirical_qrf,0.013596340388007052,0.0,0.0,,1041171555324455918,2026-01-10 19:59:10.883801
2026-01-10,24680,MIN,NYI,30005845,David Spacek,points,rf_qrf_points,0.3.0,empirical_qrf,0.05284635553137599,0.01282051282051282,0.0975609756097561,,1041171555324455918,2026-01-10 19:59:10.883801
2026-01-10,24680,MIN,NYI,30006109,Riley Heidt,points,rf_qrf_points,0.3.0,empirical_qrf,0.011096986359523865,0.0,0.02603149063326056,,1041171555324455918,2026-01-10 19:59:10.883801
2026-01-10,24680,MIN,NYI,30006110,Rasmus Kumpulainen,points,rf_qrf_points,0.3.0,empirical_qrf,0.008252033145247993,0.0066416483365913164,0.0100163508603959,,1041171555324455918,2026-01-10 19:59:10.883801
2026-01-10,24680,MIN,NYI,30006308,Bradley Marek,points,rf_qrf_points,0.3.0,empirical_qrf,0.008252033145247993,0.0066416483365913164,0.0100163508603959,,1041171555324455918,2026-01-10 19:59:10.883801
2026-01-10,24680,MIN,NYI,30003167,Boris Katchouk,points,rf_qrf_points,0.3.0,empirical_qrf,0.0,0.0,0.0,,1041171555324455918,2026-01-10 19:59:10.883801
2026-01-10,24680,MIN,NYI,30005094,Cameron Butler,points,rf_qrf_points,0.3.0,empirical_qrf,0.0,0.0,0.0,,1041171555324455918,2026-01-10 19:59:10.883801
2026-01-10,24680,MIN,NYI,30005102,Caedan Bankier,points,rf_qrf_points,0.3.0,empirical_qrf,0.0,0.0,0.0,,1041171555324455918,2026-01-10 19:59:10.883801
2026-01-10,24680,MIN,NYI,30005274,Louka Henault,points,rf_qrf_points,0.3.0,empirical_qrf,0.008252033145247993,0.0066416483365913164,0.0100163508603959,,1041171555324455918,2026-01-10 19:59:10.883801
2026-01-10,24680,MIN,NYI,30005361,Benjamin Brinkman,points,rf_qrf_points,0.3.0,empirical_qrf,0.008252033145247993,0.0066416483365913164,0.0100163508603959,,1041171555324455918,2026-01-10 19:59:10.883801
2026-01-10,24680,MIN,NYI,30005612,David Jiricek,points,rf_qrf_points,0.3.0,empirical_qrf,0.0,0.0,0.0,,1041171555324455918,2026-01-10 19:59:10.883801
2026-01-10,24680,MIN,NYI,30005627,Danila Yurov,points,rf_qrf_points,0.3.0,empirical_qrf,0.016324510619808684,0.0,0.03773584905660377,,1041171555324455918,2026-01-10 19:59:10.883801
2026-01-10,24680,MIN,NYI,30004847,Daemon Hunt,points,rf_qrf_points,0.3.0,empirical_qrf,0.042718693431770115,0.0,0.08450704225352113,,1041171555324455918,2026-01-10 19:59:10.883801
2026-01-10,24680,MIN,NYI,30004935,Matt Kiersted,points,rf_qrf_points,0.3.0,empirical_qrf,0.0,0.0,0.0,,1041171555324455918,2026-01-10 19:59:10.883801
2026-01-10,24680,MIN,NYI,30004970,Wyatt Newpower,points,rf_qrf_points,0.3.0,empirical_qrf,0.011972222222222221,0.0,0.0,,1041171555324455918,2026-01-10 19:59:10.883801
2026-01-10,24680,MIN,NYI,30005005,Oskar Olausson,points,rf_qrf_points,0.3.0,empirical_qrf,0.016324510619808684,0.0,0.03773584905660377,,1041171555324455918,2026-01-10 19:59:10.883801
2026-01-10,24680,MIN,NYI,30005007,Carson Lambos,points,rf_qrf_points,0.3.0,empirical_qrf,0.0,0.0,0.0,,1041171555324455918,2026-01-10 19:59:10.883801
2026-01-10,24680,MIN,NYI,30005008,Jesper Wallstedt,points,rf_qrf_points,0.3.0,empirical_qrf,0.008252033145247993,0.0066416483365913164,0.0100163508603959,,1041171555324455918,2026-01-10 19:59:10.883801
2026-01-10,24680,MIN,NYI,30004080,Quinn Hughes,points,rf_qrf_points,0.3.0,empirical_qrf,0.00751984126984127,0.0,0.0,,1041171555324455918,2026-01-10 19:59:10.883801
2026-01-10,24680,MIN,NYI,30004196,Ben Gleason,points,rf_qrf_points,0.3.0,empirical_qrf,0.056912037037037046,0.0,0.25,,1041171555324455918,2026-01-10 19:59:10.883801
2026-01-10,24680,MIN,NYI,30004417,Nico Sturm,points,rf_qrf_points,0.3.0,empirical_qrf,0.01001476703263672,0.0,0.019422200174804526,,1041171555324455918,2026-01-10 19:59:10.883801
2026-01-10,24680,MIN,NYI,30004480,Matt Boldy,points,rf_qrf_points,0.3.0,empirical_qrf,0.022916666666666665,0.0,0.0,,1041171555324455918,2026-01-10 19:59:10.883801
2026-01-10,24680,MIN,NYI,30004784,Kirill Kaprizov,points,rf_qrf_points,0.3.0,empirical_qrf,0.0008333333333333334,0.0,0.0,,1041171555324455918,2026-01-10 19:59:10.883801
2026-01-10,24680,MIN,NYI,30004835,Brock Faber,points,rf_qrf_points,0.3.0,empirical_qrf,0.0,0.0,0.0,,1041171555324455918,2026-01-10 19:59:10.883801
2026-01-10,24680,MIN,NYI,30001355,Zach Bogosian,points,rf_qrf_points,0.3.0,empirical_qrf,0.017944300201272263,0.008090662244118174,0.030987217305801378,,1041171555324455918,2026-01-10 19:59:10.883801
2026-01-10,24680,MIN,NYI,30002719,Jacob Middleton,points,rf_qrf_points,0.3.0,empirical_qrf,0.03494258158422245,0.0,0.1439560439560442,,1041171555324455918,2026-01-10 19:59:10.883801
2026-01-10,24680,MIN,NYI,30002820,Joel Eriksson Ek,points,rf_qrf_points,0.3.0,empirical_qrf,0.0,0.0,0.0,,1041171555324455918,2026-01-10 19:59:10.883801
2026-01-10,24680,MIN,NYI,30003173,Filip Gustavsson,points,rf_qrf_points,0.3.0,empirical_qrf,0.008252033145247993,0.0066416483365913164,0.0100163508603959,,1041171555324455918,2026-01-10 19:59:10.883801
2026-01-10,24680,MIN,NYI,30003611,Cal Petersen,points,rf_qrf_points,0.3.0,empirical_qrf,0.008252033145247993,0.0066416483365913164,0.0100163508603959,,1041171555324455918,2026-01-10 19:59:10.883801
2026-01-10,24680,MIN,NYI,30003774,Ben Jones,points,rf_qrf_points,0.3.0,empirical_qrf,0.02384460933442847,0.006285377358490566,0.042682926829268296,,1041171555324455918,2026-01-10 19:59:10.883801
2026-01-10,24680,MIN,NYI,30000524,Jonas Brodin,points,rf_qrf_points,0.3.0,empirical_qrf,0.021838317677763844,0.0,0.04305750350631137,,1041171555324455918,2026-01-10 19:59:10.883801
2026-01-10,24680,MIN,NYI,30000797,Vladimir Tarasenko,points,rf_qrf_points,0.3.0,empirical_qrf,0.0041031746031746025,0.0,0.0,,1041171555324455918,2026-01-10 19:59:10.883801
2026-01-10,24680,MIN,NYI,30001012,Ryan Hartman,points,rf_qrf_points,0.3.0,empirical_qrf,0.022527777777777775,0.0,0.0,,1041171555324455918,2026-01-10 19:59:10.883801
2026-01-10,24680,MIN,NYI,30001013,Vinnie Hinostroza,points,rf_qrf_points,0.3.0,empirical_qrf,0.0,0.0,0.0,,1041171555324455918,2026-01-10 19:59:10.883801
2026-01-10,24680,MIN,NYI,30001087,Mats Zuccarello,points,rf_qrf_points,0.3.0,empirical_qrf,0.000976608187134503,0.0,0.0,,1041171555324455918,2026-01-10 19:59:10.883801
2026-01-10,24680,MIN,NYI,30001309,Marcus Johansson,points,rf_qrf_points,0.3.0,empirical_qrf,0.025570899233305428,0.0,0.06060606060606061,,1041171555324455918,2026-01-10 19:59:10.883801
2026-01-10,24680,NYI,MIN,30006857,Matthew Schaefer,points,rf_qrf_points,0.3.0,empirical_qrf,0.0,0.0,0.0,,1041171555324455918,2026-01-10 19:59:10.883801
2026-01-10,24680,NYI,MIN,30006925,Maxim Shabanov,points,rf_qrf_points,0.3.0,empirical_qrf,0.00010416666666666667,0.0,0.0,,1041171555324455918,2026-01-10 19:59:10.883801
2026-01-10,24680,MIN,NYI,30000257,Yakov Trenin,points,rf_qrf_points,0.3.0,empirical_qrf,0.01717818029923293,0.0,0.0,,1041171555324455918,2026-01-10 19:59:10.883801
2026-01-10,24680,MIN,NYI,30000266,Nicolas Aube-Kubel,points,rf_qrf_points,0.3.0,empirical_qrf,0.002919062409885376,0.0,0.006351228389444951,,1041171555324455918,2026-01-10 19:59:10.883801
2026-01-10,24680,MIN,NYI,30000499,Marcus Foligno,points,rf_qrf_points,0.3.0,empirical_qrf,0.0065311748436748425,0.0,0.0,,1041171555324455918,2026-01-10 19:59:10.883801
2026-01-10,24680,MIN,NYI,30000517,Jared Spurgeon,points,rf_qrf_points,0.3.0,empirical_qrf,0.0,0.0,0.0,,1041171555324455918,2026-01-10 19:59:10.883801
2026-01-10,24680,NYI,MIN,30006038,Travis Mitchell,points,rf_qrf_points,0.3.0,empirical_qrf,0.002919062409885376,0.0,0.006351228389444951,,1041171555324455918,2026-01-10 19:59:10.883801
2026-01-10,24680,NYI,MIN,30006078,Calum Ritchie,points,rf_qrf_points,0.3.0,empirical_qrf,0.0065311748436748425,0.0,0.0,,1041171555324455918,2026-01-10 19:59:10.883801
2026-01-10,24680,NYI,MIN,30006247,Justin Gill,points,rf_qrf_points,0.3.0,empirical_qrf,0.008252033145247993,0.0066416483365913164,0.0100163508603959,,1041171555324455918,2026-01-10 19:59:10.883801
2026-01-10,24680,NYI,MIN,30006400,Artem Kulakov,points,rf_qrf_points,0.3.0,empirical_qrf,0.008252033145247993,0.0066416483365913164,0.0100163508603959,,1041171555324455918,2026-01-10 19:59:10.883801
2026-01-10,24680,NYI,MIN,30006402,Joseph Cipollone,points,rf_qrf_points,0.3.0,empirical_qrf,0.008252033145247993,0.0066416483365913164,0.0100163508603959,,1041171555324455918,2026-01-10 19:59:10.883801
2026-01-10,24680,NYI,MIN,30006475,Maxim Tsyplakov,points,rf_qrf_points,0.3.0,empirical_qrf,0.0,0.0,0.0,,1041171555324455918,2026-01-10 19:59:10.883801
2026-01-10,24680,NYI,MIN,30005265,Eetu Liukas,points,rf_qrf_points,0.3.0,empirical_qrf,0.008252033145247993,0.0066416483365913164,0.0100163508603959,,1041171555324455918,2026-01-10 19:59:10.883801
2026-01-10,24680,NYI,MIN,30005661,Calle Odelius,points,rf_qrf_points,0.3.0,empirical_qrf,0.12059226564168637,0.0,0.25,,1041171555324455918,2026-01-10 19:59:10.883801
2026-01-10,24680,NYI,MIN,30005705,Isaiah George,points,rf_qrf_points,0.3.0,empirical_qrf,0.0,0.0,0.0,,1041171555324455918,2026-01-10 19:59:10.883801
2026-01-10,24680,NYI,MIN,30005828,Marc Gatcomb,points,rf_qrf_points,0.3.0,empirical_qrf,0.12659792947215565,0.0,0.23529411764705882,,1041171555324455918,2026-01-10 19:59:10.883801
2026-01-10,24680,NYI,MIN,30005856,Daylan Kuefler,points,rf_qrf_points,0.3.0,empirical_qrf,0.008252033145247993,0.0066416483365913164,0.0100163508603959,,1041171555324455918,2026-01-10 19:59:10.883801
2026-01-10,24680,NYI,MIN,30005858,Matthew Maggio,points,rf_qrf_points,0.3.0,empirical_qrf,0.0,0.0,0.0,,1041171555324455918,2026-01-10 19:59:10.883801
2026-01-10,24680,NYI,MIN,30004332,Kyle MacLean,points,rf_qrf_points,0.3.0,empirical_qrf,0.02384460933442847,0.006285377358490566,0.042682926829268296,,1041171555324455918,2026-01-10 19:59:10.883801
2026-01-10,24680,NYI,MIN,30004498,Simon Holmstrom,points,rf_qrf_points,0.3.0,empirical_qrf,0.0,0.0,0.0,,1041171555324455918,2026-01-10 19:59:10.883801
2026-01-10,24680,NYI,MIN,30004525,Adam Beckman,points,rf_qrf_points,0.3.0,empirical_qrf,0.0,0.0,0.0,,1041171555324455918,2026-01-10 19:59:10.883801
2026-01-10,24680,NYI,MIN,30004845,Emil Heineman,points,rf_qrf_points,0.3.0,empirical_qrf,0.1683888888888889,0.0,0.6666666666666666,,1041171555324455918,2026-01-10 19:59:10.883801
2026-01-10,24680,NYI,MIN,30005205,Tristan Lennox,points,rf_qrf_points,0.3.0,empirical_qrf,0.008252033145247993,0.0066416483365913164,0.0100163508603959,,1041171555324455918,2026-01-10 19:59:10.883801
2026-01-10,24680,NYI,MIN,30005262,Henrik Tikkanen,points,rf_qrf_points,0.3.0,empirical_qrf,0.008252033145247993,0.0066416483365913164,0.0100163508603959,,1041171555324455918,2026-01-10 19:59:10.883801
2026-01-10,24680,NYI,MIN,30003126,David Rittich,points,rf_qrf_points,0.3.0,empirical_qrf,0.008252033145247993,0.0066416483365913164,0.0100163508603959,,1041171555324455918,2026-01-10 19:59:10.883801
2026-01-10,24680,NYI,MIN,30003189,Sean Day,points,rf_qrf_points,0.3.0,empirical_qrf,0.0,0.0,0.0,,1041171555324455918,2026-01-10 19:59:10.883801
2026-01-10,24680,NYI,MIN,30003541,Matthew Highmore,points,rf_qrf_points,0.3.0,empirical_qrf,0.01001476703263672,0.0,0.019422200174804526,,1041171555324455918,2026-01-10 19:59:10.883801
2026-01-10,24680,NYI,MIN,30004051,Pierre Engvall,points,rf_qrf_points,0.3.0,empirical_qrf,0.01125,0.0,0.0,,1041171555324455918,2026-01-10 19:59:10.883801
2026-01-10,24680,NYI,MIN,30004091,Adam Boqvist,points,rf_qrf_points,0.3.0,empirical_qrf,0.021838317677763844,0.0,0.04305750350631137,,1041171555324455918,2026-01-10 19:59:10.883801
2026-01-10,24680,NYI,MIN,30004176,Alexander Romanov,points,rf_qrf_points,0.3.0,empirical_qrf,0.0,0.0,0.0,,1041171555324455918,2026-01-10 19:59:10.883801
2026-01-10,24680,NYI,MIN,30000999,Scott Mayfield,points,rf_qrf_points,0.3.0,empirical_qrf,0.0459437359407801,0.0,0.10526315789473684,,1041171555324455918,2026-01-10 19:59:10.883801
2026-01-10,24680,NYI,MIN,30001003,Ryan Pulock,points,rf_qrf_points,0.3.0,empirical_qrf,0.05284635553137599,0.01282051282051282,0.0975609756097561,,1041171555324455918,2026-01-10 19:59:10.883801
2026-01-10,24680,NYI,MIN,30001155,Casey Cizikas,points,rf_qrf_points,0.3.0,empirical_qrf,0.05284635553137599,0.01282051282051282,0.0975609756097561,,1041171555324455918,2026-01-10 19:59:10.883801
2026-01-10,24680,NYI,MIN,30001276,Bo Horvat,points,rf_qrf_points,0.3.0,empirical_qrf,0.0,0.0,0.0,,1041171555324455918,2026-01-10 19:59:10.883801
2026-01-10,24680,NYI,MIN,30002533,Marcus Hogberg,points,rf_qrf_points,0.3.0,empirical_qrf,0.008252033145247993,0.0066416483365913164,0.0100163508603959,,1041171555324455918,2026-01-10 19:59:10.883801
2026-01-10,24680,NYI,MIN,30002618,Ilya Sorokin,points,rf_qrf_points,0.3.0,empirical_qrf,0.008252033145247993,0.0066416483365913164,0.0100163508603959,,1041171555324455918,2026-01-10 19:59:10.883801
2026-01-10,24680,NYI,MIN,30000644,Chris Terry,points,rf_qrf_points,0.3.0,empirical_qrf,0.0,0.0,0.0,,1041171555324455918,2026-01-10 19:59:10.883801
2026-01-10,24680,NYI,MIN,30000733,Tony DeAngelo,points,rf_qrf_points,0.3.0,empirical_qrf,0.0,0.0,0.0,,1041171555324455918,2026-01-10 19:59:10.883801
2026-01-10,24680,NYI,MIN,30000734,Jonathan Drouin,points,rf_qrf_points,0.3.0,empirical_qrf,0.0,0.0,0.0,,1041171555324455918,2026-01-10 19:59:10.883801
2026-01-10,24680,NYI,MIN,30000875,Semyon Varlamov,points,rf_qrf_points,0.3.0,empirical_qrf,0.008252033145247993,0.0066416483365913164,0.0100163508603959,,1041171555324455918,2026-01-10 19:59:10.883801
2026-01-10,24680,NYI,MIN,30000966,Jean-Gabriel Pageau,points,rf_qrf_points,0.3.0,empirical_qrf,0.0,0.0,0.0,,1041171555324455918,2026-01-10 19:59:10.883801
2026-01-10,24680,NYI,MIN,30000986,Seth Helgeson,points,rf_qrf_points,0.3.0,empirical_qrf,0.042718693431770115,0.0,0.08450704225352113,,1041171555324455918,2026-01-10 19:59:10.883801
2026-01-10,24680,NYI,MIN,30000204,Kyle Palmieri,points,rf_qrf_points,0.3.0,empirical_qrf,0.013067460317460316,0.0,0.0,,1041171555324455918,2026-01-10 19:59:10.883801
2026-01-10,24680,NYI,MIN,30000276,Anders Lee,points,rf_qrf_points,0.3.0,empirical_qrf,0.0,0.0,0.0,,1041171555324455918,2026-01-10 19:59:10.883801
2026-01-10,24680,NYI,MIN,30000290,Adam Pelech,points,rf_qrf_points,0.3.0,empirical_qrf,0.0,0.0,0.0,,1041171555324455918,2026-01-10 19:59:10.883801
2026-01-10,24680,NYI,MIN,30000292,Mathew Barzal,points,rf_qrf_points,0.3.0,empirical_qrf,0.0,0.0,0.0,,1041171555324455918,2026-01-10 19:59:10.883801
2026-01-10,24680,NYI,MIN,30000571,Anthony Duclair,points,rf_qrf_points,0.3.0,empirical_qrf,0.007615079365079365,0.0,0.0,,1041171555324455918,2026-01-10 19:59:10.883801
2026-01-10,24681,CHI,NAS,30000585,Andre Burakovsky,points,rf_qrf_points,0.3.0,empirical_qrf,0.025570899233305428,0.0,0.06060606060606061,,1041171555324455918,2026-01-10 19:59:10.883801
2026-01-10,24681,CHI,NAS,30000691,Nick Foligno,points,rf_qrf_points,0.3.0,empirical_qrf,0.004237373737373738,0.0,0.0,,1041171555324455918,2026-01-10 19:59:10.883801
2026-01-10,24681,CHI,NAS,30000748,Jason Dickinson,points,rf_qrf_points,0.3.0,empirical_qrf,0.054315086148682475,0.0,0.1,,1041171555324455918,2026-01-10 19:59:10.883801
2026-01-10,24681,CHI,NAS,30000842,Tyler Bertuzzi,points,rf_qrf_points,0.3.0,empirical_qrf,0.009194444444444443,0.0,0.0,,1041171555324455918,2026-01-10 19:59:10.883801
2026-01-10,24681,CHI,NAS,30000871,Teuvo Teravainen,points,rf_qrf_points,0.3.0,empirical_qrf,0.005055615680615681,0.0,0.0,,1041171555324455918,2026-01-10 19:59:10.883801
2026-01-10,24681,CHI,NAS,30001060,Shea Weber,points,rf_qrf_points,0.3.0,empirical_qrf,0.008252033145247993,0.0066416483365913164,0.0100163508603959,,1041171555324455918,2026-01-10 19:59:10.883801
2026-01-10,24681,CHI,NAS,30005839,Jake Furlong,points,rf_qrf_points,0.3.0,empirical_qrf,0.008252033145247993,0.0066416483365913164,0.0100163508603959,,1041171555324455918,2026-01-10 19:59:10.883801
2026-01-10,24681,CHI,NAS,30006926,Stanislav Berezhnoy,points,rf_qrf_points,0.3.0,empirical_qrf,0.008252033145247993,0.0066416483365913164,0.0100163508603959,,1041171555324455918,2026-01-10 19:59:10.883801
2026-01-10,24681,NAS,CHI,30006089,David Edstrom,points,rf_qrf_points,0.3.0,empirical_qrf,0.0,0.0,0.0,,1041171555324455918,2026-01-10 19:59:10.883801
2026-01-10,24681,NAS,CHI,30006095,Andrew Gibson,points,rf_qrf_points,0.3.0,empirical_qrf,0.0,0.0,0.0,,1041171555324455918,2026-01-10 19:59:10.883801
2026-01-10,24681,NAS,CHI,30006107,Kalan Lind,points,rf_qrf_points,0.3.0,empirical_qrf,0.008252033145247993,0.0066416483365913164,0.0100163508603959,,1041171555324455918,2026-01-10 19:59:10.883801
2026-01-10,24681,NAS,CHI,30006185,Joey Willis,points,rf_qrf_points,0.3.0,empirical_qrf,0.008252033145247993,0.0066416483365913164,0.0100163508603959,,1041171555324455918,2026-01-10 19:59:10.883801
2026-01-10,24681,CHI,NAS,30004875,Landon Slaggert,points,rf_qrf_points,0.3.0,empirical_qrf,0.05284635553137599,0.01282051282051282,0.0975609756097561,,1041171555324455918,2026-01-10 19:59:10.883801
2026-01-10,24681,CHI,NAS,30000182,Ryan Ellis,points,rf_qrf_points,0.3.0,empirical_qrf,0.008252033145247993,0.0066416483365913164,0.0100163508603959,,1041171555324455918,2026-01-10 19:59:10.883801
2026-01-10,24681,NAS,CHI,30005617,Joakim Kemell,points,rf_qrf_points,0.3.0,empirical_qrf,7.575757575757576e-05,0.0,0.0,,1041171555324455918,2026-01-10 19:59:10.883801
2026-01-10,24681,NAS,CHI,30005648,Reid Schaefer,points,rf_qrf_points,0.3.0,empirical_qrf,0.06727777777777778,0.0,0.0,,1041171555324455918,2026-01-10 19:59:10.883801
2026-01-10,24681,NAS,CHI,30005835,Chad Nychuk,points,rf_qrf_points,0.3.0,empirical_qrf,0.008252033145247993,0.0066416483365913164,0.0100163508603959,,1041171555324455918,2026-01-10 19:59:10.883801
2026-01-10,24681,NAS,CHI,30005933,Austin Roest,points,rf_qrf_points,0.3.0,empirical_qrf,0.008252033145247993,0.0066416483365913164,0.0100163508603959,,1041171555324455918,2026-01-10 19:59:10.883801
2026-01-10,24681,NAS,CHI,30006080,Tanner Molendyk,points,rf_qrf_points,0.3.0,empirical_qrf,0.02384460933442847,0.006285377358490566,0.042682926829268296,,1041171555324455918,2026-01-10 19:59:10.883801
2026-01-10,24681,NAS,CHI,30006081,Matthew Wood,points,rf_qrf_points,0.3.0,empirical_qrf,0.008043650793650794,0.0,0.0,,1041171555324455918,2026-01-10 19:59:10.883801
2026-01-10,24681,NAS,CHI,30004944,Magnus Chrona,points,rf_qrf_points,0.3.0,empirical_qrf,0.008252033145247993,0.0066416483365913164,0.0100163508603959,,1041171555324455918,2026-01-10 19:59:10.883801
2026-01-10,24681,NAS,CHI,30004991,Fedor Svechkov,points,rf_qrf_points,0.3.0,empirical_qrf,0.0,0.0,0.0,,1041171555324455918,2026-01-10 19:59:10.883801
2026-01-10,24681,NAS,CHI,30005006,Zachary L'Heureux,points,rf_qrf_points,0.3.0,empirical_qrf,0.05284635553137599,0.01282051282051282,0.0975609756097561,,1041171555324455918,2026-01-10 19:59:10.883801
2026-01-10,24681,NAS,CHI,30005190,Jack Matier,points,rf_qrf_points,0.3.0,empirical_qrf,0.008252033145247993,0.0066416483365913164,0.0100163508603959,,1041171555324455918,2026-01-10 19:59:10.883801
2026-01-10,24681,NAS,CHI,30005233,Adam Wilsby,points,rf_qrf_points,0.3.0,empirical_qrf,0.016324510619808684,0.0,0.03773584905660377,,1041171555324455918,2026-01-10 19:59:10.883801
2026-01-10,24681,NAS,CHI,30005578,Nick Blankenburg,points,rf_qrf_points,0.3.0,empirical_qrf,0.0459437359407801,0.0,0.10526315789473684,,1041171555324455918,2026-01-10 19:59:10.883801
2026-01-10,24681,NAS,CHI,30004725,Ethan Haider,points,rf_qrf_points,0.3.0,empirical_qrf,0.008252033145247993,0.0066416483365913164,0.0100163508603959,,1041171555324455918,2026-01-10 19:59:10.883801
2026-01-10,24681,NAS,CHI,30004748,Cole Smith,points,rf_qrf_points,0.3.0,empirical_qrf,0.0,0.0,0.0,,1041171555324455918,2026-01-10 19:59:10.883801
2026-01-10,24681,NAS,CHI,30004795,Justin Barron,points,rf_qrf_points,0.3.0,empirical_qrf,0.0,0.0,0.0,,1041171555324455918,2026-01-10 19:59:10.883801
2026-01-10,24681,NAS,CHI,30004822,Ozzy Wiesblatt,points,rf_qrf_points,0.3.0,empirical_qrf,0.0,0.0,0.0,,1041171555324455918,2026-01-10 19:59:10.883801
2026-01-10,24681,NAS,CHI,30004834,Luke Evangelista,points,rf_qrf_points,0.3.0,empirical_qrf,0.023523809523809523,0.0,0.0,,1041171555324455918,2026-01-10 19:59:10.883801
2026-01-10,24681,NAS,CHI,30004907,Ryder Rolston,points,rf_qrf_points,0.3.0,empirical_qrf,0.03504405202610481,0.0,0.08,,1041171555324455918,2026-01-10 19:59:10.883801
2026-01-10,24681,NAS,CHI,30003140,Tyson Jost,points,rf_qrf_points,0.3.0,empirical_qrf,0.0,0.0,0.0,,1041171555324455918,2026-01-10 19:59:10.883801
2026-01-10,24681,NAS,CHI,30003206,Dylan Gambrell,points,rf_qrf_points,0.3.0,empirical_qrf,0.025570899233305428,0.0,0.06060606060606061,,1041171555324455918,2026-01-10 19:59:10.883801
2026-01-10,24681,NAS,CHI,30003700,Nicolas Hague,points,rf_qrf_points,0.3.0,empirical_qrf,0.0,0.0,0.0,,1041171555324455918,2026-01-10 19:59:10.883801
2026-01-10,24681,NAS,CHI,30004161,Justus Annunen,points,rf_qrf_points,0.3.0,empirical_qrf,0.008252033145247993,0.0066416483365913164,0.0100163508603959,,1041171555324455918,2026-01-10 19:59:10.883801
2026-01-10,24681,NAS,CHI,30004606,Nick Perbix,points,rf_qrf_points,0.3.0,empirical_qrf,0.017944300201272263,0.008090662244118174,0.030987217305801378,,1041171555324455918,2026-01-10 19:59:10.883801
2026-01-10,24681,NAS,CHI,30004716,Zack Hayes,points,rf_qrf_points,0.3.0,empirical_qrf,0.008252033145247993,0.0066416483365913164,0.0100163508603959,,1041171555324455918,2026-01-10 19:59:10.883801
2026-01-10,24681,NAS,CHI,30000743,Steven Stamkos,points,rf_qrf_points,0.3.0,empirical_qrf,0.0,0.0,0.0,,1041171555324455918,2026-01-10 19:59:10.883801
2026-01-10,24681,NAS,CHI,30000810,Erik Haula,points,rf_qrf_points,0.3.0,empirical_qrf,0.0,0.0,0.0,,1041171555324455918,2026-01-10 19:59:10.883801
2026-01-10,24681,NAS,CHI,30000979,Ryan O'Reilly,points,rf_qrf_points,0.3.0,empirical_qrf,0.0035277777777777777,0.0,0.0,,1041171555324455918,2026-01-10 19:59:10.883801
2026-01-10,24681,NAS,CHI,30001048,Jonathan Marchessault,points,rf_qrf_points,0.3.0,empirical_qrf,0.025555555555555554,0.0,0.0,,1041171555324455918,2026-01-10 19:59:10.883801
2026-01-10,24681,NAS,CHI,30002591,Andreas Englund,points,rf_qrf_points,0.3.0,empirical_qrf,0.01001476703263672,0.0,0.019422200174804526,,1041171555324455918,2026-01-10 19:59:10.883801
2026-01-10,24681,NAS,CHI,30002859,Michael Bunting,points,rf_qrf_points,0.3.0,empirical_qrf,0.00825,0.0,0.0,,1041171555324455918,2026-01-10 19:59:10.883801
2026-01-10,24681,NAS,CHI,30000183,Filip Forsberg,points,rf_qrf_points,0.3.0,empirical_qrf,0.034212962962962966,0.0,0.0,,1041171555324455918,2026-01-10 19:59:10.883801
2026-01-10,24681,NAS,CHI,30000184,Roman Josi,points,rf_qrf_points,0.3.0,empirical_qrf,0.0,0.0,0.0,,1041171555324455918,2026-01-10 19:59:10.883801
2026-01-10,24681,NAS,CHI,30000222,Juuse Saros,points,rf_qrf_points,0.3.0,empirical_qrf,0.008252033145247993,0.0066416483365913164,0.0100163508603959,,1041171555324455918,2026-01-10 19:59:10.883801
2026-01-10,24681,NAS,CHI,30000324,Brady Skjei,points,rf_qrf_points,0.3.0,empirical_qrf,0.011182643666389797,0.0,0.0,,1041171555324455918,2026-01-10 19:59:10.883801
2026-01-10,24681,NAS,CHI,30000716,Daniel Carr,points,rf_qrf_points,0.3.0,empirical_qrf,0.007924603174603174,0.0,0.0,,1041171555324455918,2026-01-10 19:59:10.883801
2026-01-10,24681,NAS,CHI,30000720,Michael McCarron,points,rf_qrf_points,0.3.0,empirical_qrf,0.0,0.0,0.0,,1041171555324455918,2026-01-10 19:59:10.883801
2026-01-10,24681,CHI,NAS,30006077,Oliver Moore,points,rf_qrf_points,0.3.0,empirical_qrf,0.0,0.0,0.0,,1041171555324455918,2026-01-10 19:59:10.883801
2026-01-10,24681,CHI,NAS,30006105,Martin Misiak,points,rf_qrf_points,0.3.0,empirical_qrf,0.0,0.0,0.0,,1041171555324455918,2026-01-10 19:59:10.883801
2026-01-10,24681,CHI,NAS,30006145,Nick Lardis,points,rf_qrf_points,0.3.0,empirical_qrf,0.017944300201272263,0.008090662244118174,0.030987217305801378,,1041171555324455918,2026-01-10 19:59:10.883801
2026-01-10,24681,CHI,NAS,30006279,Sahil Panwar,points,rf_qrf_points,0.3.0,empirical_qrf,0.008252033145247993,0.0066416483365913164,0.0100163508603959,,1041171555324455918,2026-01-10 19:59:10.883801
2026-01-10,24681,CHI,NAS,30006312,Joe Carroll,points,rf_qrf_points,0.3.0,empirical_qrf,0.008252033145247993,0.0066416483365913164,0.0100163508603959,,1041171555324455918,2026-01-10 19:59:10.883801
2026-01-10,24681,CHI,NAS,30006496,Artyom Levshunov,points,rf_qrf_points,0.3.0,empirical_qrf,0.025570899233305428,0.0,0.06060606060606061,,1041171555324455918,2026-01-10 19:59:10.883801
2026-01-10,24681,CHI,NAS,30005666,Ryan Greene,points,rf_qrf_points,0.3.0,empirical_qrf,0.002919062409885376,0.0,0.006351228389444951,,1041171555324455918,2026-01-10 19:59:10.883801
2026-01-10,24681,CHI,NAS,30005718,Samuel Savoie,points,rf_qrf_points,0.3.0,empirical_qrf,0.042718693431770115,0.0,0.08450704225352113,,1041171555324455918,2026-01-10 19:59:10.883801
2026-01-10,24681,CHI,NAS,30005816,Gavin Hayes,points,rf_qrf_points,0.3.0,empirical_qrf,0.0,0.0,0.0,,1041171555324455918,2026-01-10 19:59:10.883801
2026-01-10,24681,CHI,NAS,30005819,Andrew Perrott,points,rf_qrf_points,0.3.0,empirical_qrf,0.00024458927404761227,0.0,0.0,,1041171555324455918,2026-01-10 19:59:10.883801
2026-01-10,24681,CHI,NAS,30005820,Mitchell Weeks,points,rf_qrf_points,0.3.0,empirical_qrf,0.008252033145247993,0.0066416483365913164,0.0100163508603959,,1041171555324455918,2026-01-10 19:59:10.883801
2026-01-10,24681,CHI,NAS,30006064,Connor Bedard,points,rf_qrf_points,0.3.0,empirical_qrf,0.0,0.0,0.0,,1041171555324455918,2026-01-10 19:59:10.883801
2026-01-10,24681,CHI,NAS,30005052,Dmitry Kuzmin,points,rf_qrf_points,0.3.0,empirical_qrf,0.008252033145247993,0.0066416483365913164,0.0100163508603959,,1041171555324455918,2026-01-10 19:59:10.883801
2026-01-10,24681,CHI,NAS,30005131,Ryan Mast,points,rf_qrf_points,0.3.0,empirical_qrf,0.008252033145247993,0.0066416483365913164,0.0100163508603959,,1041171555324455918,2026-01-10 19:59:10.883801
2026-01-10,24681,CHI,NAS,30005163,Ethan Del Mastro,points,rf_qrf_points,0.3.0,empirical_qrf,0.0,0.0,0.0,,1041171555324455918,2026-01-10 19:59:10.883801
2026-01-10,24681,CHI,NAS,30005632,Kevin Korchinski,points,rf_qrf_points,0.3.0,empirical_qrf,0.011096986359523865,0.0,0.02603149063326056,,1041171555324455918,2026-01-10 19:59:10.883801
2026-01-10,24681,CHI,NAS,30005638,Frank Nazar,points,rf_qrf_points,0.3.0,empirical_qrf,0.0074444444444444445,0.0,0.0,,1041171555324455918,2026-01-10 19:59:10.883801
2026-01-10,24681,CHI,NAS,30005665,Paul Ludwinski,points,rf_qrf_points,0.3.0,empirical_qrf,0.022452306545166535,0.0,0.046189624329159226,,1041171555324455918,2026-01-10 19:59:10.883801
2026-01-10,24681,CHI,NAS,30004650,Louis Crevier,points,rf_qrf_points,0.3.0,empirical_qrf,0.011096986359523865,0.0,0.02603149063326056,,1041171555324455918,2026-01-10 19:59:10.883801
2026-01-10,24681,CHI,NAS,30004830,Drew Commesso,points,rf_qrf_points,0.3.0,empirical_qrf,0.008252033145247993,0.0066416483365913164,0.0100163508603959,,1041171555324455918,2026-01-10 19:59:10.883801
2026-01-10,24681,CHI,NAS,30004850,Wyatt Kaiser,points,rf_qrf_points,0.3.0,empirical_qrf,0.004032407407407407,0.0,0.0,,1041171555324455918,2026-01-10 19:59:10.883801
2026-01-10,24681,CHI,NAS,30004946,Jackson Cates,points,rf_qrf_points,0.3.0,empirical_qrf,0.008252033145247993,0.0066416483365913164,0.0100163508603959,,1041171555324455918,2026-01-10 19:59:10.883801
2026-01-10,24681,CHI,NAS,30004965,Arvid Soderblom,points,rf_qrf_points,0.3.0,empirical_qrf,0.008252033145247993,0.0066416483365913164,0.0100163508603959,,1041171555324455918,2026-01-10 19:59:10.883801
2026-01-10,24681,CHI,NAS,30005032,Colton Dach,points,rf_qrf_points,0.3.0,empirical_qrf,0.0,0.0,0.0,,1041171555324455918,2026-01-10 19:59:10.883801
2026-01-10,24681,CHI,NAS,30003751,Dominic Toninato,points,rf_qrf_points,0.3.0,empirical_qrf,0.0,0.0,0.0,,1041171555324455918,2026-01-10 19:59:10.883801
2026-01-10,24681,CHI,NAS,30003996,Sam Lafferty,points,rf_qrf_points,0.3.0,empirical_qrf,0.0,0.0,0.0,,1041171555324455918,2026-01-10 19:59:10.883801
2026-01-10,24681,CHI,NAS,30004000,Brett Seney,points,rf_qrf_points,0.3.0,empirical_qrf,0.017944300201272263,0.008090662244118174,0.030987217305801378,,1041171555324455918,2026-01-10 19:59:10.883801
2026-01-10,24681,CHI,NAS,30004442,Ilya Mikheyev,points,rf_qrf_points,0.3.0,empirical_qrf,0.0,0.0,0.0,,1041171555324455918,2026-01-10 19:59:10.883801
2026-01-10,24681,CHI,NAS,30004494,Spencer Knight,points,rf_qrf_points,0.3.0,empirical_qrf,0.008252033145247993,0.0066416483365913164,0.0100163508603959,,1041171555324455918,2026-01-10 19:59:10.883801
2026-01-10,24681,CHI,NAS,30004507,Alex Vlasic,points,rf_qrf_points,0.3.0,empirical_qrf,0.0,0.0,0.0,,1041171555324455918,2026-01-10 19:59:10.883801
2026-01-10,24681,CHI,NAS,30001219,Connor Murphy,points,rf_qrf_points,0.3.0,empirical_qrf,0.0,0.0,0.0,,1041171555324455918,2026-01-10 19:59:10.883801
2026-01-10,24681,CHI,NAS,30002212,Cavan Fitzgerald,points,rf_qrf_points,0.3.0,empirical_qrf,0.008252033145247993,0.0066416483365913164,0.0100163508603959,,1041171555324455918,2026-01-10 19:59:10.883801
2026-01-10,24681,CHI,NAS,30002539,Matt Grzelcyk,points,rf_qrf_points,0.3.0,empirical_qrf,0.0,0.0,0.0,,1041171555324455918,2026-01-10 19:59:10.883801
2026-01-10,24681,CHI,NAS,30002588,Ryan Donato,points,rf_qrf_points,0.3.0,empirical_qrf,7.575757575757576e-05,0.0,0.0,,1041171555324455918,2026-01-10 19:59:10.883801
2026-01-10,24681,CHI,NAS,30003209,Joey Anderson,points,rf_qrf_points,0.3.0,empirical_qrf,0.008252033145247993,0.0066416483365913164,0.0100163508603959,,1041171555324455918,2026-01-10 19:59:10.883801
2026-01-10,24681,CHI,NAS,30003558,Josh Healey,points,rf_qrf_points,0.3.0,empirical_qrf,0.017944300201272263,0.008090662244118174,0.030987217305801378,,1041171555324455918,2026-01-10 19:59:10.883801
2026-01-10,24682,STL,VEG,30000059,Brayden Schenn,points,rf_qrf_points,0.3.0,empirical_qrf,0.029211700336700338,0.0,0.0,,1041171555324455918,2026-01-10 19:59:10.883801
2026-01-10,24682,STL,VEG,30000072,Torey Krug,points,rf_qrf_points,0.3.0,empirical_qrf,0.008252033145247993,0.0066416483365913164,0.0100163508603959,,1041171555324455918,2026-01-10 19:59:10.883801
2026-01-10,24682,STL,VEG,30000225,Nick Bjugstad,points,rf_qrf_points,0.3.0,empirical_qrf,0.0,0.0,0.0,,1041171555324455918,2026-01-10 19:59:10.883801
2026-01-10,24682,STL,VEG,30000405,Oskar Sundqvist,points,rf_qrf_points,0.3.0,empirical_qrf,0.0,0.0,0.0,,1041171555324455918,2026-01-10 19:59:10.883801
2026-01-10,24682,STL,VEG,30000631,Justin Faulk,points,rf_qrf_points,0.3.0,empirical_qrf,0.0,0.0,0.0,,1041171555324455918,2026-01-10 19:59:10.883801
2026-01-10,24682,STL,VEG,30000666,Jordan Binnington,points,rf_qrf_points,0.3.0,empirical_qrf,0.008252033145247993,0.0066416483365913164,0.0100163508603959,,1041171555324455918,2026-01-10 19:59:10.883801
2026-01-10,24682,VEG,STL,30005944,Braeden Bowman,points,rf_qrf_points,0.3.0,empirical_qrf,0.0,0.0,0.0,,1041171555324455918,2026-01-10 19:59:10.883801
2026-01-10,24682,VEG,STL,30006216,Carter Sotheran,points,rf_qrf_points,0.3.0,empirical_qrf,0.008252033145247993,0.0066416483365913164,0.0100163508603959,,1041171555324455918,2026-01-10 19:59:10.883801
2026-01-10,24682,VEG,STL,30006232,Tuomas Uronen,points,rf_qrf_points,0.3.0,empirical_qrf,0.008252033145247993,0.0066416483365913164,0.0100163508603959,,1041171555324455918,2026-01-10 19:59:10.883801
2026-01-10,24682,VEG,STL,30006391,Mazden Leslie,points,rf_qrf_points,0.3.0,empirical_qrf,0.008252033145247993,0.0066416483365913164,0.0100163508603959,,1041171555324455918,2026-01-10 19:59:10.883801
2026-01-10,24682,STL,VEG,30005641,Jimmy Snuggerud,points,rf_qrf_points,0.3.0,empirical_qrf,0.000787037037037037,0.0,0.0,,1041171555324455918,2026-01-10 19:59:10.883801
2026-01-10,24682,VEG,STL,30005679,Matyas Sapovaliv,points,rf_qrf_points,0.3.0,empirical_qrf,0.002919062409885376,0.0,0.006351228389444951,,1041171555324455918,2026-01-10 19:59:10.883801
2026-01-10,24682,VEG,STL,30005795,Ben Hemmerling,points,rf_qrf_points,0.3.0,empirical_qrf,0.017944300201272263,0.008090662244118174,0.030987217305801378,,1041171555324455918,2026-01-10 19:59:10.883801
2026-01-10,24682,VEG,STL,30005809,Joe Fleming,points,rf_qrf_points,0.3.0,empirical_qrf,0.0,0.0,0.0,,1041171555324455918,2026-01-10 19:59:10.883801
2026-01-10,24682,VEG,STL,30005815,Jordan Papirny,points,rf_qrf_points,0.3.0,empirical_qrf,0.008252033145247993,0.0066416483365913164,0.0100163508603959,,1041171555324455918,2026-01-10 19:59:10.883801
2026-01-10,24682,VEG,STL,30005829,Christoffer Sedoff,points,rf_qrf_points,0.3.0,empirical_qrf,0.002919062409885376,0.0,0.006351228389444951,,1041171555324455918,2026-01-10 19:59:10.883801
2026-01-10,24682,VEG,STL,30005841,Samuel Mayer,points,rf_qrf_points,0.3.0,empirical_qrf,0.008252033145247993,0.0066416483365913164,0.0100163508603959,,1041171555324455918,2026-01-10 19:59:10.883801
2026-01-10,24682,VEG,STL,30005106,Jakub Brabenec,points,rf_qrf_points,0.3.0,empirical_qrf,0.1910938381364078,0.0,0.4444444444444444,,1041171555324455918,2026-01-10 19:59:10.883801
2026-01-10,24682,VEG,STL,30005109,Jakub Demek,points,rf_qrf_points,0.3.0,empirical_qrf,0.01001476703263672,0.0,0.019422200174804526,,1041171555324455918,2026-01-10 19:59:10.883801
2026-01-10,24682,VEG,STL,30005112,Jesper Vikman,points,rf_qrf_points,0.3.0,empirical_qrf,0.008252033145247993,0.0066416483365913164,0.0100163508603959,,1041171555324455918,2026-01-10 19:59:10.883801
2026-01-10,24682,VEG,STL,30005162,Riley McKay,points,rf_qrf_points,0.3.0,empirical_qrf,0.008252033145247993,0.0066416483365913164,0.0100163508603959,,1041171555324455918,2026-01-10 19:59:10.883801
2026-01-10,24682,VEG,STL,30005320,Carl Lindbom,points,rf_qrf_points,0.3.0,empirical_qrf,0.008252033145247993,0.0066416483365913164,0.0100163508603959,,1041171555324455918,2026-01-10 19:59:10.883801
2026-01-10,24682,VEG,STL,30005406,Kevin Wall,points,rf_qrf_points,0.3.0,empirical_qrf,0.008252033145247993,0.0066416483365913164,0.0100163508603959,,1041171555324455918,2026-01-10 19:59:10.883801
2026-01-10,24682,VEG,STL,30004503,Raphael Lavoie,points,rf_qrf_points,0.3.0,empirical_qrf,0.0,0.0,0.0,,1041171555324455918,2026-01-10 19:59:10.883801
2026-01-10,24682,VEG,STL,30004510,Kaedan Korczak,points,rf_qrf_points,0.3.0,empirical_qrf,0.0,0.0,0.0,,1041171555324455918,2026-01-10 19:59:10.883801
2026-01-10,24682,VEG,STL,30004532,Pavel Dorofeyev,points,rf_qrf_points,0.3.0,empirical_qrf,0.0,0.0,0.0,,1041171555324455918,2026-01-10 19:59:10.883801
2026-01-10,24682,VEG,STL,30004805,Alexander Holtz,points,rf_qrf_points,0.3.0,empirical_qrf,0.0,0.0,0.0,,1041171555324455918,2026-01-10 19:59:10.883801
2026-01-10,24682,VEG,STL,30004831,Lukas Cormier,points,rf_qrf_points,0.3.0,empirical_qrf,0.054315086148682475,0.0,0.1,,1041171555324455918,2026-01-10 19:59:10.883801
2026-01-10,24682,VEG,STL,30004947,Cole Reinhardt,points,rf_qrf_points,0.3.0,empirical_qrf,0.017944300201272263,0.008090662244118174,0.030987217305801378,,1041171555324455918,2026-01-10 19:59:10.883801
2026-01-10,24682,VEG,STL,30003396,Dylan Coghlan,points,rf_qrf_points,0.3.0,empirical_qrf,0.3682145853372633,0.0,0.8571428571428571,,1041171555324455918,2026-01-10 19:59:10.883801
2026-01-10,24682,VEG,STL,30003924,Jeremy Davies,points,rf_qrf_points,0.3.0,empirical_qrf,0.07098063053634672,0.024390243902439025,0.12,,1041171555324455918,2026-01-10 19:59:10.883801
2026-01-10,24682,VEG,STL,30003961,Tanner Laczynski,points,rf_qrf_points,0.3.0,empirical_qrf,0.0,0.0,0.0,,1041171555324455918,2026-01-10 19:59:10.883801
2026-01-10,24682,VEG,STL,30003997,Zach Whitecloud,points,rf_qrf_points,0.3.0,empirical_qrf,0.02384460933442847,0.006285377358490566,0.042682926829268296,,1041171555324455918,2026-01-10 19:59:10.883801
2026-01-10,24682,VEG,STL,30004243,Mitchell McLain,points,rf_qrf_points,0.3.0,empirical_qrf,0.0,0.0,0.0,,1041171555324455918,2026-01-10 19:59:10.883801
2026-01-10,24682,VEG,STL,30004341,Akira Schmid,points,rf_qrf_points,0.3.0,empirical_qrf,0.008252033145247993,0.0066416483365913164,0.0100163508603959,,1041171555324455918,2026-01-10 19:59:10.883801
2026-01-10,24682,VEG,STL,30002783,Adin Hill,points,rf_qrf_points,0.3.0,empirical_qrf,0.008252033145247993,0.0066416483365913164,0.0100163508603959,,1041171555324455918,2026-01-10 19:59:10.883801
2026-01-10,24682,VEG,STL,30002827,Jeremy Lauzon,points,rf_qrf_points,0.3.0,empirical_qrf,0.01001476703263672,0.0,0.019422200174804526,,1041171555324455918,2026-01-10 19:59:10.883801
2026-01-10,24682,VEG,STL,30003153,Brett Howden,points,rf_qrf_points,0.3.0,empirical_qrf,0.054315086148682475,0.0,0.1,,1041171555324455918,2026-01-10 19:59:10.883801
2026-01-10,24682,VEG,STL,30003155,Lucas Johansen,points,rf_qrf_points,0.3.0,empirical_qrf,0.008252033145247993,0.0066416483365913164,0.0100163508603959,,1041171555324455918,2026-01-10 19:59:10.883801
2026-01-10,24682,VEG,STL,30003166,Carter Hart,points,rf_qrf_points,0.3.0,empirical_qrf,0.0,0.0,0.0,,1041171555324455918,2026-01-10 19:59:10.883801
2026-01-10,24682,VEG,STL,30003342,Mitchell Marner,points,rf_qrf_points,0.3.0,empirical_qrf,0.0,0.0,0.0,,1041171555324455918,2026-01-10 19:59:10.883801
2026-01-10,24682,VEG,STL,30000881,Jaycob Megna,points,rf_qrf_points,0.3.0,empirical_qrf,0.017944300201272263,0.008090662244118174,0.030987217305801378,,1041171555324455918,2026-01-10 19:59:10.883801
2026-01-10,24682,VEG,STL,30000890,Shea Theodore,points,rf_qrf_points,0.3.0,empirical_qrf,0.0025,0.0,0.0,,1041171555324455918,2026-01-10 19:59:10.883801
2026-01-10,24682,VEG,STL,30000927,Ben Hutton,points,rf_qrf_points,0.3.0,empirical_qrf,0.0,0.0,0.0,,1041171555324455918,2026-01-10 19:59:10.883801
2026-01-10,24682,VEG,STL,30001229,Brandon Saad,points,rf_qrf_points,0.3.0,empirical_qrf,0.0,0.0,0.0,,1041171555324455918,2026-01-10 19:59:10.883801
2026-01-10,24682,VEG,STL,30001246,Mark Stone,points,rf_qrf_points,0.3.0,empirical_qrf,0.0,0.0,0.0,,1041171555324455918,2026-01-10 19:59:10.883801
2026-01-10,24682,VEG,STL,30002608,Brandon Hickey,points,rf_qrf_points,0.3.0,empirical_qrf,0.008252033145247993,0.0066416483365913164,0.0100163508603959,,1041171555324455918,2026-01-10 19:59:10.883801
2026-01-10,24682,VEG,STL,30000422,William Karlsson,points,rf_qrf_points,0.3.0,empirical_qrf,0.0,0.0,0.0,,1041171555324455918,2026-01-10 19:59:10.883801
2026-01-10,24682,VEG,STL,30000496,Jack Eichel,points,rf_qrf_points,0.3.0,empirical_qrf,0.01125,0.0,0.0,,1041171555324455918,2026-01-10 19:59:10.883801
2026-01-10,24682,VEG,STL,30000633,Noah Hanifin,points,rf_qrf_points,0.3.0,empirical_qrf,0.0,0.0,0.0,,1041171555324455918,2026-01-10 19:59:10.883801
2026-01-10,24682,VEG,STL,30000694,Keegan Kolesar,points,rf_qrf_points,0.3.0,empirical_qrf,0.017944300201272263,0.008090662244118174,0.030987217305801378,,1041171555324455918,2026-01-10 19:59:10.883801
2026-01-10,24682,VEG,STL,30000784,Ivan Barbashev,points,rf_qrf_points,0.3.0,empirical_qrf,0.006430555555555556,0.0,0.0,,1041171555324455918,2026-01-10 19:59:10.883801
2026-01-10,24682,VEG,STL,30000793,Alex Pietrangelo,points,rf_qrf_points,0.3.0,empirical_qrf,0.0019074074074074074,0.0,0.0,,1041171555324455918,2026-01-10 19:59:10.883801
2026-01-10,24682,STL,VEG,30006079,Otto Stenberg,points,rf_qrf_points,0.3.0,empirical_qrf,0.010164021164021163,0.0,0.0,,1041171555324455918,2026-01-10 19:59:10.883801
2026-01-10,24682,STL,VEG,30006148,Quinton Burns,points,rf_qrf_points,0.3.0,empirical_qrf,0.017944300201272263,0.008090662244118174,0.030987217305801378,,1041171555324455918,2026-01-10 19:59:10.883801
2026-01-10,24682,VEG,STL,30000080,Reilly Smith,points,rf_qrf_points,0.3.0,empirical_qrf,0.002938390313390313,0.0,0.0,,1041171555324455918,2026-01-10 19:59:10.883801
2026-01-10,24682,VEG,STL,30000132,Tomas Hertl,points,rf_qrf_points,0.3.0,empirical_qrf,0.0,0.0,0.0,,1041171555324455918,2026-01-10 19:59:10.883801
2026-01-10,24682,VEG,STL,30000152,Brayden McNabb,points,rf_qrf_points,0.3.0,empirical_qrf,0.0,0.0,0.0,,1041171555324455918,2026-01-10 19:59:10.883801
2026-01-10,24682,VEG,STL,30000189,Colton Sissons,points,rf_qrf_points,0.3.0,empirical_qrf,0.01001476703263672,0.0,0.019422200174804526,,1041171555324455918,2026-01-10 19:59:10.883801
2026-01-10,24682,STL,VEG,30005136,Will Cranley,points,rf_qrf_points,0.3.0,empirical_qrf,0.008252033145247993,0.0066416483365913164,0.0100163508603959,,1041171555324455918,2026-01-10 19:59:10.883801
2026-01-10,24682,STL,VEG,30005160,Carson Gicewicz,points,rf_qrf_points,0.3.0,empirical_qrf,0.0,0.0,0.0,,1041171555324455918,2026-01-10 19:59:10.883801
2026-01-10,24682,STL,VEG,30005701,Michael Buchinger,points,rf_qrf_points,0.3.0,empirical_qrf,0.017944300201272263,0.008090662244118174,0.030987217305801378,,1041171555324455918,2026-01-10 19:59:10.883801
2026-01-10,24682,STL,VEG,30005737,Marc-Andre Gaudet,points,rf_qrf_points,0.3.0,empirical_qrf,0.008252033145247993,0.0066416483365913164,0.0100163508603959,,1041171555324455918,2026-01-10 19:59:10.883801
2026-01-10,24682,STL,VEG,30006051,Georgi Romanov,points,rf_qrf_points,0.3.0,empirical_qrf,0.008252033145247993,0.0066416483365913164,0.0100163508603959,,1041171555324455918,2026-01-10 19:59:10.883801
2026-01-10,24682,STL,VEG,30006065,Dalibor Dvorsky,points,rf_qrf_points,0.3.0,empirical_qrf,0.0,0.0,0.0,,1041171555324455918,2026-01-10 19:59:10.883801
2026-01-10,24682,STL,VEG,30004804,Dylan Holloway,points,rf_qrf_points,0.3.0,empirical_qrf,0.0025595238095238093,0.0,0.0,,1041171555324455918,2026-01-10 19:59:10.883801
2026-01-10,24682,STL,VEG,30004812,Jake Neighbours,points,rf_qrf_points,0.3.0,empirical_qrf,0.0,0.0,0.0,,1041171555324455918,2026-01-10 19:59:10.883801
2026-01-10,24682,STL,VEG,30004859,Leo Loof,points,rf_qrf_points,0.3.0,empirical_qrf,0.02384460933442847,0.006285377358490566,0.042682926829268296,,1041171555324455918,2026-01-10 19:59:10.883801
2026-01-10,24682,STL,VEG,30004941,Matthew Kessel,points,rf_qrf_points,0.3.0,empirical_qrf,0.021838317677763844,0.0,0.04305750350631137,,1041171555324455918,2026-01-10 19:59:10.883801
2026-01-10,24682,STL,VEG,30004999,Logan Mailloux,points,rf_qrf_points,0.3.0,empirical_qrf,0.005055615680615681,0.0,0.0,,1041171555324455918,2026-01-10 19:59:10.883801
2026-01-10,24682,STL,VEG,30005010,Zach Dean,points,rf_qrf_points,0.3.0,empirical_qrf,0.0,0.0,0.0,,1041171555324455918,2026-01-10 19:59:10.883801
2026-01-10,24682,STL,VEG,30004211,Tyler Tucker,points,rf_qrf_points,0.3.0,empirical_qrf,0.011096986359523865,0.0,0.02603149063326056,,1041171555324455918,2026-01-10 19:59:10.883801
2026-01-10,24682,STL,VEG,30004355,Samuel Bitten,points,rf_qrf_points,0.3.0,empirical_qrf,0.01001476703263672,0.0,0.019422200174804526,,1041171555324455918,2026-01-10 19:59:10.883801
2026-01-10,24682,STL,VEG,30004362,Hugh McGing,points,rf_qrf_points,0.3.0,empirical_qrf,0.07098063053634672,0.024390243902439025,0.12,,1041171555324455918,2026-01-10 19:59:10.883801
2026-01-10,24682,STL,VEG,30004495,Philip Broberg,points,rf_qrf_points,0.3.0,empirical_qrf,0.0033055555555555555,0.0,0.0,,1041171555324455918,2026-01-10 19:59:10.883801
2026-01-10,24682,STL,VEG,30004597,Vadim Zherenko,points,rf_qrf_points,0.3.0,empirical_qrf,0.008252033145247993,0.0066416483365913164,0.0100163508603959,,1041171555324455918,2026-01-10 19:59:10.883801
2026-01-10,24682,STL,VEG,30004642,Hunter Skinner,points,rf_qrf_points,0.3.0,empirical_qrf,0.0,0.0,0.0,,1041171555324455918,2026-01-10 19:59:10.883801
2026-01-10,24682,STL,VEG,30003659,Robert Thomas,points,rf_qrf_points,0.3.0,empirical_qrf,0.01425,0.0,0.0,,1041171555324455918,2026-01-10 19:59:10.883801
2026-01-10,24682,STL,VEG,30003766,Alexey Toropchenko,points,rf_qrf_points,0.3.0,empirical_qrf,0.004237373737373738,0.0,0.0,,1041171555324455918,2026-01-10 19:59:10.883801
2026-01-10,24682,STL,VEG,30003899,Pius Suter,points,rf_qrf_points,0.3.0,empirical_qrf,0.05611586099086099,0.0,0.25,,1041171555324455918,2026-01-10 19:59:10.883801
2026-01-10,24682,STL,VEG,30004109,Akil Thomas,points,rf_qrf_points,0.3.0,empirical_qrf,0.017944300201272263,0.008090662244118174,0.030987217305801378,,1041171555324455918,2026-01-10 19:59:10.883801
2026-01-10,24682,STL,VEG,30004111,Jonatan Berggren,points,rf_qrf_points,0.3.0,empirical_qrf,0.025570899233305428,0.0,0.06060606060606061,,1041171555324455918,2026-01-10 19:59:10.883801
2026-01-10,24682,STL,VEG,30004206,Joel Hofer,points,rf_qrf_points,0.3.0,empirical_qrf,0.008252033145247993,0.0066416483365913164,0.0100163508603959,,1041171555324455918,2026-01-10 19:59:10.883801
2026-01-10,24682,STL,VEG,30002617,Nathan Walker,points,rf_qrf_points,0.3.0,empirical_qrf,0.0,0.0,0.0,,1041171555324455918,2026-01-10 19:59:10.883801
2026-01-10,24682,STL,VEG,30003032,Mathieu Joseph,points,rf_qrf_points,0.3.0,empirical_qrf,0.0019246031746031744,0.0,0.0,,1041171555324455918,2026-01-10 19:59:10.883801
2026-01-10,24682,STL,VEG,30003174,Dillon Dube,points,rf_qrf_points,0.3.0,empirical_qrf,0.008252033145247993,0.0066416483365913164,0.0100163508603959,,1041171555324455918,2026-01-10 19:59:10.883801
2026-01-10,24682,STL,VEG,30003186,Jordan Kyrou,points,rf_qrf_points,0.3.0,empirical_qrf,0.0007407407407407407,0.0,0.0,,1041171555324455918,2026-01-10 19:59:10.883801
2026-01-10,24682,STL,VEG,30003308,Matt Luff,points,rf_qrf_points,0.3.0,empirical_qrf,0.0,0.0,0.0,,1041171555324455918,2026-01-10 19:59:10.883801
2026-01-10,24682,STL,VEG,30003617,Calle Rosen,points,rf_qrf_points,0.3.0,empirical_qrf,0.0,0.0,0.0,,1041171555324455918,2026-01-10 19:59:10.883801
2026-01-10,24682,STL,VEG,30000789,Robby Fabbri,points,rf_qrf_points,0.3.0,empirical_qrf,0.0041031746031746025,0.0,0.0,,1041171555324455918,2026-01-10 19:59:10.883801
2026-01-10,24682,STL,VEG,30000792,Colton Parayko,points,rf_qrf_points,0.3.0,empirical_qrf,0.0,0.0,0.0,,1041171555324455918,2026-01-10 19:59:10.883801
2026-01-10,24682,STL,VEG,30000891,Chris Wagner,points,rf_qrf_points,0.3.0,empirical_qrf,0.016324510619808684,0.0,0.03773584905660377,,1041171555324455918,2026-01-10 19:59:10.883801
2026-01-10,24682,STL,VEG,30001054,Matthew Peca,points,rf_qrf_points,0.3.0,empirical_qrf,0.008252033145247993,0.0066416483365913164,0.0100163508603959,,1041171555324455918,2026-01-10 19:59:10.883801
2026-01-10,24682,STL,VEG,30001207,Cam Fowler,points,rf_qrf_points,0.3.0,empirical_qrf,0.003852980352980353,0.0,0.0,,1041171555324455918,2026-01-10 19:59:10.883801
2026-01-10,24682,STL,VEG,30002530,Pavel Buchnevich,points,rf_qrf_points,0.3.0,empirical_qrf,0.27120686720686715,0.0,1.0,,1041171555324455918,2026-01-10 19:59:10.883801
2026-01-10,24683,LA,EDM,30000145,Drew Doughty,points,rf_qrf_points,0.3.0,empirical_qrf,0.0,0.0,0.0,,1041171555324455918,2026-01-10 19:59:10.883801
2026-01-10,24683,LA,EDM,30000149,Anze Kopitar,points,rf_qrf_points,0.3.0,empirical_qrf,0.0,0.0,0.0,,1041171555324455918,2026-01-10 19:59:10.883801
2026-01-10,24683,LA,EDM,30000199,Kevin Fiala,points,rf_qrf_points,0.3.0,empirical_qrf,0.009194444444444444,0.0,0.0,,1041171555324455918,2026-01-10 19:59:10.883801
2026-01-10,24683,LA,EDM,30000476,Cody Ceci,points,rf_qrf_points,0.3.0,empirical_qrf,0.0,0.0,0.0,,1041171555324455918,2026-01-10 19:59:10.883801
2026-01-10,24683,LA,EDM,30000495,Darcy Kuemper,points,rf_qrf_points,0.3.0,empirical_qrf,0.008252033145247993,0.0066416483365913164,0.0100163508603959,,1041171555324455918,2026-01-10 19:59:10.883801
2026-01-10,24683,LA,EDM,30000653,Brian Dumoulin,points,rf_qrf_points,0.3.0,empirical_qrf,0.0,0.0,0.0,,1041171555324455918,2026-01-10 19:59:10.883801
2026-01-10,24683,EDM,LA,30005646,Isaac Howard,points,rf_qrf_points,0.3.0,empirical_qrf,0.0,0.0,0.0,,1041171555324455918,2026-01-10 19:59:10.883801
2026-01-10,24683,LA,EDM,30005383,Andre Lee,points,rf_qrf_points,0.3.0,empirical_qrf,0.27642748917748916,0.0,0.6666666666666666,,1041171555324455918,2026-01-10 19:59:10.883801
2026-01-10,24683,LA,EDM,30005565,Taylor Ward,points,rf_qrf_points,0.3.0,empirical_qrf,0.0351031746031746,0.0,0.0,,1041171555324455918,2026-01-10 19:59:10.883801
2026-01-10,24683,LA,EDM,30005426,Cole Guttman,points,rf_qrf_points,0.3.0,empirical_qrf,0.0,0.0,0.0,,1041171555324455918,2026-01-10 19:59:10.883801
2026-01-10,24683,EDM,LA,30005731,Mats Lindgren,points,rf_qrf_points,0.3.0,empirical_qrf,0.008252033145247993,0.0066416483365913164,0.0100163508603959,,1041171555324455918,2026-01-10 19:59:10.883801
2026-01-10,24683,EDM,LA,30005931,Brady Stonehouse,points,rf_qrf_points,0.3.0,empirical_qrf,0.008252033145247993,0.0066416483365913164,0.0100163508603959,,1041171555324455918,2026-01-10 19:59:10.883801
2026-01-10,24683,EDM,LA,30006112,Beau Akey,points,rf_qrf_points,0.3.0,empirical_qrf,0.012083119709923186,0.0,0.023809523809523808,,1041171555324455918,2026-01-10 19:59:10.883801
2026-01-10,24683,EDM,LA,30006225,Nathaniel Day,points,rf_qrf_points,0.3.0,empirical_qrf,0.008252033145247993,0.0066416483365913164,0.0100163508603959,,1041171555324455918,2026-01-10 19:59:10.883801
2026-01-10,24683,EDM,LA,30006327,Matt Brown,points,rf_qrf_points,0.3.0,empirical_qrf,0.008252033145247993,0.0066416483365913164,0.0100163508603959,,1041171555324455918,2026-01-10 19:59:10.883801
2026-01-10,24683,EDM,LA,30006393,Connor Clattenburg,points,rf_qrf_points,0.3.0,empirical_qrf,0.0,0.0,0.0,,1041171555324455918,2026-01-10 19:59:10.883801
2026-01-10,24683,EDM,LA,30004625,Mason Millman,points,rf_qrf_points,0.3.0,empirical_qrf,0.1665156269979793,0.05988235294117648,0.2767139479905438,,1041171555324455918,2026-01-10 19:59:10.883801
2026-01-10,24683,EDM,LA,30004871,Luke Prokop,points,rf_qrf_points,0.3.0,empirical_qrf,0.017944300201272263,0.008090662244118174,0.030987217305801378,,1041171555324455918,2026-01-10 19:59:10.883801
2026-01-10,24683,EDM,LA,30005174,Matvey Petrov,points,rf_qrf_points,0.3.0,empirical_qrf,0.008252033145247993,0.0066416483365913164,0.0100163508603959,,1041171555324455918,2026-01-10 19:59:10.883801
2026-01-10,24683,EDM,LA,30005177,James Hamblin,points,rf_qrf_points,0.3.0,empirical_qrf,0.0,0.0,0.0,,1041171555324455918,2026-01-10 19:59:10.883801
2026-01-10,24683,EDM,LA,30005185,Jayden Grubbe,points,rf_qrf_points,0.3.0,empirical_qrf,0.017944300201272263,0.008090662244118174,0.030987217305801378,,1041171555324455918,2026-01-10 19:59:10.883801
2026-01-10,24683,EDM,LA,30005633,Matt Savoie,points,rf_qrf_points,0.3.0,empirical_qrf,0.0,0.0,0.0,,1041171555324455918,2026-01-10 19:59:10.883801
2026-01-10,24683,EDM,LA,30004081,Evan Bouchard,points,rf_qrf_points,0.3.0,empirical_qrf,0.0012222222222222224,0.0,0.0,,1041171555324455918,2026-01-10 19:59:10.883801
2026-01-10,24683,EDM,LA,30004156,Alec Regula,points,rf_qrf_points,0.3.0,empirical_qrf,0.017944300201272263,0.008090662244118174,0.030987217305801378,,1041171555324455918,2026-01-10 19:59:10.883801
2026-01-10,24683,EDM,LA,30004165,Ty Emberson,points,rf_qrf_points,0.3.0,empirical_qrf,0.0,0.0,0.0,,1041171555324455918,2026-01-10 19:59:10.883801
2026-01-10,24683,EDM,LA,30004370,Spencer Stastney,points,rf_qrf_points,0.3.0,empirical_qrf,0.002919062409885376,0.0,0.006351228389444951,,1041171555324455918,2026-01-10 19:59:10.883801
2026-01-10,24683,EDM,LA,30004476,Vasily Podkolzin,points,rf_qrf_points,0.3.0,empirical_qrf,0.0012261904761904762,0.0,0.0,,1041171555324455918,2026-01-10 19:59:10.883801
2026-01-10,24683,EDM,LA,30004490,Sam Poulin,points,rf_qrf_points,0.3.0,empirical_qrf,0.02384460933442847,0.006285377358490566,0.042682926829268296,,1041171555324455918,2026-01-10 19:59:10.883801
2026-01-10,24683,EDM,LA,30002824,Jack Roslovic,points,rf_qrf_points,0.3.0,empirical_qrf,0.017944300201272263,0.008090662244118174,0.030987217305801378,,1041171555324455918,2026-01-10 19:59:10.883801
2026-01-10,24683,EDM,LA,30003142,Max Jones,points,rf_qrf_points,0.3.0,empirical_qrf,0.0,0.0,0.0,,1041171555324455918,2026-01-10 19:59:10.883801
2026-01-10,24683,EDM,LA,30003157,Trent Frederic,points,rf_qrf_points,0.3.0,empirical_qrf,0.0,0.0,0.0,,1041171555324455918,2026-01-10 19:59:10.883801
2026-01-10,24683,EDM,LA,30003211,Rem Pitlick,points,rf_qrf_points,0.3.0,empirical_qrf,0.008252033145247993,0.0066416483365913164,0.0100163508603959,,1041171555324455918,2026-01-10 19:59:10.883801
2026-01-10,24683,EDM,LA,30003345,Riley Stillman,points,rf_qrf_points,0.3.0,empirical_qrf,0.0,0.0,0.0,,1041171555324455918,2026-01-10 19:59:10.883801
2026-01-10,24683,EDM,LA,30003770,Matt Tomkins,points,rf_qrf_points,0.3.0,empirical_qrf,0.008252033145247993,0.0066416483365913164,0.0100163508603959,,1041171555324455918,2026-01-10 19:59:10.883801
2026-01-10,24683,EDM,LA,30001233,Connor McDavid,points,rf_qrf_points,0.3.0,empirical_qrf,0.0035277777777777777,0.0,0.0,,1041171555324455918,2026-01-10 19:59:10.883801
2026-01-10,24683,EDM,LA,30001304,Calvin Pickard,points,rf_qrf_points,0.3.0,empirical_qrf,0.008252033145247993,0.0066416483365913164,0.0100163508603959,,1041171555324455918,2026-01-10 19:59:10.883801
2026-01-10,24683,EDM,LA,30001368,Seth Griffith,points,rf_qrf_points,0.3.0,empirical_qrf,0.008252033145247993,0.0066416483365913164,0.0100163508603959,,1041171555324455918,2026-01-10 19:59:10.883801
2026-01-10,24683,EDM,LA,30002218,Andrew Mangiapane,points,rf_qrf_points,0.3.0,empirical_qrf,0.0,0.0,0.0,,1041171555324455918,2026-01-10 19:59:10.883801
2026-01-10,24683,EDM,LA,30002623,Jake Walman,points,rf_qrf_points,0.3.0,empirical_qrf,0.003852980352980353,0.0,0.0,,1041171555324455918,2026-01-10 19:59:10.883801
2026-01-10,24683,EDM,LA,30002787,Connor Ingram,points,rf_qrf_points,0.3.0,empirical_qrf,0.008252033145247993,0.0066416483365913164,0.0100163508603959,,1041171555324455918,2026-01-10 19:59:10.883801
2026-01-10,24683,EDM,LA,30000540,Ryan Nugent-Hopkins,points,rf_qrf_points,0.3.0,empirical_qrf,0.0,0.0,0.0,,1041171555324455918,2026-01-10 19:59:10.883801
2026-01-10,24683,EDM,LA,30000549,Darnell Nurse,points,rf_qrf_points,0.3.0,empirical_qrf,0.0,0.0,0.0,,1041171555324455918,2026-01-10 19:59:10.883801
2026-01-10,24683,EDM,LA,30000752,Mattias Janmark,points,rf_qrf_points,0.3.0,empirical_qrf,0.0,0.0,0.0,,1041171555324455918,2026-01-10 19:59:10.883801
2026-01-10,24683,EDM,LA,30000965,Curtis Lazar,points,rf_qrf_points,0.3.0,empirical_qrf,0.0,0.0,0.0,,1041171555324455918,2026-01-10 19:59:10.883801
2026-01-10,24683,EDM,LA,30000987,Adam Henrique,points,rf_qrf_points,0.3.0,empirical_qrf,0.0,0.0,0.0,,1041171555324455918,2026-01-10 19:59:10.883801
2026-01-10,24683,EDM,LA,30001076,Leon Draisaitl,points,rf_qrf_points,0.3.0,empirical_qrf,0.004027777777777778,0.0,0.0,,1041171555324455918,2026-01-10 19:59:10.883801
2026-01-10,24683,LA,EDM,30006386,Tate Singleton,points,rf_qrf_points,0.3.0,empirical_qrf,0.008252033145247993,0.0066416483365913164,0.0100163508603959,,1041171555324455918,2026-01-10 19:59:10.883801
2026-01-10,24683,EDM,LA,30000180,Josh Brown,points,rf_qrf_points,0.3.0,empirical_qrf,0.0,0.0,0.0,,1041171555324455918,2026-01-10 19:59:10.883801
2026-01-10,24683,EDM,LA,30000250,Mattias Ekholm,points,rf_qrf_points,0.3.0,empirical_qrf,0.002938390313390313,0.0,0.0,,1041171555324455918,2026-01-10 19:59:10.883801
2026-01-10,24683,EDM,LA,30000392,Tristan Jarry,points,rf_qrf_points,0.3.0,empirical_qrf,0.008252033145247993,0.0066416483365913164,0.0100163508603959,,1041171555324455918,2026-01-10 19:59:10.883801
2026-01-10,24683,EDM,LA,30000440,Zach Hyman,points,rf_qrf_points,0.3.0,empirical_qrf,0.008252033145247993,0.0066416483365913164,0.0100163508603959,,1041171555324455918,2026-01-10 19:59:10.883801
2026-01-10,24683,EDM,LA,30000443,Kasperi Kapanen,points,rf_qrf_points,0.3.0,empirical_qrf,0.01717818029923293,0.0,0.0,,1041171555324455918,2026-01-10 19:59:10.883801
2026-01-10,24683,LA,EDM,30005322,Isaiah Saville,points,rf_qrf_points,0.3.0,empirical_qrf,0.0,0.0,0.0,,1041171555324455918,2026-01-10 19:59:10.883801
2026-01-10,24683,LA,EDM,30005610,Andrei Kuzmenko,points,rf_qrf_points,0.3.0,empirical_qrf,0.0,0.0,0.0,,1041171555324455918,2026-01-10 19:59:10.883801
2026-01-10,24683,LA,EDM,30005710,Angus Booth,points,rf_qrf_points,0.3.0,empirical_qrf,0.008252033145247993,0.0066416483365913164,0.0100163508603959,,1041171555324455918,2026-01-10 19:59:10.883801
2026-01-10,24683,LA,EDM,30006113,Jakub Dvorak,points,rf_qrf_points,0.3.0,empirical_qrf,0.0,0.0,0.0,,1041171555324455918,2026-01-10 19:59:10.883801
2026-01-10,24683,LA,EDM,30006140,Koehn Ziemmer,points,rf_qrf_points,0.3.0,empirical_qrf,0.008252033145247993,0.0066416483365913164,0.0100163508603959,,1041171555324455918,2026-01-10 19:59:10.883801
2026-01-10,24683,LA,EDM,30006349,Jacob Modry,points,rf_qrf_points,0.3.0,empirical_qrf,0.008252033145247993,0.0066416483365913164,0.0100163508603959,,1041171555324455918,2026-01-10 19:59:10.883801
2026-01-10,24683,LA,EDM,30004856,Alex Laferriere,points,rf_qrf_points,0.3.0,empirical_qrf,0.018638888888888885,0.0,0.0,,1041171555324455918,2026-01-10 19:59:10.883801
2026-01-10,24683,LA,EDM,30004969,Jeff Malott,points,rf_qrf_points,0.3.0,empirical_qrf,0.12768967225584874,0.0,0.5,,1041171555324455918,2026-01-10 19:59:10.883801
2026-01-10,24683,LA,EDM,30004994,Brandt Clarke,points,rf_qrf_points,0.3.0,empirical_qrf,0.02911189273689273,0.0,0.0,,1041171555324455918,2026-01-10 19:59:10.883801
2026-01-10,24683,LA,EDM,30005015,Francesco Pinelli,points,rf_qrf_points,0.3.0,empirical_qrf,0.002919062409885376,0.0,0.006351228389444951,,1041171555324455918,2026-01-10 19:59:10.883801
2026-01-10,24683,LA,EDM,30005039,Samuel Helenius,points,rf_qrf_points,0.3.0,empirical_qrf,0.011096986359523865,0.0,0.02603149063326056,,1041171555324455918,2026-01-10 19:59:10.883801
2026-01-10,24683,LA,EDM,30005087,Kaleb Lawrence,points,rf_qrf_points,0.3.0,empirical_qrf,0.008252033145247993,0.0066416483365913164,0.0100163508603959,,1041171555324455918,2026-01-10 19:59:10.883801
2026-01-10,24683,LA,EDM,30004321,Jacob Ingham,points,rf_qrf_points,0.3.0,empirical_qrf,0.008252033145247993,0.0066416483365913164,0.0100163508603959,,1041171555324455918,2026-01-10 19:59:10.883801
2026-01-10,24683,LA,EDM,30004436,Mikey Anderson,points,rf_qrf_points,0.3.0,empirical_qrf,0.0,0.0,0.0,,1041171555324455918,2026-01-10 19:59:10.883801
2026-01-10,24683,LA,EDM,30004473,Alex Turcotte,points,rf_qrf_points,0.3.0,empirical_qrf,0.041748015873015874,0.0,0.0,,1041171555324455918,2026-01-10 19:59:10.883801
2026-01-10,24683,LA,EDM,30004516,Nikita Alexandrov,points,rf_qrf_points,0.3.0,empirical_qrf,0.0,0.0,0.0,,1041171555324455918,2026-01-10 19:59:10.883801
2026-01-10,24683,LA,EDM,30004571,Erik Portillo,points,rf_qrf_points,0.3.0,empirical_qrf,0.008252033145247993,0.0066416483365913164,0.0100163508603959,,1041171555324455918,2026-01-10 19:59:10.883801
2026-01-10,24683,LA,EDM,30004798,Quinton Byfield,points,rf_qrf_points,0.3.0,empirical_qrf,0.0025,0.0,0.0,,1041171555324455918,2026-01-10 19:59:10.883801
2026-01-10,24683,LA,EDM,30002582,Adrian Kempe,points,rf_qrf_points,0.3.0,empirical_qrf,0.0,0.0,0.0,,1041171555324455918,2026-01-10 19:59:10.883801
2026-01-10,24683,LA,EDM,30002611,Warren Foegele,points,rf_qrf_points,0.3.0,empirical_qrf,7.575757575757576e-05,0.0,0.0,,1041171555324455918,2026-01-10 19:59:10.883801
2026-01-10,24683,LA,EDM,30002703,Kyle Burroughs,points,rf_qrf_points,0.3.0,empirical_qrf,0.0,0.0,0.0,,1041171555324455918,2026-01-10 19:59:10.883801
2026-01-10,24683,LA,EDM,30003232,Jacob Moverare,points,rf_qrf_points,0.3.0,empirical_qrf,0.0,0.0,0.0,,1041171555324455918,2026-01-10 19:59:10.883801
2026-01-10,24683,LA,EDM,30003236,Trevor Moore,points,rf_qrf_points,0.3.0,empirical_qrf,0.08958730158730159,0.0,0.0,,1041171555324455918,2026-01-10 19:59:10.883801
2026-01-10,24683,LA,EDM,30003508,John Parker-Jones,points,rf_qrf_points,0.3.0,empirical_qrf,0.008252033145247993,0.0066416483365913164,0.0100163508603959,,1041171555324455918,2026-01-10 19:59:10.883801
2026-01-10,24683,LA,EDM,30000668,Anton Forsberg,points,rf_qrf_points,0.3.0,empirical_qrf,0.008252033145247993,0.0066416483365913164,0.0100163508603959,,1041171555324455918,2026-01-10 19:59:10.883801
2026-01-10,24683,LA,EDM,30000675,Joel Edmundson,points,rf_qrf_points,0.3.0,empirical_qrf,0.025570899233305428,0.0,0.06060606060606061,,1041171555324455918,2026-01-10 19:59:10.883801
2026-01-10,24683,LA,EDM,30000770,Pheonix Copley,points,rf_qrf_points,0.3.0,empirical_qrf,0.008252033145247993,0.0066416483365913164,0.0100163508603959,,1041171555324455918,2026-01-10 19:59:10.883801
2026-01-10,24683,LA,EDM,30000788,Jacob Doty,points,rf_qrf_points,0.3.0,empirical_qrf,0.008252033145247993,0.0066416483365913164,0.0100163508603959,,1041171555324455918,2026-01-10 19:59:10.883801
2026-01-10,24683,LA,EDM,30000818,Joel Armia,points,rf_qrf_points,0.3.0,empirical_qrf,0.0,0.0,0.0,,1041171555324455918,2026-01-10 19:59:10.883801
2026-01-10,24683,LA,EDM,30001265,Corey Perry,points,rf_qrf_points,0.3.0,empirical_qrf,0.15692460317460316,0.0,0.6,,1041171555324455918,2026-01-10 19:59:10.883801
2026-01-10,24670,NYR,BOS,30000123,Jonathan Quick,goals,rf_qrf_goals,0.3.0,empirical_qrf,0.0022448129327939884,0.0014383662082433173,0.003172301304051297,,1041171555324455918,2026-01-10 19:59:24.253457
2026-01-10,24670,NYR,BOS,30000226,Vincent Trocheck,goals,rf_qrf_goals,0.3.0,empirical_qrf,0.005333333333333333,0.0,0.0,,1041171555324455918,2026-01-10 19:59:24.253457
2026-01-10,24670,NYR,BOS,30000410,Conor Sheary,goals,rf_qrf_goals,0.3.0,empirical_qrf,0.0,0.0,0.0,,1041171555324455918,2026-01-10 19:59:24.253457
2026-01-10,24670,NYR,BOS,30000467,Mika Zibanejad,goals,rf_qrf_goals,0.3.0,empirical_qrf,0.007075396825396826,0.0,0.0,,1041171555324455918,2026-01-10 19:59:24.253457
2026-01-10,24670,NYR,BOS,30000489,Sam Carrick,goals,rf_qrf_goals,0.3.0,empirical_qrf,0.060668158980471246,0.0,0.14285714285714285,,1041171555324455918,2026-01-10 19:59:24.253457
2026-01-10,24670,NYR,BOS,30000617,J.T. Miller,goals,rf_qrf_goals,0.3.0,empirical_qrf,0.15718055555555557,0.0,0.75,,1041171555324455918,2026-01-10 19:59:24.253457
2026-01-10,24670,BOS,NYR,30006392,Luke Cavallin,goals,rf_qrf_goals,0.3.0,empirical_qrf,0.0022448129327939884,0.0014383662082433173,0.003172301304051297,,1041171555324455918,2026-01-10 19:59:24.253457
2026-01-10,24670,NYR,BOS,30000599,Anton Blidh,goals,rf_qrf_goals,0.3.0,empirical_qrf,0.0,0.0,0.0,,1041171555324455918,2026-01-10 19:59:24.253457
2026-01-10,24670,NYR,BOS,30001251,Justin Dowling,goals,rf_qrf_goals,0.3.0,empirical_qrf,0.0,0.0,0.0,,1041171555324455918,2026-01-10 19:59:24.253457
2026-01-10,24670,BOS,NYR,30005651,Matthew Poitras,goals,rf_qrf_goals,0.3.0,empirical_qrf,0.0,0.0,0.0,,1041171555324455918,2026-01-10 19:59:24.253457
2026-01-10,24670,BOS,NYR,30005658,Fraser Minten,goals,rf_qrf_goals,0.3.0,empirical_qrf,0.0,0.0,0.0,,1041171555324455918,2026-01-10 19:59:24.253457
2026-01-10,24670,BOS,NYR,30005749,Nolan Maier,goals,rf_qrf_goals,0.3.0,empirical_qrf,0.0,0.0,0.0,,1041171555324455918,2026-01-10 19:59:24.253457
2026-01-10,24670,BOS,NYR,30005760,Joseph Abate,goals,rf_qrf_goals,0.3.0,empirical_qrf,0.013510883039157567,0.004464285714285714,0.023906288720715225,,1041171555324455918,2026-01-10 19:59:24.253457
2026-01-10,24670,BOS,NYR,30005797,Frederic Brunet,goals,rf_qrf_goals,0.3.0,empirical_qrf,0.021908741775883877,0.0,0.04305750350631137,,1041171555324455918,2026-01-10 19:59:24.253457
2026-01-10,24670,BOS,NYR,30005798,Jackson Edward,goals,rf_qrf_goals,0.3.0,empirical_qrf,0.11620447478361565,0.0,0.2727272727272727,,1041171555324455918,2026-01-10 19:59:24.253457
2026-01-10,24670,BOS,NYR,30004998,Fabian Lysell,goals,rf_qrf_goals,0.3.0,empirical_qrf,0.04932739708150436,0.0,0.11764705882352941,,1041171555324455918,2026-01-10 19:59:24.253457
2026-01-10,24670,BOS,NYR,30005130,Brett Harrison,goals,rf_qrf_goals,0.3.0,empirical_qrf,0.2255674603174603,0.0,1.0,,1041171555324455918,2026-01-10 19:59:24.253457
2026-01-10,24670,BOS,NYR,30005170,Maximus Wanner,goals,rf_qrf_goals,0.3.0,empirical_qrf,0.0022448129327939884,0.0014383662082433173,0.003172301304051297,,1041171555324455918,2026-01-10 19:59:24.253457
2026-01-10,24670,BOS,NYR,30005341,Shawn Element,goals,rf_qrf_goals,0.3.0,empirical_qrf,0.0022448129327939884,0.0014383662082433173,0.003172301304051297,,1041171555324455918,2026-01-10 19:59:24.253457
2026-01-10,24670,BOS,NYR,30005367,Michael Callahan,goals,rf_qrf_goals,0.3.0,empirical_qrf,0.0,0.0,0.0,,1041171555324455918,2026-01-10 19:59:24.253457
2026-01-10,24670,BOS,NYR,30005580,Georgi Merkulov,goals,rf_qrf_goals,0.3.0,empirical_qrf,0.0,0.0,0.0,,1041171555324455918,2026-01-10 19:59:24.253457
2026-01-10,24670,BOS,NYR,30004513,John Farinacci,goals,rf_qrf_goals,0.3.0,empirical_qrf,0.0,0.0,0.0,,1041171555324455918,2026-01-10 19:59:24.253457
2026-01-10,24670,BOS,NYR,30004546,Vladislav Kolyachonok,goals,rf_qrf_goals,0.3.0,empirical_qrf,0.0,0.0,0.0,,1041171555324455918,2026-01-10 19:59:24.253457
2026-01-10,24670,BOS,NYR,30004640,Francois Brassard,goals,rf_qrf_goals,0.3.0,empirical_qrf,0.0,0.0,0.0,,1041171555324455918,2026-01-10 19:59:24.253457
2026-01-10,24670,BOS,NYR,30004851,Marat Khusnutdinov,goals,rf_qrf_goals,0.3.0,empirical_qrf,0.0,0.0,0.0,,1041171555324455918,2026-01-10 19:59:24.253457
2026-01-10,24670,BOS,NYR,30004858,Mason Lohrei,goals,rf_qrf_goals,0.3.0,empirical_qrf,0.0,0.0,0.0,,1041171555324455918,2026-01-10 19:59:24.253457
2026-01-10,24670,BOS,NYR,30004929,Alex Steeves,goals,rf_qrf_goals,0.3.0,empirical_qrf,0.0,0.0,0.0,,1041171555324455918,2026-01-10 19:59:24.253457
2026-01-10,24670,BOS,NYR,30003890,Mikey Eyssimont,goals,rf_qrf_goals,0.3.0,empirical_qrf,0.014055555555555556,0.0,0.0,,1041171555324455918,2026-01-10 19:59:24.253457
2026-01-10,24670,BOS,NYR,30003912,Mark Kastelic,goals,rf_qrf_goals,0.3.0,empirical_qrf,0.0025715974423436436,0.0,0.005356312485468497,,1041171555324455918,2026-01-10 19:59:24.253457
2026-01-10,24670,BOS,NYR,30003991,Jeremy Swayman,goals,rf_qrf_goals,0.3.0,empirical_qrf,0.0022448129327939884,0.0014383662082433173,0.003172301304051297,,1041171555324455918,2026-01-10 19:59:24.253457
2026-01-10,24670,BOS,NYR,30004166,Jordan Harris,goals,rf_qrf_goals,0.3.0,empirical_qrf,0.004263888888888889,0.0,0.0,,1041171555324455918,2026-01-10 19:59:24.253457
2026-01-10,24670,BOS,NYR,30004281,Jonathan Aspirot,goals,rf_qrf_goals,0.3.0,empirical_qrf,0.013510883039157567,0.004464285714285714,0.023906288720715225,,1041171555324455918,2026-01-10 19:59:24.253457
2026-01-10,24670,BOS,NYR,30004477,Victor Soderstrom,goals,rf_qrf_goals,0.3.0,empirical_qrf,0.0005555555555555556,0.0,0.0,,1041171555324455918,2026-01-10 19:59:24.253457
2026-01-10,24670,BOS,NYR,30003401,Jeffrey Viel,goals,rf_qrf_goals,0.3.0,empirical_qrf,0.0,0.0,0.0,,1041171555324455918,2026-01-10 19:59:24.253457
2026-01-10,24670,BOS,NYR,30003442,Tanner Jeannot,goals,rf_qrf_goals,0.3.0,empirical_qrf,0.01111723250066587,0.0,0.02656047197640118,,1041171555324455918,2026-01-10 19:59:24.253457
2026-01-10,24670,BOS,NYR,30003581,Shane Starrett,goals,rf_qrf_goals,0.3.0,empirical_qrf,0.0,0.0,0.0,,1041171555324455918,2026-01-10 19:59:24.253457
2026-01-10,24670,BOS,NYR,30003643,Casey Mittelstadt,goals,rf_qrf_goals,0.3.0,empirical_qrf,0.009571428571428571,0.0,0.0,,1041171555324455918,2026-01-10 19:59:24.253457
2026-01-10,24670,BOS,NYR,30003657,Henri Jokiharju,goals,rf_qrf_goals,0.3.0,empirical_qrf,0.0,0.0,0.0,,1041171555324455918,2026-01-10 19:59:24.253457
2026-01-10,24670,BOS,NYR,30003704,Morgan Geekie,goals,rf_qrf_goals,0.3.0,empirical_qrf,0.005138888888888888,0.0,0.0,,1041171555324455918,2026-01-10 19:59:24.253457
2026-01-10,24670,BOS,NYR,30001264,Hampus Lindholm,goals,rf_qrf_goals,0.3.0,empirical_qrf,0.012419660958125764,0.0,0.028985507246376812,,1041171555324455918,2026-01-10 19:59:24.253457
2026-01-10,24670,BOS,NYR,30002853,Sean Kuraly,goals,rf_qrf_goals,0.3.0,empirical_qrf,0.0,0.0,0.0,,1041171555324455918,2026-01-10 19:59:24.253457
2026-01-10,24670,BOS,NYR,30003020,Kasimir Kaskisuo,goals,rf_qrf_goals,0.3.0,empirical_qrf,0.0005286810376324443,0.0,0.0,,1041171555324455918,2026-01-10 19:59:24.253457
2026-01-10,24670,BOS,NYR,30003147,Charlie McAvoy,goals,rf_qrf_goals,0.3.0,empirical_qrf,0.0,0.0,0.0,,1041171555324455918,2026-01-10 19:59:24.253457
2026-01-10,24670,BOS,NYR,30003151,Riley Tufte,goals,rf_qrf_goals,0.3.0,empirical_qrf,0.0,0.0,0.0,,1041171555324455918,2026-01-10 19:59:24.253457
2026-01-10,24670,BOS,NYR,30003185,Andrew Peeke,goals,rf_qrf_goals,0.3.0,empirical_qrf,0.013510883039157567,0.004464285714285714,0.023906288720715225,,1041171555324455918,2026-01-10 19:59:24.253457
2026-01-10,24670,BOS,NYR,30000393,Joonas Korpisalo,goals,rf_qrf_goals,0.3.0,empirical_qrf,0.0022448129327939884,0.0014383662082433173,0.003172301304051297,,1041171555324455918,2026-01-10 19:59:24.253457
2026-01-10,24670,BOS,NYR,30000607,David Pastrnak,goals,rf_qrf_goals,0.3.0,empirical_qrf,0.007611111111111111,0.0,0.0,,1041171555324455918,2026-01-10 19:59:24.253457
2026-01-10,24670,BOS,NYR,30000630,Patrick Brown,goals,rf_qrf_goals,0.3.0,empirical_qrf,0.0002380952380952381,0.0,0.0,,1041171555324455918,2026-01-10 19:59:24.253457
2026-01-10,24670,BOS,NYR,30000636,Elias Lindholm,goals,rf_qrf_goals,0.3.0,empirical_qrf,0.0020757575757575754,0.0,0.0,,1041171555324455918,2026-01-10 19:59:24.253457
2026-01-10,24670,BOS,NYR,30000909,Nikita Zadorov,goals,rf_qrf_goals,0.3.0,empirical_qrf,0.00125,0.0,0.0,,1041171555324455918,2026-01-10 19:59:24.253457
2026-01-10,24670,BOS,NYR,30000995,Pavel Zacha,goals,rf_qrf_goals,0.3.0,empirical_qrf,0.0,0.0,0.0,,1041171555324455918,2026-01-10 19:59:24.253457
2026-01-10,24670,NYR,BOS,30005883,Noah Laba,goals,rf_qrf_goals,0.3.0,empirical_qrf,0.0,0.0,0.0,,1041171555324455918,2026-01-10 19:59:24.253457
2026-01-10,24670,NYR,BOS,30006074,Gabe Perreault,goals,rf_qrf_goals,0.3.0,empirical_qrf,0.0022198172198172198,0.0,0.0,,1041171555324455918,2026-01-10 19:59:24.253457
2026-01-10,24670,NYR,BOS,30006118,Carey Terrance,goals,rf_qrf_goals,0.3.0,empirical_qrf,0.0025715974423436436,0.0,0.005356312485468497,,1041171555324455918,2026-01-10 19:59:24.253457
2026-01-10,24670,NYR,BOS,30006174,Dylan Roobroeck,goals,rf_qrf_goals,0.3.0,empirical_qrf,0.0,0.0,0.0,,1041171555324455918,2026-01-10 19:59:24.253457
2026-01-10,24670,NYR,BOS,30006331,Brett Budgell,goals,rf_qrf_goals,0.3.0,empirical_qrf,0.0022448129327939884,0.0014383662082433173,0.003172301304051297,,1041171555324455918,2026-01-10 19:59:24.253457
2026-01-10,24670,BOS,NYR,30000245,Viktor Arvidsson,goals,rf_qrf_goals,0.3.0,empirical_qrf,0.012419660958125764,0.0,0.028985507246376812,,1041171555324455918,2026-01-10 19:59:24.253457
2026-01-10,24670,NYR,BOS,30005183,Matt Rempe,goals,rf_qrf_goals,0.3.0,empirical_qrf,0.0,0.0,0.0,,1041171555324455918,2026-01-10 19:59:24.253457
2026-01-10,24670,NYR,BOS,30005223,Kyle Jackson,goals,rf_qrf_goals,0.3.0,empirical_qrf,0.0022448129327939884,0.0014383662082433173,0.003172301304051297,,1041171555324455918,2026-01-10 19:59:24.253457
2026-01-10,24670,NYR,BOS,30005252,Adam Edstrom,goals,rf_qrf_goals,0.3.0,empirical_qrf,0.0,0.0,0.0,,1041171555324455918,2026-01-10 19:59:24.253457
2026-01-10,24670,NYR,BOS,30005563,Brandon Scanlin,goals,rf_qrf_goals,0.3.0,empirical_qrf,0.02433598673952739,0.0,0.05405405405405406,,1041171555324455918,2026-01-10 19:59:24.253457
2026-01-10,24670,NYR,BOS,30005662,Adam Sykora,goals,rf_qrf_goals,0.3.0,empirical_qrf,0.013510883039157567,0.004464285714285714,0.023906288720715225,,1041171555324455918,2026-01-10 19:59:24.253457
2026-01-10,24670,NYR,BOS,30005686,Bryce McConnell-Barker,goals,rf_qrf_goals,0.3.0,empirical_qrf,0.0,0.0,0.0,,1041171555324455918,2026-01-10 19:59:24.253457
2026-01-10,24670,NYR,BOS,30004887,Brett Berard,goals,rf_qrf_goals,0.3.0,empirical_qrf,0.0,0.0,0.0,,1041171555324455918,2026-01-10 19:59:24.253457
2026-01-10,24670,NYR,BOS,30004896,Dylan Garand,goals,rf_qrf_goals,0.3.0,empirical_qrf,0.0022448129327939884,0.0014383662082433173,0.003172301304051297,,1041171555324455918,2026-01-10 19:59:24.253457
2026-01-10,24670,NYR,BOS,30004968,Juuso Parssinen,goals,rf_qrf_goals,0.3.0,empirical_qrf,5.1282051282051286e-05,0.0,0.0,,1041171555324455918,2026-01-10 19:59:24.253457
2026-01-10,24670,NYR,BOS,30004987,Brennan Othmann,goals,rf_qrf_goals,0.3.0,empirical_qrf,0.060668158980471246,0.0,0.14285714285714285,,1041171555324455918,2026-01-10 19:59:24.253457
2026-01-10,24670,NYR,BOS,30005014,Scott Morrow,goals,rf_qrf_goals,0.3.0,empirical_qrf,0.0,0.0,0.0,,1041171555324455918,2026-01-10 19:59:24.253457
2026-01-10,24670,NYR,BOS,30005069,Christopher Merisier-Ortiz,goals,rf_qrf_goals,0.3.0,empirical_qrf,0.0022448129327939884,0.0014383662082433173,0.003172301304051297,,1041171555324455918,2026-01-10 19:59:24.253457
2026-01-10,24670,NYR,BOS,30004504,Matthew Robertson,goals,rf_qrf_goals,0.3.0,empirical_qrf,0.006020973172489747,0.0,0.013605442176870748,,1041171555324455918,2026-01-10 19:59:24.253457
2026-01-10,24670,NYR,BOS,30004749,Connor Mackey,goals,rf_qrf_goals,0.3.0,empirical_qrf,0.0,0.0,0.0,,1041171555324455918,2026-01-10 19:59:24.253457
2026-01-10,24670,NYR,BOS,30004797,Brendan Brisson,goals,rf_qrf_goals,0.3.0,empirical_qrf,0.0,0.0,0.0,,1041171555324455918,2026-01-10 19:59:24.253457
2026-01-10,24670,NYR,BOS,30004807,Alexis Lafrenière,goals,rf_qrf_goals,0.3.0,empirical_qrf,0.0,0.0,0.0,,1041171555324455918,2026-01-10 19:59:24.253457
2026-01-10,24670,NYR,BOS,30004820,Braden Schneider,goals,rf_qrf_goals,0.3.0,empirical_qrf,0.01111723250066587,0.0,0.02656047197640118,,1041171555324455918,2026-01-10 19:59:24.253457
2026-01-10,24670,NYR,BOS,30004832,Will Cuylle,goals,rf_qrf_goals,0.3.0,empirical_qrf,0.0,0.0,0.0,,1041171555324455918,2026-01-10 19:59:24.253457
2026-01-10,24670,NYR,BOS,30003202,Casey Fitzgerald,goals,rf_qrf_goals,0.3.0,empirical_qrf,0.01111723250066587,0.0,0.02656047197640118,,1041171555324455918,2026-01-10 19:59:24.253457
2026-01-10,24670,NYR,BOS,30003583,Carson Soucy,goals,rf_qrf_goals,0.3.0,empirical_qrf,0.0,0.0,0.0,,1041171555324455918,2026-01-10 19:59:24.253457
2026-01-10,24670,NYR,BOS,30003649,Urho Vaakanainen,goals,rf_qrf_goals,0.3.0,empirical_qrf,0.01111723250066587,0.0,0.02656047197640118,,1041171555324455918,2026-01-10 19:59:24.253457
2026-01-10,24670,NYR,BOS,30003743,Will Borgen,goals,rf_qrf_goals,0.3.0,empirical_qrf,0.0,0.0,0.0,,1041171555324455918,2026-01-10 19:59:24.253457
2026-01-10,24670,NYR,BOS,30003952,Blake Hillman,goals,rf_qrf_goals,0.3.0,empirical_qrf,0.0022448129327939884,0.0014383662082433173,0.003172301304051297,,1041171555324455918,2026-01-10 19:59:24.253457
2026-01-10,24670,NYR,BOS,30004430,Vladislav Gavrikov,goals,rf_qrf_goals,0.3.0,empirical_qrf,0.0,0.0,0.0,,1041171555324455918,2026-01-10 19:59:24.253457
2026-01-10,24670,NYR,BOS,30001322,Artemi Panarin,goals,rf_qrf_goals,0.3.0,empirical_qrf,0.007825396825396824,0.0,0.0,,1041171555324455918,2026-01-10 19:59:24.253457
2026-01-10,24670,NYR,BOS,30002524,Spencer Martin,goals,rf_qrf_goals,0.3.0,empirical_qrf,0.0022448129327939884,0.0014383662082433173,0.003172301304051297,,1041171555324455918,2026-01-10 19:59:24.253457
2026-01-10,24670,NYR,BOS,30002967,Jonny Brodzinski,goals,rf_qrf_goals,0.3.0,empirical_qrf,0.0,0.0,0.0,,1041171555324455918,2026-01-10 19:59:24.253457
2026-01-10,24670,NYR,BOS,30002999,Igor Shesterkin,goals,rf_qrf_goals,0.3.0,empirical_qrf,0.0022448129327939884,0.0014383662082433173,0.003172301304051297,,1041171555324455918,2026-01-10 19:59:24.253457
2026-01-10,24670,NYR,BOS,30003170,Taylor Raddysh,goals,rf_qrf_goals,0.3.0,empirical_qrf,0.013510883039157567,0.004464285714285714,0.023906288720715225,,1041171555324455918,2026-01-10 19:59:24.253457
2026-01-10,24670,NYR,BOS,30003194,Adam Fox,goals,rf_qrf_goals,0.3.0,empirical_qrf,0.0,0.0,0.0,,1041171555324455918,2026-01-10 19:59:24.253457
2026-01-10,24671,CGY,PIT,30000032,Nazem Kadri,goals,rf_qrf_goals,0.3.0,empirical_qrf,0.0003333333333333334,0.0,0.0,,1041171555324455918,2026-01-10 19:59:24.253457
2026-01-10,24671,CGY,PIT,30000103,Mikael Backlund,goals,rf_qrf_goals,0.3.0,empirical_qrf,0.0,0.0,0.0,,1041171555324455918,2026-01-10 19:59:24.253457
2026-01-10,24671,CGY,PIT,30000237,MacKenzie Weegar,goals,rf_qrf_goals,0.3.0,empirical_qrf,0.0,0.0,0.0,,1041171555324455918,2026-01-10 19:59:24.253457
2026-01-10,24671,CGY,PIT,30000311,Blake Coleman,goals,rf_qrf_goals,0.3.0,empirical_qrf,0.0,0.0,0.0,,1041171555324455918,2026-01-10 19:59:24.253457
2026-01-10,24671,CGY,PIT,30000766,Jonathan Huberdeau,goals,rf_qrf_goals,0.3.0,empirical_qrf,0.0,0.0,0.0,,1041171555324455918,2026-01-10 19:59:24.253457
2026-01-10,24671,CGY,PIT,30001029,Martin Frk,goals,rf_qrf_goals,0.3.0,empirical_qrf,0.0,0.0,0.0,,1041171555324455918,2026-01-10 19:59:24.253457
2026-01-10,24671,PIT,CGY,30004262,Rafael Harvey-Pinard,goals,rf_qrf_goals,0.3.0,empirical_qrf,0.013510883039157567,0.004464285714285714,0.023906288720715225,,1041171555324455918,2026-01-10 19:59:24.253457
2026-01-10,24671,PIT,CGY,30006354,Jaxon Castor,goals,rf_qrf_goals,0.3.0,empirical_qrf,0.0022448129327939884,0.0014383662082433173,0.003172301304051297,,1041171555324455918,2026-01-10 19:59:24.253457
2026-01-10,24671,PIT,CGY,30006363,Finn Harding,goals,rf_qrf_goals,0.3.0,empirical_qrf,0.0022448129327939884,0.0014383662082433173,0.003172301304051297,,1041171555324455918,2026-01-10 19:59:24.253457
2026-01-10,24671,PIT,CGY,30006867,Benjamin Kindel,goals,rf_qrf_goals,0.3.0,empirical_qrf,0.0,0.0,0.0,,1041171555324455918,2026-01-10 19:59:24.253457
2026-01-10,24671,PIT,CGY,30004799,Yegor Chinakhov,goals,rf_qrf_goals,0.3.0,empirical_qrf,0.0,0.0,0.0,,1041171555324455918,2026-01-10 19:59:24.253457
2026-01-10,24671,PIT,CGY,30000613,Ryan Graves,goals,rf_qrf_goals,0.3.0,empirical_qrf,0.0,0.0,0.0,,1041171555324455918,2026-01-10 19:59:24.253457
2026-01-10,24671,CGY,PIT,30006494,Zayne Parekh,goals,rf_qrf_goals,0.3.0,empirical_qrf,0.0,0.0,0.0,,1041171555324455918,2026-01-10 19:59:24.253457
2026-01-10,24671,PIT,CGY,30005403,Jack St. Ivany,goals,rf_qrf_goals,0.3.0,empirical_qrf,0.01111723250066587,0.0,0.02656047197640118,,1041171555324455918,2026-01-10 19:59:24.253457
2026-01-10,24671,PIT,CGY,30005511,Aidan McDonough,goals,rf_qrf_goals,0.3.0,empirical_qrf,0.006020973172489747,0.0,0.013605442176870748,,1041171555324455918,2026-01-10 19:59:24.253457
2026-01-10,24671,PIT,CGY,30005623,Rutger McGroarty,goals,rf_qrf_goals,0.3.0,empirical_qrf,0.0,0.0,0.0,,1041171555324455918,2026-01-10 19:59:24.253457
2026-01-10,24671,PIT,CGY,30005635,Owen Pickering,goals,rf_qrf_goals,0.3.0,empirical_qrf,0.012419660958125764,0.0,0.028985507246376812,,1041171555324455918,2026-01-10 19:59:24.253457
2026-01-10,24671,PIT,CGY,30005966,Avery Hayes,goals,rf_qrf_goals,0.3.0,empirical_qrf,0.0,0.0,0.0,,1041171555324455918,2026-01-10 19:59:24.253457
2026-01-10,24671,PIT,CGY,30006137,Emil Pieniniemi,goals,rf_qrf_goals,0.3.0,empirical_qrf,0.0,0.0,0.0,,1041171555324455918,2026-01-10 19:59:24.253457
2026-01-10,24671,PIT,CGY,30004960,Valtteri Puustinen,goals,rf_qrf_goals,0.3.0,empirical_qrf,0.0,0.0,0.0,,1041171555324455918,2026-01-10 19:59:24.253457
2026-01-10,24671,PIT,CGY,30005027,Ville Koivunen,goals,rf_qrf_goals,0.3.0,empirical_qrf,0.0,0.0,0.0,,1041171555324455918,2026-01-10 19:59:24.253457
2026-01-10,24671,PIT,CGY,30005066,Raivis Ansons,goals,rf_qrf_goals,0.3.0,empirical_qrf,0.0022448129327939884,0.0014383662082433173,0.003172301304051297,,1041171555324455918,2026-01-10 19:59:24.253457
2026-01-10,24671,PIT,CGY,30005197,Taylor Gauthier,goals,rf_qrf_goals,0.3.0,empirical_qrf,0.0022448129327939884,0.0014383662082433173,0.003172301304051297,,1041171555324455918,2026-01-10 19:59:24.253457
2026-01-10,24671,PIT,CGY,30005267,William Dufour,goals,rf_qrf_goals,0.3.0,empirical_qrf,0.0,0.0,0.0,,1041171555324455918,2026-01-10 19:59:24.253457
2026-01-10,24671,PIT,CGY,30005330,Callahan Burke,goals,rf_qrf_goals,0.3.0,empirical_qrf,0.0022448129327939884,0.0014383662082433173,0.003172301304051297,,1041171555324455918,2026-01-10 19:59:24.253457
2026-01-10,24671,PIT,CGY,30004181,Connor Dewar,goals,rf_qrf_goals,0.3.0,empirical_qrf,0.0005555555555555556,0.0,0.0,,1041171555324455918,2026-01-10 19:59:24.253457
2026-01-10,24671,PIT,CGY,30004423,Blake Lizotte,goals,rf_qrf_goals,0.3.0,empirical_qrf,0.0,0.0,0.0,,1041171555324455918,2026-01-10 19:59:24.253457
2026-01-10,24671,PIT,CGY,30004609,Arturs Silovs,goals,rf_qrf_goals,0.3.0,empirical_qrf,0.0022448129327939884,0.0014383662082433173,0.003172301304051297,,1041171555324455918,2026-01-10 19:59:24.253457
2026-01-10,24671,PIT,CGY,30004788,Ryan Shea,goals,rf_qrf_goals,0.3.0,empirical_qrf,0.0,0.0,0.0,,1041171555324455918,2026-01-10 19:59:24.253457
2026-01-10,24671,PIT,CGY,30004825,Joel Blomqvist,goals,rf_qrf_goals,0.3.0,empirical_qrf,0.0022448129327939884,0.0014383662082433173,0.003172301304051297,,1041171555324455918,2026-01-10 19:59:24.253457
2026-01-10,24671,PIT,CGY,30004918,Philip Kemp,goals,rf_qrf_goals,0.3.0,empirical_qrf,0.0,0.0,0.0,,1041171555324455918,2026-01-10 19:59:24.253457
2026-01-10,24671,PIT,CGY,30003391,Justin Brazeau,goals,rf_qrf_goals,0.3.0,empirical_qrf,0.0,0.0,0.0,,1041171555324455918,2026-01-10 19:59:24.253457
2026-01-10,24671,PIT,CGY,30003586,Joona Koppanen,goals,rf_qrf_goals,0.3.0,empirical_qrf,0.012419660958125764,0.0,0.028985507246376812,,1041171555324455918,2026-01-10 19:59:24.253457
2026-01-10,24671,PIT,CGY,30003729,Stuart Skinner,goals,rf_qrf_goals,0.3.0,empirical_qrf,0.0022448129327939884,0.0014383662082433173,0.003172301304051297,,1041171555324455918,2026-01-10 19:59:24.253457
2026-01-10,24671,PIT,CGY,30003739,Sebastian Aho,goals,rf_qrf_goals,0.3.0,empirical_qrf,0.0025715974423436436,0.0,0.005356312485468497,,1041171555324455918,2026-01-10 19:59:24.253457
2026-01-10,24671,PIT,CGY,30003893,Connor Clifton,goals,rf_qrf_goals,0.3.0,empirical_qrf,0.0,0.0,0.0,,1041171555324455918,2026-01-10 19:59:24.253457
2026-01-10,24671,PIT,CGY,30004100,Alexander Alexeyev,goals,rf_qrf_goals,0.3.0,empirical_qrf,0.0,0.0,0.0,,1041171555324455918,2026-01-10 19:59:24.253457
2026-01-10,24671,PIT,CGY,30001100,Bryan Rust,goals,rf_qrf_goals,0.3.0,empirical_qrf,0.0008333333333333334,0.0,0.0,,1041171555324455918,2026-01-10 19:59:24.253457
2026-01-10,24671,PIT,CGY,30001235,Noel Acciari,goals,rf_qrf_goals,0.3.0,empirical_qrf,0.0,0.0,0.0,,1041171555324455918,2026-01-10 19:59:24.253457
2026-01-10,24671,PIT,CGY,30002778,Tommy Novak,goals,rf_qrf_goals,0.3.0,empirical_qrf,0.0,0.0,0.0,,1041171555324455918,2026-01-10 19:59:24.253457
2026-01-10,24671,PIT,CGY,30002874,Caleb Jones,goals,rf_qrf_goals,0.3.0,empirical_qrf,0.0,0.0,0.0,,1041171555324455918,2026-01-10 19:59:24.253457
2026-01-10,24671,PIT,CGY,30003030,Bokondji Imama,goals,rf_qrf_goals,0.3.0,empirical_qrf,0.0022448129327939884,0.0014383662082433173,0.003172301304051297,,1041171555324455918,2026-01-10 19:59:24.253457
2026-01-10,24671,PIT,CGY,30003099,Parker Wotherspoon,goals,rf_qrf_goals,0.3.0,empirical_qrf,0.0,0.0,0.0,,1041171555324455918,2026-01-10 19:59:24.253457
2026-01-10,24671,PIT,CGY,30000651,Sidney Crosby,goals,rf_qrf_goals,0.3.0,empirical_qrf,0.0016666666666666668,0.0,0.0,,1041171555324455918,2026-01-10 19:59:24.253457
2026-01-10,24671,PIT,CGY,30000658,Kris Letang,goals,rf_qrf_goals,0.3.0,empirical_qrf,0.0,0.0,0.0,,1041171555324455918,2026-01-10 19:59:24.253457
2026-01-10,24671,PIT,CGY,30000660,Evgeni Malkin,goals,rf_qrf_goals,0.3.0,empirical_qrf,0.0,0.0,0.0,,1041171555324455918,2026-01-10 19:59:24.253457
2026-01-10,24671,PIT,CGY,30000806,Matt Dumba,goals,rf_qrf_goals,0.3.0,empirical_qrf,0.0,0.0,0.0,,1041171555324455918,2026-01-10 19:59:24.253457
2026-01-10,24671,PIT,CGY,30000848,Anthony Mantha,goals,rf_qrf_goals,0.3.0,empirical_qrf,0.0,0.0,0.0,,1041171555324455918,2026-01-10 19:59:24.253457
2026-01-10,24671,PIT,CGY,30000888,Rickard Rakell,goals,rf_qrf_goals,0.3.0,empirical_qrf,0.0,0.0,0.0,,1041171555324455918,2026-01-10 19:59:24.253457
2026-01-10,24671,CGY,PIT,30006136,Hunter Brzustewicz,goals,rf_qrf_goals,0.3.0,empirical_qrf,0.0,0.0,0.0,,1041171555324455918,2026-01-10 19:59:24.253457
2026-01-10,24671,CGY,PIT,30006371,Matt Radomsky,goals,rf_qrf_goals,0.3.0,empirical_qrf,0.0022448129327939884,0.0014383662082433173,0.003172301304051297,,1041171555324455918,2026-01-10 19:59:24.253457
2026-01-10,24671,CGY,PIT,30006372,Connor Murphy,goals,rf_qrf_goals,0.3.0,empirical_qrf,0.0022448129327939884,0.0014383662082433173,0.003172301304051297,,1041171555324455918,2026-01-10 19:59:24.253457
2026-01-10,24671,PIT,CGY,30000445,Erik Karlsson,goals,rf_qrf_goals,0.3.0,empirical_qrf,0.009571428571428571,0.0,0.0,,1041171555324455918,2026-01-10 19:59:24.253457
2026-01-10,24671,PIT,CGY,30000557,Brett Kulak,goals,rf_qrf_goals,0.3.0,empirical_qrf,0.0,0.0,0.0,,1041171555324455918,2026-01-10 19:59:24.253457
2026-01-10,24671,PIT,CGY,30000615,Kevin Hayes,goals,rf_qrf_goals,0.3.0,empirical_qrf,0.007987794612794615,0.0,0.0,,1041171555324455918,2026-01-10 19:59:24.253457
2026-01-10,24671,CGY,PIT,30005142,Rory Kerins,goals,rf_qrf_goals,0.3.0,empirical_qrf,0.0005555555555555556,0.0,0.0,,1041171555324455918,2026-01-10 19:59:24.253457
2026-01-10,24671,CGY,PIT,30005297,Nick Cicek,goals,rf_qrf_goals,0.3.0,empirical_qrf,0.0,0.0,0.0,,1041171555324455918,2026-01-10 19:59:24.253457
2026-01-10,24671,CGY,PIT,30005595,Adam Klapka,goals,rf_qrf_goals,0.3.0,empirical_qrf,0.0,0.0,0.0,,1041171555324455918,2026-01-10 19:59:24.253457
2026-01-10,24671,CGY,PIT,30005729,Parker Bell,goals,rf_qrf_goals,0.3.0,empirical_qrf,0.0022448129327939884,0.0014383662082433173,0.003172301304051297,,1041171555324455918,2026-01-10 19:59:24.253457
2026-01-10,24671,CGY,PIT,30006084,Samuel Honzek,goals,rf_qrf_goals,0.3.0,empirical_qrf,0.0,0.0,0.0,,1041171555324455918,2026-01-10 19:59:24.253457
2026-01-10,24671,CGY,PIT,30006111,Etienne Morin,goals,rf_qrf_goals,0.3.0,empirical_qrf,0.0,0.0,0.0,,1041171555324455918,2026-01-10 19:59:24.253457
2026-01-10,24671,CGY,PIT,30004855,Yan Kuznetsov,goals,rf_qrf_goals,0.3.0,empirical_qrf,0.006020973172489747,0.0,0.013605442176870748,,1041171555324455918,2026-01-10 19:59:24.253457
2026-01-10,24671,CGY,PIT,30004869,Jeremie Poirier,goals,rf_qrf_goals,0.3.0,empirical_qrf,0.0022448129327939884,0.0014383662082433173,0.003172301304051297,,1041171555324455918,2026-01-10 19:59:24.253457
2026-01-10,24671,CGY,PIT,30004925,Daniil Miromanov,goals,rf_qrf_goals,0.3.0,empirical_qrf,0.0,0.0,0.0,,1041171555324455918,2026-01-10 19:59:24.253457
2026-01-10,24671,CGY,PIT,30004993,Matt Coronato,goals,rf_qrf_goals,0.3.0,empirical_qrf,0.0,0.0,0.0,,1041171555324455918,2026-01-10 19:59:24.253457
2026-01-10,24671,CGY,PIT,30005038,William Stromgren,goals,rf_qrf_goals,0.3.0,empirical_qrf,0.0022448129327939884,0.0014383662082433173,0.003172301304051297,,1041171555324455918,2026-01-10 19:59:24.253457
2026-01-10,24671,CGY,PIT,30005139,Lucas Ciona,goals,rf_qrf_goals,0.3.0,empirical_qrf,0.0022448129327939884,0.0014383662082433173,0.003172301304051297,,1041171555324455918,2026-01-10 19:59:24.253457
2026-01-10,24671,CGY,PIT,30004310,Brayden Pachal,goals,rf_qrf_goals,0.3.0,empirical_qrf,0.0,0.0,0.0,,1041171555324455918,2026-01-10 19:59:24.253457
2026-01-10,24671,CGY,PIT,30004363,Martin Pospisil,goals,rf_qrf_goals,0.3.0,empirical_qrf,0.0,0.0,0.0,,1041171555324455918,2026-01-10 19:59:24.253457
2026-01-10,24671,CGY,PIT,30004493,John Beecher,goals,rf_qrf_goals,0.3.0,empirical_qrf,0.0,0.0,0.0,,1041171555324455918,2026-01-10 19:59:24.253457
2026-01-10,24671,CGY,PIT,30004665,Dustin Wolf,goals,rf_qrf_goals,0.3.0,empirical_qrf,0.0022448129327939884,0.0014383662082433173,0.003172301304051297,,1041171555324455918,2026-01-10 19:59:24.253457
2026-01-10,24671,CGY,PIT,30004791,Devin Cooley,goals,rf_qrf_goals,0.3.0,empirical_qrf,0.0022448129327939884,0.0014383662082433173,0.003172301304051297,,1041171555324455918,2026-01-10 19:59:24.253457
2026-01-10,24671,CGY,PIT,30004823,Connor Zary,goals,rf_qrf_goals,0.3.0,empirical_qrf,0.0,0.0,0.0,,1041171555324455918,2026-01-10 19:59:24.253457
2026-01-10,24671,CGY,PIT,30003145,Jake Bean,goals,rf_qrf_goals,0.3.0,empirical_qrf,0.013510883039157567,0.004464285714285714,0.023906288720715225,,1041171555324455918,2026-01-10 19:59:24.253457
2026-01-10,24671,CGY,PIT,30003418,Alex Gallant,goals,rf_qrf_goals,0.3.0,empirical_qrf,0.0022448129327939884,0.0014383662082433173,0.003172301304051297,,1041171555324455918,2026-01-10 19:59:24.253457
2026-01-10,24671,CGY,PIT,30003656,Morgan Frost,goals,rf_qrf_goals,0.3.0,empirical_qrf,0.0,0.0,0.0,,1041171555324455918,2026-01-10 19:59:24.253457
2026-01-10,24671,CGY,PIT,30004089,Joel Farabee,goals,rf_qrf_goals,0.3.0,empirical_qrf,0.0,0.0,0.0,,1041171555324455918,2026-01-10 19:59:24.253457
2026-01-10,24671,CGY,PIT,30004162,Kevin Bahl,goals,rf_qrf_goals,0.3.0,empirical_qrf,0.0,0.0,0.0,,1041171555324455918,2026-01-10 19:59:24.253457
2026-01-10,24671,CGY,PIT,30004190,Yegor Sharangovich,goals,rf_qrf_goals,0.3.0,empirical_qrf,0.0011527777777777777,0.0,0.0,,1041171555324455918,2026-01-10 19:59:24.253457
2026-01-10,24671,CGY,PIT,30001133,Rasmus Andersson,goals,rf_qrf_goals,0.3.0,empirical_qrf,0.0,0.0,0.0,,1041171555324455918,2026-01-10 19:59:24.253457
2026-01-10,24671,CGY,PIT,30001248,Joel Hanley,goals,rf_qrf_goals,0.3.0,empirical_qrf,0.03471016818717223,0.0,0.08,,1041171555324455918,2026-01-10 19:59:24.253457
2026-01-10,24671,CGY,PIT,30002217,Ryan Lomberg,goals,rf_qrf_goals,0.3.0,empirical_qrf,0.012419660958125764,0.0,0.028985507246376812,,1041171555324455918,2026-01-10 19:59:24.253457
2026-01-10,24671,CGY,PIT,30002595,Justin Kirkland,goals,rf_qrf_goals,0.3.0,empirical_qrf,0.0,0.0,0.0,,1041171555324455918,2026-01-10 19:59:24.253457
2026-01-10,24671,CGY,PIT,30002668,Clark Bishop,goals,rf_qrf_goals,0.3.0,empirical_qrf,0.0,0.0,0.0,,1041171555324455918,2026-01-10 19:59:24.253457
2026-01-10,24671,CGY,PIT,30003001,Dryden Hunt,goals,rf_qrf_goals,0.3.0,empirical_qrf,0.0,0.0,0.0,,1041171555324455918,2026-01-10 19:59:24.253457
2026-01-10,24672,DAL,SJ,30000166,Alexander Petrovic,goals,rf_qrf_goals,0.3.0,empirical_qrf,0.0,0.0,0.0,,1041171555324455918,2026-01-10 19:59:24.253457
2026-01-10,24672,DAL,SJ,30000702,Antoine Bibeau,goals,rf_qrf_goals,0.3.0,empirical_qrf,0.0022448129327939884,0.0014383662082433173,0.003172301304051297,,1041171555324455918,2026-01-10 19:59:24.253457
2026-01-10,24672,DAL,SJ,30000735,Adam Erne,goals,rf_qrf_goals,0.3.0,empirical_qrf,0.0,0.0,0.0,,1041171555324455918,2026-01-10 19:59:24.253457
2026-01-10,24672,DAL,SJ,30000750,Radek Faksa,goals,rf_qrf_goals,0.3.0,empirical_qrf,0.0138736284412755,0.0,0.0,,1041171555324455918,2026-01-10 19:59:24.253457
2026-01-10,24672,DAL,SJ,30000755,Esa Lindell,goals,rf_qrf_goals,0.3.0,empirical_qrf,0.0,0.0,0.0,,1041171555324455918,2026-01-10 19:59:24.253457
2026-01-10,24672,DAL,SJ,30000756,Curtis McKenzie,goals,rf_qrf_goals,0.3.0,empirical_qrf,0.0022448129327939884,0.0014383662082433173,0.003172301304051297,,1041171555324455918,2026-01-10 19:59:24.253457
2026-01-10,24672,SJ,DAL,30006859,Michael Misa,goals,rf_qrf_goals,0.3.0,empirical_qrf,0.0,0.0,0.0,,1041171555324455918,2026-01-10 19:59:24.253457
2026-01-10,24672,SJ,DAL,30001456,Laurent Brossoit,goals,rf_qrf_goals,0.3.0,empirical_qrf,0.0022448129327939884,0.0014383662082433173,0.003172301304051297,,1041171555324455918,2026-01-10 19:59:24.253457
2026-01-10,24672,SJ,DAL,30005003,Nolan Allan,goals,rf_qrf_goals,0.3.0,empirical_qrf,0.005982717910736865,0.0,0.01317543859649123,,1041171555324455918,2026-01-10 19:59:24.253457
2026-01-10,24672,SJ,DAL,30006189,Luca Cagnoni,goals,rf_qrf_goals,0.3.0,empirical_qrf,0.0,0.0,0.0,,1041171555324455918,2026-01-10 19:59:24.253457
2026-01-10,24672,SJ,DAL,30006307,Anthony Vincent,goals,rf_qrf_goals,0.3.0,empirical_qrf,0.0,0.0,0.0,,1041171555324455918,2026-01-10 19:59:24.253457
2026-01-10,24672,SJ,DAL,30006468,Collin Graf,goals,rf_qrf_goals,0.3.0,empirical_qrf,0.0,0.0,0.0,,1041171555324455918,2026-01-10 19:59:24.253457
2026-01-10,24672,SJ,DAL,30006484,Sam Dickinson,goals,rf_qrf_goals,0.3.0,empirical_qrf,0.0,0.0,0.0,,1041171555324455918,2026-01-10 19:59:24.253457
2026-01-10,24672,SJ,DAL,30006491,Macklin Celebrini,goals,rf_qrf_goals,0.3.0,empirical_qrf,0.0,0.0,0.0,,1041171555324455918,2026-01-10 19:59:24.253457
2026-01-10,24672,SJ,DAL,30006523,Igor Chernyshov,goals,rf_qrf_goals,0.3.0,empirical_qrf,0.0025715974423436436,0.0,0.005356312485468497,,1041171555324455918,2026-01-10 19:59:24.253457
2026-01-10,24672,SJ,DAL,30005649,Filip Bystedt,goals,rf_qrf_goals,0.3.0,empirical_qrf,0.0022448129327939884,0.0014383662082433173,0.003172301304051297,,1041171555324455918,2026-01-10 19:59:24.253457
2026-01-10,24672,SJ,DAL,30005752,Patrick Giles,goals,rf_qrf_goals,0.3.0,empirical_qrf,0.0,0.0,0.0,,1041171555324455918,2026-01-10 19:59:24.253457
2026-01-10,24672,SJ,DAL,30006008,Nolan Burke,goals,rf_qrf_goals,0.3.0,empirical_qrf,0.0022448129327939884,0.0014383662082433173,0.003172301304051297,,1041171555324455918,2026-01-10 19:59:24.253457
2026-01-10,24672,SJ,DAL,30006066,Will Smith,goals,rf_qrf_goals,0.3.0,empirical_qrf,0.0005555555555555556,0.0,0.0,,1041171555324455918,2026-01-10 19:59:24.253457
2026-01-10,24672,SJ,DAL,30006085,Quentin Musty,goals,rf_qrf_goals,0.3.0,empirical_qrf,0.0005286810376324443,0.0,0.0,,1041171555324455918,2026-01-10 19:59:24.253457
2026-01-10,24672,SJ,DAL,30006114,Kasper Halttunen,goals,rf_qrf_goals,0.3.0,empirical_qrf,0.0,0.0,0.0,,1041171555324455918,2026-01-10 19:59:24.253457
2026-01-10,24672,SJ,DAL,30005013,Zack Ostapchuk,goals,rf_qrf_goals,0.3.0,empirical_qrf,0.021908741775883877,0.0,0.04305750350631137,,1041171555324455918,2026-01-10 19:59:24.253457
2026-01-10,24672,SJ,DAL,30005031,Vincent Iorio,goals,rf_qrf_goals,0.3.0,empirical_qrf,0.021908741775883877,0.0,0.04305750350631137,,1041171555324455918,2026-01-10 19:59:24.253457
2026-01-10,24672,SJ,DAL,30005081,Cole Clayton,goals,rf_qrf_goals,0.3.0,empirical_qrf,0.03471016818717223,0.0,0.08,,1041171555324455918,2026-01-10 19:59:24.253457
2026-01-10,24672,SJ,DAL,30005207,Ethan Cardwell,goals,rf_qrf_goals,0.3.0,empirical_qrf,0.0005555555555555556,0.0,0.0,,1041171555324455918,2026-01-10 19:59:24.253457
2026-01-10,24672,SJ,DAL,30005602,Pavol Regenda,goals,rf_qrf_goals,0.3.0,empirical_qrf,0.0030277777777777772,0.0,0.0,,1041171555324455918,2026-01-10 19:59:24.253457
2026-01-10,24672,SJ,DAL,30005628,Yaroslav Askarov,goals,rf_qrf_goals,0.3.0,empirical_qrf,0.0022448129327939884,0.0014383662082433173,0.003172301304051297,,1041171555324455918,2026-01-10 19:59:24.253457
2026-01-10,24672,SJ,DAL,30004123,Philipp Kurashev,goals,rf_qrf_goals,0.3.0,empirical_qrf,0.021908741775883877,0.0,0.04305750350631137,,1041171555324455918,2026-01-10 19:59:24.253457
2026-01-10,24672,SJ,DAL,30004136,Jakub Skarek,goals,rf_qrf_goals,0.3.0,empirical_qrf,0.0022448129327939884,0.0014383662082433173,0.003172301304051297,,1041171555324455918,2026-01-10 19:59:24.253457
2026-01-10,24672,SJ,DAL,30004392,Jimmy Huntington,goals,rf_qrf_goals,0.3.0,empirical_qrf,0.0025715974423436436,0.0,0.005356312485468497,,1041171555324455918,2026-01-10 19:59:24.253457
2026-01-10,24672,SJ,DAL,30004654,Beck Warm,goals,rf_qrf_goals,0.3.0,empirical_qrf,0.0022448129327939884,0.0014383662082433173,0.003172301304051297,,1041171555324455918,2026-01-10 19:59:24.253457
2026-01-10,24672,SJ,DAL,30004811,Shakir Mukhamadullin,goals,rf_qrf_goals,0.3.0,empirical_qrf,0.0,0.0,0.0,,1041171555324455918,2026-01-10 19:59:24.253457
2026-01-10,24672,SJ,DAL,30004995,William Eklund,goals,rf_qrf_goals,0.3.0,empirical_qrf,0.0,0.0,0.0,,1041171555324455918,2026-01-10 19:59:24.253457
2026-01-10,24672,SJ,DAL,30003648,Timothy Liljegren,goals,rf_qrf_goals,0.3.0,empirical_qrf,0.0,0.0,0.0,,1041171555324455918,2026-01-10 19:59:24.253457
2026-01-10,24672,SJ,DAL,30003651,Shane Bowers,goals,rf_qrf_goals,0.3.0,empirical_qrf,0.028187798465970085,0.0,0.0547945205479452,,1041171555324455918,2026-01-10 19:59:24.253457
2026-01-10,24672,SJ,DAL,30003693,Mario Ferraro,goals,rf_qrf_goals,0.3.0,empirical_qrf,0.0025715974423436436,0.0,0.005356312485468497,,1041171555324455918,2026-01-10 19:59:24.253457
2026-01-10,24672,SJ,DAL,30003937,Vincent Desharnais,goals,rf_qrf_goals,0.3.0,empirical_qrf,0.006020973172489747,0.0,0.013605442176870748,,1041171555324455918,2026-01-10 19:59:24.253457
2026-01-10,24672,SJ,DAL,30003989,Adam Gaudette,goals,rf_qrf_goals,0.3.0,empirical_qrf,0.21272997835497834,0.0,0.5,,1041171555324455918,2026-01-10 19:59:24.253457
2026-01-10,24672,SJ,DAL,30004092,Ty Dellandrea,goals,rf_qrf_goals,0.3.0,empirical_qrf,0.0,0.0,0.0,,1041171555324455918,2026-01-10 19:59:24.253457
2026-01-10,24672,SJ,DAL,30000642,Jeff Skinner,goals,rf_qrf_goals,0.3.0,empirical_qrf,0.0,0.0,0.0,,1041171555324455918,2026-01-10 19:59:24.253457
2026-01-10,24672,SJ,DAL,30000754,John Klingberg,goals,rf_qrf_goals,0.3.0,empirical_qrf,0.0,0.0,0.0,,1041171555324455918,2026-01-10 19:59:24.253457
2026-01-10,24672,SJ,DAL,30000914,Barclay Goodrow,goals,rf_qrf_goals,0.3.0,empirical_qrf,0.0,0.0,0.0,,1041171555324455918,2026-01-10 19:59:24.253457
2026-01-10,24672,SJ,DAL,30001301,Ryan Reaves,goals,rf_qrf_goals,0.3.0,empirical_qrf,0.0022448129327939884,0.0014383662082433173,0.003172301304051297,,1041171555324455918,2026-01-10 19:59:24.253457
2026-01-10,24672,SJ,DAL,30002590,Alex Nedeljkovic,goals,rf_qrf_goals,0.3.0,empirical_qrf,0.0022448129327939884,0.0014383662082433173,0.003172301304051297,,1041171555324455918,2026-01-10 19:59:24.253457
2026-01-10,24672,SJ,DAL,30002693,Aaron Dell,goals,rf_qrf_goals,0.3.0,empirical_qrf,0.0055833333333333325,0.0,0.0,,1041171555324455918,2026-01-10 19:59:24.253457
2026-01-10,24672,SJ,DAL,30000007,Carey Price,goals,rf_qrf_goals,0.3.0,empirical_qrf,0.0022448129327939884,0.0014383662082433173,0.003172301304051297,,1041171555324455918,2026-01-10 19:59:24.253457
2026-01-10,24672,SJ,DAL,30000128,Logan Couture,goals,rf_qrf_goals,0.3.0,empirical_qrf,0.0022448129327939884,0.0014383662082433173,0.003172301304051297,,1041171555324455918,2026-01-10 19:59:24.253457
2026-01-10,24672,SJ,DAL,30000157,Tyler Toffoli,goals,rf_qrf_goals,0.3.0,empirical_qrf,0.0008333333333333334,0.0,0.0,,1041171555324455918,2026-01-10 19:59:24.253457
2026-01-10,24672,SJ,DAL,30000287,Nick Leddy,goals,rf_qrf_goals,0.3.0,empirical_qrf,0.0,0.0,0.0,,1041171555324455918,2026-01-10 19:59:24.253457
2026-01-10,24672,SJ,DAL,30000384,Dmitry Orlov,goals,rf_qrf_goals,0.3.0,empirical_qrf,0.0,0.0,0.0,,1041171555324455918,2026-01-10 19:59:24.253457
2026-01-10,24672,SJ,DAL,30000426,Alexander Wennberg,goals,rf_qrf_goals,0.3.0,empirical_qrf,0.0,0.0,0.0,,1041171555324455918,2026-01-10 19:59:24.253457
2026-01-10,24672,DAL,SJ,30004796,Mavrik Bourque,goals,rf_qrf_goals,0.3.0,empirical_qrf,0.0,0.0,0.0,,1041171555324455918,2026-01-10 19:59:24.253457
2026-01-10,24672,DAL,SJ,30004844,Cross Hanas,goals,rf_qrf_goals,0.3.0,empirical_qrf,0.0025715974423436436,0.0,0.005356312485468497,,1041171555324455918,2026-01-10 19:59:24.253457
2026-01-10,24672,DAL,SJ,30005004,Wyatt Johnston,goals,rf_qrf_goals,0.3.0,empirical_qrf,0.1251468253968254,0.0,0.574285714285715,,1041171555324455918,2026-01-10 19:59:24.253457
2026-01-10,24672,DAL,SJ,30005062,Oskar Bäck,goals,rf_qrf_goals,0.3.0,empirical_qrf,0.013510883039157567,0.004464285714285714,0.023906288720715225,,1041171555324455918,2026-01-10 19:59:24.253457
2026-01-10,24672,DAL,SJ,30006362,Connor Punnett,goals,rf_qrf_goals,0.3.0,empirical_qrf,0.0022448129327939884,0.0014383662082433173,0.003172301304051297,,1041171555324455918,2026-01-10 19:59:24.253457
2026-01-10,24672,DAL,SJ,30006457,Justin Hryckowian,goals,rf_qrf_goals,0.3.0,empirical_qrf,0.0011527777777777777,0.0,0.0,,1041171555324455918,2026-01-10 19:59:24.253457
2026-01-10,24672,DAL,SJ,30003658,Jake Oettinger,goals,rf_qrf_goals,0.3.0,empirical_qrf,0.005982717910736865,0.0,0.01317543859649123,,1041171555324455918,2026-01-10 19:59:24.253457
2026-01-10,24672,DAL,SJ,30003689,Jason Robertson,goals,rf_qrf_goals,0.3.0,empirical_qrf,0.0,0.0,0.0,,1041171555324455918,2026-01-10 19:59:24.253457
2026-01-10,24672,DAL,SJ,30003695,Kole Lind,goals,rf_qrf_goals,0.3.0,empirical_qrf,0.0,0.0,0.0,,1041171555324455918,2026-01-10 19:59:24.253457
2026-01-10,24672,DAL,SJ,30004061,Ilya Lyubushkin,goals,rf_qrf_goals,0.3.0,empirical_qrf,0.03471016818717223,0.0,0.08,,1041171555324455918,2026-01-10 19:59:24.253457
2026-01-10,24672,DAL,SJ,30004103,Nils Lundkvist,goals,rf_qrf_goals,0.3.0,empirical_qrf,0.013510883039157567,0.004464285714285714,0.023906288720715225,,1041171555324455918,2026-01-10 19:59:24.253457
2026-01-10,24672,DAL,SJ,30004482,Thomas Harley,goals,rf_qrf_goals,0.3.0,empirical_qrf,0.0,0.0,0.0,,1041171555324455918,2026-01-10 19:59:24.253457
2026-01-10,24672,DAL,SJ,30003156,Sam Steel,goals,rf_qrf_goals,0.3.0,empirical_qrf,0.0,0.0,0.0,,1041171555324455918,2026-01-10 19:59:24.253457
2026-01-10,24672,DAL,SJ,30003165,Nate Bastian,goals,rf_qrf_goals,0.3.0,empirical_qrf,0.0,0.0,0.0,,1041171555324455918,2026-01-10 19:59:24.253457
2026-01-10,24672,DAL,SJ,30003357,Colin Blackwell,goals,rf_qrf_goals,0.3.0,empirical_qrf,0.0,0.0,0.0,,1041171555324455918,2026-01-10 19:59:24.253457
2026-01-10,24672,DAL,SJ,30003376,Casey DeSmith,goals,rf_qrf_goals,0.3.0,empirical_qrf,0.0022448129327939884,0.0014383662082433173,0.003172301304051297,,1041171555324455918,2026-01-10 19:59:24.253457
2026-01-10,24672,DAL,SJ,30003585,Cameron Hughes,goals,rf_qrf_goals,0.3.0,empirical_qrf,0.0,0.0,0.0,,1041171555324455918,2026-01-10 19:59:24.253457
2026-01-10,24672,DAL,SJ,30003640,Miro Heiskanen,goals,rf_qrf_goals,0.3.0,empirical_qrf,0.0,0.0,0.0,,1041171555324455918,2026-01-10 19:59:24.253457
2026-01-10,24672,DAL,SJ,30000762,Tyler Seguin,goals,rf_qrf_goals,0.3.0,empirical_qrf,0.0,0.0,0.0,,1041171555324455918,2026-01-10 19:59:24.253457
2026-01-10,24672,DAL,SJ,30000906,Mikko Rantanen,goals,rf_qrf_goals,0.3.0,empirical_qrf,0.0,0.0,0.0,,1041171555324455918,2026-01-10 19:59:24.253457
2026-01-10,24672,DAL,SJ,30001146,Matt Duchene,goals,rf_qrf_goals,0.3.0,empirical_qrf,0.0,0.0,0.0,,1041171555324455918,2026-01-10 19:59:24.253457
2026-01-10,24672,DAL,SJ,30001302,Jamie Benn,goals,rf_qrf_goals,0.3.0,empirical_qrf,0.0,0.0,0.0,,1041171555324455918,2026-01-10 19:59:24.253457
2026-01-10,24672,DAL,SJ,30002811,Roope Hintz,goals,rf_qrf_goals,0.3.0,empirical_qrf,0.060668158980471246,0.0,0.14285714285714285,,1041171555324455918,2026-01-10 19:59:24.253457
2026-01-10,24672,DAL,SJ,30002842,Kyle Capobianco,goals,rf_qrf_goals,0.3.0,empirical_qrf,0.0025715974423436436,0.0,0.005356312485468497,,1041171555324455918,2026-01-10 19:59:24.253457
2026-01-10,24673,CBJ,COL,30000115,Sean Monahan,goals,rf_qrf_goals,0.3.0,empirical_qrf,0.0,0.0,0.0,,1041171555324455918,2026-01-10 19:59:24.253457
2026-01-10,24673,CBJ,COL,30000207,Damon Severson,goals,rf_qrf_goals,0.3.0,empirical_qrf,0.0,0.0,0.0,,1041171555324455918,2026-01-10 19:59:24.253457
2026-01-10,24673,CBJ,COL,30000233,Erik Gudbranson,goals,rf_qrf_goals,0.3.0,empirical_qrf,0.0,0.0,0.0,,1041171555324455918,2026-01-10 19:59:24.253457
2026-01-10,24673,CBJ,COL,30000623,Ivan Provorov,goals,rf_qrf_goals,0.3.0,empirical_qrf,0.0,0.0,0.0,,1041171555324455918,2026-01-10 19:59:24.253457
2026-01-10,24673,CBJ,COL,30000778,Boone Jenner,goals,rf_qrf_goals,0.3.0,empirical_qrf,0.0,0.0,0.0,,1041171555324455918,2026-01-10 19:59:24.253457
2026-01-10,24673,CBJ,COL,30000805,Charlie Coyle,goals,rf_qrf_goals,0.3.0,empirical_qrf,0.0,0.0,0.0,,1041171555324455918,2026-01-10 19:59:24.253457
2026-01-10,24673,COL,CBJ,30006385,Saige Weinstein,goals,rf_qrf_goals,0.3.0,empirical_qrf,0.0022448129327939884,0.0014383662082433173,0.003172301304051297,,1041171555324455918,2026-01-10 19:59:24.253457
2026-01-10,24673,COL,CBJ,30006387,Neil Shea,goals,rf_qrf_goals,0.3.0,empirical_qrf,0.0022448129327939884,0.0014383662082433173,0.003172301304051297,,1041171555324455918,2026-01-10 19:59:24.253457
2026-01-10,24673,CBJ,COL,30002631,Danton Heinen,goals,rf_qrf_goals,0.3.0,empirical_qrf,0.0,0.0,0.0,,1041171555324455918,2026-01-10 19:59:24.253457
2026-01-10,24673,CBJ,COL,30004205,Egor Zamula,goals,rf_qrf_goals,0.3.0,empirical_qrf,0.028187798465970085,0.0,0.0547945205479452,,1041171555324455918,2026-01-10 19:59:24.253457
2026-01-10,24673,CBJ,COL,30002593,Dysin Mayo,goals,rf_qrf_goals,0.3.0,empirical_qrf,0.0,0.0,0.0,,1041171555324455918,2026-01-10 19:59:24.253457
2026-01-10,24673,COL,CBJ,30005777,Ivan Ivan,goals,rf_qrf_goals,0.3.0,empirical_qrf,0.005982717910736865,0.0,0.01317543859649123,,1041171555324455918,2026-01-10 19:59:24.253457
2026-01-10,24673,COL,CBJ,30006033,Jason Polin,goals,rf_qrf_goals,0.3.0,empirical_qrf,0.0,0.0,0.0,,1041171555324455918,2026-01-10 19:59:24.253457
2026-01-10,24673,COL,CBJ,30006036,Sam Malinski,goals,rf_qrf_goals,0.3.0,empirical_qrf,0.0,0.0,0.0,,1041171555324455918,2026-01-10 19:59:24.253457
2026-01-10,24673,COL,CBJ,30006102,Gavin Brindley,goals,rf_qrf_goals,0.3.0,empirical_qrf,0.0,0.0,0.0,,1041171555324455918,2026-01-10 19:59:24.253457
2026-01-10,24673,COL,CBJ,30006255,Maros Jedlicka,goals,rf_qrf_goals,0.3.0,empirical_qrf,0.0025715974423436436,0.0,0.005356312485468497,,1041171555324455918,2026-01-10 19:59:24.253457
2026-01-10,24673,COL,CBJ,30006377,Noah Ganske,goals,rf_qrf_goals,0.3.0,empirical_qrf,0.0022448129327939884,0.0014383662082433173,0.003172301304051297,,1041171555324455918,2026-01-10 19:59:24.253457
2026-01-10,24673,COL,CBJ,30004842,Danil Gushchin,goals,rf_qrf_goals,0.3.0,empirical_qrf,0.0,0.0,0.0,,1041171555324455918,2026-01-10 19:59:24.253457
2026-01-10,24673,COL,CBJ,30004938,Ilya Solovyov,goals,rf_qrf_goals,0.3.0,empirical_qrf,0.012419660958125764,0.0,0.028985507246376812,,1041171555324455918,2026-01-10 19:59:24.253457
2026-01-10,24673,COL,CBJ,30005213,Tyler Inamoto,goals,rf_qrf_goals,0.3.0,empirical_qrf,0.0,0.0,0.0,,1041171555324455918,2026-01-10 19:59:24.253457
2026-01-10,24673,COL,CBJ,30005391,Tristen Nielsen,goals,rf_qrf_goals,0.3.0,empirical_qrf,0.0008333333333333334,0.0,0.0,,1041171555324455918,2026-01-10 19:59:24.253457
2026-01-10,24673,COL,CBJ,30005470,Zakhar Bardakov,goals,rf_qrf_goals,0.3.0,empirical_qrf,0.060668158980471246,0.0,0.14285714285714285,,1041171555324455918,2026-01-10 19:59:24.253457
2026-01-10,24673,COL,CBJ,30005581,Wyatt Aamodt,goals,rf_qrf_goals,0.3.0,empirical_qrf,0.0,0.0,0.0,,1041171555324455918,2026-01-10 19:59:24.253457
2026-01-10,24673,COL,CBJ,30004393,Tye Felhaber,goals,rf_qrf_goals,0.3.0,empirical_qrf,0.006020973172489747,0.0,0.013605442176870748,,1041171555324455918,2026-01-10 19:59:24.253457
2026-01-10,24673,COL,CBJ,30004461,Joel Kiviranta,goals,rf_qrf_goals,0.3.0,empirical_qrf,0.0,0.0,0.0,,1041171555324455918,2026-01-10 19:59:24.253457
2026-01-10,24673,COL,CBJ,30004557,Ronnie Attard,goals,rf_qrf_goals,0.3.0,empirical_qrf,0.0022448129327939884,0.0014383662082433173,0.003172301304051297,,1041171555324455918,2026-01-10 19:59:24.253457
2026-01-10,24673,COL,CBJ,30004569,Matthew Stienburg,goals,rf_qrf_goals,0.3.0,empirical_qrf,0.006020973172489747,0.0,0.013605442176870748,,1041171555324455918,2026-01-10 19:59:24.253457
2026-01-10,24673,COL,CBJ,30004668,Trent Miner,goals,rf_qrf_goals,0.3.0,empirical_qrf,0.0022448129327939884,0.0014383662082433173,0.003172301304051297,,1041171555324455918,2026-01-10 19:59:24.253457
2026-01-10,24673,COL,CBJ,30004757,Jack Ahcan,goals,rf_qrf_goals,0.3.0,empirical_qrf,0.006020973172489747,0.0,0.013605442176870748,,1041171555324455918,2026-01-10 19:59:24.253457
2026-01-10,24673,COL,CBJ,30003898,Parker Kelly,goals,rf_qrf_goals,0.3.0,empirical_qrf,0.013510883039157567,0.004464285714285714,0.023906288720715225,,1041171555324455918,2026-01-10 19:59:24.253457
2026-01-10,24673,COL,CBJ,30003947,Ross Colton,goals,rf_qrf_goals,0.3.0,empirical_qrf,0.0,0.0,0.0,,1041171555324455918,2026-01-10 19:59:24.253457
2026-01-10,24673,COL,CBJ,30004026,Victor Olofsson,goals,rf_qrf_goals,0.3.0,empirical_qrf,0.0,0.0,0.0,,1041171555324455918,2026-01-10 19:59:24.253457
2026-01-10,24673,COL,CBJ,30004119,Jake Wise,goals,rf_qrf_goals,0.3.0,empirical_qrf,0.0022448129327939884,0.0014383662082433173,0.003172301304051297,,1041171555324455918,2026-01-10 19:59:24.253457
2026-01-10,24673,COL,CBJ,30004121,Jack Drury,goals,rf_qrf_goals,0.3.0,empirical_qrf,0.0,0.0,0.0,,1041171555324455918,2026-01-10 19:59:24.253457
2026-01-10,24673,COL,CBJ,30004191,Logan O'Connor,goals,rf_qrf_goals,0.3.0,empirical_qrf,0.0,0.0,0.0,,1041171555324455918,2026-01-10 19:59:24.253457
2026-01-10,24673,COL,CBJ,30003488,Keaton Middleton,goals,rf_qrf_goals,0.3.0,empirical_qrf,0.01111723250066587,0.0,0.02656047197640118,,1041171555324455918,2026-01-10 19:59:24.253457
2026-01-10,24673,COL,CBJ,30003646,Cale Makar,goals,rf_qrf_goals,0.3.0,empirical_qrf,0.0,0.0,0.0,,1041171555324455918,2026-01-10 19:59:24.253457
2026-01-10,24673,COL,CBJ,30003654,Martin Necas,goals,rf_qrf_goals,0.3.0,empirical_qrf,0.0,0.0,0.0,,1041171555324455918,2026-01-10 19:59:24.253457
2026-01-10,24673,COL,CBJ,30003772,Alex Barré-Boulet,goals,rf_qrf_goals,0.3.0,empirical_qrf,0.006020973172489747,0.0,0.013605442176870748,,1041171555324455918,2026-01-10 19:59:24.253457
2026-01-10,24673,COL,CBJ,30003800,Jacob MacDonald,goals,rf_qrf_goals,0.3.0,empirical_qrf,0.0022448129327939884,0.0014383662082433173,0.003172301304051297,,1041171555324455918,2026-01-10 19:59:24.253457
2026-01-10,24673,COL,CBJ,30003894,Kyle Keyser,goals,rf_qrf_goals,0.3.0,empirical_qrf,0.0022448129327939884,0.0014383662082433173,0.003172301304051297,,1041171555324455918,2026-01-10 19:59:24.253457
2026-01-10,24673,COL,CBJ,30000904,Nathan MacKinnon,goals,rf_qrf_goals,0.3.0,empirical_qrf,0.0016666666666666668,0.0,0.0,,1041171555324455918,2026-01-10 19:59:24.253457
2026-01-10,24673,COL,CBJ,30001000,Brock Nelson,goals,rf_qrf_goals,0.3.0,empirical_qrf,0.0,0.0,0.0,,1041171555324455918,2026-01-10 19:59:24.253457
2026-01-10,24673,COL,CBJ,30002512,Artturi Lehkonen,goals,rf_qrf_goals,0.3.0,empirical_qrf,0.012694444444444444,0.0,0.0,,1041171555324455918,2026-01-10 19:59:24.253457
2026-01-10,24673,COL,CBJ,30002779,Mackenzie Blackwood,goals,rf_qrf_goals,0.3.0,empirical_qrf,0.0022448129327939884,0.0014383662082433173,0.003172301304051297,,1041171555324455918,2026-01-10 19:59:24.253457
2026-01-10,24673,COL,CBJ,30003087,Devon Toews,goals,rf_qrf_goals,0.3.0,empirical_qrf,0.0,0.0,0.0,,1041171555324455918,2026-01-10 19:59:24.253457
2026-01-10,24673,COL,CBJ,30003183,Samuel Girard,goals,rf_qrf_goals,0.3.0,empirical_qrf,0.0,0.0,0.0,,1041171555324455918,2026-01-10 19:59:24.253457
2026-01-10,24673,COL,CBJ,30000200,Scott Wedgewood,goals,rf_qrf_goals,0.3.0,empirical_qrf,0.0022448129327939884,0.0014383662082433173,0.003172301304051297,,1041171555324455918,2026-01-10 19:59:24.253457
2026-01-10,24673,COL,CBJ,30000318,Jayson Megna,goals,rf_qrf_goals,0.3.0,empirical_qrf,0.01111723250066587,0.0,0.02656047197640118,,1041171555324455918,2026-01-10 19:59:24.253457
2026-01-10,24673,COL,CBJ,30000697,T.J. Tynan,goals,rf_qrf_goals,0.3.0,empirical_qrf,0.01111723250066587,0.0,0.02656047197640118,,1041171555324455918,2026-01-10 19:59:24.253457
2026-01-10,24673,COL,CBJ,30000757,Valeri Nichushkin,goals,rf_qrf_goals,0.3.0,empirical_qrf,0.013173641173641172,0.0,0.0,,1041171555324455918,2026-01-10 19:59:24.253457
2026-01-10,24673,COL,CBJ,30000879,Josh Manson,goals,rf_qrf_goals,0.3.0,empirical_qrf,0.0,0.0,0.0,,1041171555324455918,2026-01-10 19:59:24.253457
2026-01-10,24673,COL,CBJ,30000903,Gabriel Landeskog,goals,rf_qrf_goals,0.3.0,empirical_qrf,0.010333333333333332,0.0,0.0,,1041171555324455918,2026-01-10 19:59:24.253457
2026-01-10,24673,CBJ,COL,30005736,Nolan Lalonde,goals,rf_qrf_goals,0.3.0,empirical_qrf,0.0022448129327939884,0.0014383662082433173,0.003172301304051297,,1041171555324455918,2026-01-10 19:59:24.253457
2026-01-10,24673,CBJ,COL,30006022,Justin Pearson,goals,rf_qrf_goals,0.3.0,empirical_qrf,0.0022448129327939884,0.0014383662082433173,0.003172301304051297,,1041171555324455918,2026-01-10 19:59:24.253457
2026-01-10,24673,CBJ,COL,30006026,Hunter McKown,goals,rf_qrf_goals,0.3.0,empirical_qrf,0.0,0.0,0.0,,1041171555324455918,2026-01-10 19:59:24.253457
2026-01-10,24673,CBJ,COL,30006063,Adam Fantilli,goals,rf_qrf_goals,0.3.0,empirical_qrf,0.0019444444444444442,0.0,0.0,,1041171555324455918,2026-01-10 19:59:24.253457
2026-01-10,24673,CBJ,COL,30006337,Riley Bezeau,goals,rf_qrf_goals,0.3.0,empirical_qrf,0.013510883039157567,0.004464285714285714,0.023906288720715225,,1041171555324455918,2026-01-10 19:59:24.253457
2026-01-10,24673,COL,CBJ,30000127,Brent Burns,goals,rf_qrf_goals,0.3.0,empirical_qrf,0.0,0.0,0.0,,1041171555324455918,2026-01-10 19:59:24.253457
2026-01-10,24673,CBJ,COL,30005355,Mikael Pyyhtia,goals,rf_qrf_goals,0.3.0,empirical_qrf,0.0,0.0,0.0,,1041171555324455918,2026-01-10 19:59:24.253457
2026-01-10,24673,CBJ,COL,30005568,Owen Sillinger,goals,rf_qrf_goals,0.3.0,empirical_qrf,0.0,0.0,0.0,,1041171555324455918,2026-01-10 19:59:24.253457
2026-01-10,24673,CBJ,COL,30005637,Denton Mateychuk,goals,rf_qrf_goals,0.3.0,empirical_qrf,0.006020973172489747,0.0,0.013605442176870748,,1041171555324455918,2026-01-10 19:59:24.253457
2026-01-10,24673,CBJ,COL,30005664,Luca Del Bel Belluz,goals,rf_qrf_goals,0.3.0,empirical_qrf,0.0,0.0,0.0,,1041171555324455918,2026-01-10 19:59:24.253457
2026-01-10,24673,CBJ,COL,30005699,Jordan Dumais,goals,rf_qrf_goals,0.3.0,empirical_qrf,0.0022448129327939884,0.0014383662082433173,0.003172301304051297,,1041171555324455918,2026-01-10 19:59:24.253457
2026-01-10,24673,CBJ,COL,30005733,Roman Ahcan,goals,rf_qrf_goals,0.3.0,empirical_qrf,0.013510883039157567,0.004464285714285714,0.023906288720715225,,1041171555324455918,2026-01-10 19:59:24.253457
2026-01-10,24673,CBJ,COL,30005002,Corson Ceulemans,goals,rf_qrf_goals,0.3.0,empirical_qrf,0.0,0.0,0.0,,1041171555324455918,2026-01-10 19:59:24.253457
2026-01-10,24673,CBJ,COL,30005049,Jet Greaves,goals,rf_qrf_goals,0.3.0,empirical_qrf,0.0022448129327939884,0.0014383662082433173,0.003172301304051297,,1041171555324455918,2026-01-10 19:59:24.253457
2026-01-10,24673,CBJ,COL,30005050,Stanislov Svozil,goals,rf_qrf_goals,0.3.0,empirical_qrf,0.0,0.0,0.0,,1041171555324455918,2026-01-10 19:59:24.253457
2026-01-10,24673,CBJ,COL,30005053,Ole Julian Bjorgvik-Holm,goals,rf_qrf_goals,0.3.0,empirical_qrf,0.0022448129327939884,0.0014383662082433173,0.003172301304051297,,1041171555324455918,2026-01-10 19:59:24.253457
2026-01-10,24673,CBJ,COL,30005088,James Malatesta,goals,rf_qrf_goals,0.3.0,empirical_qrf,0.0,0.0,0.0,,1041171555324455918,2026-01-10 19:59:24.253457
2026-01-10,24673,CBJ,COL,30005290,Max McCue,goals,rf_qrf_goals,0.3.0,empirical_qrf,0.006020973172489747,0.0,0.013605442176870748,,1041171555324455918,2026-01-10 19:59:24.253457
2026-01-10,24673,CBJ,COL,30004135,Kirill Marchenko,goals,rf_qrf_goals,0.3.0,empirical_qrf,0.0,0.0,0.0,,1041171555324455918,2026-01-10 19:59:24.253457
2026-01-10,24673,CBJ,COL,30004172,Curtis Hall,goals,rf_qrf_goals,0.3.0,empirical_qrf,0.0022448129327939884,0.0014383662082433173,0.003172301304051297,,1041171555324455918,2026-01-10 19:59:24.253457
2026-01-10,24673,CBJ,COL,30004306,Jake Christiansen,goals,rf_qrf_goals,0.3.0,empirical_qrf,0.0,0.0,0.0,,1041171555324455918,2026-01-10 19:59:24.253457
2026-01-10,24673,CBJ,COL,30004607,Dmitri Voronkov,goals,rf_qrf_goals,0.3.0,empirical_qrf,0.0,0.0,0.0,,1041171555324455918,2026-01-10 19:59:24.253457
2026-01-10,24673,CBJ,COL,30004988,Cole Sillinger,goals,rf_qrf_goals,0.3.0,empirical_qrf,0.0005555555555555556,0.0,0.0,,1041171555324455918,2026-01-10 19:59:24.253457
2026-01-10,24673,CBJ,COL,30004989,Kent Johnson,goals,rf_qrf_goals,0.3.0,empirical_qrf,0.0011237373737373736,0.0,0.0,,1041171555324455918,2026-01-10 19:59:24.253457
2026-01-10,24673,CBJ,COL,30003079,Miles Wood,goals,rf_qrf_goals,0.3.0,empirical_qrf,0.0,0.0,0.0,,1041171555324455918,2026-01-10 19:59:24.253457
2026-01-10,24673,CBJ,COL,30003146,Dante Fabbro,goals,rf_qrf_goals,0.3.0,empirical_qrf,0.045742063492063494,0.0,0.0,,1041171555324455918,2026-01-10 19:59:24.253457
2026-01-10,24673,CBJ,COL,30003267,Mathieu Olivier,goals,rf_qrf_goals,0.3.0,empirical_qrf,0.03631746031746032,0.0,0.0,,1041171555324455918,2026-01-10 19:59:24.253457
2026-01-10,24673,CBJ,COL,30003269,Zach Sawchenko,goals,rf_qrf_goals,0.3.0,empirical_qrf,0.0022448129327939884,0.0014383662082433173,0.003172301304051297,,1041171555324455918,2026-01-10 19:59:24.253457
2026-01-10,24673,CBJ,COL,30003549,Zachary Aston-Reese,goals,rf_qrf_goals,0.3.0,empirical_qrf,0.0025715974423436436,0.0,0.005356312485468497,,1041171555324455918,2026-01-10 19:59:24.253457
2026-01-10,24673,CBJ,COL,30004097,Isac Lundestrom,goals,rf_qrf_goals,0.3.0,empirical_qrf,0.006020973172489747,0.0,0.013605442176870748,,1041171555324455918,2026-01-10 19:59:24.253457
2026-01-10,24673,CBJ,COL,30000855,Brendan Smith,goals,rf_qrf_goals,0.3.0,empirical_qrf,0.01111723250066587,0.0,0.02656047197640118,,1041171555324455918,2026-01-10 19:59:24.253457
2026-01-10,24673,CBJ,COL,30001196,Brendan Gaunce,goals,rf_qrf_goals,0.3.0,empirical_qrf,0.0,0.0,0.0,,1041171555324455918,2026-01-10 19:59:24.253457
2026-01-10,24673,CBJ,COL,30002223,Mason Marchment,goals,rf_qrf_goals,0.3.0,empirical_qrf,0.0,0.0,0.0,,1041171555324455918,2026-01-10 19:59:24.253457
2026-01-10,24673,CBJ,COL,30002554,Hudson Fasching,goals,rf_qrf_goals,0.3.0,empirical_qrf,0.0,0.0,0.0,,1041171555324455918,2026-01-10 19:59:24.253457
2026-01-10,24673,CBJ,COL,30002616,Elvis Merzlikins,goals,rf_qrf_goals,0.3.0,empirical_qrf,0.0022448129327939884,0.0014383662082433173,0.003172301304051297,,1041171555324455918,2026-01-10 19:59:24.253457
2026-01-10,24673,CBJ,COL,30002770,Zach Werenski,goals,rf_qrf_goals,0.3.0,empirical_qrf,0.024666666666666663,0.0,0.0,,1041171555324455918,2026-01-10 19:59:24.253457
2026-01-10,24674,VAN,TOR,30000958,Derek Forbort,goals,rf_qrf_goals,0.3.0,empirical_qrf,0.0,0.0,0.0,,1041171555324455918,2026-01-10 19:59:24.253457
2026-01-10,24674,VAN,TOR,30000976,Evander Kane,goals,rf_qrf_goals,0.3.0,empirical_qrf,0.060668158980471246,0.0,0.14285714285714285,,1041171555324455918,2026-01-10 19:59:24.253457
2026-01-10,24674,VAN,TOR,30001238,Jake DeBrusk,goals,rf_qrf_goals,0.3.0,empirical_qrf,0.0,0.0,0.0,,1041171555324455918,2026-01-10 19:59:24.253457
2026-01-10,24674,VAN,TOR,30001299,Tyler Myers,goals,rf_qrf_goals,0.3.0,empirical_qrf,0.03471016818717223,0.0,0.08,,1041171555324455918,2026-01-10 19:59:24.253457
2026-01-10,24674,VAN,TOR,30001949,Guillaume Brisebois,goals,rf_qrf_goals,0.3.0,empirical_qrf,0.0,0.0,0.0,,1041171555324455918,2026-01-10 19:59:24.253457
2026-01-10,24674,VAN,TOR,30002479,Teddy Blueger,goals,rf_qrf_goals,0.3.0,empirical_qrf,0.0,0.0,0.0,,1041171555324455918,2026-01-10 19:59:24.253457
2026-01-10,24674,TOR,VAN,30005769,Marshall Rifai,goals,rf_qrf_goals,0.3.0,empirical_qrf,0.0025715974423436436,0.0,0.005356312485468497,,1041171555324455918,2026-01-10 19:59:24.253457
2026-01-10,24674,TOR,VAN,30003014,Matt Benning,goals,rf_qrf_goals,0.3.0,empirical_qrf,0.0,0.0,0.0,,1041171555324455918,2026-01-10 19:59:24.253457
2026-01-10,24674,TOR,VAN,30006389,Jacob Frasca,goals,rf_qrf_goals,0.3.0,empirical_qrf,0.0022448129327939884,0.0014383662082433173,0.003172301304051297,,1041171555324455918,2026-01-10 19:59:24.253457
2026-01-10,24674,TOR,VAN,30005725,Dennis Hildeby,goals,rf_qrf_goals,0.3.0,empirical_qrf,0.0022448129327939884,0.0014383662082433173,0.003172301304051297,,1041171555324455918,2026-01-10 19:59:24.253457
2026-01-10,24674,TOR,VAN,30006072,Easton Cowan,goals,rf_qrf_goals,0.3.0,empirical_qrf,0.0,0.0,0.0,,1041171555324455918,2026-01-10 19:59:24.253457
2026-01-10,24674,TOR,VAN,30006207,Noah Chadwick,goals,rf_qrf_goals,0.3.0,empirical_qrf,0.0022448129327939884,0.0014383662082433173,0.003172301304051297,,1041171555324455918,2026-01-10 19:59:24.253457
2026-01-10,24674,TOR,VAN,30006276,Marc Johnstone,goals,rf_qrf_goals,0.3.0,empirical_qrf,0.0022448129327939884,0.0014383662082433173,0.003172301304051297,,1041171555324455918,2026-01-10 19:59:24.253457
2026-01-10,24674,TOR,VAN,30006378,Jake Johnson,goals,rf_qrf_goals,0.3.0,empirical_qrf,0.0022448129327939884,0.0014383662082433173,0.003172301304051297,,1041171555324455918,2026-01-10 19:59:24.253457
2026-01-10,24674,TOR,VAN,30006388,Keenan Suthers,goals,rf_qrf_goals,0.3.0,empirical_qrf,0.0022448129327939884,0.0014383662082433173,0.003172301304051297,,1041171555324455918,2026-01-10 19:59:24.253457
2026-01-10,24674,TOR,VAN,30005143,Ben King,goals,rf_qrf_goals,0.3.0,empirical_qrf,0.0022448129327939884,0.0014383662082433173,0.003172301304051297,,1041171555324455918,2026-01-10 19:59:24.253457
2026-01-10,24674,TOR,VAN,30005520,Braeden Kressler,goals,rf_qrf_goals,0.3.0,empirical_qrf,0.0022448129327939884,0.0014383662082433173,0.003172301304051297,,1041171555324455918,2026-01-10 19:59:24.253457
2026-01-10,24674,TOR,VAN,30005527,Artur Akhtyamov,goals,rf_qrf_goals,0.3.0,empirical_qrf,0.0022448129327939884,0.0014383662082433173,0.003172301304051297,,1041171555324455918,2026-01-10 19:59:24.253457
2026-01-10,24674,TOR,VAN,30005528,Ryan Tverberg,goals,rf_qrf_goals,0.3.0,empirical_qrf,0.0,0.0,0.0,,1041171555324455918,2026-01-10 19:59:24.253457
2026-01-10,24674,TOR,VAN,30005542,Vyacheslav Peksa,goals,rf_qrf_goals,0.3.0,empirical_qrf,0.0022448129327939884,0.0014383662082433173,0.003172301304051297,,1041171555324455918,2026-01-10 19:59:24.253457
2026-01-10,24674,TOR,VAN,30005589,Bobby McMann,goals,rf_qrf_goals,0.3.0,empirical_qrf,0.0,0.0,0.0,,1041171555324455918,2026-01-10 19:59:24.253457
2026-01-10,24674,TOR,VAN,30004509,Nicholas Robertson,goals,rf_qrf_goals,0.3.0,empirical_qrf,0.0,0.0,0.0,,1041171555324455918,2026-01-10 19:59:24.253457
2026-01-10,24674,TOR,VAN,30004511,Henry Thrun,goals,rf_qrf_goals,0.3.0,empirical_qrf,0.0,0.0,0.0,,1041171555324455918,2026-01-10 19:59:24.253457
2026-01-10,24674,TOR,VAN,30004539,Matias Maccelli,goals,rf_qrf_goals,0.3.0,empirical_qrf,0.0026946248196248195,0.0,0.0,,1041171555324455918,2026-01-10 19:59:24.253457
2026-01-10,24674,TOR,VAN,30004583,Dakota Joshua,goals,rf_qrf_goals,0.3.0,empirical_qrf,0.0,0.0,0.0,,1041171555324455918,2026-01-10 19:59:24.253457
2026-01-10,24674,TOR,VAN,30005024,Matthew Knies,goals,rf_qrf_goals,0.3.0,empirical_qrf,0.01111723250066587,0.0,0.02656047197640118,,1041171555324455918,2026-01-10 19:59:24.253457
2026-01-10,24674,TOR,VAN,30005068,Ryan McCleary,goals,rf_qrf_goals,0.3.0,empirical_qrf,0.0022448129327939884,0.0014383662082433173,0.003172301304051297,,1041171555324455918,2026-01-10 19:59:24.253457
2026-01-10,24674,TOR,VAN,30003130,Auston Matthews,goals,rf_qrf_goals,0.3.0,empirical_qrf,0.0668174603174603,0.0,0.0,,1041171555324455918,2026-01-10 19:59:24.253457
2026-01-10,24674,TOR,VAN,30003192,Joseph Woll,goals,rf_qrf_goals,0.3.0,empirical_qrf,0.0022448129327939884,0.0014383662082433173,0.003172301304051297,,1041171555324455918,2026-01-10 19:59:24.253457
2026-01-10,24674,TOR,VAN,30003562,Vinni Lettieri,goals,rf_qrf_goals,0.3.0,empirical_qrf,0.0,0.0,0.0,,1041171555324455918,2026-01-10 19:59:24.253457
2026-01-10,24674,TOR,VAN,30004139,Bo Groulx,goals,rf_qrf_goals,0.3.0,empirical_qrf,0.0024319985569985574,0.0,0.0,,1041171555324455918,2026-01-10 19:59:24.253457
2026-01-10,24674,TOR,VAN,30004252,Simon Benoit,goals,rf_qrf_goals,0.3.0,empirical_qrf,0.0,0.0,0.0,,1041171555324455918,2026-01-10 19:59:24.253457
2026-01-10,24674,TOR,VAN,30004394,Reese Johnson,goals,rf_qrf_goals,0.3.0,empirical_qrf,0.0022448129327939884,0.0014383662082433173,0.003172301304051297,,1041171555324455918,2026-01-10 19:59:24.253457
2026-01-10,24674,TOR,VAN,30002867,Philippe Myers,goals,rf_qrf_goals,0.3.0,empirical_qrf,0.0,0.0,0.0,,1041171555324455918,2026-01-10 19:59:24.253457
2026-01-10,24674,TOR,VAN,30002869,Ken Appleby,goals,rf_qrf_goals,0.3.0,empirical_qrf,0.0022448129327939884,0.0014383662082433173,0.003172301304051297,,1041171555324455918,2026-01-10 19:59:24.253457
2026-01-10,24674,TOR,VAN,30003022,Travis Boyd,goals,rf_qrf_goals,0.3.0,empirical_qrf,0.028187798465970085,0.0,0.0547945205479452,,1041171555324455918,2026-01-10 19:59:24.253457
2026-01-10,24674,TOR,VAN,30003041,Steven Lorentz,goals,rf_qrf_goals,0.3.0,empirical_qrf,0.0008333333333333334,0.0,0.0,,1041171555324455918,2026-01-10 19:59:24.253457
2026-01-10,24674,TOR,VAN,30003042,Nicolas Roy,goals,rf_qrf_goals,0.3.0,empirical_qrf,0.03471016818717223,0.0,0.08,,1041171555324455918,2026-01-10 19:59:24.253457
2026-01-10,24674,TOR,VAN,30003083,Troy Stecher,goals,rf_qrf_goals,0.3.0,empirical_qrf,0.012419660958125764,0.0,0.028985507246376812,,1041171555324455918,2026-01-10 19:59:24.253457
2026-01-10,24674,TOR,VAN,30000507,Jake McCabe,goals,rf_qrf_goals,0.3.0,empirical_qrf,0.013510883039157567,0.004464285714285714,0.023906288720715225,,1041171555324455918,2026-01-10 19:59:24.253457
2026-01-10,24674,TOR,VAN,30000940,Max Domi,goals,rf_qrf_goals,0.3.0,empirical_qrf,0.0,0.0,0.0,,1041171555324455918,2026-01-10 19:59:24.253457
2026-01-10,24674,TOR,VAN,30000943,Oliver Ekman-Larsson,goals,rf_qrf_goals,0.3.0,empirical_qrf,0.0,0.0,0.0,,1041171555324455918,2026-01-10 19:59:24.253457
2026-01-10,24674,TOR,VAN,30001088,Brandon Carlo,goals,rf_qrf_goals,0.3.0,empirical_qrf,0.006020973172489747,0.0,0.013605442176870748,,1041171555324455918,2026-01-10 19:59:24.253457
2026-01-10,24674,TOR,VAN,30001217,Dakota Mermis,goals,rf_qrf_goals,0.3.0,empirical_qrf,0.013510883039157567,0.004464285714285714,0.023906288720715225,,1041171555324455918,2026-01-10 19:59:24.253457
2026-01-10,24674,TOR,VAN,30002664,Brandon Baddock,goals,rf_qrf_goals,0.3.0,empirical_qrf,0.0022448129327939884,0.0014383662082433173,0.003172301304051297,,1041171555324455918,2026-01-10 19:59:24.253457
2026-01-10,24674,TOR,VAN,30000100,Christopher Tanev,goals,rf_qrf_goals,0.3.0,empirical_qrf,0.0025715974423436436,0.0,0.005356312485468497,,1041171555324455918,2026-01-10 19:59:24.253457
2026-01-10,24674,TOR,VAN,30000241,Calle Jarnkrok,goals,rf_qrf_goals,0.3.0,empirical_qrf,0.0,0.0,0.0,,1041171555324455918,2026-01-10 19:59:24.253457
2026-01-10,24674,TOR,VAN,30000259,Anthony Stolarz,goals,rf_qrf_goals,0.3.0,empirical_qrf,0.0022448129327939884,0.0014383662082433173,0.003172301304051297,,1041171555324455918,2026-01-10 19:59:24.253457
2026-01-10,24674,TOR,VAN,30000264,Scott Laughton,goals,rf_qrf_goals,0.3.0,empirical_qrf,0.004037037037037037,0.0,0.0,,1041171555324455918,2026-01-10 19:59:24.253457
2026-01-10,24674,TOR,VAN,30000275,John Tavares,goals,rf_qrf_goals,0.3.0,empirical_qrf,0.0,0.0,0.0,,1041171555324455918,2026-01-10 19:59:24.253457
2026-01-10,24674,TOR,VAN,30000486,William Nylander,goals,rf_qrf_goals,0.3.0,empirical_qrf,0.060668158980471246,0.0,0.14285714285714285,,1041171555324455918,2026-01-10 19:59:24.253457
2026-01-10,24674,VAN,TOR,30006037,Nikita Tolopilo,goals,rf_qrf_goals,0.3.0,empirical_qrf,0.0022448129327939884,0.0014383662082433173,0.003172301304051297,,1041171555324455918,2026-01-10 19:59:24.253457
2026-01-10,24674,VAN,TOR,30006067,Tom Willander,goals,rf_qrf_goals,0.3.0,empirical_qrf,0.0,0.0,0.0,,1041171555324455918,2026-01-10 19:59:24.253457
2026-01-10,24674,VAN,TOR,30006320,Joe Arntsen,goals,rf_qrf_goals,0.3.0,empirical_qrf,0.0022448129327939884,0.0014383662082433173,0.003172301304051297,,1041171555324455918,2026-01-10 19:59:24.253457
2026-01-10,24674,VAN,TOR,30006441,Elias Nils Pettersson,goals,rf_qrf_goals,0.3.0,empirical_qrf,0.0,0.0,0.0,,1041171555324455918,2026-01-10 19:59:24.253457
2026-01-10,24674,VAN,TOR,30006486,Zeev Buium,goals,rf_qrf_goals,0.3.0,empirical_qrf,0.0,0.0,0.0,,1041171555324455918,2026-01-10 19:59:24.253457
2026-01-10,24674,TOR,VAN,30000040,Morgan Rielly,goals,rf_qrf_goals,0.3.0,empirical_qrf,0.0,0.0,0.0,,1041171555324455918,2026-01-10 19:59:24.253457
2026-01-10,24674,VAN,TOR,30005619,Jonathan Lekkerimaki,goals,rf_qrf_goals,0.3.0,empirical_qrf,0.08340873015873015,0.0,0.5,,1041171555324455918,2026-01-10 19:59:24.253457
2026-01-10,24674,VAN,TOR,30005642,Liam Ohgren,goals,rf_qrf_goals,0.3.0,empirical_qrf,0.0,0.0,0.0,,1041171555324455918,2026-01-10 19:59:24.253457
2026-01-10,24674,VAN,TOR,30005747,Jonathan Lemieux,goals,rf_qrf_goals,0.3.0,empirical_qrf,0.0022448129327939884,0.0014383662082433173,0.003172301304051297,,1041171555324455918,2026-01-10 19:59:24.253457
2026-01-10,24674,VAN,TOR,30005831,Kirill Kudryavtsev,goals,rf_qrf_goals,0.3.0,empirical_qrf,0.0,0.0,0.0,,1041171555324455918,2026-01-10 19:59:24.253457
2026-01-10,24674,VAN,TOR,30005837,Ty Young,goals,rf_qrf_goals,0.3.0,empirical_qrf,0.0022448129327939884,0.0014383662082433173,0.003172301304051297,,1041171555324455918,2026-01-10 19:59:24.253457
2026-01-10,24674,VAN,TOR,30006031,Max Sasson,goals,rf_qrf_goals,0.3.0,empirical_qrf,0.0,0.0,0.0,,1041171555324455918,2026-01-10 19:59:24.253457
2026-01-10,24674,VAN,TOR,30005028,Aatu Raty,goals,rf_qrf_goals,0.3.0,empirical_qrf,0.007987794612794615,0.0,0.0,,1041171555324455918,2026-01-10 19:59:24.253457
2026-01-10,24674,VAN,TOR,30005100,Cooper Walker,goals,rf_qrf_goals,0.3.0,empirical_qrf,0.0022448129327939884,0.0014383662082433173,0.003172301304051297,,1041171555324455918,2026-01-10 19:59:24.253457
2026-01-10,24674,VAN,TOR,30005145,Josh Bloom,goals,rf_qrf_goals,0.3.0,empirical_qrf,0.0022448129327939884,0.0014383662082433173,0.003172301304051297,,1041171555324455918,2026-01-10 19:59:24.253457
2026-01-10,24674,VAN,TOR,30005171,Dino Kambeitz,goals,rf_qrf_goals,0.3.0,empirical_qrf,0.0022448129327939884,0.0014383662082433173,0.003172301304051297,,1041171555324455918,2026-01-10 19:59:24.253457
2026-01-10,24674,VAN,TOR,30005456,Nils Aman,goals,rf_qrf_goals,0.3.0,empirical_qrf,0.0,0.0,0.0,,1041171555324455918,2026-01-10 19:59:24.253457
2026-01-10,24674,VAN,TOR,30005566,Arshdeep Bains,goals,rf_qrf_goals,0.3.0,empirical_qrf,0.0,0.0,0.0,,1041171555324455918,2026-01-10 19:59:24.253457
2026-01-10,24674,VAN,TOR,30004531,Nils Hoglander,goals,rf_qrf_goals,0.3.0,empirical_qrf,0.004527777777777778,0.0,0.0,,1041171555324455918,2026-01-10 19:59:24.253457
2026-01-10,24674,VAN,TOR,30004581,Nikolai Knyzhov,goals,rf_qrf_goals,0.3.0,empirical_qrf,0.0025715974423436436,0.0,0.005356312485468497,,1041171555324455918,2026-01-10 19:59:24.253457
2026-01-10,24674,VAN,TOR,30004741,Drew O'Connor,goals,rf_qrf_goals,0.3.0,empirical_qrf,0.0,0.0,0.0,,1041171555324455918,2026-01-10 19:59:24.253457
2026-01-10,24674,VAN,TOR,30004817,Lukas Reichel,goals,rf_qrf_goals,0.3.0,empirical_qrf,0.0,0.0,0.0,,1041171555324455918,2026-01-10 19:59:24.253457
2026-01-10,24674,VAN,TOR,30004818,Marco Rossi,goals,rf_qrf_goals,0.3.0,empirical_qrf,0.0008333333333333334,0.0,0.0,,1041171555324455918,2026-01-10 19:59:24.253457
2026-01-10,24674,VAN,TOR,30005016,Danila Klimovich,goals,rf_qrf_goals,0.3.0,empirical_qrf,0.0,0.0,0.0,,1041171555324455918,2026-01-10 19:59:24.253457
2026-01-10,24674,VAN,TOR,30004001,Kiefer Sherwood,goals,rf_qrf_goals,0.3.0,empirical_qrf,0.0,0.0,0.0,,1041171555324455918,2026-01-10 19:59:24.253457
2026-01-10,24674,VAN,TOR,30004058,Kevin Lankinen,goals,rf_qrf_goals,0.3.0,empirical_qrf,0.0022448129327939884,0.0014383662082433173,0.003172301304051297,,1041171555324455918,2026-01-10 19:59:24.253457
2026-01-10,24674,VAN,TOR,30004140,Jett Woo,goals,rf_qrf_goals,0.3.0,empirical_qrf,0.013510883039157567,0.004464285714285714,0.023906288720715225,,1041171555324455918,2026-01-10 19:59:24.253457
2026-01-10,24674,VAN,TOR,30004153,Linus Karlsson,goals,rf_qrf_goals,0.3.0,empirical_qrf,0.0,0.0,0.0,,1041171555324455918,2026-01-10 19:59:24.253457
2026-01-10,24674,VAN,TOR,30004227,Chase Wouters,goals,rf_qrf_goals,0.3.0,empirical_qrf,0.0022448129327939884,0.0014383662082433173,0.003172301304051297,,1041171555324455918,2026-01-10 19:59:24.253457
2026-01-10,24674,VAN,TOR,30004425,Jimmy Schuldt,goals,rf_qrf_goals,0.3.0,empirical_qrf,0.0025715974423436436,0.0,0.005356312485468497,,1041171555324455918,2026-01-10 19:59:24.253457
2026-01-10,24674,VAN,TOR,30003193,Filip Hronek,goals,rf_qrf_goals,0.3.0,empirical_qrf,0.004694444444444444,0.0,0.0,,1041171555324455918,2026-01-10 19:59:24.253457
2026-01-10,24674,VAN,TOR,30003604,David Kampf,goals,rf_qrf_goals,0.3.0,empirical_qrf,0.021908741775883877,0.0,0.04305750350631137,,1041171555324455918,2026-01-10 19:59:24.253457
2026-01-10,24674,VAN,TOR,30003647,Elias Pettersson,goals,rf_qrf_goals,0.3.0,empirical_qrf,0.0,0.0,0.0,,1041171555324455918,2026-01-10 19:59:24.253457
2026-01-10,24674,VAN,TOR,30003655,Filip Chytil,goals,rf_qrf_goals,0.3.0,empirical_qrf,0.0005555555555555556,0.0,0.0,,1041171555324455918,2026-01-10 19:59:24.253457
2026-01-10,24674,VAN,TOR,30003666,Pierre-Olivier Joseph,goals,rf_qrf_goals,0.3.0,empirical_qrf,0.01111723250066587,0.0,0.02656047197640118,,1041171555324455918,2026-01-10 19:59:24.253457
2026-01-10,24674,VAN,TOR,30003776,Jiri Patera,goals,rf_qrf_goals,0.3.0,empirical_qrf,0.0022448129327939884,0.0014383662082433173,0.003172301304051297,,1041171555324455918,2026-01-10 19:59:24.253457
2026-01-10,24674,VAN,TOR,30002581,Thatcher Demko,goals,rf_qrf_goals,0.3.0,empirical_qrf,0.0022448129327939884,0.0014383662082433173,0.003172301304051297,,1041171555324455918,2026-01-10 19:59:24.253457
2026-01-10,24674,VAN,TOR,30002587,Marcus Pettersson,goals,rf_qrf_goals,0.3.0,empirical_qrf,0.0,0.0,0.0,,1041171555324455918,2026-01-10 19:59:24.253457
2026-01-10,24674,VAN,TOR,30002777,Brock Boeser,goals,rf_qrf_goals,0.3.0,empirical_qrf,0.0,0.0,0.0,,1041171555324455918,2026-01-10 19:59:24.253457
2026-01-10,24674,VAN,TOR,30002793,Joseph Labate,goals,rf_qrf_goals,0.3.0,empirical_qrf,0.012419660958125764,0.0,0.028985507246376812,,1041171555324455918,2026-01-10 19:59:24.253457
2026-01-10,24674,VAN,TOR,30002876,Conor Garland,goals,rf_qrf_goals,0.3.0,empirical_qrf,0.015999999999999997,0.0,0.0,,1041171555324455918,2026-01-10 19:59:24.253457
2026-01-10,24674,VAN,TOR,30003063,Mackenzie MacEachern,goals,rf_qrf_goals,0.3.0,empirical_qrf,0.0,0.0,0.0,,1041171555324455918,2026-01-10 19:59:24.253457
2026-01-10,24675,TB,PHI,30000428,Oliver Bjorkstrand,goals,rf_qrf_goals,0.3.0,empirical_qrf,0.0,0.0,0.0,,1041171555324455918,2026-01-10 19:59:24.253457
2026-01-10,24675,TB,PHI,30000477,Nick Paul,goals,rf_qrf_goals,0.3.0,empirical_qrf,0.0,0.0,0.0,,1041171555324455918,2026-01-10 19:59:24.253457
2026-01-10,24675,TB,PHI,30000502,Zemgus Girgensons,goals,rf_qrf_goals,0.3.0,empirical_qrf,0.0,0.0,0.0,,1041171555324455918,2026-01-10 19:59:24.253457
2026-01-10,24675,TB,PHI,30000737,Victor Hedman,goals,rf_qrf_goals,0.3.0,empirical_qrf,0.0,0.0,0.0,,1041171555324455918,2026-01-10 19:59:24.253457
2026-01-10,24675,TB,PHI,30000742,Brayden Point,goals,rf_qrf_goals,0.3.0,empirical_qrf,0.0019444444444444442,0.0,0.0,,1041171555324455918,2026-01-10 19:59:24.253457
2026-01-10,24675,TB,PHI,30001047,Nikita Kucherov,goals,rf_qrf_goals,0.3.0,empirical_qrf,0.0,0.0,0.0,,1041171555324455918,2026-01-10 19:59:24.253457
2026-01-10,24675,PHI,TB,30004144,Adam Ginning,goals,rf_qrf_goals,0.3.0,empirical_qrf,0.0,0.0,0.0,,1041171555324455918,2026-01-10 19:59:24.253457
2026-01-10,24675,PHI,TB,30006061,Matvei Michkov,goals,rf_qrf_goals,0.3.0,empirical_qrf,0.0016666666666666668,0.0,0.0,,1041171555324455918,2026-01-10 19:59:24.253457
2026-01-10,24675,PHI,TB,30006075,Oliver Bonk,goals,rf_qrf_goals,0.3.0,empirical_qrf,0.0,0.0,0.0,,1041171555324455918,2026-01-10 19:59:24.253457
2026-01-10,24675,PHI,TB,30006100,Carson Bjarnason,goals,rf_qrf_goals,0.3.0,empirical_qrf,0.0022448129327939884,0.0014383662082433173,0.003172301304051297,,1041171555324455918,2026-01-10 19:59:24.253457
2026-01-10,24675,PHI,TB,30006135,Denver Barkey,goals,rf_qrf_goals,0.3.0,empirical_qrf,0.013510883039157567,0.004464285714285714,0.023906288720715225,,1041171555324455918,2026-01-10 19:59:24.253457
2026-01-10,24675,TB,PHI,30005698,Michael Milne,goals,rf_qrf_goals,0.3.0,empirical_qrf,0.0022448129327939884,0.0014383662082433173,0.003172301304051297,,1041171555324455918,2026-01-10 19:59:24.253457
2026-01-10,24675,PHI,TB,30004488,Philip Tomasino,goals,rf_qrf_goals,0.3.0,empirical_qrf,0.0,0.0,0.0,,1041171555324455918,2026-01-10 19:59:24.253457
2026-01-10,24675,PHI,TB,30005345,Roman Schmidt,goals,rf_qrf_goals,0.3.0,empirical_qrf,0.0,0.0,0.0,,1041171555324455918,2026-01-10 19:59:24.253457
2026-01-10,24675,PHI,TB,30005397,Noah Cates,goals,rf_qrf_goals,0.3.0,empirical_qrf,0.007987794612794615,0.0,0.0,,1041171555324455918,2026-01-10 19:59:24.253457
2026-01-10,24675,PHI,TB,30005401,Aleksei Kolosov,goals,rf_qrf_goals,0.3.0,empirical_qrf,0.0022448129327939884,0.0014383662082433173,0.003172301304051297,,1041171555324455918,2026-01-10 19:59:24.253457
2026-01-10,24675,PHI,TB,30005756,Tucker Robertson,goals,rf_qrf_goals,0.3.0,empirical_qrf,0.0022448129327939884,0.0014383662082433173,0.003172301304051297,,1041171555324455918,2026-01-10 19:59:24.253457
2026-01-10,24675,PHI,TB,30005958,Nikita Grebenkin,goals,rf_qrf_goals,0.3.0,empirical_qrf,0.0011237373737373736,0.0,0.0,,1041171555324455918,2026-01-10 19:59:24.253457
2026-01-10,24675,PHI,TB,30006045,Yaniv Perets,goals,rf_qrf_goals,0.3.0,empirical_qrf,0.0022448129327939884,0.0014383662082433173,0.003172301304051297,,1041171555324455918,2026-01-10 19:59:24.253457
2026-01-10,24675,PHI,TB,30004800,Jamie Drysdale,goals,rf_qrf_goals,0.3.0,empirical_qrf,0.0024319985569985574,0.0,0.0,,1041171555324455918,2026-01-10 19:59:24.253457
2026-01-10,24675,PHI,TB,30004801,Tyson Foerster,goals,rf_qrf_goals,0.3.0,empirical_qrf,0.0,0.0,0.0,,1041171555324455918,2026-01-10 19:59:24.253457
2026-01-10,24675,PHI,TB,30004824,Emil Andrae,goals,rf_qrf_goals,0.3.0,empirical_qrf,0.0,0.0,0.0,,1041171555324455918,2026-01-10 19:59:24.253457
2026-01-10,24675,PHI,TB,30004839,Helge Grans,goals,rf_qrf_goals,0.3.0,empirical_qrf,0.0,0.0,0.0,,1041171555324455918,2026-01-10 19:59:24.253457
2026-01-10,24675,PHI,TB,30005234,Vincent Sevigny,goals,rf_qrf_goals,0.3.0,empirical_qrf,0.0022448129327939884,0.0014383662082433173,0.003172301304051297,,1041171555324455918,2026-01-10 19:59:24.253457
2026-01-10,24675,PHI,TB,30005293,Artem Guryev,goals,rf_qrf_goals,0.3.0,empirical_qrf,0.0022448129327939884,0.0014383662082433173,0.003172301304051297,,1041171555324455918,2026-01-10 19:59:24.253457
2026-01-10,24675,PHI,TB,30004002,Cooper Marody,goals,rf_qrf_goals,0.3.0,empirical_qrf,0.0022448129327939884,0.0014383662082433173,0.003172301304051297,,1041171555324455918,2026-01-10 19:59:24.253457
2026-01-10,24675,PHI,TB,30004154,Xavier Bernard,goals,rf_qrf_goals,0.3.0,empirical_qrf,0.0,0.0,0.0,,1041171555324455918,2026-01-10 19:59:24.253457
2026-01-10,24675,PHI,TB,30004406,Samuel Ersson,goals,rf_qrf_goals,0.3.0,empirical_qrf,0.0022448129327939884,0.0014383662082433173,0.003172301304051297,,1041171555324455918,2026-01-10 19:59:24.253457
2026-01-10,24675,PHI,TB,30004481,Trevor Zegras,goals,rf_qrf_goals,0.3.0,empirical_qrf,0.0,0.0,0.0,,1041171555324455918,2026-01-10 19:59:24.253457
2026-01-10,24675,PHI,TB,30004484,Cam York,goals,rf_qrf_goals,0.3.0,empirical_qrf,0.0,0.0,0.0,,1041171555324455918,2026-01-10 19:59:24.253457
2026-01-10,24675,PHI,TB,30004508,Bobby Brink,goals,rf_qrf_goals,0.3.0,empirical_qrf,0.0011527777777777777,0.0,0.0,,1041171555324455918,2026-01-10 19:59:24.253457
2026-01-10,24675,PHI,TB,30003016,Nick Seeler,goals,rf_qrf_goals,0.3.0,empirical_qrf,0.0,0.0,0.0,,1041171555324455918,2026-01-10 19:59:24.253457
2026-01-10,24675,PHI,TB,30003171,Carl Grundstrom,goals,rf_qrf_goals,0.3.0,empirical_qrf,0.0,0.0,0.0,,1041171555324455918,2026-01-10 19:59:24.253457
2026-01-10,24675,PHI,TB,30003283,Lane Pederson,goals,rf_qrf_goals,0.3.0,empirical_qrf,0.0,0.0,0.0,,1041171555324455918,2026-01-10 19:59:24.253457
2026-01-10,24675,PHI,TB,30003500,Rodrigo Abols,goals,rf_qrf_goals,0.3.0,empirical_qrf,0.0,0.0,0.0,,1041171555324455918,2026-01-10 19:59:24.253457
2026-01-10,24675,PHI,TB,30003653,Owen Tippett,goals,rf_qrf_goals,0.3.0,empirical_qrf,0.0,0.0,0.0,,1041171555324455918,2026-01-10 19:59:24.253457
2026-01-10,24675,PHI,TB,30003733,Keith Petruzzelli,goals,rf_qrf_goals,0.3.0,empirical_qrf,0.0022448129327939884,0.0014383662082433173,0.003172301304051297,,1041171555324455918,2026-01-10 19:59:24.253457
2026-01-10,24675,PHI,TB,30000942,Christian Dvorak,goals,rf_qrf_goals,0.3.0,empirical_qrf,0.0,0.0,0.0,,1041171555324455918,2026-01-10 19:59:24.253457
2026-01-10,24675,PHI,TB,30001201,Garnet Hathaway,goals,rf_qrf_goals,0.3.0,empirical_qrf,0.0025715974423436436,0.0,0.005356312485468497,,1041171555324455918,2026-01-10 19:59:24.253457
2026-01-10,24675,PHI,TB,30001294,Rasmus Ristolainen,goals,rf_qrf_goals,0.3.0,empirical_qrf,0.0022448129327939884,0.0014383662082433173,0.003172301304051297,,1041171555324455918,2026-01-10 19:59:24.253457
2026-01-10,24675,PHI,TB,30001312,Noah Juulsen,goals,rf_qrf_goals,0.3.0,empirical_qrf,0.006020973172489747,0.0,0.013605442176870748,,1041171555324455918,2026-01-10 19:59:24.253457
2026-01-10,24675,PHI,TB,30002786,Dan Vladar,goals,rf_qrf_goals,0.3.0,empirical_qrf,0.0022448129327939884,0.0014383662082433173,0.003172301304051297,,1041171555324455918,2026-01-10 19:59:24.253457
2026-01-10,24675,PHI,TB,30002979,Anthony Richard,goals,rf_qrf_goals,0.3.0,empirical_qrf,0.0,0.0,0.0,,1041171555324455918,2026-01-10 19:59:24.253457
2026-01-10,24675,TB,PHI,30006329,Brendan Furry,goals,rf_qrf_goals,0.3.0,empirical_qrf,0.0,0.0,0.0,,1041171555324455918,2026-01-10 19:59:24.253457
2026-01-10,24675,PHI,TB,30000050,Sean Couturier,goals,rf_qrf_goals,0.3.0,empirical_qrf,0.002888888888888889,0.0,0.0,,1041171555324455918,2026-01-10 19:59:24.253457
2026-01-10,24675,PHI,TB,30000234,Garrett Wilson,goals,rf_qrf_goals,0.3.0,empirical_qrf,0.0025715974423436436,0.0,0.005356312485468497,,1041171555324455918,2026-01-10 19:59:24.253457
2026-01-10,24675,PHI,TB,30000349,Travis Konecny,goals,rf_qrf_goals,0.3.0,empirical_qrf,0.004861111111111111,0.0,0.0,,1041171555324455918,2026-01-10 19:59:24.253457
2026-01-10,24675,PHI,TB,30000501,Nicolas Deslauriers,goals,rf_qrf_goals,0.3.0,empirical_qrf,0.0,0.0,0.0,,1041171555324455918,2026-01-10 19:59:24.253457
2026-01-10,24675,PHI,TB,30000624,Travis Sanheim,goals,rf_qrf_goals,0.3.0,empirical_qrf,0.0,0.0,0.0,,1041171555324455918,2026-01-10 19:59:24.253457
2026-01-10,24675,TB,PHI,30005768,Tommy Miller,goals,rf_qrf_goals,0.3.0,empirical_qrf,0.04584259259259259,0.0,0.0,,1041171555324455918,2026-01-10 19:59:24.253457
2026-01-10,24675,TB,PHI,30005920,Dominic James,goals,rf_qrf_goals,0.3.0,empirical_qrf,0.0,0.0,0.0,,1041171555324455918,2026-01-10 19:59:24.253457
2026-01-10,24675,TB,PHI,30006012,Daniel Walker,goals,rf_qrf_goals,0.3.0,empirical_qrf,0.0022448129327939884,0.0014383662082433173,0.003172301304051297,,1041171555324455918,2026-01-10 19:59:24.253457
2026-01-10,24675,TB,PHI,30006096,Ethan Gauthier,goals,rf_qrf_goals,0.3.0,empirical_qrf,0.0,0.0,0.0,,1041171555324455918,2026-01-10 19:59:24.253457
2026-01-10,24675,TB,PHI,30006311,Tristan Allard,goals,rf_qrf_goals,0.3.0,empirical_qrf,0.0,0.0,0.0,,1041171555324455918,2026-01-10 19:59:24.253457
2026-01-10,24675,TB,PHI,30006313,Gabriel Szturc,goals,rf_qrf_goals,0.3.0,empirical_qrf,0.021908741775883877,0.0,0.04305750350631137,,1041171555324455918,2026-01-10 19:59:24.253457
2026-01-10,24675,TB,PHI,30005044,J.J. Moser,goals,rf_qrf_goals,0.3.0,empirical_qrf,0.0,0.0,0.0,,1041171555324455918,2026-01-10 19:59:24.253457
2026-01-10,24675,TB,PHI,30005054,Matteo Pietroniro,goals,rf_qrf_goals,0.3.0,empirical_qrf,0.0022448129327939884,0.0014383662082433173,0.003172301304051297,,1041171555324455918,2026-01-10 19:59:24.253457
2026-01-10,24675,TB,PHI,30005366,Emil Lilleberg,goals,rf_qrf_goals,0.3.0,empirical_qrf,0.0011237373737373736,0.0,0.0,,1041171555324455918,2026-01-10 19:59:24.253457
2026-01-10,24675,TB,PHI,30005421,Maxwell Crozier,goals,rf_qrf_goals,0.3.0,empirical_qrf,0.0,0.0,0.0,,1041171555324455918,2026-01-10 19:59:24.253457
2026-01-10,24675,TB,PHI,30005562,Declan Carlile,goals,rf_qrf_goals,0.3.0,empirical_qrf,0.0,0.0,0.0,,1041171555324455918,2026-01-10 19:59:24.253457
2026-01-10,24675,TB,PHI,30005740,Dyllan Gill,goals,rf_qrf_goals,0.3.0,empirical_qrf,0.0022448129327939884,0.0014383662082433173,0.003172301304051297,,1041171555324455918,2026-01-10 19:59:24.253457
2026-01-10,24675,TB,PHI,30004631,Charle-Edouard D'Astous,goals,rf_qrf_goals,0.3.0,empirical_qrf,0.0,0.0,0.0,,1041171555324455918,2026-01-10 19:59:24.253457
2026-01-10,24675,TB,PHI,30004754,Mitchell Chaffee,goals,rf_qrf_goals,0.3.0,empirical_qrf,0.21272997835497834,0.0,0.5,,1041171555324455918,2026-01-10 19:59:24.253457
2026-01-10,24675,TB,PHI,30004836,Jack Finley,goals,rf_qrf_goals,0.3.0,empirical_qrf,0.006020973172489747,0.0,0.013605442176870748,,1041171555324455918,2026-01-10 19:59:24.253457
2026-01-10,24675,TB,PHI,30004838,Gage Goncalves,goals,rf_qrf_goals,0.3.0,empirical_qrf,0.0002380952380952381,0.0,0.0,,1041171555324455918,2026-01-10 19:59:24.253457
2026-01-10,24675,TB,PHI,30004840,Maxim Groshev,goals,rf_qrf_goals,0.3.0,empirical_qrf,0.03300727513227513,0.0,0.0,,1041171555324455918,2026-01-10 19:59:24.253457
2026-01-10,24675,TB,PHI,30004974,Pontus Holmberg,goals,rf_qrf_goals,0.3.0,empirical_qrf,0.0,0.0,0.0,,1041171555324455918,2026-01-10 19:59:24.253457
2026-01-10,24675,TB,PHI,30003478,Darren Raddysh,goals,rf_qrf_goals,0.3.0,empirical_qrf,0.03831944444444445,0.0,0.0,,1041171555324455918,2026-01-10 19:59:24.253457
2026-01-10,24675,TB,PHI,30004182,Curtis Douglas,goals,rf_qrf_goals,0.3.0,empirical_qrf,0.0025715974423436436,0.0,0.005356312485468497,,1041171555324455918,2026-01-10 19:59:24.253457
2026-01-10,24675,TB,PHI,30004280,Joel Teasdale,goals,rf_qrf_goals,0.3.0,empirical_qrf,0.0025715974423436436,0.0,0.005356312485468497,,1041171555324455918,2026-01-10 19:59:24.253457
2026-01-10,24675,TB,PHI,30004487,Jakob Pelletier,goals,rf_qrf_goals,0.3.0,empirical_qrf,0.0138736284412755,0.0,0.0,,1041171555324455918,2026-01-10 19:59:24.253457
2026-01-10,24675,TB,PHI,30004540,Reece Newkirk,goals,rf_qrf_goals,0.3.0,empirical_qrf,0.0022222222222222222,0.0,0.0,,1041171555324455918,2026-01-10 19:59:24.253457
2026-01-10,24675,TB,PHI,30004567,Simon Lundmark,goals,rf_qrf_goals,0.3.0,empirical_qrf,0.0,0.0,0.0,,1041171555324455918,2026-01-10 19:59:24.253457
2026-01-10,24675,TB,PHI,30002604,Brandon Halverson,goals,rf_qrf_goals,0.3.0,empirical_qrf,0.0022448129327939884,0.0014383662082433173,0.003172301304051297,,1041171555324455918,2026-01-10 19:59:24.253457
2026-01-10,24675,TB,PHI,30002606,Jonas Johansson,goals,rf_qrf_goals,0.3.0,empirical_qrf,0.0022448129327939884,0.0014383662082433173,0.003172301304051297,,1041171555324455918,2026-01-10 19:59:24.253457
2026-01-10,24675,TB,PHI,30002821,Erik Cernak,goals,rf_qrf_goals,0.3.0,empirical_qrf,0.0,0.0,0.0,,1041171555324455918,2026-01-10 19:59:24.253457
2026-01-10,24675,TB,PHI,30002845,Anthony Cirelli,goals,rf_qrf_goals,0.3.0,empirical_qrf,0.0022198172198172198,0.0,0.0,,1041171555324455918,2026-01-10 19:59:24.253457
2026-01-10,24675,TB,PHI,30002974,Kale Kessy,goals,rf_qrf_goals,0.3.0,empirical_qrf,0.0025715974423436436,0.0,0.005356312485468497,,1041171555324455918,2026-01-10 19:59:24.253457
2026-01-10,24675,TB,PHI,30003250,Brandon Hagel,goals,rf_qrf_goals,0.3.0,empirical_qrf,0.0,0.0,0.0,,1041171555324455918,2026-01-10 19:59:24.253457
2026-01-10,24675,TB,PHI,30001084,Ryan McDonagh,goals,rf_qrf_goals,0.3.0,empirical_qrf,0.0,0.0,0.0,,1041171555324455918,2026-01-10 19:59:24.253457
2026-01-10,24675,TB,PHI,30001178,Yanni Gourde,goals,rf_qrf_goals,0.3.0,empirical_qrf,0.021908741775883877,0.0,0.04305750350631137,,1041171555324455918,2026-01-10 19:59:24.253457
2026-01-10,24675,TB,PHI,30001377,Andrei Vasilevskiy,goals,rf_qrf_goals,0.3.0,empirical_qrf,0.0022448129327939884,0.0014383662082433173,0.003172301304051297,,1041171555324455918,2026-01-10 19:59:24.253457
2026-01-10,24675,TB,PHI,30002516,Steven Santini,goals,rf_qrf_goals,0.3.0,empirical_qrf,0.01111723250066587,0.0,0.02656047197640118,,1041171555324455918,2026-01-10 19:59:24.253457
2026-01-10,24675,TB,PHI,30002532,Jake Guentzel,goals,rf_qrf_goals,0.3.0,empirical_qrf,0.0025,0.0,0.0,,1041171555324455918,2026-01-10 19:59:24.253457
2026-01-10,24675,TB,PHI,30002549,Scott Sabourin,goals,rf_qrf_goals,0.3.0,empirical_qrf,0.01111723250066587,0.0,0.02656047197640118,,1041171555324455918,2026-01-10 19:59:24.253457
2026-01-10,24676,FLA,OTT,30000074,Brad Marchand,goals,rf_qrf_goals,0.3.0,empirical_qrf,0.002416666666666667,0.0,0.0,,1041171555324455918,2026-01-10 19:59:24.253457
2026-01-10,24676,FLA,OTT,30000201,Keith Kinkaid,goals,rf_qrf_goals,0.3.0,empirical_qrf,0.0022448129327939884,0.0014383662082433173,0.003172301304051297,,1041171555324455918,2026-01-10 19:59:24.253457
2026-01-10,24676,FLA,OTT,30000228,Aleksander Barkov,goals,rf_qrf_goals,0.3.0,empirical_qrf,0.0,0.0,0.0,,1041171555324455918,2026-01-10 19:59:24.253457
2026-01-10,24676,FLA,OTT,30000232,Dmitry Kulikov,goals,rf_qrf_goals,0.3.0,empirical_qrf,0.013510883039157567,0.004464285714285714,0.023906288720715225,,1041171555324455918,2026-01-10 19:59:24.253457
2026-01-10,24676,FLA,OTT,30000239,Aaron Ekblad,goals,rf_qrf_goals,0.3.0,empirical_qrf,0.021908741775883877,0.0,0.04305750350631137,,1041171555324455918,2026-01-10 19:59:24.253457
2026-01-10,24676,FLA,OTT,30000253,Seth Jones,goals,rf_qrf_goals,0.3.0,empirical_qrf,0.0,0.0,0.0,,1041171555324455918,2026-01-10 19:59:24.253457
2026-01-10,24676,OTT,FLA,30006054,Nikolas Matinpalo,goals,rf_qrf_goals,0.3.0,empirical_qrf,0.0,0.0,0.0,,1041171555324455918,2026-01-10 19:59:24.253457
2026-01-10,24676,OTT,FLA,30006240,Matthew Andonovski,goals,rf_qrf_goals,0.3.0,empirical_qrf,0.0022448129327939884,0.0014383662082433173,0.003172301304051297,,1041171555324455918,2026-01-10 19:59:24.253457
2026-01-10,24676,OTT,FLA,30006395,Djibril Toure,goals,rf_qrf_goals,0.3.0,empirical_qrf,0.0022448129327939884,0.0014383662082433173,0.003172301304051297,,1041171555324455918,2026-01-10 19:59:24.253457
2026-01-10,24676,OTT,FLA,30000430,James Reimer,goals,rf_qrf_goals,0.3.0,empirical_qrf,0.0022448129327939884,0.0014383662082433173,0.003172301304051297,,1041171555324455918,2026-01-10 19:59:24.253457
2026-01-10,24676,OTT,FLA,30005045,Hunter Shepard,goals,rf_qrf_goals,0.3.0,empirical_qrf,0.0022448129327939884,0.0014383662082433173,0.003172301304051297,,1041171555324455918,2026-01-10 19:59:24.253457
2026-01-10,24676,OTT,FLA,30005009,Xavier Bourgault,goals,rf_qrf_goals,0.3.0,empirical_qrf,0.0,0.0,0.0,,1041171555324455918,2026-01-10 19:59:24.253457
2026-01-10,24676,OTT,FLA,30005175,Jake Chiasson,goals,rf_qrf_goals,0.3.0,empirical_qrf,0.0022448129327939884,0.0014383662082433173,0.003172301304051297,,1041171555324455918,2026-01-10 19:59:24.253457
2026-01-10,24676,OTT,FLA,30005201,Sam Sedley,goals,rf_qrf_goals,0.3.0,empirical_qrf,0.0022448129327939884,0.0014383662082433173,0.003172301304051297,,1041171555324455918,2026-01-10 19:59:24.253457
2026-01-10,24676,OTT,FLA,30005583,Wyatt Bongiovanni,goals,rf_qrf_goals,0.3.0,empirical_qrf,0.0022448129327939884,0.0014383662082433173,0.003172301304051297,,1041171555324455918,2026-01-10 19:59:24.253457
2026-01-10,24676,OTT,FLA,30005717,Oskar Pettersson,goals,rf_qrf_goals,0.3.0,empirical_qrf,0.03179163071119181,0.0,0.07905263157894739,,1041171555324455918,2026-01-10 19:59:24.253457
2026-01-10,24676,OTT,FLA,30005987,Mark Duarte,goals,rf_qrf_goals,0.3.0,empirical_qrf,0.0022448129327939884,0.0014383662082433173,0.003172301304051297,,1041171555324455918,2026-01-10 19:59:24.253457
2026-01-10,24676,OTT,FLA,30004819,Jake Sanderson,goals,rf_qrf_goals,0.3.0,empirical_qrf,0.0,0.0,0.0,,1041171555324455918,2026-01-10 19:59:24.253457
2026-01-10,24676,OTT,FLA,30004821,Tim Stützle,goals,rf_qrf_goals,0.3.0,empirical_qrf,0.0689781746031746,0.0,0.4,,1041171555324455918,2026-01-10 19:59:24.253457
2026-01-10,24676,OTT,FLA,30004852,Tyler Kleven,goals,rf_qrf_goals,0.3.0,empirical_qrf,0.0,0.0,0.0,,1041171555324455918,2026-01-10 19:59:24.253457
2026-01-10,24676,OTT,FLA,30004860,Leevi Merilainen,goals,rf_qrf_goals,0.3.0,empirical_qrf,0.0022448129327939884,0.0014383662082433173,0.003172301304051297,,1041171555324455918,2026-01-10 19:59:24.253457
2026-01-10,24676,OTT,FLA,30004908,Carter Savoie,goals,rf_qrf_goals,0.3.0,empirical_qrf,0.0,0.0,0.0,,1041171555324455918,2026-01-10 19:59:24.253457
2026-01-10,24676,OTT,FLA,30004958,Olle Lycksell,goals,rf_qrf_goals,0.3.0,empirical_qrf,0.0,0.0,0.0,,1041171555324455918,2026-01-10 19:59:24.253457
2026-01-10,24676,OTT,FLA,30004514,Shane Pinto,goals,rf_qrf_goals,0.3.0,empirical_qrf,0.03631746031746032,0.0,0.0,,1041171555324455918,2026-01-10 19:59:24.253457
2026-01-10,24676,OTT,FLA,30004521,Mads Sogaard,goals,rf_qrf_goals,0.3.0,empirical_qrf,0.0022448129327939884,0.0014383662082433173,0.003172301304051297,,1041171555324455918,2026-01-10 19:59:24.253457
2026-01-10,24676,OTT,FLA,30004553,Jordan Spence,goals,rf_qrf_goals,0.3.0,empirical_qrf,0.0,0.0,0.0,,1041171555324455918,2026-01-10 19:59:24.253457
2026-01-10,24676,OTT,FLA,30004596,Keean Washkurak,goals,rf_qrf_goals,0.3.0,empirical_qrf,0.0,0.0,0.0,,1041171555324455918,2026-01-10 19:59:24.253457
2026-01-10,24676,OTT,FLA,30004773,Artem Zub,goals,rf_qrf_goals,0.3.0,empirical_qrf,0.021908741775883877,0.0,0.04305750350631137,,1041171555324455918,2026-01-10 19:59:24.253457
2026-01-10,24676,OTT,FLA,30004802,Ridly Greig,goals,rf_qrf_goals,0.3.0,empirical_qrf,0.0,0.0,0.0,,1041171555324455918,2026-01-10 19:59:24.253457
2026-01-10,24676,OTT,FLA,30003896,Drake Batherson,goals,rf_qrf_goals,0.3.0,empirical_qrf,0.0,0.0,0.0,,1041171555324455918,2026-01-10 19:59:24.253457
2026-01-10,24676,OTT,FLA,30004077,Brady Tkachuk,goals,rf_qrf_goals,0.3.0,empirical_qrf,0.0,0.0,0.0,,1041171555324455918,2026-01-10 19:59:24.253457
2026-01-10,24676,OTT,FLA,30004143,Jan Jenik,goals,rf_qrf_goals,0.3.0,empirical_qrf,0.0,0.0,0.0,,1041171555324455918,2026-01-10 19:59:24.253457
2026-01-10,24676,OTT,FLA,30004479,Dylan Cozens,goals,rf_qrf_goals,0.3.0,empirical_qrf,0.0,0.0,0.0,,1041171555324455918,2026-01-10 19:59:24.253457
2026-01-10,24676,OTT,FLA,30004485,Lassi Thomson,goals,rf_qrf_goals,0.3.0,empirical_qrf,0.0,0.0,0.0,,1041171555324455918,2026-01-10 19:59:24.253457
2026-01-10,24676,OTT,FLA,30004501,Arthur Kaliyev,goals,rf_qrf_goals,0.3.0,empirical_qrf,0.0,0.0,0.0,,1041171555324455918,2026-01-10 19:59:24.253457
2026-01-10,24676,OTT,FLA,30002630,Michael Amadio,goals,rf_qrf_goals,0.3.0,empirical_qrf,0.0,0.0,0.0,,1041171555324455918,2026-01-10 19:59:24.253457
2026-01-10,24676,OTT,FLA,30002747,Hayden Hodgson,goals,rf_qrf_goals,0.3.0,empirical_qrf,0.006020973172489747,0.0,0.013605442176870748,,1041171555324455918,2026-01-10 19:59:24.253457
2026-01-10,24676,OTT,FLA,30002850,Dennis Gilbert,goals,rf_qrf_goals,0.3.0,empirical_qrf,0.005982717910736865,0.0,0.01317543859649123,,1041171555324455918,2026-01-10 19:59:24.253457
2026-01-10,24676,OTT,FLA,30003215,Garrett Pilon,goals,rf_qrf_goals,0.3.0,empirical_qrf,0.0022448129327939884,0.0014383662082433173,0.003172301304051297,,1041171555324455918,2026-01-10 19:59:24.253457
2026-01-10,24676,OTT,FLA,30003711,Fabian Zetterlund,goals,rf_qrf_goals,0.3.0,empirical_qrf,0.0019444444444444442,0.0,0.0,,1041171555324455918,2026-01-10 19:59:24.253457
2026-01-10,24676,OTT,FLA,30003732,Cameron Crotty,goals,rf_qrf_goals,0.3.0,empirical_qrf,0.0022448129327939884,0.0014383662082433173,0.003172301304051297,,1041171555324455918,2026-01-10 19:59:24.253457
2026-01-10,24676,OTT,FLA,30000442,Scott Harrington,goals,rf_qrf_goals,0.3.0,empirical_qrf,0.0022448129327939884,0.0014383662082433173,0.003172301304051297,,1041171555324455918,2026-01-10 19:59:24.253457
2026-01-10,24676,OTT,FLA,30000446,Thomas Chabot,goals,rf_qrf_goals,0.3.0,empirical_qrf,0.0055833333333333325,0.0,0.0,,1041171555324455918,2026-01-10 19:59:24.253457
2026-01-10,24676,OTT,FLA,30000580,Malcolm Subban,goals,rf_qrf_goals,0.3.0,empirical_qrf,0.0022448129327939884,0.0014383662082433173,0.003172301304051297,,1041171555324455918,2026-01-10 19:59:24.253457
2026-01-10,24676,OTT,FLA,30000845,Nick Jensen,goals,rf_qrf_goals,0.3.0,empirical_qrf,0.028187798465970085,0.0,0.0547945205479452,,1041171555324455918,2026-01-10 19:59:24.253457
2026-01-10,24676,OTT,FLA,30000959,Kurtis MacDermid,goals,rf_qrf_goals,0.3.0,empirical_qrf,0.0022448129327939884,0.0014383662082433173,0.003172301304051297,,1041171555324455918,2026-01-10 19:59:24.253457
2026-01-10,24676,OTT,FLA,30001374,Linus Ullmark,goals,rf_qrf_goals,0.3.0,empirical_qrf,0.0022448129327939884,0.0014383662082433173,0.003172301304051297,,1041171555324455918,2026-01-10 19:59:24.253457
2026-01-10,24676,FLA,OTT,30006326,Michael Simpson,goals,rf_qrf_goals,0.3.0,empirical_qrf,0.0022448129327939884,0.0014383662082433173,0.003172301304051297,,1041171555324455918,2026-01-10 19:59:24.253457
2026-01-10,24676,FLA,OTT,30006394,Graham McPhee,goals,rf_qrf_goals,0.3.0,empirical_qrf,0.0,0.0,0.0,,1041171555324455918,2026-01-10 19:59:24.253457
2026-01-10,24676,OTT,FLA,30000012,Lars Eller,goals,rf_qrf_goals,0.3.0,empirical_qrf,0.0,0.0,0.0,,1041171555324455918,2026-01-10 19:59:24.253457
2026-01-10,24676,OTT,FLA,30000052,Claude Giroux,goals,rf_qrf_goals,0.3.0,empirical_qrf,0.0,0.0,0.0,,1041171555324455918,2026-01-10 19:59:24.253457
2026-01-10,24676,OTT,FLA,30000263,Nick Cousins,goals,rf_qrf_goals,0.3.0,empirical_qrf,0.0,0.0,0.0,,1041171555324455918,2026-01-10 19:59:24.253457
2026-01-10,24676,OTT,FLA,30000397,David Perron,goals,rf_qrf_goals,0.3.0,empirical_qrf,0.03300727513227513,0.0,0.0,,1041171555324455918,2026-01-10 19:59:24.253457
2026-01-10,24676,FLA,OTT,30005849,Kai Schwindt,goals,rf_qrf_goals,0.3.0,empirical_qrf,0.021908741775883877,0.0,0.04305750350631137,,1041171555324455918,2026-01-10 19:59:24.253457
2026-01-10,24676,FLA,OTT,30005850,Sandis Vilmanis,goals,rf_qrf_goals,0.3.0,empirical_qrf,0.0,0.0,0.0,,1041171555324455918,2026-01-10 19:59:24.253457
2026-01-10,24676,FLA,OTT,30006034,Jake Livingstone,goals,rf_qrf_goals,0.3.0,empirical_qrf,0.01111723250066587,0.0,0.02656047197640118,,1041171555324455918,2026-01-10 19:59:24.253457
2026-01-10,24676,FLA,OTT,30006040,Ryan McAllister,goals,rf_qrf_goals,0.3.0,empirical_qrf,0.0,0.0,0.0,,1041171555324455918,2026-01-10 19:59:24.253457
2026-01-10,24676,FLA,OTT,30006048,Uvis Balinskis,goals,rf_qrf_goals,0.3.0,empirical_qrf,0.0,0.0,0.0,,1041171555324455918,2026-01-10 19:59:24.253457
2026-01-10,24676,FLA,OTT,30006097,Gracyn Sawchyn,goals,rf_qrf_goals,0.3.0,empirical_qrf,0.021908741775883877,0.0,0.04305750350631137,,1041171555324455918,2026-01-10 19:59:24.253457
2026-01-10,24676,FLA,OTT,30005025,Evan Nause,goals,rf_qrf_goals,0.3.0,empirical_qrf,0.0,0.0,0.0,,1041171555324455918,2026-01-10 19:59:24.253457
2026-01-10,24676,FLA,OTT,30005215,Cole Krygier,goals,rf_qrf_goals,0.3.0,empirical_qrf,0.0022448129327939884,0.0014383662082433173,0.003172301304051297,,1041171555324455918,2026-01-10 19:59:24.253457
2026-01-10,24676,FLA,OTT,30005556,Mack Guzda,goals,rf_qrf_goals,0.3.0,empirical_qrf,0.0022448129327939884,0.0014383662082433173,0.003172301304051297,,1041171555324455918,2026-01-10 19:59:24.253457
2026-01-10,24676,FLA,OTT,30005598,Mitchell Russell,goals,rf_qrf_goals,0.3.0,empirical_qrf,0.0022448129327939884,0.0014383662082433173,0.003172301304051297,,1041171555324455918,2026-01-10 19:59:24.253457
2026-01-10,24676,FLA,OTT,30005723,Marek Alscher,goals,rf_qrf_goals,0.3.0,empirical_qrf,0.028187798465970085,0.0,0.0547945205479452,,1041171555324455918,2026-01-10 19:59:24.253457
2026-01-10,24676,FLA,OTT,30005848,Josh Davies,goals,rf_qrf_goals,0.3.0,empirical_qrf,0.0,0.0,0.0,,1041171555324455918,2026-01-10 19:59:24.253457
2026-01-10,24676,FLA,OTT,30004517,Robert Mastrosimone,goals,rf_qrf_goals,0.3.0,empirical_qrf,0.0,0.0,0.0,,1041171555324455918,2026-01-10 19:59:24.253457
2026-01-10,24676,FLA,OTT,30004574,Cole Schwindt,goals,rf_qrf_goals,0.3.0,empirical_qrf,0.0,0.0,0.0,,1041171555324455918,2026-01-10 19:59:24.253457
2026-01-10,24676,FLA,OTT,30004809,Anton Lundell,goals,rf_qrf_goals,0.3.0,empirical_qrf,0.0,0.0,0.0,,1041171555324455918,2026-01-10 19:59:24.253457
2026-01-10,24676,FLA,OTT,30004873,Donovan Sebrango,goals,rf_qrf_goals,0.3.0,empirical_qrf,0.012419660958125764,0.0,0.028985507246376812,,1041171555324455918,2026-01-10 19:59:24.253457
2026-01-10,24676,FLA,OTT,30004886,Michael Benning,goals,rf_qrf_goals,0.3.0,empirical_qrf,0.004861111111111111,0.0,0.0,,1041171555324455918,2026-01-10 19:59:24.253457
2026-01-10,24676,FLA,OTT,30005000,Mackie Samoskevich,goals,rf_qrf_goals,0.3.0,empirical_qrf,0.0,0.0,0.0,,1041171555324455918,2026-01-10 19:59:24.253457
2026-01-10,24676,FLA,OTT,30003671,Jack Studnicka,goals,rf_qrf_goals,0.3.0,empirical_qrf,0.0003333333333333334,0.0,0.0,,1041171555324455918,2026-01-10 19:59:24.253457
2026-01-10,24676,FLA,OTT,30003681,Eetu Luostarinen,goals,rf_qrf_goals,0.3.0,empirical_qrf,0.013111111111111112,0.0,0.0,,1041171555324455918,2026-01-10 19:59:24.253457
2026-01-10,24676,FLA,OTT,30003683,Jesper Boqvist,goals,rf_qrf_goals,0.3.0,empirical_qrf,0.0,0.0,0.0,,1041171555324455918,2026-01-10 19:59:24.253457
2026-01-10,24676,FLA,OTT,30003694,Jonah Gadjovich,goals,rf_qrf_goals,0.3.0,empirical_qrf,0.0,0.0,0.0,,1041171555324455918,2026-01-10 19:59:24.253457
2026-01-10,24676,FLA,OTT,30004088,Jay O'Brien,goals,rf_qrf_goals,0.3.0,empirical_qrf,0.0022448129327939884,0.0014383662082433173,0.003172301304051297,,1041171555324455918,2026-01-10 19:59:24.253457
2026-01-10,24676,FLA,OTT,30004497,Tobias Bjornfot,goals,rf_qrf_goals,0.3.0,empirical_qrf,0.0,0.0,0.0,,1041171555324455918,2026-01-10 19:59:24.253457
2026-01-10,24676,FLA,OTT,30002796,Mitchell Vande Sompel,goals,rf_qrf_goals,0.3.0,empirical_qrf,0.0,0.0,0.0,,1041171555324455918,2026-01-10 19:59:24.253457
2026-01-10,24676,FLA,OTT,30002839,A.J. Greer,goals,rf_qrf_goals,0.3.0,empirical_qrf,0.0,0.0,0.0,,1041171555324455918,2026-01-10 19:59:24.253457
2026-01-10,24676,FLA,OTT,30003077,Tyler Motte,goals,rf_qrf_goals,0.3.0,empirical_qrf,0.0,0.0,0.0,,1041171555324455918,2026-01-10 19:59:24.253457
2026-01-10,24676,FLA,OTT,30003134,Matthew Tkachuk,goals,rf_qrf_goals,0.3.0,empirical_qrf,0.0011111111111111111,0.0,0.0,,1041171555324455918,2026-01-10 19:59:24.253457
2026-01-10,24676,FLA,OTT,30003150,Luke Kunin,goals,rf_qrf_goals,0.3.0,empirical_qrf,0.0025715974423436436,0.0,0.005356312485468497,,1041171555324455918,2026-01-10 19:59:24.253457
2026-01-10,24676,FLA,OTT,30003468,Evan Cormier,goals,rf_qrf_goals,0.3.0,empirical_qrf,0.0022448129327939884,0.0014383662082433173,0.003172301304051297,,1041171555324455918,2026-01-10 19:59:24.253457
2026-01-10,24676,FLA,OTT,30001035,Tomás Nosek,goals,rf_qrf_goals,0.3.0,empirical_qrf,0.0022448129327939884,0.0014383662082433173,0.003172301304051297,,1041171555324455918,2026-01-10 19:59:24.253457
2026-01-10,24676,FLA,OTT,30001159,Carter Verhaeghe,goals,rf_qrf_goals,0.3.0,empirical_qrf,0.00836111111111111,0.0,0.0,,1041171555324455918,2026-01-10 19:59:24.253457
2026-01-10,24676,FLA,OTT,30001387,Niko Mikkola,goals,rf_qrf_goals,0.3.0,empirical_qrf,0.021908741775883877,0.0,0.04305750350631137,,1041171555324455918,2026-01-10 19:59:24.253457
2026-01-10,24676,FLA,OTT,30001448,Daniil Tarasov,goals,rf_qrf_goals,0.3.0,empirical_qrf,0.0022448129327939884,0.0014383662082433173,0.003172301304051297,,1041171555324455918,2026-01-10 19:59:24.253457
2026-01-10,24676,FLA,OTT,30002069,Nathan Smith,goals,rf_qrf_goals,0.3.0,empirical_qrf,0.0,0.0,0.0,,1041171555324455918,2026-01-10 19:59:24.253457
2026-01-10,24676,FLA,OTT,30002758,Gustav Forsling,goals,rf_qrf_goals,0.3.0,empirical_qrf,0.0,0.0,0.0,,1041171555324455918,2026-01-10 19:59:24.253457
2026-01-10,24676,FLA,OTT,30000559,Sam Bennett,goals,rf_qrf_goals,0.3.0,empirical_qrf,0.0011666666666666665,0.0,0.0,,1041171555324455918,2026-01-10 19:59:24.253457
2026-01-10,24676,FLA,OTT,30000667,Sergei Bobrovsky,goals,rf_qrf_goals,0.3.0,empirical_qrf,0.0022448129327939884,0.0014383662082433173,0.003172301304051297,,1041171555324455918,2026-01-10 19:59:24.253457
2026-01-10,24676,FLA,OTT,30000723,Jeff Petry,goals,rf_qrf_goals,0.3.0,empirical_qrf,0.006944444444444443,0.0,0.0,,1041171555324455918,2026-01-10 19:59:24.253457
2026-01-10,24676,FLA,OTT,30000934,Louis Domingue,goals,rf_qrf_goals,0.3.0,empirical_qrf,0.0022448129327939884,0.0014383662082433173,0.003172301304051297,,1041171555324455918,2026-01-10 19:59:24.253457
2026-01-10,24676,FLA,OTT,30000980,Sam Reinhart,goals,rf_qrf_goals,0.3.0,empirical_qrf,0.0022222222222222222,0.0,0.0,,1041171555324455918,2026-01-10 19:59:24.253457
2026-01-10,24676,FLA,OTT,30000981,Evan Rodrigues,goals,rf_qrf_goals,0.3.0,empirical_qrf,0.014055555555555556,0.0,0.0,,1041171555324455918,2026-01-10 19:59:24.253457
2026-01-10,24677,DET,MON,30000043,James van Riemsdyk,goals,rf_qrf_goals,0.3.0,empirical_qrf,0.06619841269841269,0.0,0.3333333333333333,,1041171555324455918,2026-01-10 19:59:24.253457
2026-01-10,24677,DET,MON,30000186,Austin Watson,goals,rf_qrf_goals,0.3.0,empirical_qrf,0.03471016818717223,0.0,0.08,,1041171555324455918,2026-01-10 19:59:24.253457
2026-01-10,24677,DET,MON,30000563,Cam Talbot,goals,rf_qrf_goals,0.3.0,empirical_qrf,0.0022448129327939884,0.0014383662082433173,0.003172301304051297,,1041171555324455918,2026-01-10 19:59:24.253457
2026-01-10,24677,DET,MON,30000821,Andrew Copp,goals,rf_qrf_goals,0.3.0,empirical_qrf,0.0,0.0,0.0,,1041171555324455918,2026-01-10 19:59:24.253457
2026-01-10,24677,DET,MON,30000846,Dylan Larkin,goals,rf_qrf_goals,0.3.0,empirical_qrf,0.0014999999999999998,0.0,0.0,,1041171555324455918,2026-01-10 19:59:24.253457
2026-01-10,24677,DET,MON,30000866,Patrick Kane,goals,rf_qrf_goals,0.3.0,empirical_qrf,0.0,0.0,0.0,,1041171555324455918,2026-01-10 19:59:24.253457
2026-01-10,24677,MON,DET,30006152,Florian Xhekaj,goals,rf_qrf_goals,0.3.0,empirical_qrf,0.0,0.0,0.0,,1041171555324455918,2026-01-10 19:59:24.253457
2026-01-10,24677,MON,DET,30006358,Israel Mianscum,goals,rf_qrf_goals,0.3.0,empirical_qrf,0.0022448129327939884,0.0014383662082433173,0.003172301304051297,,1041171555324455918,2026-01-10 19:59:24.253457
2026-01-10,24677,MON,DET,30006485,Ivan Demidov,goals,rf_qrf_goals,0.3.0,empirical_qrf,0.0,0.0,0.0,,1041171555324455918,2026-01-10 19:59:24.253457
2026-01-10,24677,DET,MON,30003859,Sheldon Dries,goals,rf_qrf_goals,0.3.0,empirical_qrf,0.0,0.0,0.0,,1041171555324455918,2026-01-10 19:59:24.253457
2026-01-10,24677,MON,DET,30005645,Filip Mesar,goals,rf_qrf_goals,0.3.0,empirical_qrf,0.0,0.0,0.0,,1041171555324455918,2026-01-10 19:59:24.253457
2026-01-10,24677,MON,DET,30005655,Lane Hutson,goals,rf_qrf_goals,0.3.0,empirical_qrf,0.0,0.0,0.0,,1041171555324455918,2026-01-10 19:59:24.253457
2026-01-10,24677,MON,DET,30005656,Owen Beck,goals,rf_qrf_goals,0.3.0,empirical_qrf,0.060668158980471246,0.0,0.14285714285714285,,1041171555324455918,2026-01-10 19:59:24.253457
2026-01-10,24677,MON,DET,30005806,Jared Davidson,goals,rf_qrf_goals,0.3.0,empirical_qrf,0.013510883039157567,0.004464285714285714,0.023906288720715225,,1041171555324455918,2026-01-10 19:59:24.253457
2026-01-10,24677,MON,DET,30006060,David Reinbacher,goals,rf_qrf_goals,0.3.0,empirical_qrf,0.0025715974423436436,0.0,0.005356312485468497,,1041171555324455918,2026-01-10 19:59:24.253457
2026-01-10,24677,MON,DET,30006127,Jacob Fowler,goals,rf_qrf_goals,0.3.0,empirical_qrf,0.0022448129327939884,0.0014383662082433173,0.003172301304051297,,1041171555324455918,2026-01-10 19:59:24.253457
2026-01-10,24677,MON,DET,30005128,Arber Xhekaj,goals,rf_qrf_goals,0.3.0,empirical_qrf,0.0,0.0,0.0,,1041171555324455918,2026-01-10 19:59:24.253457
2026-01-10,24677,MON,DET,30005287,Gannon Laroque,goals,rf_qrf_goals,0.3.0,empirical_qrf,0.0022448129327939884,0.0014383662082433173,0.003172301304051297,,1041171555324455918,2026-01-10 19:59:24.253457
2026-01-10,24677,MON,DET,30005288,Ben Gaudreau,goals,rf_qrf_goals,0.3.0,empirical_qrf,0.0022448129327939884,0.0014383662082433173,0.003172301304051297,,1041171555324455918,2026-01-10 19:59:24.253457
2026-01-10,24677,MON,DET,30005534,Jakub Dobes,goals,rf_qrf_goals,0.3.0,empirical_qrf,0.0022448129327939884,0.0014383662082433173,0.003172301304051297,,1041171555324455918,2026-01-10 19:59:24.253457
2026-01-10,24677,MON,DET,30005574,Lucas Condotta,goals,rf_qrf_goals,0.3.0,empirical_qrf,0.0,0.0,0.0,,1041171555324455918,2026-01-10 19:59:24.253457
2026-01-10,24677,MON,DET,30005631,Juraj Slafkovsky,goals,rf_qrf_goals,0.3.0,empirical_qrf,0.0,0.0,0.0,,1041171555324455918,2026-01-10 19:59:24.253457
2026-01-10,24677,MON,DET,30005021,Oliver Kapanen,goals,rf_qrf_goals,0.3.0,empirical_qrf,0.0011237373737373736,0.0,0.0,,1041171555324455918,2026-01-10 19:59:24.253457
2026-01-10,24677,MON,DET,30005022,Riley Kidney,goals,rf_qrf_goals,0.3.0,empirical_qrf,6.41025641025641e-05,0.0,0.0,,1041171555324455918,2026-01-10 19:59:24.253457
2026-01-10,24677,MON,DET,30005118,Tobie Paquette-Bisson,goals,rf_qrf_goals,0.3.0,empirical_qrf,0.0,0.0,0.0,,1041171555324455918,2026-01-10 19:59:24.253457
2026-01-10,24677,MON,DET,30005121,Joshua Roy,goals,rf_qrf_goals,0.3.0,empirical_qrf,0.0,0.0,0.0,,1041171555324455918,2026-01-10 19:59:24.253457
2026-01-10,24677,MON,DET,30005122,Xavier Simoneau,goals,rf_qrf_goals,0.3.0,empirical_qrf,0.0022448129327939884,0.0014383662082433173,0.003172301304051297,,1041171555324455918,2026-01-10 19:59:24.253457
2026-01-10,24677,MON,DET,30005127,Joe Vrbetic,goals,rf_qrf_goals,0.3.0,empirical_qrf,0.0022448129327939884,0.0014383662082433173,0.003172301304051297,,1041171555324455918,2026-01-10 19:59:24.253457
2026-01-10,24677,MON,DET,30004866,Ryan O'Rourke,goals,rf_qrf_goals,0.3.0,empirical_qrf,0.0,0.0,0.0,,1041171555324455918,2026-01-10 19:59:24.253457
2026-01-10,24677,MON,DET,30004876,Ty Smilanic,goals,rf_qrf_goals,0.3.0,empirical_qrf,0.0022448129327939884,0.0014383662082433173,0.003172301304051297,,1041171555324455918,2026-01-10 19:59:24.253457
2026-01-10,24677,MON,DET,30004894,Sean Farrell,goals,rf_qrf_goals,0.3.0,empirical_qrf,0.10659701355289591,0.0,0.25,,1041171555324455918,2026-01-10 19:59:24.253457
2026-01-10,24677,MON,DET,30004928,Cole Caufield,goals,rf_qrf_goals,0.3.0,empirical_qrf,0.0005555555555555556,0.0,0.0,,1041171555324455918,2026-01-10 19:59:24.253457
2026-01-10,24677,MON,DET,30004950,Marc Del Gaizo,goals,rf_qrf_goals,0.3.0,empirical_qrf,0.0,0.0,0.0,,1041171555324455918,2026-01-10 19:59:24.253457
2026-01-10,24677,MON,DET,30004990,Zachary Bolduc,goals,rf_qrf_goals,0.3.0,empirical_qrf,0.0,0.0,0.0,,1041171555324455918,2026-01-10 19:59:24.253457
2026-01-10,24677,MON,DET,30004361,Josh Anderson,goals,rf_qrf_goals,0.3.0,empirical_qrf,0.0,0.0,0.0,,1041171555324455918,2026-01-10 19:59:24.253457
2026-01-10,24677,MON,DET,30004472,Kirby Dach,goals,rf_qrf_goals,0.3.0,empirical_qrf,0.0,0.0,0.0,,1041171555324455918,2026-01-10 19:59:24.253457
2026-01-10,24677,MON,DET,30004486,Alex Newhook,goals,rf_qrf_goals,0.3.0,empirical_qrf,0.15190132552632551,0.0,0.3333333333333333,,1041171555324455918,2026-01-10 19:59:24.253457
2026-01-10,24677,MON,DET,30004520,Hunter Jones,goals,rf_qrf_goals,0.3.0,empirical_qrf,0.0,0.0,0.0,,1041171555324455918,2026-01-10 19:59:24.253457
2026-01-10,24677,MON,DET,30004559,Jayden Struble,goals,rf_qrf_goals,0.3.0,empirical_qrf,0.006020973172489747,0.0,0.013605442176870748,,1041171555324455918,2026-01-10 19:59:24.253457
2026-01-10,24677,MON,DET,30004803,Kaiden Guhle,goals,rf_qrf_goals,0.3.0,empirical_qrf,0.0,0.0,0.0,,1041171555324455918,2026-01-10 19:59:24.253457
2026-01-10,24677,MON,DET,30003958,Nate Clurman,goals,rf_qrf_goals,0.3.0,empirical_qrf,0.0,0.0,0.0,,1041171555324455918,2026-01-10 19:59:24.253457
2026-01-10,24677,MON,DET,30003990,Jake Evans,goals,rf_qrf_goals,0.3.0,empirical_qrf,0.0,0.0,0.0,,1041171555324455918,2026-01-10 19:59:24.253457
2026-01-10,24677,MON,DET,30004086,Noah Dobson,goals,rf_qrf_goals,0.3.0,empirical_qrf,0.0,0.0,0.0,,1041171555324455918,2026-01-10 19:59:24.253457
2026-01-10,24677,MON,DET,30004101,Joe Veleno,goals,rf_qrf_goals,0.3.0,empirical_qrf,0.0,0.0,0.0,,1041171555324455918,2026-01-10 19:59:24.253457
2026-01-10,24677,MON,DET,30004204,Wyatte Wylie,goals,rf_qrf_goals,0.3.0,empirical_qrf,0.054170634920634925,0.0,0.25,,1041171555324455918,2026-01-10 19:59:24.253457
2026-01-10,24677,MON,DET,30004284,Kevin Mandolese,goals,rf_qrf_goals,0.3.0,empirical_qrf,0.0022448129327939884,0.0014383662082433173,0.003172301304051297,,1041171555324455918,2026-01-10 19:59:24.253457
2026-01-10,24677,MON,DET,30002781,Sam Montembeault,goals,rf_qrf_goals,0.3.0,empirical_qrf,0.0022448129327939884,0.0014383662082433173,0.003172301304051297,,1041171555324455918,2026-01-10 19:59:24.253457
2026-01-10,24677,MON,DET,30002825,Alexandre Carrier,goals,rf_qrf_goals,0.3.0,empirical_qrf,0.0,0.0,0.0,,1041171555324455918,2026-01-10 19:59:24.253457
2026-01-10,24677,MON,DET,30003131,Patrik Laine,goals,rf_qrf_goals,0.3.0,empirical_qrf,0.0138736284412755,0.0,0.0,,1041171555324455918,2026-01-10 19:59:24.253457
2026-01-10,24677,MON,DET,30003667,Nick Suzuki,goals,rf_qrf_goals,0.3.0,empirical_qrf,0.0,0.0,0.0,,1041171555324455918,2026-01-10 19:59:24.253457
2026-01-10,24677,MON,DET,30003687,Alexandre Texier,goals,rf_qrf_goals,0.3.0,empirical_qrf,0.0025715974423436436,0.0,0.005356312485468497,,1041171555324455918,2026-01-10 19:59:24.253457
2026-01-10,24677,MON,DET,30003901,Alex Belzile,goals,rf_qrf_goals,0.3.0,empirical_qrf,0.0,0.0,0.0,,1041171555324455918,2026-01-10 19:59:24.253457
2026-01-10,24677,MON,DET,30000670,Sammy Blais,goals,rf_qrf_goals,0.3.0,empirical_qrf,0.021908741775883877,0.0,0.04305750350631137,,1041171555324455918,2026-01-10 19:59:24.253457
2026-01-10,24677,MON,DET,30001395,Laurent Dauphin,goals,rf_qrf_goals,0.3.0,empirical_qrf,0.0,0.0,0.0,,1041171555324455918,2026-01-10 19:59:24.253457
2026-01-10,24677,MON,DET,30001424,Phillip Danault,goals,rf_qrf_goals,0.3.0,empirical_qrf,0.0011666666666666665,0.0,0.0,,1041171555324455918,2026-01-10 19:59:24.253457
2026-01-10,24677,MON,DET,30002592,Kaapo Kahkonen,goals,rf_qrf_goals,0.3.0,empirical_qrf,0.0022448129327939884,0.0014383662082433173,0.003172301304051297,,1041171555324455918,2026-01-10 19:59:24.253457
2026-01-10,24677,MON,DET,30002601,Joshua Jacobs,goals,rf_qrf_goals,0.3.0,empirical_qrf,0.0022448129327939884,0.0014383662082433173,0.003172301304051297,,1041171555324455918,2026-01-10 19:59:24.253457
2026-01-10,24677,MON,DET,30002663,Vincent Arseneau,goals,rf_qrf_goals,0.3.0,empirical_qrf,0.0022448129327939884,0.0014383662082433173,0.003172301304051297,,1041171555324455918,2026-01-10 19:59:24.253457
2026-01-10,24677,DET,MON,30006059,Nate Danielson,goals,rf_qrf_goals,0.3.0,empirical_qrf,0.0,0.0,0.0,,1041171555324455918,2026-01-10 19:59:24.253457
2026-01-10,24677,DET,MON,30006071,Axel Sandin-Pellikka,goals,rf_qrf_goals,0.3.0,empirical_qrf,0.0,0.0,0.0,,1041171555324455918,2026-01-10 19:59:24.253457
2026-01-10,24677,DET,MON,30006201,Emmitt Finnie,goals,rf_qrf_goals,0.3.0,empirical_qrf,0.04932739708150436,0.0,0.11764705882352941,,1041171555324455918,2026-01-10 19:59:24.253457
2026-01-10,24677,MON,DET,30000015,Brendan Gallagher,goals,rf_qrf_goals,0.3.0,empirical_qrf,0.0024319985569985574,0.0,0.0,,1041171555324455918,2026-01-10 19:59:24.253457
2026-01-10,24677,MON,DET,30000227,Mike Matheson,goals,rf_qrf_goals,0.3.0,empirical_qrf,0.0005555555555555556,0.0,0.0,,1041171555324455918,2026-01-10 19:59:24.253457
2026-01-10,24677,MON,DET,30000555,Tyler Wotherspoon,goals,rf_qrf_goals,0.3.0,empirical_qrf,0.0022448129327939884,0.0014383662082433173,0.003172301304051297,,1041171555324455918,2026-01-10 19:59:24.253457
2026-01-10,24677,DET,MON,30004984,Simon Edvinsson,goals,rf_qrf_goals,0.3.0,empirical_qrf,0.00836111111111111,0.0,0.0,,1041171555324455918,2026-01-10 19:59:24.253457
2026-01-10,24677,DET,MON,30005482,Carter Mazur,goals,rf_qrf_goals,0.3.0,empirical_qrf,0.0,0.0,0.0,,1041171555324455918,2026-01-10 19:59:24.253457
2026-01-10,24677,DET,MON,30005489,Elmer Soderblom,goals,rf_qrf_goals,0.3.0,empirical_qrf,0.0,0.0,0.0,,1041171555324455918,2026-01-10 19:59:24.253457
2026-01-10,24677,DET,MON,30005630,Marco Kasper,goals,rf_qrf_goals,0.3.0,empirical_qrf,0.0,0.0,0.0,,1041171555324455918,2026-01-10 19:59:24.253457
2026-01-10,24677,DET,MON,30005780,Amadeus Lombardi,goals,rf_qrf_goals,0.3.0,empirical_qrf,0.0,0.0,0.0,,1041171555324455918,2026-01-10 19:59:24.253457
2026-01-10,24677,DET,MON,30006015,Alexandre Doucet,goals,rf_qrf_goals,0.3.0,empirical_qrf,0.005982717910736865,0.0,0.01317543859649123,,1041171555324455918,2026-01-10 19:59:24.253457
2026-01-10,24677,DET,MON,30004548,Albert Johansson,goals,rf_qrf_goals,0.3.0,empirical_qrf,0.0,0.0,0.0,,1041171555324455918,2026-01-10 19:59:24.253457
2026-01-10,24677,DET,MON,30004561,Antti Tuomisto,goals,rf_qrf_goals,0.3.0,empirical_qrf,0.0,0.0,0.0,,1041171555324455918,2026-01-10 19:59:24.253457
2026-01-10,24677,DET,MON,30004758,John Leonard,goals,rf_qrf_goals,0.3.0,empirical_qrf,0.0,0.0,0.0,,1041171555324455918,2026-01-10 19:59:24.253457
2026-01-10,24677,DET,MON,30004816,Lucas Raymond,goals,rf_qrf_goals,0.3.0,empirical_qrf,0.0452797619047619,0.0,0.25,,1041171555324455918,2026-01-10 19:59:24.253457
2026-01-10,24677,DET,MON,30004884,William Wallinder,goals,rf_qrf_goals,0.3.0,empirical_qrf,0.0,0.0,0.0,,1041171555324455918,2026-01-10 19:59:24.253457
2026-01-10,24677,DET,MON,30004983,Sebastian Cossa,goals,rf_qrf_goals,0.3.0,empirical_qrf,0.0022448129327939884,0.0014383662082433173,0.003172301304051297,,1041171555324455918,2026-01-10 19:59:24.253457
2026-01-10,24677,DET,MON,30003160,Alex DeBrincat,goals,rf_qrf_goals,0.3.0,empirical_qrf,0.0016666666666666668,0.0,0.0,,1041171555324455918,2026-01-10 19:59:24.253457
2026-01-10,24677,DET,MON,30003644,Michael Rasmussen,goals,rf_qrf_goals,0.3.0,empirical_qrf,0.0,0.0,0.0,,1041171555324455918,2026-01-10 19:59:24.253457
2026-01-10,24677,DET,MON,30003744,Mason Appleton,goals,rf_qrf_goals,0.3.0,empirical_qrf,0.060668158980471246,0.0,0.14285714285714285,,1041171555324455918,2026-01-10 19:59:24.253457
2026-01-10,24677,DET,MON,30004102,Jacob Bernard-Docker,goals,rf_qrf_goals,0.3.0,empirical_qrf,0.0,0.0,0.0,,1041171555324455918,2026-01-10 19:59:24.253457
2026-01-10,24677,DET,MON,30004186,Joel L'Esperance,goals,rf_qrf_goals,0.3.0,empirical_qrf,0.0,0.0,0.0,,1041171555324455918,2026-01-10 19:59:24.253457
2026-01-10,24677,DET,MON,30004475,Moritz Seider,goals,rf_qrf_goals,0.3.0,empirical_qrf,0.0,0.0,0.0,,1041171555324455918,2026-01-10 19:59:24.253457
2026-01-10,24677,DET,MON,30000874,John Gibson,goals,rf_qrf_goals,0.3.0,empirical_qrf,0.0022448129327939884,0.0014383662082433173,0.003172301304051297,,1041171555324455918,2026-01-10 19:59:24.253457
2026-01-10,24677,DET,MON,30000997,Travis Hamonic,goals,rf_qrf_goals,0.3.0,empirical_qrf,0.013510883039157567,0.004464285714285714,0.023906288720715225,,1041171555324455918,2026-01-10 19:59:24.253457
2026-01-10,24677,DET,MON,30001011,Erik Gustafsson,goals,rf_qrf_goals,0.3.0,empirical_qrf,0.013510883039157567,0.004464285714285714,0.023906288720715225,,1041171555324455918,2026-01-10 19:59:24.253457
2026-01-10,24677,DET,MON,30001063,Ben Chiarot,goals,rf_qrf_goals,0.3.0,empirical_qrf,0.0,0.0,0.0,,1041171555324455918,2026-01-10 19:59:24.253457
2026-01-10,24677,DET,MON,30002213,Josiah Didier,goals,rf_qrf_goals,0.3.0,empirical_qrf,0.0025715974423436436,0.0,0.005356312485468497,,1041171555324455918,2026-01-10 19:59:24.253457
2026-01-10,24677,DET,MON,30002513,J.T. Compher,goals,rf_qrf_goals,0.3.0,empirical_qrf,0.0,0.0,0.0,,1041171555324455918,2026-01-10 19:59:24.253457
2026-01-10,24678,SEA,CAR,30000303,Adam Larsson,goals,rf_qrf_goals,0.3.0,empirical_qrf,0.0,0.0,0.0,,1041171555324455918,2026-01-10 19:59:24.253457
2026-01-10,24678,SEA,CAR,30000460,Max McCormick,goals,rf_qrf_goals,0.3.0,empirical_qrf,0.0,0.0,0.0,,1041171555324455918,2026-01-10 19:59:24.253457
2026-01-10,24678,SEA,CAR,30000539,Jordan Eberle,goals,rf_qrf_goals,0.3.0,empirical_qrf,0.002888888888888889,0.0,0.0,,1041171555324455918,2026-01-10 19:59:24.253457
2026-01-10,24678,SEA,CAR,30000577,Philipp Grubauer,goals,rf_qrf_goals,0.3.0,empirical_qrf,0.0022448129327939884,0.0014383662082433173,0.003172301304051297,,1041171555324455918,2026-01-10 19:59:24.253457
2026-01-10,24678,SEA,CAR,30000596,Chandler Stephenson,goals,rf_qrf_goals,0.3.0,empirical_qrf,0.0,0.0,0.0,,1041171555324455918,2026-01-10 19:59:24.253457
2026-01-10,24678,SEA,CAR,30000629,Matt Murray,goals,rf_qrf_goals,0.3.0,empirical_qrf,0.0022448129327939884,0.0014383662082433173,0.003172301304051297,,1041171555324455918,2026-01-10 19:59:24.253457
2026-01-10,24678,CAR,SEA,30003662,Juuso Valimaki,goals,rf_qrf_goals,0.3.0,empirical_qrf,0.0022448129327939884,0.0014383662082433173,0.003172301304051297,,1041171555324455918,2026-01-10 19:59:24.253457
2026-01-10,24678,SEA,CAR,30006120,Oscar Fisker Molgaard,goals,rf_qrf_goals,0.3.0,empirical_qrf,0.0,0.0,0.0,,1041171555324455918,2026-01-10 19:59:24.253457
2026-01-10,24678,CAR,SEA,30005153,Bryce Montgomery,goals,rf_qrf_goals,0.3.0,empirical_qrf,0.0025715974423436436,0.0,0.005356312485468497,,1041171555324455918,2026-01-10 19:59:24.253457
2026-01-10,24678,CAR,SEA,30005155,Justin Robidas,goals,rf_qrf_goals,0.3.0,empirical_qrf,0.0013055555555555555,0.0,0.0,,1041171555324455918,2026-01-10 19:59:24.253457
2026-01-10,24678,CAR,SEA,30005405,Jackson Blake,goals,rf_qrf_goals,0.3.0,empirical_qrf,0.0,0.0,0.0,,1041171555324455918,2026-01-10 19:59:24.253457
2026-01-10,24678,CAR,SEA,30005573,Brandon Bussi,goals,rf_qrf_goals,0.3.0,empirical_qrf,0.0022448129327939884,0.0014383662082433173,0.003172301304051297,,1041171555324455918,2026-01-10 19:59:24.253457
2026-01-10,24678,CAR,SEA,30006098,Felix Unger Sorum,goals,rf_qrf_goals,0.3.0,empirical_qrf,0.0,0.0,0.0,,1041171555324455918,2026-01-10 19:59:24.253457
2026-01-10,24678,CAR,SEA,30005577,Noah Philp,goals,rf_qrf_goals,0.3.0,empirical_qrf,0.00368514356014356,0.0,0.0,,1041171555324455918,2026-01-10 19:59:24.253457
2026-01-10,24678,CAR,SEA,30004806,Seth Jarvis,goals,rf_qrf_goals,0.3.0,empirical_qrf,0.0,0.0,0.0,,1041171555324455918,2026-01-10 19:59:24.253457
2026-01-10,24678,CAR,SEA,30004865,Alexander Nikishin,goals,rf_qrf_goals,0.3.0,empirical_qrf,0.0,0.0,0.0,,1041171555324455918,2026-01-10 19:59:24.253457
2026-01-10,24678,CAR,SEA,30004913,Evan Vierling,goals,rf_qrf_goals,0.3.0,empirical_qrf,0.0022448129327939884,0.0014383662082433173,0.003172301304051297,,1041171555324455918,2026-01-10 19:59:24.253457
2026-01-10,24678,CAR,SEA,30004953,Pyotr Kochetkov,goals,rf_qrf_goals,0.3.0,empirical_qrf,0.005982717910736865,0.0,0.01317543859649123,,1041171555324455918,2026-01-10 19:59:24.253457
2026-01-10,24678,CAR,SEA,30005026,Aleksi Heimosalmi,goals,rf_qrf_goals,0.3.0,empirical_qrf,0.0025715974423436436,0.0,0.005356312485468497,,1041171555324455918,2026-01-10 19:59:24.253457
2026-01-10,24678,CAR,SEA,30005034,Logan Stankoven,goals,rf_qrf_goals,0.3.0,empirical_qrf,0.0008888888888888888,0.0,0.0,,1041171555324455918,2026-01-10 19:59:24.253457
2026-01-10,24678,CAR,SEA,30004075,Jesperi Kotkaniemi,goals,rf_qrf_goals,0.3.0,empirical_qrf,0.0019444444444444442,0.0,0.0,,1041171555324455918,2026-01-10 19:59:24.253457
2026-01-10,24678,CAR,SEA,30004076,Andrei Svechnikov,goals,rf_qrf_goals,0.3.0,empirical_qrf,0.0009722222222222221,0.0,0.0,,1041171555324455918,2026-01-10 19:59:24.253457
2026-01-10,24678,CAR,SEA,30004082,K'Andre Miller,goals,rf_qrf_goals,0.3.0,empirical_qrf,0.0,0.0,0.0,,1041171555324455918,2026-01-10 19:59:24.253457
2026-01-10,24678,CAR,SEA,30004385,Cayden Primeau,goals,rf_qrf_goals,0.3.0,empirical_qrf,0.0022448129327939884,0.0014383662082433173,0.003172301304051297,,1041171555324455918,2026-01-10 19:59:24.253457
2026-01-10,24678,CAR,SEA,30004537,Domenick Fensore,goals,rf_qrf_goals,0.3.0,empirical_qrf,0.0,0.0,0.0,,1041171555324455918,2026-01-10 19:59:24.253457
2026-01-10,24678,CAR,SEA,30004602,Nikita Pavlychev,goals,rf_qrf_goals,0.3.0,empirical_qrf,0.0022448129327939884,0.0014383662082433173,0.003172301304051297,,1041171555324455918,2026-01-10 19:59:24.253457
2026-01-10,24678,CAR,SEA,30002819,Sebastian Aho,goals,rf_qrf_goals,0.3.0,empirical_qrf,0.0,0.0,0.0,,1041171555324455918,2026-01-10 19:59:24.253457
2026-01-10,24678,CAR,SEA,30002980,Eric Robinson,goals,rf_qrf_goals,0.3.0,empirical_qrf,0.0,0.0,0.0,,1041171555324455918,2026-01-10 19:59:24.253457
2026-01-10,24678,CAR,SEA,30003180,Givani Smith,goals,rf_qrf_goals,0.3.0,empirical_qrf,0.0,0.0,0.0,,1041171555324455918,2026-01-10 19:59:24.253457
2026-01-10,24678,CAR,SEA,30003359,Jalen Chatfield,goals,rf_qrf_goals,0.3.0,empirical_qrf,0.0,0.0,0.0,,1041171555324455918,2026-01-10 19:59:24.253457
2026-01-10,24678,CAR,SEA,30003550,Gavin Bayreuther,goals,rf_qrf_goals,0.3.0,empirical_qrf,0.013510883039157567,0.004464285714285714,0.023906288720715225,,1041171555324455918,2026-01-10 19:59:24.253457
2026-01-10,24678,CAR,SEA,30003786,Sean Walker,goals,rf_qrf_goals,0.3.0,empirical_qrf,0.0,0.0,0.0,,1041171555324455918,2026-01-10 19:59:24.253457
2026-01-10,24678,CAR,SEA,30000643,Jaccob Slavin,goals,rf_qrf_goals,0.3.0,empirical_qrf,0.0,0.0,0.0,,1041171555324455918,2026-01-10 19:59:24.253457
2026-01-10,24678,CAR,SEA,30000822,Nikolaj Ehlers,goals,rf_qrf_goals,0.3.0,empirical_qrf,0.07414285714285714,0.0,0.0,,1041171555324455918,2026-01-10 19:59:24.253457
2026-01-10,24678,CAR,SEA,30000948,Jordan Martinook,goals,rf_qrf_goals,0.3.0,empirical_qrf,0.03471016818717223,0.0,0.08,,1041171555324455918,2026-01-10 19:59:24.253457
2026-01-10,24678,CAR,SEA,30001187,Taylor Hall,goals,rf_qrf_goals,0.3.0,empirical_qrf,0.013510883039157567,0.004464285714285714,0.023906288720715225,,1041171555324455918,2026-01-10 19:59:24.253457
2026-01-10,24678,CAR,SEA,30001203,Frederik Andersen,goals,rf_qrf_goals,0.3.0,empirical_qrf,0.0022448129327939884,0.0014383662082433173,0.003172301304051297,,1041171555324455918,2026-01-10 19:59:24.253457
2026-01-10,24678,CAR,SEA,30002309,Mark Jankowski,goals,rf_qrf_goals,0.3.0,empirical_qrf,0.0,0.0,0.0,,1041171555324455918,2026-01-10 19:59:24.253457
2026-01-10,24678,SEA,CAR,30006437,Kaden Hammell,goals,rf_qrf_goals,0.3.0,empirical_qrf,0.0025715974423436436,0.0,0.005356312485468497,,1041171555324455918,2026-01-10 19:59:24.253457
2026-01-10,24678,SEA,CAR,30006499,Berkly Catton,goals,rf_qrf_goals,0.3.0,empirical_qrf,0.060668158980471246,0.0,0.14285714285714285,,1041171555324455918,2026-01-10 19:59:24.253457
2026-01-10,24678,CAR,SEA,30000271,Shayne Gostisbehere,goals,rf_qrf_goals,0.3.0,empirical_qrf,0.0,0.0,0.0,,1041171555324455918,2026-01-10 19:59:24.253457
2026-01-10,24678,CAR,SEA,30000358,Jordan Staal,goals,rf_qrf_goals,0.3.0,empirical_qrf,0.04932739708150436,0.0,0.11764705882352941,,1041171555324455918,2026-01-10 19:59:24.253457
2026-01-10,24678,CAR,SEA,30000510,William Carrier,goals,rf_qrf_goals,0.3.0,empirical_qrf,0.013510883039157567,0.004464285714285714,0.023906288720715225,,1041171555324455918,2026-01-10 19:59:24.253457
2026-01-10,24678,CAR,SEA,30000525,Mike Reilly,goals,rf_qrf_goals,0.3.0,empirical_qrf,0.0,0.0,0.0,,1041171555324455918,2026-01-10 19:59:24.253457
2026-01-10,24678,SEA,CAR,30005757,Ty Nelson,goals,rf_qrf_goals,0.3.0,empirical_qrf,0.0022448129327939884,0.0014383662082433173,0.003172301304051297,,1041171555324455918,2026-01-10 19:59:24.253457
2026-01-10,24678,SEA,CAR,30006087,Eduard Sale,goals,rf_qrf_goals,0.3.0,empirical_qrf,0.0,0.0,0.0,,1041171555324455918,2026-01-10 19:59:24.253457
2026-01-10,24678,SEA,CAR,30006119,Lukas Dragicevic,goals,rf_qrf_goals,0.3.0,empirical_qrf,0.0,0.0,0.0,,1041171555324455918,2026-01-10 19:59:24.253457
2026-01-10,24678,SEA,CAR,30006121,Carson Rehkopf,goals,rf_qrf_goals,0.3.0,empirical_qrf,0.0,0.0,0.0,,1041171555324455918,2026-01-10 19:59:24.253457
2026-01-10,24678,SEA,CAR,30006125,Caden Price,goals,rf_qrf_goals,0.3.0,empirical_qrf,0.013510883039157567,0.004464285714285714,0.023906288720715225,,1041171555324455918,2026-01-10 19:59:24.253457
2026-01-10,24678,SEA,CAR,30006197,Andrei Loshko,goals,rf_qrf_goals,0.3.0,empirical_qrf,0.0022448129327939884,0.0014383662082433173,0.003172301304051297,,1041171555324455918,2026-01-10 19:59:24.253457
2026-01-10,24678,SEA,CAR,30005593,Peetro Seppala,goals,rf_qrf_goals,0.3.0,empirical_qrf,0.0022448129327939884,0.0014383662082433173,0.003172301304051297,,1041171555324455918,2026-01-10 19:59:24.253457
2026-01-10,24678,SEA,CAR,30005616,Shane Wright,goals,rf_qrf_goals,0.3.0,empirical_qrf,0.0024319985569985574,0.0,0.0,,1041171555324455918,2026-01-10 19:59:24.253457
2026-01-10,24678,SEA,CAR,30005680,David Goyette,goals,rf_qrf_goals,0.3.0,empirical_qrf,0.0,0.0,0.0,,1041171555324455918,2026-01-10 19:59:24.253457
2026-01-10,24678,SEA,CAR,30005681,Jagger Firkus,goals,rf_qrf_goals,0.3.0,empirical_qrf,0.0,0.0,0.0,,1041171555324455918,2026-01-10 19:59:24.253457
2026-01-10,24678,SEA,CAR,30005682,Jani Nyman,goals,rf_qrf_goals,0.3.0,empirical_qrf,0.03698412698412698,0.0,0.0,,1041171555324455918,2026-01-10 19:59:24.253457
2026-01-10,24678,SEA,CAR,30005683,Niklas Kokko,goals,rf_qrf_goals,0.3.0,empirical_qrf,0.0022448129327939884,0.0014383662082433173,0.003172301304051297,,1041171555324455918,2026-01-10 19:59:24.253457
2026-01-10,24678,SEA,CAR,30005333,Jacob Melanson,goals,rf_qrf_goals,0.3.0,empirical_qrf,0.04932739708150436,0.0,0.11764705882352941,,1041171555324455918,2026-01-10 19:59:24.253457
2026-01-10,24678,SEA,CAR,30005336,Tye Kartye,goals,rf_qrf_goals,0.3.0,empirical_qrf,0.0,0.0,0.0,,1041171555324455918,2026-01-10 19:59:24.253457
2026-01-10,24678,SEA,CAR,30005337,Ryan Winterton,goals,rf_qrf_goals,0.3.0,empirical_qrf,0.03300727513227513,0.0,0.0,,1041171555324455918,2026-01-10 19:59:24.253457
2026-01-10,24678,SEA,CAR,30005447,Ville Ottavainen,goals,rf_qrf_goals,0.3.0,empirical_qrf,0.0,0.0,0.0,,1041171555324455918,2026-01-10 19:59:24.253457
2026-01-10,24678,SEA,CAR,30005503,Logan Morrison,goals,rf_qrf_goals,0.3.0,empirical_qrf,0.0039254033004032995,0.0,0.0,,1041171555324455918,2026-01-10 19:59:24.253457
2026-01-10,24678,SEA,CAR,30005582,Ben Meyers,goals,rf_qrf_goals,0.3.0,empirical_qrf,0.004527777777777778,0.0,0.0,,1041171555324455918,2026-01-10 19:59:24.253457
2026-01-10,24678,SEA,CAR,30003703,Cale Fleury,goals,rf_qrf_goals,0.3.0,empirical_qrf,0.0,0.0,0.0,,1041171555324455918,2026-01-10 19:59:24.253457
2026-01-10,24678,SEA,CAR,30004419,Joey Daccord,goals,rf_qrf_goals,0.3.0,empirical_qrf,0.0022448129327939884,0.0014383662082433173,0.003172301304051297,,1041171555324455918,2026-01-10 19:59:24.253457
2026-01-10,24678,SEA,CAR,30004471,Kaapo Kakko,goals,rf_qrf_goals,0.3.0,empirical_qrf,0.0,0.0,0.0,,1041171555324455918,2026-01-10 19:59:24.253457
2026-01-10,24678,SEA,CAR,30005040,Matty Beniers,goals,rf_qrf_goals,0.3.0,empirical_qrf,0.0,0.0,0.0,,1041171555324455918,2026-01-10 19:59:24.253457
2026-01-10,24678,SEA,CAR,30005042,Ryker Evans,goals,rf_qrf_goals,0.3.0,empirical_qrf,0.006020973172489747,0.0,0.013605442176870748,,1041171555324455918,2026-01-10 19:59:24.253457
2026-01-10,24678,SEA,CAR,30005239,Jakov Novak,goals,rf_qrf_goals,0.3.0,empirical_qrf,0.0022448129327939884,0.0014383662082433173,0.003172301304051297,,1041171555324455918,2026-01-10 19:59:24.253457
2026-01-10,24678,SEA,CAR,30002529,John Hayden,goals,rf_qrf_goals,0.3.0,empirical_qrf,0.0,0.0,0.0,,1041171555324455918,2026-01-10 19:59:24.253457
2026-01-10,24678,SEA,CAR,30002711,Frederick Gaudreau,goals,rf_qrf_goals,0.3.0,empirical_qrf,0.0,0.0,0.0,,1041171555324455918,2026-01-10 19:59:24.253457
2026-01-10,24678,SEA,CAR,30003184,Ryan Lindgren,goals,rf_qrf_goals,0.3.0,empirical_qrf,0.0,0.0,0.0,,1041171555324455918,2026-01-10 19:59:24.253457
2026-01-10,24678,SEA,CAR,30003188,Jack LaFontaine,goals,rf_qrf_goals,0.3.0,empirical_qrf,0.0,0.0,0.0,,1041171555324455918,2026-01-10 19:59:24.253457
2026-01-10,24678,SEA,CAR,30003214,Joshua Mahura,goals,rf_qrf_goals,0.3.0,empirical_qrf,0.0,0.0,0.0,,1041171555324455918,2026-01-10 19:59:24.253457
2026-01-10,24678,SEA,CAR,30003660,Eeli Tolvanen,goals,rf_qrf_goals,0.3.0,empirical_qrf,0.0,0.0,0.0,,1041171555324455918,2026-01-10 19:59:24.253457
2026-01-10,24678,SEA,CAR,30000674,Vince Dunn,goals,rf_qrf_goals,0.3.0,empirical_qrf,0.00836111111111111,0.0,0.0,,1041171555324455918,2026-01-10 19:59:24.253457
2026-01-10,24678,SEA,CAR,30000758,Jamie Oleksiak,goals,rf_qrf_goals,0.3.0,empirical_qrf,0.012419660958125764,0.0,0.028985507246376812,,1041171555324455918,2026-01-10 19:59:24.253457
2026-01-10,24678,SEA,CAR,30000794,Jaden Schwartz,goals,rf_qrf_goals,0.3.0,empirical_qrf,0.0,0.0,0.0,,1041171555324455918,2026-01-10 19:59:24.253457
2026-01-10,24678,SEA,CAR,30000812,Gustav Olofsson,goals,rf_qrf_goals,0.3.0,empirical_qrf,0.0022448129327939884,0.0014383662082433173,0.003172301304051297,,1041171555324455918,2026-01-10 19:59:24.253457
2026-01-10,24678,SEA,CAR,30000882,Brandon Montour,goals,rf_qrf_goals,0.3.0,empirical_qrf,0.0,0.0,0.0,,1041171555324455918,2026-01-10 19:59:24.253457
2026-01-10,24678,SEA,CAR,30000929,Jared McCann,goals,rf_qrf_goals,0.3.0,empirical_qrf,0.0,0.0,0.0,,1041171555324455918,2026-01-10 19:59:24.253457
2026-01-10,24679,ANA,BUF,30000269,Radko Gudas,goals,rf_qrf_goals,0.3.0,empirical_qrf,0.0,0.0,0.0,,1041171555324455918,2026-01-10 19:59:24.253457
2026-01-10,24679,ANA,BUF,30000320,Chris Kreider,goals,rf_qrf_goals,0.3.0,empirical_qrf,0.0022328042328042326,0.0,0.0,,1041171555324455918,2026-01-10 19:59:24.253457
2026-01-10,24679,ANA,BUF,30000509,Justin Bailey,goals,rf_qrf_goals,0.3.0,empirical_qrf,0.0,0.0,0.0,,1041171555324455918,2026-01-10 19:59:24.253457
2026-01-10,24679,ANA,BUF,30000515,Mikael Granlund,goals,rf_qrf_goals,0.3.0,empirical_qrf,0.004527777777777778,0.0,0.0,,1041171555324455918,2026-01-10 19:59:24.253457
2026-01-10,24679,ANA,BUF,30000609,Frank Vatrano,goals,rf_qrf_goals,0.3.0,empirical_qrf,0.0,0.0,0.0,,1041171555324455918,2026-01-10 19:59:24.253457
2026-01-10,24679,ANA,BUF,30000739,Alex Killorn,goals,rf_qrf_goals,0.3.0,empirical_qrf,0.006020973172489747,0.0,0.013605442176870748,,1041171555324455918,2026-01-10 19:59:24.253457
2026-01-10,24679,BUF,ANA,30006341,Christopher Brown,goals,rf_qrf_goals,0.3.0,empirical_qrf,0.0022448129327939884,0.0014383662082433173,0.003172301304051297,,1041171555324455918,2026-01-10 19:59:24.253457
2026-01-10,24679,BUF,ANA,30006342,Dominick Mersch,goals,rf_qrf_goals,0.3.0,empirical_qrf,0.0022448129327939884,0.0014383662082433173,0.003172301304051297,,1041171555324455918,2026-01-10 19:59:24.253457
2026-01-10,24679,ANA,BUF,30006017,Nikita Nesterenko,goals,rf_qrf_goals,0.3.0,empirical_qrf,0.0,0.0,0.0,,1041171555324455918,2026-01-10 19:59:24.253457
2026-01-10,24679,ANA,BUF,30006849,Tim Washe,goals,rf_qrf_goals,0.3.0,empirical_qrf,0.0025715974423436436,0.0,0.005356312485468497,,1041171555324455918,2026-01-10 19:59:24.253457
2026-01-10,24679,BUF,ANA,30005793,Riley Fiddler-Schultz,goals,rf_qrf_goals,0.3.0,empirical_qrf,0.11076131582171549,0.029411764705882353,0.2,,1041171555324455918,2026-01-10 19:59:24.253457
2026-01-10,24679,BUF,ANA,30006028,Jagger Joshua,goals,rf_qrf_goals,0.3.0,empirical_qrf,0.0,0.0,0.0,,1041171555324455918,2026-01-10 19:59:24.253457
2026-01-10,24679,BUF,ANA,30006039,Aidan Fulp,goals,rf_qrf_goals,0.3.0,empirical_qrf,0.0022448129327939884,0.0014383662082433173,0.003172301304051297,,1041171555324455918,2026-01-10 19:59:24.253457
2026-01-10,24679,BUF,ANA,30006070,Zach Benson,goals,rf_qrf_goals,0.3.0,empirical_qrf,0.0,0.0,0.0,,1041171555324455918,2026-01-10 19:59:24.253457
2026-01-10,24679,BUF,ANA,30006092,Anton Wahlberg,goals,rf_qrf_goals,0.3.0,empirical_qrf,0.012419660958125764,0.0,0.028985507246376812,,1041171555324455918,2026-01-10 19:59:24.253457
2026-01-10,24679,BUF,ANA,30006340,Zach Metsa,goals,rf_qrf_goals,0.3.0,empirical_qrf,0.0,0.0,0.0,,1041171555324455918,2026-01-10 19:59:24.253457
2026-01-10,24679,BUF,ANA,30005634,Noah Ostlund,goals,rf_qrf_goals,0.3.0,empirical_qrf,0.0,0.0,0.0,,1041171555324455918,2026-01-10 19:59:24.253457
2026-01-10,24679,BUF,ANA,30005644,Jiri Kulich,goals,rf_qrf_goals,0.3.0,empirical_qrf,0.0,0.0,0.0,,1041171555324455918,2026-01-10 19:59:24.253457
2026-01-10,24679,BUF,ANA,30005685,Viktor Neuchev,goals,rf_qrf_goals,0.3.0,empirical_qrf,0.0,0.0,0.0,,1041171555324455918,2026-01-10 19:59:24.253457
2026-01-10,24679,BUF,ANA,30005730,Vsevolod Komarov,goals,rf_qrf_goals,0.3.0,empirical_qrf,0.0,0.0,0.0,,1041171555324455918,2026-01-10 19:59:24.253457
2026-01-10,24679,BUF,ANA,30005764,Noah Laaouan,goals,rf_qrf_goals,0.3.0,empirical_qrf,0.02433598673952739,0.0,0.05405405405405406,,1041171555324455918,2026-01-10 19:59:24.253457
2026-01-10,24679,BUF,ANA,30005767,Graham Slaggert,goals,rf_qrf_goals,0.3.0,empirical_qrf,0.04584259259259259,0.0,0.0,,1041171555324455918,2026-01-10 19:59:24.253457
2026-01-10,24679,BUF,ANA,30005017,Josh Doan,goals,rf_qrf_goals,0.3.0,empirical_qrf,0.0,0.0,0.0,,1041171555324455918,2026-01-10 19:59:24.253457
2026-01-10,24679,BUF,ANA,30005067,Isaac Belliveau,goals,rf_qrf_goals,0.3.0,empirical_qrf,0.0022448129327939884,0.0014383662082433173,0.003172301304051297,,1041171555324455918,2026-01-10 19:59:24.253457
2026-01-10,24679,BUF,ANA,30005147,Tyson Kozak,goals,rf_qrf_goals,0.3.0,empirical_qrf,0.0,0.0,0.0,,1041171555324455918,2026-01-10 19:59:24.253457
2026-01-10,24679,BUF,ANA,30005151,Olivier Nadeau,goals,rf_qrf_goals,0.3.0,empirical_qrf,0.0,0.0,0.0,,1041171555324455918,2026-01-10 19:59:24.253457
2026-01-10,24679,BUF,ANA,30005441,Ryan Johnson,goals,rf_qrf_goals,0.3.0,empirical_qrf,0.012419660958125764,0.0,0.028985507246376812,,1041171555324455918,2026-01-10 19:59:24.253457
2026-01-10,24679,BUF,ANA,30005445,Nikita Novikov,goals,rf_qrf_goals,0.3.0,empirical_qrf,0.10788924963924963,0.0,0.5,,1041171555324455918,2026-01-10 19:59:24.253457
2026-01-10,24679,BUF,ANA,30004923,Josh Dunne,goals,rf_qrf_goals,0.3.0,empirical_qrf,0.013510883039157567,0.004464285714285714,0.023906288720715225,,1041171555324455918,2026-01-10 19:59:24.253457
2026-01-10,24679,BUF,ANA,30004948,Carson Meyer,goals,rf_qrf_goals,0.3.0,empirical_qrf,0.013510883039157567,0.004464285714285714,0.023906288720715225,,1041171555324455918,2026-01-10 19:59:24.253457
2026-01-10,24679,BUF,ANA,30004956,Justin Danforth,goals,rf_qrf_goals,0.3.0,empirical_qrf,0.0,0.0,0.0,,1041171555324455918,2026-01-10 19:59:24.253457
2026-01-10,24679,BUF,ANA,30004980,Owen Power,goals,rf_qrf_goals,0.3.0,empirical_qrf,0.0,0.0,0.0,,1041171555324455918,2026-01-10 19:59:24.253457
2026-01-10,24679,BUF,ANA,30004981,Devon Levi,goals,rf_qrf_goals,0.3.0,empirical_qrf,0.0022448129327939884,0.0014383662082433173,0.003172301304051297,,1041171555324455918,2026-01-10 19:59:24.253457
2026-01-10,24679,BUF,ANA,30004982,Isak Rosen,goals,rf_qrf_goals,0.3.0,empirical_qrf,0.0,0.0,0.0,,1041171555324455918,2026-01-10 19:59:24.253457
2026-01-10,24679,BUF,ANA,30004502,Peyton Krebs,goals,rf_qrf_goals,0.3.0,empirical_qrf,0.0033333333333333335,0.0,0.0,,1041171555324455918,2026-01-10 19:59:24.253457
2026-01-10,24679,BUF,ANA,30004554,Zac Jones,goals,rf_qrf_goals,0.3.0,empirical_qrf,0.0,0.0,0.0,,1041171555324455918,2026-01-10 19:59:24.253457
2026-01-10,24679,BUF,ANA,30004577,Colten Ellis,goals,rf_qrf_goals,0.3.0,empirical_qrf,0.0022448129327939884,0.0014383662082433173,0.003172301304051297,,1041171555324455918,2026-01-10 19:59:24.253457
2026-01-10,24679,BUF,ANA,30004670,Peter Tischke,goals,rf_qrf_goals,0.3.0,empirical_qrf,0.0022448129327939884,0.0014383662082433173,0.003172301304051297,,1041171555324455918,2026-01-10 19:59:24.253457
2026-01-10,24679,BUF,ANA,30004815,Jack Quinn,goals,rf_qrf_goals,0.3.0,empirical_qrf,0.0,0.0,0.0,,1041171555324455918,2026-01-10 19:59:24.253457
2026-01-10,24679,BUF,ANA,30004854,Trevor Kuntar,goals,rf_qrf_goals,0.3.0,empirical_qrf,0.0,0.0,0.0,,1041171555324455918,2026-01-10 19:59:24.253457
2026-01-10,24679,BUF,ANA,30004105,Mattias Samuelsson,goals,rf_qrf_goals,0.3.0,empirical_qrf,0.0,0.0,0.0,,1041171555324455918,2026-01-10 19:59:24.253457
2026-01-10,24679,BUF,ANA,30004117,Ryan McLeod,goals,rf_qrf_goals,0.3.0,empirical_qrf,0.0025,0.0,0.0,,1041171555324455918,2026-01-10 19:59:24.253457
2026-01-10,24679,BUF,ANA,30004373,Michael Kesselring,goals,rf_qrf_goals,0.3.0,empirical_qrf,0.0,0.0,0.0,,1041171555324455918,2026-01-10 19:59:24.253457
2026-01-10,24679,BUF,ANA,30004380,Jack Rathbone,goals,rf_qrf_goals,0.3.0,empirical_qrf,0.0,0.0,0.0,,1041171555324455918,2026-01-10 19:59:24.253457
2026-01-10,24679,BUF,ANA,30004431,Jacob Bryson,goals,rf_qrf_goals,0.3.0,empirical_qrf,0.012419660958125764,0.0,0.028985507246376812,,1041171555324455918,2026-01-10 19:59:24.253457
2026-01-10,24679,BUF,ANA,30004474,Bowen Byram,goals,rf_qrf_goals,0.3.0,empirical_qrf,0.0005555555555555556,0.0,0.0,,1041171555324455918,2026-01-10 19:59:24.253457
2026-01-10,24679,BUF,ANA,30003221,Beck Malenstyn,goals,rf_qrf_goals,0.3.0,empirical_qrf,0.060668158980471246,0.0,0.14285714285714285,,1041171555324455918,2026-01-10 19:59:24.253457
2026-01-10,24679,BUF,ANA,30003665,Josh Norris,goals,rf_qrf_goals,0.3.0,empirical_qrf,0.006652777777777777,0.0,0.0,,1041171555324455918,2026-01-10 19:59:24.253457
2026-01-10,24679,BUF,ANA,30003670,Conor Timmins,goals,rf_qrf_goals,0.3.0,empirical_qrf,0.0,0.0,0.0,,1041171555324455918,2026-01-10 19:59:24.253457
2026-01-10,24679,BUF,ANA,30003673,Ukko-Pekka Luukkonen,goals,rf_qrf_goals,0.3.0,empirical_qrf,0.0022448129327939884,0.0014383662082433173,0.003172301304051297,,1041171555324455918,2026-01-10 19:59:24.253457
2026-01-10,24679,BUF,ANA,30003699,Jake Leschyshyn,goals,rf_qrf_goals,0.3.0,empirical_qrf,0.0025715974423436436,0.0,0.005356312485468497,,1041171555324455918,2026-01-10 19:59:24.253457
2026-01-10,24679,BUF,ANA,30003750,Rasmus Dahlin,goals,rf_qrf_goals,0.3.0,empirical_qrf,0.03538888888888889,0.0,0.0,,1041171555324455918,2026-01-10 19:59:24.253457
2026-01-10,24679,BUF,ANA,30002577,Alex Tuch,goals,rf_qrf_goals,0.3.0,empirical_qrf,0.28207010582010583,0.0,0.6666666666666666,,1041171555324455918,2026-01-10 19:59:24.253457
2026-01-10,24679,BUF,ANA,30002762,Mason Geertsen,goals,rf_qrf_goals,0.3.0,empirical_qrf,0.0,0.0,0.0,,1041171555324455918,2026-01-10 19:59:24.253457
2026-01-10,24679,BUF,ANA,30002774,Jordan Greenway,goals,rf_qrf_goals,0.3.0,empirical_qrf,0.0022448129327939884,0.0014383662082433173,0.003172301304051297,,1041171555324455918,2026-01-10 19:59:24.253457
2026-01-10,24679,BUF,ANA,30002797,Brendan Warren,goals,rf_qrf_goals,0.3.0,empirical_qrf,0.013510883039157567,0.004464285714285714,0.023906288720715225,,1041171555324455918,2026-01-10 19:59:24.253457
2026-01-10,24679,BUF,ANA,30003074,Alex Lyon,goals,rf_qrf_goals,0.3.0,empirical_qrf,0.0022448129327939884,0.0014383662082433173,0.003172301304051297,,1041171555324455918,2026-01-10 19:59:24.253457
2026-01-10,24679,BUF,ANA,30003158,Tage Thompson,goals,rf_qrf_goals,0.3.0,empirical_qrf,0.0011111111111111111,0.0,0.0,,1041171555324455918,2026-01-10 19:59:24.253457
2026-01-10,24679,ANA,BUF,30006161,Yegor Sidorov,goals,rf_qrf_goals,0.3.0,empirical_qrf,0.0,0.0,0.0,,1041171555324455918,2026-01-10 19:59:24.253457
2026-01-10,24679,ANA,BUF,30006162,Konnor Smith,goals,rf_qrf_goals,0.3.0,empirical_qrf,0.0022448129327939884,0.0014383662082433173,0.003172301304051297,,1041171555324455918,2026-01-10 19:59:24.253457
2026-01-10,24679,ANA,BUF,30006310,Roman Kinal,goals,rf_qrf_goals,0.3.0,empirical_qrf,0.02433598673952739,0.0,0.05405405405405406,,1041171555324455918,2026-01-10 19:59:24.253457
2026-01-10,24679,ANA,BUF,30006353,Easton Armstrong,goals,rf_qrf_goals,0.3.0,empirical_qrf,0.0022448129327939884,0.0014383662082433173,0.003172301304051297,,1041171555324455918,2026-01-10 19:59:24.253457
2026-01-10,24679,ANA,BUF,30006483,Beckett Sennecke,goals,rf_qrf_goals,0.3.0,empirical_qrf,0.03300727513227513,0.0,0.0,,1041171555324455918,2026-01-10 19:59:24.253457
2026-01-10,24679,BUF,ANA,30000523,Jason Zucker,goals,rf_qrf_goals,0.3.0,empirical_qrf,0.0,0.0,0.0,,1041171555324455918,2026-01-10 19:59:24.253457
2026-01-10,24679,ANA,BUF,30005678,Tristan Luneau,goals,rf_qrf_goals,0.3.0,empirical_qrf,0.0,0.0,0.0,,1041171555324455918,2026-01-10 19:59:24.253457
2026-01-10,24679,ANA,BUF,30005945,Tomas Suchanek,goals,rf_qrf_goals,0.3.0,empirical_qrf,0.0022448129327939884,0.0014383662082433173,0.003172301304051297,,1041171555324455918,2026-01-10 19:59:24.253457
2026-01-10,24679,ANA,BUF,30006016,Jaxsen Wiebe,goals,rf_qrf_goals,0.3.0,empirical_qrf,0.0022448129327939884,0.0014383662082433173,0.003172301304051297,,1041171555324455918,2026-01-10 19:59:24.253457
2026-01-10,24679,ANA,BUF,30006069,Leo Carlsson,goals,rf_qrf_goals,0.3.0,empirical_qrf,0.0,0.0,0.0,,1041171555324455918,2026-01-10 19:59:24.253457
2026-01-10,24679,ANA,BUF,30006117,Nico Myatovic,goals,rf_qrf_goals,0.3.0,empirical_qrf,0.0,0.0,0.0,,1041171555324455918,2026-01-10 19:59:24.253457
2026-01-10,24679,ANA,BUF,30006129,Coulson Pitre,goals,rf_qrf_goals,0.3.0,empirical_qrf,0.0,0.0,0.0,,1041171555324455918,2026-01-10 19:59:24.253457
2026-01-10,24679,ANA,BUF,30005275,Tyson Hinds,goals,rf_qrf_goals,0.3.0,empirical_qrf,0.006129745254745255,0.0,0.0,,1041171555324455918,2026-01-10 19:59:24.253457
2026-01-10,24679,ANA,BUF,30005285,Jeremie Biakabutuka,goals,rf_qrf_goals,0.3.0,empirical_qrf,0.0022448129327939884,0.0014383662082433173,0.003172301304051297,,1041171555324455918,2026-01-10 19:59:24.253457
2026-01-10,24679,ANA,BUF,30005615,Pavel Mintyukov,goals,rf_qrf_goals,0.3.0,empirical_qrf,0.04932739708150436,0.0,0.11764705882352941,,1041171555324455918,2026-01-10 19:59:24.253457
2026-01-10,24679,ANA,BUF,30005620,Cutter Gauthier,goals,rf_qrf_goals,0.3.0,empirical_qrf,0.0,0.0,0.0,,1041171555324455918,2026-01-10 19:59:24.253457
2026-01-10,24679,ANA,BUF,30005643,Nathan Gaucher,goals,rf_qrf_goals,0.3.0,empirical_qrf,0.0,0.0,0.0,,1041171555324455918,2026-01-10 19:59:24.253457
2026-01-10,24679,ANA,BUF,30005677,Noah Warren,goals,rf_qrf_goals,0.3.0,empirical_qrf,0.0025715974423436436,0.0,0.005356312485468497,,1041171555324455918,2026-01-10 19:59:24.253457
2026-01-10,24679,ANA,BUF,30004829,Sam Colangelo,goals,rf_qrf_goals,0.3.0,empirical_qrf,0.0011527777777777777,0.0,0.0,,1041171555324455918,2026-01-10 19:59:24.253457
2026-01-10,24679,ANA,BUF,30004861,Ian Moore,goals,rf_qrf_goals,0.3.0,empirical_qrf,0.0,0.0,0.0,,1041171555324455918,2026-01-10 19:59:24.253457
2026-01-10,24679,ANA,BUF,30004997,Mason McTavish,goals,rf_qrf_goals,0.3.0,empirical_qrf,0.0,0.0,0.0,,1041171555324455918,2026-01-10 19:59:24.253457
2026-01-10,24679,ANA,BUF,30005018,Olen Zellweger,goals,rf_qrf_goals,0.3.0,empirical_qrf,0.0,0.0,0.0,,1041171555324455918,2026-01-10 19:59:24.253457
2026-01-10,24679,ANA,BUF,30005051,Sasha Pastujov,goals,rf_qrf_goals,0.3.0,empirical_qrf,0.0,0.0,0.0,,1041171555324455918,2026-01-10 19:59:24.253457
2026-01-10,24679,ANA,BUF,30005095,Davis Codd,goals,rf_qrf_goals,0.3.0,empirical_qrf,0.0,0.0,0.0,,1041171555324455918,2026-01-10 19:59:24.253457
2026-01-10,24679,ANA,BUF,30003948,David Cotton,goals,rf_qrf_goals,0.3.0,empirical_qrf,0.0001666666666666667,0.0,0.0,,1041171555324455918,2026-01-10 19:59:24.253457
2026-01-10,24679,ANA,BUF,30004160,Lukas Dostal,goals,rf_qrf_goals,0.3.0,empirical_qrf,0.0022448129327939884,0.0014383662082433173,0.003172301304051297,,1041171555324455918,2026-01-10 19:59:24.253457
2026-01-10,24679,ANA,BUF,30004512,Drew Helleson,goals,rf_qrf_goals,0.3.0,empirical_qrf,0.15190132552632551,0.0,0.3333333333333333,,1041171555324455918,2026-01-10 19:59:24.253457
2026-01-10,24679,ANA,BUF,30004526,Jackson LaCombe,goals,rf_qrf_goals,0.3.0,empirical_qrf,0.0,0.0,0.0,,1041171555324455918,2026-01-10 19:59:24.253457
2026-01-10,24679,ANA,BUF,30004550,Judd Caulfield,goals,rf_qrf_goals,0.3.0,empirical_qrf,0.0022448129327939884,0.0014383662082433173,0.003172301304051297,,1041171555324455918,2026-01-10 19:59:24.253457
2026-01-10,24679,ANA,BUF,30004828,Calle Clang,goals,rf_qrf_goals,0.3.0,empirical_qrf,0.0022448129327939884,0.0014383662082433173,0.003172301304051297,,1041171555324455918,2026-01-10 19:59:24.253457
2026-01-10,24679,ANA,BUF,30002773,Jansen Harkins,goals,rf_qrf_goals,0.3.0,empirical_qrf,0.0022448129327939884,0.0014383662082433173,0.003172301304051297,,1041171555324455918,2026-01-10 19:59:24.253457
2026-01-10,24679,ANA,BUF,30002864,Nikolas Brouillard,goals,rf_qrf_goals,0.3.0,empirical_qrf,0.0022448129327939884,0.0014383662082433173,0.003172301304051297,,1041171555324455918,2026-01-10 19:59:24.253457
2026-01-10,24679,ANA,BUF,30003197,Carsen Twarynski,goals,rf_qrf_goals,0.3.0,empirical_qrf,0.0022448129327939884,0.0014383662082433173,0.003172301304051297,,1041171555324455918,2026-01-10 19:59:24.253457
2026-01-10,24679,ANA,BUF,30003475,Matthew Phillips,goals,rf_qrf_goals,0.3.0,empirical_qrf,0.018154942279942278,0.0,0.0,,1041171555324455918,2026-01-10 19:59:24.253457
2026-01-10,24679,ANA,BUF,30003650,Ryan Poehling,goals,rf_qrf_goals,0.3.0,empirical_qrf,0.0,0.0,0.0,,1041171555324455918,2026-01-10 19:59:24.253457
2026-01-10,24679,ANA,BUF,30003747,Troy Terry,goals,rf_qrf_goals,0.3.0,empirical_qrf,0.0,0.0,0.0,,1041171555324455918,2026-01-10 19:59:24.253457
2026-01-10,24679,ANA,BUF,30000834,Jacob Trouba,goals,rf_qrf_goals,0.3.0,empirical_qrf,0.006020973172489747,0.0,0.013605442176870748,,1041171555324455918,2026-01-10 19:59:24.253457
2026-01-10,24679,ANA,BUF,30000998,Ross Johnston,goals,rf_qrf_goals,0.3.0,empirical_qrf,0.0,0.0,0.0,,1041171555324455918,2026-01-10 19:59:24.253457
2026-01-10,24679,ANA,BUF,30001005,Ryan Strome,goals,rf_qrf_goals,0.3.0,empirical_qrf,0.0011237373737373736,0.0,0.0,,1041171555324455918,2026-01-10 19:59:24.253457
2026-01-10,24679,ANA,BUF,30001009,Petr Mrazek,goals,rf_qrf_goals,0.3.0,empirical_qrf,0.0022448129327939884,0.0014383662082433173,0.003172301304051297,,1041171555324455918,2026-01-10 19:59:24.253457
2026-01-10,24679,ANA,BUF,30002528,Tyrell Goulbourne,goals,rf_qrf_goals,0.3.0,empirical_qrf,0.0022448129327939884,0.0014383662082433173,0.003172301304051297,,1041171555324455918,2026-01-10 19:59:24.253457
2026-01-10,24679,ANA,BUF,30002760,Ville Husso,goals,rf_qrf_goals,0.3.0,empirical_qrf,0.0022448129327939884,0.0014383662082433173,0.003172301304051297,,1041171555324455918,2026-01-10 19:59:24.253457
2026-01-10,24680,NYI,MIN,30003226,Ethan Bear,goals,rf_qrf_goals,0.3.0,empirical_qrf,0.0022448129327939884,0.0014383662082433173,0.003172301304051297,,1041171555324455918,2026-01-10 19:59:24.253457
2026-01-10,24680,NYI,MIN,30006041,Cole McWard,goals,rf_qrf_goals,0.3.0,empirical_qrf,0.013510883039157567,0.004464285714285714,0.023906288720715225,,1041171555324455918,2026-01-10 19:59:24.253457
2026-01-10,24680,MIN,NYI,30005669,Hunter Haight,goals,rf_qrf_goals,0.3.0,empirical_qrf,0.007987794612794615,0.0,0.0,,1041171555324455918,2026-01-10 19:59:24.253457
2026-01-10,24680,MIN,NYI,30005845,David Spacek,goals,rf_qrf_goals,0.3.0,empirical_qrf,0.012419660958125764,0.0,0.028985507246376812,,1041171555324455918,2026-01-10 19:59:24.253457
2026-01-10,24680,MIN,NYI,30006109,Riley Heidt,goals,rf_qrf_goals,0.3.0,empirical_qrf,0.01111723250066587,0.0,0.02656047197640118,,1041171555324455918,2026-01-10 19:59:24.253457
2026-01-10,24680,MIN,NYI,30006110,Rasmus Kumpulainen,goals,rf_qrf_goals,0.3.0,empirical_qrf,0.0022448129327939884,0.0014383662082433173,0.003172301304051297,,1041171555324455918,2026-01-10 19:59:24.253457
2026-01-10,24680,MIN,NYI,30006308,Bradley Marek,goals,rf_qrf_goals,0.3.0,empirical_qrf,0.0022448129327939884,0.0014383662082433173,0.003172301304051297,,1041171555324455918,2026-01-10 19:59:24.253457
2026-01-10,24680,MIN,NYI,30003167,Boris Katchouk,goals,rf_qrf_goals,0.3.0,empirical_qrf,0.0,0.0,0.0,,1041171555324455918,2026-01-10 19:59:24.253457
2026-01-10,24680,MIN,NYI,30005094,Cameron Butler,goals,rf_qrf_goals,0.3.0,empirical_qrf,0.0,0.0,0.0,,1041171555324455918,2026-01-10 19:59:24.253457
2026-01-10,24680,MIN,NYI,30005102,Caedan Bankier,goals,rf_qrf_goals,0.3.0,empirical_qrf,0.0,0.0,0.0,,1041171555324455918,2026-01-10 19:59:24.253457
2026-01-10,24680,MIN,NYI,30005274,Louka Henault,goals,rf_qrf_goals,0.3.0,empirical_qrf,0.0022448129327939884,0.0014383662082433173,0.003172301304051297,,1041171555324455918,2026-01-10 19:59:24.253457
2026-01-10,24680,MIN,NYI,30005361,Benjamin Brinkman,goals,rf_qrf_goals,0.3.0,empirical_qrf,0.0022448129327939884,0.0014383662082433173,0.003172301304051297,,1041171555324455918,2026-01-10 19:59:24.253457
2026-01-10,24680,MIN,NYI,30005612,David Jiricek,goals,rf_qrf_goals,0.3.0,empirical_qrf,0.0,0.0,0.0,,1041171555324455918,2026-01-10 19:59:24.253457
2026-01-10,24680,MIN,NYI,30005627,Danila Yurov,goals,rf_qrf_goals,0.3.0,empirical_qrf,0.0,0.0,0.0,,1041171555324455918,2026-01-10 19:59:24.253457
2026-01-10,24680,MIN,NYI,30004847,Daemon Hunt,goals,rf_qrf_goals,0.3.0,empirical_qrf,0.028187798465970085,0.0,0.0547945205479452,,1041171555324455918,2026-01-10 19:59:24.253457
2026-01-10,24680,MIN,NYI,30004935,Matt Kiersted,goals,rf_qrf_goals,0.3.0,empirical_qrf,0.0,0.0,0.0,,1041171555324455918,2026-01-10 19:59:24.253457
2026-01-10,24680,MIN,NYI,30004970,Wyatt Newpower,goals,rf_qrf_goals,0.3.0,empirical_qrf,0.00075,0.0,0.0,,1041171555324455918,2026-01-10 19:59:24.253457
2026-01-10,24680,MIN,NYI,30005005,Oskar Olausson,goals,rf_qrf_goals,0.3.0,empirical_qrf,0.0,0.0,0.0,,1041171555324455918,2026-01-10 19:59:24.253457
2026-01-10,24680,MIN,NYI,30005007,Carson Lambos,goals,rf_qrf_goals,0.3.0,empirical_qrf,0.0,0.0,0.0,,1041171555324455918,2026-01-10 19:59:24.253457
2026-01-10,24680,MIN,NYI,30005008,Jesper Wallstedt,goals,rf_qrf_goals,0.3.0,empirical_qrf,0.0022448129327939884,0.0014383662082433173,0.003172301304051297,,1041171555324455918,2026-01-10 19:59:24.253457
2026-01-10,24680,MIN,NYI,30004080,Quinn Hughes,goals,rf_qrf_goals,0.3.0,empirical_qrf,0.0005158730158730159,0.0,0.0,,1041171555324455918,2026-01-10 19:59:24.253457
2026-01-10,24680,MIN,NYI,30004196,Ben Gleason,goals,rf_qrf_goals,0.3.0,empirical_qrf,0.0685088383838384,0.0,0.2857142857142857,,1041171555324455918,2026-01-10 19:59:24.253457
2026-01-10,24680,MIN,NYI,30004417,Nico Sturm,goals,rf_qrf_goals,0.3.0,empirical_qrf,0.0025715974423436436,0.0,0.005356312485468497,,1041171555324455918,2026-01-10 19:59:24.253457
2026-01-10,24680,MIN,NYI,30004480,Matt Boldy,goals,rf_qrf_goals,0.3.0,empirical_qrf,0.0,0.0,0.0,,1041171555324455918,2026-01-10 19:59:24.253457
2026-01-10,24680,MIN,NYI,30004784,Kirill Kaprizov,goals,rf_qrf_goals,0.3.0,empirical_qrf,0.0,0.0,0.0,,1041171555324455918,2026-01-10 19:59:24.253457
2026-01-10,24680,MIN,NYI,30004835,Brock Faber,goals,rf_qrf_goals,0.3.0,empirical_qrf,0.0,0.0,0.0,,1041171555324455918,2026-01-10 19:59:24.253457
2026-01-10,24680,MIN,NYI,30001355,Zach Bogosian,goals,rf_qrf_goals,0.3.0,empirical_qrf,0.013510883039157567,0.004464285714285714,0.023906288720715225,,1041171555324455918,2026-01-10 19:59:24.253457
2026-01-10,24680,MIN,NYI,30002719,Jacob Middleton,goals,rf_qrf_goals,0.3.0,empirical_qrf,0.0,0.0,0.0,,1041171555324455918,2026-01-10 19:59:24.253457
2026-01-10,24680,MIN,NYI,30002820,Joel Eriksson Ek,goals,rf_qrf_goals,0.3.0,empirical_qrf,0.0,0.0,0.0,,1041171555324455918,2026-01-10 19:59:24.253457
2026-01-10,24680,MIN,NYI,30003173,Filip Gustavsson,goals,rf_qrf_goals,0.3.0,empirical_qrf,0.0022448129327939884,0.0014383662082433173,0.003172301304051297,,1041171555324455918,2026-01-10 19:59:24.253457
2026-01-10,24680,MIN,NYI,30003611,Cal Petersen,goals,rf_qrf_goals,0.3.0,empirical_qrf,0.0022448129327939884,0.0014383662082433173,0.003172301304051297,,1041171555324455918,2026-01-10 19:59:24.253457
2026-01-10,24680,MIN,NYI,30003774,Ben Jones,goals,rf_qrf_goals,0.3.0,empirical_qrf,0.006020973172489747,0.0,0.013605442176870748,,1041171555324455918,2026-01-10 19:59:24.253457
2026-01-10,24680,MIN,NYI,30000524,Jonas Brodin,goals,rf_qrf_goals,0.3.0,empirical_qrf,0.021908741775883877,0.0,0.04305750350631137,,1041171555324455918,2026-01-10 19:59:24.253457
2026-01-10,24680,MIN,NYI,30000797,Vladimir Tarasenko,goals,rf_qrf_goals,0.3.0,empirical_qrf,0.0,0.0,0.0,,1041171555324455918,2026-01-10 19:59:24.253457
2026-01-10,24680,MIN,NYI,30001012,Ryan Hartman,goals,rf_qrf_goals,0.3.0,empirical_qrf,0.0028055555555555555,0.0,0.0,,1041171555324455918,2026-01-10 19:59:24.253457
2026-01-10,24680,MIN,NYI,30001013,Vinnie Hinostroza,goals,rf_qrf_goals,0.3.0,empirical_qrf,0.0,0.0,0.0,,1041171555324455918,2026-01-10 19:59:24.253457
2026-01-10,24680,MIN,NYI,30001087,Mats Zuccarello,goals,rf_qrf_goals,0.3.0,empirical_qrf,0.0005555555555555556,0.0,0.0,,1041171555324455918,2026-01-10 19:59:24.253457
2026-01-10,24680,MIN,NYI,30001309,Marcus Johansson,goals,rf_qrf_goals,0.3.0,empirical_qrf,0.0,0.0,0.0,,1041171555324455918,2026-01-10 19:59:24.253457
2026-01-10,24680,NYI,MIN,30006857,Matthew Schaefer,goals,rf_qrf_goals,0.3.0,empirical_qrf,0.0,0.0,0.0,,1041171555324455918,2026-01-10 19:59:24.253457
2026-01-10,24680,NYI,MIN,30006925,Maxim Shabanov,goals,rf_qrf_goals,0.3.0,empirical_qrf,0.0001111111111111111,0.0,0.0,,1041171555324455918,2026-01-10 19:59:24.253457
2026-01-10,24680,MIN,NYI,30000257,Yakov Trenin,goals,rf_qrf_goals,0.3.0,empirical_qrf,0.0138736284412755,0.0,0.0,,1041171555324455918,2026-01-10 19:59:24.253457
2026-01-10,24680,MIN,NYI,30000266,Nicolas Aube-Kubel,goals,rf_qrf_goals,0.3.0,empirical_qrf,0.0,0.0,0.0,,1041171555324455918,2026-01-10 19:59:24.253457
2026-01-10,24680,MIN,NYI,30000499,Marcus Foligno,goals,rf_qrf_goals,0.3.0,empirical_qrf,0.0011237373737373736,0.0,0.0,,1041171555324455918,2026-01-10 19:59:24.253457
2026-01-10,24680,MIN,NYI,30000517,Jared Spurgeon,goals,rf_qrf_goals,0.3.0,empirical_qrf,0.0,0.0,0.0,,1041171555324455918,2026-01-10 19:59:24.253457
2026-01-10,24680,NYI,MIN,30006038,Travis Mitchell,goals,rf_qrf_goals,0.3.0,empirical_qrf,0.0,0.0,0.0,,1041171555324455918,2026-01-10 19:59:24.253457
2026-01-10,24680,NYI,MIN,30006078,Calum Ritchie,goals,rf_qrf_goals,0.3.0,empirical_qrf,0.0011237373737373736,0.0,0.0,,1041171555324455918,2026-01-10 19:59:24.253457
2026-01-10,24680,NYI,MIN,30006247,Justin Gill,goals,rf_qrf_goals,0.3.0,empirical_qrf,0.0022448129327939884,0.0014383662082433173,0.003172301304051297,,1041171555324455918,2026-01-10 19:59:24.253457
2026-01-10,24680,NYI,MIN,30006400,Artem Kulakov,goals,rf_qrf_goals,0.3.0,empirical_qrf,0.0022448129327939884,0.0014383662082433173,0.003172301304051297,,1041171555324455918,2026-01-10 19:59:24.253457
2026-01-10,24680,NYI,MIN,30006402,Joseph Cipollone,goals,rf_qrf_goals,0.3.0,empirical_qrf,0.0022448129327939884,0.0014383662082433173,0.003172301304051297,,1041171555324455918,2026-01-10 19:59:24.253457
2026-01-10,24680,NYI,MIN,30006475,Maxim Tsyplakov,goals,rf_qrf_goals,0.3.0,empirical_qrf,0.0,0.0,0.0,,1041171555324455918,2026-01-10 19:59:24.253457
2026-01-10,24680,NYI,MIN,30005265,Eetu Liukas,goals,rf_qrf_goals,0.3.0,empirical_qrf,0.0022448129327939884,0.0014383662082433173,0.003172301304051297,,1041171555324455918,2026-01-10 19:59:24.253457
2026-01-10,24680,NYI,MIN,30005661,Calle Odelius,goals,rf_qrf_goals,0.3.0,empirical_qrf,0.03179163071119181,0.0,0.07905263157894739,,1041171555324455918,2026-01-10 19:59:24.253457
2026-01-10,24680,NYI,MIN,30005705,Isaiah George,goals,rf_qrf_goals,0.3.0,empirical_qrf,0.0,0.0,0.0,,1041171555324455918,2026-01-10 19:59:24.253457
2026-01-10,24680,NYI,MIN,30005828,Marc Gatcomb,goals,rf_qrf_goals,0.3.0,empirical_qrf,0.060668158980471246,0.0,0.14285714285714285,,1041171555324455918,2026-01-10 19:59:24.253457
2026-01-10,24680,NYI,MIN,30005856,Daylan Kuefler,goals,rf_qrf_goals,0.3.0,empirical_qrf,0.0022448129327939884,0.0014383662082433173,0.003172301304051297,,1041171555324455918,2026-01-10 19:59:24.253457
2026-01-10,24680,NYI,MIN,30005858,Matthew Maggio,goals,rf_qrf_goals,0.3.0,empirical_qrf,0.0,0.0,0.0,,1041171555324455918,2026-01-10 19:59:24.253457
2026-01-10,24680,NYI,MIN,30004332,Kyle MacLean,goals,rf_qrf_goals,0.3.0,empirical_qrf,0.006020973172489747,0.0,0.013605442176870748,,1041171555324455918,2026-01-10 19:59:24.253457
2026-01-10,24680,NYI,MIN,30004498,Simon Holmstrom,goals,rf_qrf_goals,0.3.0,empirical_qrf,0.0,0.0,0.0,,1041171555324455918,2026-01-10 19:59:24.253457
2026-01-10,24680,NYI,MIN,30004525,Adam Beckman,goals,rf_qrf_goals,0.3.0,empirical_qrf,0.0,0.0,0.0,,1041171555324455918,2026-01-10 19:59:24.253457
2026-01-10,24680,NYI,MIN,30004845,Emil Heineman,goals,rf_qrf_goals,0.3.0,empirical_qrf,0.07381746031746031,0.0,0.3400000000000015,,1041171555324455918,2026-01-10 19:59:24.253457
2026-01-10,24680,NYI,MIN,30005205,Tristan Lennox,goals,rf_qrf_goals,0.3.0,empirical_qrf,0.0022448129327939884,0.0014383662082433173,0.003172301304051297,,1041171555324455918,2026-01-10 19:59:24.253457
2026-01-10,24680,NYI,MIN,30005262,Henrik Tikkanen,goals,rf_qrf_goals,0.3.0,empirical_qrf,0.0022448129327939884,0.0014383662082433173,0.003172301304051297,,1041171555324455918,2026-01-10 19:59:24.253457
2026-01-10,24680,NYI,MIN,30003126,David Rittich,goals,rf_qrf_goals,0.3.0,empirical_qrf,0.0022448129327939884,0.0014383662082433173,0.003172301304051297,,1041171555324455918,2026-01-10 19:59:24.253457
2026-01-10,24680,NYI,MIN,30003189,Sean Day,goals,rf_qrf_goals,0.3.0,empirical_qrf,0.0,0.0,0.0,,1041171555324455918,2026-01-10 19:59:24.253457
2026-01-10,24680,NYI,MIN,30003541,Matthew Highmore,goals,rf_qrf_goals,0.3.0,empirical_qrf,0.0025715974423436436,0.0,0.005356312485468497,,1041171555324455918,2026-01-10 19:59:24.253457
2026-01-10,24680,NYI,MIN,30004051,Pierre Engvall,goals,rf_qrf_goals,0.3.0,empirical_qrf,0.002333333333333333,0.0,0.0,,1041171555324455918,2026-01-10 19:59:24.253457
2026-01-10,24680,NYI,MIN,30004091,Adam Boqvist,goals,rf_qrf_goals,0.3.0,empirical_qrf,0.021908741775883877,0.0,0.04305750350631137,,1041171555324455918,2026-01-10 19:59:24.253457
2026-01-10,24680,NYI,MIN,30004176,Alexander Romanov,goals,rf_qrf_goals,0.3.0,empirical_qrf,0.0,0.0,0.0,,1041171555324455918,2026-01-10 19:59:24.253457
2026-01-10,24680,NYI,MIN,30000999,Scott Mayfield,goals,rf_qrf_goals,0.3.0,empirical_qrf,0.0,0.0,0.0,,1041171555324455918,2026-01-10 19:59:24.253457
2026-01-10,24680,NYI,MIN,30001003,Ryan Pulock,goals,rf_qrf_goals,0.3.0,empirical_qrf,0.012419660958125764,0.0,0.028985507246376812,,1041171555324455918,2026-01-10 19:59:24.253457
2026-01-10,24680,NYI,MIN,30001155,Casey Cizikas,goals,rf_qrf_goals,0.3.0,empirical_qrf,0.012419660958125764,0.0,0.028985507246376812,,1041171555324455918,2026-01-10 19:59:24.253457
2026-01-10,24680,NYI,MIN,30001276,Bo Horvat,goals,rf_qrf_goals,0.3.0,empirical_qrf,0.0,0.0,0.0,,1041171555324455918,2026-01-10 19:59:24.253457
2026-01-10,24680,NYI,MIN,30002533,Marcus Hogberg,goals,rf_qrf_goals,0.3.0,empirical_qrf,0.0022448129327939884,0.0014383662082433173,0.003172301304051297,,1041171555324455918,2026-01-10 19:59:24.253457
2026-01-10,24680,NYI,MIN,30002618,Ilya Sorokin,goals,rf_qrf_goals,0.3.0,empirical_qrf,0.0022448129327939884,0.0014383662082433173,0.003172301304051297,,1041171555324455918,2026-01-10 19:59:24.253457
2026-01-10,24680,NYI,MIN,30000644,Chris Terry,goals,rf_qrf_goals,0.3.0,empirical_qrf,0.0,0.0,0.0,,1041171555324455918,2026-01-10 19:59:24.253457
2026-01-10,24680,NYI,MIN,30000733,Tony DeAngelo,goals,rf_qrf_goals,0.3.0,empirical_qrf,0.0,0.0,0.0,,1041171555324455918,2026-01-10 19:59:24.253457
2026-01-10,24680,NYI,MIN,30000734,Jonathan Drouin,goals,rf_qrf_goals,0.3.0,empirical_qrf,0.0,0.0,0.0,,1041171555324455918,2026-01-10 19:59:24.253457
2026-01-10,24680,NYI,MIN,30000875,Semyon Varlamov,goals,rf_qrf_goals,0.3.0,empirical_qrf,0.0022448129327939884,0.0014383662082433173,0.003172301304051297,,1041171555324455918,2026-01-10 19:59:24.253457
2026-01-10,24680,NYI,MIN,30000966,Jean-Gabriel Pageau,goals,rf_qrf_goals,0.3.0,empirical_qrf,0.0,0.0,0.0,,1041171555324455918,2026-01-10 19:59:24.253457
2026-01-10,24680,NYI,MIN,30000986,Seth Helgeson,goals,rf_qrf_goals,0.3.0,empirical_qrf,0.028187798465970085,0.0,0.0547945205479452,,1041171555324455918,2026-01-10 19:59:24.253457
2026-01-10,24680,NYI,MIN,30000204,Kyle Palmieri,goals,rf_qrf_goals,0.3.0,empirical_qrf,0.0022777777777777774,0.0,0.0,,1041171555324455918,2026-01-10 19:59:24.253457
2026-01-10,24680,NYI,MIN,30000276,Anders Lee,goals,rf_qrf_goals,0.3.0,empirical_qrf,0.0,0.0,0.0,,1041171555324455918,2026-01-10 19:59:24.253457
2026-01-10,24680,NYI,MIN,30000290,Adam Pelech,goals,rf_qrf_goals,0.3.0,empirical_qrf,0.0,0.0,0.0,,1041171555324455918,2026-01-10 19:59:24.253457
2026-01-10,24680,NYI,MIN,30000292,Mathew Barzal,goals,rf_qrf_goals,0.3.0,empirical_qrf,0.0,0.0,0.0,,1041171555324455918,2026-01-10 19:59:24.253457
2026-01-10,24680,NYI,MIN,30000571,Anthony Duclair,goals,rf_qrf_goals,0.3.0,empirical_qrf,0.004037037037037037,0.0,0.0,,1041171555324455918,2026-01-10 19:59:24.253457
2026-01-10,24681,CHI,NAS,30000585,Andre Burakovsky,goals,rf_qrf_goals,0.3.0,empirical_qrf,0.0,0.0,0.0,,1041171555324455918,2026-01-10 19:59:24.253457
2026-01-10,24681,CHI,NAS,30000691,Nick Foligno,goals,rf_qrf_goals,0.3.0,empirical_qrf,0.0011527777777777777,0.0,0.0,,1041171555324455918,2026-01-10 19:59:24.253457
2026-01-10,24681,CHI,NAS,30000748,Jason Dickinson,goals,rf_qrf_goals,0.3.0,empirical_qrf,0.0,0.0,0.0,,1041171555324455918,2026-01-10 19:59:24.253457
2026-01-10,24681,CHI,NAS,30000842,Tyler Bertuzzi,goals,rf_qrf_goals,0.3.0,empirical_qrf,0.006944444444444443,0.0,0.0,,1041171555324455918,2026-01-10 19:59:24.253457
2026-01-10,24681,CHI,NAS,30000871,Teuvo Teravainen,goals,rf_qrf_goals,0.3.0,empirical_qrf,0.0026946248196248195,0.0,0.0,,1041171555324455918,2026-01-10 19:59:24.253457
2026-01-10,24681,CHI,NAS,30001060,Shea Weber,goals,rf_qrf_goals,0.3.0,empirical_qrf,0.0022448129327939884,0.0014383662082433173,0.003172301304051297,,1041171555324455918,2026-01-10 19:59:24.253457
2026-01-10,24681,CHI,NAS,30005839,Jake Furlong,goals,rf_qrf_goals,0.3.0,empirical_qrf,0.0022448129327939884,0.0014383662082433173,0.003172301304051297,,1041171555324455918,2026-01-10 19:59:24.253457
2026-01-10,24681,CHI,NAS,30006926,Stanislav Berezhnoy,goals,rf_qrf_goals,0.3.0,empirical_qrf,0.0022448129327939884,0.0014383662082433173,0.003172301304051297,,1041171555324455918,2026-01-10 19:59:24.253457
2026-01-10,24681,NAS,CHI,30006089,David Edstrom,goals,rf_qrf_goals,0.3.0,empirical_qrf,0.00015151515151515152,0.0,0.0,,1041171555324455918,2026-01-10 19:59:24.253457
2026-01-10,24681,NAS,CHI,30006095,Andrew Gibson,goals,rf_qrf_goals,0.3.0,empirical_qrf,0.0,0.0,0.0,,1041171555324455918,2026-01-10 19:59:24.253457
2026-01-10,24681,NAS,CHI,30006107,Kalan Lind,goals,rf_qrf_goals,0.3.0,empirical_qrf,0.0022448129327939884,0.0014383662082433173,0.003172301304051297,,1041171555324455918,2026-01-10 19:59:24.253457
2026-01-10,24681,NAS,CHI,30006185,Joey Willis,goals,rf_qrf_goals,0.3.0,empirical_qrf,0.0022448129327939884,0.0014383662082433173,0.003172301304051297,,1041171555324455918,2026-01-10 19:59:24.253457
2026-01-10,24681,CHI,NAS,30004875,Landon Slaggert,goals,rf_qrf_goals,0.3.0,empirical_qrf,0.012419660958125764,0.0,0.028985507246376812,,1041171555324455918,2026-01-10 19:59:24.253457
2026-01-10,24681,CHI,NAS,30000182,Ryan Ellis,goals,rf_qrf_goals,0.3.0,empirical_qrf,0.0022448129327939884,0.0014383662082433173,0.003172301304051297,,1041171555324455918,2026-01-10 19:59:24.253457
2026-01-10,24681,NAS,CHI,30005617,Joakim Kemell,goals,rf_qrf_goals,0.3.0,empirical_qrf,0.0,0.0,0.0,,1041171555324455918,2026-01-10 19:59:24.253457
2026-01-10,24681,NAS,CHI,30005648,Reid Schaefer,goals,rf_qrf_goals,0.3.0,empirical_qrf,0.0,0.0,0.0,,1041171555324455918,2026-01-10 19:59:24.253457
2026-01-10,24681,NAS,CHI,30005835,Chad Nychuk,goals,rf_qrf_goals,0.3.0,empirical_qrf,0.0022448129327939884,0.0014383662082433173,0.003172301304051297,,1041171555324455918,2026-01-10 19:59:24.253457
2026-01-10,24681,NAS,CHI,30005933,Austin Roest,goals,rf_qrf_goals,0.3.0,empirical_qrf,0.0022448129327939884,0.0014383662082433173,0.003172301304051297,,1041171555324455918,2026-01-10 19:59:24.253457
2026-01-10,24681,NAS,CHI,30006080,Tanner Molendyk,goals,rf_qrf_goals,0.3.0,empirical_qrf,0.006020973172489747,0.0,0.013605442176870748,,1041171555324455918,2026-01-10 19:59:24.253457
2026-01-10,24681,NAS,CHI,30006081,Matthew Wood,goals,rf_qrf_goals,0.3.0,empirical_qrf,0.003916666666666666,0.0,0.0,,1041171555324455918,2026-01-10 19:59:24.253457
2026-01-10,24681,NAS,CHI,30004944,Magnus Chrona,goals,rf_qrf_goals,0.3.0,empirical_qrf,0.0022448129327939884,0.0014383662082433173,0.003172301304051297,,1041171555324455918,2026-01-10 19:59:24.253457
2026-01-10,24681,NAS,CHI,30004991,Fedor Svechkov,goals,rf_qrf_goals,0.3.0,empirical_qrf,0.0,0.0,0.0,,1041171555324455918,2026-01-10 19:59:24.253457
2026-01-10,24681,NAS,CHI,30005006,Zachary L'Heureux,goals,rf_qrf_goals,0.3.0,empirical_qrf,0.012419660958125764,0.0,0.028985507246376812,,1041171555324455918,2026-01-10 19:59:24.253457
2026-01-10,24681,NAS,CHI,30005190,Jack Matier,goals,rf_qrf_goals,0.3.0,empirical_qrf,0.0022448129327939884,0.0014383662082433173,0.003172301304051297,,1041171555324455918,2026-01-10 19:59:24.253457
2026-01-10,24681,NAS,CHI,30005233,Adam Wilsby,goals,rf_qrf_goals,0.3.0,empirical_qrf,0.0,0.0,0.0,,1041171555324455918,2026-01-10 19:59:24.253457
2026-01-10,24681,NAS,CHI,30005578,Nick Blankenburg,goals,rf_qrf_goals,0.3.0,empirical_qrf,0.0,0.0,0.0,,1041171555324455918,2026-01-10 19:59:24.253457
2026-01-10,24681,NAS,CHI,30004725,Ethan Haider,goals,rf_qrf_goals,0.3.0,empirical_qrf,0.0022448129327939884,0.0014383662082433173,0.003172301304051297,,1041171555324455918,2026-01-10 19:59:24.253457
2026-01-10,24681,NAS,CHI,30004748,Cole Smith,goals,rf_qrf_goals,0.3.0,empirical_qrf,0.0,0.0,0.0,,1041171555324455918,2026-01-10 19:59:24.253457
2026-01-10,24681,NAS,CHI,30004795,Justin Barron,goals,rf_qrf_goals,0.3.0,empirical_qrf,0.0,0.0,0.0,,1041171555324455918,2026-01-10 19:59:24.253457
2026-01-10,24681,NAS,CHI,30004822,Ozzy Wiesblatt,goals,rf_qrf_goals,0.3.0,empirical_qrf,0.0,0.0,0.0,,1041171555324455918,2026-01-10 19:59:24.253457
2026-01-10,24681,NAS,CHI,30004834,Luke Evangelista,goals,rf_qrf_goals,0.3.0,empirical_qrf,0.014650793650793652,0.0,0.0,,1041171555324455918,2026-01-10 19:59:24.253457
2026-01-10,24681,NAS,CHI,30004907,Ryder Rolston,goals,rf_qrf_goals,0.3.0,empirical_qrf,0.03471016818717223,0.0,0.08,,1041171555324455918,2026-01-10 19:59:24.253457
2026-01-10,24681,NAS,CHI,30003140,Tyson Jost,goals,rf_qrf_goals,0.3.0,empirical_qrf,0.0,0.0,0.0,,1041171555324455918,2026-01-10 19:59:24.253457
2026-01-10,24681,NAS,CHI,30003206,Dylan Gambrell,goals,rf_qrf_goals,0.3.0,empirical_qrf,0.0,0.0,0.0,,1041171555324455918,2026-01-10 19:59:24.253457
2026-01-10,24681,NAS,CHI,30003700,Nicolas Hague,goals,rf_qrf_goals,0.3.0,empirical_qrf,0.0,0.0,0.0,,1041171555324455918,2026-01-10 19:59:24.253457
2026-01-10,24681,NAS,CHI,30004161,Justus Annunen,goals,rf_qrf_goals,0.3.0,empirical_qrf,0.0022448129327939884,0.0014383662082433173,0.003172301304051297,,1041171555324455918,2026-01-10 19:59:24.253457
2026-01-10,24681,NAS,CHI,30004606,Nick Perbix,goals,rf_qrf_goals,0.3.0,empirical_qrf,0.013510883039157567,0.004464285714285714,0.023906288720715225,,1041171555324455918,2026-01-10 19:59:24.253457
2026-01-10,24681,NAS,CHI,30004716,Zack Hayes,goals,rf_qrf_goals,0.3.0,empirical_qrf,0.0022448129327939884,0.0014383662082433173,0.003172301304051297,,1041171555324455918,2026-01-10 19:59:24.253457
2026-01-10,24681,NAS,CHI,30000743,Steven Stamkos,goals,rf_qrf_goals,0.3.0,empirical_qrf,0.0,0.0,0.0,,1041171555324455918,2026-01-10 19:59:24.253457
2026-01-10,24681,NAS,CHI,30000810,Erik Haula,goals,rf_qrf_goals,0.3.0,empirical_qrf,0.0,0.0,0.0,,1041171555324455918,2026-01-10 19:59:24.253457
2026-01-10,24681,NAS,CHI,30000979,Ryan O'Reilly,goals,rf_qrf_goals,0.3.0,empirical_qrf,0.0,0.0,0.0,,1041171555324455918,2026-01-10 19:59:24.253457
2026-01-10,24681,NAS,CHI,30001048,Jonathan Marchessault,goals,rf_qrf_goals,0.3.0,empirical_qrf,0.010333333333333332,0.0,0.0,,1041171555324455918,2026-01-10 19:59:24.253457
2026-01-10,24681,NAS,CHI,30002591,Andreas Englund,goals,rf_qrf_goals,0.3.0,empirical_qrf,0.0025715974423436436,0.0,0.005356312485468497,,1041171555324455918,2026-01-10 19:59:24.253457
2026-01-10,24681,NAS,CHI,30002859,Michael Bunting,goals,rf_qrf_goals,0.3.0,empirical_qrf,0.0,0.0,0.0,,1041171555324455918,2026-01-10 19:59:24.253457
2026-01-10,24681,NAS,CHI,30000183,Filip Forsberg,goals,rf_qrf_goals,0.3.0,empirical_qrf,0.0,0.0,0.0,,1041171555324455918,2026-01-10 19:59:24.253457
2026-01-10,24681,NAS,CHI,30000184,Roman Josi,goals,rf_qrf_goals,0.3.0,empirical_qrf,0.0,0.0,0.0,,1041171555324455918,2026-01-10 19:59:24.253457
2026-01-10,24681,NAS,CHI,30000222,Juuse Saros,goals,rf_qrf_goals,0.3.0,empirical_qrf,0.0022448129327939884,0.0014383662082433173,0.003172301304051297,,1041171555324455918,2026-01-10 19:59:24.253457
2026-01-10,24681,NAS,CHI,30000324,Brady Skjei,goals,rf_qrf_goals,0.3.0,empirical_qrf,0.0024319985569985574,0.0,0.0,,1041171555324455918,2026-01-10 19:59:24.253457
2026-01-10,24681,NAS,CHI,30000716,Daniel Carr,goals,rf_qrf_goals,0.3.0,empirical_qrf,0.003115079365079365,0.0,0.0,,1041171555324455918,2026-01-10 19:59:24.253457
2026-01-10,24681,NAS,CHI,30000720,Michael McCarron,goals,rf_qrf_goals,0.3.0,empirical_qrf,0.0,0.0,0.0,,1041171555324455918,2026-01-10 19:59:24.253457
2026-01-10,24681,CHI,NAS,30006077,Oliver Moore,goals,rf_qrf_goals,0.3.0,empirical_qrf,0.0,0.0,0.0,,1041171555324455918,2026-01-10 19:59:24.253457
2026-01-10,24681,CHI,NAS,30006105,Martin Misiak,goals,rf_qrf_goals,0.3.0,empirical_qrf,0.0,0.0,0.0,,1041171555324455918,2026-01-10 19:59:24.253457
2026-01-10,24681,CHI,NAS,30006145,Nick Lardis,goals,rf_qrf_goals,0.3.0,empirical_qrf,0.013510883039157567,0.004464285714285714,0.023906288720715225,,1041171555324455918,2026-01-10 19:59:24.253457
2026-01-10,24681,CHI,NAS,30006279,Sahil Panwar,goals,rf_qrf_goals,0.3.0,empirical_qrf,0.0022448129327939884,0.0014383662082433173,0.003172301304051297,,1041171555324455918,2026-01-10 19:59:24.253457
2026-01-10,24681,CHI,NAS,30006312,Joe Carroll,goals,rf_qrf_goals,0.3.0,empirical_qrf,0.0022448129327939884,0.0014383662082433173,0.003172301304051297,,1041171555324455918,2026-01-10 19:59:24.253457
2026-01-10,24681,CHI,NAS,30006496,Artyom Levshunov,goals,rf_qrf_goals,0.3.0,empirical_qrf,0.0,0.0,0.0,,1041171555324455918,2026-01-10 19:59:24.253457
2026-01-10,24681,CHI,NAS,30005666,Ryan Greene,goals,rf_qrf_goals,0.3.0,empirical_qrf,0.0,0.0,0.0,,1041171555324455918,2026-01-10 19:59:24.253457
2026-01-10,24681,CHI,NAS,30005718,Samuel Savoie,goals,rf_qrf_goals,0.3.0,empirical_qrf,0.028187798465970085,0.0,0.0547945205479452,,1041171555324455918,2026-01-10 19:59:24.253457
2026-01-10,24681,CHI,NAS,30005816,Gavin Hayes,goals,rf_qrf_goals,0.3.0,empirical_qrf,0.0,0.0,0.0,,1041171555324455918,2026-01-10 19:59:24.253457
2026-01-10,24681,CHI,NAS,30005819,Andrew Perrott,goals,rf_qrf_goals,0.3.0,empirical_qrf,0.0,0.0,0.0,,1041171555324455918,2026-01-10 19:59:24.253457
2026-01-10,24681,CHI,NAS,30005820,Mitchell Weeks,goals,rf_qrf_goals,0.3.0,empirical_qrf,0.0022448129327939884,0.0014383662082433173,0.003172301304051297,,1041171555324455918,2026-01-10 19:59:24.253457
2026-01-10,24681,CHI,NAS,30006064,Connor Bedard,goals,rf_qrf_goals,0.3.0,empirical_qrf,0.0,0.0,0.0,,1041171555324455918,2026-01-10 19:59:24.253457
2026-01-10,24681,CHI,NAS,30005052,Dmitry Kuzmin,goals,rf_qrf_goals,0.3.0,empirical_qrf,0.0022448129327939884,0.0014383662082433173,0.003172301304051297,,1041171555324455918,2026-01-10 19:59:24.253457
2026-01-10,24681,CHI,NAS,30005131,Ryan Mast,goals,rf_qrf_goals,0.3.0,empirical_qrf,0.0022448129327939884,0.0014383662082433173,0.003172301304051297,,1041171555324455918,2026-01-10 19:59:24.253457
2026-01-10,24681,CHI,NAS,30005163,Ethan Del Mastro,goals,rf_qrf_goals,0.3.0,empirical_qrf,0.0,0.0,0.0,,1041171555324455918,2026-01-10 19:59:24.253457
2026-01-10,24681,CHI,NAS,30005632,Kevin Korchinski,goals,rf_qrf_goals,0.3.0,empirical_qrf,0.01111723250066587,0.0,0.02656047197640118,,1041171555324455918,2026-01-10 19:59:24.253457
2026-01-10,24681,CHI,NAS,30005638,Frank Nazar,goals,rf_qrf_goals,0.3.0,empirical_qrf,0.012583333333333332,0.0,0.0,,1041171555324455918,2026-01-10 19:59:24.253457
2026-01-10,24681,CHI,NAS,30005665,Paul Ludwinski,goals,rf_qrf_goals,0.3.0,empirical_qrf,0.0,0.0,0.0,,1041171555324455918,2026-01-10 19:59:24.253457
2026-01-10,24681,CHI,NAS,30004650,Louis Crevier,goals,rf_qrf_goals,0.3.0,empirical_qrf,0.01111723250066587,0.0,0.02656047197640118,,1041171555324455918,2026-01-10 19:59:24.253457
2026-01-10,24681,CHI,NAS,30004830,Drew Commesso,goals,rf_qrf_goals,0.3.0,empirical_qrf,0.0022448129327939884,0.0014383662082433173,0.003172301304051297,,1041171555324455918,2026-01-10 19:59:24.253457
2026-01-10,24681,CHI,NAS,30004850,Wyatt Kaiser,goals,rf_qrf_goals,0.3.0,empirical_qrf,0.004527777777777778,0.0,0.0,,1041171555324455918,2026-01-10 19:59:24.253457
2026-01-10,24681,CHI,NAS,30004946,Jackson Cates,goals,rf_qrf_goals,0.3.0,empirical_qrf,0.0022448129327939884,0.0014383662082433173,0.003172301304051297,,1041171555324455918,2026-01-10 19:59:24.253457
2026-01-10,24681,CHI,NAS,30004965,Arvid Soderblom,goals,rf_qrf_goals,0.3.0,empirical_qrf,0.0022448129327939884,0.0014383662082433173,0.003172301304051297,,1041171555324455918,2026-01-10 19:59:24.253457
2026-01-10,24681,CHI,NAS,30005032,Colton Dach,goals,rf_qrf_goals,0.3.0,empirical_qrf,0.0,0.0,0.0,,1041171555324455918,2026-01-10 19:59:24.253457
2026-01-10,24681,CHI,NAS,30003751,Dominic Toninato,goals,rf_qrf_goals,0.3.0,empirical_qrf,0.0,0.0,0.0,,1041171555324455918,2026-01-10 19:59:24.253457
2026-01-10,24681,CHI,NAS,30003996,Sam Lafferty,goals,rf_qrf_goals,0.3.0,empirical_qrf,0.0,0.0,0.0,,1041171555324455918,2026-01-10 19:59:24.253457
2026-01-10,24681,CHI,NAS,30004000,Brett Seney,goals,rf_qrf_goals,0.3.0,empirical_qrf,0.013510883039157567,0.004464285714285714,0.023906288720715225,,1041171555324455918,2026-01-10 19:59:24.253457
2026-01-10,24681,CHI,NAS,30004442,Ilya Mikheyev,goals,rf_qrf_goals,0.3.0,empirical_qrf,0.0,0.0,0.0,,1041171555324455918,2026-01-10 19:59:24.253457
2026-01-10,24681,CHI,NAS,30004494,Spencer Knight,goals,rf_qrf_goals,0.3.0,empirical_qrf,0.0022448129327939884,0.0014383662082433173,0.003172301304051297,,1041171555324455918,2026-01-10 19:59:24.253457
2026-01-10,24681,CHI,NAS,30004507,Alex Vlasic,goals,rf_qrf_goals,0.3.0,empirical_qrf,0.0,0.0,0.0,,1041171555324455918,2026-01-10 19:59:24.253457
2026-01-10,24681,CHI,NAS,30001219,Connor Murphy,goals,rf_qrf_goals,0.3.0,empirical_qrf,0.0,0.0,0.0,,1041171555324455918,2026-01-10 19:59:24.253457
2026-01-10,24681,CHI,NAS,30002212,Cavan Fitzgerald,goals,rf_qrf_goals,0.3.0,empirical_qrf,0.0022448129327939884,0.0014383662082433173,0.003172301304051297,,1041171555324455918,2026-01-10 19:59:24.253457
2026-01-10,24681,CHI,NAS,30002539,Matt Grzelcyk,goals,rf_qrf_goals,0.3.0,empirical_qrf,0.0,0.0,0.0,,1041171555324455918,2026-01-10 19:59:24.253457
2026-01-10,24681,CHI,NAS,30002588,Ryan Donato,goals,rf_qrf_goals,0.3.0,empirical_qrf,0.0,0.0,0.0,,1041171555324455918,2026-01-10 19:59:24.253457
2026-01-10,24681,CHI,NAS,30003209,Joey Anderson,goals,rf_qrf_goals,0.3.0,empirical_qrf,0.0022448129327939884,0.0014383662082433173,0.003172301304051297,,1041171555324455918,2026-01-10 19:59:24.253457
2026-01-10,24681,CHI,NAS,30003558,Josh Healey,goals,rf_qrf_goals,0.3.0,empirical_qrf,0.013510883039157567,0.004464285714285714,0.023906288720715225,,1041171555324455918,2026-01-10 19:59:24.253457
2026-01-10,24682,STL,VEG,30000059,Brayden Schenn,goals,rf_qrf_goals,0.3.0,empirical_qrf,0.03300727513227513,0.0,0.0,,1041171555324455918,2026-01-10 19:59:24.253457
2026-01-10,24682,STL,VEG,30000072,Torey Krug,goals,rf_qrf_goals,0.3.0,empirical_qrf,0.0022448129327939884,0.0014383662082433173,0.003172301304051297,,1041171555324455918,2026-01-10 19:59:24.253457
2026-01-10,24682,STL,VEG,30000225,Nick Bjugstad,goals,rf_qrf_goals,0.3.0,empirical_qrf,0.0,0.0,0.0,,1041171555324455918,2026-01-10 19:59:24.253457
2026-01-10,24682,STL,VEG,30000405,Oskar Sundqvist,goals,rf_qrf_goals,0.3.0,empirical_qrf,0.0,0.0,0.0,,1041171555324455918,2026-01-10 19:59:24.253457
2026-01-10,24682,STL,VEG,30000631,Justin Faulk,goals,rf_qrf_goals,0.3.0,empirical_qrf,0.0,0.0,0.0,,1041171555324455918,2026-01-10 19:59:24.253457
2026-01-10,24682,STL,VEG,30000666,Jordan Binnington,goals,rf_qrf_goals,0.3.0,empirical_qrf,0.0022448129327939884,0.0014383662082433173,0.003172301304051297,,1041171555324455918,2026-01-10 19:59:24.253457
2026-01-10,24682,VEG,STL,30005944,Braeden Bowman,goals,rf_qrf_goals,0.3.0,empirical_qrf,0.0,0.0,0.0,,1041171555324455918,2026-01-10 19:59:24.253457
2026-01-10,24682,VEG,STL,30006216,Carter Sotheran,goals,rf_qrf_goals,0.3.0,empirical_qrf,0.0022448129327939884,0.0014383662082433173,0.003172301304051297,,1041171555324455918,2026-01-10 19:59:24.253457
2026-01-10,24682,VEG,STL,30006232,Tuomas Uronen,goals,rf_qrf_goals,0.3.0,empirical_qrf,0.0022448129327939884,0.0014383662082433173,0.003172301304051297,,1041171555324455918,2026-01-10 19:59:24.253457
2026-01-10,24682,VEG,STL,30006391,Mazden Leslie,goals,rf_qrf_goals,0.3.0,empirical_qrf,0.0022448129327939884,0.0014383662082433173,0.003172301304051297,,1041171555324455918,2026-01-10 19:59:24.253457
2026-01-10,24682,STL,VEG,30005641,Jimmy Snuggerud,goals,rf_qrf_goals,0.3.0,empirical_qrf,0.0,0.0,0.0,,1041171555324455918,2026-01-10 19:59:24.253457
2026-01-10,24682,VEG,STL,30005679,Matyas Sapovaliv,goals,rf_qrf_goals,0.3.0,empirical_qrf,0.0,0.0,0.0,,1041171555324455918,2026-01-10 19:59:24.253457
2026-01-10,24682,VEG,STL,30005795,Ben Hemmerling,goals,rf_qrf_goals,0.3.0,empirical_qrf,0.013510883039157567,0.004464285714285714,0.023906288720715225,,1041171555324455918,2026-01-10 19:59:24.253457
2026-01-10,24682,VEG,STL,30005809,Joe Fleming,goals,rf_qrf_goals,0.3.0,empirical_qrf,0.0,0.0,0.0,,1041171555324455918,2026-01-10 19:59:24.253457
2026-01-10,24682,VEG,STL,30005815,Jordan Papirny,goals,rf_qrf_goals,0.3.0,empirical_qrf,0.0022448129327939884,0.0014383662082433173,0.003172301304051297,,1041171555324455918,2026-01-10 19:59:24.253457
2026-01-10,24682,VEG,STL,30005829,Christoffer Sedoff,goals,rf_qrf_goals,0.3.0,empirical_qrf,0.0,0.0,0.0,,1041171555324455918,2026-01-10 19:59:24.253457
2026-01-10,24682,VEG,STL,30005841,Samuel Mayer,goals,rf_qrf_goals,0.3.0,empirical_qrf,0.0022448129327939884,0.0014383662082433173,0.003172301304051297,,1041171555324455918,2026-01-10 19:59:24.253457
2026-01-10,24682,VEG,STL,30005106,Jakub Brabenec,goals,rf_qrf_goals,0.3.0,empirical_qrf,0.0,0.0,0.0,,1041171555324455918,2026-01-10 19:59:24.253457
2026-01-10,24682,VEG,STL,30005109,Jakub Demek,goals,rf_qrf_goals,0.3.0,empirical_qrf,0.0025715974423436436,0.0,0.005356312485468497,,1041171555324455918,2026-01-10 19:59:24.253457
2026-01-10,24682,VEG,STL,30005112,Jesper Vikman,goals,rf_qrf_goals,0.3.0,empirical_qrf,0.0022448129327939884,0.0014383662082433173,0.003172301304051297,,1041171555324455918,2026-01-10 19:59:24.253457
2026-01-10,24682,VEG,STL,30005162,Riley McKay,goals,rf_qrf_goals,0.3.0,empirical_qrf,0.0022448129327939884,0.0014383662082433173,0.003172301304051297,,1041171555324455918,2026-01-10 19:59:24.253457
2026-01-10,24682,VEG,STL,30005320,Carl Lindbom,goals,rf_qrf_goals,0.3.0,empirical_qrf,0.0022448129327939884,0.0014383662082433173,0.003172301304051297,,1041171555324455918,2026-01-10 19:59:24.253457
2026-01-10,24682,VEG,STL,30005406,Kevin Wall,goals,rf_qrf_goals,0.3.0,empirical_qrf,0.0022448129327939884,0.0014383662082433173,0.003172301304051297,,1041171555324455918,2026-01-10 19:59:24.253457
2026-01-10,24682,VEG,STL,30004503,Raphael Lavoie,goals,rf_qrf_goals,0.3.0,empirical_qrf,0.0,0.0,0.0,,1041171555324455918,2026-01-10 19:59:24.253457
2026-01-10,24682,VEG,STL,30004510,Kaedan Korczak,goals,rf_qrf_goals,0.3.0,empirical_qrf,0.0,0.0,0.0,,1041171555324455918,2026-01-10 19:59:24.253457
2026-01-10,24682,VEG,STL,30004532,Pavel Dorofeyev,goals,rf_qrf_goals,0.3.0,empirical_qrf,0.0,0.0,0.0,,1041171555324455918,2026-01-10 19:59:24.253457
2026-01-10,24682,VEG,STL,30004805,Alexander Holtz,goals,rf_qrf_goals,0.3.0,empirical_qrf,0.0,0.0,0.0,,1041171555324455918,2026-01-10 19:59:24.253457
2026-01-10,24682,VEG,STL,30004831,Lukas Cormier,goals,rf_qrf_goals,0.3.0,empirical_qrf,0.0,0.0,0.0,,1041171555324455918,2026-01-10 19:59:24.253457
2026-01-10,24682,VEG,STL,30004947,Cole Reinhardt,goals,rf_qrf_goals,0.3.0,empirical_qrf,0.013510883039157567,0.004464285714285714,0.023906288720715225,,1041171555324455918,2026-01-10 19:59:24.253457
2026-01-10,24682,VEG,STL,30003396,Dylan Coghlan,goals,rf_qrf_goals,0.3.0,empirical_qrf,0.0,0.0,0.0,,1041171555324455918,2026-01-10 19:59:24.253457
2026-01-10,24682,VEG,STL,30003924,Jeremy Davies,goals,rf_qrf_goals,0.3.0,empirical_qrf,0.02433598673952739,0.0,0.05405405405405406,,1041171555324455918,2026-01-10 19:59:24.253457
2026-01-10,24682,VEG,STL,30003961,Tanner Laczynski,goals,rf_qrf_goals,0.3.0,empirical_qrf,0.0,0.0,0.0,,1041171555324455918,2026-01-10 19:59:24.253457
2026-01-10,24682,VEG,STL,30003997,Zach Whitecloud,goals,rf_qrf_goals,0.3.0,empirical_qrf,0.006020973172489747,0.0,0.013605442176870748,,1041171555324455918,2026-01-10 19:59:24.253457
2026-01-10,24682,VEG,STL,30004243,Mitchell McLain,goals,rf_qrf_goals,0.3.0,empirical_qrf,0.0,0.0,0.0,,1041171555324455918,2026-01-10 19:59:24.253457
2026-01-10,24682,VEG,STL,30004341,Akira Schmid,goals,rf_qrf_goals,0.3.0,empirical_qrf,0.0022448129327939884,0.0014383662082433173,0.003172301304051297,,1041171555324455918,2026-01-10 19:59:24.253457
2026-01-10,24682,VEG,STL,30002783,Adin Hill,goals,rf_qrf_goals,0.3.0,empirical_qrf,0.0022448129327939884,0.0014383662082433173,0.003172301304051297,,1041171555324455918,2026-01-10 19:59:24.253457
2026-01-10,24682,VEG,STL,30002827,Jeremy Lauzon,goals,rf_qrf_goals,0.3.0,empirical_qrf,0.0025715974423436436,0.0,0.005356312485468497,,1041171555324455918,2026-01-10 19:59:24.253457
2026-01-10,24682,VEG,STL,30003153,Brett Howden,goals,rf_qrf_goals,0.3.0,empirical_qrf,0.0,0.0,0.0,,1041171555324455918,2026-01-10 19:59:24.253457
2026-01-10,24682,VEG,STL,30003155,Lucas Johansen,goals,rf_qrf_goals,0.3.0,empirical_qrf,0.0022448129327939884,0.0014383662082433173,0.003172301304051297,,1041171555324455918,2026-01-10 19:59:24.253457
2026-01-10,24682,VEG,STL,30003166,Carter Hart,goals,rf_qrf_goals,0.3.0,empirical_qrf,0.0,0.0,0.0,,1041171555324455918,2026-01-10 19:59:24.253457
2026-01-10,24682,VEG,STL,30003342,Mitchell Marner,goals,rf_qrf_goals,0.3.0,empirical_qrf,0.0,0.0,0.0,,1041171555324455918,2026-01-10 19:59:24.253457
2026-01-10,24682,VEG,STL,30000881,Jaycob Megna,goals,rf_qrf_goals,0.3.0,empirical_qrf,0.013510883039157567,0.004464285714285714,0.023906288720715225,,1041171555324455918,2026-01-10 19:59:24.253457
2026-01-10,24682,VEG,STL,30000890,Shea Theodore,goals,rf_qrf_goals,0.3.0,empirical_qrf,0.0,0.0,0.0,,1041171555324455918,2026-01-10 19:59:24.253457
2026-01-10,24682,VEG,STL,30000927,Ben Hutton,goals,rf_qrf_goals,0.3.0,empirical_qrf,0.0,0.0,0.0,,1041171555324455918,2026-01-10 19:59:24.253457
2026-01-10,24682,VEG,STL,30001229,Brandon Saad,goals,rf_qrf_goals,0.3.0,empirical_qrf,0.0,0.0,0.0,,1041171555324455918,2026-01-10 19:59:24.253457
2026-01-10,24682,VEG,STL,30001246,Mark Stone,goals,rf_qrf_goals,0.3.0,empirical_qrf,0.0,0.0,0.0,,1041171555324455918,2026-01-10 19:59:24.253457
2026-01-10,24682,VEG,STL,30002608,Brandon Hickey,goals,rf_qrf_goals,0.3.0,empirical_qrf,0.0022448129327939884,0.0014383662082433173,0.003172301304051297,,1041171555324455918,2026-01-10 19:59:24.253457
2026-01-10,24682,VEG,STL,30000422,William Karlsson,goals,rf_qrf_goals,0.3.0,empirical_qrf,0.0,0.0,0.0,,1041171555324455918,2026-01-10 19:59:24.253457
2026-01-10,24682,VEG,STL,30000496,Jack Eichel,goals,rf_qrf_goals,0.3.0,empirical_qrf,0.0011666666666666665,0.0,0.0,,1041171555324455918,2026-01-10 19:59:24.253457
2026-01-10,24682,VEG,STL,30000633,Noah Hanifin,goals,rf_qrf_goals,0.3.0,empirical_qrf,0.0,0.0,0.0,,1041171555324455918,2026-01-10 19:59:24.253457
2026-01-10,24682,VEG,STL,30000694,Keegan Kolesar,goals,rf_qrf_goals,0.3.0,empirical_qrf,0.013510883039157567,0.004464285714285714,0.023906288720715225,,1041171555324455918,2026-01-10 19:59:24.253457
2026-01-10,24682,VEG,STL,30000784,Ivan Barbashev,goals,rf_qrf_goals,0.3.0,empirical_qrf,0.009571428571428571,0.0,0.0,,1041171555324455918,2026-01-10 19:59:24.253457
2026-01-10,24682,VEG,STL,30000793,Alex Pietrangelo,goals,rf_qrf_goals,0.3.0,empirical_qrf,0.0,0.0,0.0,,1041171555324455918,2026-01-10 19:59:24.253457
2026-01-10,24682,STL,VEG,30006079,Otto Stenberg,goals,rf_qrf_goals,0.3.0,empirical_qrf,0.0008333333333333334,0.0,0.0,,1041171555324455918,2026-01-10 19:59:24.253457
2026-01-10,24682,STL,VEG,30006148,Quinton Burns,goals,rf_qrf_goals,0.3.0,empirical_qrf,0.013510883039157567,0.004464285714285714,0.023906288720715225,,1041171555324455918,2026-01-10 19:59:24.253457
2026-01-10,24682,VEG,STL,30000080,Reilly Smith,goals,rf_qrf_goals,0.3.0,empirical_qrf,0.0,0.0,0.0,,1041171555324455918,2026-01-10 19:59:24.253457
2026-01-10,24682,VEG,STL,30000132,Tomas Hertl,goals,rf_qrf_goals,0.3.0,empirical_qrf,0.0,0.0,0.0,,1041171555324455918,2026-01-10 19:59:24.253457
2026-01-10,24682,VEG,STL,30000152,Brayden McNabb,goals,rf_qrf_goals,0.3.0,empirical_qrf,0.0,0.0,0.0,,1041171555324455918,2026-01-10 19:59:24.253457
2026-01-10,24682,VEG,STL,30000189,Colton Sissons,goals,rf_qrf_goals,0.3.0,empirical_qrf,0.0025715974423436436,0.0,0.005356312485468497,,1041171555324455918,2026-01-10 19:59:24.253457
2026-01-10,24682,STL,VEG,30005136,Will Cranley,goals,rf_qrf_goals,0.3.0,empirical_qrf,0.0022448129327939884,0.0014383662082433173,0.003172301304051297,,1041171555324455918,2026-01-10 19:59:24.253457
2026-01-10,24682,STL,VEG,30005160,Carson Gicewicz,goals,rf_qrf_goals,0.3.0,empirical_qrf,0.0,0.0,0.0,,1041171555324455918,2026-01-10 19:59:24.253457
2026-01-10,24682,STL,VEG,30005701,Michael Buchinger,goals,rf_qrf_goals,0.3.0,empirical_qrf,0.013510883039157567,0.004464285714285714,0.023906288720715225,,1041171555324455918,2026-01-10 19:59:24.253457
2026-01-10,24682,STL,VEG,30005737,Marc-Andre Gaudet,goals,rf_qrf_goals,0.3.0,empirical_qrf,0.0022448129327939884,0.0014383662082433173,0.003172301304051297,,1041171555324455918,2026-01-10 19:59:24.253457
2026-01-10,24682,STL,VEG,30006051,Georgi Romanov,goals,rf_qrf_goals,0.3.0,empirical_qrf,0.0022448129327939884,0.0014383662082433173,0.003172301304051297,,1041171555324455918,2026-01-10 19:59:24.253457
2026-01-10,24682,STL,VEG,30006065,Dalibor Dvorsky,goals,rf_qrf_goals,0.3.0,empirical_qrf,0.0,0.0,0.0,,1041171555324455918,2026-01-10 19:59:24.253457
2026-01-10,24682,STL,VEG,30004804,Dylan Holloway,goals,rf_qrf_goals,0.3.0,empirical_qrf,0.004861111111111111,0.0,0.0,,1041171555324455918,2026-01-10 19:59:24.253457
2026-01-10,24682,STL,VEG,30004812,Jake Neighbours,goals,rf_qrf_goals,0.3.0,empirical_qrf,0.0,0.0,0.0,,1041171555324455918,2026-01-10 19:59:24.253457
2026-01-10,24682,STL,VEG,30004859,Leo Loof,goals,rf_qrf_goals,0.3.0,empirical_qrf,0.006020973172489747,0.0,0.013605442176870748,,1041171555324455918,2026-01-10 19:59:24.253457
2026-01-10,24682,STL,VEG,30004941,Matthew Kessel,goals,rf_qrf_goals,0.3.0,empirical_qrf,0.021908741775883877,0.0,0.04305750350631137,,1041171555324455918,2026-01-10 19:59:24.253457
2026-01-10,24682,STL,VEG,30004999,Logan Mailloux,goals,rf_qrf_goals,0.3.0,empirical_qrf,0.0026946248196248195,0.0,0.0,,1041171555324455918,2026-01-10 19:59:24.253457
2026-01-10,24682,STL,VEG,30005010,Zach Dean,goals,rf_qrf_goals,0.3.0,empirical_qrf,0.0,0.0,0.0,,1041171555324455918,2026-01-10 19:59:24.253457
2026-01-10,24682,STL,VEG,30004211,Tyler Tucker,goals,rf_qrf_goals,0.3.0,empirical_qrf,0.01111723250066587,0.0,0.02656047197640118,,1041171555324455918,2026-01-10 19:59:24.253457
2026-01-10,24682,STL,VEG,30004355,Samuel Bitten,goals,rf_qrf_goals,0.3.0,empirical_qrf,0.0025715974423436436,0.0,0.005356312485468497,,1041171555324455918,2026-01-10 19:59:24.253457
2026-01-10,24682,STL,VEG,30004362,Hugh McGing,goals,rf_qrf_goals,0.3.0,empirical_qrf,0.02433598673952739,0.0,0.05405405405405406,,1041171555324455918,2026-01-10 19:59:24.253457
2026-01-10,24682,STL,VEG,30004495,Philip Broberg,goals,rf_qrf_goals,0.3.0,empirical_qrf,0.0,0.0,0.0,,1041171555324455918,2026-01-10 19:59:24.253457
2026-01-10,24682,STL,VEG,30004597,Vadim Zherenko,goals,rf_qrf_goals,0.3.0,empirical_qrf,0.0022448129327939884,0.0014383662082433173,0.003172301304051297,,1041171555324455918,2026-01-10 19:59:24.253457
2026-01-10,24682,STL,VEG,30004642,Hunter Skinner,goals,rf_qrf_goals,0.3.0,empirical_qrf,0.0,0.0,0.0,,1041171555324455918,2026-01-10 19:59:24.253457
2026-01-10,24682,STL,VEG,30003659,Robert Thomas,goals,rf_qrf_goals,0.3.0,empirical_qrf,0.007075396825396826,0.0,0.0,,1041171555324455918,2026-01-10 19:59:24.253457
2026-01-10,24682,STL,VEG,30003766,Alexey Toropchenko,goals,rf_qrf_goals,0.3.0,empirical_qrf,0.0011527777777777777,0.0,0.0,,1041171555324455918,2026-01-10 19:59:24.253457
2026-01-10,24682,STL,VEG,30003899,Pius Suter,goals,rf_qrf_goals,0.3.0,empirical_qrf,0.0,0.0,0.0,,1041171555324455918,2026-01-10 19:59:24.253457
2026-01-10,24682,STL,VEG,30004109,Akil Thomas,goals,rf_qrf_goals,0.3.0,empirical_qrf,0.013510883039157567,0.004464285714285714,0.023906288720715225,,1041171555324455918,2026-01-10 19:59:24.253457
2026-01-10,24682,STL,VEG,30004111,Jonatan Berggren,goals,rf_qrf_goals,0.3.0,empirical_qrf,0.0,0.0,0.0,,1041171555324455918,2026-01-10 19:59:24.253457
2026-01-10,24682,STL,VEG,30004206,Joel Hofer,goals,rf_qrf_goals,0.3.0,empirical_qrf,0.0022448129327939884,0.0014383662082433173,0.003172301304051297,,1041171555324455918,2026-01-10 19:59:24.253457
2026-01-10,24682,STL,VEG,30002617,Nathan Walker,goals,rf_qrf_goals,0.3.0,empirical_qrf,0.0,0.0,0.0,,1041171555324455918,2026-01-10 19:59:24.253457
2026-01-10,24682,STL,VEG,30003032,Mathieu Joseph,goals,rf_qrf_goals,0.3.0,empirical_qrf,0.0005555555555555556,0.0,0.0,,1041171555324455918,2026-01-10 19:59:24.253457
2026-01-10,24682,STL,VEG,30003174,Dillon Dube,goals,rf_qrf_goals,0.3.0,empirical_qrf,0.0022448129327939884,0.0014383662082433173,0.003172301304051297,,1041171555324455918,2026-01-10 19:59:24.253457
2026-01-10,24682,STL,VEG,30003186,Jordan Kyrou,goals,rf_qrf_goals,0.3.0,empirical_qrf,0.0,0.0,0.0,,1041171555324455918,2026-01-10 19:59:24.253457
2026-01-10,24682,STL,VEG,30003308,Matt Luff,goals,rf_qrf_goals,0.3.0,empirical_qrf,0.0,0.0,0.0,,1041171555324455918,2026-01-10 19:59:24.253457
2026-01-10,24682,STL,VEG,30003617,Calle Rosen,goals,rf_qrf_goals,0.3.0,empirical_qrf,0.0,0.0,0.0,,1041171555324455918,2026-01-10 19:59:24.253457
2026-01-10,24682,STL,VEG,30000789,Robby Fabbri,goals,rf_qrf_goals,0.3.0,empirical_qrf,0.0,0.0,0.0,,1041171555324455918,2026-01-10 19:59:24.253457
2026-01-10,24682,STL,VEG,30000792,Colton Parayko,goals,rf_qrf_goals,0.3.0,empirical_qrf,0.0,0.0,0.0,,1041171555324455918,2026-01-10 19:59:24.253457
2026-01-10,24682,STL,VEG,30000891,Chris Wagner,goals,rf_qrf_goals,0.3.0,empirical_qrf,0.0,0.0,0.0,,1041171555324455918,2026-01-10 19:59:24.253457
2026-01-10,24682,STL,VEG,30001054,Matthew Peca,goals,rf_qrf_goals,0.3.0,empirical_qrf,0.0022448129327939884,0.0014383662082433173,0.003172301304051297,,1041171555324455918,2026-01-10 19:59:24.253457
2026-01-10,24682,STL,VEG,30001207,Cam Fowler,goals,rf_qrf_goals,0.3.0,empirical_qrf,0.0,0.0,0.0,,1041171555324455918,2026-01-10 19:59:24.253457
2026-01-10,24682,STL,VEG,30002530,Pavel Buchnevich,goals,rf_qrf_goals,0.3.0,empirical_qrf,0.0019444444444444442,0.0,0.0,,1041171555324455918,2026-01-10 19:59:24.253457
2026-01-10,24683,LA,EDM,30000145,Drew Doughty,goals,rf_qrf_goals,0.3.0,empirical_qrf,0.0,0.0,0.0,,1041171555324455918,2026-01-10 19:59:24.253457
2026-01-10,24683,LA,EDM,30000149,Anze Kopitar,goals,rf_qrf_goals,0.3.0,empirical_qrf,0.0,0.0,0.0,,1041171555324455918,2026-01-10 19:59:24.253457
2026-01-10,24683,LA,EDM,30000199,Kevin Fiala,goals,rf_qrf_goals,0.3.0,empirical_qrf,0.0,0.0,0.0,,1041171555324455918,2026-01-10 19:59:24.253457
2026-01-10,24683,LA,EDM,30000476,Cody Ceci,goals,rf_qrf_goals,0.3.0,empirical_qrf,0.0,0.0,0.0,,1041171555324455918,2026-01-10 19:59:24.253457
2026-01-10,24683,LA,EDM,30000495,Darcy Kuemper,goals,rf_qrf_goals,0.3.0,empirical_qrf,0.0022448129327939884,0.0014383662082433173,0.003172301304051297,,1041171555324455918,2026-01-10 19:59:24.253457
2026-01-10,24683,LA,EDM,30000653,Brian Dumoulin,goals,rf_qrf_goals,0.3.0,empirical_qrf,0.0,0.0,0.0,,1041171555324455918,2026-01-10 19:59:24.253457
2026-01-10,24683,EDM,LA,30005646,Isaac Howard,goals,rf_qrf_goals,0.3.0,empirical_qrf,0.0,0.0,0.0,,1041171555324455918,2026-01-10 19:59:24.253457
2026-01-10,24683,LA,EDM,30005383,Andre Lee,goals,rf_qrf_goals,0.3.0,empirical_qrf,0.27461075036075033,0.0,0.6666666666666666,,1041171555324455918,2026-01-10 19:59:24.253457
2026-01-10,24683,LA,EDM,30005565,Taylor Ward,goals,rf_qrf_goals,0.3.0,empirical_qrf,0.04052777777777778,0.0,0.0,,1041171555324455918,2026-01-10 19:59:24.253457
2026-01-10,24683,LA,EDM,30005426,Cole Guttman,goals,rf_qrf_goals,0.3.0,empirical_qrf,0.0,0.0,0.0,,1041171555324455918,2026-01-10 19:59:24.253457
2026-01-10,24683,EDM,LA,30005731,Mats Lindgren,goals,rf_qrf_goals,0.3.0,empirical_qrf,0.0022448129327939884,0.0014383662082433173,0.003172301304051297,,1041171555324455918,2026-01-10 19:59:24.253457
2026-01-10,24683,EDM,LA,30005931,Brady Stonehouse,goals,rf_qrf_goals,0.3.0,empirical_qrf,0.0022448129327939884,0.0014383662082433173,0.003172301304051297,,1041171555324455918,2026-01-10 19:59:24.253457
2026-01-10,24683,EDM,LA,30006112,Beau Akey,goals,rf_qrf_goals,0.3.0,empirical_qrf,0.005982717910736865,0.0,0.01317543859649123,,1041171555324455918,2026-01-10 19:59:24.253457
2026-01-10,24683,EDM,LA,30006225,Nathaniel Day,goals,rf_qrf_goals,0.3.0,empirical_qrf,0.0022448129327939884,0.0014383662082433173,0.003172301304051297,,1041171555324455918,2026-01-10 19:59:24.253457
2026-01-10,24683,EDM,LA,30006327,Matt Brown,goals,rf_qrf_goals,0.3.0,empirical_qrf,0.0022448129327939884,0.0014383662082433173,0.003172301304051297,,1041171555324455918,2026-01-10 19:59:24.253457
2026-01-10,24683,EDM,LA,30006393,Connor Clattenburg,goals,rf_qrf_goals,0.3.0,empirical_qrf,0.0,0.0,0.0,,1041171555324455918,2026-01-10 19:59:24.253457
2026-01-10,24683,EDM,LA,30004625,Mason Millman,goals,rf_qrf_goals,0.3.0,empirical_qrf,0.11076131582171549,0.029411764705882353,0.2,,1041171555324455918,2026-01-10 19:59:24.253457
2026-01-10,24683,EDM,LA,30004871,Luke Prokop,goals,rf_qrf_goals,0.3.0,empirical_qrf,0.013510883039157567,0.004464285714285714,0.023906288720715225,,1041171555324455918,2026-01-10 19:59:24.253457
2026-01-10,24683,EDM,LA,30005174,Matvey Petrov,goals,rf_qrf_goals,0.3.0,empirical_qrf,0.0022448129327939884,0.0014383662082433173,0.003172301304051297,,1041171555324455918,2026-01-10 19:59:24.253457
2026-01-10,24683,EDM,LA,30005177,James Hamblin,goals,rf_qrf_goals,0.3.0,empirical_qrf,0.0,0.0,0.0,,1041171555324455918,2026-01-10 19:59:24.253457
2026-01-10,24683,EDM,LA,30005185,Jayden Grubbe,goals,rf_qrf_goals,0.3.0,empirical_qrf,0.013510883039157567,0.004464285714285714,0.023906288720715225,,1041171555324455918,2026-01-10 19:59:24.253457
2026-01-10,24683,EDM,LA,30005633,Matt Savoie,goals,rf_qrf_goals,0.3.0,empirical_qrf,0.0,0.0,0.0,,1041171555324455918,2026-01-10 19:59:24.253457
2026-01-10,24683,EDM,LA,30004081,Evan Bouchard,goals,rf_qrf_goals,0.3.0,empirical_qrf,0.0037222222222222223,0.0,0.0,,1041171555324455918,2026-01-10 19:59:24.253457
2026-01-10,24683,EDM,LA,30004156,Alec Regula,goals,rf_qrf_goals,0.3.0,empirical_qrf,0.013510883039157567,0.004464285714285714,0.023906288720715225,,1041171555324455918,2026-01-10 19:59:24.253457
2026-01-10,24683,EDM,LA,30004165,Ty Emberson,goals,rf_qrf_goals,0.3.0,empirical_qrf,0.0,0.0,0.0,,1041171555324455918,2026-01-10 19:59:24.253457
2026-01-10,24683,EDM,LA,30004370,Spencer Stastney,goals,rf_qrf_goals,0.3.0,empirical_qrf,0.0,0.0,0.0,,1041171555324455918,2026-01-10 19:59:24.253457
2026-01-10,24683,EDM,LA,30004476,Vasily Podkolzin,goals,rf_qrf_goals,0.3.0,empirical_qrf,0.0008333333333333334,0.0,0.0,,1041171555324455918,2026-01-10 19:59:24.253457
2026-01-10,24683,EDM,LA,30004490,Sam Poulin,goals,rf_qrf_goals,0.3.0,empirical_qrf,0.006020973172489747,0.0,0.013605442176870748,,1041171555324455918,2026-01-10 19:59:24.253457
2026-01-10,24683,EDM,LA,30002824,Jack Roslovic,goals,rf_qrf_goals,0.3.0,empirical_qrf,0.013510883039157567,0.004464285714285714,0.023906288720715225,,1041171555324455918,2026-01-10 19:59:24.253457
2026-01-10,24683,EDM,LA,30003142,Max Jones,goals,rf_qrf_goals,0.3.0,empirical_qrf,0.0,0.0,0.0,,1041171555324455918,2026-01-10 19:59:24.253457
2026-01-10,24683,EDM,LA,30003157,Trent Frederic,goals,rf_qrf_goals,0.3.0,empirical_qrf,0.0,0.0,0.0,,1041171555324455918,2026-01-10 19:59:24.253457
2026-01-10,24683,EDM,LA,30003211,Rem Pitlick,goals,rf_qrf_goals,0.3.0,empirical_qrf,0.0022448129327939884,0.0014383662082433173,0.003172301304051297,,1041171555324455918,2026-01-10 19:59:24.253457
2026-01-10,24683,EDM,LA,30003345,Riley Stillman,goals,rf_qrf_goals,0.3.0,empirical_qrf,0.0,0.0,0.0,,1041171555324455918,2026-01-10 19:59:24.253457
2026-01-10,24683,EDM,LA,30003770,Matt Tomkins,goals,rf_qrf_goals,0.3.0,empirical_qrf,0.0022448129327939884,0.0014383662082433173,0.003172301304051297,,1041171555324455918,2026-01-10 19:59:24.253457
2026-01-10,24683,EDM,LA,30001233,Connor McDavid,goals,rf_qrf_goals,0.3.0,empirical_qrf,0.0,0.0,0.0,,1041171555324455918,2026-01-10 19:59:24.253457
2026-01-10,24683,EDM,LA,30001304,Calvin Pickard,goals,rf_qrf_goals,0.3.0,empirical_qrf,0.0022448129327939884,0.0014383662082433173,0.003172301304051297,,1041171555324455918,2026-01-10 19:59:24.253457
2026-01-10,24683,EDM,LA,30001368,Seth Griffith,goals,rf_qrf_goals,0.3.0,empirical_qrf,0.0022448129327939884,0.0014383662082433173,0.003172301304051297,,1041171555324455918,2026-01-10 19:59:24.253457
2026-01-10,24683,EDM,LA,30002218,Andrew Mangiapane,goals,rf_qrf_goals,0.3.0,empirical_qrf,0.0,0.0,0.0,,1041171555324455918,2026-01-10 19:59:24.253457
2026-01-10,24683,EDM,LA,30002623,Jake Walman,goals,rf_qrf_goals,0.3.0,empirical_qrf,0.0,0.0,0.0,,1041171555324455918,2026-01-10 19:59:24.253457
2026-01-10,24683,EDM,LA,30002787,Connor Ingram,goals,rf_qrf_goals,0.3.0,empirical_qrf,0.0022448129327939884,0.0014383662082433173,0.003172301304051297,,1041171555324455918,2026-01-10 19:59:24.253457
2026-01-10,24683,EDM,LA,30000540,Ryan Nugent-Hopkins,goals,rf_qrf_goals,0.3.0,empirical_qrf,0.0,0.0,0.0,,1041171555324455918,2026-01-10 19:59:24.253457
2026-01-10,24683,EDM,LA,30000549,Darnell Nurse,goals,rf_qrf_goals,0.3.0,empirical_qrf,0.0,0.0,0.0,,1041171555324455918,2026-01-10 19:59:24.253457
2026-01-10,24683,EDM,LA,30000752,Mattias Janmark,goals,rf_qrf_goals,0.3.0,empirical_qrf,0.0,0.0,0.0,,1041171555324455918,2026-01-10 19:59:24.253457
2026-01-10,24683,EDM,LA,30000965,Curtis Lazar,goals,rf_qrf_goals,0.3.0,empirical_qrf,0.0,0.0,0.0,,1041171555324455918,2026-01-10 19:59:24.253457
2026-01-10,24683,EDM,LA,30000987,Adam Henrique,goals,rf_qrf_goals,0.3.0,empirical_qrf,0.0,0.0,0.0,,1041171555324455918,2026-01-10 19:59:24.253457
2026-01-10,24683,EDM,LA,30001076,Leon Draisaitl,goals,rf_qrf_goals,0.3.0,empirical_qrf,0.007825396825396824,0.0,0.0,,1041171555324455918,2026-01-10 19:59:24.253457
2026-01-10,24683,LA,EDM,30006386,Tate Singleton,goals,rf_qrf_goals,0.3.0,empirical_qrf,0.0022448129327939884,0.0014383662082433173,0.003172301304051297,,1041171555324455918,2026-01-10 19:59:24.253457
2026-01-10,24683,EDM,LA,30000180,Josh Brown,goals,rf_qrf_goals,0.3.0,empirical_qrf,0.0,0.0,0.0,,1041171555324455918,2026-01-10 19:59:24.253457
2026-01-10,24683,EDM,LA,30000250,Mattias Ekholm,goals,rf_qrf_goals,0.3.0,empirical_qrf,0.0,0.0,0.0,,1041171555324455918,2026-01-10 19:59:24.253457
2026-01-10,24683,EDM,LA,30000392,Tristan Jarry,goals,rf_qrf_goals,0.3.0,empirical_qrf,0.0022448129327939884,0.0014383662082433173,0.003172301304051297,,1041171555324455918,2026-01-10 19:59:24.253457
2026-01-10,24683,EDM,LA,30000440,Zach Hyman,goals,rf_qrf_goals,0.3.0,empirical_qrf,0.0022448129327939884,0.0014383662082433173,0.003172301304051297,,1041171555324455918,2026-01-10 19:59:24.253457
2026-01-10,24683,EDM,LA,30000443,Kasperi Kapanen,goals,rf_qrf_goals,0.3.0,empirical_qrf,0.0138736284412755,0.0,0.0,,1041171555324455918,2026-01-10 19:59:24.253457
2026-01-10,24683,LA,EDM,30005322,Isaiah Saville,goals,rf_qrf_goals,0.3.0,empirical_qrf,0.0,0.0,0.0,,1041171555324455918,2026-01-10 19:59:24.253457
2026-01-10,24683,LA,EDM,30005610,Andrei Kuzmenko,goals,rf_qrf_goals,0.3.0,empirical_qrf,0.0,0.0,0.0,,1041171555324455918,2026-01-10 19:59:24.253457
2026-01-10,24683,LA,EDM,30005710,Angus Booth,goals,rf_qrf_goals,0.3.0,empirical_qrf,0.0022448129327939884,0.0014383662082433173,0.003172301304051297,,1041171555324455918,2026-01-10 19:59:24.253457
2026-01-10,24683,LA,EDM,30006113,Jakub Dvorak,goals,rf_qrf_goals,0.3.0,empirical_qrf,0.0,0.0,0.0,,1041171555324455918,2026-01-10 19:59:24.253457
2026-01-10,24683,LA,EDM,30006140,Koehn Ziemmer,goals,rf_qrf_goals,0.3.0,empirical_qrf,0.0022448129327939884,0.0014383662082433173,0.003172301304051297,,1041171555324455918,2026-01-10 19:59:24.253457
2026-01-10,24683,LA,EDM,30006349,Jacob Modry,goals,rf_qrf_goals,0.3.0,empirical_qrf,0.0022448129327939884,0.0014383662082433173,0.003172301304051297,,1041171555324455918,2026-01-10 19:59:24.253457
2026-01-10,24683,LA,EDM,30004856,Alex Laferriere,goals,rf_qrf_goals,0.3.0,empirical_qrf,0.0,0.0,0.0,,1041171555324455918,2026-01-10 19:59:24.253457
2026-01-10,24683,LA,EDM,30004969,Jeff Malott,goals,rf_qrf_goals,0.3.0,empirical_qrf,0.008414261664261664,0.0,0.0,,1041171555324455918,2026-01-10 19:59:24.253457
2026-01-10,24683,LA,EDM,30004994,Brandt Clarke,goals,rf_qrf_goals,0.3.0,empirical_qrf,0.0,0.0,0.0,,1041171555324455918,2026-01-10 19:59:24.253457
2026-01-10,24683,LA,EDM,30005015,Francesco Pinelli,goals,rf_qrf_goals,0.3.0,empirical_qrf,0.0,0.0,0.0,,1041171555324455918,2026-01-10 19:59:24.253457
2026-01-10,24683,LA,EDM,30005039,Samuel Helenius,goals,rf_qrf_goals,0.3.0,empirical_qrf,0.01111723250066587,0.0,0.02656047197640118,,1041171555324455918,2026-01-10 19:59:24.253457
2026-01-10,24683,LA,EDM,30005087,Kaleb Lawrence,goals,rf_qrf_goals,0.3.0,empirical_qrf,0.0022448129327939884,0.0014383662082433173,0.003172301304051297,,1041171555324455918,2026-01-10 19:59:24.253457
2026-01-10,24683,LA,EDM,30004321,Jacob Ingham,goals,rf_qrf_goals,0.3.0,empirical_qrf,0.0022448129327939884,0.0014383662082433173,0.003172301304051297,,1041171555324455918,2026-01-10 19:59:24.253457
2026-01-10,24683,LA,EDM,30004436,Mikey Anderson,goals,rf_qrf_goals,0.3.0,empirical_qrf,0.0,0.0,0.0,,1041171555324455918,2026-01-10 19:59:24.253457
2026-01-10,24683,LA,EDM,30004473,Alex Turcotte,goals,rf_qrf_goals,0.3.0,empirical_qrf,0.0,0.0,0.0,,1041171555324455918,2026-01-10 19:59:24.253457
2026-01-10,24683,LA,EDM,30004516,Nikita Alexandrov,goals,rf_qrf_goals,0.3.0,empirical_qrf,0.0,0.0,0.0,,1041171555324455918,2026-01-10 19:59:24.253457
2026-01-10,24683,LA,EDM,30004571,Erik Portillo,goals,rf_qrf_goals,0.3.0,empirical_qrf,0.0022448129327939884,0.0014383662082433173,0.003172301304051297,,1041171555324455918,2026-01-10 19:59:24.253457
2026-01-10,24683,LA,EDM,30004798,Quinton Byfield,goals,rf_qrf_goals,0.3.0,empirical_qrf,0.0,0.0,0.0,,1041171555324455918,2026-01-10 19:59:24.253457
2026-01-10,24683,LA,EDM,30002582,Adrian Kempe,goals,rf_qrf_goals,0.3.0,empirical_qrf,0.0,0.0,0.0,,1041171555324455918,2026-01-10 19:59:24.253457
2026-01-10,24683,LA,EDM,30002611,Warren Foegele,goals,rf_qrf_goals,0.3.0,empirical_qrf,0.0,0.0,0.0,,1041171555324455918,2026-01-10 19:59:24.253457
2026-01-10,24683,LA,EDM,30002703,Kyle Burroughs,goals,rf_qrf_goals,0.3.0,empirical_qrf,0.0,0.0,0.0,,1041171555324455918,2026-01-10 19:59:24.253457
2026-01-10,24683,LA,EDM,30003232,Jacob Moverare,goals,rf_qrf_goals,0.3.0,empirical_qrf,0.0,0.0,0.0,,1041171555324455918,2026-01-10 19:59:24.253457
2026-01-10,24683,LA,EDM,30003236,Trevor Moore,goals,rf_qrf_goals,0.3.0,empirical_qrf,0.10664285714285714,0.0,0.5166666666666705,,1041171555324455918,2026-01-10 19:59:24.253457
2026-01-10,24683,LA,EDM,30003508,John Parker-Jones,goals,rf_qrf_goals,0.3.0,empirical_qrf,0.0022448129327939884,0.0014383662082433173,0.003172301304051297,,1041171555324455918,2026-01-10 19:59:24.253457
2026-01-10,24683,LA,EDM,30000668,Anton Forsberg,goals,rf_qrf_goals,0.3.0,empirical_qrf,0.0022448129327939884,0.0014383662082433173,0.003172301304051297,,1041171555324455918,2026-01-10 19:59:24.253457
2026-01-10,24683,LA,EDM,30000675,Joel Edmundson,goals,rf_qrf_goals,0.3.0,empirical_qrf,0.0,0.0,0.0,,1041171555324455918,2026-01-10 19:59:24.253457
2026-01-10,24683,LA,EDM,30000770,Pheonix Copley,goals,rf_qrf_goals,0.3.0,empirical_qrf,0.0022448129327939884,0.0014383662082433173,0.003172301304051297,,1041171555324455918,2026-01-10 19:59:24.253457
2026-01-10,24683,LA,EDM,30000788,Jacob Doty,goals,rf_qrf_goals,0.3.0,empirical_qrf,0.0022448129327939884,0.0014383662082433173,0.003172301304051297,,1041171555324455918,2026-01-10 19:59:24.253457
2026-01-10,24683,LA,EDM,30000818,Joel Armia,goals,rf_qrf_goals,0.3.0,empirical_qrf,0.0,0.0,0.0,,1041171555324455918,2026-01-10 19:59:24.253457
2026-01-10,24683,LA,EDM,30001265,Corey Perry,goals,rf_qrf_goals,0.3.0,empirical_qrf,0.2023174603174603,0.0,1.0,,1041171555324455918,2026-01-10 19:59:24.253457
2026-01-10,24670,NYR,BOS,30000123,Jonathan Quick,assists,rf_qrf_assists,0.3.0,empirical_qrf,0.006007220212454005,0.004723387260447405,0.007379149147830083,,1041171555324455918,2026-01-10 19:59:37.810584
2026-01-10,24670,NYR,BOS,30000226,Vincent Trocheck,assists,rf_qrf_assists,0.3.0,empirical_qrf,0.0,0.0,0.0,,1041171555324455918,2026-01-10 19:59:37.810584
2026-01-10,24670,NYR,BOS,30000410,Conor Sheary,assists,rf_qrf_assists,0.3.0,empirical_qrf,0.20501863876863874,0.0,0.5,,1041171555324455918,2026-01-10 19:59:37.810584
2026-01-10,24670,NYR,BOS,30000467,Mika Zibanejad,assists,rf_qrf_assists,0.3.0,empirical_qrf,0.0030277777777777777,0.0,0.0,,1041171555324455918,2026-01-10 19:59:37.810584
2026-01-10,24670,NYR,BOS,30000489,Sam Carrick,assists,rf_qrf_assists,0.3.0,empirical_qrf,0.06503343946304911,0.0,0.14285714285714285,,1041171555324455918,2026-01-10 19:59:37.810584
2026-01-10,24670,NYR,BOS,30000617,J.T. Miller,assists,rf_qrf_assists,0.3.0,empirical_qrf,0.0,0.0,0.0,,1041171555324455918,2026-01-10 19:59:37.810584
2026-01-10,24670,BOS,NYR,30006392,Luke Cavallin,assists,rf_qrf_assists,0.3.0,empirical_qrf,0.006007220212454005,0.004723387260447405,0.007379149147830083,,1041171555324455918,2026-01-10 19:59:37.810584
2026-01-10,24670,NYR,BOS,30000599,Anton Blidh,assists,rf_qrf_assists,0.3.0,empirical_qrf,0.0,0.0,0.0,,1041171555324455918,2026-01-10 19:59:37.810584
2026-01-10,24670,NYR,BOS,30001251,Justin Dowling,assists,rf_qrf_assists,0.3.0,empirical_qrf,0.0,0.0,0.0,,1041171555324455918,2026-01-10 19:59:37.810584
2026-01-10,24670,BOS,NYR,30005651,Matthew Poitras,assists,rf_qrf_assists,0.3.0,empirical_qrf,0.03486491008304926,0.0,0.08333333333333333,,1041171555324455918,2026-01-10 19:59:37.810584
2026-01-10,24670,BOS,NYR,30005658,Fraser Minten,assists,rf_qrf_assists,0.3.0,empirical_qrf,0.02559695492197641,0.0,0.06060606060606061,,1041171555324455918,2026-01-10 19:59:37.810584
2026-01-10,24670,BOS,NYR,30005749,Nolan Maier,assists,rf_qrf_assists,0.3.0,empirical_qrf,0.004647241647241647,0.0,0.0,,1041171555324455918,2026-01-10 19:59:37.810584
2026-01-10,24670,BOS,NYR,30005760,Joseph Abate,assists,rf_qrf_assists,0.3.0,empirical_qrf,0.004446310558882736,0.0,0.009955223880597016,,1041171555324455918,2026-01-10 19:59:37.810584
2026-01-10,24670,BOS,NYR,30005797,Frederic Brunet,assists,rf_qrf_assists,0.3.0,empirical_qrf,0.0,0.0,0.0,,1041171555324455918,2026-01-10 19:59:37.810584
2026-01-10,24670,BOS,NYR,30005798,Jackson Edward,assists,rf_qrf_assists,0.3.0,empirical_qrf,0.10671690659558306,0.0,0.25,,1041171555324455918,2026-01-10 19:59:37.810584
2026-01-10,24670,BOS,NYR,30004998,Fabian Lysell,assists,rf_qrf_assists,0.3.0,empirical_qrf,0.0,0.0,0.0,,1041171555324455918,2026-01-10 19:59:37.810584
2026-01-10,24670,BOS,NYR,30005130,Brett Harrison,assists,rf_qrf_assists,0.3.0,empirical_qrf,0.4997123015873016,0.0,1.5,,1041171555324455918,2026-01-10 19:59:37.810584
2026-01-10,24670,BOS,NYR,30005170,Maximus Wanner,assists,rf_qrf_assists,0.3.0,empirical_qrf,0.006007220212454005,0.004723387260447405,0.007379149147830083,,1041171555324455918,2026-01-10 19:59:37.810584
2026-01-10,24670,BOS,NYR,30005341,Shawn Element,assists,rf_qrf_assists,0.3.0,empirical_qrf,0.006007220212454005,0.004723387260447405,0.007379149147830083,,1041171555324455918,2026-01-10 19:59:37.810584
2026-01-10,24670,BOS,NYR,30005367,Michael Callahan,assists,rf_qrf_assists,0.3.0,empirical_qrf,0.0,0.0,0.0,,1041171555324455918,2026-01-10 19:59:37.810584
2026-01-10,24670,BOS,NYR,30005580,Georgi Merkulov,assists,rf_qrf_assists,0.3.0,empirical_qrf,0.0,0.0,0.0,,1041171555324455918,2026-01-10 19:59:37.810584
2026-01-10,24670,BOS,NYR,30004513,John Farinacci,assists,rf_qrf_assists,0.3.0,empirical_qrf,0.0,0.0,0.0,,1041171555324455918,2026-01-10 19:59:37.810584
2026-01-10,24670,BOS,NYR,30004546,Vladislav Kolyachonok,assists,rf_qrf_assists,0.3.0,empirical_qrf,0.0,0.0,0.0,,1041171555324455918,2026-01-10 19:59:37.810584
2026-01-10,24670,BOS,NYR,30004640,Francois Brassard,assists,rf_qrf_assists,0.3.0,empirical_qrf,0.02246741520003329,0.0,0.046189624329159226,,1041171555324455918,2026-01-10 19:59:37.810584
2026-01-10,24670,BOS,NYR,30004851,Marat Khusnutdinov,assists,rf_qrf_assists,0.3.0,empirical_qrf,0.333852057256469,0.0,0.8,,1041171555324455918,2026-01-10 19:59:37.810584
2026-01-10,24670,BOS,NYR,30004858,Mason Lohrei,assists,rf_qrf_assists,0.3.0,empirical_qrf,0.02559695492197641,0.0,0.06060606060606061,,1041171555324455918,2026-01-10 19:59:37.810584
2026-01-10,24670,BOS,NYR,30004929,Alex Steeves,assists,rf_qrf_assists,0.3.0,empirical_qrf,0.0,0.0,0.0,,1041171555324455918,2026-01-10 19:59:37.810584
2026-01-10,24670,BOS,NYR,30003890,Mikey Eyssimont,assists,rf_qrf_assists,0.3.0,empirical_qrf,0.004454059829059828,0.0,0.0,,1041171555324455918,2026-01-10 19:59:37.810584
2026-01-10,24670,BOS,NYR,30003912,Mark Kastelic,assists,rf_qrf_assists,0.3.0,empirical_qrf,0.007442587426713686,0.0,0.014573788781541532,,1041171555324455918,2026-01-10 19:59:37.810584
2026-01-10,24670,BOS,NYR,30003991,Jeremy Swayman,assists,rf_qrf_assists,0.3.0,empirical_qrf,0.006007220212454005,0.004723387260447405,0.007379149147830083,,1041171555324455918,2026-01-10 19:59:37.810584
2026-01-10,24670,BOS,NYR,30004166,Jordan Harris,assists,rf_qrf_assists,0.3.0,empirical_qrf,0.0015454545454545456,0.0,0.0,,1041171555324455918,2026-01-10 19:59:37.810584
2026-01-10,24670,BOS,NYR,30004281,Jonathan Aspirot,assists,rf_qrf_assists,0.3.0,empirical_qrf,0.004446310558882736,0.0,0.009955223880597016,,1041171555324455918,2026-01-10 19:59:37.810584
2026-01-10,24670,BOS,NYR,30004477,Victor Soderstrom,assists,rf_qrf_assists,0.3.0,empirical_qrf,0.0,0.0,0.0,,1041171555324455918,2026-01-10 19:59:37.810584
2026-01-10,24670,BOS,NYR,30003401,Jeffrey Viel,assists,rf_qrf_assists,0.3.0,empirical_qrf,0.0,0.0,0.0,,1041171555324455918,2026-01-10 19:59:37.810584
2026-01-10,24670,BOS,NYR,30003442,Tanner Jeannot,assists,rf_qrf_assists,0.3.0,empirical_qrf,0.0,0.0,0.0,,1041171555324455918,2026-01-10 19:59:37.810584
2026-01-10,24670,BOS,NYR,30003581,Shane Starrett,assists,rf_qrf_assists,0.3.0,empirical_qrf,0.0,0.0,0.0,,1041171555324455918,2026-01-10 19:59:37.810584
2026-01-10,24670,BOS,NYR,30003643,Casey Mittelstadt,assists,rf_qrf_assists,0.3.0,empirical_qrf,0.0,0.0,0.0,,1041171555324455918,2026-01-10 19:59:37.810584
2026-01-10,24670,BOS,NYR,30003657,Henri Jokiharju,assists,rf_qrf_assists,0.3.0,empirical_qrf,0.0,0.0,0.0,,1041171555324455918,2026-01-10 19:59:37.810584
2026-01-10,24670,BOS,NYR,30003704,Morgan Geekie,assists,rf_qrf_assists,0.3.0,empirical_qrf,0.0,0.0,0.0,,1041171555324455918,2026-01-10 19:59:37.810584
2026-01-10,24670,BOS,NYR,30001264,Hampus Lindholm,assists,rf_qrf_assists,0.3.0,empirical_qrf,0.04047683843633018,0.0,0.0795909090909091,,1041171555324455918,2026-01-10 19:59:37.810584
2026-01-10,24670,BOS,NYR,30002853,Sean Kuraly,assists,rf_qrf_assists,0.3.0,empirical_qrf,0.0,0.0,0.0,,1041171555324455918,2026-01-10 19:59:37.810584
2026-01-10,24670,BOS,NYR,30003020,Kasimir Kaskisuo,assists,rf_qrf_assists,0.3.0,empirical_qrf,3.26797385620915e-05,0.0,0.0,,1041171555324455918,2026-01-10 19:59:37.810584
2026-01-10,24670,BOS,NYR,30003147,Charlie McAvoy,assists,rf_qrf_assists,0.3.0,empirical_qrf,0.0,0.0,0.0,,1041171555324455918,2026-01-10 19:59:37.810584
2026-01-10,24670,BOS,NYR,30003151,Riley Tufte,assists,rf_qrf_assists,0.3.0,empirical_qrf,0.0,0.0,0.0,,1041171555324455918,2026-01-10 19:59:37.810584
2026-01-10,24670,BOS,NYR,30003185,Andrew Peeke,assists,rf_qrf_assists,0.3.0,empirical_qrf,0.004446310558882736,0.0,0.009955223880597016,,1041171555324455918,2026-01-10 19:59:37.810584
2026-01-10,24670,BOS,NYR,30000393,Joonas Korpisalo,assists,rf_qrf_assists,0.3.0,empirical_qrf,0.006007220212454005,0.004723387260447405,0.007379149147830083,,1041171555324455918,2026-01-10 19:59:37.810584
2026-01-10,24670,BOS,NYR,30000607,David Pastrnak,assists,rf_qrf_assists,0.3.0,empirical_qrf,0.0,0.0,0.0,,1041171555324455918,2026-01-10 19:59:37.810584
2026-01-10,24670,BOS,NYR,30000630,Patrick Brown,assists,rf_qrf_assists,0.3.0,empirical_qrf,0.0,0.0,0.0,,1041171555324455918,2026-01-10 19:59:37.810584
2026-01-10,24670,BOS,NYR,30000636,Elias Lindholm,assists,rf_qrf_assists,0.3.0,empirical_qrf,0.004805555555555555,0.0,0.0,,1041171555324455918,2026-01-10 19:59:37.810584
2026-01-10,24670,BOS,NYR,30000909,Nikita Zadorov,assists,rf_qrf_assists,0.3.0,empirical_qrf,0.0,0.0,0.0,,1041171555324455918,2026-01-10 19:59:37.810584
2026-01-10,24670,BOS,NYR,30000995,Pavel Zacha,assists,rf_qrf_assists,0.3.0,empirical_qrf,0.0,0.0,0.0,,1041171555324455918,2026-01-10 19:59:37.810584
2026-01-10,24670,NYR,BOS,30005883,Noah Laba,assists,rf_qrf_assists,0.3.0,empirical_qrf,0.005916666666666666,0.0,0.0,,1041171555324455918,2026-01-10 19:59:37.810584
2026-01-10,24670,NYR,BOS,30006074,Gabe Perreault,assists,rf_qrf_assists,0.3.0,empirical_qrf,0.24831240586039346,0.0,0.5714285714285714,,1041171555324455918,2026-01-10 19:59:37.810584
2026-01-10,24670,NYR,BOS,30006118,Carey Terrance,assists,rf_qrf_assists,0.3.0,empirical_qrf,0.007442587426713686,0.0,0.014573788781541532,,1041171555324455918,2026-01-10 19:59:37.810584
2026-01-10,24670,NYR,BOS,30006174,Dylan Roobroeck,assists,rf_qrf_assists,0.3.0,empirical_qrf,0.0,0.0,0.0,,1041171555324455918,2026-01-10 19:59:37.810584
2026-01-10,24670,NYR,BOS,30006331,Brett Budgell,assists,rf_qrf_assists,0.3.0,empirical_qrf,0.006007220212454005,0.004723387260447405,0.007379149147830083,,1041171555324455918,2026-01-10 19:59:37.810584
2026-01-10,24670,BOS,NYR,30000245,Viktor Arvidsson,assists,rf_qrf_assists,0.3.0,empirical_qrf,0.04047683843633018,0.0,0.0795909090909091,,1041171555324455918,2026-01-10 19:59:37.810584
2026-01-10,24670,NYR,BOS,30005183,Matt Rempe,assists,rf_qrf_assists,0.3.0,empirical_qrf,0.0,0.0,0.0,,1041171555324455918,2026-01-10 19:59:37.810584
2026-01-10,24670,NYR,BOS,30005223,Kyle Jackson,assists,rf_qrf_assists,0.3.0,empirical_qrf,0.006007220212454005,0.004723387260447405,0.007379149147830083,,1041171555324455918,2026-01-10 19:59:37.810584
2026-01-10,24670,NYR,BOS,30005252,Adam Edstrom,assists,rf_qrf_assists,0.3.0,empirical_qrf,0.0,0.0,0.0,,1041171555324455918,2026-01-10 19:59:37.810584
2026-01-10,24670,NYR,BOS,30005563,Brandon Scanlin,assists,rf_qrf_assists,0.3.0,empirical_qrf,0.046649358532124104,0.0,0.08571428571428572,,1041171555324455918,2026-01-10 19:59:37.810584
2026-01-10,24670,NYR,BOS,30005662,Adam Sykora,assists,rf_qrf_assists,0.3.0,empirical_qrf,0.004446310558882736,0.0,0.009955223880597016,,1041171555324455918,2026-01-10 19:59:37.810584
2026-01-10,24670,NYR,BOS,30005686,Bryce McConnell-Barker,assists,rf_qrf_assists,0.3.0,empirical_qrf,0.02246741520003329,0.0,0.046189624329159226,,1041171555324455918,2026-01-10 19:59:37.810584
2026-01-10,24670,NYR,BOS,30004887,Brett Berard,assists,rf_qrf_assists,0.3.0,empirical_qrf,0.0,0.0,0.0,,1041171555324455918,2026-01-10 19:59:37.810584
2026-01-10,24670,NYR,BOS,30004896,Dylan Garand,assists,rf_qrf_assists,0.3.0,empirical_qrf,0.006007220212454005,0.004723387260447405,0.007379149147830083,,1041171555324455918,2026-01-10 19:59:37.810584
2026-01-10,24670,NYR,BOS,30004968,Juuso Parssinen,assists,rf_qrf_assists,0.3.0,empirical_qrf,4.6296296296296294e-05,0.0,0.0,,1041171555324455918,2026-01-10 19:59:37.810584
2026-01-10,24670,NYR,BOS,30004987,Brennan Othmann,assists,rf_qrf_assists,0.3.0,empirical_qrf,0.06503343946304911,0.0,0.14285714285714285,,1041171555324455918,2026-01-10 19:59:37.810584
2026-01-10,24670,NYR,BOS,30005014,Scott Morrow,assists,rf_qrf_assists,0.3.0,empirical_qrf,0.0,0.0,0.0,,1041171555324455918,2026-01-10 19:59:37.810584
2026-01-10,24670,NYR,BOS,30005069,Christopher Merisier-Ortiz,assists,rf_qrf_assists,0.3.0,empirical_qrf,0.006007220212454005,0.004723387260447405,0.007379149147830083,,1041171555324455918,2026-01-10 19:59:37.810584
2026-01-10,24670,NYR,BOS,30004504,Matthew Robertson,assists,rf_qrf_assists,0.3.0,empirical_qrf,0.017818842563077107,0.0,0.0342504892367906,,1041171555324455918,2026-01-10 19:59:37.810584
2026-01-10,24670,NYR,BOS,30004749,Connor Mackey,assists,rf_qrf_assists,0.3.0,empirical_qrf,0.0,0.0,0.0,,1041171555324455918,2026-01-10 19:59:37.810584
2026-01-10,24670,NYR,BOS,30004797,Brendan Brisson,assists,rf_qrf_assists,0.3.0,empirical_qrf,0.0,0.0,0.0,,1041171555324455918,2026-01-10 19:59:37.810584
2026-01-10,24670,NYR,BOS,30004807,Alexis Lafrenière,assists,rf_qrf_assists,0.3.0,empirical_qrf,0.02559695492197641,0.0,0.06060606060606061,,1041171555324455918,2026-01-10 19:59:37.810584
2026-01-10,24670,NYR,BOS,30004820,Braden Schneider,assists,rf_qrf_assists,0.3.0,empirical_qrf,0.0,0.0,0.0,,1041171555324455918,2026-01-10 19:59:37.810584
2026-01-10,24670,NYR,BOS,30004832,Will Cuylle,assists,rf_qrf_assists,0.3.0,empirical_qrf,0.009121693121693121,0.0,0.0,,1041171555324455918,2026-01-10 19:59:37.810584
2026-01-10,24670,NYR,BOS,30003202,Casey Fitzgerald,assists,rf_qrf_assists,0.3.0,empirical_qrf,0.0,0.0,0.0,,1041171555324455918,2026-01-10 19:59:37.810584
2026-01-10,24670,NYR,BOS,30003583,Carson Soucy,assists,rf_qrf_assists,0.3.0,empirical_qrf,0.03486491008304926,0.0,0.08333333333333333,,1041171555324455918,2026-01-10 19:59:37.810584
2026-01-10,24670,NYR,BOS,30003649,Urho Vaakanainen,assists,rf_qrf_assists,0.3.0,empirical_qrf,0.0,0.0,0.0,,1041171555324455918,2026-01-10 19:59:37.810584
2026-01-10,24670,NYR,BOS,30003743,Will Borgen,assists,rf_qrf_assists,0.3.0,empirical_qrf,0.0,0.0,0.0,,1041171555324455918,2026-01-10 19:59:37.810584
2026-01-10,24670,NYR,BOS,30003952,Blake Hillman,assists,rf_qrf_assists,0.3.0,empirical_qrf,0.006007220212454005,0.004723387260447405,0.007379149147830083,,1041171555324455918,2026-01-10 19:59:37.810584
2026-01-10,24670,NYR,BOS,30004430,Vladislav Gavrikov,assists,rf_qrf_assists,0.3.0,empirical_qrf,0.0,0.0,0.0,,1041171555324455918,2026-01-10 19:59:37.810584
2026-01-10,24670,NYR,BOS,30001322,Artemi Panarin,assists,rf_qrf_assists,0.3.0,empirical_qrf,0.0,0.0,0.0,,1041171555324455918,2026-01-10 19:59:37.810584
2026-01-10,24670,NYR,BOS,30002524,Spencer Martin,assists,rf_qrf_assists,0.3.0,empirical_qrf,0.006007220212454005,0.004723387260447405,0.007379149147830083,,1041171555324455918,2026-01-10 19:59:37.810584
2026-01-10,24670,NYR,BOS,30002967,Jonny Brodzinski,assists,rf_qrf_assists,0.3.0,empirical_qrf,0.0,0.0,0.0,,1041171555324455918,2026-01-10 19:59:37.810584
2026-01-10,24670,NYR,BOS,30002999,Igor Shesterkin,assists,rf_qrf_assists,0.3.0,empirical_qrf,0.006007220212454005,0.004723387260447405,0.007379149147830083,,1041171555324455918,2026-01-10 19:59:37.810584
2026-01-10,24670,NYR,BOS,30003170,Taylor Raddysh,assists,rf_qrf_assists,0.3.0,empirical_qrf,0.004446310558882736,0.0,0.009955223880597016,,1041171555324455918,2026-01-10 19:59:37.810584
2026-01-10,24670,NYR,BOS,30003194,Adam Fox,assists,rf_qrf_assists,0.3.0,empirical_qrf,0.0,0.0,0.0,,1041171555324455918,2026-01-10 19:59:37.810584
2026-01-10,24671,CGY,PIT,30000032,Nazem Kadri,assists,rf_qrf_assists,0.3.0,empirical_qrf,0.0,0.0,0.0,,1041171555324455918,2026-01-10 19:59:37.810584
2026-01-10,24671,CGY,PIT,30000103,Mikael Backlund,assists,rf_qrf_assists,0.3.0,empirical_qrf,0.0,0.0,0.0,,1041171555324455918,2026-01-10 19:59:37.810584
2026-01-10,24671,CGY,PIT,30000237,MacKenzie Weegar,assists,rf_qrf_assists,0.3.0,empirical_qrf,0.04593915718620134,0.0,0.10526315789473684,,1041171555324455918,2026-01-10 19:59:37.810584
2026-01-10,24671,CGY,PIT,30000311,Blake Coleman,assists,rf_qrf_assists,0.3.0,empirical_qrf,0.01633175518633685,0.0,0.03773584905660377,,1041171555324455918,2026-01-10 19:59:37.810584
2026-01-10,24671,CGY,PIT,30000766,Jonathan Huberdeau,assists,rf_qrf_assists,0.3.0,empirical_qrf,0.0,0.0,0.0,,1041171555324455918,2026-01-10 19:59:37.810584
2026-01-10,24671,CGY,PIT,30001029,Martin Frk,assists,rf_qrf_assists,0.3.0,empirical_qrf,0.0,0.0,0.0,,1041171555324455918,2026-01-10 19:59:37.810584
2026-01-10,24671,PIT,CGY,30004262,Rafael Harvey-Pinard,assists,rf_qrf_assists,0.3.0,empirical_qrf,0.004446310558882736,0.0,0.009955223880597016,,1041171555324455918,2026-01-10 19:59:37.810584
2026-01-10,24671,PIT,CGY,30006354,Jaxon Castor,assists,rf_qrf_assists,0.3.0,empirical_qrf,0.006007220212454005,0.004723387260447405,0.007379149147830083,,1041171555324455918,2026-01-10 19:59:37.810584
2026-01-10,24671,PIT,CGY,30006363,Finn Harding,assists,rf_qrf_assists,0.3.0,empirical_qrf,0.006007220212454005,0.004723387260447405,0.007379149147830083,,1041171555324455918,2026-01-10 19:59:37.810584
2026-01-10,24671,PIT,CGY,30006867,Benjamin Kindel,assists,rf_qrf_assists,0.3.0,empirical_qrf,0.0008333333333333334,0.0,0.0,,1041171555324455918,2026-01-10 19:59:37.810584
2026-01-10,24671,PIT,CGY,30004799,Yegor Chinakhov,assists,rf_qrf_assists,0.3.0,empirical_qrf,0.0,0.0,0.0,,1041171555324455918,2026-01-10 19:59:37.810584
2026-01-10,24671,PIT,CGY,30000613,Ryan Graves,assists,rf_qrf_assists,0.3.0,empirical_qrf,0.0,0.0,0.0,,1041171555324455918,2026-01-10 19:59:37.810584
2026-01-10,24671,CGY,PIT,30006494,Zayne Parekh,assists,rf_qrf_assists,0.3.0,empirical_qrf,0.0,0.0,0.0,,1041171555324455918,2026-01-10 19:59:37.810584
2026-01-10,24671,PIT,CGY,30005403,Jack St. Ivany,assists,rf_qrf_assists,0.3.0,empirical_qrf,0.0,0.0,0.0,,1041171555324455918,2026-01-10 19:59:37.810584
2026-01-10,24671,PIT,CGY,30005511,Aidan McDonough,assists,rf_qrf_assists,0.3.0,empirical_qrf,0.017818842563077107,0.0,0.0342504892367906,,1041171555324455918,2026-01-10 19:59:37.810584
2026-01-10,24671,PIT,CGY,30005623,Rutger McGroarty,assists,rf_qrf_assists,0.3.0,empirical_qrf,0.0,0.0,0.0,,1041171555324455918,2026-01-10 19:59:37.810584
2026-01-10,24671,PIT,CGY,30005635,Owen Pickering,assists,rf_qrf_assists,0.3.0,empirical_qrf,0.04047683843633018,0.0,0.0795909090909091,,1041171555324455918,2026-01-10 19:59:37.810584
2026-01-10,24671,PIT,CGY,30005966,Avery Hayes,assists,rf_qrf_assists,0.3.0,empirical_qrf,0.0031706349206349206,0.0,0.0,,1041171555324455918,2026-01-10 19:59:37.810584
2026-01-10,24671,PIT,CGY,30006137,Emil Pieniniemi,assists,rf_qrf_assists,0.3.0,empirical_qrf,0.0,0.0,0.0,,1041171555324455918,2026-01-10 19:59:37.810584
2026-01-10,24671,PIT,CGY,30004960,Valtteri Puustinen,assists,rf_qrf_assists,0.3.0,empirical_qrf,0.0,0.0,0.0,,1041171555324455918,2026-01-10 19:59:37.810584
2026-01-10,24671,PIT,CGY,30005027,Ville Koivunen,assists,rf_qrf_assists,0.3.0,empirical_qrf,0.333852057256469,0.0,0.8,,1041171555324455918,2026-01-10 19:59:37.810584
2026-01-10,24671,PIT,CGY,30005066,Raivis Ansons,assists,rf_qrf_assists,0.3.0,empirical_qrf,0.006007220212454005,0.004723387260447405,0.007379149147830083,,1041171555324455918,2026-01-10 19:59:37.810584
2026-01-10,24671,PIT,CGY,30005197,Taylor Gauthier,assists,rf_qrf_assists,0.3.0,empirical_qrf,0.006007220212454005,0.004723387260447405,0.007379149147830083,,1041171555324455918,2026-01-10 19:59:37.810584
2026-01-10,24671,PIT,CGY,30005267,William Dufour,assists,rf_qrf_assists,0.3.0,empirical_qrf,0.0,0.0,0.0,,1041171555324455918,2026-01-10 19:59:37.810584
2026-01-10,24671,PIT,CGY,30005330,Callahan Burke,assists,rf_qrf_assists,0.3.0,empirical_qrf,0.006007220212454005,0.004723387260447405,0.007379149147830083,,1041171555324455918,2026-01-10 19:59:37.810584
2026-01-10,24671,PIT,CGY,30004181,Connor Dewar,assists,rf_qrf_assists,0.3.0,empirical_qrf,0.0006060606060606061,0.0,0.0,,1041171555324455918,2026-01-10 19:59:37.810584
2026-01-10,24671,PIT,CGY,30004423,Blake Lizotte,assists,rf_qrf_assists,0.3.0,empirical_qrf,0.0029183999771013355,0.0,0.006351228389444951,,1041171555324455918,2026-01-10 19:59:37.810584
2026-01-10,24671,PIT,CGY,30004609,Arturs Silovs,assists,rf_qrf_assists,0.3.0,empirical_qrf,0.006007220212454005,0.004723387260447405,0.007379149147830083,,1041171555324455918,2026-01-10 19:59:37.810584
2026-01-10,24671,PIT,CGY,30004788,Ryan Shea,assists,rf_qrf_assists,0.3.0,empirical_qrf,0.0,0.0,0.0,,1041171555324455918,2026-01-10 19:59:37.810584
2026-01-10,24671,PIT,CGY,30004825,Joel Blomqvist,assists,rf_qrf_assists,0.3.0,empirical_qrf,0.006007220212454005,0.004723387260447405,0.007379149147830083,,1041171555324455918,2026-01-10 19:59:37.810584
2026-01-10,24671,PIT,CGY,30004918,Philip Kemp,assists,rf_qrf_assists,0.3.0,empirical_qrf,0.0029183999771013355,0.0,0.006351228389444951,,1041171555324455918,2026-01-10 19:59:37.810584
2026-01-10,24671,PIT,CGY,30003391,Justin Brazeau,assists,rf_qrf_assists,0.3.0,empirical_qrf,0.01633175518633685,0.0,0.03773584905660377,,1041171555324455918,2026-01-10 19:59:37.810584
2026-01-10,24671,PIT,CGY,30003586,Joona Koppanen,assists,rf_qrf_assists,0.3.0,empirical_qrf,0.04047683843633018,0.0,0.0795909090909091,,1041171555324455918,2026-01-10 19:59:37.810584
2026-01-10,24671,PIT,CGY,30003729,Stuart Skinner,assists,rf_qrf_assists,0.3.0,empirical_qrf,0.006007220212454005,0.004723387260447405,0.007379149147830083,,1041171555324455918,2026-01-10 19:59:37.810584
2026-01-10,24671,PIT,CGY,30003739,Sebastian Aho,assists,rf_qrf_assists,0.3.0,empirical_qrf,0.007442587426713686,0.0,0.014573788781541532,,1041171555324455918,2026-01-10 19:59:37.810584
2026-01-10,24671,PIT,CGY,30003893,Connor Clifton,assists,rf_qrf_assists,0.3.0,empirical_qrf,0.0,0.0,0.0,,1041171555324455918,2026-01-10 19:59:37.810584
2026-01-10,24671,PIT,CGY,30004100,Alexander Alexeyev,assists,rf_qrf_assists,0.3.0,empirical_qrf,0.0029183999771013355,0.0,0.006351228389444951,,1041171555324455918,2026-01-10 19:59:37.810584
2026-01-10,24671,PIT,CGY,30001100,Bryan Rust,assists,rf_qrf_assists,0.3.0,empirical_qrf,0.010277777777777778,0.0,0.0,,1041171555324455918,2026-01-10 19:59:37.810584
2026-01-10,24671,PIT,CGY,30001235,Noel Acciari,assists,rf_qrf_assists,0.3.0,empirical_qrf,0.0029183999771013355,0.0,0.006351228389444951,,1041171555324455918,2026-01-10 19:59:37.810584
2026-01-10,24671,PIT,CGY,30002778,Tommy Novak,assists,rf_qrf_assists,0.3.0,empirical_qrf,0.0,0.0,0.0,,1041171555324455918,2026-01-10 19:59:37.810584
2026-01-10,24671,PIT,CGY,30002874,Caleb Jones,assists,rf_qrf_assists,0.3.0,empirical_qrf,0.0,0.0,0.0,,1041171555324455918,2026-01-10 19:59:37.810584
2026-01-10,24671,PIT,CGY,30003030,Bokondji Imama,assists,rf_qrf_assists,0.3.0,empirical_qrf,0.006007220212454005,0.004723387260447405,0.007379149147830083,,1041171555324455918,2026-01-10 19:59:37.810584
2026-01-10,24671,PIT,CGY,30003099,Parker Wotherspoon,assists,rf_qrf_assists,0.3.0,empirical_qrf,0.0,0.0,0.0,,1041171555324455918,2026-01-10 19:59:37.810584
2026-01-10,24671,PIT,CGY,30000651,Sidney Crosby,assists,rf_qrf_assists,0.3.0,empirical_qrf,0.009444444444444443,0.0,0.0,,1041171555324455918,2026-01-10 19:59:37.810584
2026-01-10,24671,PIT,CGY,30000658,Kris Letang,assists,rf_qrf_assists,0.3.0,empirical_qrf,0.0,0.0,0.0,,1041171555324455918,2026-01-10 19:59:37.810584
2026-01-10,24671,PIT,CGY,30000660,Evgeni Malkin,assists,rf_qrf_assists,0.3.0,empirical_qrf,0.0027222222222222222,0.0,0.0,,1041171555324455918,2026-01-10 19:59:37.810584
2026-01-10,24671,PIT,CGY,30000806,Matt Dumba,assists,rf_qrf_assists,0.3.0,empirical_qrf,0.0,0.0,0.0,,1041171555324455918,2026-01-10 19:59:37.810584
2026-01-10,24671,PIT,CGY,30000848,Anthony Mantha,assists,rf_qrf_assists,0.3.0,empirical_qrf,0.0,0.0,0.0,,1041171555324455918,2026-01-10 19:59:37.810584
2026-01-10,24671,PIT,CGY,30000888,Rickard Rakell,assists,rf_qrf_assists,0.3.0,empirical_qrf,0.0,0.0,0.0,,1041171555324455918,2026-01-10 19:59:37.810584
2026-01-10,24671,CGY,PIT,30006136,Hunter Brzustewicz,assists,rf_qrf_assists,0.3.0,empirical_qrf,0.1910258015261885,0.0,0.4444444444444444,,1041171555324455918,2026-01-10 19:59:37.810584
2026-01-10,24671,CGY,PIT,30006371,Matt Radomsky,assists,rf_qrf_assists,0.3.0,empirical_qrf,0.006007220212454005,0.004723387260447405,0.007379149147830083,,1041171555324455918,2026-01-10 19:59:37.810584
2026-01-10,24671,CGY,PIT,30006372,Connor Murphy,assists,rf_qrf_assists,0.3.0,empirical_qrf,0.006007220212454005,0.004723387260447405,0.007379149147830083,,1041171555324455918,2026-01-10 19:59:37.810584
2026-01-10,24671,PIT,CGY,30000445,Erik Karlsson,assists,rf_qrf_assists,0.3.0,empirical_qrf,0.0,0.0,0.0,,1041171555324455918,2026-01-10 19:59:37.810584
2026-01-10,24671,PIT,CGY,30000557,Brett Kulak,assists,rf_qrf_assists,0.3.0,empirical_qrf,0.0,0.0,0.0,,1041171555324455918,2026-01-10 19:59:37.810584
2026-01-10,24671,PIT,CGY,30000615,Kevin Hayes,assists,rf_qrf_assists,0.3.0,empirical_qrf,0.004188492063492063,0.0,0.0,,1041171555324455918,2026-01-10 19:59:37.810584
2026-01-10,24671,CGY,PIT,30005142,Rory Kerins,assists,rf_qrf_assists,0.3.0,empirical_qrf,0.0006060606060606061,0.0,0.0,,1041171555324455918,2026-01-10 19:59:37.810584
2026-01-10,24671,CGY,PIT,30005297,Nick Cicek,assists,rf_qrf_assists,0.3.0,empirical_qrf,0.02246741520003329,0.0,0.046189624329159226,,1041171555324455918,2026-01-10 19:59:37.810584
2026-01-10,24671,CGY,PIT,30005595,Adam Klapka,assists,rf_qrf_assists,0.3.0,empirical_qrf,0.1910258015261885,0.0,0.4444444444444444,,1041171555324455918,2026-01-10 19:59:37.810584
2026-01-10,24671,CGY,PIT,30005729,Parker Bell,assists,rf_qrf_assists,0.3.0,empirical_qrf,0.006007220212454005,0.004723387260447405,0.007379149147830083,,1041171555324455918,2026-01-10 19:59:37.810584
2026-01-10,24671,CGY,PIT,30006084,Samuel Honzek,assists,rf_qrf_assists,0.3.0,empirical_qrf,0.04593915718620134,0.0,0.10526315789473684,,1041171555324455918,2026-01-10 19:59:37.810584
2026-01-10,24671,CGY,PIT,30006111,Etienne Morin,assists,rf_qrf_assists,0.3.0,empirical_qrf,0.0,0.0,0.0,,1041171555324455918,2026-01-10 19:59:37.810584
2026-01-10,24671,CGY,PIT,30004855,Yan Kuznetsov,assists,rf_qrf_assists,0.3.0,empirical_qrf,0.017818842563077107,0.0,0.0342504892367906,,1041171555324455918,2026-01-10 19:59:37.810584
2026-01-10,24671,CGY,PIT,30004869,Jeremie Poirier,assists,rf_qrf_assists,0.3.0,empirical_qrf,0.006007220212454005,0.004723387260447405,0.007379149147830083,,1041171555324455918,2026-01-10 19:59:37.810584
2026-01-10,24671,CGY,PIT,30004925,Daniil Miromanov,assists,rf_qrf_assists,0.3.0,empirical_qrf,0.0,0.0,0.0,,1041171555324455918,2026-01-10 19:59:37.810584
2026-01-10,24671,CGY,PIT,30004993,Matt Coronato,assists,rf_qrf_assists,0.3.0,empirical_qrf,0.0,0.0,0.0,,1041171555324455918,2026-01-10 19:59:37.810584
2026-01-10,24671,CGY,PIT,30005038,William Stromgren,assists,rf_qrf_assists,0.3.0,empirical_qrf,0.006007220212454005,0.004723387260447405,0.007379149147830083,,1041171555324455918,2026-01-10 19:59:37.810584
2026-01-10,24671,CGY,PIT,30005139,Lucas Ciona,assists,rf_qrf_assists,0.3.0,empirical_qrf,0.006007220212454005,0.004723387260447405,0.007379149147830083,,1041171555324455918,2026-01-10 19:59:37.810584
2026-01-10,24671,CGY,PIT,30004310,Brayden Pachal,assists,rf_qrf_assists,0.3.0,empirical_qrf,0.0,0.0,0.0,,1041171555324455918,2026-01-10 19:59:37.810584
2026-01-10,24671,CGY,PIT,30004363,Martin Pospisil,assists,rf_qrf_assists,0.3.0,empirical_qrf,0.0,0.0,0.0,,1041171555324455918,2026-01-10 19:59:37.810584
2026-01-10,24671,CGY,PIT,30004493,John Beecher,assists,rf_qrf_assists,0.3.0,empirical_qrf,0.0,0.0,0.0,,1041171555324455918,2026-01-10 19:59:37.810584
2026-01-10,24671,CGY,PIT,30004665,Dustin Wolf,assists,rf_qrf_assists,0.3.0,empirical_qrf,0.006007220212454005,0.004723387260447405,0.007379149147830083,,1041171555324455918,2026-01-10 19:59:37.810584
2026-01-10,24671,CGY,PIT,30004791,Devin Cooley,assists,rf_qrf_assists,0.3.0,empirical_qrf,0.006007220212454005,0.004723387260447405,0.007379149147830083,,1041171555324455918,2026-01-10 19:59:37.810584
2026-01-10,24671,CGY,PIT,30004823,Connor Zary,assists,rf_qrf_assists,0.3.0,empirical_qrf,0.0,0.0,0.0,,1041171555324455918,2026-01-10 19:59:37.810584
2026-01-10,24671,CGY,PIT,30003145,Jake Bean,assists,rf_qrf_assists,0.3.0,empirical_qrf,0.004446310558882736,0.0,0.009955223880597016,,1041171555324455918,2026-01-10 19:59:37.810584
2026-01-10,24671,CGY,PIT,30003418,Alex Gallant,assists,rf_qrf_assists,0.3.0,empirical_qrf,0.006007220212454005,0.004723387260447405,0.007379149147830083,,1041171555324455918,2026-01-10 19:59:37.810584
2026-01-10,24671,CGY,PIT,30003656,Morgan Frost,assists,rf_qrf_assists,0.3.0,empirical_qrf,0.0,0.0,0.0,,1041171555324455918,2026-01-10 19:59:37.810584
2026-01-10,24671,CGY,PIT,30004089,Joel Farabee,assists,rf_qrf_assists,0.3.0,empirical_qrf,0.0632053872053872,0.0,0.2857142857142857,,1041171555324455918,2026-01-10 19:59:37.810584
2026-01-10,24671,CGY,PIT,30004162,Kevin Bahl,assists,rf_qrf_assists,0.3.0,empirical_qrf,0.0,0.0,0.0,,1041171555324455918,2026-01-10 19:59:37.810584
2026-01-10,24671,CGY,PIT,30004190,Yegor Sharangovich,assists,rf_qrf_assists,0.3.0,empirical_qrf,0.0027250249750249748,0.0,0.0,,1041171555324455918,2026-01-10 19:59:37.810584
2026-01-10,24671,CGY,PIT,30001133,Rasmus Andersson,assists,rf_qrf_assists,0.3.0,empirical_qrf,0.0,0.0,0.0,,1041171555324455918,2026-01-10 19:59:37.810584
2026-01-10,24671,CGY,PIT,30001248,Joel Hanley,assists,rf_qrf_assists,0.3.0,empirical_qrf,0.0,0.0,0.0,,1041171555324455918,2026-01-10 19:59:37.810584
2026-01-10,24671,CGY,PIT,30002217,Ryan Lomberg,assists,rf_qrf_assists,0.3.0,empirical_qrf,0.04047683843633018,0.0,0.0795909090909091,,1041171555324455918,2026-01-10 19:59:37.810584
2026-01-10,24671,CGY,PIT,30002595,Justin Kirkland,assists,rf_qrf_assists,0.3.0,empirical_qrf,0.0,0.0,0.0,,1041171555324455918,2026-01-10 19:59:37.810584
2026-01-10,24671,CGY,PIT,30002668,Clark Bishop,assists,rf_qrf_assists,0.3.0,empirical_qrf,0.0029183999771013355,0.0,0.006351228389444951,,1041171555324455918,2026-01-10 19:59:37.810584
2026-01-10,24671,CGY,PIT,30003001,Dryden Hunt,assists,rf_qrf_assists,0.3.0,empirical_qrf,0.0,0.0,0.0,,1041171555324455918,2026-01-10 19:59:37.810584
2026-01-10,24672,DAL,SJ,30000166,Alexander Petrovic,assists,rf_qrf_assists,0.3.0,empirical_qrf,0.0,0.0,0.0,,1041171555324455918,2026-01-10 19:59:37.810584
2026-01-10,24672,DAL,SJ,30000702,Antoine Bibeau,assists,rf_qrf_assists,0.3.0,empirical_qrf,0.006007220212454005,0.004723387260447405,0.007379149147830083,,1041171555324455918,2026-01-10 19:59:37.810584
2026-01-10,24672,DAL,SJ,30000735,Adam Erne,assists,rf_qrf_assists,0.3.0,empirical_qrf,0.36526617364117364,0.0,0.8571428571428571,,1041171555324455918,2026-01-10 19:59:37.810584
2026-01-10,24672,DAL,SJ,30000750,Radek Faksa,assists,rf_qrf_assists,0.3.0,empirical_qrf,0.0017715924426450742,0.0,0.0,,1041171555324455918,2026-01-10 19:59:37.810584
2026-01-10,24672,DAL,SJ,30000755,Esa Lindell,assists,rf_qrf_assists,0.3.0,empirical_qrf,0.0,0.0,0.0,,1041171555324455918,2026-01-10 19:59:37.810584
2026-01-10,24672,DAL,SJ,30000756,Curtis McKenzie,assists,rf_qrf_assists,0.3.0,empirical_qrf,0.006007220212454005,0.004723387260447405,0.007379149147830083,,1041171555324455918,2026-01-10 19:59:37.810584
2026-01-10,24672,SJ,DAL,30006859,Michael Misa,assists,rf_qrf_assists,0.3.0,empirical_qrf,0.05012124284119316,0.0,0.11764705882352941,,1041171555324455918,2026-01-10 19:59:37.810584
2026-01-10,24672,SJ,DAL,30001456,Laurent Brossoit,assists,rf_qrf_assists,0.3.0,empirical_qrf,0.006007220212454005,0.004723387260447405,0.007379149147830083,,1041171555324455918,2026-01-10 19:59:37.810584
2026-01-10,24672,SJ,DAL,30005003,Nolan Allan,assists,rf_qrf_assists,0.3.0,empirical_qrf,0.0060949445333625864,0.0,0.01282051282051282,,1041171555324455918,2026-01-10 19:59:37.810584
2026-01-10,24672,SJ,DAL,30006189,Luca Cagnoni,assists,rf_qrf_assists,0.3.0,empirical_qrf,0.0,0.0,0.0,,1041171555324455918,2026-01-10 19:59:37.810584
2026-01-10,24672,SJ,DAL,30006307,Anthony Vincent,assists,rf_qrf_assists,0.3.0,empirical_qrf,0.0,0.0,0.0,,1041171555324455918,2026-01-10 19:59:37.810584
2026-01-10,24672,SJ,DAL,30006468,Collin Graf,assists,rf_qrf_assists,0.3.0,empirical_qrf,0.01633175518633685,0.0,0.03773584905660377,,1041171555324455918,2026-01-10 19:59:37.810584
2026-01-10,24672,SJ,DAL,30006484,Sam Dickinson,assists,rf_qrf_assists,0.3.0,empirical_qrf,0.0,0.0,0.0,,1041171555324455918,2026-01-10 19:59:37.810584
2026-01-10,24672,SJ,DAL,30006491,Macklin Celebrini,assists,rf_qrf_assists,0.3.0,empirical_qrf,0.0,0.0,0.0,,1041171555324455918,2026-01-10 19:59:37.810584
2026-01-10,24672,SJ,DAL,30006523,Igor Chernyshov,assists,rf_qrf_assists,0.3.0,empirical_qrf,0.007442587426713686,0.0,0.014573788781541532,,1041171555324455918,2026-01-10 19:59:37.810584
2026-01-10,24672,SJ,DAL,30005649,Filip Bystedt,assists,rf_qrf_assists,0.3.0,empirical_qrf,0.006007220212454005,0.004723387260447405,0.007379149147830083,,1041171555324455918,2026-01-10 19:59:37.810584
2026-01-10,24672,SJ,DAL,30005752,Patrick Giles,assists,rf_qrf_assists,0.3.0,empirical_qrf,0.0,0.0,0.0,,1041171555324455918,2026-01-10 19:59:37.810584
2026-01-10,24672,SJ,DAL,30006008,Nolan Burke,assists,rf_qrf_assists,0.3.0,empirical_qrf,0.006007220212454005,0.004723387260447405,0.007379149147830083,,1041171555324455918,2026-01-10 19:59:37.810584
2026-01-10,24672,SJ,DAL,30006066,Will Smith,assists,rf_qrf_assists,0.3.0,empirical_qrf,0.0006060606060606061,0.0,0.0,,1041171555324455918,2026-01-10 19:59:37.810584
2026-01-10,24672,SJ,DAL,30006085,Quentin Musty,assists,rf_qrf_assists,0.3.0,empirical_qrf,3.26797385620915e-05,0.0,0.0,,1041171555324455918,2026-01-10 19:59:37.810584
2026-01-10,24672,SJ,DAL,30006114,Kasper Halttunen,assists,rf_qrf_assists,0.3.0,empirical_qrf,0.0,0.0,0.0,,1041171555324455918,2026-01-10 19:59:37.810584
2026-01-10,24672,SJ,DAL,30005013,Zack Ostapchuk,assists,rf_qrf_assists,0.3.0,empirical_qrf,0.0,0.0,0.0,,1041171555324455918,2026-01-10 19:59:37.810584
2026-01-10,24672,SJ,DAL,30005031,Vincent Iorio,assists,rf_qrf_assists,0.3.0,empirical_qrf,0.0,0.0,0.0,,1041171555324455918,2026-01-10 19:59:37.810584
2026-01-10,24672,SJ,DAL,30005081,Cole Clayton,assists,rf_qrf_assists,0.3.0,empirical_qrf,0.0,0.0,0.0,,1041171555324455918,2026-01-10 19:59:37.810584
2026-01-10,24672,SJ,DAL,30005207,Ethan Cardwell,assists,rf_qrf_assists,0.3.0,empirical_qrf,0.0,0.0,0.0,,1041171555324455918,2026-01-10 19:59:37.810584
2026-01-10,24672,SJ,DAL,30005602,Pavol Regenda,assists,rf_qrf_assists,0.3.0,empirical_qrf,0.0005555555555555556,0.0,0.0,,1041171555324455918,2026-01-10 19:59:37.810584
2026-01-10,24672,SJ,DAL,30005628,Yaroslav Askarov,assists,rf_qrf_assists,0.3.0,empirical_qrf,0.006007220212454005,0.004723387260447405,0.007379149147830083,,1041171555324455918,2026-01-10 19:59:37.810584
2026-01-10,24672,SJ,DAL,30004123,Philipp Kurashev,assists,rf_qrf_assists,0.3.0,empirical_qrf,0.0,0.0,0.0,,1041171555324455918,2026-01-10 19:59:37.810584
2026-01-10,24672,SJ,DAL,30004136,Jakub Skarek,assists,rf_qrf_assists,0.3.0,empirical_qrf,0.006007220212454005,0.004723387260447405,0.007379149147830083,,1041171555324455918,2026-01-10 19:59:37.810584
2026-01-10,24672,SJ,DAL,30004392,Jimmy Huntington,assists,rf_qrf_assists,0.3.0,empirical_qrf,0.007442587426713686,0.0,0.014573788781541532,,1041171555324455918,2026-01-10 19:59:37.810584
2026-01-10,24672,SJ,DAL,30004654,Beck Warm,assists,rf_qrf_assists,0.3.0,empirical_qrf,0.006007220212454005,0.004723387260447405,0.007379149147830083,,1041171555324455918,2026-01-10 19:59:37.810584
2026-01-10,24672,SJ,DAL,30004811,Shakir Mukhamadullin,assists,rf_qrf_assists,0.3.0,empirical_qrf,0.1910258015261885,0.0,0.4444444444444444,,1041171555324455918,2026-01-10 19:59:37.810584
2026-01-10,24672,SJ,DAL,30004995,William Eklund,assists,rf_qrf_assists,0.3.0,empirical_qrf,0.0,0.0,0.0,,1041171555324455918,2026-01-10 19:59:37.810584
2026-01-10,24672,SJ,DAL,30003648,Timothy Liljegren,assists,rf_qrf_assists,0.3.0,empirical_qrf,0.0,0.0,0.0,,1041171555324455918,2026-01-10 19:59:37.810584
2026-01-10,24672,SJ,DAL,30003651,Shane Bowers,assists,rf_qrf_assists,0.3.0,empirical_qrf,0.01473488629736968,0.0,0.032841530054644824,,1041171555324455918,2026-01-10 19:59:37.810584
2026-01-10,24672,SJ,DAL,30003693,Mario Ferraro,assists,rf_qrf_assists,0.3.0,empirical_qrf,0.007442587426713686,0.0,0.014573788781541532,,1041171555324455918,2026-01-10 19:59:37.810584
2026-01-10,24672,SJ,DAL,30003937,Vincent Desharnais,assists,rf_qrf_assists,0.3.0,empirical_qrf,0.017818842563077107,0.0,0.0342504892367906,,1041171555324455918,2026-01-10 19:59:37.810584
2026-01-10,24672,SJ,DAL,30003989,Adam Gaudette,assists,rf_qrf_assists,0.3.0,empirical_qrf,0.0011111111111111111,0.0,0.0,,1041171555324455918,2026-01-10 19:59:37.810584
2026-01-10,24672,SJ,DAL,30004092,Ty Dellandrea,assists,rf_qrf_assists,0.3.0,empirical_qrf,0.03486491008304926,0.0,0.08333333333333333,,1041171555324455918,2026-01-10 19:59:37.810584
2026-01-10,24672,SJ,DAL,30000642,Jeff Skinner,assists,rf_qrf_assists,0.3.0,empirical_qrf,0.333852057256469,0.0,0.8,,1041171555324455918,2026-01-10 19:59:37.810584
2026-01-10,24672,SJ,DAL,30000754,John Klingberg,assists,rf_qrf_assists,0.3.0,empirical_qrf,0.0,0.0,0.0,,1041171555324455918,2026-01-10 19:59:37.810584
2026-01-10,24672,SJ,DAL,30000914,Barclay Goodrow,assists,rf_qrf_assists,0.3.0,empirical_qrf,0.0,0.0,0.0,,1041171555324455918,2026-01-10 19:59:37.810584
2026-01-10,24672,SJ,DAL,30001301,Ryan Reaves,assists,rf_qrf_assists,0.3.0,empirical_qrf,0.006007220212454005,0.004723387260447405,0.007379149147830083,,1041171555324455918,2026-01-10 19:59:37.810584
2026-01-10,24672,SJ,DAL,30002590,Alex Nedeljkovic,assists,rf_qrf_assists,0.3.0,empirical_qrf,0.006007220212454005,0.004723387260447405,0.007379149147830083,,1041171555324455918,2026-01-10 19:59:37.810584
2026-01-10,24672,SJ,DAL,30002693,Aaron Dell,assists,rf_qrf_assists,0.3.0,empirical_qrf,0.1252857142857143,0.0,0.5,,1041171555324455918,2026-01-10 19:59:37.810584
2026-01-10,24672,SJ,DAL,30000007,Carey Price,assists,rf_qrf_assists,0.3.0,empirical_qrf,0.006007220212454005,0.004723387260447405,0.007379149147830083,,1041171555324455918,2026-01-10 19:59:37.810584
2026-01-10,24672,SJ,DAL,30000128,Logan Couture,assists,rf_qrf_assists,0.3.0,empirical_qrf,0.006007220212454005,0.004723387260447405,0.007379149147830083,,1041171555324455918,2026-01-10 19:59:37.810584
2026-01-10,24672,SJ,DAL,30000157,Tyler Toffoli,assists,rf_qrf_assists,0.3.0,empirical_qrf,0.0018055555555555555,0.0,0.0,,1041171555324455918,2026-01-10 19:59:37.810584
2026-01-10,24672,SJ,DAL,30000287,Nick Leddy,assists,rf_qrf_assists,0.3.0,empirical_qrf,0.0,0.0,0.0,,1041171555324455918,2026-01-10 19:59:37.810584
2026-01-10,24672,SJ,DAL,30000384,Dmitry Orlov,assists,rf_qrf_assists,0.3.0,empirical_qrf,0.0,0.0,0.0,,1041171555324455918,2026-01-10 19:59:37.810584
2026-01-10,24672,SJ,DAL,30000426,Alexander Wennberg,assists,rf_qrf_assists,0.3.0,empirical_qrf,0.0,0.0,0.0,,1041171555324455918,2026-01-10 19:59:37.810584
2026-01-10,24672,DAL,SJ,30004796,Mavrik Bourque,assists,rf_qrf_assists,0.3.0,empirical_qrf,0.0,0.0,0.0,,1041171555324455918,2026-01-10 19:59:37.810584
2026-01-10,24672,DAL,SJ,30004844,Cross Hanas,assists,rf_qrf_assists,0.3.0,empirical_qrf,0.007442587426713686,0.0,0.014573788781541532,,1041171555324455918,2026-01-10 19:59:37.810584
2026-01-10,24672,DAL,SJ,30005004,Wyatt Johnston,assists,rf_qrf_assists,0.3.0,empirical_qrf,0.0,0.0,0.0,,1041171555324455918,2026-01-10 19:59:37.810584
2026-01-10,24672,DAL,SJ,30005062,Oskar Bäck,assists,rf_qrf_assists,0.3.0,empirical_qrf,0.004446310558882736,0.0,0.009955223880597016,,1041171555324455918,2026-01-10 19:59:37.810584
2026-01-10,24672,DAL,SJ,30006362,Connor Punnett,assists,rf_qrf_assists,0.3.0,empirical_qrf,0.006007220212454005,0.004723387260447405,0.007379149147830083,,1041171555324455918,2026-01-10 19:59:37.810584
2026-01-10,24672,DAL,SJ,30006457,Justin Hryckowian,assists,rf_qrf_assists,0.3.0,empirical_qrf,0.0027250249750249748,0.0,0.0,,1041171555324455918,2026-01-10 19:59:37.810584
2026-01-10,24672,DAL,SJ,30003658,Jake Oettinger,assists,rf_qrf_assists,0.3.0,empirical_qrf,0.0060949445333625864,0.0,0.01282051282051282,,1041171555324455918,2026-01-10 19:59:37.810584
2026-01-10,24672,DAL,SJ,30003689,Jason Robertson,assists,rf_qrf_assists,0.3.0,empirical_qrf,0.021855158730158728,0.0,0.0,,1041171555324455918,2026-01-10 19:59:37.810584
2026-01-10,24672,DAL,SJ,30003695,Kole Lind,assists,rf_qrf_assists,0.3.0,empirical_qrf,0.04593915718620134,0.0,0.10526315789473684,,1041171555324455918,2026-01-10 19:59:37.810584
2026-01-10,24672,DAL,SJ,30004061,Ilya Lyubushkin,assists,rf_qrf_assists,0.3.0,empirical_qrf,0.0,0.0,0.0,,1041171555324455918,2026-01-10 19:59:37.810584
2026-01-10,24672,DAL,SJ,30004103,Nils Lundkvist,assists,rf_qrf_assists,0.3.0,empirical_qrf,0.004446310558882736,0.0,0.009955223880597016,,1041171555324455918,2026-01-10 19:59:37.810584
2026-01-10,24672,DAL,SJ,30004482,Thomas Harley,assists,rf_qrf_assists,0.3.0,empirical_qrf,0.0,0.0,0.0,,1041171555324455918,2026-01-10 19:59:37.810584
2026-01-10,24672,DAL,SJ,30003156,Sam Steel,assists,rf_qrf_assists,0.3.0,empirical_qrf,0.0,0.0,0.0,,1041171555324455918,2026-01-10 19:59:37.810584
2026-01-10,24672,DAL,SJ,30003165,Nate Bastian,assists,rf_qrf_assists,0.3.0,empirical_qrf,0.0,0.0,0.0,,1041171555324455918,2026-01-10 19:59:37.810584
2026-01-10,24672,DAL,SJ,30003357,Colin Blackwell,assists,rf_qrf_assists,0.3.0,empirical_qrf,0.0,0.0,0.0,,1041171555324455918,2026-01-10 19:59:37.810584
2026-01-10,24672,DAL,SJ,30003376,Casey DeSmith,assists,rf_qrf_assists,0.3.0,empirical_qrf,0.006007220212454005,0.004723387260447405,0.007379149147830083,,1041171555324455918,2026-01-10 19:59:37.810584
2026-01-10,24672,DAL,SJ,30003585,Cameron Hughes,assists,rf_qrf_assists,0.3.0,empirical_qrf,0.0,0.0,0.0,,1041171555324455918,2026-01-10 19:59:37.810584
2026-01-10,24672,DAL,SJ,30003640,Miro Heiskanen,assists,rf_qrf_assists,0.3.0,empirical_qrf,0.0,0.0,0.0,,1041171555324455918,2026-01-10 19:59:37.810584
2026-01-10,24672,DAL,SJ,30000762,Tyler Seguin,assists,rf_qrf_assists,0.3.0,empirical_qrf,0.0,0.0,0.0,,1041171555324455918,2026-01-10 19:59:37.810584
2026-01-10,24672,DAL,SJ,30000906,Mikko Rantanen,assists,rf_qrf_assists,0.3.0,empirical_qrf,0.0027222222222222222,0.0,0.0,,1041171555324455918,2026-01-10 19:59:37.810584
2026-01-10,24672,DAL,SJ,30001146,Matt Duchene,assists,rf_qrf_assists,0.3.0,empirical_qrf,0.0,0.0,0.0,,1041171555324455918,2026-01-10 19:59:37.810584
2026-01-10,24672,DAL,SJ,30001302,Jamie Benn,assists,rf_qrf_assists,0.3.0,empirical_qrf,0.0,0.0,0.0,,1041171555324455918,2026-01-10 19:59:37.810584
2026-01-10,24672,DAL,SJ,30002811,Roope Hintz,assists,rf_qrf_assists,0.3.0,empirical_qrf,0.06503343946304911,0.0,0.14285714285714285,,1041171555324455918,2026-01-10 19:59:37.810584
2026-01-10,24672,DAL,SJ,30002842,Kyle Capobianco,assists,rf_qrf_assists,0.3.0,empirical_qrf,0.007442587426713686,0.0,0.014573788781541532,,1041171555324455918,2026-01-10 19:59:37.810584
2026-01-10,24673,CBJ,COL,30000115,Sean Monahan,assists,rf_qrf_assists,0.3.0,empirical_qrf,0.0,0.0,0.0,,1041171555324455918,2026-01-10 19:59:37.810584
2026-01-10,24673,CBJ,COL,30000207,Damon Severson,assists,rf_qrf_assists,0.3.0,empirical_qrf,0.0,0.0,0.0,,1041171555324455918,2026-01-10 19:59:37.810584
2026-01-10,24673,CBJ,COL,30000233,Erik Gudbranson,assists,rf_qrf_assists,0.3.0,empirical_qrf,0.0,0.0,0.0,,1041171555324455918,2026-01-10 19:59:37.810584
2026-01-10,24673,CBJ,COL,30000623,Ivan Provorov,assists,rf_qrf_assists,0.3.0,empirical_qrf,0.0,0.0,0.0,,1041171555324455918,2026-01-10 19:59:37.810584
2026-01-10,24673,CBJ,COL,30000778,Boone Jenner,assists,rf_qrf_assists,0.3.0,empirical_qrf,0.020353174603174602,0.0,0.0,,1041171555324455918,2026-01-10 19:59:37.810584
2026-01-10,24673,CBJ,COL,30000805,Charlie Coyle,assists,rf_qrf_assists,0.3.0,empirical_qrf,0.0,0.0,0.0,,1041171555324455918,2026-01-10 19:59:37.810584
2026-01-10,24673,COL,CBJ,30006385,Saige Weinstein,assists,rf_qrf_assists,0.3.0,empirical_qrf,0.006007220212454005,0.004723387260447405,0.007379149147830083,,1041171555324455918,2026-01-10 19:59:37.810584
2026-01-10,24673,COL,CBJ,30006387,Neil Shea,assists,rf_qrf_assists,0.3.0,empirical_qrf,0.006007220212454005,0.004723387260447405,0.007379149147830083,,1041171555324455918,2026-01-10 19:59:37.810584
2026-01-10,24673,CBJ,COL,30002631,Danton Heinen,assists,rf_qrf_assists,0.3.0,empirical_qrf,0.0,0.0,0.0,,1041171555324455918,2026-01-10 19:59:37.810584
2026-01-10,24673,CBJ,COL,30004205,Egor Zamula,assists,rf_qrf_assists,0.3.0,empirical_qrf,0.01473488629736968,0.0,0.032841530054644824,,1041171555324455918,2026-01-10 19:59:37.810584
2026-01-10,24673,CBJ,COL,30002593,Dysin Mayo,assists,rf_qrf_assists,0.3.0,empirical_qrf,0.0029183999771013355,0.0,0.006351228389444951,,1041171555324455918,2026-01-10 19:59:37.810584
2026-01-10,24673,COL,CBJ,30005777,Ivan Ivan,assists,rf_qrf_assists,0.3.0,empirical_qrf,0.0060949445333625864,0.0,0.01282051282051282,,1041171555324455918,2026-01-10 19:59:37.810584
2026-01-10,24673,COL,CBJ,30006033,Jason Polin,assists,rf_qrf_assists,0.3.0,empirical_qrf,0.0,0.0,0.0,,1041171555324455918,2026-01-10 19:59:37.810584
2026-01-10,24673,COL,CBJ,30006036,Sam Malinski,assists,rf_qrf_assists,0.3.0,empirical_qrf,0.04593915718620134,0.0,0.10526315789473684,,1041171555324455918,2026-01-10 19:59:37.810584
2026-01-10,24673,COL,CBJ,30006102,Gavin Brindley,assists,rf_qrf_assists,0.3.0,empirical_qrf,0.0,0.0,0.0,,1041171555324455918,2026-01-10 19:59:37.810584
2026-01-10,24673,COL,CBJ,30006255,Maros Jedlicka,assists,rf_qrf_assists,0.3.0,empirical_qrf,0.007442587426713686,0.0,0.014573788781541532,,1041171555324455918,2026-01-10 19:59:37.810584
2026-01-10,24673,COL,CBJ,30006377,Noah Ganske,assists,rf_qrf_assists,0.3.0,empirical_qrf,0.006007220212454005,0.004723387260447405,0.007379149147830083,,1041171555324455918,2026-01-10 19:59:37.810584
2026-01-10,24673,COL,CBJ,30004842,Danil Gushchin,assists,rf_qrf_assists,0.3.0,empirical_qrf,0.04593915718620134,0.0,0.10526315789473684,,1041171555324455918,2026-01-10 19:59:37.810584
2026-01-10,24673,COL,CBJ,30004938,Ilya Solovyov,assists,rf_qrf_assists,0.3.0,empirical_qrf,0.04047683843633018,0.0,0.0795909090909091,,1041171555324455918,2026-01-10 19:59:37.810584
2026-01-10,24673,COL,CBJ,30005213,Tyler Inamoto,assists,rf_qrf_assists,0.3.0,empirical_qrf,0.02246741520003329,0.0,0.046189624329159226,,1041171555324455918,2026-01-10 19:59:37.810584
2026-01-10,24673,COL,CBJ,30005391,Tristen Nielsen,assists,rf_qrf_assists,0.3.0,empirical_qrf,0.0015873015873015873,0.0,0.0,,1041171555324455918,2026-01-10 19:59:37.810584
2026-01-10,24673,COL,CBJ,30005470,Zakhar Bardakov,assists,rf_qrf_assists,0.3.0,empirical_qrf,0.06503343946304911,0.0,0.14285714285714285,,1041171555324455918,2026-01-10 19:59:37.810584
2026-01-10,24673,COL,CBJ,30005581,Wyatt Aamodt,assists,rf_qrf_assists,0.3.0,empirical_qrf,0.0,0.0,0.0,,1041171555324455918,2026-01-10 19:59:37.810584
2026-01-10,24673,COL,CBJ,30004393,Tye Felhaber,assists,rf_qrf_assists,0.3.0,empirical_qrf,0.017818842563077107,0.0,0.0342504892367906,,1041171555324455918,2026-01-10 19:59:37.810584
2026-01-10,24673,COL,CBJ,30004461,Joel Kiviranta,assists,rf_qrf_assists,0.3.0,empirical_qrf,0.0,0.0,0.0,,1041171555324455918,2026-01-10 19:59:37.810584
2026-01-10,24673,COL,CBJ,30004557,Ronnie Attard,assists,rf_qrf_assists,0.3.0,empirical_qrf,0.006007220212454005,0.004723387260447405,0.007379149147830083,,1041171555324455918,2026-01-10 19:59:37.810584
2026-01-10,24673,COL,CBJ,30004569,Matthew Stienburg,assists,rf_qrf_assists,0.3.0,empirical_qrf,0.017818842563077107,0.0,0.0342504892367906,,1041171555324455918,2026-01-10 19:59:37.810584
2026-01-10,24673,COL,CBJ,30004668,Trent Miner,assists,rf_qrf_assists,0.3.0,empirical_qrf,0.006007220212454005,0.004723387260447405,0.007379149147830083,,1041171555324455918,2026-01-10 19:59:37.810584
2026-01-10,24673,COL,CBJ,30004757,Jack Ahcan,assists,rf_qrf_assists,0.3.0,empirical_qrf,0.017818842563077107,0.0,0.0342504892367906,,1041171555324455918,2026-01-10 19:59:37.810584
2026-01-10,24673,COL,CBJ,30003898,Parker Kelly,assists,rf_qrf_assists,0.3.0,empirical_qrf,0.004446310558882736,0.0,0.009955223880597016,,1041171555324455918,2026-01-10 19:59:37.810584
2026-01-10,24673,COL,CBJ,30003947,Ross Colton,assists,rf_qrf_assists,0.3.0,empirical_qrf,0.0,0.0,0.0,,1041171555324455918,2026-01-10 19:59:37.810584
2026-01-10,24673,COL,CBJ,30004026,Victor Olofsson,assists,rf_qrf_assists,0.3.0,empirical_qrf,0.0,0.0,0.0,,1041171555324455918,2026-01-10 19:59:37.810584
2026-01-10,24673,COL,CBJ,30004119,Jake Wise,assists,rf_qrf_assists,0.3.0,empirical_qrf,0.006007220212454005,0.004723387260447405,0.007379149147830083,,1041171555324455918,2026-01-10 19:59:37.810584
2026-01-10,24673,COL,CBJ,30004121,Jack Drury,assists,rf_qrf_assists,0.3.0,empirical_qrf,0.0,0.0,0.0,,1041171555324455918,2026-01-10 19:59:37.810584
2026-01-10,24673,COL,CBJ,30004191,Logan O'Connor,assists,rf_qrf_assists,0.3.0,empirical_qrf,0.0,0.0,0.0,,1041171555324455918,2026-01-10 19:59:37.810584
2026-01-10,24673,COL,CBJ,30003488,Keaton Middleton,assists,rf_qrf_assists,0.3.0,empirical_qrf,0.0,0.0,0.0,,1041171555324455918,2026-01-10 19:59:37.810584
2026-01-10,24673,COL,CBJ,30003646,Cale Makar,assists,rf_qrf_assists,0.3.0,empirical_qrf,0.0,0.0,0.0,,1041171555324455918,2026-01-10 19:59:37.810584
2026-01-10,24673,COL,CBJ,30003654,Martin Necas,assists,rf_qrf_assists,0.3.0,empirical_qrf,0.00717063492063492,0.0,0.0,,1041171555324455918,2026-01-10 19:59:37.810584
2026-01-10,24673,COL,CBJ,30003772,Alex Barré-Boulet,assists,rf_qrf_assists,0.3.0,empirical_qrf,0.017818842563077107,0.0,0.0342504892367906,,1041171555324455918,2026-01-10 19:59:37.810584
2026-01-10,24673,COL,CBJ,30003800,Jacob MacDonald,assists,rf_qrf_assists,0.3.0,empirical_qrf,0.006007220212454005,0.004723387260447405,0.007379149147830083,,1041171555324455918,2026-01-10 19:59:37.810584
2026-01-10,24673,COL,CBJ,30003894,Kyle Keyser,assists,rf_qrf_assists,0.3.0,empirical_qrf,0.006007220212454005,0.004723387260447405,0.007379149147830083,,1041171555324455918,2026-01-10 19:59:37.810584
2026-01-10,24673,COL,CBJ,30000904,Nathan MacKinnon,assists,rf_qrf_assists,0.3.0,empirical_qrf,0.03155555555555556,0.0,0.0,,1041171555324455918,2026-01-10 19:59:37.810584
2026-01-10,24673,COL,CBJ,30001000,Brock Nelson,assists,rf_qrf_assists,0.3.0,empirical_qrf,0.007441012691012691,0.0,0.0,,1041171555324455918,2026-01-10 19:59:37.810584
2026-01-10,24673,COL,CBJ,30002512,Artturi Lehkonen,assists,rf_qrf_assists,0.3.0,empirical_qrf,0.0,0.0,0.0,,1041171555324455918,2026-01-10 19:59:37.810584
2026-01-10,24673,COL,CBJ,30002779,Mackenzie Blackwood,assists,rf_qrf_assists,0.3.0,empirical_qrf,0.006007220212454005,0.004723387260447405,0.007379149147830083,,1041171555324455918,2026-01-10 19:59:37.810584
2026-01-10,24673,COL,CBJ,30003087,Devon Toews,assists,rf_qrf_assists,0.3.0,empirical_qrf,0.0006666666666666668,0.0,0.0,,1041171555324455918,2026-01-10 19:59:37.810584
2026-01-10,24673,COL,CBJ,30003183,Samuel Girard,assists,rf_qrf_assists,0.3.0,empirical_qrf,0.05436095055009998,0.0,0.1,,1041171555324455918,2026-01-10 19:59:37.810584
2026-01-10,24673,COL,CBJ,30000200,Scott Wedgewood,assists,rf_qrf_assists,0.3.0,empirical_qrf,0.006007220212454005,0.004723387260447405,0.007379149147830083,,1041171555324455918,2026-01-10 19:59:37.810584
2026-01-10,24673,COL,CBJ,30000318,Jayson Megna,assists,rf_qrf_assists,0.3.0,empirical_qrf,0.0,0.0,0.0,,1041171555324455918,2026-01-10 19:59:37.810584
2026-01-10,24673,COL,CBJ,30000697,T.J. Tynan,assists,rf_qrf_assists,0.3.0,empirical_qrf,0.0,0.0,0.0,,1041171555324455918,2026-01-10 19:59:37.810584
2026-01-10,24673,COL,CBJ,30000757,Valeri Nichushkin,assists,rf_qrf_assists,0.3.0,empirical_qrf,0.0,0.0,0.0,,1041171555324455918,2026-01-10 19:59:37.810584
2026-01-10,24673,COL,CBJ,30000879,Josh Manson,assists,rf_qrf_assists,0.3.0,empirical_qrf,0.0025,0.0,0.0,,1041171555324455918,2026-01-10 19:59:37.810584
2026-01-10,24673,COL,CBJ,30000903,Gabriel Landeskog,assists,rf_qrf_assists,0.3.0,empirical_qrf,0.01838888888888889,0.0,0.0,,1041171555324455918,2026-01-10 19:59:37.810584
2026-01-10,24673,CBJ,COL,30005736,Nolan Lalonde,assists,rf_qrf_assists,0.3.0,empirical_qrf,0.006007220212454005,0.004723387260447405,0.007379149147830083,,1041171555324455918,2026-01-10 19:59:37.810584
2026-01-10,24673,CBJ,COL,30006022,Justin Pearson,assists,rf_qrf_assists,0.3.0,empirical_qrf,0.006007220212454005,0.004723387260447405,0.007379149147830083,,1041171555324455918,2026-01-10 19:59:37.810584
2026-01-10,24673,CBJ,COL,30006026,Hunter McKown,assists,rf_qrf_assists,0.3.0,empirical_qrf,0.03486491008304926,0.0,0.08333333333333333,,1041171555324455918,2026-01-10 19:59:37.810584
2026-01-10,24673,CBJ,COL,30006063,Adam Fantilli,assists,rf_qrf_assists,0.3.0,empirical_qrf,0.2891568662818663,0.0,1.0,,1041171555324455918,2026-01-10 19:59:37.810584
2026-01-10,24673,CBJ,COL,30006337,Riley Bezeau,assists,rf_qrf_assists,0.3.0,empirical_qrf,0.004446310558882736,0.0,0.009955223880597016,,1041171555324455918,2026-01-10 19:59:37.810584
2026-01-10,24673,COL,CBJ,30000127,Brent Burns,assists,rf_qrf_assists,0.3.0,empirical_qrf,0.00475,0.0,0.0,,1041171555324455918,2026-01-10 19:59:37.810584
2026-01-10,24673,CBJ,COL,30005355,Mikael Pyyhtia,assists,rf_qrf_assists,0.3.0,empirical_qrf,0.0,0.0,0.0,,1041171555324455918,2026-01-10 19:59:37.810584
2026-01-10,24673,CBJ,COL,30005568,Owen Sillinger,assists,rf_qrf_assists,0.3.0,empirical_qrf,0.01633175518633685,0.0,0.03773584905660377,,1041171555324455918,2026-01-10 19:59:37.810584
2026-01-10,24673,CBJ,COL,30005637,Denton Mateychuk,assists,rf_qrf_assists,0.3.0,empirical_qrf,0.017818842563077107,0.0,0.0342504892367906,,1041171555324455918,2026-01-10 19:59:37.810584
2026-01-10,24673,CBJ,COL,30005664,Luca Del Bel Belluz,assists,rf_qrf_assists,0.3.0,empirical_qrf,0.0,0.0,0.0,,1041171555324455918,2026-01-10 19:59:37.810584
2026-01-10,24673,CBJ,COL,30005699,Jordan Dumais,assists,rf_qrf_assists,0.3.0,empirical_qrf,0.006007220212454005,0.004723387260447405,0.007379149147830083,,1041171555324455918,2026-01-10 19:59:37.810584
2026-01-10,24673,CBJ,COL,30005733,Roman Ahcan,assists,rf_qrf_assists,0.3.0,empirical_qrf,0.004446310558882736,0.0,0.009955223880597016,,1041171555324455918,2026-01-10 19:59:37.810584
2026-01-10,24673,CBJ,COL,30005002,Corson Ceulemans,assists,rf_qrf_assists,0.3.0,empirical_qrf,0.0,0.0,0.0,,1041171555324455918,2026-01-10 19:59:37.810584
2026-01-10,24673,CBJ,COL,30005049,Jet Greaves,assists,rf_qrf_assists,0.3.0,empirical_qrf,0.006007220212454005,0.004723387260447405,0.007379149147830083,,1041171555324455918,2026-01-10 19:59:37.810584
2026-01-10,24673,CBJ,COL,30005050,Stanislov Svozil,assists,rf_qrf_assists,0.3.0,empirical_qrf,0.0,0.0,0.0,,1041171555324455918,2026-01-10 19:59:37.810584
2026-01-10,24673,CBJ,COL,30005053,Ole Julian Bjorgvik-Holm,assists,rf_qrf_assists,0.3.0,empirical_qrf,0.006007220212454005,0.004723387260447405,0.007379149147830083,,1041171555324455918,2026-01-10 19:59:37.810584
2026-01-10,24673,CBJ,COL,30005088,James Malatesta,assists,rf_qrf_assists,0.3.0,empirical_qrf,0.0,0.0,0.0,,1041171555324455918,2026-01-10 19:59:37.810584
2026-01-10,24673,CBJ,COL,30005290,Max McCue,assists,rf_qrf_assists,0.3.0,empirical_qrf,0.017818842563077107,0.0,0.0342504892367906,,1041171555324455918,2026-01-10 19:59:37.810584
2026-01-10,24673,CBJ,COL,30004135,Kirill Marchenko,assists,rf_qrf_assists,0.3.0,empirical_qrf,0.00475,0.0,0.0,,1041171555324455918,2026-01-10 19:59:37.810584
2026-01-10,24673,CBJ,COL,30004172,Curtis Hall,assists,rf_qrf_assists,0.3.0,empirical_qrf,0.006007220212454005,0.004723387260447405,0.007379149147830083,,1041171555324455918,2026-01-10 19:59:37.810584
2026-01-10,24673,CBJ,COL,30004306,Jake Christiansen,assists,rf_qrf_assists,0.3.0,empirical_qrf,0.0,0.0,0.0,,1041171555324455918,2026-01-10 19:59:37.810584
2026-01-10,24673,CBJ,COL,30004607,Dmitri Voronkov,assists,rf_qrf_assists,0.3.0,empirical_qrf,0.0,0.0,0.0,,1041171555324455918,2026-01-10 19:59:37.810584
2026-01-10,24673,CBJ,COL,30004988,Cole Sillinger,assists,rf_qrf_assists,0.3.0,empirical_qrf,0.0006060606060606061,0.0,0.0,,1041171555324455918,2026-01-10 19:59:37.810584
2026-01-10,24673,CBJ,COL,30004989,Kent Johnson,assists,rf_qrf_assists,0.3.0,empirical_qrf,0.0035061026936026936,0.0,0.0,,1041171555324455918,2026-01-10 19:59:37.810584
2026-01-10,24673,CBJ,COL,30003079,Miles Wood,assists,rf_qrf_assists,0.3.0,empirical_qrf,0.0,0.0,0.0,,1041171555324455918,2026-01-10 19:59:37.810584
2026-01-10,24673,CBJ,COL,30003146,Dante Fabbro,assists,rf_qrf_assists,0.3.0,empirical_qrf,0.010476190476190474,0.0,0.0,,1041171555324455918,2026-01-10 19:59:37.810584
2026-01-10,24673,CBJ,COL,30003267,Mathieu Olivier,assists,rf_qrf_assists,0.3.0,empirical_qrf,0.0004761904761904762,0.0,0.0,,1041171555324455918,2026-01-10 19:59:37.810584
2026-01-10,24673,CBJ,COL,30003269,Zach Sawchenko,assists,rf_qrf_assists,0.3.0,empirical_qrf,0.006007220212454005,0.004723387260447405,0.007379149147830083,,1041171555324455918,2026-01-10 19:59:37.810584
2026-01-10,24673,CBJ,COL,30003549,Zachary Aston-Reese,assists,rf_qrf_assists,0.3.0,empirical_qrf,0.007442587426713686,0.0,0.014573788781541532,,1041171555324455918,2026-01-10 19:59:37.810584
2026-01-10,24673,CBJ,COL,30004097,Isac Lundestrom,assists,rf_qrf_assists,0.3.0,empirical_qrf,0.017818842563077107,0.0,0.0342504892367906,,1041171555324455918,2026-01-10 19:59:37.810584
2026-01-10,24673,CBJ,COL,30000855,Brendan Smith,assists,rf_qrf_assists,0.3.0,empirical_qrf,0.0,0.0,0.0,,1041171555324455918,2026-01-10 19:59:37.810584
2026-01-10,24673,CBJ,COL,30001196,Brendan Gaunce,assists,rf_qrf_assists,0.3.0,empirical_qrf,0.05436095055009998,0.0,0.1,,1041171555324455918,2026-01-10 19:59:37.810584
2026-01-10,24673,CBJ,COL,30002223,Mason Marchment,assists,rf_qrf_assists,0.3.0,empirical_qrf,0.36526617364117364,0.0,0.8571428571428571,,1041171555324455918,2026-01-10 19:59:37.810584
2026-01-10,24673,CBJ,COL,30002554,Hudson Fasching,assists,rf_qrf_assists,0.3.0,empirical_qrf,0.007441012691012691,0.0,0.0,,1041171555324455918,2026-01-10 19:59:37.810584
2026-01-10,24673,CBJ,COL,30002616,Elvis Merzlikins,assists,rf_qrf_assists,0.3.0,empirical_qrf,0.006007220212454005,0.004723387260447405,0.007379149147830083,,1041171555324455918,2026-01-10 19:59:37.810584
2026-01-10,24673,CBJ,COL,30002770,Zach Werenski,assists,rf_qrf_assists,0.3.0,empirical_qrf,0.007277777777777779,0.0,0.0,,1041171555324455918,2026-01-10 19:59:37.810584
2026-01-10,24674,VAN,TOR,30000958,Derek Forbort,assists,rf_qrf_assists,0.3.0,empirical_qrf,0.0,0.0,0.0,,1041171555324455918,2026-01-10 19:59:37.810584
2026-01-10,24674,VAN,TOR,30000976,Evander Kane,assists,rf_qrf_assists,0.3.0,empirical_qrf,0.06503343946304911,0.0,0.14285714285714285,,1041171555324455918,2026-01-10 19:59:37.810584
2026-01-10,24674,VAN,TOR,30001238,Jake DeBrusk,assists,rf_qrf_assists,0.3.0,empirical_qrf,0.0,0.0,0.0,,1041171555324455918,2026-01-10 19:59:37.810584
2026-01-10,24674,VAN,TOR,30001299,Tyler Myers,assists,rf_qrf_assists,0.3.0,empirical_qrf,0.0,0.0,0.0,,1041171555324455918,2026-01-10 19:59:37.810584
2026-01-10,24674,VAN,TOR,30001949,Guillaume Brisebois,assists,rf_qrf_assists,0.3.0,empirical_qrf,0.0029183999771013355,0.0,0.006351228389444951,,1041171555324455918,2026-01-10 19:59:37.810584
2026-01-10,24674,VAN,TOR,30002479,Teddy Blueger,assists,rf_qrf_assists,0.3.0,empirical_qrf,0.0,0.0,0.0,,1041171555324455918,2026-01-10 19:59:37.810584
2026-01-10,24674,TOR,VAN,30005769,Marshall Rifai,assists,rf_qrf_assists,0.3.0,empirical_qrf,0.007442587426713686,0.0,0.014573788781541532,,1041171555324455918,2026-01-10 19:59:37.810584
2026-01-10,24674,TOR,VAN,30003014,Matt Benning,assists,rf_qrf_assists,0.3.0,empirical_qrf,0.0,0.0,0.0,,1041171555324455918,2026-01-10 19:59:37.810584
2026-01-10,24674,TOR,VAN,30006389,Jacob Frasca,assists,rf_qrf_assists,0.3.0,empirical_qrf,0.006007220212454005,0.004723387260447405,0.007379149147830083,,1041171555324455918,2026-01-10 19:59:37.810584
2026-01-10,24674,TOR,VAN,30005725,Dennis Hildeby,assists,rf_qrf_assists,0.3.0,empirical_qrf,0.006007220212454005,0.004723387260447405,0.007379149147830083,,1041171555324455918,2026-01-10 19:59:37.810584
2026-01-10,24674,TOR,VAN,30006072,Easton Cowan,assists,rf_qrf_assists,0.3.0,empirical_qrf,0.36526617364117364,0.0,0.8571428571428571,,1041171555324455918,2026-01-10 19:59:37.810584
2026-01-10,24674,TOR,VAN,30006207,Noah Chadwick,assists,rf_qrf_assists,0.3.0,empirical_qrf,0.006007220212454005,0.004723387260447405,0.007379149147830083,,1041171555324455918,2026-01-10 19:59:37.810584
2026-01-10,24674,TOR,VAN,30006276,Marc Johnstone,assists,rf_qrf_assists,0.3.0,empirical_qrf,0.006007220212454005,0.004723387260447405,0.007379149147830083,,1041171555324455918,2026-01-10 19:59:37.810584
2026-01-10,24674,TOR,VAN,30006378,Jake Johnson,assists,rf_qrf_assists,0.3.0,empirical_qrf,0.006007220212454005,0.004723387260447405,0.007379149147830083,,1041171555324455918,2026-01-10 19:59:37.810584
2026-01-10,24674,TOR,VAN,30006388,Keenan Suthers,assists,rf_qrf_assists,0.3.0,empirical_qrf,0.006007220212454005,0.004723387260447405,0.007379149147830083,,1041171555324455918,2026-01-10 19:59:37.810584
2026-01-10,24674,TOR,VAN,30005143,Ben King,assists,rf_qrf_assists,0.3.0,empirical_qrf,0.006007220212454005,0.004723387260447405,0.007379149147830083,,1041171555324455918,2026-01-10 19:59:37.810584
2026-01-10,24674,TOR,VAN,30005520,Braeden Kressler,assists,rf_qrf_assists,0.3.0,empirical_qrf,0.006007220212454005,0.004723387260447405,0.007379149147830083,,1041171555324455918,2026-01-10 19:59:37.810584
2026-01-10,24674,TOR,VAN,30005527,Artur Akhtyamov,assists,rf_qrf_assists,0.3.0,empirical_qrf,0.006007220212454005,0.004723387260447405,0.007379149147830083,,1041171555324455918,2026-01-10 19:59:37.810584
2026-01-10,24674,TOR,VAN,30005528,Ryan Tverberg,assists,rf_qrf_assists,0.3.0,empirical_qrf,0.0,0.0,0.0,,1041171555324455918,2026-01-10 19:59:37.810584
2026-01-10,24674,TOR,VAN,30005542,Vyacheslav Peksa,assists,rf_qrf_assists,0.3.0,empirical_qrf,0.006007220212454005,0.004723387260447405,0.007379149147830083,,1041171555324455918,2026-01-10 19:59:37.810584
2026-01-10,24674,TOR,VAN,30005589,Bobby McMann,assists,rf_qrf_assists,0.3.0,empirical_qrf,0.0009722222222222221,0.0,0.0,,1041171555324455918,2026-01-10 19:59:37.810584
2026-01-10,24674,TOR,VAN,30004509,Nicholas Robertson,assists,rf_qrf_assists,0.3.0,empirical_qrf,0.0,0.0,0.0,,1041171555324455918,2026-01-10 19:59:37.810584
2026-01-10,24674,TOR,VAN,30004511,Henry Thrun,assists,rf_qrf_assists,0.3.0,empirical_qrf,0.0,0.0,0.0,,1041171555324455918,2026-01-10 19:59:37.810584
2026-01-10,24674,TOR,VAN,30004539,Matias Maccelli,assists,rf_qrf_assists,0.3.0,empirical_qrf,0.0,0.0,0.0,,1041171555324455918,2026-01-10 19:59:37.810584
2026-01-10,24674,TOR,VAN,30004583,Dakota Joshua,assists,rf_qrf_assists,0.3.0,empirical_qrf,0.01633175518633685,0.0,0.03773584905660377,,1041171555324455918,2026-01-10 19:59:37.810584
2026-01-10,24674,TOR,VAN,30005024,Matthew Knies,assists,rf_qrf_assists,0.3.0,empirical_qrf,0.0,0.0,0.0,,1041171555324455918,2026-01-10 19:59:37.810584
2026-01-10,24674,TOR,VAN,30005068,Ryan McCleary,assists,rf_qrf_assists,0.3.0,empirical_qrf,0.006007220212454005,0.004723387260447405,0.007379149147830083,,1041171555324455918,2026-01-10 19:59:37.810584
2026-01-10,24674,TOR,VAN,30003130,Auston Matthews,assists,rf_qrf_assists,0.3.0,empirical_qrf,0.01173611111111111,0.0,0.0,,1041171555324455918,2026-01-10 19:59:37.810584
2026-01-10,24674,TOR,VAN,30003192,Joseph Woll,assists,rf_qrf_assists,0.3.0,empirical_qrf,0.006007220212454005,0.004723387260447405,0.007379149147830083,,1041171555324455918,2026-01-10 19:59:37.810584
2026-01-10,24674,TOR,VAN,30003562,Vinni Lettieri,assists,rf_qrf_assists,0.3.0,empirical_qrf,0.004046957671957671,0.0,0.0,,1041171555324455918,2026-01-10 19:59:37.810584
2026-01-10,24674,TOR,VAN,30004139,Bo Groulx,assists,rf_qrf_assists,0.3.0,empirical_qrf,0.009291997418932404,0.0,0.0,,1041171555324455918,2026-01-10 19:59:37.810584
2026-01-10,24674,TOR,VAN,30004252,Simon Benoit,assists,rf_qrf_assists,0.3.0,empirical_qrf,0.0,0.0,0.0,,1041171555324455918,2026-01-10 19:59:37.810584
2026-01-10,24674,TOR,VAN,30004394,Reese Johnson,assists,rf_qrf_assists,0.3.0,empirical_qrf,0.006007220212454005,0.004723387260447405,0.007379149147830083,,1041171555324455918,2026-01-10 19:59:37.810584
2026-01-10,24674,TOR,VAN,30002867,Philippe Myers,assists,rf_qrf_assists,0.3.0,empirical_qrf,0.0,0.0,0.0,,1041171555324455918,2026-01-10 19:59:37.810584
2026-01-10,24674,TOR,VAN,30002869,Ken Appleby,assists,rf_qrf_assists,0.3.0,empirical_qrf,0.006007220212454005,0.004723387260447405,0.007379149147830083,,1041171555324455918,2026-01-10 19:59:37.810584
2026-01-10,24674,TOR,VAN,30003022,Travis Boyd,assists,rf_qrf_assists,0.3.0,empirical_qrf,0.01473488629736968,0.0,0.032841530054644824,,1041171555324455918,2026-01-10 19:59:37.810584
2026-01-10,24674,TOR,VAN,30003041,Steven Lorentz,assists,rf_qrf_assists,0.3.0,empirical_qrf,0.0015873015873015873,0.0,0.0,,1041171555324455918,2026-01-10 19:59:37.810584
2026-01-10,24674,TOR,VAN,30003042,Nicolas Roy,assists,rf_qrf_assists,0.3.0,empirical_qrf,0.0,0.0,0.0,,1041171555324455918,2026-01-10 19:59:37.810584
2026-01-10,24674,TOR,VAN,30003083,Troy Stecher,assists,rf_qrf_assists,0.3.0,empirical_qrf,0.04047683843633018,0.0,0.0795909090909091,,1041171555324455918,2026-01-10 19:59:37.810584
2026-01-10,24674,TOR,VAN,30000507,Jake McCabe,assists,rf_qrf_assists,0.3.0,empirical_qrf,0.004446310558882736,0.0,0.009955223880597016,,1041171555324455918,2026-01-10 19:59:37.810584
2026-01-10,24674,TOR,VAN,30000940,Max Domi,assists,rf_qrf_assists,0.3.0,empirical_qrf,0.0,0.0,0.0,,1041171555324455918,2026-01-10 19:59:37.810584
2026-01-10,24674,TOR,VAN,30000943,Oliver Ekman-Larsson,assists,rf_qrf_assists,0.3.0,empirical_qrf,0.0,0.0,0.0,,1041171555324455918,2026-01-10 19:59:37.810584
2026-01-10,24674,TOR,VAN,30001088,Brandon Carlo,assists,rf_qrf_assists,0.3.0,empirical_qrf,0.017818842563077107,0.0,0.0342504892367906,,1041171555324455918,2026-01-10 19:59:37.810584
2026-01-10,24674,TOR,VAN,30001217,Dakota Mermis,assists,rf_qrf_assists,0.3.0,empirical_qrf,0.004446310558882736,0.0,0.009955223880597016,,1041171555324455918,2026-01-10 19:59:37.810584
2026-01-10,24674,TOR,VAN,30002664,Brandon Baddock,assists,rf_qrf_assists,0.3.0,empirical_qrf,0.006007220212454005,0.004723387260447405,0.007379149147830083,,1041171555324455918,2026-01-10 19:59:37.810584
2026-01-10,24674,TOR,VAN,30000100,Christopher Tanev,assists,rf_qrf_assists,0.3.0,empirical_qrf,0.007442587426713686,0.0,0.014573788781541532,,1041171555324455918,2026-01-10 19:59:37.810584
2026-01-10,24674,TOR,VAN,30000241,Calle Jarnkrok,assists,rf_qrf_assists,0.3.0,empirical_qrf,0.0,0.0,0.0,,1041171555324455918,2026-01-10 19:59:37.810584
2026-01-10,24674,TOR,VAN,30000259,Anthony Stolarz,assists,rf_qrf_assists,0.3.0,empirical_qrf,0.006007220212454005,0.004723387260447405,0.007379149147830083,,1041171555324455918,2026-01-10 19:59:37.810584
2026-01-10,24674,TOR,VAN,30000264,Scott Laughton,assists,rf_qrf_assists,0.3.0,empirical_qrf,0.0,0.0,0.0,,1041171555324455918,2026-01-10 19:59:37.810584
2026-01-10,24674,TOR,VAN,30000275,John Tavares,assists,rf_qrf_assists,0.3.0,empirical_qrf,0.0,0.0,0.0,,1041171555324455918,2026-01-10 19:59:37.810584
2026-01-10,24674,TOR,VAN,30000486,William Nylander,assists,rf_qrf_assists,0.3.0,empirical_qrf,0.06503343946304911,0.0,0.14285714285714285,,1041171555324455918,2026-01-10 19:59:37.810584
2026-01-10,24674,VAN,TOR,30006037,Nikita Tolopilo,assists,rf_qrf_assists,0.3.0,empirical_qrf,0.006007220212454005,0.004723387260447405,0.007379149147830083,,1041171555324455918,2026-01-10 19:59:37.810584
2026-01-10,24674,VAN,TOR,30006067,Tom Willander,assists,rf_qrf_assists,0.3.0,empirical_qrf,0.0,0.0,0.0,,1041171555324455918,2026-01-10 19:59:37.810584
2026-01-10,24674,VAN,TOR,30006320,Joe Arntsen,assists,rf_qrf_assists,0.3.0,empirical_qrf,0.006007220212454005,0.004723387260447405,0.007379149147830083,,1041171555324455918,2026-01-10 19:59:37.810584
2026-01-10,24674,VAN,TOR,30006441,Elias Nils Pettersson,assists,rf_qrf_assists,0.3.0,empirical_qrf,0.03486491008304926,0.0,0.08333333333333333,,1041171555324455918,2026-01-10 19:59:37.810584
2026-01-10,24674,VAN,TOR,30006486,Zeev Buium,assists,rf_qrf_assists,0.3.0,empirical_qrf,0.1910258015261885,0.0,0.4444444444444444,,1041171555324455918,2026-01-10 19:59:37.810584
2026-01-10,24674,TOR,VAN,30000040,Morgan Rielly,assists,rf_qrf_assists,0.3.0,empirical_qrf,0.0,0.0,0.0,,1041171555324455918,2026-01-10 19:59:37.810584
2026-01-10,24674,VAN,TOR,30005619,Jonathan Lekkerimaki,assists,rf_qrf_assists,0.3.0,empirical_qrf,0.002111111111111111,0.0,0.0,,1041171555324455918,2026-01-10 19:59:37.810584
2026-01-10,24674,VAN,TOR,30005642,Liam Ohgren,assists,rf_qrf_assists,0.3.0,empirical_qrf,0.0,0.0,0.0,,1041171555324455918,2026-01-10 19:59:37.810584
2026-01-10,24674,VAN,TOR,30005747,Jonathan Lemieux,assists,rf_qrf_assists,0.3.0,empirical_qrf,0.006007220212454005,0.004723387260447405,0.007379149147830083,,1041171555324455918,2026-01-10 19:59:37.810584
2026-01-10,24674,VAN,TOR,30005831,Kirill Kudryavtsev,assists,rf_qrf_assists,0.3.0,empirical_qrf,0.0,0.0,0.0,,1041171555324455918,2026-01-10 19:59:37.810584
2026-01-10,24674,VAN,TOR,30005837,Ty Young,assists,rf_qrf_assists,0.3.0,empirical_qrf,0.006007220212454005,0.004723387260447405,0.007379149147830083,,1041171555324455918,2026-01-10 19:59:37.810584
2026-01-10,24674,VAN,TOR,30006031,Max Sasson,assists,rf_qrf_assists,0.3.0,empirical_qrf,0.0,0.0,0.0,,1041171555324455918,2026-01-10 19:59:37.810584
2026-01-10,24674,VAN,TOR,30005028,Aatu Raty,assists,rf_qrf_assists,0.3.0,empirical_qrf,0.004188492063492063,0.0,0.0,,1041171555324455918,2026-01-10 19:59:37.810584
2026-01-10,24674,VAN,TOR,30005100,Cooper Walker,assists,rf_qrf_assists,0.3.0,empirical_qrf,0.006007220212454005,0.004723387260447405,0.007379149147830083,,1041171555324455918,2026-01-10 19:59:37.810584
2026-01-10,24674,VAN,TOR,30005145,Josh Bloom,assists,rf_qrf_assists,0.3.0,empirical_qrf,0.006007220212454005,0.004723387260447405,0.007379149147830083,,1041171555324455918,2026-01-10 19:59:37.810584
2026-01-10,24674,VAN,TOR,30005171,Dino Kambeitz,assists,rf_qrf_assists,0.3.0,empirical_qrf,0.006007220212454005,0.004723387260447405,0.007379149147830083,,1041171555324455918,2026-01-10 19:59:37.810584
2026-01-10,24674,VAN,TOR,30005456,Nils Aman,assists,rf_qrf_assists,0.3.0,empirical_qrf,0.05436095055009998,0.0,0.1,,1041171555324455918,2026-01-10 19:59:37.810584
2026-01-10,24674,VAN,TOR,30005566,Arshdeep Bains,assists,rf_qrf_assists,0.3.0,empirical_qrf,0.0006666666666666668,0.0,0.0,,1041171555324455918,2026-01-10 19:59:37.810584
2026-01-10,24674,VAN,TOR,30004531,Nils Hoglander,assists,rf_qrf_assists,0.3.0,empirical_qrf,0.0,0.0,0.0,,1041171555324455918,2026-01-10 19:59:37.810584
2026-01-10,24674,VAN,TOR,30004581,Nikolai Knyzhov,assists,rf_qrf_assists,0.3.0,empirical_qrf,0.007442587426713686,0.0,0.014573788781541532,,1041171555324455918,2026-01-10 19:59:37.810584
2026-01-10,24674,VAN,TOR,30004741,Drew O'Connor,assists,rf_qrf_assists,0.3.0,empirical_qrf,0.0,0.0,0.0,,1041171555324455918,2026-01-10 19:59:37.810584
2026-01-10,24674,VAN,TOR,30004817,Lukas Reichel,assists,rf_qrf_assists,0.3.0,empirical_qrf,0.0,0.0,0.0,,1041171555324455918,2026-01-10 19:59:37.810584
2026-01-10,24674,VAN,TOR,30004818,Marco Rossi,assists,rf_qrf_assists,0.3.0,empirical_qrf,0.0015873015873015873,0.0,0.0,,1041171555324455918,2026-01-10 19:59:37.810584
2026-01-10,24674,VAN,TOR,30005016,Danila Klimovich,assists,rf_qrf_assists,0.3.0,empirical_qrf,0.05012124284119316,0.0,0.11764705882352941,,1041171555324455918,2026-01-10 19:59:37.810584
2026-01-10,24674,VAN,TOR,30004001,Kiefer Sherwood,assists,rf_qrf_assists,0.3.0,empirical_qrf,0.004046957671957671,0.0,0.0,,1041171555324455918,2026-01-10 19:59:37.810584
2026-01-10,24674,VAN,TOR,30004058,Kevin Lankinen,assists,rf_qrf_assists,0.3.0,empirical_qrf,0.006007220212454005,0.004723387260447405,0.007379149147830083,,1041171555324455918,2026-01-10 19:59:37.810584
2026-01-10,24674,VAN,TOR,30004140,Jett Woo,assists,rf_qrf_assists,0.3.0,empirical_qrf,0.004446310558882736,0.0,0.009955223880597016,,1041171555324455918,2026-01-10 19:59:37.810584
2026-01-10,24674,VAN,TOR,30004153,Linus Karlsson,assists,rf_qrf_assists,0.3.0,empirical_qrf,0.20501863876863874,0.0,0.5,,1041171555324455918,2026-01-10 19:59:37.810584
2026-01-10,24674,VAN,TOR,30004227,Chase Wouters,assists,rf_qrf_assists,0.3.0,empirical_qrf,0.006007220212454005,0.004723387260447405,0.007379149147830083,,1041171555324455918,2026-01-10 19:59:37.810584
2026-01-10,24674,VAN,TOR,30004425,Jimmy Schuldt,assists,rf_qrf_assists,0.3.0,empirical_qrf,0.007442587426713686,0.0,0.014573788781541532,,1041171555324455918,2026-01-10 19:59:37.810584
2026-01-10,24674,VAN,TOR,30003193,Filip Hronek,assists,rf_qrf_assists,0.3.0,empirical_qrf,0.007263227513227512,0.0,0.0,,1041171555324455918,2026-01-10 19:59:37.810584
2026-01-10,24674,VAN,TOR,30003604,David Kampf,assists,rf_qrf_assists,0.3.0,empirical_qrf,0.0,0.0,0.0,,1041171555324455918,2026-01-10 19:59:37.810584
2026-01-10,24674,VAN,TOR,30003647,Elias Pettersson,assists,rf_qrf_assists,0.3.0,empirical_qrf,0.0,0.0,0.0,,1041171555324455918,2026-01-10 19:59:37.810584
2026-01-10,24674,VAN,TOR,30003655,Filip Chytil,assists,rf_qrf_assists,0.3.0,empirical_qrf,0.0006060606060606061,0.0,0.0,,1041171555324455918,2026-01-10 19:59:37.810584
2026-01-10,24674,VAN,TOR,30003666,Pierre-Olivier Joseph,assists,rf_qrf_assists,0.3.0,empirical_qrf,0.0,0.0,0.0,,1041171555324455918,2026-01-10 19:59:37.810584
2026-01-10,24674,VAN,TOR,30003776,Jiri Patera,assists,rf_qrf_assists,0.3.0,empirical_qrf,0.006007220212454005,0.004723387260447405,0.007379149147830083,,1041171555324455918,2026-01-10 19:59:37.810584
2026-01-10,24674,VAN,TOR,30002581,Thatcher Demko,assists,rf_qrf_assists,0.3.0,empirical_qrf,0.006007220212454005,0.004723387260447405,0.007379149147830083,,1041171555324455918,2026-01-10 19:59:37.810584
2026-01-10,24674,VAN,TOR,30002587,Marcus Pettersson,assists,rf_qrf_assists,0.3.0,empirical_qrf,0.0,0.0,0.0,,1041171555324455918,2026-01-10 19:59:37.810584
2026-01-10,24674,VAN,TOR,30002777,Brock Boeser,assists,rf_qrf_assists,0.3.0,empirical_qrf,0.009121693121693121,0.0,0.0,,1041171555324455918,2026-01-10 19:59:37.810584
2026-01-10,24674,VAN,TOR,30002793,Joseph Labate,assists,rf_qrf_assists,0.3.0,empirical_qrf,0.04047683843633018,0.0,0.0795909090909091,,1041171555324455918,2026-01-10 19:59:37.810584
2026-01-10,24674,VAN,TOR,30002876,Conor Garland,assists,rf_qrf_assists,0.3.0,empirical_qrf,0.025902116402116402,0.0,0.0,,1041171555324455918,2026-01-10 19:59:37.810584
2026-01-10,24674,VAN,TOR,30003063,Mackenzie MacEachern,assists,rf_qrf_assists,0.3.0,empirical_qrf,0.0,0.0,0.0,,1041171555324455918,2026-01-10 19:59:37.810584
2026-01-10,24675,TB,PHI,30000428,Oliver Bjorkstrand,assists,rf_qrf_assists,0.3.0,empirical_qrf,0.0004166666666666667,0.0,0.0,,1041171555324455918,2026-01-10 19:59:37.810584
2026-01-10,24675,TB,PHI,30000477,Nick Paul,assists,rf_qrf_assists,0.3.0,empirical_qrf,0.021111340048840046,0.0,0.09181818181818202,,1041171555324455918,2026-01-10 19:59:37.810584
2026-01-10,24675,TB,PHI,30000502,Zemgus Girgensons,assists,rf_qrf_assists,0.3.0,empirical_qrf,0.0,0.0,0.0,,1041171555324455918,2026-01-10 19:59:37.810584
2026-01-10,24675,TB,PHI,30000737,Victor Hedman,assists,rf_qrf_assists,0.3.0,empirical_qrf,0.0,0.0,0.0,,1041171555324455918,2026-01-10 19:59:37.810584
2026-01-10,24675,TB,PHI,30000742,Brayden Point,assists,rf_qrf_assists,0.3.0,empirical_qrf,0.0,0.0,0.0,,1041171555324455918,2026-01-10 19:59:37.810584
2026-01-10,24675,TB,PHI,30001047,Nikita Kucherov,assists,rf_qrf_assists,0.3.0,empirical_qrf,0.012833333333333332,0.0,0.0,,1041171555324455918,2026-01-10 19:59:37.810584
2026-01-10,24675,PHI,TB,30004144,Adam Ginning,assists,rf_qrf_assists,0.3.0,empirical_qrf,0.04593915718620134,0.0,0.10526315789473684,,1041171555324455918,2026-01-10 19:59:37.810584
2026-01-10,24675,PHI,TB,30006061,Matvei Michkov,assists,rf_qrf_assists,0.3.0,empirical_qrf,0.03155555555555556,0.0,0.0,,1041171555324455918,2026-01-10 19:59:37.810584
2026-01-10,24675,PHI,TB,30006075,Oliver Bonk,assists,rf_qrf_assists,0.3.0,empirical_qrf,0.0,0.0,0.0,,1041171555324455918,2026-01-10 19:59:37.810584
2026-01-10,24675,PHI,TB,30006100,Carson Bjarnason,assists,rf_qrf_assists,0.3.0,empirical_qrf,0.006007220212454005,0.004723387260447405,0.007379149147830083,,1041171555324455918,2026-01-10 19:59:37.810584
2026-01-10,24675,PHI,TB,30006135,Denver Barkey,assists,rf_qrf_assists,0.3.0,empirical_qrf,0.004446310558882736,0.0,0.009955223880597016,,1041171555324455918,2026-01-10 19:59:37.810584
2026-01-10,24675,TB,PHI,30005698,Michael Milne,assists,rf_qrf_assists,0.3.0,empirical_qrf,0.006007220212454005,0.004723387260447405,0.007379149147830083,,1041171555324455918,2026-01-10 19:59:37.810584
2026-01-10,24675,PHI,TB,30004488,Philip Tomasino,assists,rf_qrf_assists,0.3.0,empirical_qrf,0.0009722222222222221,0.0,0.0,,1041171555324455918,2026-01-10 19:59:37.810584
2026-01-10,24675,PHI,TB,30005345,Roman Schmidt,assists,rf_qrf_assists,0.3.0,empirical_qrf,0.02246741520003329,0.0,0.046189624329159226,,1041171555324455918,2026-01-10 19:59:37.810584
2026-01-10,24675,PHI,TB,30005397,Noah Cates,assists,rf_qrf_assists,0.3.0,empirical_qrf,0.004188492063492063,0.0,0.0,,1041171555324455918,2026-01-10 19:59:37.810584
2026-01-10,24675,PHI,TB,30005401,Aleksei Kolosov,assists,rf_qrf_assists,0.3.0,empirical_qrf,0.006007220212454005,0.004723387260447405,0.007379149147830083,,1041171555324455918,2026-01-10 19:59:37.810584
2026-01-10,24675,PHI,TB,30005756,Tucker Robertson,assists,rf_qrf_assists,0.3.0,empirical_qrf,0.006007220212454005,0.004723387260447405,0.007379149147830083,,1041171555324455918,2026-01-10 19:59:37.810584
2026-01-10,24675,PHI,TB,30005958,Nikita Grebenkin,assists,rf_qrf_assists,0.3.0,empirical_qrf,0.0035061026936026936,0.0,0.0,,1041171555324455918,2026-01-10 19:59:37.810584
2026-01-10,24675,PHI,TB,30006045,Yaniv Perets,assists,rf_qrf_assists,0.3.0,empirical_qrf,0.006007220212454005,0.004723387260447405,0.007379149147830083,,1041171555324455918,2026-01-10 19:59:37.810584
2026-01-10,24675,PHI,TB,30004800,Jamie Drysdale,assists,rf_qrf_assists,0.3.0,empirical_qrf,0.009291997418932404,0.0,0.0,,1041171555324455918,2026-01-10 19:59:37.810584
2026-01-10,24675,PHI,TB,30004801,Tyson Foerster,assists,rf_qrf_assists,0.3.0,empirical_qrf,0.0,0.0,0.0,,1041171555324455918,2026-01-10 19:59:37.810584
2026-01-10,24675,PHI,TB,30004824,Emil Andrae,assists,rf_qrf_assists,0.3.0,empirical_qrf,0.0,0.0,0.0,,1041171555324455918,2026-01-10 19:59:37.810584
2026-01-10,24675,PHI,TB,30004839,Helge Grans,assists,rf_qrf_assists,0.3.0,empirical_qrf,0.0029183999771013355,0.0,0.006351228389444951,,1041171555324455918,2026-01-10 19:59:37.810584
2026-01-10,24675,PHI,TB,30005234,Vincent Sevigny,assists,rf_qrf_assists,0.3.0,empirical_qrf,0.006007220212454005,0.004723387260447405,0.007379149147830083,,1041171555324455918,2026-01-10 19:59:37.810584
2026-01-10,24675,PHI,TB,30005293,Artem Guryev,assists,rf_qrf_assists,0.3.0,empirical_qrf,0.006007220212454005,0.004723387260447405,0.007379149147830083,,1041171555324455918,2026-01-10 19:59:37.810584
2026-01-10,24675,PHI,TB,30004002,Cooper Marody,assists,rf_qrf_assists,0.3.0,empirical_qrf,0.006007220212454005,0.004723387260447405,0.007379149147830083,,1041171555324455918,2026-01-10 19:59:37.810584
2026-01-10,24675,PHI,TB,30004154,Xavier Bernard,assists,rf_qrf_assists,0.3.0,empirical_qrf,0.0,0.0,0.0,,1041171555324455918,2026-01-10 19:59:37.810584
2026-01-10,24675,PHI,TB,30004406,Samuel Ersson,assists,rf_qrf_assists,0.3.0,empirical_qrf,0.006007220212454005,0.004723387260447405,0.007379149147830083,,1041171555324455918,2026-01-10 19:59:37.810584
2026-01-10,24675,PHI,TB,30004481,Trevor Zegras,assists,rf_qrf_assists,0.3.0,empirical_qrf,0.1432248912579795,0.0,0.3333333333333333,,1041171555324455918,2026-01-10 19:59:37.810584
2026-01-10,24675,PHI,TB,30004484,Cam York,assists,rf_qrf_assists,0.3.0,empirical_qrf,0.0,0.0,0.0,,1041171555324455918,2026-01-10 19:59:37.810584
2026-01-10,24675,PHI,TB,30004508,Bobby Brink,assists,rf_qrf_assists,0.3.0,empirical_qrf,0.0027250249750249748,0.0,0.0,,1041171555324455918,2026-01-10 19:59:37.810584
2026-01-10,24675,PHI,TB,30003016,Nick Seeler,assists,rf_qrf_assists,0.3.0,empirical_qrf,0.0,0.0,0.0,,1041171555324455918,2026-01-10 19:59:37.810584
2026-01-10,24675,PHI,TB,30003171,Carl Grundstrom,assists,rf_qrf_assists,0.3.0,empirical_qrf,0.0029183999771013355,0.0,0.006351228389444951,,1041171555324455918,2026-01-10 19:59:37.810584
2026-01-10,24675,PHI,TB,30003283,Lane Pederson,assists,rf_qrf_assists,0.3.0,empirical_qrf,0.0029183999771013355,0.0,0.006351228389444951,,1041171555324455918,2026-01-10 19:59:37.810584
2026-01-10,24675,PHI,TB,30003500,Rodrigo Abols,assists,rf_qrf_assists,0.3.0,empirical_qrf,0.0,0.0,0.0,,1041171555324455918,2026-01-10 19:59:37.810584
2026-01-10,24675,PHI,TB,30003653,Owen Tippett,assists,rf_qrf_assists,0.3.0,empirical_qrf,0.0016884531590413943,0.0,0.0,,1041171555324455918,2026-01-10 19:59:37.810584
2026-01-10,24675,PHI,TB,30003733,Keith Petruzzelli,assists,rf_qrf_assists,0.3.0,empirical_qrf,0.006007220212454005,0.004723387260447405,0.007379149147830083,,1041171555324455918,2026-01-10 19:59:37.810584
2026-01-10,24675,PHI,TB,30000942,Christian Dvorak,assists,rf_qrf_assists,0.3.0,empirical_qrf,0.0,0.0,0.0,,1041171555324455918,2026-01-10 19:59:37.810584
2026-01-10,24675,PHI,TB,30001201,Garnet Hathaway,assists,rf_qrf_assists,0.3.0,empirical_qrf,0.007442587426713686,0.0,0.014573788781541532,,1041171555324455918,2026-01-10 19:59:37.810584
2026-01-10,24675,PHI,TB,30001294,Rasmus Ristolainen,assists,rf_qrf_assists,0.3.0,empirical_qrf,0.006007220212454005,0.004723387260447405,0.007379149147830083,,1041171555324455918,2026-01-10 19:59:37.810584
2026-01-10,24675,PHI,TB,30001312,Noah Juulsen,assists,rf_qrf_assists,0.3.0,empirical_qrf,0.017818842563077107,0.0,0.0342504892367906,,1041171555324455918,2026-01-10 19:59:37.810584
2026-01-10,24675,PHI,TB,30002786,Dan Vladar,assists,rf_qrf_assists,0.3.0,empirical_qrf,0.006007220212454005,0.004723387260447405,0.007379149147830083,,1041171555324455918,2026-01-10 19:59:37.810584
2026-01-10,24675,PHI,TB,30002979,Anthony Richard,assists,rf_qrf_assists,0.3.0,empirical_qrf,0.0,0.0,0.0,,1041171555324455918,2026-01-10 19:59:37.810584
2026-01-10,24675,TB,PHI,30006329,Brendan Furry,assists,rf_qrf_assists,0.3.0,empirical_qrf,0.0,0.0,0.0,,1041171555324455918,2026-01-10 19:59:37.810584
2026-01-10,24675,PHI,TB,30000050,Sean Couturier,assists,rf_qrf_assists,0.3.0,empirical_qrf,0.00375,0.0,0.0,,1041171555324455918,2026-01-10 19:59:37.810584
2026-01-10,24675,PHI,TB,30000234,Garrett Wilson,assists,rf_qrf_assists,0.3.0,empirical_qrf,0.007442587426713686,0.0,0.014573788781541532,,1041171555324455918,2026-01-10 19:59:37.810584
2026-01-10,24675,PHI,TB,30000349,Travis Konecny,assists,rf_qrf_assists,0.3.0,empirical_qrf,0.0,0.0,0.0,,1041171555324455918,2026-01-10 19:59:37.810584
2026-01-10,24675,PHI,TB,30000501,Nicolas Deslauriers,assists,rf_qrf_assists,0.3.0,empirical_qrf,0.0029183999771013355,0.0,0.006351228389444951,,1041171555324455918,2026-01-10 19:59:37.810584
2026-01-10,24675,PHI,TB,30000624,Travis Sanheim,assists,rf_qrf_assists,0.3.0,empirical_qrf,0.0,0.0,0.0,,1041171555324455918,2026-01-10 19:59:37.810584
2026-01-10,24675,TB,PHI,30005768,Tommy Miller,assists,rf_qrf_assists,0.3.0,empirical_qrf,0.0025,0.0,0.0,,1041171555324455918,2026-01-10 19:59:37.810584
2026-01-10,24675,TB,PHI,30005920,Dominic James,assists,rf_qrf_assists,0.3.0,empirical_qrf,0.0,0.0,0.0,,1041171555324455918,2026-01-10 19:59:37.810584
2026-01-10,24675,TB,PHI,30006012,Daniel Walker,assists,rf_qrf_assists,0.3.0,empirical_qrf,0.006007220212454005,0.004723387260447405,0.007379149147830083,,1041171555324455918,2026-01-10 19:59:37.810584
2026-01-10,24675,TB,PHI,30006096,Ethan Gauthier,assists,rf_qrf_assists,0.3.0,empirical_qrf,0.0,0.0,0.0,,1041171555324455918,2026-01-10 19:59:37.810584
2026-01-10,24675,TB,PHI,30006311,Tristan Allard,assists,rf_qrf_assists,0.3.0,empirical_qrf,0.0,0.0,0.0,,1041171555324455918,2026-01-10 19:59:37.810584
2026-01-10,24675,TB,PHI,30006313,Gabriel Szturc,assists,rf_qrf_assists,0.3.0,empirical_qrf,0.0,0.0,0.0,,1041171555324455918,2026-01-10 19:59:37.810584
2026-01-10,24675,TB,PHI,30005044,J.J. Moser,assists,rf_qrf_assists,0.3.0,empirical_qrf,0.0,0.0,0.0,,1041171555324455918,2026-01-10 19:59:37.810584
2026-01-10,24675,TB,PHI,30005054,Matteo Pietroniro,assists,rf_qrf_assists,0.3.0,empirical_qrf,0.006007220212454005,0.004723387260447405,0.007379149147830083,,1041171555324455918,2026-01-10 19:59:37.810584
2026-01-10,24675,TB,PHI,30005366,Emil Lilleberg,assists,rf_qrf_assists,0.3.0,empirical_qrf,0.0035061026936026936,0.0,0.0,,1041171555324455918,2026-01-10 19:59:37.810584
2026-01-10,24675,TB,PHI,30005421,Maxwell Crozier,assists,rf_qrf_assists,0.3.0,empirical_qrf,0.0,0.0,0.0,,1041171555324455918,2026-01-10 19:59:37.810584
2026-01-10,24675,TB,PHI,30005562,Declan Carlile,assists,rf_qrf_assists,0.3.0,empirical_qrf,0.0,0.0,0.0,,1041171555324455918,2026-01-10 19:59:37.810584
2026-01-10,24675,TB,PHI,30005740,Dyllan Gill,assists,rf_qrf_assists,0.3.0,empirical_qrf,0.006007220212454005,0.004723387260447405,0.007379149147830083,,1041171555324455918,2026-01-10 19:59:37.810584
2026-01-10,24675,TB,PHI,30004631,Charle-Edouard D'Astous,assists,rf_qrf_assists,0.3.0,empirical_qrf,0.02246741520003329,0.0,0.046189624329159226,,1041171555324455918,2026-01-10 19:59:37.810584
2026-01-10,24675,TB,PHI,30004754,Mitchell Chaffee,assists,rf_qrf_assists,0.3.0,empirical_qrf,0.0011111111111111111,0.0,0.0,,1041171555324455918,2026-01-10 19:59:37.810584
2026-01-10,24675,TB,PHI,30004836,Jack Finley,assists,rf_qrf_assists,0.3.0,empirical_qrf,0.017818842563077107,0.0,0.0342504892367906,,1041171555324455918,2026-01-10 19:59:37.810584
2026-01-10,24675,TB,PHI,30004838,Gage Goncalves,assists,rf_qrf_assists,0.3.0,empirical_qrf,0.0,0.0,0.0,,1041171555324455918,2026-01-10 19:59:37.810584
2026-01-10,24675,TB,PHI,30004840,Maxim Groshev,assists,rf_qrf_assists,0.3.0,empirical_qrf,0.0,0.0,0.0,,1041171555324455918,2026-01-10 19:59:37.810584
2026-01-10,24675,TB,PHI,30004974,Pontus Holmberg,assists,rf_qrf_assists,0.3.0,empirical_qrf,0.0029183999771013355,0.0,0.006351228389444951,,1041171555324455918,2026-01-10 19:59:37.810584
2026-01-10,24675,TB,PHI,30003478,Darren Raddysh,assists,rf_qrf_assists,0.3.0,empirical_qrf,0.040517195767195764,0.0,0.2,,1041171555324455918,2026-01-10 19:59:37.810584
2026-01-10,24675,TB,PHI,30004182,Curtis Douglas,assists,rf_qrf_assists,0.3.0,empirical_qrf,0.007442587426713686,0.0,0.014573788781541532,,1041171555324455918,2026-01-10 19:59:37.810584
2026-01-10,24675,TB,PHI,30004280,Joel Teasdale,assists,rf_qrf_assists,0.3.0,empirical_qrf,0.007442587426713686,0.0,0.014573788781541532,,1041171555324455918,2026-01-10 19:59:37.810584
2026-01-10,24675,TB,PHI,30004487,Jakob Pelletier,assists,rf_qrf_assists,0.3.0,empirical_qrf,0.0017715924426450742,0.0,0.0,,1041171555324455918,2026-01-10 19:59:37.810584
2026-01-10,24675,TB,PHI,30004540,Reece Newkirk,assists,rf_qrf_assists,0.3.0,empirical_qrf,0.0,0.0,0.0,,1041171555324455918,2026-01-10 19:59:37.810584
2026-01-10,24675,TB,PHI,30004567,Simon Lundmark,assists,rf_qrf_assists,0.3.0,empirical_qrf,0.0,0.0,0.0,,1041171555324455918,2026-01-10 19:59:37.810584
2026-01-10,24675,TB,PHI,30002604,Brandon Halverson,assists,rf_qrf_assists,0.3.0,empirical_qrf,0.006007220212454005,0.004723387260447405,0.007379149147830083,,1041171555324455918,2026-01-10 19:59:37.810584
2026-01-10,24675,TB,PHI,30002606,Jonas Johansson,assists,rf_qrf_assists,0.3.0,empirical_qrf,0.006007220212454005,0.004723387260447405,0.007379149147830083,,1041171555324455918,2026-01-10 19:59:37.810584
2026-01-10,24675,TB,PHI,30002821,Erik Cernak,assists,rf_qrf_assists,0.3.0,empirical_qrf,0.0,0.0,0.0,,1041171555324455918,2026-01-10 19:59:37.810584
2026-01-10,24675,TB,PHI,30002845,Anthony Cirelli,assists,rf_qrf_assists,0.3.0,empirical_qrf,0.24831240586039346,0.0,0.5714285714285714,,1041171555324455918,2026-01-10 19:59:37.810584
2026-01-10,24675,TB,PHI,30002974,Kale Kessy,assists,rf_qrf_assists,0.3.0,empirical_qrf,0.007442587426713686,0.0,0.014573788781541532,,1041171555324455918,2026-01-10 19:59:37.810584
2026-01-10,24675,TB,PHI,30003250,Brandon Hagel,assists,rf_qrf_assists,0.3.0,empirical_qrf,0.0,0.0,0.0,,1041171555324455918,2026-01-10 19:59:37.810584
2026-01-10,24675,TB,PHI,30001084,Ryan McDonagh,assists,rf_qrf_assists,0.3.0,empirical_qrf,0.0,0.0,0.0,,1041171555324455918,2026-01-10 19:59:37.810584
2026-01-10,24675,TB,PHI,30001178,Yanni Gourde,assists,rf_qrf_assists,0.3.0,empirical_qrf,0.0,0.0,0.0,,1041171555324455918,2026-01-10 19:59:37.810584
2026-01-10,24675,TB,PHI,30001377,Andrei Vasilevskiy,assists,rf_qrf_assists,0.3.0,empirical_qrf,0.006007220212454005,0.004723387260447405,0.007379149147830083,,1041171555324455918,2026-01-10 19:59:37.810584
2026-01-10,24675,TB,PHI,30002516,Steven Santini,assists,rf_qrf_assists,0.3.0,empirical_qrf,0.0,0.0,0.0,,1041171555324455918,2026-01-10 19:59:37.810584
2026-01-10,24675,TB,PHI,30002532,Jake Guentzel,assists,rf_qrf_assists,0.3.0,empirical_qrf,0.0016666666666666668,0.0,0.0,,1041171555324455918,2026-01-10 19:59:37.810584
2026-01-10,24675,TB,PHI,30002549,Scott Sabourin,assists,rf_qrf_assists,0.3.0,empirical_qrf,0.0,0.0,0.0,,1041171555324455918,2026-01-10 19:59:37.810584
2026-01-10,24676,FLA,OTT,30000074,Brad Marchand,assists,rf_qrf_assists,0.3.0,empirical_qrf,0.0,0.0,0.0,,1041171555324455918,2026-01-10 19:59:37.810584
2026-01-10,24676,FLA,OTT,30000201,Keith Kinkaid,assists,rf_qrf_assists,0.3.0,empirical_qrf,0.006007220212454005,0.004723387260447405,0.007379149147830083,,1041171555324455918,2026-01-10 19:59:37.810584
2026-01-10,24676,FLA,OTT,30000228,Aleksander Barkov,assists,rf_qrf_assists,0.3.0,empirical_qrf,0.0,0.0,0.0,,1041171555324455918,2026-01-10 19:59:37.810584
2026-01-10,24676,FLA,OTT,30000232,Dmitry Kulikov,assists,rf_qrf_assists,0.3.0,empirical_qrf,0.004446310558882736,0.0,0.009955223880597016,,1041171555324455918,2026-01-10 19:59:37.810584
2026-01-10,24676,FLA,OTT,30000239,Aaron Ekblad,assists,rf_qrf_assists,0.3.0,empirical_qrf,0.0,0.0,0.0,,1041171555324455918,2026-01-10 19:59:37.810584
2026-01-10,24676,FLA,OTT,30000253,Seth Jones,assists,rf_qrf_assists,0.3.0,empirical_qrf,0.0,0.0,0.0,,1041171555324455918,2026-01-10 19:59:37.810584
2026-01-10,24676,OTT,FLA,30006054,Nikolas Matinpalo,assists,rf_qrf_assists,0.3.0,empirical_qrf,0.0,0.0,0.0,,1041171555324455918,2026-01-10 19:59:37.810584
2026-01-10,24676,OTT,FLA,30006240,Matthew Andonovski,assists,rf_qrf_assists,0.3.0,empirical_qrf,0.006007220212454005,0.004723387260447405,0.007379149147830083,,1041171555324455918,2026-01-10 19:59:37.810584
2026-01-10,24676,OTT,FLA,30006395,Djibril Toure,assists,rf_qrf_assists,0.3.0,empirical_qrf,0.006007220212454005,0.004723387260447405,0.007379149147830083,,1041171555324455918,2026-01-10 19:59:37.810584
2026-01-10,24676,OTT,FLA,30000430,James Reimer,assists,rf_qrf_assists,0.3.0,empirical_qrf,0.006007220212454005,0.004723387260447405,0.007379149147830083,,1041171555324455918,2026-01-10 19:59:37.810584
2026-01-10,24676,OTT,FLA,30005045,Hunter Shepard,assists,rf_qrf_assists,0.3.0,empirical_qrf,0.006007220212454005,0.004723387260447405,0.007379149147830083,,1041171555324455918,2026-01-10 19:59:37.810584
2026-01-10,24676,OTT,FLA,30005009,Xavier Bourgault,assists,rf_qrf_assists,0.3.0,empirical_qrf,0.05012124284119316,0.0,0.11764705882352941,,1041171555324455918,2026-01-10 19:59:37.810584
2026-01-10,24676,OTT,FLA,30005175,Jake Chiasson,assists,rf_qrf_assists,0.3.0,empirical_qrf,0.006007220212454005,0.004723387260447405,0.007379149147830083,,1041171555324455918,2026-01-10 19:59:37.810584
2026-01-10,24676,OTT,FLA,30005201,Sam Sedley,assists,rf_qrf_assists,0.3.0,empirical_qrf,0.006007220212454005,0.004723387260447405,0.007379149147830083,,1041171555324455918,2026-01-10 19:59:37.810584
2026-01-10,24676,OTT,FLA,30005583,Wyatt Bongiovanni,assists,rf_qrf_assists,0.3.0,empirical_qrf,0.006007220212454005,0.004723387260447405,0.007379149147830083,,1041171555324455918,2026-01-10 19:59:37.810584
2026-01-10,24676,OTT,FLA,30005717,Oskar Pettersson,assists,rf_qrf_assists,0.3.0,empirical_qrf,0.08894187245647789,0.0,0.20068965517241397,,1041171555324455918,2026-01-10 19:59:37.810584
2026-01-10,24676,OTT,FLA,30005987,Mark Duarte,assists,rf_qrf_assists,0.3.0,empirical_qrf,0.006007220212454005,0.004723387260447405,0.007379149147830083,,1041171555324455918,2026-01-10 19:59:37.810584
2026-01-10,24676,OTT,FLA,30004819,Jake Sanderson,assists,rf_qrf_assists,0.3.0,empirical_qrf,0.0,0.0,0.0,,1041171555324455918,2026-01-10 19:59:37.810584
2026-01-10,24676,OTT,FLA,30004821,Tim Stützle,assists,rf_qrf_assists,0.3.0,empirical_qrf,0.11261507936507935,0.0,0.5,,1041171555324455918,2026-01-10 19:59:37.810584
2026-01-10,24676,OTT,FLA,30004852,Tyler Kleven,assists,rf_qrf_assists,0.3.0,empirical_qrf,0.0,0.0,0.0,,1041171555324455918,2026-01-10 19:59:37.810584
2026-01-10,24676,OTT,FLA,30004860,Leevi Merilainen,assists,rf_qrf_assists,0.3.0,empirical_qrf,0.006007220212454005,0.004723387260447405,0.007379149147830083,,1041171555324455918,2026-01-10 19:59:37.810584
2026-01-10,24676,OTT,FLA,30004908,Carter Savoie,assists,rf_qrf_assists,0.3.0,empirical_qrf,0.0,0.0,0.0,,1041171555324455918,2026-01-10 19:59:37.810584
2026-01-10,24676,OTT,FLA,30004958,Olle Lycksell,assists,rf_qrf_assists,0.3.0,empirical_qrf,0.0,0.0,0.0,,1041171555324455918,2026-01-10 19:59:37.810584
2026-01-10,24676,OTT,FLA,30004514,Shane Pinto,assists,rf_qrf_assists,0.3.0,empirical_qrf,0.0004761904761904762,0.0,0.0,,1041171555324455918,2026-01-10 19:59:37.810584
2026-01-10,24676,OTT,FLA,30004521,Mads Sogaard,assists,rf_qrf_assists,0.3.0,empirical_qrf,0.006007220212454005,0.004723387260447405,0.007379149147830083,,1041171555324455918,2026-01-10 19:59:37.810584
2026-01-10,24676,OTT,FLA,30004553,Jordan Spence,assists,rf_qrf_assists,0.3.0,empirical_qrf,0.0,0.0,0.0,,1041171555324455918,2026-01-10 19:59:37.810584
2026-01-10,24676,OTT,FLA,30004596,Keean Washkurak,assists,rf_qrf_assists,0.3.0,empirical_qrf,0.0,0.0,0.0,,1041171555324455918,2026-01-10 19:59:37.810584
2026-01-10,24676,OTT,FLA,30004773,Artem Zub,assists,rf_qrf_assists,0.3.0,empirical_qrf,0.0,0.0,0.0,,1041171555324455918,2026-01-10 19:59:37.810584
2026-01-10,24676,OTT,FLA,30004802,Ridly Greig,assists,rf_qrf_assists,0.3.0,empirical_qrf,0.0,0.0,0.0,,1041171555324455918,2026-01-10 19:59:37.810584
2026-01-10,24676,OTT,FLA,30003896,Drake Batherson,assists,rf_qrf_assists,0.3.0,empirical_qrf,0.1910258015261885,0.0,0.4444444444444444,,1041171555324455918,2026-01-10 19:59:37.810584
2026-01-10,24676,OTT,FLA,30004077,Brady Tkachuk,assists,rf_qrf_assists,0.3.0,empirical_qrf,0.00963888888888889,0.0,0.0,,1041171555324455918,2026-01-10 19:59:37.810584
2026-01-10,24676,OTT,FLA,30004143,Jan Jenik,assists,rf_qrf_assists,0.3.0,empirical_qrf,0.0029183999771013355,0.0,0.006351228389444951,,1041171555324455918,2026-01-10 19:59:37.810584
2026-01-10,24676,OTT,FLA,30004479,Dylan Cozens,assists,rf_qrf_assists,0.3.0,empirical_qrf,0.0,0.0,0.0,,1041171555324455918,2026-01-10 19:59:37.810584
2026-01-10,24676,OTT,FLA,30004485,Lassi Thomson,assists,rf_qrf_assists,0.3.0,empirical_qrf,0.0,0.0,0.0,,1041171555324455918,2026-01-10 19:59:37.810584
2026-01-10,24676,OTT,FLA,30004501,Arthur Kaliyev,assists,rf_qrf_assists,0.3.0,empirical_qrf,0.0,0.0,0.0,,1041171555324455918,2026-01-10 19:59:37.810584
2026-01-10,24676,OTT,FLA,30002630,Michael Amadio,assists,rf_qrf_assists,0.3.0,empirical_qrf,0.04593915718620134,0.0,0.10526315789473684,,1041171555324455918,2026-01-10 19:59:37.810584
2026-01-10,24676,OTT,FLA,30002747,Hayden Hodgson,assists,rf_qrf_assists,0.3.0,empirical_qrf,0.017818842563077107,0.0,0.0342504892367906,,1041171555324455918,2026-01-10 19:59:37.810584
2026-01-10,24676,OTT,FLA,30002850,Dennis Gilbert,assists,rf_qrf_assists,0.3.0,empirical_qrf,0.0060949445333625864,0.0,0.01282051282051282,,1041171555324455918,2026-01-10 19:59:37.810584
2026-01-10,24676,OTT,FLA,30003215,Garrett Pilon,assists,rf_qrf_assists,0.3.0,empirical_qrf,0.006007220212454005,0.004723387260447405,0.007379149147830083,,1041171555324455918,2026-01-10 19:59:37.810584
2026-01-10,24676,OTT,FLA,30003711,Fabian Zetterlund,assists,rf_qrf_assists,0.3.0,empirical_qrf,0.0,0.0,0.0,,1041171555324455918,2026-01-10 19:59:37.810584
2026-01-10,24676,OTT,FLA,30003732,Cameron Crotty,assists,rf_qrf_assists,0.3.0,empirical_qrf,0.006007220212454005,0.004723387260447405,0.007379149147830083,,1041171555324455918,2026-01-10 19:59:37.810584
2026-01-10,24676,OTT,FLA,30000442,Scott Harrington,assists,rf_qrf_assists,0.3.0,empirical_qrf,0.006007220212454005,0.004723387260447405,0.007379149147830083,,1041171555324455918,2026-01-10 19:59:37.810584
2026-01-10,24676,OTT,FLA,30000446,Thomas Chabot,assists,rf_qrf_assists,0.3.0,empirical_qrf,0.1252857142857143,0.0,0.5,,1041171555324455918,2026-01-10 19:59:37.810584
2026-01-10,24676,OTT,FLA,30000580,Malcolm Subban,assists,rf_qrf_assists,0.3.0,empirical_qrf,0.006007220212454005,0.004723387260447405,0.007379149147830083,,1041171555324455918,2026-01-10 19:59:37.810584
2026-01-10,24676,OTT,FLA,30000845,Nick Jensen,assists,rf_qrf_assists,0.3.0,empirical_qrf,0.01473488629736968,0.0,0.032841530054644824,,1041171555324455918,2026-01-10 19:59:37.810584
2026-01-10,24676,OTT,FLA,30000959,Kurtis MacDermid,assists,rf_qrf_assists,0.3.0,empirical_qrf,0.006007220212454005,0.004723387260447405,0.007379149147830083,,1041171555324455918,2026-01-10 19:59:37.810584
2026-01-10,24676,OTT,FLA,30001374,Linus Ullmark,assists,rf_qrf_assists,0.3.0,empirical_qrf,0.006007220212454005,0.004723387260447405,0.007379149147830083,,1041171555324455918,2026-01-10 19:59:37.810584
2026-01-10,24676,FLA,OTT,30006326,Michael Simpson,assists,rf_qrf_assists,0.3.0,empirical_qrf,0.006007220212454005,0.004723387260447405,0.007379149147830083,,1041171555324455918,2026-01-10 19:59:37.810584
2026-01-10,24676,FLA,OTT,30006394,Graham McPhee,assists,rf_qrf_assists,0.3.0,empirical_qrf,0.0,0.0,0.0,,1041171555324455918,2026-01-10 19:59:37.810584
2026-01-10,24676,OTT,FLA,30000012,Lars Eller,assists,rf_qrf_assists,0.3.0,empirical_qrf,0.0,0.0,0.0,,1041171555324455918,2026-01-10 19:59:37.810584
2026-01-10,24676,OTT,FLA,30000052,Claude Giroux,assists,rf_qrf_assists,0.3.0,empirical_qrf,0.0,0.0,0.0,,1041171555324455918,2026-01-10 19:59:37.810584
2026-01-10,24676,OTT,FLA,30000263,Nick Cousins,assists,rf_qrf_assists,0.3.0,empirical_qrf,0.0,0.0,0.0,,1041171555324455918,2026-01-10 19:59:37.810584
2026-01-10,24676,OTT,FLA,30000397,David Perron,assists,rf_qrf_assists,0.3.0,empirical_qrf,0.0,0.0,0.0,,1041171555324455918,2026-01-10 19:59:37.810584
2026-01-10,24676,FLA,OTT,30005849,Kai Schwindt,assists,rf_qrf_assists,0.3.0,empirical_qrf,0.0,0.0,0.0,,1041171555324455918,2026-01-10 19:59:37.810584
2026-01-10,24676,FLA,OTT,30005850,Sandis Vilmanis,assists,rf_qrf_assists,0.3.0,empirical_qrf,0.0,0.0,0.0,,1041171555324455918,2026-01-10 19:59:37.810584
2026-01-10,24676,FLA,OTT,30006034,Jake Livingstone,assists,rf_qrf_assists,0.3.0,empirical_qrf,0.0,0.0,0.0,,1041171555324455918,2026-01-10 19:59:37.810584
2026-01-10,24676,FLA,OTT,30006040,Ryan McAllister,assists,rf_qrf_assists,0.3.0,empirical_qrf,0.0031706349206349206,0.0,0.0,,1041171555324455918,2026-01-10 19:59:37.810584
2026-01-10,24676,FLA,OTT,30006048,Uvis Balinskis,assists,rf_qrf_assists,0.3.0,empirical_qrf,0.0,0.0,0.0,,1041171555324455918,2026-01-10 19:59:37.810584
2026-01-10,24676,FLA,OTT,30006097,Gracyn Sawchyn,assists,rf_qrf_assists,0.3.0,empirical_qrf,0.0,0.0,0.0,,1041171555324455918,2026-01-10 19:59:37.810584
2026-01-10,24676,FLA,OTT,30005025,Evan Nause,assists,rf_qrf_assists,0.3.0,empirical_qrf,0.0,0.0,0.0,,1041171555324455918,2026-01-10 19:59:37.810584
2026-01-10,24676,FLA,OTT,30005215,Cole Krygier,assists,rf_qrf_assists,0.3.0,empirical_qrf,0.006007220212454005,0.004723387260447405,0.007379149147830083,,1041171555324455918,2026-01-10 19:59:37.810584
2026-01-10,24676,FLA,OTT,30005556,Mack Guzda,assists,rf_qrf_assists,0.3.0,empirical_qrf,0.006007220212454005,0.004723387260447405,0.007379149147830083,,1041171555324455918,2026-01-10 19:59:37.810584
2026-01-10,24676,FLA,OTT,30005598,Mitchell Russell,assists,rf_qrf_assists,0.3.0,empirical_qrf,0.006007220212454005,0.004723387260447405,0.007379149147830083,,1041171555324455918,2026-01-10 19:59:37.810584
2026-01-10,24676,FLA,OTT,30005723,Marek Alscher,assists,rf_qrf_assists,0.3.0,empirical_qrf,0.01473488629736968,0.0,0.032841530054644824,,1041171555324455918,2026-01-10 19:59:37.810584
2026-01-10,24676,FLA,OTT,30005848,Josh Davies,assists,rf_qrf_assists,0.3.0,empirical_qrf,0.0029183999771013355,0.0,0.006351228389444951,,1041171555324455918,2026-01-10 19:59:37.810584
2026-01-10,24676,FLA,OTT,30004517,Robert Mastrosimone,assists,rf_qrf_assists,0.3.0,empirical_qrf,0.0,0.0,0.0,,1041171555324455918,2026-01-10 19:59:37.810584
2026-01-10,24676,FLA,OTT,30004574,Cole Schwindt,assists,rf_qrf_assists,0.3.0,empirical_qrf,0.0,0.0,0.0,,1041171555324455918,2026-01-10 19:59:37.810584
2026-01-10,24676,FLA,OTT,30004809,Anton Lundell,assists,rf_qrf_assists,0.3.0,empirical_qrf,0.0,0.0,0.0,,1041171555324455918,2026-01-10 19:59:37.810584
2026-01-10,24676,FLA,OTT,30004873,Donovan Sebrango,assists,rf_qrf_assists,0.3.0,empirical_qrf,0.04047683843633018,0.0,0.0795909090909091,,1041171555324455918,2026-01-10 19:59:37.810584
2026-01-10,24676,FLA,OTT,30004886,Michael Benning,assists,rf_qrf_assists,0.3.0,empirical_qrf,0.0,0.0,0.0,,1041171555324455918,2026-01-10 19:59:37.810584
2026-01-10,24676,FLA,OTT,30005000,Mackie Samoskevich,assists,rf_qrf_assists,0.3.0,empirical_qrf,0.0009722222222222221,0.0,0.0,,1041171555324455918,2026-01-10 19:59:37.810584
2026-01-10,24676,FLA,OTT,30003671,Jack Studnicka,assists,rf_qrf_assists,0.3.0,empirical_qrf,0.0,0.0,0.0,,1041171555324455918,2026-01-10 19:59:37.810584
2026-01-10,24676,FLA,OTT,30003681,Eetu Luostarinen,assists,rf_qrf_assists,0.3.0,empirical_qrf,0.0008333333333333334,0.0,0.0,,1041171555324455918,2026-01-10 19:59:37.810584
2026-01-10,24676,FLA,OTT,30003683,Jesper Boqvist,assists,rf_qrf_assists,0.3.0,empirical_qrf,0.0,0.0,0.0,,1041171555324455918,2026-01-10 19:59:37.810584
2026-01-10,24676,FLA,OTT,30003694,Jonah Gadjovich,assists,rf_qrf_assists,0.3.0,empirical_qrf,0.01633175518633685,0.0,0.03773584905660377,,1041171555324455918,2026-01-10 19:59:37.810584
2026-01-10,24676,FLA,OTT,30004088,Jay O'Brien,assists,rf_qrf_assists,0.3.0,empirical_qrf,0.006007220212454005,0.004723387260447405,0.007379149147830083,,1041171555324455918,2026-01-10 19:59:37.810584
2026-01-10,24676,FLA,OTT,30004497,Tobias Bjornfot,assists,rf_qrf_assists,0.3.0,empirical_qrf,0.01633175518633685,0.0,0.03773584905660377,,1041171555324455918,2026-01-10 19:59:37.810584
2026-01-10,24676,FLA,OTT,30002796,Mitchell Vande Sompel,assists,rf_qrf_assists,0.3.0,empirical_qrf,0.0,0.0,0.0,,1041171555324455918,2026-01-10 19:59:37.810584
2026-01-10,24676,FLA,OTT,30002839,A.J. Greer,assists,rf_qrf_assists,0.3.0,empirical_qrf,0.01633175518633685,0.0,0.03773584905660377,,1041171555324455918,2026-01-10 19:59:37.810584
2026-01-10,24676,FLA,OTT,30003077,Tyler Motte,assists,rf_qrf_assists,0.3.0,empirical_qrf,0.0,0.0,0.0,,1041171555324455918,2026-01-10 19:59:37.810584
2026-01-10,24676,FLA,OTT,30003134,Matthew Tkachuk,assists,rf_qrf_assists,0.3.0,empirical_qrf,0.0,0.0,0.0,,1041171555324455918,2026-01-10 19:59:37.810584
2026-01-10,24676,FLA,OTT,30003150,Luke Kunin,assists,rf_qrf_assists,0.3.0,empirical_qrf,0.007442587426713686,0.0,0.014573788781541532,,1041171555324455918,2026-01-10 19:59:37.810584
2026-01-10,24676,FLA,OTT,30003468,Evan Cormier,assists,rf_qrf_assists,0.3.0,empirical_qrf,0.006007220212454005,0.004723387260447405,0.007379149147830083,,1041171555324455918,2026-01-10 19:59:37.810584
2026-01-10,24676,FLA,OTT,30001035,Tomás Nosek,assists,rf_qrf_assists,0.3.0,empirical_qrf,0.006007220212454005,0.004723387260447405,0.007379149147830083,,1041171555324455918,2026-01-10 19:59:37.810584
2026-01-10,24676,FLA,OTT,30001159,Carter Verhaeghe,assists,rf_qrf_assists,0.3.0,empirical_qrf,0.004666666666666666,0.0,0.0,,1041171555324455918,2026-01-10 19:59:37.810584
2026-01-10,24676,FLA,OTT,30001387,Niko Mikkola,assists,rf_qrf_assists,0.3.0,empirical_qrf,0.0,0.0,0.0,,1041171555324455918,2026-01-10 19:59:37.810584
2026-01-10,24676,FLA,OTT,30001448,Daniil Tarasov,assists,rf_qrf_assists,0.3.0,empirical_qrf,0.006007220212454005,0.004723387260447405,0.007379149147830083,,1041171555324455918,2026-01-10 19:59:37.810584
2026-01-10,24676,FLA,OTT,30002069,Nathan Smith,assists,rf_qrf_assists,0.3.0,empirical_qrf,0.0,0.0,0.0,,1041171555324455918,2026-01-10 19:59:37.810584
2026-01-10,24676,FLA,OTT,30002758,Gustav Forsling,assists,rf_qrf_assists,0.3.0,empirical_qrf,0.0,0.0,0.0,,1041171555324455918,2026-01-10 19:59:37.810584
2026-01-10,24676,FLA,OTT,30000559,Sam Bennett,assists,rf_qrf_assists,0.3.0,empirical_qrf,0.015155303030303031,0.0,0.0,,1041171555324455918,2026-01-10 19:59:37.810584
2026-01-10,24676,FLA,OTT,30000667,Sergei Bobrovsky,assists,rf_qrf_assists,0.3.0,empirical_qrf,0.006007220212454005,0.004723387260447405,0.007379149147830083,,1041171555324455918,2026-01-10 19:59:37.810584
2026-01-10,24676,FLA,OTT,30000723,Jeff Petry,assists,rf_qrf_assists,0.3.0,empirical_qrf,0.0035555555555555553,0.0,0.0,,1041171555324455918,2026-01-10 19:59:37.810584
2026-01-10,24676,FLA,OTT,30000934,Louis Domingue,assists,rf_qrf_assists,0.3.0,empirical_qrf,0.006007220212454005,0.004723387260447405,0.007379149147830083,,1041171555324455918,2026-01-10 19:59:37.810584
2026-01-10,24676,FLA,OTT,30000980,Sam Reinhart,assists,rf_qrf_assists,0.3.0,empirical_qrf,0.24317195767195765,0.0,0.6666666666666666,,1041171555324455918,2026-01-10 19:59:37.810584
2026-01-10,24676,FLA,OTT,30000981,Evan Rodrigues,assists,rf_qrf_assists,0.3.0,empirical_qrf,0.004454059829059828,0.0,0.0,,1041171555324455918,2026-01-10 19:59:37.810584
2026-01-10,24677,DET,MON,30000043,James van Riemsdyk,assists,rf_qrf_assists,0.3.0,empirical_qrf,0.05980952380952381,0.0,0.3333333333333333,,1041171555324455918,2026-01-10 19:59:37.810584
2026-01-10,24677,DET,MON,30000186,Austin Watson,assists,rf_qrf_assists,0.3.0,empirical_qrf,0.0,0.0,0.0,,1041171555324455918,2026-01-10 19:59:37.810584
2026-01-10,24677,DET,MON,30000563,Cam Talbot,assists,rf_qrf_assists,0.3.0,empirical_qrf,0.006007220212454005,0.004723387260447405,0.007379149147830083,,1041171555324455918,2026-01-10 19:59:37.810584
2026-01-10,24677,DET,MON,30000821,Andrew Copp,assists,rf_qrf_assists,0.3.0,empirical_qrf,0.0,0.0,0.0,,1041171555324455918,2026-01-10 19:59:37.810584
2026-01-10,24677,DET,MON,30000846,Dylan Larkin,assists,rf_qrf_assists,0.3.0,empirical_qrf,0.002842948717948718,0.0,0.0,,1041171555324455918,2026-01-10 19:59:37.810584
2026-01-10,24677,DET,MON,30000866,Patrick Kane,assists,rf_qrf_assists,0.3.0,empirical_qrf,0.0009722222222222221,0.0,0.0,,1041171555324455918,2026-01-10 19:59:37.810584
2026-01-10,24677,MON,DET,30006152,Florian Xhekaj,assists,rf_qrf_assists,0.3.0,empirical_qrf,0.0,0.0,0.0,,1041171555324455918,2026-01-10 19:59:37.810584
2026-01-10,24677,MON,DET,30006358,Israel Mianscum,assists,rf_qrf_assists,0.3.0,empirical_qrf,0.006007220212454005,0.004723387260447405,0.007379149147830083,,1041171555324455918,2026-01-10 19:59:37.810584
2026-01-10,24677,MON,DET,30006485,Ivan Demidov,assists,rf_qrf_assists,0.3.0,empirical_qrf,0.0,0.0,0.0,,1041171555324455918,2026-01-10 19:59:37.810584
2026-01-10,24677,DET,MON,30003859,Sheldon Dries,assists,rf_qrf_assists,0.3.0,empirical_qrf,0.0,0.0,0.0,,1041171555324455918,2026-01-10 19:59:37.810584
2026-01-10,24677,MON,DET,30005645,Filip Mesar,assists,rf_qrf_assists,0.3.0,empirical_qrf,0.0,0.0,0.0,,1041171555324455918,2026-01-10 19:59:37.810584
2026-01-10,24677,MON,DET,30005655,Lane Hutson,assists,rf_qrf_assists,0.3.0,empirical_qrf,0.0,0.0,0.0,,1041171555324455918,2026-01-10 19:59:37.810584
2026-01-10,24677,MON,DET,30005656,Owen Beck,assists,rf_qrf_assists,0.3.0,empirical_qrf,0.06503343946304911,0.0,0.14285714285714285,,1041171555324455918,2026-01-10 19:59:37.810584
2026-01-10,24677,MON,DET,30005806,Jared Davidson,assists,rf_qrf_assists,0.3.0,empirical_qrf,0.004446310558882736,0.0,0.009955223880597016,,1041171555324455918,2026-01-10 19:59:37.810584
2026-01-10,24677,MON,DET,30006060,David Reinbacher,assists,rf_qrf_assists,0.3.0,empirical_qrf,0.007442587426713686,0.0,0.014573788781541532,,1041171555324455918,2026-01-10 19:59:37.810584
2026-01-10,24677,MON,DET,30006127,Jacob Fowler,assists,rf_qrf_assists,0.3.0,empirical_qrf,0.006007220212454005,0.004723387260447405,0.007379149147830083,,1041171555324455918,2026-01-10 19:59:37.810584
2026-01-10,24677,MON,DET,30005128,Arber Xhekaj,assists,rf_qrf_assists,0.3.0,empirical_qrf,0.0,0.0,0.0,,1041171555324455918,2026-01-10 19:59:37.810584
2026-01-10,24677,MON,DET,30005287,Gannon Laroque,assists,rf_qrf_assists,0.3.0,empirical_qrf,0.006007220212454005,0.004723387260447405,0.007379149147830083,,1041171555324455918,2026-01-10 19:59:37.810584
2026-01-10,24677,MON,DET,30005288,Ben Gaudreau,assists,rf_qrf_assists,0.3.0,empirical_qrf,0.006007220212454005,0.004723387260447405,0.007379149147830083,,1041171555324455918,2026-01-10 19:59:37.810584
2026-01-10,24677,MON,DET,30005534,Jakub Dobes,assists,rf_qrf_assists,0.3.0,empirical_qrf,0.006007220212454005,0.004723387260447405,0.007379149147830083,,1041171555324455918,2026-01-10 19:59:37.810584
2026-01-10,24677,MON,DET,30005574,Lucas Condotta,assists,rf_qrf_assists,0.3.0,empirical_qrf,0.05436095055009998,0.0,0.1,,1041171555324455918,2026-01-10 19:59:37.810584
2026-01-10,24677,MON,DET,30005631,Juraj Slafkovsky,assists,rf_qrf_assists,0.3.0,empirical_qrf,0.0,0.0,0.0,,1041171555324455918,2026-01-10 19:59:37.810584
2026-01-10,24677,MON,DET,30005021,Oliver Kapanen,assists,rf_qrf_assists,0.3.0,empirical_qrf,0.0035061026936026936,0.0,0.0,,1041171555324455918,2026-01-10 19:59:37.810584
2026-01-10,24677,MON,DET,30005022,Riley Kidney,assists,rf_qrf_assists,0.3.0,empirical_qrf,0.15795792689111654,0.0,0.375,,1041171555324455918,2026-01-10 19:59:37.810584
2026-01-10,24677,MON,DET,30005118,Tobie Paquette-Bisson,assists,rf_qrf_assists,0.3.0,empirical_qrf,0.00024846163697492366,0.0,0.0,,1041171555324455918,2026-01-10 19:59:37.810584
2026-01-10,24677,MON,DET,30005121,Joshua Roy,assists,rf_qrf_assists,0.3.0,empirical_qrf,0.0029183999771013355,0.0,0.006351228389444951,,1041171555324455918,2026-01-10 19:59:37.810584
2026-01-10,24677,MON,DET,30005122,Xavier Simoneau,assists,rf_qrf_assists,0.3.0,empirical_qrf,0.006007220212454005,0.004723387260447405,0.007379149147830083,,1041171555324455918,2026-01-10 19:59:37.810584
2026-01-10,24677,MON,DET,30005127,Joe Vrbetic,assists,rf_qrf_assists,0.3.0,empirical_qrf,0.006007220212454005,0.004723387260447405,0.007379149147830083,,1041171555324455918,2026-01-10 19:59:37.810584
2026-01-10,24677,MON,DET,30004866,Ryan O'Rourke,assists,rf_qrf_assists,0.3.0,empirical_qrf,0.0,0.0,0.0,,1041171555324455918,2026-01-10 19:59:37.810584
2026-01-10,24677,MON,DET,30004876,Ty Smilanic,assists,rf_qrf_assists,0.3.0,empirical_qrf,0.006007220212454005,0.004723387260447405,0.007379149147830083,,1041171555324455918,2026-01-10 19:59:37.810584
2026-01-10,24677,MON,DET,30004894,Sean Farrell,assists,rf_qrf_assists,0.3.0,empirical_qrf,0.0,0.0,0.0,,1041171555324455918,2026-01-10 19:59:37.810584
2026-01-10,24677,MON,DET,30004928,Cole Caufield,assists,rf_qrf_assists,0.3.0,empirical_qrf,0.0,0.0,0.0,,1041171555324455918,2026-01-10 19:59:37.810584
2026-01-10,24677,MON,DET,30004950,Marc Del Gaizo,assists,rf_qrf_assists,0.3.0,empirical_qrf,0.0,0.0,0.0,,1041171555324455918,2026-01-10 19:59:37.810584
2026-01-10,24677,MON,DET,30004990,Zachary Bolduc,assists,rf_qrf_assists,0.3.0,empirical_qrf,0.0,0.0,0.0,,1041171555324455918,2026-01-10 19:59:37.810584
2026-01-10,24677,MON,DET,30004361,Josh Anderson,assists,rf_qrf_assists,0.3.0,empirical_qrf,0.0,0.0,0.0,,1041171555324455918,2026-01-10 19:59:37.810584
2026-01-10,24677,MON,DET,30004472,Kirby Dach,assists,rf_qrf_assists,0.3.0,empirical_qrf,0.0,0.0,0.0,,1041171555324455918,2026-01-10 19:59:37.810584
2026-01-10,24677,MON,DET,30004486,Alex Newhook,assists,rf_qrf_assists,0.3.0,empirical_qrf,0.0,0.0,0.0,,1041171555324455918,2026-01-10 19:59:37.810584
2026-01-10,24677,MON,DET,30004520,Hunter Jones,assists,rf_qrf_assists,0.3.0,empirical_qrf,0.0,0.0,0.0,,1041171555324455918,2026-01-10 19:59:37.810584
2026-01-10,24677,MON,DET,30004559,Jayden Struble,assists,rf_qrf_assists,0.3.0,empirical_qrf,0.017818842563077107,0.0,0.0342504892367906,,1041171555324455918,2026-01-10 19:59:37.810584
2026-01-10,24677,MON,DET,30004803,Kaiden Guhle,assists,rf_qrf_assists,0.3.0,empirical_qrf,0.0,0.0,0.0,,1041171555324455918,2026-01-10 19:59:37.810584
2026-01-10,24677,MON,DET,30003958,Nate Clurman,assists,rf_qrf_assists,0.3.0,empirical_qrf,0.01633175518633685,0.0,0.03773584905660377,,1041171555324455918,2026-01-10 19:59:37.810584
2026-01-10,24677,MON,DET,30003990,Jake Evans,assists,rf_qrf_assists,0.3.0,empirical_qrf,0.01633175518633685,0.0,0.03773584905660377,,1041171555324455918,2026-01-10 19:59:37.810584
2026-01-10,24677,MON,DET,30004086,Noah Dobson,assists,rf_qrf_assists,0.3.0,empirical_qrf,0.0,0.0,0.0,,1041171555324455918,2026-01-10 19:59:37.810584
2026-01-10,24677,MON,DET,30004101,Joe Veleno,assists,rf_qrf_assists,0.3.0,empirical_qrf,0.0,0.0,0.0,,1041171555324455918,2026-01-10 19:59:37.810584
2026-01-10,24677,MON,DET,30004204,Wyatte Wylie,assists,rf_qrf_assists,0.3.0,empirical_qrf,0.05905026455026455,0.0,0.0,,1041171555324455918,2026-01-10 19:59:37.810584
2026-01-10,24677,MON,DET,30004284,Kevin Mandolese,assists,rf_qrf_assists,0.3.0,empirical_qrf,0.006007220212454005,0.004723387260447405,0.007379149147830083,,1041171555324455918,2026-01-10 19:59:37.810584
2026-01-10,24677,MON,DET,30002781,Sam Montembeault,assists,rf_qrf_assists,0.3.0,empirical_qrf,0.006007220212454005,0.004723387260447405,0.007379149147830083,,1041171555324455918,2026-01-10 19:59:37.810584
2026-01-10,24677,MON,DET,30002825,Alexandre Carrier,assists,rf_qrf_assists,0.3.0,empirical_qrf,0.0,0.0,0.0,,1041171555324455918,2026-01-10 19:59:37.810584
2026-01-10,24677,MON,DET,30003131,Patrik Laine,assists,rf_qrf_assists,0.3.0,empirical_qrf,0.0017715924426450742,0.0,0.0,,1041171555324455918,2026-01-10 19:59:37.810584
2026-01-10,24677,MON,DET,30003667,Nick Suzuki,assists,rf_qrf_assists,0.3.0,empirical_qrf,0.0,0.0,0.0,,1041171555324455918,2026-01-10 19:59:37.810584
2026-01-10,24677,MON,DET,30003687,Alexandre Texier,assists,rf_qrf_assists,0.3.0,empirical_qrf,0.007442587426713686,0.0,0.014573788781541532,,1041171555324455918,2026-01-10 19:59:37.810584
2026-01-10,24677,MON,DET,30003901,Alex Belzile,assists,rf_qrf_assists,0.3.0,empirical_qrf,0.0,0.0,0.0,,1041171555324455918,2026-01-10 19:59:37.810584
2026-01-10,24677,MON,DET,30000670,Sammy Blais,assists,rf_qrf_assists,0.3.0,empirical_qrf,0.0,0.0,0.0,,1041171555324455918,2026-01-10 19:59:37.810584
2026-01-10,24677,MON,DET,30001395,Laurent Dauphin,assists,rf_qrf_assists,0.3.0,empirical_qrf,0.02246741520003329,0.0,0.046189624329159226,,1041171555324455918,2026-01-10 19:59:37.810584
2026-01-10,24677,MON,DET,30001424,Phillip Danault,assists,rf_qrf_assists,0.3.0,empirical_qrf,0.015155303030303031,0.0,0.0,,1041171555324455918,2026-01-10 19:59:37.810584
2026-01-10,24677,MON,DET,30002592,Kaapo Kahkonen,assists,rf_qrf_assists,0.3.0,empirical_qrf,0.006007220212454005,0.004723387260447405,0.007379149147830083,,1041171555324455918,2026-01-10 19:59:37.810584
2026-01-10,24677,MON,DET,30002601,Joshua Jacobs,assists,rf_qrf_assists,0.3.0,empirical_qrf,0.006007220212454005,0.004723387260447405,0.007379149147830083,,1041171555324455918,2026-01-10 19:59:37.810584
2026-01-10,24677,MON,DET,30002663,Vincent Arseneau,assists,rf_qrf_assists,0.3.0,empirical_qrf,0.006007220212454005,0.004723387260447405,0.007379149147830083,,1041171555324455918,2026-01-10 19:59:37.810584
2026-01-10,24677,DET,MON,30006059,Nate Danielson,assists,rf_qrf_assists,0.3.0,empirical_qrf,0.0008333333333333334,0.0,0.0,,1041171555324455918,2026-01-10 19:59:37.810584
2026-01-10,24677,DET,MON,30006071,Axel Sandin-Pellikka,assists,rf_qrf_assists,0.3.0,empirical_qrf,0.0158478835978836,0.0,0.0,,1041171555324455918,2026-01-10 19:59:37.810584
2026-01-10,24677,DET,MON,30006201,Emmitt Finnie,assists,rf_qrf_assists,0.3.0,empirical_qrf,0.0,0.0,0.0,,1041171555324455918,2026-01-10 19:59:37.810584
2026-01-10,24677,MON,DET,30000015,Brendan Gallagher,assists,rf_qrf_assists,0.3.0,empirical_qrf,0.009291997418932404,0.0,0.0,,1041171555324455918,2026-01-10 19:59:37.810584
2026-01-10,24677,MON,DET,30000227,Mike Matheson,assists,rf_qrf_assists,0.3.0,empirical_qrf,0.0006060606060606061,0.0,0.0,,1041171555324455918,2026-01-10 19:59:37.810584
2026-01-10,24677,MON,DET,30000555,Tyler Wotherspoon,assists,rf_qrf_assists,0.3.0,empirical_qrf,0.006007220212454005,0.004723387260447405,0.007379149147830083,,1041171555324455918,2026-01-10 19:59:37.810584
2026-01-10,24677,DET,MON,30004984,Simon Edvinsson,assists,rf_qrf_assists,0.3.0,empirical_qrf,0.004666666666666666,0.0,0.0,,1041171555324455918,2026-01-10 19:59:37.810584
2026-01-10,24677,DET,MON,30005482,Carter Mazur,assists,rf_qrf_assists,0.3.0,empirical_qrf,0.0,0.0,0.0,,1041171555324455918,2026-01-10 19:59:37.810584
2026-01-10,24677,DET,MON,30005489,Elmer Soderblom,assists,rf_qrf_assists,0.3.0,empirical_qrf,0.0,0.0,0.0,,1041171555324455918,2026-01-10 19:59:37.810584
2026-01-10,24677,DET,MON,30005630,Marco Kasper,assists,rf_qrf_assists,0.3.0,empirical_qrf,0.0001388888888888889,0.0,0.0,,1041171555324455918,2026-01-10 19:59:37.810584
2026-01-10,24677,DET,MON,30005780,Amadeus Lombardi,assists,rf_qrf_assists,0.3.0,empirical_qrf,0.0,0.0,0.0,,1041171555324455918,2026-01-10 19:59:37.810584
2026-01-10,24677,DET,MON,30006015,Alexandre Doucet,assists,rf_qrf_assists,0.3.0,empirical_qrf,0.0060949445333625864,0.0,0.01282051282051282,,1041171555324455918,2026-01-10 19:59:37.810584
2026-01-10,24677,DET,MON,30004548,Albert Johansson,assists,rf_qrf_assists,0.3.0,empirical_qrf,0.0,0.0,0.0,,1041171555324455918,2026-01-10 19:59:37.810584
2026-01-10,24677,DET,MON,30004561,Antti Tuomisto,assists,rf_qrf_assists,0.3.0,empirical_qrf,0.0029183999771013355,0.0,0.006351228389444951,,1041171555324455918,2026-01-10 19:59:37.810584
2026-01-10,24677,DET,MON,30004758,John Leonard,assists,rf_qrf_assists,0.3.0,empirical_qrf,0.333852057256469,0.0,0.8,,1041171555324455918,2026-01-10 19:59:37.810584
2026-01-10,24677,DET,MON,30004816,Lucas Raymond,assists,rf_qrf_assists,0.3.0,empirical_qrf,0.0400787037037037,0.0,0.012500000000002842,,1041171555324455918,2026-01-10 19:59:37.810584
2026-01-10,24677,DET,MON,30004884,William Wallinder,assists,rf_qrf_assists,0.3.0,empirical_qrf,0.0,0.0,0.0,,1041171555324455918,2026-01-10 19:59:37.810584
2026-01-10,24677,DET,MON,30004983,Sebastian Cossa,assists,rf_qrf_assists,0.3.0,empirical_qrf,0.006007220212454005,0.004723387260447405,0.007379149147830083,,1041171555324455918,2026-01-10 19:59:37.810584
2026-01-10,24677,DET,MON,30003160,Alex DeBrincat,assists,rf_qrf_assists,0.3.0,empirical_qrf,0.0012222222222222224,0.0,0.0,,1041171555324455918,2026-01-10 19:59:37.810584
2026-01-10,24677,DET,MON,30003644,Michael Rasmussen,assists,rf_qrf_assists,0.3.0,empirical_qrf,0.03486491008304926,0.0,0.08333333333333333,,1041171555324455918,2026-01-10 19:59:37.810584
2026-01-10,24677,DET,MON,30003744,Mason Appleton,assists,rf_qrf_assists,0.3.0,empirical_qrf,0.06503343946304911,0.0,0.14285714285714285,,1041171555324455918,2026-01-10 19:59:37.810584
2026-01-10,24677,DET,MON,30004102,Jacob Bernard-Docker,assists,rf_qrf_assists,0.3.0,empirical_qrf,0.0,0.0,0.0,,1041171555324455918,2026-01-10 19:59:37.810584
2026-01-10,24677,DET,MON,30004186,Joel L'Esperance,assists,rf_qrf_assists,0.3.0,empirical_qrf,0.0,0.0,0.0,,1041171555324455918,2026-01-10 19:59:37.810584
2026-01-10,24677,DET,MON,30004475,Moritz Seider,assists,rf_qrf_assists,0.3.0,empirical_qrf,0.0008333333333333334,0.0,0.0,,1041171555324455918,2026-01-10 19:59:37.810584
2026-01-10,24677,DET,MON,30000874,John Gibson,assists,rf_qrf_assists,0.3.0,empirical_qrf,0.006007220212454005,0.004723387260447405,0.007379149147830083,,1041171555324455918,2026-01-10 19:59:37.810584
2026-01-10,24677,DET,MON,30000997,Travis Hamonic,assists,rf_qrf_assists,0.3.0,empirical_qrf,0.004446310558882736,0.0,0.009955223880597016,,1041171555324455918,2026-01-10 19:59:37.810584
2026-01-10,24677,DET,MON,30001011,Erik Gustafsson,assists,rf_qrf_assists,0.3.0,empirical_qrf,0.004446310558882736,0.0,0.009955223880597016,,1041171555324455918,2026-01-10 19:59:37.810584
2026-01-10,24677,DET,MON,30001063,Ben Chiarot,assists,rf_qrf_assists,0.3.0,empirical_qrf,0.0001666666666666667,0.0,0.0,,1041171555324455918,2026-01-10 19:59:37.810584
2026-01-10,24677,DET,MON,30002213,Josiah Didier,assists,rf_qrf_assists,0.3.0,empirical_qrf,0.007442587426713686,0.0,0.014573788781541532,,1041171555324455918,2026-01-10 19:59:37.810584
2026-01-10,24677,DET,MON,30002513,J.T. Compher,assists,rf_qrf_assists,0.3.0,empirical_qrf,0.007441012691012691,0.0,0.0,,1041171555324455918,2026-01-10 19:59:37.810584
2026-01-10,24678,SEA,CAR,30000303,Adam Larsson,assists,rf_qrf_assists,0.3.0,empirical_qrf,0.0,0.0,0.0,,1041171555324455918,2026-01-10 19:59:37.810584
2026-01-10,24678,SEA,CAR,30000460,Max McCormick,assists,rf_qrf_assists,0.3.0,empirical_qrf,0.02246741520003329,0.0,0.046189624329159226,,1041171555324455918,2026-01-10 19:59:37.810584
2026-01-10,24678,SEA,CAR,30000539,Jordan Eberle,assists,rf_qrf_assists,0.3.0,empirical_qrf,0.00375,0.0,0.0,,1041171555324455918,2026-01-10 19:59:37.810584
2026-01-10,24678,SEA,CAR,30000577,Philipp Grubauer,assists,rf_qrf_assists,0.3.0,empirical_qrf,0.006007220212454005,0.004723387260447405,0.007379149147830083,,1041171555324455918,2026-01-10 19:59:37.810584
2026-01-10,24678,SEA,CAR,30000596,Chandler Stephenson,assists,rf_qrf_assists,0.3.0,empirical_qrf,0.0029183999771013355,0.0,0.006351228389444951,,1041171555324455918,2026-01-10 19:59:37.810584
2026-01-10,24678,SEA,CAR,30000629,Matt Murray,assists,rf_qrf_assists,0.3.0,empirical_qrf,0.006007220212454005,0.004723387260447405,0.007379149147830083,,1041171555324455918,2026-01-10 19:59:37.810584
2026-01-10,24678,CAR,SEA,30003662,Juuso Valimaki,assists,rf_qrf_assists,0.3.0,empirical_qrf,0.006007220212454005,0.004723387260447405,0.007379149147830083,,1041171555324455918,2026-01-10 19:59:37.810584
2026-01-10,24678,SEA,CAR,30006120,Oscar Fisker Molgaard,assists,rf_qrf_assists,0.3.0,empirical_qrf,0.0,0.0,0.0,,1041171555324455918,2026-01-10 19:59:37.810584
2026-01-10,24678,CAR,SEA,30005153,Bryce Montgomery,assists,rf_qrf_assists,0.3.0,empirical_qrf,0.007442587426713686,0.0,0.014573788781541532,,1041171555324455918,2026-01-10 19:59:37.810584
2026-01-10,24678,CAR,SEA,30005155,Justin Robidas,assists,rf_qrf_assists,0.3.0,empirical_qrf,0.0012222222222222224,0.0,0.0,,1041171555324455918,2026-01-10 19:59:37.810584
2026-01-10,24678,CAR,SEA,30005405,Jackson Blake,assists,rf_qrf_assists,0.3.0,empirical_qrf,0.0,0.0,0.0,,1041171555324455918,2026-01-10 19:59:37.810584
2026-01-10,24678,CAR,SEA,30005573,Brandon Bussi,assists,rf_qrf_assists,0.3.0,empirical_qrf,0.006007220212454005,0.004723387260447405,0.007379149147830083,,1041171555324455918,2026-01-10 19:59:37.810584
2026-01-10,24678,CAR,SEA,30006098,Felix Unger Sorum,assists,rf_qrf_assists,0.3.0,empirical_qrf,0.0,0.0,0.0,,1041171555324455918,2026-01-10 19:59:37.810584
2026-01-10,24678,CAR,SEA,30005577,Noah Philp,assists,rf_qrf_assists,0.3.0,empirical_qrf,0.3390410052910053,0.0,1.2,,1041171555324455918,2026-01-10 19:59:37.810584
2026-01-10,24678,CAR,SEA,30004806,Seth Jarvis,assists,rf_qrf_assists,0.3.0,empirical_qrf,0.0019444444444444442,0.0,0.0,,1041171555324455918,2026-01-10 19:59:37.810584
2026-01-10,24678,CAR,SEA,30004865,Alexander Nikishin,assists,rf_qrf_assists,0.3.0,empirical_qrf,0.0,0.0,0.0,,1041171555324455918,2026-01-10 19:59:37.810584
2026-01-10,24678,CAR,SEA,30004913,Evan Vierling,assists,rf_qrf_assists,0.3.0,empirical_qrf,0.006007220212454005,0.004723387260447405,0.007379149147830083,,1041171555324455918,2026-01-10 19:59:37.810584
2026-01-10,24678,CAR,SEA,30004953,Pyotr Kochetkov,assists,rf_qrf_assists,0.3.0,empirical_qrf,0.0060949445333625864,0.0,0.01282051282051282,,1041171555324455918,2026-01-10 19:59:37.810584
2026-01-10,24678,CAR,SEA,30005026,Aleksi Heimosalmi,assists,rf_qrf_assists,0.3.0,empirical_qrf,0.007442587426713686,0.0,0.014573788781541532,,1041171555324455918,2026-01-10 19:59:37.810584
2026-01-10,24678,CAR,SEA,30005034,Logan Stankoven,assists,rf_qrf_assists,0.3.0,empirical_qrf,0.04678408628408628,0.0,0.0,,1041171555324455918,2026-01-10 19:59:37.810584
2026-01-10,24678,CAR,SEA,30004075,Jesperi Kotkaniemi,assists,rf_qrf_assists,0.3.0,empirical_qrf,0.0,0.0,0.0,,1041171555324455918,2026-01-10 19:59:37.810584
2026-01-10,24678,CAR,SEA,30004076,Andrei Svechnikov,assists,rf_qrf_assists,0.3.0,empirical_qrf,0.039617183742183745,0.0,0.0,,1041171555324455918,2026-01-10 19:59:37.810584
2026-01-10,24678,CAR,SEA,30004082,K'Andre Miller,assists,rf_qrf_assists,0.3.0,empirical_qrf,0.0,0.0,0.0,,1041171555324455918,2026-01-10 19:59:37.810584
2026-01-10,24678,CAR,SEA,30004385,Cayden Primeau,assists,rf_qrf_assists,0.3.0,empirical_qrf,0.006007220212454005,0.004723387260447405,0.007379149147830083,,1041171555324455918,2026-01-10 19:59:37.810584
2026-01-10,24678,CAR,SEA,30004537,Domenick Fensore,assists,rf_qrf_assists,0.3.0,empirical_qrf,0.0,0.0,0.0,,1041171555324455918,2026-01-10 19:59:37.810584
2026-01-10,24678,CAR,SEA,30004602,Nikita Pavlychev,assists,rf_qrf_assists,0.3.0,empirical_qrf,0.006007220212454005,0.004723387260447405,0.007379149147830083,,1041171555324455918,2026-01-10 19:59:37.810584
2026-01-10,24678,CAR,SEA,30002819,Sebastian Aho,assists,rf_qrf_assists,0.3.0,empirical_qrf,0.0008333333333333334,0.0,0.0,,1041171555324455918,2026-01-10 19:59:37.810584
2026-01-10,24678,CAR,SEA,30002980,Eric Robinson,assists,rf_qrf_assists,0.3.0,empirical_qrf,0.0,0.0,0.0,,1041171555324455918,2026-01-10 19:59:37.810584
2026-01-10,24678,CAR,SEA,30003180,Givani Smith,assists,rf_qrf_assists,0.3.0,empirical_qrf,0.333852057256469,0.0,0.8,,1041171555324455918,2026-01-10 19:59:37.810584
2026-01-10,24678,CAR,SEA,30003359,Jalen Chatfield,assists,rf_qrf_assists,0.3.0,empirical_qrf,0.0,0.0,0.0,,1041171555324455918,2026-01-10 19:59:37.810584
2026-01-10,24678,CAR,SEA,30003550,Gavin Bayreuther,assists,rf_qrf_assists,0.3.0,empirical_qrf,0.004446310558882736,0.0,0.009955223880597016,,1041171555324455918,2026-01-10 19:59:37.810584
2026-01-10,24678,CAR,SEA,30003786,Sean Walker,assists,rf_qrf_assists,0.3.0,empirical_qrf,0.0,0.0,0.0,,1041171555324455918,2026-01-10 19:59:37.810584
2026-01-10,24678,CAR,SEA,30000643,Jaccob Slavin,assists,rf_qrf_assists,0.3.0,empirical_qrf,0.03486491008304926,0.0,0.08333333333333333,,1041171555324455918,2026-01-10 19:59:37.810584
2026-01-10,24678,CAR,SEA,30000822,Nikolaj Ehlers,assists,rf_qrf_assists,0.3.0,empirical_qrf,0.02225595238095238,0.0,0.0,,1041171555324455918,2026-01-10 19:59:37.810584
2026-01-10,24678,CAR,SEA,30000948,Jordan Martinook,assists,rf_qrf_assists,0.3.0,empirical_qrf,0.0,0.0,0.0,,1041171555324455918,2026-01-10 19:59:37.810584
2026-01-10,24678,CAR,SEA,30001187,Taylor Hall,assists,rf_qrf_assists,0.3.0,empirical_qrf,0.004446310558882736,0.0,0.009955223880597016,,1041171555324455918,2026-01-10 19:59:37.810584
2026-01-10,24678,CAR,SEA,30001203,Frederik Andersen,assists,rf_qrf_assists,0.3.0,empirical_qrf,0.006007220212454005,0.004723387260447405,0.007379149147830083,,1041171555324455918,2026-01-10 19:59:37.810584
2026-01-10,24678,CAR,SEA,30002309,Mark Jankowski,assists,rf_qrf_assists,0.3.0,empirical_qrf,0.0,0.0,0.0,,1041171555324455918,2026-01-10 19:59:37.810584
2026-01-10,24678,SEA,CAR,30006437,Kaden Hammell,assists,rf_qrf_assists,0.3.0,empirical_qrf,0.007442587426713686,0.0,0.014573788781541532,,1041171555324455918,2026-01-10 19:59:37.810584
2026-01-10,24678,SEA,CAR,30006499,Berkly Catton,assists,rf_qrf_assists,0.3.0,empirical_qrf,0.06503343946304911,0.0,0.14285714285714285,,1041171555324455918,2026-01-10 19:59:37.810584
2026-01-10,24678,CAR,SEA,30000271,Shayne Gostisbehere,assists,rf_qrf_assists,0.3.0,empirical_qrf,0.0,0.0,0.0,,1041171555324455918,2026-01-10 19:59:37.810584
2026-01-10,24678,CAR,SEA,30000358,Jordan Staal,assists,rf_qrf_assists,0.3.0,empirical_qrf,0.0,0.0,0.0,,1041171555324455918,2026-01-10 19:59:37.810584
2026-01-10,24678,CAR,SEA,30000510,William Carrier,assists,rf_qrf_assists,0.3.0,empirical_qrf,0.004446310558882736,0.0,0.009955223880597016,,1041171555324455918,2026-01-10 19:59:37.810584
2026-01-10,24678,CAR,SEA,30000525,Mike Reilly,assists,rf_qrf_assists,0.3.0,empirical_qrf,0.0,0.0,0.0,,1041171555324455918,2026-01-10 19:59:37.810584
2026-01-10,24678,SEA,CAR,30005757,Ty Nelson,assists,rf_qrf_assists,0.3.0,empirical_qrf,0.006007220212454005,0.004723387260447405,0.007379149147830083,,1041171555324455918,2026-01-10 19:59:37.810584
2026-01-10,24678,SEA,CAR,30006087,Eduard Sale,assists,rf_qrf_assists,0.3.0,empirical_qrf,0.0,0.0,0.0,,1041171555324455918,2026-01-10 19:59:37.810584
2026-01-10,24678,SEA,CAR,30006119,Lukas Dragicevic,assists,rf_qrf_assists,0.3.0,empirical_qrf,0.0,0.0,0.0,,1041171555324455918,2026-01-10 19:59:37.810584
2026-01-10,24678,SEA,CAR,30006121,Carson Rehkopf,assists,rf_qrf_assists,0.3.0,empirical_qrf,0.0,0.0,0.0,,1041171555324455918,2026-01-10 19:59:37.810584
2026-01-10,24678,SEA,CAR,30006125,Caden Price,assists,rf_qrf_assists,0.3.0,empirical_qrf,0.004446310558882736,0.0,0.009955223880597016,,1041171555324455918,2026-01-10 19:59:37.810584
2026-01-10,24678,SEA,CAR,30006197,Andrei Loshko,assists,rf_qrf_assists,0.3.0,empirical_qrf,0.006007220212454005,0.004723387260447405,0.007379149147830083,,1041171555324455918,2026-01-10 19:59:37.810584
2026-01-10,24678,SEA,CAR,30005593,Peetro Seppala,assists,rf_qrf_assists,0.3.0,empirical_qrf,0.006007220212454005,0.004723387260447405,0.007379149147830083,,1041171555324455918,2026-01-10 19:59:37.810584
2026-01-10,24678,SEA,CAR,30005616,Shane Wright,assists,rf_qrf_assists,0.3.0,empirical_qrf,0.009291997418932404,0.0,0.0,,1041171555324455918,2026-01-10 19:59:37.810584
2026-01-10,24678,SEA,CAR,30005680,David Goyette,assists,rf_qrf_assists,0.3.0,empirical_qrf,0.02246741520003329,0.0,0.046189624329159226,,1041171555324455918,2026-01-10 19:59:37.810584
2026-01-10,24678,SEA,CAR,30005681,Jagger Firkus,assists,rf_qrf_assists,0.3.0,empirical_qrf,0.0,0.0,0.0,,1041171555324455918,2026-01-10 19:59:37.810584
2026-01-10,24678,SEA,CAR,30005682,Jani Nyman,assists,rf_qrf_assists,0.3.0,empirical_qrf,0.03283333333333333,0.0,0.0,,1041171555324455918,2026-01-10 19:59:37.810584
2026-01-10,24678,SEA,CAR,30005683,Niklas Kokko,assists,rf_qrf_assists,0.3.0,empirical_qrf,0.006007220212454005,0.004723387260447405,0.007379149147830083,,1041171555324455918,2026-01-10 19:59:37.810584
2026-01-10,24678,SEA,CAR,30005333,Jacob Melanson,assists,rf_qrf_assists,0.3.0,empirical_qrf,0.0,0.0,0.0,,1041171555324455918,2026-01-10 19:59:37.810584
2026-01-10,24678,SEA,CAR,30005336,Tye Kartye,assists,rf_qrf_assists,0.3.0,empirical_qrf,0.0,0.0,0.0,,1041171555324455918,2026-01-10 19:59:37.810584
2026-01-10,24678,SEA,CAR,30005337,Ryan Winterton,assists,rf_qrf_assists,0.3.0,empirical_qrf,0.0,0.0,0.0,,1041171555324455918,2026-01-10 19:59:37.810584
2026-01-10,24678,SEA,CAR,30005447,Ville Ottavainen,assists,rf_qrf_assists,0.3.0,empirical_qrf,0.0,0.0,0.0,,1041171555324455918,2026-01-10 19:59:37.810584
2026-01-10,24678,SEA,CAR,30005503,Logan Morrison,assists,rf_qrf_assists,0.3.0,empirical_qrf,0.022638888888888885,0.0,0.0,,1041171555324455918,2026-01-10 19:59:37.810584
2026-01-10,24678,SEA,CAR,30005582,Ben Meyers,assists,rf_qrf_assists,0.3.0,empirical_qrf,0.0,0.0,0.0,,1041171555324455918,2026-01-10 19:59:37.810584
2026-01-10,24678,SEA,CAR,30003703,Cale Fleury,assists,rf_qrf_assists,0.3.0,empirical_qrf,0.03486491008304926,0.0,0.08333333333333333,,1041171555324455918,2026-01-10 19:59:37.810584
2026-01-10,24678,SEA,CAR,30004419,Joey Daccord,assists,rf_qrf_assists,0.3.0,empirical_qrf,0.006007220212454005,0.004723387260447405,0.007379149147830083,,1041171555324455918,2026-01-10 19:59:37.810584
2026-01-10,24678,SEA,CAR,30004471,Kaapo Kakko,assists,rf_qrf_assists,0.3.0,empirical_qrf,0.0006666666666666668,0.0,0.0,,1041171555324455918,2026-01-10 19:59:37.810584
2026-01-10,24678,SEA,CAR,30005040,Matty Beniers,assists,rf_qrf_assists,0.3.0,empirical_qrf,0.009121693121693121,0.0,0.0,,1041171555324455918,2026-01-10 19:59:37.810584
2026-01-10,24678,SEA,CAR,30005042,Ryker Evans,assists,rf_qrf_assists,0.3.0,empirical_qrf,0.017818842563077107,0.0,0.0342504892367906,,1041171555324455918,2026-01-10 19:59:37.810584
2026-01-10,24678,SEA,CAR,30005239,Jakov Novak,assists,rf_qrf_assists,0.3.0,empirical_qrf,0.006007220212454005,0.004723387260447405,0.007379149147830083,,1041171555324455918,2026-01-10 19:59:37.810584
2026-01-10,24678,SEA,CAR,30002529,John Hayden,assists,rf_qrf_assists,0.3.0,empirical_qrf,0.0,0.0,0.0,,1041171555324455918,2026-01-10 19:59:37.810584
2026-01-10,24678,SEA,CAR,30002711,Frederick Gaudreau,assists,rf_qrf_assists,0.3.0,empirical_qrf,0.04593915718620134,0.0,0.10526315789473684,,1041171555324455918,2026-01-10 19:59:37.810584
2026-01-10,24678,SEA,CAR,30003184,Ryan Lindgren,assists,rf_qrf_assists,0.3.0,empirical_qrf,0.0,0.0,0.0,,1041171555324455918,2026-01-10 19:59:37.810584
2026-01-10,24678,SEA,CAR,30003188,Jack LaFontaine,assists,rf_qrf_assists,0.3.0,empirical_qrf,0.06914550264550265,0.0,0.3333333333333333,,1041171555324455918,2026-01-10 19:59:37.810584
2026-01-10,24678,SEA,CAR,30003214,Joshua Mahura,assists,rf_qrf_assists,0.3.0,empirical_qrf,0.05436095055009998,0.0,0.1,,1041171555324455918,2026-01-10 19:59:37.810584
2026-01-10,24678,SEA,CAR,30003660,Eeli Tolvanen,assists,rf_qrf_assists,0.3.0,empirical_qrf,0.0,0.0,0.0,,1041171555324455918,2026-01-10 19:59:37.810584
2026-01-10,24678,SEA,CAR,30000674,Vince Dunn,assists,rf_qrf_assists,0.3.0,empirical_qrf,0.004666666666666666,0.0,0.0,,1041171555324455918,2026-01-10 19:59:37.810584
2026-01-10,24678,SEA,CAR,30000758,Jamie Oleksiak,assists,rf_qrf_assists,0.3.0,empirical_qrf,0.04047683843633018,0.0,0.0795909090909091,,1041171555324455918,2026-01-10 19:59:37.810584
2026-01-10,24678,SEA,CAR,30000794,Jaden Schwartz,assists,rf_qrf_assists,0.3.0,empirical_qrf,0.0015277777777777776,0.0,0.0,,1041171555324455918,2026-01-10 19:59:37.810584
2026-01-10,24678,SEA,CAR,30000812,Gustav Olofsson,assists,rf_qrf_assists,0.3.0,empirical_qrf,0.006007220212454005,0.004723387260447405,0.007379149147830083,,1041171555324455918,2026-01-10 19:59:37.810584
2026-01-10,24678,SEA,CAR,30000882,Brandon Montour,assists,rf_qrf_assists,0.3.0,empirical_qrf,0.020353174603174602,0.0,0.0,,1041171555324455918,2026-01-10 19:59:37.810584
2026-01-10,24678,SEA,CAR,30000929,Jared McCann,assists,rf_qrf_assists,0.3.0,empirical_qrf,0.0030324074074074073,0.0,0.0,,1041171555324455918,2026-01-10 19:59:37.810584
2026-01-10,24679,ANA,BUF,30000269,Radko Gudas,assists,rf_qrf_assists,0.3.0,empirical_qrf,0.0,0.0,0.0,,1041171555324455918,2026-01-10 19:59:37.810584
2026-01-10,24679,ANA,BUF,30000320,Chris Kreider,assists,rf_qrf_assists,0.3.0,empirical_qrf,0.0,0.0,0.0,,1041171555324455918,2026-01-10 19:59:37.810584
2026-01-10,24679,ANA,BUF,30000509,Justin Bailey,assists,rf_qrf_assists,0.3.0,empirical_qrf,0.0029183999771013355,0.0,0.006351228389444951,,1041171555324455918,2026-01-10 19:59:37.810584
2026-01-10,24679,ANA,BUF,30000515,Mikael Granlund,assists,rf_qrf_assists,0.3.0,empirical_qrf,0.0,0.0,0.0,,1041171555324455918,2026-01-10 19:59:37.810584
2026-01-10,24679,ANA,BUF,30000609,Frank Vatrano,assists,rf_qrf_assists,0.3.0,empirical_qrf,0.06332614899720163,0.0,0.25,,1041171555324455918,2026-01-10 19:59:37.810584
2026-01-10,24679,ANA,BUF,30000739,Alex Killorn,assists,rf_qrf_assists,0.3.0,empirical_qrf,0.017818842563077107,0.0,0.0342504892367906,,1041171555324455918,2026-01-10 19:59:37.810584
2026-01-10,24679,BUF,ANA,30006341,Christopher Brown,assists,rf_qrf_assists,0.3.0,empirical_qrf,0.006007220212454005,0.004723387260447405,0.007379149147830083,,1041171555324455918,2026-01-10 19:59:37.810584
2026-01-10,24679,BUF,ANA,30006342,Dominick Mersch,assists,rf_qrf_assists,0.3.0,empirical_qrf,0.006007220212454005,0.004723387260447405,0.007379149147830083,,1041171555324455918,2026-01-10 19:59:37.810584
2026-01-10,24679,ANA,BUF,30006017,Nikita Nesterenko,assists,rf_qrf_assists,0.3.0,empirical_qrf,0.0,0.0,0.0,,1041171555324455918,2026-01-10 19:59:37.810584
2026-01-10,24679,ANA,BUF,30006849,Tim Washe,assists,rf_qrf_assists,0.3.0,empirical_qrf,0.007442587426713686,0.0,0.014573788781541532,,1041171555324455918,2026-01-10 19:59:37.810584
2026-01-10,24679,BUF,ANA,30005793,Riley Fiddler-Schultz,assists,rf_qrf_assists,0.3.0,empirical_qrf,0.05573619523423483,0.0,0.1054511278195489,,1041171555324455918,2026-01-10 19:59:37.810584
2026-01-10,24679,BUF,ANA,30006028,Jagger Joshua,assists,rf_qrf_assists,0.3.0,empirical_qrf,0.0,0.0,0.0,,1041171555324455918,2026-01-10 19:59:37.810584
2026-01-10,24679,BUF,ANA,30006039,Aidan Fulp,assists,rf_qrf_assists,0.3.0,empirical_qrf,0.006007220212454005,0.004723387260447405,0.007379149147830083,,1041171555324455918,2026-01-10 19:59:37.810584
2026-01-10,24679,BUF,ANA,30006070,Zach Benson,assists,rf_qrf_assists,0.3.0,empirical_qrf,0.0,0.0,0.0,,1041171555324455918,2026-01-10 19:59:37.810584
2026-01-10,24679,BUF,ANA,30006092,Anton Wahlberg,assists,rf_qrf_assists,0.3.0,empirical_qrf,0.04047683843633018,0.0,0.0795909090909091,,1041171555324455918,2026-01-10 19:59:37.810584
2026-01-10,24679,BUF,ANA,30006340,Zach Metsa,assists,rf_qrf_assists,0.3.0,empirical_qrf,0.007441012691012691,0.0,0.0,,1041171555324455918,2026-01-10 19:59:37.810584
2026-01-10,24679,BUF,ANA,30005634,Noah Ostlund,assists,rf_qrf_assists,0.3.0,empirical_qrf,0.0,0.0,0.0,,1041171555324455918,2026-01-10 19:59:37.810584
2026-01-10,24679,BUF,ANA,30005644,Jiri Kulich,assists,rf_qrf_assists,0.3.0,empirical_qrf,0.005555555555555555,0.0,0.0,,1041171555324455918,2026-01-10 19:59:37.810584
2026-01-10,24679,BUF,ANA,30005685,Viktor Neuchev,assists,rf_qrf_assists,0.3.0,empirical_qrf,0.007217051467051467,0.0,0.0,,1041171555324455918,2026-01-10 19:59:37.810584
2026-01-10,24679,BUF,ANA,30005730,Vsevolod Komarov,assists,rf_qrf_assists,0.3.0,empirical_qrf,0.0,0.0,0.0,,1041171555324455918,2026-01-10 19:59:37.810584
2026-01-10,24679,BUF,ANA,30005764,Noah Laaouan,assists,rf_qrf_assists,0.3.0,empirical_qrf,0.046649358532124104,0.0,0.08571428571428572,,1041171555324455918,2026-01-10 19:59:37.810584
2026-01-10,24679,BUF,ANA,30005767,Graham Slaggert,assists,rf_qrf_assists,0.3.0,empirical_qrf,0.0025,0.0,0.0,,1041171555324455918,2026-01-10 19:59:37.810584
2026-01-10,24679,BUF,ANA,30005017,Josh Doan,assists,rf_qrf_assists,0.3.0,empirical_qrf,0.20501863876863874,0.0,0.5,,1041171555324455918,2026-01-10 19:59:37.810584
2026-01-10,24679,BUF,ANA,30005067,Isaac Belliveau,assists,rf_qrf_assists,0.3.0,empirical_qrf,0.006007220212454005,0.004723387260447405,0.007379149147830083,,1041171555324455918,2026-01-10 19:59:37.810584
2026-01-10,24679,BUF,ANA,30005147,Tyson Kozak,assists,rf_qrf_assists,0.3.0,empirical_qrf,0.0,0.0,0.0,,1041171555324455918,2026-01-10 19:59:37.810584
2026-01-10,24679,BUF,ANA,30005151,Olivier Nadeau,assists,rf_qrf_assists,0.3.0,empirical_qrf,5.208333333333334e-05,0.0,0.0,,1041171555324455918,2026-01-10 19:59:37.810584
2026-01-10,24679,BUF,ANA,30005441,Ryan Johnson,assists,rf_qrf_assists,0.3.0,empirical_qrf,0.04047683843633018,0.0,0.0795909090909091,,1041171555324455918,2026-01-10 19:59:37.810584
2026-01-10,24679,BUF,ANA,30005445,Nikita Novikov,assists,rf_qrf_assists,0.3.0,empirical_qrf,0.005781746031746032,0.0,0.0,,1041171555324455918,2026-01-10 19:59:37.810584
2026-01-10,24679,BUF,ANA,30004923,Josh Dunne,assists,rf_qrf_assists,0.3.0,empirical_qrf,0.004446310558882736,0.0,0.009955223880597016,,1041171555324455918,2026-01-10 19:59:37.810584
2026-01-10,24679,BUF,ANA,30004948,Carson Meyer,assists,rf_qrf_assists,0.3.0,empirical_qrf,0.004446310558882736,0.0,0.009955223880597016,,1041171555324455918,2026-01-10 19:59:37.810584
2026-01-10,24679,BUF,ANA,30004956,Justin Danforth,assists,rf_qrf_assists,0.3.0,empirical_qrf,0.0,0.0,0.0,,1041171555324455918,2026-01-10 19:59:37.810584
2026-01-10,24679,BUF,ANA,30004980,Owen Power,assists,rf_qrf_assists,0.3.0,empirical_qrf,0.0,0.0,0.0,,1041171555324455918,2026-01-10 19:59:37.810584
2026-01-10,24679,BUF,ANA,30004981,Devon Levi,assists,rf_qrf_assists,0.3.0,empirical_qrf,0.006007220212454005,0.004723387260447405,0.007379149147830083,,1041171555324455918,2026-01-10 19:59:37.810584
2026-01-10,24679,BUF,ANA,30004982,Isak Rosen,assists,rf_qrf_assists,0.3.0,empirical_qrf,0.02559695492197641,0.0,0.06060606060606061,,1041171555324455918,2026-01-10 19:59:37.810584
2026-01-10,24679,BUF,ANA,30004502,Peyton Krebs,assists,rf_qrf_assists,0.3.0,empirical_qrf,0.0032037037037037034,0.0,0.0,,1041171555324455918,2026-01-10 19:59:37.810584
2026-01-10,24679,BUF,ANA,30004554,Zac Jones,assists,rf_qrf_assists,0.3.0,empirical_qrf,0.03486491008304926,0.0,0.08333333333333333,,1041171555324455918,2026-01-10 19:59:37.810584
2026-01-10,24679,BUF,ANA,30004577,Colten Ellis,assists,rf_qrf_assists,0.3.0,empirical_qrf,0.006007220212454005,0.004723387260447405,0.007379149147830083,,1041171555324455918,2026-01-10 19:59:37.810584
2026-01-10,24679,BUF,ANA,30004670,Peter Tischke,assists,rf_qrf_assists,0.3.0,empirical_qrf,0.006007220212454005,0.004723387260447405,0.007379149147830083,,1041171555324455918,2026-01-10 19:59:37.810584
2026-01-10,24679,BUF,ANA,30004815,Jack Quinn,assists,rf_qrf_assists,0.3.0,empirical_qrf,0.0009722222222222221,0.0,0.0,,1041171555324455918,2026-01-10 19:59:37.810584
2026-01-10,24679,BUF,ANA,30004854,Trevor Kuntar,assists,rf_qrf_assists,0.3.0,empirical_qrf,0.05012124284119316,0.0,0.11764705882352941,,1041171555324455918,2026-01-10 19:59:37.810584
2026-01-10,24679,BUF,ANA,30004105,Mattias Samuelsson,assists,rf_qrf_assists,0.3.0,empirical_qrf,0.0,0.0,0.0,,1041171555324455918,2026-01-10 19:59:37.810584
2026-01-10,24679,BUF,ANA,30004117,Ryan McLeod,assists,rf_qrf_assists,0.3.0,empirical_qrf,0.0005714285714285715,0.0,0.0,,1041171555324455918,2026-01-10 19:59:37.810584
2026-01-10,24679,BUF,ANA,30004373,Michael Kesselring,assists,rf_qrf_assists,0.3.0,empirical_qrf,0.0632053872053872,0.0,0.2857142857142857,,1041171555324455918,2026-01-10 19:59:37.810584
2026-01-10,24679,BUF,ANA,30004380,Jack Rathbone,assists,rf_qrf_assists,0.3.0,empirical_qrf,0.0,0.0,0.0,,1041171555324455918,2026-01-10 19:59:37.810584
2026-01-10,24679,BUF,ANA,30004431,Jacob Bryson,assists,rf_qrf_assists,0.3.0,empirical_qrf,0.04047683843633018,0.0,0.0795909090909091,,1041171555324455918,2026-01-10 19:59:37.810584
2026-01-10,24679,BUF,ANA,30004474,Bowen Byram,assists,rf_qrf_assists,0.3.0,empirical_qrf,0.0006060606060606061,0.0,0.0,,1041171555324455918,2026-01-10 19:59:37.810584
2026-01-10,24679,BUF,ANA,30003221,Beck Malenstyn,assists,rf_qrf_assists,0.3.0,empirical_qrf,0.06503343946304911,0.0,0.14285714285714285,,1041171555324455918,2026-01-10 19:59:37.810584
2026-01-10,24679,BUF,ANA,30003665,Josh Norris,assists,rf_qrf_assists,0.3.0,empirical_qrf,0.0035555555555555553,0.0,0.0,,1041171555324455918,2026-01-10 19:59:37.810584
2026-01-10,24679,BUF,ANA,30003670,Conor Timmins,assists,rf_qrf_assists,0.3.0,empirical_qrf,0.03486491008304926,0.0,0.08333333333333333,,1041171555324455918,2026-01-10 19:59:37.810584
2026-01-10,24679,BUF,ANA,30003673,Ukko-Pekka Luukkonen,assists,rf_qrf_assists,0.3.0,empirical_qrf,0.006007220212454005,0.004723387260447405,0.007379149147830083,,1041171555324455918,2026-01-10 19:59:37.810584
2026-01-10,24679,BUF,ANA,30003699,Jake Leschyshyn,assists,rf_qrf_assists,0.3.0,empirical_qrf,0.007442587426713686,0.0,0.014573788781541532,,1041171555324455918,2026-01-10 19:59:37.810584
2026-01-10,24679,BUF,ANA,30003750,Rasmus Dahlin,assists,rf_qrf_assists,0.3.0,empirical_qrf,0.013867063492063493,0.0,0.0,,1041171555324455918,2026-01-10 19:59:37.810584
2026-01-10,24679,BUF,ANA,30002577,Alex Tuch,assists,rf_qrf_assists,0.3.0,empirical_qrf,0.2975072751322751,0.0,0.6666666666666666,,1041171555324455918,2026-01-10 19:59:37.810584
2026-01-10,24679,BUF,ANA,30002762,Mason Geertsen,assists,rf_qrf_assists,0.3.0,empirical_qrf,0.0029183999771013355,0.0,0.006351228389444951,,1041171555324455918,2026-01-10 19:59:37.810584
2026-01-10,24679,BUF,ANA,30002774,Jordan Greenway,assists,rf_qrf_assists,0.3.0,empirical_qrf,0.006007220212454005,0.004723387260447405,0.007379149147830083,,1041171555324455918,2026-01-10 19:59:37.810584
2026-01-10,24679,BUF,ANA,30002797,Brendan Warren,assists,rf_qrf_assists,0.3.0,empirical_qrf,0.004446310558882736,0.0,0.009955223880597016,,1041171555324455918,2026-01-10 19:59:37.810584
2026-01-10,24679,BUF,ANA,30003074,Alex Lyon,assists,rf_qrf_assists,0.3.0,empirical_qrf,0.006007220212454005,0.004723387260447405,0.007379149147830083,,1041171555324455918,2026-01-10 19:59:37.810584
2026-01-10,24679,BUF,ANA,30003158,Tage Thompson,assists,rf_qrf_assists,0.3.0,empirical_qrf,0.005,0.0,0.0,,1041171555324455918,2026-01-10 19:59:37.810584
2026-01-10,24679,ANA,BUF,30006161,Yegor Sidorov,assists,rf_qrf_assists,0.3.0,empirical_qrf,0.0027222222222222222,0.0,0.0,,1041171555324455918,2026-01-10 19:59:37.810584
2026-01-10,24679,ANA,BUF,30006162,Konnor Smith,assists,rf_qrf_assists,0.3.0,empirical_qrf,0.006007220212454005,0.004723387260447405,0.007379149147830083,,1041171555324455918,2026-01-10 19:59:37.810584
2026-01-10,24679,ANA,BUF,30006310,Roman Kinal,assists,rf_qrf_assists,0.3.0,empirical_qrf,0.046649358532124104,0.0,0.08571428571428572,,1041171555324455918,2026-01-10 19:59:37.810584
2026-01-10,24679,ANA,BUF,30006353,Easton Armstrong,assists,rf_qrf_assists,0.3.0,empirical_qrf,0.006007220212454005,0.004723387260447405,0.007379149147830083,,1041171555324455918,2026-01-10 19:59:37.810584
2026-01-10,24679,ANA,BUF,30006483,Beckett Sennecke,assists,rf_qrf_assists,0.3.0,empirical_qrf,0.0,0.0,0.0,,1041171555324455918,2026-01-10 19:59:37.810584
2026-01-10,24679,BUF,ANA,30000523,Jason Zucker,assists,rf_qrf_assists,0.3.0,empirical_qrf,0.333852057256469,0.0,0.8,,1041171555324455918,2026-01-10 19:59:37.810584
2026-01-10,24679,ANA,BUF,30005678,Tristan Luneau,assists,rf_qrf_assists,0.3.0,empirical_qrf,0.0,0.0,0.0,,1041171555324455918,2026-01-10 19:59:37.810584
2026-01-10,24679,ANA,BUF,30005945,Tomas Suchanek,assists,rf_qrf_assists,0.3.0,empirical_qrf,0.006007220212454005,0.004723387260447405,0.007379149147830083,,1041171555324455918,2026-01-10 19:59:37.810584
2026-01-10,24679,ANA,BUF,30006016,Jaxsen Wiebe,assists,rf_qrf_assists,0.3.0,empirical_qrf,0.006007220212454005,0.004723387260447405,0.007379149147830083,,1041171555324455918,2026-01-10 19:59:37.810584
2026-01-10,24679,ANA,BUF,30006069,Leo Carlsson,assists,rf_qrf_assists,0.3.0,empirical_qrf,0.022527777777777775,0.0,0.0,,1041171555324455918,2026-01-10 19:59:37.810584
2026-01-10,24679,ANA,BUF,30006117,Nico Myatovic,assists,rf_qrf_assists,0.3.0,empirical_qrf,0.0,0.0,0.0,,1041171555324455918,2026-01-10 19:59:37.810584
2026-01-10,24679,ANA,BUF,30006129,Coulson Pitre,assists,rf_qrf_assists,0.3.0,empirical_qrf,0.02246741520003329,0.0,0.046189624329159226,,1041171555324455918,2026-01-10 19:59:37.810584
2026-01-10,24679,ANA,BUF,30005275,Tyson Hinds,assists,rf_qrf_assists,0.3.0,empirical_qrf,0.0,0.0,0.0,,1041171555324455918,2026-01-10 19:59:37.810584
2026-01-10,24679,ANA,BUF,30005285,Jeremie Biakabutuka,assists,rf_qrf_assists,0.3.0,empirical_qrf,0.006007220212454005,0.004723387260447405,0.007379149147830083,,1041171555324455918,2026-01-10 19:59:37.810584
2026-01-10,24679,ANA,BUF,30005615,Pavel Mintyukov,assists,rf_qrf_assists,0.3.0,empirical_qrf,0.0,0.0,0.0,,1041171555324455918,2026-01-10 19:59:37.810584
2026-01-10,24679,ANA,BUF,30005620,Cutter Gauthier,assists,rf_qrf_assists,0.3.0,empirical_qrf,0.0,0.0,0.0,,1041171555324455918,2026-01-10 19:59:37.810584
2026-01-10,24679,ANA,BUF,30005643,Nathan Gaucher,assists,rf_qrf_assists,0.3.0,empirical_qrf,0.0,0.0,0.0,,1041171555324455918,2026-01-10 19:59:37.810584
2026-01-10,24679,ANA,BUF,30005677,Noah Warren,assists,rf_qrf_assists,0.3.0,empirical_qrf,0.007442587426713686,0.0,0.014573788781541532,,1041171555324455918,2026-01-10 19:59:37.810584
2026-01-10,24679,ANA,BUF,30004829,Sam Colangelo,assists,rf_qrf_assists,0.3.0,empirical_qrf,0.0027250249750249748,0.0,0.0,,1041171555324455918,2026-01-10 19:59:37.810584
2026-01-10,24679,ANA,BUF,30004861,Ian Moore,assists,rf_qrf_assists,0.3.0,empirical_qrf,0.0,0.0,0.0,,1041171555324455918,2026-01-10 19:59:37.810584
2026-01-10,24679,ANA,BUF,30004997,Mason McTavish,assists,rf_qrf_assists,0.3.0,empirical_qrf,0.0632053872053872,0.0,0.2857142857142857,,1041171555324455918,2026-01-10 19:59:37.810584
2026-01-10,24679,ANA,BUF,30005018,Olen Zellweger,assists,rf_qrf_assists,0.3.0,empirical_qrf,0.0,0.0,0.0,,1041171555324455918,2026-01-10 19:59:37.810584
2026-01-10,24679,ANA,BUF,30005051,Sasha Pastujov,assists,rf_qrf_assists,0.3.0,empirical_qrf,0.0,0.0,0.0,,1041171555324455918,2026-01-10 19:59:37.810584
2026-01-10,24679,ANA,BUF,30005095,Davis Codd,assists,rf_qrf_assists,0.3.0,empirical_qrf,0.0,0.0,0.0,,1041171555324455918,2026-01-10 19:59:37.810584
2026-01-10,24679,ANA,BUF,30003948,David Cotton,assists,rf_qrf_assists,0.3.0,empirical_qrf,0.0016666666666666668,0.0,0.0,,1041171555324455918,2026-01-10 19:59:37.810584
2026-01-10,24679,ANA,BUF,30004160,Lukas Dostal,assists,rf_qrf_assists,0.3.0,empirical_qrf,0.006007220212454005,0.004723387260447405,0.007379149147830083,,1041171555324455918,2026-01-10 19:59:37.810584
2026-01-10,24679,ANA,BUF,30004512,Drew Helleson,assists,rf_qrf_assists,0.3.0,empirical_qrf,0.0,0.0,0.0,,1041171555324455918,2026-01-10 19:59:37.810584
2026-01-10,24679,ANA,BUF,30004526,Jackson LaCombe,assists,rf_qrf_assists,0.3.0,empirical_qrf,0.0,0.0,0.0,,1041171555324455918,2026-01-10 19:59:37.810584
2026-01-10,24679,ANA,BUF,30004550,Judd Caulfield,assists,rf_qrf_assists,0.3.0,empirical_qrf,0.006007220212454005,0.004723387260447405,0.007379149147830083,,1041171555324455918,2026-01-10 19:59:37.810584
2026-01-10,24679,ANA,BUF,30004828,Calle Clang,assists,rf_qrf_assists,0.3.0,empirical_qrf,0.006007220212454005,0.004723387260447405,0.007379149147830083,,1041171555324455918,2026-01-10 19:59:37.810584
2026-01-10,24679,ANA,BUF,30002773,Jansen Harkins,assists,rf_qrf_assists,0.3.0,empirical_qrf,0.006007220212454005,0.004723387260447405,0.007379149147830083,,1041171555324455918,2026-01-10 19:59:37.810584
2026-01-10,24679,ANA,BUF,30002864,Nikolas Brouillard,assists,rf_qrf_assists,0.3.0,empirical_qrf,0.006007220212454005,0.004723387260447405,0.007379149147830083,,1041171555324455918,2026-01-10 19:59:37.810584
2026-01-10,24679,ANA,BUF,30003197,Carsen Twarynski,assists,rf_qrf_assists,0.3.0,empirical_qrf,0.006007220212454005,0.004723387260447405,0.007379149147830083,,1041171555324455918,2026-01-10 19:59:37.810584
2026-01-10,24679,ANA,BUF,30003475,Matthew Phillips,assists,rf_qrf_assists,0.3.0,empirical_qrf,0.0025,0.0,0.0,,1041171555324455918,2026-01-10 19:59:37.810584
2026-01-10,24679,ANA,BUF,30003650,Ryan Poehling,assists,rf_qrf_assists,0.3.0,empirical_qrf,0.0,0.0,0.0,,1041171555324455918,2026-01-10 19:59:37.810584
2026-01-10,24679,ANA,BUF,30003747,Troy Terry,assists,rf_qrf_assists,0.3.0,empirical_qrf,0.0,0.0,0.0,,1041171555324455918,2026-01-10 19:59:37.810584
2026-01-10,24679,ANA,BUF,30000834,Jacob Trouba,assists,rf_qrf_assists,0.3.0,empirical_qrf,0.017818842563077107,0.0,0.0342504892367906,,1041171555324455918,2026-01-10 19:59:37.810584
2026-01-10,24679,ANA,BUF,30000998,Ross Johnston,assists,rf_qrf_assists,0.3.0,empirical_qrf,0.0,0.0,0.0,,1041171555324455918,2026-01-10 19:59:37.810584
2026-01-10,24679,ANA,BUF,30001005,Ryan Strome,assists,rf_qrf_assists,0.3.0,empirical_qrf,0.0035061026936026936,0.0,0.0,,1041171555324455918,2026-01-10 19:59:37.810584
2026-01-10,24679,ANA,BUF,30001009,Petr Mrazek,assists,rf_qrf_assists,0.3.0,empirical_qrf,0.006007220212454005,0.004723387260447405,0.007379149147830083,,1041171555324455918,2026-01-10 19:59:37.810584
2026-01-10,24679,ANA,BUF,30002528,Tyrell Goulbourne,assists,rf_qrf_assists,0.3.0,empirical_qrf,0.006007220212454005,0.004723387260447405,0.007379149147830083,,1041171555324455918,2026-01-10 19:59:37.810584
2026-01-10,24679,ANA,BUF,30002760,Ville Husso,assists,rf_qrf_assists,0.3.0,empirical_qrf,0.006007220212454005,0.004723387260447405,0.007379149147830083,,1041171555324455918,2026-01-10 19:59:37.810584
2026-01-10,24680,NYI,MIN,30003226,Ethan Bear,assists,rf_qrf_assists,0.3.0,empirical_qrf,0.006007220212454005,0.004723387260447405,0.007379149147830083,,1041171555324455918,2026-01-10 19:59:37.810584
2026-01-10,24680,NYI,MIN,30006041,Cole McWard,assists,rf_qrf_assists,0.3.0,empirical_qrf,0.004446310558882736,0.0,0.009955223880597016,,1041171555324455918,2026-01-10 19:59:37.810584
2026-01-10,24680,MIN,NYI,30005669,Hunter Haight,assists,rf_qrf_assists,0.3.0,empirical_qrf,0.004188492063492063,0.0,0.0,,1041171555324455918,2026-01-10 19:59:37.810584
2026-01-10,24680,MIN,NYI,30005845,David Spacek,assists,rf_qrf_assists,0.3.0,empirical_qrf,0.04047683843633018,0.0,0.0795909090909091,,1041171555324455918,2026-01-10 19:59:37.810584
2026-01-10,24680,MIN,NYI,30006109,Riley Heidt,assists,rf_qrf_assists,0.3.0,empirical_qrf,0.0,0.0,0.0,,1041171555324455918,2026-01-10 19:59:37.810584
2026-01-10,24680,MIN,NYI,30006110,Rasmus Kumpulainen,assists,rf_qrf_assists,0.3.0,empirical_qrf,0.006007220212454005,0.004723387260447405,0.007379149147830083,,1041171555324455918,2026-01-10 19:59:37.810584
2026-01-10,24680,MIN,NYI,30006308,Bradley Marek,assists,rf_qrf_assists,0.3.0,empirical_qrf,0.006007220212454005,0.004723387260447405,0.007379149147830083,,1041171555324455918,2026-01-10 19:59:37.810584
2026-01-10,24680,MIN,NYI,30003167,Boris Katchouk,assists,rf_qrf_assists,0.3.0,empirical_qrf,0.0,0.0,0.0,,1041171555324455918,2026-01-10 19:59:37.810584
2026-01-10,24680,MIN,NYI,30005094,Cameron Butler,assists,rf_qrf_assists,0.3.0,empirical_qrf,0.0,0.0,0.0,,1041171555324455918,2026-01-10 19:59:37.810584
2026-01-10,24680,MIN,NYI,30005102,Caedan Bankier,assists,rf_qrf_assists,0.3.0,empirical_qrf,0.0,0.0,0.0,,1041171555324455918,2026-01-10 19:59:37.810584
2026-01-10,24680,MIN,NYI,30005274,Louka Henault,assists,rf_qrf_assists,0.3.0,empirical_qrf,0.006007220212454005,0.004723387260447405,0.007379149147830083,,1041171555324455918,2026-01-10 19:59:37.810584
2026-01-10,24680,MIN,NYI,30005361,Benjamin Brinkman,assists,rf_qrf_assists,0.3.0,empirical_qrf,0.006007220212454005,0.004723387260447405,0.007379149147830083,,1041171555324455918,2026-01-10 19:59:37.810584
2026-01-10,24680,MIN,NYI,30005612,David Jiricek,assists,rf_qrf_assists,0.3.0,empirical_qrf,0.0,0.0,0.0,,1041171555324455918,2026-01-10 19:59:37.810584
2026-01-10,24680,MIN,NYI,30005627,Danila Yurov,assists,rf_qrf_assists,0.3.0,empirical_qrf,0.01633175518633685,0.0,0.03773584905660377,,1041171555324455918,2026-01-10 19:59:37.810584
2026-01-10,24680,MIN,NYI,30004847,Daemon Hunt,assists,rf_qrf_assists,0.3.0,empirical_qrf,0.01473488629736968,0.0,0.032841530054644824,,1041171555324455918,2026-01-10 19:59:37.810584
2026-01-10,24680,MIN,NYI,30004935,Matt Kiersted,assists,rf_qrf_assists,0.3.0,empirical_qrf,0.0,0.0,0.0,,1041171555324455918,2026-01-10 19:59:37.810584
2026-01-10,24680,MIN,NYI,30004970,Wyatt Newpower,assists,rf_qrf_assists,0.3.0,empirical_qrf,0.01614033189033189,0.0,0.0,,1041171555324455918,2026-01-10 19:59:37.810584
2026-01-10,24680,MIN,NYI,30005005,Oskar Olausson,assists,rf_qrf_assists,0.3.0,empirical_qrf,0.01633175518633685,0.0,0.03773584905660377,,1041171555324455918,2026-01-10 19:59:37.810584
2026-01-10,24680,MIN,NYI,30005007,Carson Lambos,assists,rf_qrf_assists,0.3.0,empirical_qrf,0.0,0.0,0.0,,1041171555324455918,2026-01-10 19:59:37.810584
2026-01-10,24680,MIN,NYI,30005008,Jesper Wallstedt,assists,rf_qrf_assists,0.3.0,empirical_qrf,0.006007220212454005,0.004723387260447405,0.007379149147830083,,1041171555324455918,2026-01-10 19:59:37.810584
2026-01-10,24680,MIN,NYI,30004080,Quinn Hughes,assists,rf_qrf_assists,0.3.0,empirical_qrf,0.002277777777777778,0.0,0.0,,1041171555324455918,2026-01-10 19:59:37.810584
2026-01-10,24680,MIN,NYI,30004196,Ben Gleason,assists,rf_qrf_assists,0.3.0,empirical_qrf,0.022952380952380953,0.0,0.0,,1041171555324455918,2026-01-10 19:59:37.810584
2026-01-10,24680,MIN,NYI,30004417,Nico Sturm,assists,rf_qrf_assists,0.3.0,empirical_qrf,0.007442587426713686,0.0,0.014573788781541532,,1041171555324455918,2026-01-10 19:59:37.810584
2026-01-10,24680,MIN,NYI,30004480,Matt Boldy,assists,rf_qrf_assists,0.3.0,empirical_qrf,0.020027777777777776,0.0,0.0,,1041171555324455918,2026-01-10 19:59:37.810584
2026-01-10,24680,MIN,NYI,30004784,Kirill Kaprizov,assists,rf_qrf_assists,0.3.0,empirical_qrf,0.0004166666666666667,0.0,0.0,,1041171555324455918,2026-01-10 19:59:37.810584
2026-01-10,24680,MIN,NYI,30004835,Brock Faber,assists,rf_qrf_assists,0.3.0,empirical_qrf,0.0,0.0,0.0,,1041171555324455918,2026-01-10 19:59:37.810584
2026-01-10,24680,MIN,NYI,30001355,Zach Bogosian,assists,rf_qrf_assists,0.3.0,empirical_qrf,0.004446310558882736,0.0,0.009955223880597016,,1041171555324455918,2026-01-10 19:59:37.810584
2026-01-10,24680,MIN,NYI,30002719,Jacob Middleton,assists,rf_qrf_assists,0.3.0,empirical_qrf,0.04067124759771819,0.0,0.2,,1041171555324455918,2026-01-10 19:59:37.810584
2026-01-10,24680,MIN,NYI,30002820,Joel Eriksson Ek,assists,rf_qrf_assists,0.3.0,empirical_qrf,0.0015833333333333333,0.0,0.0,,1041171555324455918,2026-01-10 19:59:37.810584
2026-01-10,24680,MIN,NYI,30003173,Filip Gustavsson,assists,rf_qrf_assists,0.3.0,empirical_qrf,0.006007220212454005,0.004723387260447405,0.007379149147830083,,1041171555324455918,2026-01-10 19:59:37.810584
2026-01-10,24680,MIN,NYI,30003611,Cal Petersen,assists,rf_qrf_assists,0.3.0,empirical_qrf,0.006007220212454005,0.004723387260447405,0.007379149147830083,,1041171555324455918,2026-01-10 19:59:37.810584
2026-01-10,24680,MIN,NYI,30003774,Ben Jones,assists,rf_qrf_assists,0.3.0,empirical_qrf,0.017818842563077107,0.0,0.0342504892367906,,1041171555324455918,2026-01-10 19:59:37.810584
2026-01-10,24680,MIN,NYI,30000524,Jonas Brodin,assists,rf_qrf_assists,0.3.0,empirical_qrf,0.0,0.0,0.0,,1041171555324455918,2026-01-10 19:59:37.810584
2026-01-10,24680,MIN,NYI,30000797,Vladimir Tarasenko,assists,rf_qrf_assists,0.3.0,empirical_qrf,0.0031706349206349206,0.0,0.0,,1041171555324455918,2026-01-10 19:59:37.810584
2026-01-10,24680,MIN,NYI,30001012,Ryan Hartman,assists,rf_qrf_assists,0.3.0,empirical_qrf,0.015972222222222224,0.0,0.0,,1041171555324455918,2026-01-10 19:59:37.810584
2026-01-10,24680,MIN,NYI,30001013,Vinnie Hinostroza,assists,rf_qrf_assists,0.3.0,empirical_qrf,0.0,0.0,0.0,,1041171555324455918,2026-01-10 19:59:37.810584
2026-01-10,24680,MIN,NYI,30001087,Mats Zuccarello,assists,rf_qrf_assists,0.3.0,empirical_qrf,0.0006060606060606061,0.0,0.0,,1041171555324455918,2026-01-10 19:59:37.810584
2026-01-10,24680,MIN,NYI,30001309,Marcus Johansson,assists,rf_qrf_assists,0.3.0,empirical_qrf,0.02559695492197641,0.0,0.06060606060606061,,1041171555324455918,2026-01-10 19:59:37.810584
2026-01-10,24680,NYI,MIN,30006857,Matthew Schaefer,assists,rf_qrf_assists,0.3.0,empirical_qrf,0.0,0.0,0.0,,1041171555324455918,2026-01-10 19:59:37.810584
2026-01-10,24680,NYI,MIN,30006925,Maxim Shabanov,assists,rf_qrf_assists,0.3.0,empirical_qrf,0.0,0.0,0.0,,1041171555324455918,2026-01-10 19:59:37.810584
2026-01-10,24680,MIN,NYI,30000257,Yakov Trenin,assists,rf_qrf_assists,0.3.0,empirical_qrf,0.0017715924426450742,0.0,0.0,,1041171555324455918,2026-01-10 19:59:37.810584
2026-01-10,24680,MIN,NYI,30000266,Nicolas Aube-Kubel,assists,rf_qrf_assists,0.3.0,empirical_qrf,0.0029183999771013355,0.0,0.006351228389444951,,1041171555324455918,2026-01-10 19:59:37.810584
2026-01-10,24680,MIN,NYI,30000499,Marcus Foligno,assists,rf_qrf_assists,0.3.0,empirical_qrf,0.0035061026936026936,0.0,0.0,,1041171555324455918,2026-01-10 19:59:37.810584
2026-01-10,24680,MIN,NYI,30000517,Jared Spurgeon,assists,rf_qrf_assists,0.3.0,empirical_qrf,0.0,0.0,0.0,,1041171555324455918,2026-01-10 19:59:37.810584
2026-01-10,24680,NYI,MIN,30006038,Travis Mitchell,assists,rf_qrf_assists,0.3.0,empirical_qrf,0.0029183999771013355,0.0,0.006351228389444951,,1041171555324455918,2026-01-10 19:59:37.810584
2026-01-10,24680,NYI,MIN,30006078,Calum Ritchie,assists,rf_qrf_assists,0.3.0,empirical_qrf,0.0035061026936026936,0.0,0.0,,1041171555324455918,2026-01-10 19:59:37.810584
2026-01-10,24680,NYI,MIN,30006247,Justin Gill,assists,rf_qrf_assists,0.3.0,empirical_qrf,0.006007220212454005,0.004723387260447405,0.007379149147830083,,1041171555324455918,2026-01-10 19:59:37.810584
2026-01-10,24680,NYI,MIN,30006400,Artem Kulakov,assists,rf_qrf_assists,0.3.0,empirical_qrf,0.006007220212454005,0.004723387260447405,0.007379149147830083,,1041171555324455918,2026-01-10 19:59:37.810584
2026-01-10,24680,NYI,MIN,30006402,Joseph Cipollone,assists,rf_qrf_assists,0.3.0,empirical_qrf,0.006007220212454005,0.004723387260447405,0.007379149147830083,,1041171555324455918,2026-01-10 19:59:37.810584
2026-01-10,24680,NYI,MIN,30006475,Maxim Tsyplakov,assists,rf_qrf_assists,0.3.0,empirical_qrf,0.0,0.0,0.0,,1041171555324455918,2026-01-10 19:59:37.810584
2026-01-10,24680,NYI,MIN,30005265,Eetu Liukas,assists,rf_qrf_assists,0.3.0,empirical_qrf,0.006007220212454005,0.004723387260447405,0.007379149147830083,,1041171555324455918,2026-01-10 19:59:37.810584
2026-01-10,24680,NYI,MIN,30005661,Calle Odelius,assists,rf_qrf_assists,0.3.0,empirical_qrf,0.08894187245647789,0.0,0.20068965517241397,,1041171555324455918,2026-01-10 19:59:37.810584
2026-01-10,24680,NYI,MIN,30005705,Isaiah George,assists,rf_qrf_assists,0.3.0,empirical_qrf,0.0,0.0,0.0,,1041171555324455918,2026-01-10 19:59:37.810584
2026-01-10,24680,NYI,MIN,30005828,Marc Gatcomb,assists,rf_qrf_assists,0.3.0,empirical_qrf,0.06503343946304911,0.0,0.14285714285714285,,1041171555324455918,2026-01-10 19:59:37.810584
2026-01-10,24680,NYI,MIN,30005856,Daylan Kuefler,assists,rf_qrf_assists,0.3.0,empirical_qrf,0.006007220212454005,0.004723387260447405,0.007379149147830083,,1041171555324455918,2026-01-10 19:59:37.810584
2026-01-10,24680,NYI,MIN,30005858,Matthew Maggio,assists,rf_qrf_assists,0.3.0,empirical_qrf,0.0,0.0,0.0,,1041171555324455918,2026-01-10 19:59:37.810584
2026-01-10,24680,NYI,MIN,30004332,Kyle MacLean,assists,rf_qrf_assists,0.3.0,empirical_qrf,0.017818842563077107,0.0,0.0342504892367906,,1041171555324455918,2026-01-10 19:59:37.810584
2026-01-10,24680,NYI,MIN,30004498,Simon Holmstrom,assists,rf_qrf_assists,0.3.0,empirical_qrf,0.0,0.0,0.0,,1041171555324455918,2026-01-10 19:59:37.810584
2026-01-10,24680,NYI,MIN,30004525,Adam Beckman,assists,rf_qrf_assists,0.3.0,empirical_qrf,0.0,0.0,0.0,,1041171555324455918,2026-01-10 19:59:37.810584
2026-01-10,24680,NYI,MIN,30004845,Emil Heineman,assists,rf_qrf_assists,0.3.0,empirical_qrf,0.028222222222222218,0.0,0.0,,1041171555324455918,2026-01-10 19:59:37.810584
2026-01-10,24680,NYI,MIN,30005205,Tristan Lennox,assists,rf_qrf_assists,0.3.0,empirical_qrf,0.006007220212454005,0.004723387260447405,0.007379149147830083,,1041171555324455918,2026-01-10 19:59:37.810584
2026-01-10,24680,NYI,MIN,30005262,Henrik Tikkanen,assists,rf_qrf_assists,0.3.0,empirical_qrf,0.006007220212454005,0.004723387260447405,0.007379149147830083,,1041171555324455918,2026-01-10 19:59:37.810584
2026-01-10,24680,NYI,MIN,30003126,David Rittich,assists,rf_qrf_assists,0.3.0,empirical_qrf,0.006007220212454005,0.004723387260447405,0.007379149147830083,,1041171555324455918,2026-01-10 19:59:37.810584
2026-01-10,24680,NYI,MIN,30003189,Sean Day,assists,rf_qrf_assists,0.3.0,empirical_qrf,0.0,0.0,0.0,,1041171555324455918,2026-01-10 19:59:37.810584
2026-01-10,24680,NYI,MIN,30003541,Matthew Highmore,assists,rf_qrf_assists,0.3.0,empirical_qrf,0.007442587426713686,0.0,0.014573788781541532,,1041171555324455918,2026-01-10 19:59:37.810584
2026-01-10,24680,NYI,MIN,30004051,Pierre Engvall,assists,rf_qrf_assists,0.3.0,empirical_qrf,0.005638888888888889,0.0,0.0,,1041171555324455918,2026-01-10 19:59:37.810584
2026-01-10,24680,NYI,MIN,30004091,Adam Boqvist,assists,rf_qrf_assists,0.3.0,empirical_qrf,0.0,0.0,0.0,,1041171555324455918,2026-01-10 19:59:37.810584
2026-01-10,24680,NYI,MIN,30004176,Alexander Romanov,assists,rf_qrf_assists,0.3.0,empirical_qrf,0.0,0.0,0.0,,1041171555324455918,2026-01-10 19:59:37.810584
2026-01-10,24680,NYI,MIN,30000999,Scott Mayfield,assists,rf_qrf_assists,0.3.0,empirical_qrf,0.04593915718620134,0.0,0.10526315789473684,,1041171555324455918,2026-01-10 19:59:37.810584
2026-01-10,24680,NYI,MIN,30001003,Ryan Pulock,assists,rf_qrf_assists,0.3.0,empirical_qrf,0.04047683843633018,0.0,0.0795909090909091,,1041171555324455918,2026-01-10 19:59:37.810584
2026-01-10,24680,NYI,MIN,30001155,Casey Cizikas,assists,rf_qrf_assists,0.3.0,empirical_qrf,0.04047683843633018,0.0,0.0795909090909091,,1041171555324455918,2026-01-10 19:59:37.810584
2026-01-10,24680,NYI,MIN,30001276,Bo Horvat,assists,rf_qrf_assists,0.3.0,empirical_qrf,0.0,0.0,0.0,,1041171555324455918,2026-01-10 19:59:37.810584
2026-01-10,24680,NYI,MIN,30002533,Marcus Hogberg,assists,rf_qrf_assists,0.3.0,empirical_qrf,0.006007220212454005,0.004723387260447405,0.007379149147830083,,1041171555324455918,2026-01-10 19:59:37.810584
2026-01-10,24680,NYI,MIN,30002618,Ilya Sorokin,assists,rf_qrf_assists,0.3.0,empirical_qrf,0.006007220212454005,0.004723387260447405,0.007379149147830083,,1041171555324455918,2026-01-10 19:59:37.810584
2026-01-10,24680,NYI,MIN,30000644,Chris Terry,assists,rf_qrf_assists,0.3.0,empirical_qrf,0.0,0.0,0.0,,1041171555324455918,2026-01-10 19:59:37.810584
2026-01-10,24680,NYI,MIN,30000733,Tony DeAngelo,assists,rf_qrf_assists,0.3.0,empirical_qrf,0.0016884531590413943,0.0,0.0,,1041171555324455918,2026-01-10 19:59:37.810584
2026-01-10,24680,NYI,MIN,30000734,Jonathan Drouin,assists,rf_qrf_assists,0.3.0,empirical_qrf,0.0,0.0,0.0,,1041171555324455918,2026-01-10 19:59:37.810584
2026-01-10,24680,NYI,MIN,30000875,Semyon Varlamov,assists,rf_qrf_assists,0.3.0,empirical_qrf,0.006007220212454005,0.004723387260447405,0.007379149147830083,,1041171555324455918,2026-01-10 19:59:37.810584
2026-01-10,24680,NYI,MIN,30000966,Jean-Gabriel Pageau,assists,rf_qrf_assists,0.3.0,empirical_qrf,0.0,0.0,0.0,,1041171555324455918,2026-01-10 19:59:37.810584
2026-01-10,24680,NYI,MIN,30000986,Seth Helgeson,assists,rf_qrf_assists,0.3.0,empirical_qrf,0.01473488629736968,0.0,0.032841530054644824,,1041171555324455918,2026-01-10 19:59:37.810584
2026-01-10,24680,NYI,MIN,30000204,Kyle Palmieri,assists,rf_qrf_assists,0.3.0,empirical_qrf,0.001722222222222222,0.0,0.0,,1041171555324455918,2026-01-10 19:59:37.810584
2026-01-10,24680,NYI,MIN,30000276,Anders Lee,assists,rf_qrf_assists,0.3.0,empirical_qrf,0.0,0.0,0.0,,1041171555324455918,2026-01-10 19:59:37.810584
2026-01-10,24680,NYI,MIN,30000290,Adam Pelech,assists,rf_qrf_assists,0.3.0,empirical_qrf,0.0,0.0,0.0,,1041171555324455918,2026-01-10 19:59:37.810584
2026-01-10,24680,NYI,MIN,30000292,Mathew Barzal,assists,rf_qrf_assists,0.3.0,empirical_qrf,0.0,0.0,0.0,,1041171555324455918,2026-01-10 19:59:37.810584
2026-01-10,24680,NYI,MIN,30000571,Anthony Duclair,assists,rf_qrf_assists,0.3.0,empirical_qrf,0.0,0.0,0.0,,1041171555324455918,2026-01-10 19:59:37.810584
2026-01-10,24681,CHI,NAS,30000585,Andre Burakovsky,assists,rf_qrf_assists,0.3.0,empirical_qrf,0.02559695492197641,0.0,0.06060606060606061,,1041171555324455918,2026-01-10 19:59:37.810584
2026-01-10,24681,CHI,NAS,30000691,Nick Foligno,assists,rf_qrf_assists,0.3.0,empirical_qrf,0.0027250249750249748,0.0,0.0,,1041171555324455918,2026-01-10 19:59:37.810584
2026-01-10,24681,CHI,NAS,30000748,Jason Dickinson,assists,rf_qrf_assists,0.3.0,empirical_qrf,0.05436095055009998,0.0,0.1,,1041171555324455918,2026-01-10 19:59:37.810584
2026-01-10,24681,CHI,NAS,30000842,Tyler Bertuzzi,assists,rf_qrf_assists,0.3.0,empirical_qrf,0.0035555555555555553,0.0,0.0,,1041171555324455918,2026-01-10 19:59:37.810584
2026-01-10,24681,CHI,NAS,30000871,Teuvo Teravainen,assists,rf_qrf_assists,0.3.0,empirical_qrf,0.0,0.0,0.0,,1041171555324455918,2026-01-10 19:59:37.810584
2026-01-10,24681,CHI,NAS,30001060,Shea Weber,assists,rf_qrf_assists,0.3.0,empirical_qrf,0.006007220212454005,0.004723387260447405,0.007379149147830083,,1041171555324455918,2026-01-10 19:59:37.810584
2026-01-10,24681,CHI,NAS,30005839,Jake Furlong,assists,rf_qrf_assists,0.3.0,empirical_qrf,0.006007220212454005,0.004723387260447405,0.007379149147830083,,1041171555324455918,2026-01-10 19:59:37.810584
2026-01-10,24681,CHI,NAS,30006926,Stanislav Berezhnoy,assists,rf_qrf_assists,0.3.0,empirical_qrf,0.006007220212454005,0.004723387260447405,0.007379149147830083,,1041171555324455918,2026-01-10 19:59:37.810584
2026-01-10,24681,NAS,CHI,30006089,David Edstrom,assists,rf_qrf_assists,0.3.0,empirical_qrf,0.0,0.0,0.0,,1041171555324455918,2026-01-10 19:59:37.810584
2026-01-10,24681,NAS,CHI,30006095,Andrew Gibson,assists,rf_qrf_assists,0.3.0,empirical_qrf,0.0,0.0,0.0,,1041171555324455918,2026-01-10 19:59:37.810584
2026-01-10,24681,NAS,CHI,30006107,Kalan Lind,assists,rf_qrf_assists,0.3.0,empirical_qrf,0.006007220212454005,0.004723387260447405,0.007379149147830083,,1041171555324455918,2026-01-10 19:59:37.810584
2026-01-10,24681,NAS,CHI,30006185,Joey Willis,assists,rf_qrf_assists,0.3.0,empirical_qrf,0.006007220212454005,0.004723387260447405,0.007379149147830083,,1041171555324455918,2026-01-10 19:59:37.810584
2026-01-10,24681,CHI,NAS,30004875,Landon Slaggert,assists,rf_qrf_assists,0.3.0,empirical_qrf,0.04047683843633018,0.0,0.0795909090909091,,1041171555324455918,2026-01-10 19:59:37.810584
2026-01-10,24681,CHI,NAS,30000182,Ryan Ellis,assists,rf_qrf_assists,0.3.0,empirical_qrf,0.006007220212454005,0.004723387260447405,0.007379149147830083,,1041171555324455918,2026-01-10 19:59:37.810584
2026-01-10,24681,NAS,CHI,30005617,Joakim Kemell,assists,rf_qrf_assists,0.3.0,empirical_qrf,0.0,0.0,0.0,,1041171555324455918,2026-01-10 19:59:37.810584
2026-01-10,24681,NAS,CHI,30005648,Reid Schaefer,assists,rf_qrf_assists,0.3.0,empirical_qrf,0.06427777777777777,0.0,0.0,,1041171555324455918,2026-01-10 19:59:37.810584
2026-01-10,24681,NAS,CHI,30005835,Chad Nychuk,assists,rf_qrf_assists,0.3.0,empirical_qrf,0.006007220212454005,0.004723387260447405,0.007379149147830083,,1041171555324455918,2026-01-10 19:59:37.810584
2026-01-10,24681,NAS,CHI,30005933,Austin Roest,assists,rf_qrf_assists,0.3.0,empirical_qrf,0.006007220212454005,0.004723387260447405,0.007379149147830083,,1041171555324455918,2026-01-10 19:59:37.810584
2026-01-10,24681,NAS,CHI,30006080,Tanner Molendyk,assists,rf_qrf_assists,0.3.0,empirical_qrf,0.017818842563077107,0.0,0.0342504892367906,,1041171555324455918,2026-01-10 19:59:37.810584
2026-01-10,24681,NAS,CHI,30006081,Matthew Wood,assists,rf_qrf_assists,0.3.0,empirical_qrf,0.0008333333333333334,0.0,0.0,,1041171555324455918,2026-01-10 19:59:37.810584
2026-01-10,24681,NAS,CHI,30004944,Magnus Chrona,assists,rf_qrf_assists,0.3.0,empirical_qrf,0.006007220212454005,0.004723387260447405,0.007379149147830083,,1041171555324455918,2026-01-10 19:59:37.810584
2026-01-10,24681,NAS,CHI,30004991,Fedor Svechkov,assists,rf_qrf_assists,0.3.0,empirical_qrf,0.0,0.0,0.0,,1041171555324455918,2026-01-10 19:59:37.810584
2026-01-10,24681,NAS,CHI,30005006,Zachary L'Heureux,assists,rf_qrf_assists,0.3.0,empirical_qrf,0.04047683843633018,0.0,0.0795909090909091,,1041171555324455918,2026-01-10 19:59:37.810584
2026-01-10,24681,NAS,CHI,30005190,Jack Matier,assists,rf_qrf_assists,0.3.0,empirical_qrf,0.006007220212454005,0.004723387260447405,0.007379149147830083,,1041171555324455918,2026-01-10 19:59:37.810584
2026-01-10,24681,NAS,CHI,30005233,Adam Wilsby,assists,rf_qrf_assists,0.3.0,empirical_qrf,0.01633175518633685,0.0,0.03773584905660377,,1041171555324455918,2026-01-10 19:59:37.810584
2026-01-10,24681,NAS,CHI,30005578,Nick Blankenburg,assists,rf_qrf_assists,0.3.0,empirical_qrf,0.04593915718620134,0.0,0.10526315789473684,,1041171555324455918,2026-01-10 19:59:37.810584
2026-01-10,24681,NAS,CHI,30004725,Ethan Haider,assists,rf_qrf_assists,0.3.0,empirical_qrf,0.006007220212454005,0.004723387260447405,0.007379149147830083,,1041171555324455918,2026-01-10 19:59:37.810584
2026-01-10,24681,NAS,CHI,30004748,Cole Smith,assists,rf_qrf_assists,0.3.0,empirical_qrf,0.0,0.0,0.0,,1041171555324455918,2026-01-10 19:59:37.810584
2026-01-10,24681,NAS,CHI,30004795,Justin Barron,assists,rf_qrf_assists,0.3.0,empirical_qrf,0.0,0.0,0.0,,1041171555324455918,2026-01-10 19:59:37.810584
2026-01-10,24681,NAS,CHI,30004822,Ozzy Wiesblatt,assists,rf_qrf_assists,0.3.0,empirical_qrf,0.0,0.0,0.0,,1041171555324455918,2026-01-10 19:59:37.810584
2026-01-10,24681,NAS,CHI,30004834,Luke Evangelista,assists,rf_qrf_assists,0.3.0,empirical_qrf,0.011638227513227512,0.0,0.0,,1041171555324455918,2026-01-10 19:59:37.810584
2026-01-10,24681,NAS,CHI,30004907,Ryder Rolston,assists,rf_qrf_assists,0.3.0,empirical_qrf,0.0,0.0,0.0,,1041171555324455918,2026-01-10 19:59:37.810584
2026-01-10,24681,NAS,CHI,30003140,Tyson Jost,assists,rf_qrf_assists,0.3.0,empirical_qrf,0.0001388888888888889,0.0,0.0,,1041171555324455918,2026-01-10 19:59:37.810584
2026-01-10,24681,NAS,CHI,30003206,Dylan Gambrell,assists,rf_qrf_assists,0.3.0,empirical_qrf,0.02559695492197641,0.0,0.06060606060606061,,1041171555324455918,2026-01-10 19:59:37.810584
2026-01-10,24681,NAS,CHI,30003700,Nicolas Hague,assists,rf_qrf_assists,0.3.0,empirical_qrf,0.0,0.0,0.0,,1041171555324455918,2026-01-10 19:59:37.810584
2026-01-10,24681,NAS,CHI,30004161,Justus Annunen,assists,rf_qrf_assists,0.3.0,empirical_qrf,0.006007220212454005,0.004723387260447405,0.007379149147830083,,1041171555324455918,2026-01-10 19:59:37.810584
2026-01-10,24681,NAS,CHI,30004606,Nick Perbix,assists,rf_qrf_assists,0.3.0,empirical_qrf,0.004446310558882736,0.0,0.009955223880597016,,1041171555324455918,2026-01-10 19:59:37.810584
2026-01-10,24681,NAS,CHI,30004716,Zack Hayes,assists,rf_qrf_assists,0.3.0,empirical_qrf,0.006007220212454005,0.004723387260447405,0.007379149147830083,,1041171555324455918,2026-01-10 19:59:37.810584
2026-01-10,24681,NAS,CHI,30000743,Steven Stamkos,assists,rf_qrf_assists,0.3.0,empirical_qrf,0.0,0.0,0.0,,1041171555324455918,2026-01-10 19:59:37.810584
2026-01-10,24681,NAS,CHI,30000810,Erik Haula,assists,rf_qrf_assists,0.3.0,empirical_qrf,0.0,0.0,0.0,,1041171555324455918,2026-01-10 19:59:37.810584
2026-01-10,24681,NAS,CHI,30000979,Ryan O'Reilly,assists,rf_qrf_assists,0.3.0,empirical_qrf,0.0009722222222222221,0.0,0.0,,1041171555324455918,2026-01-10 19:59:37.810584
2026-01-10,24681,NAS,CHI,30001048,Jonathan Marchessault,assists,rf_qrf_assists,0.3.0,empirical_qrf,0.01838888888888889,0.0,0.0,,1041171555324455918,2026-01-10 19:59:37.810584
2026-01-10,24681,NAS,CHI,30002591,Andreas Englund,assists,rf_qrf_assists,0.3.0,empirical_qrf,0.007442587426713686,0.0,0.014573788781541532,,1041171555324455918,2026-01-10 19:59:37.810584
2026-01-10,24681,NAS,CHI,30002859,Michael Bunting,assists,rf_qrf_assists,0.3.0,empirical_qrf,0.00475,0.0,0.0,,1041171555324455918,2026-01-10 19:59:37.810584
2026-01-10,24681,NAS,CHI,30000183,Filip Forsberg,assists,rf_qrf_assists,0.3.0,empirical_qrf,0.04825000000000001,0.0,0.0,,1041171555324455918,2026-01-10 19:59:37.810584
2026-01-10,24681,NAS,CHI,30000184,Roman Josi,assists,rf_qrf_assists,0.3.0,empirical_qrf,0.0,0.0,0.0,,1041171555324455918,2026-01-10 19:59:37.810584
2026-01-10,24681,NAS,CHI,30000222,Juuse Saros,assists,rf_qrf_assists,0.3.0,empirical_qrf,0.006007220212454005,0.004723387260447405,0.007379149147830083,,1041171555324455918,2026-01-10 19:59:37.810584
2026-01-10,24681,NAS,CHI,30000324,Brady Skjei,assists,rf_qrf_assists,0.3.0,empirical_qrf,0.009291997418932404,0.0,0.0,,1041171555324455918,2026-01-10 19:59:37.810584
2026-01-10,24681,NAS,CHI,30000716,Daniel Carr,assists,rf_qrf_assists,0.3.0,empirical_qrf,0.00312210905211309,0.0,0.0,,1041171555324455918,2026-01-10 19:59:37.810584
2026-01-10,24681,NAS,CHI,30000720,Michael McCarron,assists,rf_qrf_assists,0.3.0,empirical_qrf,0.0,0.0,0.0,,1041171555324455918,2026-01-10 19:59:37.810584
2026-01-10,24681,CHI,NAS,30006077,Oliver Moore,assists,rf_qrf_assists,0.3.0,empirical_qrf,0.0,0.0,0.0,,1041171555324455918,2026-01-10 19:59:37.810584
2026-01-10,24681,CHI,NAS,30006105,Martin Misiak,assists,rf_qrf_assists,0.3.0,empirical_qrf,0.0,0.0,0.0,,1041171555324455918,2026-01-10 19:59:37.810584
2026-01-10,24681,CHI,NAS,30006145,Nick Lardis,assists,rf_qrf_assists,0.3.0,empirical_qrf,0.004446310558882736,0.0,0.009955223880597016,,1041171555324455918,2026-01-10 19:59:37.810584
2026-01-10,24681,CHI,NAS,30006279,Sahil Panwar,assists,rf_qrf_assists,0.3.0,empirical_qrf,0.006007220212454005,0.004723387260447405,0.007379149147830083,,1041171555324455918,2026-01-10 19:59:37.810584
2026-01-10,24681,CHI,NAS,30006312,Joe Carroll,assists,rf_qrf_assists,0.3.0,empirical_qrf,0.006007220212454005,0.004723387260447405,0.007379149147830083,,1041171555324455918,2026-01-10 19:59:37.810584
2026-01-10,24681,CHI,NAS,30006496,Artyom Levshunov,assists,rf_qrf_assists,0.3.0,empirical_qrf,0.02559695492197641,0.0,0.06060606060606061,,1041171555324455918,2026-01-10 19:59:37.810584
2026-01-10,24681,CHI,NAS,30005666,Ryan Greene,assists,rf_qrf_assists,0.3.0,empirical_qrf,0.0029183999771013355,0.0,0.006351228389444951,,1041171555324455918,2026-01-10 19:59:37.810584
2026-01-10,24681,CHI,NAS,30005718,Samuel Savoie,assists,rf_qrf_assists,0.3.0,empirical_qrf,0.01473488629736968,0.0,0.032841530054644824,,1041171555324455918,2026-01-10 19:59:37.810584
2026-01-10,24681,CHI,NAS,30005816,Gavin Hayes,assists,rf_qrf_assists,0.3.0,empirical_qrf,0.0,0.0,0.0,,1041171555324455918,2026-01-10 19:59:37.810584
2026-01-10,24681,CHI,NAS,30005819,Andrew Perrott,assists,rf_qrf_assists,0.3.0,empirical_qrf,0.00024846163697492366,0.0,0.0,,1041171555324455918,2026-01-10 19:59:37.810584
2026-01-10,24681,CHI,NAS,30005820,Mitchell Weeks,assists,rf_qrf_assists,0.3.0,empirical_qrf,0.006007220212454005,0.004723387260447405,0.007379149147830083,,1041171555324455918,2026-01-10 19:59:37.810584
2026-01-10,24681,CHI,NAS,30006064,Connor Bedard,assists,rf_qrf_assists,0.3.0,empirical_qrf,0.0,0.0,0.0,,1041171555324455918,2026-01-10 19:59:37.810584
2026-01-10,24681,CHI,NAS,30005052,Dmitry Kuzmin,assists,rf_qrf_assists,0.3.0,empirical_qrf,0.006007220212454005,0.004723387260447405,0.007379149147830083,,1041171555324455918,2026-01-10 19:59:37.810584
2026-01-10,24681,CHI,NAS,30005131,Ryan Mast,assists,rf_qrf_assists,0.3.0,empirical_qrf,0.006007220212454005,0.004723387260447405,0.007379149147830083,,1041171555324455918,2026-01-10 19:59:37.810584
2026-01-10,24681,CHI,NAS,30005163,Ethan Del Mastro,assists,rf_qrf_assists,0.3.0,empirical_qrf,0.0,0.0,0.0,,1041171555324455918,2026-01-10 19:59:37.810584
2026-01-10,24681,CHI,NAS,30005632,Kevin Korchinski,assists,rf_qrf_assists,0.3.0,empirical_qrf,0.0,0.0,0.0,,1041171555324455918,2026-01-10 19:59:37.810584
2026-01-10,24681,CHI,NAS,30005638,Frank Nazar,assists,rf_qrf_assists,0.3.0,empirical_qrf,0.0,0.0,0.0,,1041171555324455918,2026-01-10 19:59:37.810584
2026-01-10,24681,CHI,NAS,30005665,Paul Ludwinski,assists,rf_qrf_assists,0.3.0,empirical_qrf,0.02246741520003329,0.0,0.046189624329159226,,1041171555324455918,2026-01-10 19:59:37.810584
2026-01-10,24681,CHI,NAS,30004650,Louis Crevier,assists,rf_qrf_assists,0.3.0,empirical_qrf,0.0,0.0,0.0,,1041171555324455918,2026-01-10 19:59:37.810584
2026-01-10,24681,CHI,NAS,30004830,Drew Commesso,assists,rf_qrf_assists,0.3.0,empirical_qrf,0.006007220212454005,0.004723387260447405,0.007379149147830083,,1041171555324455918,2026-01-10 19:59:37.810584
2026-01-10,24681,CHI,NAS,30004850,Wyatt Kaiser,assists,rf_qrf_assists,0.3.0,empirical_qrf,0.0,0.0,0.0,,1041171555324455918,2026-01-10 19:59:37.810584
2026-01-10,24681,CHI,NAS,30004946,Jackson Cates,assists,rf_qrf_assists,0.3.0,empirical_qrf,0.006007220212454005,0.004723387260447405,0.007379149147830083,,1041171555324455918,2026-01-10 19:59:37.810584
2026-01-10,24681,CHI,NAS,30004965,Arvid Soderblom,assists,rf_qrf_assists,0.3.0,empirical_qrf,0.006007220212454005,0.004723387260447405,0.007379149147830083,,1041171555324455918,2026-01-10 19:59:37.810584
2026-01-10,24681,CHI,NAS,30005032,Colton Dach,assists,rf_qrf_assists,0.3.0,empirical_qrf,0.0,0.0,0.0,,1041171555324455918,2026-01-10 19:59:37.810584
2026-01-10,24681,CHI,NAS,30003751,Dominic Toninato,assists,rf_qrf_assists,0.3.0,empirical_qrf,0.0,0.0,0.0,,1041171555324455918,2026-01-10 19:59:37.810584
2026-01-10,24681,CHI,NAS,30003996,Sam Lafferty,assists,rf_qrf_assists,0.3.0,empirical_qrf,0.0,0.0,0.0,,1041171555324455918,2026-01-10 19:59:37.810584
2026-01-10,24681,CHI,NAS,30004000,Brett Seney,assists,rf_qrf_assists,0.3.0,empirical_qrf,0.004446310558882736,0.0,0.009955223880597016,,1041171555324455918,2026-01-10 19:59:37.810584
2026-01-10,24681,CHI,NAS,30004442,Ilya Mikheyev,assists,rf_qrf_assists,0.3.0,empirical_qrf,0.0,0.0,0.0,,1041171555324455918,2026-01-10 19:59:37.810584
2026-01-10,24681,CHI,NAS,30004494,Spencer Knight,assists,rf_qrf_assists,0.3.0,empirical_qrf,0.006007220212454005,0.004723387260447405,0.007379149147830083,,1041171555324455918,2026-01-10 19:59:37.810584
2026-01-10,24681,CHI,NAS,30004507,Alex Vlasic,assists,rf_qrf_assists,0.3.0,empirical_qrf,0.0,0.0,0.0,,1041171555324455918,2026-01-10 19:59:37.810584
2026-01-10,24681,CHI,NAS,30001219,Connor Murphy,assists,rf_qrf_assists,0.3.0,empirical_qrf,0.0,0.0,0.0,,1041171555324455918,2026-01-10 19:59:37.810584
2026-01-10,24681,CHI,NAS,30002212,Cavan Fitzgerald,assists,rf_qrf_assists,0.3.0,empirical_qrf,0.006007220212454005,0.004723387260447405,0.007379149147830083,,1041171555324455918,2026-01-10 19:59:37.810584
2026-01-10,24681,CHI,NAS,30002539,Matt Grzelcyk,assists,rf_qrf_assists,0.3.0,empirical_qrf,0.0,0.0,0.0,,1041171555324455918,2026-01-10 19:59:37.810584
2026-01-10,24681,CHI,NAS,30002588,Ryan Donato,assists,rf_qrf_assists,0.3.0,empirical_qrf,0.0,0.0,0.0,,1041171555324455918,2026-01-10 19:59:37.810584
2026-01-10,24681,CHI,NAS,30003209,Joey Anderson,assists,rf_qrf_assists,0.3.0,empirical_qrf,0.006007220212454005,0.004723387260447405,0.007379149147830083,,1041171555324455918,2026-01-10 19:59:37.810584
2026-01-10,24681,CHI,NAS,30003558,Josh Healey,assists,rf_qrf_assists,0.3.0,empirical_qrf,0.004446310558882736,0.0,0.009955223880597016,,1041171555324455918,2026-01-10 19:59:37.810584
2026-01-10,24682,STL,VEG,30000059,Brayden Schenn,assists,rf_qrf_assists,0.3.0,empirical_qrf,0.0,0.0,0.0,,1041171555324455918,2026-01-10 19:59:37.810584
2026-01-10,24682,STL,VEG,30000072,Torey Krug,assists,rf_qrf_assists,0.3.0,empirical_qrf,0.006007220212454005,0.004723387260447405,0.007379149147830083,,1041171555324455918,2026-01-10 19:59:37.810584
2026-01-10,24682,STL,VEG,30000225,Nick Bjugstad,assists,rf_qrf_assists,0.3.0,empirical_qrf,0.0,0.0,0.0,,1041171555324455918,2026-01-10 19:59:37.810584
2026-01-10,24682,STL,VEG,30000405,Oskar Sundqvist,assists,rf_qrf_assists,0.3.0,empirical_qrf,0.0,0.0,0.0,,1041171555324455918,2026-01-10 19:59:37.810584
2026-01-10,24682,STL,VEG,30000631,Justin Faulk,assists,rf_qrf_assists,0.3.0,empirical_qrf,0.0,0.0,0.0,,1041171555324455918,2026-01-10 19:59:37.810584
2026-01-10,24682,STL,VEG,30000666,Jordan Binnington,assists,rf_qrf_assists,0.3.0,empirical_qrf,0.006007220212454005,0.004723387260447405,0.007379149147830083,,1041171555324455918,2026-01-10 19:59:37.810584
2026-01-10,24682,VEG,STL,30005944,Braeden Bowman,assists,rf_qrf_assists,0.3.0,empirical_qrf,0.0,0.0,0.0,,1041171555324455918,2026-01-10 19:59:37.810584
2026-01-10,24682,VEG,STL,30006216,Carter Sotheran,assists,rf_qrf_assists,0.3.0,empirical_qrf,0.006007220212454005,0.004723387260447405,0.007379149147830083,,1041171555324455918,2026-01-10 19:59:37.810584
2026-01-10,24682,VEG,STL,30006232,Tuomas Uronen,assists,rf_qrf_assists,0.3.0,empirical_qrf,0.006007220212454005,0.004723387260447405,0.007379149147830083,,1041171555324455918,2026-01-10 19:59:37.810584
2026-01-10,24682,VEG,STL,30006391,Mazden Leslie,assists,rf_qrf_assists,0.3.0,empirical_qrf,0.006007220212454005,0.004723387260447405,0.007379149147830083,,1041171555324455918,2026-01-10 19:59:37.810584
2026-01-10,24682,STL,VEG,30005641,Jimmy Snuggerud,assists,rf_qrf_assists,0.3.0,empirical_qrf,0.0,0.0,0.0,,1041171555324455918,2026-01-10 19:59:37.810584
2026-01-10,24682,VEG,STL,30005679,Matyas Sapovaliv,assists,rf_qrf_assists,0.3.0,empirical_qrf,0.0029183999771013355,0.0,0.006351228389444951,,1041171555324455918,2026-01-10 19:59:37.810584
2026-01-10,24682,VEG,STL,30005795,Ben Hemmerling,assists,rf_qrf_assists,0.3.0,empirical_qrf,0.004446310558882736,0.0,0.009955223880597016,,1041171555324455918,2026-01-10 19:59:37.810584
2026-01-10,24682,VEG,STL,30005809,Joe Fleming,assists,rf_qrf_assists,0.3.0,empirical_qrf,0.0,0.0,0.0,,1041171555324455918,2026-01-10 19:59:37.810584
2026-01-10,24682,VEG,STL,30005815,Jordan Papirny,assists,rf_qrf_assists,0.3.0,empirical_qrf,0.006007220212454005,0.004723387260447405,0.007379149147830083,,1041171555324455918,2026-01-10 19:59:37.810584
2026-01-10,24682,VEG,STL,30005829,Christoffer Sedoff,assists,rf_qrf_assists,0.3.0,empirical_qrf,0.0029183999771013355,0.0,0.006351228389444951,,1041171555324455918,2026-01-10 19:59:37.810584
2026-01-10,24682,VEG,STL,30005841,Samuel Mayer,assists,rf_qrf_assists,0.3.0,empirical_qrf,0.006007220212454005,0.004723387260447405,0.007379149147830083,,1041171555324455918,2026-01-10 19:59:37.810584
2026-01-10,24682,VEG,STL,30005106,Jakub Brabenec,assists,rf_qrf_assists,0.3.0,empirical_qrf,0.1910258015261885,0.0,0.4444444444444444,,1041171555324455918,2026-01-10 19:59:37.810584
2026-01-10,24682,VEG,STL,30005109,Jakub Demek,assists,rf_qrf_assists,0.3.0,empirical_qrf,0.007442587426713686,0.0,0.014573788781541532,,1041171555324455918,2026-01-10 19:59:37.810584
2026-01-10,24682,VEG,STL,30005112,Jesper Vikman,assists,rf_qrf_assists,0.3.0,empirical_qrf,0.006007220212454005,0.004723387260447405,0.007379149147830083,,1041171555324455918,2026-01-10 19:59:37.810584
2026-01-10,24682,VEG,STL,30005162,Riley McKay,assists,rf_qrf_assists,0.3.0,empirical_qrf,0.006007220212454005,0.004723387260447405,0.007379149147830083,,1041171555324455918,2026-01-10 19:59:37.810584
2026-01-10,24682,VEG,STL,30005320,Carl Lindbom,assists,rf_qrf_assists,0.3.0,empirical_qrf,0.006007220212454005,0.004723387260447405,0.007379149147830083,,1041171555324455918,2026-01-10 19:59:37.810584
2026-01-10,24682,VEG,STL,30005406,Kevin Wall,assists,rf_qrf_assists,0.3.0,empirical_qrf,0.006007220212454005,0.004723387260447405,0.007379149147830083,,1041171555324455918,2026-01-10 19:59:37.810584
2026-01-10,24682,VEG,STL,30004503,Raphael Lavoie,assists,rf_qrf_assists,0.3.0,empirical_qrf,0.0,0.0,0.0,,1041171555324455918,2026-01-10 19:59:37.810584
2026-01-10,24682,VEG,STL,30004510,Kaedan Korczak,assists,rf_qrf_assists,0.3.0,empirical_qrf,0.0,0.0,0.0,,1041171555324455918,2026-01-10 19:59:37.810584
2026-01-10,24682,VEG,STL,30004532,Pavel Dorofeyev,assists,rf_qrf_assists,0.3.0,empirical_qrf,0.0,0.0,0.0,,1041171555324455918,2026-01-10 19:59:37.810584
2026-01-10,24682,VEG,STL,30004805,Alexander Holtz,assists,rf_qrf_assists,0.3.0,empirical_qrf,0.0,0.0,0.0,,1041171555324455918,2026-01-10 19:59:37.810584
2026-01-10,24682,VEG,STL,30004831,Lukas Cormier,assists,rf_qrf_assists,0.3.0,empirical_qrf,0.05436095055009998,0.0,0.1,,1041171555324455918,2026-01-10 19:59:37.810584
2026-01-10,24682,VEG,STL,30004947,Cole Reinhardt,assists,rf_qrf_assists,0.3.0,empirical_qrf,0.004446310558882736,0.0,0.009955223880597016,,1041171555324455918,2026-01-10 19:59:37.810584
2026-01-10,24682,VEG,STL,30003396,Dylan Coghlan,assists,rf_qrf_assists,0.3.0,empirical_qrf,0.36526617364117364,0.0,0.8571428571428571,,1041171555324455918,2026-01-10 19:59:37.810584
2026-01-10,24682,VEG,STL,30003924,Jeremy Davies,assists,rf_qrf_assists,0.3.0,empirical_qrf,0.046649358532124104,0.0,0.08571428571428572,,1041171555324455918,2026-01-10 19:59:37.810584
2026-01-10,24682,VEG,STL,30003961,Tanner Laczynski,assists,rf_qrf_assists,0.3.0,empirical_qrf,0.0,0.0,0.0,,1041171555324455918,2026-01-10 19:59:37.810584
2026-01-10,24682,VEG,STL,30003997,Zach Whitecloud,assists,rf_qrf_assists,0.3.0,empirical_qrf,0.017818842563077107,0.0,0.0342504892367906,,1041171555324455918,2026-01-10 19:59:37.810584
2026-01-10,24682,VEG,STL,30004243,Mitchell McLain,assists,rf_qrf_assists,0.3.0,empirical_qrf,0.0,0.0,0.0,,1041171555324455918,2026-01-10 19:59:37.810584
2026-01-10,24682,VEG,STL,30004341,Akira Schmid,assists,rf_qrf_assists,0.3.0,empirical_qrf,0.006007220212454005,0.004723387260447405,0.007379149147830083,,1041171555324455918,2026-01-10 19:59:37.810584
2026-01-10,24682,VEG,STL,30002783,Adin Hill,assists,rf_qrf_assists,0.3.0,empirical_qrf,0.006007220212454005,0.004723387260447405,0.007379149147830083,,1041171555324455918,2026-01-10 19:59:37.810584
2026-01-10,24682,VEG,STL,30002827,Jeremy Lauzon,assists,rf_qrf_assists,0.3.0,empirical_qrf,0.007442587426713686,0.0,0.014573788781541532,,1041171555324455918,2026-01-10 19:59:37.810584
2026-01-10,24682,VEG,STL,30003153,Brett Howden,assists,rf_qrf_assists,0.3.0,empirical_qrf,0.05436095055009998,0.0,0.1,,1041171555324455918,2026-01-10 19:59:37.810584
2026-01-10,24682,VEG,STL,30003155,Lucas Johansen,assists,rf_qrf_assists,0.3.0,empirical_qrf,0.006007220212454005,0.004723387260447405,0.007379149147830083,,1041171555324455918,2026-01-10 19:59:37.810584
2026-01-10,24682,VEG,STL,30003166,Carter Hart,assists,rf_qrf_assists,0.3.0,empirical_qrf,4.2735042735042735e-05,0.0,0.0,,1041171555324455918,2026-01-10 19:59:37.810584
2026-01-10,24682,VEG,STL,30003342,Mitchell Marner,assists,rf_qrf_assists,0.3.0,empirical_qrf,0.0,0.0,0.0,,1041171555324455918,2026-01-10 19:59:37.810584
2026-01-10,24682,VEG,STL,30000881,Jaycob Megna,assists,rf_qrf_assists,0.3.0,empirical_qrf,0.004446310558882736,0.0,0.009955223880597016,,1041171555324455918,2026-01-10 19:59:37.810584
2026-01-10,24682,VEG,STL,30000890,Shea Theodore,assists,rf_qrf_assists,0.3.0,empirical_qrf,0.0001388888888888889,0.0,0.0,,1041171555324455918,2026-01-10 19:59:37.810584
2026-01-10,24682,VEG,STL,30000927,Ben Hutton,assists,rf_qrf_assists,0.3.0,empirical_qrf,0.0,0.0,0.0,,1041171555324455918,2026-01-10 19:59:37.810584
2026-01-10,24682,VEG,STL,30001229,Brandon Saad,assists,rf_qrf_assists,0.3.0,empirical_qrf,0.0,0.0,0.0,,1041171555324455918,2026-01-10 19:59:37.810584
2026-01-10,24682,VEG,STL,30001246,Mark Stone,assists,rf_qrf_assists,0.3.0,empirical_qrf,0.0,0.0,0.0,,1041171555324455918,2026-01-10 19:59:37.810584
2026-01-10,24682,VEG,STL,30002608,Brandon Hickey,assists,rf_qrf_assists,0.3.0,empirical_qrf,0.006007220212454005,0.004723387260447405,0.007379149147830083,,1041171555324455918,2026-01-10 19:59:37.810584
2026-01-10,24682,VEG,STL,30000422,William Karlsson,assists,rf_qrf_assists,0.3.0,empirical_qrf,0.0,0.0,0.0,,1041171555324455918,2026-01-10 19:59:37.810584
2026-01-10,24682,VEG,STL,30000496,Jack Eichel,assists,rf_qrf_assists,0.3.0,empirical_qrf,0.015155303030303031,0.0,0.0,,1041171555324455918,2026-01-10 19:59:37.810584
2026-01-10,24682,VEG,STL,30000633,Noah Hanifin,assists,rf_qrf_assists,0.3.0,empirical_qrf,0.0,0.0,0.0,,1041171555324455918,2026-01-10 19:59:37.810584
2026-01-10,24682,VEG,STL,30000694,Keegan Kolesar,assists,rf_qrf_assists,0.3.0,empirical_qrf,0.004446310558882736,0.0,0.009955223880597016,,1041171555324455918,2026-01-10 19:59:37.810584
2026-01-10,24682,VEG,STL,30000784,Ivan Barbashev,assists,rf_qrf_assists,0.3.0,empirical_qrf,0.0,0.0,0.0,,1041171555324455918,2026-01-10 19:59:37.810584
2026-01-10,24682,VEG,STL,30000793,Alex Pietrangelo,assists,rf_qrf_assists,0.3.0,empirical_qrf,0.0,0.0,0.0,,1041171555324455918,2026-01-10 19:59:37.810584
2026-01-10,24682,STL,VEG,30006079,Otto Stenberg,assists,rf_qrf_assists,0.3.0,empirical_qrf,0.014459776334776334,0.0,0.0,,1041171555324455918,2026-01-10 19:59:37.810584
2026-01-10,24682,STL,VEG,30006148,Quinton Burns,assists,rf_qrf_assists,0.3.0,empirical_qrf,0.004446310558882736,0.0,0.009955223880597016,,1041171555324455918,2026-01-10 19:59:37.810584
2026-01-10,24682,VEG,STL,30000080,Reilly Smith,assists,rf_qrf_assists,0.3.0,empirical_qrf,0.004046957671957671,0.0,0.0,,1041171555324455918,2026-01-10 19:59:37.810584
2026-01-10,24682,VEG,STL,30000132,Tomas Hertl,assists,rf_qrf_assists,0.3.0,empirical_qrf,0.0,0.0,0.0,,1041171555324455918,2026-01-10 19:59:37.810584
2026-01-10,24682,VEG,STL,30000152,Brayden McNabb,assists,rf_qrf_assists,0.3.0,empirical_qrf,0.0,0.0,0.0,,1041171555324455918,2026-01-10 19:59:37.810584
2026-01-10,24682,VEG,STL,30000189,Colton Sissons,assists,rf_qrf_assists,0.3.0,empirical_qrf,0.007442587426713686,0.0,0.014573788781541532,,1041171555324455918,2026-01-10 19:59:37.810584
2026-01-10,24682,STL,VEG,30005136,Will Cranley,assists,rf_qrf_assists,0.3.0,empirical_qrf,0.006007220212454005,0.004723387260447405,0.007379149147830083,,1041171555324455918,2026-01-10 19:59:37.810584
2026-01-10,24682,STL,VEG,30005160,Carson Gicewicz,assists,rf_qrf_assists,0.3.0,empirical_qrf,0.0,0.0,0.0,,1041171555324455918,2026-01-10 19:59:37.810584
2026-01-10,24682,STL,VEG,30005701,Michael Buchinger,assists,rf_qrf_assists,0.3.0,empirical_qrf,0.004446310558882736,0.0,0.009955223880597016,,1041171555324455918,2026-01-10 19:59:37.810584
2026-01-10,24682,STL,VEG,30005737,Marc-Andre Gaudet,assists,rf_qrf_assists,0.3.0,empirical_qrf,0.006007220212454005,0.004723387260447405,0.007379149147830083,,1041171555324455918,2026-01-10 19:59:37.810584
2026-01-10,24682,STL,VEG,30006051,Georgi Romanov,assists,rf_qrf_assists,0.3.0,empirical_qrf,0.006007220212454005,0.004723387260447405,0.007379149147830083,,1041171555324455918,2026-01-10 19:59:37.810584
2026-01-10,24682,STL,VEG,30006065,Dalibor Dvorsky,assists,rf_qrf_assists,0.3.0,empirical_qrf,0.0,0.0,0.0,,1041171555324455918,2026-01-10 19:59:37.810584
2026-01-10,24682,STL,VEG,30004804,Dylan Holloway,assists,rf_qrf_assists,0.3.0,empirical_qrf,0.0,0.0,0.0,,1041171555324455918,2026-01-10 19:59:37.810584
2026-01-10,24682,STL,VEG,30004812,Jake Neighbours,assists,rf_qrf_assists,0.3.0,empirical_qrf,0.0,0.0,0.0,,1041171555324455918,2026-01-10 19:59:37.810584
2026-01-10,24682,STL,VEG,30004859,Leo Loof,assists,rf_qrf_assists,0.3.0,empirical_qrf,0.017818842563077107,0.0,0.0342504892367906,,1041171555324455918,2026-01-10 19:59:37.810584
2026-01-10,24682,STL,VEG,30004941,Matthew Kessel,assists,rf_qrf_assists,0.3.0,empirical_qrf,0.0,0.0,0.0,,1041171555324455918,2026-01-10 19:59:37.810584
2026-01-10,24682,STL,VEG,30004999,Logan Mailloux,assists,rf_qrf_assists,0.3.0,empirical_qrf,0.0,0.0,0.0,,1041171555324455918,2026-01-10 19:59:37.810584
2026-01-10,24682,STL,VEG,30005010,Zach Dean,assists,rf_qrf_assists,0.3.0,empirical_qrf,0.0,0.0,0.0,,1041171555324455918,2026-01-10 19:59:37.810584
2026-01-10,24682,STL,VEG,30004211,Tyler Tucker,assists,rf_qrf_assists,0.3.0,empirical_qrf,0.0,0.0,0.0,,1041171555324455918,2026-01-10 19:59:37.810584
2026-01-10,24682,STL,VEG,30004355,Samuel Bitten,assists,rf_qrf_assists,0.3.0,empirical_qrf,0.007442587426713686,0.0,0.014573788781541532,,1041171555324455918,2026-01-10 19:59:37.810584
2026-01-10,24682,STL,VEG,30004362,Hugh McGing,assists,rf_qrf_assists,0.3.0,empirical_qrf,0.046649358532124104,0.0,0.08571428571428572,,1041171555324455918,2026-01-10 19:59:37.810584
2026-01-10,24682,STL,VEG,30004495,Philip Broberg,assists,rf_qrf_assists,0.3.0,empirical_qrf,0.0015277777777777776,0.0,0.0,,1041171555324455918,2026-01-10 19:59:37.810584
2026-01-10,24682,STL,VEG,30004597,Vadim Zherenko,assists,rf_qrf_assists,0.3.0,empirical_qrf,0.006007220212454005,0.004723387260447405,0.007379149147830083,,1041171555324455918,2026-01-10 19:59:37.810584
2026-01-10,24682,STL,VEG,30004642,Hunter Skinner,assists,rf_qrf_assists,0.3.0,empirical_qrf,0.0,0.0,0.0,,1041171555324455918,2026-01-10 19:59:37.810584
2026-01-10,24682,STL,VEG,30003659,Robert Thomas,assists,rf_qrf_assists,0.3.0,empirical_qrf,0.0030277777777777777,0.0,0.0,,1041171555324455918,2026-01-10 19:59:37.810584
2026-01-10,24682,STL,VEG,30003766,Alexey Toropchenko,assists,rf_qrf_assists,0.3.0,empirical_qrf,0.0027250249750249748,0.0,0.0,,1041171555324455918,2026-01-10 19:59:37.810584
2026-01-10,24682,STL,VEG,30003899,Pius Suter,assists,rf_qrf_assists,0.3.0,empirical_qrf,0.0632053872053872,0.0,0.2857142857142857,,1041171555324455918,2026-01-10 19:59:37.810584
2026-01-10,24682,STL,VEG,30004109,Akil Thomas,assists,rf_qrf_assists,0.3.0,empirical_qrf,0.004446310558882736,0.0,0.009955223880597016,,1041171555324455918,2026-01-10 19:59:37.810584
2026-01-10,24682,STL,VEG,30004111,Jonatan Berggren,assists,rf_qrf_assists,0.3.0,empirical_qrf,0.02559695492197641,0.0,0.06060606060606061,,1041171555324455918,2026-01-10 19:59:37.810584
2026-01-10,24682,STL,VEG,30004206,Joel Hofer,assists,rf_qrf_assists,0.3.0,empirical_qrf,0.006007220212454005,0.004723387260447405,0.007379149147830083,,1041171555324455918,2026-01-10 19:59:37.810584
2026-01-10,24682,STL,VEG,30002617,Nathan Walker,assists,rf_qrf_assists,0.3.0,empirical_qrf,0.0,0.0,0.0,,1041171555324455918,2026-01-10 19:59:37.810584
2026-01-10,24682,STL,VEG,30003032,Mathieu Joseph,assists,rf_qrf_assists,0.3.0,empirical_qrf,0.0,0.0,0.0,,1041171555324455918,2026-01-10 19:59:37.810584
2026-01-10,24682,STL,VEG,30003174,Dillon Dube,assists,rf_qrf_assists,0.3.0,empirical_qrf,0.006007220212454005,0.004723387260447405,0.007379149147830083,,1041171555324455918,2026-01-10 19:59:37.810584
2026-01-10,24682,STL,VEG,30003186,Jordan Kyrou,assists,rf_qrf_assists,0.3.0,empirical_qrf,0.0,0.0,0.0,,1041171555324455918,2026-01-10 19:59:37.810584
2026-01-10,24682,STL,VEG,30003308,Matt Luff,assists,rf_qrf_assists,0.3.0,empirical_qrf,0.0,0.0,0.0,,1041171555324455918,2026-01-10 19:59:37.810584
2026-01-10,24682,STL,VEG,30003617,Calle Rosen,assists,rf_qrf_assists,0.3.0,empirical_qrf,0.0,0.0,0.0,,1041171555324455918,2026-01-10 19:59:37.810584
2026-01-10,24682,STL,VEG,30000789,Robby Fabbri,assists,rf_qrf_assists,0.3.0,empirical_qrf,0.0031706349206349206,0.0,0.0,,1041171555324455918,2026-01-10 19:59:37.810584
2026-01-10,24682,STL,VEG,30000792,Colton Parayko,assists,rf_qrf_assists,0.3.0,empirical_qrf,0.0,0.0,0.0,,1041171555324455918,2026-01-10 19:59:37.810584
2026-01-10,24682,STL,VEG,30000891,Chris Wagner,assists,rf_qrf_assists,0.3.0,empirical_qrf,0.01633175518633685,0.0,0.03773584905660377,,1041171555324455918,2026-01-10 19:59:37.810584
2026-01-10,24682,STL,VEG,30001054,Matthew Peca,assists,rf_qrf_assists,0.3.0,empirical_qrf,0.006007220212454005,0.004723387260447405,0.007379149147830083,,1041171555324455918,2026-01-10 19:59:37.810584
2026-01-10,24682,STL,VEG,30001207,Cam Fowler,assists,rf_qrf_assists,0.3.0,empirical_qrf,0.007441012691012691,0.0,0.0,,1041171555324455918,2026-01-10 19:59:37.810584
2026-01-10,24682,STL,VEG,30002530,Pavel Buchnevich,assists,rf_qrf_assists,0.3.0,empirical_qrf,0.2891568662818663,0.0,1.0,,1041171555324455918,2026-01-10 19:59:37.810584
2026-01-10,24683,LA,EDM,30000145,Drew Doughty,assists,rf_qrf_assists,0.3.0,empirical_qrf,0.0,0.0,0.0,,1041171555324455918,2026-01-10 19:59:37.810584
2026-01-10,24683,LA,EDM,30000149,Anze Kopitar,assists,rf_qrf_assists,0.3.0,empirical_qrf,0.0,0.0,0.0,,1041171555324455918,2026-01-10 19:59:37.810584
2026-01-10,24683,LA,EDM,30000199,Kevin Fiala,assists,rf_qrf_assists,0.3.0,empirical_qrf,0.006194444444444444,0.0,0.0,,1041171555324455918,2026-01-10 19:59:37.810584
2026-01-10,24683,LA,EDM,30000476,Cody Ceci,assists,rf_qrf_assists,0.3.0,empirical_qrf,0.0,0.0,0.0,,1041171555324455918,2026-01-10 19:59:37.810584
2026-01-10,24683,LA,EDM,30000495,Darcy Kuemper,assists,rf_qrf_assists,0.3.0,empirical_qrf,0.006007220212454005,0.004723387260447405,0.007379149147830083,,1041171555324455918,2026-01-10 19:59:37.810584
2026-01-10,24683,LA,EDM,30000653,Brian Dumoulin,assists,rf_qrf_assists,0.3.0,empirical_qrf,0.0001666666666666667,0.0,0.0,,1041171555324455918,2026-01-10 19:59:37.810584
2026-01-10,24683,EDM,LA,30005646,Isaac Howard,assists,rf_qrf_assists,0.3.0,empirical_qrf,0.0,0.0,0.0,,1041171555324455918,2026-01-10 19:59:37.810584
2026-01-10,24683,LA,EDM,30005383,Andre Lee,assists,rf_qrf_assists,0.3.0,empirical_qrf,0.0,0.0,0.0,,1041171555324455918,2026-01-10 19:59:37.810584
2026-01-10,24683,LA,EDM,30005565,Taylor Ward,assists,rf_qrf_assists,0.3.0,empirical_qrf,0.0018333333333333335,0.0,0.0,,1041171555324455918,2026-01-10 19:59:37.810584
2026-01-10,24683,LA,EDM,30005426,Cole Guttman,assists,rf_qrf_assists,0.3.0,empirical_qrf,0.0,0.0,0.0,,1041171555324455918,2026-01-10 19:59:37.810584
2026-01-10,24683,EDM,LA,30005731,Mats Lindgren,assists,rf_qrf_assists,0.3.0,empirical_qrf,0.006007220212454005,0.004723387260447405,0.007379149147830083,,1041171555324455918,2026-01-10 19:59:37.810584
2026-01-10,24683,EDM,LA,30005931,Brady Stonehouse,assists,rf_qrf_assists,0.3.0,empirical_qrf,0.006007220212454005,0.004723387260447405,0.007379149147830083,,1041171555324455918,2026-01-10 19:59:37.810584
2026-01-10,24683,EDM,LA,30006112,Beau Akey,assists,rf_qrf_assists,0.3.0,empirical_qrf,0.0060949445333625864,0.0,0.01282051282051282,,1041171555324455918,2026-01-10 19:59:37.810584
2026-01-10,24683,EDM,LA,30006225,Nathaniel Day,assists,rf_qrf_assists,0.3.0,empirical_qrf,0.006007220212454005,0.004723387260447405,0.007379149147830083,,1041171555324455918,2026-01-10 19:59:37.810584
2026-01-10,24683,EDM,LA,30006327,Matt Brown,assists,rf_qrf_assists,0.3.0,empirical_qrf,0.006007220212454005,0.004723387260447405,0.007379149147830083,,1041171555324455918,2026-01-10 19:59:37.810584
2026-01-10,24683,EDM,LA,30006393,Connor Clattenburg,assists,rf_qrf_assists,0.3.0,empirical_qrf,0.0,0.0,0.0,,1041171555324455918,2026-01-10 19:59:37.810584
2026-01-10,24683,EDM,LA,30004625,Mason Millman,assists,rf_qrf_assists,0.3.0,empirical_qrf,0.05573619523423483,0.0,0.1054511278195489,,1041171555324455918,2026-01-10 19:59:37.810584
2026-01-10,24683,EDM,LA,30004871,Luke Prokop,assists,rf_qrf_assists,0.3.0,empirical_qrf,0.004446310558882736,0.0,0.009955223880597016,,1041171555324455918,2026-01-10 19:59:37.810584
2026-01-10,24683,EDM,LA,30005174,Matvey Petrov,assists,rf_qrf_assists,0.3.0,empirical_qrf,0.006007220212454005,0.004723387260447405,0.007379149147830083,,1041171555324455918,2026-01-10 19:59:37.810584
2026-01-10,24683,EDM,LA,30005177,James Hamblin,assists,rf_qrf_assists,0.3.0,empirical_qrf,0.0,0.0,0.0,,1041171555324455918,2026-01-10 19:59:37.810584
2026-01-10,24683,EDM,LA,30005185,Jayden Grubbe,assists,rf_qrf_assists,0.3.0,empirical_qrf,0.004446310558882736,0.0,0.009955223880597016,,1041171555324455918,2026-01-10 19:59:37.810584
2026-01-10,24683,EDM,LA,30005633,Matt Savoie,assists,rf_qrf_assists,0.3.0,empirical_qrf,0.0,0.0,0.0,,1041171555324455918,2026-01-10 19:59:37.810584
2026-01-10,24683,EDM,LA,30004081,Evan Bouchard,assists,rf_qrf_assists,0.3.0,empirical_qrf,0.00375,0.0,0.0,,1041171555324455918,2026-01-10 19:59:37.810584
2026-01-10,24683,EDM,LA,30004156,Alec Regula,assists,rf_qrf_assists,0.3.0,empirical_qrf,0.004446310558882736,0.0,0.009955223880597016,,1041171555324455918,2026-01-10 19:59:37.810584
2026-01-10,24683,EDM,LA,30004165,Ty Emberson,assists,rf_qrf_assists,0.3.0,empirical_qrf,0.0,0.0,0.0,,1041171555324455918,2026-01-10 19:59:37.810584
2026-01-10,24683,EDM,LA,30004370,Spencer Stastney,assists,rf_qrf_assists,0.3.0,empirical_qrf,0.0029183999771013355,0.0,0.006351228389444951,,1041171555324455918,2026-01-10 19:59:37.810584
2026-01-10,24683,EDM,LA,30004476,Vasily Podkolzin,assists,rf_qrf_assists,0.3.0,empirical_qrf,0.0015873015873015873,0.0,0.0,,1041171555324455918,2026-01-10 19:59:37.810584
2026-01-10,24683,EDM,LA,30004490,Sam Poulin,assists,rf_qrf_assists,0.3.0,empirical_qrf,0.017818842563077107,0.0,0.0342504892367906,,1041171555324455918,2026-01-10 19:59:37.810584
2026-01-10,24683,EDM,LA,30002824,Jack Roslovic,assists,rf_qrf_assists,0.3.0,empirical_qrf,0.004446310558882736,0.0,0.009955223880597016,,1041171555324455918,2026-01-10 19:59:37.810584
2026-01-10,24683,EDM,LA,30003142,Max Jones,assists,rf_qrf_assists,0.3.0,empirical_qrf,0.0,0.0,0.0,,1041171555324455918,2026-01-10 19:59:37.810584
2026-01-10,24683,EDM,LA,30003157,Trent Frederic,assists,rf_qrf_assists,0.3.0,empirical_qrf,0.0,0.0,0.0,,1041171555324455918,2026-01-10 19:59:37.810584
2026-01-10,24683,EDM,LA,30003211,Rem Pitlick,assists,rf_qrf_assists,0.3.0,empirical_qrf,0.006007220212454005,0.004723387260447405,0.007379149147830083,,1041171555324455918,2026-01-10 19:59:37.810584
2026-01-10,24683,EDM,LA,30003345,Riley Stillman,assists,rf_qrf_assists,0.3.0,empirical_qrf,0.0,0.0,0.0,,1041171555324455918,2026-01-10 19:59:37.810584
2026-01-10,24683,EDM,LA,30003770,Matt Tomkins,assists,rf_qrf_assists,0.3.0,empirical_qrf,0.006007220212454005,0.004723387260447405,0.007379149147830083,,1041171555324455918,2026-01-10 19:59:37.810584
2026-01-10,24683,EDM,LA,30001233,Connor McDavid,assists,rf_qrf_assists,0.3.0,empirical_qrf,0.0009722222222222221,0.0,0.0,,1041171555324455918,2026-01-10 19:59:37.810584
2026-01-10,24683,EDM,LA,30001304,Calvin Pickard,assists,rf_qrf_assists,0.3.0,empirical_qrf,0.006007220212454005,0.004723387260447405,0.007379149147830083,,1041171555324455918,2026-01-10 19:59:37.810584
2026-01-10,24683,EDM,LA,30001368,Seth Griffith,assists,rf_qrf_assists,0.3.0,empirical_qrf,0.006007220212454005,0.004723387260447405,0.007379149147830083,,1041171555324455918,2026-01-10 19:59:37.810584
2026-01-10,24683,EDM,LA,30002218,Andrew Mangiapane,assists,rf_qrf_assists,0.3.0,empirical_qrf,0.0,0.0,0.0,,1041171555324455918,2026-01-10 19:59:37.810584
2026-01-10,24683,EDM,LA,30002623,Jake Walman,assists,rf_qrf_assists,0.3.0,empirical_qrf,0.007441012691012691,0.0,0.0,,1041171555324455918,2026-01-10 19:59:37.810584
2026-01-10,24683,EDM,LA,30002787,Connor Ingram,assists,rf_qrf_assists,0.3.0,empirical_qrf,0.006007220212454005,0.004723387260447405,0.007379149147830083,,1041171555324455918,2026-01-10 19:59:37.810584
2026-01-10,24683,EDM,LA,30000540,Ryan Nugent-Hopkins,assists,rf_qrf_assists,0.3.0,empirical_qrf,0.0,0.0,0.0,,1041171555324455918,2026-01-10 19:59:37.810584
2026-01-10,24683,EDM,LA,30000549,Darnell Nurse,assists,rf_qrf_assists,0.3.0,empirical_qrf,0.0,0.0,0.0,,1041171555324455918,2026-01-10 19:59:37.810584
2026-01-10,24683,EDM,LA,30000752,Mattias Janmark,assists,rf_qrf_assists,0.3.0,empirical_qrf,0.0,0.0,0.0,,1041171555324455918,2026-01-10 19:59:37.810584
2026-01-10,24683,EDM,LA,30000965,Curtis Lazar,assists,rf_qrf_assists,0.3.0,empirical_qrf,0.0,0.0,0.0,,1041171555324455918,2026-01-10 19:59:37.810584
2026-01-10,24683,EDM,LA,30000987,Adam Henrique,assists,rf_qrf_assists,0.3.0,empirical_qrf,0.0,0.0,0.0,,1041171555324455918,2026-01-10 19:59:37.810584
2026-01-10,24683,EDM,LA,30001076,Leon Draisaitl,assists,rf_qrf_assists,0.3.0,empirical_qrf,0.0,0.0,0.0,,1041171555324455918,2026-01-10 19:59:37.810584
2026-01-10,24683,LA,EDM,30006386,Tate Singleton,assists,rf_qrf_assists,0.3.0,empirical_qrf,0.006007220212454005,0.004723387260447405,0.007379149147830083,,1041171555324455918,2026-01-10 19:59:37.810584
2026-01-10,24683,EDM,LA,30000180,Josh Brown,assists,rf_qrf_assists,0.3.0,empirical_qrf,0.0,0.0,0.0,,1041171555324455918,2026-01-10 19:59:37.810584
2026-01-10,24683,EDM,LA,30000250,Mattias Ekholm,assists,rf_qrf_assists,0.3.0,empirical_qrf,0.004046957671957671,0.0,0.0,,1041171555324455918,2026-01-10 19:59:37.810584
2026-01-10,24683,EDM,LA,30000392,Tristan Jarry,assists,rf_qrf_assists,0.3.0,empirical_qrf,0.006007220212454005,0.004723387260447405,0.007379149147830083,,1041171555324455918,2026-01-10 19:59:37.810584
2026-01-10,24683,EDM,LA,30000440,Zach Hyman,assists,rf_qrf_assists,0.3.0,empirical_qrf,0.006007220212454005,0.004723387260447405,0.007379149147830083,,1041171555324455918,2026-01-10 19:59:37.810584
2026-01-10,24683,EDM,LA,30000443,Kasperi Kapanen,assists,rf_qrf_assists,0.3.0,empirical_qrf,0.0017715924426450742,0.0,0.0,,1041171555324455918,2026-01-10 19:59:37.810584
2026-01-10,24683,LA,EDM,30005322,Isaiah Saville,assists,rf_qrf_assists,0.3.0,empirical_qrf,0.0,0.0,0.0,,1041171555324455918,2026-01-10 19:59:37.810584
2026-01-10,24683,LA,EDM,30005610,Andrei Kuzmenko,assists,rf_qrf_assists,0.3.0,empirical_qrf,0.0,0.0,0.0,,1041171555324455918,2026-01-10 19:59:37.810584
2026-01-10,24683,LA,EDM,30005710,Angus Booth,assists,rf_qrf_assists,0.3.0,empirical_qrf,0.006007220212454005,0.004723387260447405,0.007379149147830083,,1041171555324455918,2026-01-10 19:59:37.810584
2026-01-10,24683,LA,EDM,30006113,Jakub Dvorak,assists,rf_qrf_assists,0.3.0,empirical_qrf,0.0,0.0,0.0,,1041171555324455918,2026-01-10 19:59:37.810584
2026-01-10,24683,LA,EDM,30006140,Koehn Ziemmer,assists,rf_qrf_assists,0.3.0,empirical_qrf,0.006007220212454005,0.004723387260447405,0.007379149147830083,,1041171555324455918,2026-01-10 19:59:37.810584
2026-01-10,24683,LA,EDM,30006349,Jacob Modry,assists,rf_qrf_assists,0.3.0,empirical_qrf,0.006007220212454005,0.004723387260447405,0.007379149147830083,,1041171555324455918,2026-01-10 19:59:37.810584
2026-01-10,24683,LA,EDM,30004856,Alex Laferriere,assists,rf_qrf_assists,0.3.0,empirical_qrf,0.008791666666666666,0.0,0.0,,1041171555324455918,2026-01-10 19:59:37.810584
2026-01-10,24683,LA,EDM,30004969,Jeff Malott,assists,rf_qrf_assists,0.3.0,empirical_qrf,0.11041112883218145,0.0,0.5,,1041171555324455918,2026-01-10 19:59:37.810584
2026-01-10,24683,LA,EDM,30004994,Brandt Clarke,assists,rf_qrf_assists,0.3.0,empirical_qrf,0.0158478835978836,0.0,0.0,,1041171555324455918,2026-01-10 19:59:37.810584
2026-01-10,24683,LA,EDM,30005015,Francesco Pinelli,assists,rf_qrf_assists,0.3.0,empirical_qrf,0.0029183999771013355,0.0,0.006351228389444951,,1041171555324455918,2026-01-10 19:59:37.810584
2026-01-10,24683,LA,EDM,30005039,Samuel Helenius,assists,rf_qrf_assists,0.3.0,empirical_qrf,0.0,0.0,0.0,,1041171555324455918,2026-01-10 19:59:37.810584
2026-01-10,24683,LA,EDM,30005087,Kaleb Lawrence,assists,rf_qrf_assists,0.3.0,empirical_qrf,0.006007220212454005,0.004723387260447405,0.007379149147830083,,1041171555324455918,2026-01-10 19:59:37.810584
2026-01-10,24683,LA,EDM,30004321,Jacob Ingham,assists,rf_qrf_assists,0.3.0,empirical_qrf,0.006007220212454005,0.004723387260447405,0.007379149147830083,,1041171555324455918,2026-01-10 19:59:37.810584
2026-01-10,24683,LA,EDM,30004436,Mikey Anderson,assists,rf_qrf_assists,0.3.0,empirical_qrf,0.0,0.0,0.0,,1041171555324455918,2026-01-10 19:59:37.810584
2026-01-10,24683,LA,EDM,30004473,Alex Turcotte,assists,rf_qrf_assists,0.3.0,empirical_qrf,0.022527777777777775,0.0,0.0,,1041171555324455918,2026-01-10 19:59:37.810584
2026-01-10,24683,LA,EDM,30004516,Nikita Alexandrov,assists,rf_qrf_assists,0.3.0,empirical_qrf,0.0,0.0,0.0,,1041171555324455918,2026-01-10 19:59:37.810584
2026-01-10,24683,LA,EDM,30004571,Erik Portillo,assists,rf_qrf_assists,0.3.0,empirical_qrf,0.006007220212454005,0.004723387260447405,0.007379149147830083,,1041171555324455918,2026-01-10 19:59:37.810584
2026-01-10,24683,LA,EDM,30004798,Quinton Byfield,assists,rf_qrf_assists,0.3.0,empirical_qrf,0.0030324074074074073,0.0,0.0,,1041171555324455918,2026-01-10 19:59:37.810584
2026-01-10,24683,LA,EDM,30002582,Adrian Kempe,assists,rf_qrf_assists,0.3.0,empirical_qrf,0.0,0.0,0.0,,1041171555324455918,2026-01-10 19:59:37.810584
2026-01-10,24683,LA,EDM,30002611,Warren Foegele,assists,rf_qrf_assists,0.3.0,empirical_qrf,0.0,0.0,0.0,,1041171555324455918,2026-01-10 19:59:37.810584
2026-01-10,24683,LA,EDM,30002703,Kyle Burroughs,assists,rf_qrf_assists,0.3.0,empirical_qrf,0.0,0.0,0.0,,1041171555324455918,2026-01-10 19:59:37.810584
2026-01-10,24683,LA,EDM,30003232,Jacob Moverare,assists,rf_qrf_assists,0.3.0,empirical_qrf,0.0,0.0,0.0,,1041171555324455918,2026-01-10 19:59:37.810584
2026-01-10,24683,LA,EDM,30003236,Trevor Moore,assists,rf_qrf_assists,0.3.0,empirical_qrf,0.013680555555555557,0.0,0.0,,1041171555324455918,2026-01-10 19:59:37.810584
2026-01-10,24683,LA,EDM,30003508,John Parker-Jones,assists,rf_qrf_assists,0.3.0,empirical_qrf,0.006007220212454005,0.004723387260447405,0.007379149147830083,,1041171555324455918,2026-01-10 19:59:37.810584
2026-01-10,24683,LA,EDM,30000668,Anton Forsberg,assists,rf_qrf_assists,0.3.0,empirical_qrf,0.006007220212454005,0.004723387260447405,0.007379149147830083,,1041171555324455918,2026-01-10 19:59:37.810584
2026-01-10,24683,LA,EDM,30000675,Joel Edmundson,assists,rf_qrf_assists,0.3.0,empirical_qrf,0.02559695492197641,0.0,0.06060606060606061,,1041171555324455918,2026-01-10 19:59:37.810584
2026-01-10,24683,LA,EDM,30000770,Pheonix Copley,assists,rf_qrf_assists,0.3.0,empirical_qrf,0.006007220212454005,0.004723387260447405,0.007379149147830083,,1041171555324455918,2026-01-10 19:59:37.810584
2026-01-10,24683,LA,EDM,30000788,Jacob Doty,assists,rf_qrf_assists,0.3.0,empirical_qrf,0.006007220212454005,0.004723387260447405,0.007379149147830083,,1041171555324455918,2026-01-10 19:59:37.810584
2026-01-10,24683,LA,EDM,30000818,Joel Armia,assists,rf_qrf_assists,0.3.0,empirical_qrf,0.0,0.0,0.0,,1041171555324455918,2026-01-10 19:59:37.810584
2026-01-10,24683,LA,EDM,30001265,Corey Perry,assists,rf_qrf_assists,0.3.0,empirical_qrf,0.03278373015873016,0.0,0.0,,1041171555324455918,2026-01-10 19:59:37.810584
2026-01-10,24670,NYR,BOS,30000123,Jonathan Quick,shots_on_goal,rf_qrf_shots_on_goal,0.3.0,empirical_qrf,0.015656176156734793,0.012792800194973438,0.01877047178108129,,1041171555324455918,2026-01-10 19:59:51.892059
2026-01-10,24670,NYR,BOS,30000226,Vincent Trocheck,shots_on_goal,rf_qrf_shots_on_goal,0.3.0,empirical_qrf,0.27162301587301585,0.0,1.0,,1041171555324455918,2026-01-10 19:59:51.892059
2026-01-10,24670,NYR,BOS,30000410,Conor Sheary,shots_on_goal,rf_qrf_shots_on_goal,0.3.0,empirical_qrf,0.00617063492063492,0.0,0.0,,1041171555324455918,2026-01-10 19:59:51.892059
2026-01-10,24670,NYR,BOS,30000467,Mika Zibanejad,shots_on_goal,rf_qrf_shots_on_goal,0.3.0,empirical_qrf,0.02822222222222222,0.0,0.0,,1041171555324455918,2026-01-10 19:59:51.892059
2026-01-10,24670,NYR,BOS,30000489,Sam Carrick,shots_on_goal,rf_qrf_shots_on_goal,0.3.0,empirical_qrf,0.192630624003498,0.0,0.35294117647058826,,1041171555324455918,2026-01-10 19:59:51.892059
2026-01-10,24670,NYR,BOS,30000617,J.T. Miller,shots_on_goal,rf_qrf_shots_on_goal,0.3.0,empirical_qrf,0.18363293650793652,0.0,0.7550000000000011,,1041171555324455918,2026-01-10 19:59:51.892059
2026-01-10,24670,BOS,NYR,30006392,Luke Cavallin,shots_on_goal,rf_qrf_shots_on_goal,0.3.0,empirical_qrf,0.015656176156734793,0.012792800194973438,0.01877047178108129,,1041171555324455918,2026-01-10 19:59:51.892059
2026-01-10,24670,NYR,BOS,30000599,Anton Blidh,shots_on_goal,rf_qrf_shots_on_goal,0.3.0,empirical_qrf,0.00023692810457516338,0.0,0.0,,1041171555324455918,2026-01-10 19:59:51.892059
2026-01-10,24670,NYR,BOS,30001251,Justin Dowling,shots_on_goal,rf_qrf_shots_on_goal,0.3.0,empirical_qrf,0.009473400455603291,0.0,0.018975486972493714,,1041171555324455918,2026-01-10 19:59:51.892059
2026-01-10,24670,BOS,NYR,30005651,Matthew Poitras,shots_on_goal,rf_qrf_shots_on_goal,0.3.0,empirical_qrf,0.1739559009193773,0.0,0.4166666666666667,,1041171555324455918,2026-01-10 19:59:51.892059
2026-01-10,24670,BOS,NYR,30005658,Fraser Minten,shots_on_goal,rf_qrf_shots_on_goal,0.3.0,empirical_qrf,0.051387850687740065,0.0,0.12121212121212122,,1041171555324455918,2026-01-10 19:59:51.892059
2026-01-10,24670,BOS,NYR,30005749,Nolan Maier,shots_on_goal,rf_qrf_shots_on_goal,0.3.0,empirical_qrf,0.006614478114478115,0.0,0.0,,1041171555324455918,2026-01-10 19:59:51.892059
2026-01-10,24670,BOS,NYR,30005760,Joseph Abate,shots_on_goal,rf_qrf_shots_on_goal,0.3.0,empirical_qrf,0.08089693587941472,0.038986685519029105,0.12785351004896864,,1041171555324455918,2026-01-10 19:59:51.892059
2026-01-10,24670,BOS,NYR,30005797,Frederic Brunet,shots_on_goal,rf_qrf_shots_on_goal,0.3.0,empirical_qrf,0.08897069171310076,0.0,0.1852233676975945,,1041171555324455918,2026-01-10 19:59:51.892059
2026-01-10,24670,BOS,NYR,30005798,Jackson Edward,shots_on_goal,rf_qrf_shots_on_goal,0.3.0,empirical_qrf,0.23298302364130535,0.0,0.5454545454545454,,1041171555324455918,2026-01-10 19:59:51.892059
2026-01-10,24670,BOS,NYR,30004998,Fabian Lysell,shots_on_goal,rf_qrf_shots_on_goal,0.3.0,empirical_qrf,0.04853523591574762,0.0,0.11561085972850685,,1041171555324455918,2026-01-10 19:59:51.892059
2026-01-10,24670,BOS,NYR,30005130,Brett Harrison,shots_on_goal,rf_qrf_shots_on_goal,0.3.0,empirical_qrf,0.4339461233211233,0.0,1.3333333333333333,,1041171555324455918,2026-01-10 19:59:51.892059
2026-01-10,24670,BOS,NYR,30005170,Maximus Wanner,shots_on_goal,rf_qrf_shots_on_goal,0.3.0,empirical_qrf,0.015656176156734793,0.012792800194973438,0.01877047178108129,,1041171555324455918,2026-01-10 19:59:51.892059
2026-01-10,24670,BOS,NYR,30005341,Shawn Element,shots_on_goal,rf_qrf_shots_on_goal,0.3.0,empirical_qrf,0.015656176156734793,0.012792800194973438,0.01877047178108129,,1041171555324455918,2026-01-10 19:59:51.892059
2026-01-10,24670,BOS,NYR,30005367,Michael Callahan,shots_on_goal,rf_qrf_shots_on_goal,0.3.0,empirical_qrf,0.0,0.0,0.0,,1041171555324455918,2026-01-10 19:59:51.892059
2026-01-10,24670,BOS,NYR,30005580,Georgi Merkulov,shots_on_goal,rf_qrf_shots_on_goal,0.3.0,empirical_qrf,0.0,0.0,0.0,,1041171555324455918,2026-01-10 19:59:51.892059
2026-01-10,24670,BOS,NYR,30004513,John Farinacci,shots_on_goal,rf_qrf_shots_on_goal,0.3.0,empirical_qrf,0.03039277823597183,0.0,0.03248053392658514,,1041171555324455918,2026-01-10 19:59:51.892059
2026-01-10,24670,BOS,NYR,30004546,Vladislav Kolyachonok,shots_on_goal,rf_qrf_shots_on_goal,0.3.0,empirical_qrf,0.0,0.0,0.0,,1041171555324455918,2026-01-10 19:59:51.892059
2026-01-10,24670,BOS,NYR,30004640,Francois Brassard,shots_on_goal,rf_qrf_shots_on_goal,0.3.0,empirical_qrf,0.17180781392315528,0.1012232741197745,0.25,,1041171555324455918,2026-01-10 19:59:51.892059
2026-01-10,24670,BOS,NYR,30004851,Marat Khusnutdinov,shots_on_goal,rf_qrf_shots_on_goal,0.3.0,empirical_qrf,0.1741252337865241,0.0,0.4,,1041171555324455918,2026-01-10 19:59:51.892059
2026-01-10,24670,BOS,NYR,30004858,Mason Lohrei,shots_on_goal,rf_qrf_shots_on_goal,0.3.0,empirical_qrf,0.051387850687740065,0.0,0.12121212121212122,,1041171555324455918,2026-01-10 19:59:51.892059
2026-01-10,24670,BOS,NYR,30004929,Alex Steeves,shots_on_goal,rf_qrf_shots_on_goal,0.3.0,empirical_qrf,0.03172804316035329,0.0,0.07692307692307693,,1041171555324455918,2026-01-10 19:59:51.892059
2026-01-10,24670,BOS,NYR,30003890,Mikey Eyssimont,shots_on_goal,rf_qrf_shots_on_goal,0.3.0,empirical_qrf,0.4951666666666667,0.0,1.3333333333333333,,1041171555324455918,2026-01-10 19:59:51.892059
2026-01-10,24670,BOS,NYR,30003912,Mark Kastelic,shots_on_goal,rf_qrf_shots_on_goal,0.3.0,empirical_qrf,0.007618288961162913,0.0,0.015089578326414685,,1041171555324455918,2026-01-10 19:59:51.892059
2026-01-10,24670,BOS,NYR,30003991,Jeremy Swayman,shots_on_goal,rf_qrf_shots_on_goal,0.3.0,empirical_qrf,0.015656176156734793,0.012792800194973438,0.01877047178108129,,1041171555324455918,2026-01-10 19:59:51.892059
2026-01-10,24670,BOS,NYR,30004166,Jordan Harris,shots_on_goal,rf_qrf_shots_on_goal,0.3.0,empirical_qrf,0.02835094807153631,0.0,0.0,,1041171555324455918,2026-01-10 19:59:51.892059
2026-01-10,24670,BOS,NYR,30004281,Jonathan Aspirot,shots_on_goal,rf_qrf_shots_on_goal,0.3.0,empirical_qrf,0.08089693587941472,0.038986685519029105,0.12785351004896864,,1041171555324455918,2026-01-10 19:59:51.892059
2026-01-10,24670,BOS,NYR,30004477,Victor Soderstrom,shots_on_goal,rf_qrf_shots_on_goal,0.3.0,empirical_qrf,0.008051587301587301,0.0,0.0,,1041171555324455918,2026-01-10 19:59:51.892059
2026-01-10,24670,BOS,NYR,30003401,Jeffrey Viel,shots_on_goal,rf_qrf_shots_on_goal,0.3.0,empirical_qrf,0.0,0.0,0.0,,1041171555324455918,2026-01-10 19:59:51.892059
2026-01-10,24670,BOS,NYR,30003442,Tanner Jeannot,shots_on_goal,rf_qrf_shots_on_goal,0.3.0,empirical_qrf,0.05531020191888741,0.013282051282051286,0.0976949879388904,,1041171555324455918,2026-01-10 19:59:51.892059
2026-01-10,24670,BOS,NYR,30003581,Shane Starrett,shots_on_goal,rf_qrf_shots_on_goal,0.3.0,empirical_qrf,0.03172804316035329,0.0,0.07692307692307693,,1041171555324455918,2026-01-10 19:59:51.892059
2026-01-10,24670,BOS,NYR,30003643,Casey Mittelstadt,shots_on_goal,rf_qrf_shots_on_goal,0.3.0,empirical_qrf,0.007386904761904761,0.0,0.0,,1041171555324455918,2026-01-10 19:59:51.892059
2026-01-10,24670,BOS,NYR,30003657,Henri Jokiharju,shots_on_goal,rf_qrf_shots_on_goal,0.3.0,empirical_qrf,0.10549163968842762,0.0,0.25,,1041171555324455918,2026-01-10 19:59:51.892059
2026-01-10,24670,BOS,NYR,30003704,Morgan Geekie,shots_on_goal,rf_qrf_shots_on_goal,0.3.0,empirical_qrf,0.1562222222222222,0.0,0.8714285714285747,,1041171555324455918,2026-01-10 19:59:51.892059
2026-01-10,24670,BOS,NYR,30001264,Hampus Lindholm,shots_on_goal,rf_qrf_shots_on_goal,0.3.0,empirical_qrf,0.07678823849591204,0.0,0.14814814814814814,,1041171555324455918,2026-01-10 19:59:51.892059
2026-01-10,24670,BOS,NYR,30002853,Sean Kuraly,shots_on_goal,rf_qrf_shots_on_goal,0.3.0,empirical_qrf,0.0,0.0,0.0,,1041171555324455918,2026-01-10 19:59:51.892059
2026-01-10,24670,BOS,NYR,30003020,Kasimir Kaskisuo,shots_on_goal,rf_qrf_shots_on_goal,0.3.0,empirical_qrf,0.004658370649077423,0.0,0.0,,1041171555324455918,2026-01-10 19:59:51.892059
2026-01-10,24670,BOS,NYR,30003147,Charlie McAvoy,shots_on_goal,rf_qrf_shots_on_goal,0.3.0,empirical_qrf,0.0,0.0,0.0,,1041171555324455918,2026-01-10 19:59:51.892059
2026-01-10,24670,BOS,NYR,30003151,Riley Tufte,shots_on_goal,rf_qrf_shots_on_goal,0.3.0,empirical_qrf,0.0,0.0,0.0,,1041171555324455918,2026-01-10 19:59:51.892059
2026-01-10,24670,BOS,NYR,30003185,Andrew Peeke,shots_on_goal,rf_qrf_shots_on_goal,0.3.0,empirical_qrf,0.08089693587941472,0.038986685519029105,0.12785351004896864,,1041171555324455918,2026-01-10 19:59:51.892059
2026-01-10,24670,BOS,NYR,30000393,Joonas Korpisalo,shots_on_goal,rf_qrf_shots_on_goal,0.3.0,empirical_qrf,0.015656176156734793,0.012792800194973438,0.01877047178108129,,1041171555324455918,2026-01-10 19:59:51.892059
2026-01-10,24670,BOS,NYR,30000607,David Pastrnak,shots_on_goal,rf_qrf_shots_on_goal,0.3.0,empirical_qrf,0.03147222222222222,0.0,0.0,,1041171555324455918,2026-01-10 19:59:51.892059
2026-01-10,24670,BOS,NYR,30000630,Patrick Brown,shots_on_goal,rf_qrf_shots_on_goal,0.3.0,empirical_qrf,0.0066772486772486775,0.0,0.0,,1041171555324455918,2026-01-10 19:59:51.892059
2026-01-10,24670,BOS,NYR,30000636,Elias Lindholm,shots_on_goal,rf_qrf_shots_on_goal,0.3.0,empirical_qrf,0.13367857142857142,0.0,0.43571428571428733,,1041171555324455918,2026-01-10 19:59:51.892059
2026-01-10,24670,BOS,NYR,30000909,Nikita Zadorov,shots_on_goal,rf_qrf_shots_on_goal,0.3.0,empirical_qrf,0.05202380952380953,0.0,0.0,,1041171555324455918,2026-01-10 19:59:51.892059
2026-01-10,24670,BOS,NYR,30000995,Pavel Zacha,shots_on_goal,rf_qrf_shots_on_goal,0.3.0,empirical_qrf,0.00020833333333333335,0.0,0.0,,1041171555324455918,2026-01-10 19:59:51.892059
2026-01-10,24670,NYR,BOS,30005883,Noah Laba,shots_on_goal,rf_qrf_shots_on_goal,0.3.0,empirical_qrf,0.04171031746031746,0.0,0.0,,1041171555324455918,2026-01-10 19:59:51.892059
2026-01-10,24670,NYR,BOS,30006074,Gabe Perreault,shots_on_goal,rf_qrf_shots_on_goal,0.3.0,empirical_qrf,0.1340997813103076,0.0,0.3333333333333333,,1041171555324455918,2026-01-10 19:59:51.892059
2026-01-10,24670,NYR,BOS,30006118,Carey Terrance,shots_on_goal,rf_qrf_shots_on_goal,0.3.0,empirical_qrf,0.007618288961162913,0.0,0.015089578326414685,,1041171555324455918,2026-01-10 19:59:51.892059
2026-01-10,24670,NYR,BOS,30006174,Dylan Roobroeck,shots_on_goal,rf_qrf_shots_on_goal,0.3.0,empirical_qrf,0.0,0.0,0.0,,1041171555324455918,2026-01-10 19:59:51.892059
2026-01-10,24670,NYR,BOS,30006331,Brett Budgell,shots_on_goal,rf_qrf_shots_on_goal,0.3.0,empirical_qrf,0.015656176156734793,0.012792800194973438,0.01877047178108129,,1041171555324455918,2026-01-10 19:59:51.892059
2026-01-10,24670,BOS,NYR,30000245,Viktor Arvidsson,shots_on_goal,rf_qrf_shots_on_goal,0.3.0,empirical_qrf,0.07678823849591204,0.0,0.14814814814814814,,1041171555324455918,2026-01-10 19:59:51.892059
2026-01-10,24670,NYR,BOS,30005183,Matt Rempe,shots_on_goal,rf_qrf_shots_on_goal,0.3.0,empirical_qrf,0.0,0.0,0.0,,1041171555324455918,2026-01-10 19:59:51.892059
2026-01-10,24670,NYR,BOS,30005223,Kyle Jackson,shots_on_goal,rf_qrf_shots_on_goal,0.3.0,empirical_qrf,0.015656176156734793,0.012792800194973438,0.01877047178108129,,1041171555324455918,2026-01-10 19:59:51.892059
2026-01-10,24670,NYR,BOS,30005252,Adam Edstrom,shots_on_goal,rf_qrf_shots_on_goal,0.3.0,empirical_qrf,0.0,0.0,0.0,,1041171555324455918,2026-01-10 19:59:51.892059
2026-01-10,24670,NYR,BOS,30005563,Brandon Scanlin,shots_on_goal,rf_qrf_shots_on_goal,0.3.0,empirical_qrf,0.11825157243908217,0.05714285714285714,0.1875,,1041171555324455918,2026-01-10 19:59:51.892059
2026-01-10,24670,NYR,BOS,30005662,Adam Sykora,shots_on_goal,rf_qrf_shots_on_goal,0.3.0,empirical_qrf,0.08089693587941472,0.038986685519029105,0.12785351004896864,,1041171555324455918,2026-01-10 19:59:51.892059
2026-01-10,24670,NYR,BOS,30005686,Bryce McConnell-Barker,shots_on_goal,rf_qrf_shots_on_goal,0.3.0,empirical_qrf,0.17180781392315528,0.1012232741197745,0.25,,1041171555324455918,2026-01-10 19:59:51.892059
2026-01-10,24670,NYR,BOS,30004887,Brett Berard,shots_on_goal,rf_qrf_shots_on_goal,0.3.0,empirical_qrf,0.00023692810457516338,0.0,0.0,,1041171555324455918,2026-01-10 19:59:51.892059
2026-01-10,24670,NYR,BOS,30004896,Dylan Garand,shots_on_goal,rf_qrf_shots_on_goal,0.3.0,empirical_qrf,0.015656176156734793,0.012792800194973438,0.01877047178108129,,1041171555324455918,2026-01-10 19:59:51.892059
2026-01-10,24670,NYR,BOS,30004968,Juuso Parssinen,shots_on_goal,rf_qrf_shots_on_goal,0.3.0,empirical_qrf,0.006394459317571598,0.0,0.0,,1041171555324455918,2026-01-10 19:59:51.892059
2026-01-10,24670,NYR,BOS,30004987,Brennan Othmann,shots_on_goal,rf_qrf_shots_on_goal,0.3.0,empirical_qrf,0.192630624003498,0.0,0.35294117647058826,,1041171555324455918,2026-01-10 19:59:51.892059
2026-01-10,24670,NYR,BOS,30005014,Scott Morrow,shots_on_goal,rf_qrf_shots_on_goal,0.3.0,empirical_qrf,0.00023692810457516338,0.0,0.0,,1041171555324455918,2026-01-10 19:59:51.892059
2026-01-10,24670,NYR,BOS,30005069,Christopher Merisier-Ortiz,shots_on_goal,rf_qrf_shots_on_goal,0.3.0,empirical_qrf,0.015656176156734793,0.012792800194973438,0.01877047178108129,,1041171555324455918,2026-01-10 19:59:51.892059
2026-01-10,24670,NYR,BOS,30004504,Matthew Robertson,shots_on_goal,rf_qrf_shots_on_goal,0.3.0,empirical_qrf,0.07753534492786146,0.023391812865497075,0.13815789473684212,,1041171555324455918,2026-01-10 19:59:51.892059
2026-01-10,24670,NYR,BOS,30004749,Connor Mackey,shots_on_goal,rf_qrf_shots_on_goal,0.3.0,empirical_qrf,0.0032563249491784066,0.0,0.0,,1041171555324455918,2026-01-10 19:59:51.892059
2026-01-10,24670,NYR,BOS,30004797,Brendan Brisson,shots_on_goal,rf_qrf_shots_on_goal,0.3.0,empirical_qrf,0.009473400455603291,0.0,0.018975486972493714,,1041171555324455918,2026-01-10 19:59:51.892059
2026-01-10,24670,NYR,BOS,30004807,Alexis Lafrenière,shots_on_goal,rf_qrf_shots_on_goal,0.3.0,empirical_qrf,0.051387850687740065,0.0,0.12121212121212122,,1041171555324455918,2026-01-10 19:59:51.892059
2026-01-10,24670,NYR,BOS,30004820,Braden Schneider,shots_on_goal,rf_qrf_shots_on_goal,0.3.0,empirical_qrf,0.05531020191888741,0.013282051282051286,0.0976949879388904,,1041171555324455918,2026-01-10 19:59:51.892059
2026-01-10,24670,NYR,BOS,30004832,Will Cuylle,shots_on_goal,rf_qrf_shots_on_goal,0.3.0,empirical_qrf,0.08790079365079365,0.0,0.3400000000000015,,1041171555324455918,2026-01-10 19:59:51.892059
2026-01-10,24670,NYR,BOS,30003202,Casey Fitzgerald,shots_on_goal,rf_qrf_shots_on_goal,0.3.0,empirical_qrf,0.05531020191888741,0.013282051282051286,0.0976949879388904,,1041171555324455918,2026-01-10 19:59:51.892059
2026-01-10,24670,NYR,BOS,30003583,Carson Soucy,shots_on_goal,rf_qrf_shots_on_goal,0.3.0,empirical_qrf,0.1739559009193773,0.0,0.4166666666666667,,1041171555324455918,2026-01-10 19:59:51.892059
2026-01-10,24670,NYR,BOS,30003649,Urho Vaakanainen,shots_on_goal,rf_qrf_shots_on_goal,0.3.0,empirical_qrf,0.05531020191888741,0.013282051282051286,0.0976949879388904,,1041171555324455918,2026-01-10 19:59:51.892059
2026-01-10,24670,NYR,BOS,30003743,Will Borgen,shots_on_goal,rf_qrf_shots_on_goal,0.3.0,empirical_qrf,0.0006666666666666668,0.0,0.0,,1041171555324455918,2026-01-10 19:59:51.892059
2026-01-10,24670,NYR,BOS,30003952,Blake Hillman,shots_on_goal,rf_qrf_shots_on_goal,0.3.0,empirical_qrf,0.015656176156734793,0.012792800194973438,0.01877047178108129,,1041171555324455918,2026-01-10 19:59:51.892059
2026-01-10,24670,NYR,BOS,30004430,Vladislav Gavrikov,shots_on_goal,rf_qrf_shots_on_goal,0.3.0,empirical_qrf,0.0,0.0,0.0,,1041171555324455918,2026-01-10 19:59:51.892059
2026-01-10,24670,NYR,BOS,30001322,Artemi Panarin,shots_on_goal,rf_qrf_shots_on_goal,0.3.0,empirical_qrf,0.025746031746031742,0.0,0.0,,1041171555324455918,2026-01-10 19:59:51.892059
2026-01-10,24670,NYR,BOS,30002524,Spencer Martin,shots_on_goal,rf_qrf_shots_on_goal,0.3.0,empirical_qrf,0.015656176156734793,0.012792800194973438,0.01877047178108129,,1041171555324455918,2026-01-10 19:59:51.892059
2026-01-10,24670,NYR,BOS,30002967,Jonny Brodzinski,shots_on_goal,rf_qrf_shots_on_goal,0.3.0,empirical_qrf,0.0,0.0,0.0,,1041171555324455918,2026-01-10 19:59:51.892059
2026-01-10,24670,NYR,BOS,30002999,Igor Shesterkin,shots_on_goal,rf_qrf_shots_on_goal,0.3.0,empirical_qrf,0.015656176156734793,0.012792800194973438,0.01877047178108129,,1041171555324455918,2026-01-10 19:59:51.892059
2026-01-10,24670,NYR,BOS,30003170,Taylor Raddysh,shots_on_goal,rf_qrf_shots_on_goal,0.3.0,empirical_qrf,0.08089693587941472,0.038986685519029105,0.12785351004896864,,1041171555324455918,2026-01-10 19:59:51.892059
2026-01-10,24670,NYR,BOS,30003194,Adam Fox,shots_on_goal,rf_qrf_shots_on_goal,0.3.0,empirical_qrf,0.0,0.0,0.0,,1041171555324455918,2026-01-10 19:59:51.892059
2026-01-10,24671,CGY,PIT,30000032,Nazem Kadri,shots_on_goal,rf_qrf_shots_on_goal,0.3.0,empirical_qrf,0.033892857142857134,0.0,0.0,,1041171555324455918,2026-01-10 19:59:51.892059
2026-01-10,24671,CGY,PIT,30000103,Mikael Backlund,shots_on_goal,rf_qrf_shots_on_goal,0.3.0,empirical_qrf,0.00023692810457516338,0.0,0.0,,1041171555324455918,2026-01-10 19:59:51.892059
2026-01-10,24671,CGY,PIT,30000237,MacKenzie Weegar,shots_on_goal,rf_qrf_shots_on_goal,0.3.0,empirical_qrf,0.045924102263857416,0.0,0.10526315789473684,,1041171555324455918,2026-01-10 19:59:51.892059
2026-01-10,24671,CGY,PIT,30000311,Blake Coleman,shots_on_goal,rf_qrf_shots_on_goal,0.3.0,empirical_qrf,0.06555643392825437,0.0,0.1509433962264151,,1041171555324455918,2026-01-10 19:59:51.892059
2026-01-10,24671,CGY,PIT,30000766,Jonathan Huberdeau,shots_on_goal,rf_qrf_shots_on_goal,0.3.0,empirical_qrf,0.0,0.0,0.0,,1041171555324455918,2026-01-10 19:59:51.892059
2026-01-10,24671,CGY,PIT,30001029,Martin Frk,shots_on_goal,rf_qrf_shots_on_goal,0.3.0,empirical_qrf,0.2884346733162522,0.0,0.5,,1041171555324455918,2026-01-10 19:59:51.892059
2026-01-10,24671,PIT,CGY,30004262,Rafael Harvey-Pinard,shots_on_goal,rf_qrf_shots_on_goal,0.3.0,empirical_qrf,0.08089693587941472,0.038986685519029105,0.12785351004896864,,1041171555324455918,2026-01-10 19:59:51.892059
2026-01-10,24671,PIT,CGY,30006354,Jaxon Castor,shots_on_goal,rf_qrf_shots_on_goal,0.3.0,empirical_qrf,0.015656176156734793,0.012792800194973438,0.01877047178108129,,1041171555324455918,2026-01-10 19:59:51.892059
2026-01-10,24671,PIT,CGY,30006363,Finn Harding,shots_on_goal,rf_qrf_shots_on_goal,0.3.0,empirical_qrf,0.015656176156734793,0.012792800194973438,0.01877047178108129,,1041171555324455918,2026-01-10 19:59:51.892059
2026-01-10,24671,PIT,CGY,30006867,Benjamin Kindel,shots_on_goal,rf_qrf_shots_on_goal,0.3.0,empirical_qrf,0.26219973544973546,0.0,1.3333333333333333,,1041171555324455918,2026-01-10 19:59:51.892059
2026-01-10,24671,PIT,CGY,30004799,Yegor Chinakhov,shots_on_goal,rf_qrf_shots_on_goal,0.3.0,empirical_qrf,0.00020833333333333335,0.0,0.0,,1041171555324455918,2026-01-10 19:59:51.892059
2026-01-10,24671,PIT,CGY,30000613,Ryan Graves,shots_on_goal,rf_qrf_shots_on_goal,0.3.0,empirical_qrf,0.0006666666666666668,0.0,0.0,,1041171555324455918,2026-01-10 19:59:51.892059
2026-01-10,24671,CGY,PIT,30006494,Zayne Parekh,shots_on_goal,rf_qrf_shots_on_goal,0.3.0,empirical_qrf,0.0,0.0,0.0,,1041171555324455918,2026-01-10 19:59:51.892059
2026-01-10,24671,PIT,CGY,30005403,Jack St. Ivany,shots_on_goal,rf_qrf_shots_on_goal,0.3.0,empirical_qrf,0.05531020191888741,0.013282051282051286,0.0976949879388904,,1041171555324455918,2026-01-10 19:59:51.892059
2026-01-10,24671,PIT,CGY,30005511,Aidan McDonough,shots_on_goal,rf_qrf_shots_on_goal,0.3.0,empirical_qrf,0.07753534492786146,0.023391812865497075,0.13815789473684212,,1041171555324455918,2026-01-10 19:59:51.892059
2026-01-10,24671,PIT,CGY,30005623,Rutger McGroarty,shots_on_goal,rf_qrf_shots_on_goal,0.3.0,empirical_qrf,0.009473400455603291,0.0,0.018975486972493714,,1041171555324455918,2026-01-10 19:59:51.892059
2026-01-10,24671,PIT,CGY,30005635,Owen Pickering,shots_on_goal,rf_qrf_shots_on_goal,0.3.0,empirical_qrf,0.07678823849591204,0.0,0.14814814814814814,,1041171555324455918,2026-01-10 19:59:51.892059
2026-01-10,24671,PIT,CGY,30005966,Avery Hayes,shots_on_goal,rf_qrf_shots_on_goal,0.3.0,empirical_qrf,0.49012888337153043,0.0,1.0,,1041171555324455918,2026-01-10 19:59:51.892059
2026-01-10,24671,PIT,CGY,30006137,Emil Pieniniemi,shots_on_goal,rf_qrf_shots_on_goal,0.3.0,empirical_qrf,0.0,0.0,0.0,,1041171555324455918,2026-01-10 19:59:51.892059
2026-01-10,24671,PIT,CGY,30004960,Valtteri Puustinen,shots_on_goal,rf_qrf_shots_on_goal,0.3.0,empirical_qrf,0.0,0.0,0.0,,1041171555324455918,2026-01-10 19:59:51.892059
2026-01-10,24671,PIT,CGY,30005027,Ville Koivunen,shots_on_goal,rf_qrf_shots_on_goal,0.3.0,empirical_qrf,0.1741252337865241,0.0,0.4,,1041171555324455918,2026-01-10 19:59:51.892059
2026-01-10,24671,PIT,CGY,30005066,Raivis Ansons,shots_on_goal,rf_qrf_shots_on_goal,0.3.0,empirical_qrf,0.015656176156734793,0.012792800194973438,0.01877047178108129,,1041171555324455918,2026-01-10 19:59:51.892059
2026-01-10,24671,PIT,CGY,30005197,Taylor Gauthier,shots_on_goal,rf_qrf_shots_on_goal,0.3.0,empirical_qrf,0.015656176156734793,0.012792800194973438,0.01877047178108129,,1041171555324455918,2026-01-10 19:59:51.892059
2026-01-10,24671,PIT,CGY,30005267,William Dufour,shots_on_goal,rf_qrf_shots_on_goal,0.3.0,empirical_qrf,0.0,0.0,0.0,,1041171555324455918,2026-01-10 19:59:51.892059
2026-01-10,24671,PIT,CGY,30005330,Callahan Burke,shots_on_goal,rf_qrf_shots_on_goal,0.3.0,empirical_qrf,0.015656176156734793,0.012792800194973438,0.01877047178108129,,1041171555324455918,2026-01-10 19:59:51.892059
2026-01-10,24671,PIT,CGY,30004181,Connor Dewar,shots_on_goal,rf_qrf_shots_on_goal,0.3.0,empirical_qrf,0.0055126863876863875,0.0,0.0,,1041171555324455918,2026-01-10 19:59:51.892059
2026-01-10,24671,PIT,CGY,30004423,Blake Lizotte,shots_on_goal,rf_qrf_shots_on_goal,0.3.0,empirical_qrf,0.011821449780475437,0.00303951367781155,0.021478999528079284,,1041171555324455918,2026-01-10 19:59:51.892059
2026-01-10,24671,PIT,CGY,30004609,Arturs Silovs,shots_on_goal,rf_qrf_shots_on_goal,0.3.0,empirical_qrf,0.015656176156734793,0.012792800194973438,0.01877047178108129,,1041171555324455918,2026-01-10 19:59:51.892059
2026-01-10,24671,PIT,CGY,30004788,Ryan Shea,shots_on_goal,rf_qrf_shots_on_goal,0.3.0,empirical_qrf,0.0,0.0,0.0,,1041171555324455918,2026-01-10 19:59:51.892059
2026-01-10,24671,PIT,CGY,30004825,Joel Blomqvist,shots_on_goal,rf_qrf_shots_on_goal,0.3.0,empirical_qrf,0.015656176156734793,0.012792800194973438,0.01877047178108129,,1041171555324455918,2026-01-10 19:59:51.892059
2026-01-10,24671,PIT,CGY,30004918,Philip Kemp,shots_on_goal,rf_qrf_shots_on_goal,0.3.0,empirical_qrf,0.011821449780475437,0.00303951367781155,0.021478999528079284,,1041171555324455918,2026-01-10 19:59:51.892059
2026-01-10,24671,PIT,CGY,30003391,Justin Brazeau,shots_on_goal,rf_qrf_shots_on_goal,0.3.0,empirical_qrf,0.06555643392825437,0.0,0.1509433962264151,,1041171555324455918,2026-01-10 19:59:51.892059
2026-01-10,24671,PIT,CGY,30003586,Joona Koppanen,shots_on_goal,rf_qrf_shots_on_goal,0.3.0,empirical_qrf,0.07678823849591204,0.0,0.14814814814814814,,1041171555324455918,2026-01-10 19:59:51.892059
2026-01-10,24671,PIT,CGY,30003729,Stuart Skinner,shots_on_goal,rf_qrf_shots_on_goal,0.3.0,empirical_qrf,0.015656176156734793,0.012792800194973438,0.01877047178108129,,1041171555324455918,2026-01-10 19:59:51.892059
2026-01-10,24671,PIT,CGY,30003739,Sebastian Aho,shots_on_goal,rf_qrf_shots_on_goal,0.3.0,empirical_qrf,0.007618288961162913,0.0,0.015089578326414685,,1041171555324455918,2026-01-10 19:59:51.892059
2026-01-10,24671,PIT,CGY,30003893,Connor Clifton,shots_on_goal,rf_qrf_shots_on_goal,0.3.0,empirical_qrf,0.11306763380670233,0.0,0.21291793313069912,,1041171555324455918,2026-01-10 19:59:51.892059
2026-01-10,24671,PIT,CGY,30004100,Alexander Alexeyev,shots_on_goal,rf_qrf_shots_on_goal,0.3.0,empirical_qrf,0.011821449780475437,0.00303951367781155,0.021478999528079284,,1041171555324455918,2026-01-10 19:59:51.892059
2026-01-10,24671,PIT,CGY,30001100,Bryan Rust,shots_on_goal,rf_qrf_shots_on_goal,0.3.0,empirical_qrf,0.2050595238095238,0.0,1.0,,1041171555324455918,2026-01-10 19:59:51.892059
2026-01-10,24671,PIT,CGY,30001235,Noel Acciari,shots_on_goal,rf_qrf_shots_on_goal,0.3.0,empirical_qrf,0.011821449780475437,0.00303951367781155,0.021478999528079284,,1041171555324455918,2026-01-10 19:59:51.892059
2026-01-10,24671,PIT,CGY,30002778,Tommy Novak,shots_on_goal,rf_qrf_shots_on_goal,0.3.0,empirical_qrf,0.00023692810457516338,0.0,0.0,,1041171555324455918,2026-01-10 19:59:51.892059
2026-01-10,24671,PIT,CGY,30002874,Caleb Jones,shots_on_goal,rf_qrf_shots_on_goal,0.3.0,empirical_qrf,0.05838184976011862,0.0,0.12903225806451613,,1041171555324455918,2026-01-10 19:59:51.892059
2026-01-10,24671,PIT,CGY,30003030,Bokondji Imama,shots_on_goal,rf_qrf_shots_on_goal,0.3.0,empirical_qrf,0.015656176156734793,0.012792800194973438,0.01877047178108129,,1041171555324455918,2026-01-10 19:59:51.892059
2026-01-10,24671,PIT,CGY,30003099,Parker Wotherspoon,shots_on_goal,rf_qrf_shots_on_goal,0.3.0,empirical_qrf,0.009473400455603291,0.0,0.018975486972493714,,1041171555324455918,2026-01-10 19:59:51.892059
2026-01-10,24671,PIT,CGY,30000651,Sidney Crosby,shots_on_goal,rf_qrf_shots_on_goal,0.3.0,empirical_qrf,0.021686507936507934,0.0,0.0,,1041171555324455918,2026-01-10 19:59:51.892059
2026-01-10,24671,PIT,CGY,30000658,Kris Letang,shots_on_goal,rf_qrf_shots_on_goal,0.3.0,empirical_qrf,0.0,0.0,0.0,,1041171555324455918,2026-01-10 19:59:51.892059
2026-01-10,24671,PIT,CGY,30000660,Evgeni Malkin,shots_on_goal,rf_qrf_shots_on_goal,0.3.0,empirical_qrf,1.1183677248677248,0.0,2.6666666666666665,,1041171555324455918,2026-01-10 19:59:51.892059
2026-01-10,24671,PIT,CGY,30000806,Matt Dumba,shots_on_goal,rf_qrf_shots_on_goal,0.3.0,empirical_qrf,0.00020833333333333335,0.0,0.0,,1041171555324455918,2026-01-10 19:59:51.892059
2026-01-10,24671,PIT,CGY,30000848,Anthony Mantha,shots_on_goal,rf_qrf_shots_on_goal,0.3.0,empirical_qrf,0.05471655579405613,0.0,0.11764705882352941,,1041171555324455918,2026-01-10 19:59:51.892059
2026-01-10,24671,PIT,CGY,30000888,Rickard Rakell,shots_on_goal,rf_qrf_shots_on_goal,0.3.0,empirical_qrf,0.006666666666666667,0.0,0.0,,1041171555324455918,2026-01-10 19:59:51.892059
2026-01-10,24671,CGY,PIT,30006136,Hunter Brzustewicz,shots_on_goal,rf_qrf_shots_on_goal,0.3.0,empirical_qrf,0.19392834806805392,0.0,0.4461538461538465,,1041171555324455918,2026-01-10 19:59:51.892059
2026-01-10,24671,CGY,PIT,30006371,Matt Radomsky,shots_on_goal,rf_qrf_shots_on_goal,0.3.0,empirical_qrf,0.015656176156734793,0.012792800194973438,0.01877047178108129,,1041171555324455918,2026-01-10 19:59:51.892059
2026-01-10,24671,CGY,PIT,30006372,Connor Murphy,shots_on_goal,rf_qrf_shots_on_goal,0.3.0,empirical_qrf,0.015656176156734793,0.012792800194973438,0.01877047178108129,,1041171555324455918,2026-01-10 19:59:51.892059
2026-01-10,24671,PIT,CGY,30000445,Erik Karlsson,shots_on_goal,rf_qrf_shots_on_goal,0.3.0,empirical_qrf,0.007386904761904761,0.0,0.0,,1041171555324455918,2026-01-10 19:59:51.892059
2026-01-10,24671,PIT,CGY,30000557,Brett Kulak,shots_on_goal,rf_qrf_shots_on_goal,0.3.0,empirical_qrf,0.0,0.0,0.0,,1041171555324455918,2026-01-10 19:59:51.892059
2026-01-10,24671,PIT,CGY,30000615,Kevin Hayes,shots_on_goal,rf_qrf_shots_on_goal,0.3.0,empirical_qrf,0.20037649202649205,0.0,0.5,,1041171555324455918,2026-01-10 19:59:51.892059
2026-01-10,24671,CGY,PIT,30005142,Rory Kerins,shots_on_goal,rf_qrf_shots_on_goal,0.3.0,empirical_qrf,0.0055126863876863875,0.0,0.0,,1041171555324455918,2026-01-10 19:59:51.892059
2026-01-10,24671,CGY,PIT,30005297,Nick Cicek,shots_on_goal,rf_qrf_shots_on_goal,0.3.0,empirical_qrf,0.17180781392315528,0.1012232741197745,0.25,,1041171555324455918,2026-01-10 19:59:51.892059
2026-01-10,24671,CGY,PIT,30005595,Adam Klapka,shots_on_goal,rf_qrf_shots_on_goal,0.3.0,empirical_qrf,0.19392834806805392,0.0,0.4461538461538465,,1041171555324455918,2026-01-10 19:59:51.892059
2026-01-10,24671,CGY,PIT,30005729,Parker Bell,shots_on_goal,rf_qrf_shots_on_goal,0.3.0,empirical_qrf,0.015656176156734793,0.012792800194973438,0.01877047178108129,,1041171555324455918,2026-01-10 19:59:51.892059
2026-01-10,24671,CGY,PIT,30006084,Samuel Honzek,shots_on_goal,rf_qrf_shots_on_goal,0.3.0,empirical_qrf,0.045924102263857416,0.0,0.10526315789473684,,1041171555324455918,2026-01-10 19:59:51.892059
2026-01-10,24671,CGY,PIT,30006111,Etienne Morin,shots_on_goal,rf_qrf_shots_on_goal,0.3.0,empirical_qrf,0.05838184976011862,0.0,0.12903225806451613,,1041171555324455918,2026-01-10 19:59:51.892059
2026-01-10,24671,CGY,PIT,30004855,Yan Kuznetsov,shots_on_goal,rf_qrf_shots_on_goal,0.3.0,empirical_qrf,0.07753534492786146,0.023391812865497075,0.13815789473684212,,1041171555324455918,2026-01-10 19:59:51.892059
2026-01-10,24671,CGY,PIT,30004869,Jeremie Poirier,shots_on_goal,rf_qrf_shots_on_goal,0.3.0,empirical_qrf,0.015656176156734793,0.012792800194973438,0.01877047178108129,,1041171555324455918,2026-01-10 19:59:51.892059
2026-01-10,24671,CGY,PIT,30004925,Daniil Miromanov,shots_on_goal,rf_qrf_shots_on_goal,0.3.0,empirical_qrf,0.009473400455603291,0.0,0.018975486972493714,,1041171555324455918,2026-01-10 19:59:51.892059
2026-01-10,24671,CGY,PIT,30004993,Matt Coronato,shots_on_goal,rf_qrf_shots_on_goal,0.3.0,empirical_qrf,0.0,0.0,0.0,,1041171555324455918,2026-01-10 19:59:51.892059
2026-01-10,24671,CGY,PIT,30005038,William Stromgren,shots_on_goal,rf_qrf_shots_on_goal,0.3.0,empirical_qrf,0.015656176156734793,0.012792800194973438,0.01877047178108129,,1041171555324455918,2026-01-10 19:59:51.892059
2026-01-10,24671,CGY,PIT,30005139,Lucas Ciona,shots_on_goal,rf_qrf_shots_on_goal,0.3.0,empirical_qrf,0.015656176156734793,0.012792800194973438,0.01877047178108129,,1041171555324455918,2026-01-10 19:59:51.892059
2026-01-10,24671,CGY,PIT,30004310,Brayden Pachal,shots_on_goal,rf_qrf_shots_on_goal,0.3.0,empirical_qrf,0.0032563249491784066,0.0,0.0,,1041171555324455918,2026-01-10 19:59:51.892059
2026-01-10,24671,CGY,PIT,30004363,Martin Pospisil,shots_on_goal,rf_qrf_shots_on_goal,0.3.0,empirical_qrf,0.11306763380670233,0.0,0.21291793313069912,,1041171555324455918,2026-01-10 19:59:51.892059
2026-01-10,24671,CGY,PIT,30004493,John Beecher,shots_on_goal,rf_qrf_shots_on_goal,0.3.0,empirical_qrf,0.0,0.0,0.0,,1041171555324455918,2026-01-10 19:59:51.892059
2026-01-10,24671,CGY,PIT,30004665,Dustin Wolf,shots_on_goal,rf_qrf_shots_on_goal,0.3.0,empirical_qrf,0.015656176156734793,0.012792800194973438,0.01877047178108129,,1041171555324455918,2026-01-10 19:59:51.892059
2026-01-10,24671,CGY,PIT,30004791,Devin Cooley,shots_on_goal,rf_qrf_shots_on_goal,0.3.0,empirical_qrf,0.015656176156734793,0.012792800194973438,0.01877047178108129,,1041171555324455918,2026-01-10 19:59:51.892059
2026-01-10,24671,CGY,PIT,30004823,Connor Zary,shots_on_goal,rf_qrf_shots_on_goal,0.3.0,empirical_qrf,0.0,0.0,0.0,,1041171555324455918,2026-01-10 19:59:51.892059
2026-01-10,24671,CGY,PIT,30003145,Jake Bean,shots_on_goal,rf_qrf_shots_on_goal,0.3.0,empirical_qrf,0.08089693587941472,0.038986685519029105,0.12785351004896864,,1041171555324455918,2026-01-10 19:59:51.892059
2026-01-10,24671,CGY,PIT,30003418,Alex Gallant,shots_on_goal,rf_qrf_shots_on_goal,0.3.0,empirical_qrf,0.015656176156734793,0.012792800194973438,0.01877047178108129,,1041171555324455918,2026-01-10 19:59:51.892059
2026-01-10,24671,CGY,PIT,30003656,Morgan Frost,shots_on_goal,rf_qrf_shots_on_goal,0.3.0,empirical_qrf,0.0,0.0,0.0,,1041171555324455918,2026-01-10 19:59:51.892059
2026-01-10,24671,CGY,PIT,30004089,Joel Farabee,shots_on_goal,rf_qrf_shots_on_goal,0.3.0,empirical_qrf,0.011488095238095236,0.0,0.0,,1041171555324455918,2026-01-10 19:59:51.892059
2026-01-10,24671,CGY,PIT,30004162,Kevin Bahl,shots_on_goal,rf_qrf_shots_on_goal,0.3.0,empirical_qrf,0.0032563249491784066,0.0,0.0,,1041171555324455918,2026-01-10 19:59:51.892059
2026-01-10,24671,CGY,PIT,30004190,Yegor Sharangovich,shots_on_goal,rf_qrf_shots_on_goal,0.3.0,empirical_qrf,0.03984565570594982,0.0,0.0,,1041171555324455918,2026-01-10 19:59:51.892059
2026-01-10,24671,CGY,PIT,30001133,Rasmus Andersson,shots_on_goal,rf_qrf_shots_on_goal,0.3.0,empirical_qrf,0.009473400455603291,0.0,0.018975486972493714,,1041171555324455918,2026-01-10 19:59:51.892059
2026-01-10,24671,CGY,PIT,30001248,Joel Hanley,shots_on_goal,rf_qrf_shots_on_goal,0.3.0,empirical_qrf,0.1054262399401404,0.0,0.24,,1041171555324455918,2026-01-10 19:59:51.892059
2026-01-10,24671,CGY,PIT,30002217,Ryan Lomberg,shots_on_goal,rf_qrf_shots_on_goal,0.3.0,empirical_qrf,0.07678823849591204,0.0,0.14814814814814814,,1041171555324455918,2026-01-10 19:59:51.892059
2026-01-10,24671,CGY,PIT,30002595,Justin Kirkland,shots_on_goal,rf_qrf_shots_on_goal,0.3.0,empirical_qrf,0.009473400455603291,0.0,0.018975486972493714,,1041171555324455918,2026-01-10 19:59:51.892059
2026-01-10,24671,CGY,PIT,30002668,Clark Bishop,shots_on_goal,rf_qrf_shots_on_goal,0.3.0,empirical_qrf,0.011821449780475437,0.00303951367781155,0.021478999528079284,,1041171555324455918,2026-01-10 19:59:51.892059
2026-01-10,24671,CGY,PIT,30003001,Dryden Hunt,shots_on_goal,rf_qrf_shots_on_goal,0.3.0,empirical_qrf,0.0,0.0,0.0,,1041171555324455918,2026-01-10 19:59:51.892059
2026-01-10,24672,DAL,SJ,30000166,Alexander Petrovic,shots_on_goal,rf_qrf_shots_on_goal,0.3.0,empirical_qrf,0.11306763380670233,0.0,0.21291793313069912,,1041171555324455918,2026-01-10 19:59:51.892059
2026-01-10,24672,DAL,SJ,30000702,Antoine Bibeau,shots_on_goal,rf_qrf_shots_on_goal,0.3.0,empirical_qrf,0.015656176156734793,0.012792800194973438,0.01877047178108129,,1041171555324455918,2026-01-10 19:59:51.892059
2026-01-10,24672,DAL,SJ,30000735,Adam Erne,shots_on_goal,rf_qrf_shots_on_goal,0.3.0,empirical_qrf,0.0,0.0,0.0,,1041171555324455918,2026-01-10 19:59:51.892059
2026-01-10,24672,DAL,SJ,30000750,Radek Faksa,shots_on_goal,rf_qrf_shots_on_goal,0.3.0,empirical_qrf,0.030318828680897643,0.0,0.0,,1041171555324455918,2026-01-10 19:59:51.892059
2026-01-10,24672,DAL,SJ,30000755,Esa Lindell,shots_on_goal,rf_qrf_shots_on_goal,0.3.0,empirical_qrf,0.03172804316035329,0.0,0.07692307692307693,,1041171555324455918,2026-01-10 19:59:51.892059
2026-01-10,24672,DAL,SJ,30000756,Curtis McKenzie,shots_on_goal,rf_qrf_shots_on_goal,0.3.0,empirical_qrf,0.015656176156734793,0.012792800194973438,0.01877047178108129,,1041171555324455918,2026-01-10 19:59:51.892059
2026-01-10,24672,SJ,DAL,30006859,Michael Misa,shots_on_goal,rf_qrf_shots_on_goal,0.3.0,empirical_qrf,0.0,0.0,0.0,,1041171555324455918,2026-01-10 19:59:51.892059
2026-01-10,24672,SJ,DAL,30001456,Laurent Brossoit,shots_on_goal,rf_qrf_shots_on_goal,0.3.0,empirical_qrf,0.015656176156734793,0.012792800194973438,0.01877047178108129,,1041171555324455918,2026-01-10 19:59:51.892059
2026-01-10,24672,SJ,DAL,30005003,Nolan Allan,shots_on_goal,rf_qrf_shots_on_goal,0.3.0,empirical_qrf,0.005994677013169421,0.0,0.013333333333333334,,1041171555324455918,2026-01-10 19:59:51.892059
2026-01-10,24672,SJ,DAL,30006189,Luca Cagnoni,shots_on_goal,rf_qrf_shots_on_goal,0.3.0,empirical_qrf,0.11306763380670233,0.0,0.21291793313069912,,1041171555324455918,2026-01-10 19:59:51.892059
2026-01-10,24672,SJ,DAL,30006307,Anthony Vincent,shots_on_goal,rf_qrf_shots_on_goal,0.3.0,empirical_qrf,0.02700097663957348,0.0,0.06389842141386412,,1041171555324455918,2026-01-10 19:59:51.892059
2026-01-10,24672,SJ,DAL,30006468,Collin Graf,shots_on_goal,rf_qrf_shots_on_goal,0.3.0,empirical_qrf,0.06555643392825437,0.0,0.1509433962264151,,1041171555324455918,2026-01-10 19:59:51.892059
2026-01-10,24672,SJ,DAL,30006484,Sam Dickinson,shots_on_goal,rf_qrf_shots_on_goal,0.3.0,empirical_qrf,0.0,0.0,0.0,,1041171555324455918,2026-01-10 19:59:51.892059
2026-01-10,24672,SJ,DAL,30006491,Macklin Celebrini,shots_on_goal,rf_qrf_shots_on_goal,0.3.0,empirical_qrf,0.0,0.0,0.0,,1041171555324455918,2026-01-10 19:59:51.892059
2026-01-10,24672,SJ,DAL,30006523,Igor Chernyshov,shots_on_goal,rf_qrf_shots_on_goal,0.3.0,empirical_qrf,0.007618288961162913,0.0,0.015089578326414685,,1041171555324455918,2026-01-10 19:59:51.892059
2026-01-10,24672,SJ,DAL,30005649,Filip Bystedt,shots_on_goal,rf_qrf_shots_on_goal,0.3.0,empirical_qrf,0.015656176156734793,0.012792800194973438,0.01877047178108129,,1041171555324455918,2026-01-10 19:59:51.892059
2026-01-10,24672,SJ,DAL,30005752,Patrick Giles,shots_on_goal,rf_qrf_shots_on_goal,0.3.0,empirical_qrf,0.009473400455603291,0.0,0.018975486972493714,,1041171555324455918,2026-01-10 19:59:51.892059
2026-01-10,24672,SJ,DAL,30006008,Nolan Burke,shots_on_goal,rf_qrf_shots_on_goal,0.3.0,empirical_qrf,0.015656176156734793,0.012792800194973438,0.01877047178108129,,1041171555324455918,2026-01-10 19:59:51.892059
2026-01-10,24672,SJ,DAL,30006066,Will Smith,shots_on_goal,rf_qrf_shots_on_goal,0.3.0,empirical_qrf,0.0055126863876863875,0.0,0.0,,1041171555324455918,2026-01-10 19:59:51.892059
2026-01-10,24672,SJ,DAL,30006085,Quentin Musty,shots_on_goal,rf_qrf_shots_on_goal,0.3.0,empirical_qrf,0.004658370649077423,0.0,0.0,,1041171555324455918,2026-01-10 19:59:51.892059
2026-01-10,24672,SJ,DAL,30006114,Kasper Halttunen,shots_on_goal,rf_qrf_shots_on_goal,0.3.0,empirical_qrf,0.13939460709955057,0.0,0.3076923076923077,,1041171555324455918,2026-01-10 19:59:51.892059
2026-01-10,24672,SJ,DAL,30005013,Zack Ostapchuk,shots_on_goal,rf_qrf_shots_on_goal,0.3.0,empirical_qrf,0.08897069171310076,0.0,0.1852233676975945,,1041171555324455918,2026-01-10 19:59:51.892059
2026-01-10,24672,SJ,DAL,30005031,Vincent Iorio,shots_on_goal,rf_qrf_shots_on_goal,0.3.0,empirical_qrf,0.08897069171310076,0.0,0.1852233676975945,,1041171555324455918,2026-01-10 19:59:51.892059
2026-01-10,24672,SJ,DAL,30005081,Cole Clayton,shots_on_goal,rf_qrf_shots_on_goal,0.3.0,empirical_qrf,0.1054262399401404,0.0,0.24,,1041171555324455918,2026-01-10 19:59:51.892059
2026-01-10,24672,SJ,DAL,30005207,Ethan Cardwell,shots_on_goal,rf_qrf_shots_on_goal,0.3.0,empirical_qrf,0.017174603174603176,0.0,0.0,,1041171555324455918,2026-01-10 19:59:51.892059
2026-01-10,24672,SJ,DAL,30005602,Pavol Regenda,shots_on_goal,rf_qrf_shots_on_goal,0.3.0,empirical_qrf,0.015923280423280423,0.0,0.0,,1041171555324455918,2026-01-10 19:59:51.892059
2026-01-10,24672,SJ,DAL,30005628,Yaroslav Askarov,shots_on_goal,rf_qrf_shots_on_goal,0.3.0,empirical_qrf,0.015656176156734793,0.012792800194973438,0.01877047178108129,,1041171555324455918,2026-01-10 19:59:51.892059
2026-01-10,24672,SJ,DAL,30004123,Philipp Kurashev,shots_on_goal,rf_qrf_shots_on_goal,0.3.0,empirical_qrf,0.08897069171310076,0.0,0.1852233676975945,,1041171555324455918,2026-01-10 19:59:51.892059
2026-01-10,24672,SJ,DAL,30004136,Jakub Skarek,shots_on_goal,rf_qrf_shots_on_goal,0.3.0,empirical_qrf,0.015656176156734793,0.012792800194973438,0.01877047178108129,,1041171555324455918,2026-01-10 19:59:51.892059
2026-01-10,24672,SJ,DAL,30004392,Jimmy Huntington,shots_on_goal,rf_qrf_shots_on_goal,0.3.0,empirical_qrf,0.007618288961162913,0.0,0.015089578326414685,,1041171555324455918,2026-01-10 19:59:51.892059
2026-01-10,24672,SJ,DAL,30004654,Beck Warm,shots_on_goal,rf_qrf_shots_on_goal,0.3.0,empirical_qrf,0.015656176156734793,0.012792800194973438,0.01877047178108129,,1041171555324455918,2026-01-10 19:59:51.892059
2026-01-10,24672,SJ,DAL,30004811,Shakir Mukhamadullin,shots_on_goal,rf_qrf_shots_on_goal,0.3.0,empirical_qrf,0.19392834806805392,0.0,0.4461538461538465,,1041171555324455918,2026-01-10 19:59:51.892059
2026-01-10,24672,SJ,DAL,30004995,William Eklund,shots_on_goal,rf_qrf_shots_on_goal,0.3.0,empirical_qrf,0.0002777777777777778,0.0,0.0,,1041171555324455918,2026-01-10 19:59:51.892059
2026-01-10,24672,SJ,DAL,30003648,Timothy Liljegren,shots_on_goal,rf_qrf_shots_on_goal,0.3.0,empirical_qrf,0.009473400455603291,0.0,0.018975486972493714,,1041171555324455918,2026-01-10 19:59:51.892059
2026-01-10,24672,SJ,DAL,30003651,Shane Bowers,shots_on_goal,rf_qrf_shots_on_goal,0.3.0,empirical_qrf,0.04169767720303177,0.0,0.08450704225352113,,1041171555324455918,2026-01-10 19:59:51.892059
2026-01-10,24672,SJ,DAL,30003693,Mario Ferraro,shots_on_goal,rf_qrf_shots_on_goal,0.3.0,empirical_qrf,0.007618288961162913,0.0,0.015089578326414685,,1041171555324455918,2026-01-10 19:59:51.892059
2026-01-10,24672,SJ,DAL,30003937,Vincent Desharnais,shots_on_goal,rf_qrf_shots_on_goal,0.3.0,empirical_qrf,0.07753534492786146,0.023391812865497075,0.13815789473684212,,1041171555324455918,2026-01-10 19:59:51.892059
2026-01-10,24672,SJ,DAL,30003989,Adam Gaudette,shots_on_goal,rf_qrf_shots_on_goal,0.3.0,empirical_qrf,0.24649224386724383,0.0,0.5,,1041171555324455918,2026-01-10 19:59:51.892059
2026-01-10,24672,SJ,DAL,30004092,Ty Dellandrea,shots_on_goal,rf_qrf_shots_on_goal,0.3.0,empirical_qrf,0.1739559009193773,0.0,0.4166666666666667,,1041171555324455918,2026-01-10 19:59:51.892059
2026-01-10,24672,SJ,DAL,30000642,Jeff Skinner,shots_on_goal,rf_qrf_shots_on_goal,0.3.0,empirical_qrf,0.1741252337865241,0.0,0.4,,1041171555324455918,2026-01-10 19:59:51.892059
2026-01-10,24672,SJ,DAL,30000754,John Klingberg,shots_on_goal,rf_qrf_shots_on_goal,0.3.0,empirical_qrf,0.0,0.0,0.0,,1041171555324455918,2026-01-10 19:59:51.892059
2026-01-10,24672,SJ,DAL,30000914,Barclay Goodrow,shots_on_goal,rf_qrf_shots_on_goal,0.3.0,empirical_qrf,0.0,0.0,0.0,,1041171555324455918,2026-01-10 19:59:51.892059
2026-01-10,24672,SJ,DAL,30001301,Ryan Reaves,shots_on_goal,rf_qrf_shots_on_goal,0.3.0,empirical_qrf,0.015656176156734793,0.012792800194973438,0.01877047178108129,,1041171555324455918,2026-01-10 19:59:51.892059
2026-01-10,24672,SJ,DAL,30002590,Alex Nedeljkovic,shots_on_goal,rf_qrf_shots_on_goal,0.3.0,empirical_qrf,0.015656176156734793,0.012792800194973438,0.01877047178108129,,1041171555324455918,2026-01-10 19:59:51.892059
2026-01-10,24672,SJ,DAL,30002693,Aaron Dell,shots_on_goal,rf_qrf_shots_on_goal,0.3.0,empirical_qrf,0.10422222222222222,0.0,0.5,,1041171555324455918,2026-01-10 19:59:51.892059
2026-01-10,24672,SJ,DAL,30000007,Carey Price,shots_on_goal,rf_qrf_shots_on_goal,0.3.0,empirical_qrf,0.015656176156734793,0.012792800194973438,0.01877047178108129,,1041171555324455918,2026-01-10 19:59:51.892059
2026-01-10,24672,SJ,DAL,30000128,Logan Couture,shots_on_goal,rf_qrf_shots_on_goal,0.3.0,empirical_qrf,0.015656176156734793,0.012792800194973438,0.01877047178108129,,1041171555324455918,2026-01-10 19:59:51.892059
2026-01-10,24672,SJ,DAL,30000157,Tyler Toffoli,shots_on_goal,rf_qrf_shots_on_goal,0.3.0,empirical_qrf,0.0,0.0,0.0,,1041171555324455918,2026-01-10 19:59:51.892059
2026-01-10,24672,SJ,DAL,30000287,Nick Leddy,shots_on_goal,rf_qrf_shots_on_goal,0.3.0,empirical_qrf,0.009473400455603291,0.0,0.018975486972493714,,1041171555324455918,2026-01-10 19:59:51.892059
2026-01-10,24672,SJ,DAL,30000384,Dmitry Orlov,shots_on_goal,rf_qrf_shots_on_goal,0.3.0,empirical_qrf,0.031763295829708306,0.0,0.07407407407407407,,1041171555324455918,2026-01-10 19:59:51.892059
2026-01-10,24672,SJ,DAL,30000426,Alexander Wennberg,shots_on_goal,rf_qrf_shots_on_goal,0.3.0,empirical_qrf,0.0032563249491784066,0.0,0.0,,1041171555324455918,2026-01-10 19:59:51.892059
2026-01-10,24672,DAL,SJ,30004796,Mavrik Bourque,shots_on_goal,rf_qrf_shots_on_goal,0.3.0,empirical_qrf,0.0017628205128205128,0.0,0.0,,1041171555324455918,2026-01-10 19:59:51.892059
2026-01-10,24672,DAL,SJ,30004844,Cross Hanas,shots_on_goal,rf_qrf_shots_on_goal,0.3.0,empirical_qrf,0.007618288961162913,0.0,0.015089578326414685,,1041171555324455918,2026-01-10 19:59:51.892059
2026-01-10,24672,DAL,SJ,30005004,Wyatt Johnston,shots_on_goal,rf_qrf_shots_on_goal,0.3.0,empirical_qrf,0.1297281746031746,0.0,0.5,,1041171555324455918,2026-01-10 19:59:51.892059
2026-01-10,24672,DAL,SJ,30005062,Oskar Bäck,shots_on_goal,rf_qrf_shots_on_goal,0.3.0,empirical_qrf,0.08089693587941472,0.038986685519029105,0.12785351004896864,,1041171555324455918,2026-01-10 19:59:51.892059
2026-01-10,24672,DAL,SJ,30006362,Connor Punnett,shots_on_goal,rf_qrf_shots_on_goal,0.3.0,empirical_qrf,0.015656176156734793,0.012792800194973438,0.01877047178108129,,1041171555324455918,2026-01-10 19:59:51.892059
2026-01-10,24672,DAL,SJ,30006457,Justin Hryckowian,shots_on_goal,rf_qrf_shots_on_goal,0.3.0,empirical_qrf,0.03984565570594982,0.0,0.0,,1041171555324455918,2026-01-10 19:59:51.892059
2026-01-10,24672,DAL,SJ,30003658,Jake Oettinger,shots_on_goal,rf_qrf_shots_on_goal,0.3.0,empirical_qrf,0.005994677013169421,0.0,0.013333333333333334,,1041171555324455918,2026-01-10 19:59:51.892059
2026-01-10,24672,DAL,SJ,30003689,Jason Robertson,shots_on_goal,rf_qrf_shots_on_goal,0.3.0,empirical_qrf,0.009305555555555555,0.0,0.0,,1041171555324455918,2026-01-10 19:59:51.892059
2026-01-10,24672,DAL,SJ,30003695,Kole Lind,shots_on_goal,rf_qrf_shots_on_goal,0.3.0,empirical_qrf,0.045924102263857416,0.0,0.10526315789473684,,1041171555324455918,2026-01-10 19:59:51.892059
2026-01-10,24672,DAL,SJ,30004061,Ilya Lyubushkin,shots_on_goal,rf_qrf_shots_on_goal,0.3.0,empirical_qrf,0.1054262399401404,0.0,0.24,,1041171555324455918,2026-01-10 19:59:51.892059
2026-01-10,24672,DAL,SJ,30004103,Nils Lundkvist,shots_on_goal,rf_qrf_shots_on_goal,0.3.0,empirical_qrf,0.08089693587941472,0.038986685519029105,0.12785351004896864,,1041171555324455918,2026-01-10 19:59:51.892059
2026-01-10,24672,DAL,SJ,30004482,Thomas Harley,shots_on_goal,rf_qrf_shots_on_goal,0.3.0,empirical_qrf,0.0014285714285714286,0.0,0.0,,1041171555324455918,2026-01-10 19:59:51.892059
2026-01-10,24672,DAL,SJ,30003156,Sam Steel,shots_on_goal,rf_qrf_shots_on_goal,0.3.0,empirical_qrf,0.009473400455603291,0.0,0.018975486972493714,,1041171555324455918,2026-01-10 19:59:51.892059
2026-01-10,24672,DAL,SJ,30003165,Nate Bastian,shots_on_goal,rf_qrf_shots_on_goal,0.3.0,empirical_qrf,0.0,0.0,0.0,,1041171555324455918,2026-01-10 19:59:51.892059
2026-01-10,24672,DAL,SJ,30003357,Colin Blackwell,shots_on_goal,rf_qrf_shots_on_goal,0.3.0,empirical_qrf,0.031763295829708306,0.0,0.07407407407407407,,1041171555324455918,2026-01-10 19:59:51.892059
2026-01-10,24672,DAL,SJ,30003376,Casey DeSmith,shots_on_goal,rf_qrf_shots_on_goal,0.3.0,empirical_qrf,0.015656176156734793,0.012792800194973438,0.01877047178108129,,1041171555324455918,2026-01-10 19:59:51.892059
2026-01-10,24672,DAL,SJ,30003585,Cameron Hughes,shots_on_goal,rf_qrf_shots_on_goal,0.3.0,empirical_qrf,0.07832840399098484,0.0,0.15789473684210525,,1041171555324455918,2026-01-10 19:59:51.892059
2026-01-10,24672,DAL,SJ,30003640,Miro Heiskanen,shots_on_goal,rf_qrf_shots_on_goal,0.3.0,empirical_qrf,0.0,0.0,0.0,,1041171555324455918,2026-01-10 19:59:51.892059
2026-01-10,24672,DAL,SJ,30000762,Tyler Seguin,shots_on_goal,rf_qrf_shots_on_goal,0.3.0,empirical_qrf,0.0,0.0,0.0,,1041171555324455918,2026-01-10 19:59:51.892059
2026-01-10,24672,DAL,SJ,30000906,Mikko Rantanen,shots_on_goal,rf_qrf_shots_on_goal,0.3.0,empirical_qrf,1.1183677248677248,0.0,2.6666666666666665,,1041171555324455918,2026-01-10 19:59:51.892059
2026-01-10,24672,DAL,SJ,30001146,Matt Duchene,shots_on_goal,rf_qrf_shots_on_goal,0.3.0,empirical_qrf,0.0,0.0,0.0,,1041171555324455918,2026-01-10 19:59:51.892059
2026-01-10,24672,DAL,SJ,30001302,Jamie Benn,shots_on_goal,rf_qrf_shots_on_goal,0.3.0,empirical_qrf,0.009473400455603291,0.0,0.018975486972493714,,1041171555324455918,2026-01-10 19:59:51.892059
2026-01-10,24672,DAL,SJ,30002811,Roope Hintz,shots_on_goal,rf_qrf_shots_on_goal,0.3.0,empirical_qrf,0.192630624003498,0.0,0.35294117647058826,,1041171555324455918,2026-01-10 19:59:51.892059
2026-01-10,24672,DAL,SJ,30002842,Kyle Capobianco,shots_on_goal,rf_qrf_shots_on_goal,0.3.0,empirical_qrf,0.007618288961162913,0.0,0.015089578326414685,,1041171555324455918,2026-01-10 19:59:51.892059
2026-01-10,24673,CBJ,COL,30000115,Sean Monahan,shots_on_goal,rf_qrf_shots_on_goal,0.3.0,empirical_qrf,0.0014285714285714286,0.0,0.0,,1041171555324455918,2026-01-10 19:59:51.892059
2026-01-10,24673,CBJ,COL,30000207,Damon Severson,shots_on_goal,rf_qrf_shots_on_goal,0.3.0,empirical_qrf,0.11306763380670233,0.0,0.21291793313069912,,1041171555324455918,2026-01-10 19:59:51.892059
2026-01-10,24673,CBJ,COL,30000233,Erik Gudbranson,shots_on_goal,rf_qrf_shots_on_goal,0.3.0,empirical_qrf,0.0,0.0,0.0,,1041171555324455918,2026-01-10 19:59:51.892059
2026-01-10,24673,CBJ,COL,30000623,Ivan Provorov,shots_on_goal,rf_qrf_shots_on_goal,0.3.0,empirical_qrf,0.11306763380670233,0.0,0.21291793313069912,,1041171555324455918,2026-01-10 19:59:51.892059
2026-01-10,24673,CBJ,COL,30000778,Boone Jenner,shots_on_goal,rf_qrf_shots_on_goal,0.3.0,empirical_qrf,0.260515873015873,0.0,1.3333333333333333,,1041171555324455918,2026-01-10 19:59:51.892059
2026-01-10,24673,CBJ,COL,30000805,Charlie Coyle,shots_on_goal,rf_qrf_shots_on_goal,0.3.0,empirical_qrf,0.0,0.0,0.0,,1041171555324455918,2026-01-10 19:59:51.892059
2026-01-10,24673,COL,CBJ,30006385,Saige Weinstein,shots_on_goal,rf_qrf_shots_on_goal,0.3.0,empirical_qrf,0.015656176156734793,0.012792800194973438,0.01877047178108129,,1041171555324455918,2026-01-10 19:59:51.892059
2026-01-10,24673,COL,CBJ,30006387,Neil Shea,shots_on_goal,rf_qrf_shots_on_goal,0.3.0,empirical_qrf,0.015656176156734793,0.012792800194973438,0.01877047178108129,,1041171555324455918,2026-01-10 19:59:51.892059
2026-01-10,24673,CBJ,COL,30002631,Danton Heinen,shots_on_goal,rf_qrf_shots_on_goal,0.3.0,empirical_qrf,0.031763295829708306,0.0,0.07407407407407407,,1041171555324455918,2026-01-10 19:59:51.892059
2026-01-10,24673,CBJ,COL,30004205,Egor Zamula,shots_on_goal,rf_qrf_shots_on_goal,0.3.0,empirical_qrf,0.04169767720303177,0.0,0.08450704225352113,,1041171555324455918,2026-01-10 19:59:51.892059
2026-01-10,24673,CBJ,COL,30002593,Dysin Mayo,shots_on_goal,rf_qrf_shots_on_goal,0.3.0,empirical_qrf,0.011821449780475437,0.00303951367781155,0.021478999528079284,,1041171555324455918,2026-01-10 19:59:51.892059
2026-01-10,24673,COL,CBJ,30005777,Ivan Ivan,shots_on_goal,rf_qrf_shots_on_goal,0.3.0,empirical_qrf,0.005994677013169421,0.0,0.013333333333333334,,1041171555324455918,2026-01-10 19:59:51.892059
2026-01-10,24673,COL,CBJ,30006033,Jason Polin,shots_on_goal,rf_qrf_shots_on_goal,0.3.0,empirical_qrf,0.0,0.0,0.0,,1041171555324455918,2026-01-10 19:59:51.892059
2026-01-10,24673,COL,CBJ,30006036,Sam Malinski,shots_on_goal,rf_qrf_shots_on_goal,0.3.0,empirical_qrf,0.045924102263857416,0.0,0.10526315789473684,,1041171555324455918,2026-01-10 19:59:51.892059
2026-01-10,24673,COL,CBJ,30006102,Gavin Brindley,shots_on_goal,rf_qrf_shots_on_goal,0.3.0,empirical_qrf,0.0,0.0,0.0,,1041171555324455918,2026-01-10 19:59:51.892059
2026-01-10,24673,COL,CBJ,30006255,Maros Jedlicka,shots_on_goal,rf_qrf_shots_on_goal,0.3.0,empirical_qrf,0.007618288961162913,0.0,0.015089578326414685,,1041171555324455918,2026-01-10 19:59:51.892059
2026-01-10,24673,COL,CBJ,30006377,Noah Ganske,shots_on_goal,rf_qrf_shots_on_goal,0.3.0,empirical_qrf,0.015656176156734793,0.012792800194973438,0.01877047178108129,,1041171555324455918,2026-01-10 19:59:51.892059
2026-01-10,24673,COL,CBJ,30004842,Danil Gushchin,shots_on_goal,rf_qrf_shots_on_goal,0.3.0,empirical_qrf,0.045924102263857416,0.0,0.10526315789473684,,1041171555324455918,2026-01-10 19:59:51.892059
2026-01-10,24673,COL,CBJ,30004938,Ilya Solovyov,shots_on_goal,rf_qrf_shots_on_goal,0.3.0,empirical_qrf,0.07678823849591204,0.0,0.14814814814814814,,1041171555324455918,2026-01-10 19:59:51.892059
2026-01-10,24673,COL,CBJ,30005213,Tyler Inamoto,shots_on_goal,rf_qrf_shots_on_goal,0.3.0,empirical_qrf,0.17180781392315528,0.1012232741197745,0.25,,1041171555324455918,2026-01-10 19:59:51.892059
2026-01-10,24673,COL,CBJ,30005391,Tristen Nielsen,shots_on_goal,rf_qrf_shots_on_goal,0.3.0,empirical_qrf,0.04346097883597884,0.0,0.11250000000000031,,1041171555324455918,2026-01-10 19:59:51.892059
2026-01-10,24673,COL,CBJ,30005470,Zakhar Bardakov,shots_on_goal,rf_qrf_shots_on_goal,0.3.0,empirical_qrf,0.192630624003498,0.0,0.35294117647058826,,1041171555324455918,2026-01-10 19:59:51.892059
2026-01-10,24673,COL,CBJ,30005581,Wyatt Aamodt,shots_on_goal,rf_qrf_shots_on_goal,0.3.0,empirical_qrf,0.0,0.0,0.0,,1041171555324455918,2026-01-10 19:59:51.892059
2026-01-10,24673,COL,CBJ,30004393,Tye Felhaber,shots_on_goal,rf_qrf_shots_on_goal,0.3.0,empirical_qrf,0.07753534492786146,0.023391812865497075,0.13815789473684212,,1041171555324455918,2026-01-10 19:59:51.892059
2026-01-10,24673,COL,CBJ,30004461,Joel Kiviranta,shots_on_goal,rf_qrf_shots_on_goal,0.3.0,empirical_qrf,0.0,0.0,0.0,,1041171555324455918,2026-01-10 19:59:51.892059
2026-01-10,24673,COL,CBJ,30004557,Ronnie Attard,shots_on_goal,rf_qrf_shots_on_goal,0.3.0,empirical_qrf,0.015656176156734793,0.012792800194973438,0.01877047178108129,,1041171555324455918,2026-01-10 19:59:51.892059
2026-01-10,24673,COL,CBJ,30004569,Matthew Stienburg,shots_on_goal,rf_qrf_shots_on_goal,0.3.0,empirical_qrf,0.07753534492786146,0.023391812865497075,0.13815789473684212,,1041171555324455918,2026-01-10 19:59:51.892059
2026-01-10,24673,COL,CBJ,30004668,Trent Miner,shots_on_goal,rf_qrf_shots_on_goal,0.3.0,empirical_qrf,0.015656176156734793,0.012792800194973438,0.01877047178108129,,1041171555324455918,2026-01-10 19:59:51.892059
2026-01-10,24673,COL,CBJ,30004757,Jack Ahcan,shots_on_goal,rf_qrf_shots_on_goal,0.3.0,empirical_qrf,0.07753534492786146,0.023391812865497075,0.13815789473684212,,1041171555324455918,2026-01-10 19:59:51.892059
2026-01-10,24673,COL,CBJ,30003898,Parker Kelly,shots_on_goal,rf_qrf_shots_on_goal,0.3.0,empirical_qrf,0.08089693587941472,0.038986685519029105,0.12785351004896864,,1041171555324455918,2026-01-10 19:59:51.892059
2026-01-10,24673,COL,CBJ,30003947,Ross Colton,shots_on_goal,rf_qrf_shots_on_goal,0.3.0,empirical_qrf,0.05265209256934423,0.0,0.11764705882352941,,1041171555324455918,2026-01-10 19:59:51.892059
2026-01-10,24673,COL,CBJ,30004026,Victor Olofsson,shots_on_goal,rf_qrf_shots_on_goal,0.3.0,empirical_qrf,0.0,0.0,0.0,,1041171555324455918,2026-01-10 19:59:51.892059
2026-01-10,24673,COL,CBJ,30004119,Jake Wise,shots_on_goal,rf_qrf_shots_on_goal,0.3.0,empirical_qrf,0.015656176156734793,0.012792800194973438,0.01877047178108129,,1041171555324455918,2026-01-10 19:59:51.892059
2026-01-10,24673,COL,CBJ,30004121,Jack Drury,shots_on_goal,rf_qrf_shots_on_goal,0.3.0,empirical_qrf,0.00023692810457516338,0.0,0.0,,1041171555324455918,2026-01-10 19:59:51.892059
2026-01-10,24673,COL,CBJ,30004191,Logan O'Connor,shots_on_goal,rf_qrf_shots_on_goal,0.3.0,empirical_qrf,0.0,0.0,0.0,,1041171555324455918,2026-01-10 19:59:51.892059
2026-01-10,24673,COL,CBJ,30003488,Keaton Middleton,shots_on_goal,rf_qrf_shots_on_goal,0.3.0,empirical_qrf,0.05531020191888741,0.013282051282051286,0.0976949879388904,,1041171555324455918,2026-01-10 19:59:51.892059
2026-01-10,24673,COL,CBJ,30003646,Cale Makar,shots_on_goal,rf_qrf_shots_on_goal,0.3.0,empirical_qrf,0.8885687830687831,0.0,2.4,,1041171555324455918,2026-01-10 19:59:51.892059
2026-01-10,24673,COL,CBJ,30003654,Martin Necas,shots_on_goal,rf_qrf_shots_on_goal,0.3.0,empirical_qrf,0.05211111111111111,0.0,0.0,,1041171555324455918,2026-01-10 19:59:51.892059
2026-01-10,24673,COL,CBJ,30003772,Alex Barré-Boulet,shots_on_goal,rf_qrf_shots_on_goal,0.3.0,empirical_qrf,0.07753534492786146,0.023391812865497075,0.13815789473684212,,1041171555324455918,2026-01-10 19:59:51.892059
2026-01-10,24673,COL,CBJ,30003800,Jacob MacDonald,shots_on_goal,rf_qrf_shots_on_goal,0.3.0,empirical_qrf,0.015656176156734793,0.012792800194973438,0.01877047178108129,,1041171555324455918,2026-01-10 19:59:51.892059
2026-01-10,24673,COL,CBJ,30003894,Kyle Keyser,shots_on_goal,rf_qrf_shots_on_goal,0.3.0,empirical_qrf,0.015656176156734793,0.012792800194973438,0.01877047178108129,,1041171555324455918,2026-01-10 19:59:51.892059
2026-01-10,24673,COL,CBJ,30000904,Nathan MacKinnon,shots_on_goal,rf_qrf_shots_on_goal,0.3.0,empirical_qrf,0.23420238095238097,0.0,1.3333333333333333,,1041171555324455918,2026-01-10 19:59:51.892059
2026-01-10,24673,COL,CBJ,30001000,Brock Nelson,shots_on_goal,rf_qrf_shots_on_goal,0.3.0,empirical_qrf,0.18873234173234174,0.0,0.5,,1041171555324455918,2026-01-10 19:59:51.892059
2026-01-10,24673,COL,CBJ,30002512,Artturi Lehkonen,shots_on_goal,rf_qrf_shots_on_goal,0.3.0,empirical_qrf,0.6418664021164021,0.0,1.3333333333333333,,1041171555324455918,2026-01-10 19:59:51.892059
2026-01-10,24673,COL,CBJ,30002779,Mackenzie Blackwood,shots_on_goal,rf_qrf_shots_on_goal,0.3.0,empirical_qrf,0.015656176156734793,0.012792800194973438,0.01877047178108129,,1041171555324455918,2026-01-10 19:59:51.892059
2026-01-10,24673,COL,CBJ,30003087,Devon Toews,shots_on_goal,rf_qrf_shots_on_goal,0.3.0,empirical_qrf,0.012037698412698411,0.0,0.0,,1041171555324455918,2026-01-10 19:59:51.892059
2026-01-10,24673,COL,CBJ,30003183,Samuel Girard,shots_on_goal,rf_qrf_shots_on_goal,0.3.0,empirical_qrf,0.08110095143072324,0.0,0.15625,,1041171555324455918,2026-01-10 19:59:51.892059
2026-01-10,24673,COL,CBJ,30000200,Scott Wedgewood,shots_on_goal,rf_qrf_shots_on_goal,0.3.0,empirical_qrf,0.015656176156734793,0.012792800194973438,0.01877047178108129,,1041171555324455918,2026-01-10 19:59:51.892059
2026-01-10,24673,COL,CBJ,30000318,Jayson Megna,shots_on_goal,rf_qrf_shots_on_goal,0.3.0,empirical_qrf,0.05531020191888741,0.013282051282051286,0.0976949879388904,,1041171555324455918,2026-01-10 19:59:51.892059
2026-01-10,24673,COL,CBJ,30000697,T.J. Tynan,shots_on_goal,rf_qrf_shots_on_goal,0.3.0,empirical_qrf,0.05531020191888741,0.013282051282051286,0.0976949879388904,,1041171555324455918,2026-01-10 19:59:51.892059
2026-01-10,24673,COL,CBJ,30000757,Valeri Nichushkin,shots_on_goal,rf_qrf_shots_on_goal,0.3.0,empirical_qrf,0.0993272237022237,0.0,0.3333333333333333,,1041171555324455918,2026-01-10 19:59:51.892059
2026-01-10,24673,COL,CBJ,30000879,Josh Manson,shots_on_goal,rf_qrf_shots_on_goal,0.3.0,empirical_qrf,0.003941798941798941,0.0,0.0,,1041171555324455918,2026-01-10 19:59:51.892059
2026-01-10,24673,COL,CBJ,30000903,Gabriel Landeskog,shots_on_goal,rf_qrf_shots_on_goal,0.3.0,empirical_qrf,0.19355952380952382,0.0,1.0,,1041171555324455918,2026-01-10 19:59:51.892059
2026-01-10,24673,CBJ,COL,30005736,Nolan Lalonde,shots_on_goal,rf_qrf_shots_on_goal,0.3.0,empirical_qrf,0.015656176156734793,0.012792800194973438,0.01877047178108129,,1041171555324455918,2026-01-10 19:59:51.892059
2026-01-10,24673,CBJ,COL,30006022,Justin Pearson,shots_on_goal,rf_qrf_shots_on_goal,0.3.0,empirical_qrf,0.015656176156734793,0.012792800194973438,0.01877047178108129,,1041171555324455918,2026-01-10 19:59:51.892059
2026-01-10,24673,CBJ,COL,30006026,Hunter McKown,shots_on_goal,rf_qrf_shots_on_goal,0.3.0,empirical_qrf,0.1739559009193773,0.0,0.4166666666666667,,1041171555324455918,2026-01-10 19:59:51.892059
2026-01-10,24673,CBJ,COL,30006063,Adam Fantilli,shots_on_goal,rf_qrf_shots_on_goal,0.3.0,empirical_qrf,0.2824017857142857,0.0,1.3333333333333333,,1041171555324455918,2026-01-10 19:59:51.892059
2026-01-10,24673,CBJ,COL,30006337,Riley Bezeau,shots_on_goal,rf_qrf_shots_on_goal,0.3.0,empirical_qrf,0.08089693587941472,0.038986685519029105,0.12785351004896864,,1041171555324455918,2026-01-10 19:59:51.892059
2026-01-10,24673,COL,CBJ,30000127,Brent Burns,shots_on_goal,rf_qrf_shots_on_goal,0.3.0,empirical_qrf,0.07258068783068783,0.0,0.0,,1041171555324455918,2026-01-10 19:59:51.892059
2026-01-10,24673,CBJ,COL,30005355,Mikael Pyyhtia,shots_on_goal,rf_qrf_shots_on_goal,0.3.0,empirical_qrf,0.009473400455603291,0.0,0.018975486972493714,,1041171555324455918,2026-01-10 19:59:51.892059
2026-01-10,24673,CBJ,COL,30005568,Owen Sillinger,shots_on_goal,rf_qrf_shots_on_goal,0.3.0,empirical_qrf,0.06555643392825437,0.0,0.1509433962264151,,1041171555324455918,2026-01-10 19:59:51.892059
2026-01-10,24673,CBJ,COL,30005637,Denton Mateychuk,shots_on_goal,rf_qrf_shots_on_goal,0.3.0,empirical_qrf,0.07753534492786146,0.023391812865497075,0.13815789473684212,,1041171555324455918,2026-01-10 19:59:51.892059
2026-01-10,24673,CBJ,COL,30005664,Luca Del Bel Belluz,shots_on_goal,rf_qrf_shots_on_goal,0.3.0,empirical_qrf,0.0017628205128205128,0.0,0.0,,1041171555324455918,2026-01-10 19:59:51.892059
2026-01-10,24673,CBJ,COL,30005699,Jordan Dumais,shots_on_goal,rf_qrf_shots_on_goal,0.3.0,empirical_qrf,0.015656176156734793,0.012792800194973438,0.01877047178108129,,1041171555324455918,2026-01-10 19:59:51.892059
2026-01-10,24673,CBJ,COL,30005733,Roman Ahcan,shots_on_goal,rf_qrf_shots_on_goal,0.3.0,empirical_qrf,0.08089693587941472,0.038986685519029105,0.12785351004896864,,1041171555324455918,2026-01-10 19:59:51.892059
2026-01-10,24673,CBJ,COL,30005002,Corson Ceulemans,shots_on_goal,rf_qrf_shots_on_goal,0.3.0,empirical_qrf,0.13337547215856038,0.0,0.3,,1041171555324455918,2026-01-10 19:59:51.892059
2026-01-10,24673,CBJ,COL,30005049,Jet Greaves,shots_on_goal,rf_qrf_shots_on_goal,0.3.0,empirical_qrf,0.015656176156734793,0.012792800194973438,0.01877047178108129,,1041171555324455918,2026-01-10 19:59:51.892059
2026-01-10,24673,CBJ,COL,30005050,Stanislov Svozil,shots_on_goal,rf_qrf_shots_on_goal,0.3.0,empirical_qrf,0.11537962573003427,0.0,0.2727272727272727,,1041171555324455918,2026-01-10 19:59:51.892059
2026-01-10,24673,CBJ,COL,30005053,Ole Julian Bjorgvik-Holm,shots_on_goal,rf_qrf_shots_on_goal,0.3.0,empirical_qrf,0.015656176156734793,0.012792800194973438,0.01877047178108129,,1041171555324455918,2026-01-10 19:59:51.892059
2026-01-10,24673,CBJ,COL,30005088,James Malatesta,shots_on_goal,rf_qrf_shots_on_goal,0.3.0,empirical_qrf,0.009473400455603291,0.0,0.018975486972493714,,1041171555324455918,2026-01-10 19:59:51.892059
2026-01-10,24673,CBJ,COL,30005290,Max McCue,shots_on_goal,rf_qrf_shots_on_goal,0.3.0,empirical_qrf,0.07753534492786146,0.023391812865497075,0.13815789473684212,,1041171555324455918,2026-01-10 19:59:51.892059
2026-01-10,24673,CBJ,COL,30004135,Kirill Marchenko,shots_on_goal,rf_qrf_shots_on_goal,0.3.0,empirical_qrf,0.07258068783068783,0.0,0.0,,1041171555324455918,2026-01-10 19:59:51.892059
2026-01-10,24673,CBJ,COL,30004172,Curtis Hall,shots_on_goal,rf_qrf_shots_on_goal,0.3.0,empirical_qrf,0.015656176156734793,0.012792800194973438,0.01877047178108129,,1041171555324455918,2026-01-10 19:59:51.892059
2026-01-10,24673,CBJ,COL,30004306,Jake Christiansen,shots_on_goal,rf_qrf_shots_on_goal,0.3.0,empirical_qrf,0.0,0.0,0.0,,1041171555324455918,2026-01-10 19:59:51.892059
2026-01-10,24673,CBJ,COL,30004607,Dmitri Voronkov,shots_on_goal,rf_qrf_shots_on_goal,0.3.0,empirical_qrf,0.015277777777777777,0.0,0.0,,1041171555324455918,2026-01-10 19:59:51.892059
2026-01-10,24673,CBJ,COL,30004988,Cole Sillinger,shots_on_goal,rf_qrf_shots_on_goal,0.3.0,empirical_qrf,0.0055126863876863875,0.0,0.0,,1041171555324455918,2026-01-10 19:59:51.892059
2026-01-10,24673,CBJ,COL,30004989,Kent Johnson,shots_on_goal,rf_qrf_shots_on_goal,0.3.0,empirical_qrf,0.01185383597883598,0.0,0.0,,1041171555324455918,2026-01-10 19:59:51.892059
2026-01-10,24673,CBJ,COL,30003079,Miles Wood,shots_on_goal,rf_qrf_shots_on_goal,0.3.0,empirical_qrf,0.0,0.0,0.0,,1041171555324455918,2026-01-10 19:59:51.892059
2026-01-10,24673,CBJ,COL,30003146,Dante Fabbro,shots_on_goal,rf_qrf_shots_on_goal,0.3.0,empirical_qrf,0.26762962962962966,0.0,0.8589285714285718,,1041171555324455918,2026-01-10 19:59:51.892059
2026-01-10,24673,CBJ,COL,30003267,Mathieu Olivier,shots_on_goal,rf_qrf_shots_on_goal,0.3.0,empirical_qrf,0.07068518518518518,0.0,0.0,,1041171555324455918,2026-01-10 19:59:51.892059
2026-01-10,24673,CBJ,COL,30003269,Zach Sawchenko,shots_on_goal,rf_qrf_shots_on_goal,0.3.0,empirical_qrf,0.015656176156734793,0.012792800194973438,0.01877047178108129,,1041171555324455918,2026-01-10 19:59:51.892059
2026-01-10,24673,CBJ,COL,30003549,Zachary Aston-Reese,shots_on_goal,rf_qrf_shots_on_goal,0.3.0,empirical_qrf,0.007618288961162913,0.0,0.015089578326414685,,1041171555324455918,2026-01-10 19:59:51.892059
2026-01-10,24673,CBJ,COL,30004097,Isac Lundestrom,shots_on_goal,rf_qrf_shots_on_goal,0.3.0,empirical_qrf,0.07753534492786146,0.023391812865497075,0.13815789473684212,,1041171555324455918,2026-01-10 19:59:51.892059
2026-01-10,24673,CBJ,COL,30000855,Brendan Smith,shots_on_goal,rf_qrf_shots_on_goal,0.3.0,empirical_qrf,0.05531020191888741,0.013282051282051286,0.0976949879388904,,1041171555324455918,2026-01-10 19:59:51.892059
2026-01-10,24673,CBJ,COL,30001196,Brendan Gaunce,shots_on_goal,rf_qrf_shots_on_goal,0.3.0,empirical_qrf,0.08110095143072324,0.0,0.15625,,1041171555324455918,2026-01-10 19:59:51.892059
2026-01-10,24673,CBJ,COL,30002223,Mason Marchment,shots_on_goal,rf_qrf_shots_on_goal,0.3.0,empirical_qrf,0.0,0.0,0.0,,1041171555324455918,2026-01-10 19:59:51.892059
2026-01-10,24673,CBJ,COL,30002554,Hudson Fasching,shots_on_goal,rf_qrf_shots_on_goal,0.3.0,empirical_qrf,0.18873234173234174,0.0,0.5,,1041171555324455918,2026-01-10 19:59:51.892059
2026-01-10,24673,CBJ,COL,30002616,Elvis Merzlikins,shots_on_goal,rf_qrf_shots_on_goal,0.3.0,empirical_qrf,0.015656176156734793,0.012792800194973438,0.01877047178108129,,1041171555324455918,2026-01-10 19:59:51.892059
2026-01-10,24673,CBJ,COL,30002770,Zach Werenski,shots_on_goal,rf_qrf_shots_on_goal,0.3.0,empirical_qrf,0.01911904761904762,0.0,0.0,,1041171555324455918,2026-01-10 19:59:51.892059
2026-01-10,24674,VAN,TOR,30000958,Derek Forbort,shots_on_goal,rf_qrf_shots_on_goal,0.3.0,empirical_qrf,0.05265209256934423,0.0,0.11764705882352941,,1041171555324455918,2026-01-10 19:59:51.892059
2026-01-10,24674,VAN,TOR,30000976,Evander Kane,shots_on_goal,rf_qrf_shots_on_goal,0.3.0,empirical_qrf,0.192630624003498,0.0,0.35294117647058826,,1041171555324455918,2026-01-10 19:59:51.892059
2026-01-10,24674,VAN,TOR,30001238,Jake DeBrusk,shots_on_goal,rf_qrf_shots_on_goal,0.3.0,empirical_qrf,0.0017628205128205128,0.0,0.0,,1041171555324455918,2026-01-10 19:59:51.892059
2026-01-10,24674,VAN,TOR,30001299,Tyler Myers,shots_on_goal,rf_qrf_shots_on_goal,0.3.0,empirical_qrf,0.1054262399401404,0.0,0.24,,1041171555324455918,2026-01-10 19:59:51.892059
2026-01-10,24674,VAN,TOR,30001949,Guillaume Brisebois,shots_on_goal,rf_qrf_shots_on_goal,0.3.0,empirical_qrf,0.011821449780475437,0.00303951367781155,0.021478999528079284,,1041171555324455918,2026-01-10 19:59:51.892059
2026-01-10,24674,VAN,TOR,30002479,Teddy Blueger,shots_on_goal,rf_qrf_shots_on_goal,0.3.0,empirical_qrf,0.0,0.0,0.0,,1041171555324455918,2026-01-10 19:59:51.892059
2026-01-10,24674,TOR,VAN,30005769,Marshall Rifai,shots_on_goal,rf_qrf_shots_on_goal,0.3.0,empirical_qrf,0.007618288961162913,0.0,0.015089578326414685,,1041171555324455918,2026-01-10 19:59:51.892059
2026-01-10,24674,TOR,VAN,30003014,Matt Benning,shots_on_goal,rf_qrf_shots_on_goal,0.3.0,empirical_qrf,0.05265209256934423,0.0,0.11764705882352941,,1041171555324455918,2026-01-10 19:59:51.892059
2026-01-10,24674,TOR,VAN,30006389,Jacob Frasca,shots_on_goal,rf_qrf_shots_on_goal,0.3.0,empirical_qrf,0.015656176156734793,0.012792800194973438,0.01877047178108129,,1041171555324455918,2026-01-10 19:59:51.892059
2026-01-10,24674,TOR,VAN,30005725,Dennis Hildeby,shots_on_goal,rf_qrf_shots_on_goal,0.3.0,empirical_qrf,0.015656176156734793,0.012792800194973438,0.01877047178108129,,1041171555324455918,2026-01-10 19:59:51.892059
2026-01-10,24674,TOR,VAN,30006072,Easton Cowan,shots_on_goal,rf_qrf_shots_on_goal,0.3.0,empirical_qrf,0.0,0.0,0.0,,1041171555324455918,2026-01-10 19:59:51.892059
2026-01-10,24674,TOR,VAN,30006207,Noah Chadwick,shots_on_goal,rf_qrf_shots_on_goal,0.3.0,empirical_qrf,0.015656176156734793,0.012792800194973438,0.01877047178108129,,1041171555324455918,2026-01-10 19:59:51.892059
2026-01-10,24674,TOR,VAN,30006276,Marc Johnstone,shots_on_goal,rf_qrf_shots_on_goal,0.3.0,empirical_qrf,0.015656176156734793,0.012792800194973438,0.01877047178108129,,1041171555324455918,2026-01-10 19:59:51.892059
2026-01-10,24674,TOR,VAN,30006378,Jake Johnson,shots_on_goal,rf_qrf_shots_on_goal,0.3.0,empirical_qrf,0.015656176156734793,0.012792800194973438,0.01877047178108129,,1041171555324455918,2026-01-10 19:59:51.892059
2026-01-10,24674,TOR,VAN,30006388,Keenan Suthers,shots_on_goal,rf_qrf_shots_on_goal,0.3.0,empirical_qrf,0.015656176156734793,0.012792800194973438,0.01877047178108129,,1041171555324455918,2026-01-10 19:59:51.892059
2026-01-10,24674,TOR,VAN,30005143,Ben King,shots_on_goal,rf_qrf_shots_on_goal,0.3.0,empirical_qrf,0.015656176156734793,0.012792800194973438,0.01877047178108129,,1041171555324455918,2026-01-10 19:59:51.892059
2026-01-10,24674,TOR,VAN,30005520,Braeden Kressler,shots_on_goal,rf_qrf_shots_on_goal,0.3.0,empirical_qrf,0.015656176156734793,0.012792800194973438,0.01877047178108129,,1041171555324455918,2026-01-10 19:59:51.892059
2026-01-10,24674,TOR,VAN,30005527,Artur Akhtyamov,shots_on_goal,rf_qrf_shots_on_goal,0.3.0,empirical_qrf,0.015656176156734793,0.012792800194973438,0.01877047178108129,,1041171555324455918,2026-01-10 19:59:51.892059
2026-01-10,24674,TOR,VAN,30005528,Ryan Tverberg,shots_on_goal,rf_qrf_shots_on_goal,0.3.0,empirical_qrf,0.0,0.0,0.0,,1041171555324455918,2026-01-10 19:59:51.892059
2026-01-10,24674,TOR,VAN,30005542,Vyacheslav Peksa,shots_on_goal,rf_qrf_shots_on_goal,0.3.0,empirical_qrf,0.015656176156734793,0.012792800194973438,0.01877047178108129,,1041171555324455918,2026-01-10 19:59:51.892059
2026-01-10,24674,TOR,VAN,30005589,Bobby McMann,shots_on_goal,rf_qrf_shots_on_goal,0.3.0,empirical_qrf,0.007277777777777777,0.0,0.0,,1041171555324455918,2026-01-10 19:59:51.892059
2026-01-10,24674,TOR,VAN,30004509,Nicholas Robertson,shots_on_goal,rf_qrf_shots_on_goal,0.3.0,empirical_qrf,0.02388888888888889,0.0,0.0,,1041171555324455918,2026-01-10 19:59:51.892059
2026-01-10,24674,TOR,VAN,30004511,Henry Thrun,shots_on_goal,rf_qrf_shots_on_goal,0.3.0,empirical_qrf,0.0,0.0,0.0,,1041171555324455918,2026-01-10 19:59:51.892059
2026-01-10,24674,TOR,VAN,30004539,Matias Maccelli,shots_on_goal,rf_qrf_shots_on_goal,0.3.0,empirical_qrf,0.3186953093203093,0.0,1.2535714285714294,,1041171555324455918,2026-01-10 19:59:51.892059
2026-01-10,24674,TOR,VAN,30004583,Dakota Joshua,shots_on_goal,rf_qrf_shots_on_goal,0.3.0,empirical_qrf,0.06555643392825437,0.0,0.1509433962264151,,1041171555324455918,2026-01-10 19:59:51.892059
2026-01-10,24674,TOR,VAN,30005024,Matthew Knies,shots_on_goal,rf_qrf_shots_on_goal,0.3.0,empirical_qrf,0.05531020191888741,0.013282051282051286,0.0976949879388904,,1041171555324455918,2026-01-10 19:59:51.892059
2026-01-10,24674,TOR,VAN,30005068,Ryan McCleary,shots_on_goal,rf_qrf_shots_on_goal,0.3.0,empirical_qrf,0.015656176156734793,0.012792800194973438,0.01877047178108129,,1041171555324455918,2026-01-10 19:59:51.892059
2026-01-10,24674,TOR,VAN,30003130,Auston Matthews,shots_on_goal,rf_qrf_shots_on_goal,0.3.0,empirical_qrf,0.30450925925925926,0.0,1.0,,1041171555324455918,2026-01-10 19:59:51.892059
2026-01-10,24674,TOR,VAN,30003192,Joseph Woll,shots_on_goal,rf_qrf_shots_on_goal,0.3.0,empirical_qrf,0.015656176156734793,0.012792800194973438,0.01877047178108129,,1041171555324455918,2026-01-10 19:59:51.892059
2026-01-10,24674,TOR,VAN,30003562,Vinni Lettieri,shots_on_goal,rf_qrf_shots_on_goal,0.3.0,empirical_qrf,0.2582079910829911,0.0,0.6666666666666666,,1041171555324455918,2026-01-10 19:59:51.892059
2026-01-10,24674,TOR,VAN,30004139,Bo Groulx,shots_on_goal,rf_qrf_shots_on_goal,0.3.0,empirical_qrf,0.25472162097162104,0.0,0.5,,1041171555324455918,2026-01-10 19:59:51.892059
2026-01-10,24674,TOR,VAN,30004252,Simon Benoit,shots_on_goal,rf_qrf_shots_on_goal,0.3.0,empirical_qrf,0.009473400455603291,0.0,0.018975486972493714,,1041171555324455918,2026-01-10 19:59:51.892059
2026-01-10,24674,TOR,VAN,30004394,Reese Johnson,shots_on_goal,rf_qrf_shots_on_goal,0.3.0,empirical_qrf,0.015656176156734793,0.012792800194973438,0.01877047178108129,,1041171555324455918,2026-01-10 19:59:51.892059
2026-01-10,24674,TOR,VAN,30002867,Philippe Myers,shots_on_goal,rf_qrf_shots_on_goal,0.3.0,empirical_qrf,0.00686111111111111,0.0,0.0,,1041171555324455918,2026-01-10 19:59:51.892059
2026-01-10,24674,TOR,VAN,30002869,Ken Appleby,shots_on_goal,rf_qrf_shots_on_goal,0.3.0,empirical_qrf,0.015656176156734793,0.012792800194973438,0.01877047178108129,,1041171555324455918,2026-01-10 19:59:51.892059
2026-01-10,24674,TOR,VAN,30003022,Travis Boyd,shots_on_goal,rf_qrf_shots_on_goal,0.3.0,empirical_qrf,0.04169767720303177,0.0,0.08450704225352113,,1041171555324455918,2026-01-10 19:59:51.892059
2026-01-10,24674,TOR,VAN,30003041,Steven Lorentz,shots_on_goal,rf_qrf_shots_on_goal,0.3.0,empirical_qrf,0.04346097883597884,0.0,0.11250000000000031,,1041171555324455918,2026-01-10 19:59:51.892059
2026-01-10,24674,TOR,VAN,30003042,Nicolas Roy,shots_on_goal,rf_qrf_shots_on_goal,0.3.0,empirical_qrf,0.1054262399401404,0.0,0.24,,1041171555324455918,2026-01-10 19:59:51.892059
2026-01-10,24674,TOR,VAN,30003083,Troy Stecher,shots_on_goal,rf_qrf_shots_on_goal,0.3.0,empirical_qrf,0.07678823849591204,0.0,0.14814814814814814,,1041171555324455918,2026-01-10 19:59:51.892059
2026-01-10,24674,TOR,VAN,30000507,Jake McCabe,shots_on_goal,rf_qrf_shots_on_goal,0.3.0,empirical_qrf,0.08089693587941472,0.038986685519029105,0.12785351004896864,,1041171555324455918,2026-01-10 19:59:51.892059
2026-01-10,24674,TOR,VAN,30000940,Max Domi,shots_on_goal,rf_qrf_shots_on_goal,0.3.0,empirical_qrf,0.00020833333333333335,0.0,0.0,,1041171555324455918,2026-01-10 19:59:51.892059
2026-01-10,24674,TOR,VAN,30000943,Oliver Ekman-Larsson,shots_on_goal,rf_qrf_shots_on_goal,0.3.0,empirical_qrf,0.11306763380670233,0.0,0.21291793313069912,,1041171555324455918,2026-01-10 19:59:51.892059
2026-01-10,24674,TOR,VAN,30001088,Brandon Carlo,shots_on_goal,rf_qrf_shots_on_goal,0.3.0,empirical_qrf,0.07753534492786146,0.023391812865497075,0.13815789473684212,,1041171555324455918,2026-01-10 19:59:51.892059
2026-01-10,24674,TOR,VAN,30001217,Dakota Mermis,shots_on_goal,rf_qrf_shots_on_goal,0.3.0,empirical_qrf,0.08089693587941472,0.038986685519029105,0.12785351004896864,,1041171555324455918,2026-01-10 19:59:51.892059
2026-01-10,24674,TOR,VAN,30002664,Brandon Baddock,shots_on_goal,rf_qrf_shots_on_goal,0.3.0,empirical_qrf,0.015656176156734793,0.012792800194973438,0.01877047178108129,,1041171555324455918,2026-01-10 19:59:51.892059
2026-01-10,24674,TOR,VAN,30000100,Christopher Tanev,shots_on_goal,rf_qrf_shots_on_goal,0.3.0,empirical_qrf,0.007618288961162913,0.0,0.015089578326414685,,1041171555324455918,2026-01-10 19:59:51.892059
2026-01-10,24674,TOR,VAN,30000241,Calle Jarnkrok,shots_on_goal,rf_qrf_shots_on_goal,0.3.0,empirical_qrf,0.0,0.0,0.0,,1041171555324455918,2026-01-10 19:59:51.892059
2026-01-10,24674,TOR,VAN,30000259,Anthony Stolarz,shots_on_goal,rf_qrf_shots_on_goal,0.3.0,empirical_qrf,0.015656176156734793,0.012792800194973438,0.01877047178108129,,1041171555324455918,2026-01-10 19:59:51.892059
2026-01-10,24674,TOR,VAN,30000264,Scott Laughton,shots_on_goal,rf_qrf_shots_on_goal,0.3.0,empirical_qrf,0.01148015873015873,0.0,0.0,,1041171555324455918,2026-01-10 19:59:51.892059
2026-01-10,24674,TOR,VAN,30000275,John Tavares,shots_on_goal,rf_qrf_shots_on_goal,0.3.0,empirical_qrf,0.00020833333333333335,0.0,0.0,,1041171555324455918,2026-01-10 19:59:51.892059
2026-01-10,24674,TOR,VAN,30000486,William Nylander,shots_on_goal,rf_qrf_shots_on_goal,0.3.0,empirical_qrf,0.192630624003498,0.0,0.35294117647058826,,1041171555324455918,2026-01-10 19:59:51.892059
2026-01-10,24674,VAN,TOR,30006037,Nikita Tolopilo,shots_on_goal,rf_qrf_shots_on_goal,0.3.0,empirical_qrf,0.015656176156734793,0.012792800194973438,0.01877047178108129,,1041171555324455918,2026-01-10 19:59:51.892059
2026-01-10,24674,VAN,TOR,30006067,Tom Willander,shots_on_goal,rf_qrf_shots_on_goal,0.3.0,empirical_qrf,0.0032563249491784066,0.0,0.0,,1041171555324455918,2026-01-10 19:59:51.892059
2026-01-10,24674,VAN,TOR,30006320,Joe Arntsen,shots_on_goal,rf_qrf_shots_on_goal,0.3.0,empirical_qrf,0.015656176156734793,0.012792800194973438,0.01877047178108129,,1041171555324455918,2026-01-10 19:59:51.892059
2026-01-10,24674,VAN,TOR,30006441,Elias Nils Pettersson,shots_on_goal,rf_qrf_shots_on_goal,0.3.0,empirical_qrf,0.1739559009193773,0.0,0.4166666666666667,,1041171555324455918,2026-01-10 19:59:51.892059
2026-01-10,24674,VAN,TOR,30006486,Zeev Buium,shots_on_goal,rf_qrf_shots_on_goal,0.3.0,empirical_qrf,0.19392834806805392,0.0,0.4461538461538465,,1041171555324455918,2026-01-10 19:59:51.892059
2026-01-10,24674,TOR,VAN,30000040,Morgan Rielly,shots_on_goal,rf_qrf_shots_on_goal,0.3.0,empirical_qrf,0.11306763380670233,0.0,0.21291793313069912,,1041171555324455918,2026-01-10 19:59:51.892059
2026-01-10,24674,VAN,TOR,30005619,Jonathan Lekkerimaki,shots_on_goal,rf_qrf_shots_on_goal,0.3.0,empirical_qrf,0.45146891534391537,0.0,1.3333333333333333,,1041171555324455918,2026-01-10 19:59:51.892059
2026-01-10,24674,VAN,TOR,30005642,Liam Ohgren,shots_on_goal,rf_qrf_shots_on_goal,0.3.0,empirical_qrf,0.03172804316035329,0.0,0.07692307692307693,,1041171555324455918,2026-01-10 19:59:51.892059
2026-01-10,24674,VAN,TOR,30005747,Jonathan Lemieux,shots_on_goal,rf_qrf_shots_on_goal,0.3.0,empirical_qrf,0.015656176156734793,0.012792800194973438,0.01877047178108129,,1041171555324455918,2026-01-10 19:59:51.892059
2026-01-10,24674,VAN,TOR,30005831,Kirill Kudryavtsev,shots_on_goal,rf_qrf_shots_on_goal,0.3.0,empirical_qrf,0.10549163968842762,0.0,0.25,,1041171555324455918,2026-01-10 19:59:51.892059
2026-01-10,24674,VAN,TOR,30005837,Ty Young,shots_on_goal,rf_qrf_shots_on_goal,0.3.0,empirical_qrf,0.015656176156734793,0.012792800194973438,0.01877047178108129,,1041171555324455918,2026-01-10 19:59:51.892059
2026-01-10,24674,VAN,TOR,30006031,Max Sasson,shots_on_goal,rf_qrf_shots_on_goal,0.3.0,empirical_qrf,0.0,0.0,0.0,,1041171555324455918,2026-01-10 19:59:51.892059
2026-01-10,24674,VAN,TOR,30005028,Aatu Raty,shots_on_goal,rf_qrf_shots_on_goal,0.3.0,empirical_qrf,0.20037649202649205,0.0,0.5,,1041171555324455918,2026-01-10 19:59:51.892059
2026-01-10,24674,VAN,TOR,30005100,Cooper Walker,shots_on_goal,rf_qrf_shots_on_goal,0.3.0,empirical_qrf,0.015656176156734793,0.012792800194973438,0.01877047178108129,,1041171555324455918,2026-01-10 19:59:51.892059
2026-01-10,24674,VAN,TOR,30005145,Josh Bloom,shots_on_goal,rf_qrf_shots_on_goal,0.3.0,empirical_qrf,0.015656176156734793,0.012792800194973438,0.01877047178108129,,1041171555324455918,2026-01-10 19:59:51.892059
2026-01-10,24674,VAN,TOR,30005171,Dino Kambeitz,shots_on_goal,rf_qrf_shots_on_goal,0.3.0,empirical_qrf,0.015656176156734793,0.012792800194973438,0.01877047178108129,,1041171555324455918,2026-01-10 19:59:51.892059
2026-01-10,24674,VAN,TOR,30005456,Nils Aman,shots_on_goal,rf_qrf_shots_on_goal,0.3.0,empirical_qrf,0.08110095143072324,0.0,0.15625,,1041171555324455918,2026-01-10 19:59:51.892059
2026-01-10,24674,VAN,TOR,30005566,Arshdeep Bains,shots_on_goal,rf_qrf_shots_on_goal,0.3.0,empirical_qrf,0.012037698412698411,0.0,0.0,,1041171555324455918,2026-01-10 19:59:51.892059
2026-01-10,24674,VAN,TOR,30004531,Nils Hoglander,shots_on_goal,rf_qrf_shots_on_goal,0.3.0,empirical_qrf,0.0004761904761904762,0.0,0.0,,1041171555324455918,2026-01-10 19:59:51.892059
2026-01-10,24674,VAN,TOR,30004581,Nikolai Knyzhov,shots_on_goal,rf_qrf_shots_on_goal,0.3.0,empirical_qrf,0.007618288961162913,0.0,0.015089578326414685,,1041171555324455918,2026-01-10 19:59:51.892059
2026-01-10,24674,VAN,TOR,30004741,Drew O'Connor,shots_on_goal,rf_qrf_shots_on_goal,0.3.0,empirical_qrf,0.0006666666666666668,0.0,0.0,,1041171555324455918,2026-01-10 19:59:51.892059
2026-01-10,24674,VAN,TOR,30004817,Lukas Reichel,shots_on_goal,rf_qrf_shots_on_goal,0.3.0,empirical_qrf,0.031763295829708306,0.0,0.07407407407407407,,1041171555324455918,2026-01-10 19:59:51.892059
2026-01-10,24674,VAN,TOR,30004818,Marco Rossi,shots_on_goal,rf_qrf_shots_on_goal,0.3.0,empirical_qrf,0.04346097883597884,0.0,0.11250000000000031,,1041171555324455918,2026-01-10 19:59:51.892059
2026-01-10,24674,VAN,TOR,30005016,Danila Klimovich,shots_on_goal,rf_qrf_shots_on_goal,0.3.0,empirical_qrf,0.0,0.0,0.0,,1041171555324455918,2026-01-10 19:59:51.892059
2026-01-10,24674,VAN,TOR,30004001,Kiefer Sherwood,shots_on_goal,rf_qrf_shots_on_goal,0.3.0,empirical_qrf,0.2582079910829911,0.0,0.6666666666666666,,1041171555324455918,2026-01-10 19:59:51.892059
2026-01-10,24674,VAN,TOR,30004058,Kevin Lankinen,shots_on_goal,rf_qrf_shots_on_goal,0.3.0,empirical_qrf,0.015656176156734793,0.012792800194973438,0.01877047178108129,,1041171555324455918,2026-01-10 19:59:51.892059
2026-01-10,24674,VAN,TOR,30004140,Jett Woo,shots_on_goal,rf_qrf_shots_on_goal,0.3.0,empirical_qrf,0.08089693587941472,0.038986685519029105,0.12785351004896864,,1041171555324455918,2026-01-10 19:59:51.892059
2026-01-10,24674,VAN,TOR,30004153,Linus Karlsson,shots_on_goal,rf_qrf_shots_on_goal,0.3.0,empirical_qrf,0.00617063492063492,0.0,0.0,,1041171555324455918,2026-01-10 19:59:51.892059
2026-01-10,24674,VAN,TOR,30004227,Chase Wouters,shots_on_goal,rf_qrf_shots_on_goal,0.3.0,empirical_qrf,0.015656176156734793,0.012792800194973438,0.01877047178108129,,1041171555324455918,2026-01-10 19:59:51.892059
2026-01-10,24674,VAN,TOR,30004425,Jimmy Schuldt,shots_on_goal,rf_qrf_shots_on_goal,0.3.0,empirical_qrf,0.007618288961162913,0.0,0.015089578326414685,,1041171555324455918,2026-01-10 19:59:51.892059
2026-01-10,24674,VAN,TOR,30003193,Filip Hronek,shots_on_goal,rf_qrf_shots_on_goal,0.3.0,empirical_qrf,0.03184523809523809,0.0,0.0,,1041171555324455918,2026-01-10 19:59:51.892059
2026-01-10,24674,VAN,TOR,30003604,David Kampf,shots_on_goal,rf_qrf_shots_on_goal,0.3.0,empirical_qrf,0.08897069171310076,0.0,0.1852233676975945,,1041171555324455918,2026-01-10 19:59:51.892059
2026-01-10,24674,VAN,TOR,30003647,Elias Pettersson,shots_on_goal,rf_qrf_shots_on_goal,0.3.0,empirical_qrf,0.00023692810457516338,0.0,0.0,,1041171555324455918,2026-01-10 19:59:51.892059
2026-01-10,24674,VAN,TOR,30003655,Filip Chytil,shots_on_goal,rf_qrf_shots_on_goal,0.3.0,empirical_qrf,0.0055126863876863875,0.0,0.0,,1041171555324455918,2026-01-10 19:59:51.892059
2026-01-10,24674,VAN,TOR,30003666,Pierre-Olivier Joseph,shots_on_goal,rf_qrf_shots_on_goal,0.3.0,empirical_qrf,0.05531020191888741,0.013282051282051286,0.0976949879388904,,1041171555324455918,2026-01-10 19:59:51.892059
2026-01-10,24674,VAN,TOR,30003776,Jiri Patera,shots_on_goal,rf_qrf_shots_on_goal,0.3.0,empirical_qrf,0.015656176156734793,0.012792800194973438,0.01877047178108129,,1041171555324455918,2026-01-10 19:59:51.892059
2026-01-10,24674,VAN,TOR,30002581,Thatcher Demko,shots_on_goal,rf_qrf_shots_on_goal,0.3.0,empirical_qrf,0.015656176156734793,0.012792800194973438,0.01877047178108129,,1041171555324455918,2026-01-10 19:59:51.892059
2026-01-10,24674,VAN,TOR,30002587,Marcus Pettersson,shots_on_goal,rf_qrf_shots_on_goal,0.3.0,empirical_qrf,0.009473400455603291,0.0,0.018975486972493714,,1041171555324455918,2026-01-10 19:59:51.892059
2026-01-10,24674,VAN,TOR,30002777,Brock Boeser,shots_on_goal,rf_qrf_shots_on_goal,0.3.0,empirical_qrf,0.08790079365079365,0.0,0.3400000000000015,,1041171555324455918,2026-01-10 19:59:51.892059
2026-01-10,24674,VAN,TOR,30002793,Joseph Labate,shots_on_goal,rf_qrf_shots_on_goal,0.3.0,empirical_qrf,0.07678823849591204,0.0,0.14814814814814814,,1041171555324455918,2026-01-10 19:59:51.892059
2026-01-10,24674,VAN,TOR,30002876,Conor Garland,shots_on_goal,rf_qrf_shots_on_goal,0.3.0,empirical_qrf,0.41542592592592587,0.0,1.5,,1041171555324455918,2026-01-10 19:59:51.892059
2026-01-10,24674,VAN,TOR,30003063,Mackenzie MacEachern,shots_on_goal,rf_qrf_shots_on_goal,0.3.0,empirical_qrf,0.03172804316035329,0.0,0.07692307692307693,,1041171555324455918,2026-01-10 19:59:51.892059
2026-01-10,24675,TB,PHI,30000428,Oliver Bjorkstrand,shots_on_goal,rf_qrf_shots_on_goal,0.3.0,empirical_qrf,0.08398148148148148,0.0,0.0,,1041171555324455918,2026-01-10 19:59:51.892059
2026-01-10,24675,TB,PHI,30000477,Nick Paul,shots_on_goal,rf_qrf_shots_on_goal,0.3.0,empirical_qrf,0.06546284271284271,0.0,0.0,,1041171555324455918,2026-01-10 19:59:51.892059
2026-01-10,24675,TB,PHI,30000502,Zemgus Girgensons,shots_on_goal,rf_qrf_shots_on_goal,0.3.0,empirical_qrf,0.0,0.0,0.0,,1041171555324455918,2026-01-10 19:59:51.892059
2026-01-10,24675,TB,PHI,30000737,Victor Hedman,shots_on_goal,rf_qrf_shots_on_goal,0.3.0,empirical_qrf,0.002599206349206349,0.0,0.0,,1041171555324455918,2026-01-10 19:59:51.892059
2026-01-10,24675,TB,PHI,30000742,Brayden Point,shots_on_goal,rf_qrf_shots_on_goal,0.3.0,empirical_qrf,0.041499999999999995,0.0,0.0,,1041171555324455918,2026-01-10 19:59:51.892059
2026-01-10,24675,TB,PHI,30001047,Nikita Kucherov,shots_on_goal,rf_qrf_shots_on_goal,0.3.0,empirical_qrf,0.025916666666666664,0.0,0.0,,1041171555324455918,2026-01-10 19:59:51.892059
2026-01-10,24675,PHI,TB,30004144,Adam Ginning,shots_on_goal,rf_qrf_shots_on_goal,0.3.0,empirical_qrf,0.045924102263857416,0.0,0.10526315789473684,,1041171555324455918,2026-01-10 19:59:51.892059
2026-01-10,24675,PHI,TB,30006061,Matvei Michkov,shots_on_goal,rf_qrf_shots_on_goal,0.3.0,empirical_qrf,0.23420238095238097,0.0,1.3333333333333333,,1041171555324455918,2026-01-10 19:59:51.892059
2026-01-10,24675,PHI,TB,30006075,Oliver Bonk,shots_on_goal,rf_qrf_shots_on_goal,0.3.0,empirical_qrf,0.0,0.0,0.0,,1041171555324455918,2026-01-10 19:59:51.892059
2026-01-10,24675,PHI,TB,30006100,Carson Bjarnason,shots_on_goal,rf_qrf_shots_on_goal,0.3.0,empirical_qrf,0.015656176156734793,0.012792800194973438,0.01877047178108129,,1041171555324455918,2026-01-10 19:59:51.892059
2026-01-10,24675,PHI,TB,30006135,Denver Barkey,shots_on_goal,rf_qrf_shots_on_goal,0.3.0,empirical_qrf,0.08089693587941472,0.038986685519029105,0.12785351004896864,,1041171555324455918,2026-01-10 19:59:51.892059
2026-01-10,24675,TB,PHI,30005698,Michael Milne,shots_on_goal,rf_qrf_shots_on_goal,0.3.0,empirical_qrf,0.015656176156734793,0.012792800194973438,0.01877047178108129,,1041171555324455918,2026-01-10 19:59:51.892059
2026-01-10,24675,PHI,TB,30004488,Philip Tomasino,shots_on_goal,rf_qrf_shots_on_goal,0.3.0,empirical_qrf,0.0025555555555555553,0.0,0.0,,1041171555324455918,2026-01-10 19:59:51.892059
2026-01-10,24675,PHI,TB,30005345,Roman Schmidt,shots_on_goal,rf_qrf_shots_on_goal,0.3.0,empirical_qrf,0.17180781392315528,0.1012232741197745,0.25,,1041171555324455918,2026-01-10 19:59:51.892059
2026-01-10,24675,PHI,TB,30005397,Noah Cates,shots_on_goal,rf_qrf_shots_on_goal,0.3.0,empirical_qrf,0.20037649202649205,0.0,0.5,,1041171555324455918,2026-01-10 19:59:51.892059
2026-01-10,24675,PHI,TB,30005401,Aleksei Kolosov,shots_on_goal,rf_qrf_shots_on_goal,0.3.0,empirical_qrf,0.015656176156734793,0.012792800194973438,0.01877047178108129,,1041171555324455918,2026-01-10 19:59:51.892059
2026-01-10,24675,PHI,TB,30005756,Tucker Robertson,shots_on_goal,rf_qrf_shots_on_goal,0.3.0,empirical_qrf,0.015656176156734793,0.012792800194973438,0.01877047178108129,,1041171555324455918,2026-01-10 19:59:51.892059
2026-01-10,24675,PHI,TB,30005958,Nikita Grebenkin,shots_on_goal,rf_qrf_shots_on_goal,0.3.0,empirical_qrf,0.01185383597883598,0.0,0.0,,1041171555324455918,2026-01-10 19:59:51.892059
2026-01-10,24675,PHI,TB,30006045,Yaniv Perets,shots_on_goal,rf_qrf_shots_on_goal,0.3.0,empirical_qrf,0.015656176156734793,0.012792800194973438,0.01877047178108129,,1041171555324455918,2026-01-10 19:59:51.892059
2026-01-10,24675,PHI,TB,30004800,Jamie Drysdale,shots_on_goal,rf_qrf_shots_on_goal,0.3.0,empirical_qrf,0.25472162097162104,0.0,0.5,,1041171555324455918,2026-01-10 19:59:51.892059
2026-01-10,24675,PHI,TB,30004801,Tyson Foerster,shots_on_goal,rf_qrf_shots_on_goal,0.3.0,empirical_qrf,0.518711038961039,0.0,1.0142857142857176,,1041171555324455918,2026-01-10 19:59:51.892059
2026-01-10,24675,PHI,TB,30004824,Emil Andrae,shots_on_goal,rf_qrf_shots_on_goal,0.3.0,empirical_qrf,0.0,0.0,0.0,,1041171555324455918,2026-01-10 19:59:51.892059
2026-01-10,24675,PHI,TB,30004839,Helge Grans,shots_on_goal,rf_qrf_shots_on_goal,0.3.0,empirical_qrf,0.011821449780475437,0.00303951367781155,0.021478999528079284,,1041171555324455918,2026-01-10 19:59:51.892059
2026-01-10,24675,PHI,TB,30005234,Vincent Sevigny,shots_on_goal,rf_qrf_shots_on_goal,0.3.0,empirical_qrf,0.015656176156734793,0.012792800194973438,0.01877047178108129,,1041171555324455918,2026-01-10 19:59:51.892059
2026-01-10,24675,PHI,TB,30005293,Artem Guryev,shots_on_goal,rf_qrf_shots_on_goal,0.3.0,empirical_qrf,0.015656176156734793,0.012792800194973438,0.01877047178108129,,1041171555324455918,2026-01-10 19:59:51.892059
2026-01-10,24675,PHI,TB,30004002,Cooper Marody,shots_on_goal,rf_qrf_shots_on_goal,0.3.0,empirical_qrf,0.015656176156734793,0.012792800194973438,0.01877047178108129,,1041171555324455918,2026-01-10 19:59:51.892059
2026-01-10,24675,PHI,TB,30004154,Xavier Bernard,shots_on_goal,rf_qrf_shots_on_goal,0.3.0,empirical_qrf,0.032504430754430755,0.0,0.0,,1041171555324455918,2026-01-10 19:59:51.892059
2026-01-10,24675,PHI,TB,30004406,Samuel Ersson,shots_on_goal,rf_qrf_shots_on_goal,0.3.0,empirical_qrf,0.015656176156734793,0.012792800194973438,0.01877047178108129,,1041171555324455918,2026-01-10 19:59:51.892059
2026-01-10,24675,PHI,TB,30004481,Trevor Zegras,shots_on_goal,rf_qrf_shots_on_goal,0.3.0,empirical_qrf,0.48422276566026556,0.0,1.125,,1041171555324455918,2026-01-10 19:59:51.892059
2026-01-10,24675,PHI,TB,30004484,Cam York,shots_on_goal,rf_qrf_shots_on_goal,0.3.0,empirical_qrf,0.0,0.0,0.0,,1041171555324455918,2026-01-10 19:59:51.892059
2026-01-10,24675,PHI,TB,30004508,Bobby Brink,shots_on_goal,rf_qrf_shots_on_goal,0.3.0,empirical_qrf,0.03984565570594982,0.0,0.0,,1041171555324455918,2026-01-10 19:59:51.892059
2026-01-10,24675,PHI,TB,30003016,Nick Seeler,shots_on_goal,rf_qrf_shots_on_goal,0.3.0,empirical_qrf,0.0,0.0,0.0,,1041171555324455918,2026-01-10 19:59:51.892059
2026-01-10,24675,PHI,TB,30003171,Carl Grundstrom,shots_on_goal,rf_qrf_shots_on_goal,0.3.0,empirical_qrf,0.011821449780475437,0.00303951367781155,0.021478999528079284,,1041171555324455918,2026-01-10 19:59:51.892059
2026-01-10,24675,PHI,TB,30003283,Lane Pederson,shots_on_goal,rf_qrf_shots_on_goal,0.3.0,empirical_qrf,0.011821449780475437,0.00303951367781155,0.021478999528079284,,1041171555324455918,2026-01-10 19:59:51.892059
2026-01-10,24675,PHI,TB,30003500,Rodrigo Abols,shots_on_goal,rf_qrf_shots_on_goal,0.3.0,empirical_qrf,0.0,0.0,0.0,,1041171555324455918,2026-01-10 19:59:51.892059
2026-01-10,24675,PHI,TB,30003653,Owen Tippett,shots_on_goal,rf_qrf_shots_on_goal,0.3.0,empirical_qrf,0.000625,0.0,0.0,,1041171555324455918,2026-01-10 19:59:51.892059
2026-01-10,24675,PHI,TB,30003733,Keith Petruzzelli,shots_on_goal,rf_qrf_shots_on_goal,0.3.0,empirical_qrf,0.015656176156734793,0.012792800194973438,0.01877047178108129,,1041171555324455918,2026-01-10 19:59:51.892059
2026-01-10,24675,PHI,TB,30000942,Christian Dvorak,shots_on_goal,rf_qrf_shots_on_goal,0.3.0,empirical_qrf,0.002599206349206349,0.0,0.0,,1041171555324455918,2026-01-10 19:59:51.892059
2026-01-10,24675,PHI,TB,30001201,Garnet Hathaway,shots_on_goal,rf_qrf_shots_on_goal,0.3.0,empirical_qrf,0.007618288961162913,0.0,0.015089578326414685,,1041171555324455918,2026-01-10 19:59:51.892059
2026-01-10,24675,PHI,TB,30001294,Rasmus Ristolainen,shots_on_goal,rf_qrf_shots_on_goal,0.3.0,empirical_qrf,0.015656176156734793,0.012792800194973438,0.01877047178108129,,1041171555324455918,2026-01-10 19:59:51.892059
2026-01-10,24675,PHI,TB,30001312,Noah Juulsen,shots_on_goal,rf_qrf_shots_on_goal,0.3.0,empirical_qrf,0.07753534492786146,0.023391812865497075,0.13815789473684212,,1041171555324455918,2026-01-10 19:59:51.892059
2026-01-10,24675,PHI,TB,30002786,Dan Vladar,shots_on_goal,rf_qrf_shots_on_goal,0.3.0,empirical_qrf,0.015656176156734793,0.012792800194973438,0.01877047178108129,,1041171555324455918,2026-01-10 19:59:51.892059
2026-01-10,24675,PHI,TB,30002979,Anthony Richard,shots_on_goal,rf_qrf_shots_on_goal,0.3.0,empirical_qrf,0.0,0.0,0.0,,1041171555324455918,2026-01-10 19:59:51.892059
2026-01-10,24675,TB,PHI,30006329,Brendan Furry,shots_on_goal,rf_qrf_shots_on_goal,0.3.0,empirical_qrf,0.0,0.0,0.0,,1041171555324455918,2026-01-10 19:59:51.892059
2026-01-10,24675,PHI,TB,30000050,Sean Couturier,shots_on_goal,rf_qrf_shots_on_goal,0.3.0,empirical_qrf,0.03446031746031746,0.0,0.0,,1041171555324455918,2026-01-10 19:59:51.892059
2026-01-10,24675,PHI,TB,30000234,Garrett Wilson,shots_on_goal,rf_qrf_shots_on_goal,0.3.0,empirical_qrf,0.007618288961162913,0.0,0.015089578326414685,,1041171555324455918,2026-01-10 19:59:51.892059
2026-01-10,24675,PHI,TB,30000349,Travis Konecny,shots_on_goal,rf_qrf_shots_on_goal,0.3.0,empirical_qrf,0.5608356920856921,0.0,1.3333333333333333,,1041171555324455918,2026-01-10 19:59:51.892059
2026-01-10,24675,PHI,TB,30000501,Nicolas Deslauriers,shots_on_goal,rf_qrf_shots_on_goal,0.3.0,empirical_qrf,0.011821449780475437,0.00303951367781155,0.021478999528079284,,1041171555324455918,2026-01-10 19:59:51.892059
2026-01-10,24675,PHI,TB,30000624,Travis Sanheim,shots_on_goal,rf_qrf_shots_on_goal,0.3.0,empirical_qrf,0.22624603174603172,0.0,1.0,,1041171555324455918,2026-01-10 19:59:51.892059
2026-01-10,24675,TB,PHI,30005768,Tommy Miller,shots_on_goal,rf_qrf_shots_on_goal,0.3.0,empirical_qrf,0.31218963443963443,0.0,1.0,,1041171555324455918,2026-01-10 19:59:51.892059
2026-01-10,24675,TB,PHI,30005920,Dominic James,shots_on_goal,rf_qrf_shots_on_goal,0.3.0,empirical_qrf,0.0,0.0,0.0,,1041171555324455918,2026-01-10 19:59:51.892059
2026-01-10,24675,TB,PHI,30006012,Daniel Walker,shots_on_goal,rf_qrf_shots_on_goal,0.3.0,empirical_qrf,0.015656176156734793,0.012792800194973438,0.01877047178108129,,1041171555324455918,2026-01-10 19:59:51.892059
2026-01-10,24675,TB,PHI,30006096,Ethan Gauthier,shots_on_goal,rf_qrf_shots_on_goal,0.3.0,empirical_qrf,0.0,0.0,0.0,,1041171555324455918,2026-01-10 19:59:51.892059
2026-01-10,24675,TB,PHI,30006311,Tristan Allard,shots_on_goal,rf_qrf_shots_on_goal,0.3.0,empirical_qrf,0.00021739130434782607,0.0,0.0,,1041171555324455918,2026-01-10 19:59:51.892059
2026-01-10,24675,TB,PHI,30006313,Gabriel Szturc,shots_on_goal,rf_qrf_shots_on_goal,0.3.0,empirical_qrf,0.08897069171310076,0.0,0.1852233676975945,,1041171555324455918,2026-01-10 19:59:51.892059
2026-01-10,24675,TB,PHI,30005044,J.J. Moser,shots_on_goal,rf_qrf_shots_on_goal,0.3.0,empirical_qrf,0.0,0.0,0.0,,1041171555324455918,2026-01-10 19:59:51.892059
2026-01-10,24675,TB,PHI,30005054,Matteo Pietroniro,shots_on_goal,rf_qrf_shots_on_goal,0.3.0,empirical_qrf,0.015656176156734793,0.012792800194973438,0.01877047178108129,,1041171555324455918,2026-01-10 19:59:51.892059
2026-01-10,24675,TB,PHI,30005366,Emil Lilleberg,shots_on_goal,rf_qrf_shots_on_goal,0.3.0,empirical_qrf,0.01185383597883598,0.0,0.0,,1041171555324455918,2026-01-10 19:59:51.892059
2026-01-10,24675,TB,PHI,30005421,Maxwell Crozier,shots_on_goal,rf_qrf_shots_on_goal,0.3.0,empirical_qrf,0.0005695151858139974,0.0,0.0,,1041171555324455918,2026-01-10 19:59:51.892059
2026-01-10,24675,TB,PHI,30005562,Declan Carlile,shots_on_goal,rf_qrf_shots_on_goal,0.3.0,empirical_qrf,0.11306763380670233,0.0,0.21291793313069912,,1041171555324455918,2026-01-10 19:59:51.892059
2026-01-10,24675,TB,PHI,30005740,Dyllan Gill,shots_on_goal,rf_qrf_shots_on_goal,0.3.0,empirical_qrf,0.015656176156734793,0.012792800194973438,0.01877047178108129,,1041171555324455918,2026-01-10 19:59:51.892059
2026-01-10,24675,TB,PHI,30004631,Charle-Edouard D'Astous,shots_on_goal,rf_qrf_shots_on_goal,0.3.0,empirical_qrf,0.17180781392315528,0.1012232741197745,0.25,,1041171555324455918,2026-01-10 19:59:51.892059
2026-01-10,24675,TB,PHI,30004754,Mitchell Chaffee,shots_on_goal,rf_qrf_shots_on_goal,0.3.0,empirical_qrf,0.24649224386724383,0.0,0.5,,1041171555324455918,2026-01-10 19:59:51.892059
2026-01-10,24675,TB,PHI,30004836,Jack Finley,shots_on_goal,rf_qrf_shots_on_goal,0.3.0,empirical_qrf,0.07753534492786146,0.023391812865497075,0.13815789473684212,,1041171555324455918,2026-01-10 19:59:51.892059
2026-01-10,24675,TB,PHI,30004838,Gage Goncalves,shots_on_goal,rf_qrf_shots_on_goal,0.3.0,empirical_qrf,0.0066772486772486775,0.0,0.0,,1041171555324455918,2026-01-10 19:59:51.892059
2026-01-10,24675,TB,PHI,30004840,Maxim Groshev,shots_on_goal,rf_qrf_shots_on_goal,0.3.0,empirical_qrf,0.07258267195767196,0.0,0.2,,1041171555324455918,2026-01-10 19:59:51.892059
2026-01-10,24675,TB,PHI,30004974,Pontus Holmberg,shots_on_goal,rf_qrf_shots_on_goal,0.3.0,empirical_qrf,0.011821449780475437,0.00303951367781155,0.021478999528079284,,1041171555324455918,2026-01-10 19:59:51.892059
2026-01-10,24675,TB,PHI,30003478,Darren Raddysh,shots_on_goal,rf_qrf_shots_on_goal,0.3.0,empirical_qrf,0.27109523809523806,0.0,1.0,,1041171555324455918,2026-01-10 19:59:51.892059
2026-01-10,24675,TB,PHI,30004182,Curtis Douglas,shots_on_goal,rf_qrf_shots_on_goal,0.3.0,empirical_qrf,0.007618288961162913,0.0,0.015089578326414685,,1041171555324455918,2026-01-10 19:59:51.892059
2026-01-10,24675,TB,PHI,30004280,Joel Teasdale,shots_on_goal,rf_qrf_shots_on_goal,0.3.0,empirical_qrf,0.007618288961162913,0.0,0.015089578326414685,,1041171555324455918,2026-01-10 19:59:51.892059
2026-01-10,24675,TB,PHI,30004487,Jakob Pelletier,shots_on_goal,rf_qrf_shots_on_goal,0.3.0,empirical_qrf,0.030318828680897643,0.0,0.0,,1041171555324455918,2026-01-10 19:59:51.892059
2026-01-10,24675,TB,PHI,30004540,Reece Newkirk,shots_on_goal,rf_qrf_shots_on_goal,0.3.0,empirical_qrf,0.013373015873015873,0.0,0.0,,1041171555324455918,2026-01-10 19:59:51.892059
2026-01-10,24675,TB,PHI,30004567,Simon Lundmark,shots_on_goal,rf_qrf_shots_on_goal,0.3.0,empirical_qrf,0.0,0.0,0.0,,1041171555324455918,2026-01-10 19:59:51.892059
2026-01-10,24675,TB,PHI,30002604,Brandon Halverson,shots_on_goal,rf_qrf_shots_on_goal,0.3.0,empirical_qrf,0.015656176156734793,0.012792800194973438,0.01877047178108129,,1041171555324455918,2026-01-10 19:59:51.892059
2026-01-10,24675,TB,PHI,30002606,Jonas Johansson,shots_on_goal,rf_qrf_shots_on_goal,0.3.0,empirical_qrf,0.015656176156734793,0.012792800194973438,0.01877047178108129,,1041171555324455918,2026-01-10 19:59:51.892059
2026-01-10,24675,TB,PHI,30002821,Erik Cernak,shots_on_goal,rf_qrf_shots_on_goal,0.3.0,empirical_qrf,0.0,0.0,0.0,,1041171555324455918,2026-01-10 19:59:51.892059
2026-01-10,24675,TB,PHI,30002845,Anthony Cirelli,shots_on_goal,rf_qrf_shots_on_goal,0.3.0,empirical_qrf,0.1340997813103076,0.0,0.3333333333333333,,1041171555324455918,2026-01-10 19:59:51.892059
2026-01-10,24675,TB,PHI,30002974,Kale Kessy,shots_on_goal,rf_qrf_shots_on_goal,0.3.0,empirical_qrf,0.007618288961162913,0.0,0.015089578326414685,,1041171555324455918,2026-01-10 19:59:51.892059
2026-01-10,24675,TB,PHI,30003250,Brandon Hagel,shots_on_goal,rf_qrf_shots_on_goal,0.3.0,empirical_qrf,0.0,0.0,0.0,,1041171555324455918,2026-01-10 19:59:51.892059
2026-01-10,24675,TB,PHI,30001084,Ryan McDonagh,shots_on_goal,rf_qrf_shots_on_goal,0.3.0,empirical_qrf,0.0,0.0,0.0,,1041171555324455918,2026-01-10 19:59:51.892059
2026-01-10,24675,TB,PHI,30001178,Yanni Gourde,shots_on_goal,rf_qrf_shots_on_goal,0.3.0,empirical_qrf,0.08897069171310076,0.0,0.1852233676975945,,1041171555324455918,2026-01-10 19:59:51.892059
2026-01-10,24675,TB,PHI,30001377,Andrei Vasilevskiy,shots_on_goal,rf_qrf_shots_on_goal,0.3.0,empirical_qrf,0.015656176156734793,0.012792800194973438,0.01877047178108129,,1041171555324455918,2026-01-10 19:59:51.892059
2026-01-10,24675,TB,PHI,30002516,Steven Santini,shots_on_goal,rf_qrf_shots_on_goal,0.3.0,empirical_qrf,0.05531020191888741,0.013282051282051286,0.0976949879388904,,1041171555324455918,2026-01-10 19:59:51.892059
2026-01-10,24675,TB,PHI,30002532,Jake Guentzel,shots_on_goal,rf_qrf_shots_on_goal,0.3.0,empirical_qrf,0.009277777777777777,0.0,0.0,,1041171555324455918,2026-01-10 19:59:51.892059
2026-01-10,24675,TB,PHI,30002549,Scott Sabourin,shots_on_goal,rf_qrf_shots_on_goal,0.3.0,empirical_qrf,0.05531020191888741,0.013282051282051286,0.0976949879388904,,1041171555324455918,2026-01-10 19:59:51.892059
2026-01-10,24676,FLA,OTT,30000074,Brad Marchand,shots_on_goal,rf_qrf_shots_on_goal,0.3.0,empirical_qrf,0.3536878306878307,0.0,1.0,,1041171555324455918,2026-01-10 19:59:51.892059
2026-01-10,24676,FLA,OTT,30000201,Keith Kinkaid,shots_on_goal,rf_qrf_shots_on_goal,0.3.0,empirical_qrf,0.015656176156734793,0.012792800194973438,0.01877047178108129,,1041171555324455918,2026-01-10 19:59:51.892059
2026-01-10,24676,FLA,OTT,30000228,Aleksander Barkov,shots_on_goal,rf_qrf_shots_on_goal,0.3.0,empirical_qrf,0.0,0.0,0.0,,1041171555324455918,2026-01-10 19:59:51.892059
2026-01-10,24676,FLA,OTT,30000232,Dmitry Kulikov,shots_on_goal,rf_qrf_shots_on_goal,0.3.0,empirical_qrf,0.08089693587941472,0.038986685519029105,0.12785351004896864,,1041171555324455918,2026-01-10 19:59:51.892059
2026-01-10,24676,FLA,OTT,30000239,Aaron Ekblad,shots_on_goal,rf_qrf_shots_on_goal,0.3.0,empirical_qrf,0.08897069171310076,0.0,0.1852233676975945,,1041171555324455918,2026-01-10 19:59:51.892059
2026-01-10,24676,FLA,OTT,30000253,Seth Jones,shots_on_goal,rf_qrf_shots_on_goal,0.3.0,empirical_qrf,0.0,0.0,0.0,,1041171555324455918,2026-01-10 19:59:51.892059
2026-01-10,24676,OTT,FLA,30006054,Nikolas Matinpalo,shots_on_goal,rf_qrf_shots_on_goal,0.3.0,empirical_qrf,0.03172804316035329,0.0,0.07692307692307693,,1041171555324455918,2026-01-10 19:59:51.892059
2026-01-10,24676,OTT,FLA,30006240,Matthew Andonovski,shots_on_goal,rf_qrf_shots_on_goal,0.3.0,empirical_qrf,0.015656176156734793,0.012792800194973438,0.01877047178108129,,1041171555324455918,2026-01-10 19:59:51.892059
2026-01-10,24676,OTT,FLA,30006395,Djibril Toure,shots_on_goal,rf_qrf_shots_on_goal,0.3.0,empirical_qrf,0.015656176156734793,0.012792800194973438,0.01877047178108129,,1041171555324455918,2026-01-10 19:59:51.892059
2026-01-10,24676,OTT,FLA,30000430,James Reimer,shots_on_goal,rf_qrf_shots_on_goal,0.3.0,empirical_qrf,0.015656176156734793,0.012792800194973438,0.01877047178108129,,1041171555324455918,2026-01-10 19:59:51.892059
2026-01-10,24676,OTT,FLA,30005045,Hunter Shepard,shots_on_goal,rf_qrf_shots_on_goal,0.3.0,empirical_qrf,0.015656176156734793,0.012792800194973438,0.01877047178108129,,1041171555324455918,2026-01-10 19:59:51.892059
2026-01-10,24676,OTT,FLA,30005009,Xavier Bourgault,shots_on_goal,rf_qrf_shots_on_goal,0.3.0,empirical_qrf,0.0,0.0,0.0,,1041171555324455918,2026-01-10 19:59:51.892059
2026-01-10,24676,OTT,FLA,30005175,Jake Chiasson,shots_on_goal,rf_qrf_shots_on_goal,0.3.0,empirical_qrf,0.015656176156734793,0.012792800194973438,0.01877047178108129,,1041171555324455918,2026-01-10 19:59:51.892059
2026-01-10,24676,OTT,FLA,30005201,Sam Sedley,shots_on_goal,rf_qrf_shots_on_goal,0.3.0,empirical_qrf,0.015656176156734793,0.012792800194973438,0.01877047178108129,,1041171555324455918,2026-01-10 19:59:51.892059
2026-01-10,24676,OTT,FLA,30005583,Wyatt Bongiovanni,shots_on_goal,rf_qrf_shots_on_goal,0.3.0,empirical_qrf,0.015656176156734793,0.012792800194973438,0.01877047178108129,,1041171555324455918,2026-01-10 19:59:51.892059
2026-01-10,24676,OTT,FLA,30005717,Oskar Pettersson,shots_on_goal,rf_qrf_shots_on_goal,0.3.0,empirical_qrf,0.1582839418091163,0.0,0.3076923076923077,,1041171555324455918,2026-01-10 19:59:51.892059
2026-01-10,24676,OTT,FLA,30005987,Mark Duarte,shots_on_goal,rf_qrf_shots_on_goal,0.3.0,empirical_qrf,0.015656176156734793,0.012792800194973438,0.01877047178108129,,1041171555324455918,2026-01-10 19:59:51.892059
2026-01-10,24676,OTT,FLA,30004819,Jake Sanderson,shots_on_goal,rf_qrf_shots_on_goal,0.3.0,empirical_qrf,0.0,0.0,0.0,,1041171555324455918,2026-01-10 19:59:51.892059
2026-01-10,24676,OTT,FLA,30004821,Tim Stützle,shots_on_goal,rf_qrf_shots_on_goal,0.3.0,empirical_qrf,0.2760019841269841,0.0,1.5,,1041171555324455918,2026-01-10 19:59:51.892059
2026-01-10,24676,OTT,FLA,30004852,Tyler Kleven,shots_on_goal,rf_qrf_shots_on_goal,0.3.0,empirical_qrf,0.0,0.0,0.0,,1041171555324455918,2026-01-10 19:59:51.892059
2026-01-10,24676,OTT,FLA,30004860,Leevi Merilainen,shots_on_goal,rf_qrf_shots_on_goal,0.3.0,empirical_qrf,0.015656176156734793,0.012792800194973438,0.01877047178108129,,1041171555324455918,2026-01-10 19:59:51.892059
2026-01-10,24676,OTT,FLA,30004908,Carter Savoie,shots_on_goal,rf_qrf_shots_on_goal,0.3.0,empirical_qrf,0.0013263305322128852,0.0,0.0,,1041171555324455918,2026-01-10 19:59:51.892059
2026-01-10,24676,OTT,FLA,30004958,Olle Lycksell,shots_on_goal,rf_qrf_shots_on_goal,0.3.0,empirical_qrf,0.0,0.0,0.0,,1041171555324455918,2026-01-10 19:59:51.892059
2026-01-10,24676,OTT,FLA,30004514,Shane Pinto,shots_on_goal,rf_qrf_shots_on_goal,0.3.0,empirical_qrf,0.07068518518518518,0.0,0.0,,1041171555324455918,2026-01-10 19:59:51.892059
2026-01-10,24676,OTT,FLA,30004521,Mads Sogaard,shots_on_goal,rf_qrf_shots_on_goal,0.3.0,empirical_qrf,0.015656176156734793,0.012792800194973438,0.01877047178108129,,1041171555324455918,2026-01-10 19:59:51.892059
2026-01-10,24676,OTT,FLA,30004553,Jordan Spence,shots_on_goal,rf_qrf_shots_on_goal,0.3.0,empirical_qrf,0.031763295829708306,0.0,0.07407407407407407,,1041171555324455918,2026-01-10 19:59:51.892059
2026-01-10,24676,OTT,FLA,30004596,Keean Washkurak,shots_on_goal,rf_qrf_shots_on_goal,0.3.0,empirical_qrf,0.02700097663957348,0.0,0.06389842141386412,,1041171555324455918,2026-01-10 19:59:51.892059
2026-01-10,24676,OTT,FLA,30004773,Artem Zub,shots_on_goal,rf_qrf_shots_on_goal,0.3.0,empirical_qrf,0.08897069171310076,0.0,0.1852233676975945,,1041171555324455918,2026-01-10 19:59:51.892059
2026-01-10,24676,OTT,FLA,30004802,Ridly Greig,shots_on_goal,rf_qrf_shots_on_goal,0.3.0,empirical_qrf,0.0,0.0,0.0,,1041171555324455918,2026-01-10 19:59:51.892059
2026-01-10,24676,OTT,FLA,30003896,Drake Batherson,shots_on_goal,rf_qrf_shots_on_goal,0.3.0,empirical_qrf,0.19392834806805392,0.0,0.4461538461538465,,1041171555324455918,2026-01-10 19:59:51.892059
2026-01-10,24676,OTT,FLA,30004077,Brady Tkachuk,shots_on_goal,rf_qrf_shots_on_goal,0.3.0,empirical_qrf,0.013666666666666666,0.0,0.0,,1041171555324455918,2026-01-10 19:59:51.892059
2026-01-10,24676,OTT,FLA,30004143,Jan Jenik,shots_on_goal,rf_qrf_shots_on_goal,0.3.0,empirical_qrf,0.011821449780475437,0.00303951367781155,0.021478999528079284,,1041171555324455918,2026-01-10 19:59:51.892059
2026-01-10,24676,OTT,FLA,30004479,Dylan Cozens,shots_on_goal,rf_qrf_shots_on_goal,0.3.0,empirical_qrf,0.0,0.0,0.0,,1041171555324455918,2026-01-10 19:59:51.892059
2026-01-10,24676,OTT,FLA,30004485,Lassi Thomson,shots_on_goal,rf_qrf_shots_on_goal,0.3.0,empirical_qrf,0.13337547215856038,0.0,0.3,,1041171555324455918,2026-01-10 19:59:51.892059
2026-01-10,24676,OTT,FLA,30004501,Arthur Kaliyev,shots_on_goal,rf_qrf_shots_on_goal,0.3.0,empirical_qrf,0.05200603936806095,0.0,0.2222222222222222,,1041171555324455918,2026-01-10 19:59:51.892059
2026-01-10,24676,OTT,FLA,30002630,Michael Amadio,shots_on_goal,rf_qrf_shots_on_goal,0.3.0,empirical_qrf,0.045924102263857416,0.0,0.10526315789473684,,1041171555324455918,2026-01-10 19:59:51.892059
2026-01-10,24676,OTT,FLA,30002747,Hayden Hodgson,shots_on_goal,rf_qrf_shots_on_goal,0.3.0,empirical_qrf,0.07753534492786146,0.023391812865497075,0.13815789473684212,,1041171555324455918,2026-01-10 19:59:51.892059
2026-01-10,24676,OTT,FLA,30002850,Dennis Gilbert,shots_on_goal,rf_qrf_shots_on_goal,0.3.0,empirical_qrf,0.005994677013169421,0.0,0.013333333333333334,,1041171555324455918,2026-01-10 19:59:51.892059
2026-01-10,24676,OTT,FLA,30003215,Garrett Pilon,shots_on_goal,rf_qrf_shots_on_goal,0.3.0,empirical_qrf,0.015656176156734793,0.012792800194973438,0.01877047178108129,,1041171555324455918,2026-01-10 19:59:51.892059
2026-01-10,24676,OTT,FLA,30003711,Fabian Zetterlund,shots_on_goal,rf_qrf_shots_on_goal,0.3.0,empirical_qrf,0.041499999999999995,0.0,0.0,,1041171555324455918,2026-01-10 19:59:51.892059
2026-01-10,24676,OTT,FLA,30003732,Cameron Crotty,shots_on_goal,rf_qrf_shots_on_goal,0.3.0,empirical_qrf,0.015656176156734793,0.012792800194973438,0.01877047178108129,,1041171555324455918,2026-01-10 19:59:51.892059
2026-01-10,24676,OTT,FLA,30000442,Scott Harrington,shots_on_goal,rf_qrf_shots_on_goal,0.3.0,empirical_qrf,0.015656176156734793,0.012792800194973438,0.01877047178108129,,1041171555324455918,2026-01-10 19:59:51.892059
2026-01-10,24676,OTT,FLA,30000446,Thomas Chabot,shots_on_goal,rf_qrf_shots_on_goal,0.3.0,empirical_qrf,0.10422222222222222,0.0,0.5,,1041171555324455918,2026-01-10 19:59:51.892059
2026-01-10,24676,OTT,FLA,30000580,Malcolm Subban,shots_on_goal,rf_qrf_shots_on_goal,0.3.0,empirical_qrf,0.015656176156734793,0.012792800194973438,0.01877047178108129,,1041171555324455918,2026-01-10 19:59:51.892059
2026-01-10,24676,OTT,FLA,30000845,Nick Jensen,shots_on_goal,rf_qrf_shots_on_goal,0.3.0,empirical_qrf,0.04169767720303177,0.0,0.08450704225352113,,1041171555324455918,2026-01-10 19:59:51.892059
2026-01-10,24676,OTT,FLA,30000959,Kurtis MacDermid,shots_on_goal,rf_qrf_shots_on_goal,0.3.0,empirical_qrf,0.015656176156734793,0.012792800194973438,0.01877047178108129,,1041171555324455918,2026-01-10 19:59:51.892059
2026-01-10,24676,OTT,FLA,30001374,Linus Ullmark,shots_on_goal,rf_qrf_shots_on_goal,0.3.0,empirical_qrf,0.015656176156734793,0.012792800194973438,0.01877047178108129,,1041171555324455918,2026-01-10 19:59:51.892059
2026-01-10,24676,FLA,OTT,30006326,Michael Simpson,shots_on_goal,rf_qrf_shots_on_goal,0.3.0,empirical_qrf,0.015656176156734793,0.012792800194973438,0.01877047178108129,,1041171555324455918,2026-01-10 19:59:51.892059
2026-01-10,24676,FLA,OTT,30006394,Graham McPhee,shots_on_goal,rf_qrf_shots_on_goal,0.3.0,empirical_qrf,0.2884346733162522,0.0,0.5,,1041171555324455918,2026-01-10 19:59:51.892059
2026-01-10,24676,OTT,FLA,30000012,Lars Eller,shots_on_goal,rf_qrf_shots_on_goal,0.3.0,empirical_qrf,0.031763295829708306,0.0,0.07407407407407407,,1041171555324455918,2026-01-10 19:59:51.892059
2026-01-10,24676,OTT,FLA,30000052,Claude Giroux,shots_on_goal,rf_qrf_shots_on_goal,0.3.0,empirical_qrf,0.0,0.0,0.0,,1041171555324455918,2026-01-10 19:59:51.892059
2026-01-10,24676,OTT,FLA,30000263,Nick Cousins,shots_on_goal,rf_qrf_shots_on_goal,0.3.0,empirical_qrf,0.03172804316035329,0.0,0.07692307692307693,,1041171555324455918,2026-01-10 19:59:51.892059
2026-01-10,24676,OTT,FLA,30000397,David Perron,shots_on_goal,rf_qrf_shots_on_goal,0.3.0,empirical_qrf,0.07258267195767196,0.0,0.2,,1041171555324455918,2026-01-10 19:59:51.892059
2026-01-10,24676,FLA,OTT,30005849,Kai Schwindt,shots_on_goal,rf_qrf_shots_on_goal,0.3.0,empirical_qrf,0.08897069171310076,0.0,0.1852233676975945,,1041171555324455918,2026-01-10 19:59:51.892059
2026-01-10,24676,FLA,OTT,30005850,Sandis Vilmanis,shots_on_goal,rf_qrf_shots_on_goal,0.3.0,empirical_qrf,0.0017628205128205128,0.0,0.0,,1041171555324455918,2026-01-10 19:59:51.892059
2026-01-10,24676,FLA,OTT,30006034,Jake Livingstone,shots_on_goal,rf_qrf_shots_on_goal,0.3.0,empirical_qrf,0.05531020191888741,0.013282051282051286,0.0976949879388904,,1041171555324455918,2026-01-10 19:59:51.892059
2026-01-10,24676,FLA,OTT,30006040,Ryan McAllister,shots_on_goal,rf_qrf_shots_on_goal,0.3.0,empirical_qrf,0.49012888337153043,0.0,1.0,,1041171555324455918,2026-01-10 19:59:51.892059
2026-01-10,24676,FLA,OTT,30006048,Uvis Balinskis,shots_on_goal,rf_qrf_shots_on_goal,0.3.0,empirical_qrf,0.0,0.0,0.0,,1041171555324455918,2026-01-10 19:59:51.892059
2026-01-10,24676,FLA,OTT,30006097,Gracyn Sawchyn,shots_on_goal,rf_qrf_shots_on_goal,0.3.0,empirical_qrf,0.08897069171310076,0.0,0.1852233676975945,,1041171555324455918,2026-01-10 19:59:51.892059
2026-01-10,24676,FLA,OTT,30005025,Evan Nause,shots_on_goal,rf_qrf_shots_on_goal,0.3.0,empirical_qrf,0.0,0.0,0.0,,1041171555324455918,2026-01-10 19:59:51.892059
2026-01-10,24676,FLA,OTT,30005215,Cole Krygier,shots_on_goal,rf_qrf_shots_on_goal,0.3.0,empirical_qrf,0.015656176156734793,0.012792800194973438,0.01877047178108129,,1041171555324455918,2026-01-10 19:59:51.892059
2026-01-10,24676,FLA,OTT,30005556,Mack Guzda,shots_on_goal,rf_qrf_shots_on_goal,0.3.0,empirical_qrf,0.015656176156734793,0.012792800194973438,0.01877047178108129,,1041171555324455918,2026-01-10 19:59:51.892059
2026-01-10,24676,FLA,OTT,30005598,Mitchell Russell,shots_on_goal,rf_qrf_shots_on_goal,0.3.0,empirical_qrf,0.015656176156734793,0.012792800194973438,0.01877047178108129,,1041171555324455918,2026-01-10 19:59:51.892059
2026-01-10,24676,FLA,OTT,30005723,Marek Alscher,shots_on_goal,rf_qrf_shots_on_goal,0.3.0,empirical_qrf,0.04169767720303177,0.0,0.08450704225352113,,1041171555324455918,2026-01-10 19:59:51.892059
2026-01-10,24676,FLA,OTT,30005848,Josh Davies,shots_on_goal,rf_qrf_shots_on_goal,0.3.0,empirical_qrf,0.011821449780475437,0.00303951367781155,0.021478999528079284,,1041171555324455918,2026-01-10 19:59:51.892059
2026-01-10,24676,FLA,OTT,30004517,Robert Mastrosimone,shots_on_goal,rf_qrf_shots_on_goal,0.3.0,empirical_qrf,0.02700097663957348,0.0,0.06389842141386412,,1041171555324455918,2026-01-10 19:59:51.892059
2026-01-10,24676,FLA,OTT,30004574,Cole Schwindt,shots_on_goal,rf_qrf_shots_on_goal,0.3.0,empirical_qrf,0.0,0.0,0.0,,1041171555324455918,2026-01-10 19:59:51.892059
2026-01-10,24676,FLA,OTT,30004809,Anton Lundell,shots_on_goal,rf_qrf_shots_on_goal,0.3.0,empirical_qrf,0.518711038961039,0.0,1.0142857142857176,,1041171555324455918,2026-01-10 19:59:51.892059
2026-01-10,24676,FLA,OTT,30004873,Donovan Sebrango,shots_on_goal,rf_qrf_shots_on_goal,0.3.0,empirical_qrf,0.07678823849591204,0.0,0.14814814814814814,,1041171555324455918,2026-01-10 19:59:51.892059
2026-01-10,24676,FLA,OTT,30004886,Michael Benning,shots_on_goal,rf_qrf_shots_on_goal,0.3.0,empirical_qrf,0.5608356920856921,0.0,1.3333333333333333,,1041171555324455918,2026-01-10 19:59:51.892059
2026-01-10,24676,FLA,OTT,30005000,Mackie Samoskevich,shots_on_goal,rf_qrf_shots_on_goal,0.3.0,empirical_qrf,0.0025555555555555553,0.0,0.0,,1041171555324455918,2026-01-10 19:59:51.892059
2026-01-10,24676,FLA,OTT,30003671,Jack Studnicka,shots_on_goal,rf_qrf_shots_on_goal,0.3.0,empirical_qrf,0.1356706349206349,0.0,0.6666666666666666,,1041171555324455918,2026-01-10 19:59:51.892059
2026-01-10,24676,FLA,OTT,30003681,Eetu Luostarinen,shots_on_goal,rf_qrf_shots_on_goal,0.3.0,empirical_qrf,0.0,0.0,0.0,,1041171555324455918,2026-01-10 19:59:51.892059
2026-01-10,24676,FLA,OTT,30003683,Jesper Boqvist,shots_on_goal,rf_qrf_shots_on_goal,0.3.0,empirical_qrf,0.0,0.0,0.0,,1041171555324455918,2026-01-10 19:59:51.892059
2026-01-10,24676,FLA,OTT,30003694,Jonah Gadjovich,shots_on_goal,rf_qrf_shots_on_goal,0.3.0,empirical_qrf,0.06555643392825437,0.0,0.1509433962264151,,1041171555324455918,2026-01-10 19:59:51.892059
2026-01-10,24676,FLA,OTT,30004088,Jay O'Brien,shots_on_goal,rf_qrf_shots_on_goal,0.3.0,empirical_qrf,0.015656176156734793,0.012792800194973438,0.01877047178108129,,1041171555324455918,2026-01-10 19:59:51.892059
2026-01-10,24676,FLA,OTT,30004497,Tobias Bjornfot,shots_on_goal,rf_qrf_shots_on_goal,0.3.0,empirical_qrf,0.06555643392825437,0.0,0.1509433962264151,,1041171555324455918,2026-01-10 19:59:51.892059
2026-01-10,24676,FLA,OTT,30002796,Mitchell Vande Sompel,shots_on_goal,rf_qrf_shots_on_goal,0.3.0,empirical_qrf,0.11537962573003427,0.0,0.2727272727272727,,1041171555324455918,2026-01-10 19:59:51.892059
2026-01-10,24676,FLA,OTT,30002839,A.J. Greer,shots_on_goal,rf_qrf_shots_on_goal,0.3.0,empirical_qrf,0.06555643392825437,0.0,0.1509433962264151,,1041171555324455918,2026-01-10 19:59:51.892059
2026-01-10,24676,FLA,OTT,30003077,Tyler Motte,shots_on_goal,rf_qrf_shots_on_goal,0.3.0,empirical_qrf,0.0,0.0,0.0,,1041171555324455918,2026-01-10 19:59:51.892059
2026-01-10,24676,FLA,OTT,30003134,Matthew Tkachuk,shots_on_goal,rf_qrf_shots_on_goal,0.3.0,empirical_qrf,0.025746031746031742,0.0,0.0,,1041171555324455918,2026-01-10 19:59:51.892059
2026-01-10,24676,FLA,OTT,30003150,Luke Kunin,shots_on_goal,rf_qrf_shots_on_goal,0.3.0,empirical_qrf,0.007618288961162913,0.0,0.015089578326414685,,1041171555324455918,2026-01-10 19:59:51.892059
2026-01-10,24676,FLA,OTT,30003468,Evan Cormier,shots_on_goal,rf_qrf_shots_on_goal,0.3.0,empirical_qrf,0.015656176156734793,0.012792800194973438,0.01877047178108129,,1041171555324455918,2026-01-10 19:59:51.892059
2026-01-10,24676,FLA,OTT,30001035,Tomás Nosek,shots_on_goal,rf_qrf_shots_on_goal,0.3.0,empirical_qrf,0.015656176156734793,0.012792800194973438,0.01877047178108129,,1041171555324455918,2026-01-10 19:59:51.892059
2026-01-10,24676,FLA,OTT,30001159,Carter Verhaeghe,shots_on_goal,rf_qrf_shots_on_goal,0.3.0,empirical_qrf,0.057356735856735855,0.0,0.0,,1041171555324455918,2026-01-10 19:59:51.892059
2026-01-10,24676,FLA,OTT,30001387,Niko Mikkola,shots_on_goal,rf_qrf_shots_on_goal,0.3.0,empirical_qrf,0.08897069171310076,0.0,0.1852233676975945,,1041171555324455918,2026-01-10 19:59:51.892059
2026-01-10,24676,FLA,OTT,30001448,Daniil Tarasov,shots_on_goal,rf_qrf_shots_on_goal,0.3.0,empirical_qrf,0.015656176156734793,0.012792800194973438,0.01877047178108129,,1041171555324455918,2026-01-10 19:59:51.892059
2026-01-10,24676,FLA,OTT,30002069,Nathan Smith,shots_on_goal,rf_qrf_shots_on_goal,0.3.0,empirical_qrf,0.0,0.0,0.0,,1041171555324455918,2026-01-10 19:59:51.892059
2026-01-10,24676,FLA,OTT,30002758,Gustav Forsling,shots_on_goal,rf_qrf_shots_on_goal,0.3.0,empirical_qrf,0.0,0.0,0.0,,1041171555324455918,2026-01-10 19:59:51.892059
2026-01-10,24676,FLA,OTT,30000559,Sam Bennett,shots_on_goal,rf_qrf_shots_on_goal,0.3.0,empirical_qrf,0.15884126984126984,0.0,0.680000000000003,,1041171555324455918,2026-01-10 19:59:51.892059
2026-01-10,24676,FLA,OTT,30000667,Sergei Bobrovsky,shots_on_goal,rf_qrf_shots_on_goal,0.3.0,empirical_qrf,0.015656176156734793,0.012792800194973438,0.01877047178108129,,1041171555324455918,2026-01-10 19:59:51.892059
2026-01-10,24676,FLA,OTT,30000723,Jeff Petry,shots_on_goal,rf_qrf_shots_on_goal,0.3.0,empirical_qrf,0.11000595238095237,0.0,0.0,,1041171555324455918,2026-01-10 19:59:51.892059
2026-01-10,24676,FLA,OTT,30000934,Louis Domingue,shots_on_goal,rf_qrf_shots_on_goal,0.3.0,empirical_qrf,0.015656176156734793,0.012792800194973438,0.01877047178108129,,1041171555324455918,2026-01-10 19:59:51.892059
2026-01-10,24676,FLA,OTT,30000980,Sam Reinhart,shots_on_goal,rf_qrf_shots_on_goal,0.3.0,empirical_qrf,0.0823584656084656,0.0,0.5,,1041171555324455918,2026-01-10 19:59:51.892059
2026-01-10,24676,FLA,OTT,30000981,Evan Rodrigues,shots_on_goal,rf_qrf_shots_on_goal,0.3.0,empirical_qrf,0.4951666666666667,0.0,1.3333333333333333,,1041171555324455918,2026-01-10 19:59:51.892059
2026-01-10,24677,DET,MON,30000043,James van Riemsdyk,shots_on_goal,rf_qrf_shots_on_goal,0.3.0,empirical_qrf,0.12883730158730158,0.0,0.025000000000005684,,1041171555324455918,2026-01-10 19:59:51.892059
2026-01-10,24677,DET,MON,30000186,Austin Watson,shots_on_goal,rf_qrf_shots_on_goal,0.3.0,empirical_qrf,0.1054262399401404,0.0,0.24,,1041171555324455918,2026-01-10 19:59:51.892059
2026-01-10,24677,DET,MON,30000563,Cam Talbot,shots_on_goal,rf_qrf_shots_on_goal,0.3.0,empirical_qrf,0.015656176156734793,0.012792800194973438,0.01877047178108129,,1041171555324455918,2026-01-10 19:59:51.892059
2026-01-10,24677,DET,MON,30000821,Andrew Copp,shots_on_goal,rf_qrf_shots_on_goal,0.3.0,empirical_qrf,0.0,0.0,0.0,,1041171555324455918,2026-01-10 19:59:51.892059
2026-01-10,24677,DET,MON,30000846,Dylan Larkin,shots_on_goal,rf_qrf_shots_on_goal,0.3.0,empirical_qrf,0.16001587301587303,0.0,0.6666666666666666,,1041171555324455918,2026-01-10 19:59:51.892059
2026-01-10,24677,DET,MON,30000866,Patrick Kane,shots_on_goal,rf_qrf_shots_on_goal,0.3.0,empirical_qrf,0.007277777777777777,0.0,0.0,,1041171555324455918,2026-01-10 19:59:51.892059
2026-01-10,24677,MON,DET,30006152,Florian Xhekaj,shots_on_goal,rf_qrf_shots_on_goal,0.3.0,empirical_qrf,0.0,0.0,0.0,,1041171555324455918,2026-01-10 19:59:51.892059
2026-01-10,24677,MON,DET,30006358,Israel Mianscum,shots_on_goal,rf_qrf_shots_on_goal,0.3.0,empirical_qrf,0.015656176156734793,0.012792800194973438,0.01877047178108129,,1041171555324455918,2026-01-10 19:59:51.892059
2026-01-10,24677,MON,DET,30006485,Ivan Demidov,shots_on_goal,rf_qrf_shots_on_goal,0.3.0,empirical_qrf,0.0,0.0,0.0,,1041171555324455918,2026-01-10 19:59:51.892059
2026-01-10,24677,DET,MON,30003859,Sheldon Dries,shots_on_goal,rf_qrf_shots_on_goal,0.3.0,empirical_qrf,0.009473400455603291,0.0,0.018975486972493714,,1041171555324455918,2026-01-10 19:59:51.892059
2026-01-10,24677,MON,DET,30005645,Filip Mesar,shots_on_goal,rf_qrf_shots_on_goal,0.3.0,empirical_qrf,0.00021739130434782607,0.0,0.0,,1041171555324455918,2026-01-10 19:59:51.892059
2026-01-10,24677,MON,DET,30005655,Lane Hutson,shots_on_goal,rf_qrf_shots_on_goal,0.3.0,empirical_qrf,0.015833333333333335,0.0,0.0,,1041171555324455918,2026-01-10 19:59:51.892059
2026-01-10,24677,MON,DET,30005656,Owen Beck,shots_on_goal,rf_qrf_shots_on_goal,0.3.0,empirical_qrf,0.192630624003498,0.0,0.35294117647058826,,1041171555324455918,2026-01-10 19:59:51.892059
2026-01-10,24677,MON,DET,30005806,Jared Davidson,shots_on_goal,rf_qrf_shots_on_goal,0.3.0,empirical_qrf,0.08089693587941472,0.038986685519029105,0.12785351004896864,,1041171555324455918,2026-01-10 19:59:51.892059
2026-01-10,24677,MON,DET,30006060,David Reinbacher,shots_on_goal,rf_qrf_shots_on_goal,0.3.0,empirical_qrf,0.007618288961162913,0.0,0.015089578326414685,,1041171555324455918,2026-01-10 19:59:51.892059
2026-01-10,24677,MON,DET,30006127,Jacob Fowler,shots_on_goal,rf_qrf_shots_on_goal,0.3.0,empirical_qrf,0.015656176156734793,0.012792800194973438,0.01877047178108129,,1041171555324455918,2026-01-10 19:59:51.892059
2026-01-10,24677,MON,DET,30005128,Arber Xhekaj,shots_on_goal,rf_qrf_shots_on_goal,0.3.0,empirical_qrf,0.031763295829708306,0.0,0.07407407407407407,,1041171555324455918,2026-01-10 19:59:51.892059
2026-01-10,24677,MON,DET,30005287,Gannon Laroque,shots_on_goal,rf_qrf_shots_on_goal,0.3.0,empirical_qrf,0.015656176156734793,0.012792800194973438,0.01877047178108129,,1041171555324455918,2026-01-10 19:59:51.892059
2026-01-10,24677,MON,DET,30005288,Ben Gaudreau,shots_on_goal,rf_qrf_shots_on_goal,0.3.0,empirical_qrf,0.015656176156734793,0.012792800194973438,0.01877047178108129,,1041171555324455918,2026-01-10 19:59:51.892059
2026-01-10,24677,MON,DET,30005534,Jakub Dobes,shots_on_goal,rf_qrf_shots_on_goal,0.3.0,empirical_qrf,0.015656176156734793,0.012792800194973438,0.01877047178108129,,1041171555324455918,2026-01-10 19:59:51.892059
2026-01-10,24677,MON,DET,30005574,Lucas Condotta,shots_on_goal,rf_qrf_shots_on_goal,0.3.0,empirical_qrf,0.08110095143072324,0.0,0.15625,,1041171555324455918,2026-01-10 19:59:51.892059
2026-01-10,24677,MON,DET,30005631,Juraj Slafkovsky,shots_on_goal,rf_qrf_shots_on_goal,0.3.0,empirical_qrf,0.007136737603068874,0.0,0.0,,1041171555324455918,2026-01-10 19:59:51.892059
2026-01-10,24677,MON,DET,30005021,Oliver Kapanen,shots_on_goal,rf_qrf_shots_on_goal,0.3.0,empirical_qrf,0.01185383597883598,0.0,0.0,,1041171555324455918,2026-01-10 19:59:51.892059
2026-01-10,24677,MON,DET,30005022,Riley Kidney,shots_on_goal,rf_qrf_shots_on_goal,0.3.0,empirical_qrf,0.1607904317904318,0.0,0.375,,1041171555324455918,2026-01-10 19:59:51.892059
2026-01-10,24677,MON,DET,30005118,Tobie Paquette-Bisson,shots_on_goal,rf_qrf_shots_on_goal,0.3.0,empirical_qrf,0.021823885554549224,0.0,0.0,,1041171555324455918,2026-01-10 19:59:51.892059
2026-01-10,24677,MON,DET,30005121,Joshua Roy,shots_on_goal,rf_qrf_shots_on_goal,0.3.0,empirical_qrf,0.011821449780475437,0.00303951367781155,0.021478999528079284,,1041171555324455918,2026-01-10 19:59:51.892059
2026-01-10,24677,MON,DET,30005122,Xavier Simoneau,shots_on_goal,rf_qrf_shots_on_goal,0.3.0,empirical_qrf,0.015656176156734793,0.012792800194973438,0.01877047178108129,,1041171555324455918,2026-01-10 19:59:51.892059
2026-01-10,24677,MON,DET,30005127,Joe Vrbetic,shots_on_goal,rf_qrf_shots_on_goal,0.3.0,empirical_qrf,0.015656176156734793,0.012792800194973438,0.01877047178108129,,1041171555324455918,2026-01-10 19:59:51.892059
2026-01-10,24677,MON,DET,30004866,Ryan O'Rourke,shots_on_goal,rf_qrf_shots_on_goal,0.3.0,empirical_qrf,0.28920309842326597,0.0,0.6,,1041171555324455918,2026-01-10 19:59:51.892059
2026-01-10,24677,MON,DET,30004876,Ty Smilanic,shots_on_goal,rf_qrf_shots_on_goal,0.3.0,empirical_qrf,0.015656176156734793,0.012792800194973438,0.01877047178108129,,1041171555324455918,2026-01-10 19:59:51.892059
2026-01-10,24677,MON,DET,30004894,Sean Farrell,shots_on_goal,rf_qrf_shots_on_goal,0.3.0,empirical_qrf,0.4306065851359969,0.0,0.8571428571428571,,1041171555324455918,2026-01-10 19:59:51.892059
2026-01-10,24677,MON,DET,30004928,Cole Caufield,shots_on_goal,rf_qrf_shots_on_goal,0.3.0,empirical_qrf,0.017174603174603176,0.0,0.0,,1041171555324455918,2026-01-10 19:59:51.892059
2026-01-10,24677,MON,DET,30004950,Marc Del Gaizo,shots_on_goal,rf_qrf_shots_on_goal,0.3.0,empirical_qrf,0.03172804316035329,0.0,0.07692307692307693,,1041171555324455918,2026-01-10 19:59:51.892059
2026-01-10,24677,MON,DET,30004990,Zachary Bolduc,shots_on_goal,rf_qrf_shots_on_goal,0.3.0,empirical_qrf,0.0,0.0,0.0,,1041171555324455918,2026-01-10 19:59:51.892059
2026-01-10,24677,MON,DET,30004361,Josh Anderson,shots_on_goal,rf_qrf_shots_on_goal,0.3.0,empirical_qrf,0.0006666666666666668,0.0,0.0,,1041171555324455918,2026-01-10 19:59:51.892059
2026-01-10,24677,MON,DET,30004472,Kirby Dach,shots_on_goal,rf_qrf_shots_on_goal,0.3.0,empirical_qrf,0.05846912183407217,0.0,0.13333333333333333,,1041171555324455918,2026-01-10 19:59:51.892059
2026-01-10,24677,MON,DET,30004486,Alex Newhook,shots_on_goal,rf_qrf_shots_on_goal,0.3.0,empirical_qrf,0.6648057695228747,0.0,1.6,,1041171555324455918,2026-01-10 19:59:51.892059
2026-01-10,24677,MON,DET,30004520,Hunter Jones,shots_on_goal,rf_qrf_shots_on_goal,0.3.0,empirical_qrf,0.0,0.0,0.0,,1041171555324455918,2026-01-10 19:59:51.892059
2026-01-10,24677,MON,DET,30004559,Jayden Struble,shots_on_goal,rf_qrf_shots_on_goal,0.3.0,empirical_qrf,0.07753534492786146,0.023391812865497075,0.13815789473684212,,1041171555324455918,2026-01-10 19:59:51.892059
2026-01-10,24677,MON,DET,30004803,Kaiden Guhle,shots_on_goal,rf_qrf_shots_on_goal,0.3.0,empirical_qrf,0.05838184976011862,0.0,0.12903225806451613,,1041171555324455918,2026-01-10 19:59:51.892059
2026-01-10,24677,MON,DET,30003958,Nate Clurman,shots_on_goal,rf_qrf_shots_on_goal,0.3.0,empirical_qrf,0.06555643392825437,0.0,0.1509433962264151,,1041171555324455918,2026-01-10 19:59:51.892059
2026-01-10,24677,MON,DET,30003990,Jake Evans,shots_on_goal,rf_qrf_shots_on_goal,0.3.0,empirical_qrf,0.06555643392825437,0.0,0.1509433962264151,,1041171555324455918,2026-01-10 19:59:51.892059
2026-01-10,24677,MON,DET,30004086,Noah Dobson,shots_on_goal,rf_qrf_shots_on_goal,0.3.0,empirical_qrf,0.002570643798655489,0.0,0.0,,1041171555324455918,2026-01-10 19:59:51.892059
2026-01-10,24677,MON,DET,30004101,Joe Veleno,shots_on_goal,rf_qrf_shots_on_goal,0.3.0,empirical_qrf,0.0,0.0,0.0,,1041171555324455918,2026-01-10 19:59:51.892059
2026-01-10,24677,MON,DET,30004204,Wyatte Wylie,shots_on_goal,rf_qrf_shots_on_goal,0.3.0,empirical_qrf,0.12192200337788572,0.0,0.5,,1041171555324455918,2026-01-10 19:59:51.892059
2026-01-10,24677,MON,DET,30004284,Kevin Mandolese,shots_on_goal,rf_qrf_shots_on_goal,0.3.0,empirical_qrf,0.015656176156734793,0.012792800194973438,0.01877047178108129,,1041171555324455918,2026-01-10 19:59:51.892059
2026-01-10,24677,MON,DET,30002781,Sam Montembeault,shots_on_goal,rf_qrf_shots_on_goal,0.3.0,empirical_qrf,0.015656176156734793,0.012792800194973438,0.01877047178108129,,1041171555324455918,2026-01-10 19:59:51.892059
2026-01-10,24677,MON,DET,30002825,Alexandre Carrier,shots_on_goal,rf_qrf_shots_on_goal,0.3.0,empirical_qrf,0.00023692810457516338,0.0,0.0,,1041171555324455918,2026-01-10 19:59:51.892059
2026-01-10,24677,MON,DET,30003131,Patrik Laine,shots_on_goal,rf_qrf_shots_on_goal,0.3.0,empirical_qrf,0.030318828680897643,0.0,0.0,,1041171555324455918,2026-01-10 19:59:51.892059
2026-01-10,24677,MON,DET,30003667,Nick Suzuki,shots_on_goal,rf_qrf_shots_on_goal,0.3.0,empirical_qrf,0.518711038961039,0.0,1.0142857142857176,,1041171555324455918,2026-01-10 19:59:51.892059
2026-01-10,24677,MON,DET,30003687,Alexandre Texier,shots_on_goal,rf_qrf_shots_on_goal,0.3.0,empirical_qrf,0.007618288961162913,0.0,0.015089578326414685,,1041171555324455918,2026-01-10 19:59:51.892059
2026-01-10,24677,MON,DET,30003901,Alex Belzile,shots_on_goal,rf_qrf_shots_on_goal,0.3.0,empirical_qrf,0.0,0.0,0.0,,1041171555324455918,2026-01-10 19:59:51.892059
2026-01-10,24677,MON,DET,30000670,Sammy Blais,shots_on_goal,rf_qrf_shots_on_goal,0.3.0,empirical_qrf,0.08897069171310076,0.0,0.1852233676975945,,1041171555324455918,2026-01-10 19:59:51.892059
2026-01-10,24677,MON,DET,30001395,Laurent Dauphin,shots_on_goal,rf_qrf_shots_on_goal,0.3.0,empirical_qrf,0.17180781392315528,0.1012232741197745,0.25,,1041171555324455918,2026-01-10 19:59:51.892059
2026-01-10,24677,MON,DET,30001424,Phillip Danault,shots_on_goal,rf_qrf_shots_on_goal,0.3.0,empirical_qrf,0.15884126984126984,0.0,0.680000000000003,,1041171555324455918,2026-01-10 19:59:51.892059
2026-01-10,24677,MON,DET,30002592,Kaapo Kahkonen,shots_on_goal,rf_qrf_shots_on_goal,0.3.0,empirical_qrf,0.015656176156734793,0.012792800194973438,0.01877047178108129,,1041171555324455918,2026-01-10 19:59:51.892059
2026-01-10,24677,MON,DET,30002601,Joshua Jacobs,shots_on_goal,rf_qrf_shots_on_goal,0.3.0,empirical_qrf,0.015656176156734793,0.012792800194973438,0.01877047178108129,,1041171555324455918,2026-01-10 19:59:51.892059
2026-01-10,24677,MON,DET,30002663,Vincent Arseneau,shots_on_goal,rf_qrf_shots_on_goal,0.3.0,empirical_qrf,0.015656176156734793,0.012792800194973438,0.01877047178108129,,1041171555324455918,2026-01-10 19:59:51.892059
2026-01-10,24677,DET,MON,30006059,Nate Danielson,shots_on_goal,rf_qrf_shots_on_goal,0.3.0,empirical_qrf,0.26219973544973546,0.0,1.3333333333333333,,1041171555324455918,2026-01-10 19:59:51.892059
2026-01-10,24677,DET,MON,30006071,Axel Sandin-Pellikka,shots_on_goal,rf_qrf_shots_on_goal,0.3.0,empirical_qrf,0.0004166666666666667,0.0,0.0,,1041171555324455918,2026-01-10 19:59:51.892059
2026-01-10,24677,DET,MON,30006201,Emmitt Finnie,shots_on_goal,rf_qrf_shots_on_goal,0.3.0,empirical_qrf,0.04853523591574762,0.0,0.11561085972850685,,1041171555324455918,2026-01-10 19:59:51.892059
2026-01-10,24677,MON,DET,30000015,Brendan Gallagher,shots_on_goal,rf_qrf_shots_on_goal,0.3.0,empirical_qrf,0.25472162097162104,0.0,0.5,,1041171555324455918,2026-01-10 19:59:51.892059
2026-01-10,24677,MON,DET,30000227,Mike Matheson,shots_on_goal,rf_qrf_shots_on_goal,0.3.0,empirical_qrf,0.0055126863876863875,0.0,0.0,,1041171555324455918,2026-01-10 19:59:51.892059
2026-01-10,24677,MON,DET,30000555,Tyler Wotherspoon,shots_on_goal,rf_qrf_shots_on_goal,0.3.0,empirical_qrf,0.015656176156734793,0.012792800194973438,0.01877047178108129,,1041171555324455918,2026-01-10 19:59:51.892059
2026-01-10,24677,DET,MON,30004984,Simon Edvinsson,shots_on_goal,rf_qrf_shots_on_goal,0.3.0,empirical_qrf,0.057356735856735855,0.0,0.0,,1041171555324455918,2026-01-10 19:59:51.892059
2026-01-10,24677,DET,MON,30005482,Carter Mazur,shots_on_goal,rf_qrf_shots_on_goal,0.3.0,empirical_qrf,0.0,0.0,0.0,,1041171555324455918,2026-01-10 19:59:51.892059
2026-01-10,24677,DET,MON,30005489,Elmer Soderblom,shots_on_goal,rf_qrf_shots_on_goal,0.3.0,empirical_qrf,0.10549163968842762,0.0,0.25,,1041171555324455918,2026-01-10 19:59:51.892059
2026-01-10,24677,DET,MON,30005630,Marco Kasper,shots_on_goal,rf_qrf_shots_on_goal,0.3.0,empirical_qrf,0.04758531746031746,0.0,0.0,,1041171555324455918,2026-01-10 19:59:51.892059
2026-01-10,24677,DET,MON,30005780,Amadeus Lombardi,shots_on_goal,rf_qrf_shots_on_goal,0.3.0,empirical_qrf,0.009473400455603291,0.0,0.018975486972493714,,1041171555324455918,2026-01-10 19:59:51.892059
2026-01-10,24677,DET,MON,30006015,Alexandre Doucet,shots_on_goal,rf_qrf_shots_on_goal,0.3.0,empirical_qrf,0.005994677013169421,0.0,0.013333333333333334,,1041171555324455918,2026-01-10 19:59:51.892059
2026-01-10,24677,DET,MON,30004548,Albert Johansson,shots_on_goal,rf_qrf_shots_on_goal,0.3.0,empirical_qrf,0.031763295829708306,0.0,0.07407407407407407,,1041171555324455918,2026-01-10 19:59:51.892059
2026-01-10,24677,DET,MON,30004561,Antti Tuomisto,shots_on_goal,rf_qrf_shots_on_goal,0.3.0,empirical_qrf,0.011821449780475437,0.00303951367781155,0.021478999528079284,,1041171555324455918,2026-01-10 19:59:51.892059
2026-01-10,24677,DET,MON,30004758,John Leonard,shots_on_goal,rf_qrf_shots_on_goal,0.3.0,empirical_qrf,0.1741252337865241,0.0,0.4,,1041171555324455918,2026-01-10 19:59:51.892059
2026-01-10,24677,DET,MON,30004816,Lucas Raymond,shots_on_goal,rf_qrf_shots_on_goal,0.3.0,empirical_qrf,0.1172142857142857,0.0,0.0,,1041171555324455918,2026-01-10 19:59:51.892059
2026-01-10,24677,DET,MON,30004884,William Wallinder,shots_on_goal,rf_qrf_shots_on_goal,0.3.0,empirical_qrf,0.0,0.0,0.0,,1041171555324455918,2026-01-10 19:59:51.892059
2026-01-10,24677,DET,MON,30004983,Sebastian Cossa,shots_on_goal,rf_qrf_shots_on_goal,0.3.0,empirical_qrf,0.015656176156734793,0.012792800194973438,0.01877047178108129,,1041171555324455918,2026-01-10 19:59:51.892059
2026-01-10,24677,DET,MON,30003160,Alex DeBrincat,shots_on_goal,rf_qrf_shots_on_goal,0.3.0,empirical_qrf,0.0,0.0,0.0,,1041171555324455918,2026-01-10 19:59:51.892059
2026-01-10,24677,DET,MON,30003644,Michael Rasmussen,shots_on_goal,rf_qrf_shots_on_goal,0.3.0,empirical_qrf,0.1739559009193773,0.0,0.4166666666666667,,1041171555324455918,2026-01-10 19:59:51.892059
2026-01-10,24677,DET,MON,30003744,Mason Appleton,shots_on_goal,rf_qrf_shots_on_goal,0.3.0,empirical_qrf,0.192630624003498,0.0,0.35294117647058826,,1041171555324455918,2026-01-10 19:59:51.892059
2026-01-10,24677,DET,MON,30004102,Jacob Bernard-Docker,shots_on_goal,rf_qrf_shots_on_goal,0.3.0,empirical_qrf,0.0,0.0,0.0,,1041171555324455918,2026-01-10 19:59:51.892059
2026-01-10,24677,DET,MON,30004186,Joel L'Esperance,shots_on_goal,rf_qrf_shots_on_goal,0.3.0,empirical_qrf,0.02700097663957348,0.0,0.06389842141386412,,1041171555324455918,2026-01-10 19:59:51.892059
2026-01-10,24677,DET,MON,30004475,Moritz Seider,shots_on_goal,rf_qrf_shots_on_goal,0.3.0,empirical_qrf,0.26219973544973546,0.0,1.3333333333333333,,1041171555324455918,2026-01-10 19:59:51.892059
2026-01-10,24677,DET,MON,30000874,John Gibson,shots_on_goal,rf_qrf_shots_on_goal,0.3.0,empirical_qrf,0.015656176156734793,0.012792800194973438,0.01877047178108129,,1041171555324455918,2026-01-10 19:59:51.892059
2026-01-10,24677,DET,MON,30000997,Travis Hamonic,shots_on_goal,rf_qrf_shots_on_goal,0.3.0,empirical_qrf,0.08089693587941472,0.038986685519029105,0.12785351004896864,,1041171555324455918,2026-01-10 19:59:51.892059
2026-01-10,24677,DET,MON,30001011,Erik Gustafsson,shots_on_goal,rf_qrf_shots_on_goal,0.3.0,empirical_qrf,0.08089693587941472,0.038986685519029105,0.12785351004896864,,1041171555324455918,2026-01-10 19:59:51.892059
2026-01-10,24677,DET,MON,30001063,Ben Chiarot,shots_on_goal,rf_qrf_shots_on_goal,0.3.0,empirical_qrf,0.0,0.0,0.0,,1041171555324455918,2026-01-10 19:59:51.892059
2026-01-10,24677,DET,MON,30002213,Josiah Didier,shots_on_goal,rf_qrf_shots_on_goal,0.3.0,empirical_qrf,0.007618288961162913,0.0,0.015089578326414685,,1041171555324455918,2026-01-10 19:59:51.892059
2026-01-10,24677,DET,MON,30002513,J.T. Compher,shots_on_goal,rf_qrf_shots_on_goal,0.3.0,empirical_qrf,0.18873234173234174,0.0,0.5,,1041171555324455918,2026-01-10 19:59:51.892059
2026-01-10,24678,SEA,CAR,30000303,Adam Larsson,shots_on_goal,rf_qrf_shots_on_goal,0.3.0,empirical_qrf,0.0006666666666666668,0.0,0.0,,1041171555324455918,2026-01-10 19:59:51.892059
2026-01-10,24678,SEA,CAR,30000460,Max McCormick,shots_on_goal,rf_qrf_shots_on_goal,0.3.0,empirical_qrf,0.17180781392315528,0.1012232741197745,0.25,,1041171555324455918,2026-01-10 19:59:51.892059
2026-01-10,24678,SEA,CAR,30000539,Jordan Eberle,shots_on_goal,rf_qrf_shots_on_goal,0.3.0,empirical_qrf,0.03446031746031746,0.0,0.0,,1041171555324455918,2026-01-10 19:59:51.892059
2026-01-10,24678,SEA,CAR,30000577,Philipp Grubauer,shots_on_goal,rf_qrf_shots_on_goal,0.3.0,empirical_qrf,0.015656176156734793,0.012792800194973438,0.01877047178108129,,1041171555324455918,2026-01-10 19:59:51.892059
2026-01-10,24678,SEA,CAR,30000596,Chandler Stephenson,shots_on_goal,rf_qrf_shots_on_goal,0.3.0,empirical_qrf,0.011821449780475437,0.00303951367781155,0.021478999528079284,,1041171555324455918,2026-01-10 19:59:51.892059
2026-01-10,24678,SEA,CAR,30000629,Matt Murray,shots_on_goal,rf_qrf_shots_on_goal,0.3.0,empirical_qrf,0.015656176156734793,0.012792800194973438,0.01877047178108129,,1041171555324455918,2026-01-10 19:59:51.892059
2026-01-10,24678,CAR,SEA,30003662,Juuso Valimaki,shots_on_goal,rf_qrf_shots_on_goal,0.3.0,empirical_qrf,0.015656176156734793,0.012792800194973438,0.01877047178108129,,1041171555324455918,2026-01-10 19:59:51.892059
2026-01-10,24678,SEA,CAR,30006120,Oscar Fisker Molgaard,shots_on_goal,rf_qrf_shots_on_goal,0.3.0,empirical_qrf,0.0,0.0,0.0,,1041171555324455918,2026-01-10 19:59:51.892059
2026-01-10,24678,CAR,SEA,30005153,Bryce Montgomery,shots_on_goal,rf_qrf_shots_on_goal,0.3.0,empirical_qrf,0.007618288961162913,0.0,0.015089578326414685,,1041171555324455918,2026-01-10 19:59:51.892059
2026-01-10,24678,CAR,SEA,30005155,Justin Robidas,shots_on_goal,rf_qrf_shots_on_goal,0.3.0,empirical_qrf,0.015781746031746032,0.0,0.0,,1041171555324455918,2026-01-10 19:59:51.892059
2026-01-10,24678,CAR,SEA,30005405,Jackson Blake,shots_on_goal,rf_qrf_shots_on_goal,0.3.0,empirical_qrf,0.0033333333333333335,0.0,0.0,,1041171555324455918,2026-01-10 19:59:51.892059
2026-01-10,24678,CAR,SEA,30005573,Brandon Bussi,shots_on_goal,rf_qrf_shots_on_goal,0.3.0,empirical_qrf,0.015656176156734793,0.012792800194973438,0.01877047178108129,,1041171555324455918,2026-01-10 19:59:51.892059
2026-01-10,24678,CAR,SEA,30006098,Felix Unger Sorum,shots_on_goal,rf_qrf_shots_on_goal,0.3.0,empirical_qrf,0.0,0.0,0.0,,1041171555324455918,2026-01-10 19:59:51.892059
2026-01-10,24678,CAR,SEA,30005577,Noah Philp,shots_on_goal,rf_qrf_shots_on_goal,0.3.0,empirical_qrf,0.1501087061087061,0.0,0.0,,1041171555324455918,2026-01-10 19:59:51.892059
2026-01-10,24678,CAR,SEA,30004806,Seth Jarvis,shots_on_goal,rf_qrf_shots_on_goal,0.3.0,empirical_qrf,0.1210238095238095,0.0,0.6666666666666666,,1041171555324455918,2026-01-10 19:59:51.892059
2026-01-10,24678,CAR,SEA,30004865,Alexander Nikishin,shots_on_goal,rf_qrf_shots_on_goal,0.3.0,empirical_qrf,0.0010000000000000002,0.0,0.0,,1041171555324455918,2026-01-10 19:59:51.892059
2026-01-10,24678,CAR,SEA,30004913,Evan Vierling,shots_on_goal,rf_qrf_shots_on_goal,0.3.0,empirical_qrf,0.015656176156734793,0.012792800194973438,0.01877047178108129,,1041171555324455918,2026-01-10 19:59:51.892059
2026-01-10,24678,CAR,SEA,30004953,Pyotr Kochetkov,shots_on_goal,rf_qrf_shots_on_goal,0.3.0,empirical_qrf,0.005994677013169421,0.0,0.013333333333333334,,1041171555324455918,2026-01-10 19:59:51.892059
2026-01-10,24678,CAR,SEA,30005026,Aleksi Heimosalmi,shots_on_goal,rf_qrf_shots_on_goal,0.3.0,empirical_qrf,0.007618288961162913,0.0,0.015089578326414685,,1041171555324455918,2026-01-10 19:59:51.892059
2026-01-10,24678,CAR,SEA,30005034,Logan Stankoven,shots_on_goal,rf_qrf_shots_on_goal,0.3.0,empirical_qrf,0.08097919672919673,0.0,0.0,,1041171555324455918,2026-01-10 19:59:51.892059
2026-01-10,24678,CAR,SEA,30004075,Jesperi Kotkaniemi,shots_on_goal,rf_qrf_shots_on_goal,0.3.0,empirical_qrf,0.041499999999999995,0.0,0.0,,1041171555324455918,2026-01-10 19:59:51.892059
2026-01-10,24678,CAR,SEA,30004076,Andrei Svechnikov,shots_on_goal,rf_qrf_shots_on_goal,0.3.0,empirical_qrf,0.12864868927368928,0.0,0.4444444444444444,,1041171555324455918,2026-01-10 19:59:51.892059
2026-01-10,24678,CAR,SEA,30004082,K'Andre Miller,shots_on_goal,rf_qrf_shots_on_goal,0.3.0,empirical_qrf,0.930688011063011,0.0,2.0,,1041171555324455918,2026-01-10 19:59:51.892059
2026-01-10,24678,CAR,SEA,30004385,Cayden Primeau,shots_on_goal,rf_qrf_shots_on_goal,0.3.0,empirical_qrf,0.015656176156734793,0.012792800194973438,0.01877047178108129,,1041171555324455918,2026-01-10 19:59:51.892059
2026-01-10,24678,CAR,SEA,30004537,Domenick Fensore,shots_on_goal,rf_qrf_shots_on_goal,0.3.0,empirical_qrf,0.0007544513457556936,0.0,0.0,,1041171555324455918,2026-01-10 19:59:51.892059
2026-01-10,24678,CAR,SEA,30004602,Nikita Pavlychev,shots_on_goal,rf_qrf_shots_on_goal,0.3.0,empirical_qrf,0.015656176156734793,0.012792800194973438,0.01877047178108129,,1041171555324455918,2026-01-10 19:59:51.892059
2026-01-10,24678,CAR,SEA,30002819,Sebastian Aho,shots_on_goal,rf_qrf_shots_on_goal,0.3.0,empirical_qrf,0.09568253968253967,0.0,0.0,,1041171555324455918,2026-01-10 19:59:51.892059
2026-01-10,24678,CAR,SEA,30002980,Eric Robinson,shots_on_goal,rf_qrf_shots_on_goal,0.3.0,empirical_qrf,0.0,0.0,0.0,,1041171555324455918,2026-01-10 19:59:51.892059
2026-01-10,24678,CAR,SEA,30003180,Givani Smith,shots_on_goal,rf_qrf_shots_on_goal,0.3.0,empirical_qrf,0.1741252337865241,0.0,0.4,,1041171555324455918,2026-01-10 19:59:51.892059
2026-01-10,24678,CAR,SEA,30003359,Jalen Chatfield,shots_on_goal,rf_qrf_shots_on_goal,0.3.0,empirical_qrf,0.009473400455603291,0.0,0.018975486972493714,,1041171555324455918,2026-01-10 19:59:51.892059
2026-01-10,24678,CAR,SEA,30003550,Gavin Bayreuther,shots_on_goal,rf_qrf_shots_on_goal,0.3.0,empirical_qrf,0.08089693587941472,0.038986685519029105,0.12785351004896864,,1041171555324455918,2026-01-10 19:59:51.892059
2026-01-10,24678,CAR,SEA,30003786,Sean Walker,shots_on_goal,rf_qrf_shots_on_goal,0.3.0,empirical_qrf,0.009473400455603291,0.0,0.018975486972493714,,1041171555324455918,2026-01-10 19:59:51.892059
2026-01-10,24678,CAR,SEA,30000643,Jaccob Slavin,shots_on_goal,rf_qrf_shots_on_goal,0.3.0,empirical_qrf,0.1739559009193773,0.0,0.4166666666666667,,1041171555324455918,2026-01-10 19:59:51.892059
2026-01-10,24678,CAR,SEA,30000822,Nikolaj Ehlers,shots_on_goal,rf_qrf_shots_on_goal,0.3.0,empirical_qrf,0.375005291005291,0.0,1.3333333333333333,,1041171555324455918,2026-01-10 19:59:51.892059
2026-01-10,24678,CAR,SEA,30000948,Jordan Martinook,shots_on_goal,rf_qrf_shots_on_goal,0.3.0,empirical_qrf,0.1054262399401404,0.0,0.24,,1041171555324455918,2026-01-10 19:59:51.892059
2026-01-10,24678,CAR,SEA,30001187,Taylor Hall,shots_on_goal,rf_qrf_shots_on_goal,0.3.0,empirical_qrf,0.08089693587941472,0.038986685519029105,0.12785351004896864,,1041171555324455918,2026-01-10 19:59:51.892059
2026-01-10,24678,CAR,SEA,30001203,Frederik Andersen,shots_on_goal,rf_qrf_shots_on_goal,0.3.0,empirical_qrf,0.015656176156734793,0.012792800194973438,0.01877047178108129,,1041171555324455918,2026-01-10 19:59:51.892059
2026-01-10,24678,CAR,SEA,30002309,Mark Jankowski,shots_on_goal,rf_qrf_shots_on_goal,0.3.0,empirical_qrf,0.009473400455603291,0.0,0.018975486972493714,,1041171555324455918,2026-01-10 19:59:51.892059
2026-01-10,24678,SEA,CAR,30006437,Kaden Hammell,shots_on_goal,rf_qrf_shots_on_goal,0.3.0,empirical_qrf,0.007618288961162913,0.0,0.015089578326414685,,1041171555324455918,2026-01-10 19:59:51.892059
2026-01-10,24678,SEA,CAR,30006499,Berkly Catton,shots_on_goal,rf_qrf_shots_on_goal,0.3.0,empirical_qrf,0.192630624003498,0.0,0.35294117647058826,,1041171555324455918,2026-01-10 19:59:51.892059
2026-01-10,24678,CAR,SEA,30000271,Shayne Gostisbehere,shots_on_goal,rf_qrf_shots_on_goal,0.3.0,empirical_qrf,0.0,0.0,0.0,,1041171555324455918,2026-01-10 19:59:51.892059
2026-01-10,24678,CAR,SEA,30000358,Jordan Staal,shots_on_goal,rf_qrf_shots_on_goal,0.3.0,empirical_qrf,0.04853523591574762,0.0,0.11561085972850685,,1041171555324455918,2026-01-10 19:59:51.892059
2026-01-10,24678,CAR,SEA,30000510,William Carrier,shots_on_goal,rf_qrf_shots_on_goal,0.3.0,empirical_qrf,0.08089693587941472,0.038986685519029105,0.12785351004896864,,1041171555324455918,2026-01-10 19:59:51.892059
2026-01-10,24678,CAR,SEA,30000525,Mike Reilly,shots_on_goal,rf_qrf_shots_on_goal,0.3.0,empirical_qrf,0.06085858585858586,0.0,0.25,,1041171555324455918,2026-01-10 19:59:51.892059
2026-01-10,24678,SEA,CAR,30005757,Ty Nelson,shots_on_goal,rf_qrf_shots_on_goal,0.3.0,empirical_qrf,0.015656176156734793,0.012792800194973438,0.01877047178108129,,1041171555324455918,2026-01-10 19:59:51.892059
2026-01-10,24678,SEA,CAR,30006087,Eduard Sale,shots_on_goal,rf_qrf_shots_on_goal,0.3.0,empirical_qrf,0.0,0.0,0.0,,1041171555324455918,2026-01-10 19:59:51.892059
2026-01-10,24678,SEA,CAR,30006119,Lukas Dragicevic,shots_on_goal,rf_qrf_shots_on_goal,0.3.0,empirical_qrf,0.0,0.0,0.0,,1041171555324455918,2026-01-10 19:59:51.892059
2026-01-10,24678,SEA,CAR,30006121,Carson Rehkopf,shots_on_goal,rf_qrf_shots_on_goal,0.3.0,empirical_qrf,0.12511928117867574,0.0,0.2857142857142857,,1041171555324455918,2026-01-10 19:59:51.892059
2026-01-10,24678,SEA,CAR,30006125,Caden Price,shots_on_goal,rf_qrf_shots_on_goal,0.3.0,empirical_qrf,0.08089693587941472,0.038986685519029105,0.12785351004896864,,1041171555324455918,2026-01-10 19:59:51.892059
2026-01-10,24678,SEA,CAR,30006197,Andrei Loshko,shots_on_goal,rf_qrf_shots_on_goal,0.3.0,empirical_qrf,0.015656176156734793,0.012792800194973438,0.01877047178108129,,1041171555324455918,2026-01-10 19:59:51.892059
2026-01-10,24678,SEA,CAR,30005593,Peetro Seppala,shots_on_goal,rf_qrf_shots_on_goal,0.3.0,empirical_qrf,0.015656176156734793,0.012792800194973438,0.01877047178108129,,1041171555324455918,2026-01-10 19:59:51.892059
2026-01-10,24678,SEA,CAR,30005616,Shane Wright,shots_on_goal,rf_qrf_shots_on_goal,0.3.0,empirical_qrf,0.25472162097162104,0.0,0.5,,1041171555324455918,2026-01-10 19:59:51.892059
2026-01-10,24678,SEA,CAR,30005680,David Goyette,shots_on_goal,rf_qrf_shots_on_goal,0.3.0,empirical_qrf,0.17180781392315528,0.1012232741197745,0.25,,1041171555324455918,2026-01-10 19:59:51.892059
2026-01-10,24678,SEA,CAR,30005681,Jagger Firkus,shots_on_goal,rf_qrf_shots_on_goal,0.3.0,empirical_qrf,0.0013263305322128852,0.0,0.0,,1041171555324455918,2026-01-10 19:59:51.892059
2026-01-10,24678,SEA,CAR,30005682,Jani Nyman,shots_on_goal,rf_qrf_shots_on_goal,0.3.0,empirical_qrf,0.09038690476190475,0.0,0.25,,1041171555324455918,2026-01-10 19:59:51.892059
2026-01-10,24678,SEA,CAR,30005683,Niklas Kokko,shots_on_goal,rf_qrf_shots_on_goal,0.3.0,empirical_qrf,0.015656176156734793,0.012792800194973438,0.01877047178108129,,1041171555324455918,2026-01-10 19:59:51.892059
2026-01-10,24678,SEA,CAR,30005333,Jacob Melanson,shots_on_goal,rf_qrf_shots_on_goal,0.3.0,empirical_qrf,0.04853523591574762,0.0,0.11561085972850685,,1041171555324455918,2026-01-10 19:59:51.892059
2026-01-10,24678,SEA,CAR,30005336,Tye Kartye,shots_on_goal,rf_qrf_shots_on_goal,0.3.0,empirical_qrf,0.0,0.0,0.0,,1041171555324455918,2026-01-10 19:59:51.892059
2026-01-10,24678,SEA,CAR,30005337,Ryan Winterton,shots_on_goal,rf_qrf_shots_on_goal,0.3.0,empirical_qrf,0.07258267195767196,0.0,0.2,,1041171555324455918,2026-01-10 19:59:51.892059
2026-01-10,24678,SEA,CAR,30005447,Ville Ottavainen,shots_on_goal,rf_qrf_shots_on_goal,0.3.0,empirical_qrf,0.00023692810457516338,0.0,0.0,,1041171555324455918,2026-01-10 19:59:51.892059
2026-01-10,24678,SEA,CAR,30005503,Logan Morrison,shots_on_goal,rf_qrf_shots_on_goal,0.3.0,empirical_qrf,0.1533099834533658,0.0,0.5,,1041171555324455918,2026-01-10 19:59:51.892059
2026-01-10,24678,SEA,CAR,30005582,Ben Meyers,shots_on_goal,rf_qrf_shots_on_goal,0.3.0,empirical_qrf,0.0004761904761904762,0.0,0.0,,1041171555324455918,2026-01-10 19:59:51.892059
2026-01-10,24678,SEA,CAR,30003703,Cale Fleury,shots_on_goal,rf_qrf_shots_on_goal,0.3.0,empirical_qrf,0.1739559009193773,0.0,0.4166666666666667,,1041171555324455918,2026-01-10 19:59:51.892059
2026-01-10,24678,SEA,CAR,30004419,Joey Daccord,shots_on_goal,rf_qrf_shots_on_goal,0.3.0,empirical_qrf,0.015656176156734793,0.012792800194973438,0.01877047178108129,,1041171555324455918,2026-01-10 19:59:51.892059
2026-01-10,24678,SEA,CAR,30004471,Kaapo Kakko,shots_on_goal,rf_qrf_shots_on_goal,0.3.0,empirical_qrf,0.012037698412698411,0.0,0.0,,1041171555324455918,2026-01-10 19:59:51.892059
2026-01-10,24678,SEA,CAR,30005040,Matty Beniers,shots_on_goal,rf_qrf_shots_on_goal,0.3.0,empirical_qrf,0.08790079365079365,0.0,0.3400000000000015,,1041171555324455918,2026-01-10 19:59:51.892059
2026-01-10,24678,SEA,CAR,30005042,Ryker Evans,shots_on_goal,rf_qrf_shots_on_goal,0.3.0,empirical_qrf,0.07753534492786146,0.023391812865497075,0.13815789473684212,,1041171555324455918,2026-01-10 19:59:51.892059
2026-01-10,24678,SEA,CAR,30005239,Jakov Novak,shots_on_goal,rf_qrf_shots_on_goal,0.3.0,empirical_qrf,0.015656176156734793,0.012792800194973438,0.01877047178108129,,1041171555324455918,2026-01-10 19:59:51.892059
2026-01-10,24678,SEA,CAR,30002529,John Hayden,shots_on_goal,rf_qrf_shots_on_goal,0.3.0,empirical_qrf,0.0,0.0,0.0,,1041171555324455918,2026-01-10 19:59:51.892059
2026-01-10,24678,SEA,CAR,30002711,Frederick Gaudreau,shots_on_goal,rf_qrf_shots_on_goal,0.3.0,empirical_qrf,0.045924102263857416,0.0,0.10526315789473684,,1041171555324455918,2026-01-10 19:59:51.892059
2026-01-10,24678,SEA,CAR,30003184,Ryan Lindgren,shots_on_goal,rf_qrf_shots_on_goal,0.3.0,empirical_qrf,0.11306763380670233,0.0,0.21291793313069912,,1041171555324455918,2026-01-10 19:59:51.892059
2026-01-10,24678,SEA,CAR,30003188,Jack LaFontaine,shots_on_goal,rf_qrf_shots_on_goal,0.3.0,empirical_qrf,0.12483333333333332,0.0,0.0,,1041171555324455918,2026-01-10 19:59:51.892059
2026-01-10,24678,SEA,CAR,30003214,Joshua Mahura,shots_on_goal,rf_qrf_shots_on_goal,0.3.0,empirical_qrf,0.08110095143072324,0.0,0.15625,,1041171555324455918,2026-01-10 19:59:51.892059
2026-01-10,24678,SEA,CAR,30003660,Eeli Tolvanen,shots_on_goal,rf_qrf_shots_on_goal,0.3.0,empirical_qrf,0.003941798941798941,0.0,0.0,,1041171555324455918,2026-01-10 19:59:51.892059
2026-01-10,24678,SEA,CAR,30000674,Vince Dunn,shots_on_goal,rf_qrf_shots_on_goal,0.3.0,empirical_qrf,0.057356735856735855,0.0,0.0,,1041171555324455918,2026-01-10 19:59:51.892059
2026-01-10,24678,SEA,CAR,30000758,Jamie Oleksiak,shots_on_goal,rf_qrf_shots_on_goal,0.3.0,empirical_qrf,0.07678823849591204,0.0,0.14814814814814814,,1041171555324455918,2026-01-10 19:59:51.892059
2026-01-10,24678,SEA,CAR,30000794,Jaden Schwartz,shots_on_goal,rf_qrf_shots_on_goal,0.3.0,empirical_qrf,0.009007936507936506,0.0,0.0,,1041171555324455918,2026-01-10 19:59:51.892059
2026-01-10,24678,SEA,CAR,30000812,Gustav Olofsson,shots_on_goal,rf_qrf_shots_on_goal,0.3.0,empirical_qrf,0.015656176156734793,0.012792800194973438,0.01877047178108129,,1041171555324455918,2026-01-10 19:59:51.892059
2026-01-10,24678,SEA,CAR,30000882,Brandon Montour,shots_on_goal,rf_qrf_shots_on_goal,0.3.0,empirical_qrf,0.260515873015873,0.0,1.3333333333333333,,1041171555324455918,2026-01-10 19:59:51.892059
2026-01-10,24678,SEA,CAR,30000929,Jared McCann,shots_on_goal,rf_qrf_shots_on_goal,0.3.0,empirical_qrf,0.0030317460317460317,0.0,0.0,,1041171555324455918,2026-01-10 19:59:51.892059
2026-01-10,24679,ANA,BUF,30000269,Radko Gudas,shots_on_goal,rf_qrf_shots_on_goal,0.3.0,empirical_qrf,0.0002777777777777778,0.0,0.0,,1041171555324455918,2026-01-10 19:59:51.892059
2026-01-10,24679,ANA,BUF,30000320,Chris Kreider,shots_on_goal,rf_qrf_shots_on_goal,0.3.0,empirical_qrf,0.01543656489709121,0.0,0.0,,1041171555324455918,2026-01-10 19:59:51.892059
2026-01-10,24679,ANA,BUF,30000509,Justin Bailey,shots_on_goal,rf_qrf_shots_on_goal,0.3.0,empirical_qrf,0.011821449780475437,0.00303951367781155,0.021478999528079284,,1041171555324455918,2026-01-10 19:59:51.892059
2026-01-10,24679,ANA,BUF,30000515,Mikael Granlund,shots_on_goal,rf_qrf_shots_on_goal,0.3.0,empirical_qrf,0.0004761904761904762,0.0,0.0,,1041171555324455918,2026-01-10 19:59:51.892059
2026-01-10,24679,ANA,BUF,30000609,Frank Vatrano,shots_on_goal,rf_qrf_shots_on_goal,0.3.0,empirical_qrf,0.02538605984658616,0.0,0.0,,1041171555324455918,2026-01-10 19:59:51.892059
2026-01-10,24679,ANA,BUF,30000739,Alex Killorn,shots_on_goal,rf_qrf_shots_on_goal,0.3.0,empirical_qrf,0.07753534492786146,0.023391812865497075,0.13815789473684212,,1041171555324455918,2026-01-10 19:59:51.892059
2026-01-10,24679,BUF,ANA,30006341,Christopher Brown,shots_on_goal,rf_qrf_shots_on_goal,0.3.0,empirical_qrf,0.015656176156734793,0.012792800194973438,0.01877047178108129,,1041171555324455918,2026-01-10 19:59:51.892059
2026-01-10,24679,BUF,ANA,30006342,Dominick Mersch,shots_on_goal,rf_qrf_shots_on_goal,0.3.0,empirical_qrf,0.015656176156734793,0.012792800194973438,0.01877047178108129,,1041171555324455918,2026-01-10 19:59:51.892059
2026-01-10,24679,ANA,BUF,30006017,Nikita Nesterenko,shots_on_goal,rf_qrf_shots_on_goal,0.3.0,empirical_qrf,0.0,0.0,0.0,,1041171555324455918,2026-01-10 19:59:51.892059
2026-01-10,24679,ANA,BUF,30006849,Tim Washe,shots_on_goal,rf_qrf_shots_on_goal,0.3.0,empirical_qrf,0.007618288961162913,0.0,0.015089578326414685,,1041171555324455918,2026-01-10 19:59:51.892059
2026-01-10,24679,BUF,ANA,30005793,Riley Fiddler-Schultz,shots_on_goal,rf_qrf_shots_on_goal,0.3.0,empirical_qrf,0.24838520296135358,0.06625000000000002,0.4391219512195122,,1041171555324455918,2026-01-10 19:59:51.892059
2026-01-10,24679,BUF,ANA,30006028,Jagger Joshua,shots_on_goal,rf_qrf_shots_on_goal,0.3.0,empirical_qrf,0.05838184976011862,0.0,0.12903225806451613,,1041171555324455918,2026-01-10 19:59:51.892059
2026-01-10,24679,BUF,ANA,30006039,Aidan Fulp,shots_on_goal,rf_qrf_shots_on_goal,0.3.0,empirical_qrf,0.015656176156734793,0.012792800194973438,0.01877047178108129,,1041171555324455918,2026-01-10 19:59:51.892059
2026-01-10,24679,BUF,ANA,30006070,Zach Benson,shots_on_goal,rf_qrf_shots_on_goal,0.3.0,empirical_qrf,0.0,0.0,0.0,,1041171555324455918,2026-01-10 19:59:51.892059
2026-01-10,24679,BUF,ANA,30006092,Anton Wahlberg,shots_on_goal,rf_qrf_shots_on_goal,0.3.0,empirical_qrf,0.07678823849591204,0.0,0.14814814814814814,,1041171555324455918,2026-01-10 19:59:51.892059
2026-01-10,24679,BUF,ANA,30006340,Zach Metsa,shots_on_goal,rf_qrf_shots_on_goal,0.3.0,empirical_qrf,0.18873234173234174,0.0,0.5,,1041171555324455918,2026-01-10 19:59:51.892059
2026-01-10,24679,BUF,ANA,30005634,Noah Ostlund,shots_on_goal,rf_qrf_shots_on_goal,0.3.0,empirical_qrf,0.00023692810457516338,0.0,0.0,,1041171555324455918,2026-01-10 19:59:51.892059
2026-01-10,24679,BUF,ANA,30005644,Jiri Kulich,shots_on_goal,rf_qrf_shots_on_goal,0.3.0,empirical_qrf,0.24403968253968253,0.0,1.3333333333333333,,1041171555324455918,2026-01-10 19:59:51.892059
2026-01-10,24679,BUF,ANA,30005685,Viktor Neuchev,shots_on_goal,rf_qrf_shots_on_goal,0.3.0,empirical_qrf,0.001,0.0,0.0,,1041171555324455918,2026-01-10 19:59:51.892059
2026-01-10,24679,BUF,ANA,30005730,Vsevolod Komarov,shots_on_goal,rf_qrf_shots_on_goal,0.3.0,empirical_qrf,0.0014285714285714286,0.0,0.0,,1041171555324455918,2026-01-10 19:59:51.892059
2026-01-10,24679,BUF,ANA,30005764,Noah Laaouan,shots_on_goal,rf_qrf_shots_on_goal,0.3.0,empirical_qrf,0.11825157243908217,0.05714285714285714,0.1875,,1041171555324455918,2026-01-10 19:59:51.892059
2026-01-10,24679,BUF,ANA,30005767,Graham Slaggert,shots_on_goal,rf_qrf_shots_on_goal,0.3.0,empirical_qrf,0.31218963443963443,0.0,1.0,,1041171555324455918,2026-01-10 19:59:51.892059
2026-01-10,24679,BUF,ANA,30005017,Josh Doan,shots_on_goal,rf_qrf_shots_on_goal,0.3.0,empirical_qrf,0.00617063492063492,0.0,0.0,,1041171555324455918,2026-01-10 19:59:51.892059
2026-01-10,24679,BUF,ANA,30005067,Isaac Belliveau,shots_on_goal,rf_qrf_shots_on_goal,0.3.0,empirical_qrf,0.015656176156734793,0.012792800194973438,0.01877047178108129,,1041171555324455918,2026-01-10 19:59:51.892059
2026-01-10,24679,BUF,ANA,30005147,Tyson Kozak,shots_on_goal,rf_qrf_shots_on_goal,0.3.0,empirical_qrf,0.0,0.0,0.0,,1041171555324455918,2026-01-10 19:59:51.892059
2026-01-10,24679,BUF,ANA,30005151,Olivier Nadeau,shots_on_goal,rf_qrf_shots_on_goal,0.3.0,empirical_qrf,0.015571487900788975,0.0,0.0,,1041171555324455918,2026-01-10 19:59:51.892059
2026-01-10,24679,BUF,ANA,30005441,Ryan Johnson,shots_on_goal,rf_qrf_shots_on_goal,0.3.0,empirical_qrf,0.07678823849591204,0.0,0.14814814814814814,,1041171555324455918,2026-01-10 19:59:51.892059
2026-01-10,24679,BUF,ANA,30005445,Nikita Novikov,shots_on_goal,rf_qrf_shots_on_goal,0.3.0,empirical_qrf,0.3377835729085729,0.0,1.5,,1041171555324455918,2026-01-10 19:59:51.892059
2026-01-10,24679,BUF,ANA,30004923,Josh Dunne,shots_on_goal,rf_qrf_shots_on_goal,0.3.0,empirical_qrf,0.08089693587941472,0.038986685519029105,0.12785351004896864,,1041171555324455918,2026-01-10 19:59:51.892059
2026-01-10,24679,BUF,ANA,30004948,Carson Meyer,shots_on_goal,rf_qrf_shots_on_goal,0.3.0,empirical_qrf,0.08089693587941472,0.038986685519029105,0.12785351004896864,,1041171555324455918,2026-01-10 19:59:51.892059
2026-01-10,24679,BUF,ANA,30004956,Justin Danforth,shots_on_goal,rf_qrf_shots_on_goal,0.3.0,empirical_qrf,0.0,0.0,0.0,,1041171555324455918,2026-01-10 19:59:51.892059
2026-01-10,24679,BUF,ANA,30004980,Owen Power,shots_on_goal,rf_qrf_shots_on_goal,0.3.0,empirical_qrf,0.0,0.0,0.0,,1041171555324455918,2026-01-10 19:59:51.892059
2026-01-10,24679,BUF,ANA,30004981,Devon Levi,shots_on_goal,rf_qrf_shots_on_goal,0.3.0,empirical_qrf,0.015656176156734793,0.012792800194973438,0.01877047178108129,,1041171555324455918,2026-01-10 19:59:51.892059
2026-01-10,24679,BUF,ANA,30004982,Isak Rosen,shots_on_goal,rf_qrf_shots_on_goal,0.3.0,empirical_qrf,0.051387850687740065,0.0,0.12121212121212122,,1041171555324455918,2026-01-10 19:59:51.892059
2026-01-10,24679,BUF,ANA,30004502,Peyton Krebs,shots_on_goal,rf_qrf_shots_on_goal,0.3.0,empirical_qrf,0.02307601195101195,0.0,0.0,,1041171555324455918,2026-01-10 19:59:51.892059
2026-01-10,24679,BUF,ANA,30004554,Zac Jones,shots_on_goal,rf_qrf_shots_on_goal,0.3.0,empirical_qrf,0.1739559009193773,0.0,0.4166666666666667,,1041171555324455918,2026-01-10 19:59:51.892059
2026-01-10,24679,BUF,ANA,30004577,Colten Ellis,shots_on_goal,rf_qrf_shots_on_goal,0.3.0,empirical_qrf,0.015656176156734793,0.012792800194973438,0.01877047178108129,,1041171555324455918,2026-01-10 19:59:51.892059
2026-01-10,24679,BUF,ANA,30004670,Peter Tischke,shots_on_goal,rf_qrf_shots_on_goal,0.3.0,empirical_qrf,0.015656176156734793,0.012792800194973438,0.01877047178108129,,1041171555324455918,2026-01-10 19:59:51.892059
2026-01-10,24679,BUF,ANA,30004815,Jack Quinn,shots_on_goal,rf_qrf_shots_on_goal,0.3.0,empirical_qrf,0.0025555555555555553,0.0,0.0,,1041171555324455918,2026-01-10 19:59:51.892059
2026-01-10,24679,BUF,ANA,30004854,Trevor Kuntar,shots_on_goal,rf_qrf_shots_on_goal,0.3.0,empirical_qrf,0.0,0.0,0.0,,1041171555324455918,2026-01-10 19:59:51.892059
2026-01-10,24679,BUF,ANA,30004105,Mattias Samuelsson,shots_on_goal,rf_qrf_shots_on_goal,0.3.0,empirical_qrf,0.009473400455603291,0.0,0.018975486972493714,,1041171555324455918,2026-01-10 19:59:51.892059
2026-01-10,24679,BUF,ANA,30004117,Ryan McLeod,shots_on_goal,rf_qrf_shots_on_goal,0.3.0,empirical_qrf,0.03871825396825397,0.0,0.0,,1041171555324455918,2026-01-10 19:59:51.892059
2026-01-10,24679,BUF,ANA,30004373,Michael Kesselring,shots_on_goal,rf_qrf_shots_on_goal,0.3.0,empirical_qrf,0.011488095238095236,0.0,0.0,,1041171555324455918,2026-01-10 19:59:51.892059
2026-01-10,24679,BUF,ANA,30004380,Jack Rathbone,shots_on_goal,rf_qrf_shots_on_goal,0.3.0,empirical_qrf,0.05838184976011862,0.0,0.12903225806451613,,1041171555324455918,2026-01-10 19:59:51.892059
2026-01-10,24679,BUF,ANA,30004431,Jacob Bryson,shots_on_goal,rf_qrf_shots_on_goal,0.3.0,empirical_qrf,0.07678823849591204,0.0,0.14814814814814814,,1041171555324455918,2026-01-10 19:59:51.892059
2026-01-10,24679,BUF,ANA,30004474,Bowen Byram,shots_on_goal,rf_qrf_shots_on_goal,0.3.0,empirical_qrf,0.0055126863876863875,0.0,0.0,,1041171555324455918,2026-01-10 19:59:51.892059
2026-01-10,24679,BUF,ANA,30003221,Beck Malenstyn,shots_on_goal,rf_qrf_shots_on_goal,0.3.0,empirical_qrf,0.192630624003498,0.0,0.35294117647058826,,1041171555324455918,2026-01-10 19:59:51.892059
2026-01-10,24679,BUF,ANA,30003665,Josh Norris,shots_on_goal,rf_qrf_shots_on_goal,0.3.0,empirical_qrf,0.3577433862433862,0.0,1.3333333333333333,,1041171555324455918,2026-01-10 19:59:51.892059
2026-01-10,24679,BUF,ANA,30003670,Conor Timmins,shots_on_goal,rf_qrf_shots_on_goal,0.3.0,empirical_qrf,0.1739559009193773,0.0,0.4166666666666667,,1041171555324455918,2026-01-10 19:59:51.892059
2026-01-10,24679,BUF,ANA,30003673,Ukko-Pekka Luukkonen,shots_on_goal,rf_qrf_shots_on_goal,0.3.0,empirical_qrf,0.015656176156734793,0.012792800194973438,0.01877047178108129,,1041171555324455918,2026-01-10 19:59:51.892059
2026-01-10,24679,BUF,ANA,30003699,Jake Leschyshyn,shots_on_goal,rf_qrf_shots_on_goal,0.3.0,empirical_qrf,0.007618288961162913,0.0,0.015089578326414685,,1041171555324455918,2026-01-10 19:59:51.892059
2026-01-10,24679,BUF,ANA,30003750,Rasmus Dahlin,shots_on_goal,rf_qrf_shots_on_goal,0.3.0,empirical_qrf,0.3051111111111111,0.0,1.5,,1041171555324455918,2026-01-10 19:59:51.892059
2026-01-10,24679,BUF,ANA,30002577,Alex Tuch,shots_on_goal,rf_qrf_shots_on_goal,0.3.0,empirical_qrf,0.9746210317460315,0.0,2.0,,1041171555324455918,2026-01-10 19:59:51.892059
2026-01-10,24679,BUF,ANA,30002762,Mason Geertsen,shots_on_goal,rf_qrf_shots_on_goal,0.3.0,empirical_qrf,0.011821449780475437,0.00303951367781155,0.021478999528079284,,1041171555324455918,2026-01-10 19:59:51.892059
2026-01-10,24679,BUF,ANA,30002774,Jordan Greenway,shots_on_goal,rf_qrf_shots_on_goal,0.3.0,empirical_qrf,0.015656176156734793,0.012792800194973438,0.01877047178108129,,1041171555324455918,2026-01-10 19:59:51.892059
2026-01-10,24679,BUF,ANA,30002797,Brendan Warren,shots_on_goal,rf_qrf_shots_on_goal,0.3.0,empirical_qrf,0.08089693587941472,0.038986685519029105,0.12785351004896864,,1041171555324455918,2026-01-10 19:59:51.892059
2026-01-10,24679,BUF,ANA,30003074,Alex Lyon,shots_on_goal,rf_qrf_shots_on_goal,0.3.0,empirical_qrf,0.015656176156734793,0.012792800194973438,0.01877047178108129,,1041171555324455918,2026-01-10 19:59:51.892059
2026-01-10,24679,BUF,ANA,30003158,Tage Thompson,shots_on_goal,rf_qrf_shots_on_goal,0.3.0,empirical_qrf,0.015277777777777777,0.0,0.0,,1041171555324455918,2026-01-10 19:59:51.892059
2026-01-10,24679,ANA,BUF,30006161,Yegor Sidorov,shots_on_goal,rf_qrf_shots_on_goal,0.3.0,empirical_qrf,1.1183677248677248,0.0,2.6666666666666665,,1041171555324455918,2026-01-10 19:59:51.892059
2026-01-10,24679,ANA,BUF,30006162,Konnor Smith,shots_on_goal,rf_qrf_shots_on_goal,0.3.0,empirical_qrf,0.015656176156734793,0.012792800194973438,0.01877047178108129,,1041171555324455918,2026-01-10 19:59:51.892059
2026-01-10,24679,ANA,BUF,30006310,Roman Kinal,shots_on_goal,rf_qrf_shots_on_goal,0.3.0,empirical_qrf,0.11825157243908217,0.05714285714285714,0.1875,,1041171555324455918,2026-01-10 19:59:51.892059
2026-01-10,24679,ANA,BUF,30006353,Easton Armstrong,shots_on_goal,rf_qrf_shots_on_goal,0.3.0,empirical_qrf,0.015656176156734793,0.012792800194973438,0.01877047178108129,,1041171555324455918,2026-01-10 19:59:51.892059
2026-01-10,24679,ANA,BUF,30006483,Beckett Sennecke,shots_on_goal,rf_qrf_shots_on_goal,0.3.0,empirical_qrf,0.07258267195767196,0.0,0.2,,1041171555324455918,2026-01-10 19:59:51.892059
2026-01-10,24679,BUF,ANA,30000523,Jason Zucker,shots_on_goal,rf_qrf_shots_on_goal,0.3.0,empirical_qrf,0.1741252337865241,0.0,0.4,,1041171555324455918,2026-01-10 19:59:51.892059
2026-01-10,24679,ANA,BUF,30005678,Tristan Luneau,shots_on_goal,rf_qrf_shots_on_goal,0.3.0,empirical_qrf,0.11306763380670233,0.0,0.21291793313069912,,1041171555324455918,2026-01-10 19:59:51.892059
2026-01-10,24679,ANA,BUF,30005945,Tomas Suchanek,shots_on_goal,rf_qrf_shots_on_goal,0.3.0,empirical_qrf,0.015656176156734793,0.012792800194973438,0.01877047178108129,,1041171555324455918,2026-01-10 19:59:51.892059
2026-01-10,24679,ANA,BUF,30006016,Jaxsen Wiebe,shots_on_goal,rf_qrf_shots_on_goal,0.3.0,empirical_qrf,0.015656176156734793,0.012792800194973438,0.01877047178108129,,1041171555324455918,2026-01-10 19:59:51.892059
2026-01-10,24679,ANA,BUF,30006069,Leo Carlsson,shots_on_goal,rf_qrf_shots_on_goal,0.3.0,empirical_qrf,0.014277777777777778,0.0,0.0,,1041171555324455918,2026-01-10 19:59:51.892059
2026-01-10,24679,ANA,BUF,30006117,Nico Myatovic,shots_on_goal,rf_qrf_shots_on_goal,0.3.0,empirical_qrf,0.0,0.0,0.0,,1041171555324455918,2026-01-10 19:59:51.892059
2026-01-10,24679,ANA,BUF,30006129,Coulson Pitre,shots_on_goal,rf_qrf_shots_on_goal,0.3.0,empirical_qrf,0.17180781392315528,0.1012232741197745,0.25,,1041171555324455918,2026-01-10 19:59:51.892059
2026-01-10,24679,ANA,BUF,30005275,Tyson Hinds,shots_on_goal,rf_qrf_shots_on_goal,0.3.0,empirical_qrf,0.05548522432732959,0.0,0.0,,1041171555324455918,2026-01-10 19:59:51.892059
2026-01-10,24679,ANA,BUF,30005285,Jeremie Biakabutuka,shots_on_goal,rf_qrf_shots_on_goal,0.3.0,empirical_qrf,0.015656176156734793,0.012792800194973438,0.01877047178108129,,1041171555324455918,2026-01-10 19:59:51.892059
2026-01-10,24679,ANA,BUF,30005615,Pavel Mintyukov,shots_on_goal,rf_qrf_shots_on_goal,0.3.0,empirical_qrf,0.04853523591574762,0.0,0.11561085972850685,,1041171555324455918,2026-01-10 19:59:51.892059
2026-01-10,24679,ANA,BUF,30005620,Cutter Gauthier,shots_on_goal,rf_qrf_shots_on_goal,0.3.0,empirical_qrf,0.02388888888888889,0.0,0.0,,1041171555324455918,2026-01-10 19:59:51.892059
2026-01-10,24679,ANA,BUF,30005643,Nathan Gaucher,shots_on_goal,rf_qrf_shots_on_goal,0.3.0,empirical_qrf,0.007136737603068874,0.0,0.0,,1041171555324455918,2026-01-10 19:59:51.892059
2026-01-10,24679,ANA,BUF,30005677,Noah Warren,shots_on_goal,rf_qrf_shots_on_goal,0.3.0,empirical_qrf,0.007618288961162913,0.0,0.015089578326414685,,1041171555324455918,2026-01-10 19:59:51.892059
2026-01-10,24679,ANA,BUF,30004829,Sam Colangelo,shots_on_goal,rf_qrf_shots_on_goal,0.3.0,empirical_qrf,0.03984565570594982,0.0,0.0,,1041171555324455918,2026-01-10 19:59:51.892059
2026-01-10,24679,ANA,BUF,30004861,Ian Moore,shots_on_goal,rf_qrf_shots_on_goal,0.3.0,empirical_qrf,0.0,0.0,0.0,,1041171555324455918,2026-01-10 19:59:51.892059
2026-01-10,24679,ANA,BUF,30004997,Mason McTavish,shots_on_goal,rf_qrf_shots_on_goal,0.3.0,empirical_qrf,0.011488095238095236,0.0,0.0,,1041171555324455918,2026-01-10 19:59:51.892059
2026-01-10,24679,ANA,BUF,30005018,Olen Zellweger,shots_on_goal,rf_qrf_shots_on_goal,0.3.0,empirical_qrf,0.0033333333333333335,0.0,0.0,,1041171555324455918,2026-01-10 19:59:51.892059
2026-01-10,24679,ANA,BUF,30005051,Sasha Pastujov,shots_on_goal,rf_qrf_shots_on_goal,0.3.0,empirical_qrf,0.02700097663957348,0.0,0.06389842141386412,,1041171555324455918,2026-01-10 19:59:51.892059
2026-01-10,24679,ANA,BUF,30005095,Davis Codd,shots_on_goal,rf_qrf_shots_on_goal,0.3.0,empirical_qrf,0.12511928117867574,0.0,0.2857142857142857,,1041171555324455918,2026-01-10 19:59:51.892059
2026-01-10,24679,ANA,BUF,30003948,David Cotton,shots_on_goal,rf_qrf_shots_on_goal,0.3.0,empirical_qrf,0.2742065687935253,0.0,0.6666666666666666,,1041171555324455918,2026-01-10 19:59:51.892059
2026-01-10,24679,ANA,BUF,30004160,Lukas Dostal,shots_on_goal,rf_qrf_shots_on_goal,0.3.0,empirical_qrf,0.015656176156734793,0.012792800194973438,0.01877047178108129,,1041171555324455918,2026-01-10 19:59:51.892059
2026-01-10,24679,ANA,BUF,30004512,Drew Helleson,shots_on_goal,rf_qrf_shots_on_goal,0.3.0,empirical_qrf,0.6648057695228747,0.0,1.6,,1041171555324455918,2026-01-10 19:59:51.892059
2026-01-10,24679,ANA,BUF,30004526,Jackson LaCombe,shots_on_goal,rf_qrf_shots_on_goal,0.3.0,empirical_qrf,0.0006666666666666668,0.0,0.0,,1041171555324455918,2026-01-10 19:59:51.892059
2026-01-10,24679,ANA,BUF,30004550,Judd Caulfield,shots_on_goal,rf_qrf_shots_on_goal,0.3.0,empirical_qrf,0.015656176156734793,0.012792800194973438,0.01877047178108129,,1041171555324455918,2026-01-10 19:59:51.892059
2026-01-10,24679,ANA,BUF,30004828,Calle Clang,shots_on_goal,rf_qrf_shots_on_goal,0.3.0,empirical_qrf,0.015656176156734793,0.012792800194973438,0.01877047178108129,,1041171555324455918,2026-01-10 19:59:51.892059
2026-01-10,24679,ANA,BUF,30002773,Jansen Harkins,shots_on_goal,rf_qrf_shots_on_goal,0.3.0,empirical_qrf,0.015656176156734793,0.012792800194973438,0.01877047178108129,,1041171555324455918,2026-01-10 19:59:51.892059
2026-01-10,24679,ANA,BUF,30002864,Nikolas Brouillard,shots_on_goal,rf_qrf_shots_on_goal,0.3.0,empirical_qrf,0.015656176156734793,0.012792800194973438,0.01877047178108129,,1041171555324455918,2026-01-10 19:59:51.892059
2026-01-10,24679,ANA,BUF,30003197,Carsen Twarynski,shots_on_goal,rf_qrf_shots_on_goal,0.3.0,empirical_qrf,0.015656176156734793,0.012792800194973438,0.01877047178108129,,1041171555324455918,2026-01-10 19:59:51.892059
2026-01-10,24679,ANA,BUF,30003475,Matthew Phillips,shots_on_goal,rf_qrf_shots_on_goal,0.3.0,empirical_qrf,0.31082481553534186,0.0,0.9000000000000025,,1041171555324455918,2026-01-10 19:59:51.892059
2026-01-10,24679,ANA,BUF,30003650,Ryan Poehling,shots_on_goal,rf_qrf_shots_on_goal,0.3.0,empirical_qrf,0.0,0.0,0.0,,1041171555324455918,2026-01-10 19:59:51.892059
2026-01-10,24679,ANA,BUF,30003747,Troy Terry,shots_on_goal,rf_qrf_shots_on_goal,0.3.0,empirical_qrf,0.21538849460366488,0.0,0.6,,1041171555324455918,2026-01-10 19:59:51.892059
2026-01-10,24679,ANA,BUF,30000834,Jacob Trouba,shots_on_goal,rf_qrf_shots_on_goal,0.3.0,empirical_qrf,0.07753534492786146,0.023391812865497075,0.13815789473684212,,1041171555324455918,2026-01-10 19:59:51.892059
2026-01-10,24679,ANA,BUF,30000998,Ross Johnston,shots_on_goal,rf_qrf_shots_on_goal,0.3.0,empirical_qrf,0.0,0.0,0.0,,1041171555324455918,2026-01-10 19:59:51.892059
2026-01-10,24679,ANA,BUF,30001005,Ryan Strome,shots_on_goal,rf_qrf_shots_on_goal,0.3.0,empirical_qrf,0.01185383597883598,0.0,0.0,,1041171555324455918,2026-01-10 19:59:51.892059
2026-01-10,24679,ANA,BUF,30001009,Petr Mrazek,shots_on_goal,rf_qrf_shots_on_goal,0.3.0,empirical_qrf,0.015656176156734793,0.012792800194973438,0.01877047178108129,,1041171555324455918,2026-01-10 19:59:51.892059
2026-01-10,24679,ANA,BUF,30002528,Tyrell Goulbourne,shots_on_goal,rf_qrf_shots_on_goal,0.3.0,empirical_qrf,0.015656176156734793,0.012792800194973438,0.01877047178108129,,1041171555324455918,2026-01-10 19:59:51.892059
2026-01-10,24679,ANA,BUF,30002760,Ville Husso,shots_on_goal,rf_qrf_shots_on_goal,0.3.0,empirical_qrf,0.015656176156734793,0.012792800194973438,0.01877047178108129,,1041171555324455918,2026-01-10 19:59:51.892059
2026-01-10,24680,NYI,MIN,30003226,Ethan Bear,shots_on_goal,rf_qrf_shots_on_goal,0.3.0,empirical_qrf,0.015656176156734793,0.012792800194973438,0.01877047178108129,,1041171555324455918,2026-01-10 19:59:51.892059
2026-01-10,24680,NYI,MIN,30006041,Cole McWard,shots_on_goal,rf_qrf_shots_on_goal,0.3.0,empirical_qrf,0.08089693587941472,0.038986685519029105,0.12785351004896864,,1041171555324455918,2026-01-10 19:59:51.892059
2026-01-10,24680,MIN,NYI,30005669,Hunter Haight,shots_on_goal,rf_qrf_shots_on_goal,0.3.0,empirical_qrf,0.20037649202649205,0.0,0.5,,1041171555324455918,2026-01-10 19:59:51.892059
2026-01-10,24680,MIN,NYI,30005845,David Spacek,shots_on_goal,rf_qrf_shots_on_goal,0.3.0,empirical_qrf,0.07678823849591204,0.0,0.14814814814814814,,1041171555324455918,2026-01-10 19:59:51.892059
2026-01-10,24680,MIN,NYI,30006109,Riley Heidt,shots_on_goal,rf_qrf_shots_on_goal,0.3.0,empirical_qrf,0.05531020191888741,0.013282051282051286,0.0976949879388904,,1041171555324455918,2026-01-10 19:59:51.892059
2026-01-10,24680,MIN,NYI,30006110,Rasmus Kumpulainen,shots_on_goal,rf_qrf_shots_on_goal,0.3.0,empirical_qrf,0.015656176156734793,0.012792800194973438,0.01877047178108129,,1041171555324455918,2026-01-10 19:59:51.892059
2026-01-10,24680,MIN,NYI,30006308,Bradley Marek,shots_on_goal,rf_qrf_shots_on_goal,0.3.0,empirical_qrf,0.015656176156734793,0.012792800194973438,0.01877047178108129,,1041171555324455918,2026-01-10 19:59:51.892059
2026-01-10,24680,MIN,NYI,30003167,Boris Katchouk,shots_on_goal,rf_qrf_shots_on_goal,0.3.0,empirical_qrf,0.03172804316035329,0.0,0.07692307692307693,,1041171555324455918,2026-01-10 19:59:51.892059
2026-01-10,24680,MIN,NYI,30005094,Cameron Butler,shots_on_goal,rf_qrf_shots_on_goal,0.3.0,empirical_qrf,0.12511928117867574,0.0,0.2857142857142857,,1041171555324455918,2026-01-10 19:59:51.892059
2026-01-10,24680,MIN,NYI,30005102,Caedan Bankier,shots_on_goal,rf_qrf_shots_on_goal,0.3.0,empirical_qrf,0.0,0.0,0.0,,1041171555324455918,2026-01-10 19:59:51.892059
2026-01-10,24680,MIN,NYI,30005274,Louka Henault,shots_on_goal,rf_qrf_shots_on_goal,0.3.0,empirical_qrf,0.015656176156734793,0.012792800194973438,0.01877047178108129,,1041171555324455918,2026-01-10 19:59:51.892059
2026-01-10,24680,MIN,NYI,30005361,Benjamin Brinkman,shots_on_goal,rf_qrf_shots_on_goal,0.3.0,empirical_qrf,0.015656176156734793,0.012792800194973438,0.01877047178108129,,1041171555324455918,2026-01-10 19:59:51.892059
2026-01-10,24680,MIN,NYI,30005612,David Jiricek,shots_on_goal,rf_qrf_shots_on_goal,0.3.0,empirical_qrf,0.0,0.0,0.0,,1041171555324455918,2026-01-10 19:59:51.892059
2026-01-10,24680,MIN,NYI,30005627,Danila Yurov,shots_on_goal,rf_qrf_shots_on_goal,0.3.0,empirical_qrf,0.06555643392825437,0.0,0.1509433962264151,,1041171555324455918,2026-01-10 19:59:51.892059
2026-01-10,24680,MIN,NYI,30004847,Daemon Hunt,shots_on_goal,rf_qrf_shots_on_goal,0.3.0,empirical_qrf,0.04169767720303177,0.0,0.08450704225352113,,1041171555324455918,2026-01-10 19:59:51.892059
2026-01-10,24680,MIN,NYI,30004935,Matt Kiersted,shots_on_goal,rf_qrf_shots_on_goal,0.3.0,empirical_qrf,0.10549163968842762,0.0,0.25,,1041171555324455918,2026-01-10 19:59:51.892059
2026-01-10,24680,MIN,NYI,30004970,Wyatt Newpower,shots_on_goal,rf_qrf_shots_on_goal,0.3.0,empirical_qrf,0.03402212602212602,0.0,0.0,,1041171555324455918,2026-01-10 19:59:51.892059
2026-01-10,24680,MIN,NYI,30005005,Oskar Olausson,shots_on_goal,rf_qrf_shots_on_goal,0.3.0,empirical_qrf,0.06555643392825437,0.0,0.1509433962264151,,1041171555324455918,2026-01-10 19:59:51.892059
2026-01-10,24680,MIN,NYI,30005007,Carson Lambos,shots_on_goal,rf_qrf_shots_on_goal,0.3.0,empirical_qrf,0.0,0.0,0.0,,1041171555324455918,2026-01-10 19:59:51.892059
2026-01-10,24680,MIN,NYI,30005008,Jesper Wallstedt,shots_on_goal,rf_qrf_shots_on_goal,0.3.0,empirical_qrf,0.015656176156734793,0.012792800194973438,0.01877047178108129,,1041171555324455918,2026-01-10 19:59:51.892059
2026-01-10,24680,MIN,NYI,30004080,Quinn Hughes,shots_on_goal,rf_qrf_shots_on_goal,0.3.0,empirical_qrf,0.10223015873015873,0.0,0.0,,1041171555324455918,2026-01-10 19:59:51.892059
2026-01-10,24680,MIN,NYI,30004196,Ben Gleason,shots_on_goal,rf_qrf_shots_on_goal,0.3.0,empirical_qrf,0.06544396344396344,0.0,0.25,,1041171555324455918,2026-01-10 19:59:51.892059
2026-01-10,24680,MIN,NYI,30004417,Nico Sturm,shots_on_goal,rf_qrf_shots_on_goal,0.3.0,empirical_qrf,0.007618288961162913,0.0,0.015089578326414685,,1041171555324455918,2026-01-10 19:59:51.892059
2026-01-10,24680,MIN,NYI,30004480,Matt Boldy,shots_on_goal,rf_qrf_shots_on_goal,0.3.0,empirical_qrf,0.0016666666666666668,0.0,0.0,,1041171555324455918,2026-01-10 19:59:51.892059
2026-01-10,24680,MIN,NYI,30004784,Kirill Kaprizov,shots_on_goal,rf_qrf_shots_on_goal,0.3.0,empirical_qrf,0.06403703703703703,0.0,0.0,,1041171555324455918,2026-01-10 19:59:51.892059
2026-01-10,24680,MIN,NYI,30004835,Brock Faber,shots_on_goal,rf_qrf_shots_on_goal,0.3.0,empirical_qrf,0.11306763380670233,0.0,0.21291793313069912,,1041171555324455918,2026-01-10 19:59:51.892059
2026-01-10,24680,MIN,NYI,30001355,Zach Bogosian,shots_on_goal,rf_qrf_shots_on_goal,0.3.0,empirical_qrf,0.08089693587941472,0.038986685519029105,0.12785351004896864,,1041171555324455918,2026-01-10 19:59:51.892059
2026-01-10,24680,MIN,NYI,30002719,Jacob Middleton,shots_on_goal,rf_qrf_shots_on_goal,0.3.0,empirical_qrf,0.10064039664039665,0.0,0.5,,1041171555324455918,2026-01-10 19:59:51.892059
2026-01-10,24680,MIN,NYI,30002820,Joel Eriksson Ek,shots_on_goal,rf_qrf_shots_on_goal,0.3.0,empirical_qrf,0.04191269841269841,0.0,0.0,,1041171555324455918,2026-01-10 19:59:51.892059
2026-01-10,24680,MIN,NYI,30003173,Filip Gustavsson,shots_on_goal,rf_qrf_shots_on_goal,0.3.0,empirical_qrf,0.015656176156734793,0.012792800194973438,0.01877047178108129,,1041171555324455918,2026-01-10 19:59:51.892059
2026-01-10,24680,MIN,NYI,30003611,Cal Petersen,shots_on_goal,rf_qrf_shots_on_goal,0.3.0,empirical_qrf,0.015656176156734793,0.012792800194973438,0.01877047178108129,,1041171555324455918,2026-01-10 19:59:51.892059
2026-01-10,24680,MIN,NYI,30003774,Ben Jones,shots_on_goal,rf_qrf_shots_on_goal,0.3.0,empirical_qrf,0.07753534492786146,0.023391812865497075,0.13815789473684212,,1041171555324455918,2026-01-10 19:59:51.892059
2026-01-10,24680,MIN,NYI,30000524,Jonas Brodin,shots_on_goal,rf_qrf_shots_on_goal,0.3.0,empirical_qrf,0.08897069171310076,0.0,0.1852233676975945,,1041171555324455918,2026-01-10 19:59:51.892059
2026-01-10,24680,MIN,NYI,30000797,Vladimir Tarasenko,shots_on_goal,rf_qrf_shots_on_goal,0.3.0,empirical_qrf,0.49012888337153043,0.0,1.0,,1041171555324455918,2026-01-10 19:59:51.892059
2026-01-10,24680,MIN,NYI,30001012,Ryan Hartman,shots_on_goal,rf_qrf_shots_on_goal,0.3.0,empirical_qrf,0.1661878306878307,0.0,0.808888888888891,,1041171555324455918,2026-01-10 19:59:51.892059
2026-01-10,24680,MIN,NYI,30001013,Vinnie Hinostroza,shots_on_goal,rf_qrf_shots_on_goal,0.3.0,empirical_qrf,0.0,0.0,0.0,,1041171555324455918,2026-01-10 19:59:51.892059
2026-01-10,24680,MIN,NYI,30001087,Mats Zuccarello,shots_on_goal,rf_qrf_shots_on_goal,0.3.0,empirical_qrf,0.0055126863876863875,0.0,0.0,,1041171555324455918,2026-01-10 19:59:51.892059
2026-01-10,24680,MIN,NYI,30001309,Marcus Johansson,shots_on_goal,rf_qrf_shots_on_goal,0.3.0,empirical_qrf,0.051387850687740065,0.0,0.12121212121212122,,1041171555324455918,2026-01-10 19:59:51.892059
2026-01-10,24680,NYI,MIN,30006857,Matthew Schaefer,shots_on_goal,rf_qrf_shots_on_goal,0.3.0,empirical_qrf,0.0,0.0,0.0,,1041171555324455918,2026-01-10 19:59:51.892059
2026-01-10,24680,NYI,MIN,30006925,Maxim Shabanov,shots_on_goal,rf_qrf_shots_on_goal,0.3.0,empirical_qrf,0.01904431216931217,0.0,0.0,,1041171555324455918,2026-01-10 19:59:51.892059
2026-01-10,24680,MIN,NYI,30000257,Yakov Trenin,shots_on_goal,rf_qrf_shots_on_goal,0.3.0,empirical_qrf,0.030318828680897643,0.0,0.0,,1041171555324455918,2026-01-10 19:59:51.892059
2026-01-10,24680,MIN,NYI,30000266,Nicolas Aube-Kubel,shots_on_goal,rf_qrf_shots_on_goal,0.3.0,empirical_qrf,0.011821449780475437,0.00303951367781155,0.021478999528079284,,1041171555324455918,2026-01-10 19:59:51.892059
2026-01-10,24680,MIN,NYI,30000499,Marcus Foligno,shots_on_goal,rf_qrf_shots_on_goal,0.3.0,empirical_qrf,0.01185383597883598,0.0,0.0,,1041171555324455918,2026-01-10 19:59:51.892059
2026-01-10,24680,MIN,NYI,30000517,Jared Spurgeon,shots_on_goal,rf_qrf_shots_on_goal,0.3.0,empirical_qrf,0.0,0.0,0.0,,1041171555324455918,2026-01-10 19:59:51.892059
2026-01-10,24680,NYI,MIN,30006038,Travis Mitchell,shots_on_goal,rf_qrf_shots_on_goal,0.3.0,empirical_qrf,0.011821449780475437,0.00303951367781155,0.021478999528079284,,1041171555324455918,2026-01-10 19:59:51.892059
2026-01-10,24680,NYI,MIN,30006078,Calum Ritchie,shots_on_goal,rf_qrf_shots_on_goal,0.3.0,empirical_qrf,0.01185383597883598,0.0,0.0,,1041171555324455918,2026-01-10 19:59:51.892059
2026-01-10,24680,NYI,MIN,30006247,Justin Gill,shots_on_goal,rf_qrf_shots_on_goal,0.3.0,empirical_qrf,0.015656176156734793,0.012792800194973438,0.01877047178108129,,1041171555324455918,2026-01-10 19:59:51.892059
2026-01-10,24680,NYI,MIN,30006400,Artem Kulakov,shots_on_goal,rf_qrf_shots_on_goal,0.3.0,empirical_qrf,0.015656176156734793,0.012792800194973438,0.01877047178108129,,1041171555324455918,2026-01-10 19:59:51.892059
2026-01-10,24680,NYI,MIN,30006402,Joseph Cipollone,shots_on_goal,rf_qrf_shots_on_goal,0.3.0,empirical_qrf,0.015656176156734793,0.012792800194973438,0.01877047178108129,,1041171555324455918,2026-01-10 19:59:51.892059
2026-01-10,24680,NYI,MIN,30006475,Maxim Tsyplakov,shots_on_goal,rf_qrf_shots_on_goal,0.3.0,empirical_qrf,0.10549163968842762,0.0,0.25,,1041171555324455918,2026-01-10 19:59:51.892059
2026-01-10,24680,NYI,MIN,30005265,Eetu Liukas,shots_on_goal,rf_qrf_shots_on_goal,0.3.0,empirical_qrf,0.015656176156734793,0.012792800194973438,0.01877047178108129,,1041171555324455918,2026-01-10 19:59:51.892059
2026-01-10,24680,NYI,MIN,30005661,Calle Odelius,shots_on_goal,rf_qrf_shots_on_goal,0.3.0,empirical_qrf,0.1582839418091163,0.0,0.3076923076923077,,1041171555324455918,2026-01-10 19:59:51.892059
2026-01-10,24680,NYI,MIN,30005705,Isaiah George,shots_on_goal,rf_qrf_shots_on_goal,0.3.0,empirical_qrf,0.009473400455603291,0.0,0.018975486972493714,,1041171555324455918,2026-01-10 19:59:51.892059
2026-01-10,24680,NYI,MIN,30005828,Marc Gatcomb,shots_on_goal,rf_qrf_shots_on_goal,0.3.0,empirical_qrf,0.192630624003498,0.0,0.35294117647058826,,1041171555324455918,2026-01-10 19:59:51.892059
2026-01-10,24680,NYI,MIN,30005856,Daylan Kuefler,shots_on_goal,rf_qrf_shots_on_goal,0.3.0,empirical_qrf,0.015656176156734793,0.012792800194973438,0.01877047178108129,,1041171555324455918,2026-01-10 19:59:51.892059
2026-01-10,24680,NYI,MIN,30005858,Matthew Maggio,shots_on_goal,rf_qrf_shots_on_goal,0.3.0,empirical_qrf,0.0,0.0,0.0,,1041171555324455918,2026-01-10 19:59:51.892059
2026-01-10,24680,NYI,MIN,30004332,Kyle MacLean,shots_on_goal,rf_qrf_shots_on_goal,0.3.0,empirical_qrf,0.07753534492786146,0.023391812865497075,0.13815789473684212,,1041171555324455918,2026-01-10 19:59:51.892059
2026-01-10,24680,NYI,MIN,30004498,Simon Holmstrom,shots_on_goal,rf_qrf_shots_on_goal,0.3.0,empirical_qrf,0.10549163968842762,0.0,0.25,,1041171555324455918,2026-01-10 19:59:51.892059
2026-01-10,24680,NYI,MIN,30004525,Adam Beckman,shots_on_goal,rf_qrf_shots_on_goal,0.3.0,empirical_qrf,0.009473400455603291,0.0,0.018975486972493714,,1041171555324455918,2026-01-10 19:59:51.892059
2026-01-10,24680,NYI,MIN,30004845,Emil Heineman,shots_on_goal,rf_qrf_shots_on_goal,0.3.0,empirical_qrf,0.1427445286195286,0.0,0.6666666666666666,,1041171555324455918,2026-01-10 19:59:51.892059
2026-01-10,24680,NYI,MIN,30005205,Tristan Lennox,shots_on_goal,rf_qrf_shots_on_goal,0.3.0,empirical_qrf,0.015656176156734793,0.012792800194973438,0.01877047178108129,,1041171555324455918,2026-01-10 19:59:51.892059
2026-01-10,24680,NYI,MIN,30005262,Henrik Tikkanen,shots_on_goal,rf_qrf_shots_on_goal,0.3.0,empirical_qrf,0.015656176156734793,0.012792800194973438,0.01877047178108129,,1041171555324455918,2026-01-10 19:59:51.892059
2026-01-10,24680,NYI,MIN,30003126,David Rittich,shots_on_goal,rf_qrf_shots_on_goal,0.3.0,empirical_qrf,0.015656176156734793,0.012792800194973438,0.01877047178108129,,1041171555324455918,2026-01-10 19:59:51.892059
2026-01-10,24680,NYI,MIN,30003189,Sean Day,shots_on_goal,rf_qrf_shots_on_goal,0.3.0,empirical_qrf,0.08989378530539521,0.0,0.21507936507936526,,1041171555324455918,2026-01-10 19:59:51.892059
2026-01-10,24680,NYI,MIN,30003541,Matthew Highmore,shots_on_goal,rf_qrf_shots_on_goal,0.3.0,empirical_qrf,0.007618288961162913,0.0,0.015089578326414685,,1041171555324455918,2026-01-10 19:59:51.892059
2026-01-10,24680,NYI,MIN,30004051,Pierre Engvall,shots_on_goal,rf_qrf_shots_on_goal,0.3.0,empirical_qrf,0.07896727945257358,0.0,0.2,,1041171555324455918,2026-01-10 19:59:51.892059
2026-01-10,24680,NYI,MIN,30004091,Adam Boqvist,shots_on_goal,rf_qrf_shots_on_goal,0.3.0,empirical_qrf,0.08897069171310076,0.0,0.1852233676975945,,1041171555324455918,2026-01-10 19:59:51.892059
2026-01-10,24680,NYI,MIN,30004176,Alexander Romanov,shots_on_goal,rf_qrf_shots_on_goal,0.3.0,empirical_qrf,0.0006666666666666668,0.0,0.0,,1041171555324455918,2026-01-10 19:59:51.892059
2026-01-10,24680,NYI,MIN,30000999,Scott Mayfield,shots_on_goal,rf_qrf_shots_on_goal,0.3.0,empirical_qrf,0.045924102263857416,0.0,0.10526315789473684,,1041171555324455918,2026-01-10 19:59:51.892059
2026-01-10,24680,NYI,MIN,30001003,Ryan Pulock,shots_on_goal,rf_qrf_shots_on_goal,0.3.0,empirical_qrf,0.07678823849591204,0.0,0.14814814814814814,,1041171555324455918,2026-01-10 19:59:51.892059
2026-01-10,24680,NYI,MIN,30001155,Casey Cizikas,shots_on_goal,rf_qrf_shots_on_goal,0.3.0,empirical_qrf,0.07678823849591204,0.0,0.14814814814814814,,1041171555324455918,2026-01-10 19:59:51.892059
2026-01-10,24680,NYI,MIN,30001276,Bo Horvat,shots_on_goal,rf_qrf_shots_on_goal,0.3.0,empirical_qrf,0.0018671964437949092,0.0,0.0,,1041171555324455918,2026-01-10 19:59:51.892059
2026-01-10,24680,NYI,MIN,30002533,Marcus Hogberg,shots_on_goal,rf_qrf_shots_on_goal,0.3.0,empirical_qrf,0.015656176156734793,0.012792800194973438,0.01877047178108129,,1041171555324455918,2026-01-10 19:59:51.892059
2026-01-10,24680,NYI,MIN,30002618,Ilya Sorokin,shots_on_goal,rf_qrf_shots_on_goal,0.3.0,empirical_qrf,0.015656176156734793,0.012792800194973438,0.01877047178108129,,1041171555324455918,2026-01-10 19:59:51.892059
2026-01-10,24680,NYI,MIN,30000644,Chris Terry,shots_on_goal,rf_qrf_shots_on_goal,0.3.0,empirical_qrf,0.004738095238095237,0.0,0.0,,1041171555324455918,2026-01-10 19:59:51.892059
2026-01-10,24680,NYI,MIN,30000733,Tony DeAngelo,shots_on_goal,rf_qrf_shots_on_goal,0.3.0,empirical_qrf,0.000625,0.0,0.0,,1041171555324455918,2026-01-10 19:59:51.892059
2026-01-10,24680,NYI,MIN,30000734,Jonathan Drouin,shots_on_goal,rf_qrf_shots_on_goal,0.3.0,empirical_qrf,0.002570643798655489,0.0,0.0,,1041171555324455918,2026-01-10 19:59:51.892059
2026-01-10,24680,NYI,MIN,30000875,Semyon Varlamov,shots_on_goal,rf_qrf_shots_on_goal,0.3.0,empirical_qrf,0.015656176156734793,0.012792800194973438,0.01877047178108129,,1041171555324455918,2026-01-10 19:59:51.892059
2026-01-10,24680,NYI,MIN,30000966,Jean-Gabriel Pageau,shots_on_goal,rf_qrf_shots_on_goal,0.3.0,empirical_qrf,0.0,0.0,0.0,,1041171555324455918,2026-01-10 19:59:51.892059
2026-01-10,24680,NYI,MIN,30000986,Seth Helgeson,shots_on_goal,rf_qrf_shots_on_goal,0.3.0,empirical_qrf,0.04169767720303177,0.0,0.08450704225352113,,1041171555324455918,2026-01-10 19:59:51.892059
2026-01-10,24680,NYI,MIN,30000204,Kyle Palmieri,shots_on_goal,rf_qrf_shots_on_goal,0.3.0,empirical_qrf,0.009333333333333334,0.0,0.0,,1041171555324455918,2026-01-10 19:59:51.892059
2026-01-10,24680,NYI,MIN,30000276,Anders Lee,shots_on_goal,rf_qrf_shots_on_goal,0.3.0,empirical_qrf,0.0002777777777777778,0.0,0.0,,1041171555324455918,2026-01-10 19:59:51.892059
2026-01-10,24680,NYI,MIN,30000290,Adam Pelech,shots_on_goal,rf_qrf_shots_on_goal,0.3.0,empirical_qrf,0.00020833333333333335,0.0,0.0,,1041171555324455918,2026-01-10 19:59:51.892059
2026-01-10,24680,NYI,MIN,30000292,Mathew Barzal,shots_on_goal,rf_qrf_shots_on_goal,0.3.0,empirical_qrf,0.06246759259259259,0.0,0.0,,1041171555324455918,2026-01-10 19:59:51.892059
2026-01-10,24680,NYI,MIN,30000571,Anthony Duclair,shots_on_goal,rf_qrf_shots_on_goal,0.3.0,empirical_qrf,0.01148015873015873,0.0,0.0,,1041171555324455918,2026-01-10 19:59:51.892059
2026-01-10,24681,CHI,NAS,30000585,Andre Burakovsky,shots_on_goal,rf_qrf_shots_on_goal,0.3.0,empirical_qrf,0.051387850687740065,0.0,0.12121212121212122,,1041171555324455918,2026-01-10 19:59:51.892059
2026-01-10,24681,CHI,NAS,30000691,Nick Foligno,shots_on_goal,rf_qrf_shots_on_goal,0.3.0,empirical_qrf,0.03984565570594982,0.0,0.0,,1041171555324455918,2026-01-10 19:59:51.892059
2026-01-10,24681,CHI,NAS,30000748,Jason Dickinson,shots_on_goal,rf_qrf_shots_on_goal,0.3.0,empirical_qrf,0.08110095143072324,0.0,0.15625,,1041171555324455918,2026-01-10 19:59:51.892059
2026-01-10,24681,CHI,NAS,30000842,Tyler Bertuzzi,shots_on_goal,rf_qrf_shots_on_goal,0.3.0,empirical_qrf,0.11000595238095237,0.0,0.0,,1041171555324455918,2026-01-10 19:59:51.892059
2026-01-10,24681,CHI,NAS,30000871,Teuvo Teravainen,shots_on_goal,rf_qrf_shots_on_goal,0.3.0,empirical_qrf,0.3186953093203093,0.0,1.2535714285714294,,1041171555324455918,2026-01-10 19:59:51.892059
2026-01-10,24681,CHI,NAS,30001060,Shea Weber,shots_on_goal,rf_qrf_shots_on_goal,0.3.0,empirical_qrf,0.015656176156734793,0.012792800194973438,0.01877047178108129,,1041171555324455918,2026-01-10 19:59:51.892059
2026-01-10,24681,CHI,NAS,30005839,Jake Furlong,shots_on_goal,rf_qrf_shots_on_goal,0.3.0,empirical_qrf,0.015656176156734793,0.012792800194973438,0.01877047178108129,,1041171555324455918,2026-01-10 19:59:51.892059
2026-01-10,24681,CHI,NAS,30006926,Stanislav Berezhnoy,shots_on_goal,rf_qrf_shots_on_goal,0.3.0,empirical_qrf,0.015656176156734793,0.012792800194973438,0.01877047178108129,,1041171555324455918,2026-01-10 19:59:51.892059
2026-01-10,24681,NAS,CHI,30006089,David Edstrom,shots_on_goal,rf_qrf_shots_on_goal,0.3.0,empirical_qrf,0.003143939393939394,0.0,0.0,,1041171555324455918,2026-01-10 19:59:51.892059
2026-01-10,24681,NAS,CHI,30006095,Andrew Gibson,shots_on_goal,rf_qrf_shots_on_goal,0.3.0,empirical_qrf,0.05838184976011862,0.0,0.12903225806451613,,1041171555324455918,2026-01-10 19:59:51.892059
2026-01-10,24681,NAS,CHI,30006107,Kalan Lind,shots_on_goal,rf_qrf_shots_on_goal,0.3.0,empirical_qrf,0.015656176156734793,0.012792800194973438,0.01877047178108129,,1041171555324455918,2026-01-10 19:59:51.892059
2026-01-10,24681,NAS,CHI,30006185,Joey Willis,shots_on_goal,rf_qrf_shots_on_goal,0.3.0,empirical_qrf,0.015656176156734793,0.012792800194973438,0.01877047178108129,,1041171555324455918,2026-01-10 19:59:51.892059
2026-01-10,24681,CHI,NAS,30004875,Landon Slaggert,shots_on_goal,rf_qrf_shots_on_goal,0.3.0,empirical_qrf,0.07678823849591204,0.0,0.14814814814814814,,1041171555324455918,2026-01-10 19:59:51.892059
2026-01-10,24681,CHI,NAS,30000182,Ryan Ellis,shots_on_goal,rf_qrf_shots_on_goal,0.3.0,empirical_qrf,0.015656176156734793,0.012792800194973438,0.01877047178108129,,1041171555324455918,2026-01-10 19:59:51.892059
2026-01-10,24681,NAS,CHI,30005617,Joakim Kemell,shots_on_goal,rf_qrf_shots_on_goal,0.3.0,empirical_qrf,0.0,0.0,0.0,,1041171555324455918,2026-01-10 19:59:51.892059
2026-01-10,24681,NAS,CHI,30005648,Reid Schaefer,shots_on_goal,rf_qrf_shots_on_goal,0.3.0,empirical_qrf,0.013263888888888888,0.0,0.0,,1041171555324455918,2026-01-10 19:59:51.892059
2026-01-10,24681,NAS,CHI,30005835,Chad Nychuk,shots_on_goal,rf_qrf_shots_on_goal,0.3.0,empirical_qrf,0.015656176156734793,0.012792800194973438,0.01877047178108129,,1041171555324455918,2026-01-10 19:59:51.892059
2026-01-10,24681,NAS,CHI,30005933,Austin Roest,shots_on_goal,rf_qrf_shots_on_goal,0.3.0,empirical_qrf,0.015656176156734793,0.012792800194973438,0.01877047178108129,,1041171555324455918,2026-01-10 19:59:51.892059
2026-01-10,24681,NAS,CHI,30006080,Tanner Molendyk,shots_on_goal,rf_qrf_shots_on_goal,0.3.0,empirical_qrf,0.07753534492786146,0.023391812865497075,0.13815789473684212,,1041171555324455918,2026-01-10 19:59:51.892059
2026-01-10,24681,NAS,CHI,30006081,Matthew Wood,shots_on_goal,rf_qrf_shots_on_goal,0.3.0,empirical_qrf,0.1620363756613757,0.0,0.6750000000000018,,1041171555324455918,2026-01-10 19:59:51.892059
2026-01-10,24681,NAS,CHI,30004944,Magnus Chrona,shots_on_goal,rf_qrf_shots_on_goal,0.3.0,empirical_qrf,0.015656176156734793,0.012792800194973438,0.01877047178108129,,1041171555324455918,2026-01-10 19:59:51.892059
2026-01-10,24681,NAS,CHI,30004991,Fedor Svechkov,shots_on_goal,rf_qrf_shots_on_goal,0.3.0,empirical_qrf,0.10549163968842762,0.0,0.25,,1041171555324455918,2026-01-10 19:59:51.892059
2026-01-10,24681,NAS,CHI,30005006,Zachary L'Heureux,shots_on_goal,rf_qrf_shots_on_goal,0.3.0,empirical_qrf,0.07678823849591204,0.0,0.14814814814814814,,1041171555324455918,2026-01-10 19:59:51.892059
2026-01-10,24681,NAS,CHI,30005190,Jack Matier,shots_on_goal,rf_qrf_shots_on_goal,0.3.0,empirical_qrf,0.015656176156734793,0.012792800194973438,0.01877047178108129,,1041171555324455918,2026-01-10 19:59:51.892059
2026-01-10,24681,NAS,CHI,30005233,Adam Wilsby,shots_on_goal,rf_qrf_shots_on_goal,0.3.0,empirical_qrf,0.06555643392825437,0.0,0.1509433962264151,,1041171555324455918,2026-01-10 19:59:51.892059
2026-01-10,24681,NAS,CHI,30005578,Nick Blankenburg,shots_on_goal,rf_qrf_shots_on_goal,0.3.0,empirical_qrf,0.045924102263857416,0.0,0.10526315789473684,,1041171555324455918,2026-01-10 19:59:51.892059
2026-01-10,24681,NAS,CHI,30004725,Ethan Haider,shots_on_goal,rf_qrf_shots_on_goal,0.3.0,empirical_qrf,0.015656176156734793,0.012792800194973438,0.01877047178108129,,1041171555324455918,2026-01-10 19:59:51.892059
2026-01-10,24681,NAS,CHI,30004748,Cole Smith,shots_on_goal,rf_qrf_shots_on_goal,0.3.0,empirical_qrf,0.0,0.0,0.0,,1041171555324455918,2026-01-10 19:59:51.892059
2026-01-10,24681,NAS,CHI,30004795,Justin Barron,shots_on_goal,rf_qrf_shots_on_goal,0.3.0,empirical_qrf,0.0,0.0,0.0,,1041171555324455918,2026-01-10 19:59:51.892059
2026-01-10,24681,NAS,CHI,30004822,Ozzy Wiesblatt,shots_on_goal,rf_qrf_shots_on_goal,0.3.0,empirical_qrf,0.0,0.0,0.0,,1041171555324455918,2026-01-10 19:59:51.892059
2026-01-10,24681,NAS,CHI,30004834,Luke Evangelista,shots_on_goal,rf_qrf_shots_on_goal,0.3.0,empirical_qrf,0.12870238095238093,0.0,0.0,,1041171555324455918,2026-01-10 19:59:51.892059
2026-01-10,24681,NAS,CHI,30004907,Ryder Rolston,shots_on_goal,rf_qrf_shots_on_goal,0.3.0,empirical_qrf,0.1054262399401404,0.0,0.24,,1041171555324455918,2026-01-10 19:59:51.892059
2026-01-10,24681,NAS,CHI,30003140,Tyson Jost,shots_on_goal,rf_qrf_shots_on_goal,0.3.0,empirical_qrf,0.07370846847510934,0.0,0.0,,1041171555324455918,2026-01-10 19:59:51.892059
2026-01-10,24681,NAS,CHI,30003206,Dylan Gambrell,shots_on_goal,rf_qrf_shots_on_goal,0.3.0,empirical_qrf,0.051387850687740065,0.0,0.12121212121212122,,1041171555324455918,2026-01-10 19:59:51.892059
2026-01-10,24681,NAS,CHI,30003700,Nicolas Hague,shots_on_goal,rf_qrf_shots_on_goal,0.3.0,empirical_qrf,0.10549163968842762,0.0,0.25,,1041171555324455918,2026-01-10 19:59:51.892059
2026-01-10,24681,NAS,CHI,30004161,Justus Annunen,shots_on_goal,rf_qrf_shots_on_goal,0.3.0,empirical_qrf,0.015656176156734793,0.012792800194973438,0.01877047178108129,,1041171555324455918,2026-01-10 19:59:51.892059
2026-01-10,24681,NAS,CHI,30004606,Nick Perbix,shots_on_goal,rf_qrf_shots_on_goal,0.3.0,empirical_qrf,0.08089693587941472,0.038986685519029105,0.12785351004896864,,1041171555324455918,2026-01-10 19:59:51.892059
2026-01-10,24681,NAS,CHI,30004716,Zack Hayes,shots_on_goal,rf_qrf_shots_on_goal,0.3.0,empirical_qrf,0.015656176156734793,0.012792800194973438,0.01877047178108129,,1041171555324455918,2026-01-10 19:59:51.892059
2026-01-10,24681,NAS,CHI,30000743,Steven Stamkos,shots_on_goal,rf_qrf_shots_on_goal,0.3.0,empirical_qrf,0.0,0.0,0.0,,1041171555324455918,2026-01-10 19:59:51.892059
2026-01-10,24681,NAS,CHI,30000810,Erik Haula,shots_on_goal,rf_qrf_shots_on_goal,0.3.0,empirical_qrf,0.0,0.0,0.0,,1041171555324455918,2026-01-10 19:59:51.892059
2026-01-10,24681,NAS,CHI,30000979,Ryan O'Reilly,shots_on_goal,rf_qrf_shots_on_goal,0.3.0,empirical_qrf,0.0025555555555555553,0.0,0.0,,1041171555324455918,2026-01-10 19:59:51.892059
2026-01-10,24681,NAS,CHI,30001048,Jonathan Marchessault,shots_on_goal,rf_qrf_shots_on_goal,0.3.0,empirical_qrf,0.19355952380952382,0.0,1.0,,1041171555324455918,2026-01-10 19:59:51.892059
2026-01-10,24681,NAS,CHI,30002591,Andreas Englund,shots_on_goal,rf_qrf_shots_on_goal,0.3.0,empirical_qrf,0.007618288961162913,0.0,0.015089578326414685,,1041171555324455918,2026-01-10 19:59:51.892059
2026-01-10,24681,NAS,CHI,30002859,Michael Bunting,shots_on_goal,rf_qrf_shots_on_goal,0.3.0,empirical_qrf,0.07258068783068783,0.0,0.0,,1041171555324455918,2026-01-10 19:59:51.892059
2026-01-10,24681,NAS,CHI,30000183,Filip Forsberg,shots_on_goal,rf_qrf_shots_on_goal,0.3.0,empirical_qrf,0.22591402116402118,0.0,1.033333333333341,,1041171555324455918,2026-01-10 19:59:51.892059
2026-01-10,24681,NAS,CHI,30000184,Roman Josi,shots_on_goal,rf_qrf_shots_on_goal,0.3.0,empirical_qrf,0.0,0.0,0.0,,1041171555324455918,2026-01-10 19:59:51.892059
2026-01-10,24681,NAS,CHI,30000222,Juuse Saros,shots_on_goal,rf_qrf_shots_on_goal,0.3.0,empirical_qrf,0.015656176156734793,0.012792800194973438,0.01877047178108129,,1041171555324455918,2026-01-10 19:59:51.892059
2026-01-10,24681,NAS,CHI,30000324,Brady Skjei,shots_on_goal,rf_qrf_shots_on_goal,0.3.0,empirical_qrf,0.25472162097162104,0.0,0.5,,1041171555324455918,2026-01-10 19:59:51.892059
2026-01-10,24681,NAS,CHI,30000716,Daniel Carr,shots_on_goal,rf_qrf_shots_on_goal,0.3.0,empirical_qrf,0.02182377344877345,0.0,0.0,,1041171555324455918,2026-01-10 19:59:51.892059
2026-01-10,24681,NAS,CHI,30000720,Michael McCarron,shots_on_goal,rf_qrf_shots_on_goal,0.3.0,empirical_qrf,0.03172804316035329,0.0,0.07692307692307693,,1041171555324455918,2026-01-10 19:59:51.892059
2026-01-10,24681,CHI,NAS,30006077,Oliver Moore,shots_on_goal,rf_qrf_shots_on_goal,0.3.0,empirical_qrf,0.0,0.0,0.0,,1041171555324455918,2026-01-10 19:59:51.892059
2026-01-10,24681,CHI,NAS,30006105,Martin Misiak,shots_on_goal,rf_qrf_shots_on_goal,0.3.0,empirical_qrf,0.0015877846790890266,0.0,0.0,,1041171555324455918,2026-01-10 19:59:51.892059
2026-01-10,24681,CHI,NAS,30006145,Nick Lardis,shots_on_goal,rf_qrf_shots_on_goal,0.3.0,empirical_qrf,0.08089693587941472,0.038986685519029105,0.12785351004896864,,1041171555324455918,2026-01-10 19:59:51.892059
2026-01-10,24681,CHI,NAS,30006279,Sahil Panwar,shots_on_goal,rf_qrf_shots_on_goal,0.3.0,empirical_qrf,0.015656176156734793,0.012792800194973438,0.01877047178108129,,1041171555324455918,2026-01-10 19:59:51.892059
2026-01-10,24681,CHI,NAS,30006312,Joe Carroll,shots_on_goal,rf_qrf_shots_on_goal,0.3.0,empirical_qrf,0.015656176156734793,0.012792800194973438,0.01877047178108129,,1041171555324455918,2026-01-10 19:59:51.892059
2026-01-10,24681,CHI,NAS,30006496,Artyom Levshunov,shots_on_goal,rf_qrf_shots_on_goal,0.3.0,empirical_qrf,0.051387850687740065,0.0,0.12121212121212122,,1041171555324455918,2026-01-10 19:59:51.892059
2026-01-10,24681,CHI,NAS,30005666,Ryan Greene,shots_on_goal,rf_qrf_shots_on_goal,0.3.0,empirical_qrf,0.011821449780475437,0.00303951367781155,0.021478999528079284,,1041171555324455918,2026-01-10 19:59:51.892059
2026-01-10,24681,CHI,NAS,30005718,Samuel Savoie,shots_on_goal,rf_qrf_shots_on_goal,0.3.0,empirical_qrf,0.04169767720303177,0.0,0.08450704225352113,,1041171555324455918,2026-01-10 19:59:51.892059
2026-01-10,24681,CHI,NAS,30005816,Gavin Hayes,shots_on_goal,rf_qrf_shots_on_goal,0.3.0,empirical_qrf,0.0,0.0,0.0,,1041171555324455918,2026-01-10 19:59:51.892059
2026-01-10,24681,CHI,NAS,30005819,Andrew Perrott,shots_on_goal,rf_qrf_shots_on_goal,0.3.0,empirical_qrf,0.021823885554549224,0.0,0.0,,1041171555324455918,2026-01-10 19:59:51.892059
2026-01-10,24681,CHI,NAS,30005820,Mitchell Weeks,shots_on_goal,rf_qrf_shots_on_goal,0.3.0,empirical_qrf,0.015656176156734793,0.012792800194973438,0.01877047178108129,,1041171555324455918,2026-01-10 19:59:51.892059
2026-01-10,24681,CHI,NAS,30006064,Connor Bedard,shots_on_goal,rf_qrf_shots_on_goal,0.3.0,empirical_qrf,0.06634920634920635,0.0,0.0,,1041171555324455918,2026-01-10 19:59:51.892059
2026-01-10,24681,CHI,NAS,30005052,Dmitry Kuzmin,shots_on_goal,rf_qrf_shots_on_goal,0.3.0,empirical_qrf,0.015656176156734793,0.012792800194973438,0.01877047178108129,,1041171555324455918,2026-01-10 19:59:51.892059
2026-01-10,24681,CHI,NAS,30005131,Ryan Mast,shots_on_goal,rf_qrf_shots_on_goal,0.3.0,empirical_qrf,0.015656176156734793,0.012792800194973438,0.01877047178108129,,1041171555324455918,2026-01-10 19:59:51.892059
2026-01-10,24681,CHI,NAS,30005163,Ethan Del Mastro,shots_on_goal,rf_qrf_shots_on_goal,0.3.0,empirical_qrf,0.0,0.0,0.0,,1041171555324455918,2026-01-10 19:59:51.892059
2026-01-10,24681,CHI,NAS,30005632,Kevin Korchinski,shots_on_goal,rf_qrf_shots_on_goal,0.3.0,empirical_qrf,0.05531020191888741,0.013282051282051286,0.0976949879388904,,1041171555324455918,2026-01-10 19:59:51.892059
2026-01-10,24681,CHI,NAS,30005638,Frank Nazar,shots_on_goal,rf_qrf_shots_on_goal,0.3.0,empirical_qrf,0.05719179894179894,0.0,0.0,,1041171555324455918,2026-01-10 19:59:51.892059
2026-01-10,24681,CHI,NAS,30005665,Paul Ludwinski,shots_on_goal,rf_qrf_shots_on_goal,0.3.0,empirical_qrf,0.17180781392315528,0.1012232741197745,0.25,,1041171555324455918,2026-01-10 19:59:51.892059
2026-01-10,24681,CHI,NAS,30004650,Louis Crevier,shots_on_goal,rf_qrf_shots_on_goal,0.3.0,empirical_qrf,0.05531020191888741,0.013282051282051286,0.0976949879388904,,1041171555324455918,2026-01-10 19:59:51.892059
2026-01-10,24681,CHI,NAS,30004830,Drew Commesso,shots_on_goal,rf_qrf_shots_on_goal,0.3.0,empirical_qrf,0.015656176156734793,0.012792800194973438,0.01877047178108129,,1041171555324455918,2026-01-10 19:59:51.892059
2026-01-10,24681,CHI,NAS,30004850,Wyatt Kaiser,shots_on_goal,rf_qrf_shots_on_goal,0.3.0,empirical_qrf,0.0004761904761904762,0.0,0.0,,1041171555324455918,2026-01-10 19:59:51.892059
2026-01-10,24681,CHI,NAS,30004946,Jackson Cates,shots_on_goal,rf_qrf_shots_on_goal,0.3.0,empirical_qrf,0.015656176156734793,0.012792800194973438,0.01877047178108129,,1041171555324455918,2026-01-10 19:59:51.892059
2026-01-10,24681,CHI,NAS,30004965,Arvid Soderblom,shots_on_goal,rf_qrf_shots_on_goal,0.3.0,empirical_qrf,0.015656176156734793,0.012792800194973438,0.01877047178108129,,1041171555324455918,2026-01-10 19:59:51.892059
2026-01-10,24681,CHI,NAS,30005032,Colton Dach,shots_on_goal,rf_qrf_shots_on_goal,0.3.0,empirical_qrf,0.0,0.0,0.0,,1041171555324455918,2026-01-10 19:59:51.892059
2026-01-10,24681,CHI,NAS,30003751,Dominic Toninato,shots_on_goal,rf_qrf_shots_on_goal,0.3.0,empirical_qrf,0.0,0.0,0.0,,1041171555324455918,2026-01-10 19:59:51.892059
2026-01-10,24681,CHI,NAS,30003996,Sam Lafferty,shots_on_goal,rf_qrf_shots_on_goal,0.3.0,empirical_qrf,0.0,0.0,0.0,,1041171555324455918,2026-01-10 19:59:51.892059
2026-01-10,24681,CHI,NAS,30004000,Brett Seney,shots_on_goal,rf_qrf_shots_on_goal,0.3.0,empirical_qrf,0.08089693587941472,0.038986685519029105,0.12785351004896864,,1041171555324455918,2026-01-10 19:59:51.892059
2026-01-10,24681,CHI,NAS,30004442,Ilya Mikheyev,shots_on_goal,rf_qrf_shots_on_goal,0.3.0,empirical_qrf,0.03172804316035329,0.0,0.07692307692307693,,1041171555324455918,2026-01-10 19:59:51.892059
2026-01-10,24681,CHI,NAS,30004494,Spencer Knight,shots_on_goal,rf_qrf_shots_on_goal,0.3.0,empirical_qrf,0.015656176156734793,0.012792800194973438,0.01877047178108129,,1041171555324455918,2026-01-10 19:59:51.892059
2026-01-10,24681,CHI,NAS,30004507,Alex Vlasic,shots_on_goal,rf_qrf_shots_on_goal,0.3.0,empirical_qrf,0.0,0.0,0.0,,1041171555324455918,2026-01-10 19:59:51.892059
2026-01-10,24681,CHI,NAS,30001219,Connor Murphy,shots_on_goal,rf_qrf_shots_on_goal,0.3.0,empirical_qrf,0.0,0.0,0.0,,1041171555324455918,2026-01-10 19:59:51.892059
2026-01-10,24681,CHI,NAS,30002212,Cavan Fitzgerald,shots_on_goal,rf_qrf_shots_on_goal,0.3.0,empirical_qrf,0.015656176156734793,0.012792800194973438,0.01877047178108129,,1041171555324455918,2026-01-10 19:59:51.892059
2026-01-10,24681,CHI,NAS,30002539,Matt Grzelcyk,shots_on_goal,rf_qrf_shots_on_goal,0.3.0,empirical_qrf,0.0,0.0,0.0,,1041171555324455918,2026-01-10 19:59:51.892059
2026-01-10,24681,CHI,NAS,30002588,Ryan Donato,shots_on_goal,rf_qrf_shots_on_goal,0.3.0,empirical_qrf,0.0,0.0,0.0,,1041171555324455918,2026-01-10 19:59:51.892059
2026-01-10,24681,CHI,NAS,30003209,Joey Anderson,shots_on_goal,rf_qrf_shots_on_goal,0.3.0,empirical_qrf,0.015656176156734793,0.012792800194973438,0.01877047178108129,,1041171555324455918,2026-01-10 19:59:51.892059
2026-01-10,24681,CHI,NAS,30003558,Josh Healey,shots_on_goal,rf_qrf_shots_on_goal,0.3.0,empirical_qrf,0.08089693587941472,0.038986685519029105,0.12785351004896864,,1041171555324455918,2026-01-10 19:59:51.892059
2026-01-10,24682,STL,VEG,30000059,Brayden Schenn,shots_on_goal,rf_qrf_shots_on_goal,0.3.0,empirical_qrf,0.07258267195767196,0.0,0.2,,1041171555324455918,2026-01-10 19:59:51.892059
2026-01-10,24682,STL,VEG,30000072,Torey Krug,shots_on_goal,rf_qrf_shots_on_goal,0.3.0,empirical_qrf,0.015656176156734793,0.012792800194973438,0.01877047178108129,,1041171555324455918,2026-01-10 19:59:51.892059
2026-01-10,24682,STL,VEG,30000225,Nick Bjugstad,shots_on_goal,rf_qrf_shots_on_goal,0.3.0,empirical_qrf,0.10549163968842762,0.0,0.25,,1041171555324455918,2026-01-10 19:59:51.892059
2026-01-10,24682,STL,VEG,30000405,Oskar Sundqvist,shots_on_goal,rf_qrf_shots_on_goal,0.3.0,empirical_qrf,0.0,0.0,0.0,,1041171555324455918,2026-01-10 19:59:51.892059
2026-01-10,24682,STL,VEG,30000631,Justin Faulk,shots_on_goal,rf_qrf_shots_on_goal,0.3.0,empirical_qrf,0.0005695151858139974,0.0,0.0,,1041171555324455918,2026-01-10 19:59:51.892059
2026-01-10,24682,STL,VEG,30000666,Jordan Binnington,shots_on_goal,rf_qrf_shots_on_goal,0.3.0,empirical_qrf,0.015656176156734793,0.012792800194973438,0.01877047178108129,,1041171555324455918,2026-01-10 19:59:51.892059
2026-01-10,24682,VEG,STL,30005944,Braeden Bowman,shots_on_goal,rf_qrf_shots_on_goal,0.3.0,empirical_qrf,0.11306763380670233,0.0,0.21291793313069912,,1041171555324455918,2026-01-10 19:59:51.892059
2026-01-10,24682,VEG,STL,30006216,Carter Sotheran,shots_on_goal,rf_qrf_shots_on_goal,0.3.0,empirical_qrf,0.015656176156734793,0.012792800194973438,0.01877047178108129,,1041171555324455918,2026-01-10 19:59:51.892059
2026-01-10,24682,VEG,STL,30006232,Tuomas Uronen,shots_on_goal,rf_qrf_shots_on_goal,0.3.0,empirical_qrf,0.015656176156734793,0.012792800194973438,0.01877047178108129,,1041171555324455918,2026-01-10 19:59:51.892059
2026-01-10,24682,VEG,STL,30006391,Mazden Leslie,shots_on_goal,rf_qrf_shots_on_goal,0.3.0,empirical_qrf,0.015656176156734793,0.012792800194973438,0.01877047178108129,,1041171555324455918,2026-01-10 19:59:51.892059
2026-01-10,24682,STL,VEG,30005641,Jimmy Snuggerud,shots_on_goal,rf_qrf_shots_on_goal,0.3.0,empirical_qrf,0.002599206349206349,0.0,0.0,,1041171555324455918,2026-01-10 19:59:51.892059
2026-01-10,24682,VEG,STL,30005679,Matyas Sapovaliv,shots_on_goal,rf_qrf_shots_on_goal,0.3.0,empirical_qrf,0.011821449780475437,0.00303951367781155,0.021478999528079284,,1041171555324455918,2026-01-10 19:59:51.892059
2026-01-10,24682,VEG,STL,30005795,Ben Hemmerling,shots_on_goal,rf_qrf_shots_on_goal,0.3.0,empirical_qrf,0.08089693587941472,0.038986685519029105,0.12785351004896864,,1041171555324455918,2026-01-10 19:59:51.892059
2026-01-10,24682,VEG,STL,30005809,Joe Fleming,shots_on_goal,rf_qrf_shots_on_goal,0.3.0,empirical_qrf,0.0001111111111111111,0.0,0.0,,1041171555324455918,2026-01-10 19:59:51.892059
2026-01-10,24682,VEG,STL,30005815,Jordan Papirny,shots_on_goal,rf_qrf_shots_on_goal,0.3.0,empirical_qrf,0.015656176156734793,0.012792800194973438,0.01877047178108129,,1041171555324455918,2026-01-10 19:59:51.892059
2026-01-10,24682,VEG,STL,30005829,Christoffer Sedoff,shots_on_goal,rf_qrf_shots_on_goal,0.3.0,empirical_qrf,0.011821449780475437,0.00303951367781155,0.021478999528079284,,1041171555324455918,2026-01-10 19:59:51.892059
2026-01-10,24682,VEG,STL,30005841,Samuel Mayer,shots_on_goal,rf_qrf_shots_on_goal,0.3.0,empirical_qrf,0.015656176156734793,0.012792800194973438,0.01877047178108129,,1041171555324455918,2026-01-10 19:59:51.892059
2026-01-10,24682,VEG,STL,30005106,Jakub Brabenec,shots_on_goal,rf_qrf_shots_on_goal,0.3.0,empirical_qrf,0.19392834806805392,0.0,0.4461538461538465,,1041171555324455918,2026-01-10 19:59:51.892059
2026-01-10,24682,VEG,STL,30005109,Jakub Demek,shots_on_goal,rf_qrf_shots_on_goal,0.3.0,empirical_qrf,0.007618288961162913,0.0,0.015089578326414685,,1041171555324455918,2026-01-10 19:59:51.892059
2026-01-10,24682,VEG,STL,30005112,Jesper Vikman,shots_on_goal,rf_qrf_shots_on_goal,0.3.0,empirical_qrf,0.015656176156734793,0.012792800194973438,0.01877047178108129,,1041171555324455918,2026-01-10 19:59:51.892059
2026-01-10,24682,VEG,STL,30005162,Riley McKay,shots_on_goal,rf_qrf_shots_on_goal,0.3.0,empirical_qrf,0.015656176156734793,0.012792800194973438,0.01877047178108129,,1041171555324455918,2026-01-10 19:59:51.892059
2026-01-10,24682,VEG,STL,30005320,Carl Lindbom,shots_on_goal,rf_qrf_shots_on_goal,0.3.0,empirical_qrf,0.015656176156734793,0.012792800194973438,0.01877047178108129,,1041171555324455918,2026-01-10 19:59:51.892059
2026-01-10,24682,VEG,STL,30005406,Kevin Wall,shots_on_goal,rf_qrf_shots_on_goal,0.3.0,empirical_qrf,0.015656176156734793,0.012792800194973438,0.01877047178108129,,1041171555324455918,2026-01-10 19:59:51.892059
2026-01-10,24682,VEG,STL,30004503,Raphael Lavoie,shots_on_goal,rf_qrf_shots_on_goal,0.3.0,empirical_qrf,0.0,0.0,0.0,,1041171555324455918,2026-01-10 19:59:51.892059
2026-01-10,24682,VEG,STL,30004510,Kaedan Korczak,shots_on_goal,rf_qrf_shots_on_goal,0.3.0,empirical_qrf,0.0,0.0,0.0,,1041171555324455918,2026-01-10 19:59:51.892059
2026-01-10,24682,VEG,STL,30004532,Pavel Dorofeyev,shots_on_goal,rf_qrf_shots_on_goal,0.3.0,empirical_qrf,0.0006666666666666668,0.0,0.0,,1041171555324455918,2026-01-10 19:59:51.892059
2026-01-10,24682,VEG,STL,30004805,Alexander Holtz,shots_on_goal,rf_qrf_shots_on_goal,0.3.0,empirical_qrf,0.031763295829708306,0.0,0.07407407407407407,,1041171555324455918,2026-01-10 19:59:51.892059
2026-01-10,24682,VEG,STL,30004831,Lukas Cormier,shots_on_goal,rf_qrf_shots_on_goal,0.3.0,empirical_qrf,0.08110095143072324,0.0,0.15625,,1041171555324455918,2026-01-10 19:59:51.892059
2026-01-10,24682,VEG,STL,30004947,Cole Reinhardt,shots_on_goal,rf_qrf_shots_on_goal,0.3.0,empirical_qrf,0.08089693587941472,0.038986685519029105,0.12785351004896864,,1041171555324455918,2026-01-10 19:59:51.892059
2026-01-10,24682,VEG,STL,30003396,Dylan Coghlan,shots_on_goal,rf_qrf_shots_on_goal,0.3.0,empirical_qrf,0.0,0.0,0.0,,1041171555324455918,2026-01-10 19:59:51.892059
2026-01-10,24682,VEG,STL,30003924,Jeremy Davies,shots_on_goal,rf_qrf_shots_on_goal,0.3.0,empirical_qrf,0.11825157243908217,0.05714285714285714,0.1875,,1041171555324455918,2026-01-10 19:59:51.892059
2026-01-10,24682,VEG,STL,30003961,Tanner Laczynski,shots_on_goal,rf_qrf_shots_on_goal,0.3.0,empirical_qrf,0.031763295829708306,0.0,0.07407407407407407,,1041171555324455918,2026-01-10 19:59:51.892059
2026-01-10,24682,VEG,STL,30003997,Zach Whitecloud,shots_on_goal,rf_qrf_shots_on_goal,0.3.0,empirical_qrf,0.07753534492786146,0.023391812865497075,0.13815789473684212,,1041171555324455918,2026-01-10 19:59:51.892059
2026-01-10,24682,VEG,STL,30004243,Mitchell McLain,shots_on_goal,rf_qrf_shots_on_goal,0.3.0,empirical_qrf,0.0004419191919191919,0.0,0.0,,1041171555324455918,2026-01-10 19:59:51.892059
2026-01-10,24682,VEG,STL,30004341,Akira Schmid,shots_on_goal,rf_qrf_shots_on_goal,0.3.0,empirical_qrf,0.015656176156734793,0.012792800194973438,0.01877047178108129,,1041171555324455918,2026-01-10 19:59:51.892059
2026-01-10,24682,VEG,STL,30002783,Adin Hill,shots_on_goal,rf_qrf_shots_on_goal,0.3.0,empirical_qrf,0.015656176156734793,0.012792800194973438,0.01877047178108129,,1041171555324455918,2026-01-10 19:59:51.892059
2026-01-10,24682,VEG,STL,30002827,Jeremy Lauzon,shots_on_goal,rf_qrf_shots_on_goal,0.3.0,empirical_qrf,0.007618288961162913,0.0,0.015089578326414685,,1041171555324455918,2026-01-10 19:59:51.892059
2026-01-10,24682,VEG,STL,30003153,Brett Howden,shots_on_goal,rf_qrf_shots_on_goal,0.3.0,empirical_qrf,0.08110095143072324,0.0,0.15625,,1041171555324455918,2026-01-10 19:59:51.892059
2026-01-10,24682,VEG,STL,30003155,Lucas Johansen,shots_on_goal,rf_qrf_shots_on_goal,0.3.0,empirical_qrf,0.015656176156734793,0.012792800194973438,0.01877047178108129,,1041171555324455918,2026-01-10 19:59:51.892059
2026-01-10,24682,VEG,STL,30003166,Carter Hart,shots_on_goal,rf_qrf_shots_on_goal,0.3.0,empirical_qrf,0.0005555555555555556,0.0,0.0,,1041171555324455918,2026-01-10 19:59:51.892059
2026-01-10,24682,VEG,STL,30003342,Mitchell Marner,shots_on_goal,rf_qrf_shots_on_goal,0.3.0,empirical_qrf,0.0,0.0,0.0,,1041171555324455918,2026-01-10 19:59:51.892059
2026-01-10,24682,VEG,STL,30000881,Jaycob Megna,shots_on_goal,rf_qrf_shots_on_goal,0.3.0,empirical_qrf,0.08089693587941472,0.038986685519029105,0.12785351004896864,,1041171555324455918,2026-01-10 19:59:51.892059
2026-01-10,24682,VEG,STL,30000890,Shea Theodore,shots_on_goal,rf_qrf_shots_on_goal,0.3.0,empirical_qrf,0.08597420634920634,0.0,0.0,,1041171555324455918,2026-01-10 19:59:51.892059
2026-01-10,24682,VEG,STL,30000927,Ben Hutton,shots_on_goal,rf_qrf_shots_on_goal,0.3.0,empirical_qrf,0.08427516465016464,0.0,0.3333333333333333,,1041171555324455918,2026-01-10 19:59:51.892059
2026-01-10,24682,VEG,STL,30001229,Brandon Saad,shots_on_goal,rf_qrf_shots_on_goal,0.3.0,empirical_qrf,0.0032563249491784066,0.0,0.0,,1041171555324455918,2026-01-10 19:59:51.892059
2026-01-10,24682,VEG,STL,30001246,Mark Stone,shots_on_goal,rf_qrf_shots_on_goal,0.3.0,empirical_qrf,0.0005695151858139974,0.0,0.0,,1041171555324455918,2026-01-10 19:59:51.892059
2026-01-10,24682,VEG,STL,30002608,Brandon Hickey,shots_on_goal,rf_qrf_shots_on_goal,0.3.0,empirical_qrf,0.015656176156734793,0.012792800194973438,0.01877047178108129,,1041171555324455918,2026-01-10 19:59:51.892059
2026-01-10,24682,VEG,STL,30000422,William Karlsson,shots_on_goal,rf_qrf_shots_on_goal,0.3.0,empirical_qrf,0.0,0.0,0.0,,1041171555324455918,2026-01-10 19:59:51.892059
2026-01-10,24682,VEG,STL,30000496,Jack Eichel,shots_on_goal,rf_qrf_shots_on_goal,0.3.0,empirical_qrf,0.15884126984126984,0.0,0.680000000000003,,1041171555324455918,2026-01-10 19:59:51.892059
2026-01-10,24682,VEG,STL,30000633,Noah Hanifin,shots_on_goal,rf_qrf_shots_on_goal,0.3.0,empirical_qrf,0.002570643798655489,0.0,0.0,,1041171555324455918,2026-01-10 19:59:51.892059
2026-01-10,24682,VEG,STL,30000694,Keegan Kolesar,shots_on_goal,rf_qrf_shots_on_goal,0.3.0,empirical_qrf,0.08089693587941472,0.038986685519029105,0.12785351004896864,,1041171555324455918,2026-01-10 19:59:51.892059
2026-01-10,24682,VEG,STL,30000784,Ivan Barbashev,shots_on_goal,rf_qrf_shots_on_goal,0.3.0,empirical_qrf,0.007386904761904761,0.0,0.0,,1041171555324455918,2026-01-10 19:59:51.892059
2026-01-10,24682,VEG,STL,30000793,Alex Pietrangelo,shots_on_goal,rf_qrf_shots_on_goal,0.3.0,empirical_qrf,0.0010000000000000002,0.0,0.0,,1041171555324455918,2026-01-10 19:59:51.892059
2026-01-10,24682,STL,VEG,30006079,Otto Stenberg,shots_on_goal,rf_qrf_shots_on_goal,0.3.0,empirical_qrf,0.15112896825396827,0.0,0.6666666666666666,,1041171555324455918,2026-01-10 19:59:51.892059
2026-01-10,24682,STL,VEG,30006148,Quinton Burns,shots_on_goal,rf_qrf_shots_on_goal,0.3.0,empirical_qrf,0.08089693587941472,0.038986685519029105,0.12785351004896864,,1041171555324455918,2026-01-10 19:59:51.892059
2026-01-10,24682,VEG,STL,30000080,Reilly Smith,shots_on_goal,rf_qrf_shots_on_goal,0.3.0,empirical_qrf,0.2582079910829911,0.0,0.6666666666666666,,1041171555324455918,2026-01-10 19:59:51.892059
2026-01-10,24682,VEG,STL,30000132,Tomas Hertl,shots_on_goal,rf_qrf_shots_on_goal,0.3.0,empirical_qrf,0.0006666666666666668,0.0,0.0,,1041171555324455918,2026-01-10 19:59:51.892059
2026-01-10,24682,VEG,STL,30000152,Brayden McNabb,shots_on_goal,rf_qrf_shots_on_goal,0.3.0,empirical_qrf,0.11306763380670233,0.0,0.21291793313069912,,1041171555324455918,2026-01-10 19:59:51.892059
2026-01-10,24682,VEG,STL,30000189,Colton Sissons,shots_on_goal,rf_qrf_shots_on_goal,0.3.0,empirical_qrf,0.007618288961162913,0.0,0.015089578326414685,,1041171555324455918,2026-01-10 19:59:51.892059
2026-01-10,24682,STL,VEG,30005136,Will Cranley,shots_on_goal,rf_qrf_shots_on_goal,0.3.0,empirical_qrf,0.015656176156734793,0.012792800194973438,0.01877047178108129,,1041171555324455918,2026-01-10 19:59:51.892059
2026-01-10,24682,STL,VEG,30005160,Carson Gicewicz,shots_on_goal,rf_qrf_shots_on_goal,0.3.0,empirical_qrf,0.009473400455603291,0.0,0.018975486972493714,,1041171555324455918,2026-01-10 19:59:51.892059
2026-01-10,24682,STL,VEG,30005701,Michael Buchinger,shots_on_goal,rf_qrf_shots_on_goal,0.3.0,empirical_qrf,0.08089693587941472,0.038986685519029105,0.12785351004896864,,1041171555324455918,2026-01-10 19:59:51.892059
2026-01-10,24682,STL,VEG,30005737,Marc-Andre Gaudet,shots_on_goal,rf_qrf_shots_on_goal,0.3.0,empirical_qrf,0.015656176156734793,0.012792800194973438,0.01877047178108129,,1041171555324455918,2026-01-10 19:59:51.892059
2026-01-10,24682,STL,VEG,30006051,Georgi Romanov,shots_on_goal,rf_qrf_shots_on_goal,0.3.0,empirical_qrf,0.015656176156734793,0.012792800194973438,0.01877047178108129,,1041171555324455918,2026-01-10 19:59:51.892059
2026-01-10,24682,STL,VEG,30006065,Dalibor Dvorsky,shots_on_goal,rf_qrf_shots_on_goal,0.3.0,empirical_qrf,0.05265209256934423,0.0,0.11764705882352941,,1041171555324455918,2026-01-10 19:59:51.892059
2026-01-10,24682,STL,VEG,30004804,Dylan Holloway,shots_on_goal,rf_qrf_shots_on_goal,0.3.0,empirical_qrf,0.5608356920856921,0.0,1.3333333333333333,,1041171555324455918,2026-01-10 19:59:51.892059
2026-01-10,24682,STL,VEG,30004812,Jake Neighbours,shots_on_goal,rf_qrf_shots_on_goal,0.3.0,empirical_qrf,0.10549163968842762,0.0,0.25,,1041171555324455918,2026-01-10 19:59:51.892059
2026-01-10,24682,STL,VEG,30004859,Leo Loof,shots_on_goal,rf_qrf_shots_on_goal,0.3.0,empirical_qrf,0.07753534492786146,0.023391812865497075,0.13815789473684212,,1041171555324455918,2026-01-10 19:59:51.892059
2026-01-10,24682,STL,VEG,30004941,Matthew Kessel,shots_on_goal,rf_qrf_shots_on_goal,0.3.0,empirical_qrf,0.08897069171310076,0.0,0.1852233676975945,,1041171555324455918,2026-01-10 19:59:51.892059
2026-01-10,24682,STL,VEG,30004999,Logan Mailloux,shots_on_goal,rf_qrf_shots_on_goal,0.3.0,empirical_qrf,0.3186953093203093,0.0,1.2535714285714294,,1041171555324455918,2026-01-10 19:59:51.892059
2026-01-10,24682,STL,VEG,30005010,Zach Dean,shots_on_goal,rf_qrf_shots_on_goal,0.3.0,empirical_qrf,0.009473400455603291,0.0,0.018975486972493714,,1041171555324455918,2026-01-10 19:59:51.892059
2026-01-10,24682,STL,VEG,30004211,Tyler Tucker,shots_on_goal,rf_qrf_shots_on_goal,0.3.0,empirical_qrf,0.05531020191888741,0.013282051282051286,0.0976949879388904,,1041171555324455918,2026-01-10 19:59:51.892059
2026-01-10,24682,STL,VEG,30004355,Samuel Bitten,shots_on_goal,rf_qrf_shots_on_goal,0.3.0,empirical_qrf,0.007618288961162913,0.0,0.015089578326414685,,1041171555324455918,2026-01-10 19:59:51.892059
2026-01-10,24682,STL,VEG,30004362,Hugh McGing,shots_on_goal,rf_qrf_shots_on_goal,0.3.0,empirical_qrf,0.11825157243908217,0.05714285714285714,0.1875,,1041171555324455918,2026-01-10 19:59:51.892059
2026-01-10,24682,STL,VEG,30004495,Philip Broberg,shots_on_goal,rf_qrf_shots_on_goal,0.3.0,empirical_qrf,0.0067777777777777775,0.0,0.0,,1041171555324455918,2026-01-10 19:59:51.892059
2026-01-10,24682,STL,VEG,30004597,Vadim Zherenko,shots_on_goal,rf_qrf_shots_on_goal,0.3.0,empirical_qrf,0.015656176156734793,0.012792800194973438,0.01877047178108129,,1041171555324455918,2026-01-10 19:59:51.892059
2026-01-10,24682,STL,VEG,30004642,Hunter Skinner,shots_on_goal,rf_qrf_shots_on_goal,0.3.0,empirical_qrf,0.0,0.0,0.0,,1041171555324455918,2026-01-10 19:59:51.892059
2026-01-10,24682,STL,VEG,30003659,Robert Thomas,shots_on_goal,rf_qrf_shots_on_goal,0.3.0,empirical_qrf,0.02822222222222222,0.0,0.0,,1041171555324455918,2026-01-10 19:59:51.892059
2026-01-10,24682,STL,VEG,30003766,Alexey Toropchenko,shots_on_goal,rf_qrf_shots_on_goal,0.3.0,empirical_qrf,0.03984565570594982,0.0,0.0,,1041171555324455918,2026-01-10 19:59:51.892059
2026-01-10,24682,STL,VEG,30003899,Pius Suter,shots_on_goal,rf_qrf_shots_on_goal,0.3.0,empirical_qrf,0.011488095238095236,0.0,0.0,,1041171555324455918,2026-01-10 19:59:51.892059
2026-01-10,24682,STL,VEG,30004109,Akil Thomas,shots_on_goal,rf_qrf_shots_on_goal,0.3.0,empirical_qrf,0.08089693587941472,0.038986685519029105,0.12785351004896864,,1041171555324455918,2026-01-10 19:59:51.892059
2026-01-10,24682,STL,VEG,30004111,Jonatan Berggren,shots_on_goal,rf_qrf_shots_on_goal,0.3.0,empirical_qrf,0.051387850687740065,0.0,0.12121212121212122,,1041171555324455918,2026-01-10 19:59:51.892059
2026-01-10,24682,STL,VEG,30004206,Joel Hofer,shots_on_goal,rf_qrf_shots_on_goal,0.3.0,empirical_qrf,0.015656176156734793,0.012792800194973438,0.01877047178108129,,1041171555324455918,2026-01-10 19:59:51.892059
2026-01-10,24682,STL,VEG,30002617,Nathan Walker,shots_on_goal,rf_qrf_shots_on_goal,0.3.0,empirical_qrf,0.00020833333333333335,0.0,0.0,,1041171555324455918,2026-01-10 19:59:51.892059
2026-01-10,24682,STL,VEG,30003032,Mathieu Joseph,shots_on_goal,rf_qrf_shots_on_goal,0.3.0,empirical_qrf,0.004027777777777778,0.0,0.0,,1041171555324455918,2026-01-10 19:59:51.892059
2026-01-10,24682,STL,VEG,30003174,Dillon Dube,shots_on_goal,rf_qrf_shots_on_goal,0.3.0,empirical_qrf,0.015656176156734793,0.012792800194973438,0.01877047178108129,,1041171555324455918,2026-01-10 19:59:51.892059
2026-01-10,24682,STL,VEG,30003186,Jordan Kyrou,shots_on_goal,rf_qrf_shots_on_goal,0.3.0,empirical_qrf,0.8146243386243386,0.0,2.4,,1041171555324455918,2026-01-10 19:59:51.892059
2026-01-10,24682,STL,VEG,30003308,Matt Luff,shots_on_goal,rf_qrf_shots_on_goal,0.3.0,empirical_qrf,0.009473400455603291,0.0,0.018975486972493714,,1041171555324455918,2026-01-10 19:59:51.892059
2026-01-10,24682,STL,VEG,30003617,Calle Rosen,shots_on_goal,rf_qrf_shots_on_goal,0.3.0,empirical_qrf,0.009473400455603291,0.0,0.018975486972493714,,1041171555324455918,2026-01-10 19:59:51.892059
2026-01-10,24682,STL,VEG,30000789,Robby Fabbri,shots_on_goal,rf_qrf_shots_on_goal,0.3.0,empirical_qrf,0.49012888337153043,0.0,1.0,,1041171555324455918,2026-01-10 19:59:51.892059
2026-01-10,24682,STL,VEG,30000792,Colton Parayko,shots_on_goal,rf_qrf_shots_on_goal,0.3.0,empirical_qrf,0.06246759259259259,0.0,0.0,,1041171555324455918,2026-01-10 19:59:51.892059
2026-01-10,24682,STL,VEG,30000891,Chris Wagner,shots_on_goal,rf_qrf_shots_on_goal,0.3.0,empirical_qrf,0.06555643392825437,0.0,0.1509433962264151,,1041171555324455918,2026-01-10 19:59:51.892059
2026-01-10,24682,STL,VEG,30001054,Matthew Peca,shots_on_goal,rf_qrf_shots_on_goal,0.3.0,empirical_qrf,0.015656176156734793,0.012792800194973438,0.01877047178108129,,1041171555324455918,2026-01-10 19:59:51.892059
2026-01-10,24682,STL,VEG,30001207,Cam Fowler,shots_on_goal,rf_qrf_shots_on_goal,0.3.0,empirical_qrf,0.18873234173234174,0.0,0.5,,1041171555324455918,2026-01-10 19:59:51.892059
2026-01-10,24682,STL,VEG,30002530,Pavel Buchnevich,shots_on_goal,rf_qrf_shots_on_goal,0.3.0,empirical_qrf,0.2824017857142857,0.0,1.3333333333333333,,1041171555324455918,2026-01-10 19:59:51.892059
2026-01-10,24683,LA,EDM,30000145,Drew Doughty,shots_on_goal,rf_qrf_shots_on_goal,0.3.0,empirical_qrf,0.10549163968842762,0.0,0.25,,1041171555324455918,2026-01-10 19:59:51.892059
2026-01-10,24683,LA,EDM,30000149,Anze Kopitar,shots_on_goal,rf_qrf_shots_on_goal,0.3.0,empirical_qrf,0.05846912183407217,0.0,0.13333333333333333,,1041171555324455918,2026-01-10 19:59:51.892059
2026-01-10,24683,LA,EDM,30000199,Kevin Fiala,shots_on_goal,rf_qrf_shots_on_goal,0.3.0,empirical_qrf,0.006666666666666667,0.0,0.0,,1041171555324455918,2026-01-10 19:59:51.892059
2026-01-10,24683,LA,EDM,30000476,Cody Ceci,shots_on_goal,rf_qrf_shots_on_goal,0.3.0,empirical_qrf,0.0,0.0,0.0,,1041171555324455918,2026-01-10 19:59:51.892059
2026-01-10,24683,LA,EDM,30000495,Darcy Kuemper,shots_on_goal,rf_qrf_shots_on_goal,0.3.0,empirical_qrf,0.015656176156734793,0.012792800194973438,0.01877047178108129,,1041171555324455918,2026-01-10 19:59:51.892059
2026-01-10,24683,LA,EDM,30000653,Brian Dumoulin,shots_on_goal,rf_qrf_shots_on_goal,0.3.0,empirical_qrf,0.0,0.0,0.0,,1041171555324455918,2026-01-10 19:59:51.892059
2026-01-10,24683,EDM,LA,30005646,Isaac Howard,shots_on_goal,rf_qrf_shots_on_goal,0.3.0,empirical_qrf,0.00020833333333333335,0.0,0.0,,1041171555324455918,2026-01-10 19:59:51.892059
2026-01-10,24683,LA,EDM,30005383,Andre Lee,shots_on_goal,rf_qrf_shots_on_goal,0.3.0,empirical_qrf,0.5589828042328042,0.0,1.2050000000000012,,1041171555324455918,2026-01-10 19:59:51.892059
2026-01-10,24683,LA,EDM,30005565,Taylor Ward,shots_on_goal,rf_qrf_shots_on_goal,0.3.0,empirical_qrf,0.09070634920634921,0.0,0.0,,1041171555324455918,2026-01-10 19:59:51.892059
2026-01-10,24683,LA,EDM,30005426,Cole Guttman,shots_on_goal,rf_qrf_shots_on_goal,0.3.0,empirical_qrf,0.0005695151858139974,0.0,0.0,,1041171555324455918,2026-01-10 19:59:51.892059
2026-01-10,24683,EDM,LA,30005731,Mats Lindgren,shots_on_goal,rf_qrf_shots_on_goal,0.3.0,empirical_qrf,0.015656176156734793,0.012792800194973438,0.01877047178108129,,1041171555324455918,2026-01-10 19:59:51.892059
2026-01-10,24683,EDM,LA,30005931,Brady Stonehouse,shots_on_goal,rf_qrf_shots_on_goal,0.3.0,empirical_qrf,0.015656176156734793,0.012792800194973438,0.01877047178108129,,1041171555324455918,2026-01-10 19:59:51.892059
2026-01-10,24683,EDM,LA,30006112,Beau Akey,shots_on_goal,rf_qrf_shots_on_goal,0.3.0,empirical_qrf,0.005994677013169421,0.0,0.013333333333333334,,1041171555324455918,2026-01-10 19:59:51.892059
2026-01-10,24683,EDM,LA,30006225,Nathaniel Day,shots_on_goal,rf_qrf_shots_on_goal,0.3.0,empirical_qrf,0.015656176156734793,0.012792800194973438,0.01877047178108129,,1041171555324455918,2026-01-10 19:59:51.892059
2026-01-10,24683,EDM,LA,30006327,Matt Brown,shots_on_goal,rf_qrf_shots_on_goal,0.3.0,empirical_qrf,0.015656176156734793,0.012792800194973438,0.01877047178108129,,1041171555324455918,2026-01-10 19:59:51.892059
2026-01-10,24683,EDM,LA,30006393,Connor Clattenburg,shots_on_goal,rf_qrf_shots_on_goal,0.3.0,empirical_qrf,0.0,0.0,0.0,,1041171555324455918,2026-01-10 19:59:51.892059
2026-01-10,24683,EDM,LA,30004625,Mason Millman,shots_on_goal,rf_qrf_shots_on_goal,0.3.0,empirical_qrf,0.24838520296135358,0.06625000000000002,0.4391219512195122,,1041171555324455918,2026-01-10 19:59:51.892059
2026-01-10,24683,EDM,LA,30004871,Luke Prokop,shots_on_goal,rf_qrf_shots_on_goal,0.3.0,empirical_qrf,0.08089693587941472,0.038986685519029105,0.12785351004896864,,1041171555324455918,2026-01-10 19:59:51.892059
2026-01-10,24683,EDM,LA,30005174,Matvey Petrov,shots_on_goal,rf_qrf_shots_on_goal,0.3.0,empirical_qrf,0.015656176156734793,0.012792800194973438,0.01877047178108129,,1041171555324455918,2026-01-10 19:59:51.892059
2026-01-10,24683,EDM,LA,30005177,James Hamblin,shots_on_goal,rf_qrf_shots_on_goal,0.3.0,empirical_qrf,0.009473400455603291,0.0,0.018975486972493714,,1041171555324455918,2026-01-10 19:59:51.892059
2026-01-10,24683,EDM,LA,30005185,Jayden Grubbe,shots_on_goal,rf_qrf_shots_on_goal,0.3.0,empirical_qrf,0.08089693587941472,0.038986685519029105,0.12785351004896864,,1041171555324455918,2026-01-10 19:59:51.892059
2026-01-10,24683,EDM,LA,30005633,Matt Savoie,shots_on_goal,rf_qrf_shots_on_goal,0.3.0,empirical_qrf,0.0,0.0,0.0,,1041171555324455918,2026-01-10 19:59:51.892059
2026-01-10,24683,EDM,LA,30004081,Evan Bouchard,shots_on_goal,rf_qrf_shots_on_goal,0.3.0,empirical_qrf,0.01395238095238095,0.0,0.0,,1041171555324455918,2026-01-10 19:59:51.892059
2026-01-10,24683,EDM,LA,30004156,Alec Regula,shots_on_goal,rf_qrf_shots_on_goal,0.3.0,empirical_qrf,0.08089693587941472,0.038986685519029105,0.12785351004896864,,1041171555324455918,2026-01-10 19:59:51.892059
2026-01-10,24683,EDM,LA,30004165,Ty Emberson,shots_on_goal,rf_qrf_shots_on_goal,0.3.0,empirical_qrf,0.0,0.0,0.0,,1041171555324455918,2026-01-10 19:59:51.892059
2026-01-10,24683,EDM,LA,30004370,Spencer Stastney,shots_on_goal,rf_qrf_shots_on_goal,0.3.0,empirical_qrf,0.011821449780475437,0.00303951367781155,0.021478999528079284,,1041171555324455918,2026-01-10 19:59:51.892059
2026-01-10,24683,EDM,LA,30004476,Vasily Podkolzin,shots_on_goal,rf_qrf_shots_on_goal,0.3.0,empirical_qrf,0.04346097883597884,0.0,0.11250000000000031,,1041171555324455918,2026-01-10 19:59:51.892059
2026-01-10,24683,EDM,LA,30004490,Sam Poulin,shots_on_goal,rf_qrf_shots_on_goal,0.3.0,empirical_qrf,0.07753534492786146,0.023391812865497075,0.13815789473684212,,1041171555324455918,2026-01-10 19:59:51.892059
2026-01-10,24683,EDM,LA,30002824,Jack Roslovic,shots_on_goal,rf_qrf_shots_on_goal,0.3.0,empirical_qrf,0.08089693587941472,0.038986685519029105,0.12785351004896864,,1041171555324455918,2026-01-10 19:59:51.892059
2026-01-10,24683,EDM,LA,30003142,Max Jones,shots_on_goal,rf_qrf_shots_on_goal,0.3.0,empirical_qrf,0.009473400455603291,0.0,0.018975486972493714,,1041171555324455918,2026-01-10 19:59:51.892059
2026-01-10,24683,EDM,LA,30003157,Trent Frederic,shots_on_goal,rf_qrf_shots_on_goal,0.3.0,empirical_qrf,0.0,0.0,0.0,,1041171555324455918,2026-01-10 19:59:51.892059
2026-01-10,24683,EDM,LA,30003211,Rem Pitlick,shots_on_goal,rf_qrf_shots_on_goal,0.3.0,empirical_qrf,0.015656176156734793,0.012792800194973438,0.01877047178108129,,1041171555324455918,2026-01-10 19:59:51.892059
2026-01-10,24683,EDM,LA,30003345,Riley Stillman,shots_on_goal,rf_qrf_shots_on_goal,0.3.0,empirical_qrf,0.0,0.0,0.0,,1041171555324455918,2026-01-10 19:59:51.892059
2026-01-10,24683,EDM,LA,30003770,Matt Tomkins,shots_on_goal,rf_qrf_shots_on_goal,0.3.0,empirical_qrf,0.015656176156734793,0.012792800194973438,0.01877047178108129,,1041171555324455918,2026-01-10 19:59:51.892059
2026-01-10,24683,EDM,LA,30001233,Connor McDavid,shots_on_goal,rf_qrf_shots_on_goal,0.3.0,empirical_qrf,0.0025555555555555553,0.0,0.0,,1041171555324455918,2026-01-10 19:59:51.892059
2026-01-10,24683,EDM,LA,30001304,Calvin Pickard,shots_on_goal,rf_qrf_shots_on_goal,0.3.0,empirical_qrf,0.015656176156734793,0.012792800194973438,0.01877047178108129,,1041171555324455918,2026-01-10 19:59:51.892059
2026-01-10,24683,EDM,LA,30001368,Seth Griffith,shots_on_goal,rf_qrf_shots_on_goal,0.3.0,empirical_qrf,0.015656176156734793,0.012792800194973438,0.01877047178108129,,1041171555324455918,2026-01-10 19:59:51.892059
2026-01-10,24683,EDM,LA,30002218,Andrew Mangiapane,shots_on_goal,rf_qrf_shots_on_goal,0.3.0,empirical_qrf,0.0,0.0,0.0,,1041171555324455918,2026-01-10 19:59:51.892059
2026-01-10,24683,EDM,LA,30002623,Jake Walman,shots_on_goal,rf_qrf_shots_on_goal,0.3.0,empirical_qrf,0.18873234173234174,0.0,0.5,,1041171555324455918,2026-01-10 19:59:51.892059
2026-01-10,24683,EDM,LA,30002787,Connor Ingram,shots_on_goal,rf_qrf_shots_on_goal,0.3.0,empirical_qrf,0.015656176156734793,0.012792800194973438,0.01877047178108129,,1041171555324455918,2026-01-10 19:59:51.892059
2026-01-10,24683,EDM,LA,30000540,Ryan Nugent-Hopkins,shots_on_goal,rf_qrf_shots_on_goal,0.3.0,empirical_qrf,0.0,0.0,0.0,,1041171555324455918,2026-01-10 19:59:51.892059
2026-01-10,24683,EDM,LA,30000549,Darnell Nurse,shots_on_goal,rf_qrf_shots_on_goal,0.3.0,empirical_qrf,0.015833333333333335,0.0,0.0,,1041171555324455918,2026-01-10 19:59:51.892059
2026-01-10,24683,EDM,LA,30000752,Mattias Janmark,shots_on_goal,rf_qrf_shots_on_goal,0.3.0,empirical_qrf,0.009473400455603291,0.0,0.018975486972493714,,1041171555324455918,2026-01-10 19:59:51.892059
2026-01-10,24683,EDM,LA,30000965,Curtis Lazar,shots_on_goal,rf_qrf_shots_on_goal,0.3.0,empirical_qrf,0.009473400455603291,0.0,0.018975486972493714,,1041171555324455918,2026-01-10 19:59:51.892059
2026-01-10,24683,EDM,LA,30000987,Adam Henrique,shots_on_goal,rf_qrf_shots_on_goal,0.3.0,empirical_qrf,0.0032563249491784066,0.0,0.0,,1041171555324455918,2026-01-10 19:59:51.892059
2026-01-10,24683,EDM,LA,30001076,Leon Draisaitl,shots_on_goal,rf_qrf_shots_on_goal,0.3.0,empirical_qrf,0.025746031746031742,0.0,0.0,,1041171555324455918,2026-01-10 19:59:51.892059
2026-01-10,24683,LA,EDM,30006386,Tate Singleton,shots_on_goal,rf_qrf_shots_on_goal,0.3.0,empirical_qrf,0.015656176156734793,0.012792800194973438,0.01877047178108129,,1041171555324455918,2026-01-10 19:59:51.892059
2026-01-10,24683,EDM,LA,30000180,Josh Brown,shots_on_goal,rf_qrf_shots_on_goal,0.3.0,empirical_qrf,0.009473400455603291,0.0,0.018975486972493714,,1041171555324455918,2026-01-10 19:59:51.892059
2026-01-10,24683,EDM,LA,30000250,Mattias Ekholm,shots_on_goal,rf_qrf_shots_on_goal,0.3.0,empirical_qrf,0.2582079910829911,0.0,0.6666666666666666,,1041171555324455918,2026-01-10 19:59:51.892059
2026-01-10,24683,EDM,LA,30000392,Tristan Jarry,shots_on_goal,rf_qrf_shots_on_goal,0.3.0,empirical_qrf,0.015656176156734793,0.012792800194973438,0.01877047178108129,,1041171555324455918,2026-01-10 19:59:51.892059
2026-01-10,24683,EDM,LA,30000440,Zach Hyman,shots_on_goal,rf_qrf_shots_on_goal,0.3.0,empirical_qrf,0.015656176156734793,0.012792800194973438,0.01877047178108129,,1041171555324455918,2026-01-10 19:59:51.892059
2026-01-10,24683,EDM,LA,30000443,Kasperi Kapanen,shots_on_goal,rf_qrf_shots_on_goal,0.3.0,empirical_qrf,0.030318828680897643,0.0,0.0,,1041171555324455918,2026-01-10 19:59:51.892059
2026-01-10,24683,LA,EDM,30005322,Isaiah Saville,shots_on_goal,rf_qrf_shots_on_goal,0.3.0,empirical_qrf,0.0,0.0,0.0,,1041171555324455918,2026-01-10 19:59:51.892059
2026-01-10,24683,LA,EDM,30005610,Andrei Kuzmenko,shots_on_goal,rf_qrf_shots_on_goal,0.3.0,empirical_qrf,0.00023692810457516338,0.0,0.0,,1041171555324455918,2026-01-10 19:59:51.892059
2026-01-10,24683,LA,EDM,30005710,Angus Booth,shots_on_goal,rf_qrf_shots_on_goal,0.3.0,empirical_qrf,0.015656176156734793,0.012792800194973438,0.01877047178108129,,1041171555324455918,2026-01-10 19:59:51.892059
2026-01-10,24683,LA,EDM,30006113,Jakub Dvorak,shots_on_goal,rf_qrf_shots_on_goal,0.3.0,empirical_qrf,0.02700097663957348,0.0,0.06389842141386412,,1041171555324455918,2026-01-10 19:59:51.892059
2026-01-10,24683,LA,EDM,30006140,Koehn Ziemmer,shots_on_goal,rf_qrf_shots_on_goal,0.3.0,empirical_qrf,0.015656176156734793,0.012792800194973438,0.01877047178108129,,1041171555324455918,2026-01-10 19:59:51.892059
2026-01-10,24683,LA,EDM,30006349,Jacob Modry,shots_on_goal,rf_qrf_shots_on_goal,0.3.0,empirical_qrf,0.015656176156734793,0.012792800194973438,0.01877047178108129,,1041171555324455918,2026-01-10 19:59:51.892059
2026-01-10,24683,LA,EDM,30004856,Alex Laferriere,shots_on_goal,rf_qrf_shots_on_goal,0.3.0,empirical_qrf,0.42414021164021165,0.0,2.0,,1041171555324455918,2026-01-10 19:59:51.892059
2026-01-10,24683,LA,EDM,30004969,Jeff Malott,shots_on_goal,rf_qrf_shots_on_goal,0.3.0,empirical_qrf,0.13244193769193768,0.0,0.33636363636363703,,1041171555324455918,2026-01-10 19:59:51.892059
2026-01-10,24683,LA,EDM,30004994,Brandt Clarke,shots_on_goal,rf_qrf_shots_on_goal,0.3.0,empirical_qrf,0.0004166666666666667,0.0,0.0,,1041171555324455918,2026-01-10 19:59:51.892059
2026-01-10,24683,LA,EDM,30005015,Francesco Pinelli,shots_on_goal,rf_qrf_shots_on_goal,0.3.0,empirical_qrf,0.011821449780475437,0.00303951367781155,0.021478999528079284,,1041171555324455918,2026-01-10 19:59:51.892059
2026-01-10,24683,LA,EDM,30005039,Samuel Helenius,shots_on_goal,rf_qrf_shots_on_goal,0.3.0,empirical_qrf,0.05531020191888741,0.013282051282051286,0.0976949879388904,,1041171555324455918,2026-01-10 19:59:51.892059
2026-01-10,24683,LA,EDM,30005087,Kaleb Lawrence,shots_on_goal,rf_qrf_shots_on_goal,0.3.0,empirical_qrf,0.015656176156734793,0.012792800194973438,0.01877047178108129,,1041171555324455918,2026-01-10 19:59:51.892059
2026-01-10,24683,LA,EDM,30004321,Jacob Ingham,shots_on_goal,rf_qrf_shots_on_goal,0.3.0,empirical_qrf,0.015656176156734793,0.012792800194973438,0.01877047178108129,,1041171555324455918,2026-01-10 19:59:51.892059
2026-01-10,24683,LA,EDM,30004436,Mikey Anderson,shots_on_goal,rf_qrf_shots_on_goal,0.3.0,empirical_qrf,0.03172804316035329,0.0,0.07692307692307693,,1041171555324455918,2026-01-10 19:59:51.892059
2026-01-10,24683,LA,EDM,30004473,Alex Turcotte,shots_on_goal,rf_qrf_shots_on_goal,0.3.0,empirical_qrf,0.014277777777777778,0.0,0.0,,1041171555324455918,2026-01-10 19:59:51.892059
2026-01-10,24683,LA,EDM,30004516,Nikita Alexandrov,shots_on_goal,rf_qrf_shots_on_goal,0.3.0,empirical_qrf,0.03755749656820808,0.0,0.09090909090909091,,1041171555324455918,2026-01-10 19:59:51.892059
2026-01-10,24683,LA,EDM,30004571,Erik Portillo,shots_on_goal,rf_qrf_shots_on_goal,0.3.0,empirical_qrf,0.015656176156734793,0.012792800194973438,0.01877047178108129,,1041171555324455918,2026-01-10 19:59:51.892059
2026-01-10,24683,LA,EDM,30004798,Quinton Byfield,shots_on_goal,rf_qrf_shots_on_goal,0.3.0,empirical_qrf,0.0030317460317460317,0.0,0.0,,1041171555324455918,2026-01-10 19:59:51.892059
2026-01-10,24683,LA,EDM,30002582,Adrian Kempe,shots_on_goal,rf_qrf_shots_on_goal,0.3.0,empirical_qrf,0.06085858585858586,0.0,0.25,,1041171555324455918,2026-01-10 19:59:51.892059
2026-01-10,24683,LA,EDM,30002611,Warren Foegele,shots_on_goal,rf_qrf_shots_on_goal,0.3.0,empirical_qrf,0.0,0.0,0.0,,1041171555324455918,2026-01-10 19:59:51.892059
2026-01-10,24683,LA,EDM,30002703,Kyle Burroughs,shots_on_goal,rf_qrf_shots_on_goal,0.3.0,empirical_qrf,0.19992961584912047,0.0,0.4444444444444444,,1041171555324455918,2026-01-10 19:59:51.892059
2026-01-10,24683,LA,EDM,30003232,Jacob Moverare,shots_on_goal,rf_qrf_shots_on_goal,0.3.0,empirical_qrf,0.0,0.0,0.0,,1041171555324455918,2026-01-10 19:59:51.892059
2026-01-10,24683,LA,EDM,30003236,Trevor Moore,shots_on_goal,rf_qrf_shots_on_goal,0.3.0,empirical_qrf,0.18975925925925927,0.0,1.0,,1041171555324455918,2026-01-10 19:59:51.892059
2026-01-10,24683,LA,EDM,30003508,John Parker-Jones,shots_on_goal,rf_qrf_shots_on_goal,0.3.0,empirical_qrf,0.015656176156734793,0.012792800194973438,0.01877047178108129,,1041171555324455918,2026-01-10 19:59:51.892059
2026-01-10,24683,LA,EDM,30000668,Anton Forsberg,shots_on_goal,rf_qrf_shots_on_goal,0.3.0,empirical_qrf,0.015656176156734793,0.012792800194973438,0.01877047178108129,,1041171555324455918,2026-01-10 19:59:51.892059
2026-01-10,24683,LA,EDM,30000675,Joel Edmundson,shots_on_goal,rf_qrf_shots_on_goal,0.3.0,empirical_qrf,0.051387850687740065,0.0,0.12121212121212122,,1041171555324455918,2026-01-10 19:59:51.892059
2026-01-10,24683,LA,EDM,30000770,Pheonix Copley,shots_on_goal,rf_qrf_shots_on_goal,0.3.0,empirical_qrf,0.015656176156734793,0.012792800194973438,0.01877047178108129,,1041171555324455918,2026-01-10 19:59:51.892059
2026-01-10,24683,LA,EDM,30000788,Jacob Doty,shots_on_goal,rf_qrf_shots_on_goal,0.3.0,empirical_qrf,0.015656176156734793,0.012792800194973438,0.01877047178108129,,1041171555324455918,2026-01-10 19:59:51.892059
2026-01-10,24683,LA,EDM,30000818,Joel Armia,shots_on_goal,rf_qrf_shots_on_goal,0.3.0,empirical_qrf,0.0,0.0,0.0,,1041171555324455918,2026-01-10 19:59:51.892059
2026-01-10,24683,LA,EDM,30001265,Corey Perry,shots_on_goal,rf_qrf_shots_on_goal,0.3.0,empirical_qrf,0.3518981481481481,0.0,1.3333333333333333,,1041171555324455918,2026-01-10 19:59:51.892059
2026-01-10,24670,NYR,BOS,,,total_goals,ets_sum_team_goals,0.3.0,ets_sum,15.507593647337593,0.0,0.0,,1041171555324455918,2026-01-10 19:59:52.534935
2026-01-10,24671,CGY,PIT,,,total_goals,ets_sum_team_goals,0.3.0,ets_sum,14.78501752495023,0.0,0.0,,1041171555324455918,2026-01-10 19:59:52.535098
2026-01-10,24672,DAL,SJ,,,total_goals,ets_sum_team_goals,0.3.0,ets_sum,15.597069235993413,0.0,0.0,,1041171555324455918,2026-01-10 19:59:52.535237
2026-01-10,24673,CBJ,COL,,,total_goals,ets_sum_team_goals,0.3.0,ets_sum,16.72976042363978,0.0,0.0,,1041171555324455918,2026-01-10 19:59:52.535376
2026-01-10,24674,VAN,TOR,,,total_goals,ets_sum_team_goals,0.3.0,ets_sum,16.344726321278447,0.0,0.0,,1041171555324455918,2026-01-10 19:59:52.535530
2026-01-10,24675,TB,PHI,,,total_goals,ets_sum_team_goals,0.3.0,ets_sum,16.777876355388152,0.0,0.0,,1041171555324455918,2026-01-10 19:59:52.535659
2026-01-10,24676,FLA,OTT,,,total_goals,ets_sum_team_goals,0.3.0,ets_sum,15.722554924531185,0.0,0.0,,1041171555324455918,2026-01-10 19:59:52.535781
2026-01-10,24677,DET,MON,,,total_goals,ets_sum_team_goals,0.3.0,ets_sum,15.804287977948555,0.0,0.0,,1041171555324455918,2026-01-10 19:59:52.535906
2026-01-10,24678,SEA,CAR,,,total_goals,ets_sum_team_goals,0.3.0,ets_sum,15.021770127598861,0.0,0.0,,1041171555324455918,2026-01-10 19:59:52.536028
2026-01-10,24679,ANA,BUF,,,total_goals,ets_sum_team_goals,0.3.0,ets_sum,16.402606835607166,0.0,0.0,,1041171555324455918,2026-01-10 19:59:52.536149
2026-01-10,24680,NYI,MIN,,,total_goals,ets_sum_team_goals,0.3.0,ets_sum,13.58675752100892,0.0,0.0,,1041171555324455918,2026-01-10 19:59:52.536269
2026-01-10,24681,CHI,NAS,,,total_goals,ets_sum_team_goals,0.3.0,ets_sum,14.055258697061308,0.0,0.0,,1041171555324455918,2026-01-10 19:59:52.536404
2026-01-10,24682,STL,VEG,,,total_goals,ets_sum_team_goals,0.3.0,ets_sum,15.72560919735725,0.0,0.0,,1041171555324455918,2026-01-10 19:59:52.536528
2026-01-10,24683,LA,EDM,,,total_goals,ets_sum_team_goals,0.3.0,ets_sum,17.172645964597045,0.0,0.0,,1041171555324455918,2026-01-10 19:59:52.536648
