date,game_id,team,opponent,player_id,name,target,model_name,model_version,distribution,lambda_or_mu,q10,q90,p_ge_k_json,run_id,created_ts
2025-12-22,24544,STL,TB,30000059,Brayden Schenn,points,rf_qrf_points,0.3.0,empirical_qrf,0.024647486772486772,0.0,0.0,,3296292142393253561,2025-12-22 15:34:37.604422
2025-12-22,24544,STL,TB,30000072,Torey Krug,points,rf_qrf_points,0.3.0,empirical_qrf,0.008001810528327363,0.006342303214143457,0.009674820591465402,,3296292142393253561,2025-12-22 15:34:37.604422
2025-12-22,24544,STL,TB,30000225,Nick Bjugstad,points,rf_qrf_points,0.3.0,empirical_qrf,0.0,0.0,0.0,,3296292142393253561,2025-12-22 15:34:37.604422
2025-12-22,24544,STL,TB,30000405,Oskar Sundqvist,points,rf_qrf_points,0.3.0,empirical_qrf,0.0,0.0,0.0,,3296292142393253561,2025-12-22 15:34:37.604422
2025-12-22,24544,STL,TB,30000631,Justin Faulk,points,rf_qrf_points,0.3.0,empirical_qrf,0.0,0.0,0.0,,3296292142393253561,2025-12-22 15:34:37.604422
2025-12-22,24544,STL,TB,30000666,Jordan Binnington,points,rf_qrf_points,0.3.0,empirical_qrf,0.008001810528327363,0.006342303214143457,0.009674820591465402,,3296292142393253561,2025-12-22 15:34:37.604422
2025-12-22,24544,STL,TB,30003174,Dillon Dube,points,rf_qrf_points,0.3.0,empirical_qrf,0.008001810528327363,0.006342303214143457,0.009674820591465402,,3296292142393253561,2025-12-22 15:34:37.604422
2025-12-22,24544,STL,TB,30000789,Robby Fabbri,points,rf_qrf_points,0.3.0,empirical_qrf,0.00235455747955748,0.0,0.0,,3296292142393253561,2025-12-22 15:34:37.604422
2025-12-22,24544,STL,TB,30006079,Otto Stenberg,points,rf_qrf_points,0.3.0,empirical_qrf,0.011805971805971807,0.0,0.0,,3296292142393253561,2025-12-22 15:34:37.604422
2025-12-22,24544,STL,TB,30004111,Jonatan Berggren,points,rf_qrf_points,0.3.0,empirical_qrf,0.02385660115394995,0.0,0.058823529411764705,,3296292142393253561,2025-12-22 15:34:37.604422
2025-12-22,24544,TB,STL,30005920,Dominic James,points,rf_qrf_points,0.3.0,empirical_qrf,0.0,0.0,0.0,,3296292142393253561,2025-12-22 15:34:37.604422
2025-12-22,24544,TB,STL,30006012,Daniel Walker,points,rf_qrf_points,0.3.0,empirical_qrf,0.008001810528327363,0.006342303214143457,0.009674820591465402,,3296292142393253561,2025-12-22 15:34:37.604422
2025-12-22,24544,TB,STL,30006096,Ethan Gauthier,points,rf_qrf_points,0.3.0,empirical_qrf,0.0,0.0,0.0,,3296292142393253561,2025-12-22 15:34:37.604422
2025-12-22,24544,TB,STL,30006311,Tristan Allard,points,rf_qrf_points,0.3.0,empirical_qrf,0.0,0.0,0.0,,3296292142393253561,2025-12-22 15:34:37.604422
2025-12-22,24544,TB,STL,30006313,Gabriel Szturc,points,rf_qrf_points,0.3.0,empirical_qrf,0.04004220402659864,0.010526315789473684,0.0707070707070707,,3296292142393253561,2025-12-22 15:34:37.604422
2025-12-22,24544,TB,STL,30006329,Brendan Furry,points,rf_qrf_points,0.3.0,empirical_qrf,0.0,0.0,0.0,,3296292142393253561,2025-12-22 15:34:37.604422
2025-12-22,24544,TB,STL,30005054,Matteo Pietroniro,points,rf_qrf_points,0.3.0,empirical_qrf,0.008001810528327363,0.006342303214143457,0.009674820591465402,,3296292142393253561,2025-12-22 15:34:37.604422
2025-12-22,24544,TB,STL,30005366,Emil Lilleberg,points,rf_qrf_points,0.3.0,empirical_qrf,0.009962301587301587,0.0,0.0,,3296292142393253561,2025-12-22 15:34:37.604422
2025-12-22,24544,TB,STL,30005421,Maxwell Crozier,points,rf_qrf_points,0.3.0,empirical_qrf,0.0,0.0,0.0,,3296292142393253561,2025-12-22 15:34:37.604422
2025-12-22,24544,TB,STL,30005562,Declan Carlile,points,rf_qrf_points,0.3.0,empirical_qrf,0.0,0.0,0.0,,3296292142393253561,2025-12-22 15:34:37.604422
2025-12-22,24544,TB,STL,30005740,Dyllan Gill,points,rf_qrf_points,0.3.0,empirical_qrf,0.008001810528327363,0.006342303214143457,0.009674820591465402,,3296292142393253561,2025-12-22 15:34:37.604422
2025-12-22,24544,TB,STL,30005768,Tommy Miller,points,rf_qrf_points,0.3.0,empirical_qrf,0.07881613756613756,0.0,0.5,,3296292142393253561,2025-12-22 15:34:37.604422
2025-12-22,24544,TB,STL,30004754,Mitchell Chaffee,points,rf_qrf_points,0.3.0,empirical_qrf,0.20738149350649351,0.0,0.5,,3296292142393253561,2025-12-22 15:34:37.604422
2025-12-22,24544,TB,STL,30004836,Jack Finley,points,rf_qrf_points,0.3.0,empirical_qrf,0.03087250855052415,0.011235955056179775,0.05334759358288771,,3296292142393253561,2025-12-22 15:34:37.604422
2025-12-22,24544,TB,STL,30004838,Gage Goncalves,points,rf_qrf_points,0.3.0,empirical_qrf,0.000625,0.0,0.0,,3296292142393253561,2025-12-22 15:34:37.604422
2025-12-22,24544,TB,STL,30004840,Maxim Groshev,points,rf_qrf_points,0.3.0,empirical_qrf,0.024647486772486772,0.0,0.0,,3296292142393253561,2025-12-22 15:34:37.604422
2025-12-22,24544,TB,STL,30004974,Pontus Holmberg,points,rf_qrf_points,0.3.0,empirical_qrf,0.0029781460941806603,0.0,0.0064516129032258064,,3296292142393253561,2025-12-22 15:34:37.604422
2025-12-22,24544,TB,STL,30005044,J.J. Moser,points,rf_qrf_points,0.3.0,empirical_qrf,0.0,0.0,0.0,,3296292142393253561,2025-12-22 15:34:37.604422
2025-12-22,24544,TB,STL,30004182,Curtis Douglas,points,rf_qrf_points,0.3.0,empirical_qrf,0.009430645200745163,0.0,0.019184652278177457,,3296292142393253561,2025-12-22 15:34:37.604422
2025-12-22,24544,TB,STL,30004280,Joel Teasdale,points,rf_qrf_points,0.3.0,empirical_qrf,0.009430645200745163,0.0,0.019184652278177457,,3296292142393253561,2025-12-22 15:34:37.604422
2025-12-22,24544,TB,STL,30004487,Jakob Pelletier,points,rf_qrf_points,0.3.0,empirical_qrf,0.006859282601929661,0.0,0.0,,3296292142393253561,2025-12-22 15:34:37.604422
2025-12-22,24544,TB,STL,30004540,Reece Newkirk,points,rf_qrf_points,0.3.0,empirical_qrf,0.005826696451696451,0.0,0.0,,3296292142393253561,2025-12-22 15:34:37.604422
2025-12-22,24544,TB,STL,30004567,Simon Lundmark,points,rf_qrf_points,0.3.0,empirical_qrf,0.0,0.0,0.0,,3296292142393253561,2025-12-22 15:34:37.604422
2025-12-22,24544,TB,STL,30004631,Charle-Edouard D'Astous,points,rf_qrf_points,0.3.0,empirical_qrf,0.024600834193134188,0.0,0.046511627906976744,,3296292142393253561,2025-12-22 15:34:37.604422
2025-12-22,24544,TB,STL,30002821,Erik Cernak,points,rf_qrf_points,0.3.0,empirical_qrf,0.0,0.0,0.0,,3296292142393253561,2025-12-22 15:34:37.604422
2025-12-22,24544,TB,STL,30002845,Anthony Cirelli,points,rf_qrf_points,0.3.0,empirical_qrf,0.27232477381006787,0.0,0.6666666666666666,,3296292142393253561,2025-12-22 15:34:37.604422
2025-12-22,24544,TB,STL,30002974,Kale Kessy,points,rf_qrf_points,0.3.0,empirical_qrf,0.009430645200745163,0.0,0.019184652278177457,,3296292142393253561,2025-12-22 15:34:37.604422
2025-12-22,24544,TB,STL,30003167,Boris Katchouk,points,rf_qrf_points,0.3.0,empirical_qrf,0.0,0.0,0.0,,3296292142393253561,2025-12-22 15:34:37.604422
2025-12-22,24544,TB,STL,30003250,Brandon Hagel,points,rf_qrf_points,0.3.0,empirical_qrf,0.0,0.0,0.0,,3296292142393253561,2025-12-22 15:34:37.604422
2025-12-22,24544,TB,STL,30003478,Darren Raddysh,points,rf_qrf_points,0.3.0,empirical_qrf,0.04873148148148149,0.0,0.0,,3296292142393253561,2025-12-22 15:34:37.604422
2025-12-22,24544,TB,STL,30001377,Andrei Vasilevskiy,points,rf_qrf_points,0.3.0,empirical_qrf,0.008001810528327363,0.006342303214143457,0.009674820591465402,,3296292142393253561,2025-12-22 15:34:37.604422
2025-12-22,24544,TB,STL,30002516,Steven Santini,points,rf_qrf_points,0.3.0,empirical_qrf,0.011105890725335918,0.0,0.025,,3296292142393253561,2025-12-22 15:34:37.604422
2025-12-22,24544,TB,STL,30002532,Jake Guentzel,points,rf_qrf_points,0.3.0,empirical_qrf,0.05125,0.0,0.0,,3296292142393253561,2025-12-22 15:34:37.604422
2025-12-22,24544,TB,STL,30002549,Scott Sabourin,points,rf_qrf_points,0.3.0,empirical_qrf,0.011105890725335918,0.0,0.025,,3296292142393253561,2025-12-22 15:34:37.604422
2025-12-22,24544,TB,STL,30002604,Brandon Halverson,points,rf_qrf_points,0.3.0,empirical_qrf,0.008001810528327363,0.006342303214143457,0.009674820591465402,,3296292142393253561,2025-12-22 15:34:37.604422
2025-12-22,24544,TB,STL,30002606,Jonas Johansson,points,rf_qrf_points,0.3.0,empirical_qrf,0.008001810528327363,0.006342303214143457,0.009674820591465402,,3296292142393253561,2025-12-22 15:34:37.604422
2025-12-22,24544,TB,STL,30000502,Zemgus Girgensons,points,rf_qrf_points,0.3.0,empirical_qrf,0.0,0.0,0.0,,3296292142393253561,2025-12-22 15:34:37.604422
2025-12-22,24544,TB,STL,30000737,Victor Hedman,points,rf_qrf_points,0.3.0,empirical_qrf,0.00015151515151515152,0.0,0.0,,3296292142393253561,2025-12-22 15:34:37.604422
2025-12-22,24544,TB,STL,30000742,Brayden Point,points,rf_qrf_points,0.3.0,empirical_qrf,0.0008333333333333334,0.0,0.0,,3296292142393253561,2025-12-22 15:34:37.604422
2025-12-22,24544,TB,STL,30001047,Nikita Kucherov,points,rf_qrf_points,0.3.0,empirical_qrf,0.03924999999999999,0.0,0.0,,3296292142393253561,2025-12-22 15:34:37.604422
2025-12-22,24544,TB,STL,30001084,Ryan McDonagh,points,rf_qrf_points,0.3.0,empirical_qrf,0.0,0.0,0.0,,3296292142393253561,2025-12-22 15:34:37.604422
2025-12-22,24544,TB,STL,30001178,Yanni Gourde,points,rf_qrf_points,0.3.0,empirical_qrf,0.04004220402659864,0.010526315789473684,0.0707070707070707,,3296292142393253561,2025-12-22 15:34:37.604422
2025-12-22,24544,STL,TB,30005737,Marc-Andre Gaudet,points,rf_qrf_points,0.3.0,empirical_qrf,0.008001810528327363,0.006342303214143457,0.009674820591465402,,3296292142393253561,2025-12-22 15:34:37.604422
2025-12-22,24544,STL,TB,30006051,Georgi Romanov,points,rf_qrf_points,0.3.0,empirical_qrf,0.008001810528327363,0.006342303214143457,0.009674820591465402,,3296292142393253561,2025-12-22 15:34:37.604422
2025-12-22,24544,STL,TB,30006065,Dalibor Dvorsky,points,rf_qrf_points,0.3.0,empirical_qrf,0.0,0.0,0.0,,3296292142393253561,2025-12-22 15:34:37.604422
2025-12-22,24544,STL,TB,30006148,Quinton Burns,points,rf_qrf_points,0.3.0,empirical_qrf,0.01823654105851025,0.0077235602094240996,0.030316205533596843,,3296292142393253561,2025-12-22 15:34:37.604422
2025-12-22,24544,TB,STL,30000428,Oliver Bjorkstrand,points,rf_qrf_points,0.3.0,empirical_qrf,0.0015,0.0,0.0,,3296292142393253561,2025-12-22 15:34:37.604422
2025-12-22,24544,TB,STL,30000477,Nick Paul,points,rf_qrf_points,0.3.0,empirical_qrf,0.02861906611906612,0.0,0.14285714285714285,,3296292142393253561,2025-12-22 15:34:37.604422
2025-12-22,24544,STL,TB,30004941,Matthew Kessel,points,rf_qrf_points,0.3.0,empirical_qrf,0.04004220402659864,0.010526315789473684,0.0707070707070707,,3296292142393253561,2025-12-22 15:34:37.604422
2025-12-22,24544,STL,TB,30004999,Logan Mailloux,points,rf_qrf_points,0.3.0,empirical_qrf,0.005826696451696451,0.0,0.0,,3296292142393253561,2025-12-22 15:34:37.604422
2025-12-22,24544,STL,TB,30005010,Zach Dean,points,rf_qrf_points,0.3.0,empirical_qrf,0.0,0.0,0.0,,3296292142393253561,2025-12-22 15:34:37.604422
2025-12-22,24544,STL,TB,30005136,Will Cranley,points,rf_qrf_points,0.3.0,empirical_qrf,0.008001810528327363,0.006342303214143457,0.009674820591465402,,3296292142393253561,2025-12-22 15:34:37.604422
2025-12-22,24544,STL,TB,30005160,Carson Gicewicz,points,rf_qrf_points,0.3.0,empirical_qrf,0.0,0.0,0.0,,3296292142393253561,2025-12-22 15:34:37.604422
2025-12-22,24544,STL,TB,30005701,Michael Buchinger,points,rf_qrf_points,0.3.0,empirical_qrf,0.01823654105851025,0.0077235602094240996,0.030316205533596843,,3296292142393253561,2025-12-22 15:34:37.604422
2025-12-22,24544,STL,TB,30004495,Philip Broberg,points,rf_qrf_points,0.3.0,empirical_qrf,0.0042658730158730155,0.0,0.0,,3296292142393253561,2025-12-22 15:34:37.604422
2025-12-22,24544,STL,TB,30004597,Vadim Zherenko,points,rf_qrf_points,0.3.0,empirical_qrf,0.008001810528327363,0.006342303214143457,0.009674820591465402,,3296292142393253561,2025-12-22 15:34:37.604422
2025-12-22,24544,STL,TB,30004642,Hunter Skinner,points,rf_qrf_points,0.3.0,empirical_qrf,0.0,0.0,0.0,,3296292142393253561,2025-12-22 15:34:37.604422
2025-12-22,24544,STL,TB,30004804,Dylan Holloway,points,rf_qrf_points,0.3.0,empirical_qrf,0.002,0.0,0.0,,3296292142393253561,2025-12-22 15:34:37.604422
2025-12-22,24544,STL,TB,30004812,Jake Neighbours,points,rf_qrf_points,0.3.0,empirical_qrf,0.0,0.0,0.0,,3296292142393253561,2025-12-22 15:34:37.604422
2025-12-22,24544,STL,TB,30004859,Leo Loof,points,rf_qrf_points,0.3.0,empirical_qrf,0.03087250855052415,0.011235955056179775,0.05334759358288771,,3296292142393253561,2025-12-22 15:34:37.604422
2025-12-22,24544,STL,TB,30003899,Pius Suter,points,rf_qrf_points,0.3.0,empirical_qrf,0.04921625596625597,0.0,0.2222222222222222,,3296292142393253561,2025-12-22 15:34:37.604422
2025-12-22,24544,STL,TB,30004109,Akil Thomas,points,rf_qrf_points,0.3.0,empirical_qrf,0.01823654105851025,0.0077235602094240996,0.030316205533596843,,3296292142393253561,2025-12-22 15:34:37.604422
2025-12-22,24544,STL,TB,30004206,Joel Hofer,points,rf_qrf_points,0.3.0,empirical_qrf,0.008001810528327363,0.006342303214143457,0.009674820591465402,,3296292142393253561,2025-12-22 15:34:37.604422
2025-12-22,24544,STL,TB,30004211,Tyler Tucker,points,rf_qrf_points,0.3.0,empirical_qrf,0.011105890725335918,0.0,0.025,,3296292142393253561,2025-12-22 15:34:37.604422
2025-12-22,24544,STL,TB,30004355,Samuel Bitten,points,rf_qrf_points,0.3.0,empirical_qrf,0.009430645200745163,0.0,0.019184652278177457,,3296292142393253561,2025-12-22 15:34:37.604422
2025-12-22,24544,STL,TB,30004362,Hugh McGing,points,rf_qrf_points,0.3.0,empirical_qrf,0.06716089010064027,0.022727272727272728,0.11904761904761904,,3296292142393253561,2025-12-22 15:34:37.604422
2025-12-22,24544,STL,TB,30003032,Mathieu Joseph,points,rf_qrf_points,0.3.0,empirical_qrf,0.0,0.0,0.0,,3296292142393253561,2025-12-22 15:34:37.604422
2025-12-22,24544,STL,TB,30003186,Jordan Kyrou,points,rf_qrf_points,0.3.0,empirical_qrf,0.06869408369408368,0.0,0.3333333333333333,,3296292142393253561,2025-12-22 15:34:37.604422
2025-12-22,24544,STL,TB,30003308,Matt Luff,points,rf_qrf_points,0.3.0,empirical_qrf,0.0,0.0,0.0,,3296292142393253561,2025-12-22 15:34:37.604422
2025-12-22,24544,STL,TB,30003617,Calle Rosen,points,rf_qrf_points,0.3.0,empirical_qrf,0.0,0.0,0.0,,3296292142393253561,2025-12-22 15:34:37.604422
2025-12-22,24544,STL,TB,30003659,Robert Thomas,points,rf_qrf_points,0.3.0,empirical_qrf,0.004333333333333333,0.0,0.0,,3296292142393253561,2025-12-22 15:34:37.604422
2025-12-22,24544,STL,TB,30003766,Alexey Toropchenko,points,rf_qrf_points,0.3.0,empirical_qrf,0.0002777777777777778,0.0,0.0,,3296292142393253561,2025-12-22 15:34:37.604422
2025-12-22,24544,STL,TB,30000792,Colton Parayko,points,rf_qrf_points,0.3.0,empirical_qrf,0.0,0.0,0.0,,3296292142393253561,2025-12-22 15:34:37.604422
2025-12-22,24544,STL,TB,30000891,Chris Wagner,points,rf_qrf_points,0.3.0,empirical_qrf,0.015972157565709,0.0,0.03636363636363636,,3296292142393253561,2025-12-22 15:34:37.604422
2025-12-22,24544,STL,TB,30001054,Matthew Peca,points,rf_qrf_points,0.3.0,empirical_qrf,0.008001810528327363,0.006342303214143457,0.009674820591465402,,3296292142393253561,2025-12-22 15:34:37.604422
2025-12-22,24544,STL,TB,30001207,Cam Fowler,points,rf_qrf_points,0.3.0,empirical_qrf,0.0,0.0,0.0,,3296292142393253561,2025-12-22 15:34:37.604422
2025-12-22,24544,STL,TB,30002530,Pavel Buchnevich,points,rf_qrf_points,0.3.0,empirical_qrf,0.2385817053317053,0.0,1.0,,3296292142393253561,2025-12-22 15:34:37.604422
2025-12-22,24544,STL,TB,30002617,Nathan Walker,points,rf_qrf_points,0.3.0,empirical_qrf,0.0,0.0,0.0,,3296292142393253561,2025-12-22 15:34:37.604422
2025-12-22,24545,VAN,PHI,30000958,Derek Forbort,points,rf_qrf_points,0.3.0,empirical_qrf,0.0,0.0,0.0,,3296292142393253561,2025-12-22 15:34:37.604422
2025-12-22,24545,VAN,PHI,30000976,Evander Kane,points,rf_qrf_points,0.3.0,empirical_qrf,0.10125007111926931,0.0,0.2,,3296292142393253561,2025-12-22 15:34:37.604422
2025-12-22,24545,VAN,PHI,30001238,Jake DeBrusk,points,rf_qrf_points,0.3.0,empirical_qrf,0.0014166666666666668,0.0,0.0,,3296292142393253561,2025-12-22 15:34:37.604422
2025-12-22,24545,VAN,PHI,30001299,Tyler Myers,points,rf_qrf_points,0.3.0,empirical_qrf,0.03439259166687246,0.0,0.07692307692307693,,3296292142393253561,2025-12-22 15:34:37.604422
2025-12-22,24545,VAN,PHI,30001949,Guillaume Brisebois,points,rf_qrf_points,0.3.0,empirical_qrf,0.0029781460941806603,0.0,0.0064516129032258064,,3296292142393253561,2025-12-22 15:34:37.604422
2025-12-22,24545,VAN,PHI,30002479,Teddy Blueger,points,rf_qrf_points,0.3.0,empirical_qrf,0.0,0.0,0.0,,3296292142393253561,2025-12-22 15:34:37.604422
2025-12-22,24545,VAN,PHI,30004817,Lukas Reichel,points,rf_qrf_points,0.3.0,empirical_qrf,0.0,0.0,0.0,,3296292142393253561,2025-12-22 15:34:37.604422
2025-12-22,24545,VAN,PHI,30005566,Arshdeep Bains,points,rf_qrf_points,0.3.0,empirical_qrf,0.0,0.0,0.0,,3296292142393253561,2025-12-22 15:34:37.604422
2025-12-22,24545,PHI,VAN,30004205,Egor Zamula,points,rf_qrf_points,0.3.0,empirical_qrf,0.0404107000929411,0.0,0.08006451612903227,,3296292142393253561,2025-12-22 15:34:37.604422
2025-12-22,24545,PHI,VAN,30006135,Denver Barkey,points,rf_qrf_points,0.3.0,empirical_qrf,0.01823654105851025,0.0077235602094240996,0.030316205533596843,,3296292142393253561,2025-12-22 15:34:37.604422
2025-12-22,24545,PHI,VAN,30005345,Roman Schmidt,points,rf_qrf_points,0.3.0,empirical_qrf,0.024600834193134188,0.0,0.046511627906976744,,3296292142393253561,2025-12-22 15:34:37.604422
2025-12-22,24545,VAN,PHI,30004140,Jett Woo,points,rf_qrf_points,0.3.0,empirical_qrf,0.01823654105851025,0.0077235602094240996,0.030316205533596843,,3296292142393253561,2025-12-22 15:34:37.604422
2025-12-22,24545,VAN,PHI,30004818,Marco Rossi,points,rf_qrf_points,0.3.0,empirical_qrf,0.003311207311207311,0.0,0.0,,3296292142393253561,2025-12-22 15:34:37.604422
2025-12-22,24545,VAN,PHI,30005642,Liam Ohgren,points,rf_qrf_points,0.3.0,empirical_qrf,0.0,0.0,0.0,,3296292142393253561,2025-12-22 15:34:37.604422
2025-12-22,24545,VAN,PHI,30006486,Zeev Buium,points,rf_qrf_points,0.3.0,empirical_qrf,0.1869003416604036,0.0,0.4444444444444444,,3296292142393253561,2025-12-22 15:34:37.604422
2025-12-22,24545,PHI,VAN,30005756,Tucker Robertson,points,rf_qrf_points,0.3.0,empirical_qrf,0.008001810528327363,0.006342303214143457,0.009674820591465402,,3296292142393253561,2025-12-22 15:34:37.604422
2025-12-22,24545,PHI,VAN,30005958,Nikita Grebenkin,points,rf_qrf_points,0.3.0,empirical_qrf,0.009962301587301587,0.0,0.0,,3296292142393253561,2025-12-22 15:34:37.604422
2025-12-22,24545,PHI,VAN,30006045,Yaniv Perets,points,rf_qrf_points,0.3.0,empirical_qrf,0.008001810528327363,0.006342303214143457,0.009674820591465402,,3296292142393253561,2025-12-22 15:34:37.604422
2025-12-22,24545,PHI,VAN,30006061,Matvei Michkov,points,rf_qrf_points,0.3.0,empirical_qrf,0.036686507936507934,0.0,0.0,,3296292142393253561,2025-12-22 15:34:37.604422
2025-12-22,24545,PHI,VAN,30006075,Oliver Bonk,points,rf_qrf_points,0.3.0,empirical_qrf,0.0,0.0,0.0,,3296292142393253561,2025-12-22 15:34:37.604422
2025-12-22,24545,PHI,VAN,30006100,Carson Bjarnason,points,rf_qrf_points,0.3.0,empirical_qrf,0.008001810528327363,0.006342303214143457,0.009674820591465402,,3296292142393253561,2025-12-22 15:34:37.604422
2025-12-22,24545,PHI,VAN,30004824,Emil Andrae,points,rf_qrf_points,0.3.0,empirical_qrf,0.0,0.0,0.0,,3296292142393253561,2025-12-22 15:34:37.604422
2025-12-22,24545,PHI,VAN,30004839,Helge Grans,points,rf_qrf_points,0.3.0,empirical_qrf,0.0029781460941806603,0.0,0.0064516129032258064,,3296292142393253561,2025-12-22 15:34:37.604422
2025-12-22,24545,PHI,VAN,30005234,Vincent Sevigny,points,rf_qrf_points,0.3.0,empirical_qrf,0.008001810528327363,0.006342303214143457,0.009674820591465402,,3296292142393253561,2025-12-22 15:34:37.604422
2025-12-22,24545,PHI,VAN,30005293,Artem Guryev,points,rf_qrf_points,0.3.0,empirical_qrf,0.008001810528327363,0.006342303214143457,0.009674820591465402,,3296292142393253561,2025-12-22 15:34:37.604422
2025-12-22,24545,PHI,VAN,30005397,Noah Cates,points,rf_qrf_points,0.3.0,empirical_qrf,0.00670520683020683,0.0,0.0,,3296292142393253561,2025-12-22 15:34:37.604422
2025-12-22,24545,PHI,VAN,30005401,Aleksei Kolosov,points,rf_qrf_points,0.3.0,empirical_qrf,0.008001810528327363,0.006342303214143457,0.009674820591465402,,3296292142393253561,2025-12-22 15:34:37.604422
2025-12-22,24545,PHI,VAN,30004406,Samuel Ersson,points,rf_qrf_points,0.3.0,empirical_qrf,0.008001810528327363,0.006342303214143457,0.009674820591465402,,3296292142393253561,2025-12-22 15:34:37.604422
2025-12-22,24545,PHI,VAN,30004481,Trevor Zegras,points,rf_qrf_points,0.3.0,empirical_qrf,0.153383066008066,0.0,0.3333333333333333,,3296292142393253561,2025-12-22 15:34:37.604422
2025-12-22,24545,PHI,VAN,30004484,Cam York,points,rf_qrf_points,0.3.0,empirical_qrf,0.0,0.0,0.0,,3296292142393253561,2025-12-22 15:34:37.604422
2025-12-22,24545,PHI,VAN,30004508,Bobby Brink,points,rf_qrf_points,0.3.0,empirical_qrf,0.0002777777777777778,0.0,0.0,,3296292142393253561,2025-12-22 15:34:37.604422
2025-12-22,24545,PHI,VAN,30004800,Jamie Drysdale,points,rf_qrf_points,0.3.0,empirical_qrf,0.011523423607982431,0.0,0.0,,3296292142393253561,2025-12-22 15:34:37.604422
2025-12-22,24545,PHI,VAN,30004801,Tyson Foerster,points,rf_qrf_points,0.3.0,empirical_qrf,0.0,0.0,0.0,,3296292142393253561,2025-12-22 15:34:37.604422
2025-12-22,24545,PHI,VAN,30003283,Lane Pederson,points,rf_qrf_points,0.3.0,empirical_qrf,0.0029781460941806603,0.0,0.0064516129032258064,,3296292142393253561,2025-12-22 15:34:37.604422
2025-12-22,24545,PHI,VAN,30003500,Rodrigo Abols,points,rf_qrf_points,0.3.0,empirical_qrf,0.0,0.0,0.0,,3296292142393253561,2025-12-22 15:34:37.604422
2025-12-22,24545,PHI,VAN,30003653,Owen Tippett,points,rf_qrf_points,0.3.0,empirical_qrf,0.0,0.0,0.0,,3296292142393253561,2025-12-22 15:34:37.604422
2025-12-22,24545,PHI,VAN,30003733,Keith Petruzzelli,points,rf_qrf_points,0.3.0,empirical_qrf,0.008001810528327363,0.006342303214143457,0.009674820591465402,,3296292142393253561,2025-12-22 15:34:37.604422
2025-12-22,24545,PHI,VAN,30004002,Cooper Marody,points,rf_qrf_points,0.3.0,empirical_qrf,0.008001810528327363,0.006342303214143457,0.009674820591465402,,3296292142393253561,2025-12-22 15:34:37.604422
2025-12-22,24545,PHI,VAN,30004154,Xavier Bernard,points,rf_qrf_points,0.3.0,empirical_qrf,0.0030934343434343434,0.0,0.0,,3296292142393253561,2025-12-22 15:34:37.604422
2025-12-22,24545,PHI,VAN,30001294,Rasmus Ristolainen,points,rf_qrf_points,0.3.0,empirical_qrf,0.008001810528327363,0.006342303214143457,0.009674820591465402,,3296292142393253561,2025-12-22 15:34:37.604422
2025-12-22,24545,PHI,VAN,30001312,Noah Juulsen,points,rf_qrf_points,0.3.0,empirical_qrf,0.03087250855052415,0.011235955056179775,0.05334759358288771,,3296292142393253561,2025-12-22 15:34:37.604422
2025-12-22,24545,PHI,VAN,30002786,Dan Vladar,points,rf_qrf_points,0.3.0,empirical_qrf,0.008001810528327363,0.006342303214143457,0.009674820591465402,,3296292142393253561,2025-12-22 15:34:37.604422
2025-12-22,24545,PHI,VAN,30002979,Anthony Richard,points,rf_qrf_points,0.3.0,empirical_qrf,0.0,0.0,0.0,,3296292142393253561,2025-12-22 15:34:37.604422
2025-12-22,24545,PHI,VAN,30003016,Nick Seeler,points,rf_qrf_points,0.3.0,empirical_qrf,0.0,0.0,0.0,,3296292142393253561,2025-12-22 15:34:37.604422
2025-12-22,24545,PHI,VAN,30003171,Carl Grundstrom,points,rf_qrf_points,0.3.0,empirical_qrf,0.0029781460941806603,0.0,0.0064516129032258064,,3296292142393253561,2025-12-22 15:34:37.604422
2025-12-22,24545,PHI,VAN,30000234,Garrett Wilson,points,rf_qrf_points,0.3.0,empirical_qrf,0.009430645200745163,0.0,0.019184652278177457,,3296292142393253561,2025-12-22 15:34:37.604422
2025-12-22,24545,PHI,VAN,30000349,Travis Konecny,points,rf_qrf_points,0.3.0,empirical_qrf,0.002,0.0,0.0,,3296292142393253561,2025-12-22 15:34:37.604422
2025-12-22,24545,PHI,VAN,30000501,Nicolas Deslauriers,points,rf_qrf_points,0.3.0,empirical_qrf,0.0029781460941806603,0.0,0.0064516129032258064,,3296292142393253561,2025-12-22 15:34:37.604422
2025-12-22,24545,PHI,VAN,30000624,Travis Sanheim,points,rf_qrf_points,0.3.0,empirical_qrf,0.0,0.0,0.0,,3296292142393253561,2025-12-22 15:34:37.604422
2025-12-22,24545,PHI,VAN,30000942,Christian Dvorak,points,rf_qrf_points,0.3.0,empirical_qrf,0.00015151515151515152,0.0,0.0,,3296292142393253561,2025-12-22 15:34:37.604422
2025-12-22,24545,PHI,VAN,30001201,Garnet Hathaway,points,rf_qrf_points,0.3.0,empirical_qrf,0.009430645200745163,0.0,0.019184652278177457,,3296292142393253561,2025-12-22 15:34:37.604422
2025-12-22,24545,VAN,PHI,30006031,Max Sasson,points,rf_qrf_points,0.3.0,empirical_qrf,0.0,0.0,0.0,,3296292142393253561,2025-12-22 15:34:37.604422
2025-12-22,24545,VAN,PHI,30006037,Nikita Tolopilo,points,rf_qrf_points,0.3.0,empirical_qrf,0.008001810528327363,0.006342303214143457,0.009674820591465402,,3296292142393253561,2025-12-22 15:34:37.604422
2025-12-22,24545,VAN,PHI,30006067,Tom Willander,points,rf_qrf_points,0.3.0,empirical_qrf,0.0,0.0,0.0,,3296292142393253561,2025-12-22 15:34:37.604422
2025-12-22,24545,VAN,PHI,30006320,Joe Arntsen,points,rf_qrf_points,0.3.0,empirical_qrf,0.008001810528327363,0.006342303214143457,0.009674820591465402,,3296292142393253561,2025-12-22 15:34:37.604422
2025-12-22,24545,VAN,PHI,30006441,Elias Nils Pettersson,points,rf_qrf_points,0.3.0,empirical_qrf,0.03027044640056127,0.0,0.07169312169312175,,3296292142393253561,2025-12-22 15:34:37.604422
2025-12-22,24545,PHI,VAN,30000050,Sean Couturier,points,rf_qrf_points,0.3.0,empirical_qrf,0.0027222222222222222,0.0,0.0,,3296292142393253561,2025-12-22 15:34:37.604422
2025-12-22,24545,VAN,PHI,30005171,Dino Kambeitz,points,rf_qrf_points,0.3.0,empirical_qrf,0.008001810528327363,0.006342303214143457,0.009674820591465402,,3296292142393253561,2025-12-22 15:34:37.604422
2025-12-22,24545,VAN,PHI,30005456,Nils Aman,points,rf_qrf_points,0.3.0,empirical_qrf,0.049342433726903966,0.0,0.0975609756097561,,3296292142393253561,2025-12-22 15:34:37.604422
2025-12-22,24545,VAN,PHI,30005619,Jonathan Lekkerimaki,points,rf_qrf_points,0.3.0,empirical_qrf,0.10131415343915344,0.0,0.5,,3296292142393253561,2025-12-22 15:34:37.604422
2025-12-22,24545,VAN,PHI,30005747,Jonathan Lemieux,points,rf_qrf_points,0.3.0,empirical_qrf,0.008001810528327363,0.006342303214143457,0.009674820591465402,,3296292142393253561,2025-12-22 15:34:37.604422
2025-12-22,24545,VAN,PHI,30005831,Kirill Kudryavtsev,points,rf_qrf_points,0.3.0,empirical_qrf,0.0,0.0,0.0,,3296292142393253561,2025-12-22 15:34:37.604422
2025-12-22,24545,VAN,PHI,30005837,Ty Young,points,rf_qrf_points,0.3.0,empirical_qrf,0.008001810528327363,0.006342303214143457,0.009674820591465402,,3296292142393253561,2025-12-22 15:34:37.604422
2025-12-22,24545,VAN,PHI,30004581,Nikolai Knyzhov,points,rf_qrf_points,0.3.0,empirical_qrf,0.009430645200745163,0.0,0.019184652278177457,,3296292142393253561,2025-12-22 15:34:37.604422
2025-12-22,24545,VAN,PHI,30004741,Drew O'Connor,points,rf_qrf_points,0.3.0,empirical_qrf,0.0,0.0,0.0,,3296292142393253561,2025-12-22 15:34:37.604422
2025-12-22,24545,VAN,PHI,30005016,Danila Klimovich,points,rf_qrf_points,0.3.0,empirical_qrf,0.07152038490947206,0.0,0.16666666666666666,,3296292142393253561,2025-12-22 15:34:37.604422
2025-12-22,24545,VAN,PHI,30005028,Aatu Raty,points,rf_qrf_points,0.3.0,empirical_qrf,0.00670520683020683,0.0,0.0,,3296292142393253561,2025-12-22 15:34:37.604422
2025-12-22,24545,VAN,PHI,30005100,Cooper Walker,points,rf_qrf_points,0.3.0,empirical_qrf,0.008001810528327363,0.006342303214143457,0.009674820591465402,,3296292142393253561,2025-12-22 15:34:37.604422
2025-12-22,24545,VAN,PHI,30005145,Josh Bloom,points,rf_qrf_points,0.3.0,empirical_qrf,0.008001810528327363,0.006342303214143457,0.009674820591465402,,3296292142393253561,2025-12-22 15:34:37.604422
2025-12-22,24545,VAN,PHI,30004001,Kiefer Sherwood,points,rf_qrf_points,0.3.0,empirical_qrf,0.0017520442520442521,0.0,0.0,,3296292142393253561,2025-12-22 15:34:37.604422
2025-12-22,24545,VAN,PHI,30004058,Kevin Lankinen,points,rf_qrf_points,0.3.0,empirical_qrf,0.008001810528327363,0.006342303214143457,0.009674820591465402,,3296292142393253561,2025-12-22 15:34:37.604422
2025-12-22,24545,VAN,PHI,30004153,Linus Karlsson,points,rf_qrf_points,0.3.0,empirical_qrf,0.1804226652976653,0.0,0.4,,3296292142393253561,2025-12-22 15:34:37.604422
2025-12-22,24545,VAN,PHI,30004227,Chase Wouters,points,rf_qrf_points,0.3.0,empirical_qrf,0.008001810528327363,0.006342303214143457,0.009674820591465402,,3296292142393253561,2025-12-22 15:34:37.604422
2025-12-22,24545,VAN,PHI,30004425,Jimmy Schuldt,points,rf_qrf_points,0.3.0,empirical_qrf,0.009430645200745163,0.0,0.019184652278177457,,3296292142393253561,2025-12-22 15:34:37.604422
2025-12-22,24545,VAN,PHI,30004531,Nils Hoglander,points,rf_qrf_points,0.3.0,empirical_qrf,0.0023630952380952384,0.0,0.0,,3296292142393253561,2025-12-22 15:34:37.604422
2025-12-22,24545,VAN,PHI,30003193,Filip Hronek,points,rf_qrf_points,0.3.0,empirical_qrf,0.01483333333333333,0.0,0.0,,3296292142393253561,2025-12-22 15:34:37.604422
2025-12-22,24545,VAN,PHI,30003604,David Kampf,points,rf_qrf_points,0.3.0,empirical_qrf,0.04004220402659864,0.010526315789473684,0.0707070707070707,,3296292142393253561,2025-12-22 15:34:37.604422
2025-12-22,24545,VAN,PHI,30003647,Elias Pettersson,points,rf_qrf_points,0.3.0,empirical_qrf,0.0,0.0,0.0,,3296292142393253561,2025-12-22 15:34:37.604422
2025-12-22,24545,VAN,PHI,30003655,Filip Chytil,points,rf_qrf_points,0.3.0,empirical_qrf,0.0,0.0,0.0,,3296292142393253561,2025-12-22 15:34:37.604422
2025-12-22,24545,VAN,PHI,30003666,Pierre-Olivier Joseph,points,rf_qrf_points,0.3.0,empirical_qrf,0.011105890725335918,0.0,0.025,,3296292142393253561,2025-12-22 15:34:37.604422
2025-12-22,24545,VAN,PHI,30003776,Jiri Patera,points,rf_qrf_points,0.3.0,empirical_qrf,0.008001810528327363,0.006342303214143457,0.009674820591465402,,3296292142393253561,2025-12-22 15:34:37.604422
2025-12-22,24545,VAN,PHI,30002581,Thatcher Demko,points,rf_qrf_points,0.3.0,empirical_qrf,0.008001810528327363,0.006342303214143457,0.009674820591465402,,3296292142393253561,2025-12-22 15:34:37.604422
2025-12-22,24545,VAN,PHI,30002587,Marcus Pettersson,points,rf_qrf_points,0.3.0,empirical_qrf,0.0,0.0,0.0,,3296292142393253561,2025-12-22 15:34:37.604422
2025-12-22,24545,VAN,PHI,30002777,Brock Boeser,points,rf_qrf_points,0.3.0,empirical_qrf,0.006263227513227513,0.0,0.0,,3296292142393253561,2025-12-22 15:34:37.604422
2025-12-22,24545,VAN,PHI,30002793,Joseph Labate,points,rf_qrf_points,0.3.0,empirical_qrf,0.04469018677451004,0.011764705882352941,0.08080808080808081,,3296292142393253561,2025-12-22 15:34:37.604422
2025-12-22,24545,VAN,PHI,30002876,Conor Garland,points,rf_qrf_points,0.3.0,empirical_qrf,0.028555555555555556,0.0,0.0,,3296292142393253561,2025-12-22 15:34:37.604422
2025-12-22,24545,VAN,PHI,30003063,Mackenzie MacEachern,points,rf_qrf_points,0.3.0,empirical_qrf,0.0,0.0,0.0,,3296292142393253561,2025-12-22 15:34:37.604422
2025-12-22,24546,SEA,ANA,30000303,Adam Larsson,points,rf_qrf_points,0.3.0,empirical_qrf,0.0,0.0,0.0,,3296292142393253561,2025-12-22 15:34:37.604422
2025-12-22,24546,SEA,ANA,30000460,Max McCormick,points,rf_qrf_points,0.3.0,empirical_qrf,0.024600834193134188,0.0,0.046511627906976744,,3296292142393253561,2025-12-22 15:34:37.604422
2025-12-22,24546,SEA,ANA,30000539,Jordan Eberle,points,rf_qrf_points,0.3.0,empirical_qrf,0.0027222222222222222,0.0,0.0,,3296292142393253561,2025-12-22 15:34:37.604422
2025-12-22,24546,SEA,ANA,30000577,Philipp Grubauer,points,rf_qrf_points,0.3.0,empirical_qrf,0.008001810528327363,0.006342303214143457,0.009674820591465402,,3296292142393253561,2025-12-22 15:34:37.604422
2025-12-22,24546,SEA,ANA,30000596,Chandler Stephenson,points,rf_qrf_points,0.3.0,empirical_qrf,0.0029781460941806603,0.0,0.0064516129032258064,,3296292142393253561,2025-12-22 15:34:37.604422
2025-12-22,24546,SEA,ANA,30000629,Matt Murray,points,rf_qrf_points,0.3.0,empirical_qrf,0.008001810528327363,0.006342303214143457,0.009674820591465402,,3296292142393253561,2025-12-22 15:34:37.604422
2025-12-22,24546,ANA,SEA,30006483,Beckett Sennecke,points,rf_qrf_points,0.3.0,empirical_qrf,0.024647486772486772,0.0,0.0,,3296292142393253561,2025-12-22 15:34:37.604422
2025-12-22,24546,ANA,SEA,30006117,Nico Myatovic,points,rf_qrf_points,0.3.0,empirical_qrf,0.0,0.0,0.0,,3296292142393253561,2025-12-22 15:34:37.604422
2025-12-22,24546,ANA,SEA,30006129,Coulson Pitre,points,rf_qrf_points,0.3.0,empirical_qrf,0.024600834193134188,0.0,0.046511627906976744,,3296292142393253561,2025-12-22 15:34:37.604422
2025-12-22,24546,ANA,SEA,30006161,Yegor Sidorov,points,rf_qrf_points,0.3.0,empirical_qrf,0.04755056517556517,0.0,0.22500000000000062,,3296292142393253561,2025-12-22 15:34:37.604422
2025-12-22,24546,ANA,SEA,30006162,Konnor Smith,points,rf_qrf_points,0.3.0,empirical_qrf,0.008001810528327363,0.006342303214143457,0.009674820591465402,,3296292142393253561,2025-12-22 15:34:37.604422
2025-12-22,24546,ANA,SEA,30006310,Roman Kinal,points,rf_qrf_points,0.3.0,empirical_qrf,0.06716089010064027,0.022727272727272728,0.11904761904761904,,3296292142393253561,2025-12-22 15:34:37.604422
2025-12-22,24546,ANA,SEA,30006353,Easton Armstrong,points,rf_qrf_points,0.3.0,empirical_qrf,0.008001810528327363,0.006342303214143457,0.009674820591465402,,3296292142393253561,2025-12-22 15:34:37.604422
2025-12-22,24546,ANA,SEA,30005677,Noah Warren,points,rf_qrf_points,0.3.0,empirical_qrf,0.009430645200745163,0.0,0.019184652278177457,,3296292142393253561,2025-12-22 15:34:37.604422
2025-12-22,24546,ANA,SEA,30005678,Tristan Luneau,points,rf_qrf_points,0.3.0,empirical_qrf,0.0,0.0,0.0,,3296292142393253561,2025-12-22 15:34:37.604422
2025-12-22,24546,ANA,SEA,30005945,Tomas Suchanek,points,rf_qrf_points,0.3.0,empirical_qrf,0.008001810528327363,0.006342303214143457,0.009674820591465402,,3296292142393253561,2025-12-22 15:34:37.604422
2025-12-22,24546,ANA,SEA,30006016,Jaxsen Wiebe,points,rf_qrf_points,0.3.0,empirical_qrf,0.008001810528327363,0.006342303214143457,0.009674820591465402,,3296292142393253561,2025-12-22 15:34:37.604422
2025-12-22,24546,ANA,SEA,30006017,Nikita Nesterenko,points,rf_qrf_points,0.3.0,empirical_qrf,0.0,0.0,0.0,,3296292142393253561,2025-12-22 15:34:37.604422
2025-12-22,24546,ANA,SEA,30006069,Leo Carlsson,points,rf_qrf_points,0.3.0,empirical_qrf,0.015632275132275133,0.0,0.0,,3296292142393253561,2025-12-22 15:34:37.604422
2025-12-22,24546,ANA,SEA,30005095,Davis Codd,points,rf_qrf_points,0.3.0,empirical_qrf,0.0,0.0,0.0,,3296292142393253561,2025-12-22 15:34:37.604422
2025-12-22,24546,ANA,SEA,30005275,Tyson Hinds,points,rf_qrf_points,0.3.0,empirical_qrf,0.006789881414881414,0.0,0.0,,3296292142393253561,2025-12-22 15:34:37.604422
2025-12-22,24546,ANA,SEA,30005285,Jeremie Biakabutuka,points,rf_qrf_points,0.3.0,empirical_qrf,0.008001810528327363,0.006342303214143457,0.009674820591465402,,3296292142393253561,2025-12-22 15:34:37.604422
2025-12-22,24546,ANA,SEA,30005615,Pavel Mintyukov,points,rf_qrf_points,0.3.0,empirical_qrf,0.04833021977948372,0.0,0.11764705882352941,,3296292142393253561,2025-12-22 15:34:37.604422
2025-12-22,24546,ANA,SEA,30005620,Cutter Gauthier,points,rf_qrf_points,0.3.0,empirical_qrf,0.0,0.0,0.0,,3296292142393253561,2025-12-22 15:34:37.604422
2025-12-22,24546,ANA,SEA,30005643,Nathan Gaucher,points,rf_qrf_points,0.3.0,empirical_qrf,0.0,0.0,0.0,,3296292142393253561,2025-12-22 15:34:37.604422
2025-12-22,24546,ANA,SEA,30004828,Calle Clang,points,rf_qrf_points,0.3.0,empirical_qrf,0.008001810528327363,0.006342303214143457,0.009674820591465402,,3296292142393253561,2025-12-22 15:34:37.604422
2025-12-22,24546,ANA,SEA,30004829,Sam Colangelo,points,rf_qrf_points,0.3.0,empirical_qrf,0.0002777777777777778,0.0,0.0,,3296292142393253561,2025-12-22 15:34:37.604422
2025-12-22,24546,ANA,SEA,30004861,Ian Moore,points,rf_qrf_points,0.3.0,empirical_qrf,0.0,0.0,0.0,,3296292142393253561,2025-12-22 15:34:37.604422
2025-12-22,24546,ANA,SEA,30004997,Mason McTavish,points,rf_qrf_points,0.3.0,empirical_qrf,0.04921625596625597,0.0,0.2222222222222222,,3296292142393253561,2025-12-22 15:34:37.604422
2025-12-22,24546,ANA,SEA,30005018,Olen Zellweger,points,rf_qrf_points,0.3.0,empirical_qrf,0.0,0.0,0.0,,3296292142393253561,2025-12-22 15:34:37.604422
2025-12-22,24546,ANA,SEA,30005051,Sasha Pastujov,points,rf_qrf_points,0.3.0,empirical_qrf,0.0,0.0,0.0,,3296292142393253561,2025-12-22 15:34:37.604422
2025-12-22,24546,ANA,SEA,30003747,Troy Terry,points,rf_qrf_points,0.3.0,empirical_qrf,0.0,0.0,0.0,,3296292142393253561,2025-12-22 15:34:37.604422
2025-12-22,24546,ANA,SEA,30003948,David Cotton,points,rf_qrf_points,0.3.0,empirical_qrf,0.0,0.0,0.0,,3296292142393253561,2025-12-22 15:34:37.604422
2025-12-22,24546,ANA,SEA,30004160,Lukas Dostal,points,rf_qrf_points,0.3.0,empirical_qrf,0.008001810528327363,0.006342303214143457,0.009674820591465402,,3296292142393253561,2025-12-22 15:34:37.604422
2025-12-22,24546,ANA,SEA,30004512,Drew Helleson,points,rf_qrf_points,0.3.0,empirical_qrf,0.13570210154768977,0.0,0.3333333333333333,,3296292142393253561,2025-12-22 15:34:37.604422
2025-12-22,24546,ANA,SEA,30004526,Jackson LaCombe,points,rf_qrf_points,0.3.0,empirical_qrf,0.026694444444444444,0.0,0.0,,3296292142393253561,2025-12-22 15:34:37.604422
2025-12-22,24546,ANA,SEA,30004550,Judd Caulfield,points,rf_qrf_points,0.3.0,empirical_qrf,0.008001810528327363,0.006342303214143457,0.009674820591465402,,3296292142393253561,2025-12-22 15:34:37.604422
2025-12-22,24546,ANA,SEA,30002760,Ville Husso,points,rf_qrf_points,0.3.0,empirical_qrf,0.008001810528327363,0.006342303214143457,0.009674820591465402,,3296292142393253561,2025-12-22 15:34:37.604422
2025-12-22,24546,ANA,SEA,30002773,Jansen Harkins,points,rf_qrf_points,0.3.0,empirical_qrf,0.008001810528327363,0.006342303214143457,0.009674820591465402,,3296292142393253561,2025-12-22 15:34:37.604422
2025-12-22,24546,ANA,SEA,30002864,Nikolas Brouillard,points,rf_qrf_points,0.3.0,empirical_qrf,0.008001810528327363,0.006342303214143457,0.009674820591465402,,3296292142393253561,2025-12-22 15:34:37.604422
2025-12-22,24546,ANA,SEA,30003197,Carsen Twarynski,points,rf_qrf_points,0.3.0,empirical_qrf,0.008001810528327363,0.006342303214143457,0.009674820591465402,,3296292142393253561,2025-12-22 15:34:37.604422
2025-12-22,24546,ANA,SEA,30003475,Matthew Phillips,points,rf_qrf_points,0.3.0,empirical_qrf,0.01130561568061568,0.0,0.0,,3296292142393253561,2025-12-22 15:34:37.604422
2025-12-22,24546,ANA,SEA,30003650,Ryan Poehling,points,rf_qrf_points,0.3.0,empirical_qrf,0.0,0.0,0.0,,3296292142393253561,2025-12-22 15:34:37.604422
2025-12-22,24546,ANA,SEA,30000739,Alex Killorn,points,rf_qrf_points,0.3.0,empirical_qrf,0.03087250855052415,0.011235955056179775,0.05334759358288771,,3296292142393253561,2025-12-22 15:34:37.604422
2025-12-22,24546,ANA,SEA,30000834,Jacob Trouba,points,rf_qrf_points,0.3.0,empirical_qrf,0.03087250855052415,0.011235955056179775,0.05334759358288771,,3296292142393253561,2025-12-22 15:34:37.604422
2025-12-22,24546,ANA,SEA,30000998,Ross Johnston,points,rf_qrf_points,0.3.0,empirical_qrf,0.0,0.0,0.0,,3296292142393253561,2025-12-22 15:34:37.604422
2025-12-22,24546,ANA,SEA,30001005,Ryan Strome,points,rf_qrf_points,0.3.0,empirical_qrf,0.009962301587301587,0.0,0.0,,3296292142393253561,2025-12-22 15:34:37.604422
2025-12-22,24546,ANA,SEA,30001009,Petr Mrazek,points,rf_qrf_points,0.3.0,empirical_qrf,0.008001810528327363,0.006342303214143457,0.009674820591465402,,3296292142393253561,2025-12-22 15:34:37.604422
2025-12-22,24546,ANA,SEA,30002528,Tyrell Goulbourne,points,rf_qrf_points,0.3.0,empirical_qrf,0.008001810528327363,0.006342303214143457,0.009674820591465402,,3296292142393253561,2025-12-22 15:34:37.604422
2025-12-22,24546,SEA,ANA,30006437,Kaden Hammell,points,rf_qrf_points,0.3.0,empirical_qrf,0.009430645200745163,0.0,0.019184652278177457,,3296292142393253561,2025-12-22 15:34:37.604422
2025-12-22,24546,ANA,SEA,30000269,Radko Gudas,points,rf_qrf_points,0.3.0,empirical_qrf,0.0,0.0,0.0,,3296292142393253561,2025-12-22 15:34:37.604422
2025-12-22,24546,ANA,SEA,30000320,Chris Kreider,points,rf_qrf_points,0.3.0,empirical_qrf,0.004752705627705628,0.0,0.0,,3296292142393253561,2025-12-22 15:34:37.604422
2025-12-22,24546,ANA,SEA,30000509,Justin Bailey,points,rf_qrf_points,0.3.0,empirical_qrf,0.0029781460941806603,0.0,0.0064516129032258064,,3296292142393253561,2025-12-22 15:34:37.604422
2025-12-22,24546,ANA,SEA,30000515,Mikael Granlund,points,rf_qrf_points,0.3.0,empirical_qrf,0.0023630952380952384,0.0,0.0,,3296292142393253561,2025-12-22 15:34:37.604422
2025-12-22,24546,ANA,SEA,30000609,Frank Vatrano,points,rf_qrf_points,0.3.0,empirical_qrf,0.04259561272061271,0.0,0.2,,3296292142393253561,2025-12-22 15:34:37.604422
2025-12-22,24546,SEA,ANA,30005757,Ty Nelson,points,rf_qrf_points,0.3.0,empirical_qrf,0.008001810528327363,0.006342303214143457,0.009674820591465402,,3296292142393253561,2025-12-22 15:34:37.604422
2025-12-22,24546,SEA,ANA,30006087,Eduard Sale,points,rf_qrf_points,0.3.0,empirical_qrf,0.0,0.0,0.0,,3296292142393253561,2025-12-22 15:34:37.604422
2025-12-22,24546,SEA,ANA,30006119,Lukas Dragicevic,points,rf_qrf_points,0.3.0,empirical_qrf,0.0,0.0,0.0,,3296292142393253561,2025-12-22 15:34:37.604422
2025-12-22,24546,SEA,ANA,30006121,Carson Rehkopf,points,rf_qrf_points,0.3.0,empirical_qrf,0.0,0.0,0.0,,3296292142393253561,2025-12-22 15:34:37.604422
2025-12-22,24546,SEA,ANA,30006125,Caden Price,points,rf_qrf_points,0.3.0,empirical_qrf,0.01823654105851025,0.0077235602094240996,0.030316205533596843,,3296292142393253561,2025-12-22 15:34:37.604422
2025-12-22,24546,SEA,ANA,30006197,Andrei Loshko,points,rf_qrf_points,0.3.0,empirical_qrf,0.008001810528327363,0.006342303214143457,0.009674820591465402,,3296292142393253561,2025-12-22 15:34:37.604422
2025-12-22,24546,SEA,ANA,30005593,Peetro Seppala,points,rf_qrf_points,0.3.0,empirical_qrf,0.008001810528327363,0.006342303214143457,0.009674820591465402,,3296292142393253561,2025-12-22 15:34:37.604422
2025-12-22,24546,SEA,ANA,30005616,Shane Wright,points,rf_qrf_points,0.3.0,empirical_qrf,0.011523423607982431,0.0,0.0,,3296292142393253561,2025-12-22 15:34:37.604422
2025-12-22,24546,SEA,ANA,30005680,David Goyette,points,rf_qrf_points,0.3.0,empirical_qrf,0.024600834193134188,0.0,0.046511627906976744,,3296292142393253561,2025-12-22 15:34:37.604422
2025-12-22,24546,SEA,ANA,30005681,Jagger Firkus,points,rf_qrf_points,0.3.0,empirical_qrf,0.0001388888888888889,0.0,0.0,,3296292142393253561,2025-12-22 15:34:37.604422
2025-12-22,24546,SEA,ANA,30005682,Jani Nyman,points,rf_qrf_points,0.3.0,empirical_qrf,0.036111111111111115,0.0,0.0,,3296292142393253561,2025-12-22 15:34:37.604422
2025-12-22,24546,SEA,ANA,30005683,Niklas Kokko,points,rf_qrf_points,0.3.0,empirical_qrf,0.008001810528327363,0.006342303214143457,0.009674820591465402,,3296292142393253561,2025-12-22 15:34:37.604422
2025-12-22,24546,SEA,ANA,30005333,Jacob Melanson,points,rf_qrf_points,0.3.0,empirical_qrf,0.04833021977948372,0.0,0.11764705882352941,,3296292142393253561,2025-12-22 15:34:37.604422
2025-12-22,24546,SEA,ANA,30005336,Tye Kartye,points,rf_qrf_points,0.3.0,empirical_qrf,0.0,0.0,0.0,,3296292142393253561,2025-12-22 15:34:37.604422
2025-12-22,24546,SEA,ANA,30005337,Ryan Winterton,points,rf_qrf_points,0.3.0,empirical_qrf,0.024647486772486772,0.0,0.0,,3296292142393253561,2025-12-22 15:34:37.604422
2025-12-22,24546,SEA,ANA,30005447,Ville Ottavainen,points,rf_qrf_points,0.3.0,empirical_qrf,0.0,0.0,0.0,,3296292142393253561,2025-12-22 15:34:37.604422
2025-12-22,24546,SEA,ANA,30005503,Logan Morrison,points,rf_qrf_points,0.3.0,empirical_qrf,0.027116522366522365,0.0,0.0,,3296292142393253561,2025-12-22 15:34:37.604422
2025-12-22,24546,SEA,ANA,30005582,Ben Meyers,points,rf_qrf_points,0.3.0,empirical_qrf,0.0023630952380952384,0.0,0.0,,3296292142393253561,2025-12-22 15:34:37.604422
2025-12-22,24546,SEA,ANA,30003703,Cale Fleury,points,rf_qrf_points,0.3.0,empirical_qrf,0.03027044640056127,0.0,0.07169312169312175,,3296292142393253561,2025-12-22 15:34:37.604422
2025-12-22,24546,SEA,ANA,30004419,Joey Daccord,points,rf_qrf_points,0.3.0,empirical_qrf,0.008001810528327363,0.006342303214143457,0.009674820591465402,,3296292142393253561,2025-12-22 15:34:37.604422
2025-12-22,24546,SEA,ANA,30004471,Kaapo Kakko,points,rf_qrf_points,0.3.0,empirical_qrf,0.0,0.0,0.0,,3296292142393253561,2025-12-22 15:34:37.604422
2025-12-22,24546,SEA,ANA,30005040,Matty Beniers,points,rf_qrf_points,0.3.0,empirical_qrf,0.006263227513227513,0.0,0.0,,3296292142393253561,2025-12-22 15:34:37.604422
2025-12-22,24546,SEA,ANA,30005042,Ryker Evans,points,rf_qrf_points,0.3.0,empirical_qrf,0.03087250855052415,0.011235955056179775,0.05334759358288771,,3296292142393253561,2025-12-22 15:34:37.604422
2025-12-22,24546,SEA,ANA,30005239,Jakov Novak,points,rf_qrf_points,0.3.0,empirical_qrf,0.008001810528327363,0.006342303214143457,0.009674820591465402,,3296292142393253561,2025-12-22 15:34:37.604422
2025-12-22,24546,SEA,ANA,30002529,John Hayden,points,rf_qrf_points,0.3.0,empirical_qrf,0.0,0.0,0.0,,3296292142393253561,2025-12-22 15:34:37.604422
2025-12-22,24546,SEA,ANA,30002711,Frederick Gaudreau,points,rf_qrf_points,0.3.0,empirical_qrf,0.04448057924754139,0.0,0.10344827586206896,,3296292142393253561,2025-12-22 15:34:37.604422
2025-12-22,24546,SEA,ANA,30003184,Ryan Lindgren,points,rf_qrf_points,0.3.0,empirical_qrf,0.0,0.0,0.0,,3296292142393253561,2025-12-22 15:34:37.604422
2025-12-22,24546,SEA,ANA,30003188,Jack LaFontaine,points,rf_qrf_points,0.3.0,empirical_qrf,0.01563888888888889,0.0,0.0,,3296292142393253561,2025-12-22 15:34:37.604422
2025-12-22,24546,SEA,ANA,30003214,Joshua Mahura,points,rf_qrf_points,0.3.0,empirical_qrf,0.049342433726903966,0.0,0.0975609756097561,,3296292142393253561,2025-12-22 15:34:37.604422
2025-12-22,24546,SEA,ANA,30003660,Eeli Tolvanen,points,rf_qrf_points,0.3.0,empirical_qrf,0.0,0.0,0.0,,3296292142393253561,2025-12-22 15:34:37.604422
2025-12-22,24546,SEA,ANA,30000674,Vince Dunn,points,rf_qrf_points,0.3.0,empirical_qrf,0.022599025974025976,0.0,0.0,,3296292142393253561,2025-12-22 15:34:37.604422
2025-12-22,24546,SEA,ANA,30000758,Jamie Oleksiak,points,rf_qrf_points,0.3.0,empirical_qrf,0.04469018677451004,0.011764705882352941,0.08080808080808081,,3296292142393253561,2025-12-22 15:34:37.604422
2025-12-22,24546,SEA,ANA,30000794,Jaden Schwartz,points,rf_qrf_points,0.3.0,empirical_qrf,0.0042658730158730155,0.0,0.0,,3296292142393253561,2025-12-22 15:34:37.604422
2025-12-22,24546,SEA,ANA,30000812,Gustav Olofsson,points,rf_qrf_points,0.3.0,empirical_qrf,0.008001810528327363,0.006342303214143457,0.009674820591465402,,3296292142393253561,2025-12-22 15:34:37.604422
2025-12-22,24546,SEA,ANA,30000882,Brandon Montour,points,rf_qrf_points,0.3.0,empirical_qrf,0.005166666666666667,0.0,0.0,,3296292142393253561,2025-12-22 15:34:37.604422
2025-12-22,24546,SEA,ANA,30000929,Jared McCann,points,rf_qrf_points,0.3.0,empirical_qrf,0.0009015151515151515,0.0,0.0,,3296292142393253561,2025-12-22 15:34:37.604422
2025-12-22,24547,CBJ,LA,30000115,Sean Monahan,points,rf_qrf_points,0.3.0,empirical_qrf,0.0,0.0,0.0,,3296292142393253561,2025-12-22 15:34:37.604422
2025-12-22,24547,CBJ,LA,30000207,Damon Severson,points,rf_qrf_points,0.3.0,empirical_qrf,0.0,0.0,0.0,,3296292142393253561,2025-12-22 15:34:37.604422
2025-12-22,24547,CBJ,LA,30000233,Erik Gudbranson,points,rf_qrf_points,0.3.0,empirical_qrf,0.0,0.0,0.0,,3296292142393253561,2025-12-22 15:34:37.604422
2025-12-22,24547,CBJ,LA,30000623,Ivan Provorov,points,rf_qrf_points,0.3.0,empirical_qrf,0.0,0.0,0.0,,3296292142393253561,2025-12-22 15:34:37.604422
2025-12-22,24547,CBJ,LA,30000778,Boone Jenner,points,rf_qrf_points,0.3.0,empirical_qrf,0.005166666666666667,0.0,0.0,,3296292142393253561,2025-12-22 15:34:37.604422
2025-12-22,24547,CBJ,LA,30000805,Charlie Coyle,points,rf_qrf_points,0.3.0,empirical_qrf,0.0,0.0,0.0,,3296292142393253561,2025-12-22 15:34:37.604422
2025-12-22,24547,LA,CBJ,30006386,Tate Singleton,points,rf_qrf_points,0.3.0,empirical_qrf,0.008001810528327363,0.006342303214143457,0.009674820591465402,,3296292142393253561,2025-12-22 15:34:37.604422
2025-12-22,24547,CBJ,LA,30002223,Mason Marchment,points,rf_qrf_points,0.3.0,empirical_qrf,0.3049506791153463,0.0,0.7058823529411765,,3296292142393253561,2025-12-22 15:34:37.604422
2025-12-22,24547,LA,CBJ,30005322,Isaiah Saville,points,rf_qrf_points,0.3.0,empirical_qrf,0.0,0.0,0.0,,3296292142393253561,2025-12-22 15:34:37.604422
2025-12-22,24547,LA,CBJ,30005610,Andrei Kuzmenko,points,rf_qrf_points,0.3.0,empirical_qrf,0.0,0.0,0.0,,3296292142393253561,2025-12-22 15:34:37.604422
2025-12-22,24547,LA,CBJ,30005710,Angus Booth,points,rf_qrf_points,0.3.0,empirical_qrf,0.008001810528327363,0.006342303214143457,0.009674820591465402,,3296292142393253561,2025-12-22 15:34:37.604422
2025-12-22,24547,LA,CBJ,30006113,Jakub Dvorak,points,rf_qrf_points,0.3.0,empirical_qrf,0.0,0.0,0.0,,3296292142393253561,2025-12-22 15:34:37.604422
2025-12-22,24547,LA,CBJ,30006140,Koehn Ziemmer,points,rf_qrf_points,0.3.0,empirical_qrf,0.008001810528327363,0.006342303214143457,0.009674820591465402,,3296292142393253561,2025-12-22 15:34:37.604422
2025-12-22,24547,LA,CBJ,30006349,Jacob Modry,points,rf_qrf_points,0.3.0,empirical_qrf,0.008001810528327363,0.006342303214143457,0.009674820591465402,,3296292142393253561,2025-12-22 15:34:37.604422
2025-12-22,24547,LA,CBJ,30004856,Alex Laferriere,points,rf_qrf_points,0.3.0,empirical_qrf,0.0040965608465608466,0.0,0.0,,3296292142393253561,2025-12-22 15:34:37.604422
2025-12-22,24547,LA,CBJ,30004969,Jeff Malott,points,rf_qrf_points,0.3.0,empirical_qrf,0.1442438454791396,0.0,0.5,,3296292142393253561,2025-12-22 15:34:37.604422
2025-12-22,24547,LA,CBJ,30004994,Brandt Clarke,points,rf_qrf_points,0.3.0,empirical_qrf,0.020357202982202983,0.0,0.0,,3296292142393253561,2025-12-22 15:34:37.604422
2025-12-22,24547,LA,CBJ,30005015,Francesco Pinelli,points,rf_qrf_points,0.3.0,empirical_qrf,0.0029781460941806603,0.0,0.0064516129032258064,,3296292142393253561,2025-12-22 15:34:37.604422
2025-12-22,24547,LA,CBJ,30005039,Samuel Helenius,points,rf_qrf_points,0.3.0,empirical_qrf,0.011105890725335918,0.0,0.025,,3296292142393253561,2025-12-22 15:34:37.604422
2025-12-22,24547,LA,CBJ,30005087,Kaleb Lawrence,points,rf_qrf_points,0.3.0,empirical_qrf,0.008001810528327363,0.006342303214143457,0.009674820591465402,,3296292142393253561,2025-12-22 15:34:37.604422
2025-12-22,24547,LA,CBJ,30004321,Jacob Ingham,points,rf_qrf_points,0.3.0,empirical_qrf,0.008001810528327363,0.006342303214143457,0.009674820591465402,,3296292142393253561,2025-12-22 15:34:37.604422
2025-12-22,24547,LA,CBJ,30004436,Mikey Anderson,points,rf_qrf_points,0.3.0,empirical_qrf,0.0,0.0,0.0,,3296292142393253561,2025-12-22 15:34:37.604422
2025-12-22,24547,LA,CBJ,30004473,Alex Turcotte,points,rf_qrf_points,0.3.0,empirical_qrf,0.015632275132275133,0.0,0.0,,3296292142393253561,2025-12-22 15:34:37.604422
2025-12-22,24547,LA,CBJ,30004516,Nikita Alexandrov,points,rf_qrf_points,0.3.0,empirical_qrf,0.0,0.0,0.0,,3296292142393253561,2025-12-22 15:34:37.604422
2025-12-22,24547,LA,CBJ,30004571,Erik Portillo,points,rf_qrf_points,0.3.0,empirical_qrf,0.008001810528327363,0.006342303214143457,0.009674820591465402,,3296292142393253561,2025-12-22 15:34:37.604422
2025-12-22,24547,LA,CBJ,30004798,Quinton Byfield,points,rf_qrf_points,0.3.0,empirical_qrf,0.0009015151515151515,0.0,0.0,,3296292142393253561,2025-12-22 15:34:37.604422
2025-12-22,24547,LA,CBJ,30002582,Adrian Kempe,points,rf_qrf_points,0.3.0,empirical_qrf,0.0,0.0,0.0,,3296292142393253561,2025-12-22 15:34:37.604422
2025-12-22,24547,LA,CBJ,30002611,Warren Foegele,points,rf_qrf_points,0.3.0,empirical_qrf,0.0,0.0,0.0,,3296292142393253561,2025-12-22 15:34:37.604422
2025-12-22,24547,LA,CBJ,30002703,Kyle Burroughs,points,rf_qrf_points,0.3.0,empirical_qrf,0.0,0.0,0.0,,3296292142393253561,2025-12-22 15:34:37.604422
2025-12-22,24547,LA,CBJ,30003232,Jacob Moverare,points,rf_qrf_points,0.3.0,empirical_qrf,0.0,0.0,0.0,,3296292142393253561,2025-12-22 15:34:37.604422
2025-12-22,24547,LA,CBJ,30003236,Trevor Moore,points,rf_qrf_points,0.3.0,empirical_qrf,0.09061111111111111,0.0,0.2,,3296292142393253561,2025-12-22 15:34:37.604422
2025-12-22,24547,LA,CBJ,30003508,John Parker-Jones,points,rf_qrf_points,0.3.0,empirical_qrf,0.008001810528327363,0.006342303214143457,0.009674820591465402,,3296292142393253561,2025-12-22 15:34:37.604422
2025-12-22,24547,LA,CBJ,30000668,Anton Forsberg,points,rf_qrf_points,0.3.0,empirical_qrf,0.008001810528327363,0.006342303214143457,0.009674820591465402,,3296292142393253561,2025-12-22 15:34:37.604422
2025-12-22,24547,LA,CBJ,30000675,Joel Edmundson,points,rf_qrf_points,0.3.0,empirical_qrf,0.02385660115394995,0.0,0.058823529411764705,,3296292142393253561,2025-12-22 15:34:37.604422
2025-12-22,24547,LA,CBJ,30000770,Pheonix Copley,points,rf_qrf_points,0.3.0,empirical_qrf,0.008001810528327363,0.006342303214143457,0.009674820591465402,,3296292142393253561,2025-12-22 15:34:37.604422
2025-12-22,24547,LA,CBJ,30000788,Jacob Doty,points,rf_qrf_points,0.3.0,empirical_qrf,0.008001810528327363,0.006342303214143457,0.009674820591465402,,3296292142393253561,2025-12-22 15:34:37.604422
2025-12-22,24547,LA,CBJ,30000818,Joel Armia,points,rf_qrf_points,0.3.0,empirical_qrf,0.0,0.0,0.0,,3296292142393253561,2025-12-22 15:34:37.604422
2025-12-22,24547,LA,CBJ,30001265,Corey Perry,points,rf_qrf_points,0.3.0,empirical_qrf,0.15216666666666667,0.0,0.5100000000000022,,3296292142393253561,2025-12-22 15:34:37.604422
2025-12-22,24547,LA,CBJ,30000145,Drew Doughty,points,rf_qrf_points,0.3.0,empirical_qrf,0.0,0.0,0.0,,3296292142393253561,2025-12-22 15:34:37.604422
2025-12-22,24547,LA,CBJ,30000149,Anze Kopitar,points,rf_qrf_points,0.3.0,empirical_qrf,0.0,0.0,0.0,,3296292142393253561,2025-12-22 15:34:37.604422
2025-12-22,24547,LA,CBJ,30000199,Kevin Fiala,points,rf_qrf_points,0.3.0,empirical_qrf,0.005027777777777778,0.0,0.0,,3296292142393253561,2025-12-22 15:34:37.604422
2025-12-22,24547,LA,CBJ,30000476,Cody Ceci,points,rf_qrf_points,0.3.0,empirical_qrf,0.0,0.0,0.0,,3296292142393253561,2025-12-22 15:34:37.604422
2025-12-22,24547,LA,CBJ,30000495,Darcy Kuemper,points,rf_qrf_points,0.3.0,empirical_qrf,0.008001810528327363,0.006342303214143457,0.009674820591465402,,3296292142393253561,2025-12-22 15:34:37.604422
2025-12-22,24547,LA,CBJ,30000653,Brian Dumoulin,points,rf_qrf_points,0.3.0,empirical_qrf,0.003809218559218559,0.0,0.0,,3296292142393253561,2025-12-22 15:34:37.604422
2025-12-22,24547,CBJ,LA,30005733,Roman Ahcan,points,rf_qrf_points,0.3.0,empirical_qrf,0.01823654105851025,0.0077235602094240996,0.030316205533596843,,3296292142393253561,2025-12-22 15:34:37.604422
2025-12-22,24547,CBJ,LA,30005736,Nolan Lalonde,points,rf_qrf_points,0.3.0,empirical_qrf,0.008001810528327363,0.006342303214143457,0.009674820591465402,,3296292142393253561,2025-12-22 15:34:37.604422
2025-12-22,24547,CBJ,LA,30006022,Justin Pearson,points,rf_qrf_points,0.3.0,empirical_qrf,0.008001810528327363,0.006342303214143457,0.009674820591465402,,3296292142393253561,2025-12-22 15:34:37.604422
2025-12-22,24547,CBJ,LA,30006026,Hunter McKown,points,rf_qrf_points,0.3.0,empirical_qrf,0.03027044640056127,0.0,0.07169312169312175,,3296292142393253561,2025-12-22 15:34:37.604422
2025-12-22,24547,CBJ,LA,30006063,Adam Fantilli,points,rf_qrf_points,0.3.0,empirical_qrf,0.2385817053317053,0.0,1.0,,3296292142393253561,2025-12-22 15:34:37.604422
2025-12-22,24547,CBJ,LA,30006337,Riley Bezeau,points,rf_qrf_points,0.3.0,empirical_qrf,0.01823654105851025,0.0077235602094240996,0.030316205533596843,,3296292142393253561,2025-12-22 15:34:37.604422
2025-12-22,24547,CBJ,LA,30005290,Max McCue,points,rf_qrf_points,0.3.0,empirical_qrf,0.03087250855052415,0.011235955056179775,0.05334759358288771,,3296292142393253561,2025-12-22 15:34:37.604422
2025-12-22,24547,CBJ,LA,30005355,Mikael Pyyhtia,points,rf_qrf_points,0.3.0,empirical_qrf,0.0,0.0,0.0,,3296292142393253561,2025-12-22 15:34:37.604422
2025-12-22,24547,CBJ,LA,30005568,Owen Sillinger,points,rf_qrf_points,0.3.0,empirical_qrf,0.015972157565709,0.0,0.03636363636363636,,3296292142393253561,2025-12-22 15:34:37.604422
2025-12-22,24547,CBJ,LA,30005637,Denton Mateychuk,points,rf_qrf_points,0.3.0,empirical_qrf,0.03087250855052415,0.011235955056179775,0.05334759358288771,,3296292142393253561,2025-12-22 15:34:37.604422
2025-12-22,24547,CBJ,LA,30005664,Luca Del Bel Belluz,points,rf_qrf_points,0.3.0,empirical_qrf,0.0014166666666666668,0.0,0.0,,3296292142393253561,2025-12-22 15:34:37.604422
2025-12-22,24547,CBJ,LA,30005699,Jordan Dumais,points,rf_qrf_points,0.3.0,empirical_qrf,0.008001810528327363,0.006342303214143457,0.009674820591465402,,3296292142393253561,2025-12-22 15:34:37.604422
2025-12-22,24547,CBJ,LA,30004989,Kent Johnson,points,rf_qrf_points,0.3.0,empirical_qrf,0.009962301587301587,0.0,0.0,,3296292142393253561,2025-12-22 15:34:37.604422
2025-12-22,24547,CBJ,LA,30005002,Corson Ceulemans,points,rf_qrf_points,0.3.0,empirical_qrf,0.0,0.0,0.0,,3296292142393253561,2025-12-22 15:34:37.604422
2025-12-22,24547,CBJ,LA,30005049,Jet Greaves,points,rf_qrf_points,0.3.0,empirical_qrf,0.008001810528327363,0.006342303214143457,0.009674820591465402,,3296292142393253561,2025-12-22 15:34:37.604422
2025-12-22,24547,CBJ,LA,30005050,Stanislov Svozil,points,rf_qrf_points,0.3.0,empirical_qrf,0.0,0.0,0.0,,3296292142393253561,2025-12-22 15:34:37.604422
2025-12-22,24547,CBJ,LA,30005053,Ole Julian Bjorgvik-Holm,points,rf_qrf_points,0.3.0,empirical_qrf,0.008001810528327363,0.006342303214143457,0.009674820591465402,,3296292142393253561,2025-12-22 15:34:37.604422
2025-12-22,24547,CBJ,LA,30005088,James Malatesta,points,rf_qrf_points,0.3.0,empirical_qrf,0.0,0.0,0.0,,3296292142393253561,2025-12-22 15:34:37.604422
2025-12-22,24547,CBJ,LA,30004135,Kirill Marchenko,points,rf_qrf_points,0.3.0,empirical_qrf,0.002,0.0,0.0,,3296292142393253561,2025-12-22 15:34:37.604422
2025-12-22,24547,CBJ,LA,30004172,Curtis Hall,points,rf_qrf_points,0.3.0,empirical_qrf,0.008001810528327363,0.006342303214143457,0.009674820591465402,,3296292142393253561,2025-12-22 15:34:37.604422
2025-12-22,24547,CBJ,LA,30004306,Jake Christiansen,points,rf_qrf_points,0.3.0,empirical_qrf,0.0,0.0,0.0,,3296292142393253561,2025-12-22 15:34:37.604422
2025-12-22,24547,CBJ,LA,30004607,Dmitri Voronkov,points,rf_qrf_points,0.3.0,empirical_qrf,0.0,0.0,0.0,,3296292142393253561,2025-12-22 15:34:37.604422
2025-12-22,24547,CBJ,LA,30004799,Yegor Chinakhov,points,rf_qrf_points,0.3.0,empirical_qrf,0.0,0.0,0.0,,3296292142393253561,2025-12-22 15:34:37.604422
2025-12-22,24547,CBJ,LA,30004988,Cole Sillinger,points,rf_qrf_points,0.3.0,empirical_qrf,0.0,0.0,0.0,,3296292142393253561,2025-12-22 15:34:37.604422
2025-12-22,24547,CBJ,LA,30003079,Miles Wood,points,rf_qrf_points,0.3.0,empirical_qrf,0.0,0.0,0.0,,3296292142393253561,2025-12-22 15:34:37.604422
2025-12-22,24547,CBJ,LA,30003146,Dante Fabbro,points,rf_qrf_points,0.3.0,empirical_qrf,0.07297883597883598,0.0,0.3333333333333333,,3296292142393253561,2025-12-22 15:34:37.604422
2025-12-22,24547,CBJ,LA,30003267,Mathieu Olivier,points,rf_qrf_points,0.3.0,empirical_qrf,0.030654761904761903,0.0,0.0,,3296292142393253561,2025-12-22 15:34:37.604422
2025-12-22,24547,CBJ,LA,30003269,Zach Sawchenko,points,rf_qrf_points,0.3.0,empirical_qrf,0.008001810528327363,0.006342303214143457,0.009674820591465402,,3296292142393253561,2025-12-22 15:34:37.604422
2025-12-22,24547,CBJ,LA,30003549,Zachary Aston-Reese,points,rf_qrf_points,0.3.0,empirical_qrf,0.009430645200745163,0.0,0.019184652278177457,,3296292142393253561,2025-12-22 15:34:37.604422
2025-12-22,24547,CBJ,LA,30004097,Isac Lundestrom,points,rf_qrf_points,0.3.0,empirical_qrf,0.03087250855052415,0.011235955056179775,0.05334759358288771,,3296292142393253561,2025-12-22 15:34:37.604422
2025-12-22,24547,CBJ,LA,30000855,Brendan Smith,points,rf_qrf_points,0.3.0,empirical_qrf,0.011105890725335918,0.0,0.025,,3296292142393253561,2025-12-22 15:34:37.604422
2025-12-22,24547,CBJ,LA,30001196,Brendan Gaunce,points,rf_qrf_points,0.3.0,empirical_qrf,0.049342433726903966,0.0,0.0975609756097561,,3296292142393253561,2025-12-22 15:34:37.604422
2025-12-22,24547,CBJ,LA,30002554,Hudson Fasching,points,rf_qrf_points,0.3.0,empirical_qrf,0.0,0.0,0.0,,3296292142393253561,2025-12-22 15:34:37.604422
2025-12-22,24547,CBJ,LA,30002593,Dysin Mayo,points,rf_qrf_points,0.3.0,empirical_qrf,0.0029781460941806603,0.0,0.0064516129032258064,,3296292142393253561,2025-12-22 15:34:37.604422
2025-12-22,24547,CBJ,LA,30002616,Elvis Merzlikins,points,rf_qrf_points,0.3.0,empirical_qrf,0.008001810528327363,0.006342303214143457,0.009674820591465402,,3296292142393253561,2025-12-22 15:34:37.604422
2025-12-22,24547,CBJ,LA,30002770,Zach Werenski,points,rf_qrf_points,0.3.0,empirical_qrf,0.26231944444444444,0.0,1.5,,3296292142393253561,2025-12-22 15:34:37.604422
2025-12-22,24544,STL,TB,30000059,Brayden Schenn,goals,rf_qrf_goals,0.3.0,empirical_qrf,0.014994708994708995,0.0,0.0,,3296292142393253561,2025-12-22 15:34:50.807271
2025-12-22,24544,STL,TB,30000072,Torey Krug,goals,rf_qrf_goals,0.3.0,empirical_qrf,0.002295023029553377,0.0013588187781621954,0.003172725788052608,,3296292142393253561,2025-12-22 15:34:50.807271
2025-12-22,24544,STL,TB,30000225,Nick Bjugstad,goals,rf_qrf_goals,0.3.0,empirical_qrf,0.0,0.0,0.0,,3296292142393253561,2025-12-22 15:34:50.807271
2025-12-22,24544,STL,TB,30000405,Oskar Sundqvist,goals,rf_qrf_goals,0.3.0,empirical_qrf,0.0,0.0,0.0,,3296292142393253561,2025-12-22 15:34:50.807271
2025-12-22,24544,STL,TB,30000631,Justin Faulk,goals,rf_qrf_goals,0.3.0,empirical_qrf,0.0,0.0,0.0,,3296292142393253561,2025-12-22 15:34:50.807271
2025-12-22,24544,STL,TB,30000666,Jordan Binnington,goals,rf_qrf_goals,0.3.0,empirical_qrf,0.002295023029553377,0.0013588187781621954,0.003172725788052608,,3296292142393253561,2025-12-22 15:34:50.807271
2025-12-22,24544,STL,TB,30003174,Dillon Dube,goals,rf_qrf_goals,0.3.0,empirical_qrf,0.002295023029553377,0.0013588187781621954,0.003172725788052608,,3296292142393253561,2025-12-22 15:34:50.807271
2025-12-22,24544,STL,TB,30000789,Robby Fabbri,goals,rf_qrf_goals,0.3.0,empirical_qrf,0.0,0.0,0.0,,3296292142393253561,2025-12-22 15:34:50.807271
2025-12-22,24544,STL,TB,30006079,Otto Stenberg,goals,rf_qrf_goals,0.3.0,empirical_qrf,0.0008333333333333334,0.0,0.0,,3296292142393253561,2025-12-22 15:34:50.807271
2025-12-22,24544,STL,TB,30004111,Jonatan Berggren,goals,rf_qrf_goals,0.3.0,empirical_qrf,0.0,0.0,0.0,,3296292142393253561,2025-12-22 15:34:50.807271
2025-12-22,24544,TB,STL,30005920,Dominic James,goals,rf_qrf_goals,0.3.0,empirical_qrf,0.0,0.0,0.0,,3296292142393253561,2025-12-22 15:34:50.807271
2025-12-22,24544,TB,STL,30006012,Daniel Walker,goals,rf_qrf_goals,0.3.0,empirical_qrf,0.002295023029553377,0.0013588187781621954,0.003172725788052608,,3296292142393253561,2025-12-22 15:34:50.807271
2025-12-22,24544,TB,STL,30006096,Ethan Gauthier,goals,rf_qrf_goals,0.3.0,empirical_qrf,0.0,0.0,0.0,,3296292142393253561,2025-12-22 15:34:50.807271
2025-12-22,24544,TB,STL,30006311,Tristan Allard,goals,rf_qrf_goals,0.3.0,empirical_qrf,0.0,0.0,0.0,,3296292142393253561,2025-12-22 15:34:50.807271
2025-12-22,24544,TB,STL,30006313,Gabriel Szturc,goals,rf_qrf_goals,0.3.0,empirical_qrf,0.03056150855275953,0.010101010101010102,0.05436758893280633,,3296292142393253561,2025-12-22 15:34:50.807271
2025-12-22,24544,TB,STL,30006329,Brendan Furry,goals,rf_qrf_goals,0.3.0,empirical_qrf,0.0,0.0,0.0,,3296292142393253561,2025-12-22 15:34:50.807271
2025-12-22,24544,TB,STL,30005054,Matteo Pietroniro,goals,rf_qrf_goals,0.3.0,empirical_qrf,0.002295023029553377,0.0013588187781621954,0.003172725788052608,,3296292142393253561,2025-12-22 15:34:50.807271
2025-12-22,24544,TB,STL,30005366,Emil Lilleberg,goals,rf_qrf_goals,0.3.0,empirical_qrf,0.0018240740740740739,0.0,0.0,,3296292142393253561,2025-12-22 15:34:50.807271
2025-12-22,24544,TB,STL,30005421,Maxwell Crozier,goals,rf_qrf_goals,0.3.0,empirical_qrf,0.0,0.0,0.0,,3296292142393253561,2025-12-22 15:34:50.807271
2025-12-22,24544,TB,STL,30005562,Declan Carlile,goals,rf_qrf_goals,0.3.0,empirical_qrf,0.0,0.0,0.0,,3296292142393253561,2025-12-22 15:34:50.807271
2025-12-22,24544,TB,STL,30005740,Dyllan Gill,goals,rf_qrf_goals,0.3.0,empirical_qrf,0.002295023029553377,0.0013588187781621954,0.003172725788052608,,3296292142393253561,2025-12-22 15:34:50.807271
2025-12-22,24544,TB,STL,30005768,Tommy Miller,goals,rf_qrf_goals,0.3.0,empirical_qrf,0.06209259259259259,0.0,0.3333333333333333,,3296292142393253561,2025-12-22 15:34:50.807271
2025-12-22,24544,TB,STL,30004754,Mitchell Chaffee,goals,rf_qrf_goals,0.3.0,empirical_qrf,0.18327560865060866,0.0,0.42857142857142855,,3296292142393253561,2025-12-22 15:34:50.807271
2025-12-22,24544,TB,STL,30004836,Jack Finley,goals,rf_qrf_goals,0.3.0,empirical_qrf,0.011882487190379756,0.0,0.023269413844689245,,3296292142393253561,2025-12-22 15:34:50.807271
2025-12-22,24544,TB,STL,30004838,Gage Goncalves,goals,rf_qrf_goals,0.3.0,empirical_qrf,0.0003935185185185185,0.0,0.0,,3296292142393253561,2025-12-22 15:34:50.807271
2025-12-22,24544,TB,STL,30004840,Maxim Groshev,goals,rf_qrf_goals,0.3.0,empirical_qrf,0.014994708994708995,0.0,0.0,,3296292142393253561,2025-12-22 15:34:50.807271
2025-12-22,24544,TB,STL,30004974,Pontus Holmberg,goals,rf_qrf_goals,0.3.0,empirical_qrf,0.0,0.0,0.0,,3296292142393253561,2025-12-22 15:34:50.807271
2025-12-22,24544,TB,STL,30005044,J.J. Moser,goals,rf_qrf_goals,0.3.0,empirical_qrf,0.0,0.0,0.0,,3296292142393253561,2025-12-22 15:34:50.807271
2025-12-22,24544,TB,STL,30004182,Curtis Douglas,goals,rf_qrf_goals,0.3.0,empirical_qrf,0.0023405058345060967,0.0,0.0050176073094127735,,3296292142393253561,2025-12-22 15:34:50.807271
2025-12-22,24544,TB,STL,30004280,Joel Teasdale,goals,rf_qrf_goals,0.3.0,empirical_qrf,0.0023405058345060967,0.0,0.0050176073094127735,,3296292142393253561,2025-12-22 15:34:50.807271
2025-12-22,24544,TB,STL,30004487,Jakob Pelletier,goals,rf_qrf_goals,0.3.0,empirical_qrf,0.005626984126984126,0.0,0.0,,3296292142393253561,2025-12-22 15:34:50.807271
2025-12-22,24544,TB,STL,30004540,Reece Newkirk,goals,rf_qrf_goals,0.3.0,empirical_qrf,0.003387543012543012,0.0,0.0,,3296292142393253561,2025-12-22 15:34:50.807271
2025-12-22,24544,TB,STL,30004567,Simon Lundmark,goals,rf_qrf_goals,0.3.0,empirical_qrf,0.0,0.0,0.0,,3296292142393253561,2025-12-22 15:34:50.807271
2025-12-22,24544,TB,STL,30004631,Charle-Edouard D'Astous,goals,rf_qrf_goals,0.3.0,empirical_qrf,0.0,0.0,0.0,,3296292142393253561,2025-12-22 15:34:50.807271
2025-12-22,24544,TB,STL,30002821,Erik Cernak,goals,rf_qrf_goals,0.3.0,empirical_qrf,0.00015151515151515152,0.0,0.0,,3296292142393253561,2025-12-22 15:34:50.807271
2025-12-22,24544,TB,STL,30002845,Anthony Cirelli,goals,rf_qrf_goals,0.3.0,empirical_qrf,0.00018518518518518518,0.0,0.0,,3296292142393253561,2025-12-22 15:34:50.807271
2025-12-22,24544,TB,STL,30002974,Kale Kessy,goals,rf_qrf_goals,0.3.0,empirical_qrf,0.0023405058345060967,0.0,0.0050176073094127735,,3296292142393253561,2025-12-22 15:34:50.807271
2025-12-22,24544,TB,STL,30003167,Boris Katchouk,goals,rf_qrf_goals,0.3.0,empirical_qrf,0.0,0.0,0.0,,3296292142393253561,2025-12-22 15:34:50.807271
2025-12-22,24544,TB,STL,30003250,Brandon Hagel,goals,rf_qrf_goals,0.3.0,empirical_qrf,0.0,0.0,0.0,,3296292142393253561,2025-12-22 15:34:50.807271
2025-12-22,24544,TB,STL,30003478,Darren Raddysh,goals,rf_qrf_goals,0.3.0,empirical_qrf,0.036166666666666666,0.0,0.0,,3296292142393253561,2025-12-22 15:34:50.807271
2025-12-22,24544,TB,STL,30001377,Andrei Vasilevskiy,goals,rf_qrf_goals,0.3.0,empirical_qrf,0.002295023029553377,0.0013588187781621954,0.003172725788052608,,3296292142393253561,2025-12-22 15:34:50.807271
2025-12-22,24544,TB,STL,30002516,Steven Santini,goals,rf_qrf_goals,0.3.0,empirical_qrf,0.011119721777487577,0.0,0.025,,3296292142393253561,2025-12-22 15:34:50.807271
2025-12-22,24544,TB,STL,30002532,Jake Guentzel,goals,rf_qrf_goals,0.3.0,empirical_qrf,0.007472222222222221,0.0,0.0,,3296292142393253561,2025-12-22 15:34:50.807271
2025-12-22,24544,TB,STL,30002549,Scott Sabourin,goals,rf_qrf_goals,0.3.0,empirical_qrf,0.011119721777487577,0.0,0.025,,3296292142393253561,2025-12-22 15:34:50.807271
2025-12-22,24544,TB,STL,30002604,Brandon Halverson,goals,rf_qrf_goals,0.3.0,empirical_qrf,0.002295023029553377,0.0013588187781621954,0.003172725788052608,,3296292142393253561,2025-12-22 15:34:50.807271
2025-12-22,24544,TB,STL,30002606,Jonas Johansson,goals,rf_qrf_goals,0.3.0,empirical_qrf,0.002295023029553377,0.0013588187781621954,0.003172725788052608,,3296292142393253561,2025-12-22 15:34:50.807271
2025-12-22,24544,TB,STL,30000502,Zemgus Girgensons,goals,rf_qrf_goals,0.3.0,empirical_qrf,0.0,0.0,0.0,,3296292142393253561,2025-12-22 15:34:50.807271
2025-12-22,24544,TB,STL,30000737,Victor Hedman,goals,rf_qrf_goals,0.3.0,empirical_qrf,0.0,0.0,0.0,,3296292142393253561,2025-12-22 15:34:50.807271
2025-12-22,24544,TB,STL,30000742,Brayden Point,goals,rf_qrf_goals,0.3.0,empirical_qrf,0.0003333333333333334,0.0,0.0,,3296292142393253561,2025-12-22 15:34:50.807271
2025-12-22,24544,TB,STL,30001047,Nikita Kucherov,goals,rf_qrf_goals,0.3.0,empirical_qrf,0.0002777777777777778,0.0,0.0,,3296292142393253561,2025-12-22 15:34:50.807271
2025-12-22,24544,TB,STL,30001084,Ryan McDonagh,goals,rf_qrf_goals,0.3.0,empirical_qrf,0.0,0.0,0.0,,3296292142393253561,2025-12-22 15:34:50.807271
2025-12-22,24544,TB,STL,30001178,Yanni Gourde,goals,rf_qrf_goals,0.3.0,empirical_qrf,0.03056150855275953,0.010101010101010102,0.05436758893280633,,3296292142393253561,2025-12-22 15:34:50.807271
2025-12-22,24544,STL,TB,30005737,Marc-Andre Gaudet,goals,rf_qrf_goals,0.3.0,empirical_qrf,0.002295023029553377,0.0013588187781621954,0.003172725788052608,,3296292142393253561,2025-12-22 15:34:50.807271
2025-12-22,24544,STL,TB,30006051,Georgi Romanov,goals,rf_qrf_goals,0.3.0,empirical_qrf,0.002295023029553377,0.0013588187781621954,0.003172725788052608,,3296292142393253561,2025-12-22 15:34:50.807271
2025-12-22,24544,STL,TB,30006065,Dalibor Dvorsky,goals,rf_qrf_goals,0.3.0,empirical_qrf,0.0,0.0,0.0,,3296292142393253561,2025-12-22 15:34:50.807271
2025-12-22,24544,STL,TB,30006148,Quinton Burns,goals,rf_qrf_goals,0.3.0,empirical_qrf,0.013770473808532503,0.004405286343612335,0.023972345164742982,,3296292142393253561,2025-12-22 15:34:50.807271
2025-12-22,24544,TB,STL,30000428,Oliver Bjorkstrand,goals,rf_qrf_goals,0.3.0,empirical_qrf,0.004166666666666667,0.0,0.0,,3296292142393253561,2025-12-22 15:34:50.807271
2025-12-22,24544,TB,STL,30000477,Nick Paul,goals,rf_qrf_goals,0.3.0,empirical_qrf,0.0,0.0,0.0,,3296292142393253561,2025-12-22 15:34:50.807271
2025-12-22,24544,STL,TB,30004941,Matthew Kessel,goals,rf_qrf_goals,0.3.0,empirical_qrf,0.03056150855275953,0.010101010101010102,0.05436758893280633,,3296292142393253561,2025-12-22 15:34:50.807271
2025-12-22,24544,STL,TB,30004999,Logan Mailloux,goals,rf_qrf_goals,0.3.0,empirical_qrf,0.003387543012543012,0.0,0.0,,3296292142393253561,2025-12-22 15:34:50.807271
2025-12-22,24544,STL,TB,30005010,Zach Dean,goals,rf_qrf_goals,0.3.0,empirical_qrf,0.0,0.0,0.0,,3296292142393253561,2025-12-22 15:34:50.807271
2025-12-22,24544,STL,TB,30005136,Will Cranley,goals,rf_qrf_goals,0.3.0,empirical_qrf,0.002295023029553377,0.0013588187781621954,0.003172725788052608,,3296292142393253561,2025-12-22 15:34:50.807271
2025-12-22,24544,STL,TB,30005160,Carson Gicewicz,goals,rf_qrf_goals,0.3.0,empirical_qrf,0.0,0.0,0.0,,3296292142393253561,2025-12-22 15:34:50.807271
2025-12-22,24544,STL,TB,30005701,Michael Buchinger,goals,rf_qrf_goals,0.3.0,empirical_qrf,0.013770473808532503,0.004405286343612335,0.023972345164742982,,3296292142393253561,2025-12-22 15:34:50.807271
2025-12-22,24544,STL,TB,30004495,Philip Broberg,goals,rf_qrf_goals,0.3.0,empirical_qrf,0.0,0.0,0.0,,3296292142393253561,2025-12-22 15:34:50.807271
2025-12-22,24544,STL,TB,30004597,Vadim Zherenko,goals,rf_qrf_goals,0.3.0,empirical_qrf,0.002295023029553377,0.0013588187781621954,0.003172725788052608,,3296292142393253561,2025-12-22 15:34:50.807271
2025-12-22,24544,STL,TB,30004642,Hunter Skinner,goals,rf_qrf_goals,0.3.0,empirical_qrf,0.0,0.0,0.0,,3296292142393253561,2025-12-22 15:34:50.807271
2025-12-22,24544,STL,TB,30004804,Dylan Holloway,goals,rf_qrf_goals,0.3.0,empirical_qrf,0.001722222222222222,0.0,0.0,,3296292142393253561,2025-12-22 15:34:50.807271
2025-12-22,24544,STL,TB,30004812,Jake Neighbours,goals,rf_qrf_goals,0.3.0,empirical_qrf,0.0,0.0,0.0,,3296292142393253561,2025-12-22 15:34:50.807271
2025-12-22,24544,STL,TB,30004859,Leo Loof,goals,rf_qrf_goals,0.3.0,empirical_qrf,0.011882487190379756,0.0,0.023269413844689245,,3296292142393253561,2025-12-22 15:34:50.807271
2025-12-22,24544,STL,TB,30003899,Pius Suter,goals,rf_qrf_goals,0.3.0,empirical_qrf,0.0,0.0,0.0,,3296292142393253561,2025-12-22 15:34:50.807271
2025-12-22,24544,STL,TB,30004109,Akil Thomas,goals,rf_qrf_goals,0.3.0,empirical_qrf,0.013770473808532503,0.004405286343612335,0.023972345164742982,,3296292142393253561,2025-12-22 15:34:50.807271
2025-12-22,24544,STL,TB,30004206,Joel Hofer,goals,rf_qrf_goals,0.3.0,empirical_qrf,0.002295023029553377,0.0013588187781621954,0.003172725788052608,,3296292142393253561,2025-12-22 15:34:50.807271
2025-12-22,24544,STL,TB,30004211,Tyler Tucker,goals,rf_qrf_goals,0.3.0,empirical_qrf,0.011119721777487577,0.0,0.025,,3296292142393253561,2025-12-22 15:34:50.807271
2025-12-22,24544,STL,TB,30004355,Samuel Bitten,goals,rf_qrf_goals,0.3.0,empirical_qrf,0.0023405058345060967,0.0,0.0050176073094127735,,3296292142393253561,2025-12-22 15:34:50.807271
2025-12-22,24544,STL,TB,30004362,Hugh McGing,goals,rf_qrf_goals,0.3.0,empirical_qrf,0.02226961116571135,0.0,0.05272556390977445,,3296292142393253561,2025-12-22 15:34:50.807271
2025-12-22,24544,STL,TB,30003032,Mathieu Joseph,goals,rf_qrf_goals,0.3.0,empirical_qrf,0.0004166666666666667,0.0,0.0,,3296292142393253561,2025-12-22 15:34:50.807271
2025-12-22,24544,STL,TB,30003186,Jordan Kyrou,goals,rf_qrf_goals,0.3.0,empirical_qrf,0.0034781746031746033,0.0,0.0,,3296292142393253561,2025-12-22 15:34:50.807271
2025-12-22,24544,STL,TB,30003308,Matt Luff,goals,rf_qrf_goals,0.3.0,empirical_qrf,0.0,0.0,0.0,,3296292142393253561,2025-12-22 15:34:50.807271
2025-12-22,24544,STL,TB,30003617,Calle Rosen,goals,rf_qrf_goals,0.3.0,empirical_qrf,0.0,0.0,0.0,,3296292142393253561,2025-12-22 15:34:50.807271
2025-12-22,24544,STL,TB,30003659,Robert Thomas,goals,rf_qrf_goals,0.3.0,empirical_qrf,0.0016666666666666668,0.0,0.0,,3296292142393253561,2025-12-22 15:34:50.807271
2025-12-22,24544,STL,TB,30003766,Alexey Toropchenko,goals,rf_qrf_goals,0.3.0,empirical_qrf,0.0002777777777777778,0.0,0.0,,3296292142393253561,2025-12-22 15:34:50.807271
2025-12-22,24544,STL,TB,30000792,Colton Parayko,goals,rf_qrf_goals,0.3.0,empirical_qrf,0.0002777777777777778,0.0,0.0,,3296292142393253561,2025-12-22 15:34:50.807271
2025-12-22,24544,STL,TB,30000891,Chris Wagner,goals,rf_qrf_goals,0.3.0,empirical_qrf,0.0,0.0,0.0,,3296292142393253561,2025-12-22 15:34:50.807271
2025-12-22,24544,STL,TB,30001054,Matthew Peca,goals,rf_qrf_goals,0.3.0,empirical_qrf,0.002295023029553377,0.0013588187781621954,0.003172725788052608,,3296292142393253561,2025-12-22 15:34:50.807271
2025-12-22,24544,STL,TB,30001207,Cam Fowler,goals,rf_qrf_goals,0.3.0,empirical_qrf,0.0,0.0,0.0,,3296292142393253561,2025-12-22 15:34:50.807271
2025-12-22,24544,STL,TB,30002530,Pavel Buchnevich,goals,rf_qrf_goals,0.3.0,empirical_qrf,0.005972222222222222,0.0,0.0,,3296292142393253561,2025-12-22 15:34:50.807271
2025-12-22,24544,STL,TB,30002617,Nathan Walker,goals,rf_qrf_goals,0.3.0,empirical_qrf,0.0,0.0,0.0,,3296292142393253561,2025-12-22 15:34:50.807271
2025-12-22,24545,VAN,PHI,30000958,Derek Forbort,goals,rf_qrf_goals,0.3.0,empirical_qrf,0.0,0.0,0.0,,3296292142393253561,2025-12-22 15:34:50.807271
2025-12-22,24545,VAN,PHI,30000976,Evander Kane,goals,rf_qrf_goals,0.3.0,empirical_qrf,0.052448816534535814,0.0,0.125,,3296292142393253561,2025-12-22 15:34:50.807271
2025-12-22,24545,VAN,PHI,30001238,Jake DeBrusk,goals,rf_qrf_goals,0.3.0,empirical_qrf,0.0,0.0,0.0,,3296292142393253561,2025-12-22 15:34:50.807271
2025-12-22,24545,VAN,PHI,30001299,Tyler Myers,goals,rf_qrf_goals,0.3.0,empirical_qrf,0.034063246869447006,0.0,0.07692307692307693,,3296292142393253561,2025-12-22 15:34:50.807271
2025-12-22,24545,VAN,PHI,30001949,Guillaume Brisebois,goals,rf_qrf_goals,0.3.0,empirical_qrf,0.0,0.0,0.0,,3296292142393253561,2025-12-22 15:34:50.807271
2025-12-22,24545,VAN,PHI,30002479,Teddy Blueger,goals,rf_qrf_goals,0.3.0,empirical_qrf,0.0,0.0,0.0,,3296292142393253561,2025-12-22 15:34:50.807271
2025-12-22,24545,VAN,PHI,30004817,Lukas Reichel,goals,rf_qrf_goals,0.3.0,empirical_qrf,0.0,0.0,0.0,,3296292142393253561,2025-12-22 15:34:50.807271
2025-12-22,24545,VAN,PHI,30005566,Arshdeep Bains,goals,rf_qrf_goals,0.3.0,empirical_qrf,0.0,0.0,0.0,,3296292142393253561,2025-12-22 15:34:50.807271
2025-12-22,24545,PHI,VAN,30004205,Egor Zamula,goals,rf_qrf_goals,0.3.0,empirical_qrf,0.02727309084079643,0.0,0.053376344086021515,,3296292142393253561,2025-12-22 15:34:50.807271
2025-12-22,24545,PHI,VAN,30006135,Denver Barkey,goals,rf_qrf_goals,0.3.0,empirical_qrf,0.013770473808532503,0.004405286343612335,0.023972345164742982,,3296292142393253561,2025-12-22 15:34:50.807271
2025-12-22,24545,PHI,VAN,30005345,Roman Schmidt,goals,rf_qrf_goals,0.3.0,empirical_qrf,0.0,0.0,0.0,,3296292142393253561,2025-12-22 15:34:50.807271
2025-12-22,24545,VAN,PHI,30004140,Jett Woo,goals,rf_qrf_goals,0.3.0,empirical_qrf,0.013770473808532503,0.004405286343612335,0.023972345164742982,,3296292142393253561,2025-12-22 15:34:50.807271
2025-12-22,24545,VAN,PHI,30004818,Marco Rossi,goals,rf_qrf_goals,0.3.0,empirical_qrf,0.0008333333333333334,0.0,0.0,,3296292142393253561,2025-12-22 15:34:50.807271
2025-12-22,24545,VAN,PHI,30005642,Liam Ohgren,goals,rf_qrf_goals,0.3.0,empirical_qrf,0.0,0.0,0.0,,3296292142393253561,2025-12-22 15:34:50.807271
2025-12-22,24545,VAN,PHI,30006486,Zeev Buium,goals,rf_qrf_goals,0.3.0,empirical_qrf,0.0,0.0,0.0,,3296292142393253561,2025-12-22 15:34:50.807271
2025-12-22,24545,PHI,VAN,30005756,Tucker Robertson,goals,rf_qrf_goals,0.3.0,empirical_qrf,0.002295023029553377,0.0013588187781621954,0.003172725788052608,,3296292142393253561,2025-12-22 15:34:50.807271
2025-12-22,24545,PHI,VAN,30005958,Nikita Grebenkin,goals,rf_qrf_goals,0.3.0,empirical_qrf,0.0018240740740740739,0.0,0.0,,3296292142393253561,2025-12-22 15:34:50.807271
2025-12-22,24545,PHI,VAN,30006045,Yaniv Perets,goals,rf_qrf_goals,0.3.0,empirical_qrf,0.002295023029553377,0.0013588187781621954,0.003172725788052608,,3296292142393253561,2025-12-22 15:34:50.807271
2025-12-22,24545,PHI,VAN,30006061,Matvei Michkov,goals,rf_qrf_goals,0.3.0,empirical_qrf,0.0,0.0,0.0,,3296292142393253561,2025-12-22 15:34:50.807271
2025-12-22,24545,PHI,VAN,30006075,Oliver Bonk,goals,rf_qrf_goals,0.3.0,empirical_qrf,0.0,0.0,0.0,,3296292142393253561,2025-12-22 15:34:50.807271
2025-12-22,24545,PHI,VAN,30006100,Carson Bjarnason,goals,rf_qrf_goals,0.3.0,empirical_qrf,0.002295023029553377,0.0013588187781621954,0.003172725788052608,,3296292142393253561,2025-12-22 15:34:50.807271
2025-12-22,24545,PHI,VAN,30004824,Emil Andrae,goals,rf_qrf_goals,0.3.0,empirical_qrf,0.0,0.0,0.0,,3296292142393253561,2025-12-22 15:34:50.807271
2025-12-22,24545,PHI,VAN,30004839,Helge Grans,goals,rf_qrf_goals,0.3.0,empirical_qrf,0.0,0.0,0.0,,3296292142393253561,2025-12-22 15:34:50.807271
2025-12-22,24545,PHI,VAN,30005234,Vincent Sevigny,goals,rf_qrf_goals,0.3.0,empirical_qrf,0.002295023029553377,0.0013588187781621954,0.003172725788052608,,3296292142393253561,2025-12-22 15:34:50.807271
2025-12-22,24545,PHI,VAN,30005293,Artem Guryev,goals,rf_qrf_goals,0.3.0,empirical_qrf,0.002295023029553377,0.0013588187781621954,0.003172725788052608,,3296292142393253561,2025-12-22 15:34:50.807271
2025-12-22,24545,PHI,VAN,30005397,Noah Cates,goals,rf_qrf_goals,0.3.0,empirical_qrf,0.0037585978835978835,0.0,0.0,,3296292142393253561,2025-12-22 15:34:50.807271
2025-12-22,24545,PHI,VAN,30005401,Aleksei Kolosov,goals,rf_qrf_goals,0.3.0,empirical_qrf,0.002295023029553377,0.0013588187781621954,0.003172725788052608,,3296292142393253561,2025-12-22 15:34:50.807271
2025-12-22,24545,PHI,VAN,30004406,Samuel Ersson,goals,rf_qrf_goals,0.3.0,empirical_qrf,0.002295023029553377,0.0013588187781621954,0.003172725788052608,,3296292142393253561,2025-12-22 15:34:50.807271
2025-12-22,24545,PHI,VAN,30004481,Trevor Zegras,goals,rf_qrf_goals,0.3.0,empirical_qrf,0.0,0.0,0.0,,3296292142393253561,2025-12-22 15:34:50.807271
2025-12-22,24545,PHI,VAN,30004484,Cam York,goals,rf_qrf_goals,0.3.0,empirical_qrf,0.0,0.0,0.0,,3296292142393253561,2025-12-22 15:34:50.807271
2025-12-22,24545,PHI,VAN,30004508,Bobby Brink,goals,rf_qrf_goals,0.3.0,empirical_qrf,0.0002777777777777778,0.0,0.0,,3296292142393253561,2025-12-22 15:34:50.807271
2025-12-22,24545,PHI,VAN,30004800,Jamie Drysdale,goals,rf_qrf_goals,0.3.0,empirical_qrf,0.002057523495023495,0.0,0.0,,3296292142393253561,2025-12-22 15:34:50.807271
2025-12-22,24545,PHI,VAN,30004801,Tyson Foerster,goals,rf_qrf_goals,0.3.0,empirical_qrf,0.0,0.0,0.0,,3296292142393253561,2025-12-22 15:34:50.807271
2025-12-22,24545,PHI,VAN,30003283,Lane Pederson,goals,rf_qrf_goals,0.3.0,empirical_qrf,0.0,0.0,0.0,,3296292142393253561,2025-12-22 15:34:50.807271
2025-12-22,24545,PHI,VAN,30003500,Rodrigo Abols,goals,rf_qrf_goals,0.3.0,empirical_qrf,0.0,0.0,0.0,,3296292142393253561,2025-12-22 15:34:50.807271
2025-12-22,24545,PHI,VAN,30003653,Owen Tippett,goals,rf_qrf_goals,0.3.0,empirical_qrf,0.0,0.0,0.0,,3296292142393253561,2025-12-22 15:34:50.807271
2025-12-22,24545,PHI,VAN,30003733,Keith Petruzzelli,goals,rf_qrf_goals,0.3.0,empirical_qrf,0.002295023029553377,0.0013588187781621954,0.003172725788052608,,3296292142393253561,2025-12-22 15:34:50.807271
2025-12-22,24545,PHI,VAN,30004002,Cooper Marody,goals,rf_qrf_goals,0.3.0,empirical_qrf,0.002295023029553377,0.0013588187781621954,0.003172725788052608,,3296292142393253561,2025-12-22 15:34:50.807271
2025-12-22,24545,PHI,VAN,30004154,Xavier Bernard,goals,rf_qrf_goals,0.3.0,empirical_qrf,0.0,0.0,0.0,,3296292142393253561,2025-12-22 15:34:50.807271
2025-12-22,24545,PHI,VAN,30001294,Rasmus Ristolainen,goals,rf_qrf_goals,0.3.0,empirical_qrf,0.002295023029553377,0.0013588187781621954,0.003172725788052608,,3296292142393253561,2025-12-22 15:34:50.807271
2025-12-22,24545,PHI,VAN,30001312,Noah Juulsen,goals,rf_qrf_goals,0.3.0,empirical_qrf,0.011882487190379756,0.0,0.023269413844689245,,3296292142393253561,2025-12-22 15:34:50.807271
2025-12-22,24545,PHI,VAN,30002786,Dan Vladar,goals,rf_qrf_goals,0.3.0,empirical_qrf,0.002295023029553377,0.0013588187781621954,0.003172725788052608,,3296292142393253561,2025-12-22 15:34:50.807271
2025-12-22,24545,PHI,VAN,30002979,Anthony Richard,goals,rf_qrf_goals,0.3.0,empirical_qrf,0.0,0.0,0.0,,3296292142393253561,2025-12-22 15:34:50.807271
2025-12-22,24545,PHI,VAN,30003016,Nick Seeler,goals,rf_qrf_goals,0.3.0,empirical_qrf,0.0,0.0,0.0,,3296292142393253561,2025-12-22 15:34:50.807271
2025-12-22,24545,PHI,VAN,30003171,Carl Grundstrom,goals,rf_qrf_goals,0.3.0,empirical_qrf,0.0,0.0,0.0,,3296292142393253561,2025-12-22 15:34:50.807271
2025-12-22,24545,PHI,VAN,30000234,Garrett Wilson,goals,rf_qrf_goals,0.3.0,empirical_qrf,0.0023405058345060967,0.0,0.0050176073094127735,,3296292142393253561,2025-12-22 15:34:50.807271
2025-12-22,24545,PHI,VAN,30000349,Travis Konecny,goals,rf_qrf_goals,0.3.0,empirical_qrf,0.001722222222222222,0.0,0.0,,3296292142393253561,2025-12-22 15:34:50.807271
2025-12-22,24545,PHI,VAN,30000501,Nicolas Deslauriers,goals,rf_qrf_goals,0.3.0,empirical_qrf,0.0,0.0,0.0,,3296292142393253561,2025-12-22 15:34:50.807271
2025-12-22,24545,PHI,VAN,30000624,Travis Sanheim,goals,rf_qrf_goals,0.3.0,empirical_qrf,0.0,0.0,0.0,,3296292142393253561,2025-12-22 15:34:50.807271
2025-12-22,24545,PHI,VAN,30000942,Christian Dvorak,goals,rf_qrf_goals,0.3.0,empirical_qrf,0.0,0.0,0.0,,3296292142393253561,2025-12-22 15:34:50.807271
2025-12-22,24545,PHI,VAN,30001201,Garnet Hathaway,goals,rf_qrf_goals,0.3.0,empirical_qrf,0.0023405058345060967,0.0,0.0050176073094127735,,3296292142393253561,2025-12-22 15:34:50.807271
2025-12-22,24545,VAN,PHI,30006031,Max Sasson,goals,rf_qrf_goals,0.3.0,empirical_qrf,0.0,0.0,0.0,,3296292142393253561,2025-12-22 15:34:50.807271
2025-12-22,24545,VAN,PHI,30006037,Nikita Tolopilo,goals,rf_qrf_goals,0.3.0,empirical_qrf,0.002295023029553377,0.0013588187781621954,0.003172725788052608,,3296292142393253561,2025-12-22 15:34:50.807271
2025-12-22,24545,VAN,PHI,30006067,Tom Willander,goals,rf_qrf_goals,0.3.0,empirical_qrf,0.0,0.0,0.0,,3296292142393253561,2025-12-22 15:34:50.807271
2025-12-22,24545,VAN,PHI,30006320,Joe Arntsen,goals,rf_qrf_goals,0.3.0,empirical_qrf,0.002295023029553377,0.0013588187781621954,0.003172725788052608,,3296292142393253561,2025-12-22 15:34:50.807271
2025-12-22,24545,VAN,PHI,30006441,Elias Nils Pettersson,goals,rf_qrf_goals,0.3.0,empirical_qrf,0.0,0.0,0.0,,3296292142393253561,2025-12-22 15:34:50.807271
2025-12-22,24545,PHI,VAN,30000050,Sean Couturier,goals,rf_qrf_goals,0.3.0,empirical_qrf,0.0013888888888888887,0.0,0.0,,3296292142393253561,2025-12-22 15:34:50.807271
2025-12-22,24545,VAN,PHI,30005171,Dino Kambeitz,goals,rf_qrf_goals,0.3.0,empirical_qrf,0.002295023029553377,0.0013588187781621954,0.003172725788052608,,3296292142393253561,2025-12-22 15:34:50.807271
2025-12-22,24545,VAN,PHI,30005456,Nils Aman,goals,rf_qrf_goals,0.3.0,empirical_qrf,0.0,0.0,0.0,,3296292142393253561,2025-12-22 15:34:50.807271
2025-12-22,24545,VAN,PHI,30005619,Jonathan Lekkerimaki,goals,rf_qrf_goals,0.3.0,empirical_qrf,0.07251455026455027,0.0,0.3333333333333333,,3296292142393253561,2025-12-22 15:34:50.807271
2025-12-22,24545,VAN,PHI,30005747,Jonathan Lemieux,goals,rf_qrf_goals,0.3.0,empirical_qrf,0.002295023029553377,0.0013588187781621954,0.003172725788052608,,3296292142393253561,2025-12-22 15:34:50.807271
2025-12-22,24545,VAN,PHI,30005831,Kirill Kudryavtsev,goals,rf_qrf_goals,0.3.0,empirical_qrf,0.0,0.0,0.0,,3296292142393253561,2025-12-22 15:34:50.807271
2025-12-22,24545,VAN,PHI,30005837,Ty Young,goals,rf_qrf_goals,0.3.0,empirical_qrf,0.002295023029553377,0.0013588187781621954,0.003172725788052608,,3296292142393253561,2025-12-22 15:34:50.807271
2025-12-22,24545,VAN,PHI,30004581,Nikolai Knyzhov,goals,rf_qrf_goals,0.3.0,empirical_qrf,0.0023405058345060967,0.0,0.0050176073094127735,,3296292142393253561,2025-12-22 15:34:50.807271
2025-12-22,24545,VAN,PHI,30004741,Drew O'Connor,goals,rf_qrf_goals,0.3.0,empirical_qrf,0.0,0.0,0.0,,3296292142393253561,2025-12-22 15:34:50.807271
2025-12-22,24545,VAN,PHI,30005016,Danila Klimovich,goals,rf_qrf_goals,0.3.0,empirical_qrf,0.0,0.0,0.0,,3296292142393253561,2025-12-22 15:34:50.807271
2025-12-22,24545,VAN,PHI,30005028,Aatu Raty,goals,rf_qrf_goals,0.3.0,empirical_qrf,0.0037585978835978835,0.0,0.0,,3296292142393253561,2025-12-22 15:34:50.807271
2025-12-22,24545,VAN,PHI,30005100,Cooper Walker,goals,rf_qrf_goals,0.3.0,empirical_qrf,0.002295023029553377,0.0013588187781621954,0.003172725788052608,,3296292142393253561,2025-12-22 15:34:50.807271
2025-12-22,24545,VAN,PHI,30005145,Josh Bloom,goals,rf_qrf_goals,0.3.0,empirical_qrf,0.002295023029553377,0.0013588187781621954,0.003172725788052608,,3296292142393253561,2025-12-22 15:34:50.807271
2025-12-22,24545,VAN,PHI,30004001,Kiefer Sherwood,goals,rf_qrf_goals,0.3.0,empirical_qrf,0.0,0.0,0.0,,3296292142393253561,2025-12-22 15:34:50.807271
2025-12-22,24545,VAN,PHI,30004058,Kevin Lankinen,goals,rf_qrf_goals,0.3.0,empirical_qrf,0.002295023029553377,0.0013588187781621954,0.003172725788052608,,3296292142393253561,2025-12-22 15:34:50.807271
2025-12-22,24545,VAN,PHI,30004153,Linus Karlsson,goals,rf_qrf_goals,0.3.0,empirical_qrf,0.0,0.0,0.0,,3296292142393253561,2025-12-22 15:34:50.807271
2025-12-22,24545,VAN,PHI,30004227,Chase Wouters,goals,rf_qrf_goals,0.3.0,empirical_qrf,0.002295023029553377,0.0013588187781621954,0.003172725788052608,,3296292142393253561,2025-12-22 15:34:50.807271
2025-12-22,24545,VAN,PHI,30004425,Jimmy Schuldt,goals,rf_qrf_goals,0.3.0,empirical_qrf,0.0023405058345060967,0.0,0.0050176073094127735,,3296292142393253561,2025-12-22 15:34:50.807271
2025-12-22,24545,VAN,PHI,30004531,Nils Hoglander,goals,rf_qrf_goals,0.3.0,empirical_qrf,0.002476851851851852,0.0,0.0,,3296292142393253561,2025-12-22 15:34:50.807271
2025-12-22,24545,VAN,PHI,30003193,Filip Hronek,goals,rf_qrf_goals,0.3.0,empirical_qrf,0.012555555555555556,0.0,0.0,,3296292142393253561,2025-12-22 15:34:50.807271
2025-12-22,24545,VAN,PHI,30003604,David Kampf,goals,rf_qrf_goals,0.3.0,empirical_qrf,0.03056150855275953,0.010101010101010102,0.05436758893280633,,3296292142393253561,2025-12-22 15:34:50.807271
2025-12-22,24545,VAN,PHI,30003647,Elias Pettersson,goals,rf_qrf_goals,0.3.0,empirical_qrf,0.0,0.0,0.0,,3296292142393253561,2025-12-22 15:34:50.807271
2025-12-22,24545,VAN,PHI,30003655,Filip Chytil,goals,rf_qrf_goals,0.3.0,empirical_qrf,0.0,0.0,0.0,,3296292142393253561,2025-12-22 15:34:50.807271
2025-12-22,24545,VAN,PHI,30003666,Pierre-Olivier Joseph,goals,rf_qrf_goals,0.3.0,empirical_qrf,0.011119721777487577,0.0,0.025,,3296292142393253561,2025-12-22 15:34:50.807271
2025-12-22,24545,VAN,PHI,30003776,Jiri Patera,goals,rf_qrf_goals,0.3.0,empirical_qrf,0.002295023029553377,0.0013588187781621954,0.003172725788052608,,3296292142393253561,2025-12-22 15:34:50.807271
2025-12-22,24545,VAN,PHI,30002581,Thatcher Demko,goals,rf_qrf_goals,0.3.0,empirical_qrf,0.002295023029553377,0.0013588187781621954,0.003172725788052608,,3296292142393253561,2025-12-22 15:34:50.807271
2025-12-22,24545,VAN,PHI,30002587,Marcus Pettersson,goals,rf_qrf_goals,0.3.0,empirical_qrf,0.0,0.0,0.0,,3296292142393253561,2025-12-22 15:34:50.807271
2025-12-22,24545,VAN,PHI,30002777,Brock Boeser,goals,rf_qrf_goals,0.3.0,empirical_qrf,0.0004166666666666667,0.0,0.0,,3296292142393253561,2025-12-22 15:34:50.807271
2025-12-22,24545,VAN,PHI,30002793,Joseph Labate,goals,rf_qrf_goals,0.3.0,empirical_qrf,0.011040356652447644,0.0,0.02531645569620253,,3296292142393253561,2025-12-22 15:34:50.807271
2025-12-22,24545,VAN,PHI,30002876,Conor Garland,goals,rf_qrf_goals,0.3.0,empirical_qrf,0.023555555555555555,0.0,0.0,,3296292142393253561,2025-12-22 15:34:50.807271
2025-12-22,24545,VAN,PHI,30003063,Mackenzie MacEachern,goals,rf_qrf_goals,0.3.0,empirical_qrf,0.0,0.0,0.0,,3296292142393253561,2025-12-22 15:34:50.807271
2025-12-22,24546,SEA,ANA,30000303,Adam Larsson,goals,rf_qrf_goals,0.3.0,empirical_qrf,0.0,0.0,0.0,,3296292142393253561,2025-12-22 15:34:50.807271
2025-12-22,24546,SEA,ANA,30000460,Max McCormick,goals,rf_qrf_goals,0.3.0,empirical_qrf,0.0,0.0,0.0,,3296292142393253561,2025-12-22 15:34:50.807271
2025-12-22,24546,SEA,ANA,30000539,Jordan Eberle,goals,rf_qrf_goals,0.3.0,empirical_qrf,0.0013888888888888887,0.0,0.0,,3296292142393253561,2025-12-22 15:34:50.807271
2025-12-22,24546,SEA,ANA,30000577,Philipp Grubauer,goals,rf_qrf_goals,0.3.0,empirical_qrf,0.002295023029553377,0.0013588187781621954,0.003172725788052608,,3296292142393253561,2025-12-22 15:34:50.807271
2025-12-22,24546,SEA,ANA,30000596,Chandler Stephenson,goals,rf_qrf_goals,0.3.0,empirical_qrf,0.0,0.0,0.0,,3296292142393253561,2025-12-22 15:34:50.807271
2025-12-22,24546,SEA,ANA,30000629,Matt Murray,goals,rf_qrf_goals,0.3.0,empirical_qrf,0.002295023029553377,0.0013588187781621954,0.003172725788052608,,3296292142393253561,2025-12-22 15:34:50.807271
2025-12-22,24546,ANA,SEA,30006483,Beckett Sennecke,goals,rf_qrf_goals,0.3.0,empirical_qrf,0.014994708994708995,0.0,0.0,,3296292142393253561,2025-12-22 15:34:50.807271
2025-12-22,24546,ANA,SEA,30006117,Nico Myatovic,goals,rf_qrf_goals,0.3.0,empirical_qrf,0.0,0.0,0.0,,3296292142393253561,2025-12-22 15:34:50.807271
2025-12-22,24546,ANA,SEA,30006129,Coulson Pitre,goals,rf_qrf_goals,0.3.0,empirical_qrf,0.0,0.0,0.0,,3296292142393253561,2025-12-22 15:34:50.807271
2025-12-22,24546,ANA,SEA,30006161,Yegor Sidorov,goals,rf_qrf_goals,0.3.0,empirical_qrf,0.03980513468013468,0.0,0.17000000000000076,,3296292142393253561,2025-12-22 15:34:50.807271
2025-12-22,24546,ANA,SEA,30006162,Konnor Smith,goals,rf_qrf_goals,0.3.0,empirical_qrf,0.002295023029553377,0.0013588187781621954,0.003172725788052608,,3296292142393253561,2025-12-22 15:34:50.807271
2025-12-22,24546,ANA,SEA,30006310,Roman Kinal,goals,rf_qrf_goals,0.3.0,empirical_qrf,0.02226961116571135,0.0,0.05272556390977445,,3296292142393253561,2025-12-22 15:34:50.807271
2025-12-22,24546,ANA,SEA,30006353,Easton Armstrong,goals,rf_qrf_goals,0.3.0,empirical_qrf,0.002295023029553377,0.0013588187781621954,0.003172725788052608,,3296292142393253561,2025-12-22 15:34:50.807271
2025-12-22,24546,ANA,SEA,30005677,Noah Warren,goals,rf_qrf_goals,0.3.0,empirical_qrf,0.0023405058345060967,0.0,0.0050176073094127735,,3296292142393253561,2025-12-22 15:34:50.807271
2025-12-22,24546,ANA,SEA,30005678,Tristan Luneau,goals,rf_qrf_goals,0.3.0,empirical_qrf,0.0,0.0,0.0,,3296292142393253561,2025-12-22 15:34:50.807271
2025-12-22,24546,ANA,SEA,30005945,Tomas Suchanek,goals,rf_qrf_goals,0.3.0,empirical_qrf,0.002295023029553377,0.0013588187781621954,0.003172725788052608,,3296292142393253561,2025-12-22 15:34:50.807271
2025-12-22,24546,ANA,SEA,30006016,Jaxsen Wiebe,goals,rf_qrf_goals,0.3.0,empirical_qrf,0.002295023029553377,0.0013588187781621954,0.003172725788052608,,3296292142393253561,2025-12-22 15:34:50.807271
2025-12-22,24546,ANA,SEA,30006017,Nikita Nesterenko,goals,rf_qrf_goals,0.3.0,empirical_qrf,0.0,0.0,0.0,,3296292142393253561,2025-12-22 15:34:50.807271
2025-12-22,24546,ANA,SEA,30006069,Leo Carlsson,goals,rf_qrf_goals,0.3.0,empirical_qrf,0.0,0.0,0.0,,3296292142393253561,2025-12-22 15:34:50.807271
2025-12-22,24546,ANA,SEA,30005095,Davis Codd,goals,rf_qrf_goals,0.3.0,empirical_qrf,0.0,0.0,0.0,,3296292142393253561,2025-12-22 15:34:50.807271
2025-12-22,24546,ANA,SEA,30005275,Tyson Hinds,goals,rf_qrf_goals,0.3.0,empirical_qrf,0.006079665704665705,0.0,0.0,,3296292142393253561,2025-12-22 15:34:50.807271
2025-12-22,24546,ANA,SEA,30005285,Jeremie Biakabutuka,goals,rf_qrf_goals,0.3.0,empirical_qrf,0.002295023029553377,0.0013588187781621954,0.003172725788052608,,3296292142393253561,2025-12-22 15:34:50.807271
2025-12-22,24546,ANA,SEA,30005615,Pavel Mintyukov,goals,rf_qrf_goals,0.3.0,empirical_qrf,0.048473589781177634,0.0,0.11764705882352941,,3296292142393253561,2025-12-22 15:34:50.807271
2025-12-22,24546,ANA,SEA,30005620,Cutter Gauthier,goals,rf_qrf_goals,0.3.0,empirical_qrf,0.0,0.0,0.0,,3296292142393253561,2025-12-22 15:34:50.807271
2025-12-22,24546,ANA,SEA,30005643,Nathan Gaucher,goals,rf_qrf_goals,0.3.0,empirical_qrf,0.0,0.0,0.0,,3296292142393253561,2025-12-22 15:34:50.807271
2025-12-22,24546,ANA,SEA,30004828,Calle Clang,goals,rf_qrf_goals,0.3.0,empirical_qrf,0.002295023029553377,0.0013588187781621954,0.003172725788052608,,3296292142393253561,2025-12-22 15:34:50.807271
2025-12-22,24546,ANA,SEA,30004829,Sam Colangelo,goals,rf_qrf_goals,0.3.0,empirical_qrf,0.0002777777777777778,0.0,0.0,,3296292142393253561,2025-12-22 15:34:50.807271
2025-12-22,24546,ANA,SEA,30004861,Ian Moore,goals,rf_qrf_goals,0.3.0,empirical_qrf,0.0,0.0,0.0,,3296292142393253561,2025-12-22 15:34:50.807271
2025-12-22,24546,ANA,SEA,30004997,Mason McTavish,goals,rf_qrf_goals,0.3.0,empirical_qrf,0.0,0.0,0.0,,3296292142393253561,2025-12-22 15:34:50.807271
2025-12-22,24546,ANA,SEA,30005018,Olen Zellweger,goals,rf_qrf_goals,0.3.0,empirical_qrf,0.0,0.0,0.0,,3296292142393253561,2025-12-22 15:34:50.807271
2025-12-22,24546,ANA,SEA,30005051,Sasha Pastujov,goals,rf_qrf_goals,0.3.0,empirical_qrf,0.0,0.0,0.0,,3296292142393253561,2025-12-22 15:34:50.807271
2025-12-22,24546,ANA,SEA,30003747,Troy Terry,goals,rf_qrf_goals,0.3.0,empirical_qrf,0.0,0.0,0.0,,3296292142393253561,2025-12-22 15:34:50.807271
2025-12-22,24546,ANA,SEA,30003948,David Cotton,goals,rf_qrf_goals,0.3.0,empirical_qrf,0.0,0.0,0.0,,3296292142393253561,2025-12-22 15:34:50.807271
2025-12-22,24546,ANA,SEA,30004160,Lukas Dostal,goals,rf_qrf_goals,0.3.0,empirical_qrf,0.002295023029553377,0.0013588187781621954,0.003172725788052608,,3296292142393253561,2025-12-22 15:34:50.807271
2025-12-22,24546,ANA,SEA,30004512,Drew Helleson,goals,rf_qrf_goals,0.3.0,empirical_qrf,0.13608401225680639,0.0,0.3333333333333333,,3296292142393253561,2025-12-22 15:34:50.807271
2025-12-22,24546,ANA,SEA,30004526,Jackson LaCombe,goals,rf_qrf_goals,0.3.0,empirical_qrf,0.003277777777777778,0.0,0.0,,3296292142393253561,2025-12-22 15:34:50.807271
2025-12-22,24546,ANA,SEA,30004550,Judd Caulfield,goals,rf_qrf_goals,0.3.0,empirical_qrf,0.002295023029553377,0.0013588187781621954,0.003172725788052608,,3296292142393253561,2025-12-22 15:34:50.807271
2025-12-22,24546,ANA,SEA,30002760,Ville Husso,goals,rf_qrf_goals,0.3.0,empirical_qrf,0.002295023029553377,0.0013588187781621954,0.003172725788052608,,3296292142393253561,2025-12-22 15:34:50.807271
2025-12-22,24546,ANA,SEA,30002773,Jansen Harkins,goals,rf_qrf_goals,0.3.0,empirical_qrf,0.002295023029553377,0.0013588187781621954,0.003172725788052608,,3296292142393253561,2025-12-22 15:34:50.807271
2025-12-22,24546,ANA,SEA,30002864,Nikolas Brouillard,goals,rf_qrf_goals,0.3.0,empirical_qrf,0.002295023029553377,0.0013588187781621954,0.003172725788052608,,3296292142393253561,2025-12-22 15:34:50.807271
2025-12-22,24546,ANA,SEA,30003197,Carsen Twarynski,goals,rf_qrf_goals,0.3.0,empirical_qrf,0.002295023029553377,0.0013588187781621954,0.003172725788052608,,3296292142393253561,2025-12-22 15:34:50.807271
2025-12-22,24546,ANA,SEA,30003475,Matthew Phillips,goals,rf_qrf_goals,0.3.0,empirical_qrf,0.013922873422873424,0.0,0.0,,3296292142393253561,2025-12-22 15:34:50.807271
2025-12-22,24546,ANA,SEA,30003650,Ryan Poehling,goals,rf_qrf_goals,0.3.0,empirical_qrf,0.0,0.0,0.0,,3296292142393253561,2025-12-22 15:34:50.807271
2025-12-22,24546,ANA,SEA,30000739,Alex Killorn,goals,rf_qrf_goals,0.3.0,empirical_qrf,0.011882487190379756,0.0,0.023269413844689245,,3296292142393253561,2025-12-22 15:34:50.807271
2025-12-22,24546,ANA,SEA,30000834,Jacob Trouba,goals,rf_qrf_goals,0.3.0,empirical_qrf,0.011882487190379756,0.0,0.023269413844689245,,3296292142393253561,2025-12-22 15:34:50.807271
2025-12-22,24546,ANA,SEA,30000998,Ross Johnston,goals,rf_qrf_goals,0.3.0,empirical_qrf,0.0,0.0,0.0,,3296292142393253561,2025-12-22 15:34:50.807271
2025-12-22,24546,ANA,SEA,30001005,Ryan Strome,goals,rf_qrf_goals,0.3.0,empirical_qrf,0.0018240740740740739,0.0,0.0,,3296292142393253561,2025-12-22 15:34:50.807271
2025-12-22,24546,ANA,SEA,30001009,Petr Mrazek,goals,rf_qrf_goals,0.3.0,empirical_qrf,0.002295023029553377,0.0013588187781621954,0.003172725788052608,,3296292142393253561,2025-12-22 15:34:50.807271
2025-12-22,24546,ANA,SEA,30002528,Tyrell Goulbourne,goals,rf_qrf_goals,0.3.0,empirical_qrf,0.002295023029553377,0.0013588187781621954,0.003172725788052608,,3296292142393253561,2025-12-22 15:34:50.807271
2025-12-22,24546,SEA,ANA,30006437,Kaden Hammell,goals,rf_qrf_goals,0.3.0,empirical_qrf,0.0023405058345060967,0.0,0.0050176073094127735,,3296292142393253561,2025-12-22 15:34:50.807271
2025-12-22,24546,ANA,SEA,30000269,Radko Gudas,goals,rf_qrf_goals,0.3.0,empirical_qrf,0.0,0.0,0.0,,3296292142393253561,2025-12-22 15:34:50.807271
2025-12-22,24546,ANA,SEA,30000320,Chris Kreider,goals,rf_qrf_goals,0.3.0,empirical_qrf,0.0035317460317460313,0.0,0.0,,3296292142393253561,2025-12-22 15:34:50.807271
2025-12-22,24546,ANA,SEA,30000509,Justin Bailey,goals,rf_qrf_goals,0.3.0,empirical_qrf,0.0,0.0,0.0,,3296292142393253561,2025-12-22 15:34:50.807271
2025-12-22,24546,ANA,SEA,30000515,Mikael Granlund,goals,rf_qrf_goals,0.3.0,empirical_qrf,0.002476851851851852,0.0,0.0,,3296292142393253561,2025-12-22 15:34:50.807271
2025-12-22,24546,ANA,SEA,30000609,Frank Vatrano,goals,rf_qrf_goals,0.3.0,empirical_qrf,0.0,0.0,0.0,,3296292142393253561,2025-12-22 15:34:50.807271
2025-12-22,24546,SEA,ANA,30005757,Ty Nelson,goals,rf_qrf_goals,0.3.0,empirical_qrf,0.002295023029553377,0.0013588187781621954,0.003172725788052608,,3296292142393253561,2025-12-22 15:34:50.807271
2025-12-22,24546,SEA,ANA,30006087,Eduard Sale,goals,rf_qrf_goals,0.3.0,empirical_qrf,0.0,0.0,0.0,,3296292142393253561,2025-12-22 15:34:50.807271
2025-12-22,24546,SEA,ANA,30006119,Lukas Dragicevic,goals,rf_qrf_goals,0.3.0,empirical_qrf,0.0,0.0,0.0,,3296292142393253561,2025-12-22 15:34:50.807271
2025-12-22,24546,SEA,ANA,30006121,Carson Rehkopf,goals,rf_qrf_goals,0.3.0,empirical_qrf,0.0,0.0,0.0,,3296292142393253561,2025-12-22 15:34:50.807271
2025-12-22,24546,SEA,ANA,30006125,Caden Price,goals,rf_qrf_goals,0.3.0,empirical_qrf,0.013770473808532503,0.004405286343612335,0.023972345164742982,,3296292142393253561,2025-12-22 15:34:50.807271
2025-12-22,24546,SEA,ANA,30006197,Andrei Loshko,goals,rf_qrf_goals,0.3.0,empirical_qrf,0.002295023029553377,0.0013588187781621954,0.003172725788052608,,3296292142393253561,2025-12-22 15:34:50.807271
2025-12-22,24546,SEA,ANA,30005593,Peetro Seppala,goals,rf_qrf_goals,0.3.0,empirical_qrf,0.002295023029553377,0.0013588187781621954,0.003172725788052608,,3296292142393253561,2025-12-22 15:34:50.807271
2025-12-22,24546,SEA,ANA,30005616,Shane Wright,goals,rf_qrf_goals,0.3.0,empirical_qrf,0.002057523495023495,0.0,0.0,,3296292142393253561,2025-12-22 15:34:50.807271
2025-12-22,24546,SEA,ANA,30005680,David Goyette,goals,rf_qrf_goals,0.3.0,empirical_qrf,0.0,0.0,0.0,,3296292142393253561,2025-12-22 15:34:50.807271
2025-12-22,24546,SEA,ANA,30005681,Jagger Firkus,goals,rf_qrf_goals,0.3.0,empirical_qrf,0.0,0.0,0.0,,3296292142393253561,2025-12-22 15:34:50.807271
2025-12-22,24546,SEA,ANA,30005682,Jani Nyman,goals,rf_qrf_goals,0.3.0,empirical_qrf,0.01897222222222222,0.0,0.0,,3296292142393253561,2025-12-22 15:34:50.807271
2025-12-22,24546,SEA,ANA,30005683,Niklas Kokko,goals,rf_qrf_goals,0.3.0,empirical_qrf,0.002295023029553377,0.0013588187781621954,0.003172725788052608,,3296292142393253561,2025-12-22 15:34:50.807271
2025-12-22,24546,SEA,ANA,30005333,Jacob Melanson,goals,rf_qrf_goals,0.3.0,empirical_qrf,0.048473589781177634,0.0,0.11764705882352941,,3296292142393253561,2025-12-22 15:34:50.807271
2025-12-22,24546,SEA,ANA,30005336,Tye Kartye,goals,rf_qrf_goals,0.3.0,empirical_qrf,0.0,0.0,0.0,,3296292142393253561,2025-12-22 15:34:50.807271
2025-12-22,24546,SEA,ANA,30005337,Ryan Winterton,goals,rf_qrf_goals,0.3.0,empirical_qrf,0.014994708994708995,0.0,0.0,,3296292142393253561,2025-12-22 15:34:50.807271
2025-12-22,24546,SEA,ANA,30005447,Ville Ottavainen,goals,rf_qrf_goals,0.3.0,empirical_qrf,0.0,0.0,0.0,,3296292142393253561,2025-12-22 15:34:50.807271
2025-12-22,24546,SEA,ANA,30005503,Logan Morrison,goals,rf_qrf_goals,0.3.0,empirical_qrf,0.005051106301106301,0.0,0.0,,3296292142393253561,2025-12-22 15:34:50.807271
2025-12-22,24546,SEA,ANA,30005582,Ben Meyers,goals,rf_qrf_goals,0.3.0,empirical_qrf,0.002476851851851852,0.0,0.0,,3296292142393253561,2025-12-22 15:34:50.807271
2025-12-22,24546,SEA,ANA,30003703,Cale Fleury,goals,rf_qrf_goals,0.3.0,empirical_qrf,0.0,0.0,0.0,,3296292142393253561,2025-12-22 15:34:50.807271
2025-12-22,24546,SEA,ANA,30004419,Joey Daccord,goals,rf_qrf_goals,0.3.0,empirical_qrf,0.002295023029553377,0.0013588187781621954,0.003172725788052608,,3296292142393253561,2025-12-22 15:34:50.807271
2025-12-22,24546,SEA,ANA,30004471,Kaapo Kakko,goals,rf_qrf_goals,0.3.0,empirical_qrf,0.0,0.0,0.0,,3296292142393253561,2025-12-22 15:34:50.807271
2025-12-22,24546,SEA,ANA,30005040,Matty Beniers,goals,rf_qrf_goals,0.3.0,empirical_qrf,0.0004166666666666667,0.0,0.0,,3296292142393253561,2025-12-22 15:34:50.807271
2025-12-22,24546,SEA,ANA,30005042,Ryker Evans,goals,rf_qrf_goals,0.3.0,empirical_qrf,0.011882487190379756,0.0,0.023269413844689245,,3296292142393253561,2025-12-22 15:34:50.807271
2025-12-22,24546,SEA,ANA,30005239,Jakov Novak,goals,rf_qrf_goals,0.3.0,empirical_qrf,0.002295023029553377,0.0013588187781621954,0.003172725788052608,,3296292142393253561,2025-12-22 15:34:50.807271
2025-12-22,24546,SEA,ANA,30002529,John Hayden,goals,rf_qrf_goals,0.3.0,empirical_qrf,0.0,0.0,0.0,,3296292142393253561,2025-12-22 15:34:50.807271
2025-12-22,24546,SEA,ANA,30002711,Frederick Gaudreau,goals,rf_qrf_goals,0.3.0,empirical_qrf,0.0,0.0,0.0,,3296292142393253561,2025-12-22 15:34:50.807271
2025-12-22,24546,SEA,ANA,30003184,Ryan Lindgren,goals,rf_qrf_goals,0.3.0,empirical_qrf,0.0,0.0,0.0,,3296292142393253561,2025-12-22 15:34:50.807271
2025-12-22,24546,SEA,ANA,30003188,Jack LaFontaine,goals,rf_qrf_goals,0.3.0,empirical_qrf,0.0,0.0,0.0,,3296292142393253561,2025-12-22 15:34:50.807271
2025-12-22,24546,SEA,ANA,30003214,Joshua Mahura,goals,rf_qrf_goals,0.3.0,empirical_qrf,0.0,0.0,0.0,,3296292142393253561,2025-12-22 15:34:50.807271
2025-12-22,24546,SEA,ANA,30003660,Eeli Tolvanen,goals,rf_qrf_goals,0.3.0,empirical_qrf,0.0,0.0,0.0,,3296292142393253561,2025-12-22 15:34:50.807271
2025-12-22,24546,SEA,ANA,30000674,Vince Dunn,goals,rf_qrf_goals,0.3.0,empirical_qrf,0.010694444444444444,0.0,0.0,,3296292142393253561,2025-12-22 15:34:50.807271
2025-12-22,24546,SEA,ANA,30000758,Jamie Oleksiak,goals,rf_qrf_goals,0.3.0,empirical_qrf,0.011040356652447644,0.0,0.02531645569620253,,3296292142393253561,2025-12-22 15:34:50.807271
2025-12-22,24546,SEA,ANA,30000794,Jaden Schwartz,goals,rf_qrf_goals,0.3.0,empirical_qrf,0.0,0.0,0.0,,3296292142393253561,2025-12-22 15:34:50.807271
2025-12-22,24546,SEA,ANA,30000812,Gustav Olofsson,goals,rf_qrf_goals,0.3.0,empirical_qrf,0.002295023029553377,0.0013588187781621954,0.003172725788052608,,3296292142393253561,2025-12-22 15:34:50.807271
2025-12-22,24546,SEA,ANA,30000882,Brandon Montour,goals,rf_qrf_goals,0.3.0,empirical_qrf,0.0,0.0,0.0,,3296292142393253561,2025-12-22 15:34:50.807271
2025-12-22,24546,SEA,ANA,30000929,Jared McCann,goals,rf_qrf_goals,0.3.0,empirical_qrf,0.0,0.0,0.0,,3296292142393253561,2025-12-22 15:34:50.807271
2025-12-22,24547,CBJ,LA,30000115,Sean Monahan,goals,rf_qrf_goals,0.3.0,empirical_qrf,0.0,0.0,0.0,,3296292142393253561,2025-12-22 15:34:50.807271
2025-12-22,24547,CBJ,LA,30000207,Damon Severson,goals,rf_qrf_goals,0.3.0,empirical_qrf,0.0,0.0,0.0,,3296292142393253561,2025-12-22 15:34:50.807271
2025-12-22,24547,CBJ,LA,30000233,Erik Gudbranson,goals,rf_qrf_goals,0.3.0,empirical_qrf,0.0,0.0,0.0,,3296292142393253561,2025-12-22 15:34:50.807271
2025-12-22,24547,CBJ,LA,30000623,Ivan Provorov,goals,rf_qrf_goals,0.3.0,empirical_qrf,0.0,0.0,0.0,,3296292142393253561,2025-12-22 15:34:50.807271
2025-12-22,24547,CBJ,LA,30000778,Boone Jenner,goals,rf_qrf_goals,0.3.0,empirical_qrf,0.0,0.0,0.0,,3296292142393253561,2025-12-22 15:34:50.807271
2025-12-22,24547,CBJ,LA,30000805,Charlie Coyle,goals,rf_qrf_goals,0.3.0,empirical_qrf,0.0,0.0,0.0,,3296292142393253561,2025-12-22 15:34:50.807271
2025-12-22,24547,LA,CBJ,30006386,Tate Singleton,goals,rf_qrf_goals,0.3.0,empirical_qrf,0.002295023029553377,0.0013588187781621954,0.003172725788052608,,3296292142393253561,2025-12-22 15:34:50.807271
2025-12-22,24547,CBJ,LA,30002223,Mason Marchment,goals,rf_qrf_goals,0.3.0,empirical_qrf,0.0,0.0,0.0,,3296292142393253561,2025-12-22 15:34:50.807271
2025-12-22,24547,LA,CBJ,30005322,Isaiah Saville,goals,rf_qrf_goals,0.3.0,empirical_qrf,0.0,0.0,0.0,,3296292142393253561,2025-12-22 15:34:50.807271
2025-12-22,24547,LA,CBJ,30005610,Andrei Kuzmenko,goals,rf_qrf_goals,0.3.0,empirical_qrf,0.0,0.0,0.0,,3296292142393253561,2025-12-22 15:34:50.807271
2025-12-22,24547,LA,CBJ,30005710,Angus Booth,goals,rf_qrf_goals,0.3.0,empirical_qrf,0.002295023029553377,0.0013588187781621954,0.003172725788052608,,3296292142393253561,2025-12-22 15:34:50.807271
2025-12-22,24547,LA,CBJ,30006113,Jakub Dvorak,goals,rf_qrf_goals,0.3.0,empirical_qrf,0.0,0.0,0.0,,3296292142393253561,2025-12-22 15:34:50.807271
2025-12-22,24547,LA,CBJ,30006140,Koehn Ziemmer,goals,rf_qrf_goals,0.3.0,empirical_qrf,0.002295023029553377,0.0013588187781621954,0.003172725788052608,,3296292142393253561,2025-12-22 15:34:50.807271
2025-12-22,24547,LA,CBJ,30006349,Jacob Modry,goals,rf_qrf_goals,0.3.0,empirical_qrf,0.002295023029553377,0.0013588187781621954,0.003172725788052608,,3296292142393253561,2025-12-22 15:34:50.807271
2025-12-22,24547,LA,CBJ,30004856,Alex Laferriere,goals,rf_qrf_goals,0.3.0,empirical_qrf,0.009257936507936508,0.0,0.0,,3296292142393253561,2025-12-22 15:34:50.807271
2025-12-22,24547,LA,CBJ,30004969,Jeff Malott,goals,rf_qrf_goals,0.3.0,empirical_qrf,0.005796296296296297,0.0,0.0,,3296292142393253561,2025-12-22 15:34:50.807271
2025-12-22,24547,LA,CBJ,30004994,Brandt Clarke,goals,rf_qrf_goals,0.3.0,empirical_qrf,0.0,0.0,0.0,,3296292142393253561,2025-12-22 15:34:50.807271
2025-12-22,24547,LA,CBJ,30005015,Francesco Pinelli,goals,rf_qrf_goals,0.3.0,empirical_qrf,0.0,0.0,0.0,,3296292142393253561,2025-12-22 15:34:50.807271
2025-12-22,24547,LA,CBJ,30005039,Samuel Helenius,goals,rf_qrf_goals,0.3.0,empirical_qrf,0.011119721777487577,0.0,0.025,,3296292142393253561,2025-12-22 15:34:50.807271
2025-12-22,24547,LA,CBJ,30005087,Kaleb Lawrence,goals,rf_qrf_goals,0.3.0,empirical_qrf,0.002295023029553377,0.0013588187781621954,0.003172725788052608,,3296292142393253561,2025-12-22 15:34:50.807271
2025-12-22,24547,LA,CBJ,30004321,Jacob Ingham,goals,rf_qrf_goals,0.3.0,empirical_qrf,0.002295023029553377,0.0013588187781621954,0.003172725788052608,,3296292142393253561,2025-12-22 15:34:50.807271
2025-12-22,24547,LA,CBJ,30004436,Mikey Anderson,goals,rf_qrf_goals,0.3.0,empirical_qrf,0.0,0.0,0.0,,3296292142393253561,2025-12-22 15:34:50.807271
2025-12-22,24547,LA,CBJ,30004473,Alex Turcotte,goals,rf_qrf_goals,0.3.0,empirical_qrf,0.0,0.0,0.0,,3296292142393253561,2025-12-22 15:34:50.807271
2025-12-22,24547,LA,CBJ,30004516,Nikita Alexandrov,goals,rf_qrf_goals,0.3.0,empirical_qrf,0.0,0.0,0.0,,3296292142393253561,2025-12-22 15:34:50.807271
2025-12-22,24547,LA,CBJ,30004571,Erik Portillo,goals,rf_qrf_goals,0.3.0,empirical_qrf,0.002295023029553377,0.0013588187781621954,0.003172725788052608,,3296292142393253561,2025-12-22 15:34:50.807271
2025-12-22,24547,LA,CBJ,30004798,Quinton Byfield,goals,rf_qrf_goals,0.3.0,empirical_qrf,0.0,0.0,0.0,,3296292142393253561,2025-12-22 15:34:50.807271
2025-12-22,24547,LA,CBJ,30002582,Adrian Kempe,goals,rf_qrf_goals,0.3.0,empirical_qrf,0.0,0.0,0.0,,3296292142393253561,2025-12-22 15:34:50.807271
2025-12-22,24547,LA,CBJ,30002611,Warren Foegele,goals,rf_qrf_goals,0.3.0,empirical_qrf,0.0,0.0,0.0,,3296292142393253561,2025-12-22 15:34:50.807271
2025-12-22,24547,LA,CBJ,30002703,Kyle Burroughs,goals,rf_qrf_goals,0.3.0,empirical_qrf,0.0,0.0,0.0,,3296292142393253561,2025-12-22 15:34:50.807271
2025-12-22,24547,LA,CBJ,30003232,Jacob Moverare,goals,rf_qrf_goals,0.3.0,empirical_qrf,0.0,0.0,0.0,,3296292142393253561,2025-12-22 15:34:50.807271
2025-12-22,24547,LA,CBJ,30003236,Trevor Moore,goals,rf_qrf_goals,0.3.0,empirical_qrf,0.08064285714285714,0.0,0.0,,3296292142393253561,2025-12-22 15:34:50.807271
2025-12-22,24547,LA,CBJ,30003508,John Parker-Jones,goals,rf_qrf_goals,0.3.0,empirical_qrf,0.002295023029553377,0.0013588187781621954,0.003172725788052608,,3296292142393253561,2025-12-22 15:34:50.807271
2025-12-22,24547,LA,CBJ,30000668,Anton Forsberg,goals,rf_qrf_goals,0.3.0,empirical_qrf,0.002295023029553377,0.0013588187781621954,0.003172725788052608,,3296292142393253561,2025-12-22 15:34:50.807271
2025-12-22,24547,LA,CBJ,30000675,Joel Edmundson,goals,rf_qrf_goals,0.3.0,empirical_qrf,0.0,0.0,0.0,,3296292142393253561,2025-12-22 15:34:50.807271
2025-12-22,24547,LA,CBJ,30000770,Pheonix Copley,goals,rf_qrf_goals,0.3.0,empirical_qrf,0.002295023029553377,0.0013588187781621954,0.003172725788052608,,3296292142393253561,2025-12-22 15:34:50.807271
2025-12-22,24547,LA,CBJ,30000788,Jacob Doty,goals,rf_qrf_goals,0.3.0,empirical_qrf,0.002295023029553377,0.0013588187781621954,0.003172725788052608,,3296292142393253561,2025-12-22 15:34:50.807271
2025-12-22,24547,LA,CBJ,30000818,Joel Armia,goals,rf_qrf_goals,0.3.0,empirical_qrf,0.0,0.0,0.0,,3296292142393253561,2025-12-22 15:34:50.807271
2025-12-22,24547,LA,CBJ,30001265,Corey Perry,goals,rf_qrf_goals,0.3.0,empirical_qrf,0.16865873015873015,0.0,1.0,,3296292142393253561,2025-12-22 15:34:50.807271
2025-12-22,24547,LA,CBJ,30000145,Drew Doughty,goals,rf_qrf_goals,0.3.0,empirical_qrf,0.0,0.0,0.0,,3296292142393253561,2025-12-22 15:34:50.807271
2025-12-22,24547,LA,CBJ,30000149,Anze Kopitar,goals,rf_qrf_goals,0.3.0,empirical_qrf,0.0,0.0,0.0,,3296292142393253561,2025-12-22 15:34:50.807271
2025-12-22,24547,LA,CBJ,30000199,Kevin Fiala,goals,rf_qrf_goals,0.3.0,empirical_qrf,0.0002777777777777778,0.0,0.0,,3296292142393253561,2025-12-22 15:34:50.807271
2025-12-22,24547,LA,CBJ,30000476,Cody Ceci,goals,rf_qrf_goals,0.3.0,empirical_qrf,0.0,0.0,0.0,,3296292142393253561,2025-12-22 15:34:50.807271
2025-12-22,24547,LA,CBJ,30000495,Darcy Kuemper,goals,rf_qrf_goals,0.3.0,empirical_qrf,0.002295023029553377,0.0013588187781621954,0.003172725788052608,,3296292142393253561,2025-12-22 15:34:50.807271
2025-12-22,24547,LA,CBJ,30000653,Brian Dumoulin,goals,rf_qrf_goals,0.3.0,empirical_qrf,0.0,0.0,0.0,,3296292142393253561,2025-12-22 15:34:50.807271
2025-12-22,24547,CBJ,LA,30005733,Roman Ahcan,goals,rf_qrf_goals,0.3.0,empirical_qrf,0.013770473808532503,0.004405286343612335,0.023972345164742982,,3296292142393253561,2025-12-22 15:34:50.807271
2025-12-22,24547,CBJ,LA,30005736,Nolan Lalonde,goals,rf_qrf_goals,0.3.0,empirical_qrf,0.002295023029553377,0.0013588187781621954,0.003172725788052608,,3296292142393253561,2025-12-22 15:34:50.807271
2025-12-22,24547,CBJ,LA,30006022,Justin Pearson,goals,rf_qrf_goals,0.3.0,empirical_qrf,0.002295023029553377,0.0013588187781621954,0.003172725788052608,,3296292142393253561,2025-12-22 15:34:50.807271
2025-12-22,24547,CBJ,LA,30006026,Hunter McKown,goals,rf_qrf_goals,0.3.0,empirical_qrf,0.0,0.0,0.0,,3296292142393253561,2025-12-22 15:34:50.807271
2025-12-22,24547,CBJ,LA,30006063,Adam Fantilli,goals,rf_qrf_goals,0.3.0,empirical_qrf,0.005972222222222222,0.0,0.0,,3296292142393253561,2025-12-22 15:34:50.807271
2025-12-22,24547,CBJ,LA,30006337,Riley Bezeau,goals,rf_qrf_goals,0.3.0,empirical_qrf,0.013770473808532503,0.004405286343612335,0.023972345164742982,,3296292142393253561,2025-12-22 15:34:50.807271
2025-12-22,24547,CBJ,LA,30005290,Max McCue,goals,rf_qrf_goals,0.3.0,empirical_qrf,0.011882487190379756,0.0,0.023269413844689245,,3296292142393253561,2025-12-22 15:34:50.807271
2025-12-22,24547,CBJ,LA,30005355,Mikael Pyyhtia,goals,rf_qrf_goals,0.3.0,empirical_qrf,0.0,0.0,0.0,,3296292142393253561,2025-12-22 15:34:50.807271
2025-12-22,24547,CBJ,LA,30005568,Owen Sillinger,goals,rf_qrf_goals,0.3.0,empirical_qrf,0.0,0.0,0.0,,3296292142393253561,2025-12-22 15:34:50.807271
2025-12-22,24547,CBJ,LA,30005637,Denton Mateychuk,goals,rf_qrf_goals,0.3.0,empirical_qrf,0.011882487190379756,0.0,0.023269413844689245,,3296292142393253561,2025-12-22 15:34:50.807271
2025-12-22,24547,CBJ,LA,30005664,Luca Del Bel Belluz,goals,rf_qrf_goals,0.3.0,empirical_qrf,0.0,0.0,0.0,,3296292142393253561,2025-12-22 15:34:50.807271
2025-12-22,24547,CBJ,LA,30005699,Jordan Dumais,goals,rf_qrf_goals,0.3.0,empirical_qrf,0.002295023029553377,0.0013588187781621954,0.003172725788052608,,3296292142393253561,2025-12-22 15:34:50.807271
2025-12-22,24547,CBJ,LA,30004989,Kent Johnson,goals,rf_qrf_goals,0.3.0,empirical_qrf,0.0018240740740740739,0.0,0.0,,3296292142393253561,2025-12-22 15:34:50.807271
2025-12-22,24547,CBJ,LA,30005002,Corson Ceulemans,goals,rf_qrf_goals,0.3.0,empirical_qrf,0.0,0.0,0.0,,3296292142393253561,2025-12-22 15:34:50.807271
2025-12-22,24547,CBJ,LA,30005049,Jet Greaves,goals,rf_qrf_goals,0.3.0,empirical_qrf,0.002295023029553377,0.0013588187781621954,0.003172725788052608,,3296292142393253561,2025-12-22 15:34:50.807271
2025-12-22,24547,CBJ,LA,30005050,Stanislov Svozil,goals,rf_qrf_goals,0.3.0,empirical_qrf,0.0,0.0,0.0,,3296292142393253561,2025-12-22 15:34:50.807271
2025-12-22,24547,CBJ,LA,30005053,Ole Julian Bjorgvik-Holm,goals,rf_qrf_goals,0.3.0,empirical_qrf,0.002295023029553377,0.0013588187781621954,0.003172725788052608,,3296292142393253561,2025-12-22 15:34:50.807271
2025-12-22,24547,CBJ,LA,30005088,James Malatesta,goals,rf_qrf_goals,0.3.0,empirical_qrf,0.0,0.0,0.0,,3296292142393253561,2025-12-22 15:34:50.807271
2025-12-22,24547,CBJ,LA,30004135,Kirill Marchenko,goals,rf_qrf_goals,0.3.0,empirical_qrf,0.0,0.0,0.0,,3296292142393253561,2025-12-22 15:34:50.807271
2025-12-22,24547,CBJ,LA,30004172,Curtis Hall,goals,rf_qrf_goals,0.3.0,empirical_qrf,0.002295023029553377,0.0013588187781621954,0.003172725788052608,,3296292142393253561,2025-12-22 15:34:50.807271
2025-12-22,24547,CBJ,LA,30004306,Jake Christiansen,goals,rf_qrf_goals,0.3.0,empirical_qrf,0.0,0.0,0.0,,3296292142393253561,2025-12-22 15:34:50.807271
2025-12-22,24547,CBJ,LA,30004607,Dmitri Voronkov,goals,rf_qrf_goals,0.3.0,empirical_qrf,0.0,0.0,0.0,,3296292142393253561,2025-12-22 15:34:50.807271
2025-12-22,24547,CBJ,LA,30004799,Yegor Chinakhov,goals,rf_qrf_goals,0.3.0,empirical_qrf,0.0,0.0,0.0,,3296292142393253561,2025-12-22 15:34:50.807271
2025-12-22,24547,CBJ,LA,30004988,Cole Sillinger,goals,rf_qrf_goals,0.3.0,empirical_qrf,0.0,0.0,0.0,,3296292142393253561,2025-12-22 15:34:50.807271
2025-12-22,24547,CBJ,LA,30003079,Miles Wood,goals,rf_qrf_goals,0.3.0,empirical_qrf,0.00015151515151515152,0.0,0.0,,3296292142393253561,2025-12-22 15:34:50.807271
2025-12-22,24547,CBJ,LA,30003146,Dante Fabbro,goals,rf_qrf_goals,0.3.0,empirical_qrf,0.03632407407407407,0.0,0.0,,3296292142393253561,2025-12-22 15:34:50.807271
2025-12-22,24547,CBJ,LA,30003267,Mathieu Olivier,goals,rf_qrf_goals,0.3.0,empirical_qrf,0.02540674603174603,0.0,0.0,,3296292142393253561,2025-12-22 15:34:50.807271
2025-12-22,24547,CBJ,LA,30003269,Zach Sawchenko,goals,rf_qrf_goals,0.3.0,empirical_qrf,0.002295023029553377,0.0013588187781621954,0.003172725788052608,,3296292142393253561,2025-12-22 15:34:50.807271
2025-12-22,24547,CBJ,LA,30003549,Zachary Aston-Reese,goals,rf_qrf_goals,0.3.0,empirical_qrf,0.0023405058345060967,0.0,0.0050176073094127735,,3296292142393253561,2025-12-22 15:34:50.807271
2025-12-22,24547,CBJ,LA,30004097,Isac Lundestrom,goals,rf_qrf_goals,0.3.0,empirical_qrf,0.011882487190379756,0.0,0.023269413844689245,,3296292142393253561,2025-12-22 15:34:50.807271
2025-12-22,24547,CBJ,LA,30000855,Brendan Smith,goals,rf_qrf_goals,0.3.0,empirical_qrf,0.011119721777487577,0.0,0.025,,3296292142393253561,2025-12-22 15:34:50.807271
2025-12-22,24547,CBJ,LA,30001196,Brendan Gaunce,goals,rf_qrf_goals,0.3.0,empirical_qrf,0.0,0.0,0.0,,3296292142393253561,2025-12-22 15:34:50.807271
2025-12-22,24547,CBJ,LA,30002554,Hudson Fasching,goals,rf_qrf_goals,0.3.0,empirical_qrf,0.0,0.0,0.0,,3296292142393253561,2025-12-22 15:34:50.807271
2025-12-22,24547,CBJ,LA,30002593,Dysin Mayo,goals,rf_qrf_goals,0.3.0,empirical_qrf,0.0,0.0,0.0,,3296292142393253561,2025-12-22 15:34:50.807271
2025-12-22,24547,CBJ,LA,30002616,Elvis Merzlikins,goals,rf_qrf_goals,0.3.0,empirical_qrf,0.002295023029553377,0.0013588187781621954,0.003172725788052608,,3296292142393253561,2025-12-22 15:34:50.807271
2025-12-22,24547,CBJ,LA,30002770,Zach Werenski,goals,rf_qrf_goals,0.3.0,empirical_qrf,0.11584722222222221,0.0,0.5,,3296292142393253561,2025-12-22 15:34:50.807271
2025-12-22,24544,STL,TB,30000059,Brayden Schenn,assists,rf_qrf_assists,0.3.0,empirical_qrf,0.0,0.0,0.0,,3296292142393253561,2025-12-22 15:35:04.369091
2025-12-22,24544,STL,TB,30000072,Torey Krug,assists,rf_qrf_assists,0.3.0,empirical_qrf,0.005706793435182361,0.0043933985596847835,0.006968195681465092,,3296292142393253561,2025-12-22 15:35:04.369091
2025-12-22,24544,STL,TB,30000225,Nick Bjugstad,assists,rf_qrf_assists,0.3.0,empirical_qrf,0.0,0.0,0.0,,3296292142393253561,2025-12-22 15:35:04.369091
2025-12-22,24544,STL,TB,30000405,Oskar Sundqvist,assists,rf_qrf_assists,0.3.0,empirical_qrf,0.0,0.0,0.0,,3296292142393253561,2025-12-22 15:35:04.369091
2025-12-22,24544,STL,TB,30000631,Justin Faulk,assists,rf_qrf_assists,0.3.0,empirical_qrf,0.0,0.0,0.0,,3296292142393253561,2025-12-22 15:35:04.369091
2025-12-22,24544,STL,TB,30000666,Jordan Binnington,assists,rf_qrf_assists,0.3.0,empirical_qrf,0.005706793435182361,0.0043933985596847835,0.006968195681465092,,3296292142393253561,2025-12-22 15:35:04.369091
2025-12-22,24544,STL,TB,30003174,Dillon Dube,assists,rf_qrf_assists,0.3.0,empirical_qrf,0.005706793435182361,0.0043933985596847835,0.006968195681465092,,3296292142393253561,2025-12-22 15:35:04.369091
2025-12-22,24544,STL,TB,30000789,Robby Fabbri,assists,rf_qrf_assists,0.3.0,empirical_qrf,0.0019537037037037036,0.0,0.0,,3296292142393253561,2025-12-22 15:35:04.369091
2025-12-22,24544,STL,TB,30006079,Otto Stenberg,assists,rf_qrf_assists,0.3.0,empirical_qrf,0.019924603174603175,0.0,0.0,,3296292142393253561,2025-12-22 15:35:04.369091
2025-12-22,24544,STL,TB,30004111,Jonatan Berggren,assists,rf_qrf_assists,0.3.0,empirical_qrf,0.023890519620777092,0.0,0.058823529411764705,,3296292142393253561,2025-12-22 15:35:04.369091
2025-12-22,24544,TB,STL,30005920,Dominic James,assists,rf_qrf_assists,0.3.0,empirical_qrf,0.0,0.0,0.0,,3296292142393253561,2025-12-22 15:35:04.369091
2025-12-22,24544,TB,STL,30006012,Daniel Walker,assists,rf_qrf_assists,0.3.0,empirical_qrf,0.005706793435182361,0.0043933985596847835,0.006968195681465092,,3296292142393253561,2025-12-22 15:35:04.369091
2025-12-22,24544,TB,STL,30006096,Ethan Gauthier,assists,rf_qrf_assists,0.3.0,empirical_qrf,0.0,0.0,0.0,,3296292142393253561,2025-12-22 15:35:04.369091
2025-12-22,24544,TB,STL,30006311,Tristan Allard,assists,rf_qrf_assists,0.3.0,empirical_qrf,0.0,0.0,0.0,,3296292142393253561,2025-12-22 15:35:04.369091
2025-12-22,24544,TB,STL,30006313,Gabriel Szturc,assists,rf_qrf_assists,0.3.0,empirical_qrf,0.009556095311656278,0.0,0.021505376344086023,,3296292142393253561,2025-12-22 15:35:04.369091
2025-12-22,24544,TB,STL,30006329,Brendan Furry,assists,rf_qrf_assists,0.3.0,empirical_qrf,0.0,0.0,0.0,,3296292142393253561,2025-12-22 15:35:04.369091
2025-12-22,24544,TB,STL,30005054,Matteo Pietroniro,assists,rf_qrf_assists,0.3.0,empirical_qrf,0.005706793435182361,0.0043933985596847835,0.006968195681465092,,3296292142393253561,2025-12-22 15:35:04.369091
2025-12-22,24544,TB,STL,30005366,Emil Lilleberg,assists,rf_qrf_assists,0.3.0,empirical_qrf,0.0032104978354978355,0.0,0.0,,3296292142393253561,2025-12-22 15:35:04.369091
2025-12-22,24544,TB,STL,30005421,Maxwell Crozier,assists,rf_qrf_assists,0.3.0,empirical_qrf,0.0,0.0,0.0,,3296292142393253561,2025-12-22 15:35:04.369091
2025-12-22,24544,TB,STL,30005562,Declan Carlile,assists,rf_qrf_assists,0.3.0,empirical_qrf,0.0,0.0,0.0,,3296292142393253561,2025-12-22 15:35:04.369091
2025-12-22,24544,TB,STL,30005740,Dyllan Gill,assists,rf_qrf_assists,0.3.0,empirical_qrf,0.005706793435182361,0.0043933985596847835,0.006968195681465092,,3296292142393253561,2025-12-22 15:35:04.369091
2025-12-22,24544,TB,STL,30005768,Tommy Miller,assists,rf_qrf_assists,0.3.0,empirical_qrf,0.0016666666666666668,0.0,0.0,,3296292142393253561,2025-12-22 15:35:04.369091
2025-12-22,24544,TB,STL,30004754,Mitchell Chaffee,assists,rf_qrf_assists,0.3.0,empirical_qrf,0.0,0.0,0.0,,3296292142393253561,2025-12-22 15:35:04.369091
2025-12-22,24544,TB,STL,30004836,Jack Finley,assists,rf_qrf_assists,0.3.0,empirical_qrf,0.018999051582479748,0.0,0.038064267046804476,,3296292142393253561,2025-12-22 15:35:04.369091
2025-12-22,24544,TB,STL,30004838,Gage Goncalves,assists,rf_qrf_assists,0.3.0,empirical_qrf,0.0,0.0,0.0,,3296292142393253561,2025-12-22 15:35:04.369091
2025-12-22,24544,TB,STL,30004840,Maxim Groshev,assists,rf_qrf_assists,0.3.0,empirical_qrf,0.0,0.0,0.0,,3296292142393253561,2025-12-22 15:35:04.369091
2025-12-22,24544,TB,STL,30004974,Pontus Holmberg,assists,rf_qrf_assists,0.3.0,empirical_qrf,0.0029781142761974187,0.0,0.0064516129032258064,,3296292142393253561,2025-12-22 15:35:04.369091
2025-12-22,24544,TB,STL,30005044,J.J. Moser,assists,rf_qrf_assists,0.3.0,empirical_qrf,0.0,0.0,0.0,,3296292142393253561,2025-12-22 15:35:04.369091
2025-12-22,24544,TB,STL,30004182,Curtis Douglas,assists,rf_qrf_assists,0.3.0,empirical_qrf,0.0070903806993637955,0.0,0.014673522220624192,,3296292142393253561,2025-12-22 15:35:04.369091
2025-12-22,24544,TB,STL,30004280,Joel Teasdale,assists,rf_qrf_assists,0.3.0,empirical_qrf,0.0070903806993637955,0.0,0.014673522220624192,,3296292142393253561,2025-12-22 15:35:04.369091
2025-12-22,24544,TB,STL,30004487,Jakob Pelletier,assists,rf_qrf_assists,0.3.0,empirical_qrf,6.666666666666667e-05,0.0,0.0,,3296292142393253561,2025-12-22 15:35:04.369091
2025-12-22,24544,TB,STL,30004540,Reece Newkirk,assists,rf_qrf_assists,0.3.0,empirical_qrf,0.0,0.0,0.0,,3296292142393253561,2025-12-22 15:35:04.369091
2025-12-22,24544,TB,STL,30004567,Simon Lundmark,assists,rf_qrf_assists,0.3.0,empirical_qrf,0.0,0.0,0.0,,3296292142393253561,2025-12-22 15:35:04.369091
2025-12-22,24544,TB,STL,30004631,Charle-Edouard D'Astous,assists,rf_qrf_assists,0.3.0,empirical_qrf,0.02460424107288423,0.0,0.046511627906976744,,3296292142393253561,2025-12-22 15:35:04.369091
2025-12-22,24544,TB,STL,30002821,Erik Cernak,assists,rf_qrf_assists,0.3.0,empirical_qrf,0.0,0.0,0.0,,3296292142393253561,2025-12-22 15:35:04.369091
2025-12-22,24544,TB,STL,30002845,Anthony Cirelli,assists,rf_qrf_assists,0.3.0,empirical_qrf,0.2647863319744125,0.0,0.6,,3296292142393253561,2025-12-22 15:35:04.369091
2025-12-22,24544,TB,STL,30002974,Kale Kessy,assists,rf_qrf_assists,0.3.0,empirical_qrf,0.0070903806993637955,0.0,0.014673522220624192,,3296292142393253561,2025-12-22 15:35:04.369091
2025-12-22,24544,TB,STL,30003167,Boris Katchouk,assists,rf_qrf_assists,0.3.0,empirical_qrf,0.0,0.0,0.0,,3296292142393253561,2025-12-22 15:35:04.369091
2025-12-22,24544,TB,STL,30003250,Brandon Hagel,assists,rf_qrf_assists,0.3.0,empirical_qrf,0.0,0.0,0.0,,3296292142393253561,2025-12-22 15:35:04.369091
2025-12-22,24544,TB,STL,30003478,Darren Raddysh,assists,rf_qrf_assists,0.3.0,empirical_qrf,0.03147023809523809,0.0,0.0,,3296292142393253561,2025-12-22 15:35:04.369091
2025-12-22,24544,TB,STL,30001377,Andrei Vasilevskiy,assists,rf_qrf_assists,0.3.0,empirical_qrf,0.005706793435182361,0.0043933985596847835,0.006968195681465092,,3296292142393253561,2025-12-22 15:35:04.369091
2025-12-22,24544,TB,STL,30002516,Steven Santini,assists,rf_qrf_assists,0.3.0,empirical_qrf,0.0,0.0,0.0,,3296292142393253561,2025-12-22 15:35:04.369091
2025-12-22,24544,TB,STL,30002532,Jake Guentzel,assists,rf_qrf_assists,0.3.0,empirical_qrf,0.05490343915343915,0.0,0.0,,3296292142393253561,2025-12-22 15:35:04.369091
2025-12-22,24544,TB,STL,30002549,Scott Sabourin,assists,rf_qrf_assists,0.3.0,empirical_qrf,0.0,0.0,0.0,,3296292142393253561,2025-12-22 15:35:04.369091
2025-12-22,24544,TB,STL,30002604,Brandon Halverson,assists,rf_qrf_assists,0.3.0,empirical_qrf,0.005706793435182361,0.0043933985596847835,0.006968195681465092,,3296292142393253561,2025-12-22 15:35:04.369091
2025-12-22,24544,TB,STL,30002606,Jonas Johansson,assists,rf_qrf_assists,0.3.0,empirical_qrf,0.005706793435182361,0.0043933985596847835,0.006968195681465092,,3296292142393253561,2025-12-22 15:35:04.369091
2025-12-22,24544,TB,STL,30000502,Zemgus Girgensons,assists,rf_qrf_assists,0.3.0,empirical_qrf,0.0,0.0,0.0,,3296292142393253561,2025-12-22 15:35:04.369091
2025-12-22,24544,TB,STL,30000737,Victor Hedman,assists,rf_qrf_assists,0.3.0,empirical_qrf,0.0004166666666666667,0.0,0.0,,3296292142393253561,2025-12-22 15:35:04.369091
2025-12-22,24544,TB,STL,30000742,Brayden Point,assists,rf_qrf_assists,0.3.0,empirical_qrf,0.0,0.0,0.0,,3296292142393253561,2025-12-22 15:35:04.369091
2025-12-22,24544,TB,STL,30001047,Nikita Kucherov,assists,rf_qrf_assists,0.3.0,empirical_qrf,0.0653095238095238,0.0,0.0,,3296292142393253561,2025-12-22 15:35:04.369091
2025-12-22,24544,TB,STL,30001084,Ryan McDonagh,assists,rf_qrf_assists,0.3.0,empirical_qrf,0.0,0.0,0.0,,3296292142393253561,2025-12-22 15:35:04.369091
2025-12-22,24544,TB,STL,30001178,Yanni Gourde,assists,rf_qrf_assists,0.3.0,empirical_qrf,0.009556095311656278,0.0,0.021505376344086023,,3296292142393253561,2025-12-22 15:35:04.369091
2025-12-22,24544,STL,TB,30005737,Marc-Andre Gaudet,assists,rf_qrf_assists,0.3.0,empirical_qrf,0.005706793435182361,0.0043933985596847835,0.006968195681465092,,3296292142393253561,2025-12-22 15:35:04.369091
2025-12-22,24544,STL,TB,30006051,Georgi Romanov,assists,rf_qrf_assists,0.3.0,empirical_qrf,0.005706793435182361,0.0043933985596847835,0.006968195681465092,,3296292142393253561,2025-12-22 15:35:04.369091
2025-12-22,24544,STL,TB,30006065,Dalibor Dvorsky,assists,rf_qrf_assists,0.3.0,empirical_qrf,0.0,0.0,0.0,,3296292142393253561,2025-12-22 15:35:04.369091
2025-12-22,24544,STL,TB,30006148,Quinton Burns,assists,rf_qrf_assists,0.3.0,empirical_qrf,0.004477036416087995,0.0,0.009852216748768473,,3296292142393253561,2025-12-22 15:35:04.369091
2025-12-22,24544,TB,STL,30000428,Oliver Bjorkstrand,assists,rf_qrf_assists,0.3.0,empirical_qrf,0.006694444444444445,0.0,0.0,,3296292142393253561,2025-12-22 15:35:04.369091
2025-12-22,24544,TB,STL,30000477,Nick Paul,assists,rf_qrf_assists,0.3.0,empirical_qrf,0.019041083916083914,0.0,0.1,,3296292142393253561,2025-12-22 15:35:04.369091
2025-12-22,24544,STL,TB,30004941,Matthew Kessel,assists,rf_qrf_assists,0.3.0,empirical_qrf,0.009556095311656278,0.0,0.021505376344086023,,3296292142393253561,2025-12-22 15:35:04.369091
2025-12-22,24544,STL,TB,30004999,Logan Mailloux,assists,rf_qrf_assists,0.3.0,empirical_qrf,0.0,0.0,0.0,,3296292142393253561,2025-12-22 15:35:04.369091
2025-12-22,24544,STL,TB,30005010,Zach Dean,assists,rf_qrf_assists,0.3.0,empirical_qrf,0.0,0.0,0.0,,3296292142393253561,2025-12-22 15:35:04.369091
2025-12-22,24544,STL,TB,30005136,Will Cranley,assists,rf_qrf_assists,0.3.0,empirical_qrf,0.005706793435182361,0.0043933985596847835,0.006968195681465092,,3296292142393253561,2025-12-22 15:35:04.369091
2025-12-22,24544,STL,TB,30005160,Carson Gicewicz,assists,rf_qrf_assists,0.3.0,empirical_qrf,0.0,0.0,0.0,,3296292142393253561,2025-12-22 15:35:04.369091
2025-12-22,24544,STL,TB,30005701,Michael Buchinger,assists,rf_qrf_assists,0.3.0,empirical_qrf,0.004477036416087995,0.0,0.009852216748768473,,3296292142393253561,2025-12-22 15:35:04.369091
2025-12-22,24544,STL,TB,30004495,Philip Broberg,assists,rf_qrf_assists,0.3.0,empirical_qrf,0.00037037037037037035,0.0,0.0,,3296292142393253561,2025-12-22 15:35:04.369091
2025-12-22,24544,STL,TB,30004597,Vadim Zherenko,assists,rf_qrf_assists,0.3.0,empirical_qrf,0.005706793435182361,0.0043933985596847835,0.006968195681465092,,3296292142393253561,2025-12-22 15:35:04.369091
2025-12-22,24544,STL,TB,30004642,Hunter Skinner,assists,rf_qrf_assists,0.3.0,empirical_qrf,0.0,0.0,0.0,,3296292142393253561,2025-12-22 15:35:04.369091
2025-12-22,24544,STL,TB,30004804,Dylan Holloway,assists,rf_qrf_assists,0.3.0,empirical_qrf,0.0,0.0,0.0,,3296292142393253561,2025-12-22 15:35:04.369091
2025-12-22,24544,STL,TB,30004812,Jake Neighbours,assists,rf_qrf_assists,0.3.0,empirical_qrf,0.0,0.0,0.0,,3296292142393253561,2025-12-22 15:35:04.369091
2025-12-22,24544,STL,TB,30004859,Leo Loof,assists,rf_qrf_assists,0.3.0,empirical_qrf,0.018999051582479748,0.0,0.038064267046804476,,3296292142393253561,2025-12-22 15:35:04.369091
2025-12-22,24544,STL,TB,30003899,Pius Suter,assists,rf_qrf_assists,0.3.0,empirical_qrf,0.05399452399452399,0.0,0.25,,3296292142393253561,2025-12-22 15:35:04.369091
2025-12-22,24544,STL,TB,30004109,Akil Thomas,assists,rf_qrf_assists,0.3.0,empirical_qrf,0.004477036416087995,0.0,0.009852216748768473,,3296292142393253561,2025-12-22 15:35:04.369091
2025-12-22,24544,STL,TB,30004206,Joel Hofer,assists,rf_qrf_assists,0.3.0,empirical_qrf,0.005706793435182361,0.0043933985596847835,0.006968195681465092,,3296292142393253561,2025-12-22 15:35:04.369091
2025-12-22,24544,STL,TB,30004211,Tyler Tucker,assists,rf_qrf_assists,0.3.0,empirical_qrf,0.0,0.0,0.0,,3296292142393253561,2025-12-22 15:35:04.369091
2025-12-22,24544,STL,TB,30004355,Samuel Bitten,assists,rf_qrf_assists,0.3.0,empirical_qrf,0.0070903806993637955,0.0,0.014673522220624192,,3296292142393253561,2025-12-22 15:35:04.369091
2025-12-22,24544,STL,TB,30004362,Hugh McGing,assists,rf_qrf_assists,0.3.0,empirical_qrf,0.04476055198379135,0.0,0.08695652173913043,,3296292142393253561,2025-12-22 15:35:04.369091
2025-12-22,24544,STL,TB,30003032,Mathieu Joseph,assists,rf_qrf_assists,0.3.0,empirical_qrf,0.0,0.0,0.0,,3296292142393253561,2025-12-22 15:35:04.369091
2025-12-22,24544,STL,TB,30003186,Jordan Kyrou,assists,rf_qrf_assists,0.3.0,empirical_qrf,0.08956818181818181,0.0,0.4,,3296292142393253561,2025-12-22 15:35:04.369091
2025-12-22,24544,STL,TB,30003308,Matt Luff,assists,rf_qrf_assists,0.3.0,empirical_qrf,0.0,0.0,0.0,,3296292142393253561,2025-12-22 15:35:04.369091
2025-12-22,24544,STL,TB,30003617,Calle Rosen,assists,rf_qrf_assists,0.3.0,empirical_qrf,0.0,0.0,0.0,,3296292142393253561,2025-12-22 15:35:04.369091
2025-12-22,24544,STL,TB,30003659,Robert Thomas,assists,rf_qrf_assists,0.3.0,empirical_qrf,0.005277777777777778,0.0,0.0,,3296292142393253561,2025-12-22 15:35:04.369091
2025-12-22,24544,STL,TB,30003766,Alexey Toropchenko,assists,rf_qrf_assists,0.3.0,empirical_qrf,0.0002777777777777778,0.0,0.0,,3296292142393253561,2025-12-22 15:35:04.369091
2025-12-22,24544,STL,TB,30000792,Colton Parayko,assists,rf_qrf_assists,0.3.0,empirical_qrf,0.0,0.0,0.0,,3296292142393253561,2025-12-22 15:35:04.369091
2025-12-22,24544,STL,TB,30000891,Chris Wagner,assists,rf_qrf_assists,0.3.0,empirical_qrf,0.015976572305884326,0.0,0.03636363636363636,,3296292142393253561,2025-12-22 15:35:04.369091
2025-12-22,24544,STL,TB,30001054,Matthew Peca,assists,rf_qrf_assists,0.3.0,empirical_qrf,0.005706793435182361,0.0043933985596847835,0.006968195681465092,,3296292142393253561,2025-12-22 15:35:04.369091
2025-12-22,24544,STL,TB,30001207,Cam Fowler,assists,rf_qrf_assists,0.3.0,empirical_qrf,0.001,0.0,0.0,,3296292142393253561,2025-12-22 15:35:04.369091
2025-12-22,24544,STL,TB,30002530,Pavel Buchnevich,assists,rf_qrf_assists,0.3.0,empirical_qrf,0.3084138962888963,0.0,1.2,,3296292142393253561,2025-12-22 15:35:04.369091
2025-12-22,24544,STL,TB,30002617,Nathan Walker,assists,rf_qrf_assists,0.3.0,empirical_qrf,0.0,0.0,0.0,,3296292142393253561,2025-12-22 15:35:04.369091
2025-12-22,24545,VAN,PHI,30000958,Derek Forbort,assists,rf_qrf_assists,0.3.0,empirical_qrf,0.0,0.0,0.0,,3296292142393253561,2025-12-22 15:35:04.369091
2025-12-22,24545,VAN,PHI,30000976,Evander Kane,assists,rf_qrf_assists,0.3.0,empirical_qrf,0.048579521157972226,0.0,0.11764705882352941,,3296292142393253561,2025-12-22 15:35:04.369091
2025-12-22,24545,VAN,PHI,30001238,Jake DeBrusk,assists,rf_qrf_assists,0.3.0,empirical_qrf,0.0,0.0,0.0,,3296292142393253561,2025-12-22 15:35:04.369091
2025-12-22,24545,VAN,PHI,30001299,Tyler Myers,assists,rf_qrf_assists,0.3.0,empirical_qrf,0.0,0.0,0.0,,3296292142393253561,2025-12-22 15:35:04.369091
2025-12-22,24545,VAN,PHI,30001949,Guillaume Brisebois,assists,rf_qrf_assists,0.3.0,empirical_qrf,0.0029781142761974187,0.0,0.0064516129032258064,,3296292142393253561,2025-12-22 15:35:04.369091
2025-12-22,24545,VAN,PHI,30002479,Teddy Blueger,assists,rf_qrf_assists,0.3.0,empirical_qrf,0.0,0.0,0.0,,3296292142393253561,2025-12-22 15:35:04.369091
2025-12-22,24545,VAN,PHI,30004817,Lukas Reichel,assists,rf_qrf_assists,0.3.0,empirical_qrf,0.0,0.0,0.0,,3296292142393253561,2025-12-22 15:35:04.369091
2025-12-22,24545,VAN,PHI,30005566,Arshdeep Bains,assists,rf_qrf_assists,0.3.0,empirical_qrf,0.0,0.0,0.0,,3296292142393253561,2025-12-22 15:35:04.369091
2025-12-22,24545,PHI,VAN,30004205,Egor Zamula,assists,rf_qrf_assists,0.3.0,empirical_qrf,0.013245243046310085,0.0,0.031746031746031744,,3296292142393253561,2025-12-22 15:35:04.369091
2025-12-22,24545,PHI,VAN,30006135,Denver Barkey,assists,rf_qrf_assists,0.3.0,empirical_qrf,0.004477036416087995,0.0,0.009852216748768473,,3296292142393253561,2025-12-22 15:35:04.369091
2025-12-22,24545,PHI,VAN,30005345,Roman Schmidt,assists,rf_qrf_assists,0.3.0,empirical_qrf,0.02460424107288423,0.0,0.046511627906976744,,3296292142393253561,2025-12-22 15:35:04.369091
2025-12-22,24545,VAN,PHI,30004140,Jett Woo,assists,rf_qrf_assists,0.3.0,empirical_qrf,0.004477036416087995,0.0,0.009852216748768473,,3296292142393253561,2025-12-22 15:35:04.369091
2025-12-22,24545,VAN,PHI,30004818,Marco Rossi,assists,rf_qrf_assists,0.3.0,empirical_qrf,0.002777777777777778,0.0,0.0,,3296292142393253561,2025-12-22 15:35:04.369091
2025-12-22,24545,VAN,PHI,30005642,Liam Ohgren,assists,rf_qrf_assists,0.3.0,empirical_qrf,0.0,0.0,0.0,,3296292142393253561,2025-12-22 15:35:04.369091
2025-12-22,24545,VAN,PHI,30006486,Zeev Buium,assists,rf_qrf_assists,0.3.0,empirical_qrf,0.18600602096848226,0.0,0.4444444444444444,,3296292142393253561,2025-12-22 15:35:04.369091
2025-12-22,24545,PHI,VAN,30005756,Tucker Robertson,assists,rf_qrf_assists,0.3.0,empirical_qrf,0.005706793435182361,0.0043933985596847835,0.006968195681465092,,3296292142393253561,2025-12-22 15:35:04.369091
2025-12-22,24545,PHI,VAN,30005958,Nikita Grebenkin,assists,rf_qrf_assists,0.3.0,empirical_qrf,0.0032104978354978355,0.0,0.0,,3296292142393253561,2025-12-22 15:35:04.369091
2025-12-22,24545,PHI,VAN,30006045,Yaniv Perets,assists,rf_qrf_assists,0.3.0,empirical_qrf,0.005706793435182361,0.0043933985596847835,0.006968195681465092,,3296292142393253561,2025-12-22 15:35:04.369091
2025-12-22,24545,PHI,VAN,30006061,Matvei Michkov,assists,rf_qrf_assists,0.3.0,empirical_qrf,0.012527777777777777,0.0,0.0,,3296292142393253561,2025-12-22 15:35:04.369091
2025-12-22,24545,PHI,VAN,30006075,Oliver Bonk,assists,rf_qrf_assists,0.3.0,empirical_qrf,0.0,0.0,0.0,,3296292142393253561,2025-12-22 15:35:04.369091
2025-12-22,24545,PHI,VAN,30006100,Carson Bjarnason,assists,rf_qrf_assists,0.3.0,empirical_qrf,0.005706793435182361,0.0043933985596847835,0.006968195681465092,,3296292142393253561,2025-12-22 15:35:04.369091
2025-12-22,24545,PHI,VAN,30004824,Emil Andrae,assists,rf_qrf_assists,0.3.0,empirical_qrf,0.0,0.0,0.0,,3296292142393253561,2025-12-22 15:35:04.369091
2025-12-22,24545,PHI,VAN,30004839,Helge Grans,assists,rf_qrf_assists,0.3.0,empirical_qrf,0.0029781142761974187,0.0,0.0064516129032258064,,3296292142393253561,2025-12-22 15:35:04.369091
2025-12-22,24545,PHI,VAN,30005234,Vincent Sevigny,assists,rf_qrf_assists,0.3.0,empirical_qrf,0.005706793435182361,0.0043933985596847835,0.006968195681465092,,3296292142393253561,2025-12-22 15:35:04.369091
2025-12-22,24545,PHI,VAN,30005293,Artem Guryev,assists,rf_qrf_assists,0.3.0,empirical_qrf,0.005706793435182361,0.0043933985596847835,0.006968195681465092,,3296292142393253561,2025-12-22 15:35:04.369091
2025-12-22,24545,PHI,VAN,30005397,Noah Cates,assists,rf_qrf_assists,0.3.0,empirical_qrf,0.00412962962962963,0.0,0.0,,3296292142393253561,2025-12-22 15:35:04.369091
2025-12-22,24545,PHI,VAN,30005401,Aleksei Kolosov,assists,rf_qrf_assists,0.3.0,empirical_qrf,0.005706793435182361,0.0043933985596847835,0.006968195681465092,,3296292142393253561,2025-12-22 15:35:04.369091
2025-12-22,24545,PHI,VAN,30004406,Samuel Ersson,assists,rf_qrf_assists,0.3.0,empirical_qrf,0.005706793435182361,0.0043933985596847835,0.006968195681465092,,3296292142393253561,2025-12-22 15:35:04.369091
2025-12-22,24545,PHI,VAN,30004481,Trevor Zegras,assists,rf_qrf_assists,0.3.0,empirical_qrf,0.15526322751322752,0.0,0.3333333333333333,,3296292142393253561,2025-12-22 15:35:04.369091
2025-12-22,24545,PHI,VAN,30004484,Cam York,assists,rf_qrf_assists,0.3.0,empirical_qrf,0.0,0.0,0.0,,3296292142393253561,2025-12-22 15:35:04.369091
2025-12-22,24545,PHI,VAN,30004508,Bobby Brink,assists,rf_qrf_assists,0.3.0,empirical_qrf,0.0002777777777777778,0.0,0.0,,3296292142393253561,2025-12-22 15:35:04.369091
2025-12-22,24545,PHI,VAN,30004800,Jamie Drysdale,assists,rf_qrf_assists,0.3.0,empirical_qrf,0.01202323071092421,0.0,0.0,,3296292142393253561,2025-12-22 15:35:04.369091
2025-12-22,24545,PHI,VAN,30004801,Tyson Foerster,assists,rf_qrf_assists,0.3.0,empirical_qrf,0.0,0.0,0.0,,3296292142393253561,2025-12-22 15:35:04.369091
2025-12-22,24545,PHI,VAN,30003283,Lane Pederson,assists,rf_qrf_assists,0.3.0,empirical_qrf,0.0029781142761974187,0.0,0.0064516129032258064,,3296292142393253561,2025-12-22 15:35:04.369091
2025-12-22,24545,PHI,VAN,30003500,Rodrigo Abols,assists,rf_qrf_assists,0.3.0,empirical_qrf,0.0,0.0,0.0,,3296292142393253561,2025-12-22 15:35:04.369091
2025-12-22,24545,PHI,VAN,30003653,Owen Tippett,assists,rf_qrf_assists,0.3.0,empirical_qrf,0.0005555555555555556,0.0,0.0,,3296292142393253561,2025-12-22 15:35:04.369091
2025-12-22,24545,PHI,VAN,30003733,Keith Petruzzelli,assists,rf_qrf_assists,0.3.0,empirical_qrf,0.005706793435182361,0.0043933985596847835,0.006968195681465092,,3296292142393253561,2025-12-22 15:35:04.369091
2025-12-22,24545,PHI,VAN,30004002,Cooper Marody,assists,rf_qrf_assists,0.3.0,empirical_qrf,0.005706793435182361,0.0043933985596847835,0.006968195681465092,,3296292142393253561,2025-12-22 15:35:04.369091
2025-12-22,24545,PHI,VAN,30004154,Xavier Bernard,assists,rf_qrf_assists,0.3.0,empirical_qrf,0.004853354978354978,0.0,0.0,,3296292142393253561,2025-12-22 15:35:04.369091
2025-12-22,24545,PHI,VAN,30001294,Rasmus Ristolainen,assists,rf_qrf_assists,0.3.0,empirical_qrf,0.005706793435182361,0.0043933985596847835,0.006968195681465092,,3296292142393253561,2025-12-22 15:35:04.369091
2025-12-22,24545,PHI,VAN,30001312,Noah Juulsen,assists,rf_qrf_assists,0.3.0,empirical_qrf,0.018999051582479748,0.0,0.038064267046804476,,3296292142393253561,2025-12-22 15:35:04.369091
2025-12-22,24545,PHI,VAN,30002786,Dan Vladar,assists,rf_qrf_assists,0.3.0,empirical_qrf,0.005706793435182361,0.0043933985596847835,0.006968195681465092,,3296292142393253561,2025-12-22 15:35:04.369091
2025-12-22,24545,PHI,VAN,30002979,Anthony Richard,assists,rf_qrf_assists,0.3.0,empirical_qrf,0.0,0.0,0.0,,3296292142393253561,2025-12-22 15:35:04.369091
2025-12-22,24545,PHI,VAN,30003016,Nick Seeler,assists,rf_qrf_assists,0.3.0,empirical_qrf,0.0,0.0,0.0,,3296292142393253561,2025-12-22 15:35:04.369091
2025-12-22,24545,PHI,VAN,30003171,Carl Grundstrom,assists,rf_qrf_assists,0.3.0,empirical_qrf,0.0029781142761974187,0.0,0.0064516129032258064,,3296292142393253561,2025-12-22 15:35:04.369091
2025-12-22,24545,PHI,VAN,30000234,Garrett Wilson,assists,rf_qrf_assists,0.3.0,empirical_qrf,0.0070903806993637955,0.0,0.014673522220624192,,3296292142393253561,2025-12-22 15:35:04.369091
2025-12-22,24545,PHI,VAN,30000349,Travis Konecny,assists,rf_qrf_assists,0.3.0,empirical_qrf,0.0,0.0,0.0,,3296292142393253561,2025-12-22 15:35:04.369091
2025-12-22,24545,PHI,VAN,30000501,Nicolas Deslauriers,assists,rf_qrf_assists,0.3.0,empirical_qrf,0.0029781142761974187,0.0,0.0064516129032258064,,3296292142393253561,2025-12-22 15:35:04.369091
2025-12-22,24545,PHI,VAN,30000624,Travis Sanheim,assists,rf_qrf_assists,0.3.0,empirical_qrf,0.0,0.0,0.0,,3296292142393253561,2025-12-22 15:35:04.369091
2025-12-22,24545,PHI,VAN,30000942,Christian Dvorak,assists,rf_qrf_assists,0.3.0,empirical_qrf,0.0004166666666666667,0.0,0.0,,3296292142393253561,2025-12-22 15:35:04.369091
2025-12-22,24545,PHI,VAN,30001201,Garnet Hathaway,assists,rf_qrf_assists,0.3.0,empirical_qrf,0.0070903806993637955,0.0,0.014673522220624192,,3296292142393253561,2025-12-22 15:35:04.369091
2025-12-22,24545,VAN,PHI,30006031,Max Sasson,assists,rf_qrf_assists,0.3.0,empirical_qrf,0.0,0.0,0.0,,3296292142393253561,2025-12-22 15:35:04.369091
2025-12-22,24545,VAN,PHI,30006037,Nikita Tolopilo,assists,rf_qrf_assists,0.3.0,empirical_qrf,0.005706793435182361,0.0043933985596847835,0.006968195681465092,,3296292142393253561,2025-12-22 15:35:04.369091
2025-12-22,24545,VAN,PHI,30006067,Tom Willander,assists,rf_qrf_assists,0.3.0,empirical_qrf,0.0,0.0,0.0,,3296292142393253561,2025-12-22 15:35:04.369091
2025-12-22,24545,VAN,PHI,30006320,Joe Arntsen,assists,rf_qrf_assists,0.3.0,empirical_qrf,0.005706793435182361,0.0043933985596847835,0.006968195681465092,,3296292142393253561,2025-12-22 15:35:04.369091
2025-12-22,24545,VAN,PHI,30006441,Elias Nils Pettersson,assists,rf_qrf_assists,0.3.0,empirical_qrf,0.030298776548022092,0.0,0.07169312169312175,,3296292142393253561,2025-12-22 15:35:04.369091
2025-12-22,24545,PHI,VAN,30000050,Sean Couturier,assists,rf_qrf_assists,0.3.0,empirical_qrf,0.003333333333333333,0.0,0.0,,3296292142393253561,2025-12-22 15:35:04.369091
2025-12-22,24545,VAN,PHI,30005171,Dino Kambeitz,assists,rf_qrf_assists,0.3.0,empirical_qrf,0.005706793435182361,0.0043933985596847835,0.006968195681465092,,3296292142393253561,2025-12-22 15:35:04.369091
2025-12-22,24545,VAN,PHI,30005456,Nils Aman,assists,rf_qrf_assists,0.3.0,empirical_qrf,0.04930381223871556,0.0,0.0975609756097561,,3296292142393253561,2025-12-22 15:35:04.369091
2025-12-22,24545,VAN,PHI,30005619,Jonathan Lekkerimaki,assists,rf_qrf_assists,0.3.0,empirical_qrf,0.0011111111111111111,0.0,0.0,,3296292142393253561,2025-12-22 15:35:04.369091
2025-12-22,24545,VAN,PHI,30005747,Jonathan Lemieux,assists,rf_qrf_assists,0.3.0,empirical_qrf,0.005706793435182361,0.0043933985596847835,0.006968195681465092,,3296292142393253561,2025-12-22 15:35:04.369091
2025-12-22,24545,VAN,PHI,30005831,Kirill Kudryavtsev,assists,rf_qrf_assists,0.3.0,empirical_qrf,0.0,0.0,0.0,,3296292142393253561,2025-12-22 15:35:04.369091
2025-12-22,24545,VAN,PHI,30005837,Ty Young,assists,rf_qrf_assists,0.3.0,empirical_qrf,0.005706793435182361,0.0043933985596847835,0.006968195681465092,,3296292142393253561,2025-12-22 15:35:04.369091
2025-12-22,24545,VAN,PHI,30004581,Nikolai Knyzhov,assists,rf_qrf_assists,0.3.0,empirical_qrf,0.0070903806993637955,0.0,0.014673522220624192,,3296292142393253561,2025-12-22 15:35:04.369091
2025-12-22,24545,VAN,PHI,30004741,Drew O'Connor,assists,rf_qrf_assists,0.3.0,empirical_qrf,0.0,0.0,0.0,,3296292142393253561,2025-12-22 15:35:04.369091
2025-12-22,24545,VAN,PHI,30005016,Danila Klimovich,assists,rf_qrf_assists,0.3.0,empirical_qrf,0.07131595968886029,0.0,0.16666666666666666,,3296292142393253561,2025-12-22 15:35:04.369091
2025-12-22,24545,VAN,PHI,30005028,Aatu Raty,assists,rf_qrf_assists,0.3.0,empirical_qrf,0.00412962962962963,0.0,0.0,,3296292142393253561,2025-12-22 15:35:04.369091
2025-12-22,24545,VAN,PHI,30005100,Cooper Walker,assists,rf_qrf_assists,0.3.0,empirical_qrf,0.005706793435182361,0.0043933985596847835,0.006968195681465092,,3296292142393253561,2025-12-22 15:35:04.369091
2025-12-22,24545,VAN,PHI,30005145,Josh Bloom,assists,rf_qrf_assists,0.3.0,empirical_qrf,0.005706793435182361,0.0043933985596847835,0.006968195681465092,,3296292142393253561,2025-12-22 15:35:04.369091
2025-12-22,24545,VAN,PHI,30004001,Kiefer Sherwood,assists,rf_qrf_assists,0.3.0,empirical_qrf,0.002922077922077922,0.0,0.0,,3296292142393253561,2025-12-22 15:35:04.369091
2025-12-22,24545,VAN,PHI,30004058,Kevin Lankinen,assists,rf_qrf_assists,0.3.0,empirical_qrf,0.005706793435182361,0.0043933985596847835,0.006968195681465092,,3296292142393253561,2025-12-22 15:35:04.369091
2025-12-22,24545,VAN,PHI,30004153,Linus Karlsson,assists,rf_qrf_assists,0.3.0,empirical_qrf,0.17689713527213527,0.0,0.4,,3296292142393253561,2025-12-22 15:35:04.369091
2025-12-22,24545,VAN,PHI,30004227,Chase Wouters,assists,rf_qrf_assists,0.3.0,empirical_qrf,0.005706793435182361,0.0043933985596847835,0.006968195681465092,,3296292142393253561,2025-12-22 15:35:04.369091
2025-12-22,24545,VAN,PHI,30004425,Jimmy Schuldt,assists,rf_qrf_assists,0.3.0,empirical_qrf,0.0070903806993637955,0.0,0.014673522220624192,,3296292142393253561,2025-12-22 15:35:04.369091
2025-12-22,24545,VAN,PHI,30004531,Nils Hoglander,assists,rf_qrf_assists,0.3.0,empirical_qrf,0.0,0.0,0.0,,3296292142393253561,2025-12-22 15:35:04.369091
2025-12-22,24545,VAN,PHI,30003193,Filip Hronek,assists,rf_qrf_assists,0.3.0,empirical_qrf,0.004555555555555556,0.0,0.0,,3296292142393253561,2025-12-22 15:35:04.369091
2025-12-22,24545,VAN,PHI,30003604,David Kampf,assists,rf_qrf_assists,0.3.0,empirical_qrf,0.009556095311656278,0.0,0.021505376344086023,,3296292142393253561,2025-12-22 15:35:04.369091
2025-12-22,24545,VAN,PHI,30003647,Elias Pettersson,assists,rf_qrf_assists,0.3.0,empirical_qrf,0.0,0.0,0.0,,3296292142393253561,2025-12-22 15:35:04.369091
2025-12-22,24545,VAN,PHI,30003655,Filip Chytil,assists,rf_qrf_assists,0.3.0,empirical_qrf,0.0,0.0,0.0,,3296292142393253561,2025-12-22 15:35:04.369091
2025-12-22,24545,VAN,PHI,30003666,Pierre-Olivier Joseph,assists,rf_qrf_assists,0.3.0,empirical_qrf,0.0,0.0,0.0,,3296292142393253561,2025-12-22 15:35:04.369091
2025-12-22,24545,VAN,PHI,30003776,Jiri Patera,assists,rf_qrf_assists,0.3.0,empirical_qrf,0.005706793435182361,0.0043933985596847835,0.006968195681465092,,3296292142393253561,2025-12-22 15:35:04.369091
2025-12-22,24545,VAN,PHI,30002581,Thatcher Demko,assists,rf_qrf_assists,0.3.0,empirical_qrf,0.005706793435182361,0.0043933985596847835,0.006968195681465092,,3296292142393253561,2025-12-22 15:35:04.369091
2025-12-22,24545,VAN,PHI,30002587,Marcus Pettersson,assists,rf_qrf_assists,0.3.0,empirical_qrf,0.0,0.0,0.0,,3296292142393253561,2025-12-22 15:35:04.369091
2025-12-22,24545,VAN,PHI,30002777,Brock Boeser,assists,rf_qrf_assists,0.3.0,empirical_qrf,0.004527116402116401,0.0,0.0,,3296292142393253561,2025-12-22 15:35:04.369091
2025-12-22,24545,VAN,PHI,30002793,Joseph Labate,assists,rf_qrf_assists,0.3.0,empirical_qrf,0.03366444659107895,0.0,0.06451612903225806,,3296292142393253561,2025-12-22 15:35:04.369091
2025-12-22,24545,VAN,PHI,30002876,Conor Garland,assists,rf_qrf_assists,0.3.0,empirical_qrf,0.02550793650793651,0.0,0.0,,3296292142393253561,2025-12-22 15:35:04.369091
2025-12-22,24545,VAN,PHI,30003063,Mackenzie MacEachern,assists,rf_qrf_assists,0.3.0,empirical_qrf,0.0,0.0,0.0,,3296292142393253561,2025-12-22 15:35:04.369091
2025-12-22,24546,SEA,ANA,30000303,Adam Larsson,assists,rf_qrf_assists,0.3.0,empirical_qrf,0.0,0.0,0.0,,3296292142393253561,2025-12-22 15:35:04.369091
2025-12-22,24546,SEA,ANA,30000460,Max McCormick,assists,rf_qrf_assists,0.3.0,empirical_qrf,0.02460424107288423,0.0,0.046511627906976744,,3296292142393253561,2025-12-22 15:35:04.369091
2025-12-22,24546,SEA,ANA,30000539,Jordan Eberle,assists,rf_qrf_assists,0.3.0,empirical_qrf,0.003333333333333333,0.0,0.0,,3296292142393253561,2025-12-22 15:35:04.369091
2025-12-22,24546,SEA,ANA,30000577,Philipp Grubauer,assists,rf_qrf_assists,0.3.0,empirical_qrf,0.005706793435182361,0.0043933985596847835,0.006968195681465092,,3296292142393253561,2025-12-22 15:35:04.369091
2025-12-22,24546,SEA,ANA,30000596,Chandler Stephenson,assists,rf_qrf_assists,0.3.0,empirical_qrf,0.0029781142761974187,0.0,0.0064516129032258064,,3296292142393253561,2025-12-22 15:35:04.369091
2025-12-22,24546,SEA,ANA,30000629,Matt Murray,assists,rf_qrf_assists,0.3.0,empirical_qrf,0.005706793435182361,0.0043933985596847835,0.006968195681465092,,3296292142393253561,2025-12-22 15:35:04.369091
2025-12-22,24546,ANA,SEA,30006483,Beckett Sennecke,assists,rf_qrf_assists,0.3.0,empirical_qrf,0.0,0.0,0.0,,3296292142393253561,2025-12-22 15:35:04.369091
2025-12-22,24546,ANA,SEA,30006117,Nico Myatovic,assists,rf_qrf_assists,0.3.0,empirical_qrf,0.0,0.0,0.0,,3296292142393253561,2025-12-22 15:35:04.369091
2025-12-22,24546,ANA,SEA,30006129,Coulson Pitre,assists,rf_qrf_assists,0.3.0,empirical_qrf,0.02460424107288423,0.0,0.046511627906976744,,3296292142393253561,2025-12-22 15:35:04.369091
2025-12-22,24546,ANA,SEA,30006161,Yegor Sidorov,assists,rf_qrf_assists,0.3.0,empirical_qrf,0.00015151515151515152,0.0,0.0,,3296292142393253561,2025-12-22 15:35:04.369091
2025-12-22,24546,ANA,SEA,30006162,Konnor Smith,assists,rf_qrf_assists,0.3.0,empirical_qrf,0.005706793435182361,0.0043933985596847835,0.006968195681465092,,3296292142393253561,2025-12-22 15:35:04.369091
2025-12-22,24546,ANA,SEA,30006310,Roman Kinal,assists,rf_qrf_assists,0.3.0,empirical_qrf,0.04476055198379135,0.0,0.08695652173913043,,3296292142393253561,2025-12-22 15:35:04.369091
2025-12-22,24546,ANA,SEA,30006353,Easton Armstrong,assists,rf_qrf_assists,0.3.0,empirical_qrf,0.005706793435182361,0.0043933985596847835,0.006968195681465092,,3296292142393253561,2025-12-22 15:35:04.369091
2025-12-22,24546,ANA,SEA,30005677,Noah Warren,assists,rf_qrf_assists,0.3.0,empirical_qrf,0.0070903806993637955,0.0,0.014673522220624192,,3296292142393253561,2025-12-22 15:35:04.369091
2025-12-22,24546,ANA,SEA,30005678,Tristan Luneau,assists,rf_qrf_assists,0.3.0,empirical_qrf,0.0,0.0,0.0,,3296292142393253561,2025-12-22 15:35:04.369091
2025-12-22,24546,ANA,SEA,30005945,Tomas Suchanek,assists,rf_qrf_assists,0.3.0,empirical_qrf,0.005706793435182361,0.0043933985596847835,0.006968195681465092,,3296292142393253561,2025-12-22 15:35:04.369091
2025-12-22,24546,ANA,SEA,30006016,Jaxsen Wiebe,assists,rf_qrf_assists,0.3.0,empirical_qrf,0.005706793435182361,0.0043933985596847835,0.006968195681465092,,3296292142393253561,2025-12-22 15:35:04.369091
2025-12-22,24546,ANA,SEA,30006017,Nikita Nesterenko,assists,rf_qrf_assists,0.3.0,empirical_qrf,0.0,0.0,0.0,,3296292142393253561,2025-12-22 15:35:04.369091
2025-12-22,24546,ANA,SEA,30006069,Leo Carlsson,assists,rf_qrf_assists,0.3.0,empirical_qrf,0.007235449735449735,0.0,0.0,,3296292142393253561,2025-12-22 15:35:04.369091
2025-12-22,24546,ANA,SEA,30005095,Davis Codd,assists,rf_qrf_assists,0.3.0,empirical_qrf,0.0,0.0,0.0,,3296292142393253561,2025-12-22 15:35:04.369091
2025-12-22,24546,ANA,SEA,30005275,Tyson Hinds,assists,rf_qrf_assists,0.3.0,empirical_qrf,0.0008333333333333334,0.0,0.0,,3296292142393253561,2025-12-22 15:35:04.369091
2025-12-22,24546,ANA,SEA,30005285,Jeremie Biakabutuka,assists,rf_qrf_assists,0.3.0,empirical_qrf,0.005706793435182361,0.0043933985596847835,0.006968195681465092,,3296292142393253561,2025-12-22 15:35:04.369091
2025-12-22,24546,ANA,SEA,30005615,Pavel Mintyukov,assists,rf_qrf_assists,0.3.0,empirical_qrf,0.0,0.0,0.0,,3296292142393253561,2025-12-22 15:35:04.369091
2025-12-22,24546,ANA,SEA,30005620,Cutter Gauthier,assists,rf_qrf_assists,0.3.0,empirical_qrf,0.0,0.0,0.0,,3296292142393253561,2025-12-22 15:35:04.369091
2025-12-22,24546,ANA,SEA,30005643,Nathan Gaucher,assists,rf_qrf_assists,0.3.0,empirical_qrf,0.0,0.0,0.0,,3296292142393253561,2025-12-22 15:35:04.369091
2025-12-22,24546,ANA,SEA,30004828,Calle Clang,assists,rf_qrf_assists,0.3.0,empirical_qrf,0.005706793435182361,0.0043933985596847835,0.006968195681465092,,3296292142393253561,2025-12-22 15:35:04.369091
2025-12-22,24546,ANA,SEA,30004829,Sam Colangelo,assists,rf_qrf_assists,0.3.0,empirical_qrf,0.0002777777777777778,0.0,0.0,,3296292142393253561,2025-12-22 15:35:04.369091
2025-12-22,24546,ANA,SEA,30004861,Ian Moore,assists,rf_qrf_assists,0.3.0,empirical_qrf,0.0,0.0,0.0,,3296292142393253561,2025-12-22 15:35:04.369091
2025-12-22,24546,ANA,SEA,30004997,Mason McTavish,assists,rf_qrf_assists,0.3.0,empirical_qrf,0.05399452399452399,0.0,0.25,,3296292142393253561,2025-12-22 15:35:04.369091
2025-12-22,24546,ANA,SEA,30005018,Olen Zellweger,assists,rf_qrf_assists,0.3.0,empirical_qrf,0.0,0.0,0.0,,3296292142393253561,2025-12-22 15:35:04.369091
2025-12-22,24546,ANA,SEA,30005051,Sasha Pastujov,assists,rf_qrf_assists,0.3.0,empirical_qrf,0.0,0.0,0.0,,3296292142393253561,2025-12-22 15:35:04.369091
2025-12-22,24546,ANA,SEA,30003747,Troy Terry,assists,rf_qrf_assists,0.3.0,empirical_qrf,0.0,0.0,0.0,,3296292142393253561,2025-12-22 15:35:04.369091
2025-12-22,24546,ANA,SEA,30003948,David Cotton,assists,rf_qrf_assists,0.3.0,empirical_qrf,0.0,0.0,0.0,,3296292142393253561,2025-12-22 15:35:04.369091
2025-12-22,24546,ANA,SEA,30004160,Lukas Dostal,assists,rf_qrf_assists,0.3.0,empirical_qrf,0.005706793435182361,0.0043933985596847835,0.006968195681465092,,3296292142393253561,2025-12-22 15:35:04.369091
2025-12-22,24546,ANA,SEA,30004512,Drew Helleson,assists,rf_qrf_assists,0.3.0,empirical_qrf,0.0,0.0,0.0,,3296292142393253561,2025-12-22 15:35:04.369091
2025-12-22,24546,ANA,SEA,30004526,Jackson LaCombe,assists,rf_qrf_assists,0.3.0,empirical_qrf,0.033277777777777774,0.0,0.0,,3296292142393253561,2025-12-22 15:35:04.369091
2025-12-22,24546,ANA,SEA,30004550,Judd Caulfield,assists,rf_qrf_assists,0.3.0,empirical_qrf,0.005706793435182361,0.0043933985596847835,0.006968195681465092,,3296292142393253561,2025-12-22 15:35:04.369091
2025-12-22,24546,ANA,SEA,30002760,Ville Husso,assists,rf_qrf_assists,0.3.0,empirical_qrf,0.005706793435182361,0.0043933985596847835,0.006968195681465092,,3296292142393253561,2025-12-22 15:35:04.369091
2025-12-22,24546,ANA,SEA,30002773,Jansen Harkins,assists,rf_qrf_assists,0.3.0,empirical_qrf,0.005706793435182361,0.0043933985596847835,0.006968195681465092,,3296292142393253561,2025-12-22 15:35:04.369091
2025-12-22,24546,ANA,SEA,30002864,Nikolas Brouillard,assists,rf_qrf_assists,0.3.0,empirical_qrf,0.005706793435182361,0.0043933985596847835,0.006968195681465092,,3296292142393253561,2025-12-22 15:35:04.369091
2025-12-22,24546,ANA,SEA,30003197,Carsen Twarynski,assists,rf_qrf_assists,0.3.0,empirical_qrf,0.005706793435182361,0.0043933985596847835,0.006968195681465092,,3296292142393253561,2025-12-22 15:35:04.369091
2025-12-22,24546,ANA,SEA,30003475,Matthew Phillips,assists,rf_qrf_assists,0.3.0,empirical_qrf,0.0,0.0,0.0,,3296292142393253561,2025-12-22 15:35:04.369091
2025-12-22,24546,ANA,SEA,30003650,Ryan Poehling,assists,rf_qrf_assists,0.3.0,empirical_qrf,0.0,0.0,0.0,,3296292142393253561,2025-12-22 15:35:04.369091
2025-12-22,24546,ANA,SEA,30000739,Alex Killorn,assists,rf_qrf_assists,0.3.0,empirical_qrf,0.018999051582479748,0.0,0.038064267046804476,,3296292142393253561,2025-12-22 15:35:04.369091
2025-12-22,24546,ANA,SEA,30000834,Jacob Trouba,assists,rf_qrf_assists,0.3.0,empirical_qrf,0.018999051582479748,0.0,0.038064267046804476,,3296292142393253561,2025-12-22 15:35:04.369091
2025-12-22,24546,ANA,SEA,30000998,Ross Johnston,assists,rf_qrf_assists,0.3.0,empirical_qrf,0.0,0.0,0.0,,3296292142393253561,2025-12-22 15:35:04.369091
2025-12-22,24546,ANA,SEA,30001005,Ryan Strome,assists,rf_qrf_assists,0.3.0,empirical_qrf,0.0032104978354978355,0.0,0.0,,3296292142393253561,2025-12-22 15:35:04.369091
2025-12-22,24546,ANA,SEA,30001009,Petr Mrazek,assists,rf_qrf_assists,0.3.0,empirical_qrf,0.005706793435182361,0.0043933985596847835,0.006968195681465092,,3296292142393253561,2025-12-22 15:35:04.369091
2025-12-22,24546,ANA,SEA,30002528,Tyrell Goulbourne,assists,rf_qrf_assists,0.3.0,empirical_qrf,0.005706793435182361,0.0043933985596847835,0.006968195681465092,,3296292142393253561,2025-12-22 15:35:04.369091
2025-12-22,24546,SEA,ANA,30006437,Kaden Hammell,assists,rf_qrf_assists,0.3.0,empirical_qrf,0.0070903806993637955,0.0,0.014673522220624192,,3296292142393253561,2025-12-22 15:35:04.369091
2025-12-22,24546,ANA,SEA,30000269,Radko Gudas,assists,rf_qrf_assists,0.3.0,empirical_qrf,0.0,0.0,0.0,,3296292142393253561,2025-12-22 15:35:04.369091
2025-12-22,24546,ANA,SEA,30000320,Chris Kreider,assists,rf_qrf_assists,0.3.0,empirical_qrf,0.0,0.0,0.0,,3296292142393253561,2025-12-22 15:35:04.369091
2025-12-22,24546,ANA,SEA,30000509,Justin Bailey,assists,rf_qrf_assists,0.3.0,empirical_qrf,0.0029781142761974187,0.0,0.0064516129032258064,,3296292142393253561,2025-12-22 15:35:04.369091
2025-12-22,24546,ANA,SEA,30000515,Mikael Granlund,assists,rf_qrf_assists,0.3.0,empirical_qrf,0.0,0.0,0.0,,3296292142393253561,2025-12-22 15:35:04.369091
2025-12-22,24546,ANA,SEA,30000609,Frank Vatrano,assists,rf_qrf_assists,0.3.0,empirical_qrf,0.07863094394712042,0.0,0.3333333333333333,,3296292142393253561,2025-12-22 15:35:04.369091
2025-12-22,24546,SEA,ANA,30005757,Ty Nelson,assists,rf_qrf_assists,0.3.0,empirical_qrf,0.005706793435182361,0.0043933985596847835,0.006968195681465092,,3296292142393253561,2025-12-22 15:35:04.369091
2025-12-22,24546,SEA,ANA,30006087,Eduard Sale,assists,rf_qrf_assists,0.3.0,empirical_qrf,0.0,0.0,0.0,,3296292142393253561,2025-12-22 15:35:04.369091
2025-12-22,24546,SEA,ANA,30006119,Lukas Dragicevic,assists,rf_qrf_assists,0.3.0,empirical_qrf,0.0,0.0,0.0,,3296292142393253561,2025-12-22 15:35:04.369091
2025-12-22,24546,SEA,ANA,30006121,Carson Rehkopf,assists,rf_qrf_assists,0.3.0,empirical_qrf,0.0,0.0,0.0,,3296292142393253561,2025-12-22 15:35:04.369091
2025-12-22,24546,SEA,ANA,30006125,Caden Price,assists,rf_qrf_assists,0.3.0,empirical_qrf,0.004477036416087995,0.0,0.009852216748768473,,3296292142393253561,2025-12-22 15:35:04.369091
2025-12-22,24546,SEA,ANA,30006197,Andrei Loshko,assists,rf_qrf_assists,0.3.0,empirical_qrf,0.005706793435182361,0.0043933985596847835,0.006968195681465092,,3296292142393253561,2025-12-22 15:35:04.369091
2025-12-22,24546,SEA,ANA,30005593,Peetro Seppala,assists,rf_qrf_assists,0.3.0,empirical_qrf,0.005706793435182361,0.0043933985596847835,0.006968195681465092,,3296292142393253561,2025-12-22 15:35:04.369091
2025-12-22,24546,SEA,ANA,30005616,Shane Wright,assists,rf_qrf_assists,0.3.0,empirical_qrf,0.01202323071092421,0.0,0.0,,3296292142393253561,2025-12-22 15:35:04.369091
2025-12-22,24546,SEA,ANA,30005680,David Goyette,assists,rf_qrf_assists,0.3.0,empirical_qrf,0.02460424107288423,0.0,0.046511627906976744,,3296292142393253561,2025-12-22 15:35:04.369091
2025-12-22,24546,SEA,ANA,30005681,Jagger Firkus,assists,rf_qrf_assists,0.3.0,empirical_qrf,0.0,0.0,0.0,,3296292142393253561,2025-12-22 15:35:04.369091
2025-12-22,24546,SEA,ANA,30005682,Jani Nyman,assists,rf_qrf_assists,0.3.0,empirical_qrf,0.04954166666666667,0.0,0.0,,3296292142393253561,2025-12-22 15:35:04.369091
2025-12-22,24546,SEA,ANA,30005683,Niklas Kokko,assists,rf_qrf_assists,0.3.0,empirical_qrf,0.005706793435182361,0.0043933985596847835,0.006968195681465092,,3296292142393253561,2025-12-22 15:35:04.369091
2025-12-22,24546,SEA,ANA,30005333,Jacob Melanson,assists,rf_qrf_assists,0.3.0,empirical_qrf,0.0,0.0,0.0,,3296292142393253561,2025-12-22 15:35:04.369091
2025-12-22,24546,SEA,ANA,30005336,Tye Kartye,assists,rf_qrf_assists,0.3.0,empirical_qrf,0.0,0.0,0.0,,3296292142393253561,2025-12-22 15:35:04.369091
2025-12-22,24546,SEA,ANA,30005337,Ryan Winterton,assists,rf_qrf_assists,0.3.0,empirical_qrf,0.0,0.0,0.0,,3296292142393253561,2025-12-22 15:35:04.369091
2025-12-22,24546,SEA,ANA,30005447,Ville Ottavainen,assists,rf_qrf_assists,0.3.0,empirical_qrf,0.0,0.0,0.0,,3296292142393253561,2025-12-22 15:35:04.369091
2025-12-22,24546,SEA,ANA,30005503,Logan Morrison,assists,rf_qrf_assists,0.3.0,empirical_qrf,0.019289682539682537,0.0,0.0,,3296292142393253561,2025-12-22 15:35:04.369091
2025-12-22,24546,SEA,ANA,30005582,Ben Meyers,assists,rf_qrf_assists,0.3.0,empirical_qrf,0.0,0.0,0.0,,3296292142393253561,2025-12-22 15:35:04.369091
2025-12-22,24546,SEA,ANA,30003703,Cale Fleury,assists,rf_qrf_assists,0.3.0,empirical_qrf,0.030298776548022092,0.0,0.07169312169312175,,3296292142393253561,2025-12-22 15:35:04.369091
2025-12-22,24546,SEA,ANA,30004419,Joey Daccord,assists,rf_qrf_assists,0.3.0,empirical_qrf,0.005706793435182361,0.0043933985596847835,0.006968195681465092,,3296292142393253561,2025-12-22 15:35:04.369091
2025-12-22,24546,SEA,ANA,30004471,Kaapo Kakko,assists,rf_qrf_assists,0.3.0,empirical_qrf,0.0,0.0,0.0,,3296292142393253561,2025-12-22 15:35:04.369091
2025-12-22,24546,SEA,ANA,30005040,Matty Beniers,assists,rf_qrf_assists,0.3.0,empirical_qrf,0.004527116402116401,0.0,0.0,,3296292142393253561,2025-12-22 15:35:04.369091
2025-12-22,24546,SEA,ANA,30005042,Ryker Evans,assists,rf_qrf_assists,0.3.0,empirical_qrf,0.018999051582479748,0.0,0.038064267046804476,,3296292142393253561,2025-12-22 15:35:04.369091
2025-12-22,24546,SEA,ANA,30005239,Jakov Novak,assists,rf_qrf_assists,0.3.0,empirical_qrf,0.005706793435182361,0.0043933985596847835,0.006968195681465092,,3296292142393253561,2025-12-22 15:35:04.369091
2025-12-22,24546,SEA,ANA,30002529,John Hayden,assists,rf_qrf_assists,0.3.0,empirical_qrf,0.0,0.0,0.0,,3296292142393253561,2025-12-22 15:35:04.369091
2025-12-22,24546,SEA,ANA,30002711,Frederick Gaudreau,assists,rf_qrf_assists,0.3.0,empirical_qrf,0.04447932012907579,0.0,0.10344827586206896,,3296292142393253561,2025-12-22 15:35:04.369091
2025-12-22,24546,SEA,ANA,30003184,Ryan Lindgren,assists,rf_qrf_assists,0.3.0,empirical_qrf,0.0,0.0,0.0,,3296292142393253561,2025-12-22 15:35:04.369091
2025-12-22,24546,SEA,ANA,30003188,Jack LaFontaine,assists,rf_qrf_assists,0.3.0,empirical_qrf,0.016522486772486772,0.0,0.0,,3296292142393253561,2025-12-22 15:35:04.369091
2025-12-22,24546,SEA,ANA,30003214,Joshua Mahura,assists,rf_qrf_assists,0.3.0,empirical_qrf,0.04930381223871556,0.0,0.0975609756097561,,3296292142393253561,2025-12-22 15:35:04.369091
2025-12-22,24546,SEA,ANA,30003660,Eeli Tolvanen,assists,rf_qrf_assists,0.3.0,empirical_qrf,0.0,0.0,0.0,,3296292142393253561,2025-12-22 15:35:04.369091
2025-12-22,24546,SEA,ANA,30000674,Vince Dunn,assists,rf_qrf_assists,0.3.0,empirical_qrf,0.0019642857142857144,0.0,0.0,,3296292142393253561,2025-12-22 15:35:04.369091
2025-12-22,24546,SEA,ANA,30000758,Jamie Oleksiak,assists,rf_qrf_assists,0.3.0,empirical_qrf,0.03366444659107895,0.0,0.06451612903225806,,3296292142393253561,2025-12-22 15:35:04.369091
2025-12-22,24546,SEA,ANA,30000794,Jaden Schwartz,assists,rf_qrf_assists,0.3.0,empirical_qrf,0.00037037037037037035,0.0,0.0,,3296292142393253561,2025-12-22 15:35:04.369091
2025-12-22,24546,SEA,ANA,30000812,Gustav Olofsson,assists,rf_qrf_assists,0.3.0,empirical_qrf,0.005706793435182361,0.0043933985596847835,0.006968195681465092,,3296292142393253561,2025-12-22 15:35:04.369091
2025-12-22,24546,SEA,ANA,30000882,Brandon Montour,assists,rf_qrf_assists,0.3.0,empirical_qrf,0.012916666666666667,0.0,0.0,,3296292142393253561,2025-12-22 15:35:04.369091
2025-12-22,24546,SEA,ANA,30000929,Jared McCann,assists,rf_qrf_assists,0.3.0,empirical_qrf,0.0004761904761904762,0.0,0.0,,3296292142393253561,2025-12-22 15:35:04.369091
2025-12-22,24547,CBJ,LA,30000115,Sean Monahan,assists,rf_qrf_assists,0.3.0,empirical_qrf,0.0,0.0,0.0,,3296292142393253561,2025-12-22 15:35:04.369091
2025-12-22,24547,CBJ,LA,30000207,Damon Severson,assists,rf_qrf_assists,0.3.0,empirical_qrf,0.0,0.0,0.0,,3296292142393253561,2025-12-22 15:35:04.369091
2025-12-22,24547,CBJ,LA,30000233,Erik Gudbranson,assists,rf_qrf_assists,0.3.0,empirical_qrf,0.0,0.0,0.0,,3296292142393253561,2025-12-22 15:35:04.369091
2025-12-22,24547,CBJ,LA,30000623,Ivan Provorov,assists,rf_qrf_assists,0.3.0,empirical_qrf,0.0,0.0,0.0,,3296292142393253561,2025-12-22 15:35:04.369091
2025-12-22,24547,CBJ,LA,30000778,Boone Jenner,assists,rf_qrf_assists,0.3.0,empirical_qrf,0.012916666666666667,0.0,0.0,,3296292142393253561,2025-12-22 15:35:04.369091
2025-12-22,24547,CBJ,LA,30000805,Charlie Coyle,assists,rf_qrf_assists,0.3.0,empirical_qrf,0.0,0.0,0.0,,3296292142393253561,2025-12-22 15:35:04.369091
2025-12-22,24547,LA,CBJ,30006386,Tate Singleton,assists,rf_qrf_assists,0.3.0,empirical_qrf,0.005706793435182361,0.0043933985596847835,0.006968195681465092,,3296292142393253561,2025-12-22 15:35:04.369091
2025-12-22,24547,CBJ,LA,30002223,Mason Marchment,assists,rf_qrf_assists,0.3.0,empirical_qrf,0.30378251027438335,0.0,0.7058823529411765,,3296292142393253561,2025-12-22 15:35:04.369091
2025-12-22,24547,LA,CBJ,30005322,Isaiah Saville,assists,rf_qrf_assists,0.3.0,empirical_qrf,0.0,0.0,0.0,,3296292142393253561,2025-12-22 15:35:04.369091
2025-12-22,24547,LA,CBJ,30005610,Andrei Kuzmenko,assists,rf_qrf_assists,0.3.0,empirical_qrf,0.0,0.0,0.0,,3296292142393253561,2025-12-22 15:35:04.369091
2025-12-22,24547,LA,CBJ,30005710,Angus Booth,assists,rf_qrf_assists,0.3.0,empirical_qrf,0.005706793435182361,0.0043933985596847835,0.006968195681465092,,3296292142393253561,2025-12-22 15:35:04.369091
2025-12-22,24547,LA,CBJ,30006113,Jakub Dvorak,assists,rf_qrf_assists,0.3.0,empirical_qrf,0.0,0.0,0.0,,3296292142393253561,2025-12-22 15:35:04.369091
2025-12-22,24547,LA,CBJ,30006140,Koehn Ziemmer,assists,rf_qrf_assists,0.3.0,empirical_qrf,0.005706793435182361,0.0043933985596847835,0.006968195681465092,,3296292142393253561,2025-12-22 15:35:04.369091
2025-12-22,24547,LA,CBJ,30006349,Jacob Modry,assists,rf_qrf_assists,0.3.0,empirical_qrf,0.005706793435182361,0.0043933985596847835,0.006968195681465092,,3296292142393253561,2025-12-22 15:35:04.369091
2025-12-22,24547,LA,CBJ,30004856,Alex Laferriere,assists,rf_qrf_assists,0.3.0,empirical_qrf,0.0,0.0,0.0,,3296292142393253561,2025-12-22 15:35:04.369091
2025-12-22,24547,LA,CBJ,30004969,Jeff Malott,assists,rf_qrf_assists,0.3.0,empirical_qrf,0.12182950557640959,0.0,0.5,,3296292142393253561,2025-12-22 15:35:04.369091
2025-12-22,24547,LA,CBJ,30004994,Brandt Clarke,assists,rf_qrf_assists,0.3.0,empirical_qrf,0.014670889295889295,0.0,0.0,,3296292142393253561,2025-12-22 15:35:04.369091
2025-12-22,24547,LA,CBJ,30005015,Francesco Pinelli,assists,rf_qrf_assists,0.3.0,empirical_qrf,0.0029781142761974187,0.0,0.0064516129032258064,,3296292142393253561,2025-12-22 15:35:04.369091
2025-12-22,24547,LA,CBJ,30005039,Samuel Helenius,assists,rf_qrf_assists,0.3.0,empirical_qrf,0.0,0.0,0.0,,3296292142393253561,2025-12-22 15:35:04.369091
2025-12-22,24547,LA,CBJ,30005087,Kaleb Lawrence,assists,rf_qrf_assists,0.3.0,empirical_qrf,0.005706793435182361,0.0043933985596847835,0.006968195681465092,,3296292142393253561,2025-12-22 15:35:04.369091
2025-12-22,24547,LA,CBJ,30004321,Jacob Ingham,assists,rf_qrf_assists,0.3.0,empirical_qrf,0.005706793435182361,0.0043933985596847835,0.006968195681465092,,3296292142393253561,2025-12-22 15:35:04.369091
2025-12-22,24547,LA,CBJ,30004436,Mikey Anderson,assists,rf_qrf_assists,0.3.0,empirical_qrf,0.0,0.0,0.0,,3296292142393253561,2025-12-22 15:35:04.369091
2025-12-22,24547,LA,CBJ,30004473,Alex Turcotte,assists,rf_qrf_assists,0.3.0,empirical_qrf,0.007235449735449735,0.0,0.0,,3296292142393253561,2025-12-22 15:35:04.369091
2025-12-22,24547,LA,CBJ,30004516,Nikita Alexandrov,assists,rf_qrf_assists,0.3.0,empirical_qrf,0.0,0.0,0.0,,3296292142393253561,2025-12-22 15:35:04.369091
2025-12-22,24547,LA,CBJ,30004571,Erik Portillo,assists,rf_qrf_assists,0.3.0,empirical_qrf,0.005706793435182361,0.0043933985596847835,0.006968195681465092,,3296292142393253561,2025-12-22 15:35:04.369091
2025-12-22,24547,LA,CBJ,30004798,Quinton Byfield,assists,rf_qrf_assists,0.3.0,empirical_qrf,0.0004761904761904762,0.0,0.0,,3296292142393253561,2025-12-22 15:35:04.369091
2025-12-22,24547,LA,CBJ,30002582,Adrian Kempe,assists,rf_qrf_assists,0.3.0,empirical_qrf,0.0,0.0,0.0,,3296292142393253561,2025-12-22 15:35:04.369091
2025-12-22,24547,LA,CBJ,30002611,Warren Foegele,assists,rf_qrf_assists,0.3.0,empirical_qrf,0.0,0.0,0.0,,3296292142393253561,2025-12-22 15:35:04.369091
2025-12-22,24547,LA,CBJ,30002703,Kyle Burroughs,assists,rf_qrf_assists,0.3.0,empirical_qrf,0.0,0.0,0.0,,3296292142393253561,2025-12-22 15:35:04.369091
2025-12-22,24547,LA,CBJ,30003232,Jacob Moverare,assists,rf_qrf_assists,0.3.0,empirical_qrf,0.0,0.0,0.0,,3296292142393253561,2025-12-22 15:35:04.369091
2025-12-22,24547,LA,CBJ,30003236,Trevor Moore,assists,rf_qrf_assists,0.3.0,empirical_qrf,0.05769444444444443,0.0,0.2535714285714294,,3296292142393253561,2025-12-22 15:35:04.369091
2025-12-22,24547,LA,CBJ,30003508,John Parker-Jones,assists,rf_qrf_assists,0.3.0,empirical_qrf,0.005706793435182361,0.0043933985596847835,0.006968195681465092,,3296292142393253561,2025-12-22 15:35:04.369091
2025-12-22,24547,LA,CBJ,30000668,Anton Forsberg,assists,rf_qrf_assists,0.3.0,empirical_qrf,0.005706793435182361,0.0043933985596847835,0.006968195681465092,,3296292142393253561,2025-12-22 15:35:04.369091
2025-12-22,24547,LA,CBJ,30000675,Joel Edmundson,assists,rf_qrf_assists,0.3.0,empirical_qrf,0.023890519620777092,0.0,0.058823529411764705,,3296292142393253561,2025-12-22 15:35:04.369091
2025-12-22,24547,LA,CBJ,30000770,Pheonix Copley,assists,rf_qrf_assists,0.3.0,empirical_qrf,0.005706793435182361,0.0043933985596847835,0.006968195681465092,,3296292142393253561,2025-12-22 15:35:04.369091
2025-12-22,24547,LA,CBJ,30000788,Jacob Doty,assists,rf_qrf_assists,0.3.0,empirical_qrf,0.005706793435182361,0.0043933985596847835,0.006968195681465092,,3296292142393253561,2025-12-22 15:35:04.369091
2025-12-22,24547,LA,CBJ,30000818,Joel Armia,assists,rf_qrf_assists,0.3.0,empirical_qrf,0.0,0.0,0.0,,3296292142393253561,2025-12-22 15:35:04.369091
2025-12-22,24547,LA,CBJ,30001265,Corey Perry,assists,rf_qrf_assists,0.3.0,empirical_qrf,0.06078571428571429,0.0,0.3333333333333333,,3296292142393253561,2025-12-22 15:35:04.369091
2025-12-22,24547,LA,CBJ,30000145,Drew Doughty,assists,rf_qrf_assists,0.3.0,empirical_qrf,0.0,0.0,0.0,,3296292142393253561,2025-12-22 15:35:04.369091
2025-12-22,24547,LA,CBJ,30000149,Anze Kopitar,assists,rf_qrf_assists,0.3.0,empirical_qrf,0.0,0.0,0.0,,3296292142393253561,2025-12-22 15:35:04.369091
2025-12-22,24547,LA,CBJ,30000199,Kevin Fiala,assists,rf_qrf_assists,0.3.0,empirical_qrf,0.007430555555555555,0.0,0.0,,3296292142393253561,2025-12-22 15:35:04.369091
2025-12-22,24547,LA,CBJ,30000476,Cody Ceci,assists,rf_qrf_assists,0.3.0,empirical_qrf,0.0,0.0,0.0,,3296292142393253561,2025-12-22 15:35:04.369091
2025-12-22,24547,LA,CBJ,30000495,Darcy Kuemper,assists,rf_qrf_assists,0.3.0,empirical_qrf,0.005706793435182361,0.0043933985596847835,0.006968195681465092,,3296292142393253561,2025-12-22 15:35:04.369091
2025-12-22,24547,LA,CBJ,30000653,Brian Dumoulin,assists,rf_qrf_assists,0.3.0,empirical_qrf,0.005772486772486772,0.0,0.0,,3296292142393253561,2025-12-22 15:35:04.369091
2025-12-22,24547,CBJ,LA,30005733,Roman Ahcan,assists,rf_qrf_assists,0.3.0,empirical_qrf,0.004477036416087995,0.0,0.009852216748768473,,3296292142393253561,2025-12-22 15:35:04.369091
2025-12-22,24547,CBJ,LA,30005736,Nolan Lalonde,assists,rf_qrf_assists,0.3.0,empirical_qrf,0.005706793435182361,0.0043933985596847835,0.006968195681465092,,3296292142393253561,2025-12-22 15:35:04.369091
2025-12-22,24547,CBJ,LA,30006022,Justin Pearson,assists,rf_qrf_assists,0.3.0,empirical_qrf,0.005706793435182361,0.0043933985596847835,0.006968195681465092,,3296292142393253561,2025-12-22 15:35:04.369091
2025-12-22,24547,CBJ,LA,30006026,Hunter McKown,assists,rf_qrf_assists,0.3.0,empirical_qrf,0.030298776548022092,0.0,0.07169312169312175,,3296292142393253561,2025-12-22 15:35:04.369091
2025-12-22,24547,CBJ,LA,30006063,Adam Fantilli,assists,rf_qrf_assists,0.3.0,empirical_qrf,0.3084138962888963,0.0,1.2,,3296292142393253561,2025-12-22 15:35:04.369091
2025-12-22,24547,CBJ,LA,30006337,Riley Bezeau,assists,rf_qrf_assists,0.3.0,empirical_qrf,0.004477036416087995,0.0,0.009852216748768473,,3296292142393253561,2025-12-22 15:35:04.369091
2025-12-22,24547,CBJ,LA,30005290,Max McCue,assists,rf_qrf_assists,0.3.0,empirical_qrf,0.018999051582479748,0.0,0.038064267046804476,,3296292142393253561,2025-12-22 15:35:04.369091
2025-12-22,24547,CBJ,LA,30005355,Mikael Pyyhtia,assists,rf_qrf_assists,0.3.0,empirical_qrf,0.0,0.0,0.0,,3296292142393253561,2025-12-22 15:35:04.369091
2025-12-22,24547,CBJ,LA,30005568,Owen Sillinger,assists,rf_qrf_assists,0.3.0,empirical_qrf,0.015976572305884326,0.0,0.03636363636363636,,3296292142393253561,2025-12-22 15:35:04.369091
2025-12-22,24547,CBJ,LA,30005637,Denton Mateychuk,assists,rf_qrf_assists,0.3.0,empirical_qrf,0.018999051582479748,0.0,0.038064267046804476,,3296292142393253561,2025-12-22 15:35:04.369091
2025-12-22,24547,CBJ,LA,30005664,Luca Del Bel Belluz,assists,rf_qrf_assists,0.3.0,empirical_qrf,0.0,0.0,0.0,,3296292142393253561,2025-12-22 15:35:04.369091
2025-12-22,24547,CBJ,LA,30005699,Jordan Dumais,assists,rf_qrf_assists,0.3.0,empirical_qrf,0.005706793435182361,0.0043933985596847835,0.006968195681465092,,3296292142393253561,2025-12-22 15:35:04.369091
2025-12-22,24547,CBJ,LA,30004989,Kent Johnson,assists,rf_qrf_assists,0.3.0,empirical_qrf,0.0032104978354978355,0.0,0.0,,3296292142393253561,2025-12-22 15:35:04.369091
2025-12-22,24547,CBJ,LA,30005002,Corson Ceulemans,assists,rf_qrf_assists,0.3.0,empirical_qrf,0.0,0.0,0.0,,3296292142393253561,2025-12-22 15:35:04.369091
2025-12-22,24547,CBJ,LA,30005049,Jet Greaves,assists,rf_qrf_assists,0.3.0,empirical_qrf,0.005706793435182361,0.0043933985596847835,0.006968195681465092,,3296292142393253561,2025-12-22 15:35:04.369091
2025-12-22,24547,CBJ,LA,30005050,Stanislov Svozil,assists,rf_qrf_assists,0.3.0,empirical_qrf,0.0,0.0,0.0,,3296292142393253561,2025-12-22 15:35:04.369091
2025-12-22,24547,CBJ,LA,30005053,Ole Julian Bjorgvik-Holm,assists,rf_qrf_assists,0.3.0,empirical_qrf,0.005706793435182361,0.0043933985596847835,0.006968195681465092,,3296292142393253561,2025-12-22 15:35:04.369091
2025-12-22,24547,CBJ,LA,30005088,James Malatesta,assists,rf_qrf_assists,0.3.0,empirical_qrf,0.0,0.0,0.0,,3296292142393253561,2025-12-22 15:35:04.369091
2025-12-22,24547,CBJ,LA,30004135,Kirill Marchenko,assists,rf_qrf_assists,0.3.0,empirical_qrf,0.0025,0.0,0.0,,3296292142393253561,2025-12-22 15:35:04.369091
2025-12-22,24547,CBJ,LA,30004172,Curtis Hall,assists,rf_qrf_assists,0.3.0,empirical_qrf,0.005706793435182361,0.0043933985596847835,0.006968195681465092,,3296292142393253561,2025-12-22 15:35:04.369091
2025-12-22,24547,CBJ,LA,30004306,Jake Christiansen,assists,rf_qrf_assists,0.3.0,empirical_qrf,0.0,0.0,0.0,,3296292142393253561,2025-12-22 15:35:04.369091
2025-12-22,24547,CBJ,LA,30004607,Dmitri Voronkov,assists,rf_qrf_assists,0.3.0,empirical_qrf,0.0,0.0,0.0,,3296292142393253561,2025-12-22 15:35:04.369091
2025-12-22,24547,CBJ,LA,30004799,Yegor Chinakhov,assists,rf_qrf_assists,0.3.0,empirical_qrf,0.0,0.0,0.0,,3296292142393253561,2025-12-22 15:35:04.369091
2025-12-22,24547,CBJ,LA,30004988,Cole Sillinger,assists,rf_qrf_assists,0.3.0,empirical_qrf,0.0,0.0,0.0,,3296292142393253561,2025-12-22 15:35:04.369091
2025-12-22,24547,CBJ,LA,30003079,Miles Wood,assists,rf_qrf_assists,0.3.0,empirical_qrf,0.0,0.0,0.0,,3296292142393253561,2025-12-22 15:35:04.369091
2025-12-22,24547,CBJ,LA,30003146,Dante Fabbro,assists,rf_qrf_assists,0.3.0,empirical_qrf,0.0011111111111111111,0.0,0.0,,3296292142393253561,2025-12-22 15:35:04.369091
2025-12-22,24547,CBJ,LA,30003267,Mathieu Olivier,assists,rf_qrf_assists,0.3.0,empirical_qrf,0.0008333333333333334,0.0,0.0,,3296292142393253561,2025-12-22 15:35:04.369091
2025-12-22,24547,CBJ,LA,30003269,Zach Sawchenko,assists,rf_qrf_assists,0.3.0,empirical_qrf,0.005706793435182361,0.0043933985596847835,0.006968195681465092,,3296292142393253561,2025-12-22 15:35:04.369091
2025-12-22,24547,CBJ,LA,30003549,Zachary Aston-Reese,assists,rf_qrf_assists,0.3.0,empirical_qrf,0.0070903806993637955,0.0,0.014673522220624192,,3296292142393253561,2025-12-22 15:35:04.369091
2025-12-22,24547,CBJ,LA,30004097,Isac Lundestrom,assists,rf_qrf_assists,0.3.0,empirical_qrf,0.018999051582479748,0.0,0.038064267046804476,,3296292142393253561,2025-12-22 15:35:04.369091
2025-12-22,24547,CBJ,LA,30000855,Brendan Smith,assists,rf_qrf_assists,0.3.0,empirical_qrf,0.0,0.0,0.0,,3296292142393253561,2025-12-22 15:35:04.369091
2025-12-22,24547,CBJ,LA,30001196,Brendan Gaunce,assists,rf_qrf_assists,0.3.0,empirical_qrf,0.04930381223871556,0.0,0.0975609756097561,,3296292142393253561,2025-12-22 15:35:04.369091
2025-12-22,24547,CBJ,LA,30002554,Hudson Fasching,assists,rf_qrf_assists,0.3.0,empirical_qrf,0.001,0.0,0.0,,3296292142393253561,2025-12-22 15:35:04.369091
2025-12-22,24547,CBJ,LA,30002593,Dysin Mayo,assists,rf_qrf_assists,0.3.0,empirical_qrf,0.0029781142761974187,0.0,0.0064516129032258064,,3296292142393253561,2025-12-22 15:35:04.369091
2025-12-22,24547,CBJ,LA,30002616,Elvis Merzlikins,assists,rf_qrf_assists,0.3.0,empirical_qrf,0.005706793435182361,0.0043933985596847835,0.006968195681465092,,3296292142393253561,2025-12-22 15:35:04.369091
2025-12-22,24547,CBJ,LA,30002770,Zach Werenski,assists,rf_qrf_assists,0.3.0,empirical_qrf,0.2682328042328042,0.0,1.0,,3296292142393253561,2025-12-22 15:35:04.369091
2025-12-22,24544,STL,TB,30000059,Brayden Schenn,shots_on_goal,rf_qrf_shots_on_goal,0.3.0,empirical_qrf,0.08335288322788323,0.0,0.2,,3296292142393253561,2025-12-22 15:35:18.523925
2025-12-22,24544,STL,TB,30000072,Torey Krug,shots_on_goal,rf_qrf_shots_on_goal,0.3.0,empirical_qrf,0.015778276404787846,0.012601004925251697,0.01913475188724563,,3296292142393253561,2025-12-22 15:35:18.523925
2025-12-22,24544,STL,TB,30000225,Nick Bjugstad,shots_on_goal,rf_qrf_shots_on_goal,0.3.0,empirical_qrf,0.24016090468817117,0.0,0.5,,3296292142393253561,2025-12-22 15:35:18.523925
2025-12-22,24544,STL,TB,30000405,Oskar Sundqvist,shots_on_goal,rf_qrf_shots_on_goal,0.3.0,empirical_qrf,0.0,0.0,0.0,,3296292142393253561,2025-12-22 15:35:18.523925
2025-12-22,24544,STL,TB,30000631,Justin Faulk,shots_on_goal,rf_qrf_shots_on_goal,0.3.0,empirical_qrf,0.0002699812884255547,0.0,0.0,,3296292142393253561,2025-12-22 15:35:18.523925
2025-12-22,24544,STL,TB,30000666,Jordan Binnington,shots_on_goal,rf_qrf_shots_on_goal,0.3.0,empirical_qrf,0.015778276404787846,0.012601004925251697,0.01913475188724563,,3296292142393253561,2025-12-22 15:35:18.523925
2025-12-22,24544,STL,TB,30003174,Dillon Dube,shots_on_goal,rf_qrf_shots_on_goal,0.3.0,empirical_qrf,0.015778276404787846,0.012601004925251697,0.01913475188724563,,3296292142393253561,2025-12-22 15:35:18.523925
2025-12-22,24544,STL,TB,30000789,Robby Fabbri,shots_on_goal,rf_qrf_shots_on_goal,0.3.0,empirical_qrf,0.31951488394503097,0.0,0.6,,3296292142393253561,2025-12-22 15:35:18.523925
2025-12-22,24544,STL,TB,30006079,Otto Stenberg,shots_on_goal,rf_qrf_shots_on_goal,0.3.0,empirical_qrf,0.10508531746031745,0.0,0.5,,3296292142393253561,2025-12-22 15:35:18.523925
2025-12-22,24544,STL,TB,30004111,Jonatan Berggren,shots_on_goal,rf_qrf_shots_on_goal,0.3.0,empirical_qrf,0.04787449135028185,0.0,0.11764705882352941,,3296292142393253561,2025-12-22 15:35:18.523925
2025-12-22,24544,TB,STL,30005920,Dominic James,shots_on_goal,rf_qrf_shots_on_goal,0.3.0,empirical_qrf,0.0,0.0,0.0,,3296292142393253561,2025-12-22 15:35:18.523925
2025-12-22,24544,TB,STL,30006012,Daniel Walker,shots_on_goal,rf_qrf_shots_on_goal,0.3.0,empirical_qrf,0.015778276404787846,0.012601004925251697,0.01913475188724563,,3296292142393253561,2025-12-22 15:35:18.523925
2025-12-22,24544,TB,STL,30006096,Ethan Gauthier,shots_on_goal,rf_qrf_shots_on_goal,0.3.0,empirical_qrf,0.0,0.0,0.0,,3296292142393253561,2025-12-22 15:35:18.523925
2025-12-22,24544,TB,STL,30006311,Tristan Allard,shots_on_goal,rf_qrf_shots_on_goal,0.3.0,empirical_qrf,0.0,0.0,0.0,,3296292142393253561,2025-12-22 15:35:18.523925
2025-12-22,24544,TB,STL,30006313,Gabriel Szturc,shots_on_goal,rf_qrf_shots_on_goal,0.3.0,empirical_qrf,0.11378482909432516,0.02938320959451742,0.21783447575526785,,3296292142393253561,2025-12-22 15:35:18.523925
2025-12-22,24544,TB,STL,30006329,Brendan Furry,shots_on_goal,rf_qrf_shots_on_goal,0.3.0,empirical_qrf,0.0,0.0,0.0,,3296292142393253561,2025-12-22 15:35:18.523925
2025-12-22,24544,TB,STL,30005054,Matteo Pietroniro,shots_on_goal,rf_qrf_shots_on_goal,0.3.0,empirical_qrf,0.015778276404787846,0.012601004925251697,0.01913475188724563,,3296292142393253561,2025-12-22 15:35:18.523925
2025-12-22,24544,TB,STL,30005366,Emil Lilleberg,shots_on_goal,rf_qrf_shots_on_goal,0.3.0,empirical_qrf,0.008225108225108224,0.0,0.0,,3296292142393253561,2025-12-22 15:35:18.523925
2025-12-22,24544,TB,STL,30005421,Maxwell Crozier,shots_on_goal,rf_qrf_shots_on_goal,0.3.0,empirical_qrf,0.0002699812884255547,0.0,0.0,,3296292142393253561,2025-12-22 15:35:18.523925
2025-12-22,24544,TB,STL,30005562,Declan Carlile,shots_on_goal,rf_qrf_shots_on_goal,0.3.0,empirical_qrf,0.10930348051494278,0.0,0.21621621621621623,,3296292142393253561,2025-12-22 15:35:18.523925
2025-12-22,24544,TB,STL,30005740,Dyllan Gill,shots_on_goal,rf_qrf_shots_on_goal,0.3.0,empirical_qrf,0.015778276404787846,0.012601004925251697,0.01913475188724563,,3296292142393253561,2025-12-22 15:35:18.523925
2025-12-22,24544,TB,STL,30005768,Tommy Miller,shots_on_goal,rf_qrf_shots_on_goal,0.3.0,empirical_qrf,0.27731924094424093,0.0,1.0,,3296292142393253561,2025-12-22 15:35:18.523925
2025-12-22,24544,TB,STL,30004754,Mitchell Chaffee,shots_on_goal,rf_qrf_shots_on_goal,0.3.0,empirical_qrf,0.2072454906204906,0.0,0.5,,3296292142393253561,2025-12-22 15:35:18.523925
2025-12-22,24544,TB,STL,30004836,Jack Finley,shots_on_goal,rf_qrf_shots_on_goal,0.3.0,empirical_qrf,0.08811985515346611,0.029887284255019377,0.15767061089708312,,3296292142393253561,2025-12-22 15:35:18.523925
2025-12-22,24544,TB,STL,30004838,Gage Goncalves,shots_on_goal,rf_qrf_shots_on_goal,0.3.0,empirical_qrf,0.004342592592592592,0.0,0.0,,3296292142393253561,2025-12-22 15:35:18.523925
2025-12-22,24544,TB,STL,30004840,Maxim Groshev,shots_on_goal,rf_qrf_shots_on_goal,0.3.0,empirical_qrf,0.08335288322788323,0.0,0.2,,3296292142393253561,2025-12-22 15:35:18.523925
2025-12-22,24544,TB,STL,30004974,Pontus Holmberg,shots_on_goal,rf_qrf_shots_on_goal,0.3.0,empirical_qrf,0.011806877301906283,0.003048780487804878,0.021478999528079284,,3296292142393253561,2025-12-22 15:35:18.523925
2025-12-22,24544,TB,STL,30005044,J.J. Moser,shots_on_goal,rf_qrf_shots_on_goal,0.3.0,empirical_qrf,0.0,0.0,0.0,,3296292142393253561,2025-12-22 15:35:18.523925
2025-12-22,24544,TB,STL,30004182,Curtis Douglas,shots_on_goal,rf_qrf_shots_on_goal,0.3.0,empirical_qrf,0.007107021235697263,0.0,0.014154288772915831,,3296292142393253561,2025-12-22 15:35:18.523925
2025-12-22,24544,TB,STL,30004280,Joel Teasdale,shots_on_goal,rf_qrf_shots_on_goal,0.3.0,empirical_qrf,0.007107021235697263,0.0,0.014154288772915831,,3296292142393253561,2025-12-22 15:35:18.523925
2025-12-22,24544,TB,STL,30004487,Jakob Pelletier,shots_on_goal,rf_qrf_shots_on_goal,0.3.0,empirical_qrf,0.010314814814814815,0.0,0.0,,3296292142393253561,2025-12-22 15:35:18.523925
2025-12-22,24544,TB,STL,30004540,Reece Newkirk,shots_on_goal,rf_qrf_shots_on_goal,0.3.0,empirical_qrf,0.2749706450956451,0.0,1.1111111111111112,,3296292142393253561,2025-12-22 15:35:18.523925
2025-12-22,24544,TB,STL,30004567,Simon Lundmark,shots_on_goal,rf_qrf_shots_on_goal,0.3.0,empirical_qrf,0.03559871717436509,0.0,0.08,,3296292142393253561,2025-12-22 15:35:18.523925
2025-12-22,24544,TB,STL,30004631,Charle-Edouard D'Astous,shots_on_goal,rf_qrf_shots_on_goal,0.3.0,empirical_qrf,0.18644839164299876,0.10709523809523809,0.2651167168674699,,3296292142393253561,2025-12-22 15:35:18.523925
2025-12-22,24544,TB,STL,30002821,Erik Cernak,shots_on_goal,rf_qrf_shots_on_goal,0.3.0,empirical_qrf,0.0,0.0,0.0,,3296292142393253561,2025-12-22 15:35:18.523925
2025-12-22,24544,TB,STL,30002845,Anthony Cirelli,shots_on_goal,rf_qrf_shots_on_goal,0.3.0,empirical_qrf,0.14025303631553632,0.0,0.3333333333333333,,3296292142393253561,2025-12-22 15:35:18.523925
2025-12-22,24544,TB,STL,30002974,Kale Kessy,shots_on_goal,rf_qrf_shots_on_goal,0.3.0,empirical_qrf,0.007107021235697263,0.0,0.014154288772915831,,3296292142393253561,2025-12-22 15:35:18.523925
2025-12-22,24544,TB,STL,30003167,Boris Katchouk,shots_on_goal,rf_qrf_shots_on_goal,0.3.0,empirical_qrf,0.032997687476971675,0.0,0.07142857142857142,,3296292142393253561,2025-12-22 15:35:18.523925
2025-12-22,24544,TB,STL,30003250,Brandon Hagel,shots_on_goal,rf_qrf_shots_on_goal,0.3.0,empirical_qrf,0.0,0.0,0.0,,3296292142393253561,2025-12-22 15:35:18.523925
2025-12-22,24544,TB,STL,30003478,Darren Raddysh,shots_on_goal,rf_qrf_shots_on_goal,0.3.0,empirical_qrf,0.21186706349206352,0.0,0.7625000000000028,,3296292142393253561,2025-12-22 15:35:18.523925
2025-12-22,24544,TB,STL,30001377,Andrei Vasilevskiy,shots_on_goal,rf_qrf_shots_on_goal,0.3.0,empirical_qrf,0.015778276404787846,0.012601004925251697,0.01913475188724563,,3296292142393253561,2025-12-22 15:35:18.523925
2025-12-22,24544,TB,STL,30002516,Steven Santini,shots_on_goal,rf_qrf_shots_on_goal,0.3.0,empirical_qrf,0.05413135003263938,0.013333333333333334,0.09877899877899878,,3296292142393253561,2025-12-22 15:35:18.523925
2025-12-22,24544,TB,STL,30002532,Jake Guentzel,shots_on_goal,rf_qrf_shots_on_goal,0.3.0,empirical_qrf,0.04712037037037037,0.0,0.0,,3296292142393253561,2025-12-22 15:35:18.523925
2025-12-22,24544,TB,STL,30002549,Scott Sabourin,shots_on_goal,rf_qrf_shots_on_goal,0.3.0,empirical_qrf,0.05413135003263938,0.013333333333333334,0.09877899877899878,,3296292142393253561,2025-12-22 15:35:18.523925
2025-12-22,24544,TB,STL,30002604,Brandon Halverson,shots_on_goal,rf_qrf_shots_on_goal,0.3.0,empirical_qrf,0.015778276404787846,0.012601004925251697,0.01913475188724563,,3296292142393253561,2025-12-22 15:35:18.523925
2025-12-22,24544,TB,STL,30002606,Jonas Johansson,shots_on_goal,rf_qrf_shots_on_goal,0.3.0,empirical_qrf,0.015778276404787846,0.012601004925251697,0.01913475188724563,,3296292142393253561,2025-12-22 15:35:18.523925
2025-12-22,24544,TB,STL,30000502,Zemgus Girgensons,shots_on_goal,rf_qrf_shots_on_goal,0.3.0,empirical_qrf,0.0,0.0,0.0,,3296292142393253561,2025-12-22 15:35:18.523925
2025-12-22,24544,TB,STL,30000737,Victor Hedman,shots_on_goal,rf_qrf_shots_on_goal,0.3.0,empirical_qrf,0.003944444444444444,0.0,0.0,,3296292142393253561,2025-12-22 15:35:18.523925
2025-12-22,24544,TB,STL,30000742,Brayden Point,shots_on_goal,rf_qrf_shots_on_goal,0.3.0,empirical_qrf,0.025460317460317457,0.0,0.0,,3296292142393253561,2025-12-22 15:35:18.523925
2025-12-22,24544,TB,STL,30001047,Nikita Kucherov,shots_on_goal,rf_qrf_shots_on_goal,0.3.0,empirical_qrf,0.014293650793650792,0.0,0.0,,3296292142393253561,2025-12-22 15:35:18.523925
2025-12-22,24544,TB,STL,30001084,Ryan McDonagh,shots_on_goal,rf_qrf_shots_on_goal,0.3.0,empirical_qrf,0.0,0.0,0.0,,3296292142393253561,2025-12-22 15:35:18.523925
2025-12-22,24544,TB,STL,30001178,Yanni Gourde,shots_on_goal,rf_qrf_shots_on_goal,0.3.0,empirical_qrf,0.11378482909432516,0.02938320959451742,0.21783447575526785,,3296292142393253561,2025-12-22 15:35:18.523925
2025-12-22,24544,STL,TB,30005737,Marc-Andre Gaudet,shots_on_goal,rf_qrf_shots_on_goal,0.3.0,empirical_qrf,0.015778276404787846,0.012601004925251697,0.01913475188724563,,3296292142393253561,2025-12-22 15:35:18.523925
2025-12-22,24544,STL,TB,30006051,Georgi Romanov,shots_on_goal,rf_qrf_shots_on_goal,0.3.0,empirical_qrf,0.015778276404787846,0.012601004925251697,0.01913475188724563,,3296292142393253561,2025-12-22 15:35:18.523925
2025-12-22,24544,STL,TB,30006065,Dalibor Dvorsky,shots_on_goal,rf_qrf_shots_on_goal,0.3.0,empirical_qrf,0.05100166803376048,0.0,0.125,,3296292142393253561,2025-12-22 15:35:18.523925
2025-12-22,24544,STL,TB,30006148,Quinton Burns,shots_on_goal,rf_qrf_shots_on_goal,0.3.0,empirical_qrf,0.08173015401737674,0.039273618063691555,0.12735333631885357,,3296292142393253561,2025-12-22 15:35:18.523925
2025-12-22,24544,TB,STL,30000428,Oliver Bjorkstrand,shots_on_goal,rf_qrf_shots_on_goal,0.3.0,empirical_qrf,0.058777777777777776,0.0,0.0,,3296292142393253561,2025-12-22 15:35:18.523925
2025-12-22,24544,TB,STL,30000477,Nick Paul,shots_on_goal,rf_qrf_shots_on_goal,0.3.0,empirical_qrf,0.04016540404040404,0.0,0.0,,3296292142393253561,2025-12-22 15:35:18.523925
2025-12-22,24544,STL,TB,30004941,Matthew Kessel,shots_on_goal,rf_qrf_shots_on_goal,0.3.0,empirical_qrf,0.11378482909432516,0.02938320959451742,0.21783447575526785,,3296292142393253561,2025-12-22 15:35:18.523925
2025-12-22,24544,STL,TB,30004999,Logan Mailloux,shots_on_goal,rf_qrf_shots_on_goal,0.3.0,empirical_qrf,0.2749706450956451,0.0,1.1111111111111112,,3296292142393253561,2025-12-22 15:35:18.523925
2025-12-22,24544,STL,TB,30005010,Zach Dean,shots_on_goal,rf_qrf_shots_on_goal,0.3.0,empirical_qrf,0.009341780993938398,0.0,0.018518518518518517,,3296292142393253561,2025-12-22 15:35:18.523925
2025-12-22,24544,STL,TB,30005136,Will Cranley,shots_on_goal,rf_qrf_shots_on_goal,0.3.0,empirical_qrf,0.015778276404787846,0.012601004925251697,0.01913475188724563,,3296292142393253561,2025-12-22 15:35:18.523925
2025-12-22,24544,STL,TB,30005160,Carson Gicewicz,shots_on_goal,rf_qrf_shots_on_goal,0.3.0,empirical_qrf,0.009341780993938398,0.0,0.018518518518518517,,3296292142393253561,2025-12-22 15:35:18.523925
2025-12-22,24544,STL,TB,30005701,Michael Buchinger,shots_on_goal,rf_qrf_shots_on_goal,0.3.0,empirical_qrf,0.08173015401737674,0.039273618063691555,0.12735333631885357,,3296292142393253561,2025-12-22 15:35:18.523925
2025-12-22,24544,STL,TB,30004495,Philip Broberg,shots_on_goal,rf_qrf_shots_on_goal,0.3.0,empirical_qrf,0.011666666666666667,0.0,0.0,,3296292142393253561,2025-12-22 15:35:18.523925
2025-12-22,24544,STL,TB,30004597,Vadim Zherenko,shots_on_goal,rf_qrf_shots_on_goal,0.3.0,empirical_qrf,0.015778276404787846,0.012601004925251697,0.01913475188724563,,3296292142393253561,2025-12-22 15:35:18.523925
2025-12-22,24544,STL,TB,30004642,Hunter Skinner,shots_on_goal,rf_qrf_shots_on_goal,0.3.0,empirical_qrf,0.0,0.0,0.0,,3296292142393253561,2025-12-22 15:35:18.523925
2025-12-22,24544,STL,TB,30004804,Dylan Holloway,shots_on_goal,rf_qrf_shots_on_goal,0.3.0,empirical_qrf,0.5130489417989418,0.0,1.2,,3296292142393253561,2025-12-22 15:35:18.523925
2025-12-22,24544,STL,TB,30004812,Jake Neighbours,shots_on_goal,rf_qrf_shots_on_goal,0.3.0,empirical_qrf,0.24016090468817117,0.0,0.5,,3296292142393253561,2025-12-22 15:35:18.523925
2025-12-22,24544,STL,TB,30004859,Leo Loof,shots_on_goal,rf_qrf_shots_on_goal,0.3.0,empirical_qrf,0.08811985515346611,0.029887284255019377,0.15767061089708312,,3296292142393253561,2025-12-22 15:35:18.523925
2025-12-22,24544,STL,TB,30003899,Pius Suter,shots_on_goal,rf_qrf_shots_on_goal,0.3.0,empirical_qrf,0.004916666666666666,0.0,0.0,,3296292142393253561,2025-12-22 15:35:18.523925
2025-12-22,24544,STL,TB,30004109,Akil Thomas,shots_on_goal,rf_qrf_shots_on_goal,0.3.0,empirical_qrf,0.08173015401737674,0.039273618063691555,0.12735333631885357,,3296292142393253561,2025-12-22 15:35:18.523925
2025-12-22,24544,STL,TB,30004206,Joel Hofer,shots_on_goal,rf_qrf_shots_on_goal,0.3.0,empirical_qrf,0.015778276404787846,0.012601004925251697,0.01913475188724563,,3296292142393253561,2025-12-22 15:35:18.523925
2025-12-22,24544,STL,TB,30004211,Tyler Tucker,shots_on_goal,rf_qrf_shots_on_goal,0.3.0,empirical_qrf,0.05413135003263938,0.013333333333333334,0.09877899877899878,,3296292142393253561,2025-12-22 15:35:18.523925
2025-12-22,24544,STL,TB,30004355,Samuel Bitten,shots_on_goal,rf_qrf_shots_on_goal,0.3.0,empirical_qrf,0.007107021235697263,0.0,0.014154288772915831,,3296292142393253561,2025-12-22 15:35:18.523925
2025-12-22,24544,STL,TB,30004362,Hugh McGing,shots_on_goal,rf_qrf_shots_on_goal,0.3.0,empirical_qrf,0.1119143816060522,0.0539118065433855,0.17316053511705687,,3296292142393253561,2025-12-22 15:35:18.523925
2025-12-22,24544,STL,TB,30003032,Mathieu Joseph,shots_on_goal,rf_qrf_shots_on_goal,0.3.0,empirical_qrf,0.0048095238095238095,0.0,0.0,,3296292142393253561,2025-12-22 15:35:18.523925
2025-12-22,24544,STL,TB,30003186,Jordan Kyrou,shots_on_goal,rf_qrf_shots_on_goal,0.3.0,empirical_qrf,0.7554603174603174,0.0,2.0,,3296292142393253561,2025-12-22 15:35:18.523925
2025-12-22,24544,STL,TB,30003308,Matt Luff,shots_on_goal,rf_qrf_shots_on_goal,0.3.0,empirical_qrf,0.009341780993938398,0.0,0.018518518518518517,,3296292142393253561,2025-12-22 15:35:18.523925
2025-12-22,24544,STL,TB,30003617,Calle Rosen,shots_on_goal,rf_qrf_shots_on_goal,0.3.0,empirical_qrf,0.009341780993938398,0.0,0.018518518518518517,,3296292142393253561,2025-12-22 15:35:18.523925
2025-12-22,24544,STL,TB,30003659,Robert Thomas,shots_on_goal,rf_qrf_shots_on_goal,0.3.0,empirical_qrf,0.021500000000000002,0.0,0.0,,3296292142393253561,2025-12-22 15:35:18.523925
2025-12-22,24544,STL,TB,30003766,Alexey Toropchenko,shots_on_goal,rf_qrf_shots_on_goal,0.3.0,empirical_qrf,0.009877344877344877,0.0,0.0,,3296292142393253561,2025-12-22 15:35:18.523925
2025-12-22,24544,STL,TB,30000792,Colton Parayko,shots_on_goal,rf_qrf_shots_on_goal,0.3.0,empirical_qrf,0.07402579365079365,0.0,0.0,,3296292142393253561,2025-12-22 15:35:18.523925
2025-12-22,24544,STL,TB,30000891,Chris Wagner,shots_on_goal,rf_qrf_shots_on_goal,0.3.0,empirical_qrf,0.0642122698834388,0.0,0.14545454545454545,,3296292142393253561,2025-12-22 15:35:18.523925
2025-12-22,24544,STL,TB,30001054,Matthew Peca,shots_on_goal,rf_qrf_shots_on_goal,0.3.0,empirical_qrf,0.015778276404787846,0.012601004925251697,0.01913475188724563,,3296292142393253561,2025-12-22 15:35:18.523925
2025-12-22,24544,STL,TB,30001207,Cam Fowler,shots_on_goal,rf_qrf_shots_on_goal,0.3.0,empirical_qrf,0.13535951962267753,0.0,0.3333333333333333,,3296292142393253561,2025-12-22 15:35:18.523925
2025-12-22,24544,STL,TB,30002530,Pavel Buchnevich,shots_on_goal,rf_qrf_shots_on_goal,0.3.0,empirical_qrf,0.17256060606060605,0.0,0.75,,3296292142393253561,2025-12-22 15:35:18.523925
2025-12-22,24544,STL,TB,30002617,Nathan Walker,shots_on_goal,rf_qrf_shots_on_goal,0.3.0,empirical_qrf,0.0,0.0,0.0,,3296292142393253561,2025-12-22 15:35:18.523925
2025-12-22,24545,VAN,PHI,30000958,Derek Forbort,shots_on_goal,rf_qrf_shots_on_goal,0.3.0,empirical_qrf,0.05100166803376048,0.0,0.125,,3296292142393253561,2025-12-22 15:35:18.523925
2025-12-22,24545,VAN,PHI,30000976,Evander Kane,shots_on_goal,rf_qrf_shots_on_goal,0.3.0,empirical_qrf,0.15104288697162072,0.0,0.3,,3296292142393253561,2025-12-22 15:35:18.523925
2025-12-22,24545,VAN,PHI,30001238,Jake DeBrusk,shots_on_goal,rf_qrf_shots_on_goal,0.3.0,empirical_qrf,0.0027878787878787875,0.0,0.0,,3296292142393253561,2025-12-22 15:35:18.523925
2025-12-22,24545,VAN,PHI,30001299,Tyler Myers,shots_on_goal,rf_qrf_shots_on_goal,0.3.0,empirical_qrf,0.10353017024839398,0.0,0.23076923076923078,,3296292142393253561,2025-12-22 15:35:18.523925
2025-12-22,24545,VAN,PHI,30001949,Guillaume Brisebois,shots_on_goal,rf_qrf_shots_on_goal,0.3.0,empirical_qrf,0.011806877301906283,0.003048780487804878,0.021478999528079284,,3296292142393253561,2025-12-22 15:35:18.523925
2025-12-22,24545,VAN,PHI,30002479,Teddy Blueger,shots_on_goal,rf_qrf_shots_on_goal,0.3.0,empirical_qrf,0.0,0.0,0.0,,3296292142393253561,2025-12-22 15:35:18.523925
2025-12-22,24545,VAN,PHI,30004817,Lukas Reichel,shots_on_goal,rf_qrf_shots_on_goal,0.3.0,empirical_qrf,0.02985468605353969,0.0,0.07142857142857142,,3296292142393253561,2025-12-22 15:35:18.523925
2025-12-22,24545,VAN,PHI,30005566,Arshdeep Bains,shots_on_goal,rf_qrf_shots_on_goal,0.3.0,empirical_qrf,0.01710617623117623,0.0,0.0,,3296292142393253561,2025-12-22 15:35:18.523925
2025-12-22,24545,PHI,VAN,30004205,Egor Zamula,shots_on_goal,rf_qrf_shots_on_goal,0.3.0,empirical_qrf,0.04143853377547841,0.0,0.0860400444938821,,3296292142393253561,2025-12-22 15:35:18.523925
2025-12-22,24545,PHI,VAN,30006135,Denver Barkey,shots_on_goal,rf_qrf_shots_on_goal,0.3.0,empirical_qrf,0.08173015401737674,0.039273618063691555,0.12735333631885357,,3296292142393253561,2025-12-22 15:35:18.523925
2025-12-22,24545,PHI,VAN,30005345,Roman Schmidt,shots_on_goal,rf_qrf_shots_on_goal,0.3.0,empirical_qrf,0.18644839164299876,0.10709523809523809,0.2651167168674699,,3296292142393253561,2025-12-22 15:35:18.523925
2025-12-22,24545,VAN,PHI,30004140,Jett Woo,shots_on_goal,rf_qrf_shots_on_goal,0.3.0,empirical_qrf,0.08173015401737674,0.039273618063691555,0.12735333631885357,,3296292142393253561,2025-12-22 15:35:18.523925
2025-12-22,24545,VAN,PHI,30004818,Marco Rossi,shots_on_goal,rf_qrf_shots_on_goal,0.3.0,empirical_qrf,0.025960324397824395,0.0,0.0,,3296292142393253561,2025-12-22 15:35:18.523925
2025-12-22,24545,VAN,PHI,30005642,Liam Ohgren,shots_on_goal,rf_qrf_shots_on_goal,0.3.0,empirical_qrf,0.032997687476971675,0.0,0.07142857142857142,,3296292142393253561,2025-12-22 15:35:18.523925
2025-12-22,24545,VAN,PHI,30006486,Zeev Buium,shots_on_goal,rf_qrf_shots_on_goal,0.3.0,empirical_qrf,0.19114647618033842,0.0,0.4444444444444444,,3296292142393253561,2025-12-22 15:35:18.523925
2025-12-22,24545,PHI,VAN,30005756,Tucker Robertson,shots_on_goal,rf_qrf_shots_on_goal,0.3.0,empirical_qrf,0.015778276404787846,0.012601004925251697,0.01913475188724563,,3296292142393253561,2025-12-22 15:35:18.523925
2025-12-22,24545,PHI,VAN,30005958,Nikita Grebenkin,shots_on_goal,rf_qrf_shots_on_goal,0.3.0,empirical_qrf,0.008225108225108224,0.0,0.0,,3296292142393253561,2025-12-22 15:35:18.523925
2025-12-22,24545,PHI,VAN,30006045,Yaniv Perets,shots_on_goal,rf_qrf_shots_on_goal,0.3.0,empirical_qrf,0.015778276404787846,0.012601004925251697,0.01913475188724563,,3296292142393253561,2025-12-22 15:35:18.523925
2025-12-22,24545,PHI,VAN,30006061,Matvei Michkov,shots_on_goal,rf_qrf_shots_on_goal,0.3.0,empirical_qrf,0.14750198412698412,0.0,0.6750000000000018,,3296292142393253561,2025-12-22 15:35:18.523925
2025-12-22,24545,PHI,VAN,30006075,Oliver Bonk,shots_on_goal,rf_qrf_shots_on_goal,0.3.0,empirical_qrf,0.0,0.0,0.0,,3296292142393253561,2025-12-22 15:35:18.523925
2025-12-22,24545,PHI,VAN,30006100,Carson Bjarnason,shots_on_goal,rf_qrf_shots_on_goal,0.3.0,empirical_qrf,0.015778276404787846,0.012601004925251697,0.01913475188724563,,3296292142393253561,2025-12-22 15:35:18.523925
2025-12-22,24545,PHI,VAN,30004824,Emil Andrae,shots_on_goal,rf_qrf_shots_on_goal,0.3.0,empirical_qrf,0.0,0.0,0.0,,3296292142393253561,2025-12-22 15:35:18.523925
2025-12-22,24545,PHI,VAN,30004839,Helge Grans,shots_on_goal,rf_qrf_shots_on_goal,0.3.0,empirical_qrf,0.011806877301906283,0.003048780487804878,0.021478999528079284,,3296292142393253561,2025-12-22 15:35:18.523925
2025-12-22,24545,PHI,VAN,30005234,Vincent Sevigny,shots_on_goal,rf_qrf_shots_on_goal,0.3.0,empirical_qrf,0.015778276404787846,0.012601004925251697,0.01913475188724563,,3296292142393253561,2025-12-22 15:35:18.523925
2025-12-22,24545,PHI,VAN,30005293,Artem Guryev,shots_on_goal,rf_qrf_shots_on_goal,0.3.0,empirical_qrf,0.015778276404787846,0.012601004925251697,0.01913475188724563,,3296292142393253561,2025-12-22 15:35:18.523925
2025-12-22,24545,PHI,VAN,30005397,Noah Cates,shots_on_goal,rf_qrf_shots_on_goal,0.3.0,empirical_qrf,0.16502725283975286,0.0,0.375,,3296292142393253561,2025-12-22 15:35:18.523925
2025-12-22,24545,PHI,VAN,30005401,Aleksei Kolosov,shots_on_goal,rf_qrf_shots_on_goal,0.3.0,empirical_qrf,0.015778276404787846,0.012601004925251697,0.01913475188724563,,3296292142393253561,2025-12-22 15:35:18.523925
2025-12-22,24545,PHI,VAN,30004406,Samuel Ersson,shots_on_goal,rf_qrf_shots_on_goal,0.3.0,empirical_qrf,0.015778276404787846,0.012601004925251697,0.01913475188724563,,3296292142393253561,2025-12-22 15:35:18.523925
2025-12-22,24545,PHI,VAN,30004481,Trevor Zegras,shots_on_goal,rf_qrf_shots_on_goal,0.3.0,empirical_qrf,0.47933420283420286,0.0,1.0,,3296292142393253561,2025-12-22 15:35:18.523925
2025-12-22,24545,PHI,VAN,30004484,Cam York,shots_on_goal,rf_qrf_shots_on_goal,0.3.0,empirical_qrf,0.0,0.0,0.0,,3296292142393253561,2025-12-22 15:35:18.523925
2025-12-22,24545,PHI,VAN,30004508,Bobby Brink,shots_on_goal,rf_qrf_shots_on_goal,0.3.0,empirical_qrf,0.009877344877344877,0.0,0.0,,3296292142393253561,2025-12-22 15:35:18.523925
2025-12-22,24545,PHI,VAN,30004800,Jamie Drysdale,shots_on_goal,rf_qrf_shots_on_goal,0.3.0,empirical_qrf,0.23060774642024645,0.0,0.5,,3296292142393253561,2025-12-22 15:35:18.523925
2025-12-22,24545,PHI,VAN,30004801,Tyson Foerster,shots_on_goal,rf_qrf_shots_on_goal,0.3.0,empirical_qrf,0.4283085618085618,0.0,1.0,,3296292142393253561,2025-12-22 15:35:18.523925
2025-12-22,24545,PHI,VAN,30003283,Lane Pederson,shots_on_goal,rf_qrf_shots_on_goal,0.3.0,empirical_qrf,0.011806877301906283,0.003048780487804878,0.021478999528079284,,3296292142393253561,2025-12-22 15:35:18.523925
2025-12-22,24545,PHI,VAN,30003500,Rodrigo Abols,shots_on_goal,rf_qrf_shots_on_goal,0.3.0,empirical_qrf,0.0007142857142857143,0.0,0.0,,3296292142393253561,2025-12-22 15:35:18.523925
2025-12-22,24545,PHI,VAN,30003653,Owen Tippett,shots_on_goal,rf_qrf_shots_on_goal,0.3.0,empirical_qrf,0.0,0.0,0.0,,3296292142393253561,2025-12-22 15:35:18.523925
2025-12-22,24545,PHI,VAN,30003733,Keith Petruzzelli,shots_on_goal,rf_qrf_shots_on_goal,0.3.0,empirical_qrf,0.015778276404787846,0.012601004925251697,0.01913475188724563,,3296292142393253561,2025-12-22 15:35:18.523925
2025-12-22,24545,PHI,VAN,30004002,Cooper Marody,shots_on_goal,rf_qrf_shots_on_goal,0.3.0,empirical_qrf,0.015778276404787846,0.012601004925251697,0.01913475188724563,,3296292142393253561,2025-12-22 15:35:18.523925
2025-12-22,24545,PHI,VAN,30004154,Xavier Bernard,shots_on_goal,rf_qrf_shots_on_goal,0.3.0,empirical_qrf,0.13492989417989415,0.0,0.6666666666666666,,3296292142393253561,2025-12-22 15:35:18.523925
2025-12-22,24545,PHI,VAN,30001294,Rasmus Ristolainen,shots_on_goal,rf_qrf_shots_on_goal,0.3.0,empirical_qrf,0.015778276404787846,0.012601004925251697,0.01913475188724563,,3296292142393253561,2025-12-22 15:35:18.523925
2025-12-22,24545,PHI,VAN,30001312,Noah Juulsen,shots_on_goal,rf_qrf_shots_on_goal,0.3.0,empirical_qrf,0.08811985515346611,0.029887284255019377,0.15767061089708312,,3296292142393253561,2025-12-22 15:35:18.523925
2025-12-22,24545,PHI,VAN,30002786,Dan Vladar,shots_on_goal,rf_qrf_shots_on_goal,0.3.0,empirical_qrf,0.015778276404787846,0.012601004925251697,0.01913475188724563,,3296292142393253561,2025-12-22 15:35:18.523925
2025-12-22,24545,PHI,VAN,30002979,Anthony Richard,shots_on_goal,rf_qrf_shots_on_goal,0.3.0,empirical_qrf,0.0,0.0,0.0,,3296292142393253561,2025-12-22 15:35:18.523925
2025-12-22,24545,PHI,VAN,30003016,Nick Seeler,shots_on_goal,rf_qrf_shots_on_goal,0.3.0,empirical_qrf,0.0,0.0,0.0,,3296292142393253561,2025-12-22 15:35:18.523925
2025-12-22,24545,PHI,VAN,30003171,Carl Grundstrom,shots_on_goal,rf_qrf_shots_on_goal,0.3.0,empirical_qrf,0.011806877301906283,0.003048780487804878,0.021478999528079284,,3296292142393253561,2025-12-22 15:35:18.523925
2025-12-22,24545,PHI,VAN,30000234,Garrett Wilson,shots_on_goal,rf_qrf_shots_on_goal,0.3.0,empirical_qrf,0.007107021235697263,0.0,0.014154288772915831,,3296292142393253561,2025-12-22 15:35:18.523925
2025-12-22,24545,PHI,VAN,30000349,Travis Konecny,shots_on_goal,rf_qrf_shots_on_goal,0.3.0,empirical_qrf,0.5130489417989418,0.0,1.2,,3296292142393253561,2025-12-22 15:35:18.523925
2025-12-22,24545,PHI,VAN,30000501,Nicolas Deslauriers,shots_on_goal,rf_qrf_shots_on_goal,0.3.0,empirical_qrf,0.011806877301906283,0.003048780487804878,0.021478999528079284,,3296292142393253561,2025-12-22 15:35:18.523925
2025-12-22,24545,PHI,VAN,30000624,Travis Sanheim,shots_on_goal,rf_qrf_shots_on_goal,0.3.0,empirical_qrf,0.2423597883597883,0.0,1.0,,3296292142393253561,2025-12-22 15:35:18.523925
2025-12-22,24545,PHI,VAN,30000942,Christian Dvorak,shots_on_goal,rf_qrf_shots_on_goal,0.3.0,empirical_qrf,0.003944444444444444,0.0,0.0,,3296292142393253561,2025-12-22 15:35:18.523925
2025-12-22,24545,PHI,VAN,30001201,Garnet Hathaway,shots_on_goal,rf_qrf_shots_on_goal,0.3.0,empirical_qrf,0.007107021235697263,0.0,0.014154288772915831,,3296292142393253561,2025-12-22 15:35:18.523925
2025-12-22,24545,VAN,PHI,30006031,Max Sasson,shots_on_goal,rf_qrf_shots_on_goal,0.3.0,empirical_qrf,0.0010252525252525252,0.0,0.0,,3296292142393253561,2025-12-22 15:35:18.523925
2025-12-22,24545,VAN,PHI,30006037,Nikita Tolopilo,shots_on_goal,rf_qrf_shots_on_goal,0.3.0,empirical_qrf,0.015778276404787846,0.012601004925251697,0.01913475188724563,,3296292142393253561,2025-12-22 15:35:18.523925
2025-12-22,24545,VAN,PHI,30006067,Tom Willander,shots_on_goal,rf_qrf_shots_on_goal,0.3.0,empirical_qrf,0.004687346267450176,0.0,0.0,,3296292142393253561,2025-12-22 15:35:18.523925
2025-12-22,24545,VAN,PHI,30006320,Joe Arntsen,shots_on_goal,rf_qrf_shots_on_goal,0.3.0,empirical_qrf,0.015778276404787846,0.012601004925251697,0.01913475188724563,,3296292142393253561,2025-12-22 15:35:18.523925
2025-12-22,24545,VAN,PHI,30006441,Elias Nils Pettersson,shots_on_goal,rf_qrf_shots_on_goal,0.3.0,empirical_qrf,0.15166503605307807,0.0,0.37037037037037035,,3296292142393253561,2025-12-22 15:35:18.523925
2025-12-22,24545,PHI,VAN,30000050,Sean Couturier,shots_on_goal,rf_qrf_shots_on_goal,0.3.0,empirical_qrf,0.030912698412698413,0.0,0.0,,3296292142393253561,2025-12-22 15:35:18.523925
2025-12-22,24545,VAN,PHI,30005171,Dino Kambeitz,shots_on_goal,rf_qrf_shots_on_goal,0.3.0,empirical_qrf,0.015778276404787846,0.012601004925251697,0.01913475188724563,,3296292142393253561,2025-12-22 15:35:18.523925
2025-12-22,24545,VAN,PHI,30005456,Nils Aman,shots_on_goal,rf_qrf_shots_on_goal,0.3.0,empirical_qrf,0.07342964518384379,0.0,0.14285714285714285,,3296292142393253561,2025-12-22 15:35:18.523925
2025-12-22,24545,VAN,PHI,30005619,Jonathan Lekkerimaki,shots_on_goal,rf_qrf_shots_on_goal,0.3.0,empirical_qrf,0.48176719576719584,0.0,1.5,,3296292142393253561,2025-12-22 15:35:18.523925
2025-12-22,24545,VAN,PHI,30005747,Jonathan Lemieux,shots_on_goal,rf_qrf_shots_on_goal,0.3.0,empirical_qrf,0.015778276404787846,0.012601004925251697,0.01913475188724563,,3296292142393253561,2025-12-22 15:35:18.523925
2025-12-22,24545,VAN,PHI,30005831,Kirill Kudryavtsev,shots_on_goal,rf_qrf_shots_on_goal,0.3.0,empirical_qrf,0.24016090468817117,0.0,0.5,,3296292142393253561,2025-12-22 15:35:18.523925
2025-12-22,24545,VAN,PHI,30005837,Ty Young,shots_on_goal,rf_qrf_shots_on_goal,0.3.0,empirical_qrf,0.015778276404787846,0.012601004925251697,0.01913475188724563,,3296292142393253561,2025-12-22 15:35:18.523925
2025-12-22,24545,VAN,PHI,30004581,Nikolai Knyzhov,shots_on_goal,rf_qrf_shots_on_goal,0.3.0,empirical_qrf,0.007107021235697263,0.0,0.014154288772915831,,3296292142393253561,2025-12-22 15:35:18.523925
2025-12-22,24545,VAN,PHI,30004741,Drew O'Connor,shots_on_goal,rf_qrf_shots_on_goal,0.3.0,empirical_qrf,0.0005458089668615984,0.0,0.0,,3296292142393253561,2025-12-22 15:35:18.523925
2025-12-22,24545,VAN,PHI,30005016,Danila Klimovich,shots_on_goal,rf_qrf_shots_on_goal,0.3.0,empirical_qrf,0.0,0.0,0.0,,3296292142393253561,2025-12-22 15:35:18.523925
2025-12-22,24545,VAN,PHI,30005028,Aatu Raty,shots_on_goal,rf_qrf_shots_on_goal,0.3.0,empirical_qrf,0.16502725283975286,0.0,0.375,,3296292142393253561,2025-12-22 15:35:18.523925
2025-12-22,24545,VAN,PHI,30005100,Cooper Walker,shots_on_goal,rf_qrf_shots_on_goal,0.3.0,empirical_qrf,0.015778276404787846,0.012601004925251697,0.01913475188724563,,3296292142393253561,2025-12-22 15:35:18.523925
2025-12-22,24545,VAN,PHI,30005145,Josh Bloom,shots_on_goal,rf_qrf_shots_on_goal,0.3.0,empirical_qrf,0.015778276404787846,0.012601004925251697,0.01913475188724563,,3296292142393253561,2025-12-22 15:35:18.523925
2025-12-22,24545,VAN,PHI,30004001,Kiefer Sherwood,shots_on_goal,rf_qrf_shots_on_goal,0.3.0,empirical_qrf,0.2643513107263107,0.0,0.6,,3296292142393253561,2025-12-22 15:35:18.523925
2025-12-22,24545,VAN,PHI,30004058,Kevin Lankinen,shots_on_goal,rf_qrf_shots_on_goal,0.3.0,empirical_qrf,0.015778276404787846,0.012601004925251697,0.01913475188724563,,3296292142393253561,2025-12-22 15:35:18.523925
2025-12-22,24545,VAN,PHI,30004153,Linus Karlsson,shots_on_goal,rf_qrf_shots_on_goal,0.3.0,empirical_qrf,0.0015138888888888886,0.0,0.0,,3296292142393253561,2025-12-22 15:35:18.523925
2025-12-22,24545,VAN,PHI,30004227,Chase Wouters,shots_on_goal,rf_qrf_shots_on_goal,0.3.0,empirical_qrf,0.015778276404787846,0.012601004925251697,0.01913475188724563,,3296292142393253561,2025-12-22 15:35:18.523925
2025-12-22,24545,VAN,PHI,30004425,Jimmy Schuldt,shots_on_goal,rf_qrf_shots_on_goal,0.3.0,empirical_qrf,0.007107021235697263,0.0,0.014154288772915831,,3296292142393253561,2025-12-22 15:35:18.523925
2025-12-22,24545,VAN,PHI,30004531,Nils Hoglander,shots_on_goal,rf_qrf_shots_on_goal,0.3.0,empirical_qrf,0.0001234567901234568,0.0,0.0,,3296292142393253561,2025-12-22 15:35:18.523925
2025-12-22,24545,VAN,PHI,30003193,Filip Hronek,shots_on_goal,rf_qrf_shots_on_goal,0.3.0,empirical_qrf,0.03218650793650793,0.0,0.0,,3296292142393253561,2025-12-22 15:35:18.523925
2025-12-22,24545,VAN,PHI,30003604,David Kampf,shots_on_goal,rf_qrf_shots_on_goal,0.3.0,empirical_qrf,0.11378482909432516,0.02938320959451742,0.21783447575526785,,3296292142393253561,2025-12-22 15:35:18.523925
2025-12-22,24545,VAN,PHI,30003647,Elias Pettersson,shots_on_goal,rf_qrf_shots_on_goal,0.3.0,empirical_qrf,0.0,0.0,0.0,,3296292142393253561,2025-12-22 15:35:18.523925
2025-12-22,24545,VAN,PHI,30003655,Filip Chytil,shots_on_goal,rf_qrf_shots_on_goal,0.3.0,empirical_qrf,0.0,0.0,0.0,,3296292142393253561,2025-12-22 15:35:18.523925
2025-12-22,24545,VAN,PHI,30003666,Pierre-Olivier Joseph,shots_on_goal,rf_qrf_shots_on_goal,0.3.0,empirical_qrf,0.05413135003263938,0.013333333333333334,0.09877899877899878,,3296292142393253561,2025-12-22 15:35:18.523925
2025-12-22,24545,VAN,PHI,30003776,Jiri Patera,shots_on_goal,rf_qrf_shots_on_goal,0.3.0,empirical_qrf,0.015778276404787846,0.012601004925251697,0.01913475188724563,,3296292142393253561,2025-12-22 15:35:18.523925
2025-12-22,24545,VAN,PHI,30002581,Thatcher Demko,shots_on_goal,rf_qrf_shots_on_goal,0.3.0,empirical_qrf,0.015778276404787846,0.012601004925251697,0.01913475188724563,,3296292142393253561,2025-12-22 15:35:18.523925
2025-12-22,24545,VAN,PHI,30002587,Marcus Pettersson,shots_on_goal,rf_qrf_shots_on_goal,0.3.0,empirical_qrf,0.009341780993938398,0.0,0.018518518518518517,,3296292142393253561,2025-12-22 15:35:18.523925
2025-12-22,24545,VAN,PHI,30002777,Brock Boeser,shots_on_goal,rf_qrf_shots_on_goal,0.3.0,empirical_qrf,0.03436243386243386,0.0,0.0,,3296292142393253561,2025-12-22 15:35:18.523925
2025-12-22,24545,VAN,PHI,30002793,Joseph Labate,shots_on_goal,rf_qrf_shots_on_goal,0.3.0,empirical_qrf,0.06847507467779282,0.0,0.13636363636363635,,3296292142393253561,2025-12-22 15:35:18.523925
2025-12-22,24545,VAN,PHI,30002876,Conor Garland,shots_on_goal,rf_qrf_shots_on_goal,0.3.0,empirical_qrf,0.3880813492063492,0.0,1.2,,3296292142393253561,2025-12-22 15:35:18.523925
2025-12-22,24545,VAN,PHI,30003063,Mackenzie MacEachern,shots_on_goal,rf_qrf_shots_on_goal,0.3.0,empirical_qrf,0.032997687476971675,0.0,0.07142857142857142,,3296292142393253561,2025-12-22 15:35:18.523925
2025-12-22,24546,SEA,ANA,30000303,Adam Larsson,shots_on_goal,rf_qrf_shots_on_goal,0.3.0,empirical_qrf,0.0005458089668615984,0.0,0.0,,3296292142393253561,2025-12-22 15:35:18.523925
2025-12-22,24546,SEA,ANA,30000460,Max McCormick,shots_on_goal,rf_qrf_shots_on_goal,0.3.0,empirical_qrf,0.18644839164299876,0.10709523809523809,0.2651167168674699,,3296292142393253561,2025-12-22 15:35:18.523925
2025-12-22,24546,SEA,ANA,30000539,Jordan Eberle,shots_on_goal,rf_qrf_shots_on_goal,0.3.0,empirical_qrf,0.030912698412698413,0.0,0.0,,3296292142393253561,2025-12-22 15:35:18.523925
2025-12-22,24546,SEA,ANA,30000577,Philipp Grubauer,shots_on_goal,rf_qrf_shots_on_goal,0.3.0,empirical_qrf,0.015778276404787846,0.012601004925251697,0.01913475188724563,,3296292142393253561,2025-12-22 15:35:18.523925
2025-12-22,24546,SEA,ANA,30000596,Chandler Stephenson,shots_on_goal,rf_qrf_shots_on_goal,0.3.0,empirical_qrf,0.011806877301906283,0.003048780487804878,0.021478999528079284,,3296292142393253561,2025-12-22 15:35:18.523925
2025-12-22,24546,SEA,ANA,30000629,Matt Murray,shots_on_goal,rf_qrf_shots_on_goal,0.3.0,empirical_qrf,0.015778276404787846,0.012601004925251697,0.01913475188724563,,3296292142393253561,2025-12-22 15:35:18.523925
2025-12-22,24546,ANA,SEA,30006483,Beckett Sennecke,shots_on_goal,rf_qrf_shots_on_goal,0.3.0,empirical_qrf,0.08335288322788323,0.0,0.2,,3296292142393253561,2025-12-22 15:35:18.523925
2025-12-22,24546,ANA,SEA,30006117,Nico Myatovic,shots_on_goal,rf_qrf_shots_on_goal,0.3.0,empirical_qrf,0.0001282051282051282,0.0,0.0,,3296292142393253561,2025-12-22 15:35:18.523925
2025-12-22,24546,ANA,SEA,30006129,Coulson Pitre,shots_on_goal,rf_qrf_shots_on_goal,0.3.0,empirical_qrf,0.18644839164299876,0.10709523809523809,0.2651167168674699,,3296292142393253561,2025-12-22 15:35:18.523925
2025-12-22,24546,ANA,SEA,30006161,Yegor Sidorov,shots_on_goal,rf_qrf_shots_on_goal,0.3.0,empirical_qrf,1.089047619047619,0.0,2.6666666666666665,,3296292142393253561,2025-12-22 15:35:18.523925
2025-12-22,24546,ANA,SEA,30006162,Konnor Smith,shots_on_goal,rf_qrf_shots_on_goal,0.3.0,empirical_qrf,0.015778276404787846,0.012601004925251697,0.01913475188724563,,3296292142393253561,2025-12-22 15:35:18.523925
2025-12-22,24546,ANA,SEA,30006310,Roman Kinal,shots_on_goal,rf_qrf_shots_on_goal,0.3.0,empirical_qrf,0.1119143816060522,0.0539118065433855,0.17316053511705687,,3296292142393253561,2025-12-22 15:35:18.523925
2025-12-22,24546,ANA,SEA,30006353,Easton Armstrong,shots_on_goal,rf_qrf_shots_on_goal,0.3.0,empirical_qrf,0.015778276404787846,0.012601004925251697,0.01913475188724563,,3296292142393253561,2025-12-22 15:35:18.523925
2025-12-22,24546,ANA,SEA,30005677,Noah Warren,shots_on_goal,rf_qrf_shots_on_goal,0.3.0,empirical_qrf,0.007107021235697263,0.0,0.014154288772915831,,3296292142393253561,2025-12-22 15:35:18.523925
2025-12-22,24546,ANA,SEA,30005678,Tristan Luneau,shots_on_goal,rf_qrf_shots_on_goal,0.3.0,empirical_qrf,0.10930348051494278,0.0,0.21621621621621623,,3296292142393253561,2025-12-22 15:35:18.523925
2025-12-22,24546,ANA,SEA,30005945,Tomas Suchanek,shots_on_goal,rf_qrf_shots_on_goal,0.3.0,empirical_qrf,0.015778276404787846,0.012601004925251697,0.01913475188724563,,3296292142393253561,2025-12-22 15:35:18.523925
2025-12-22,24546,ANA,SEA,30006016,Jaxsen Wiebe,shots_on_goal,rf_qrf_shots_on_goal,0.3.0,empirical_qrf,0.015778276404787846,0.012601004925251697,0.01913475188724563,,3296292142393253561,2025-12-22 15:35:18.523925
2025-12-22,24546,ANA,SEA,30006017,Nikita Nesterenko,shots_on_goal,rf_qrf_shots_on_goal,0.3.0,empirical_qrf,0.0,0.0,0.0,,3296292142393253561,2025-12-22 15:35:18.523925
2025-12-22,24546,ANA,SEA,30006069,Leo Carlsson,shots_on_goal,rf_qrf_shots_on_goal,0.3.0,empirical_qrf,0.004694444444444444,0.0,0.0,,3296292142393253561,2025-12-22 15:35:18.523925
2025-12-22,24546,ANA,SEA,30005095,Davis Codd,shots_on_goal,rf_qrf_shots_on_goal,0.3.0,empirical_qrf,0.11171283541549527,0.0,0.2730407523510972,,3296292142393253561,2025-12-22 15:35:18.523925
2025-12-22,24546,ANA,SEA,30005275,Tyson Hinds,shots_on_goal,rf_qrf_shots_on_goal,0.3.0,empirical_qrf,0.07097988585488585,0.0,0.0,,3296292142393253561,2025-12-22 15:35:18.523925
2025-12-22,24546,ANA,SEA,30005285,Jeremie Biakabutuka,shots_on_goal,rf_qrf_shots_on_goal,0.3.0,empirical_qrf,0.015778276404787846,0.012601004925251697,0.01913475188724563,,3296292142393253561,2025-12-22 15:35:18.523925
2025-12-22,24546,ANA,SEA,30005615,Pavel Mintyukov,shots_on_goal,rf_qrf_shots_on_goal,0.3.0,empirical_qrf,0.04801732026966523,0.0,0.1111111111111111,,3296292142393253561,2025-12-22 15:35:18.523925
2025-12-22,24546,ANA,SEA,30005620,Cutter Gauthier,shots_on_goal,rf_qrf_shots_on_goal,0.3.0,empirical_qrf,0.017507936507936504,0.0,0.0,,3296292142393253561,2025-12-22 15:35:18.523925
2025-12-22,24546,ANA,SEA,30005643,Nathan Gaucher,shots_on_goal,rf_qrf_shots_on_goal,0.3.0,empirical_qrf,0.00452422723475355,0.0,0.0,,3296292142393253561,2025-12-22 15:35:18.523925
2025-12-22,24546,ANA,SEA,30004828,Calle Clang,shots_on_goal,rf_qrf_shots_on_goal,0.3.0,empirical_qrf,0.015778276404787846,0.012601004925251697,0.01913475188724563,,3296292142393253561,2025-12-22 15:35:18.523925
2025-12-22,24546,ANA,SEA,30004829,Sam Colangelo,shots_on_goal,rf_qrf_shots_on_goal,0.3.0,empirical_qrf,0.009877344877344877,0.0,0.0,,3296292142393253561,2025-12-22 15:35:18.523925
2025-12-22,24546,ANA,SEA,30004861,Ian Moore,shots_on_goal,rf_qrf_shots_on_goal,0.3.0,empirical_qrf,0.0,0.0,0.0,,3296292142393253561,2025-12-22 15:35:18.523925
2025-12-22,24546,ANA,SEA,30004997,Mason McTavish,shots_on_goal,rf_qrf_shots_on_goal,0.3.0,empirical_qrf,0.004916666666666666,0.0,0.0,,3296292142393253561,2025-12-22 15:35:18.523925
2025-12-22,24546,ANA,SEA,30005018,Olen Zellweger,shots_on_goal,rf_qrf_shots_on_goal,0.3.0,empirical_qrf,0.0,0.0,0.0,,3296292142393253561,2025-12-22 15:35:18.523925
2025-12-22,24546,ANA,SEA,30005051,Sasha Pastujov,shots_on_goal,rf_qrf_shots_on_goal,0.3.0,empirical_qrf,0.03132952514176105,0.0,0.075,,3296292142393253561,2025-12-22 15:35:18.523925
2025-12-22,24546,ANA,SEA,30003747,Troy Terry,shots_on_goal,rf_qrf_shots_on_goal,0.3.0,empirical_qrf,0.2004843865135627,0.0,0.5,,3296292142393253561,2025-12-22 15:35:18.523925
2025-12-22,24546,ANA,SEA,30003948,David Cotton,shots_on_goal,rf_qrf_shots_on_goal,0.3.0,empirical_qrf,0.05100166803376048,0.0,0.125,,3296292142393253561,2025-12-22 15:35:18.523925
2025-12-22,24546,ANA,SEA,30004160,Lukas Dostal,shots_on_goal,rf_qrf_shots_on_goal,0.3.0,empirical_qrf,0.015778276404787846,0.012601004925251697,0.01913475188724563,,3296292142393253561,2025-12-22 15:35:18.523925
2025-12-22,24546,ANA,SEA,30004512,Drew Helleson,shots_on_goal,rf_qrf_shots_on_goal,0.3.0,empirical_qrf,0.5832584109789992,0.0,1.3333333333333333,,3296292142393253561,2025-12-22 15:35:18.523925
2025-12-22,24546,ANA,SEA,30004526,Jackson LaCombe,shots_on_goal,rf_qrf_shots_on_goal,0.3.0,empirical_qrf,0.009833333333333333,0.0,0.0,,3296292142393253561,2025-12-22 15:35:18.523925
2025-12-22,24546,ANA,SEA,30004550,Judd Caulfield,shots_on_goal,rf_qrf_shots_on_goal,0.3.0,empirical_qrf,0.015778276404787846,0.012601004925251697,0.01913475188724563,,3296292142393253561,2025-12-22 15:35:18.523925
2025-12-22,24546,ANA,SEA,30002760,Ville Husso,shots_on_goal,rf_qrf_shots_on_goal,0.3.0,empirical_qrf,0.015778276404787846,0.012601004925251697,0.01913475188724563,,3296292142393253561,2025-12-22 15:35:18.523925
2025-12-22,24546,ANA,SEA,30002773,Jansen Harkins,shots_on_goal,rf_qrf_shots_on_goal,0.3.0,empirical_qrf,0.015778276404787846,0.012601004925251697,0.01913475188724563,,3296292142393253561,2025-12-22 15:35:18.523925
2025-12-22,24546,ANA,SEA,30002864,Nikolas Brouillard,shots_on_goal,rf_qrf_shots_on_goal,0.3.0,empirical_qrf,0.015778276404787846,0.012601004925251697,0.01913475188724563,,3296292142393253561,2025-12-22 15:35:18.523925
2025-12-22,24546,ANA,SEA,30003197,Carsen Twarynski,shots_on_goal,rf_qrf_shots_on_goal,0.3.0,empirical_qrf,0.015778276404787846,0.012601004925251697,0.01913475188724563,,3296292142393253561,2025-12-22 15:35:18.523925
2025-12-22,24546,ANA,SEA,30003475,Matthew Phillips,shots_on_goal,rf_qrf_shots_on_goal,0.3.0,empirical_qrf,0.3019754273504274,0.0,0.9100000000000023,,3296292142393253561,2025-12-22 15:35:18.523925
2025-12-22,24546,ANA,SEA,30003650,Ryan Poehling,shots_on_goal,rf_qrf_shots_on_goal,0.3.0,empirical_qrf,0.0,0.0,0.0,,3296292142393253561,2025-12-22 15:35:18.523925
2025-12-22,24546,ANA,SEA,30000739,Alex Killorn,shots_on_goal,rf_qrf_shots_on_goal,0.3.0,empirical_qrf,0.08811985515346611,0.029887284255019377,0.15767061089708312,,3296292142393253561,2025-12-22 15:35:18.523925
2025-12-22,24546,ANA,SEA,30000834,Jacob Trouba,shots_on_goal,rf_qrf_shots_on_goal,0.3.0,empirical_qrf,0.08811985515346611,0.029887284255019377,0.15767061089708312,,3296292142393253561,2025-12-22 15:35:18.523925
2025-12-22,24546,ANA,SEA,30000998,Ross Johnston,shots_on_goal,rf_qrf_shots_on_goal,0.3.0,empirical_qrf,0.0,0.0,0.0,,3296292142393253561,2025-12-22 15:35:18.523925
2025-12-22,24546,ANA,SEA,30001005,Ryan Strome,shots_on_goal,rf_qrf_shots_on_goal,0.3.0,empirical_qrf,0.008225108225108224,0.0,0.0,,3296292142393253561,2025-12-22 15:35:18.523925
2025-12-22,24546,ANA,SEA,30001009,Petr Mrazek,shots_on_goal,rf_qrf_shots_on_goal,0.3.0,empirical_qrf,0.015778276404787846,0.012601004925251697,0.01913475188724563,,3296292142393253561,2025-12-22 15:35:18.523925
2025-12-22,24546,ANA,SEA,30002528,Tyrell Goulbourne,shots_on_goal,rf_qrf_shots_on_goal,0.3.0,empirical_qrf,0.015778276404787846,0.012601004925251697,0.01913475188724563,,3296292142393253561,2025-12-22 15:35:18.523925
2025-12-22,24546,SEA,ANA,30006437,Kaden Hammell,shots_on_goal,rf_qrf_shots_on_goal,0.3.0,empirical_qrf,0.007107021235697263,0.0,0.014154288772915831,,3296292142393253561,2025-12-22 15:35:18.523925
2025-12-22,24546,ANA,SEA,30000269,Radko Gudas,shots_on_goal,rf_qrf_shots_on_goal,0.3.0,empirical_qrf,0.0025,0.0,0.0,,3296292142393253561,2025-12-22 15:35:18.523925
2025-12-22,24546,ANA,SEA,30000320,Chris Kreider,shots_on_goal,rf_qrf_shots_on_goal,0.3.0,empirical_qrf,0.006282407407407407,0.0,0.0,,3296292142393253561,2025-12-22 15:35:18.523925
2025-12-22,24546,ANA,SEA,30000509,Justin Bailey,shots_on_goal,rf_qrf_shots_on_goal,0.3.0,empirical_qrf,0.011806877301906283,0.003048780487804878,0.021478999528079284,,3296292142393253561,2025-12-22 15:35:18.523925
2025-12-22,24546,ANA,SEA,30000515,Mikael Granlund,shots_on_goal,rf_qrf_shots_on_goal,0.3.0,empirical_qrf,0.0001234567901234568,0.0,0.0,,3296292142393253561,2025-12-22 15:35:18.523925
2025-12-22,24546,ANA,SEA,30000609,Frank Vatrano,shots_on_goal,rf_qrf_shots_on_goal,0.3.0,empirical_qrf,0.032599957912457914,0.0,0.0,,3296292142393253561,2025-12-22 15:35:18.523925
2025-12-22,24546,SEA,ANA,30005757,Ty Nelson,shots_on_goal,rf_qrf_shots_on_goal,0.3.0,empirical_qrf,0.015778276404787846,0.012601004925251697,0.01913475188724563,,3296292142393253561,2025-12-22 15:35:18.523925
2025-12-22,24546,SEA,ANA,30006087,Eduard Sale,shots_on_goal,rf_qrf_shots_on_goal,0.3.0,empirical_qrf,0.0,0.0,0.0,,3296292142393253561,2025-12-22 15:35:18.523925
2025-12-22,24546,SEA,ANA,30006119,Lukas Dragicevic,shots_on_goal,rf_qrf_shots_on_goal,0.3.0,empirical_qrf,0.0,0.0,0.0,,3296292142393253561,2025-12-22 15:35:18.523925
2025-12-22,24546,SEA,ANA,30006121,Carson Rehkopf,shots_on_goal,rf_qrf_shots_on_goal,0.3.0,empirical_qrf,0.11171283541549527,0.0,0.2730407523510972,,3296292142393253561,2025-12-22 15:35:18.523925
2025-12-22,24546,SEA,ANA,30006125,Caden Price,shots_on_goal,rf_qrf_shots_on_goal,0.3.0,empirical_qrf,0.08173015401737674,0.039273618063691555,0.12735333631885357,,3296292142393253561,2025-12-22 15:35:18.523925
2025-12-22,24546,SEA,ANA,30006197,Andrei Loshko,shots_on_goal,rf_qrf_shots_on_goal,0.3.0,empirical_qrf,0.015778276404787846,0.012601004925251697,0.01913475188724563,,3296292142393253561,2025-12-22 15:35:18.523925
2025-12-22,24546,SEA,ANA,30005593,Peetro Seppala,shots_on_goal,rf_qrf_shots_on_goal,0.3.0,empirical_qrf,0.015778276404787846,0.012601004925251697,0.01913475188724563,,3296292142393253561,2025-12-22 15:35:18.523925
2025-12-22,24546,SEA,ANA,30005616,Shane Wright,shots_on_goal,rf_qrf_shots_on_goal,0.3.0,empirical_qrf,0.23060774642024645,0.0,0.5,,3296292142393253561,2025-12-22 15:35:18.523925
2025-12-22,24546,SEA,ANA,30005680,David Goyette,shots_on_goal,rf_qrf_shots_on_goal,0.3.0,empirical_qrf,0.18644839164299876,0.10709523809523809,0.2651167168674699,,3296292142393253561,2025-12-22 15:35:18.523925
2025-12-22,24546,SEA,ANA,30005681,Jagger Firkus,shots_on_goal,rf_qrf_shots_on_goal,0.3.0,empirical_qrf,0.005266290726817042,0.0,0.0,,3296292142393253561,2025-12-22 15:35:18.523925
2025-12-22,24546,SEA,ANA,30005682,Jani Nyman,shots_on_goal,rf_qrf_shots_on_goal,0.3.0,empirical_qrf,0.2730813492063492,0.0,1.0,,3296292142393253561,2025-12-22 15:35:18.523925
2025-12-22,24546,SEA,ANA,30005683,Niklas Kokko,shots_on_goal,rf_qrf_shots_on_goal,0.3.0,empirical_qrf,0.015778276404787846,0.012601004925251697,0.01913475188724563,,3296292142393253561,2025-12-22 15:35:18.523925
2025-12-22,24546,SEA,ANA,30005333,Jacob Melanson,shots_on_goal,rf_qrf_shots_on_goal,0.3.0,empirical_qrf,0.04801732026966523,0.0,0.1111111111111111,,3296292142393253561,2025-12-22 15:35:18.523925
2025-12-22,24546,SEA,ANA,30005336,Tye Kartye,shots_on_goal,rf_qrf_shots_on_goal,0.3.0,empirical_qrf,0.0,0.0,0.0,,3296292142393253561,2025-12-22 15:35:18.523925
2025-12-22,24546,SEA,ANA,30005337,Ryan Winterton,shots_on_goal,rf_qrf_shots_on_goal,0.3.0,empirical_qrf,0.08335288322788323,0.0,0.2,,3296292142393253561,2025-12-22 15:35:18.523925
2025-12-22,24546,SEA,ANA,30005447,Ville Ottavainen,shots_on_goal,rf_qrf_shots_on_goal,0.3.0,empirical_qrf,0.0,0.0,0.0,,3296292142393253561,2025-12-22 15:35:18.523925
2025-12-22,24546,SEA,ANA,30005503,Logan Morrison,shots_on_goal,rf_qrf_shots_on_goal,0.3.0,empirical_qrf,0.17488606301106302,0.0,0.5,,3296292142393253561,2025-12-22 15:35:18.523925
2025-12-22,24546,SEA,ANA,30005582,Ben Meyers,shots_on_goal,rf_qrf_shots_on_goal,0.3.0,empirical_qrf,0.0001234567901234568,0.0,0.0,,3296292142393253561,2025-12-22 15:35:18.523925
2025-12-22,24546,SEA,ANA,30003703,Cale Fleury,shots_on_goal,rf_qrf_shots_on_goal,0.3.0,empirical_qrf,0.15166503605307807,0.0,0.37037037037037035,,3296292142393253561,2025-12-22 15:35:18.523925
2025-12-22,24546,SEA,ANA,30004419,Joey Daccord,shots_on_goal,rf_qrf_shots_on_goal,0.3.0,empirical_qrf,0.015778276404787846,0.012601004925251697,0.01913475188724563,,3296292142393253561,2025-12-22 15:35:18.523925
2025-12-22,24546,SEA,ANA,30004471,Kaapo Kakko,shots_on_goal,rf_qrf_shots_on_goal,0.3.0,empirical_qrf,0.01710617623117623,0.0,0.0,,3296292142393253561,2025-12-22 15:35:18.523925
2025-12-22,24546,SEA,ANA,30005040,Matty Beniers,shots_on_goal,rf_qrf_shots_on_goal,0.3.0,empirical_qrf,0.03436243386243386,0.0,0.0,,3296292142393253561,2025-12-22 15:35:18.523925
2025-12-22,24546,SEA,ANA,30005042,Ryker Evans,shots_on_goal,rf_qrf_shots_on_goal,0.3.0,empirical_qrf,0.08811985515346611,0.029887284255019377,0.15767061089708312,,3296292142393253561,2025-12-22 15:35:18.523925
2025-12-22,24546,SEA,ANA,30005239,Jakov Novak,shots_on_goal,rf_qrf_shots_on_goal,0.3.0,empirical_qrf,0.015778276404787846,0.012601004925251697,0.01913475188724563,,3296292142393253561,2025-12-22 15:35:18.523925
2025-12-22,24546,SEA,ANA,30002529,John Hayden,shots_on_goal,rf_qrf_shots_on_goal,0.3.0,empirical_qrf,0.0012004126142057176,0.0,0.0,,3296292142393253561,2025-12-22 15:35:18.523925
2025-12-22,24546,SEA,ANA,30002711,Frederick Gaudreau,shots_on_goal,rf_qrf_shots_on_goal,0.3.0,empirical_qrf,0.04450453064402599,0.0,0.10344827586206896,,3296292142393253561,2025-12-22 15:35:18.523925
2025-12-22,24546,SEA,ANA,30003184,Ryan Lindgren,shots_on_goal,rf_qrf_shots_on_goal,0.3.0,empirical_qrf,0.10930348051494278,0.0,0.21621621621621623,,3296292142393253561,2025-12-22 15:35:18.523925
2025-12-22,24546,SEA,ANA,30003188,Jack LaFontaine,shots_on_goal,rf_qrf_shots_on_goal,0.3.0,empirical_qrf,0.25078571428571433,0.0,1.3333333333333333,,3296292142393253561,2025-12-22 15:35:18.523925
2025-12-22,24546,SEA,ANA,30003214,Joshua Mahura,shots_on_goal,rf_qrf_shots_on_goal,0.3.0,empirical_qrf,0.07342964518384379,0.0,0.14285714285714285,,3296292142393253561,2025-12-22 15:35:18.523925
2025-12-22,24546,SEA,ANA,30003660,Eeli Tolvanen,shots_on_goal,rf_qrf_shots_on_goal,0.3.0,empirical_qrf,0.002916666666666667,0.0,0.0,,3296292142393253561,2025-12-22 15:35:18.523925
2025-12-22,24546,SEA,ANA,30000674,Vince Dunn,shots_on_goal,rf_qrf_shots_on_goal,0.3.0,empirical_qrf,0.03288293650793651,0.0,0.0,,3296292142393253561,2025-12-22 15:35:18.523925
2025-12-22,24546,SEA,ANA,30000758,Jamie Oleksiak,shots_on_goal,rf_qrf_shots_on_goal,0.3.0,empirical_qrf,0.06847507467779282,0.0,0.13636363636363635,,3296292142393253561,2025-12-22 15:35:18.523925
2025-12-22,24546,SEA,ANA,30000794,Jaden Schwartz,shots_on_goal,rf_qrf_shots_on_goal,0.3.0,empirical_qrf,0.01125,0.0,0.0,,3296292142393253561,2025-12-22 15:35:18.523925
2025-12-22,24546,SEA,ANA,30000812,Gustav Olofsson,shots_on_goal,rf_qrf_shots_on_goal,0.3.0,empirical_qrf,0.015778276404787846,0.012601004925251697,0.01913475188724563,,3296292142393253561,2025-12-22 15:35:18.523925
2025-12-22,24546,SEA,ANA,30000882,Brandon Montour,shots_on_goal,rf_qrf_shots_on_goal,0.3.0,empirical_qrf,0.2520964590964591,0.0,1.3333333333333333,,3296292142393253561,2025-12-22 15:35:18.523925
2025-12-22,24546,SEA,ANA,30000929,Jared McCann,shots_on_goal,rf_qrf_shots_on_goal,0.3.0,empirical_qrf,0.0009325396825396826,0.0,0.0,,3296292142393253561,2025-12-22 15:35:18.523925
2025-12-22,24547,CBJ,LA,30000115,Sean Monahan,shots_on_goal,rf_qrf_shots_on_goal,0.3.0,empirical_qrf,0.0,0.0,0.0,,3296292142393253561,2025-12-22 15:35:18.523925
2025-12-22,24547,CBJ,LA,30000207,Damon Severson,shots_on_goal,rf_qrf_shots_on_goal,0.3.0,empirical_qrf,0.10930348051494278,0.0,0.21621621621621623,,3296292142393253561,2025-12-22 15:35:18.523925
2025-12-22,24547,CBJ,LA,30000233,Erik Gudbranson,shots_on_goal,rf_qrf_shots_on_goal,0.3.0,empirical_qrf,0.0,0.0,0.0,,3296292142393253561,2025-12-22 15:35:18.523925
2025-12-22,24547,CBJ,LA,30000623,Ivan Provorov,shots_on_goal,rf_qrf_shots_on_goal,0.3.0,empirical_qrf,0.10930348051494278,0.0,0.21621621621621623,,3296292142393253561,2025-12-22 15:35:18.523925
2025-12-22,24547,CBJ,LA,30000778,Boone Jenner,shots_on_goal,rf_qrf_shots_on_goal,0.3.0,empirical_qrf,0.2520964590964591,0.0,1.3333333333333333,,3296292142393253561,2025-12-22 15:35:18.523925
2025-12-22,24547,CBJ,LA,30000805,Charlie Coyle,shots_on_goal,rf_qrf_shots_on_goal,0.3.0,empirical_qrf,0.0,0.0,0.0,,3296292142393253561,2025-12-22 15:35:18.523925
2025-12-22,24547,LA,CBJ,30006386,Tate Singleton,shots_on_goal,rf_qrf_shots_on_goal,0.3.0,empirical_qrf,0.015778276404787846,0.012601004925251697,0.01913475188724563,,3296292142393253561,2025-12-22 15:35:18.523925
2025-12-22,24547,CBJ,LA,30002223,Mason Marchment,shots_on_goal,rf_qrf_shots_on_goal,0.3.0,empirical_qrf,0.0,0.0,0.0,,3296292142393253561,2025-12-22 15:35:18.523925
2025-12-22,24547,LA,CBJ,30005322,Isaiah Saville,shots_on_goal,rf_qrf_shots_on_goal,0.3.0,empirical_qrf,0.0,0.0,0.0,,3296292142393253561,2025-12-22 15:35:18.523925
2025-12-22,24547,LA,CBJ,30005610,Andrei Kuzmenko,shots_on_goal,rf_qrf_shots_on_goal,0.3.0,empirical_qrf,0.0,0.0,0.0,,3296292142393253561,2025-12-22 15:35:18.523925
2025-12-22,24547,LA,CBJ,30005710,Angus Booth,shots_on_goal,rf_qrf_shots_on_goal,0.3.0,empirical_qrf,0.015778276404787846,0.012601004925251697,0.01913475188724563,,3296292142393253561,2025-12-22 15:35:18.523925
2025-12-22,24547,LA,CBJ,30006113,Jakub Dvorak,shots_on_goal,rf_qrf_shots_on_goal,0.3.0,empirical_qrf,0.03132952514176105,0.0,0.075,,3296292142393253561,2025-12-22 15:35:18.523925
2025-12-22,24547,LA,CBJ,30006140,Koehn Ziemmer,shots_on_goal,rf_qrf_shots_on_goal,0.3.0,empirical_qrf,0.015778276404787846,0.012601004925251697,0.01913475188724563,,3296292142393253561,2025-12-22 15:35:18.523925
2025-12-22,24547,LA,CBJ,30006349,Jacob Modry,shots_on_goal,rf_qrf_shots_on_goal,0.3.0,empirical_qrf,0.015778276404787846,0.012601004925251697,0.01913475188724563,,3296292142393253561,2025-12-22 15:35:18.523925
2025-12-22,24547,LA,CBJ,30004856,Alex Laferriere,shots_on_goal,rf_qrf_shots_on_goal,0.3.0,empirical_qrf,0.41160582010582003,0.0,2.0,,3296292142393253561,2025-12-22 15:35:18.523925
2025-12-22,24547,LA,CBJ,30004969,Jeff Malott,shots_on_goal,rf_qrf_shots_on_goal,0.3.0,empirical_qrf,0.12579288766788765,0.0,0.5,,3296292142393253561,2025-12-22 15:35:18.523925
2025-12-22,24547,LA,CBJ,30004994,Brandt Clarke,shots_on_goal,rf_qrf_shots_on_goal,0.3.0,empirical_qrf,0.0003333333333333334,0.0,0.0,,3296292142393253561,2025-12-22 15:35:18.523925
2025-12-22,24547,LA,CBJ,30005015,Francesco Pinelli,shots_on_goal,rf_qrf_shots_on_goal,0.3.0,empirical_qrf,0.011806877301906283,0.003048780487804878,0.021478999528079284,,3296292142393253561,2025-12-22 15:35:18.523925
2025-12-22,24547,LA,CBJ,30005039,Samuel Helenius,shots_on_goal,rf_qrf_shots_on_goal,0.3.0,empirical_qrf,0.05413135003263938,0.013333333333333334,0.09877899877899878,,3296292142393253561,2025-12-22 15:35:18.523925
2025-12-22,24547,LA,CBJ,30005087,Kaleb Lawrence,shots_on_goal,rf_qrf_shots_on_goal,0.3.0,empirical_qrf,0.015778276404787846,0.012601004925251697,0.01913475188724563,,3296292142393253561,2025-12-22 15:35:18.523925
2025-12-22,24547,LA,CBJ,30004321,Jacob Ingham,shots_on_goal,rf_qrf_shots_on_goal,0.3.0,empirical_qrf,0.015778276404787846,0.012601004925251697,0.01913475188724563,,3296292142393253561,2025-12-22 15:35:18.523925
2025-12-22,24547,LA,CBJ,30004436,Mikey Anderson,shots_on_goal,rf_qrf_shots_on_goal,0.3.0,empirical_qrf,0.032997687476971675,0.0,0.07142857142857142,,3296292142393253561,2025-12-22 15:35:18.523925
2025-12-22,24547,LA,CBJ,30004473,Alex Turcotte,shots_on_goal,rf_qrf_shots_on_goal,0.3.0,empirical_qrf,0.004694444444444444,0.0,0.0,,3296292142393253561,2025-12-22 15:35:18.523925
2025-12-22,24547,LA,CBJ,30004516,Nikita Alexandrov,shots_on_goal,rf_qrf_shots_on_goal,0.3.0,empirical_qrf,0.038762609470433855,0.0,0.09523809523809523,,3296292142393253561,2025-12-22 15:35:18.523925
2025-12-22,24547,LA,CBJ,30004571,Erik Portillo,shots_on_goal,rf_qrf_shots_on_goal,0.3.0,empirical_qrf,0.015778276404787846,0.012601004925251697,0.01913475188724563,,3296292142393253561,2025-12-22 15:35:18.523925
2025-12-22,24547,LA,CBJ,30004798,Quinton Byfield,shots_on_goal,rf_qrf_shots_on_goal,0.3.0,empirical_qrf,0.0009325396825396826,0.0,0.0,,3296292142393253561,2025-12-22 15:35:18.523925
2025-12-22,24547,LA,CBJ,30002582,Adrian Kempe,shots_on_goal,rf_qrf_shots_on_goal,0.3.0,empirical_qrf,0.06134193121693122,0.0,0.3333333333333333,,3296292142393253561,2025-12-22 15:35:18.523925
2025-12-22,24547,LA,CBJ,30002611,Warren Foegele,shots_on_goal,rf_qrf_shots_on_goal,0.3.0,empirical_qrf,0.0007142857142857143,0.0,0.0,,3296292142393253561,2025-12-22 15:35:18.523925
2025-12-22,24547,LA,CBJ,30002703,Kyle Burroughs,shots_on_goal,rf_qrf_shots_on_goal,0.3.0,empirical_qrf,0.16956876915018995,0.0,0.4,,3296292142393253561,2025-12-22 15:35:18.523925
2025-12-22,24547,LA,CBJ,30003232,Jacob Moverare,shots_on_goal,rf_qrf_shots_on_goal,0.3.0,empirical_qrf,0.0,0.0,0.0,,3296292142393253561,2025-12-22 15:35:18.523925
2025-12-22,24547,LA,CBJ,30003236,Trevor Moore,shots_on_goal,rf_qrf_shots_on_goal,0.3.0,empirical_qrf,0.11975,0.0,0.5,,3296292142393253561,2025-12-22 15:35:18.523925
2025-12-22,24547,LA,CBJ,30003508,John Parker-Jones,shots_on_goal,rf_qrf_shots_on_goal,0.3.0,empirical_qrf,0.015778276404787846,0.012601004925251697,0.01913475188724563,,3296292142393253561,2025-12-22 15:35:18.523925
2025-12-22,24547,LA,CBJ,30000668,Anton Forsberg,shots_on_goal,rf_qrf_shots_on_goal,0.3.0,empirical_qrf,0.015778276404787846,0.012601004925251697,0.01913475188724563,,3296292142393253561,2025-12-22 15:35:18.523925
2025-12-22,24547,LA,CBJ,30000675,Joel Edmundson,shots_on_goal,rf_qrf_shots_on_goal,0.3.0,empirical_qrf,0.04787449135028185,0.0,0.11764705882352941,,3296292142393253561,2025-12-22 15:35:18.523925
2025-12-22,24547,LA,CBJ,30000770,Pheonix Copley,shots_on_goal,rf_qrf_shots_on_goal,0.3.0,empirical_qrf,0.015778276404787846,0.012601004925251697,0.01913475188724563,,3296292142393253561,2025-12-22 15:35:18.523925
2025-12-22,24547,LA,CBJ,30000788,Jacob Doty,shots_on_goal,rf_qrf_shots_on_goal,0.3.0,empirical_qrf,0.015778276404787846,0.012601004925251697,0.01913475188724563,,3296292142393253561,2025-12-22 15:35:18.523925
2025-12-22,24547,LA,CBJ,30000818,Joel Armia,shots_on_goal,rf_qrf_shots_on_goal,0.3.0,empirical_qrf,0.0,0.0,0.0,,3296292142393253561,2025-12-22 15:35:18.523925
2025-12-22,24547,LA,CBJ,30001265,Corey Perry,shots_on_goal,rf_qrf_shots_on_goal,0.3.0,empirical_qrf,0.24488227513227515,0.0,1.0,,3296292142393253561,2025-12-22 15:35:18.523925
2025-12-22,24547,LA,CBJ,30000145,Drew Doughty,shots_on_goal,rf_qrf_shots_on_goal,0.3.0,empirical_qrf,0.24016090468817117,0.0,0.5,,3296292142393253561,2025-12-22 15:35:18.523925
2025-12-22,24547,LA,CBJ,30000149,Anze Kopitar,shots_on_goal,rf_qrf_shots_on_goal,0.3.0,empirical_qrf,0.05701316450406433,0.0,0.125,,3296292142393253561,2025-12-22 15:35:18.523925
2025-12-22,24547,LA,CBJ,30000199,Kevin Fiala,shots_on_goal,rf_qrf_shots_on_goal,0.3.0,empirical_qrf,0.0,0.0,0.0,,3296292142393253561,2025-12-22 15:35:18.523925
2025-12-22,24547,LA,CBJ,30000476,Cody Ceci,shots_on_goal,rf_qrf_shots_on_goal,0.3.0,empirical_qrf,0.0,0.0,0.0,,3296292142393253561,2025-12-22 15:35:18.523925
2025-12-22,24547,LA,CBJ,30000495,Darcy Kuemper,shots_on_goal,rf_qrf_shots_on_goal,0.3.0,empirical_qrf,0.015778276404787846,0.012601004925251697,0.01913475188724563,,3296292142393253561,2025-12-22 15:35:18.523925
2025-12-22,24547,LA,CBJ,30000653,Brian Dumoulin,shots_on_goal,rf_qrf_shots_on_goal,0.3.0,empirical_qrf,0.0,0.0,0.0,,3296292142393253561,2025-12-22 15:35:18.523925
2025-12-22,24547,CBJ,LA,30005733,Roman Ahcan,shots_on_goal,rf_qrf_shots_on_goal,0.3.0,empirical_qrf,0.08173015401737674,0.039273618063691555,0.12735333631885357,,3296292142393253561,2025-12-22 15:35:18.523925
2025-12-22,24547,CBJ,LA,30005736,Nolan Lalonde,shots_on_goal,rf_qrf_shots_on_goal,0.3.0,empirical_qrf,0.015778276404787846,0.012601004925251697,0.01913475188724563,,3296292142393253561,2025-12-22 15:35:18.523925
2025-12-22,24547,CBJ,LA,30006022,Justin Pearson,shots_on_goal,rf_qrf_shots_on_goal,0.3.0,empirical_qrf,0.015778276404787846,0.012601004925251697,0.01913475188724563,,3296292142393253561,2025-12-22 15:35:18.523925
2025-12-22,24547,CBJ,LA,30006026,Hunter McKown,shots_on_goal,rf_qrf_shots_on_goal,0.3.0,empirical_qrf,0.15166503605307807,0.0,0.37037037037037035,,3296292142393253561,2025-12-22 15:35:18.523925
2025-12-22,24547,CBJ,LA,30006063,Adam Fantilli,shots_on_goal,rf_qrf_shots_on_goal,0.3.0,empirical_qrf,0.17256060606060605,0.0,0.75,,3296292142393253561,2025-12-22 15:35:18.523925
2025-12-22,24547,CBJ,LA,30006337,Riley Bezeau,shots_on_goal,rf_qrf_shots_on_goal,0.3.0,empirical_qrf,0.08173015401737674,0.039273618063691555,0.12735333631885357,,3296292142393253561,2025-12-22 15:35:18.523925
2025-12-22,24547,CBJ,LA,30005290,Max McCue,shots_on_goal,rf_qrf_shots_on_goal,0.3.0,empirical_qrf,0.08811985515346611,0.029887284255019377,0.15767061089708312,,3296292142393253561,2025-12-22 15:35:18.523925
2025-12-22,24547,CBJ,LA,30005355,Mikael Pyyhtia,shots_on_goal,rf_qrf_shots_on_goal,0.3.0,empirical_qrf,0.009341780993938398,0.0,0.018518518518518517,,3296292142393253561,2025-12-22 15:35:18.523925
2025-12-22,24547,CBJ,LA,30005568,Owen Sillinger,shots_on_goal,rf_qrf_shots_on_goal,0.3.0,empirical_qrf,0.0642122698834388,0.0,0.14545454545454545,,3296292142393253561,2025-12-22 15:35:18.523925
2025-12-22,24547,CBJ,LA,30005637,Denton Mateychuk,shots_on_goal,rf_qrf_shots_on_goal,0.3.0,empirical_qrf,0.08811985515346611,0.029887284255019377,0.15767061089708312,,3296292142393253561,2025-12-22 15:35:18.523925
2025-12-22,24547,CBJ,LA,30005664,Luca Del Bel Belluz,shots_on_goal,rf_qrf_shots_on_goal,0.3.0,empirical_qrf,0.0027878787878787875,0.0,0.0,,3296292142393253561,2025-12-22 15:35:18.523925
2025-12-22,24547,CBJ,LA,30005699,Jordan Dumais,shots_on_goal,rf_qrf_shots_on_goal,0.3.0,empirical_qrf,0.015778276404787846,0.012601004925251697,0.01913475188724563,,3296292142393253561,2025-12-22 15:35:18.523925
2025-12-22,24547,CBJ,LA,30004989,Kent Johnson,shots_on_goal,rf_qrf_shots_on_goal,0.3.0,empirical_qrf,0.008225108225108224,0.0,0.0,,3296292142393253561,2025-12-22 15:35:18.523925
2025-12-22,24547,CBJ,LA,30005002,Corson Ceulemans,shots_on_goal,rf_qrf_shots_on_goal,0.3.0,empirical_qrf,0.12642665436415437,0.0,0.2871428571428575,,3296292142393253561,2025-12-22 15:35:18.523925
2025-12-22,24547,CBJ,LA,30005049,Jet Greaves,shots_on_goal,rf_qrf_shots_on_goal,0.3.0,empirical_qrf,0.015778276404787846,0.012601004925251697,0.01913475188724563,,3296292142393253561,2025-12-22 15:35:18.523925
2025-12-22,24547,CBJ,LA,30005050,Stanislov Svozil,shots_on_goal,rf_qrf_shots_on_goal,0.3.0,empirical_qrf,0.2042970491124516,0.0,0.4444444444444444,,3296292142393253561,2025-12-22 15:35:18.523925
2025-12-22,24547,CBJ,LA,30005053,Ole Julian Bjorgvik-Holm,shots_on_goal,rf_qrf_shots_on_goal,0.3.0,empirical_qrf,0.015778276404787846,0.012601004925251697,0.01913475188724563,,3296292142393253561,2025-12-22 15:35:18.523925
2025-12-22,24547,CBJ,LA,30005088,James Malatesta,shots_on_goal,rf_qrf_shots_on_goal,0.3.0,empirical_qrf,0.009341780993938398,0.0,0.018518518518518517,,3296292142393253561,2025-12-22 15:35:18.523925
2025-12-22,24547,CBJ,LA,30004135,Kirill Marchenko,shots_on_goal,rf_qrf_shots_on_goal,0.3.0,empirical_qrf,0.02495238095238095,0.0,0.0,,3296292142393253561,2025-12-22 15:35:18.523925
2025-12-22,24547,CBJ,LA,30004172,Curtis Hall,shots_on_goal,rf_qrf_shots_on_goal,0.3.0,empirical_qrf,0.015778276404787846,0.012601004925251697,0.01913475188724563,,3296292142393253561,2025-12-22 15:35:18.523925
2025-12-22,24547,CBJ,LA,30004306,Jake Christiansen,shots_on_goal,rf_qrf_shots_on_goal,0.3.0,empirical_qrf,0.0001388888888888889,0.0,0.0,,3296292142393253561,2025-12-22 15:35:18.523925
2025-12-22,24547,CBJ,LA,30004607,Dmitri Voronkov,shots_on_goal,rf_qrf_shots_on_goal,0.3.0,empirical_qrf,0.004027777777777778,0.0,0.0,,3296292142393253561,2025-12-22 15:35:18.523925
2025-12-22,24547,CBJ,LA,30004799,Yegor Chinakhov,shots_on_goal,rf_qrf_shots_on_goal,0.3.0,empirical_qrf,0.0,0.0,0.0,,3296292142393253561,2025-12-22 15:35:18.523925
2025-12-22,24547,CBJ,LA,30004988,Cole Sillinger,shots_on_goal,rf_qrf_shots_on_goal,0.3.0,empirical_qrf,0.0,0.0,0.0,,3296292142393253561,2025-12-22 15:35:18.523925
2025-12-22,24547,CBJ,LA,30003079,Miles Wood,shots_on_goal,rf_qrf_shots_on_goal,0.3.0,empirical_qrf,0.0,0.0,0.0,,3296292142393253561,2025-12-22 15:35:18.523925
2025-12-22,24547,CBJ,LA,30003146,Dante Fabbro,shots_on_goal,rf_qrf_shots_on_goal,0.3.0,empirical_qrf,0.231130291005291,0.0,0.6666666666666666,,3296292142393253561,2025-12-22 15:35:18.523925
2025-12-22,24547,CBJ,LA,30003267,Mathieu Olivier,shots_on_goal,rf_qrf_shots_on_goal,0.3.0,empirical_qrf,0.08829497354497355,0.0,0.0,,3296292142393253561,2025-12-22 15:35:18.523925
2025-12-22,24547,CBJ,LA,30003269,Zach Sawchenko,shots_on_goal,rf_qrf_shots_on_goal,0.3.0,empirical_qrf,0.015778276404787846,0.012601004925251697,0.01913475188724563,,3296292142393253561,2025-12-22 15:35:18.523925
2025-12-22,24547,CBJ,LA,30003549,Zachary Aston-Reese,shots_on_goal,rf_qrf_shots_on_goal,0.3.0,empirical_qrf,0.007107021235697263,0.0,0.014154288772915831,,3296292142393253561,2025-12-22 15:35:18.523925
2025-12-22,24547,CBJ,LA,30004097,Isac Lundestrom,shots_on_goal,rf_qrf_shots_on_goal,0.3.0,empirical_qrf,0.08811985515346611,0.029887284255019377,0.15767061089708312,,3296292142393253561,2025-12-22 15:35:18.523925
2025-12-22,24547,CBJ,LA,30000855,Brendan Smith,shots_on_goal,rf_qrf_shots_on_goal,0.3.0,empirical_qrf,0.05413135003263938,0.013333333333333334,0.09877899877899878,,3296292142393253561,2025-12-22 15:35:18.523925
2025-12-22,24547,CBJ,LA,30001196,Brendan Gaunce,shots_on_goal,rf_qrf_shots_on_goal,0.3.0,empirical_qrf,0.07342964518384379,0.0,0.14285714285714285,,3296292142393253561,2025-12-22 15:35:18.523925
2025-12-22,24547,CBJ,LA,30002554,Hudson Fasching,shots_on_goal,rf_qrf_shots_on_goal,0.3.0,empirical_qrf,0.13535951962267753,0.0,0.3333333333333333,,3296292142393253561,2025-12-22 15:35:18.523925
2025-12-22,24547,CBJ,LA,30002593,Dysin Mayo,shots_on_goal,rf_qrf_shots_on_goal,0.3.0,empirical_qrf,0.011806877301906283,0.003048780487804878,0.021478999528079284,,3296292142393253561,2025-12-22 15:35:18.523925
2025-12-22,24547,CBJ,LA,30002616,Elvis Merzlikins,shots_on_goal,rf_qrf_shots_on_goal,0.3.0,empirical_qrf,0.015778276404787846,0.012601004925251697,0.01913475188724563,,3296292142393253561,2025-12-22 15:35:18.523925
2025-12-22,24547,CBJ,LA,30002770,Zach Werenski,shots_on_goal,rf_qrf_shots_on_goal,0.3.0,empirical_qrf,0.19223544973544973,0.0,0.5055555555555569,,3296292142393253561,2025-12-22 15:35:18.523925
2025-12-22,24544,STL,TB,,,total_goals,ets_sum_team_goals,0.3.0,ets_sum,18.82888553880665,0.0,0.0,,3296292142393253561,2025-12-22 15:35:19.196654
2025-12-22,24545,VAN,PHI,,,total_goals,ets_sum_team_goals,0.3.0,ets_sum,15.410747884500218,0.0,0.0,,3296292142393253561,2025-12-22 15:35:19.196836
2025-12-22,24546,SEA,ANA,,,total_goals,ets_sum_team_goals,0.3.0,ets_sum,15.28514342845441,0.0,0.0,,3296292142393253561,2025-12-22 15:35:19.197025
2025-12-22,24547,CBJ,LA,,,total_goals,ets_sum_team_goals,0.3.0,ets_sum,16.34969938015415,0.0,0.0,,3296292142393253561,2025-12-22 15:35:19.197184
