date,game_id,team,opponent,player_id,name,target,model_name,model_version,distribution,lambda_or_mu,q10,q90,p_ge_k_json,run_id,created_ts
2026-05-04,25346,PHI,CAR,30000050,Sean Couturier,points,rf_qrf_points,0.3.0,empirical_qrf,0.0,0.0,0.0,,4617338506989801847,2026-05-05 04:19:13.491934
2026-05-04,25346,PHI,CAR,30000234,Garrett Wilson,points,rf_qrf_points,0.3.0,empirical_qrf,0.0,0.0,0.0,,4617338506989801847,2026-05-05 04:19:13.491934
2026-05-04,25346,PHI,CAR,30000349,Travis Konecny,points,rf_qrf_points,0.3.0,empirical_qrf,0.0,0.0,0.0,,4617338506989801847,2026-05-05 04:19:13.491934
2026-05-04,25346,PHI,CAR,30000624,Travis Sanheim,points,rf_qrf_points,0.3.0,empirical_qrf,0.0,0.0,0.0,,4617338506989801847,2026-05-05 04:19:13.491934
2026-05-04,25346,PHI,CAR,30000844,Luke Glendening,points,rf_qrf_points,0.3.0,empirical_qrf,0.0,0.0,0.0,,4617338506989801847,2026-05-05 04:19:13.491934
2026-05-04,25346,PHI,CAR,30000942,Christian Dvorak,points,rf_qrf_points,0.3.0,empirical_qrf,0.0,0.0,0.0,,4617338506989801847,2026-05-05 04:19:13.491934
2026-05-04,25346,PHI,CAR,30001201,Garnet Hathaway,points,rf_qrf_points,0.3.0,empirical_qrf,0.0,0.0,0.0,,4617338506989801847,2026-05-05 04:19:13.491934
2026-05-04,25346,PHI,CAR,30001294,Rasmus Ristolainen,points,rf_qrf_points,0.3.0,empirical_qrf,0.0,0.0,0.0,,4617338506989801847,2026-05-05 04:19:13.491934
2026-05-04,25346,PHI,CAR,30001312,Noah Juulsen,points,rf_qrf_points,0.3.0,empirical_qrf,0.0,0.0,0.0,,4617338506989801847,2026-05-05 04:19:13.491934
2026-05-04,25346,PHI,CAR,30002786,Dan Vladar,points,rf_qrf_points,0.3.0,empirical_qrf,0.0,0.0,0.0,,4617338506989801847,2026-05-05 04:19:13.491934
2026-05-04,25346,PHI,CAR,30002979,Anthony Richard,points,rf_qrf_points,0.3.0,empirical_qrf,0.0,0.0,0.0,,4617338506989801847,2026-05-05 04:19:13.491934
2026-05-04,25346,PHI,CAR,30003016,Nick Seeler,points,rf_qrf_points,0.3.0,empirical_qrf,0.0,0.0,0.0,,4617338506989801847,2026-05-05 04:19:13.491934
2026-05-04,25346,PHI,CAR,30003167,Boris Katchouk,points,rf_qrf_points,0.3.0,empirical_qrf,0.0,0.0,0.0,,4617338506989801847,2026-05-05 04:19:13.491934
2026-05-04,25346,PHI,CAR,30003171,Carl Grundstrom,points,rf_qrf_points,0.3.0,empirical_qrf,0.0,0.0,0.0,,4617338506989801847,2026-05-05 04:19:13.491934
2026-05-04,25346,PHI,CAR,30003283,Lane Pederson,points,rf_qrf_points,0.3.0,empirical_qrf,0.0,0.0,0.0,,4617338506989801847,2026-05-05 04:19:13.491934
2026-05-04,25346,PHI,CAR,30003500,Rodrigo Abols,points,rf_qrf_points,0.3.0,empirical_qrf,0.0,0.0,0.0,,4617338506989801847,2026-05-05 04:19:13.491934
2026-05-04,25346,PHI,CAR,30003653,Owen Tippett,points,rf_qrf_points,0.3.0,empirical_qrf,0.0,0.0,0.0,,4617338506989801847,2026-05-05 04:19:13.491934
2026-05-04,25346,PHI,CAR,30003733,Keith Petruzzelli,points,rf_qrf_points,0.3.0,empirical_qrf,0.0,0.0,0.0,,4617338506989801847,2026-05-05 04:19:13.491934
2026-05-04,25346,PHI,CAR,30004002,Cooper Marody,points,rf_qrf_points,0.3.0,empirical_qrf,0.0,0.0,0.0,,4617338506989801847,2026-05-05 04:19:13.491934
2026-05-04,25346,PHI,CAR,30004154,Xavier Bernard,points,rf_qrf_points,0.3.0,empirical_qrf,0.0,0.0,0.0,,4617338506989801847,2026-05-05 04:19:13.491934
2026-05-04,25346,PHI,CAR,30004406,Samuel Ersson,points,rf_qrf_points,0.3.0,empirical_qrf,0.0,0.0,0.0,,4617338506989801847,2026-05-05 04:19:13.491934
2026-05-04,25346,PHI,CAR,30004481,Trevor Zegras,points,rf_qrf_points,0.3.0,empirical_qrf,0.0,0.0,0.0,,4617338506989801847,2026-05-05 04:19:13.491934
2026-05-04,25346,PHI,CAR,30004484,Cam York,points,rf_qrf_points,0.3.0,empirical_qrf,0.0,0.0,0.0,,4617338506989801847,2026-05-05 04:19:13.491934
2026-05-04,25346,PHI,CAR,30004488,Philip Tomasino,points,rf_qrf_points,0.3.0,empirical_qrf,0.0,0.0,0.0,,4617338506989801847,2026-05-05 04:19:13.491934
2026-05-04,25346,PHI,CAR,30004800,Jamie Drysdale,points,rf_qrf_points,0.3.0,empirical_qrf,0.0,0.0,0.0,,4617338506989801847,2026-05-05 04:19:13.491934
2026-05-04,25346,PHI,CAR,30004801,Tyson Foerster,points,rf_qrf_points,0.3.0,empirical_qrf,0.0,0.0,0.0,,4617338506989801847,2026-05-05 04:19:13.491934
2026-05-04,25346,PHI,CAR,30004824,Emil Andrae,points,rf_qrf_points,0.3.0,empirical_qrf,0.0,0.0,0.0,,4617338506989801847,2026-05-05 04:19:13.491934
2026-05-04,25346,PHI,CAR,30004839,Helge Grans,points,rf_qrf_points,0.3.0,empirical_qrf,0.0,0.0,0.0,,4617338506989801847,2026-05-05 04:19:13.491934
2026-05-04,25346,PHI,CAR,30005130,Brett Harrison,points,rf_qrf_points,0.3.0,empirical_qrf,0.0,0.0,0.0,,4617338506989801847,2026-05-05 04:19:13.491934
2026-05-04,25346,PHI,CAR,30005234,Vincent Sevigny,points,rf_qrf_points,0.3.0,empirical_qrf,0.0,0.0,0.0,,4617338506989801847,2026-05-05 04:19:13.491934
2026-05-04,25346,PHI,CAR,30005293,Artem Guryev,points,rf_qrf_points,0.3.0,empirical_qrf,0.0,0.0,0.0,,4617338506989801847,2026-05-05 04:19:13.491934
2026-05-04,25346,PHI,CAR,30005321,Jacob Gaucher,points,rf_qrf_points,0.3.0,empirical_qrf,0.0,0.0,0.0,,4617338506989801847,2026-05-05 04:19:13.491934
2026-05-04,25346,PHI,CAR,30005397,Noah Cates,points,rf_qrf_points,0.3.0,empirical_qrf,0.0,0.0,0.0,,4617338506989801847,2026-05-05 04:19:13.491934
2026-05-04,25346,PHI,CAR,30005401,Aleksei Kolosov,points,rf_qrf_points,0.3.0,empirical_qrf,0.0,0.0,0.0,,4617338506989801847,2026-05-05 04:19:13.491934
2026-05-04,25346,PHI,CAR,30005612,David Jiricek,points,rf_qrf_points,0.3.0,empirical_qrf,0.0,0.0,0.0,,4617338506989801847,2026-05-05 04:19:13.491934
2026-05-04,25346,PHI,CAR,30005756,Tucker Robertson,points,rf_qrf_points,0.3.0,empirical_qrf,0.0,0.0,0.0,,4617338506989801847,2026-05-05 04:19:13.491934
2026-05-04,25346,PHI,CAR,30005798,Jackson Edward,points,rf_qrf_points,0.3.0,empirical_qrf,0.0,0.0,0.0,,4617338506989801847,2026-05-05 04:19:13.491934
2026-05-04,25346,PHI,CAR,30005890,Alex Bump,points,rf_qrf_points,0.3.0,empirical_qrf,0.0,0.0,0.0,,4617338506989801847,2026-05-05 04:19:13.491934
2026-05-04,25346,PHI,CAR,30005892,Hunter McDonald,points,rf_qrf_points,0.3.0,empirical_qrf,0.0,0.0,0.0,,4617338506989801847,2026-05-05 04:19:13.491934
2026-05-04,25346,PHI,CAR,30005958,Nikita Grebenkin,points,rf_qrf_points,0.3.0,empirical_qrf,0.0,0.0,0.0,,4617338506989801847,2026-05-05 04:19:13.491934
2026-05-04,25346,PHI,CAR,30006045,Yaniv Perets,points,rf_qrf_points,0.3.0,empirical_qrf,0.0,0.0,0.0,,4617338506989801847,2026-05-05 04:19:13.491934
2026-05-04,25346,PHI,CAR,30006061,Matvei Michkov,points,rf_qrf_points,0.3.0,empirical_qrf,0.0,0.0,0.0,,4617338506989801847,2026-05-05 04:19:13.491934
2026-05-04,25346,PHI,CAR,30006075,Oliver Bonk,points,rf_qrf_points,0.3.0,empirical_qrf,0.0,0.0,0.0,,4617338506989801847,2026-05-05 04:19:13.491934
2026-05-04,25346,PHI,CAR,30006100,Carson Bjarnason,points,rf_qrf_points,0.3.0,empirical_qrf,0.0,0.0,0.0,,4617338506989801847,2026-05-05 04:19:13.491934
2026-05-04,25346,PHI,CAR,30006135,Denver Barkey,points,rf_qrf_points,0.3.0,empirical_qrf,0.0,0.0,0.0,,4617338506989801847,2026-05-05 04:19:13.491934
2026-05-04,25346,PHI,CAR,30006470,Oscar Eklind,points,rf_qrf_points,0.3.0,empirical_qrf,0.0,0.0,0.0,,4617338506989801847,2026-05-05 04:19:13.491934
2026-05-04,25346,PHI,CAR,30006865,Porter Martone,points,rf_qrf_points,0.3.0,empirical_qrf,0.0,0.0,0.0,,4617338506989801847,2026-05-05 04:19:13.491934
2026-05-04,25346,CAR,PHI,30000271,Shayne Gostisbehere,points,rf_qrf_points,0.3.0,empirical_qrf,0.0,0.0,0.0,,4617338506989801847,2026-05-05 04:19:13.491934
2026-05-04,25346,CAR,PHI,30000358,Jordan Staal,points,rf_qrf_points,0.3.0,empirical_qrf,0.0,0.0,0.0,,4617338506989801847,2026-05-05 04:19:13.491934
2026-05-04,25346,CAR,PHI,30000501,Nicolas Deslauriers,points,rf_qrf_points,0.3.0,empirical_qrf,0.0,0.0,0.0,,4617338506989801847,2026-05-05 04:19:13.491934
2026-05-04,25346,CAR,PHI,30000510,William Carrier,points,rf_qrf_points,0.3.0,empirical_qrf,0.0,0.0,0.0,,4617338506989801847,2026-05-05 04:19:13.491934
2026-05-04,25346,CAR,PHI,30000525,Mike Reilly,points,rf_qrf_points,0.3.0,empirical_qrf,0.0,0.0,0.0,,4617338506989801847,2026-05-05 04:19:13.491934
2026-05-04,25346,CAR,PHI,30000643,Jaccob Slavin,points,rf_qrf_points,0.3.0,empirical_qrf,0.0,0.0,0.0,,4617338506989801847,2026-05-05 04:19:13.491934
2026-05-04,25346,CAR,PHI,30000822,Nikolaj Ehlers,points,rf_qrf_points,0.3.0,empirical_qrf,0.0,0.0,0.0,,4617338506989801847,2026-05-05 04:19:13.491934
2026-05-04,25346,CAR,PHI,30000948,Jordan Martinook,points,rf_qrf_points,0.3.0,empirical_qrf,0.0,0.0,0.0,,4617338506989801847,2026-05-05 04:19:13.491934
2026-05-04,25346,CAR,PHI,30001187,Taylor Hall,points,rf_qrf_points,0.3.0,empirical_qrf,0.0,0.0,0.0,,4617338506989801847,2026-05-05 04:19:13.491934
2026-05-04,25346,CAR,PHI,30001203,Frederik Andersen,points,rf_qrf_points,0.3.0,empirical_qrf,0.0,0.0,0.0,,4617338506989801847,2026-05-05 04:19:13.491934
2026-05-04,25346,CAR,PHI,30002309,Mark Jankowski,points,rf_qrf_points,0.3.0,empirical_qrf,0.0,0.0,0.0,,4617338506989801847,2026-05-05 04:19:13.491934
2026-05-04,25346,CAR,PHI,30002819,Sebastian Aho,points,rf_qrf_points,0.3.0,empirical_qrf,0.0,0.0,0.0,,4617338506989801847,2026-05-05 04:19:13.491934
2026-05-04,25346,CAR,PHI,30002980,Eric Robinson,points,rf_qrf_points,0.3.0,empirical_qrf,0.0,0.0,0.0,,4617338506989801847,2026-05-05 04:19:13.491934
2026-05-04,25346,CAR,PHI,30003180,Givani Smith,points,rf_qrf_points,0.3.0,empirical_qrf,0.0,0.0,0.0,,4617338506989801847,2026-05-05 04:19:13.491934
2026-05-04,25346,CAR,PHI,30003359,Jalen Chatfield,points,rf_qrf_points,0.3.0,empirical_qrf,0.0,0.0,0.0,,4617338506989801847,2026-05-05 04:19:13.491934
2026-05-04,25346,CAR,PHI,30003662,Juuso Valimaki,points,rf_qrf_points,0.3.0,empirical_qrf,0.0,0.0,0.0,,4617338506989801847,2026-05-05 04:19:13.491934
2026-05-04,25346,CAR,PHI,30003786,Sean Walker,points,rf_qrf_points,0.3.0,empirical_qrf,0.0,0.0,0.0,,4617338506989801847,2026-05-05 04:19:13.491934
2026-05-04,25346,CAR,PHI,30004075,Jesperi Kotkaniemi,points,rf_qrf_points,0.3.0,empirical_qrf,0.0,0.0,0.0,,4617338506989801847,2026-05-05 04:19:13.491934
2026-05-04,25346,CAR,PHI,30004076,Andrei Svechnikov,points,rf_qrf_points,0.3.0,empirical_qrf,0.0,0.0,0.0,,4617338506989801847,2026-05-05 04:19:13.491934
2026-05-04,25346,CAR,PHI,30004082,K'Andre Miller,points,rf_qrf_points,0.3.0,empirical_qrf,0.0,0.0,0.0,,4617338506989801847,2026-05-05 04:19:13.491934
2026-05-04,25346,CAR,PHI,30004372,Skyler Brind'amour,points,rf_qrf_points,0.3.0,empirical_qrf,0.0,0.0,0.0,,4617338506989801847,2026-05-05 04:19:13.491934
2026-05-04,25346,CAR,PHI,30004385,Cayden Primeau,points,rf_qrf_points,0.3.0,empirical_qrf,0.0,0.0,0.0,,4617338506989801847,2026-05-05 04:19:13.491934
2026-05-04,25346,CAR,PHI,30004537,Domenick Fensore,points,rf_qrf_points,0.3.0,empirical_qrf,0.0,0.0,0.0,,4617338506989801847,2026-05-05 04:19:13.491934
2026-05-04,25346,CAR,PHI,30004602,Nikita Pavlychev,points,rf_qrf_points,0.3.0,empirical_qrf,0.0,0.0,0.0,,4617338506989801847,2026-05-05 04:19:13.491934
2026-05-04,25346,CAR,PHI,30004806,Seth Jarvis,points,rf_qrf_points,0.3.0,empirical_qrf,0.0,0.0,0.0,,4617338506989801847,2026-05-05 04:19:13.491934
2026-05-04,25346,CAR,PHI,30004865,Alexander Nikishin,points,rf_qrf_points,0.3.0,empirical_qrf,0.0,0.0,0.0,,4617338506989801847,2026-05-05 04:19:13.491934
2026-05-04,25346,CAR,PHI,30004913,Evan Vierling,points,rf_qrf_points,0.3.0,empirical_qrf,0.0,0.0,0.0,,4617338506989801847,2026-05-05 04:19:13.491934
2026-05-04,25346,CAR,PHI,30004924,Josiah Slavin,points,rf_qrf_points,0.3.0,empirical_qrf,0.0,0.0,0.0,,4617338506989801847,2026-05-05 04:19:13.491934
2026-05-04,25346,CAR,PHI,30004953,Pyotr Kochetkov,points,rf_qrf_points,0.3.0,empirical_qrf,0.0,0.0,0.0,,4617338506989801847,2026-05-05 04:19:13.491934
2026-05-04,25346,CAR,PHI,30005026,Aleksi Heimosalmi,points,rf_qrf_points,0.3.0,empirical_qrf,0.0,0.0,0.0,,4617338506989801847,2026-05-05 04:19:13.491934
2026-05-04,25346,CAR,PHI,30005034,Logan Stankoven,points,rf_qrf_points,0.3.0,empirical_qrf,0.0,0.0,0.0,,4617338506989801847,2026-05-05 04:19:13.491934
2026-05-04,25346,CAR,PHI,30005153,Bryce Montgomery,points,rf_qrf_points,0.3.0,empirical_qrf,0.0,0.0,0.0,,4617338506989801847,2026-05-05 04:19:13.491934
2026-05-04,25346,CAR,PHI,30005155,Justin Robidas,points,rf_qrf_points,0.3.0,empirical_qrf,0.0,0.0,0.0,,4617338506989801847,2026-05-05 04:19:13.491934
2026-05-04,25346,CAR,PHI,30005156,Ronan Seeley,points,rf_qrf_points,0.3.0,empirical_qrf,0.0,0.0,0.0,,4617338506989801847,2026-05-05 04:19:13.491934
2026-05-04,25346,CAR,PHI,30005405,Jackson Blake,points,rf_qrf_points,0.3.0,empirical_qrf,0.0,0.0,0.0,,4617338506989801847,2026-05-05 04:19:13.491934
2026-05-04,25346,CAR,PHI,30005573,Brandon Bussi,points,rf_qrf_points,0.3.0,empirical_qrf,0.0,0.0,0.0,,4617338506989801847,2026-05-05 04:19:13.491934
2026-05-04,25346,CAR,PHI,30005685,Viktor Neuchev,points,rf_qrf_points,0.3.0,empirical_qrf,0.0,0.0,0.0,,4617338506989801847,2026-05-05 04:19:13.491934
2026-05-04,25346,CAR,PHI,30006098,Felix Unger Sorum,points,rf_qrf_points,0.3.0,empirical_qrf,0.0,0.0,0.0,,4617338506989801847,2026-05-05 04:19:13.491934
2026-05-04,25347,ANA,VEG,30000269,Radko Gudas,points,rf_qrf_points,0.3.0,empirical_qrf,0.0,0.0,0.0,,4617338506989801847,2026-05-05 04:19:13.491934
2026-05-04,25347,ANA,VEG,30000320,Chris Kreider,points,rf_qrf_points,0.3.0,empirical_qrf,0.0,0.0,0.0,,4617338506989801847,2026-05-05 04:19:13.491934
2026-05-04,25347,ANA,VEG,30000509,Justin Bailey,points,rf_qrf_points,0.3.0,empirical_qrf,0.0,0.0,0.0,,4617338506989801847,2026-05-05 04:19:13.491934
2026-05-04,25347,ANA,VEG,30000515,Mikael Granlund,points,rf_qrf_points,0.3.0,empirical_qrf,0.0,0.0,0.0,,4617338506989801847,2026-05-05 04:19:13.491934
2026-05-04,25347,ANA,VEG,30000587,John Carlson,points,rf_qrf_points,0.3.0,empirical_qrf,0.0,0.0,0.0,,4617338506989801847,2026-05-05 04:19:13.491934
2026-05-04,25347,ANA,VEG,30000609,Frank Vatrano,points,rf_qrf_points,0.3.0,empirical_qrf,0.0,0.0,0.0,,4617338506989801847,2026-05-05 04:19:13.491934
2026-05-04,25347,ANA,VEG,30000739,Alex Killorn,points,rf_qrf_points,0.3.0,empirical_qrf,0.0,0.0,0.0,,4617338506989801847,2026-05-05 04:19:13.491934
2026-05-04,25347,ANA,VEG,30000834,Jacob Trouba,points,rf_qrf_points,0.3.0,empirical_qrf,0.0,0.0,0.0,,4617338506989801847,2026-05-05 04:19:13.491934
2026-05-04,25347,ANA,VEG,30000998,Ross Johnston,points,rf_qrf_points,0.3.0,empirical_qrf,0.0,0.0,0.0,,4617338506989801847,2026-05-05 04:19:13.491934
2026-05-04,25347,ANA,VEG,30001009,Petr Mrazek,points,rf_qrf_points,0.3.0,empirical_qrf,0.0,0.0,0.0,,4617338506989801847,2026-05-05 04:19:13.491934
2026-05-04,25347,ANA,VEG,30002528,Tyrell Goulbourne,points,rf_qrf_points,0.3.0,empirical_qrf,0.0,0.0,0.0,,4617338506989801847,2026-05-05 04:19:13.491934
2026-05-04,25347,ANA,VEG,30002760,Ville Husso,points,rf_qrf_points,0.3.0,empirical_qrf,0.0,0.0,0.0,,4617338506989801847,2026-05-05 04:19:13.491934
2026-05-04,25347,ANA,VEG,30002773,Jansen Harkins,points,rf_qrf_points,0.3.0,empirical_qrf,0.0,0.0,0.0,,4617338506989801847,2026-05-05 04:19:13.491934
2026-05-04,25347,ANA,VEG,30002864,Nikolas Brouillard,points,rf_qrf_points,0.3.0,empirical_qrf,0.0,0.0,0.0,,4617338506989801847,2026-05-05 04:19:13.491934
2026-05-04,25347,ANA,VEG,30003197,Carsen Twarynski,points,rf_qrf_points,0.3.0,empirical_qrf,0.0,0.0,0.0,,4617338506989801847,2026-05-05 04:19:13.491934
2026-05-04,25347,ANA,VEG,30003401,Jeffrey Viel,points,rf_qrf_points,0.3.0,empirical_qrf,0.0,0.0,0.0,,4617338506989801847,2026-05-05 04:19:13.491934
2026-05-04,25347,ANA,VEG,30003475,Matthew Phillips,points,rf_qrf_points,0.3.0,empirical_qrf,0.0,0.0,0.0,,4617338506989801847,2026-05-05 04:19:13.491934
2026-05-04,25347,ANA,VEG,30003650,Ryan Poehling,points,rf_qrf_points,0.3.0,empirical_qrf,0.0,0.0,0.0,,4617338506989801847,2026-05-05 04:19:13.491934
2026-05-04,25347,ANA,VEG,30003747,Troy Terry,points,rf_qrf_points,0.3.0,empirical_qrf,0.0,0.0,0.0,,4617338506989801847,2026-05-05 04:19:13.491934
2026-05-04,25347,ANA,VEG,30003948,David Cotton,points,rf_qrf_points,0.3.0,empirical_qrf,0.0,0.0,0.0,,4617338506989801847,2026-05-05 04:19:13.491934
2026-05-04,25347,ANA,VEG,30004160,Lukas Dostal,points,rf_qrf_points,0.3.0,empirical_qrf,0.0,0.0,0.0,,4617338506989801847,2026-05-05 04:19:13.491934
2026-05-04,25347,ANA,VEG,30004512,Drew Helleson,points,rf_qrf_points,0.3.0,empirical_qrf,0.0,0.0,0.0,,4617338506989801847,2026-05-05 04:19:13.491934
2026-05-04,25347,ANA,VEG,30004526,Jackson LaCombe,points,rf_qrf_points,0.3.0,empirical_qrf,0.0,0.0,0.0,,4617338506989801847,2026-05-05 04:19:13.491934
2026-05-04,25347,ANA,VEG,30004550,Judd Caulfield,points,rf_qrf_points,0.3.0,empirical_qrf,0.0,0.0,0.0,,4617338506989801847,2026-05-05 04:19:13.491934
2026-05-04,25347,ANA,VEG,30004828,Calle Clang,points,rf_qrf_points,0.3.0,empirical_qrf,0.0,0.0,0.0,,4617338506989801847,2026-05-05 04:19:13.491934
2026-05-04,25347,ANA,VEG,30004829,Sam Colangelo,points,rf_qrf_points,0.3.0,empirical_qrf,0.0,0.0,0.0,,4617338506989801847,2026-05-05 04:19:13.491934
2026-05-04,25347,ANA,VEG,30004861,Ian Moore,points,rf_qrf_points,0.3.0,empirical_qrf,0.0,0.0,0.0,,4617338506989801847,2026-05-05 04:19:13.491934
2026-05-04,25347,ANA,VEG,30004997,Mason McTavish,points,rf_qrf_points,0.3.0,empirical_qrf,0.0,0.0,0.0,,4617338506989801847,2026-05-05 04:19:13.491934
2026-05-04,25347,ANA,VEG,30005018,Olen Zellweger,points,rf_qrf_points,0.3.0,empirical_qrf,0.0,0.0,0.0,,4617338506989801847,2026-05-05 04:19:13.491934
2026-05-04,25347,ANA,VEG,30005051,Sasha Pastujov,points,rf_qrf_points,0.3.0,empirical_qrf,0.0,0.0,0.0,,4617338506989801847,2026-05-05 04:19:13.491934
2026-05-04,25347,ANA,VEG,30005095,Davis Codd,points,rf_qrf_points,0.3.0,empirical_qrf,0.0,0.0,0.0,,4617338506989801847,2026-05-05 04:19:13.491934
2026-05-04,25347,ANA,VEG,30005275,Tyson Hinds,points,rf_qrf_points,0.3.0,empirical_qrf,0.0,0.0,0.0,,4617338506989801847,2026-05-05 04:19:13.491934
2026-05-04,25347,ANA,VEG,30005285,Jeremie Biakabutuka,points,rf_qrf_points,0.3.0,empirical_qrf,0.0,0.0,0.0,,4617338506989801847,2026-05-05 04:19:13.491934
2026-05-04,25347,ANA,VEG,30005615,Pavel Mintyukov,points,rf_qrf_points,0.3.0,empirical_qrf,0.0,0.0,0.0,,4617338506989801847,2026-05-05 04:19:13.491934
2026-05-04,25347,ANA,VEG,30005620,Cutter Gauthier,points,rf_qrf_points,0.3.0,empirical_qrf,0.0,0.0,0.0,,4617338506989801847,2026-05-05 04:19:13.491934
2026-05-04,25347,ANA,VEG,30005643,Nathan Gaucher,points,rf_qrf_points,0.3.0,empirical_qrf,0.0,0.0,0.0,,4617338506989801847,2026-05-05 04:19:13.491934
2026-05-04,25347,ANA,VEG,30005677,Noah Warren,points,rf_qrf_points,0.3.0,empirical_qrf,0.0,0.0,0.0,,4617338506989801847,2026-05-05 04:19:13.491934
2026-05-04,25347,ANA,VEG,30005678,Tristan Luneau,points,rf_qrf_points,0.3.0,empirical_qrf,0.0,0.0,0.0,,4617338506989801847,2026-05-05 04:19:13.491934
2026-05-04,25347,ANA,VEG,30005940,Vyacheslav Buteyets,points,rf_qrf_points,0.3.0,empirical_qrf,0.0,0.0,0.0,,4617338506989801847,2026-05-05 04:19:13.491934
2026-05-04,25347,ANA,VEG,30005945,Tomas Suchanek,points,rf_qrf_points,0.3.0,empirical_qrf,0.0,0.0,0.0,,4617338506989801847,2026-05-05 04:19:13.491934
2026-05-04,25347,ANA,VEG,30006016,Jaxsen Wiebe,points,rf_qrf_points,0.3.0,empirical_qrf,0.0,0.0,0.0,,4617338506989801847,2026-05-05 04:19:13.491934
2026-05-04,25347,ANA,VEG,30006017,Nikita Nesterenko,points,rf_qrf_points,0.3.0,empirical_qrf,0.0,0.0,0.0,,4617338506989801847,2026-05-05 04:19:13.491934
2026-05-04,25347,ANA,VEG,30006069,Leo Carlsson,points,rf_qrf_points,0.3.0,empirical_qrf,0.0,0.0,0.0,,4617338506989801847,2026-05-05 04:19:13.491934
2026-05-04,25347,ANA,VEG,30006116,Damian Clara,points,rf_qrf_points,0.3.0,empirical_qrf,0.0,0.0,0.0,,4617338506989801847,2026-05-05 04:19:13.491934
2026-05-04,25347,ANA,VEG,30006117,Nico Myatovic,points,rf_qrf_points,0.3.0,empirical_qrf,0.0,0.0,0.0,,4617338506989801847,2026-05-05 04:19:13.491934
2026-05-04,25347,ANA,VEG,30006129,Coulson Pitre,points,rf_qrf_points,0.3.0,empirical_qrf,0.0,0.0,0.0,,4617338506989801847,2026-05-05 04:19:13.491934
2026-05-04,25347,ANA,VEG,30006161,Yegor Sidorov,points,rf_qrf_points,0.3.0,empirical_qrf,0.0,0.0,0.0,,4617338506989801847,2026-05-05 04:19:13.491934
2026-05-04,25347,ANA,VEG,30006162,Konnor Smith,points,rf_qrf_points,0.3.0,empirical_qrf,0.0,0.0,0.0,,4617338506989801847,2026-05-05 04:19:13.491934
2026-05-04,25347,ANA,VEG,30006310,Roman Kinal,points,rf_qrf_points,0.3.0,empirical_qrf,0.0,0.0,0.0,,4617338506989801847,2026-05-05 04:19:13.491934
2026-05-04,25347,ANA,VEG,30006353,Easton Armstrong,points,rf_qrf_points,0.3.0,empirical_qrf,0.0,0.0,0.0,,4617338506989801847,2026-05-05 04:19:13.491934
2026-05-04,25347,ANA,VEG,30006483,Beckett Sennecke,points,rf_qrf_points,0.3.0,empirical_qrf,0.0,0.0,0.0,,4617338506989801847,2026-05-05 04:19:13.491934
2026-05-04,25347,ANA,VEG,30006513,Stian Solberg,points,rf_qrf_points,0.3.0,empirical_qrf,0.0,0.0,0.0,,4617338506989801847,2026-05-05 04:19:13.491934
2026-05-04,25347,ANA,VEG,30006849,Tim Washe,points,rf_qrf_points,0.3.0,empirical_qrf,0.0,0.0,0.0,,4617338506989801847,2026-05-05 04:19:13.491934
2026-05-04,25347,VEG,ANA,30000080,Reilly Smith,points,rf_qrf_points,0.3.0,empirical_qrf,0.0,0.0,0.0,,4617338506989801847,2026-05-05 04:19:13.491934
2026-05-04,25347,VEG,ANA,30000132,Tomas Hertl,points,rf_qrf_points,0.3.0,empirical_qrf,0.0,0.0,0.0,,4617338506989801847,2026-05-05 04:19:13.491934
2026-05-04,25347,VEG,ANA,30000152,Brayden McNabb,points,rf_qrf_points,0.3.0,empirical_qrf,0.0,0.0,0.0,,4617338506989801847,2026-05-05 04:19:13.491934
2026-05-04,25347,VEG,ANA,30000189,Colton Sissons,points,rf_qrf_points,0.3.0,empirical_qrf,0.0,0.0,0.0,,4617338506989801847,2026-05-05 04:19:13.491934
2026-05-04,25347,VEG,ANA,30000422,William Karlsson,points,rf_qrf_points,0.3.0,empirical_qrf,0.0,0.0,0.0,,4617338506989801847,2026-05-05 04:19:13.491934
2026-05-04,25347,VEG,ANA,30000496,Jack Eichel,points,rf_qrf_points,0.3.0,empirical_qrf,0.0,0.0,0.0,,4617338506989801847,2026-05-05 04:19:13.491934
2026-05-04,25347,VEG,ANA,30000633,Noah Hanifin,points,rf_qrf_points,0.3.0,empirical_qrf,0.0,0.0,0.0,,4617338506989801847,2026-05-05 04:19:13.491934
2026-05-04,25347,VEG,ANA,30000694,Keegan Kolesar,points,rf_qrf_points,0.3.0,empirical_qrf,0.0,0.0,0.0,,4617338506989801847,2026-05-05 04:19:13.491934
2026-05-04,25347,VEG,ANA,30000784,Ivan Barbashev,points,rf_qrf_points,0.3.0,empirical_qrf,0.0,0.0,0.0,,4617338506989801847,2026-05-05 04:19:13.491934
2026-05-04,25347,VEG,ANA,30000793,Alex Pietrangelo,points,rf_qrf_points,0.3.0,empirical_qrf,0.0,0.0,0.0,,4617338506989801847,2026-05-05 04:19:13.491934
2026-05-04,25347,VEG,ANA,30000881,Jaycob Megna,points,rf_qrf_points,0.3.0,empirical_qrf,0.0,0.0,0.0,,4617338506989801847,2026-05-05 04:19:13.491934
2026-05-04,25347,VEG,ANA,30000890,Shea Theodore,points,rf_qrf_points,0.3.0,empirical_qrf,0.0,0.0,0.0,,4617338506989801847,2026-05-05 04:19:13.491934
2026-05-04,25347,VEG,ANA,30000927,Ben Hutton,points,rf_qrf_points,0.3.0,empirical_qrf,0.0,0.0,0.0,,4617338506989801847,2026-05-05 04:19:13.491934
2026-05-04,25347,VEG,ANA,30001133,Rasmus Andersson,points,rf_qrf_points,0.3.0,empirical_qrf,0.0,0.0,0.0,,4617338506989801847,2026-05-05 04:19:13.491934
2026-05-04,25347,VEG,ANA,30001229,Brandon Saad,points,rf_qrf_points,0.3.0,empirical_qrf,0.0,0.0,0.0,,4617338506989801847,2026-05-05 04:19:13.491934
2026-05-04,25347,VEG,ANA,30001246,Mark Stone,points,rf_qrf_points,0.3.0,empirical_qrf,0.0,0.0,0.0,,4617338506989801847,2026-05-05 04:19:13.491934
2026-05-04,25347,VEG,ANA,30002608,Brandon Hickey,points,rf_qrf_points,0.3.0,empirical_qrf,0.0,0.0,0.0,,4617338506989801847,2026-05-05 04:19:13.491934
2026-05-04,25347,VEG,ANA,30002695,Nic Dowd,points,rf_qrf_points,0.3.0,empirical_qrf,0.0,0.0,0.0,,4617338506989801847,2026-05-05 04:19:13.491934
2026-05-04,25347,VEG,ANA,30002783,Adin Hill,points,rf_qrf_points,0.3.0,empirical_qrf,0.0,0.0,0.0,,4617338506989801847,2026-05-05 04:19:13.491934
2026-05-04,25347,VEG,ANA,30002827,Jeremy Lauzon,points,rf_qrf_points,0.3.0,empirical_qrf,0.0,0.0,0.0,,4617338506989801847,2026-05-05 04:19:13.491934
2026-05-04,25347,VEG,ANA,30003153,Brett Howden,points,rf_qrf_points,0.3.0,empirical_qrf,0.0,0.0,0.0,,4617338506989801847,2026-05-05 04:19:13.491934
2026-05-04,25347,VEG,ANA,30003155,Lucas Johansen,points,rf_qrf_points,0.3.0,empirical_qrf,0.0,0.0,0.0,,4617338506989801847,2026-05-05 04:19:13.491934
2026-05-04,25347,VEG,ANA,30003166,Carter Hart,points,rf_qrf_points,0.3.0,empirical_qrf,0.0,0.0,0.0,,4617338506989801847,2026-05-05 04:19:13.491934
2026-05-04,25347,VEG,ANA,30003342,Mitchell Marner,points,rf_qrf_points,0.3.0,empirical_qrf,0.0,0.0,0.0,,4617338506989801847,2026-05-05 04:19:13.491934
2026-05-04,25347,VEG,ANA,30003396,Dylan Coghlan,points,rf_qrf_points,0.3.0,empirical_qrf,0.0,0.0,0.0,,4617338506989801847,2026-05-05 04:19:13.491934
2026-05-04,25347,VEG,ANA,30003701,Jonas Rondbjerg,points,rf_qrf_points,0.3.0,empirical_qrf,0.0,0.0,0.0,,4617338506989801847,2026-05-05 04:19:13.491934
2026-05-04,25347,VEG,ANA,30003924,Jeremy Davies,points,rf_qrf_points,0.3.0,empirical_qrf,0.0,0.0,0.0,,4617338506989801847,2026-05-05 04:19:13.491934
2026-05-04,25347,VEG,ANA,30003961,Tanner Laczynski,points,rf_qrf_points,0.3.0,empirical_qrf,0.0,0.0,0.0,,4617338506989801847,2026-05-05 04:19:13.491934
2026-05-04,25347,VEG,ANA,30004243,Mitchell McLain,points,rf_qrf_points,0.3.0,empirical_qrf,0.0,0.0,0.0,,4617338506989801847,2026-05-05 04:19:13.491934
2026-05-04,25347,VEG,ANA,30004341,Akira Schmid,points,rf_qrf_points,0.3.0,empirical_qrf,0.0,0.0,0.0,,4617338506989801847,2026-05-05 04:19:13.491934
2026-05-04,25347,VEG,ANA,30004503,Raphael Lavoie,points,rf_qrf_points,0.3.0,empirical_qrf,0.0,0.0,0.0,,4617338506989801847,2026-05-05 04:19:13.491934
2026-05-04,25347,VEG,ANA,30004510,Kaedan Korczak,points,rf_qrf_points,0.3.0,empirical_qrf,0.0,0.0,0.0,,4617338506989801847,2026-05-05 04:19:13.491934
2026-05-04,25347,VEG,ANA,30004532,Pavel Dorofeyev,points,rf_qrf_points,0.3.0,empirical_qrf,0.0,0.0,0.0,,4617338506989801847,2026-05-05 04:19:13.491934
2026-05-04,25347,VEG,ANA,30004748,Cole Smith,points,rf_qrf_points,0.3.0,empirical_qrf,0.0,0.0,0.0,,4617338506989801847,2026-05-05 04:19:13.491934
2026-05-04,25347,VEG,ANA,30004805,Alexander Holtz,points,rf_qrf_points,0.3.0,empirical_qrf,0.0,0.0,0.0,,4617338506989801847,2026-05-05 04:19:13.491934
2026-05-04,25347,VEG,ANA,30004831,Lukas Cormier,points,rf_qrf_points,0.3.0,empirical_qrf,0.0,0.0,0.0,,4617338506989801847,2026-05-05 04:19:13.491934
2026-05-04,25347,VEG,ANA,30005106,Jakub Brabenec,points,rf_qrf_points,0.3.0,empirical_qrf,0.0,0.0,0.0,,4617338506989801847,2026-05-05 04:19:13.491934
2026-05-04,25347,VEG,ANA,30005109,Jakub Demek,points,rf_qrf_points,0.3.0,empirical_qrf,0.0,0.0,0.0,,4617338506989801847,2026-05-05 04:19:13.491934
2026-05-04,25347,VEG,ANA,30005162,Riley McKay,points,rf_qrf_points,0.3.0,empirical_qrf,0.0,0.0,0.0,,4617338506989801847,2026-05-05 04:19:13.491934
2026-05-04,25347,VEG,ANA,30005320,Carl Lindbom,points,rf_qrf_points,0.3.0,empirical_qrf,0.0,0.0,0.0,,4617338506989801847,2026-05-05 04:19:13.491934
2026-05-04,25347,VEG,ANA,30005406,Kevin Wall,points,rf_qrf_points,0.3.0,empirical_qrf,0.0,0.0,0.0,,4617338506989801847,2026-05-05 04:19:13.491934
2026-05-04,25347,VEG,ANA,30005679,Matyas Sapovaliv,points,rf_qrf_points,0.3.0,empirical_qrf,0.0,0.0,0.0,,4617338506989801847,2026-05-05 04:19:13.491934
2026-05-04,25347,VEG,ANA,30005795,Ben Hemmerling,points,rf_qrf_points,0.3.0,empirical_qrf,0.0,0.0,0.0,,4617338506989801847,2026-05-05 04:19:13.491934
2026-05-04,25347,VEG,ANA,30005809,Joe Fleming,points,rf_qrf_points,0.3.0,empirical_qrf,0.0,0.0,0.0,,4617338506989801847,2026-05-05 04:19:13.491934
2026-05-04,25347,VEG,ANA,30005815,Jordan Papirny,points,rf_qrf_points,0.3.0,empirical_qrf,0.0,0.0,0.0,,4617338506989801847,2026-05-05 04:19:13.491934
2026-05-04,25347,VEG,ANA,30005841,Samuel Mayer,points,rf_qrf_points,0.3.0,empirical_qrf,0.0,0.0,0.0,,4617338506989801847,2026-05-05 04:19:13.491934
2026-05-04,25347,VEG,ANA,30006216,Carter Sotheran,points,rf_qrf_points,0.3.0,empirical_qrf,0.0,0.0,0.0,,4617338506989801847,2026-05-05 04:19:13.491934
2026-05-04,25347,VEG,ANA,30006232,Tuomas Uronen,points,rf_qrf_points,0.3.0,empirical_qrf,0.0,0.0,0.0,,4617338506989801847,2026-05-05 04:19:13.491934
2026-05-04,25347,VEG,ANA,30006391,Mazden Leslie,points,rf_qrf_points,0.3.0,empirical_qrf,0.0,0.0,0.0,,4617338506989801847,2026-05-05 04:19:13.491934
2026-05-04,25346,PHI,CAR,30000050,Sean Couturier,goals,rf_qrf_goals,0.3.0,empirical_qrf,0.0,0.0,0.0,,4617338506989801847,2026-05-05 04:19:14.327821
2026-05-04,25346,PHI,CAR,30000234,Garrett Wilson,goals,rf_qrf_goals,0.3.0,empirical_qrf,0.0,0.0,0.0,,4617338506989801847,2026-05-05 04:19:14.327821
2026-05-04,25346,PHI,CAR,30000349,Travis Konecny,goals,rf_qrf_goals,0.3.0,empirical_qrf,0.0,0.0,0.0,,4617338506989801847,2026-05-05 04:19:14.327821
2026-05-04,25346,PHI,CAR,30000624,Travis Sanheim,goals,rf_qrf_goals,0.3.0,empirical_qrf,0.0,0.0,0.0,,4617338506989801847,2026-05-05 04:19:14.327821
2026-05-04,25346,PHI,CAR,30000844,Luke Glendening,goals,rf_qrf_goals,0.3.0,empirical_qrf,0.0,0.0,0.0,,4617338506989801847,2026-05-05 04:19:14.327821
2026-05-04,25346,PHI,CAR,30000942,Christian Dvorak,goals,rf_qrf_goals,0.3.0,empirical_qrf,0.0,0.0,0.0,,4617338506989801847,2026-05-05 04:19:14.327821
2026-05-04,25346,PHI,CAR,30001201,Garnet Hathaway,goals,rf_qrf_goals,0.3.0,empirical_qrf,0.0,0.0,0.0,,4617338506989801847,2026-05-05 04:19:14.327821
2026-05-04,25346,PHI,CAR,30001294,Rasmus Ristolainen,goals,rf_qrf_goals,0.3.0,empirical_qrf,0.0,0.0,0.0,,4617338506989801847,2026-05-05 04:19:14.327821
2026-05-04,25346,PHI,CAR,30001312,Noah Juulsen,goals,rf_qrf_goals,0.3.0,empirical_qrf,0.0,0.0,0.0,,4617338506989801847,2026-05-05 04:19:14.327821
2026-05-04,25346,PHI,CAR,30002786,Dan Vladar,goals,rf_qrf_goals,0.3.0,empirical_qrf,0.0,0.0,0.0,,4617338506989801847,2026-05-05 04:19:14.327821
2026-05-04,25346,PHI,CAR,30002979,Anthony Richard,goals,rf_qrf_goals,0.3.0,empirical_qrf,0.0,0.0,0.0,,4617338506989801847,2026-05-05 04:19:14.327821
2026-05-04,25346,PHI,CAR,30003016,Nick Seeler,goals,rf_qrf_goals,0.3.0,empirical_qrf,0.0,0.0,0.0,,4617338506989801847,2026-05-05 04:19:14.327821
2026-05-04,25346,PHI,CAR,30003167,Boris Katchouk,goals,rf_qrf_goals,0.3.0,empirical_qrf,0.0,0.0,0.0,,4617338506989801847,2026-05-05 04:19:14.327821
2026-05-04,25346,PHI,CAR,30003171,Carl Grundstrom,goals,rf_qrf_goals,0.3.0,empirical_qrf,0.0,0.0,0.0,,4617338506989801847,2026-05-05 04:19:14.327821
2026-05-04,25346,PHI,CAR,30003283,Lane Pederson,goals,rf_qrf_goals,0.3.0,empirical_qrf,0.0,0.0,0.0,,4617338506989801847,2026-05-05 04:19:14.327821
2026-05-04,25346,PHI,CAR,30003500,Rodrigo Abols,goals,rf_qrf_goals,0.3.0,empirical_qrf,0.0,0.0,0.0,,4617338506989801847,2026-05-05 04:19:14.327821
2026-05-04,25346,PHI,CAR,30003653,Owen Tippett,goals,rf_qrf_goals,0.3.0,empirical_qrf,0.0,0.0,0.0,,4617338506989801847,2026-05-05 04:19:14.327821
2026-05-04,25346,PHI,CAR,30003733,Keith Petruzzelli,goals,rf_qrf_goals,0.3.0,empirical_qrf,0.0,0.0,0.0,,4617338506989801847,2026-05-05 04:19:14.327821
2026-05-04,25346,PHI,CAR,30004002,Cooper Marody,goals,rf_qrf_goals,0.3.0,empirical_qrf,0.0,0.0,0.0,,4617338506989801847,2026-05-05 04:19:14.327821
2026-05-04,25346,PHI,CAR,30004154,Xavier Bernard,goals,rf_qrf_goals,0.3.0,empirical_qrf,0.0,0.0,0.0,,4617338506989801847,2026-05-05 04:19:14.327821
2026-05-04,25346,PHI,CAR,30004406,Samuel Ersson,goals,rf_qrf_goals,0.3.0,empirical_qrf,0.0,0.0,0.0,,4617338506989801847,2026-05-05 04:19:14.327821
2026-05-04,25346,PHI,CAR,30004481,Trevor Zegras,goals,rf_qrf_goals,0.3.0,empirical_qrf,0.0,0.0,0.0,,4617338506989801847,2026-05-05 04:19:14.327821
2026-05-04,25346,PHI,CAR,30004484,Cam York,goals,rf_qrf_goals,0.3.0,empirical_qrf,0.0,0.0,0.0,,4617338506989801847,2026-05-05 04:19:14.327821
2026-05-04,25346,PHI,CAR,30004488,Philip Tomasino,goals,rf_qrf_goals,0.3.0,empirical_qrf,0.0,0.0,0.0,,4617338506989801847,2026-05-05 04:19:14.327821
2026-05-04,25346,PHI,CAR,30004800,Jamie Drysdale,goals,rf_qrf_goals,0.3.0,empirical_qrf,0.0,0.0,0.0,,4617338506989801847,2026-05-05 04:19:14.327821
2026-05-04,25346,PHI,CAR,30004801,Tyson Foerster,goals,rf_qrf_goals,0.3.0,empirical_qrf,0.0,0.0,0.0,,4617338506989801847,2026-05-05 04:19:14.327821
2026-05-04,25346,PHI,CAR,30004824,Emil Andrae,goals,rf_qrf_goals,0.3.0,empirical_qrf,0.0,0.0,0.0,,4617338506989801847,2026-05-05 04:19:14.327821
2026-05-04,25346,PHI,CAR,30004839,Helge Grans,goals,rf_qrf_goals,0.3.0,empirical_qrf,0.0,0.0,0.0,,4617338506989801847,2026-05-05 04:19:14.327821
2026-05-04,25346,PHI,CAR,30005130,Brett Harrison,goals,rf_qrf_goals,0.3.0,empirical_qrf,0.0,0.0,0.0,,4617338506989801847,2026-05-05 04:19:14.327821
2026-05-04,25346,PHI,CAR,30005234,Vincent Sevigny,goals,rf_qrf_goals,0.3.0,empirical_qrf,0.0,0.0,0.0,,4617338506989801847,2026-05-05 04:19:14.327821
2026-05-04,25346,PHI,CAR,30005293,Artem Guryev,goals,rf_qrf_goals,0.3.0,empirical_qrf,0.0,0.0,0.0,,4617338506989801847,2026-05-05 04:19:14.327821
2026-05-04,25346,PHI,CAR,30005321,Jacob Gaucher,goals,rf_qrf_goals,0.3.0,empirical_qrf,0.0,0.0,0.0,,4617338506989801847,2026-05-05 04:19:14.327821
2026-05-04,25346,PHI,CAR,30005397,Noah Cates,goals,rf_qrf_goals,0.3.0,empirical_qrf,0.0,0.0,0.0,,4617338506989801847,2026-05-05 04:19:14.327821
2026-05-04,25346,PHI,CAR,30005401,Aleksei Kolosov,goals,rf_qrf_goals,0.3.0,empirical_qrf,0.0,0.0,0.0,,4617338506989801847,2026-05-05 04:19:14.327821
2026-05-04,25346,PHI,CAR,30005612,David Jiricek,goals,rf_qrf_goals,0.3.0,empirical_qrf,0.0,0.0,0.0,,4617338506989801847,2026-05-05 04:19:14.327821
2026-05-04,25346,PHI,CAR,30005756,Tucker Robertson,goals,rf_qrf_goals,0.3.0,empirical_qrf,0.0,0.0,0.0,,4617338506989801847,2026-05-05 04:19:14.327821
2026-05-04,25346,PHI,CAR,30005798,Jackson Edward,goals,rf_qrf_goals,0.3.0,empirical_qrf,0.0,0.0,0.0,,4617338506989801847,2026-05-05 04:19:14.327821
2026-05-04,25346,PHI,CAR,30005890,Alex Bump,goals,rf_qrf_goals,0.3.0,empirical_qrf,0.0,0.0,0.0,,4617338506989801847,2026-05-05 04:19:14.327821
2026-05-04,25346,PHI,CAR,30005892,Hunter McDonald,goals,rf_qrf_goals,0.3.0,empirical_qrf,0.0,0.0,0.0,,4617338506989801847,2026-05-05 04:19:14.327821
2026-05-04,25346,PHI,CAR,30005958,Nikita Grebenkin,goals,rf_qrf_goals,0.3.0,empirical_qrf,0.0,0.0,0.0,,4617338506989801847,2026-05-05 04:19:14.327821
2026-05-04,25346,PHI,CAR,30006045,Yaniv Perets,goals,rf_qrf_goals,0.3.0,empirical_qrf,0.0,0.0,0.0,,4617338506989801847,2026-05-05 04:19:14.327821
2026-05-04,25346,PHI,CAR,30006061,Matvei Michkov,goals,rf_qrf_goals,0.3.0,empirical_qrf,0.0,0.0,0.0,,4617338506989801847,2026-05-05 04:19:14.327821
2026-05-04,25346,PHI,CAR,30006075,Oliver Bonk,goals,rf_qrf_goals,0.3.0,empirical_qrf,0.0,0.0,0.0,,4617338506989801847,2026-05-05 04:19:14.327821
2026-05-04,25346,PHI,CAR,30006100,Carson Bjarnason,goals,rf_qrf_goals,0.3.0,empirical_qrf,0.0,0.0,0.0,,4617338506989801847,2026-05-05 04:19:14.327821
2026-05-04,25346,PHI,CAR,30006135,Denver Barkey,goals,rf_qrf_goals,0.3.0,empirical_qrf,0.0,0.0,0.0,,4617338506989801847,2026-05-05 04:19:14.327821
2026-05-04,25346,PHI,CAR,30006470,Oscar Eklind,goals,rf_qrf_goals,0.3.0,empirical_qrf,0.0,0.0,0.0,,4617338506989801847,2026-05-05 04:19:14.327821
2026-05-04,25346,PHI,CAR,30006865,Porter Martone,goals,rf_qrf_goals,0.3.0,empirical_qrf,0.0,0.0,0.0,,4617338506989801847,2026-05-05 04:19:14.327821
2026-05-04,25346,CAR,PHI,30000271,Shayne Gostisbehere,goals,rf_qrf_goals,0.3.0,empirical_qrf,0.0,0.0,0.0,,4617338506989801847,2026-05-05 04:19:14.327821
2026-05-04,25346,CAR,PHI,30000358,Jordan Staal,goals,rf_qrf_goals,0.3.0,empirical_qrf,0.0,0.0,0.0,,4617338506989801847,2026-05-05 04:19:14.327821
2026-05-04,25346,CAR,PHI,30000501,Nicolas Deslauriers,goals,rf_qrf_goals,0.3.0,empirical_qrf,0.0,0.0,0.0,,4617338506989801847,2026-05-05 04:19:14.327821
2026-05-04,25346,CAR,PHI,30000510,William Carrier,goals,rf_qrf_goals,0.3.0,empirical_qrf,0.0,0.0,0.0,,4617338506989801847,2026-05-05 04:19:14.327821
2026-05-04,25346,CAR,PHI,30000525,Mike Reilly,goals,rf_qrf_goals,0.3.0,empirical_qrf,0.0,0.0,0.0,,4617338506989801847,2026-05-05 04:19:14.327821
2026-05-04,25346,CAR,PHI,30000643,Jaccob Slavin,goals,rf_qrf_goals,0.3.0,empirical_qrf,0.0,0.0,0.0,,4617338506989801847,2026-05-05 04:19:14.327821
2026-05-04,25346,CAR,PHI,30000822,Nikolaj Ehlers,goals,rf_qrf_goals,0.3.0,empirical_qrf,0.0,0.0,0.0,,4617338506989801847,2026-05-05 04:19:14.327821
2026-05-04,25346,CAR,PHI,30000948,Jordan Martinook,goals,rf_qrf_goals,0.3.0,empirical_qrf,0.0,0.0,0.0,,4617338506989801847,2026-05-05 04:19:14.327821
2026-05-04,25346,CAR,PHI,30001187,Taylor Hall,goals,rf_qrf_goals,0.3.0,empirical_qrf,0.0,0.0,0.0,,4617338506989801847,2026-05-05 04:19:14.327821
2026-05-04,25346,CAR,PHI,30001203,Frederik Andersen,goals,rf_qrf_goals,0.3.0,empirical_qrf,0.0,0.0,0.0,,4617338506989801847,2026-05-05 04:19:14.327821
2026-05-04,25346,CAR,PHI,30002309,Mark Jankowski,goals,rf_qrf_goals,0.3.0,empirical_qrf,0.0,0.0,0.0,,4617338506989801847,2026-05-05 04:19:14.327821
2026-05-04,25346,CAR,PHI,30002819,Sebastian Aho,goals,rf_qrf_goals,0.3.0,empirical_qrf,0.0,0.0,0.0,,4617338506989801847,2026-05-05 04:19:14.327821
2026-05-04,25346,CAR,PHI,30002980,Eric Robinson,goals,rf_qrf_goals,0.3.0,empirical_qrf,0.0,0.0,0.0,,4617338506989801847,2026-05-05 04:19:14.327821
2026-05-04,25346,CAR,PHI,30003180,Givani Smith,goals,rf_qrf_goals,0.3.0,empirical_qrf,0.0,0.0,0.0,,4617338506989801847,2026-05-05 04:19:14.327821
2026-05-04,25346,CAR,PHI,30003359,Jalen Chatfield,goals,rf_qrf_goals,0.3.0,empirical_qrf,0.0,0.0,0.0,,4617338506989801847,2026-05-05 04:19:14.327821
2026-05-04,25346,CAR,PHI,30003662,Juuso Valimaki,goals,rf_qrf_goals,0.3.0,empirical_qrf,0.0,0.0,0.0,,4617338506989801847,2026-05-05 04:19:14.327821
2026-05-04,25346,CAR,PHI,30003786,Sean Walker,goals,rf_qrf_goals,0.3.0,empirical_qrf,0.0,0.0,0.0,,4617338506989801847,2026-05-05 04:19:14.327821
2026-05-04,25346,CAR,PHI,30004075,Jesperi Kotkaniemi,goals,rf_qrf_goals,0.3.0,empirical_qrf,0.0,0.0,0.0,,4617338506989801847,2026-05-05 04:19:14.327821
2026-05-04,25346,CAR,PHI,30004076,Andrei Svechnikov,goals,rf_qrf_goals,0.3.0,empirical_qrf,0.0,0.0,0.0,,4617338506989801847,2026-05-05 04:19:14.327821
2026-05-04,25346,CAR,PHI,30004082,K'Andre Miller,goals,rf_qrf_goals,0.3.0,empirical_qrf,0.0,0.0,0.0,,4617338506989801847,2026-05-05 04:19:14.327821
2026-05-04,25346,CAR,PHI,30004372,Skyler Brind'amour,goals,rf_qrf_goals,0.3.0,empirical_qrf,0.0,0.0,0.0,,4617338506989801847,2026-05-05 04:19:14.327821
2026-05-04,25346,CAR,PHI,30004385,Cayden Primeau,goals,rf_qrf_goals,0.3.0,empirical_qrf,0.0,0.0,0.0,,4617338506989801847,2026-05-05 04:19:14.327821
2026-05-04,25346,CAR,PHI,30004537,Domenick Fensore,goals,rf_qrf_goals,0.3.0,empirical_qrf,0.0,0.0,0.0,,4617338506989801847,2026-05-05 04:19:14.327821
2026-05-04,25346,CAR,PHI,30004602,Nikita Pavlychev,goals,rf_qrf_goals,0.3.0,empirical_qrf,0.0,0.0,0.0,,4617338506989801847,2026-05-05 04:19:14.327821
2026-05-04,25346,CAR,PHI,30004806,Seth Jarvis,goals,rf_qrf_goals,0.3.0,empirical_qrf,0.0,0.0,0.0,,4617338506989801847,2026-05-05 04:19:14.327821
2026-05-04,25346,CAR,PHI,30004865,Alexander Nikishin,goals,rf_qrf_goals,0.3.0,empirical_qrf,0.0,0.0,0.0,,4617338506989801847,2026-05-05 04:19:14.327821
2026-05-04,25346,CAR,PHI,30004913,Evan Vierling,goals,rf_qrf_goals,0.3.0,empirical_qrf,0.0,0.0,0.0,,4617338506989801847,2026-05-05 04:19:14.327821
2026-05-04,25346,CAR,PHI,30004924,Josiah Slavin,goals,rf_qrf_goals,0.3.0,empirical_qrf,0.0,0.0,0.0,,4617338506989801847,2026-05-05 04:19:14.327821
2026-05-04,25346,CAR,PHI,30004953,Pyotr Kochetkov,goals,rf_qrf_goals,0.3.0,empirical_qrf,0.0,0.0,0.0,,4617338506989801847,2026-05-05 04:19:14.327821
2026-05-04,25346,CAR,PHI,30005026,Aleksi Heimosalmi,goals,rf_qrf_goals,0.3.0,empirical_qrf,0.0,0.0,0.0,,4617338506989801847,2026-05-05 04:19:14.327821
2026-05-04,25346,CAR,PHI,30005034,Logan Stankoven,goals,rf_qrf_goals,0.3.0,empirical_qrf,0.0,0.0,0.0,,4617338506989801847,2026-05-05 04:19:14.327821
2026-05-04,25346,CAR,PHI,30005153,Bryce Montgomery,goals,rf_qrf_goals,0.3.0,empirical_qrf,0.0,0.0,0.0,,4617338506989801847,2026-05-05 04:19:14.327821
2026-05-04,25346,CAR,PHI,30005155,Justin Robidas,goals,rf_qrf_goals,0.3.0,empirical_qrf,0.0,0.0,0.0,,4617338506989801847,2026-05-05 04:19:14.327821
2026-05-04,25346,CAR,PHI,30005156,Ronan Seeley,goals,rf_qrf_goals,0.3.0,empirical_qrf,0.0,0.0,0.0,,4617338506989801847,2026-05-05 04:19:14.327821
2026-05-04,25346,CAR,PHI,30005405,Jackson Blake,goals,rf_qrf_goals,0.3.0,empirical_qrf,0.0,0.0,0.0,,4617338506989801847,2026-05-05 04:19:14.327821
2026-05-04,25346,CAR,PHI,30005573,Brandon Bussi,goals,rf_qrf_goals,0.3.0,empirical_qrf,0.0,0.0,0.0,,4617338506989801847,2026-05-05 04:19:14.327821
2026-05-04,25346,CAR,PHI,30005685,Viktor Neuchev,goals,rf_qrf_goals,0.3.0,empirical_qrf,0.0,0.0,0.0,,4617338506989801847,2026-05-05 04:19:14.327821
2026-05-04,25346,CAR,PHI,30006098,Felix Unger Sorum,goals,rf_qrf_goals,0.3.0,empirical_qrf,0.0,0.0,0.0,,4617338506989801847,2026-05-05 04:19:14.327821
2026-05-04,25347,ANA,VEG,30000269,Radko Gudas,goals,rf_qrf_goals,0.3.0,empirical_qrf,0.0,0.0,0.0,,4617338506989801847,2026-05-05 04:19:14.327821
2026-05-04,25347,ANA,VEG,30000320,Chris Kreider,goals,rf_qrf_goals,0.3.0,empirical_qrf,0.0,0.0,0.0,,4617338506989801847,2026-05-05 04:19:14.327821
2026-05-04,25347,ANA,VEG,30000509,Justin Bailey,goals,rf_qrf_goals,0.3.0,empirical_qrf,0.0,0.0,0.0,,4617338506989801847,2026-05-05 04:19:14.327821
2026-05-04,25347,ANA,VEG,30000515,Mikael Granlund,goals,rf_qrf_goals,0.3.0,empirical_qrf,0.0,0.0,0.0,,4617338506989801847,2026-05-05 04:19:14.327821
2026-05-04,25347,ANA,VEG,30000587,John Carlson,goals,rf_qrf_goals,0.3.0,empirical_qrf,0.0,0.0,0.0,,4617338506989801847,2026-05-05 04:19:14.327821
2026-05-04,25347,ANA,VEG,30000609,Frank Vatrano,goals,rf_qrf_goals,0.3.0,empirical_qrf,0.0,0.0,0.0,,4617338506989801847,2026-05-05 04:19:14.327821
2026-05-04,25347,ANA,VEG,30000739,Alex Killorn,goals,rf_qrf_goals,0.3.0,empirical_qrf,0.0,0.0,0.0,,4617338506989801847,2026-05-05 04:19:14.327821
2026-05-04,25347,ANA,VEG,30000834,Jacob Trouba,goals,rf_qrf_goals,0.3.0,empirical_qrf,0.0,0.0,0.0,,4617338506989801847,2026-05-05 04:19:14.327821
2026-05-04,25347,ANA,VEG,30000998,Ross Johnston,goals,rf_qrf_goals,0.3.0,empirical_qrf,0.0,0.0,0.0,,4617338506989801847,2026-05-05 04:19:14.327821
2026-05-04,25347,ANA,VEG,30001009,Petr Mrazek,goals,rf_qrf_goals,0.3.0,empirical_qrf,0.0,0.0,0.0,,4617338506989801847,2026-05-05 04:19:14.327821
2026-05-04,25347,ANA,VEG,30002528,Tyrell Goulbourne,goals,rf_qrf_goals,0.3.0,empirical_qrf,0.0,0.0,0.0,,4617338506989801847,2026-05-05 04:19:14.327821
2026-05-04,25347,ANA,VEG,30002760,Ville Husso,goals,rf_qrf_goals,0.3.0,empirical_qrf,0.0,0.0,0.0,,4617338506989801847,2026-05-05 04:19:14.327821
2026-05-04,25347,ANA,VEG,30002773,Jansen Harkins,goals,rf_qrf_goals,0.3.0,empirical_qrf,0.0,0.0,0.0,,4617338506989801847,2026-05-05 04:19:14.327821
2026-05-04,25347,ANA,VEG,30002864,Nikolas Brouillard,goals,rf_qrf_goals,0.3.0,empirical_qrf,0.0,0.0,0.0,,4617338506989801847,2026-05-05 04:19:14.327821
2026-05-04,25347,ANA,VEG,30003197,Carsen Twarynski,goals,rf_qrf_goals,0.3.0,empirical_qrf,0.0,0.0,0.0,,4617338506989801847,2026-05-05 04:19:14.327821
2026-05-04,25347,ANA,VEG,30003401,Jeffrey Viel,goals,rf_qrf_goals,0.3.0,empirical_qrf,0.0,0.0,0.0,,4617338506989801847,2026-05-05 04:19:14.327821
2026-05-04,25347,ANA,VEG,30003475,Matthew Phillips,goals,rf_qrf_goals,0.3.0,empirical_qrf,0.0,0.0,0.0,,4617338506989801847,2026-05-05 04:19:14.327821
2026-05-04,25347,ANA,VEG,30003650,Ryan Poehling,goals,rf_qrf_goals,0.3.0,empirical_qrf,0.0,0.0,0.0,,4617338506989801847,2026-05-05 04:19:14.327821
2026-05-04,25347,ANA,VEG,30003747,Troy Terry,goals,rf_qrf_goals,0.3.0,empirical_qrf,0.0,0.0,0.0,,4617338506989801847,2026-05-05 04:19:14.327821
2026-05-04,25347,ANA,VEG,30003948,David Cotton,goals,rf_qrf_goals,0.3.0,empirical_qrf,0.0,0.0,0.0,,4617338506989801847,2026-05-05 04:19:14.327821
2026-05-04,25347,ANA,VEG,30004160,Lukas Dostal,goals,rf_qrf_goals,0.3.0,empirical_qrf,0.0,0.0,0.0,,4617338506989801847,2026-05-05 04:19:14.327821
2026-05-04,25347,ANA,VEG,30004512,Drew Helleson,goals,rf_qrf_goals,0.3.0,empirical_qrf,0.0,0.0,0.0,,4617338506989801847,2026-05-05 04:19:14.327821
2026-05-04,25347,ANA,VEG,30004526,Jackson LaCombe,goals,rf_qrf_goals,0.3.0,empirical_qrf,0.0,0.0,0.0,,4617338506989801847,2026-05-05 04:19:14.327821
2026-05-04,25347,ANA,VEG,30004550,Judd Caulfield,goals,rf_qrf_goals,0.3.0,empirical_qrf,0.0,0.0,0.0,,4617338506989801847,2026-05-05 04:19:14.327821
2026-05-04,25347,ANA,VEG,30004828,Calle Clang,goals,rf_qrf_goals,0.3.0,empirical_qrf,0.0,0.0,0.0,,4617338506989801847,2026-05-05 04:19:14.327821
2026-05-04,25347,ANA,VEG,30004829,Sam Colangelo,goals,rf_qrf_goals,0.3.0,empirical_qrf,0.0,0.0,0.0,,4617338506989801847,2026-05-05 04:19:14.327821
2026-05-04,25347,ANA,VEG,30004861,Ian Moore,goals,rf_qrf_goals,0.3.0,empirical_qrf,0.0,0.0,0.0,,4617338506989801847,2026-05-05 04:19:14.327821
2026-05-04,25347,ANA,VEG,30004997,Mason McTavish,goals,rf_qrf_goals,0.3.0,empirical_qrf,0.0,0.0,0.0,,4617338506989801847,2026-05-05 04:19:14.327821
2026-05-04,25347,ANA,VEG,30005018,Olen Zellweger,goals,rf_qrf_goals,0.3.0,empirical_qrf,0.0,0.0,0.0,,4617338506989801847,2026-05-05 04:19:14.327821
2026-05-04,25347,ANA,VEG,30005051,Sasha Pastujov,goals,rf_qrf_goals,0.3.0,empirical_qrf,0.0,0.0,0.0,,4617338506989801847,2026-05-05 04:19:14.327821
2026-05-04,25347,ANA,VEG,30005095,Davis Codd,goals,rf_qrf_goals,0.3.0,empirical_qrf,0.0,0.0,0.0,,4617338506989801847,2026-05-05 04:19:14.327821
2026-05-04,25347,ANA,VEG,30005275,Tyson Hinds,goals,rf_qrf_goals,0.3.0,empirical_qrf,0.0,0.0,0.0,,4617338506989801847,2026-05-05 04:19:14.327821
2026-05-04,25347,ANA,VEG,30005285,Jeremie Biakabutuka,goals,rf_qrf_goals,0.3.0,empirical_qrf,0.0,0.0,0.0,,4617338506989801847,2026-05-05 04:19:14.327821
2026-05-04,25347,ANA,VEG,30005615,Pavel Mintyukov,goals,rf_qrf_goals,0.3.0,empirical_qrf,0.0,0.0,0.0,,4617338506989801847,2026-05-05 04:19:14.327821
2026-05-04,25347,ANA,VEG,30005620,Cutter Gauthier,goals,rf_qrf_goals,0.3.0,empirical_qrf,0.0,0.0,0.0,,4617338506989801847,2026-05-05 04:19:14.327821
2026-05-04,25347,ANA,VEG,30005643,Nathan Gaucher,goals,rf_qrf_goals,0.3.0,empirical_qrf,0.0,0.0,0.0,,4617338506989801847,2026-05-05 04:19:14.327821
2026-05-04,25347,ANA,VEG,30005677,Noah Warren,goals,rf_qrf_goals,0.3.0,empirical_qrf,0.0,0.0,0.0,,4617338506989801847,2026-05-05 04:19:14.327821
2026-05-04,25347,ANA,VEG,30005678,Tristan Luneau,goals,rf_qrf_goals,0.3.0,empirical_qrf,0.0,0.0,0.0,,4617338506989801847,2026-05-05 04:19:14.327821
2026-05-04,25347,ANA,VEG,30005940,Vyacheslav Buteyets,goals,rf_qrf_goals,0.3.0,empirical_qrf,0.0,0.0,0.0,,4617338506989801847,2026-05-05 04:19:14.327821
2026-05-04,25347,ANA,VEG,30005945,Tomas Suchanek,goals,rf_qrf_goals,0.3.0,empirical_qrf,0.0,0.0,0.0,,4617338506989801847,2026-05-05 04:19:14.327821
2026-05-04,25347,ANA,VEG,30006016,Jaxsen Wiebe,goals,rf_qrf_goals,0.3.0,empirical_qrf,0.0,0.0,0.0,,4617338506989801847,2026-05-05 04:19:14.327821
2026-05-04,25347,ANA,VEG,30006017,Nikita Nesterenko,goals,rf_qrf_goals,0.3.0,empirical_qrf,0.0,0.0,0.0,,4617338506989801847,2026-05-05 04:19:14.327821
2026-05-04,25347,ANA,VEG,30006069,Leo Carlsson,goals,rf_qrf_goals,0.3.0,empirical_qrf,0.0,0.0,0.0,,4617338506989801847,2026-05-05 04:19:14.327821
2026-05-04,25347,ANA,VEG,30006116,Damian Clara,goals,rf_qrf_goals,0.3.0,empirical_qrf,0.0,0.0,0.0,,4617338506989801847,2026-05-05 04:19:14.327821
2026-05-04,25347,ANA,VEG,30006117,Nico Myatovic,goals,rf_qrf_goals,0.3.0,empirical_qrf,0.0,0.0,0.0,,4617338506989801847,2026-05-05 04:19:14.327821
2026-05-04,25347,ANA,VEG,30006129,Coulson Pitre,goals,rf_qrf_goals,0.3.0,empirical_qrf,0.0,0.0,0.0,,4617338506989801847,2026-05-05 04:19:14.327821
2026-05-04,25347,ANA,VEG,30006161,Yegor Sidorov,goals,rf_qrf_goals,0.3.0,empirical_qrf,0.0,0.0,0.0,,4617338506989801847,2026-05-05 04:19:14.327821
2026-05-04,25347,ANA,VEG,30006162,Konnor Smith,goals,rf_qrf_goals,0.3.0,empirical_qrf,0.0,0.0,0.0,,4617338506989801847,2026-05-05 04:19:14.327821
2026-05-04,25347,ANA,VEG,30006310,Roman Kinal,goals,rf_qrf_goals,0.3.0,empirical_qrf,0.0,0.0,0.0,,4617338506989801847,2026-05-05 04:19:14.327821
2026-05-04,25347,ANA,VEG,30006353,Easton Armstrong,goals,rf_qrf_goals,0.3.0,empirical_qrf,0.0,0.0,0.0,,4617338506989801847,2026-05-05 04:19:14.327821
2026-05-04,25347,ANA,VEG,30006483,Beckett Sennecke,goals,rf_qrf_goals,0.3.0,empirical_qrf,0.0,0.0,0.0,,4617338506989801847,2026-05-05 04:19:14.327821
2026-05-04,25347,ANA,VEG,30006513,Stian Solberg,goals,rf_qrf_goals,0.3.0,empirical_qrf,0.0,0.0,0.0,,4617338506989801847,2026-05-05 04:19:14.327821
2026-05-04,25347,ANA,VEG,30006849,Tim Washe,goals,rf_qrf_goals,0.3.0,empirical_qrf,0.0,0.0,0.0,,4617338506989801847,2026-05-05 04:19:14.327821
2026-05-04,25347,VEG,ANA,30000080,Reilly Smith,goals,rf_qrf_goals,0.3.0,empirical_qrf,0.0,0.0,0.0,,4617338506989801847,2026-05-05 04:19:14.327821
2026-05-04,25347,VEG,ANA,30000132,Tomas Hertl,goals,rf_qrf_goals,0.3.0,empirical_qrf,0.0,0.0,0.0,,4617338506989801847,2026-05-05 04:19:14.327821
2026-05-04,25347,VEG,ANA,30000152,Brayden McNabb,goals,rf_qrf_goals,0.3.0,empirical_qrf,0.0,0.0,0.0,,4617338506989801847,2026-05-05 04:19:14.327821
2026-05-04,25347,VEG,ANA,30000189,Colton Sissons,goals,rf_qrf_goals,0.3.0,empirical_qrf,0.0,0.0,0.0,,4617338506989801847,2026-05-05 04:19:14.327821
2026-05-04,25347,VEG,ANA,30000422,William Karlsson,goals,rf_qrf_goals,0.3.0,empirical_qrf,0.0,0.0,0.0,,4617338506989801847,2026-05-05 04:19:14.327821
2026-05-04,25347,VEG,ANA,30000496,Jack Eichel,goals,rf_qrf_goals,0.3.0,empirical_qrf,0.0,0.0,0.0,,4617338506989801847,2026-05-05 04:19:14.327821
2026-05-04,25347,VEG,ANA,30000633,Noah Hanifin,goals,rf_qrf_goals,0.3.0,empirical_qrf,0.0,0.0,0.0,,4617338506989801847,2026-05-05 04:19:14.327821
2026-05-04,25347,VEG,ANA,30000694,Keegan Kolesar,goals,rf_qrf_goals,0.3.0,empirical_qrf,0.0,0.0,0.0,,4617338506989801847,2026-05-05 04:19:14.327821
2026-05-04,25347,VEG,ANA,30000784,Ivan Barbashev,goals,rf_qrf_goals,0.3.0,empirical_qrf,0.0,0.0,0.0,,4617338506989801847,2026-05-05 04:19:14.327821
2026-05-04,25347,VEG,ANA,30000793,Alex Pietrangelo,goals,rf_qrf_goals,0.3.0,empirical_qrf,0.0,0.0,0.0,,4617338506989801847,2026-05-05 04:19:14.327821
2026-05-04,25347,VEG,ANA,30000881,Jaycob Megna,goals,rf_qrf_goals,0.3.0,empirical_qrf,0.0,0.0,0.0,,4617338506989801847,2026-05-05 04:19:14.327821
2026-05-04,25347,VEG,ANA,30000890,Shea Theodore,goals,rf_qrf_goals,0.3.0,empirical_qrf,0.0,0.0,0.0,,4617338506989801847,2026-05-05 04:19:14.327821
2026-05-04,25347,VEG,ANA,30000927,Ben Hutton,goals,rf_qrf_goals,0.3.0,empirical_qrf,0.0,0.0,0.0,,4617338506989801847,2026-05-05 04:19:14.327821
2026-05-04,25347,VEG,ANA,30001133,Rasmus Andersson,goals,rf_qrf_goals,0.3.0,empirical_qrf,0.0,0.0,0.0,,4617338506989801847,2026-05-05 04:19:14.327821
2026-05-04,25347,VEG,ANA,30001229,Brandon Saad,goals,rf_qrf_goals,0.3.0,empirical_qrf,0.0,0.0,0.0,,4617338506989801847,2026-05-05 04:19:14.327821
2026-05-04,25347,VEG,ANA,30001246,Mark Stone,goals,rf_qrf_goals,0.3.0,empirical_qrf,0.0,0.0,0.0,,4617338506989801847,2026-05-05 04:19:14.327821
2026-05-04,25347,VEG,ANA,30002608,Brandon Hickey,goals,rf_qrf_goals,0.3.0,empirical_qrf,0.0,0.0,0.0,,4617338506989801847,2026-05-05 04:19:14.327821
2026-05-04,25347,VEG,ANA,30002695,Nic Dowd,goals,rf_qrf_goals,0.3.0,empirical_qrf,0.0,0.0,0.0,,4617338506989801847,2026-05-05 04:19:14.327821
2026-05-04,25347,VEG,ANA,30002783,Adin Hill,goals,rf_qrf_goals,0.3.0,empirical_qrf,0.0,0.0,0.0,,4617338506989801847,2026-05-05 04:19:14.327821
2026-05-04,25347,VEG,ANA,30002827,Jeremy Lauzon,goals,rf_qrf_goals,0.3.0,empirical_qrf,0.0,0.0,0.0,,4617338506989801847,2026-05-05 04:19:14.327821
2026-05-04,25347,VEG,ANA,30003153,Brett Howden,goals,rf_qrf_goals,0.3.0,empirical_qrf,0.0,0.0,0.0,,4617338506989801847,2026-05-05 04:19:14.327821
2026-05-04,25347,VEG,ANA,30003155,Lucas Johansen,goals,rf_qrf_goals,0.3.0,empirical_qrf,0.0,0.0,0.0,,4617338506989801847,2026-05-05 04:19:14.327821
2026-05-04,25347,VEG,ANA,30003166,Carter Hart,goals,rf_qrf_goals,0.3.0,empirical_qrf,0.0,0.0,0.0,,4617338506989801847,2026-05-05 04:19:14.327821
2026-05-04,25347,VEG,ANA,30003342,Mitchell Marner,goals,rf_qrf_goals,0.3.0,empirical_qrf,0.0,0.0,0.0,,4617338506989801847,2026-05-05 04:19:14.327821
2026-05-04,25347,VEG,ANA,30003396,Dylan Coghlan,goals,rf_qrf_goals,0.3.0,empirical_qrf,0.0,0.0,0.0,,4617338506989801847,2026-05-05 04:19:14.327821
2026-05-04,25347,VEG,ANA,30003701,Jonas Rondbjerg,goals,rf_qrf_goals,0.3.0,empirical_qrf,0.0,0.0,0.0,,4617338506989801847,2026-05-05 04:19:14.327821
2026-05-04,25347,VEG,ANA,30003924,Jeremy Davies,goals,rf_qrf_goals,0.3.0,empirical_qrf,0.0,0.0,0.0,,4617338506989801847,2026-05-05 04:19:14.327821
2026-05-04,25347,VEG,ANA,30003961,Tanner Laczynski,goals,rf_qrf_goals,0.3.0,empirical_qrf,0.0,0.0,0.0,,4617338506989801847,2026-05-05 04:19:14.327821
2026-05-04,25347,VEG,ANA,30004243,Mitchell McLain,goals,rf_qrf_goals,0.3.0,empirical_qrf,0.0,0.0,0.0,,4617338506989801847,2026-05-05 04:19:14.327821
2026-05-04,25347,VEG,ANA,30004341,Akira Schmid,goals,rf_qrf_goals,0.3.0,empirical_qrf,0.0,0.0,0.0,,4617338506989801847,2026-05-05 04:19:14.327821
2026-05-04,25347,VEG,ANA,30004503,Raphael Lavoie,goals,rf_qrf_goals,0.3.0,empirical_qrf,0.0,0.0,0.0,,4617338506989801847,2026-05-05 04:19:14.327821
2026-05-04,25347,VEG,ANA,30004510,Kaedan Korczak,goals,rf_qrf_goals,0.3.0,empirical_qrf,0.0,0.0,0.0,,4617338506989801847,2026-05-05 04:19:14.327821
2026-05-04,25347,VEG,ANA,30004532,Pavel Dorofeyev,goals,rf_qrf_goals,0.3.0,empirical_qrf,0.0,0.0,0.0,,4617338506989801847,2026-05-05 04:19:14.327821
2026-05-04,25347,VEG,ANA,30004748,Cole Smith,goals,rf_qrf_goals,0.3.0,empirical_qrf,0.0,0.0,0.0,,4617338506989801847,2026-05-05 04:19:14.327821
2026-05-04,25347,VEG,ANA,30004805,Alexander Holtz,goals,rf_qrf_goals,0.3.0,empirical_qrf,0.0,0.0,0.0,,4617338506989801847,2026-05-05 04:19:14.327821
2026-05-04,25347,VEG,ANA,30004831,Lukas Cormier,goals,rf_qrf_goals,0.3.0,empirical_qrf,0.0,0.0,0.0,,4617338506989801847,2026-05-05 04:19:14.327821
2026-05-04,25347,VEG,ANA,30005106,Jakub Brabenec,goals,rf_qrf_goals,0.3.0,empirical_qrf,0.0,0.0,0.0,,4617338506989801847,2026-05-05 04:19:14.327821
2026-05-04,25347,VEG,ANA,30005109,Jakub Demek,goals,rf_qrf_goals,0.3.0,empirical_qrf,0.0,0.0,0.0,,4617338506989801847,2026-05-05 04:19:14.327821
2026-05-04,25347,VEG,ANA,30005162,Riley McKay,goals,rf_qrf_goals,0.3.0,empirical_qrf,0.0,0.0,0.0,,4617338506989801847,2026-05-05 04:19:14.327821
2026-05-04,25347,VEG,ANA,30005320,Carl Lindbom,goals,rf_qrf_goals,0.3.0,empirical_qrf,0.0,0.0,0.0,,4617338506989801847,2026-05-05 04:19:14.327821
2026-05-04,25347,VEG,ANA,30005406,Kevin Wall,goals,rf_qrf_goals,0.3.0,empirical_qrf,0.0,0.0,0.0,,4617338506989801847,2026-05-05 04:19:14.327821
2026-05-04,25347,VEG,ANA,30005679,Matyas Sapovaliv,goals,rf_qrf_goals,0.3.0,empirical_qrf,0.0,0.0,0.0,,4617338506989801847,2026-05-05 04:19:14.327821
2026-05-04,25347,VEG,ANA,30005795,Ben Hemmerling,goals,rf_qrf_goals,0.3.0,empirical_qrf,0.0,0.0,0.0,,4617338506989801847,2026-05-05 04:19:14.327821
2026-05-04,25347,VEG,ANA,30005809,Joe Fleming,goals,rf_qrf_goals,0.3.0,empirical_qrf,0.0,0.0,0.0,,4617338506989801847,2026-05-05 04:19:14.327821
2026-05-04,25347,VEG,ANA,30005815,Jordan Papirny,goals,rf_qrf_goals,0.3.0,empirical_qrf,0.0,0.0,0.0,,4617338506989801847,2026-05-05 04:19:14.327821
2026-05-04,25347,VEG,ANA,30005841,Samuel Mayer,goals,rf_qrf_goals,0.3.0,empirical_qrf,0.0,0.0,0.0,,4617338506989801847,2026-05-05 04:19:14.327821
2026-05-04,25347,VEG,ANA,30006216,Carter Sotheran,goals,rf_qrf_goals,0.3.0,empirical_qrf,0.0,0.0,0.0,,4617338506989801847,2026-05-05 04:19:14.327821
2026-05-04,25347,VEG,ANA,30006232,Tuomas Uronen,goals,rf_qrf_goals,0.3.0,empirical_qrf,0.0,0.0,0.0,,4617338506989801847,2026-05-05 04:19:14.327821
2026-05-04,25347,VEG,ANA,30006391,Mazden Leslie,goals,rf_qrf_goals,0.3.0,empirical_qrf,0.0,0.0,0.0,,4617338506989801847,2026-05-05 04:19:14.327821
2026-05-04,25346,PHI,CAR,30000050,Sean Couturier,assists,rf_qrf_assists,0.3.0,empirical_qrf,0.0,0.0,0.0,,4617338506989801847,2026-05-05 04:19:15.185025
2026-05-04,25346,PHI,CAR,30000234,Garrett Wilson,assists,rf_qrf_assists,0.3.0,empirical_qrf,0.0,0.0,0.0,,4617338506989801847,2026-05-05 04:19:15.185025
2026-05-04,25346,PHI,CAR,30000349,Travis Konecny,assists,rf_qrf_assists,0.3.0,empirical_qrf,0.0,0.0,0.0,,4617338506989801847,2026-05-05 04:19:15.185025
2026-05-04,25346,PHI,CAR,30000624,Travis Sanheim,assists,rf_qrf_assists,0.3.0,empirical_qrf,0.0,0.0,0.0,,4617338506989801847,2026-05-05 04:19:15.185025
2026-05-04,25346,PHI,CAR,30000844,Luke Glendening,assists,rf_qrf_assists,0.3.0,empirical_qrf,0.0,0.0,0.0,,4617338506989801847,2026-05-05 04:19:15.185025
2026-05-04,25346,PHI,CAR,30000942,Christian Dvorak,assists,rf_qrf_assists,0.3.0,empirical_qrf,0.0,0.0,0.0,,4617338506989801847,2026-05-05 04:19:15.185025
2026-05-04,25346,PHI,CAR,30001201,Garnet Hathaway,assists,rf_qrf_assists,0.3.0,empirical_qrf,0.0,0.0,0.0,,4617338506989801847,2026-05-05 04:19:15.185025
2026-05-04,25346,PHI,CAR,30001294,Rasmus Ristolainen,assists,rf_qrf_assists,0.3.0,empirical_qrf,0.0,0.0,0.0,,4617338506989801847,2026-05-05 04:19:15.185025
2026-05-04,25346,PHI,CAR,30001312,Noah Juulsen,assists,rf_qrf_assists,0.3.0,empirical_qrf,0.0,0.0,0.0,,4617338506989801847,2026-05-05 04:19:15.185025
2026-05-04,25346,PHI,CAR,30002786,Dan Vladar,assists,rf_qrf_assists,0.3.0,empirical_qrf,0.0,0.0,0.0,,4617338506989801847,2026-05-05 04:19:15.185025
2026-05-04,25346,PHI,CAR,30002979,Anthony Richard,assists,rf_qrf_assists,0.3.0,empirical_qrf,0.0,0.0,0.0,,4617338506989801847,2026-05-05 04:19:15.185025
2026-05-04,25346,PHI,CAR,30003016,Nick Seeler,assists,rf_qrf_assists,0.3.0,empirical_qrf,0.0,0.0,0.0,,4617338506989801847,2026-05-05 04:19:15.185025
2026-05-04,25346,PHI,CAR,30003167,Boris Katchouk,assists,rf_qrf_assists,0.3.0,empirical_qrf,0.0,0.0,0.0,,4617338506989801847,2026-05-05 04:19:15.185025
2026-05-04,25346,PHI,CAR,30003171,Carl Grundstrom,assists,rf_qrf_assists,0.3.0,empirical_qrf,0.0,0.0,0.0,,4617338506989801847,2026-05-05 04:19:15.185025
2026-05-04,25346,PHI,CAR,30003283,Lane Pederson,assists,rf_qrf_assists,0.3.0,empirical_qrf,0.0,0.0,0.0,,4617338506989801847,2026-05-05 04:19:15.185025
2026-05-04,25346,PHI,CAR,30003500,Rodrigo Abols,assists,rf_qrf_assists,0.3.0,empirical_qrf,0.0,0.0,0.0,,4617338506989801847,2026-05-05 04:19:15.185025
2026-05-04,25346,PHI,CAR,30003653,Owen Tippett,assists,rf_qrf_assists,0.3.0,empirical_qrf,0.0,0.0,0.0,,4617338506989801847,2026-05-05 04:19:15.185025
2026-05-04,25346,PHI,CAR,30003733,Keith Petruzzelli,assists,rf_qrf_assists,0.3.0,empirical_qrf,0.0,0.0,0.0,,4617338506989801847,2026-05-05 04:19:15.185025
2026-05-04,25346,PHI,CAR,30004002,Cooper Marody,assists,rf_qrf_assists,0.3.0,empirical_qrf,0.0,0.0,0.0,,4617338506989801847,2026-05-05 04:19:15.185025
2026-05-04,25346,PHI,CAR,30004154,Xavier Bernard,assists,rf_qrf_assists,0.3.0,empirical_qrf,0.0,0.0,0.0,,4617338506989801847,2026-05-05 04:19:15.185025
2026-05-04,25346,PHI,CAR,30004406,Samuel Ersson,assists,rf_qrf_assists,0.3.0,empirical_qrf,0.0,0.0,0.0,,4617338506989801847,2026-05-05 04:19:15.185025
2026-05-04,25346,PHI,CAR,30004481,Trevor Zegras,assists,rf_qrf_assists,0.3.0,empirical_qrf,0.0,0.0,0.0,,4617338506989801847,2026-05-05 04:19:15.185025
2026-05-04,25346,PHI,CAR,30004484,Cam York,assists,rf_qrf_assists,0.3.0,empirical_qrf,0.0,0.0,0.0,,4617338506989801847,2026-05-05 04:19:15.185025
2026-05-04,25346,PHI,CAR,30004488,Philip Tomasino,assists,rf_qrf_assists,0.3.0,empirical_qrf,0.0,0.0,0.0,,4617338506989801847,2026-05-05 04:19:15.185025
2026-05-04,25346,PHI,CAR,30004800,Jamie Drysdale,assists,rf_qrf_assists,0.3.0,empirical_qrf,0.0,0.0,0.0,,4617338506989801847,2026-05-05 04:19:15.185025
2026-05-04,25346,PHI,CAR,30004801,Tyson Foerster,assists,rf_qrf_assists,0.3.0,empirical_qrf,0.0,0.0,0.0,,4617338506989801847,2026-05-05 04:19:15.185025
2026-05-04,25346,PHI,CAR,30004824,Emil Andrae,assists,rf_qrf_assists,0.3.0,empirical_qrf,0.0,0.0,0.0,,4617338506989801847,2026-05-05 04:19:15.185025
2026-05-04,25346,PHI,CAR,30004839,Helge Grans,assists,rf_qrf_assists,0.3.0,empirical_qrf,0.0,0.0,0.0,,4617338506989801847,2026-05-05 04:19:15.185025
2026-05-04,25346,PHI,CAR,30005130,Brett Harrison,assists,rf_qrf_assists,0.3.0,empirical_qrf,0.0,0.0,0.0,,4617338506989801847,2026-05-05 04:19:15.185025
2026-05-04,25346,PHI,CAR,30005234,Vincent Sevigny,assists,rf_qrf_assists,0.3.0,empirical_qrf,0.0,0.0,0.0,,4617338506989801847,2026-05-05 04:19:15.185025
2026-05-04,25346,PHI,CAR,30005293,Artem Guryev,assists,rf_qrf_assists,0.3.0,empirical_qrf,0.0,0.0,0.0,,4617338506989801847,2026-05-05 04:19:15.185025
2026-05-04,25346,PHI,CAR,30005321,Jacob Gaucher,assists,rf_qrf_assists,0.3.0,empirical_qrf,0.0,0.0,0.0,,4617338506989801847,2026-05-05 04:19:15.185025
2026-05-04,25346,PHI,CAR,30005397,Noah Cates,assists,rf_qrf_assists,0.3.0,empirical_qrf,0.0,0.0,0.0,,4617338506989801847,2026-05-05 04:19:15.185025
2026-05-04,25346,PHI,CAR,30005401,Aleksei Kolosov,assists,rf_qrf_assists,0.3.0,empirical_qrf,0.0,0.0,0.0,,4617338506989801847,2026-05-05 04:19:15.185025
2026-05-04,25346,PHI,CAR,30005612,David Jiricek,assists,rf_qrf_assists,0.3.0,empirical_qrf,0.0,0.0,0.0,,4617338506989801847,2026-05-05 04:19:15.185025
2026-05-04,25346,PHI,CAR,30005756,Tucker Robertson,assists,rf_qrf_assists,0.3.0,empirical_qrf,0.0,0.0,0.0,,4617338506989801847,2026-05-05 04:19:15.185025
2026-05-04,25346,PHI,CAR,30005798,Jackson Edward,assists,rf_qrf_assists,0.3.0,empirical_qrf,0.0,0.0,0.0,,4617338506989801847,2026-05-05 04:19:15.185025
2026-05-04,25346,PHI,CAR,30005890,Alex Bump,assists,rf_qrf_assists,0.3.0,empirical_qrf,0.0,0.0,0.0,,4617338506989801847,2026-05-05 04:19:15.185025
2026-05-04,25346,PHI,CAR,30005892,Hunter McDonald,assists,rf_qrf_assists,0.3.0,empirical_qrf,0.0,0.0,0.0,,4617338506989801847,2026-05-05 04:19:15.185025
2026-05-04,25346,PHI,CAR,30005958,Nikita Grebenkin,assists,rf_qrf_assists,0.3.0,empirical_qrf,0.0,0.0,0.0,,4617338506989801847,2026-05-05 04:19:15.185025
2026-05-04,25346,PHI,CAR,30006045,Yaniv Perets,assists,rf_qrf_assists,0.3.0,empirical_qrf,0.0,0.0,0.0,,4617338506989801847,2026-05-05 04:19:15.185025
2026-05-04,25346,PHI,CAR,30006061,Matvei Michkov,assists,rf_qrf_assists,0.3.0,empirical_qrf,0.0,0.0,0.0,,4617338506989801847,2026-05-05 04:19:15.185025
2026-05-04,25346,PHI,CAR,30006075,Oliver Bonk,assists,rf_qrf_assists,0.3.0,empirical_qrf,0.0,0.0,0.0,,4617338506989801847,2026-05-05 04:19:15.185025
2026-05-04,25346,PHI,CAR,30006100,Carson Bjarnason,assists,rf_qrf_assists,0.3.0,empirical_qrf,0.0,0.0,0.0,,4617338506989801847,2026-05-05 04:19:15.185025
2026-05-04,25346,PHI,CAR,30006135,Denver Barkey,assists,rf_qrf_assists,0.3.0,empirical_qrf,0.0,0.0,0.0,,4617338506989801847,2026-05-05 04:19:15.185025
2026-05-04,25346,PHI,CAR,30006470,Oscar Eklind,assists,rf_qrf_assists,0.3.0,empirical_qrf,0.0,0.0,0.0,,4617338506989801847,2026-05-05 04:19:15.185025
2026-05-04,25346,PHI,CAR,30006865,Porter Martone,assists,rf_qrf_assists,0.3.0,empirical_qrf,0.0,0.0,0.0,,4617338506989801847,2026-05-05 04:19:15.185025
2026-05-04,25346,CAR,PHI,30000271,Shayne Gostisbehere,assists,rf_qrf_assists,0.3.0,empirical_qrf,0.0,0.0,0.0,,4617338506989801847,2026-05-05 04:19:15.185025
2026-05-04,25346,CAR,PHI,30000358,Jordan Staal,assists,rf_qrf_assists,0.3.0,empirical_qrf,0.0,0.0,0.0,,4617338506989801847,2026-05-05 04:19:15.185025
2026-05-04,25346,CAR,PHI,30000501,Nicolas Deslauriers,assists,rf_qrf_assists,0.3.0,empirical_qrf,0.0,0.0,0.0,,4617338506989801847,2026-05-05 04:19:15.185025
2026-05-04,25346,CAR,PHI,30000510,William Carrier,assists,rf_qrf_assists,0.3.0,empirical_qrf,0.0,0.0,0.0,,4617338506989801847,2026-05-05 04:19:15.185025
2026-05-04,25346,CAR,PHI,30000525,Mike Reilly,assists,rf_qrf_assists,0.3.0,empirical_qrf,0.0,0.0,0.0,,4617338506989801847,2026-05-05 04:19:15.185025
2026-05-04,25346,CAR,PHI,30000643,Jaccob Slavin,assists,rf_qrf_assists,0.3.0,empirical_qrf,0.0,0.0,0.0,,4617338506989801847,2026-05-05 04:19:15.185025
2026-05-04,25346,CAR,PHI,30000822,Nikolaj Ehlers,assists,rf_qrf_assists,0.3.0,empirical_qrf,0.0,0.0,0.0,,4617338506989801847,2026-05-05 04:19:15.185025
2026-05-04,25346,CAR,PHI,30000948,Jordan Martinook,assists,rf_qrf_assists,0.3.0,empirical_qrf,0.0,0.0,0.0,,4617338506989801847,2026-05-05 04:19:15.185025
2026-05-04,25346,CAR,PHI,30001187,Taylor Hall,assists,rf_qrf_assists,0.3.0,empirical_qrf,0.0,0.0,0.0,,4617338506989801847,2026-05-05 04:19:15.185025
2026-05-04,25346,CAR,PHI,30001203,Frederik Andersen,assists,rf_qrf_assists,0.3.0,empirical_qrf,0.0,0.0,0.0,,4617338506989801847,2026-05-05 04:19:15.185025
2026-05-04,25346,CAR,PHI,30002309,Mark Jankowski,assists,rf_qrf_assists,0.3.0,empirical_qrf,0.0,0.0,0.0,,4617338506989801847,2026-05-05 04:19:15.185025
2026-05-04,25346,CAR,PHI,30002819,Sebastian Aho,assists,rf_qrf_assists,0.3.0,empirical_qrf,0.0,0.0,0.0,,4617338506989801847,2026-05-05 04:19:15.185025
2026-05-04,25346,CAR,PHI,30002980,Eric Robinson,assists,rf_qrf_assists,0.3.0,empirical_qrf,0.0,0.0,0.0,,4617338506989801847,2026-05-05 04:19:15.185025
2026-05-04,25346,CAR,PHI,30003180,Givani Smith,assists,rf_qrf_assists,0.3.0,empirical_qrf,0.0,0.0,0.0,,4617338506989801847,2026-05-05 04:19:15.185025
2026-05-04,25346,CAR,PHI,30003359,Jalen Chatfield,assists,rf_qrf_assists,0.3.0,empirical_qrf,0.0,0.0,0.0,,4617338506989801847,2026-05-05 04:19:15.185025
2026-05-04,25346,CAR,PHI,30003662,Juuso Valimaki,assists,rf_qrf_assists,0.3.0,empirical_qrf,0.0,0.0,0.0,,4617338506989801847,2026-05-05 04:19:15.185025
2026-05-04,25346,CAR,PHI,30003786,Sean Walker,assists,rf_qrf_assists,0.3.0,empirical_qrf,0.0,0.0,0.0,,4617338506989801847,2026-05-05 04:19:15.185025
2026-05-04,25346,CAR,PHI,30004075,Jesperi Kotkaniemi,assists,rf_qrf_assists,0.3.0,empirical_qrf,0.0,0.0,0.0,,4617338506989801847,2026-05-05 04:19:15.185025
2026-05-04,25346,CAR,PHI,30004076,Andrei Svechnikov,assists,rf_qrf_assists,0.3.0,empirical_qrf,0.0,0.0,0.0,,4617338506989801847,2026-05-05 04:19:15.185025
2026-05-04,25346,CAR,PHI,30004082,K'Andre Miller,assists,rf_qrf_assists,0.3.0,empirical_qrf,0.0,0.0,0.0,,4617338506989801847,2026-05-05 04:19:15.185025
2026-05-04,25346,CAR,PHI,30004372,Skyler Brind'amour,assists,rf_qrf_assists,0.3.0,empirical_qrf,0.0,0.0,0.0,,4617338506989801847,2026-05-05 04:19:15.185025
2026-05-04,25346,CAR,PHI,30004385,Cayden Primeau,assists,rf_qrf_assists,0.3.0,empirical_qrf,0.0,0.0,0.0,,4617338506989801847,2026-05-05 04:19:15.185025
2026-05-04,25346,CAR,PHI,30004537,Domenick Fensore,assists,rf_qrf_assists,0.3.0,empirical_qrf,0.0,0.0,0.0,,4617338506989801847,2026-05-05 04:19:15.185025
2026-05-04,25346,CAR,PHI,30004602,Nikita Pavlychev,assists,rf_qrf_assists,0.3.0,empirical_qrf,0.0,0.0,0.0,,4617338506989801847,2026-05-05 04:19:15.185025
2026-05-04,25346,CAR,PHI,30004806,Seth Jarvis,assists,rf_qrf_assists,0.3.0,empirical_qrf,0.0,0.0,0.0,,4617338506989801847,2026-05-05 04:19:15.185025
2026-05-04,25346,CAR,PHI,30004865,Alexander Nikishin,assists,rf_qrf_assists,0.3.0,empirical_qrf,0.0,0.0,0.0,,4617338506989801847,2026-05-05 04:19:15.185025
2026-05-04,25346,CAR,PHI,30004913,Evan Vierling,assists,rf_qrf_assists,0.3.0,empirical_qrf,0.0,0.0,0.0,,4617338506989801847,2026-05-05 04:19:15.185025
2026-05-04,25346,CAR,PHI,30004924,Josiah Slavin,assists,rf_qrf_assists,0.3.0,empirical_qrf,0.0,0.0,0.0,,4617338506989801847,2026-05-05 04:19:15.185025
2026-05-04,25346,CAR,PHI,30004953,Pyotr Kochetkov,assists,rf_qrf_assists,0.3.0,empirical_qrf,0.0,0.0,0.0,,4617338506989801847,2026-05-05 04:19:15.185025
2026-05-04,25346,CAR,PHI,30005026,Aleksi Heimosalmi,assists,rf_qrf_assists,0.3.0,empirical_qrf,0.0,0.0,0.0,,4617338506989801847,2026-05-05 04:19:15.185025
2026-05-04,25346,CAR,PHI,30005034,Logan Stankoven,assists,rf_qrf_assists,0.3.0,empirical_qrf,0.0,0.0,0.0,,4617338506989801847,2026-05-05 04:19:15.185025
2026-05-04,25346,CAR,PHI,30005153,Bryce Montgomery,assists,rf_qrf_assists,0.3.0,empirical_qrf,0.0,0.0,0.0,,4617338506989801847,2026-05-05 04:19:15.185025
2026-05-04,25346,CAR,PHI,30005155,Justin Robidas,assists,rf_qrf_assists,0.3.0,empirical_qrf,0.0,0.0,0.0,,4617338506989801847,2026-05-05 04:19:15.185025
2026-05-04,25346,CAR,PHI,30005156,Ronan Seeley,assists,rf_qrf_assists,0.3.0,empirical_qrf,0.0,0.0,0.0,,4617338506989801847,2026-05-05 04:19:15.185025
2026-05-04,25346,CAR,PHI,30005405,Jackson Blake,assists,rf_qrf_assists,0.3.0,empirical_qrf,0.0,0.0,0.0,,4617338506989801847,2026-05-05 04:19:15.185025
2026-05-04,25346,CAR,PHI,30005573,Brandon Bussi,assists,rf_qrf_assists,0.3.0,empirical_qrf,0.0,0.0,0.0,,4617338506989801847,2026-05-05 04:19:15.185025
2026-05-04,25346,CAR,PHI,30005685,Viktor Neuchev,assists,rf_qrf_assists,0.3.0,empirical_qrf,0.0,0.0,0.0,,4617338506989801847,2026-05-05 04:19:15.185025
2026-05-04,25346,CAR,PHI,30006098,Felix Unger Sorum,assists,rf_qrf_assists,0.3.0,empirical_qrf,0.0,0.0,0.0,,4617338506989801847,2026-05-05 04:19:15.185025
2026-05-04,25347,ANA,VEG,30000269,Radko Gudas,assists,rf_qrf_assists,0.3.0,empirical_qrf,0.0,0.0,0.0,,4617338506989801847,2026-05-05 04:19:15.185025
2026-05-04,25347,ANA,VEG,30000320,Chris Kreider,assists,rf_qrf_assists,0.3.0,empirical_qrf,0.0,0.0,0.0,,4617338506989801847,2026-05-05 04:19:15.185025
2026-05-04,25347,ANA,VEG,30000509,Justin Bailey,assists,rf_qrf_assists,0.3.0,empirical_qrf,0.0,0.0,0.0,,4617338506989801847,2026-05-05 04:19:15.185025
2026-05-04,25347,ANA,VEG,30000515,Mikael Granlund,assists,rf_qrf_assists,0.3.0,empirical_qrf,0.0,0.0,0.0,,4617338506989801847,2026-05-05 04:19:15.185025
2026-05-04,25347,ANA,VEG,30000587,John Carlson,assists,rf_qrf_assists,0.3.0,empirical_qrf,0.0,0.0,0.0,,4617338506989801847,2026-05-05 04:19:15.185025
2026-05-04,25347,ANA,VEG,30000609,Frank Vatrano,assists,rf_qrf_assists,0.3.0,empirical_qrf,0.0,0.0,0.0,,4617338506989801847,2026-05-05 04:19:15.185025
2026-05-04,25347,ANA,VEG,30000739,Alex Killorn,assists,rf_qrf_assists,0.3.0,empirical_qrf,0.0,0.0,0.0,,4617338506989801847,2026-05-05 04:19:15.185025
2026-05-04,25347,ANA,VEG,30000834,Jacob Trouba,assists,rf_qrf_assists,0.3.0,empirical_qrf,0.0,0.0,0.0,,4617338506989801847,2026-05-05 04:19:15.185025
2026-05-04,25347,ANA,VEG,30000998,Ross Johnston,assists,rf_qrf_assists,0.3.0,empirical_qrf,0.0,0.0,0.0,,4617338506989801847,2026-05-05 04:19:15.185025
2026-05-04,25347,ANA,VEG,30001009,Petr Mrazek,assists,rf_qrf_assists,0.3.0,empirical_qrf,0.0,0.0,0.0,,4617338506989801847,2026-05-05 04:19:15.185025
2026-05-04,25347,ANA,VEG,30002528,Tyrell Goulbourne,assists,rf_qrf_assists,0.3.0,empirical_qrf,0.0,0.0,0.0,,4617338506989801847,2026-05-05 04:19:15.185025
2026-05-04,25347,ANA,VEG,30002760,Ville Husso,assists,rf_qrf_assists,0.3.0,empirical_qrf,0.0,0.0,0.0,,4617338506989801847,2026-05-05 04:19:15.185025
2026-05-04,25347,ANA,VEG,30002773,Jansen Harkins,assists,rf_qrf_assists,0.3.0,empirical_qrf,0.0,0.0,0.0,,4617338506989801847,2026-05-05 04:19:15.185025
2026-05-04,25347,ANA,VEG,30002864,Nikolas Brouillard,assists,rf_qrf_assists,0.3.0,empirical_qrf,0.0,0.0,0.0,,4617338506989801847,2026-05-05 04:19:15.185025
2026-05-04,25347,ANA,VEG,30003197,Carsen Twarynski,assists,rf_qrf_assists,0.3.0,empirical_qrf,0.0,0.0,0.0,,4617338506989801847,2026-05-05 04:19:15.185025
2026-05-04,25347,ANA,VEG,30003401,Jeffrey Viel,assists,rf_qrf_assists,0.3.0,empirical_qrf,0.0,0.0,0.0,,4617338506989801847,2026-05-05 04:19:15.185025
2026-05-04,25347,ANA,VEG,30003475,Matthew Phillips,assists,rf_qrf_assists,0.3.0,empirical_qrf,0.0,0.0,0.0,,4617338506989801847,2026-05-05 04:19:15.185025
2026-05-04,25347,ANA,VEG,30003650,Ryan Poehling,assists,rf_qrf_assists,0.3.0,empirical_qrf,0.0,0.0,0.0,,4617338506989801847,2026-05-05 04:19:15.185025
2026-05-04,25347,ANA,VEG,30003747,Troy Terry,assists,rf_qrf_assists,0.3.0,empirical_qrf,0.0,0.0,0.0,,4617338506989801847,2026-05-05 04:19:15.185025
2026-05-04,25347,ANA,VEG,30003948,David Cotton,assists,rf_qrf_assists,0.3.0,empirical_qrf,0.0,0.0,0.0,,4617338506989801847,2026-05-05 04:19:15.185025
2026-05-04,25347,ANA,VEG,30004160,Lukas Dostal,assists,rf_qrf_assists,0.3.0,empirical_qrf,0.0,0.0,0.0,,4617338506989801847,2026-05-05 04:19:15.185025
2026-05-04,25347,ANA,VEG,30004512,Drew Helleson,assists,rf_qrf_assists,0.3.0,empirical_qrf,0.0,0.0,0.0,,4617338506989801847,2026-05-05 04:19:15.185025
2026-05-04,25347,ANA,VEG,30004526,Jackson LaCombe,assists,rf_qrf_assists,0.3.0,empirical_qrf,0.0,0.0,0.0,,4617338506989801847,2026-05-05 04:19:15.185025
2026-05-04,25347,ANA,VEG,30004550,Judd Caulfield,assists,rf_qrf_assists,0.3.0,empirical_qrf,0.0,0.0,0.0,,4617338506989801847,2026-05-05 04:19:15.185025
2026-05-04,25347,ANA,VEG,30004828,Calle Clang,assists,rf_qrf_assists,0.3.0,empirical_qrf,0.0,0.0,0.0,,4617338506989801847,2026-05-05 04:19:15.185025
2026-05-04,25347,ANA,VEG,30004829,Sam Colangelo,assists,rf_qrf_assists,0.3.0,empirical_qrf,0.0,0.0,0.0,,4617338506989801847,2026-05-05 04:19:15.185025
2026-05-04,25347,ANA,VEG,30004861,Ian Moore,assists,rf_qrf_assists,0.3.0,empirical_qrf,0.0,0.0,0.0,,4617338506989801847,2026-05-05 04:19:15.185025
2026-05-04,25347,ANA,VEG,30004997,Mason McTavish,assists,rf_qrf_assists,0.3.0,empirical_qrf,0.0,0.0,0.0,,4617338506989801847,2026-05-05 04:19:15.185025
2026-05-04,25347,ANA,VEG,30005018,Olen Zellweger,assists,rf_qrf_assists,0.3.0,empirical_qrf,0.0,0.0,0.0,,4617338506989801847,2026-05-05 04:19:15.185025
2026-05-04,25347,ANA,VEG,30005051,Sasha Pastujov,assists,rf_qrf_assists,0.3.0,empirical_qrf,0.0,0.0,0.0,,4617338506989801847,2026-05-05 04:19:15.185025
2026-05-04,25347,ANA,VEG,30005095,Davis Codd,assists,rf_qrf_assists,0.3.0,empirical_qrf,0.0,0.0,0.0,,4617338506989801847,2026-05-05 04:19:15.185025
2026-05-04,25347,ANA,VEG,30005275,Tyson Hinds,assists,rf_qrf_assists,0.3.0,empirical_qrf,0.0,0.0,0.0,,4617338506989801847,2026-05-05 04:19:15.185025
2026-05-04,25347,ANA,VEG,30005285,Jeremie Biakabutuka,assists,rf_qrf_assists,0.3.0,empirical_qrf,0.0,0.0,0.0,,4617338506989801847,2026-05-05 04:19:15.185025
2026-05-04,25347,ANA,VEG,30005615,Pavel Mintyukov,assists,rf_qrf_assists,0.3.0,empirical_qrf,0.0,0.0,0.0,,4617338506989801847,2026-05-05 04:19:15.185025
2026-05-04,25347,ANA,VEG,30005620,Cutter Gauthier,assists,rf_qrf_assists,0.3.0,empirical_qrf,0.0,0.0,0.0,,4617338506989801847,2026-05-05 04:19:15.185025
2026-05-04,25347,ANA,VEG,30005643,Nathan Gaucher,assists,rf_qrf_assists,0.3.0,empirical_qrf,0.0,0.0,0.0,,4617338506989801847,2026-05-05 04:19:15.185025
2026-05-04,25347,ANA,VEG,30005677,Noah Warren,assists,rf_qrf_assists,0.3.0,empirical_qrf,0.0,0.0,0.0,,4617338506989801847,2026-05-05 04:19:15.185025
2026-05-04,25347,ANA,VEG,30005678,Tristan Luneau,assists,rf_qrf_assists,0.3.0,empirical_qrf,0.0,0.0,0.0,,4617338506989801847,2026-05-05 04:19:15.185025
2026-05-04,25347,ANA,VEG,30005940,Vyacheslav Buteyets,assists,rf_qrf_assists,0.3.0,empirical_qrf,0.0,0.0,0.0,,4617338506989801847,2026-05-05 04:19:15.185025
2026-05-04,25347,ANA,VEG,30005945,Tomas Suchanek,assists,rf_qrf_assists,0.3.0,empirical_qrf,0.0,0.0,0.0,,4617338506989801847,2026-05-05 04:19:15.185025
2026-05-04,25347,ANA,VEG,30006016,Jaxsen Wiebe,assists,rf_qrf_assists,0.3.0,empirical_qrf,0.0,0.0,0.0,,4617338506989801847,2026-05-05 04:19:15.185025
2026-05-04,25347,ANA,VEG,30006017,Nikita Nesterenko,assists,rf_qrf_assists,0.3.0,empirical_qrf,0.0,0.0,0.0,,4617338506989801847,2026-05-05 04:19:15.185025
2026-05-04,25347,ANA,VEG,30006069,Leo Carlsson,assists,rf_qrf_assists,0.3.0,empirical_qrf,0.0,0.0,0.0,,4617338506989801847,2026-05-05 04:19:15.185025
2026-05-04,25347,ANA,VEG,30006116,Damian Clara,assists,rf_qrf_assists,0.3.0,empirical_qrf,0.0,0.0,0.0,,4617338506989801847,2026-05-05 04:19:15.185025
2026-05-04,25347,ANA,VEG,30006117,Nico Myatovic,assists,rf_qrf_assists,0.3.0,empirical_qrf,0.0,0.0,0.0,,4617338506989801847,2026-05-05 04:19:15.185025
2026-05-04,25347,ANA,VEG,30006129,Coulson Pitre,assists,rf_qrf_assists,0.3.0,empirical_qrf,0.0,0.0,0.0,,4617338506989801847,2026-05-05 04:19:15.185025
2026-05-04,25347,ANA,VEG,30006161,Yegor Sidorov,assists,rf_qrf_assists,0.3.0,empirical_qrf,0.0,0.0,0.0,,4617338506989801847,2026-05-05 04:19:15.185025
2026-05-04,25347,ANA,VEG,30006162,Konnor Smith,assists,rf_qrf_assists,0.3.0,empirical_qrf,0.0,0.0,0.0,,4617338506989801847,2026-05-05 04:19:15.185025
2026-05-04,25347,ANA,VEG,30006310,Roman Kinal,assists,rf_qrf_assists,0.3.0,empirical_qrf,0.0,0.0,0.0,,4617338506989801847,2026-05-05 04:19:15.185025
2026-05-04,25347,ANA,VEG,30006353,Easton Armstrong,assists,rf_qrf_assists,0.3.0,empirical_qrf,0.0,0.0,0.0,,4617338506989801847,2026-05-05 04:19:15.185025
2026-05-04,25347,ANA,VEG,30006483,Beckett Sennecke,assists,rf_qrf_assists,0.3.0,empirical_qrf,0.0,0.0,0.0,,4617338506989801847,2026-05-05 04:19:15.185025
2026-05-04,25347,ANA,VEG,30006513,Stian Solberg,assists,rf_qrf_assists,0.3.0,empirical_qrf,0.0,0.0,0.0,,4617338506989801847,2026-05-05 04:19:15.185025
2026-05-04,25347,ANA,VEG,30006849,Tim Washe,assists,rf_qrf_assists,0.3.0,empirical_qrf,0.0,0.0,0.0,,4617338506989801847,2026-05-05 04:19:15.185025
2026-05-04,25347,VEG,ANA,30000080,Reilly Smith,assists,rf_qrf_assists,0.3.0,empirical_qrf,0.0,0.0,0.0,,4617338506989801847,2026-05-05 04:19:15.185025
2026-05-04,25347,VEG,ANA,30000132,Tomas Hertl,assists,rf_qrf_assists,0.3.0,empirical_qrf,0.0,0.0,0.0,,4617338506989801847,2026-05-05 04:19:15.185025
2026-05-04,25347,VEG,ANA,30000152,Brayden McNabb,assists,rf_qrf_assists,0.3.0,empirical_qrf,0.0,0.0,0.0,,4617338506989801847,2026-05-05 04:19:15.185025
2026-05-04,25347,VEG,ANA,30000189,Colton Sissons,assists,rf_qrf_assists,0.3.0,empirical_qrf,0.0,0.0,0.0,,4617338506989801847,2026-05-05 04:19:15.185025
2026-05-04,25347,VEG,ANA,30000422,William Karlsson,assists,rf_qrf_assists,0.3.0,empirical_qrf,0.0,0.0,0.0,,4617338506989801847,2026-05-05 04:19:15.185025
2026-05-04,25347,VEG,ANA,30000496,Jack Eichel,assists,rf_qrf_assists,0.3.0,empirical_qrf,0.0,0.0,0.0,,4617338506989801847,2026-05-05 04:19:15.185025
2026-05-04,25347,VEG,ANA,30000633,Noah Hanifin,assists,rf_qrf_assists,0.3.0,empirical_qrf,0.0,0.0,0.0,,4617338506989801847,2026-05-05 04:19:15.185025
2026-05-04,25347,VEG,ANA,30000694,Keegan Kolesar,assists,rf_qrf_assists,0.3.0,empirical_qrf,0.0,0.0,0.0,,4617338506989801847,2026-05-05 04:19:15.185025
2026-05-04,25347,VEG,ANA,30000784,Ivan Barbashev,assists,rf_qrf_assists,0.3.0,empirical_qrf,0.0,0.0,0.0,,4617338506989801847,2026-05-05 04:19:15.185025
2026-05-04,25347,VEG,ANA,30000793,Alex Pietrangelo,assists,rf_qrf_assists,0.3.0,empirical_qrf,0.0,0.0,0.0,,4617338506989801847,2026-05-05 04:19:15.185025
2026-05-04,25347,VEG,ANA,30000881,Jaycob Megna,assists,rf_qrf_assists,0.3.0,empirical_qrf,0.0,0.0,0.0,,4617338506989801847,2026-05-05 04:19:15.185025
2026-05-04,25347,VEG,ANA,30000890,Shea Theodore,assists,rf_qrf_assists,0.3.0,empirical_qrf,0.0,0.0,0.0,,4617338506989801847,2026-05-05 04:19:15.185025
2026-05-04,25347,VEG,ANA,30000927,Ben Hutton,assists,rf_qrf_assists,0.3.0,empirical_qrf,0.0,0.0,0.0,,4617338506989801847,2026-05-05 04:19:15.185025
2026-05-04,25347,VEG,ANA,30001133,Rasmus Andersson,assists,rf_qrf_assists,0.3.0,empirical_qrf,0.0,0.0,0.0,,4617338506989801847,2026-05-05 04:19:15.185025
2026-05-04,25347,VEG,ANA,30001229,Brandon Saad,assists,rf_qrf_assists,0.3.0,empirical_qrf,0.0,0.0,0.0,,4617338506989801847,2026-05-05 04:19:15.185025
2026-05-04,25347,VEG,ANA,30001246,Mark Stone,assists,rf_qrf_assists,0.3.0,empirical_qrf,0.0,0.0,0.0,,4617338506989801847,2026-05-05 04:19:15.185025
2026-05-04,25347,VEG,ANA,30002608,Brandon Hickey,assists,rf_qrf_assists,0.3.0,empirical_qrf,0.0,0.0,0.0,,4617338506989801847,2026-05-05 04:19:15.185025
2026-05-04,25347,VEG,ANA,30002695,Nic Dowd,assists,rf_qrf_assists,0.3.0,empirical_qrf,0.0,0.0,0.0,,4617338506989801847,2026-05-05 04:19:15.185025
2026-05-04,25347,VEG,ANA,30002783,Adin Hill,assists,rf_qrf_assists,0.3.0,empirical_qrf,0.0,0.0,0.0,,4617338506989801847,2026-05-05 04:19:15.185025
2026-05-04,25347,VEG,ANA,30002827,Jeremy Lauzon,assists,rf_qrf_assists,0.3.0,empirical_qrf,0.0,0.0,0.0,,4617338506989801847,2026-05-05 04:19:15.185025
2026-05-04,25347,VEG,ANA,30003153,Brett Howden,assists,rf_qrf_assists,0.3.0,empirical_qrf,0.0,0.0,0.0,,4617338506989801847,2026-05-05 04:19:15.185025
2026-05-04,25347,VEG,ANA,30003155,Lucas Johansen,assists,rf_qrf_assists,0.3.0,empirical_qrf,0.0,0.0,0.0,,4617338506989801847,2026-05-05 04:19:15.185025
2026-05-04,25347,VEG,ANA,30003166,Carter Hart,assists,rf_qrf_assists,0.3.0,empirical_qrf,0.0,0.0,0.0,,4617338506989801847,2026-05-05 04:19:15.185025
2026-05-04,25347,VEG,ANA,30003342,Mitchell Marner,assists,rf_qrf_assists,0.3.0,empirical_qrf,0.0,0.0,0.0,,4617338506989801847,2026-05-05 04:19:15.185025
2026-05-04,25347,VEG,ANA,30003396,Dylan Coghlan,assists,rf_qrf_assists,0.3.0,empirical_qrf,0.0,0.0,0.0,,4617338506989801847,2026-05-05 04:19:15.185025
2026-05-04,25347,VEG,ANA,30003701,Jonas Rondbjerg,assists,rf_qrf_assists,0.3.0,empirical_qrf,0.0,0.0,0.0,,4617338506989801847,2026-05-05 04:19:15.185025
2026-05-04,25347,VEG,ANA,30003924,Jeremy Davies,assists,rf_qrf_assists,0.3.0,empirical_qrf,0.0,0.0,0.0,,4617338506989801847,2026-05-05 04:19:15.185025
2026-05-04,25347,VEG,ANA,30003961,Tanner Laczynski,assists,rf_qrf_assists,0.3.0,empirical_qrf,0.0,0.0,0.0,,4617338506989801847,2026-05-05 04:19:15.185025
2026-05-04,25347,VEG,ANA,30004243,Mitchell McLain,assists,rf_qrf_assists,0.3.0,empirical_qrf,0.0,0.0,0.0,,4617338506989801847,2026-05-05 04:19:15.185025
2026-05-04,25347,VEG,ANA,30004341,Akira Schmid,assists,rf_qrf_assists,0.3.0,empirical_qrf,0.0,0.0,0.0,,4617338506989801847,2026-05-05 04:19:15.185025
2026-05-04,25347,VEG,ANA,30004503,Raphael Lavoie,assists,rf_qrf_assists,0.3.0,empirical_qrf,0.0,0.0,0.0,,4617338506989801847,2026-05-05 04:19:15.185025
2026-05-04,25347,VEG,ANA,30004510,Kaedan Korczak,assists,rf_qrf_assists,0.3.0,empirical_qrf,0.0,0.0,0.0,,4617338506989801847,2026-05-05 04:19:15.185025
2026-05-04,25347,VEG,ANA,30004532,Pavel Dorofeyev,assists,rf_qrf_assists,0.3.0,empirical_qrf,0.0,0.0,0.0,,4617338506989801847,2026-05-05 04:19:15.185025
2026-05-04,25347,VEG,ANA,30004748,Cole Smith,assists,rf_qrf_assists,0.3.0,empirical_qrf,0.0,0.0,0.0,,4617338506989801847,2026-05-05 04:19:15.185025
2026-05-04,25347,VEG,ANA,30004805,Alexander Holtz,assists,rf_qrf_assists,0.3.0,empirical_qrf,0.0,0.0,0.0,,4617338506989801847,2026-05-05 04:19:15.185025
2026-05-04,25347,VEG,ANA,30004831,Lukas Cormier,assists,rf_qrf_assists,0.3.0,empirical_qrf,0.0,0.0,0.0,,4617338506989801847,2026-05-05 04:19:15.185025
2026-05-04,25347,VEG,ANA,30005106,Jakub Brabenec,assists,rf_qrf_assists,0.3.0,empirical_qrf,0.0,0.0,0.0,,4617338506989801847,2026-05-05 04:19:15.185025
2026-05-04,25347,VEG,ANA,30005109,Jakub Demek,assists,rf_qrf_assists,0.3.0,empirical_qrf,0.0,0.0,0.0,,4617338506989801847,2026-05-05 04:19:15.185025
2026-05-04,25347,VEG,ANA,30005162,Riley McKay,assists,rf_qrf_assists,0.3.0,empirical_qrf,0.0,0.0,0.0,,4617338506989801847,2026-05-05 04:19:15.185025
2026-05-04,25347,VEG,ANA,30005320,Carl Lindbom,assists,rf_qrf_assists,0.3.0,empirical_qrf,0.0,0.0,0.0,,4617338506989801847,2026-05-05 04:19:15.185025
2026-05-04,25347,VEG,ANA,30005406,Kevin Wall,assists,rf_qrf_assists,0.3.0,empirical_qrf,0.0,0.0,0.0,,4617338506989801847,2026-05-05 04:19:15.185025
2026-05-04,25347,VEG,ANA,30005679,Matyas Sapovaliv,assists,rf_qrf_assists,0.3.0,empirical_qrf,0.0,0.0,0.0,,4617338506989801847,2026-05-05 04:19:15.185025
2026-05-04,25347,VEG,ANA,30005795,Ben Hemmerling,assists,rf_qrf_assists,0.3.0,empirical_qrf,0.0,0.0,0.0,,4617338506989801847,2026-05-05 04:19:15.185025
2026-05-04,25347,VEG,ANA,30005809,Joe Fleming,assists,rf_qrf_assists,0.3.0,empirical_qrf,0.0,0.0,0.0,,4617338506989801847,2026-05-05 04:19:15.185025
2026-05-04,25347,VEG,ANA,30005815,Jordan Papirny,assists,rf_qrf_assists,0.3.0,empirical_qrf,0.0,0.0,0.0,,4617338506989801847,2026-05-05 04:19:15.185025
2026-05-04,25347,VEG,ANA,30005841,Samuel Mayer,assists,rf_qrf_assists,0.3.0,empirical_qrf,0.0,0.0,0.0,,4617338506989801847,2026-05-05 04:19:15.185025
2026-05-04,25347,VEG,ANA,30006216,Carter Sotheran,assists,rf_qrf_assists,0.3.0,empirical_qrf,0.0,0.0,0.0,,4617338506989801847,2026-05-05 04:19:15.185025
2026-05-04,25347,VEG,ANA,30006232,Tuomas Uronen,assists,rf_qrf_assists,0.3.0,empirical_qrf,0.0,0.0,0.0,,4617338506989801847,2026-05-05 04:19:15.185025
2026-05-04,25347,VEG,ANA,30006391,Mazden Leslie,assists,rf_qrf_assists,0.3.0,empirical_qrf,0.0,0.0,0.0,,4617338506989801847,2026-05-05 04:19:15.185025
2026-05-04,25346,PHI,CAR,30000050,Sean Couturier,shots_on_goal,rf_qrf_shots_on_goal,0.3.0,empirical_qrf,1.0,1.0,1.0,,4617338506989801847,2026-05-05 04:19:16.230005
2026-05-04,25346,PHI,CAR,30000234,Garrett Wilson,shots_on_goal,rf_qrf_shots_on_goal,0.3.0,empirical_qrf,1.0,1.0,1.0,,4617338506989801847,2026-05-05 04:19:16.230005
2026-05-04,25346,PHI,CAR,30000349,Travis Konecny,shots_on_goal,rf_qrf_shots_on_goal,0.3.0,empirical_qrf,1.0,1.0,1.0,,4617338506989801847,2026-05-05 04:19:16.230005
2026-05-04,25346,PHI,CAR,30000624,Travis Sanheim,shots_on_goal,rf_qrf_shots_on_goal,0.3.0,empirical_qrf,1.0,1.0,1.0,,4617338506989801847,2026-05-05 04:19:16.230005
2026-05-04,25346,PHI,CAR,30000844,Luke Glendening,shots_on_goal,rf_qrf_shots_on_goal,0.3.0,empirical_qrf,1.0,1.0,1.0,,4617338506989801847,2026-05-05 04:19:16.230005
2026-05-04,25346,PHI,CAR,30000942,Christian Dvorak,shots_on_goal,rf_qrf_shots_on_goal,0.3.0,empirical_qrf,1.0,1.0,1.0,,4617338506989801847,2026-05-05 04:19:16.230005
2026-05-04,25346,PHI,CAR,30001201,Garnet Hathaway,shots_on_goal,rf_qrf_shots_on_goal,0.3.0,empirical_qrf,1.0,1.0,1.0,,4617338506989801847,2026-05-05 04:19:16.230005
2026-05-04,25346,PHI,CAR,30001294,Rasmus Ristolainen,shots_on_goal,rf_qrf_shots_on_goal,0.3.0,empirical_qrf,1.0,1.0,1.0,,4617338506989801847,2026-05-05 04:19:16.230005
2026-05-04,25346,PHI,CAR,30001312,Noah Juulsen,shots_on_goal,rf_qrf_shots_on_goal,0.3.0,empirical_qrf,1.0,1.0,1.0,,4617338506989801847,2026-05-05 04:19:16.230005
2026-05-04,25346,PHI,CAR,30002786,Dan Vladar,shots_on_goal,rf_qrf_shots_on_goal,0.3.0,empirical_qrf,1.0,1.0,1.0,,4617338506989801847,2026-05-05 04:19:16.230005
2026-05-04,25346,PHI,CAR,30002979,Anthony Richard,shots_on_goal,rf_qrf_shots_on_goal,0.3.0,empirical_qrf,1.0,1.0,1.0,,4617338506989801847,2026-05-05 04:19:16.230005
2026-05-04,25346,PHI,CAR,30003016,Nick Seeler,shots_on_goal,rf_qrf_shots_on_goal,0.3.0,empirical_qrf,1.0,1.0,1.0,,4617338506989801847,2026-05-05 04:19:16.230005
2026-05-04,25346,PHI,CAR,30003167,Boris Katchouk,shots_on_goal,rf_qrf_shots_on_goal,0.3.0,empirical_qrf,1.0,1.0,1.0,,4617338506989801847,2026-05-05 04:19:16.230005
2026-05-04,25346,PHI,CAR,30003171,Carl Grundstrom,shots_on_goal,rf_qrf_shots_on_goal,0.3.0,empirical_qrf,1.0,1.0,1.0,,4617338506989801847,2026-05-05 04:19:16.230005
2026-05-04,25346,PHI,CAR,30003283,Lane Pederson,shots_on_goal,rf_qrf_shots_on_goal,0.3.0,empirical_qrf,1.0,1.0,1.0,,4617338506989801847,2026-05-05 04:19:16.230005
2026-05-04,25346,PHI,CAR,30003500,Rodrigo Abols,shots_on_goal,rf_qrf_shots_on_goal,0.3.0,empirical_qrf,1.0,1.0,1.0,,4617338506989801847,2026-05-05 04:19:16.230005
2026-05-04,25346,PHI,CAR,30003653,Owen Tippett,shots_on_goal,rf_qrf_shots_on_goal,0.3.0,empirical_qrf,1.0,1.0,1.0,,4617338506989801847,2026-05-05 04:19:16.230005
2026-05-04,25346,PHI,CAR,30003733,Keith Petruzzelli,shots_on_goal,rf_qrf_shots_on_goal,0.3.0,empirical_qrf,1.0,1.0,1.0,,4617338506989801847,2026-05-05 04:19:16.230005
2026-05-04,25346,PHI,CAR,30004002,Cooper Marody,shots_on_goal,rf_qrf_shots_on_goal,0.3.0,empirical_qrf,1.0,1.0,1.0,,4617338506989801847,2026-05-05 04:19:16.230005
2026-05-04,25346,PHI,CAR,30004154,Xavier Bernard,shots_on_goal,rf_qrf_shots_on_goal,0.3.0,empirical_qrf,1.0,1.0,1.0,,4617338506989801847,2026-05-05 04:19:16.230005
2026-05-04,25346,PHI,CAR,30004406,Samuel Ersson,shots_on_goal,rf_qrf_shots_on_goal,0.3.0,empirical_qrf,1.0,1.0,1.0,,4617338506989801847,2026-05-05 04:19:16.230005
2026-05-04,25346,PHI,CAR,30004481,Trevor Zegras,shots_on_goal,rf_qrf_shots_on_goal,0.3.0,empirical_qrf,1.0,1.0,1.0,,4617338506989801847,2026-05-05 04:19:16.230005
2026-05-04,25346,PHI,CAR,30004484,Cam York,shots_on_goal,rf_qrf_shots_on_goal,0.3.0,empirical_qrf,1.0,1.0,1.0,,4617338506989801847,2026-05-05 04:19:16.230005
2026-05-04,25346,PHI,CAR,30004488,Philip Tomasino,shots_on_goal,rf_qrf_shots_on_goal,0.3.0,empirical_qrf,1.0,1.0,1.0,,4617338506989801847,2026-05-05 04:19:16.230005
2026-05-04,25346,PHI,CAR,30004800,Jamie Drysdale,shots_on_goal,rf_qrf_shots_on_goal,0.3.0,empirical_qrf,1.0,1.0,1.0,,4617338506989801847,2026-05-05 04:19:16.230005
2026-05-04,25346,PHI,CAR,30004801,Tyson Foerster,shots_on_goal,rf_qrf_shots_on_goal,0.3.0,empirical_qrf,1.0,1.0,1.0,,4617338506989801847,2026-05-05 04:19:16.230005
2026-05-04,25346,PHI,CAR,30004824,Emil Andrae,shots_on_goal,rf_qrf_shots_on_goal,0.3.0,empirical_qrf,1.0,1.0,1.0,,4617338506989801847,2026-05-05 04:19:16.230005
2026-05-04,25346,PHI,CAR,30004839,Helge Grans,shots_on_goal,rf_qrf_shots_on_goal,0.3.0,empirical_qrf,1.0,1.0,1.0,,4617338506989801847,2026-05-05 04:19:16.230005
2026-05-04,25346,PHI,CAR,30005130,Brett Harrison,shots_on_goal,rf_qrf_shots_on_goal,0.3.0,empirical_qrf,1.0,1.0,1.0,,4617338506989801847,2026-05-05 04:19:16.230005
2026-05-04,25346,PHI,CAR,30005234,Vincent Sevigny,shots_on_goal,rf_qrf_shots_on_goal,0.3.0,empirical_qrf,1.0,1.0,1.0,,4617338506989801847,2026-05-05 04:19:16.230005
2026-05-04,25346,PHI,CAR,30005293,Artem Guryev,shots_on_goal,rf_qrf_shots_on_goal,0.3.0,empirical_qrf,1.0,1.0,1.0,,4617338506989801847,2026-05-05 04:19:16.230005
2026-05-04,25346,PHI,CAR,30005321,Jacob Gaucher,shots_on_goal,rf_qrf_shots_on_goal,0.3.0,empirical_qrf,1.0,1.0,1.0,,4617338506989801847,2026-05-05 04:19:16.230005
2026-05-04,25346,PHI,CAR,30005397,Noah Cates,shots_on_goal,rf_qrf_shots_on_goal,0.3.0,empirical_qrf,1.0,1.0,1.0,,4617338506989801847,2026-05-05 04:19:16.230005
2026-05-04,25346,PHI,CAR,30005401,Aleksei Kolosov,shots_on_goal,rf_qrf_shots_on_goal,0.3.0,empirical_qrf,1.0,1.0,1.0,,4617338506989801847,2026-05-05 04:19:16.230005
2026-05-04,25346,PHI,CAR,30005612,David Jiricek,shots_on_goal,rf_qrf_shots_on_goal,0.3.0,empirical_qrf,1.0,1.0,1.0,,4617338506989801847,2026-05-05 04:19:16.230005
2026-05-04,25346,PHI,CAR,30005756,Tucker Robertson,shots_on_goal,rf_qrf_shots_on_goal,0.3.0,empirical_qrf,1.0,1.0,1.0,,4617338506989801847,2026-05-05 04:19:16.230005
2026-05-04,25346,PHI,CAR,30005798,Jackson Edward,shots_on_goal,rf_qrf_shots_on_goal,0.3.0,empirical_qrf,1.0,1.0,1.0,,4617338506989801847,2026-05-05 04:19:16.230005
2026-05-04,25346,PHI,CAR,30005890,Alex Bump,shots_on_goal,rf_qrf_shots_on_goal,0.3.0,empirical_qrf,1.0,1.0,1.0,,4617338506989801847,2026-05-05 04:19:16.230005
2026-05-04,25346,PHI,CAR,30005892,Hunter McDonald,shots_on_goal,rf_qrf_shots_on_goal,0.3.0,empirical_qrf,1.0,1.0,1.0,,4617338506989801847,2026-05-05 04:19:16.230005
2026-05-04,25346,PHI,CAR,30005958,Nikita Grebenkin,shots_on_goal,rf_qrf_shots_on_goal,0.3.0,empirical_qrf,1.0,1.0,1.0,,4617338506989801847,2026-05-05 04:19:16.230005
2026-05-04,25346,PHI,CAR,30006045,Yaniv Perets,shots_on_goal,rf_qrf_shots_on_goal,0.3.0,empirical_qrf,1.0,1.0,1.0,,4617338506989801847,2026-05-05 04:19:16.230005
2026-05-04,25346,PHI,CAR,30006061,Matvei Michkov,shots_on_goal,rf_qrf_shots_on_goal,0.3.0,empirical_qrf,1.0,1.0,1.0,,4617338506989801847,2026-05-05 04:19:16.230005
2026-05-04,25346,PHI,CAR,30006075,Oliver Bonk,shots_on_goal,rf_qrf_shots_on_goal,0.3.0,empirical_qrf,1.0,1.0,1.0,,4617338506989801847,2026-05-05 04:19:16.230005
2026-05-04,25346,PHI,CAR,30006100,Carson Bjarnason,shots_on_goal,rf_qrf_shots_on_goal,0.3.0,empirical_qrf,1.0,1.0,1.0,,4617338506989801847,2026-05-05 04:19:16.230005
2026-05-04,25346,PHI,CAR,30006135,Denver Barkey,shots_on_goal,rf_qrf_shots_on_goal,0.3.0,empirical_qrf,1.0,1.0,1.0,,4617338506989801847,2026-05-05 04:19:16.230005
2026-05-04,25346,PHI,CAR,30006470,Oscar Eklind,shots_on_goal,rf_qrf_shots_on_goal,0.3.0,empirical_qrf,1.0,1.0,1.0,,4617338506989801847,2026-05-05 04:19:16.230005
2026-05-04,25346,PHI,CAR,30006865,Porter Martone,shots_on_goal,rf_qrf_shots_on_goal,0.3.0,empirical_qrf,1.0,1.0,1.0,,4617338506989801847,2026-05-05 04:19:16.230005
2026-05-04,25346,CAR,PHI,30000271,Shayne Gostisbehere,shots_on_goal,rf_qrf_shots_on_goal,0.3.0,empirical_qrf,1.0,1.0,1.0,,4617338506989801847,2026-05-05 04:19:16.230005
2026-05-04,25346,CAR,PHI,30000358,Jordan Staal,shots_on_goal,rf_qrf_shots_on_goal,0.3.0,empirical_qrf,1.0,1.0,1.0,,4617338506989801847,2026-05-05 04:19:16.230005
2026-05-04,25346,CAR,PHI,30000501,Nicolas Deslauriers,shots_on_goal,rf_qrf_shots_on_goal,0.3.0,empirical_qrf,1.0,1.0,1.0,,4617338506989801847,2026-05-05 04:19:16.230005
2026-05-04,25346,CAR,PHI,30000510,William Carrier,shots_on_goal,rf_qrf_shots_on_goal,0.3.0,empirical_qrf,1.0,1.0,1.0,,4617338506989801847,2026-05-05 04:19:16.230005
2026-05-04,25346,CAR,PHI,30000525,Mike Reilly,shots_on_goal,rf_qrf_shots_on_goal,0.3.0,empirical_qrf,1.0,1.0,1.0,,4617338506989801847,2026-05-05 04:19:16.230005
2026-05-04,25346,CAR,PHI,30000643,Jaccob Slavin,shots_on_goal,rf_qrf_shots_on_goal,0.3.0,empirical_qrf,1.0,1.0,1.0,,4617338506989801847,2026-05-05 04:19:16.230005
2026-05-04,25346,CAR,PHI,30000822,Nikolaj Ehlers,shots_on_goal,rf_qrf_shots_on_goal,0.3.0,empirical_qrf,1.0,1.0,1.0,,4617338506989801847,2026-05-05 04:19:16.230005
2026-05-04,25346,CAR,PHI,30000948,Jordan Martinook,shots_on_goal,rf_qrf_shots_on_goal,0.3.0,empirical_qrf,1.0,1.0,1.0,,4617338506989801847,2026-05-05 04:19:16.230005
2026-05-04,25346,CAR,PHI,30001187,Taylor Hall,shots_on_goal,rf_qrf_shots_on_goal,0.3.0,empirical_qrf,1.0,1.0,1.0,,4617338506989801847,2026-05-05 04:19:16.230005
2026-05-04,25346,CAR,PHI,30001203,Frederik Andersen,shots_on_goal,rf_qrf_shots_on_goal,0.3.0,empirical_qrf,1.0,1.0,1.0,,4617338506989801847,2026-05-05 04:19:16.230005
2026-05-04,25346,CAR,PHI,30002309,Mark Jankowski,shots_on_goal,rf_qrf_shots_on_goal,0.3.0,empirical_qrf,1.0,1.0,1.0,,4617338506989801847,2026-05-05 04:19:16.230005
2026-05-04,25346,CAR,PHI,30002819,Sebastian Aho,shots_on_goal,rf_qrf_shots_on_goal,0.3.0,empirical_qrf,1.0,1.0,1.0,,4617338506989801847,2026-05-05 04:19:16.230005
2026-05-04,25346,CAR,PHI,30002980,Eric Robinson,shots_on_goal,rf_qrf_shots_on_goal,0.3.0,empirical_qrf,1.0,1.0,1.0,,4617338506989801847,2026-05-05 04:19:16.230005
2026-05-04,25346,CAR,PHI,30003180,Givani Smith,shots_on_goal,rf_qrf_shots_on_goal,0.3.0,empirical_qrf,1.0,1.0,1.0,,4617338506989801847,2026-05-05 04:19:16.230005
2026-05-04,25346,CAR,PHI,30003359,Jalen Chatfield,shots_on_goal,rf_qrf_shots_on_goal,0.3.0,empirical_qrf,1.0,1.0,1.0,,4617338506989801847,2026-05-05 04:19:16.230005
2026-05-04,25346,CAR,PHI,30003662,Juuso Valimaki,shots_on_goal,rf_qrf_shots_on_goal,0.3.0,empirical_qrf,1.0,1.0,1.0,,4617338506989801847,2026-05-05 04:19:16.230005
2026-05-04,25346,CAR,PHI,30003786,Sean Walker,shots_on_goal,rf_qrf_shots_on_goal,0.3.0,empirical_qrf,1.0,1.0,1.0,,4617338506989801847,2026-05-05 04:19:16.230005
2026-05-04,25346,CAR,PHI,30004075,Jesperi Kotkaniemi,shots_on_goal,rf_qrf_shots_on_goal,0.3.0,empirical_qrf,1.0,1.0,1.0,,4617338506989801847,2026-05-05 04:19:16.230005
2026-05-04,25346,CAR,PHI,30004076,Andrei Svechnikov,shots_on_goal,rf_qrf_shots_on_goal,0.3.0,empirical_qrf,1.0,1.0,1.0,,4617338506989801847,2026-05-05 04:19:16.230005
2026-05-04,25346,CAR,PHI,30004082,K'Andre Miller,shots_on_goal,rf_qrf_shots_on_goal,0.3.0,empirical_qrf,1.0,1.0,1.0,,4617338506989801847,2026-05-05 04:19:16.230005
2026-05-04,25346,CAR,PHI,30004372,Skyler Brind'amour,shots_on_goal,rf_qrf_shots_on_goal,0.3.0,empirical_qrf,1.0,1.0,1.0,,4617338506989801847,2026-05-05 04:19:16.230005
2026-05-04,25346,CAR,PHI,30004385,Cayden Primeau,shots_on_goal,rf_qrf_shots_on_goal,0.3.0,empirical_qrf,1.0,1.0,1.0,,4617338506989801847,2026-05-05 04:19:16.230005
2026-05-04,25346,CAR,PHI,30004537,Domenick Fensore,shots_on_goal,rf_qrf_shots_on_goal,0.3.0,empirical_qrf,1.0,1.0,1.0,,4617338506989801847,2026-05-05 04:19:16.230005
2026-05-04,25346,CAR,PHI,30004602,Nikita Pavlychev,shots_on_goal,rf_qrf_shots_on_goal,0.3.0,empirical_qrf,1.0,1.0,1.0,,4617338506989801847,2026-05-05 04:19:16.230005
2026-05-04,25346,CAR,PHI,30004806,Seth Jarvis,shots_on_goal,rf_qrf_shots_on_goal,0.3.0,empirical_qrf,1.0,1.0,1.0,,4617338506989801847,2026-05-05 04:19:16.230005
2026-05-04,25346,CAR,PHI,30004865,Alexander Nikishin,shots_on_goal,rf_qrf_shots_on_goal,0.3.0,empirical_qrf,1.0,1.0,1.0,,4617338506989801847,2026-05-05 04:19:16.230005
2026-05-04,25346,CAR,PHI,30004913,Evan Vierling,shots_on_goal,rf_qrf_shots_on_goal,0.3.0,empirical_qrf,1.0,1.0,1.0,,4617338506989801847,2026-05-05 04:19:16.230005
2026-05-04,25346,CAR,PHI,30004924,Josiah Slavin,shots_on_goal,rf_qrf_shots_on_goal,0.3.0,empirical_qrf,1.0,1.0,1.0,,4617338506989801847,2026-05-05 04:19:16.230005
2026-05-04,25346,CAR,PHI,30004953,Pyotr Kochetkov,shots_on_goal,rf_qrf_shots_on_goal,0.3.0,empirical_qrf,1.0,1.0,1.0,,4617338506989801847,2026-05-05 04:19:16.230005
2026-05-04,25346,CAR,PHI,30005026,Aleksi Heimosalmi,shots_on_goal,rf_qrf_shots_on_goal,0.3.0,empirical_qrf,1.0,1.0,1.0,,4617338506989801847,2026-05-05 04:19:16.230005
2026-05-04,25346,CAR,PHI,30005034,Logan Stankoven,shots_on_goal,rf_qrf_shots_on_goal,0.3.0,empirical_qrf,1.0,1.0,1.0,,4617338506989801847,2026-05-05 04:19:16.230005
2026-05-04,25346,CAR,PHI,30005153,Bryce Montgomery,shots_on_goal,rf_qrf_shots_on_goal,0.3.0,empirical_qrf,1.0,1.0,1.0,,4617338506989801847,2026-05-05 04:19:16.230005
2026-05-04,25346,CAR,PHI,30005155,Justin Robidas,shots_on_goal,rf_qrf_shots_on_goal,0.3.0,empirical_qrf,1.0,1.0,1.0,,4617338506989801847,2026-05-05 04:19:16.230005
2026-05-04,25346,CAR,PHI,30005156,Ronan Seeley,shots_on_goal,rf_qrf_shots_on_goal,0.3.0,empirical_qrf,1.0,1.0,1.0,,4617338506989801847,2026-05-05 04:19:16.230005
2026-05-04,25346,CAR,PHI,30005405,Jackson Blake,shots_on_goal,rf_qrf_shots_on_goal,0.3.0,empirical_qrf,1.0,1.0,1.0,,4617338506989801847,2026-05-05 04:19:16.230005
2026-05-04,25346,CAR,PHI,30005573,Brandon Bussi,shots_on_goal,rf_qrf_shots_on_goal,0.3.0,empirical_qrf,1.0,1.0,1.0,,4617338506989801847,2026-05-05 04:19:16.230005
2026-05-04,25346,CAR,PHI,30005685,Viktor Neuchev,shots_on_goal,rf_qrf_shots_on_goal,0.3.0,empirical_qrf,1.0,1.0,1.0,,4617338506989801847,2026-05-05 04:19:16.230005
2026-05-04,25346,CAR,PHI,30006098,Felix Unger Sorum,shots_on_goal,rf_qrf_shots_on_goal,0.3.0,empirical_qrf,1.0,1.0,1.0,,4617338506989801847,2026-05-05 04:19:16.230005
2026-05-04,25347,ANA,VEG,30000269,Radko Gudas,shots_on_goal,rf_qrf_shots_on_goal,0.3.0,empirical_qrf,1.0,1.0,1.0,,4617338506989801847,2026-05-05 04:19:16.230005
2026-05-04,25347,ANA,VEG,30000320,Chris Kreider,shots_on_goal,rf_qrf_shots_on_goal,0.3.0,empirical_qrf,1.0,1.0,1.0,,4617338506989801847,2026-05-05 04:19:16.230005
2026-05-04,25347,ANA,VEG,30000509,Justin Bailey,shots_on_goal,rf_qrf_shots_on_goal,0.3.0,empirical_qrf,1.0,1.0,1.0,,4617338506989801847,2026-05-05 04:19:16.230005
2026-05-04,25347,ANA,VEG,30000515,Mikael Granlund,shots_on_goal,rf_qrf_shots_on_goal,0.3.0,empirical_qrf,1.0,1.0,1.0,,4617338506989801847,2026-05-05 04:19:16.230005
2026-05-04,25347,ANA,VEG,30000587,John Carlson,shots_on_goal,rf_qrf_shots_on_goal,0.3.0,empirical_qrf,1.0,1.0,1.0,,4617338506989801847,2026-05-05 04:19:16.230005
2026-05-04,25347,ANA,VEG,30000609,Frank Vatrano,shots_on_goal,rf_qrf_shots_on_goal,0.3.0,empirical_qrf,1.0,1.0,1.0,,4617338506989801847,2026-05-05 04:19:16.230005
2026-05-04,25347,ANA,VEG,30000739,Alex Killorn,shots_on_goal,rf_qrf_shots_on_goal,0.3.0,empirical_qrf,1.0,1.0,1.0,,4617338506989801847,2026-05-05 04:19:16.230005
2026-05-04,25347,ANA,VEG,30000834,Jacob Trouba,shots_on_goal,rf_qrf_shots_on_goal,0.3.0,empirical_qrf,1.0,1.0,1.0,,4617338506989801847,2026-05-05 04:19:16.230005
2026-05-04,25347,ANA,VEG,30000998,Ross Johnston,shots_on_goal,rf_qrf_shots_on_goal,0.3.0,empirical_qrf,1.0,1.0,1.0,,4617338506989801847,2026-05-05 04:19:16.230005
2026-05-04,25347,ANA,VEG,30001009,Petr Mrazek,shots_on_goal,rf_qrf_shots_on_goal,0.3.0,empirical_qrf,1.0,1.0,1.0,,4617338506989801847,2026-05-05 04:19:16.230005
2026-05-04,25347,ANA,VEG,30002528,Tyrell Goulbourne,shots_on_goal,rf_qrf_shots_on_goal,0.3.0,empirical_qrf,1.0,1.0,1.0,,4617338506989801847,2026-05-05 04:19:16.230005
2026-05-04,25347,ANA,VEG,30002760,Ville Husso,shots_on_goal,rf_qrf_shots_on_goal,0.3.0,empirical_qrf,1.0,1.0,1.0,,4617338506989801847,2026-05-05 04:19:16.230005
2026-05-04,25347,ANA,VEG,30002773,Jansen Harkins,shots_on_goal,rf_qrf_shots_on_goal,0.3.0,empirical_qrf,1.0,1.0,1.0,,4617338506989801847,2026-05-05 04:19:16.230005
2026-05-04,25347,ANA,VEG,30002864,Nikolas Brouillard,shots_on_goal,rf_qrf_shots_on_goal,0.3.0,empirical_qrf,1.0,1.0,1.0,,4617338506989801847,2026-05-05 04:19:16.230005
2026-05-04,25347,ANA,VEG,30003197,Carsen Twarynski,shots_on_goal,rf_qrf_shots_on_goal,0.3.0,empirical_qrf,1.0,1.0,1.0,,4617338506989801847,2026-05-05 04:19:16.230005
2026-05-04,25347,ANA,VEG,30003401,Jeffrey Viel,shots_on_goal,rf_qrf_shots_on_goal,0.3.0,empirical_qrf,1.0,1.0,1.0,,4617338506989801847,2026-05-05 04:19:16.230005
2026-05-04,25347,ANA,VEG,30003475,Matthew Phillips,shots_on_goal,rf_qrf_shots_on_goal,0.3.0,empirical_qrf,1.0,1.0,1.0,,4617338506989801847,2026-05-05 04:19:16.230005
2026-05-04,25347,ANA,VEG,30003650,Ryan Poehling,shots_on_goal,rf_qrf_shots_on_goal,0.3.0,empirical_qrf,1.0,1.0,1.0,,4617338506989801847,2026-05-05 04:19:16.230005
2026-05-04,25347,ANA,VEG,30003747,Troy Terry,shots_on_goal,rf_qrf_shots_on_goal,0.3.0,empirical_qrf,1.0,1.0,1.0,,4617338506989801847,2026-05-05 04:19:16.230005
2026-05-04,25347,ANA,VEG,30003948,David Cotton,shots_on_goal,rf_qrf_shots_on_goal,0.3.0,empirical_qrf,1.0,1.0,1.0,,4617338506989801847,2026-05-05 04:19:16.230005
2026-05-04,25347,ANA,VEG,30004160,Lukas Dostal,shots_on_goal,rf_qrf_shots_on_goal,0.3.0,empirical_qrf,1.0,1.0,1.0,,4617338506989801847,2026-05-05 04:19:16.230005
2026-05-04,25347,ANA,VEG,30004512,Drew Helleson,shots_on_goal,rf_qrf_shots_on_goal,0.3.0,empirical_qrf,1.0,1.0,1.0,,4617338506989801847,2026-05-05 04:19:16.230005
2026-05-04,25347,ANA,VEG,30004526,Jackson LaCombe,shots_on_goal,rf_qrf_shots_on_goal,0.3.0,empirical_qrf,1.0,1.0,1.0,,4617338506989801847,2026-05-05 04:19:16.230005
2026-05-04,25347,ANA,VEG,30004550,Judd Caulfield,shots_on_goal,rf_qrf_shots_on_goal,0.3.0,empirical_qrf,1.0,1.0,1.0,,4617338506989801847,2026-05-05 04:19:16.230005
2026-05-04,25347,ANA,VEG,30004828,Calle Clang,shots_on_goal,rf_qrf_shots_on_goal,0.3.0,empirical_qrf,1.0,1.0,1.0,,4617338506989801847,2026-05-05 04:19:16.230005
2026-05-04,25347,ANA,VEG,30004829,Sam Colangelo,shots_on_goal,rf_qrf_shots_on_goal,0.3.0,empirical_qrf,1.0,1.0,1.0,,4617338506989801847,2026-05-05 04:19:16.230005
2026-05-04,25347,ANA,VEG,30004861,Ian Moore,shots_on_goal,rf_qrf_shots_on_goal,0.3.0,empirical_qrf,1.0,1.0,1.0,,4617338506989801847,2026-05-05 04:19:16.230005
2026-05-04,25347,ANA,VEG,30004997,Mason McTavish,shots_on_goal,rf_qrf_shots_on_goal,0.3.0,empirical_qrf,1.0,1.0,1.0,,4617338506989801847,2026-05-05 04:19:16.230005
2026-05-04,25347,ANA,VEG,30005018,Olen Zellweger,shots_on_goal,rf_qrf_shots_on_goal,0.3.0,empirical_qrf,1.0,1.0,1.0,,4617338506989801847,2026-05-05 04:19:16.230005
2026-05-04,25347,ANA,VEG,30005051,Sasha Pastujov,shots_on_goal,rf_qrf_shots_on_goal,0.3.0,empirical_qrf,1.0,1.0,1.0,,4617338506989801847,2026-05-05 04:19:16.230005
2026-05-04,25347,ANA,VEG,30005095,Davis Codd,shots_on_goal,rf_qrf_shots_on_goal,0.3.0,empirical_qrf,1.0,1.0,1.0,,4617338506989801847,2026-05-05 04:19:16.230005
2026-05-04,25347,ANA,VEG,30005275,Tyson Hinds,shots_on_goal,rf_qrf_shots_on_goal,0.3.0,empirical_qrf,1.0,1.0,1.0,,4617338506989801847,2026-05-05 04:19:16.230005
2026-05-04,25347,ANA,VEG,30005285,Jeremie Biakabutuka,shots_on_goal,rf_qrf_shots_on_goal,0.3.0,empirical_qrf,1.0,1.0,1.0,,4617338506989801847,2026-05-05 04:19:16.230005
2026-05-04,25347,ANA,VEG,30005615,Pavel Mintyukov,shots_on_goal,rf_qrf_shots_on_goal,0.3.0,empirical_qrf,1.0,1.0,1.0,,4617338506989801847,2026-05-05 04:19:16.230005
2026-05-04,25347,ANA,VEG,30005620,Cutter Gauthier,shots_on_goal,rf_qrf_shots_on_goal,0.3.0,empirical_qrf,1.0,1.0,1.0,,4617338506989801847,2026-05-05 04:19:16.230005
2026-05-04,25347,ANA,VEG,30005643,Nathan Gaucher,shots_on_goal,rf_qrf_shots_on_goal,0.3.0,empirical_qrf,1.0,1.0,1.0,,4617338506989801847,2026-05-05 04:19:16.230005
2026-05-04,25347,ANA,VEG,30005677,Noah Warren,shots_on_goal,rf_qrf_shots_on_goal,0.3.0,empirical_qrf,1.0,1.0,1.0,,4617338506989801847,2026-05-05 04:19:16.230005
2026-05-04,25347,ANA,VEG,30005678,Tristan Luneau,shots_on_goal,rf_qrf_shots_on_goal,0.3.0,empirical_qrf,1.0,1.0,1.0,,4617338506989801847,2026-05-05 04:19:16.230005
2026-05-04,25347,ANA,VEG,30005940,Vyacheslav Buteyets,shots_on_goal,rf_qrf_shots_on_goal,0.3.0,empirical_qrf,1.0,1.0,1.0,,4617338506989801847,2026-05-05 04:19:16.230005
2026-05-04,25347,ANA,VEG,30005945,Tomas Suchanek,shots_on_goal,rf_qrf_shots_on_goal,0.3.0,empirical_qrf,1.0,1.0,1.0,,4617338506989801847,2026-05-05 04:19:16.230005
2026-05-04,25347,ANA,VEG,30006016,Jaxsen Wiebe,shots_on_goal,rf_qrf_shots_on_goal,0.3.0,empirical_qrf,1.0,1.0,1.0,,4617338506989801847,2026-05-05 04:19:16.230005
2026-05-04,25347,ANA,VEG,30006017,Nikita Nesterenko,shots_on_goal,rf_qrf_shots_on_goal,0.3.0,empirical_qrf,1.0,1.0,1.0,,4617338506989801847,2026-05-05 04:19:16.230005
2026-05-04,25347,ANA,VEG,30006069,Leo Carlsson,shots_on_goal,rf_qrf_shots_on_goal,0.3.0,empirical_qrf,1.0,1.0,1.0,,4617338506989801847,2026-05-05 04:19:16.230005
2026-05-04,25347,ANA,VEG,30006116,Damian Clara,shots_on_goal,rf_qrf_shots_on_goal,0.3.0,empirical_qrf,1.0,1.0,1.0,,4617338506989801847,2026-05-05 04:19:16.230005
2026-05-04,25347,ANA,VEG,30006117,Nico Myatovic,shots_on_goal,rf_qrf_shots_on_goal,0.3.0,empirical_qrf,1.0,1.0,1.0,,4617338506989801847,2026-05-05 04:19:16.230005
2026-05-04,25347,ANA,VEG,30006129,Coulson Pitre,shots_on_goal,rf_qrf_shots_on_goal,0.3.0,empirical_qrf,1.0,1.0,1.0,,4617338506989801847,2026-05-05 04:19:16.230005
2026-05-04,25347,ANA,VEG,30006161,Yegor Sidorov,shots_on_goal,rf_qrf_shots_on_goal,0.3.0,empirical_qrf,1.0,1.0,1.0,,4617338506989801847,2026-05-05 04:19:16.230005
2026-05-04,25347,ANA,VEG,30006162,Konnor Smith,shots_on_goal,rf_qrf_shots_on_goal,0.3.0,empirical_qrf,1.0,1.0,1.0,,4617338506989801847,2026-05-05 04:19:16.230005
2026-05-04,25347,ANA,VEG,30006310,Roman Kinal,shots_on_goal,rf_qrf_shots_on_goal,0.3.0,empirical_qrf,1.0,1.0,1.0,,4617338506989801847,2026-05-05 04:19:16.230005
2026-05-04,25347,ANA,VEG,30006353,Easton Armstrong,shots_on_goal,rf_qrf_shots_on_goal,0.3.0,empirical_qrf,1.0,1.0,1.0,,4617338506989801847,2026-05-05 04:19:16.230005
2026-05-04,25347,ANA,VEG,30006483,Beckett Sennecke,shots_on_goal,rf_qrf_shots_on_goal,0.3.0,empirical_qrf,1.0,1.0,1.0,,4617338506989801847,2026-05-05 04:19:16.230005
2026-05-04,25347,ANA,VEG,30006513,Stian Solberg,shots_on_goal,rf_qrf_shots_on_goal,0.3.0,empirical_qrf,1.0,1.0,1.0,,4617338506989801847,2026-05-05 04:19:16.230005
2026-05-04,25347,ANA,VEG,30006849,Tim Washe,shots_on_goal,rf_qrf_shots_on_goal,0.3.0,empirical_qrf,1.0,1.0,1.0,,4617338506989801847,2026-05-05 04:19:16.230005
2026-05-04,25347,VEG,ANA,30000080,Reilly Smith,shots_on_goal,rf_qrf_shots_on_goal,0.3.0,empirical_qrf,1.0,1.0,1.0,,4617338506989801847,2026-05-05 04:19:16.230005
2026-05-04,25347,VEG,ANA,30000132,Tomas Hertl,shots_on_goal,rf_qrf_shots_on_goal,0.3.0,empirical_qrf,1.0,1.0,1.0,,4617338506989801847,2026-05-05 04:19:16.230005
2026-05-04,25347,VEG,ANA,30000152,Brayden McNabb,shots_on_goal,rf_qrf_shots_on_goal,0.3.0,empirical_qrf,1.0,1.0,1.0,,4617338506989801847,2026-05-05 04:19:16.230005
2026-05-04,25347,VEG,ANA,30000189,Colton Sissons,shots_on_goal,rf_qrf_shots_on_goal,0.3.0,empirical_qrf,1.0,1.0,1.0,,4617338506989801847,2026-05-05 04:19:16.230005
2026-05-04,25347,VEG,ANA,30000422,William Karlsson,shots_on_goal,rf_qrf_shots_on_goal,0.3.0,empirical_qrf,1.0,1.0,1.0,,4617338506989801847,2026-05-05 04:19:16.230005
2026-05-04,25347,VEG,ANA,30000496,Jack Eichel,shots_on_goal,rf_qrf_shots_on_goal,0.3.0,empirical_qrf,1.0,1.0,1.0,,4617338506989801847,2026-05-05 04:19:16.230005
2026-05-04,25347,VEG,ANA,30000633,Noah Hanifin,shots_on_goal,rf_qrf_shots_on_goal,0.3.0,empirical_qrf,1.0,1.0,1.0,,4617338506989801847,2026-05-05 04:19:16.230005
2026-05-04,25347,VEG,ANA,30000694,Keegan Kolesar,shots_on_goal,rf_qrf_shots_on_goal,0.3.0,empirical_qrf,1.0,1.0,1.0,,4617338506989801847,2026-05-05 04:19:16.230005
2026-05-04,25347,VEG,ANA,30000784,Ivan Barbashev,shots_on_goal,rf_qrf_shots_on_goal,0.3.0,empirical_qrf,1.0,1.0,1.0,,4617338506989801847,2026-05-05 04:19:16.230005
2026-05-04,25347,VEG,ANA,30000793,Alex Pietrangelo,shots_on_goal,rf_qrf_shots_on_goal,0.3.0,empirical_qrf,1.0,1.0,1.0,,4617338506989801847,2026-05-05 04:19:16.230005
2026-05-04,25347,VEG,ANA,30000881,Jaycob Megna,shots_on_goal,rf_qrf_shots_on_goal,0.3.0,empirical_qrf,1.0,1.0,1.0,,4617338506989801847,2026-05-05 04:19:16.230005
2026-05-04,25347,VEG,ANA,30000890,Shea Theodore,shots_on_goal,rf_qrf_shots_on_goal,0.3.0,empirical_qrf,1.0,1.0,1.0,,4617338506989801847,2026-05-05 04:19:16.230005
2026-05-04,25347,VEG,ANA,30000927,Ben Hutton,shots_on_goal,rf_qrf_shots_on_goal,0.3.0,empirical_qrf,1.0,1.0,1.0,,4617338506989801847,2026-05-05 04:19:16.230005
2026-05-04,25347,VEG,ANA,30001133,Rasmus Andersson,shots_on_goal,rf_qrf_shots_on_goal,0.3.0,empirical_qrf,1.0,1.0,1.0,,4617338506989801847,2026-05-05 04:19:16.230005
2026-05-04,25347,VEG,ANA,30001229,Brandon Saad,shots_on_goal,rf_qrf_shots_on_goal,0.3.0,empirical_qrf,1.0,1.0,1.0,,4617338506989801847,2026-05-05 04:19:16.230005
2026-05-04,25347,VEG,ANA,30001246,Mark Stone,shots_on_goal,rf_qrf_shots_on_goal,0.3.0,empirical_qrf,1.0,1.0,1.0,,4617338506989801847,2026-05-05 04:19:16.230005
2026-05-04,25347,VEG,ANA,30002608,Brandon Hickey,shots_on_goal,rf_qrf_shots_on_goal,0.3.0,empirical_qrf,1.0,1.0,1.0,,4617338506989801847,2026-05-05 04:19:16.230005
2026-05-04,25347,VEG,ANA,30002695,Nic Dowd,shots_on_goal,rf_qrf_shots_on_goal,0.3.0,empirical_qrf,1.0,1.0,1.0,,4617338506989801847,2026-05-05 04:19:16.230005
2026-05-04,25347,VEG,ANA,30002783,Adin Hill,shots_on_goal,rf_qrf_shots_on_goal,0.3.0,empirical_qrf,1.0,1.0,1.0,,4617338506989801847,2026-05-05 04:19:16.230005
2026-05-04,25347,VEG,ANA,30002827,Jeremy Lauzon,shots_on_goal,rf_qrf_shots_on_goal,0.3.0,empirical_qrf,1.0,1.0,1.0,,4617338506989801847,2026-05-05 04:19:16.230005
2026-05-04,25347,VEG,ANA,30003153,Brett Howden,shots_on_goal,rf_qrf_shots_on_goal,0.3.0,empirical_qrf,1.0,1.0,1.0,,4617338506989801847,2026-05-05 04:19:16.230005
2026-05-04,25347,VEG,ANA,30003155,Lucas Johansen,shots_on_goal,rf_qrf_shots_on_goal,0.3.0,empirical_qrf,1.0,1.0,1.0,,4617338506989801847,2026-05-05 04:19:16.230005
2026-05-04,25347,VEG,ANA,30003166,Carter Hart,shots_on_goal,rf_qrf_shots_on_goal,0.3.0,empirical_qrf,1.0,1.0,1.0,,4617338506989801847,2026-05-05 04:19:16.230005
2026-05-04,25347,VEG,ANA,30003342,Mitchell Marner,shots_on_goal,rf_qrf_shots_on_goal,0.3.0,empirical_qrf,1.0,1.0,1.0,,4617338506989801847,2026-05-05 04:19:16.230005
2026-05-04,25347,VEG,ANA,30003396,Dylan Coghlan,shots_on_goal,rf_qrf_shots_on_goal,0.3.0,empirical_qrf,1.0,1.0,1.0,,4617338506989801847,2026-05-05 04:19:16.230005
2026-05-04,25347,VEG,ANA,30003701,Jonas Rondbjerg,shots_on_goal,rf_qrf_shots_on_goal,0.3.0,empirical_qrf,1.0,1.0,1.0,,4617338506989801847,2026-05-05 04:19:16.230005
2026-05-04,25347,VEG,ANA,30003924,Jeremy Davies,shots_on_goal,rf_qrf_shots_on_goal,0.3.0,empirical_qrf,1.0,1.0,1.0,,4617338506989801847,2026-05-05 04:19:16.230005
2026-05-04,25347,VEG,ANA,30003961,Tanner Laczynski,shots_on_goal,rf_qrf_shots_on_goal,0.3.0,empirical_qrf,1.0,1.0,1.0,,4617338506989801847,2026-05-05 04:19:16.230005
2026-05-04,25347,VEG,ANA,30004243,Mitchell McLain,shots_on_goal,rf_qrf_shots_on_goal,0.3.0,empirical_qrf,1.0,1.0,1.0,,4617338506989801847,2026-05-05 04:19:16.230005
2026-05-04,25347,VEG,ANA,30004341,Akira Schmid,shots_on_goal,rf_qrf_shots_on_goal,0.3.0,empirical_qrf,1.0,1.0,1.0,,4617338506989801847,2026-05-05 04:19:16.230005
2026-05-04,25347,VEG,ANA,30004503,Raphael Lavoie,shots_on_goal,rf_qrf_shots_on_goal,0.3.0,empirical_qrf,1.0,1.0,1.0,,4617338506989801847,2026-05-05 04:19:16.230005
2026-05-04,25347,VEG,ANA,30004510,Kaedan Korczak,shots_on_goal,rf_qrf_shots_on_goal,0.3.0,empirical_qrf,1.0,1.0,1.0,,4617338506989801847,2026-05-05 04:19:16.230005
2026-05-04,25347,VEG,ANA,30004532,Pavel Dorofeyev,shots_on_goal,rf_qrf_shots_on_goal,0.3.0,empirical_qrf,1.0,1.0,1.0,,4617338506989801847,2026-05-05 04:19:16.230005
2026-05-04,25347,VEG,ANA,30004748,Cole Smith,shots_on_goal,rf_qrf_shots_on_goal,0.3.0,empirical_qrf,1.0,1.0,1.0,,4617338506989801847,2026-05-05 04:19:16.230005
2026-05-04,25347,VEG,ANA,30004805,Alexander Holtz,shots_on_goal,rf_qrf_shots_on_goal,0.3.0,empirical_qrf,1.0,1.0,1.0,,4617338506989801847,2026-05-05 04:19:16.230005
2026-05-04,25347,VEG,ANA,30004831,Lukas Cormier,shots_on_goal,rf_qrf_shots_on_goal,0.3.0,empirical_qrf,1.0,1.0,1.0,,4617338506989801847,2026-05-05 04:19:16.230005
2026-05-04,25347,VEG,ANA,30005106,Jakub Brabenec,shots_on_goal,rf_qrf_shots_on_goal,0.3.0,empirical_qrf,1.0,1.0,1.0,,4617338506989801847,2026-05-05 04:19:16.230005
2026-05-04,25347,VEG,ANA,30005109,Jakub Demek,shots_on_goal,rf_qrf_shots_on_goal,0.3.0,empirical_qrf,1.0,1.0,1.0,,4617338506989801847,2026-05-05 04:19:16.230005
2026-05-04,25347,VEG,ANA,30005162,Riley McKay,shots_on_goal,rf_qrf_shots_on_goal,0.3.0,empirical_qrf,1.0,1.0,1.0,,4617338506989801847,2026-05-05 04:19:16.230005
2026-05-04,25347,VEG,ANA,30005320,Carl Lindbom,shots_on_goal,rf_qrf_shots_on_goal,0.3.0,empirical_qrf,1.0,1.0,1.0,,4617338506989801847,2026-05-05 04:19:16.230005
2026-05-04,25347,VEG,ANA,30005406,Kevin Wall,shots_on_goal,rf_qrf_shots_on_goal,0.3.0,empirical_qrf,1.0,1.0,1.0,,4617338506989801847,2026-05-05 04:19:16.230005
2026-05-04,25347,VEG,ANA,30005679,Matyas Sapovaliv,shots_on_goal,rf_qrf_shots_on_goal,0.3.0,empirical_qrf,1.0,1.0,1.0,,4617338506989801847,2026-05-05 04:19:16.230005
2026-05-04,25347,VEG,ANA,30005795,Ben Hemmerling,shots_on_goal,rf_qrf_shots_on_goal,0.3.0,empirical_qrf,1.0,1.0,1.0,,4617338506989801847,2026-05-05 04:19:16.230005
2026-05-04,25347,VEG,ANA,30005809,Joe Fleming,shots_on_goal,rf_qrf_shots_on_goal,0.3.0,empirical_qrf,1.0,1.0,1.0,,4617338506989801847,2026-05-05 04:19:16.230005
2026-05-04,25347,VEG,ANA,30005815,Jordan Papirny,shots_on_goal,rf_qrf_shots_on_goal,0.3.0,empirical_qrf,1.0,1.0,1.0,,4617338506989801847,2026-05-05 04:19:16.230005
2026-05-04,25347,VEG,ANA,30005841,Samuel Mayer,shots_on_goal,rf_qrf_shots_on_goal,0.3.0,empirical_qrf,1.0,1.0,1.0,,4617338506989801847,2026-05-05 04:19:16.230005
2026-05-04,25347,VEG,ANA,30006216,Carter Sotheran,shots_on_goal,rf_qrf_shots_on_goal,0.3.0,empirical_qrf,1.0,1.0,1.0,,4617338506989801847,2026-05-05 04:19:16.230005
2026-05-04,25347,VEG,ANA,30006232,Tuomas Uronen,shots_on_goal,rf_qrf_shots_on_goal,0.3.0,empirical_qrf,1.0,1.0,1.0,,4617338506989801847,2026-05-05 04:19:16.230005
2026-05-04,25347,VEG,ANA,30006391,Mazden Leslie,shots_on_goal,rf_qrf_shots_on_goal,0.3.0,empirical_qrf,1.0,1.0,1.0,,4617338506989801847,2026-05-05 04:19:16.230005
2026-05-04,25346,PHI,CAR,,,total_goals,ets_sum_team_goals,0.3.0,ets_sum,0.0,0.0,0.0,,4617338506989801847,2026-05-05 04:19:16.241112
2026-05-04,25347,ANA,VEG,,,total_goals,ets_sum_team_goals,0.3.0,ets_sum,0.0,0.0,0.0,,4617338506989801847,2026-05-05 04:19:16.241287
