date,game_id,team,opponent,player_id,name,target,model_name,model_version,distribution,lambda_or_mu,q10,q90,p_ge_k_json,run_id,created_ts
2025-12-16,24492,CHI,TOR,30000585,Andre Burakovsky,points,rf_qrf_points,0.3.0,empirical_qrf,0.02487554257562325,0.0,0.0625,,3768324934500513378,2025-12-16 15:33:33.186488
2025-12-16,24492,CHI,TOR,30000691,Nick Foligno,points,rf_qrf_points,0.3.0,empirical_qrf,0.0005833333333333333,0.0,0.0,,3768324934500513378,2025-12-16 15:33:33.186488
2025-12-16,24492,CHI,TOR,30000748,Jason Dickinson,points,rf_qrf_points,0.3.0,empirical_qrf,0.05367131274324019,0.0,0.1054511278195489,,3768324934500513378,2025-12-16 15:33:33.186488
2025-12-16,24492,CHI,TOR,30000842,Tyler Bertuzzi,points,rf_qrf_points,0.3.0,empirical_qrf,0.002287037037037037,0.0,0.0,,3768324934500513378,2025-12-16 15:33:33.186488
2025-12-16,24492,CHI,TOR,30000871,Teuvo Teravainen,points,rf_qrf_points,0.3.0,empirical_qrf,0.004101546601546602,0.0,0.0,,3768324934500513378,2025-12-16 15:33:33.186488
2025-12-16,24492,CHI,TOR,30001060,Shea Weber,points,rf_qrf_points,0.3.0,empirical_qrf,0.008213579304022908,0.0065225665527166585,0.009918680392642189,,3768324934500513378,2025-12-16 15:33:33.186488
2025-12-16,24492,TOR,CHI,30006276,Marc Johnstone,points,rf_qrf_points,0.3.0,empirical_qrf,0.008213579304022908,0.0065225665527166585,0.009918680392642189,,3768324934500513378,2025-12-16 15:33:33.186488
2025-12-16,24492,TOR,CHI,30006378,Jake Johnson,points,rf_qrf_points,0.3.0,empirical_qrf,0.008213579304022908,0.0065225665527166585,0.009918680392642189,,3768324934500513378,2025-12-16 15:33:33.186488
2025-12-16,24492,TOR,CHI,30006388,Keenan Suthers,points,rf_qrf_points,0.3.0,empirical_qrf,0.008213579304022908,0.0065225665527166585,0.009918680392642189,,3768324934500513378,2025-12-16 15:33:33.186488
2025-12-16,24492,TOR,CHI,30006389,Jacob Frasca,points,rf_qrf_points,0.3.0,empirical_qrf,0.008213579304022908,0.0065225665527166585,0.009918680392642189,,3768324934500513378,2025-12-16 15:33:33.186488
2025-12-16,24492,TOR,CHI,30004511,Henry Thrun,points,rf_qrf_points,0.3.0,empirical_qrf,0.0,0.0,0.0,,3768324934500513378,2025-12-16 15:33:33.186488
2025-12-16,24492,TOR,CHI,30005542,Vyacheslav Peksa,points,rf_qrf_points,0.3.0,empirical_qrf,0.008213579304022908,0.0065225665527166585,0.009918680392642189,,3768324934500513378,2025-12-16 15:33:33.186488
2025-12-16,24492,TOR,CHI,30005589,Bobby McMann,points,rf_qrf_points,0.3.0,empirical_qrf,0.002738095238095238,0.0,0.0,,3768324934500513378,2025-12-16 15:33:33.186488
2025-12-16,24492,TOR,CHI,30005725,Dennis Hildeby,points,rf_qrf_points,0.3.0,empirical_qrf,0.008213579304022908,0.0065225665527166585,0.009918680392642189,,3768324934500513378,2025-12-16 15:33:33.186488
2025-12-16,24492,TOR,CHI,30005769,Marshall Rifai,points,rf_qrf_points,0.3.0,empirical_qrf,0.009477158983000014,0.0,0.019011445643115892,,3768324934500513378,2025-12-16 15:33:33.186488
2025-12-16,24492,TOR,CHI,30006072,Easton Cowan,points,rf_qrf_points,0.3.0,empirical_qrf,0.3127021147711937,0.0,0.75,,3768324934500513378,2025-12-16 15:33:33.186488
2025-12-16,24492,TOR,CHI,30006207,Noah Chadwick,points,rf_qrf_points,0.3.0,empirical_qrf,0.008213579304022908,0.0065225665527166585,0.009918680392642189,,3768324934500513378,2025-12-16 15:33:33.186488
2025-12-16,24492,TOR,CHI,30005024,Matthew Knies,points,rf_qrf_points,0.3.0,empirical_qrf,0.010951687680088881,0.0,0.02531645569620253,,3768324934500513378,2025-12-16 15:33:33.186488
2025-12-16,24492,TOR,CHI,30005068,Ryan McCleary,points,rf_qrf_points,0.3.0,empirical_qrf,0.008213579304022908,0.0065225665527166585,0.009918680392642189,,3768324934500513378,2025-12-16 15:33:33.186488
2025-12-16,24492,TOR,CHI,30005143,Ben King,points,rf_qrf_points,0.3.0,empirical_qrf,0.008213579304022908,0.0065225665527166585,0.009918680392642189,,3768324934500513378,2025-12-16 15:33:33.186488
2025-12-16,24492,TOR,CHI,30005520,Braeden Kressler,points,rf_qrf_points,0.3.0,empirical_qrf,0.008213579304022908,0.0065225665527166585,0.009918680392642189,,3768324934500513378,2025-12-16 15:33:33.186488
2025-12-16,24492,TOR,CHI,30005527,Artur Akhtyamov,points,rf_qrf_points,0.3.0,empirical_qrf,0.008213579304022908,0.0065225665527166585,0.009918680392642189,,3768324934500513378,2025-12-16 15:33:33.186488
2025-12-16,24492,TOR,CHI,30005528,Ryan Tverberg,points,rf_qrf_points,0.3.0,empirical_qrf,0.0,0.0,0.0,,3768324934500513378,2025-12-16 15:33:33.186488
2025-12-16,24492,TOR,CHI,30004139,Bo Groulx,points,rf_qrf_points,0.3.0,empirical_qrf,0.015215804247924987,0.0,0.0,,3768324934500513378,2025-12-16 15:33:33.186488
2025-12-16,24492,TOR,CHI,30004252,Simon Benoit,points,rf_qrf_points,0.3.0,empirical_qrf,0.0,0.0,0.0,,3768324934500513378,2025-12-16 15:33:33.186488
2025-12-16,24492,TOR,CHI,30004394,Reese Johnson,points,rf_qrf_points,0.3.0,empirical_qrf,0.008213579304022908,0.0065225665527166585,0.009918680392642189,,3768324934500513378,2025-12-16 15:33:33.186488
2025-12-16,24492,TOR,CHI,30004509,Nicholas Robertson,points,rf_qrf_points,0.3.0,empirical_qrf,0.005208333333333333,0.0,0.0,,3768324934500513378,2025-12-16 15:33:33.186488
2025-12-16,24492,TOR,CHI,30004539,Matias Maccelli,points,rf_qrf_points,0.3.0,empirical_qrf,0.004101546601546602,0.0,0.0,,3768324934500513378,2025-12-16 15:33:33.186488
2025-12-16,24492,TOR,CHI,30004583,Dakota Joshua,points,rf_qrf_points,0.3.0,empirical_qrf,0.03377820766518467,0.0,0.0684931506849315,,3768324934500513378,2025-12-16 15:33:33.186488
2025-12-16,24492,TOR,CHI,30003041,Steven Lorentz,points,rf_qrf_points,0.3.0,empirical_qrf,0.0026984126984126986,0.0,0.0,,3768324934500513378,2025-12-16 15:33:33.186488
2025-12-16,24492,TOR,CHI,30003042,Nicolas Roy,points,rf_qrf_points,0.3.0,empirical_qrf,0.036959297501620296,0.0,0.08850267379679151,,3768324934500513378,2025-12-16 15:33:33.186488
2025-12-16,24492,TOR,CHI,30003083,Troy Stecher,points,rf_qrf_points,0.3.0,empirical_qrf,0.047775023978522055,0.012048192771084338,0.0870108695652174,,3768324934500513378,2025-12-16 15:33:33.186488
2025-12-16,24492,TOR,CHI,30003130,Auston Matthews,points,rf_qrf_points,0.3.0,empirical_qrf,0.08392063492063492,0.0,0.0,,3768324934500513378,2025-12-16 15:33:33.186488
2025-12-16,24492,TOR,CHI,30003192,Joseph Woll,points,rf_qrf_points,0.3.0,empirical_qrf,0.008213579304022908,0.0065225665527166585,0.009918680392642189,,3768324934500513378,2025-12-16 15:33:33.186488
2025-12-16,24492,TOR,CHI,30003562,Vinni Lettieri,points,rf_qrf_points,0.3.0,empirical_qrf,0.003138888888888889,0.0,0.0,,3768324934500513378,2025-12-16 15:33:33.186488
2025-12-16,24492,TOR,CHI,30001088,Brandon Carlo,points,rf_qrf_points,0.3.0,empirical_qrf,0.023570114792065416,0.005952380952380952,0.04242424242424243,,3768324934500513378,2025-12-16 15:33:33.186488
2025-12-16,24492,TOR,CHI,30001217,Dakota Mermis,points,rf_qrf_points,0.3.0,empirical_qrf,0.017956990992899956,0.008438818565400843,0.02919117647058824,,3768324934500513378,2025-12-16 15:33:33.186488
2025-12-16,24492,TOR,CHI,30002664,Brandon Baddock,points,rf_qrf_points,0.3.0,empirical_qrf,0.008213579304022908,0.0065225665527166585,0.009918680392642189,,3768324934500513378,2025-12-16 15:33:33.186488
2025-12-16,24492,TOR,CHI,30002867,Philippe Myers,points,rf_qrf_points,0.3.0,empirical_qrf,0.0,0.0,0.0,,3768324934500513378,2025-12-16 15:33:33.186488
2025-12-16,24492,TOR,CHI,30002869,Ken Appleby,points,rf_qrf_points,0.3.0,empirical_qrf,0.008213579304022908,0.0065225665527166585,0.009918680392642189,,3768324934500513378,2025-12-16 15:33:33.186488
2025-12-16,24492,TOR,CHI,30003022,Travis Boyd,points,rf_qrf_points,0.3.0,empirical_qrf,0.04366528478536397,0.0,0.08540069686411152,,3768324934500513378,2025-12-16 15:33:33.186488
2025-12-16,24492,TOR,CHI,30000264,Scott Laughton,points,rf_qrf_points,0.3.0,empirical_qrf,0.006810966810966811,0.0,0.0,,3768324934500513378,2025-12-16 15:33:33.186488
2025-12-16,24492,TOR,CHI,30000275,John Tavares,points,rf_qrf_points,0.3.0,empirical_qrf,0.0,0.0,0.0,,3768324934500513378,2025-12-16 15:33:33.186488
2025-12-16,24492,TOR,CHI,30000486,William Nylander,points,rf_qrf_points,0.3.0,empirical_qrf,0.11908952052352895,0.0,0.2222222222222222,,3768324934500513378,2025-12-16 15:33:33.186488
2025-12-16,24492,TOR,CHI,30000507,Jake McCabe,points,rf_qrf_points,0.3.0,empirical_qrf,0.017956990992899956,0.008438818565400843,0.02919117647058824,,3768324934500513378,2025-12-16 15:33:33.186488
2025-12-16,24492,TOR,CHI,30000940,Max Domi,points,rf_qrf_points,0.3.0,empirical_qrf,0.0,0.0,0.0,,3768324934500513378,2025-12-16 15:33:33.186488
2025-12-16,24492,TOR,CHI,30000943,Oliver Ekman-Larsson,points,rf_qrf_points,0.3.0,empirical_qrf,0.0,0.0,0.0,,3768324934500513378,2025-12-16 15:33:33.186488
2025-12-16,24492,CHI,TOR,30006312,Joe Carroll,points,rf_qrf_points,0.3.0,empirical_qrf,0.008213579304022908,0.0065225665527166585,0.009918680392642189,,3768324934500513378,2025-12-16 15:33:33.186488
2025-12-16,24492,CHI,TOR,30006496,Artyom Levshunov,points,rf_qrf_points,0.3.0,empirical_qrf,0.02487554257562325,0.0,0.0625,,3768324934500513378,2025-12-16 15:33:33.186488
2025-12-16,24492,TOR,CHI,30000040,Morgan Rielly,points,rf_qrf_points,0.3.0,empirical_qrf,0.0,0.0,0.0,,3768324934500513378,2025-12-16 15:33:33.186488
2025-12-16,24492,TOR,CHI,30000100,Christopher Tanev,points,rf_qrf_points,0.3.0,empirical_qrf,0.009477158983000014,0.0,0.019011445643115892,,3768324934500513378,2025-12-16 15:33:33.186488
2025-12-16,24492,TOR,CHI,30000241,Calle Jarnkrok,points,rf_qrf_points,0.3.0,empirical_qrf,0.0,0.0,0.0,,3768324934500513378,2025-12-16 15:33:33.186488
2025-12-16,24492,TOR,CHI,30000259,Anthony Stolarz,points,rf_qrf_points,0.3.0,empirical_qrf,0.008213579304022908,0.0065225665527166585,0.009918680392642189,,3768324934500513378,2025-12-16 15:33:33.186488
2025-12-16,24492,CHI,TOR,30006064,Connor Bedard,points,rf_qrf_points,0.3.0,empirical_qrf,0.0,0.0,0.0,,3768324934500513378,2025-12-16 15:33:33.186488
2025-12-16,24492,CHI,TOR,30006077,Oliver Moore,points,rf_qrf_points,0.3.0,empirical_qrf,0.0,0.0,0.0,,3768324934500513378,2025-12-16 15:33:33.186488
2025-12-16,24492,CHI,TOR,30006105,Martin Misiak,points,rf_qrf_points,0.3.0,empirical_qrf,0.0,0.0,0.0,,3768324934500513378,2025-12-16 15:33:33.186488
2025-12-16,24492,CHI,TOR,30006145,Nick Lardis,points,rf_qrf_points,0.3.0,empirical_qrf,0.017956990992899956,0.008438818565400843,0.02919117647058824,,3768324934500513378,2025-12-16 15:33:33.186488
2025-12-16,24492,CHI,TOR,30006219,Marcel Marcel,points,rf_qrf_points,0.3.0,empirical_qrf,0.008213579304022908,0.0065225665527166585,0.009918680392642189,,3768324934500513378,2025-12-16 15:33:33.186488
2025-12-16,24492,CHI,TOR,30006279,Sahil Panwar,points,rf_qrf_points,0.3.0,empirical_qrf,0.008213579304022908,0.0065225665527166585,0.009918680392642189,,3768324934500513378,2025-12-16 15:33:33.186488
2025-12-16,24492,CHI,TOR,30005665,Paul Ludwinski,points,rf_qrf_points,0.3.0,empirical_qrf,0.023580703200305326,0.0,0.0449438202247191,,3768324934500513378,2025-12-16 15:33:33.186488
2025-12-16,24492,CHI,TOR,30005666,Ryan Greene,points,rf_qrf_points,0.3.0,empirical_qrf,0.002962487489090566,0.0,0.006389776357827476,,3768324934500513378,2025-12-16 15:33:33.186488
2025-12-16,24492,CHI,TOR,30005718,Samuel Savoie,points,rf_qrf_points,0.3.0,empirical_qrf,0.04366528478536397,0.0,0.08540069686411152,,3768324934500513378,2025-12-16 15:33:33.186488
2025-12-16,24492,CHI,TOR,30005816,Gavin Hayes,points,rf_qrf_points,0.3.0,empirical_qrf,0.0,0.0,0.0,,3768324934500513378,2025-12-16 15:33:33.186488
2025-12-16,24492,CHI,TOR,30005819,Andrew Perrott,points,rf_qrf_points,0.3.0,empirical_qrf,0.0004880012205551117,0.0,0.0,,3768324934500513378,2025-12-16 15:33:33.186488
2025-12-16,24492,CHI,TOR,30005820,Mitchell Weeks,points,rf_qrf_points,0.3.0,empirical_qrf,0.008213579304022908,0.0065225665527166585,0.009918680392642189,,3768324934500513378,2025-12-16 15:33:33.186488
2025-12-16,24492,CHI,TOR,30005032,Colton Dach,points,rf_qrf_points,0.3.0,empirical_qrf,0.0,0.0,0.0,,3768324934500513378,2025-12-16 15:33:33.186488
2025-12-16,24492,CHI,TOR,30005052,Dmitry Kuzmin,points,rf_qrf_points,0.3.0,empirical_qrf,0.008213579304022908,0.0065225665527166585,0.009918680392642189,,3768324934500513378,2025-12-16 15:33:33.186488
2025-12-16,24492,CHI,TOR,30005131,Ryan Mast,points,rf_qrf_points,0.3.0,empirical_qrf,0.008213579304022908,0.0065225665527166585,0.009918680392642189,,3768324934500513378,2025-12-16 15:33:33.186488
2025-12-16,24492,CHI,TOR,30005163,Ethan Del Mastro,points,rf_qrf_points,0.3.0,empirical_qrf,0.0,0.0,0.0,,3768324934500513378,2025-12-16 15:33:33.186488
2025-12-16,24492,CHI,TOR,30005632,Kevin Korchinski,points,rf_qrf_points,0.3.0,empirical_qrf,0.010951687680088881,0.0,0.02531645569620253,,3768324934500513378,2025-12-16 15:33:33.186488
2025-12-16,24492,CHI,TOR,30005638,Frank Nazar,points,rf_qrf_points,0.3.0,empirical_qrf,0.014652777777777777,0.0,0.0,,3768324934500513378,2025-12-16 15:33:33.186488
2025-12-16,24492,CHI,TOR,30004650,Louis Crevier,points,rf_qrf_points,0.3.0,empirical_qrf,0.010951687680088881,0.0,0.02531645569620253,,3768324934500513378,2025-12-16 15:33:33.186488
2025-12-16,24492,CHI,TOR,30004830,Drew Commesso,points,rf_qrf_points,0.3.0,empirical_qrf,0.008213579304022908,0.0065225665527166585,0.009918680392642189,,3768324934500513378,2025-12-16 15:33:33.186488
2025-12-16,24492,CHI,TOR,30004850,Wyatt Kaiser,points,rf_qrf_points,0.3.0,empirical_qrf,0.0030383597883597885,0.0,0.0,,3768324934500513378,2025-12-16 15:33:33.186488
2025-12-16,24492,CHI,TOR,30004946,Jackson Cates,points,rf_qrf_points,0.3.0,empirical_qrf,0.008213579304022908,0.0065225665527166585,0.009918680392642189,,3768324934500513378,2025-12-16 15:33:33.186488
2025-12-16,24492,CHI,TOR,30004965,Arvid Soderblom,points,rf_qrf_points,0.3.0,empirical_qrf,0.008213579304022908,0.0065225665527166585,0.009918680392642189,,3768324934500513378,2025-12-16 15:33:33.186488
2025-12-16,24492,CHI,TOR,30005003,Nolan Allan,points,rf_qrf_points,0.3.0,empirical_qrf,0.012592830322205548,0.0,0.024390243902439025,,3768324934500513378,2025-12-16 15:33:33.186488
2025-12-16,24492,CHI,TOR,30003751,Dominic Toninato,points,rf_qrf_points,0.3.0,empirical_qrf,0.0,0.0,0.0,,3768324934500513378,2025-12-16 15:33:33.186488
2025-12-16,24492,CHI,TOR,30003996,Sam Lafferty,points,rf_qrf_points,0.3.0,empirical_qrf,0.0,0.0,0.0,,3768324934500513378,2025-12-16 15:33:33.186488
2025-12-16,24492,CHI,TOR,30004000,Brett Seney,points,rf_qrf_points,0.3.0,empirical_qrf,0.017956990992899956,0.008438818565400843,0.02919117647058824,,3768324934500513378,2025-12-16 15:33:33.186488
2025-12-16,24492,CHI,TOR,30004442,Ilya Mikheyev,points,rf_qrf_points,0.3.0,empirical_qrf,0.0,0.0,0.0,,3768324934500513378,2025-12-16 15:33:33.186488
2025-12-16,24492,CHI,TOR,30004494,Spencer Knight,points,rf_qrf_points,0.3.0,empirical_qrf,0.008213579304022908,0.0065225665527166585,0.009918680392642189,,3768324934500513378,2025-12-16 15:33:33.186488
2025-12-16,24492,CHI,TOR,30004507,Alex Vlasic,points,rf_qrf_points,0.3.0,empirical_qrf,0.0,0.0,0.0,,3768324934500513378,2025-12-16 15:33:33.186488
2025-12-16,24492,CHI,TOR,30001219,Connor Murphy,points,rf_qrf_points,0.3.0,empirical_qrf,0.0,0.0,0.0,,3768324934500513378,2025-12-16 15:33:33.186488
2025-12-16,24492,CHI,TOR,30002212,Cavan Fitzgerald,points,rf_qrf_points,0.3.0,empirical_qrf,0.008213579304022908,0.0065225665527166585,0.009918680392642189,,3768324934500513378,2025-12-16 15:33:33.186488
2025-12-16,24492,CHI,TOR,30002539,Matt Grzelcyk,points,rf_qrf_points,0.3.0,empirical_qrf,0.0,0.0,0.0,,3768324934500513378,2025-12-16 15:33:33.186488
2025-12-16,24492,CHI,TOR,30002588,Ryan Donato,points,rf_qrf_points,0.3.0,empirical_qrf,7.575757575757576e-05,0.0,0.0,,3768324934500513378,2025-12-16 15:33:33.186488
2025-12-16,24492,CHI,TOR,30003209,Joey Anderson,points,rf_qrf_points,0.3.0,empirical_qrf,0.008213579304022908,0.0065225665527166585,0.009918680392642189,,3768324934500513378,2025-12-16 15:33:33.186488
2025-12-16,24492,CHI,TOR,30003558,Josh Healey,points,rf_qrf_points,0.3.0,empirical_qrf,0.017956990992899956,0.008438818565400843,0.02919117647058824,,3768324934500513378,2025-12-16 15:33:33.186488
2025-12-16,24493,ANA,CBJ,30000269,Radko Gudas,points,rf_qrf_points,0.3.0,empirical_qrf,0.0,0.0,0.0,,3768324934500513378,2025-12-16 15:33:33.186488
2025-12-16,24493,ANA,CBJ,30000320,Chris Kreider,points,rf_qrf_points,0.3.0,empirical_qrf,0.0056613756613756614,0.0,0.0,,3768324934500513378,2025-12-16 15:33:33.186488
2025-12-16,24493,ANA,CBJ,30000509,Justin Bailey,points,rf_qrf_points,0.3.0,empirical_qrf,0.002962487489090566,0.0,0.006389776357827476,,3768324934500513378,2025-12-16 15:33:33.186488
2025-12-16,24493,ANA,CBJ,30000515,Mikael Granlund,points,rf_qrf_points,0.3.0,empirical_qrf,0.0030383597883597885,0.0,0.0,,3768324934500513378,2025-12-16 15:33:33.186488
2025-12-16,24493,ANA,CBJ,30000609,Frank Vatrano,points,rf_qrf_points,0.3.0,empirical_qrf,0.034692460317460316,0.0,0.16666666666666666,,3768324934500513378,2025-12-16 15:33:33.186488
2025-12-16,24493,ANA,CBJ,30000739,Alex Killorn,points,rf_qrf_points,0.3.0,empirical_qrf,0.023570114792065416,0.005952380952380952,0.04242424242424243,,3768324934500513378,2025-12-16 15:33:33.186488
2025-12-16,24493,CBJ,ANA,30005733,Roman Ahcan,points,rf_qrf_points,0.3.0,empirical_qrf,0.017956990992899956,0.008438818565400843,0.02919117647058824,,3768324934500513378,2025-12-16 15:33:33.186488
2025-12-16,24493,CBJ,ANA,30005736,Nolan Lalonde,points,rf_qrf_points,0.3.0,empirical_qrf,0.008213579304022908,0.0065225665527166585,0.009918680392642189,,3768324934500513378,2025-12-16 15:33:33.186488
2025-12-16,24493,CBJ,ANA,30006022,Justin Pearson,points,rf_qrf_points,0.3.0,empirical_qrf,0.008213579304022908,0.0065225665527166585,0.009918680392642189,,3768324934500513378,2025-12-16 15:33:33.186488
2025-12-16,24493,CBJ,ANA,30006026,Hunter McKown,points,rf_qrf_points,0.3.0,empirical_qrf,0.035712528655251305,0.0,0.08010810810810813,,3768324934500513378,2025-12-16 15:33:33.186488
2025-12-16,24493,CBJ,ANA,30006063,Adam Fantilli,points,rf_qrf_points,0.3.0,empirical_qrf,0.1347243867243867,0.0,0.6066666666666681,,3768324934500513378,2025-12-16 15:33:33.186488
2025-12-16,24493,CBJ,ANA,30006337,Riley Bezeau,points,rf_qrf_points,0.3.0,empirical_qrf,0.017956990992899956,0.008438818565400843,0.02919117647058824,,3768324934500513378,2025-12-16 15:33:33.186488
2025-12-16,24493,CBJ,ANA,30005290,Max McCue,points,rf_qrf_points,0.3.0,empirical_qrf,0.023570114792065416,0.005952380952380952,0.04242424242424243,,3768324934500513378,2025-12-16 15:33:33.186488
2025-12-16,24493,CBJ,ANA,30005355,Mikael Pyyhtia,points,rf_qrf_points,0.3.0,empirical_qrf,0.0,0.0,0.0,,3768324934500513378,2025-12-16 15:33:33.186488
2025-12-16,24493,CBJ,ANA,30005568,Owen Sillinger,points,rf_qrf_points,0.3.0,empirical_qrf,0.03377820766518467,0.0,0.0684931506849315,,3768324934500513378,2025-12-16 15:33:33.186488
2025-12-16,24493,CBJ,ANA,30005637,Denton Mateychuk,points,rf_qrf_points,0.3.0,empirical_qrf,0.023570114792065416,0.005952380952380952,0.04242424242424243,,3768324934500513378,2025-12-16 15:33:33.186488
2025-12-16,24493,CBJ,ANA,30005664,Luca Del Bel Belluz,points,rf_qrf_points,0.3.0,empirical_qrf,0.0012916666666666667,0.0,0.0,,3768324934500513378,2025-12-16 15:33:33.186488
2025-12-16,24493,CBJ,ANA,30005699,Jordan Dumais,points,rf_qrf_points,0.3.0,empirical_qrf,0.008213579304022908,0.0065225665527166585,0.009918680392642189,,3768324934500513378,2025-12-16 15:33:33.186488
2025-12-16,24493,CBJ,ANA,30004989,Kent Johnson,points,rf_qrf_points,0.3.0,empirical_qrf,0.007403439153439154,0.0,0.0,,3768324934500513378,2025-12-16 15:33:33.186488
2025-12-16,24493,CBJ,ANA,30005002,Corson Ceulemans,points,rf_qrf_points,0.3.0,empirical_qrf,0.0,0.0,0.0,,3768324934500513378,2025-12-16 15:33:33.186488
2025-12-16,24493,CBJ,ANA,30005049,Jet Greaves,points,rf_qrf_points,0.3.0,empirical_qrf,0.008213579304022908,0.0065225665527166585,0.009918680392642189,,3768324934500513378,2025-12-16 15:33:33.186488
2025-12-16,24493,CBJ,ANA,30005050,Stanislov Svozil,points,rf_qrf_points,0.3.0,empirical_qrf,0.0,0.0,0.0,,3768324934500513378,2025-12-16 15:33:33.186488
2025-12-16,24493,CBJ,ANA,30005053,Ole Julian Bjorgvik-Holm,points,rf_qrf_points,0.3.0,empirical_qrf,0.008213579304022908,0.0065225665527166585,0.009918680392642189,,3768324934500513378,2025-12-16 15:33:33.186488
2025-12-16,24493,CBJ,ANA,30005088,James Malatesta,points,rf_qrf_points,0.3.0,empirical_qrf,0.0,0.0,0.0,,3768324934500513378,2025-12-16 15:33:33.186488
2025-12-16,24493,CBJ,ANA,30004135,Kirill Marchenko,points,rf_qrf_points,0.3.0,empirical_qrf,0.0008888888888888888,0.0,0.0,,3768324934500513378,2025-12-16 15:33:33.186488
2025-12-16,24493,CBJ,ANA,30004172,Curtis Hall,points,rf_qrf_points,0.3.0,empirical_qrf,0.008213579304022908,0.0065225665527166585,0.009918680392642189,,3768324934500513378,2025-12-16 15:33:33.186488
2025-12-16,24493,CBJ,ANA,30004306,Jake Christiansen,points,rf_qrf_points,0.3.0,empirical_qrf,0.0,0.0,0.0,,3768324934500513378,2025-12-16 15:33:33.186488
2025-12-16,24493,CBJ,ANA,30004607,Dmitri Voronkov,points,rf_qrf_points,0.3.0,empirical_qrf,0.009924603174603173,0.0,0.0,,3768324934500513378,2025-12-16 15:33:33.186488
2025-12-16,24493,CBJ,ANA,30004799,Yegor Chinakhov,points,rf_qrf_points,0.3.0,empirical_qrf,0.0,0.0,0.0,,3768324934500513378,2025-12-16 15:33:33.186488
2025-12-16,24493,CBJ,ANA,30004988,Cole Sillinger,points,rf_qrf_points,0.3.0,empirical_qrf,0.0007936507936507937,0.0,0.0,,3768324934500513378,2025-12-16 15:33:33.186488
2025-12-16,24493,CBJ,ANA,30003079,Miles Wood,points,rf_qrf_points,0.3.0,empirical_qrf,0.0,0.0,0.0,,3768324934500513378,2025-12-16 15:33:33.186488
2025-12-16,24493,CBJ,ANA,30003146,Dante Fabbro,points,rf_qrf_points,0.3.0,empirical_qrf,0.08575992063492062,0.0,0.3333333333333333,,3768324934500513378,2025-12-16 15:33:33.186488
2025-12-16,24493,CBJ,ANA,30003267,Mathieu Olivier,points,rf_qrf_points,0.3.0,empirical_qrf,0.03165277777777778,0.0,0.0,,3768324934500513378,2025-12-16 15:33:33.186488
2025-12-16,24493,CBJ,ANA,30003269,Zach Sawchenko,points,rf_qrf_points,0.3.0,empirical_qrf,0.008213579304022908,0.0065225665527166585,0.009918680392642189,,3768324934500513378,2025-12-16 15:33:33.186488
2025-12-16,24493,CBJ,ANA,30003549,Zachary Aston-Reese,points,rf_qrf_points,0.3.0,empirical_qrf,0.009477158983000014,0.0,0.019011445643115892,,3768324934500513378,2025-12-16 15:33:33.186488
2025-12-16,24493,CBJ,ANA,30004097,Isac Lundestrom,points,rf_qrf_points,0.3.0,empirical_qrf,0.023570114792065416,0.005952380952380952,0.04242424242424243,,3768324934500513378,2025-12-16 15:33:33.186488
2025-12-16,24493,CBJ,ANA,30000855,Brendan Smith,points,rf_qrf_points,0.3.0,empirical_qrf,0.010951687680088881,0.0,0.02531645569620253,,3768324934500513378,2025-12-16 15:33:33.186488
2025-12-16,24493,CBJ,ANA,30001196,Brendan Gaunce,points,rf_qrf_points,0.3.0,empirical_qrf,0.05367131274324019,0.0,0.1054511278195489,,3768324934500513378,2025-12-16 15:33:33.186488
2025-12-16,24493,CBJ,ANA,30002554,Hudson Fasching,points,rf_qrf_points,0.3.0,empirical_qrf,0.0020775867650867654,0.0,0.0,,3768324934500513378,2025-12-16 15:33:33.186488
2025-12-16,24493,CBJ,ANA,30002593,Dysin Mayo,points,rf_qrf_points,0.3.0,empirical_qrf,0.002962487489090566,0.0,0.006389776357827476,,3768324934500513378,2025-12-16 15:33:33.186488
2025-12-16,24493,CBJ,ANA,30002616,Elvis Merzlikins,points,rf_qrf_points,0.3.0,empirical_qrf,0.008213579304022908,0.0065225665527166585,0.009918680392642189,,3768324934500513378,2025-12-16 15:33:33.186488
2025-12-16,24493,CBJ,ANA,30002770,Zach Werenski,points,rf_qrf_points,0.3.0,empirical_qrf,0.1915873015873016,0.0,1.0,,3768324934500513378,2025-12-16 15:33:33.186488
2025-12-16,24493,CBJ,ANA,30000115,Sean Monahan,points,rf_qrf_points,0.3.0,empirical_qrf,0.0003333333333333334,0.0,0.0,,3768324934500513378,2025-12-16 15:33:33.186488
2025-12-16,24493,CBJ,ANA,30000207,Damon Severson,points,rf_qrf_points,0.3.0,empirical_qrf,0.0,0.0,0.0,,3768324934500513378,2025-12-16 15:33:33.186488
2025-12-16,24493,CBJ,ANA,30000233,Erik Gudbranson,points,rf_qrf_points,0.3.0,empirical_qrf,0.0,0.0,0.0,,3768324934500513378,2025-12-16 15:33:33.186488
2025-12-16,24493,CBJ,ANA,30000623,Ivan Provorov,points,rf_qrf_points,0.3.0,empirical_qrf,0.0,0.0,0.0,,3768324934500513378,2025-12-16 15:33:33.186488
2025-12-16,24493,CBJ,ANA,30000778,Boone Jenner,points,rf_qrf_points,0.3.0,empirical_qrf,0.013874999999999998,0.0,0.0,,3768324934500513378,2025-12-16 15:33:33.186488
2025-12-16,24493,CBJ,ANA,30000805,Charlie Coyle,points,rf_qrf_points,0.3.0,empirical_qrf,0.0,0.0,0.0,,3768324934500513378,2025-12-16 15:33:33.186488
2025-12-16,24493,ANA,CBJ,30006129,Coulson Pitre,points,rf_qrf_points,0.3.0,empirical_qrf,0.023580703200305326,0.0,0.0449438202247191,,3768324934500513378,2025-12-16 15:33:33.186488
2025-12-16,24493,ANA,CBJ,30006161,Yegor Sidorov,points,rf_qrf_points,0.3.0,empirical_qrf,0.0027976190476190475,0.0,0.0,,3768324934500513378,2025-12-16 15:33:33.186488
2025-12-16,24493,ANA,CBJ,30006162,Konnor Smith,points,rf_qrf_points,0.3.0,empirical_qrf,0.008213579304022908,0.0065225665527166585,0.009918680392642189,,3768324934500513378,2025-12-16 15:33:33.186488
2025-12-16,24493,ANA,CBJ,30006310,Roman Kinal,points,rf_qrf_points,0.3.0,empirical_qrf,0.06521187960743088,0.021692876965772434,0.11904761904761904,,3768324934500513378,2025-12-16 15:33:33.186488
2025-12-16,24493,ANA,CBJ,30006353,Easton Armstrong,points,rf_qrf_points,0.3.0,empirical_qrf,0.008213579304022908,0.0065225665527166585,0.009918680392642189,,3768324934500513378,2025-12-16 15:33:33.186488
2025-12-16,24493,ANA,CBJ,30006483,Beckett Sennecke,points,rf_qrf_points,0.3.0,empirical_qrf,0.03695833333333333,0.0,0.0,,3768324934500513378,2025-12-16 15:33:33.186488
2025-12-16,24493,ANA,CBJ,30005678,Tristan Luneau,points,rf_qrf_points,0.3.0,empirical_qrf,0.0,0.0,0.0,,3768324934500513378,2025-12-16 15:33:33.186488
2025-12-16,24493,ANA,CBJ,30005945,Tomas Suchanek,points,rf_qrf_points,0.3.0,empirical_qrf,0.008213579304022908,0.0065225665527166585,0.009918680392642189,,3768324934500513378,2025-12-16 15:33:33.186488
2025-12-16,24493,ANA,CBJ,30006016,Jaxsen Wiebe,points,rf_qrf_points,0.3.0,empirical_qrf,0.008213579304022908,0.0065225665527166585,0.009918680392642189,,3768324934500513378,2025-12-16 15:33:33.186488
2025-12-16,24493,ANA,CBJ,30006017,Nikita Nesterenko,points,rf_qrf_points,0.3.0,empirical_qrf,0.0,0.0,0.0,,3768324934500513378,2025-12-16 15:33:33.186488
2025-12-16,24493,ANA,CBJ,30006069,Leo Carlsson,points,rf_qrf_points,0.3.0,empirical_qrf,0.01623015873015873,0.0,0.0,,3768324934500513378,2025-12-16 15:33:33.186488
2025-12-16,24493,ANA,CBJ,30006117,Nico Myatovic,points,rf_qrf_points,0.3.0,empirical_qrf,0.0,0.0,0.0,,3768324934500513378,2025-12-16 15:33:33.186488
2025-12-16,24493,ANA,CBJ,30005275,Tyson Hinds,points,rf_qrf_points,0.3.0,empirical_qrf,0.009025058275058276,0.0,0.0,,3768324934500513378,2025-12-16 15:33:33.186488
2025-12-16,24493,ANA,CBJ,30005285,Jeremie Biakabutuka,points,rf_qrf_points,0.3.0,empirical_qrf,0.008213579304022908,0.0065225665527166585,0.009918680392642189,,3768324934500513378,2025-12-16 15:33:33.186488
2025-12-16,24493,ANA,CBJ,30005615,Pavel Mintyukov,points,rf_qrf_points,0.3.0,empirical_qrf,0.047892229332031196,0.0,0.11764705882352941,,3768324934500513378,2025-12-16 15:33:33.186488
2025-12-16,24493,ANA,CBJ,30005620,Cutter Gauthier,points,rf_qrf_points,0.3.0,empirical_qrf,0.005208333333333333,0.0,0.0,,3768324934500513378,2025-12-16 15:33:33.186488
2025-12-16,24493,ANA,CBJ,30005643,Nathan Gaucher,points,rf_qrf_points,0.3.0,empirical_qrf,0.0,0.0,0.0,,3768324934500513378,2025-12-16 15:33:33.186488
2025-12-16,24493,ANA,CBJ,30005677,Noah Warren,points,rf_qrf_points,0.3.0,empirical_qrf,0.009477158983000014,0.0,0.019011445643115892,,3768324934500513378,2025-12-16 15:33:33.186488
2025-12-16,24493,ANA,CBJ,30004829,Sam Colangelo,points,rf_qrf_points,0.3.0,empirical_qrf,0.0005833333333333333,0.0,0.0,,3768324934500513378,2025-12-16 15:33:33.186488
2025-12-16,24493,ANA,CBJ,30004861,Ian Moore,points,rf_qrf_points,0.3.0,empirical_qrf,0.0,0.0,0.0,,3768324934500513378,2025-12-16 15:33:33.186488
2025-12-16,24493,ANA,CBJ,30004997,Mason McTavish,points,rf_qrf_points,0.3.0,empirical_qrf,0.06211044973544974,0.0,0.25,,3768324934500513378,2025-12-16 15:33:33.186488
2025-12-16,24493,ANA,CBJ,30005018,Olen Zellweger,points,rf_qrf_points,0.3.0,empirical_qrf,0.0003333333333333334,0.0,0.0,,3768324934500513378,2025-12-16 15:33:33.186488
2025-12-16,24493,ANA,CBJ,30005051,Sasha Pastujov,points,rf_qrf_points,0.3.0,empirical_qrf,0.0,0.0,0.0,,3768324934500513378,2025-12-16 15:33:33.186488
2025-12-16,24493,ANA,CBJ,30005095,Davis Codd,points,rf_qrf_points,0.3.0,empirical_qrf,0.0,0.0,0.0,,3768324934500513378,2025-12-16 15:33:33.186488
2025-12-16,24493,ANA,CBJ,30003948,David Cotton,points,rf_qrf_points,0.3.0,empirical_qrf,0.0018690476190476191,0.0,0.0,,3768324934500513378,2025-12-16 15:33:33.186488
2025-12-16,24493,ANA,CBJ,30004160,Lukas Dostal,points,rf_qrf_points,0.3.0,empirical_qrf,0.008213579304022908,0.0065225665527166585,0.009918680392642189,,3768324934500513378,2025-12-16 15:33:33.186488
2025-12-16,24493,ANA,CBJ,30004512,Drew Helleson,points,rf_qrf_points,0.3.0,empirical_qrf,0.1467409188034188,0.0,0.3333333333333333,,3768324934500513378,2025-12-16 15:33:33.186488
2025-12-16,24493,ANA,CBJ,30004526,Jackson LaCombe,points,rf_qrf_points,0.3.0,empirical_qrf,0.03630555555555555,0.0,0.0,,3768324934500513378,2025-12-16 15:33:33.186488
2025-12-16,24493,ANA,CBJ,30004550,Judd Caulfield,points,rf_qrf_points,0.3.0,empirical_qrf,0.008213579304022908,0.0065225665527166585,0.009918680392642189,,3768324934500513378,2025-12-16 15:33:33.186488
2025-12-16,24493,ANA,CBJ,30004828,Calle Clang,points,rf_qrf_points,0.3.0,empirical_qrf,0.008213579304022908,0.0065225665527166585,0.009918680392642189,,3768324934500513378,2025-12-16 15:33:33.186488
2025-12-16,24493,ANA,CBJ,30002773,Jansen Harkins,points,rf_qrf_points,0.3.0,empirical_qrf,0.008213579304022908,0.0065225665527166585,0.009918680392642189,,3768324934500513378,2025-12-16 15:33:33.186488
2025-12-16,24493,ANA,CBJ,30002864,Nikolas Brouillard,points,rf_qrf_points,0.3.0,empirical_qrf,0.008213579304022908,0.0065225665527166585,0.009918680392642189,,3768324934500513378,2025-12-16 15:33:33.186488
2025-12-16,24493,ANA,CBJ,30003197,Carsen Twarynski,points,rf_qrf_points,0.3.0,empirical_qrf,0.008213579304022908,0.0065225665527166585,0.009918680392642189,,3768324934500513378,2025-12-16 15:33:33.186488
2025-12-16,24493,ANA,CBJ,30003475,Matthew Phillips,points,rf_qrf_points,0.3.0,empirical_qrf,0.014819139194139195,0.0,0.0,,3768324934500513378,2025-12-16 15:33:33.186488
2025-12-16,24493,ANA,CBJ,30003650,Ryan Poehling,points,rf_qrf_points,0.3.0,empirical_qrf,0.0,0.0,0.0,,3768324934500513378,2025-12-16 15:33:33.186488
2025-12-16,24493,ANA,CBJ,30003747,Troy Terry,points,rf_qrf_points,0.3.0,empirical_qrf,0.0033333333333333335,0.0,0.0,,3768324934500513378,2025-12-16 15:33:33.186488
2025-12-16,24493,ANA,CBJ,30000834,Jacob Trouba,points,rf_qrf_points,0.3.0,empirical_qrf,0.023570114792065416,0.005952380952380952,0.04242424242424243,,3768324934500513378,2025-12-16 15:33:33.186488
2025-12-16,24493,ANA,CBJ,30000998,Ross Johnston,points,rf_qrf_points,0.3.0,empirical_qrf,0.0,0.0,0.0,,3768324934500513378,2025-12-16 15:33:33.186488
2025-12-16,24493,ANA,CBJ,30001005,Ryan Strome,points,rf_qrf_points,0.3.0,empirical_qrf,0.007403439153439154,0.0,0.0,,3768324934500513378,2025-12-16 15:33:33.186488
2025-12-16,24493,ANA,CBJ,30001009,Petr Mrazek,points,rf_qrf_points,0.3.0,empirical_qrf,0.008213579304022908,0.0065225665527166585,0.009918680392642189,,3768324934500513378,2025-12-16 15:33:33.186488
2025-12-16,24493,ANA,CBJ,30002528,Tyrell Goulbourne,points,rf_qrf_points,0.3.0,empirical_qrf,0.008213579304022908,0.0065225665527166585,0.009918680392642189,,3768324934500513378,2025-12-16 15:33:33.186488
2025-12-16,24493,ANA,CBJ,30002760,Ville Husso,points,rf_qrf_points,0.3.0,empirical_qrf,0.008213579304022908,0.0065225665527166585,0.009918680392642189,,3768324934500513378,2025-12-16 15:33:33.186488
2025-12-16,24494,EDM,PIT,30000180,Josh Brown,points,rf_qrf_points,0.3.0,empirical_qrf,0.0,0.0,0.0,,3768324934500513378,2025-12-16 15:33:33.186488
2025-12-16,24494,EDM,PIT,30000250,Mattias Ekholm,points,rf_qrf_points,0.3.0,empirical_qrf,0.003138888888888889,0.0,0.0,,3768324934500513378,2025-12-16 15:33:33.186488
2025-12-16,24494,EDM,PIT,30000440,Zach Hyman,points,rf_qrf_points,0.3.0,empirical_qrf,0.008213579304022908,0.0065225665527166585,0.009918680392642189,,3768324934500513378,2025-12-16 15:33:33.186488
2025-12-16,24494,EDM,PIT,30000443,Kasperi Kapanen,points,rf_qrf_points,0.3.0,empirical_qrf,0.011239901931679794,0.0,0.0,,3768324934500513378,2025-12-16 15:33:33.186488
2025-12-16,24494,EDM,PIT,30000540,Ryan Nugent-Hopkins,points,rf_qrf_points,0.3.0,empirical_qrf,0.0,0.0,0.0,,3768324934500513378,2025-12-16 15:33:33.186488
2025-12-16,24494,EDM,PIT,30000549,Darnell Nurse,points,rf_qrf_points,0.3.0,empirical_qrf,0.007960317460317461,0.0,0.0,,3768324934500513378,2025-12-16 15:33:33.186488
2025-12-16,24494,EDM,PIT,30003345,Riley Stillman,points,rf_qrf_points,0.3.0,empirical_qrf,0.0,0.0,0.0,,3768324934500513378,2025-12-16 15:33:33.186488
2025-12-16,24494,EDM,PIT,30004370,Spencer Stastney,points,rf_qrf_points,0.3.0,empirical_qrf,0.002962487489090566,0.0,0.006389776357827476,,3768324934500513378,2025-12-16 15:33:33.186488
2025-12-16,24494,PIT,EDM,30000806,Matt Dumba,points,rf_qrf_points,0.3.0,empirical_qrf,0.0,0.0,0.0,,3768324934500513378,2025-12-16 15:33:33.186488
2025-12-16,24494,EDM,PIT,30006848,Quinn Hutson,points,rf_qrf_points,0.3.0,empirical_qrf,0.0,0.0,0.0,,3768324934500513378,2025-12-16 15:33:33.186488
2025-12-16,24494,PIT,EDM,30006137,Emil Pieniniemi,points,rf_qrf_points,0.3.0,empirical_qrf,0.0,0.0,0.0,,3768324934500513378,2025-12-16 15:33:33.186488
2025-12-16,24494,PIT,EDM,30006354,Jaxon Castor,points,rf_qrf_points,0.3.0,empirical_qrf,0.008213579304022908,0.0065225665527166585,0.009918680392642189,,3768324934500513378,2025-12-16 15:33:33.186488
2025-12-16,24494,PIT,EDM,30006363,Finn Harding,points,rf_qrf_points,0.3.0,empirical_qrf,0.008213579304022908,0.0065225665527166585,0.009918680392642189,,3768324934500513378,2025-12-16 15:33:33.186488
2025-12-16,24494,PIT,EDM,30006867,Benjamin Kindel,points,rf_qrf_points,0.3.0,empirical_qrf,0.0036865079365079366,0.0,0.0,,3768324934500513378,2025-12-16 15:33:33.186488
2025-12-16,24494,PIT,EDM,30003586,Joona Koppanen,points,rf_qrf_points,0.3.0,empirical_qrf,0.047775023978522055,0.012048192771084338,0.0870108695652174,,3768324934500513378,2025-12-16 15:33:33.186488
2025-12-16,24494,EDM,PIT,30003142,Max Jones,points,rf_qrf_points,0.3.0,empirical_qrf,0.0,0.0,0.0,,3768324934500513378,2025-12-16 15:33:33.186488
2025-12-16,24494,PIT,EDM,30005330,Callahan Burke,points,rf_qrf_points,0.3.0,empirical_qrf,0.008213579304022908,0.0065225665527166585,0.009918680392642189,,3768324934500513378,2025-12-16 15:33:33.186488
2025-12-16,24494,PIT,EDM,30005403,Jack St. Ivany,points,rf_qrf_points,0.3.0,empirical_qrf,0.010951687680088881,0.0,0.02531645569620253,,3768324934500513378,2025-12-16 15:33:33.186488
2025-12-16,24494,PIT,EDM,30005511,Aidan McDonough,points,rf_qrf_points,0.3.0,empirical_qrf,0.023570114792065416,0.005952380952380952,0.04242424242424243,,3768324934500513378,2025-12-16 15:33:33.186488
2025-12-16,24494,PIT,EDM,30005623,Rutger McGroarty,points,rf_qrf_points,0.3.0,empirical_qrf,0.0,0.0,0.0,,3768324934500513378,2025-12-16 15:33:33.186488
2025-12-16,24494,PIT,EDM,30005635,Owen Pickering,points,rf_qrf_points,0.3.0,empirical_qrf,0.047775023978522055,0.012048192771084338,0.0870108695652174,,3768324934500513378,2025-12-16 15:33:33.186488
2025-12-16,24494,PIT,EDM,30005966,Avery Hayes,points,rf_qrf_points,0.3.0,empirical_qrf,0.0019444444444444442,0.0,0.0,,3768324934500513378,2025-12-16 15:33:33.186488
2025-12-16,24494,PIT,EDM,30004918,Philip Kemp,points,rf_qrf_points,0.3.0,empirical_qrf,0.002962487489090566,0.0,0.006389776357827476,,3768324934500513378,2025-12-16 15:33:33.186488
2025-12-16,24494,PIT,EDM,30004960,Valtteri Puustinen,points,rf_qrf_points,0.3.0,empirical_qrf,0.0,0.0,0.0,,3768324934500513378,2025-12-16 15:33:33.186488
2025-12-16,24494,PIT,EDM,30005027,Ville Koivunen,points,rf_qrf_points,0.3.0,empirical_qrf,0.2608505530417295,0.0,0.6666666666666666,,3768324934500513378,2025-12-16 15:33:33.186488
2025-12-16,24494,PIT,EDM,30005066,Raivis Ansons,points,rf_qrf_points,0.3.0,empirical_qrf,0.008213579304022908,0.0065225665527166585,0.009918680392642189,,3768324934500513378,2025-12-16 15:33:33.186488
2025-12-16,24494,PIT,EDM,30005197,Taylor Gauthier,points,rf_qrf_points,0.3.0,empirical_qrf,0.008213579304022908,0.0065225665527166585,0.009918680392642189,,3768324934500513378,2025-12-16 15:33:33.186488
2025-12-16,24494,PIT,EDM,30005267,William Dufour,points,rf_qrf_points,0.3.0,empirical_qrf,0.0,0.0,0.0,,3768324934500513378,2025-12-16 15:33:33.186488
2025-12-16,24494,PIT,EDM,30004423,Blake Lizotte,points,rf_qrf_points,0.3.0,empirical_qrf,0.002962487489090566,0.0,0.006389776357827476,,3768324934500513378,2025-12-16 15:33:33.186488
2025-12-16,24494,PIT,EDM,30004488,Philip Tomasino,points,rf_qrf_points,0.3.0,empirical_qrf,0.006015873015873015,0.0,0.0,,3768324934500513378,2025-12-16 15:33:33.186488
2025-12-16,24494,EDM,PIT,30004490,Sam Poulin,points,rf_qrf_points,0.3.0,empirical_qrf,0.023570114792065416,0.005952380952380952,0.04242424242424243,,3768324934500513378,2025-12-16 15:33:33.186488
2025-12-16,24494,PIT,EDM,30004609,Arturs Silovs,points,rf_qrf_points,0.3.0,empirical_qrf,0.008213579304022908,0.0065225665527166585,0.009918680392642189,,3768324934500513378,2025-12-16 15:33:33.186488
2025-12-16,24494,PIT,EDM,30004788,Ryan Shea,points,rf_qrf_points,0.3.0,empirical_qrf,0.0,0.0,0.0,,3768324934500513378,2025-12-16 15:33:33.186488
2025-12-16,24494,PIT,EDM,30004825,Joel Blomqvist,points,rf_qrf_points,0.3.0,empirical_qrf,0.008213579304022908,0.0065225665527166585,0.009918680392642189,,3768324934500513378,2025-12-16 15:33:33.186488
2025-12-16,24494,PIT,EDM,30003099,Parker Wotherspoon,points,rf_qrf_points,0.3.0,empirical_qrf,0.0,0.0,0.0,,3768324934500513378,2025-12-16 15:33:33.186488
2025-12-16,24494,PIT,EDM,30003391,Justin Brazeau,points,rf_qrf_points,0.3.0,empirical_qrf,0.03377820766518467,0.0,0.0684931506849315,,3768324934500513378,2025-12-16 15:33:33.186488
2025-12-16,24494,PIT,EDM,30003739,Sebastian Aho,points,rf_qrf_points,0.3.0,empirical_qrf,0.009477158983000014,0.0,0.019011445643115892,,3768324934500513378,2025-12-16 15:33:33.186488
2025-12-16,24494,PIT,EDM,30003893,Connor Clifton,points,rf_qrf_points,0.3.0,empirical_qrf,0.0,0.0,0.0,,3768324934500513378,2025-12-16 15:33:33.186488
2025-12-16,24494,PIT,EDM,30004100,Alexander Alexeyev,points,rf_qrf_points,0.3.0,empirical_qrf,0.002962487489090566,0.0,0.006389776357827476,,3768324934500513378,2025-12-16 15:33:33.186488
2025-12-16,24494,PIT,EDM,30004181,Connor Dewar,points,rf_qrf_points,0.3.0,empirical_qrf,0.0007936507936507937,0.0,0.0,,3768324934500513378,2025-12-16 15:33:33.186488
2025-12-16,24494,PIT,EDM,30001100,Bryan Rust,points,rf_qrf_points,0.3.0,empirical_qrf,0.0008333333333333334,0.0,0.0,,3768324934500513378,2025-12-16 15:33:33.186488
2025-12-16,24494,PIT,EDM,30001235,Noel Acciari,points,rf_qrf_points,0.3.0,empirical_qrf,0.002962487489090566,0.0,0.006389776357827476,,3768324934500513378,2025-12-16 15:33:33.186488
2025-12-16,24494,PIT,EDM,30002631,Danton Heinen,points,rf_qrf_points,0.3.0,empirical_qrf,0.0,0.0,0.0,,3768324934500513378,2025-12-16 15:33:33.186488
2025-12-16,24494,PIT,EDM,30002778,Tommy Novak,points,rf_qrf_points,0.3.0,empirical_qrf,0.0,0.0,0.0,,3768324934500513378,2025-12-16 15:33:33.186488
2025-12-16,24494,PIT,EDM,30002874,Caleb Jones,points,rf_qrf_points,0.3.0,empirical_qrf,0.0,0.0,0.0,,3768324934500513378,2025-12-16 15:33:33.186488
2025-12-16,24494,PIT,EDM,30003030,Bokondji Imama,points,rf_qrf_points,0.3.0,empirical_qrf,0.008213579304022908,0.0065225665527166585,0.009918680392642189,,3768324934500513378,2025-12-16 15:33:33.186488
2025-12-16,24494,PIT,EDM,30000615,Kevin Hayes,points,rf_qrf_points,0.3.0,empirical_qrf,0.01421043454596086,0.0,0.0,,3768324934500513378,2025-12-16 15:33:33.186488
2025-12-16,24494,PIT,EDM,30000651,Sidney Crosby,points,rf_qrf_points,0.3.0,empirical_qrf,0.021222222222222222,0.0,0.0,,3768324934500513378,2025-12-16 15:33:33.186488
2025-12-16,24494,PIT,EDM,30000658,Kris Letang,points,rf_qrf_points,0.3.0,empirical_qrf,0.0,0.0,0.0,,3768324934500513378,2025-12-16 15:33:33.186488
2025-12-16,24494,PIT,EDM,30000660,Evgeni Malkin,points,rf_qrf_points,0.3.0,empirical_qrf,0.0027976190476190475,0.0,0.0,,3768324934500513378,2025-12-16 15:33:33.186488
2025-12-16,24494,PIT,EDM,30000848,Anthony Mantha,points,rf_qrf_points,0.3.0,empirical_qrf,0.0,0.0,0.0,,3768324934500513378,2025-12-16 15:33:33.186488
2025-12-16,24494,PIT,EDM,30000888,Rickard Rakell,points,rf_qrf_points,0.3.0,empirical_qrf,0.0,0.0,0.0,,3768324934500513378,2025-12-16 15:33:33.186488
2025-12-16,24494,EDM,PIT,30006327,Matt Brown,points,rf_qrf_points,0.3.0,empirical_qrf,0.008213579304022908,0.0065225665527166585,0.009918680392642189,,3768324934500513378,2025-12-16 15:33:33.186488
2025-12-16,24494,EDM,PIT,30006393,Connor Clattenburg,points,rf_qrf_points,0.3.0,empirical_qrf,0.0,0.0,0.0,,3768324934500513378,2025-12-16 15:33:33.186488
2025-12-16,24494,EDM,PIT,30006846,David Tomasek,points,rf_qrf_points,0.3.0,empirical_qrf,0.0,0.0,0.0,,3768324934500513378,2025-12-16 15:33:33.186488
2025-12-16,24494,EDM,PIT,30000392,Tristan Jarry,points,rf_qrf_points,0.3.0,empirical_qrf,0.008213579304022908,0.0065225665527166585,0.009918680392642189,,3768324934500513378,2025-12-16 15:33:33.186488
2025-12-16,24494,PIT,EDM,30000445,Erik Karlsson,points,rf_qrf_points,0.3.0,empirical_qrf,0.0066452991452991455,0.0,0.0,,3768324934500513378,2025-12-16 15:33:33.186488
2025-12-16,24494,PIT,EDM,30000613,Ryan Graves,points,rf_qrf_points,0.3.0,empirical_qrf,0.0,0.0,0.0,,3768324934500513378,2025-12-16 15:33:33.186488
2025-12-16,24494,EDM,PIT,30005185,Jayden Grubbe,points,rf_qrf_points,0.3.0,empirical_qrf,0.017956990992899956,0.008438818565400843,0.02919117647058824,,3768324934500513378,2025-12-16 15:33:33.186488
2025-12-16,24494,EDM,PIT,30005633,Matt Savoie,points,rf_qrf_points,0.3.0,empirical_qrf,0.0,0.0,0.0,,3768324934500513378,2025-12-16 15:33:33.186488
2025-12-16,24494,EDM,PIT,30005731,Mats Lindgren,points,rf_qrf_points,0.3.0,empirical_qrf,0.008213579304022908,0.0065225665527166585,0.009918680392642189,,3768324934500513378,2025-12-16 15:33:33.186488
2025-12-16,24494,EDM,PIT,30005931,Brady Stonehouse,points,rf_qrf_points,0.3.0,empirical_qrf,0.008213579304022908,0.0065225665527166585,0.009918680392642189,,3768324934500513378,2025-12-16 15:33:33.186488
2025-12-16,24494,EDM,PIT,30006112,Beau Akey,points,rf_qrf_points,0.3.0,empirical_qrf,0.012592830322205548,0.0,0.024390243902439025,,3768324934500513378,2025-12-16 15:33:33.186488
2025-12-16,24494,EDM,PIT,30006225,Nathaniel Day,points,rf_qrf_points,0.3.0,empirical_qrf,0.008213579304022908,0.0065225665527166585,0.009918680392642189,,3768324934500513378,2025-12-16 15:33:33.186488
2025-12-16,24494,EDM,PIT,30004165,Ty Emberson,points,rf_qrf_points,0.3.0,empirical_qrf,0.0,0.0,0.0,,3768324934500513378,2025-12-16 15:33:33.186488
2025-12-16,24494,EDM,PIT,30004476,Vasily Podkolzin,points,rf_qrf_points,0.3.0,empirical_qrf,0.0026984126984126986,0.0,0.0,,3768324934500513378,2025-12-16 15:33:33.186488
2025-12-16,24494,EDM,PIT,30004625,Mason Millman,points,rf_qrf_points,0.3.0,empirical_qrf,0.12743461270679732,0.034482758620689655,0.23076923076923078,,3768324934500513378,2025-12-16 15:33:33.186488
2025-12-16,24494,EDM,PIT,30004871,Luke Prokop,points,rf_qrf_points,0.3.0,empirical_qrf,0.017956990992899956,0.008438818565400843,0.02919117647058824,,3768324934500513378,2025-12-16 15:33:33.186488
2025-12-16,24494,EDM,PIT,30005174,Matvey Petrov,points,rf_qrf_points,0.3.0,empirical_qrf,0.008213579304022908,0.0065225665527166585,0.009918680392642189,,3768324934500513378,2025-12-16 15:33:33.186488
2025-12-16,24494,EDM,PIT,30005177,James Hamblin,points,rf_qrf_points,0.3.0,empirical_qrf,0.0,0.0,0.0,,3768324934500513378,2025-12-16 15:33:33.186488
2025-12-16,24494,EDM,PIT,30003157,Trent Frederic,points,rf_qrf_points,0.3.0,empirical_qrf,0.0,0.0,0.0,,3768324934500513378,2025-12-16 15:33:33.186488
2025-12-16,24494,EDM,PIT,30003211,Rem Pitlick,points,rf_qrf_points,0.3.0,empirical_qrf,0.008213579304022908,0.0065225665527166585,0.009918680392642189,,3768324934500513378,2025-12-16 15:33:33.186488
2025-12-16,24494,PIT,EDM,30003729,Stuart Skinner,points,rf_qrf_points,0.3.0,empirical_qrf,0.008213579304022908,0.0065225665527166585,0.009918680392642189,,3768324934500513378,2025-12-16 15:33:33.186488
2025-12-16,24494,EDM,PIT,30003770,Matt Tomkins,points,rf_qrf_points,0.3.0,empirical_qrf,0.008213579304022908,0.0065225665527166585,0.009918680392642189,,3768324934500513378,2025-12-16 15:33:33.186488
2025-12-16,24494,EDM,PIT,30004081,Evan Bouchard,points,rf_qrf_points,0.3.0,empirical_qrf,0.0065,0.0,0.0,,3768324934500513378,2025-12-16 15:33:33.186488
2025-12-16,24494,EDM,PIT,30004156,Alec Regula,points,rf_qrf_points,0.3.0,empirical_qrf,0.017956990992899956,0.008438818565400843,0.02919117647058824,,3768324934500513378,2025-12-16 15:33:33.186488
2025-12-16,24494,EDM,PIT,30001304,Calvin Pickard,points,rf_qrf_points,0.3.0,empirical_qrf,0.008213579304022908,0.0065225665527166585,0.009918680392642189,,3768324934500513378,2025-12-16 15:33:33.186488
2025-12-16,24494,EDM,PIT,30001368,Seth Griffith,points,rf_qrf_points,0.3.0,empirical_qrf,0.008213579304022908,0.0065225665527166585,0.009918680392642189,,3768324934500513378,2025-12-16 15:33:33.186488
2025-12-16,24494,EDM,PIT,30002218,Andrew Mangiapane,points,rf_qrf_points,0.3.0,empirical_qrf,0.0,0.0,0.0,,3768324934500513378,2025-12-16 15:33:33.186488
2025-12-16,24494,EDM,PIT,30002623,Jake Walman,points,rf_qrf_points,0.3.0,empirical_qrf,0.0020775867650867654,0.0,0.0,,3768324934500513378,2025-12-16 15:33:33.186488
2025-12-16,24494,EDM,PIT,30002787,Connor Ingram,points,rf_qrf_points,0.3.0,empirical_qrf,0.008213579304022908,0.0065225665527166585,0.009918680392642189,,3768324934500513378,2025-12-16 15:33:33.186488
2025-12-16,24494,EDM,PIT,30002824,Jack Roslovic,points,rf_qrf_points,0.3.0,empirical_qrf,0.017956990992899956,0.008438818565400843,0.02919117647058824,,3768324934500513378,2025-12-16 15:33:33.186488
2025-12-16,24494,PIT,EDM,30000557,Brett Kulak,points,rf_qrf_points,0.3.0,empirical_qrf,0.0,0.0,0.0,,3768324934500513378,2025-12-16 15:33:33.186488
2025-12-16,24494,EDM,PIT,30000752,Mattias Janmark,points,rf_qrf_points,0.3.0,empirical_qrf,0.0,0.0,0.0,,3768324934500513378,2025-12-16 15:33:33.186488
2025-12-16,24494,EDM,PIT,30000965,Curtis Lazar,points,rf_qrf_points,0.3.0,empirical_qrf,0.0,0.0,0.0,,3768324934500513378,2025-12-16 15:33:33.186488
2025-12-16,24494,EDM,PIT,30000987,Adam Henrique,points,rf_qrf_points,0.3.0,empirical_qrf,0.0,0.0,0.0,,3768324934500513378,2025-12-16 15:33:33.186488
2025-12-16,24494,EDM,PIT,30001076,Leon Draisaitl,points,rf_qrf_points,0.3.0,empirical_qrf,0.0,0.0,0.0,,3768324934500513378,2025-12-16 15:33:33.186488
2025-12-16,24494,EDM,PIT,30001233,Connor McDavid,points,rf_qrf_points,0.3.0,empirical_qrf,0.006015873015873015,0.0,0.0,,3768324934500513378,2025-12-16 15:33:33.186488
2025-12-16,24495,VAN,NYR,30000958,Derek Forbort,points,rf_qrf_points,0.3.0,empirical_qrf,0.0,0.0,0.0,,3768324934500513378,2025-12-16 15:33:33.186488
2025-12-16,24495,VAN,NYR,30000976,Evander Kane,points,rf_qrf_points,0.3.0,empirical_qrf,0.11908952052352895,0.0,0.2222222222222222,,3768324934500513378,2025-12-16 15:33:33.186488
2025-12-16,24495,VAN,NYR,30001238,Jake DeBrusk,points,rf_qrf_points,0.3.0,empirical_qrf,0.0012916666666666667,0.0,0.0,,3768324934500513378,2025-12-16 15:33:33.186488
2025-12-16,24495,VAN,NYR,30001299,Tyler Myers,points,rf_qrf_points,0.3.0,empirical_qrf,0.036959297501620296,0.0,0.08850267379679151,,3768324934500513378,2025-12-16 15:33:33.186488
2025-12-16,24495,VAN,NYR,30001949,Guillaume Brisebois,points,rf_qrf_points,0.3.0,empirical_qrf,0.002962487489090566,0.0,0.006389776357827476,,3768324934500513378,2025-12-16 15:33:33.186488
2025-12-16,24495,VAN,NYR,30002479,Teddy Blueger,points,rf_qrf_points,0.3.0,empirical_qrf,0.0,0.0,0.0,,3768324934500513378,2025-12-16 15:33:33.186488
2025-12-16,24495,VAN,NYR,30004818,Marco Rossi,points,rf_qrf_points,0.3.0,empirical_qrf,0.0026984126984126986,0.0,0.0,,3768324934500513378,2025-12-16 15:33:33.186488
2025-12-16,24495,VAN,NYR,30005642,Liam Ohgren,points,rf_qrf_points,0.3.0,empirical_qrf,0.0,0.0,0.0,,3768324934500513378,2025-12-16 15:33:33.186488
2025-12-16,24495,VAN,NYR,30006486,Zeev Buium,points,rf_qrf_points,0.3.0,empirical_qrf,0.20899788297930713,0.0,0.46153846153846156,,3768324934500513378,2025-12-16 15:33:33.186488
2025-12-16,24495,VAN,NYR,30004817,Lukas Reichel,points,rf_qrf_points,0.3.0,empirical_qrf,0.0,0.0,0.0,,3768324934500513378,2025-12-16 15:33:33.186488
2025-12-16,24495,NYR,VAN,30006118,Carey Terrance,points,rf_qrf_points,0.3.0,empirical_qrf,0.009477158983000014,0.0,0.019011445643115892,,3768324934500513378,2025-12-16 15:33:33.186488
2025-12-16,24495,NYR,VAN,30006174,Dylan Roobroeck,points,rf_qrf_points,0.3.0,empirical_qrf,0.0,0.0,0.0,,3768324934500513378,2025-12-16 15:33:33.186488
2025-12-16,24495,NYR,VAN,30006331,Brett Budgell,points,rf_qrf_points,0.3.0,empirical_qrf,0.008213579304022908,0.0065225665527166585,0.009918680392642189,,3768324934500513378,2025-12-16 15:33:33.186488
2025-12-16,24495,NYR,VAN,30005266,Jaroslav Chmelar,points,rf_qrf_points,0.3.0,empirical_qrf,0.06521187960743088,0.021692876965772434,0.11904761904761904,,3768324934500513378,2025-12-16 15:33:33.186488
2025-12-16,24495,NYR,VAN,30005563,Brandon Scanlin,points,rf_qrf_points,0.3.0,empirical_qrf,0.06521187960743088,0.021692876965772434,0.11904761904761904,,3768324934500513378,2025-12-16 15:33:33.186488
2025-12-16,24495,VAN,NYR,30004140,Jett Woo,points,rf_qrf_points,0.3.0,empirical_qrf,0.017956990992899956,0.008438818565400843,0.02919117647058824,,3768324934500513378,2025-12-16 15:33:33.186488
2025-12-16,24495,NYR,VAN,30005183,Matt Rempe,points,rf_qrf_points,0.3.0,empirical_qrf,0.0,0.0,0.0,,3768324934500513378,2025-12-16 15:33:33.186488
2025-12-16,24495,NYR,VAN,30005223,Kyle Jackson,points,rf_qrf_points,0.3.0,empirical_qrf,0.008213579304022908,0.0065225665527166585,0.009918680392642189,,3768324934500513378,2025-12-16 15:33:33.186488
2025-12-16,24495,NYR,VAN,30005252,Adam Edstrom,points,rf_qrf_points,0.3.0,empirical_qrf,0.0,0.0,0.0,,3768324934500513378,2025-12-16 15:33:33.186488
2025-12-16,24495,NYR,VAN,30005662,Adam Sykora,points,rf_qrf_points,0.3.0,empirical_qrf,0.017956990992899956,0.008438818565400843,0.02919117647058824,,3768324934500513378,2025-12-16 15:33:33.186488
2025-12-16,24495,NYR,VAN,30005686,Bryce McConnell-Barker,points,rf_qrf_points,0.3.0,empirical_qrf,0.023580703200305326,0.0,0.0449438202247191,,3768324934500513378,2025-12-16 15:33:33.186488
2025-12-16,24495,NYR,VAN,30005883,Noah Laba,points,rf_qrf_points,0.3.0,empirical_qrf,0.010555555555555556,0.0,0.0,,3768324934500513378,2025-12-16 15:33:33.186488
2025-12-16,24495,NYR,VAN,30004887,Brett Berard,points,rf_qrf_points,0.3.0,empirical_qrf,0.0,0.0,0.0,,3768324934500513378,2025-12-16 15:33:33.186488
2025-12-16,24495,NYR,VAN,30004896,Dylan Garand,points,rf_qrf_points,0.3.0,empirical_qrf,0.008213579304022908,0.0065225665527166585,0.009918680392642189,,3768324934500513378,2025-12-16 15:33:33.186488
2025-12-16,24495,NYR,VAN,30004968,Juuso Parssinen,points,rf_qrf_points,0.3.0,empirical_qrf,0.00039933046389287424,0.0,0.0,,3768324934500513378,2025-12-16 15:33:33.186488
2025-12-16,24495,NYR,VAN,30004987,Brennan Othmann,points,rf_qrf_points,0.3.0,empirical_qrf,0.11908952052352895,0.0,0.2222222222222222,,3768324934500513378,2025-12-16 15:33:33.186488
2025-12-16,24495,NYR,VAN,30005014,Scott Morrow,points,rf_qrf_points,0.3.0,empirical_qrf,0.0,0.0,0.0,,3768324934500513378,2025-12-16 15:33:33.186488
2025-12-16,24495,NYR,VAN,30005069,Christopher Merisier-Ortiz,points,rf_qrf_points,0.3.0,empirical_qrf,0.008213579304022908,0.0065225665527166585,0.009918680392642189,,3768324934500513378,2025-12-16 15:33:33.186488
2025-12-16,24495,NYR,VAN,30004504,Matthew Robertson,points,rf_qrf_points,0.3.0,empirical_qrf,0.023570114792065416,0.005952380952380952,0.04242424242424243,,3768324934500513378,2025-12-16 15:33:33.186488
2025-12-16,24495,NYR,VAN,30004749,Connor Mackey,points,rf_qrf_points,0.3.0,empirical_qrf,0.0,0.0,0.0,,3768324934500513378,2025-12-16 15:33:33.186488
2025-12-16,24495,NYR,VAN,30004797,Brendan Brisson,points,rf_qrf_points,0.3.0,empirical_qrf,0.0,0.0,0.0,,3768324934500513378,2025-12-16 15:33:33.186488
2025-12-16,24495,NYR,VAN,30004807,Alexis Lafrenière,points,rf_qrf_points,0.3.0,empirical_qrf,0.02487554257562325,0.0,0.0625,,3768324934500513378,2025-12-16 15:33:33.186488
2025-12-16,24495,NYR,VAN,30004820,Braden Schneider,points,rf_qrf_points,0.3.0,empirical_qrf,0.010951687680088881,0.0,0.02531645569620253,,3768324934500513378,2025-12-16 15:33:33.186488
2025-12-16,24495,NYR,VAN,30004832,Will Cuylle,points,rf_qrf_points,0.3.0,empirical_qrf,0.019847222222222217,0.0,0.0,,3768324934500513378,2025-12-16 15:33:33.186488
2025-12-16,24495,NYR,VAN,30003202,Casey Fitzgerald,points,rf_qrf_points,0.3.0,empirical_qrf,0.010951687680088881,0.0,0.02531645569620253,,3768324934500513378,2025-12-16 15:33:33.186488
2025-12-16,24495,NYR,VAN,30003583,Carson Soucy,points,rf_qrf_points,0.3.0,empirical_qrf,0.035712528655251305,0.0,0.08010810810810813,,3768324934500513378,2025-12-16 15:33:33.186488
2025-12-16,24495,NYR,VAN,30003649,Urho Vaakanainen,points,rf_qrf_points,0.3.0,empirical_qrf,0.010951687680088881,0.0,0.02531645569620253,,3768324934500513378,2025-12-16 15:33:33.186488
2025-12-16,24495,NYR,VAN,30003743,Will Borgen,points,rf_qrf_points,0.3.0,empirical_qrf,0.0,0.0,0.0,,3768324934500513378,2025-12-16 15:33:33.186488
2025-12-16,24495,NYR,VAN,30003952,Blake Hillman,points,rf_qrf_points,0.3.0,empirical_qrf,0.008213579304022908,0.0065225665527166585,0.009918680392642189,,3768324934500513378,2025-12-16 15:33:33.186488
2025-12-16,24495,NYR,VAN,30004430,Vladislav Gavrikov,points,rf_qrf_points,0.3.0,empirical_qrf,0.0,0.0,0.0,,3768324934500513378,2025-12-16 15:33:33.186488
2025-12-16,24495,NYR,VAN,30001322,Artemi Panarin,points,rf_qrf_points,0.3.0,empirical_qrf,0.0,0.0,0.0,,3768324934500513378,2025-12-16 15:33:33.186488
2025-12-16,24495,NYR,VAN,30002524,Spencer Martin,points,rf_qrf_points,0.3.0,empirical_qrf,0.008213579304022908,0.0065225665527166585,0.009918680392642189,,3768324934500513378,2025-12-16 15:33:33.186488
2025-12-16,24495,NYR,VAN,30002967,Jonny Brodzinski,points,rf_qrf_points,0.3.0,empirical_qrf,0.0,0.0,0.0,,3768324934500513378,2025-12-16 15:33:33.186488
2025-12-16,24495,NYR,VAN,30002999,Igor Shesterkin,points,rf_qrf_points,0.3.0,empirical_qrf,0.008213579304022908,0.0065225665527166585,0.009918680392642189,,3768324934500513378,2025-12-16 15:33:33.186488
2025-12-16,24495,NYR,VAN,30003170,Taylor Raddysh,points,rf_qrf_points,0.3.0,empirical_qrf,0.017956990992899956,0.008438818565400843,0.02919117647058824,,3768324934500513378,2025-12-16 15:33:33.186488
2025-12-16,24495,NYR,VAN,30003194,Adam Fox,points,rf_qrf_points,0.3.0,empirical_qrf,0.0,0.0,0.0,,3768324934500513378,2025-12-16 15:33:33.186488
2025-12-16,24495,NYR,VAN,30000123,Jonathan Quick,points,rf_qrf_points,0.3.0,empirical_qrf,0.008213579304022908,0.0065225665527166585,0.009918680392642189,,3768324934500513378,2025-12-16 15:33:33.186488
2025-12-16,24495,NYR,VAN,30000226,Vincent Trocheck,points,rf_qrf_points,0.3.0,empirical_qrf,0.011837301587301587,0.0,0.0,,3768324934500513378,2025-12-16 15:33:33.186488
2025-12-16,24495,NYR,VAN,30000410,Conor Sheary,points,rf_qrf_points,0.3.0,empirical_qrf,0.20114886964886963,0.0,0.5,,3768324934500513378,2025-12-16 15:33:33.186488
2025-12-16,24495,NYR,VAN,30000467,Mika Zibanejad,points,rf_qrf_points,0.3.0,empirical_qrf,0.004722222222222221,0.0,0.0,,3768324934500513378,2025-12-16 15:33:33.186488
2025-12-16,24495,NYR,VAN,30000489,Sam Carrick,points,rf_qrf_points,0.3.0,empirical_qrf,0.11908952052352895,0.0,0.2222222222222222,,3768324934500513378,2025-12-16 15:33:33.186488
2025-12-16,24495,NYR,VAN,30000617,J.T. Miller,points,rf_qrf_points,0.3.0,empirical_qrf,0.16268849206349206,0.0,0.7750000000000057,,3768324934500513378,2025-12-16 15:33:33.186488
2025-12-16,24495,VAN,NYR,30005837,Ty Young,points,rf_qrf_points,0.3.0,empirical_qrf,0.008213579304022908,0.0065225665527166585,0.009918680392642189,,3768324934500513378,2025-12-16 15:33:33.186488
2025-12-16,24495,VAN,NYR,30006031,Max Sasson,points,rf_qrf_points,0.3.0,empirical_qrf,0.0,0.0,0.0,,3768324934500513378,2025-12-16 15:33:33.186488
2025-12-16,24495,VAN,NYR,30006037,Nikita Tolopilo,points,rf_qrf_points,0.3.0,empirical_qrf,0.008213579304022908,0.0065225665527166585,0.009918680392642189,,3768324934500513378,2025-12-16 15:33:33.186488
2025-12-16,24495,VAN,NYR,30006067,Tom Willander,points,rf_qrf_points,0.3.0,empirical_qrf,0.0,0.0,0.0,,3768324934500513378,2025-12-16 15:33:33.186488
2025-12-16,24495,VAN,NYR,30006320,Joe Arntsen,points,rf_qrf_points,0.3.0,empirical_qrf,0.008213579304022908,0.0065225665527166585,0.009918680392642189,,3768324934500513378,2025-12-16 15:33:33.186488
2025-12-16,24495,VAN,NYR,30006441,Elias Nils Pettersson,points,rf_qrf_points,0.3.0,empirical_qrf,0.035712528655251305,0.0,0.08010810810810813,,3768324934500513378,2025-12-16 15:33:33.186488
2025-12-16,24495,VAN,NYR,30005171,Dino Kambeitz,points,rf_qrf_points,0.3.0,empirical_qrf,0.008213579304022908,0.0065225665527166585,0.009918680392642189,,3768324934500513378,2025-12-16 15:33:33.186488
2025-12-16,24495,VAN,NYR,30005456,Nils Aman,points,rf_qrf_points,0.3.0,empirical_qrf,0.05367131274324019,0.0,0.1054511278195489,,3768324934500513378,2025-12-16 15:33:33.186488
2025-12-16,24495,VAN,NYR,30005566,Arshdeep Bains,points,rf_qrf_points,0.3.0,empirical_qrf,0.0,0.0,0.0,,3768324934500513378,2025-12-16 15:33:33.186488
2025-12-16,24495,VAN,NYR,30005619,Jonathan Lekkerimaki,points,rf_qrf_points,0.3.0,empirical_qrf,0.1209920634920635,0.0,0.5,,3768324934500513378,2025-12-16 15:33:33.186488
2025-12-16,24495,VAN,NYR,30005747,Jonathan Lemieux,points,rf_qrf_points,0.3.0,empirical_qrf,0.008213579304022908,0.0065225665527166585,0.009918680392642189,,3768324934500513378,2025-12-16 15:33:33.186488
2025-12-16,24495,VAN,NYR,30005831,Kirill Kudryavtsev,points,rf_qrf_points,0.3.0,empirical_qrf,0.0,0.0,0.0,,3768324934500513378,2025-12-16 15:33:33.186488
2025-12-16,24495,VAN,NYR,30004581,Nikolai Knyzhov,points,rf_qrf_points,0.3.0,empirical_qrf,0.009477158983000014,0.0,0.019011445643115892,,3768324934500513378,2025-12-16 15:33:33.186488
2025-12-16,24495,VAN,NYR,30004741,Drew O'Connor,points,rf_qrf_points,0.3.0,empirical_qrf,0.0,0.0,0.0,,3768324934500513378,2025-12-16 15:33:33.186488
2025-12-16,24495,VAN,NYR,30005016,Danila Klimovich,points,rf_qrf_points,0.3.0,empirical_qrf,0.0,0.0,0.0,,3768324934500513378,2025-12-16 15:33:33.186488
2025-12-16,24495,VAN,NYR,30005028,Aatu Raty,points,rf_qrf_points,0.3.0,empirical_qrf,0.01421043454596086,0.0,0.0,,3768324934500513378,2025-12-16 15:33:33.186488
2025-12-16,24495,VAN,NYR,30005100,Cooper Walker,points,rf_qrf_points,0.3.0,empirical_qrf,0.008213579304022908,0.0065225665527166585,0.009918680392642189,,3768324934500513378,2025-12-16 15:33:33.186488
2025-12-16,24495,VAN,NYR,30005145,Josh Bloom,points,rf_qrf_points,0.3.0,empirical_qrf,0.008213579304022908,0.0065225665527166585,0.009918680392642189,,3768324934500513378,2025-12-16 15:33:33.186488
2025-12-16,24495,VAN,NYR,30004001,Kiefer Sherwood,points,rf_qrf_points,0.3.0,empirical_qrf,0.003138888888888889,0.0,0.0,,3768324934500513378,2025-12-16 15:33:33.186488
2025-12-16,24495,VAN,NYR,30004058,Kevin Lankinen,points,rf_qrf_points,0.3.0,empirical_qrf,0.008213579304022908,0.0065225665527166585,0.009918680392642189,,3768324934500513378,2025-12-16 15:33:33.186488
2025-12-16,24495,VAN,NYR,30004153,Linus Karlsson,points,rf_qrf_points,0.3.0,empirical_qrf,0.20114886964886963,0.0,0.5,,3768324934500513378,2025-12-16 15:33:33.186488
2025-12-16,24495,VAN,NYR,30004227,Chase Wouters,points,rf_qrf_points,0.3.0,empirical_qrf,0.008213579304022908,0.0065225665527166585,0.009918680392642189,,3768324934500513378,2025-12-16 15:33:33.186488
2025-12-16,24495,VAN,NYR,30004425,Jimmy Schuldt,points,rf_qrf_points,0.3.0,empirical_qrf,0.009477158983000014,0.0,0.019011445643115892,,3768324934500513378,2025-12-16 15:33:33.186488
2025-12-16,24495,VAN,NYR,30004531,Nils Hoglander,points,rf_qrf_points,0.3.0,empirical_qrf,0.0030383597883597885,0.0,0.0,,3768324934500513378,2025-12-16 15:33:33.186488
2025-12-16,24495,VAN,NYR,30003193,Filip Hronek,points,rf_qrf_points,0.3.0,empirical_qrf,0.0075,0.0,0.0,,3768324934500513378,2025-12-16 15:33:33.186488
2025-12-16,24495,VAN,NYR,30003604,David Kampf,points,rf_qrf_points,0.3.0,empirical_qrf,0.04223319517570298,0.010869565217391304,0.07699775952203139,,3768324934500513378,2025-12-16 15:33:33.186488
2025-12-16,24495,VAN,NYR,30003647,Elias Pettersson,points,rf_qrf_points,0.3.0,empirical_qrf,0.0,0.0,0.0,,3768324934500513378,2025-12-16 15:33:33.186488
2025-12-16,24495,VAN,NYR,30003655,Filip Chytil,points,rf_qrf_points,0.3.0,empirical_qrf,0.0007936507936507937,0.0,0.0,,3768324934500513378,2025-12-16 15:33:33.186488
2025-12-16,24495,VAN,NYR,30003666,Pierre-Olivier Joseph,points,rf_qrf_points,0.3.0,empirical_qrf,0.010951687680088881,0.0,0.02531645569620253,,3768324934500513378,2025-12-16 15:33:33.186488
2025-12-16,24495,VAN,NYR,30003776,Jiri Patera,points,rf_qrf_points,0.3.0,empirical_qrf,0.008213579304022908,0.0065225665527166585,0.009918680392642189,,3768324934500513378,2025-12-16 15:33:33.186488
2025-12-16,24495,VAN,NYR,30002581,Thatcher Demko,points,rf_qrf_points,0.3.0,empirical_qrf,0.008213579304022908,0.0065225665527166585,0.009918680392642189,,3768324934500513378,2025-12-16 15:33:33.186488
2025-12-16,24495,VAN,NYR,30002587,Marcus Pettersson,points,rf_qrf_points,0.3.0,empirical_qrf,0.0,0.0,0.0,,3768324934500513378,2025-12-16 15:33:33.186488
2025-12-16,24495,VAN,NYR,30002777,Brock Boeser,points,rf_qrf_points,0.3.0,empirical_qrf,0.019847222222222217,0.0,0.0,,3768324934500513378,2025-12-16 15:33:33.186488
2025-12-16,24495,VAN,NYR,30002793,Joseph Labate,points,rf_qrf_points,0.3.0,empirical_qrf,0.047775023978522055,0.012048192771084338,0.0870108695652174,,3768324934500513378,2025-12-16 15:33:33.186488
2025-12-16,24495,VAN,NYR,30002876,Conor Garland,points,rf_qrf_points,0.3.0,empirical_qrf,0.013999999999999997,0.0,0.0,,3768324934500513378,2025-12-16 15:33:33.186488
2025-12-16,24495,VAN,NYR,30003063,Mackenzie MacEachern,points,rf_qrf_points,0.3.0,empirical_qrf,0.0,0.0,0.0,,3768324934500513378,2025-12-16 15:33:33.186488
2025-12-16,24496,PHI,MON,30000050,Sean Couturier,points,rf_qrf_points,0.3.0,empirical_qrf,0.004833333333333334,0.0,0.0,,3768324934500513378,2025-12-16 15:33:33.186488
2025-12-16,24496,PHI,MON,30000234,Garrett Wilson,points,rf_qrf_points,0.3.0,empirical_qrf,0.009477158983000014,0.0,0.019011445643115892,,3768324934500513378,2025-12-16 15:33:33.186488
2025-12-16,24496,PHI,MON,30000349,Travis Konecny,points,rf_qrf_points,0.3.0,empirical_qrf,0.002281746031746032,0.0,0.0,,3768324934500513378,2025-12-16 15:33:33.186488
2025-12-16,24496,PHI,MON,30000501,Nicolas Deslauriers,points,rf_qrf_points,0.3.0,empirical_qrf,0.002962487489090566,0.0,0.006389776357827476,,3768324934500513378,2025-12-16 15:33:33.186488
2025-12-16,24496,PHI,MON,30000624,Travis Sanheim,points,rf_qrf_points,0.3.0,empirical_qrf,0.0031666666666666666,0.0,0.0,,3768324934500513378,2025-12-16 15:33:33.186488
2025-12-16,24496,PHI,MON,30000942,Christian Dvorak,points,rf_qrf_points,0.3.0,empirical_qrf,0.0003333333333333334,0.0,0.0,,3768324934500513378,2025-12-16 15:33:33.186488
2025-12-16,24496,PHI,MON,30005396,Ty Murchison,points,rf_qrf_points,0.3.0,empirical_qrf,0.008213579304022908,0.0065225665527166585,0.009918680392642189,,3768324934500513378,2025-12-16 15:33:33.186488
2025-12-16,24496,MON,PHI,30002592,Kaapo Kahkonen,points,rf_qrf_points,0.3.0,empirical_qrf,0.008213579304022908,0.0065225665527166585,0.009918680392642189,,3768324934500513378,2025-12-16 15:33:33.186488
2025-12-16,24496,PHI,MON,30005345,Roman Schmidt,points,rf_qrf_points,0.3.0,empirical_qrf,0.023580703200305326,0.0,0.0449438202247191,,3768324934500513378,2025-12-16 15:33:33.186488
2025-12-16,24496,MON,PHI,30005722,Adam Engstrom,points,rf_qrf_points,0.3.0,empirical_qrf,0.035712528655251305,0.0,0.08010810810810813,,3768324934500513378,2025-12-16 15:33:33.186488
2025-12-16,24496,MON,PHI,30006127,Jacob Fowler,points,rf_qrf_points,0.3.0,empirical_qrf,0.008213579304022908,0.0065225665527166585,0.009918680392642189,,3768324934500513378,2025-12-16 15:33:33.186488
2025-12-16,24496,MON,PHI,30005656,Owen Beck,points,rf_qrf_points,0.3.0,empirical_qrf,0.11908952052352895,0.0,0.2222222222222222,,3768324934500513378,2025-12-16 15:33:33.186488
2025-12-16,24496,MON,PHI,30005806,Jared Davidson,points,rf_qrf_points,0.3.0,empirical_qrf,0.017956990992899956,0.008438818565400843,0.02919117647058824,,3768324934500513378,2025-12-16 15:33:33.186488
2025-12-16,24496,MON,PHI,30006060,David Reinbacher,points,rf_qrf_points,0.3.0,empirical_qrf,0.009477158983000014,0.0,0.019011445643115892,,3768324934500513378,2025-12-16 15:33:33.186488
2025-12-16,24496,MON,PHI,30006152,Florian Xhekaj,points,rf_qrf_points,0.3.0,empirical_qrf,0.0,0.0,0.0,,3768324934500513378,2025-12-16 15:33:33.186488
2025-12-16,24496,MON,PHI,30006358,Israel Mianscum,points,rf_qrf_points,0.3.0,empirical_qrf,0.008213579304022908,0.0065225665527166585,0.009918680392642189,,3768324934500513378,2025-12-16 15:33:33.186488
2025-12-16,24496,MON,PHI,30006485,Ivan Demidov,points,rf_qrf_points,0.3.0,empirical_qrf,0.0,0.0,0.0,,3768324934500513378,2025-12-16 15:33:33.186488
2025-12-16,24496,MON,PHI,30005288,Ben Gaudreau,points,rf_qrf_points,0.3.0,empirical_qrf,0.008213579304022908,0.0065225665527166585,0.009918680392642189,,3768324934500513378,2025-12-16 15:33:33.186488
2025-12-16,24496,MON,PHI,30005534,Jakub Dobes,points,rf_qrf_points,0.3.0,empirical_qrf,0.008213579304022908,0.0065225665527166585,0.009918680392642189,,3768324934500513378,2025-12-16 15:33:33.186488
2025-12-16,24496,MON,PHI,30005574,Lucas Condotta,points,rf_qrf_points,0.3.0,empirical_qrf,0.05367131274324019,0.0,0.1054511278195489,,3768324934500513378,2025-12-16 15:33:33.186488
2025-12-16,24496,MON,PHI,30005631,Juraj Slafkovsky,points,rf_qrf_points,0.3.0,empirical_qrf,0.0,0.0,0.0,,3768324934500513378,2025-12-16 15:33:33.186488
2025-12-16,24496,MON,PHI,30005645,Filip Mesar,points,rf_qrf_points,0.3.0,empirical_qrf,0.0,0.0,0.0,,3768324934500513378,2025-12-16 15:33:33.186488
2025-12-16,24496,MON,PHI,30005655,Lane Hutson,points,rf_qrf_points,0.3.0,empirical_qrf,0.007960317460317461,0.0,0.0,,3768324934500513378,2025-12-16 15:33:33.186488
2025-12-16,24496,MON,PHI,30005118,Tobie Paquette-Bisson,points,rf_qrf_points,0.3.0,empirical_qrf,0.0004880012205551117,0.0,0.0,,3768324934500513378,2025-12-16 15:33:33.186488
2025-12-16,24496,MON,PHI,30005121,Joshua Roy,points,rf_qrf_points,0.3.0,empirical_qrf,0.002962487489090566,0.0,0.006389776357827476,,3768324934500513378,2025-12-16 15:33:33.186488
2025-12-16,24496,MON,PHI,30005122,Xavier Simoneau,points,rf_qrf_points,0.3.0,empirical_qrf,0.008213579304022908,0.0065225665527166585,0.009918680392642189,,3768324934500513378,2025-12-16 15:33:33.186488
2025-12-16,24496,MON,PHI,30005127,Joe Vrbetic,points,rf_qrf_points,0.3.0,empirical_qrf,0.008213579304022908,0.0065225665527166585,0.009918680392642189,,3768324934500513378,2025-12-16 15:33:33.186488
2025-12-16,24496,MON,PHI,30005128,Arber Xhekaj,points,rf_qrf_points,0.3.0,empirical_qrf,0.0,0.0,0.0,,3768324934500513378,2025-12-16 15:33:33.186488
2025-12-16,24496,MON,PHI,30005287,Gannon Laroque,points,rf_qrf_points,0.3.0,empirical_qrf,0.008213579304022908,0.0065225665527166585,0.009918680392642189,,3768324934500513378,2025-12-16 15:33:33.186488
2025-12-16,24496,MON,PHI,30004894,Sean Farrell,points,rf_qrf_points,0.3.0,empirical_qrf,0.11791033931668608,0.0,0.2857142857142857,,3768324934500513378,2025-12-16 15:33:33.186488
2025-12-16,24496,MON,PHI,30004928,Cole Caufield,points,rf_qrf_points,0.3.0,empirical_qrf,0.0008333333333333334,0.0,0.0,,3768324934500513378,2025-12-16 15:33:33.186488
2025-12-16,24496,MON,PHI,30004950,Marc Del Gaizo,points,rf_qrf_points,0.3.0,empirical_qrf,0.0,0.0,0.0,,3768324934500513378,2025-12-16 15:33:33.186488
2025-12-16,24496,MON,PHI,30004990,Zachary Bolduc,points,rf_qrf_points,0.3.0,empirical_qrf,0.0,0.0,0.0,,3768324934500513378,2025-12-16 15:33:33.186488
2025-12-16,24496,MON,PHI,30005021,Oliver Kapanen,points,rf_qrf_points,0.3.0,empirical_qrf,0.007403439153439154,0.0,0.0,,3768324934500513378,2025-12-16 15:33:33.186488
2025-12-16,24496,MON,PHI,30005022,Riley Kidney,points,rf_qrf_points,0.3.0,empirical_qrf,0.16018292763880998,0.0,0.375,,3768324934500513378,2025-12-16 15:33:33.186488
2025-12-16,24496,MON,PHI,30004486,Alex Newhook,points,rf_qrf_points,0.3.0,empirical_qrf,0.1467409188034188,0.0,0.3333333333333333,,3768324934500513378,2025-12-16 15:33:33.186488
2025-12-16,24496,MON,PHI,30004520,Hunter Jones,points,rf_qrf_points,0.3.0,empirical_qrf,0.0,0.0,0.0,,3768324934500513378,2025-12-16 15:33:33.186488
2025-12-16,24496,MON,PHI,30004559,Jayden Struble,points,rf_qrf_points,0.3.0,empirical_qrf,0.023570114792065416,0.005952380952380952,0.04242424242424243,,3768324934500513378,2025-12-16 15:33:33.186488
2025-12-16,24496,MON,PHI,30004803,Kaiden Guhle,points,rf_qrf_points,0.3.0,empirical_qrf,0.0,0.0,0.0,,3768324934500513378,2025-12-16 15:33:33.186488
2025-12-16,24496,MON,PHI,30004866,Ryan O'Rourke,points,rf_qrf_points,0.3.0,empirical_qrf,0.0,0.0,0.0,,3768324934500513378,2025-12-16 15:33:33.186488
2025-12-16,24496,MON,PHI,30004876,Ty Smilanic,points,rf_qrf_points,0.3.0,empirical_qrf,0.008213579304022908,0.0065225665527166585,0.009918680392642189,,3768324934500513378,2025-12-16 15:33:33.186488
2025-12-16,24496,MON,PHI,30004086,Noah Dobson,points,rf_qrf_points,0.3.0,empirical_qrf,0.0,0.0,0.0,,3768324934500513378,2025-12-16 15:33:33.186488
2025-12-16,24496,MON,PHI,30004101,Joe Veleno,points,rf_qrf_points,0.3.0,empirical_qrf,0.0,0.0,0.0,,3768324934500513378,2025-12-16 15:33:33.186488
2025-12-16,24496,MON,PHI,30004204,Wyatte Wylie,points,rf_qrf_points,0.3.0,empirical_qrf,0.11881577681577682,0.0,0.5,,3768324934500513378,2025-12-16 15:33:33.186488
2025-12-16,24496,MON,PHI,30004284,Kevin Mandolese,points,rf_qrf_points,0.3.0,empirical_qrf,0.008213579304022908,0.0065225665527166585,0.009918680392642189,,3768324934500513378,2025-12-16 15:33:33.186488
2025-12-16,24496,MON,PHI,30004361,Josh Anderson,points,rf_qrf_points,0.3.0,empirical_qrf,0.0,0.0,0.0,,3768324934500513378,2025-12-16 15:33:33.186488
2025-12-16,24496,MON,PHI,30004472,Kirby Dach,points,rf_qrf_points,0.3.0,empirical_qrf,0.0,0.0,0.0,,3768324934500513378,2025-12-16 15:33:33.186488
2025-12-16,24496,MON,PHI,30003131,Patrik Laine,points,rf_qrf_points,0.3.0,empirical_qrf,0.011239901931679794,0.0,0.0,,3768324934500513378,2025-12-16 15:33:33.186488
2025-12-16,24496,MON,PHI,30003667,Nick Suzuki,points,rf_qrf_points,0.3.0,empirical_qrf,0.0,0.0,0.0,,3768324934500513378,2025-12-16 15:33:33.186488
2025-12-16,24496,MON,PHI,30003687,Alexandre Texier,points,rf_qrf_points,0.3.0,empirical_qrf,0.009477158983000014,0.0,0.019011445643115892,,3768324934500513378,2025-12-16 15:33:33.186488
2025-12-16,24496,MON,PHI,30003901,Alex Belzile,points,rf_qrf_points,0.3.0,empirical_qrf,0.0,0.0,0.0,,3768324934500513378,2025-12-16 15:33:33.186488
2025-12-16,24496,MON,PHI,30003958,Nate Clurman,points,rf_qrf_points,0.3.0,empirical_qrf,0.03377820766518467,0.0,0.0684931506849315,,3768324934500513378,2025-12-16 15:33:33.186488
2025-12-16,24496,MON,PHI,30003990,Jake Evans,points,rf_qrf_points,0.3.0,empirical_qrf,0.03377820766518467,0.0,0.0684931506849315,,3768324934500513378,2025-12-16 15:33:33.186488
2025-12-16,24496,MON,PHI,30000670,Sammy Blais,points,rf_qrf_points,0.3.0,empirical_qrf,0.04223319517570298,0.010869565217391304,0.07699775952203139,,3768324934500513378,2025-12-16 15:33:33.186488
2025-12-16,24496,MON,PHI,30001395,Laurent Dauphin,points,rf_qrf_points,0.3.0,empirical_qrf,0.023580703200305326,0.0,0.0449438202247191,,3768324934500513378,2025-12-16 15:33:33.186488
2025-12-16,24496,MON,PHI,30002601,Joshua Jacobs,points,rf_qrf_points,0.3.0,empirical_qrf,0.008213579304022908,0.0065225665527166585,0.009918680392642189,,3768324934500513378,2025-12-16 15:33:33.186488
2025-12-16,24496,MON,PHI,30002663,Vincent Arseneau,points,rf_qrf_points,0.3.0,empirical_qrf,0.008213579304022908,0.0065225665527166585,0.009918680392642189,,3768324934500513378,2025-12-16 15:33:33.186488
2025-12-16,24496,MON,PHI,30002781,Sam Montembeault,points,rf_qrf_points,0.3.0,empirical_qrf,0.008213579304022908,0.0065225665527166585,0.009918680392642189,,3768324934500513378,2025-12-16 15:33:33.186488
2025-12-16,24496,MON,PHI,30002825,Alexandre Carrier,points,rf_qrf_points,0.3.0,empirical_qrf,0.0,0.0,0.0,,3768324934500513378,2025-12-16 15:33:33.186488
2025-12-16,24496,PHI,MON,30006075,Oliver Bonk,points,rf_qrf_points,0.3.0,empirical_qrf,0.0,0.0,0.0,,3768324934500513378,2025-12-16 15:33:33.186488
2025-12-16,24496,PHI,MON,30006100,Carson Bjarnason,points,rf_qrf_points,0.3.0,empirical_qrf,0.008213579304022908,0.0065225665527166585,0.009918680392642189,,3768324934500513378,2025-12-16 15:33:33.186488
2025-12-16,24496,PHI,MON,30006135,Denver Barkey,points,rf_qrf_points,0.3.0,empirical_qrf,0.017956990992899956,0.008438818565400843,0.02919117647058824,,3768324934500513378,2025-12-16 15:33:33.186488
2025-12-16,24496,MON,PHI,30000015,Brendan Gallagher,points,rf_qrf_points,0.3.0,empirical_qrf,0.015215804247924987,0.0,0.0,,3768324934500513378,2025-12-16 15:33:33.186488
2025-12-16,24496,MON,PHI,30000227,Mike Matheson,points,rf_qrf_points,0.3.0,empirical_qrf,0.0007936507936507937,0.0,0.0,,3768324934500513378,2025-12-16 15:33:33.186488
2025-12-16,24496,MON,PHI,30000555,Tyler Wotherspoon,points,rf_qrf_points,0.3.0,empirical_qrf,0.008213579304022908,0.0065225665527166585,0.009918680392642189,,3768324934500513378,2025-12-16 15:33:33.186488
2025-12-16,24496,PHI,MON,30005397,Noah Cates,points,rf_qrf_points,0.3.0,empirical_qrf,0.01421043454596086,0.0,0.0,,3768324934500513378,2025-12-16 15:33:33.186488
2025-12-16,24496,PHI,MON,30005401,Aleksei Kolosov,points,rf_qrf_points,0.3.0,empirical_qrf,0.008213579304022908,0.0065225665527166585,0.009918680392642189,,3768324934500513378,2025-12-16 15:33:33.186488
2025-12-16,24496,PHI,MON,30005756,Tucker Robertson,points,rf_qrf_points,0.3.0,empirical_qrf,0.008213579304022908,0.0065225665527166585,0.009918680392642189,,3768324934500513378,2025-12-16 15:33:33.186488
2025-12-16,24496,PHI,MON,30005958,Nikita Grebenkin,points,rf_qrf_points,0.3.0,empirical_qrf,0.007403439153439154,0.0,0.0,,3768324934500513378,2025-12-16 15:33:33.186488
2025-12-16,24496,PHI,MON,30006045,Yaniv Perets,points,rf_qrf_points,0.3.0,empirical_qrf,0.008213579304022908,0.0065225665527166585,0.009918680392642189,,3768324934500513378,2025-12-16 15:33:33.186488
2025-12-16,24496,PHI,MON,30006061,Matvei Michkov,points,rf_qrf_points,0.3.0,empirical_qrf,0.0025,0.0,0.0,,3768324934500513378,2025-12-16 15:33:33.186488
2025-12-16,24496,PHI,MON,30004800,Jamie Drysdale,points,rf_qrf_points,0.3.0,empirical_qrf,0.015215804247924987,0.0,0.0,,3768324934500513378,2025-12-16 15:33:33.186488
2025-12-16,24496,PHI,MON,30004801,Tyson Foerster,points,rf_qrf_points,0.3.0,empirical_qrf,0.0,0.0,0.0,,3768324934500513378,2025-12-16 15:33:33.186488
2025-12-16,24496,PHI,MON,30004824,Emil Andrae,points,rf_qrf_points,0.3.0,empirical_qrf,0.0,0.0,0.0,,3768324934500513378,2025-12-16 15:33:33.186488
2025-12-16,24496,PHI,MON,30004839,Helge Grans,points,rf_qrf_points,0.3.0,empirical_qrf,0.002962487489090566,0.0,0.006389776357827476,,3768324934500513378,2025-12-16 15:33:33.186488
2025-12-16,24496,PHI,MON,30005234,Vincent Sevigny,points,rf_qrf_points,0.3.0,empirical_qrf,0.008213579304022908,0.0065225665527166585,0.009918680392642189,,3768324934500513378,2025-12-16 15:33:33.186488
2025-12-16,24496,PHI,MON,30005293,Artem Guryev,points,rf_qrf_points,0.3.0,empirical_qrf,0.008213579304022908,0.0065225665527166585,0.009918680392642189,,3768324934500513378,2025-12-16 15:33:33.186488
2025-12-16,24496,PHI,MON,30004154,Xavier Bernard,points,rf_qrf_points,0.3.0,empirical_qrf,0.0018333333333333335,0.0,0.0,,3768324934500513378,2025-12-16 15:33:33.186488
2025-12-16,24496,PHI,MON,30004205,Egor Zamula,points,rf_qrf_points,0.3.0,empirical_qrf,0.04366528478536397,0.0,0.08540069686411152,,3768324934500513378,2025-12-16 15:33:33.186488
2025-12-16,24496,PHI,MON,30004406,Samuel Ersson,points,rf_qrf_points,0.3.0,empirical_qrf,0.008213579304022908,0.0065225665527166585,0.009918680392642189,,3768324934500513378,2025-12-16 15:33:33.186488
2025-12-16,24496,PHI,MON,30004481,Trevor Zegras,points,rf_qrf_points,0.3.0,empirical_qrf,0.14276758889258892,0.0,0.3333333333333333,,3768324934500513378,2025-12-16 15:33:33.186488
2025-12-16,24496,PHI,MON,30004484,Cam York,points,rf_qrf_points,0.3.0,empirical_qrf,0.0,0.0,0.0,,3768324934500513378,2025-12-16 15:33:33.186488
2025-12-16,24496,PHI,MON,30004508,Bobby Brink,points,rf_qrf_points,0.3.0,empirical_qrf,0.0005833333333333333,0.0,0.0,,3768324934500513378,2025-12-16 15:33:33.186488
2025-12-16,24496,PHI,MON,30003171,Carl Grundstrom,points,rf_qrf_points,0.3.0,empirical_qrf,0.002962487489090566,0.0,0.006389776357827476,,3768324934500513378,2025-12-16 15:33:33.186488
2025-12-16,24496,PHI,MON,30003283,Lane Pederson,points,rf_qrf_points,0.3.0,empirical_qrf,0.002962487489090566,0.0,0.006389776357827476,,3768324934500513378,2025-12-16 15:33:33.186488
2025-12-16,24496,PHI,MON,30003500,Rodrigo Abols,points,rf_qrf_points,0.3.0,empirical_qrf,7.575757575757576e-05,0.0,0.0,,3768324934500513378,2025-12-16 15:33:33.186488
2025-12-16,24496,PHI,MON,30003653,Owen Tippett,points,rf_qrf_points,0.3.0,empirical_qrf,0.00075,0.0,0.0,,3768324934500513378,2025-12-16 15:33:33.186488
2025-12-16,24496,PHI,MON,30003733,Keith Petruzzelli,points,rf_qrf_points,0.3.0,empirical_qrf,0.008213579304022908,0.0065225665527166585,0.009918680392642189,,3768324934500513378,2025-12-16 15:33:33.186488
2025-12-16,24496,PHI,MON,30004002,Cooper Marody,points,rf_qrf_points,0.3.0,empirical_qrf,0.008213579304022908,0.0065225665527166585,0.009918680392642189,,3768324934500513378,2025-12-16 15:33:33.186488
2025-12-16,24496,PHI,MON,30001201,Garnet Hathaway,points,rf_qrf_points,0.3.0,empirical_qrf,0.009477158983000014,0.0,0.019011445643115892,,3768324934500513378,2025-12-16 15:33:33.186488
2025-12-16,24496,PHI,MON,30001294,Rasmus Ristolainen,points,rf_qrf_points,0.3.0,empirical_qrf,0.008213579304022908,0.0065225665527166585,0.009918680392642189,,3768324934500513378,2025-12-16 15:33:33.186488
2025-12-16,24496,PHI,MON,30001312,Noah Juulsen,points,rf_qrf_points,0.3.0,empirical_qrf,0.023570114792065416,0.005952380952380952,0.04242424242424243,,3768324934500513378,2025-12-16 15:33:33.186488
2025-12-16,24496,PHI,MON,30002786,Dan Vladar,points,rf_qrf_points,0.3.0,empirical_qrf,0.008213579304022908,0.0065225665527166585,0.009918680392642189,,3768324934500513378,2025-12-16 15:33:33.186488
2025-12-16,24496,PHI,MON,30002979,Anthony Richard,points,rf_qrf_points,0.3.0,empirical_qrf,0.0,0.0,0.0,,3768324934500513378,2025-12-16 15:33:33.186488
2025-12-16,24496,PHI,MON,30003016,Nick Seeler,points,rf_qrf_points,0.3.0,empirical_qrf,0.0,0.0,0.0,,3768324934500513378,2025-12-16 15:33:33.186488
2025-12-16,24497,NYI,DET,30000204,Kyle Palmieri,points,rf_qrf_points,0.3.0,empirical_qrf,0.0039801587301587305,0.0,0.0,,3768324934500513378,2025-12-16 15:33:33.186488
2025-12-16,24497,NYI,DET,30000276,Anders Lee,points,rf_qrf_points,0.3.0,empirical_qrf,0.0,0.0,0.0,,3768324934500513378,2025-12-16 15:33:33.186488
2025-12-16,24497,NYI,DET,30000290,Adam Pelech,points,rf_qrf_points,0.3.0,empirical_qrf,0.0,0.0,0.0,,3768324934500513378,2025-12-16 15:33:33.186488
2025-12-16,24497,NYI,DET,30000292,Mathew Barzal,points,rf_qrf_points,0.3.0,empirical_qrf,0.0,0.0,0.0,,3768324934500513378,2025-12-16 15:33:33.186488
2025-12-16,24497,NYI,DET,30000571,Anthony Duclair,points,rf_qrf_points,0.3.0,empirical_qrf,0.006810966810966811,0.0,0.0,,3768324934500513378,2025-12-16 15:33:33.186488
2025-12-16,24497,NYI,DET,30000644,Chris Terry,points,rf_qrf_points,0.3.0,empirical_qrf,0.0,0.0,0.0,,3768324934500513378,2025-12-16 15:33:33.186488
2025-12-16,24497,DET,NYI,30005780,Amadeus Lombardi,points,rf_qrf_points,0.3.0,empirical_qrf,0.0,0.0,0.0,,3768324934500513378,2025-12-16 15:33:33.186488
2025-12-16,24497,DET,NYI,30006015,Alexandre Doucet,points,rf_qrf_points,0.3.0,empirical_qrf,0.012592830322205548,0.0,0.024390243902439025,,3768324934500513378,2025-12-16 15:33:33.186488
2025-12-16,24497,DET,NYI,30006059,Nate Danielson,points,rf_qrf_points,0.3.0,empirical_qrf,0.0036865079365079366,0.0,0.0,,3768324934500513378,2025-12-16 15:33:33.186488
2025-12-16,24497,DET,NYI,30006071,Axel Sandin-Pellikka,points,rf_qrf_points,0.3.0,empirical_qrf,0.02228126503126503,0.0,0.0,,3768324934500513378,2025-12-16 15:33:33.186488
2025-12-16,24497,DET,NYI,30006201,Emmitt Finnie,points,rf_qrf_points,0.3.0,empirical_qrf,0.047892229332031196,0.0,0.11764705882352941,,3768324934500513378,2025-12-16 15:33:33.186488
2025-12-16,24497,DET,NYI,30004884,William Wallinder,points,rf_qrf_points,0.3.0,empirical_qrf,0.0,0.0,0.0,,3768324934500513378,2025-12-16 15:33:33.186488
2025-12-16,24497,DET,NYI,30004983,Sebastian Cossa,points,rf_qrf_points,0.3.0,empirical_qrf,0.008213579304022908,0.0065225665527166585,0.009918680392642189,,3768324934500513378,2025-12-16 15:33:33.186488
2025-12-16,24497,DET,NYI,30004984,Simon Edvinsson,points,rf_qrf_points,0.3.0,empirical_qrf,0.02494642857142857,0.0,0.0,,3768324934500513378,2025-12-16 15:33:33.186488
2025-12-16,24497,DET,NYI,30005482,Carter Mazur,points,rf_qrf_points,0.3.0,empirical_qrf,0.0,0.0,0.0,,3768324934500513378,2025-12-16 15:33:33.186488
2025-12-16,24497,DET,NYI,30005489,Elmer Soderblom,points,rf_qrf_points,0.3.0,empirical_qrf,0.0,0.0,0.0,,3768324934500513378,2025-12-16 15:33:33.186488
2025-12-16,24497,DET,NYI,30005630,Marco Kasper,points,rf_qrf_points,0.3.0,empirical_qrf,0.0,0.0,0.0,,3768324934500513378,2025-12-16 15:33:33.186488
2025-12-16,24497,DET,NYI,30004186,Joel L'Esperance,points,rf_qrf_points,0.3.0,empirical_qrf,0.009477158983000014,0.0,0.019011445643115892,,3768324934500513378,2025-12-16 15:33:33.186488
2025-12-16,24497,DET,NYI,30004475,Moritz Seider,points,rf_qrf_points,0.3.0,empirical_qrf,0.0036865079365079366,0.0,0.0,,3768324934500513378,2025-12-16 15:33:33.186488
2025-12-16,24497,DET,NYI,30004548,Albert Johansson,points,rf_qrf_points,0.3.0,empirical_qrf,0.0,0.0,0.0,,3768324934500513378,2025-12-16 15:33:33.186488
2025-12-16,24497,DET,NYI,30004561,Antti Tuomisto,points,rf_qrf_points,0.3.0,empirical_qrf,0.002962487489090566,0.0,0.006389776357827476,,3768324934500513378,2025-12-16 15:33:33.186488
2025-12-16,24497,DET,NYI,30004758,John Leonard,points,rf_qrf_points,0.3.0,empirical_qrf,0.2608505530417295,0.0,0.6666666666666666,,3768324934500513378,2025-12-16 15:33:33.186488
2025-12-16,24497,DET,NYI,30004816,Lucas Raymond,points,rf_qrf_points,0.3.0,empirical_qrf,0.05233597883597884,0.0,0.0,,3768324934500513378,2025-12-16 15:33:33.186488
2025-12-16,24497,DET,NYI,30002213,Josiah Didier,points,rf_qrf_points,0.3.0,empirical_qrf,0.009477158983000014,0.0,0.019011445643115892,,3768324934500513378,2025-12-16 15:33:33.186488
2025-12-16,24497,DET,NYI,30002513,J.T. Compher,points,rf_qrf_points,0.3.0,empirical_qrf,0.0020775867650867654,0.0,0.0,,3768324934500513378,2025-12-16 15:33:33.186488
2025-12-16,24497,DET,NYI,30003160,Alex DeBrincat,points,rf_qrf_points,0.3.0,empirical_qrf,0.04079761904761905,0.0,0.16666666666666666,,3768324934500513378,2025-12-16 15:33:33.186488
2025-12-16,24497,DET,NYI,30003644,Michael Rasmussen,points,rf_qrf_points,0.3.0,empirical_qrf,0.035712528655251305,0.0,0.08010810810810813,,3768324934500513378,2025-12-16 15:33:33.186488
2025-12-16,24497,DET,NYI,30003744,Mason Appleton,points,rf_qrf_points,0.3.0,empirical_qrf,0.11908952052352895,0.0,0.2222222222222222,,3768324934500513378,2025-12-16 15:33:33.186488
2025-12-16,24497,DET,NYI,30004102,Jacob Bernard-Docker,points,rf_qrf_points,0.3.0,empirical_qrf,0.0,0.0,0.0,,3768324934500513378,2025-12-16 15:33:33.186488
2025-12-16,24497,DET,NYI,30000846,Dylan Larkin,points,rf_qrf_points,0.3.0,empirical_qrf,0.0042658730158730155,0.0,0.0,,3768324934500513378,2025-12-16 15:33:33.186488
2025-12-16,24497,DET,NYI,30000866,Patrick Kane,points,rf_qrf_points,0.3.0,empirical_qrf,0.002738095238095238,0.0,0.0,,3768324934500513378,2025-12-16 15:33:33.186488
2025-12-16,24497,DET,NYI,30000874,John Gibson,points,rf_qrf_points,0.3.0,empirical_qrf,0.008213579304022908,0.0065225665527166585,0.009918680392642189,,3768324934500513378,2025-12-16 15:33:33.186488
2025-12-16,24497,DET,NYI,30000997,Travis Hamonic,points,rf_qrf_points,0.3.0,empirical_qrf,0.017956990992899956,0.008438818565400843,0.02919117647058824,,3768324934500513378,2025-12-16 15:33:33.186488
2025-12-16,24497,DET,NYI,30001011,Erik Gustafsson,points,rf_qrf_points,0.3.0,empirical_qrf,0.017956990992899956,0.008438818565400843,0.02919117647058824,,3768324934500513378,2025-12-16 15:33:33.186488
2025-12-16,24497,DET,NYI,30001063,Ben Chiarot,points,rf_qrf_points,0.3.0,empirical_qrf,0.00015151515151515152,0.0,0.0,,3768324934500513378,2025-12-16 15:33:33.186488
2025-12-16,24497,NYI,DET,30006857,Matthew Schaefer,points,rf_qrf_points,0.3.0,empirical_qrf,0.0,0.0,0.0,,3768324934500513378,2025-12-16 15:33:33.186488
2025-12-16,24497,NYI,DET,30006925,Maxim Shabanov,points,rf_qrf_points,0.3.0,empirical_qrf,0.00036655773420479304,0.0,0.0,,3768324934500513378,2025-12-16 15:33:33.186488
2025-12-16,24497,DET,NYI,30000043,James van Riemsdyk,points,rf_qrf_points,0.3.0,empirical_qrf,0.10062698412698412,0.0,0.5166666666666705,,3768324934500513378,2025-12-16 15:33:33.186488
2025-12-16,24497,DET,NYI,30000186,Austin Watson,points,rf_qrf_points,0.3.0,empirical_qrf,0.036959297501620296,0.0,0.08850267379679151,,3768324934500513378,2025-12-16 15:33:33.186488
2025-12-16,24497,DET,NYI,30000563,Cam Talbot,points,rf_qrf_points,0.3.0,empirical_qrf,0.008213579304022908,0.0065225665527166585,0.009918680392642189,,3768324934500513378,2025-12-16 15:33:33.186488
2025-12-16,24497,DET,NYI,30000821,Andrew Copp,points,rf_qrf_points,0.3.0,empirical_qrf,7.575757575757576e-05,0.0,0.0,,3768324934500513378,2025-12-16 15:33:33.186488
2025-12-16,24497,NYI,DET,30006038,Travis Mitchell,points,rf_qrf_points,0.3.0,empirical_qrf,0.002962487489090566,0.0,0.006389776357827476,,3768324934500513378,2025-12-16 15:33:33.186488
2025-12-16,24497,NYI,DET,30006078,Calum Ritchie,points,rf_qrf_points,0.3.0,empirical_qrf,0.007403439153439154,0.0,0.0,,3768324934500513378,2025-12-16 15:33:33.186488
2025-12-16,24497,NYI,DET,30006247,Justin Gill,points,rf_qrf_points,0.3.0,empirical_qrf,0.008213579304022908,0.0065225665527166585,0.009918680392642189,,3768324934500513378,2025-12-16 15:33:33.186488
2025-12-16,24497,NYI,DET,30006400,Artem Kulakov,points,rf_qrf_points,0.3.0,empirical_qrf,0.008213579304022908,0.0065225665527166585,0.009918680392642189,,3768324934500513378,2025-12-16 15:33:33.186488
2025-12-16,24497,NYI,DET,30006402,Joseph Cipollone,points,rf_qrf_points,0.3.0,empirical_qrf,0.008213579304022908,0.0065225665527166585,0.009918680392642189,,3768324934500513378,2025-12-16 15:33:33.186488
2025-12-16,24497,NYI,DET,30006475,Maxim Tsyplakov,points,rf_qrf_points,0.3.0,empirical_qrf,0.0,0.0,0.0,,3768324934500513378,2025-12-16 15:33:33.186488
2025-12-16,24497,NYI,DET,30005265,Eetu Liukas,points,rf_qrf_points,0.3.0,empirical_qrf,0.008213579304022908,0.0065225665527166585,0.009918680392642189,,3768324934500513378,2025-12-16 15:33:33.186488
2025-12-16,24497,NYI,DET,30005661,Calle Odelius,points,rf_qrf_points,0.3.0,empirical_qrf,0.12782396941509988,0.0,0.25925925925925924,,3768324934500513378,2025-12-16 15:33:33.186488
2025-12-16,24497,NYI,DET,30005705,Isaiah George,points,rf_qrf_points,0.3.0,empirical_qrf,0.0,0.0,0.0,,3768324934500513378,2025-12-16 15:33:33.186488
2025-12-16,24497,NYI,DET,30005828,Marc Gatcomb,points,rf_qrf_points,0.3.0,empirical_qrf,0.11908952052352895,0.0,0.2222222222222222,,3768324934500513378,2025-12-16 15:33:33.186488
2025-12-16,24497,NYI,DET,30005856,Daylan Kuefler,points,rf_qrf_points,0.3.0,empirical_qrf,0.008213579304022908,0.0065225665527166585,0.009918680392642189,,3768324934500513378,2025-12-16 15:33:33.186488
2025-12-16,24497,NYI,DET,30005858,Matthew Maggio,points,rf_qrf_points,0.3.0,empirical_qrf,0.0,0.0,0.0,,3768324934500513378,2025-12-16 15:33:33.186488
2025-12-16,24497,NYI,DET,30004332,Kyle MacLean,points,rf_qrf_points,0.3.0,empirical_qrf,0.023570114792065416,0.005952380952380952,0.04242424242424243,,3768324934500513378,2025-12-16 15:33:33.186488
2025-12-16,24497,NYI,DET,30004498,Simon Holmstrom,points,rf_qrf_points,0.3.0,empirical_qrf,0.0,0.0,0.0,,3768324934500513378,2025-12-16 15:33:33.186488
2025-12-16,24497,NYI,DET,30004525,Adam Beckman,points,rf_qrf_points,0.3.0,empirical_qrf,0.0,0.0,0.0,,3768324934500513378,2025-12-16 15:33:33.186488
2025-12-16,24497,NYI,DET,30004845,Emil Heineman,points,rf_qrf_points,0.3.0,empirical_qrf,0.11673941798941798,0.0,0.5,,3768324934500513378,2025-12-16 15:33:33.186488
2025-12-16,24497,NYI,DET,30005205,Tristan Lennox,points,rf_qrf_points,0.3.0,empirical_qrf,0.008213579304022908,0.0065225665527166585,0.009918680392642189,,3768324934500513378,2025-12-16 15:33:33.186488
2025-12-16,24497,NYI,DET,30005262,Henrik Tikkanen,points,rf_qrf_points,0.3.0,empirical_qrf,0.008213579304022908,0.0065225665527166585,0.009918680392642189,,3768324934500513378,2025-12-16 15:33:33.186488
2025-12-16,24497,NYI,DET,30003189,Sean Day,points,rf_qrf_points,0.3.0,empirical_qrf,0.0,0.0,0.0,,3768324934500513378,2025-12-16 15:33:33.186488
2025-12-16,24497,NYI,DET,30003226,Ethan Bear,points,rf_qrf_points,0.3.0,empirical_qrf,0.008213579304022908,0.0065225665527166585,0.009918680392642189,,3768324934500513378,2025-12-16 15:33:33.186488
2025-12-16,24497,NYI,DET,30003541,Matthew Highmore,points,rf_qrf_points,0.3.0,empirical_qrf,0.009477158983000014,0.0,0.019011445643115892,,3768324934500513378,2025-12-16 15:33:33.186488
2025-12-16,24497,NYI,DET,30004051,Pierre Engvall,points,rf_qrf_points,0.3.0,empirical_qrf,0.012750000000000001,0.0,0.0,,3768324934500513378,2025-12-16 15:33:33.186488
2025-12-16,24497,NYI,DET,30004091,Adam Boqvist,points,rf_qrf_points,0.3.0,empirical_qrf,0.04223319517570298,0.010869565217391304,0.07699775952203139,,3768324934500513378,2025-12-16 15:33:33.186488
2025-12-16,24497,NYI,DET,30004176,Alexander Romanov,points,rf_qrf_points,0.3.0,empirical_qrf,0.0,0.0,0.0,,3768324934500513378,2025-12-16 15:33:33.186488
2025-12-16,24497,NYI,DET,30001003,Ryan Pulock,points,rf_qrf_points,0.3.0,empirical_qrf,0.047775023978522055,0.012048192771084338,0.0870108695652174,,3768324934500513378,2025-12-16 15:33:33.186488
2025-12-16,24497,NYI,DET,30001155,Casey Cizikas,points,rf_qrf_points,0.3.0,empirical_qrf,0.047775023978522055,0.012048192771084338,0.0870108695652174,,3768324934500513378,2025-12-16 15:33:33.186488
2025-12-16,24497,NYI,DET,30001276,Bo Horvat,points,rf_qrf_points,0.3.0,empirical_qrf,0.0,0.0,0.0,,3768324934500513378,2025-12-16 15:33:33.186488
2025-12-16,24497,NYI,DET,30002533,Marcus Hogberg,points,rf_qrf_points,0.3.0,empirical_qrf,0.008213579304022908,0.0065225665527166585,0.009918680392642189,,3768324934500513378,2025-12-16 15:33:33.186488
2025-12-16,24497,NYI,DET,30002618,Ilya Sorokin,points,rf_qrf_points,0.3.0,empirical_qrf,0.008213579304022908,0.0065225665527166585,0.009918680392642189,,3768324934500513378,2025-12-16 15:33:33.186488
2025-12-16,24497,NYI,DET,30003126,David Rittich,points,rf_qrf_points,0.3.0,empirical_qrf,0.008213579304022908,0.0065225665527166585,0.009918680392642189,,3768324934500513378,2025-12-16 15:33:33.186488
2025-12-16,24497,NYI,DET,30000733,Tony DeAngelo,points,rf_qrf_points,0.3.0,empirical_qrf,0.00075,0.0,0.0,,3768324934500513378,2025-12-16 15:33:33.186488
2025-12-16,24497,NYI,DET,30000734,Jonathan Drouin,points,rf_qrf_points,0.3.0,empirical_qrf,0.0,0.0,0.0,,3768324934500513378,2025-12-16 15:33:33.186488
2025-12-16,24497,NYI,DET,30000875,Semyon Varlamov,points,rf_qrf_points,0.3.0,empirical_qrf,0.008213579304022908,0.0065225665527166585,0.009918680392642189,,3768324934500513378,2025-12-16 15:33:33.186488
2025-12-16,24497,NYI,DET,30000966,Jean-Gabriel Pageau,points,rf_qrf_points,0.3.0,empirical_qrf,0.0,0.0,0.0,,3768324934500513378,2025-12-16 15:33:33.186488
2025-12-16,24497,NYI,DET,30000986,Seth Helgeson,points,rf_qrf_points,0.3.0,empirical_qrf,0.04366528478536397,0.0,0.08540069686411152,,3768324934500513378,2025-12-16 15:33:33.186488
2025-12-16,24497,NYI,DET,30000999,Scott Mayfield,points,rf_qrf_points,0.3.0,empirical_qrf,0.04600950688630901,0.0,0.10526315789473684,,3768324934500513378,2025-12-16 15:33:33.186488
2025-12-16,24498,UTA,BOS,30000229,Lawson Crouse,points,rf_qrf_points,0.3.0,empirical_qrf,0.009686507936507936,0.0,0.0,,3768324934500513378,2025-12-16 15:33:33.186488
2025-12-16,24498,UTA,BOS,30000593,Liam O'Brien,points,rf_qrf_points,0.3.0,empirical_qrf,0.0,0.0,0.0,,3768324934500513378,2025-12-16 15:33:33.186488
2025-12-16,24498,UTA,BOS,30000594,Nate Schmidt,points,rf_qrf_points,0.3.0,empirical_qrf,0.0,0.0,0.0,,3768324934500513378,2025-12-16 15:33:33.186488
2025-12-16,24498,UTA,BOS,30000650,Ian Cole,points,rf_qrf_points,0.3.0,empirical_qrf,0.0,0.0,0.0,,3768324934500513378,2025-12-16 15:33:33.186488
2025-12-16,24498,UTA,BOS,30000659,Olli Määttä,points,rf_qrf_points,0.3.0,empirical_qrf,0.04223319517570298,0.010869565217391304,0.07699775952203139,,3768324934500513378,2025-12-16 15:33:33.186488
2025-12-16,24498,UTA,BOS,30001104,Robbie Russo,points,rf_qrf_points,0.3.0,empirical_qrf,0.008213579304022908,0.0065225665527166585,0.009918680392642189,,3768324934500513378,2025-12-16 15:33:33.186488
2025-12-16,24498,BOS,UTA,30005798,Jackson Edward,points,rf_qrf_points,0.3.0,empirical_qrf,0.22127832743022371,0.0,0.40166666666666706,,3768324934500513378,2025-12-16 15:33:33.186488
2025-12-16,24498,BOS,UTA,30006392,Luke Cavallin,points,rf_qrf_points,0.3.0,empirical_qrf,0.008213579304022908,0.0065225665527166585,0.009918680392642189,,3768324934500513378,2025-12-16 15:33:33.186488
2025-12-16,24498,UTA,BOS,30006086,Daniil But,points,rf_qrf_points,0.3.0,empirical_qrf,0.036959297501620296,0.0,0.08850267379679151,,3768324934500513378,2025-12-16 15:33:33.186488
2025-12-16,24498,BOS,UTA,30005580,Georgi Merkulov,points,rf_qrf_points,0.3.0,empirical_qrf,0.0,0.0,0.0,,3768324934500513378,2025-12-16 15:33:33.186488
2025-12-16,24498,BOS,UTA,30005651,Matthew Poitras,points,rf_qrf_points,0.3.0,empirical_qrf,0.035712528655251305,0.0,0.08010810810810813,,3768324934500513378,2025-12-16 15:33:33.186488
2025-12-16,24498,BOS,UTA,30005658,Fraser Minten,points,rf_qrf_points,0.3.0,empirical_qrf,0.02487554257562325,0.0,0.0625,,3768324934500513378,2025-12-16 15:33:33.186488
2025-12-16,24498,BOS,UTA,30005749,Nolan Maier,points,rf_qrf_points,0.3.0,empirical_qrf,0.0033504273504273503,0.0,0.0,,3768324934500513378,2025-12-16 15:33:33.186488
2025-12-16,24498,BOS,UTA,30005760,Joseph Abate,points,rf_qrf_points,0.3.0,empirical_qrf,0.017956990992899956,0.008438818565400843,0.02919117647058824,,3768324934500513378,2025-12-16 15:33:33.186488
2025-12-16,24498,BOS,UTA,30005797,Frederic Brunet,points,rf_qrf_points,0.3.0,empirical_qrf,0.04223319517570298,0.010869565217391304,0.07699775952203139,,3768324934500513378,2025-12-16 15:33:33.186488
2025-12-16,24498,BOS,UTA,30004929,Alex Steeves,points,rf_qrf_points,0.3.0,empirical_qrf,0.0,0.0,0.0,,3768324934500513378,2025-12-16 15:33:33.186488
2025-12-16,24498,BOS,UTA,30004998,Fabian Lysell,points,rf_qrf_points,0.3.0,empirical_qrf,0.047892229332031196,0.0,0.11764705882352941,,3768324934500513378,2025-12-16 15:33:33.186488
2025-12-16,24498,BOS,UTA,30005130,Brett Harrison,points,rf_qrf_points,0.3.0,empirical_qrf,0.6294113756613757,0.0,2.5,,3768324934500513378,2025-12-16 15:33:33.186488
2025-12-16,24498,BOS,UTA,30005170,Maximus Wanner,points,rf_qrf_points,0.3.0,empirical_qrf,0.008213579304022908,0.0065225665527166585,0.009918680392642189,,3768324934500513378,2025-12-16 15:33:33.186488
2025-12-16,24498,BOS,UTA,30005341,Shawn Element,points,rf_qrf_points,0.3.0,empirical_qrf,0.008213579304022908,0.0065225665527166585,0.009918680392642189,,3768324934500513378,2025-12-16 15:33:33.186488
2025-12-16,24498,BOS,UTA,30005367,Michael Callahan,points,rf_qrf_points,0.3.0,empirical_qrf,0.0,0.0,0.0,,3768324934500513378,2025-12-16 15:33:33.186488
2025-12-16,24498,BOS,UTA,30004281,Jonathan Aspirot,points,rf_qrf_points,0.3.0,empirical_qrf,0.017956990992899956,0.008438818565400843,0.02919117647058824,,3768324934500513378,2025-12-16 15:33:33.186488
2025-12-16,24498,BOS,UTA,30004477,Victor Soderstrom,points,rf_qrf_points,0.3.0,empirical_qrf,0.0011111111111111111,0.0,0.0,,3768324934500513378,2025-12-16 15:33:33.186488
2025-12-16,24498,BOS,UTA,30004513,John Farinacci,points,rf_qrf_points,0.3.0,empirical_qrf,0.0,0.0,0.0,,3768324934500513378,2025-12-16 15:33:33.186488
2025-12-16,24498,BOS,UTA,30004640,Francois Brassard,points,rf_qrf_points,0.3.0,empirical_qrf,0.023580703200305326,0.0,0.0449438202247191,,3768324934500513378,2025-12-16 15:33:33.186488
2025-12-16,24498,BOS,UTA,30004851,Marat Khusnutdinov,points,rf_qrf_points,0.3.0,empirical_qrf,0.2608505530417295,0.0,0.6666666666666666,,3768324934500513378,2025-12-16 15:33:33.186488
2025-12-16,24498,BOS,UTA,30004858,Mason Lohrei,points,rf_qrf_points,0.3.0,empirical_qrf,0.02487554257562325,0.0,0.0625,,3768324934500513378,2025-12-16 15:33:33.186488
2025-12-16,24498,BOS,UTA,30003657,Henri Jokiharju,points,rf_qrf_points,0.3.0,empirical_qrf,0.0,0.0,0.0,,3768324934500513378,2025-12-16 15:33:33.186488
2025-12-16,24498,BOS,UTA,30003704,Morgan Geekie,points,rf_qrf_points,0.3.0,empirical_qrf,0.008424603174603175,0.0,0.0,,3768324934500513378,2025-12-16 15:33:33.186488
2025-12-16,24498,BOS,UTA,30003890,Mikey Eyssimont,points,rf_qrf_points,0.3.0,empirical_qrf,0.023158730158730156,0.0,0.0,,3768324934500513378,2025-12-16 15:33:33.186488
2025-12-16,24498,BOS,UTA,30003912,Mark Kastelic,points,rf_qrf_points,0.3.0,empirical_qrf,0.009477158983000014,0.0,0.019011445643115892,,3768324934500513378,2025-12-16 15:33:33.186488
2025-12-16,24498,BOS,UTA,30003991,Jeremy Swayman,points,rf_qrf_points,0.3.0,empirical_qrf,0.008213579304022908,0.0065225665527166585,0.009918680392642189,,3768324934500513378,2025-12-16 15:33:33.186488
2025-12-16,24498,BOS,UTA,30004166,Jordan Harris,points,rf_qrf_points,0.3.0,empirical_qrf,0.010648148148148148,0.0,0.0,,3768324934500513378,2025-12-16 15:33:33.186488
2025-12-16,24498,BOS,UTA,30003151,Riley Tufte,points,rf_qrf_points,0.3.0,empirical_qrf,0.0,0.0,0.0,,3768324934500513378,2025-12-16 15:33:33.186488
2025-12-16,24498,BOS,UTA,30003185,Andrew Peeke,points,rf_qrf_points,0.3.0,empirical_qrf,0.017956990992899956,0.008438818565400843,0.02919117647058824,,3768324934500513378,2025-12-16 15:33:33.186488
2025-12-16,24498,BOS,UTA,30003401,Jeffrey Viel,points,rf_qrf_points,0.3.0,empirical_qrf,0.0,0.0,0.0,,3768324934500513378,2025-12-16 15:33:33.186488
2025-12-16,24498,BOS,UTA,30003442,Tanner Jeannot,points,rf_qrf_points,0.3.0,empirical_qrf,0.010951687680088881,0.0,0.02531645569620253,,3768324934500513378,2025-12-16 15:33:33.186488
2025-12-16,24498,BOS,UTA,30003581,Shane Starrett,points,rf_qrf_points,0.3.0,empirical_qrf,0.0,0.0,0.0,,3768324934500513378,2025-12-16 15:33:33.186488
2025-12-16,24498,BOS,UTA,30003643,Casey Mittelstadt,points,rf_qrf_points,0.3.0,empirical_qrf,0.0066452991452991455,0.0,0.0,,3768324934500513378,2025-12-16 15:33:33.186488
2025-12-16,24498,BOS,UTA,30000909,Nikita Zadorov,points,rf_qrf_points,0.3.0,empirical_qrf,0.0008888888888888888,0.0,0.0,,3768324934500513378,2025-12-16 15:33:33.186488
2025-12-16,24498,BOS,UTA,30000995,Pavel Zacha,points,rf_qrf_points,0.3.0,empirical_qrf,0.0,0.0,0.0,,3768324934500513378,2025-12-16 15:33:33.186488
2025-12-16,24498,BOS,UTA,30001264,Hampus Lindholm,points,rf_qrf_points,0.3.0,empirical_qrf,0.047775023978522055,0.012048192771084338,0.0870108695652174,,3768324934500513378,2025-12-16 15:33:33.186488
2025-12-16,24498,BOS,UTA,30002853,Sean Kuraly,points,rf_qrf_points,0.3.0,empirical_qrf,0.0,0.0,0.0,,3768324934500513378,2025-12-16 15:33:33.186488
2025-12-16,24498,BOS,UTA,30003020,Kasimir Kaskisuo,points,rf_qrf_points,0.3.0,empirical_qrf,0.0060176536426536425,0.0,0.0,,3768324934500513378,2025-12-16 15:33:33.186488
2025-12-16,24498,BOS,UTA,30003147,Charlie McAvoy,points,rf_qrf_points,0.3.0,empirical_qrf,0.0,0.0,0.0,,3768324934500513378,2025-12-16 15:33:33.186488
2025-12-16,24498,UTA,BOS,30005614,Logan Cooley,points,rf_qrf_points,0.3.0,empirical_qrf,0.03509126984126984,0.0,0.0,,3768324934500513378,2025-12-16 15:33:33.186488
2025-12-16,24498,BOS,UTA,30000245,Viktor Arvidsson,points,rf_qrf_points,0.3.0,empirical_qrf,0.047775023978522055,0.012048192771084338,0.0870108695652174,,3768324934500513378,2025-12-16 15:33:33.186488
2025-12-16,24498,BOS,UTA,30000393,Joonas Korpisalo,points,rf_qrf_points,0.3.0,empirical_qrf,0.008213579304022908,0.0065225665527166585,0.009918680392642189,,3768324934500513378,2025-12-16 15:33:33.186488
2025-12-16,24498,BOS,UTA,30000607,David Pastrnak,points,rf_qrf_points,0.3.0,empirical_qrf,0.42611904761904756,0.0,1.5,,3768324934500513378,2025-12-16 15:33:33.186488
2025-12-16,24498,BOS,UTA,30000630,Patrick Brown,points,rf_qrf_points,0.3.0,empirical_qrf,0.0010897435897435897,0.0,0.0,,3768324934500513378,2025-12-16 15:33:33.186488
2025-12-16,24498,BOS,UTA,30000636,Elias Lindholm,points,rf_qrf_points,0.3.0,empirical_qrf,0.01360990860990861,0.0,0.0,,3768324934500513378,2025-12-16 15:33:33.186488
2025-12-16,24498,UTA,BOS,30004585,John Marino,points,rf_qrf_points,0.3.0,empirical_qrf,0.0,0.0,0.0,,3768324934500513378,2025-12-16 15:33:33.186488
2025-12-16,24498,UTA,BOS,30004623,Ben McCartney,points,rf_qrf_points,0.3.0,empirical_qrf,0.04223319517570298,0.010869565217391304,0.07699775952203139,,3768324934500513378,2025-12-16 15:33:33.186488
2025-12-16,24498,UTA,BOS,30004867,JJ Peterka,points,rf_qrf_points,0.3.0,empirical_qrf,0.0066452991452991455,0.0,0.0,,3768324934500513378,2025-12-16 15:33:33.186488
2025-12-16,24498,UTA,BOS,30004957,Karel Vejmelka,points,rf_qrf_points,0.3.0,empirical_qrf,0.008213579304022908,0.0065225665527166585,0.009918680392642189,,3768324934500513378,2025-12-16 15:33:33.186488
2025-12-16,24498,UTA,BOS,30004996,Dylan Guenther,points,rf_qrf_points,0.3.0,empirical_qrf,0.0,0.0,0.0,,3768324934500513378,2025-12-16 15:33:33.186488
2025-12-16,24498,UTA,BOS,30005567,Jaxson Stauber,points,rf_qrf_points,0.3.0,empirical_qrf,0.008213579304022908,0.0065225665527166585,0.009918680392642189,,3768324934500513378,2025-12-16 15:33:33.186488
2025-12-16,24498,UTA,BOS,30003753,Alexander Kerfoot,points,rf_qrf_points,0.3.0,empirical_qrf,0.0025,0.0,0.0,,3768324934500513378,2025-12-16 15:33:33.186488
2025-12-16,24498,UTA,BOS,30003988,Cameron Hebig,points,rf_qrf_points,0.3.0,empirical_qrf,0.0,0.0,0.0,,3768324934500513378,2025-12-16 15:33:33.186488
2025-12-16,24498,UTA,BOS,30004078,Barrett Hayton,points,rf_qrf_points,0.3.0,empirical_qrf,0.05419602157102157,0.0,0.0,,3768324934500513378,2025-12-16 15:33:33.186488
2025-12-16,24498,UTA,BOS,30004113,Jack McBain,points,rf_qrf_points,0.3.0,empirical_qrf,0.0,0.0,0.0,,3768324934500513378,2025-12-16 15:33:33.186488
2025-12-16,24498,UTA,BOS,30004141,Sean Durzi,points,rf_qrf_points,0.3.0,empirical_qrf,0.0,0.0,0.0,,3768324934500513378,2025-12-16 15:33:33.186488
2025-12-16,24498,UTA,BOS,30004170,Scott Perunovich,points,rf_qrf_points,0.3.0,empirical_qrf,0.008213579304022908,0.0065225665527166585,0.009918680392642189,,3768324934500513378,2025-12-16 15:33:33.186488
2025-12-16,24498,UTA,BOS,30003235,Michael Carcone,points,rf_qrf_points,0.3.0,empirical_qrf,0.0,0.0,0.0,,3768324934500513378,2025-12-16 15:33:33.186488
2025-12-16,24498,UTA,BOS,30003424,Kevin Rooney,points,rf_qrf_points,0.3.0,empirical_qrf,0.0,0.0,0.0,,3768324934500513378,2025-12-16 15:33:33.186488
2025-12-16,24498,UTA,BOS,30003572,Nick DeSimone,points,rf_qrf_points,0.3.0,empirical_qrf,0.010951687680088881,0.0,0.02531645569620253,,3768324934500513378,2025-12-16 15:33:33.186488
2025-12-16,24498,UTA,BOS,30003662,Juuso Valimaki,points,rf_qrf_points,0.3.0,empirical_qrf,0.008213579304022908,0.0065225665527166585,0.009918680392642189,,3768324934500513378,2025-12-16 15:33:33.186488
2025-12-16,24498,UTA,BOS,30003663,Kailer Yamamoto,points,rf_qrf_points,0.3.0,empirical_qrf,0.0,0.0,0.0,,3768324934500513378,2025-12-16 15:33:33.186488
2025-12-16,24498,UTA,BOS,30003723,Matt Villalta,points,rf_qrf_points,0.3.0,empirical_qrf,0.008213579304022908,0.0065225665527166585,0.009918680392642189,,3768324934500513378,2025-12-16 15:33:33.186488
2025-12-16,24498,UTA,BOS,30002583,Nick Schmaltz,points,rf_qrf_points,0.3.0,empirical_qrf,0.0,0.0,0.0,,3768324934500513378,2025-12-16 15:33:33.186488
2025-12-16,24498,UTA,BOS,30002600,Vitek Vanecek,points,rf_qrf_points,0.3.0,empirical_qrf,0.008213579304022908,0.0065225665527166585,0.009918680392642189,,3768324934500513378,2025-12-16 15:33:33.186488
2025-12-16,24498,UTA,BOS,30002841,Kevin Stenlund,points,rf_qrf_points,0.3.0,empirical_qrf,0.0,0.0,0.0,,3768324934500513378,2025-12-16 15:33:33.186488
2025-12-16,24498,UTA,BOS,30003053,Brandon Tanev,points,rf_qrf_points,0.3.0,empirical_qrf,0.0,0.0,0.0,,3768324934500513378,2025-12-16 15:33:33.186488
2025-12-16,24498,UTA,BOS,30003137,Mikhail Sergachev,points,rf_qrf_points,0.3.0,empirical_qrf,0.0011111111111111111,0.0,0.0,,3768324934500513378,2025-12-16 15:33:33.186488
2025-12-16,24498,UTA,BOS,30003141,Clayton Keller,points,rf_qrf_points,0.3.0,empirical_qrf,0.0014444444444444446,0.0,0.0,,3768324934500513378,2025-12-16 15:33:33.186488
2025-12-16,24499,WAS,MIN,30000330,Dylan McIlrath,points,rf_qrf_points,0.3.0,empirical_qrf,0.047775023978522055,0.012048192771084338,0.0870108695652174,,3768324934500513378,2025-12-16 15:33:33.186488
2025-12-16,24499,WAS,MIN,30000341,Anthony Beauvillier,points,rf_qrf_points,0.3.0,empirical_qrf,0.0,0.0,0.0,,3768324934500513378,2025-12-16 15:33:33.186488
2025-12-16,24499,WAS,MIN,30000375,Tom Wilson,points,rf_qrf_points,0.3.0,empirical_qrf,0.0020775867650867654,0.0,0.0,,3768324934500513378,2025-12-16 15:33:33.186488
2025-12-16,24499,WAS,MIN,30000378,Alex Ovechkin,points,rf_qrf_points,0.3.0,empirical_qrf,0.0,0.0,0.0,,3768324934500513378,2025-12-16 15:33:33.186488
2025-12-16,24499,WAS,MIN,30000385,Aaron Ness,points,rf_qrf_points,0.3.0,empirical_qrf,0.008213579304022908,0.0065225665527166585,0.009918680392642189,,3768324934500513378,2025-12-16 15:33:33.186488
2025-12-16,24499,WAS,MIN,30000429,Sonny Milano,points,rf_qrf_points,0.3.0,empirical_qrf,0.0014444444444444446,0.0,0.0,,3768324934500513378,2025-12-16 15:33:33.186488
2025-12-16,24499,MIN,WAS,30001192,Tyler Pitlick,points,rf_qrf_points,0.3.0,empirical_qrf,0.0,0.0,0.0,,3768324934500513378,2025-12-16 15:33:33.186488
2025-12-16,24499,WAS,MIN,30004910,Bogdan Trineyev,points,rf_qrf_points,0.3.0,empirical_qrf,0.036959297501620296,0.0,0.08850267379679151,,3768324934500513378,2025-12-16 15:33:33.186488
2025-12-16,24499,MIN,WAS,30004080,Quinn Hughes,points,rf_qrf_points,0.3.0,empirical_qrf,0.095875,0.0,0.0,,3768324934500513378,2025-12-16 15:33:33.186488
2025-12-16,24499,MIN,WAS,30005669,Hunter Haight,points,rf_qrf_points,0.3.0,empirical_qrf,0.01421043454596086,0.0,0.0,,3768324934500513378,2025-12-16 15:33:33.186488
2025-12-16,24499,MIN,WAS,30005698,Michael Milne,points,rf_qrf_points,0.3.0,empirical_qrf,0.008213579304022908,0.0065225665527166585,0.009918680392642189,,3768324934500513378,2025-12-16 15:33:33.186488
2025-12-16,24499,MIN,WAS,30005845,David Spacek,points,rf_qrf_points,0.3.0,empirical_qrf,0.047775023978522055,0.012048192771084338,0.0870108695652174,,3768324934500513378,2025-12-16 15:33:33.186488
2025-12-16,24499,MIN,WAS,30006109,Riley Heidt,points,rf_qrf_points,0.3.0,empirical_qrf,0.010951687680088881,0.0,0.02531645569620253,,3768324934500513378,2025-12-16 15:33:33.186488
2025-12-16,24499,MIN,WAS,30006110,Rasmus Kumpulainen,points,rf_qrf_points,0.3.0,empirical_qrf,0.008213579304022908,0.0065225665527166585,0.009918680392642189,,3768324934500513378,2025-12-16 15:33:33.186488
2025-12-16,24499,MIN,WAS,30006308,Bradley Marek,points,rf_qrf_points,0.3.0,empirical_qrf,0.008213579304022908,0.0065225665527166585,0.009918680392642189,,3768324934500513378,2025-12-16 15:33:33.186488
2025-12-16,24499,MIN,WAS,30005094,Cameron Butler,points,rf_qrf_points,0.3.0,empirical_qrf,0.0,0.0,0.0,,3768324934500513378,2025-12-16 15:33:33.186488
2025-12-16,24499,MIN,WAS,30005102,Caedan Bankier,points,rf_qrf_points,0.3.0,empirical_qrf,0.0,0.0,0.0,,3768324934500513378,2025-12-16 15:33:33.186488
2025-12-16,24499,MIN,WAS,30005274,Louka Henault,points,rf_qrf_points,0.3.0,empirical_qrf,0.008213579304022908,0.0065225665527166585,0.009918680392642189,,3768324934500513378,2025-12-16 15:33:33.186488
2025-12-16,24499,MIN,WAS,30005361,Benjamin Brinkman,points,rf_qrf_points,0.3.0,empirical_qrf,0.008213579304022908,0.0065225665527166585,0.009918680392642189,,3768324934500513378,2025-12-16 15:33:33.186488
2025-12-16,24499,MIN,WAS,30005612,David Jiricek,points,rf_qrf_points,0.3.0,empirical_qrf,0.0,0.0,0.0,,3768324934500513378,2025-12-16 15:33:33.186488
2025-12-16,24499,MIN,WAS,30005627,Danila Yurov,points,rf_qrf_points,0.3.0,empirical_qrf,0.03377820766518467,0.0,0.0684931506849315,,3768324934500513378,2025-12-16 15:33:33.186488
2025-12-16,24499,MIN,WAS,30004847,Daemon Hunt,points,rf_qrf_points,0.3.0,empirical_qrf,0.04366528478536397,0.0,0.08540069686411152,,3768324934500513378,2025-12-16 15:33:33.186488
2025-12-16,24499,MIN,WAS,30004935,Matt Kiersted,points,rf_qrf_points,0.3.0,empirical_qrf,0.0,0.0,0.0,,3768324934500513378,2025-12-16 15:33:33.186488
2025-12-16,24499,MIN,WAS,30004970,Wyatt Newpower,points,rf_qrf_points,0.3.0,empirical_qrf,0.14200599155746213,0.0,0.5,,3768324934500513378,2025-12-16 15:33:33.186488
2025-12-16,24499,MIN,WAS,30005005,Oskar Olausson,points,rf_qrf_points,0.3.0,empirical_qrf,0.03377820766518467,0.0,0.0684931506849315,,3768324934500513378,2025-12-16 15:33:33.186488
2025-12-16,24499,MIN,WAS,30005007,Carson Lambos,points,rf_qrf_points,0.3.0,empirical_qrf,0.0,0.0,0.0,,3768324934500513378,2025-12-16 15:33:33.186488
2025-12-16,24499,MIN,WAS,30005008,Jesper Wallstedt,points,rf_qrf_points,0.3.0,empirical_qrf,0.008213579304022908,0.0065225665527166585,0.009918680392642189,,3768324934500513378,2025-12-16 15:33:33.186488
2025-12-16,24499,MIN,WAS,30003774,Ben Jones,points,rf_qrf_points,0.3.0,empirical_qrf,0.023570114792065416,0.005952380952380952,0.04242424242424243,,3768324934500513378,2025-12-16 15:33:33.186488
2025-12-16,24499,MIN,WAS,30004196,Ben Gleason,points,rf_qrf_points,0.3.0,empirical_qrf,0.0699697570947571,0.0,0.3333333333333333,,3768324934500513378,2025-12-16 15:33:33.186488
2025-12-16,24499,MIN,WAS,30004417,Nico Sturm,points,rf_qrf_points,0.3.0,empirical_qrf,0.009477158983000014,0.0,0.019011445643115892,,3768324934500513378,2025-12-16 15:33:33.186488
2025-12-16,24499,MIN,WAS,30004480,Matt Boldy,points,rf_qrf_points,0.3.0,empirical_qrf,0.07414285714285714,0.0,0.4,,3768324934500513378,2025-12-16 15:33:33.186488
2025-12-16,24499,MIN,WAS,30004784,Kirill Kaprizov,points,rf_qrf_points,0.3.0,empirical_qrf,0.007654761904761904,0.0,0.0,,3768324934500513378,2025-12-16 15:33:33.186488
2025-12-16,24499,MIN,WAS,30004835,Brock Faber,points,rf_qrf_points,0.3.0,empirical_qrf,0.0,0.0,0.0,,3768324934500513378,2025-12-16 15:33:33.186488
2025-12-16,24499,MIN,WAS,30001309,Marcus Johansson,points,rf_qrf_points,0.3.0,empirical_qrf,0.02487554257562325,0.0,0.0625,,3768324934500513378,2025-12-16 15:33:33.186488
2025-12-16,24499,MIN,WAS,30001355,Zach Bogosian,points,rf_qrf_points,0.3.0,empirical_qrf,0.017956990992899956,0.008438818565400843,0.02919117647058824,,3768324934500513378,2025-12-16 15:33:33.186488
2025-12-16,24499,MIN,WAS,30002719,Jacob Middleton,points,rf_qrf_points,0.3.0,empirical_qrf,0.03618011128305246,0.0,0.1439560439560442,,3768324934500513378,2025-12-16 15:33:33.186488
2025-12-16,24499,MIN,WAS,30002820,Joel Eriksson Ek,points,rf_qrf_points,0.3.0,empirical_qrf,0.0008928571428571428,0.0,0.0,,3768324934500513378,2025-12-16 15:33:33.186488
2025-12-16,24499,MIN,WAS,30003173,Filip Gustavsson,points,rf_qrf_points,0.3.0,empirical_qrf,0.008213579304022908,0.0065225665527166585,0.009918680392642189,,3768324934500513378,2025-12-16 15:33:33.186488
2025-12-16,24499,MIN,WAS,30003611,Cal Petersen,points,rf_qrf_points,0.3.0,empirical_qrf,0.008213579304022908,0.0065225665527166585,0.009918680392642189,,3768324934500513378,2025-12-16 15:33:33.186488
2025-12-16,24499,MIN,WAS,30000517,Jared Spurgeon,points,rf_qrf_points,0.3.0,empirical_qrf,0.0,0.0,0.0,,3768324934500513378,2025-12-16 15:33:33.186488
2025-12-16,24499,MIN,WAS,30000524,Jonas Brodin,points,rf_qrf_points,0.3.0,empirical_qrf,0.04223319517570298,0.010869565217391304,0.07699775952203139,,3768324934500513378,2025-12-16 15:33:33.186488
2025-12-16,24499,MIN,WAS,30000797,Vladimir Tarasenko,points,rf_qrf_points,0.3.0,empirical_qrf,0.0019444444444444442,0.0,0.0,,3768324934500513378,2025-12-16 15:33:33.186488
2025-12-16,24499,MIN,WAS,30001012,Ryan Hartman,points,rf_qrf_points,0.3.0,empirical_qrf,0.011583333333333334,0.0,0.0,,3768324934500513378,2025-12-16 15:33:33.186488
2025-12-16,24499,MIN,WAS,30001013,Vinnie Hinostroza,points,rf_qrf_points,0.3.0,empirical_qrf,0.0,0.0,0.0,,3768324934500513378,2025-12-16 15:33:33.186488
2025-12-16,24499,MIN,WAS,30001087,Mats Zuccarello,points,rf_qrf_points,0.3.0,empirical_qrf,0.0007936507936507937,0.0,0.0,,3768324934500513378,2025-12-16 15:33:33.186488
2025-12-16,24499,WAS,MIN,30005098,Luke Toporowski,points,rf_qrf_points,0.3.0,empirical_qrf,0.008213579304022908,0.0065225665527166585,0.009918680392642189,,3768324934500513378,2025-12-16 15:33:33.186488
2025-12-16,24499,WAS,MIN,30005788,Ethen Frank,points,rf_qrf_points,0.3.0,empirical_qrf,0.3127021147711937,0.0,0.75,,3768324934500513378,2025-12-16 15:33:33.186488
2025-12-16,24499,WAS,MIN,30006408,Simon Pinard,points,rf_qrf_points,0.3.0,empirical_qrf,0.008213579304022908,0.0065225665527166585,0.009918680392642189,,3768324934500513378,2025-12-16 15:33:33.186488
2025-12-16,24499,MIN,WAS,30000257,Yakov Trenin,points,rf_qrf_points,0.3.0,empirical_qrf,0.011239901931679794,0.0,0.0,,3768324934500513378,2025-12-16 15:33:33.186488
2025-12-16,24499,MIN,WAS,30000266,Nicolas Aube-Kubel,points,rf_qrf_points,0.3.0,empirical_qrf,0.002962487489090566,0.0,0.006389776357827476,,3768324934500513378,2025-12-16 15:33:33.186488
2025-12-16,24499,MIN,WAS,30000499,Marcus Foligno,points,rf_qrf_points,0.3.0,empirical_qrf,0.007403439153439154,0.0,0.0,,3768324934500513378,2025-12-16 15:33:33.186488
2025-12-16,24499,WAS,MIN,30004562,Aliaksei Protas,points,rf_qrf_points,0.3.0,empirical_qrf,0.0,0.0,0.0,,3768324934500513378,2025-12-16 15:33:33.186488
2025-12-16,24499,WAS,MIN,30004579,Dalton Smith,points,rf_qrf_points,0.3.0,empirical_qrf,0.008213579304022908,0.0065225665527166585,0.009918680392642189,,3768324934500513378,2025-12-16 15:33:33.186488
2025-12-16,24499,WAS,MIN,30004613,Michael Kim,points,rf_qrf_points,0.3.0,empirical_qrf,0.008213579304022908,0.0065225665527166585,0.009918680392642189,,3768324934500513378,2025-12-16 15:33:33.186488
2025-12-16,24499,WAS,MIN,30004664,Corey Schueneman,points,rf_qrf_points,0.3.0,empirical_qrf,0.0,0.0,0.0,,3768324934500513378,2025-12-16 15:33:33.186488
2025-12-16,24499,WAS,MIN,30004808,Hendrix Lapierre,points,rf_qrf_points,0.3.0,empirical_qrf,0.04153703241203241,0.0,0.0,,3768324934500513378,2025-12-16 15:33:33.186488
2025-12-16,24499,WAS,MIN,30004878,Justin Sourdif,points,rf_qrf_points,0.3.0,empirical_qrf,0.0,0.0,0.0,,3768324934500513378,2025-12-16 15:33:33.186488
2025-12-16,24499,WAS,MIN,30003973,Logan Thompson,points,rf_qrf_points,0.3.0,empirical_qrf,0.008213579304022908,0.0065225665527166585,0.009918680392642189,,3768324934500513378,2025-12-16 15:33:33.186488
2025-12-16,24499,WAS,MIN,30004099,Rasmus Sandin,points,rf_qrf_points,0.3.0,empirical_qrf,0.0,0.0,0.0,,3768324934500513378,2025-12-16 15:33:33.186488
2025-12-16,24499,WAS,MIN,30004152,Martin Fehérváry,points,rf_qrf_points,0.3.0,empirical_qrf,0.002962487489090566,0.0,0.006389776357827476,,3768324934500513378,2025-12-16 15:33:33.186488
2025-12-16,24499,WAS,MIN,30004302,Declan Chisholm,points,rf_qrf_points,0.3.0,empirical_qrf,0.0005833333333333333,0.0,0.0,,3768324934500513378,2025-12-16 15:33:33.186488
2025-12-16,24499,WAS,MIN,30004491,Connor McMichael,points,rf_qrf_points,0.3.0,empirical_qrf,0.0026984126984126986,0.0,0.0,,3768324934500513378,2025-12-16 15:33:33.186488
2025-12-16,24499,WAS,MIN,30004500,Brett Leason,points,rf_qrf_points,0.3.0,empirical_qrf,0.03377820766518467,0.0,0.0684931506849315,,3768324934500513378,2025-12-16 15:33:33.186488
2025-12-16,24499,WAS,MIN,30003035,Spencer Smallman,points,rf_qrf_points,0.3.0,empirical_qrf,0.008213579304022908,0.0065225665527166585,0.009918680392642189,,3768324934500513378,2025-12-16 15:33:33.186488
2025-12-16,24499,WAS,MIN,30003132,Pierre-Luc Dubois,points,rf_qrf_points,0.3.0,empirical_qrf,7.575757575757576e-05,0.0,0.0,,3768324934500513378,2025-12-16 15:33:33.186488
2025-12-16,24499,WAS,MIN,30003138,Jakob Chychrun,points,rf_qrf_points,0.3.0,empirical_qrf,0.06211044973544974,0.0,0.25,,3768324934500513378,2025-12-16 15:33:33.186488
2025-12-16,24499,WAS,MIN,30003561,Matt Roy,points,rf_qrf_points,0.3.0,empirical_qrf,0.04223319517570298,0.010869565217391304,0.07699775952203139,,3768324934500513378,2025-12-16 15:33:33.186488
2025-12-16,24499,WAS,MIN,30003759,Matthew Strome,points,rf_qrf_points,0.3.0,empirical_qrf,0.008213579304022908,0.0065225665527166585,0.009918680392642189,,3768324934500513378,2025-12-16 15:33:33.186488
2025-12-16,24499,WAS,MIN,30003933,Brandon Duhaime,points,rf_qrf_points,0.3.0,empirical_qrf,0.002962487489090566,0.0,0.006389776357827476,,3768324934500513378,2025-12-16 15:33:33.186488
2025-12-16,24499,WAS,MIN,30000587,John Carlson,points,rf_qrf_points,0.3.0,empirical_qrf,0.03377820766518467,0.0,0.0684931506849315,,3768324934500513378,2025-12-16 15:33:33.186488
2025-12-16,24499,WAS,MIN,30000954,Dylan Strome,points,rf_qrf_points,0.3.0,empirical_qrf,0.0,0.0,0.0,,3768324934500513378,2025-12-16 15:33:33.186488
2025-12-16,24499,WAS,MIN,30001023,Trevor van Riemsdyk,points,rf_qrf_points,0.3.0,empirical_qrf,0.0,0.0,0.0,,3768324934500513378,2025-12-16 15:33:33.186488
2025-12-16,24499,WAS,MIN,30002620,Louie Belpedio,points,rf_qrf_points,0.3.0,empirical_qrf,0.12782396941509988,0.0,0.25925925925925924,,3768324934500513378,2025-12-16 15:33:33.186488
2025-12-16,24499,WAS,MIN,30002695,Nic Dowd,points,rf_qrf_points,0.3.0,empirical_qrf,0.002962487489090566,0.0,0.006389776357827476,,3768324934500513378,2025-12-16 15:33:33.186488
2025-12-16,24499,WAS,MIN,30003026,Charlie Lindgren,points,rf_qrf_points,0.3.0,empirical_qrf,0.008213579304022908,0.0065225665527166585,0.009918680392642189,,3768324934500513378,2025-12-16 15:33:33.186488
2025-12-16,24500,COL,SEA,30000127,Brent Burns,points,rf_qrf_points,0.3.0,empirical_qrf,0.0008888888888888888,0.0,0.0,,3768324934500513378,2025-12-16 15:33:33.186488
2025-12-16,24500,COL,SEA,30000200,Scott Wedgewood,points,rf_qrf_points,0.3.0,empirical_qrf,0.008213579304022908,0.0065225665527166585,0.009918680392642189,,3768324934500513378,2025-12-16 15:33:33.186488
2025-12-16,24500,COL,SEA,30000318,Jayson Megna,points,rf_qrf_points,0.3.0,empirical_qrf,0.010951687680088881,0.0,0.02531645569620253,,3768324934500513378,2025-12-16 15:33:33.186488
2025-12-16,24500,COL,SEA,30000697,T.J. Tynan,points,rf_qrf_points,0.3.0,empirical_qrf,0.010951687680088881,0.0,0.02531645569620253,,3768324934500513378,2025-12-16 15:33:33.186488
2025-12-16,24500,COL,SEA,30000757,Valeri Nichushkin,points,rf_qrf_points,0.3.0,empirical_qrf,0.018137230824730823,0.0,0.0,,3768324934500513378,2025-12-16 15:33:33.186488
2025-12-16,24500,COL,SEA,30000879,Josh Manson,points,rf_qrf_points,0.3.0,empirical_qrf,0.0,0.0,0.0,,3768324934500513378,2025-12-16 15:33:33.186488
2025-12-16,24500,SEA,COL,30006121,Carson Rehkopf,points,rf_qrf_points,0.3.0,empirical_qrf,0.0,0.0,0.0,,3768324934500513378,2025-12-16 15:33:33.186488
2025-12-16,24500,SEA,COL,30006125,Caden Price,points,rf_qrf_points,0.3.0,empirical_qrf,0.017956990992899956,0.008438818565400843,0.02919117647058824,,3768324934500513378,2025-12-16 15:33:33.186488
2025-12-16,24500,SEA,COL,30006197,Andrei Loshko,points,rf_qrf_points,0.3.0,empirical_qrf,0.008213579304022908,0.0065225665527166585,0.009918680392642189,,3768324934500513378,2025-12-16 15:33:33.186488
2025-12-16,24500,SEA,COL,30006437,Kaden Hammell,points,rf_qrf_points,0.3.0,empirical_qrf,0.009477158983000014,0.0,0.019011445643115892,,3768324934500513378,2025-12-16 15:33:33.186488
2025-12-16,24500,COL,SEA,30006102,Gavin Brindley,points,rf_qrf_points,0.3.0,empirical_qrf,7.575757575757576e-05,0.0,0.0,,3768324934500513378,2025-12-16 15:33:33.186488
2025-12-16,24500,SEA,COL,30005681,Jagger Firkus,points,rf_qrf_points,0.3.0,empirical_qrf,0.0,0.0,0.0,,3768324934500513378,2025-12-16 15:33:33.186488
2025-12-16,24500,SEA,COL,30005682,Jani Nyman,points,rf_qrf_points,0.3.0,empirical_qrf,0.08277777777777778,0.0,0.0,,3768324934500513378,2025-12-16 15:33:33.186488
2025-12-16,24500,SEA,COL,30005683,Niklas Kokko,points,rf_qrf_points,0.3.0,empirical_qrf,0.008213579304022908,0.0065225665527166585,0.009918680392642189,,3768324934500513378,2025-12-16 15:33:33.186488
2025-12-16,24500,SEA,COL,30005757,Ty Nelson,points,rf_qrf_points,0.3.0,empirical_qrf,0.008213579304022908,0.0065225665527166585,0.009918680392642189,,3768324934500513378,2025-12-16 15:33:33.186488
2025-12-16,24500,SEA,COL,30006087,Eduard Sale,points,rf_qrf_points,0.3.0,empirical_qrf,0.0,0.0,0.0,,3768324934500513378,2025-12-16 15:33:33.186488
2025-12-16,24500,SEA,COL,30006119,Lukas Dragicevic,points,rf_qrf_points,0.3.0,empirical_qrf,0.0005555555555555556,0.0,0.0,,3768324934500513378,2025-12-16 15:33:33.186488
2025-12-16,24500,SEA,COL,30005447,Ville Ottavainen,points,rf_qrf_points,0.3.0,empirical_qrf,0.0,0.0,0.0,,3768324934500513378,2025-12-16 15:33:33.186488
2025-12-16,24500,SEA,COL,30005503,Logan Morrison,points,rf_qrf_points,0.3.0,empirical_qrf,0.031133357383357384,0.0,0.0,,3768324934500513378,2025-12-16 15:33:33.186488
2025-12-16,24500,SEA,COL,30005582,Ben Meyers,points,rf_qrf_points,0.3.0,empirical_qrf,0.0030383597883597885,0.0,0.0,,3768324934500513378,2025-12-16 15:33:33.186488
2025-12-16,24500,SEA,COL,30005593,Peetro Seppala,points,rf_qrf_points,0.3.0,empirical_qrf,0.008213579304022908,0.0065225665527166585,0.009918680392642189,,3768324934500513378,2025-12-16 15:33:33.186488
2025-12-16,24500,SEA,COL,30005616,Shane Wright,points,rf_qrf_points,0.3.0,empirical_qrf,0.015215804247924987,0.0,0.0,,3768324934500513378,2025-12-16 15:33:33.186488
2025-12-16,24500,SEA,COL,30005680,David Goyette,points,rf_qrf_points,0.3.0,empirical_qrf,0.023580703200305326,0.0,0.0449438202247191,,3768324934500513378,2025-12-16 15:33:33.186488
2025-12-16,24500,SEA,COL,30005040,Matty Beniers,points,rf_qrf_points,0.3.0,empirical_qrf,0.019847222222222217,0.0,0.0,,3768324934500513378,2025-12-16 15:33:33.186488
2025-12-16,24500,SEA,COL,30005042,Ryker Evans,points,rf_qrf_points,0.3.0,empirical_qrf,0.023570114792065416,0.005952380952380952,0.04242424242424243,,3768324934500513378,2025-12-16 15:33:33.186488
2025-12-16,24500,SEA,COL,30005239,Jakov Novak,points,rf_qrf_points,0.3.0,empirical_qrf,0.008213579304022908,0.0065225665527166585,0.009918680392642189,,3768324934500513378,2025-12-16 15:33:33.186488
2025-12-16,24500,SEA,COL,30005333,Jacob Melanson,points,rf_qrf_points,0.3.0,empirical_qrf,0.047892229332031196,0.0,0.11764705882352941,,3768324934500513378,2025-12-16 15:33:33.186488
2025-12-16,24500,SEA,COL,30005336,Tye Kartye,points,rf_qrf_points,0.3.0,empirical_qrf,0.0,0.0,0.0,,3768324934500513378,2025-12-16 15:33:33.186488
2025-12-16,24500,SEA,COL,30005337,Ryan Winterton,points,rf_qrf_points,0.3.0,empirical_qrf,0.03695833333333333,0.0,0.0,,3768324934500513378,2025-12-16 15:33:33.186488
2025-12-16,24500,SEA,COL,30003188,Jack LaFontaine,points,rf_qrf_points,0.3.0,empirical_qrf,0.005380952380952381,0.0,0.0,,3768324934500513378,2025-12-16 15:33:33.186488
2025-12-16,24500,SEA,COL,30003214,Joshua Mahura,points,rf_qrf_points,0.3.0,empirical_qrf,0.05367131274324019,0.0,0.1054511278195489,,3768324934500513378,2025-12-16 15:33:33.186488
2025-12-16,24500,SEA,COL,30003660,Eeli Tolvanen,points,rf_qrf_points,0.3.0,empirical_qrf,0.0007142857142857143,0.0,0.0,,3768324934500513378,2025-12-16 15:33:33.186488
2025-12-16,24500,SEA,COL,30003703,Cale Fleury,points,rf_qrf_points,0.3.0,empirical_qrf,0.035712528655251305,0.0,0.08010810810810813,,3768324934500513378,2025-12-16 15:33:33.186488
2025-12-16,24500,SEA,COL,30004419,Joey Daccord,points,rf_qrf_points,0.3.0,empirical_qrf,0.008213579304022908,0.0065225665527166585,0.009918680392642189,,3768324934500513378,2025-12-16 15:33:33.186488
2025-12-16,24500,SEA,COL,30004471,Kaapo Kakko,points,rf_qrf_points,0.3.0,empirical_qrf,0.0,0.0,0.0,,3768324934500513378,2025-12-16 15:33:33.186488
2025-12-16,24500,SEA,COL,30000882,Brandon Montour,points,rf_qrf_points,0.3.0,empirical_qrf,0.013874999999999998,0.0,0.0,,3768324934500513378,2025-12-16 15:33:33.186488
2025-12-16,24500,SEA,COL,30000929,Jared McCann,points,rf_qrf_points,0.3.0,empirical_qrf,0.0031666666666666666,0.0,0.0,,3768324934500513378,2025-12-16 15:33:33.186488
2025-12-16,24500,SEA,COL,30002223,Mason Marchment,points,rf_qrf_points,0.3.0,empirical_qrf,0.3127021147711937,0.0,0.75,,3768324934500513378,2025-12-16 15:33:33.186488
2025-12-16,24500,SEA,COL,30002529,John Hayden,points,rf_qrf_points,0.3.0,empirical_qrf,0.0,0.0,0.0,,3768324934500513378,2025-12-16 15:33:33.186488
2025-12-16,24500,SEA,COL,30002711,Frederick Gaudreau,points,rf_qrf_points,0.3.0,empirical_qrf,0.04600950688630901,0.0,0.10526315789473684,,3768324934500513378,2025-12-16 15:33:33.186488
2025-12-16,24500,SEA,COL,30003184,Ryan Lindgren,points,rf_qrf_points,0.3.0,empirical_qrf,0.0,0.0,0.0,,3768324934500513378,2025-12-16 15:33:33.186488
2025-12-16,24500,SEA,COL,30000596,Chandler Stephenson,points,rf_qrf_points,0.3.0,empirical_qrf,0.002962487489090566,0.0,0.006389776357827476,,3768324934500513378,2025-12-16 15:33:33.186488
2025-12-16,24500,SEA,COL,30000629,Matt Murray,points,rf_qrf_points,0.3.0,empirical_qrf,0.008213579304022908,0.0065225665527166585,0.009918680392642189,,3768324934500513378,2025-12-16 15:33:33.186488
2025-12-16,24500,SEA,COL,30000674,Vince Dunn,points,rf_qrf_points,0.3.0,empirical_qrf,0.02494642857142857,0.0,0.0,,3768324934500513378,2025-12-16 15:33:33.186488
2025-12-16,24500,SEA,COL,30000758,Jamie Oleksiak,points,rf_qrf_points,0.3.0,empirical_qrf,0.047775023978522055,0.012048192771084338,0.0870108695652174,,3768324934500513378,2025-12-16 15:33:33.186488
2025-12-16,24500,SEA,COL,30000794,Jaden Schwartz,points,rf_qrf_points,0.3.0,empirical_qrf,0.002833333333333333,0.0,0.0,,3768324934500513378,2025-12-16 15:33:33.186488
2025-12-16,24500,SEA,COL,30000812,Gustav Olofsson,points,rf_qrf_points,0.3.0,empirical_qrf,0.008213579304022908,0.0065225665527166585,0.009918680392642189,,3768324934500513378,2025-12-16 15:33:33.186488
2025-12-16,24500,COL,SEA,30006385,Saige Weinstein,points,rf_qrf_points,0.3.0,empirical_qrf,0.008213579304022908,0.0065225665527166585,0.009918680392642189,,3768324934500513378,2025-12-16 15:33:33.186488
2025-12-16,24500,COL,SEA,30006387,Neil Shea,points,rf_qrf_points,0.3.0,empirical_qrf,0.008213579304022908,0.0065225665527166585,0.009918680392642189,,3768324934500513378,2025-12-16 15:33:33.186488
2025-12-16,24500,SEA,COL,30000303,Adam Larsson,points,rf_qrf_points,0.3.0,empirical_qrf,0.0,0.0,0.0,,3768324934500513378,2025-12-16 15:33:33.186488
2025-12-16,24500,SEA,COL,30000460,Max McCormick,points,rf_qrf_points,0.3.0,empirical_qrf,0.023580703200305326,0.0,0.0449438202247191,,3768324934500513378,2025-12-16 15:33:33.186488
2025-12-16,24500,SEA,COL,30000539,Jordan Eberle,points,rf_qrf_points,0.3.0,empirical_qrf,0.004833333333333334,0.0,0.0,,3768324934500513378,2025-12-16 15:33:33.186488
2025-12-16,24500,SEA,COL,30000577,Philipp Grubauer,points,rf_qrf_points,0.3.0,empirical_qrf,0.008213579304022908,0.0065225665527166585,0.009918680392642189,,3768324934500513378,2025-12-16 15:33:33.186488
2025-12-16,24500,COL,SEA,30005581,Wyatt Aamodt,points,rf_qrf_points,0.3.0,empirical_qrf,0.0,0.0,0.0,,3768324934500513378,2025-12-16 15:33:33.186488
2025-12-16,24500,COL,SEA,30005777,Ivan Ivan,points,rf_qrf_points,0.3.0,empirical_qrf,0.012592830322205548,0.0,0.024390243902439025,,3768324934500513378,2025-12-16 15:33:33.186488
2025-12-16,24500,COL,SEA,30006033,Jason Polin,points,rf_qrf_points,0.3.0,empirical_qrf,0.0,0.0,0.0,,3768324934500513378,2025-12-16 15:33:33.186488
2025-12-16,24500,COL,SEA,30006036,Sam Malinski,points,rf_qrf_points,0.3.0,empirical_qrf,0.04600950688630901,0.0,0.10526315789473684,,3768324934500513378,2025-12-16 15:33:33.186488
2025-12-16,24500,COL,SEA,30006255,Maros Jedlicka,points,rf_qrf_points,0.3.0,empirical_qrf,0.009477158983000014,0.0,0.019011445643115892,,3768324934500513378,2025-12-16 15:33:33.186488
2025-12-16,24500,COL,SEA,30006377,Noah Ganske,points,rf_qrf_points,0.3.0,empirical_qrf,0.008213579304022908,0.0065225665527166585,0.009918680392642189,,3768324934500513378,2025-12-16 15:33:33.186488
2025-12-16,24500,COL,SEA,30004757,Jack Ahcan,points,rf_qrf_points,0.3.0,empirical_qrf,0.023570114792065416,0.005952380952380952,0.04242424242424243,,3768324934500513378,2025-12-16 15:33:33.186488
2025-12-16,24500,COL,SEA,30004842,Danil Gushchin,points,rf_qrf_points,0.3.0,empirical_qrf,0.04600950688630901,0.0,0.10526315789473684,,3768324934500513378,2025-12-16 15:33:33.186488
2025-12-16,24500,COL,SEA,30004938,Ilya Solovyov,points,rf_qrf_points,0.3.0,empirical_qrf,0.047775023978522055,0.012048192771084338,0.0870108695652174,,3768324934500513378,2025-12-16 15:33:33.186488
2025-12-16,24500,COL,SEA,30005213,Tyler Inamoto,points,rf_qrf_points,0.3.0,empirical_qrf,0.023580703200305326,0.0,0.0449438202247191,,3768324934500513378,2025-12-16 15:33:33.186488
2025-12-16,24500,COL,SEA,30005391,Tristen Nielsen,points,rf_qrf_points,0.3.0,empirical_qrf,0.0026984126984126986,0.0,0.0,,3768324934500513378,2025-12-16 15:33:33.186488
2025-12-16,24500,COL,SEA,30005470,Zakhar Bardakov,points,rf_qrf_points,0.3.0,empirical_qrf,0.11908952052352895,0.0,0.2222222222222222,,3768324934500513378,2025-12-16 15:33:33.186488
2025-12-16,24500,COL,SEA,30004191,Logan O'Connor,points,rf_qrf_points,0.3.0,empirical_qrf,0.0,0.0,0.0,,3768324934500513378,2025-12-16 15:33:33.186488
2025-12-16,24500,COL,SEA,30004393,Tye Felhaber,points,rf_qrf_points,0.3.0,empirical_qrf,0.023570114792065416,0.005952380952380952,0.04242424242424243,,3768324934500513378,2025-12-16 15:33:33.186488
2025-12-16,24500,COL,SEA,30004461,Joel Kiviranta,points,rf_qrf_points,0.3.0,empirical_qrf,0.0,0.0,0.0,,3768324934500513378,2025-12-16 15:33:33.186488
2025-12-16,24500,COL,SEA,30004557,Ronnie Attard,points,rf_qrf_points,0.3.0,empirical_qrf,0.008213579304022908,0.0065225665527166585,0.009918680392642189,,3768324934500513378,2025-12-16 15:33:33.186488
2025-12-16,24500,COL,SEA,30004569,Matthew Stienburg,points,rf_qrf_points,0.3.0,empirical_qrf,0.023570114792065416,0.005952380952380952,0.04242424242424243,,3768324934500513378,2025-12-16 15:33:33.186488
2025-12-16,24500,COL,SEA,30004668,Trent Miner,points,rf_qrf_points,0.3.0,empirical_qrf,0.008213579304022908,0.0065225665527166585,0.009918680392642189,,3768324934500513378,2025-12-16 15:33:33.186488
2025-12-16,24500,COL,SEA,30003894,Kyle Keyser,points,rf_qrf_points,0.3.0,empirical_qrf,0.008213579304022908,0.0065225665527166585,0.009918680392642189,,3768324934500513378,2025-12-16 15:33:33.186488
2025-12-16,24500,COL,SEA,30003898,Parker Kelly,points,rf_qrf_points,0.3.0,empirical_qrf,0.017956990992899956,0.008438818565400843,0.02919117647058824,,3768324934500513378,2025-12-16 15:33:33.186488
2025-12-16,24500,COL,SEA,30003947,Ross Colton,points,rf_qrf_points,0.3.0,empirical_qrf,0.0,0.0,0.0,,3768324934500513378,2025-12-16 15:33:33.186488
2025-12-16,24500,COL,SEA,30004026,Victor Olofsson,points,rf_qrf_points,0.3.0,empirical_qrf,0.0,0.0,0.0,,3768324934500513378,2025-12-16 15:33:33.186488
2025-12-16,24500,COL,SEA,30004119,Jake Wise,points,rf_qrf_points,0.3.0,empirical_qrf,0.008213579304022908,0.0065225665527166585,0.009918680392642189,,3768324934500513378,2025-12-16 15:33:33.186488
2025-12-16,24500,COL,SEA,30004121,Jack Drury,points,rf_qrf_points,0.3.0,empirical_qrf,0.0,0.0,0.0,,3768324934500513378,2025-12-16 15:33:33.186488
2025-12-16,24500,COL,SEA,30003183,Samuel Girard,points,rf_qrf_points,0.3.0,empirical_qrf,0.05367131274324019,0.0,0.1054511278195489,,3768324934500513378,2025-12-16 15:33:33.186488
2025-12-16,24500,COL,SEA,30003488,Keaton Middleton,points,rf_qrf_points,0.3.0,empirical_qrf,0.010951687680088881,0.0,0.02531645569620253,,3768324934500513378,2025-12-16 15:33:33.186488
2025-12-16,24500,COL,SEA,30003646,Cale Makar,points,rf_qrf_points,0.3.0,empirical_qrf,0.006047619047619047,0.0,0.0,,3768324934500513378,2025-12-16 15:33:33.186488
2025-12-16,24500,COL,SEA,30003654,Martin Necas,points,rf_qrf_points,0.3.0,empirical_qrf,0.0022500000000000003,0.0,0.0,,3768324934500513378,2025-12-16 15:33:33.186488
2025-12-16,24500,COL,SEA,30003772,Alex Barré-Boulet,points,rf_qrf_points,0.3.0,empirical_qrf,0.023570114792065416,0.005952380952380952,0.04242424242424243,,3768324934500513378,2025-12-16 15:33:33.186488
2025-12-16,24500,COL,SEA,30003800,Jacob MacDonald,points,rf_qrf_points,0.3.0,empirical_qrf,0.008213579304022908,0.0065225665527166585,0.009918680392642189,,3768324934500513378,2025-12-16 15:33:33.186488
2025-12-16,24500,COL,SEA,30000903,Gabriel Landeskog,points,rf_qrf_points,0.3.0,empirical_qrf,0.03773809523809524,0.0,0.0,,3768324934500513378,2025-12-16 15:33:33.186488
2025-12-16,24500,COL,SEA,30000904,Nathan MacKinnon,points,rf_qrf_points,0.3.0,empirical_qrf,0.0025,0.0,0.0,,3768324934500513378,2025-12-16 15:33:33.186488
2025-12-16,24500,COL,SEA,30001000,Brock Nelson,points,rf_qrf_points,0.3.0,empirical_qrf,0.0020775867650867654,0.0,0.0,,3768324934500513378,2025-12-16 15:33:33.186488
2025-12-16,24500,COL,SEA,30002512,Artturi Lehkonen,points,rf_qrf_points,0.3.0,empirical_qrf,0.013125,0.0,0.0,,3768324934500513378,2025-12-16 15:33:33.186488
2025-12-16,24500,COL,SEA,30002779,Mackenzie Blackwood,points,rf_qrf_points,0.3.0,empirical_qrf,0.008213579304022908,0.0065225665527166585,0.009918680392642189,,3768324934500513378,2025-12-16 15:33:33.186488
2025-12-16,24500,COL,SEA,30003087,Devon Toews,points,rf_qrf_points,0.3.0,empirical_qrf,0.0,0.0,0.0,,3768324934500513378,2025-12-16 15:33:33.186488
2025-12-16,24501,CGY,SJ,30000032,Nazem Kadri,points,rf_qrf_points,0.3.0,empirical_qrf,0.0,0.0,0.0,,3768324934500513378,2025-12-16 15:33:33.186488
2025-12-16,24501,CGY,SJ,30000103,Mikael Backlund,points,rf_qrf_points,0.3.0,empirical_qrf,0.0,0.0,0.0,,3768324934500513378,2025-12-16 15:33:33.186488
2025-12-16,24501,CGY,SJ,30000237,MacKenzie Weegar,points,rf_qrf_points,0.3.0,empirical_qrf,0.04600950688630901,0.0,0.10526315789473684,,3768324934500513378,2025-12-16 15:33:33.186488
2025-12-16,24501,CGY,SJ,30000311,Blake Coleman,points,rf_qrf_points,0.3.0,empirical_qrf,0.03377820766518467,0.0,0.0684931506849315,,3768324934500513378,2025-12-16 15:33:33.186488
2025-12-16,24501,CGY,SJ,30000766,Jonathan Huberdeau,points,rf_qrf_points,0.3.0,empirical_qrf,0.0,0.0,0.0,,3768324934500513378,2025-12-16 15:33:33.186488
2025-12-16,24501,CGY,SJ,30001029,Martin Frk,points,rf_qrf_points,0.3.0,empirical_qrf,0.0001984126984126984,0.0,0.0,,3768324934500513378,2025-12-16 15:33:33.186488
2025-12-16,24501,SJ,CGY,30006468,Collin Graf,points,rf_qrf_points,0.3.0,empirical_qrf,0.03377820766518467,0.0,0.0684931506849315,,3768324934500513378,2025-12-16 15:33:33.186488
2025-12-16,24501,SJ,CGY,30006484,Sam Dickinson,points,rf_qrf_points,0.3.0,empirical_qrf,0.0,0.0,0.0,,3768324934500513378,2025-12-16 15:33:33.186488
2025-12-16,24501,SJ,CGY,30006491,Macklin Celebrini,points,rf_qrf_points,0.3.0,empirical_qrf,0.0,0.0,0.0,,3768324934500513378,2025-12-16 15:33:33.186488
2025-12-16,24501,CGY,SJ,30006136,Hunter Brzustewicz,points,rf_qrf_points,0.3.0,empirical_qrf,0.20899788297930713,0.0,0.46153846153846156,,3768324934500513378,2025-12-16 15:33:33.186488
2025-12-16,24501,SJ,CGY,30006523,Igor Chernyshov,points,rf_qrf_points,0.3.0,empirical_qrf,0.009477158983000014,0.0,0.019011445643115892,,3768324934500513378,2025-12-16 15:33:33.186488
2025-12-16,24501,SJ,CGY,30006008,Nolan Burke,points,rf_qrf_points,0.3.0,empirical_qrf,0.008213579304022908,0.0065225665527166585,0.009918680392642189,,3768324934500513378,2025-12-16 15:33:33.186488
2025-12-16,24501,SJ,CGY,30006066,Will Smith,points,rf_qrf_points,0.3.0,empirical_qrf,0.0007936507936507937,0.0,0.0,,3768324934500513378,2025-12-16 15:33:33.186488
2025-12-16,24501,SJ,CGY,30006085,Quentin Musty,points,rf_qrf_points,0.3.0,empirical_qrf,0.0060176536426536425,0.0,0.0,,3768324934500513378,2025-12-16 15:33:33.186488
2025-12-16,24501,SJ,CGY,30006114,Kasper Halttunen,points,rf_qrf_points,0.3.0,empirical_qrf,0.0,0.0,0.0,,3768324934500513378,2025-12-16 15:33:33.186488
2025-12-16,24501,SJ,CGY,30006189,Luca Cagnoni,points,rf_qrf_points,0.3.0,empirical_qrf,0.0,0.0,0.0,,3768324934500513378,2025-12-16 15:33:33.186488
2025-12-16,24501,SJ,CGY,30006307,Anthony Vincent,points,rf_qrf_points,0.3.0,empirical_qrf,0.0,0.0,0.0,,3768324934500513378,2025-12-16 15:33:33.186488
2025-12-16,24501,SJ,CGY,30005207,Ethan Cardwell,points,rf_qrf_points,0.3.0,empirical_qrf,0.0008333333333333334,0.0,0.0,,3768324934500513378,2025-12-16 15:33:33.186488
2025-12-16,24501,SJ,CGY,30005602,Pavol Regenda,points,rf_qrf_points,0.3.0,empirical_qrf,0.001,0.0,0.0,,3768324934500513378,2025-12-16 15:33:33.186488
2025-12-16,24501,SJ,CGY,30005628,Yaroslav Askarov,points,rf_qrf_points,0.3.0,empirical_qrf,0.008213579304022908,0.0065225665527166585,0.009918680392642189,,3768324934500513378,2025-12-16 15:33:33.186488
2025-12-16,24501,SJ,CGY,30005649,Filip Bystedt,points,rf_qrf_points,0.3.0,empirical_qrf,0.008213579304022908,0.0065225665527166585,0.009918680392642189,,3768324934500513378,2025-12-16 15:33:33.186488
2025-12-16,24501,SJ,CGY,30005752,Patrick Giles,points,rf_qrf_points,0.3.0,empirical_qrf,0.0,0.0,0.0,,3768324934500513378,2025-12-16 15:33:33.186488
2025-12-16,24501,SJ,CGY,30005839,Jake Furlong,points,rf_qrf_points,0.3.0,empirical_qrf,0.008213579304022908,0.0065225665527166585,0.009918680392642189,,3768324934500513378,2025-12-16 15:33:33.186488
2025-12-16,24501,SJ,CGY,30004654,Beck Warm,points,rf_qrf_points,0.3.0,empirical_qrf,0.008213579304022908,0.0065225665527166585,0.009918680392642189,,3768324934500513378,2025-12-16 15:33:33.186488
2025-12-16,24501,SJ,CGY,30004811,Shakir Mukhamadullin,points,rf_qrf_points,0.3.0,empirical_qrf,0.20899788297930713,0.0,0.46153846153846156,,3768324934500513378,2025-12-16 15:33:33.186488
2025-12-16,24501,SJ,CGY,30004995,William Eklund,points,rf_qrf_points,0.3.0,empirical_qrf,0.0,0.0,0.0,,3768324934500513378,2025-12-16 15:33:33.186488
2025-12-16,24501,SJ,CGY,30005013,Zack Ostapchuk,points,rf_qrf_points,0.3.0,empirical_qrf,0.04223319517570298,0.010869565217391304,0.07699775952203139,,3768324934500513378,2025-12-16 15:33:33.186488
2025-12-16,24501,SJ,CGY,30005031,Vincent Iorio,points,rf_qrf_points,0.3.0,empirical_qrf,0.04223319517570298,0.010869565217391304,0.07699775952203139,,3768324934500513378,2025-12-16 15:33:33.186488
2025-12-16,24501,SJ,CGY,30005081,Cole Clayton,points,rf_qrf_points,0.3.0,empirical_qrf,0.036959297501620296,0.0,0.08850267379679151,,3768324934500513378,2025-12-16 15:33:33.186488
2025-12-16,24501,SJ,CGY,30003937,Vincent Desharnais,points,rf_qrf_points,0.3.0,empirical_qrf,0.023570114792065416,0.005952380952380952,0.04242424242424243,,3768324934500513378,2025-12-16 15:33:33.186488
2025-12-16,24501,SJ,CGY,30003989,Adam Gaudette,points,rf_qrf_points,0.3.0,empirical_qrf,0.24393085618085616,0.0,0.5,,3768324934500513378,2025-12-16 15:33:33.186488
2025-12-16,24501,SJ,CGY,30004092,Ty Dellandrea,points,rf_qrf_points,0.3.0,empirical_qrf,0.035712528655251305,0.0,0.08010810810810813,,3768324934500513378,2025-12-16 15:33:33.186488
2025-12-16,24501,SJ,CGY,30004123,Philipp Kurashev,points,rf_qrf_points,0.3.0,empirical_qrf,0.04223319517570298,0.010869565217391304,0.07699775952203139,,3768324934500513378,2025-12-16 15:33:33.186488
2025-12-16,24501,SJ,CGY,30004136,Jakub Skarek,points,rf_qrf_points,0.3.0,empirical_qrf,0.008213579304022908,0.0065225665527166585,0.009918680392642189,,3768324934500513378,2025-12-16 15:33:33.186488
2025-12-16,24501,SJ,CGY,30004392,Jimmy Huntington,points,rf_qrf_points,0.3.0,empirical_qrf,0.009477158983000014,0.0,0.019011445643115892,,3768324934500513378,2025-12-16 15:33:33.186488
2025-12-16,24501,SJ,CGY,30001301,Ryan Reaves,points,rf_qrf_points,0.3.0,empirical_qrf,0.008213579304022908,0.0065225665527166585,0.009918680392642189,,3768324934500513378,2025-12-16 15:33:33.186488
2025-12-16,24501,SJ,CGY,30002590,Alex Nedeljkovic,points,rf_qrf_points,0.3.0,empirical_qrf,0.008213579304022908,0.0065225665527166585,0.009918680392642189,,3768324934500513378,2025-12-16 15:33:33.186488
2025-12-16,24501,SJ,CGY,30002693,Aaron Dell,points,rf_qrf_points,0.3.0,empirical_qrf,0.04531746031746032,0.0,0.0,,3768324934500513378,2025-12-16 15:33:33.186488
2025-12-16,24501,SJ,CGY,30003648,Timothy Liljegren,points,rf_qrf_points,0.3.0,empirical_qrf,0.0,0.0,0.0,,3768324934500513378,2025-12-16 15:33:33.186488
2025-12-16,24501,SJ,CGY,30003651,Shane Bowers,points,rf_qrf_points,0.3.0,empirical_qrf,0.04366528478536397,0.0,0.08540069686411152,,3768324934500513378,2025-12-16 15:33:33.186488
2025-12-16,24501,SJ,CGY,30003693,Mario Ferraro,points,rf_qrf_points,0.3.0,empirical_qrf,0.009477158983000014,0.0,0.019011445643115892,,3768324934500513378,2025-12-16 15:33:33.186488
2025-12-16,24501,SJ,CGY,30000287,Nick Leddy,points,rf_qrf_points,0.3.0,empirical_qrf,0.0,0.0,0.0,,3768324934500513378,2025-12-16 15:33:33.186488
2025-12-16,24501,SJ,CGY,30000384,Dmitry Orlov,points,rf_qrf_points,0.3.0,empirical_qrf,0.0,0.0,0.0,,3768324934500513378,2025-12-16 15:33:33.186488
2025-12-16,24501,SJ,CGY,30000426,Alexander Wennberg,points,rf_qrf_points,0.3.0,empirical_qrf,0.0,0.0,0.0,,3768324934500513378,2025-12-16 15:33:33.186488
2025-12-16,24501,SJ,CGY,30000642,Jeff Skinner,points,rf_qrf_points,0.3.0,empirical_qrf,0.2608505530417295,0.0,0.6666666666666666,,3768324934500513378,2025-12-16 15:33:33.186488
2025-12-16,24501,SJ,CGY,30000754,John Klingberg,points,rf_qrf_points,0.3.0,empirical_qrf,0.0,0.0,0.0,,3768324934500513378,2025-12-16 15:33:33.186488
2025-12-16,24501,SJ,CGY,30000914,Barclay Goodrow,points,rf_qrf_points,0.3.0,empirical_qrf,0.0,0.0,0.0,,3768324934500513378,2025-12-16 15:33:33.186488
2025-12-16,24501,CGY,SJ,30006371,Matt Radomsky,points,rf_qrf_points,0.3.0,empirical_qrf,0.008213579304022908,0.0065225665527166585,0.009918680392642189,,3768324934500513378,2025-12-16 15:33:33.186488
2025-12-16,24501,CGY,SJ,30006372,Connor Murphy,points,rf_qrf_points,0.3.0,empirical_qrf,0.008213579304022908,0.0065225665527166585,0.009918680392642189,,3768324934500513378,2025-12-16 15:33:33.186488
2025-12-16,24501,SJ,CGY,30000007,Carey Price,points,rf_qrf_points,0.3.0,empirical_qrf,0.008213579304022908,0.0065225665527166585,0.009918680392642189,,3768324934500513378,2025-12-16 15:33:33.186488
2025-12-16,24501,SJ,CGY,30000128,Logan Couture,points,rf_qrf_points,0.3.0,empirical_qrf,0.008213579304022908,0.0065225665527166585,0.009918680392642189,,3768324934500513378,2025-12-16 15:33:33.186488
2025-12-16,24501,SJ,CGY,30000157,Tyler Toffoli,points,rf_qrf_points,0.3.0,empirical_qrf,0.011603174603174603,0.0,0.0,,3768324934500513378,2025-12-16 15:33:33.186488
2025-12-16,24501,SJ,CGY,30000182,Ryan Ellis,points,rf_qrf_points,0.3.0,empirical_qrf,0.008213579304022908,0.0065225665527166585,0.009918680392642189,,3768324934500513378,2025-12-16 15:33:33.186488
2025-12-16,24501,CGY,SJ,30005142,Rory Kerins,points,rf_qrf_points,0.3.0,empirical_qrf,0.0007936507936507937,0.0,0.0,,3768324934500513378,2025-12-16 15:33:33.186488
2025-12-16,24501,CGY,SJ,30005297,Nick Cicek,points,rf_qrf_points,0.3.0,empirical_qrf,0.023580703200305326,0.0,0.0449438202247191,,3768324934500513378,2025-12-16 15:33:33.186488
2025-12-16,24501,CGY,SJ,30005595,Adam Klapka,points,rf_qrf_points,0.3.0,empirical_qrf,0.20899788297930713,0.0,0.46153846153846156,,3768324934500513378,2025-12-16 15:33:33.186488
2025-12-16,24501,CGY,SJ,30005729,Parker Bell,points,rf_qrf_points,0.3.0,empirical_qrf,0.008213579304022908,0.0065225665527166585,0.009918680392642189,,3768324934500513378,2025-12-16 15:33:33.186488
2025-12-16,24501,CGY,SJ,30006084,Samuel Honzek,points,rf_qrf_points,0.3.0,empirical_qrf,0.04600950688630901,0.0,0.10526315789473684,,3768324934500513378,2025-12-16 15:33:33.186488
2025-12-16,24501,CGY,SJ,30006111,Etienne Morin,points,rf_qrf_points,0.3.0,empirical_qrf,0.0,0.0,0.0,,3768324934500513378,2025-12-16 15:33:33.186488
2025-12-16,24501,CGY,SJ,30004855,Yan Kuznetsov,points,rf_qrf_points,0.3.0,empirical_qrf,0.023570114792065416,0.005952380952380952,0.04242424242424243,,3768324934500513378,2025-12-16 15:33:33.186488
2025-12-16,24501,CGY,SJ,30004869,Jeremie Poirier,points,rf_qrf_points,0.3.0,empirical_qrf,0.008213579304022908,0.0065225665527166585,0.009918680392642189,,3768324934500513378,2025-12-16 15:33:33.186488
2025-12-16,24501,CGY,SJ,30004925,Daniil Miromanov,points,rf_qrf_points,0.3.0,empirical_qrf,0.0,0.0,0.0,,3768324934500513378,2025-12-16 15:33:33.186488
2025-12-16,24501,CGY,SJ,30004993,Matt Coronato,points,rf_qrf_points,0.3.0,empirical_qrf,0.0,0.0,0.0,,3768324934500513378,2025-12-16 15:33:33.186488
2025-12-16,24501,CGY,SJ,30005038,William Stromgren,points,rf_qrf_points,0.3.0,empirical_qrf,0.008213579304022908,0.0065225665527166585,0.009918680392642189,,3768324934500513378,2025-12-16 15:33:33.186488
2025-12-16,24501,CGY,SJ,30005139,Lucas Ciona,points,rf_qrf_points,0.3.0,empirical_qrf,0.008213579304022908,0.0065225665527166585,0.009918680392642189,,3768324934500513378,2025-12-16 15:33:33.186488
2025-12-16,24501,CGY,SJ,30004310,Brayden Pachal,points,rf_qrf_points,0.3.0,empirical_qrf,0.0,0.0,0.0,,3768324934500513378,2025-12-16 15:33:33.186488
2025-12-16,24501,CGY,SJ,30004363,Martin Pospisil,points,rf_qrf_points,0.3.0,empirical_qrf,0.0,0.0,0.0,,3768324934500513378,2025-12-16 15:33:33.186488
2025-12-16,24501,CGY,SJ,30004493,John Beecher,points,rf_qrf_points,0.3.0,empirical_qrf,0.0,0.0,0.0,,3768324934500513378,2025-12-16 15:33:33.186488
2025-12-16,24501,CGY,SJ,30004665,Dustin Wolf,points,rf_qrf_points,0.3.0,empirical_qrf,0.008213579304022908,0.0065225665527166585,0.009918680392642189,,3768324934500513378,2025-12-16 15:33:33.186488
2025-12-16,24501,CGY,SJ,30004791,Devin Cooley,points,rf_qrf_points,0.3.0,empirical_qrf,0.008213579304022908,0.0065225665527166585,0.009918680392642189,,3768324934500513378,2025-12-16 15:33:33.186488
2025-12-16,24501,CGY,SJ,30004823,Connor Zary,points,rf_qrf_points,0.3.0,empirical_qrf,0.0,0.0,0.0,,3768324934500513378,2025-12-16 15:33:33.186488
2025-12-16,24501,CGY,SJ,30003145,Jake Bean,points,rf_qrf_points,0.3.0,empirical_qrf,0.017956990992899956,0.008438818565400843,0.02919117647058824,,3768324934500513378,2025-12-16 15:33:33.186488
2025-12-16,24501,CGY,SJ,30003418,Alex Gallant,points,rf_qrf_points,0.3.0,empirical_qrf,0.008213579304022908,0.0065225665527166585,0.009918680392642189,,3768324934500513378,2025-12-16 15:33:33.186488
2025-12-16,24501,CGY,SJ,30003656,Morgan Frost,points,rf_qrf_points,0.3.0,empirical_qrf,0.0,0.0,0.0,,3768324934500513378,2025-12-16 15:33:33.186488
2025-12-16,24501,CGY,SJ,30004089,Joel Farabee,points,rf_qrf_points,0.3.0,empirical_qrf,0.06211044973544974,0.0,0.25,,3768324934500513378,2025-12-16 15:33:33.186488
2025-12-16,24501,CGY,SJ,30004162,Kevin Bahl,points,rf_qrf_points,0.3.0,empirical_qrf,0.0,0.0,0.0,,3768324934500513378,2025-12-16 15:33:33.186488
2025-12-16,24501,CGY,SJ,30004190,Yegor Sharangovich,points,rf_qrf_points,0.3.0,empirical_qrf,0.0005833333333333333,0.0,0.0,,3768324934500513378,2025-12-16 15:33:33.186488
2025-12-16,24501,CGY,SJ,30001133,Rasmus Andersson,points,rf_qrf_points,0.3.0,empirical_qrf,0.0,0.0,0.0,,3768324934500513378,2025-12-16 15:33:33.186488
2025-12-16,24501,CGY,SJ,30001248,Joel Hanley,points,rf_qrf_points,0.3.0,empirical_qrf,0.036959297501620296,0.0,0.08850267379679151,,3768324934500513378,2025-12-16 15:33:33.186488
2025-12-16,24501,CGY,SJ,30002217,Ryan Lomberg,points,rf_qrf_points,0.3.0,empirical_qrf,0.047775023978522055,0.012048192771084338,0.0870108695652174,,3768324934500513378,2025-12-16 15:33:33.186488
2025-12-16,24501,CGY,SJ,30002595,Justin Kirkland,points,rf_qrf_points,0.3.0,empirical_qrf,0.0,0.0,0.0,,3768324934500513378,2025-12-16 15:33:33.186488
2025-12-16,24501,CGY,SJ,30002668,Clark Bishop,points,rf_qrf_points,0.3.0,empirical_qrf,0.002962487489090566,0.0,0.006389776357827476,,3768324934500513378,2025-12-16 15:33:33.186488
2025-12-16,24501,CGY,SJ,30003001,Dryden Hunt,points,rf_qrf_points,0.3.0,empirical_qrf,0.0,0.0,0.0,,3768324934500513378,2025-12-16 15:33:33.186488
2025-12-16,24492,CHI,TOR,30000585,Andre Burakovsky,goals,rf_qrf_goals,0.3.0,empirical_qrf,0.0,0.0,0.0,,3768324934500513378,2025-12-16 15:33:46.777716
2025-12-16,24492,CHI,TOR,30000691,Nick Foligno,goals,rf_qrf_goals,0.3.0,empirical_qrf,0.00018518518518518518,0.0,0.0,,3768324934500513378,2025-12-16 15:33:46.777716
2025-12-16,24492,CHI,TOR,30000748,Jason Dickinson,goals,rf_qrf_goals,0.3.0,empirical_qrf,0.0,0.0,0.0,,3768324934500513378,2025-12-16 15:33:46.777716
2025-12-16,24492,CHI,TOR,30000842,Tyler Bertuzzi,goals,rf_qrf_goals,0.3.0,empirical_qrf,0.004222222222222222,0.0,0.0,,3768324934500513378,2025-12-16 15:33:46.777716
2025-12-16,24492,CHI,TOR,30000871,Teuvo Teravainen,goals,rf_qrf_goals,0.3.0,empirical_qrf,0.0028584656084656088,0.0,0.0,,3768324934500513378,2025-12-16 15:33:46.777716
2025-12-16,24492,CHI,TOR,30001060,Shea Weber,goals,rf_qrf_goals,0.3.0,empirical_qrf,0.002235615692932009,0.001345030138054065,0.003188872592410723,,3768324934500513378,2025-12-16 15:33:46.777716
2025-12-16,24492,TOR,CHI,30006276,Marc Johnstone,goals,rf_qrf_goals,0.3.0,empirical_qrf,0.002235615692932009,0.001345030138054065,0.003188872592410723,,3768324934500513378,2025-12-16 15:33:46.777716
2025-12-16,24492,TOR,CHI,30006378,Jake Johnson,goals,rf_qrf_goals,0.3.0,empirical_qrf,0.002235615692932009,0.001345030138054065,0.003188872592410723,,3768324934500513378,2025-12-16 15:33:46.777716
2025-12-16,24492,TOR,CHI,30006388,Keenan Suthers,goals,rf_qrf_goals,0.3.0,empirical_qrf,0.002235615692932009,0.001345030138054065,0.003188872592410723,,3768324934500513378,2025-12-16 15:33:46.777716
2025-12-16,24492,TOR,CHI,30006389,Jacob Frasca,goals,rf_qrf_goals,0.3.0,empirical_qrf,0.002235615692932009,0.001345030138054065,0.003188872592410723,,3768324934500513378,2025-12-16 15:33:46.777716
2025-12-16,24492,TOR,CHI,30004511,Henry Thrun,goals,rf_qrf_goals,0.3.0,empirical_qrf,0.0,0.0,0.0,,3768324934500513378,2025-12-16 15:33:46.777716
2025-12-16,24492,TOR,CHI,30005542,Vyacheslav Peksa,goals,rf_qrf_goals,0.3.0,empirical_qrf,0.002235615692932009,0.001345030138054065,0.003188872592410723,,3768324934500513378,2025-12-16 15:33:46.777716
2025-12-16,24492,TOR,CHI,30005589,Bobby McMann,goals,rf_qrf_goals,0.3.0,empirical_qrf,0.0,0.0,0.0,,3768324934500513378,2025-12-16 15:33:46.777716
2025-12-16,24492,TOR,CHI,30005725,Dennis Hildeby,goals,rf_qrf_goals,0.3.0,empirical_qrf,0.002235615692932009,0.001345030138054065,0.003188872592410723,,3768324934500513378,2025-12-16 15:33:46.777716
2025-12-16,24492,TOR,CHI,30005769,Marshall Rifai,goals,rf_qrf_goals,0.3.0,empirical_qrf,0.002441787757478996,0.0,0.0052425458635965965,,3768324934500513378,2025-12-16 15:33:46.777716
2025-12-16,24492,TOR,CHI,30006072,Easton Cowan,goals,rf_qrf_goals,0.3.0,empirical_qrf,0.0,0.0,0.0,,3768324934500513378,2025-12-16 15:33:46.777716
2025-12-16,24492,TOR,CHI,30006207,Noah Chadwick,goals,rf_qrf_goals,0.3.0,empirical_qrf,0.002235615692932009,0.001345030138054065,0.003188872592410723,,3768324934500513378,2025-12-16 15:33:46.777716
2025-12-16,24492,TOR,CHI,30005024,Matthew Knies,goals,rf_qrf_goals,0.3.0,empirical_qrf,0.010975533517445428,0.0,0.02534891269068485,,3768324934500513378,2025-12-16 15:33:46.777716
2025-12-16,24492,TOR,CHI,30005068,Ryan McCleary,goals,rf_qrf_goals,0.3.0,empirical_qrf,0.002235615692932009,0.001345030138054065,0.003188872592410723,,3768324934500513378,2025-12-16 15:33:46.777716
2025-12-16,24492,TOR,CHI,30005143,Ben King,goals,rf_qrf_goals,0.3.0,empirical_qrf,0.002235615692932009,0.001345030138054065,0.003188872592410723,,3768324934500513378,2025-12-16 15:33:46.777716
2025-12-16,24492,TOR,CHI,30005520,Braeden Kressler,goals,rf_qrf_goals,0.3.0,empirical_qrf,0.002235615692932009,0.001345030138054065,0.003188872592410723,,3768324934500513378,2025-12-16 15:33:46.777716
2025-12-16,24492,TOR,CHI,30005527,Artur Akhtyamov,goals,rf_qrf_goals,0.3.0,empirical_qrf,0.002235615692932009,0.001345030138054065,0.003188872592410723,,3768324934500513378,2025-12-16 15:33:46.777716
2025-12-16,24492,TOR,CHI,30005528,Ryan Tverberg,goals,rf_qrf_goals,0.3.0,empirical_qrf,0.0,0.0,0.0,,3768324934500513378,2025-12-16 15:33:46.777716
2025-12-16,24492,TOR,CHI,30004139,Bo Groulx,goals,rf_qrf_goals,0.3.0,empirical_qrf,0.0035432243410184585,0.0,0.0,,3768324934500513378,2025-12-16 15:33:46.777716
2025-12-16,24492,TOR,CHI,30004252,Simon Benoit,goals,rf_qrf_goals,0.3.0,empirical_qrf,0.0,0.0,0.0,,3768324934500513378,2025-12-16 15:33:46.777716
2025-12-16,24492,TOR,CHI,30004394,Reese Johnson,goals,rf_qrf_goals,0.3.0,empirical_qrf,0.002235615692932009,0.001345030138054065,0.003188872592410723,,3768324934500513378,2025-12-16 15:33:46.777716
2025-12-16,24492,TOR,CHI,30004509,Nicholas Robertson,goals,rf_qrf_goals,0.3.0,empirical_qrf,0.0,0.0,0.0,,3768324934500513378,2025-12-16 15:33:46.777716
2025-12-16,24492,TOR,CHI,30004539,Matias Maccelli,goals,rf_qrf_goals,0.3.0,empirical_qrf,0.0028584656084656088,0.0,0.0,,3768324934500513378,2025-12-16 15:33:46.777716
2025-12-16,24492,TOR,CHI,30004583,Dakota Joshua,goals,rf_qrf_goals,0.3.0,empirical_qrf,0.0,0.0,0.0,,3768324934500513378,2025-12-16 15:33:46.777716
2025-12-16,24492,TOR,CHI,30003041,Steven Lorentz,goals,rf_qrf_goals,0.3.0,empirical_qrf,0.0001666666666666667,0.0,0.0,,3768324934500513378,2025-12-16 15:33:46.777716
2025-12-16,24492,TOR,CHI,30003042,Nicolas Roy,goals,rf_qrf_goals,0.3.0,empirical_qrf,0.03660895886175432,0.0,0.09090909090909091,,3768324934500513378,2025-12-16 15:33:46.777716
2025-12-16,24492,TOR,CHI,30003083,Troy Stecher,goals,rf_qrf_goals,0.3.0,empirical_qrf,0.011324942396150933,0.0,0.028169014084507043,,3768324934500513378,2025-12-16 15:33:46.777716
2025-12-16,24492,TOR,CHI,30003130,Auston Matthews,goals,rf_qrf_goals,0.3.0,empirical_qrf,0.08193650793650793,0.0,0.02000000000000455,,3768324934500513378,2025-12-16 15:33:46.777716
2025-12-16,24492,TOR,CHI,30003192,Joseph Woll,goals,rf_qrf_goals,0.3.0,empirical_qrf,0.002235615692932009,0.001345030138054065,0.003188872592410723,,3768324934500513378,2025-12-16 15:33:46.777716
2025-12-16,24492,TOR,CHI,30003562,Vinni Lettieri,goals,rf_qrf_goals,0.3.0,empirical_qrf,0.0,0.0,0.0,,3768324934500513378,2025-12-16 15:33:46.777716
2025-12-16,24492,TOR,CHI,30001088,Brandon Carlo,goals,rf_qrf_goals,0.3.0,empirical_qrf,0.00576903597227035,0.0,0.013253863134657838,,3768324934500513378,2025-12-16 15:33:46.777716
2025-12-16,24492,TOR,CHI,30001217,Dakota Mermis,goals,rf_qrf_goals,0.3.0,empirical_qrf,0.013504619550034234,0.004422829519316986,0.024050074321813456,,3768324934500513378,2025-12-16 15:33:46.777716
2025-12-16,24492,TOR,CHI,30002664,Brandon Baddock,goals,rf_qrf_goals,0.3.0,empirical_qrf,0.002235615692932009,0.001345030138054065,0.003188872592410723,,3768324934500513378,2025-12-16 15:33:46.777716
2025-12-16,24492,TOR,CHI,30002867,Philippe Myers,goals,rf_qrf_goals,0.3.0,empirical_qrf,0.0,0.0,0.0,,3768324934500513378,2025-12-16 15:33:46.777716
2025-12-16,24492,TOR,CHI,30002869,Ken Appleby,goals,rf_qrf_goals,0.3.0,empirical_qrf,0.002235615692932009,0.001345030138054065,0.003188872592410723,,3768324934500513378,2025-12-16 15:33:46.777716
2025-12-16,24492,TOR,CHI,30003022,Travis Boyd,goals,rf_qrf_goals,0.3.0,empirical_qrf,0.029565044212753997,0.0,0.05970149253731343,,3768324934500513378,2025-12-16 15:33:46.777716
2025-12-16,24492,TOR,CHI,30000264,Scott Laughton,goals,rf_qrf_goals,0.3.0,empirical_qrf,0.0018888888888888887,0.0,0.0,,3768324934500513378,2025-12-16 15:33:46.777716
2025-12-16,24492,TOR,CHI,30000275,John Tavares,goals,rf_qrf_goals,0.3.0,empirical_qrf,0.0,0.0,0.0,,3768324934500513378,2025-12-16 15:33:46.777716
2025-12-16,24492,TOR,CHI,30000486,William Nylander,goals,rf_qrf_goals,0.3.0,empirical_qrf,0.058825009442903656,0.0,0.13333333333333333,,3768324934500513378,2025-12-16 15:33:46.777716
2025-12-16,24492,TOR,CHI,30000507,Jake McCabe,goals,rf_qrf_goals,0.3.0,empirical_qrf,0.013504619550034234,0.004422829519316986,0.024050074321813456,,3768324934500513378,2025-12-16 15:33:46.777716
2025-12-16,24492,TOR,CHI,30000940,Max Domi,goals,rf_qrf_goals,0.3.0,empirical_qrf,0.0,0.0,0.0,,3768324934500513378,2025-12-16 15:33:46.777716
2025-12-16,24492,TOR,CHI,30000943,Oliver Ekman-Larsson,goals,rf_qrf_goals,0.3.0,empirical_qrf,0.0,0.0,0.0,,3768324934500513378,2025-12-16 15:33:46.777716
2025-12-16,24492,CHI,TOR,30006312,Joe Carroll,goals,rf_qrf_goals,0.3.0,empirical_qrf,0.002235615692932009,0.001345030138054065,0.003188872592410723,,3768324934500513378,2025-12-16 15:33:46.777716
2025-12-16,24492,CHI,TOR,30006496,Artyom Levshunov,goals,rf_qrf_goals,0.3.0,empirical_qrf,0.0,0.0,0.0,,3768324934500513378,2025-12-16 15:33:46.777716
2025-12-16,24492,TOR,CHI,30000040,Morgan Rielly,goals,rf_qrf_goals,0.3.0,empirical_qrf,0.0,0.0,0.0,,3768324934500513378,2025-12-16 15:33:46.777716
2025-12-16,24492,TOR,CHI,30000100,Christopher Tanev,goals,rf_qrf_goals,0.3.0,empirical_qrf,0.002441787757478996,0.0,0.0052425458635965965,,3768324934500513378,2025-12-16 15:33:46.777716
2025-12-16,24492,TOR,CHI,30000241,Calle Jarnkrok,goals,rf_qrf_goals,0.3.0,empirical_qrf,0.0,0.0,0.0,,3768324934500513378,2025-12-16 15:33:46.777716
2025-12-16,24492,TOR,CHI,30000259,Anthony Stolarz,goals,rf_qrf_goals,0.3.0,empirical_qrf,0.002235615692932009,0.001345030138054065,0.003188872592410723,,3768324934500513378,2025-12-16 15:33:46.777716
2025-12-16,24492,CHI,TOR,30006064,Connor Bedard,goals,rf_qrf_goals,0.3.0,empirical_qrf,0.0,0.0,0.0,,3768324934500513378,2025-12-16 15:33:46.777716
2025-12-16,24492,CHI,TOR,30006077,Oliver Moore,goals,rf_qrf_goals,0.3.0,empirical_qrf,0.0,0.0,0.0,,3768324934500513378,2025-12-16 15:33:46.777716
2025-12-16,24492,CHI,TOR,30006105,Martin Misiak,goals,rf_qrf_goals,0.3.0,empirical_qrf,0.0,0.0,0.0,,3768324934500513378,2025-12-16 15:33:46.777716
2025-12-16,24492,CHI,TOR,30006145,Nick Lardis,goals,rf_qrf_goals,0.3.0,empirical_qrf,0.013504619550034234,0.004422829519316986,0.024050074321813456,,3768324934500513378,2025-12-16 15:33:46.777716
2025-12-16,24492,CHI,TOR,30006219,Marcel Marcel,goals,rf_qrf_goals,0.3.0,empirical_qrf,0.002235615692932009,0.001345030138054065,0.003188872592410723,,3768324934500513378,2025-12-16 15:33:46.777716
2025-12-16,24492,CHI,TOR,30006279,Sahil Panwar,goals,rf_qrf_goals,0.3.0,empirical_qrf,0.002235615692932009,0.001345030138054065,0.003188872592410723,,3768324934500513378,2025-12-16 15:33:46.777716
2025-12-16,24492,CHI,TOR,30005665,Paul Ludwinski,goals,rf_qrf_goals,0.3.0,empirical_qrf,0.0,0.0,0.0,,3768324934500513378,2025-12-16 15:33:46.777716
2025-12-16,24492,CHI,TOR,30005666,Ryan Greene,goals,rf_qrf_goals,0.3.0,empirical_qrf,0.0,0.0,0.0,,3768324934500513378,2025-12-16 15:33:46.777716
2025-12-16,24492,CHI,TOR,30005718,Samuel Savoie,goals,rf_qrf_goals,0.3.0,empirical_qrf,0.029565044212753997,0.0,0.05970149253731343,,3768324934500513378,2025-12-16 15:33:46.777716
2025-12-16,24492,CHI,TOR,30005816,Gavin Hayes,goals,rf_qrf_goals,0.3.0,empirical_qrf,0.0,0.0,0.0,,3768324934500513378,2025-12-16 15:33:46.777716
2025-12-16,24492,CHI,TOR,30005819,Andrew Perrott,goals,rf_qrf_goals,0.3.0,empirical_qrf,0.0,0.0,0.0,,3768324934500513378,2025-12-16 15:33:46.777716
2025-12-16,24492,CHI,TOR,30005820,Mitchell Weeks,goals,rf_qrf_goals,0.3.0,empirical_qrf,0.002235615692932009,0.001345030138054065,0.003188872592410723,,3768324934500513378,2025-12-16 15:33:46.777716
2025-12-16,24492,CHI,TOR,30005032,Colton Dach,goals,rf_qrf_goals,0.3.0,empirical_qrf,0.0,0.0,0.0,,3768324934500513378,2025-12-16 15:33:46.777716
2025-12-16,24492,CHI,TOR,30005052,Dmitry Kuzmin,goals,rf_qrf_goals,0.3.0,empirical_qrf,0.002235615692932009,0.001345030138054065,0.003188872592410723,,3768324934500513378,2025-12-16 15:33:46.777716
2025-12-16,24492,CHI,TOR,30005131,Ryan Mast,goals,rf_qrf_goals,0.3.0,empirical_qrf,0.002235615692932009,0.001345030138054065,0.003188872592410723,,3768324934500513378,2025-12-16 15:33:46.777716
2025-12-16,24492,CHI,TOR,30005163,Ethan Del Mastro,goals,rf_qrf_goals,0.3.0,empirical_qrf,0.0,0.0,0.0,,3768324934500513378,2025-12-16 15:33:46.777716
2025-12-16,24492,CHI,TOR,30005632,Kevin Korchinski,goals,rf_qrf_goals,0.3.0,empirical_qrf,0.010975533517445428,0.0,0.02534891269068485,,3768324934500513378,2025-12-16 15:33:46.777716
2025-12-16,24492,CHI,TOR,30005638,Frank Nazar,goals,rf_qrf_goals,0.3.0,empirical_qrf,0.016499999999999997,0.0,0.0,,3768324934500513378,2025-12-16 15:33:46.777716
2025-12-16,24492,CHI,TOR,30004650,Louis Crevier,goals,rf_qrf_goals,0.3.0,empirical_qrf,0.010975533517445428,0.0,0.02534891269068485,,3768324934500513378,2025-12-16 15:33:46.777716
2025-12-16,24492,CHI,TOR,30004830,Drew Commesso,goals,rf_qrf_goals,0.3.0,empirical_qrf,0.002235615692932009,0.001345030138054065,0.003188872592410723,,3768324934500513378,2025-12-16 15:33:46.777716
2025-12-16,24492,CHI,TOR,30004850,Wyatt Kaiser,goals,rf_qrf_goals,0.3.0,empirical_qrf,0.003926587301587302,0.0,0.0,,3768324934500513378,2025-12-16 15:33:46.777716
2025-12-16,24492,CHI,TOR,30004946,Jackson Cates,goals,rf_qrf_goals,0.3.0,empirical_qrf,0.002235615692932009,0.001345030138054065,0.003188872592410723,,3768324934500513378,2025-12-16 15:33:46.777716
2025-12-16,24492,CHI,TOR,30004965,Arvid Soderblom,goals,rf_qrf_goals,0.3.0,empirical_qrf,0.002235615692932009,0.001345030138054065,0.003188872592410723,,3768324934500513378,2025-12-16 15:33:46.777716
2025-12-16,24492,CHI,TOR,30005003,Nolan Allan,goals,rf_qrf_goals,0.3.0,empirical_qrf,0.006070454412932454,0.0,0.013614760972882306,,3768324934500513378,2025-12-16 15:33:46.777716
2025-12-16,24492,CHI,TOR,30003751,Dominic Toninato,goals,rf_qrf_goals,0.3.0,empirical_qrf,0.0,0.0,0.0,,3768324934500513378,2025-12-16 15:33:46.777716
2025-12-16,24492,CHI,TOR,30003996,Sam Lafferty,goals,rf_qrf_goals,0.3.0,empirical_qrf,0.0,0.0,0.0,,3768324934500513378,2025-12-16 15:33:46.777716
2025-12-16,24492,CHI,TOR,30004000,Brett Seney,goals,rf_qrf_goals,0.3.0,empirical_qrf,0.013504619550034234,0.004422829519316986,0.024050074321813456,,3768324934500513378,2025-12-16 15:33:46.777716
2025-12-16,24492,CHI,TOR,30004442,Ilya Mikheyev,goals,rf_qrf_goals,0.3.0,empirical_qrf,0.0,0.0,0.0,,3768324934500513378,2025-12-16 15:33:46.777716
2025-12-16,24492,CHI,TOR,30004494,Spencer Knight,goals,rf_qrf_goals,0.3.0,empirical_qrf,0.002235615692932009,0.001345030138054065,0.003188872592410723,,3768324934500513378,2025-12-16 15:33:46.777716
2025-12-16,24492,CHI,TOR,30004507,Alex Vlasic,goals,rf_qrf_goals,0.3.0,empirical_qrf,0.0,0.0,0.0,,3768324934500513378,2025-12-16 15:33:46.777716
2025-12-16,24492,CHI,TOR,30001219,Connor Murphy,goals,rf_qrf_goals,0.3.0,empirical_qrf,0.0,0.0,0.0,,3768324934500513378,2025-12-16 15:33:46.777716
2025-12-16,24492,CHI,TOR,30002212,Cavan Fitzgerald,goals,rf_qrf_goals,0.3.0,empirical_qrf,0.002235615692932009,0.001345030138054065,0.003188872592410723,,3768324934500513378,2025-12-16 15:33:46.777716
2025-12-16,24492,CHI,TOR,30002539,Matt Grzelcyk,goals,rf_qrf_goals,0.3.0,empirical_qrf,0.0,0.0,0.0,,3768324934500513378,2025-12-16 15:33:46.777716
2025-12-16,24492,CHI,TOR,30002588,Ryan Donato,goals,rf_qrf_goals,0.3.0,empirical_qrf,0.0,0.0,0.0,,3768324934500513378,2025-12-16 15:33:46.777716
2025-12-16,24492,CHI,TOR,30003209,Joey Anderson,goals,rf_qrf_goals,0.3.0,empirical_qrf,0.002235615692932009,0.001345030138054065,0.003188872592410723,,3768324934500513378,2025-12-16 15:33:46.777716
2025-12-16,24492,CHI,TOR,30003558,Josh Healey,goals,rf_qrf_goals,0.3.0,empirical_qrf,0.013504619550034234,0.004422829519316986,0.024050074321813456,,3768324934500513378,2025-12-16 15:33:46.777716
2025-12-16,24493,ANA,CBJ,30000269,Radko Gudas,goals,rf_qrf_goals,0.3.0,empirical_qrf,0.0,0.0,0.0,,3768324934500513378,2025-12-16 15:33:46.777716
2025-12-16,24493,ANA,CBJ,30000320,Chris Kreider,goals,rf_qrf_goals,0.3.0,empirical_qrf,0.006178469678469678,0.0,0.0,,3768324934500513378,2025-12-16 15:33:46.777716
2025-12-16,24493,ANA,CBJ,30000509,Justin Bailey,goals,rf_qrf_goals,0.3.0,empirical_qrf,0.0,0.0,0.0,,3768324934500513378,2025-12-16 15:33:46.777716
2025-12-16,24493,ANA,CBJ,30000515,Mikael Granlund,goals,rf_qrf_goals,0.3.0,empirical_qrf,0.003926587301587302,0.0,0.0,,3768324934500513378,2025-12-16 15:33:46.777716
2025-12-16,24493,ANA,CBJ,30000609,Frank Vatrano,goals,rf_qrf_goals,0.3.0,empirical_qrf,0.0,0.0,0.0,,3768324934500513378,2025-12-16 15:33:46.777716
2025-12-16,24493,ANA,CBJ,30000739,Alex Killorn,goals,rf_qrf_goals,0.3.0,empirical_qrf,0.00576903597227035,0.0,0.013253863134657838,,3768324934500513378,2025-12-16 15:33:46.777716
2025-12-16,24493,CBJ,ANA,30005733,Roman Ahcan,goals,rf_qrf_goals,0.3.0,empirical_qrf,0.013504619550034234,0.004422829519316986,0.024050074321813456,,3768324934500513378,2025-12-16 15:33:46.777716
2025-12-16,24493,CBJ,ANA,30005736,Nolan Lalonde,goals,rf_qrf_goals,0.3.0,empirical_qrf,0.002235615692932009,0.001345030138054065,0.003188872592410723,,3768324934500513378,2025-12-16 15:33:46.777716
2025-12-16,24493,CBJ,ANA,30006022,Justin Pearson,goals,rf_qrf_goals,0.3.0,empirical_qrf,0.002235615692932009,0.001345030138054065,0.003188872592410723,,3768324934500513378,2025-12-16 15:33:46.777716
2025-12-16,24493,CBJ,ANA,30006026,Hunter McKown,goals,rf_qrf_goals,0.3.0,empirical_qrf,0.0,0.0,0.0,,3768324934500513378,2025-12-16 15:33:46.777716
2025-12-16,24493,CBJ,ANA,30006063,Adam Fantilli,goals,rf_qrf_goals,0.3.0,empirical_qrf,0.003055555555555555,0.0,0.0,,3768324934500513378,2025-12-16 15:33:46.777716
2025-12-16,24493,CBJ,ANA,30006337,Riley Bezeau,goals,rf_qrf_goals,0.3.0,empirical_qrf,0.013504619550034234,0.004422829519316986,0.024050074321813456,,3768324934500513378,2025-12-16 15:33:46.777716
2025-12-16,24493,CBJ,ANA,30005290,Max McCue,goals,rf_qrf_goals,0.3.0,empirical_qrf,0.00576903597227035,0.0,0.013253863134657838,,3768324934500513378,2025-12-16 15:33:46.777716
2025-12-16,24493,CBJ,ANA,30005355,Mikael Pyyhtia,goals,rf_qrf_goals,0.3.0,empirical_qrf,0.0,0.0,0.0,,3768324934500513378,2025-12-16 15:33:46.777716
2025-12-16,24493,CBJ,ANA,30005568,Owen Sillinger,goals,rf_qrf_goals,0.3.0,empirical_qrf,0.0,0.0,0.0,,3768324934500513378,2025-12-16 15:33:46.777716
2025-12-16,24493,CBJ,ANA,30005637,Denton Mateychuk,goals,rf_qrf_goals,0.3.0,empirical_qrf,0.00576903597227035,0.0,0.013253863134657838,,3768324934500513378,2025-12-16 15:33:46.777716
2025-12-16,24493,CBJ,ANA,30005664,Luca Del Bel Belluz,goals,rf_qrf_goals,0.3.0,empirical_qrf,0.0,0.0,0.0,,3768324934500513378,2025-12-16 15:33:46.777716
2025-12-16,24493,CBJ,ANA,30005699,Jordan Dumais,goals,rf_qrf_goals,0.3.0,empirical_qrf,0.002235615692932009,0.001345030138054065,0.003188872592410723,,3768324934500513378,2025-12-16 15:33:46.777716
2025-12-16,24493,CBJ,ANA,30004989,Kent Johnson,goals,rf_qrf_goals,0.3.0,empirical_qrf,0.001001984126984127,0.0,0.0,,3768324934500513378,2025-12-16 15:33:46.777716
2025-12-16,24493,CBJ,ANA,30005002,Corson Ceulemans,goals,rf_qrf_goals,0.3.0,empirical_qrf,0.0,0.0,0.0,,3768324934500513378,2025-12-16 15:33:46.777716
2025-12-16,24493,CBJ,ANA,30005049,Jet Greaves,goals,rf_qrf_goals,0.3.0,empirical_qrf,0.002235615692932009,0.001345030138054065,0.003188872592410723,,3768324934500513378,2025-12-16 15:33:46.777716
2025-12-16,24493,CBJ,ANA,30005050,Stanislov Svozil,goals,rf_qrf_goals,0.3.0,empirical_qrf,0.0,0.0,0.0,,3768324934500513378,2025-12-16 15:33:46.777716
2025-12-16,24493,CBJ,ANA,30005053,Ole Julian Bjorgvik-Holm,goals,rf_qrf_goals,0.3.0,empirical_qrf,0.002235615692932009,0.001345030138054065,0.003188872592410723,,3768324934500513378,2025-12-16 15:33:46.777716
2025-12-16,24493,CBJ,ANA,30005088,James Malatesta,goals,rf_qrf_goals,0.3.0,empirical_qrf,0.0,0.0,0.0,,3768324934500513378,2025-12-16 15:33:46.777716
2025-12-16,24493,CBJ,ANA,30004135,Kirill Marchenko,goals,rf_qrf_goals,0.3.0,empirical_qrf,0.0007142857142857143,0.0,0.0,,3768324934500513378,2025-12-16 15:33:46.777716
2025-12-16,24493,CBJ,ANA,30004172,Curtis Hall,goals,rf_qrf_goals,0.3.0,empirical_qrf,0.002235615692932009,0.001345030138054065,0.003188872592410723,,3768324934500513378,2025-12-16 15:33:46.777716
2025-12-16,24493,CBJ,ANA,30004306,Jake Christiansen,goals,rf_qrf_goals,0.3.0,empirical_qrf,0.0,0.0,0.0,,3768324934500513378,2025-12-16 15:33:46.777716
2025-12-16,24493,CBJ,ANA,30004607,Dmitri Voronkov,goals,rf_qrf_goals,0.3.0,empirical_qrf,0.0,0.0,0.0,,3768324934500513378,2025-12-16 15:33:46.777716
2025-12-16,24493,CBJ,ANA,30004799,Yegor Chinakhov,goals,rf_qrf_goals,0.3.0,empirical_qrf,0.0,0.0,0.0,,3768324934500513378,2025-12-16 15:33:46.777716
2025-12-16,24493,CBJ,ANA,30004988,Cole Sillinger,goals,rf_qrf_goals,0.3.0,empirical_qrf,0.00011904761904761905,0.0,0.0,,3768324934500513378,2025-12-16 15:33:46.777716
2025-12-16,24493,CBJ,ANA,30003079,Miles Wood,goals,rf_qrf_goals,0.3.0,empirical_qrf,0.00018518518518518518,0.0,0.0,,3768324934500513378,2025-12-16 15:33:46.777716
2025-12-16,24493,CBJ,ANA,30003146,Dante Fabbro,goals,rf_qrf_goals,0.3.0,empirical_qrf,0.04049801587301587,0.0,0.0,,3768324934500513378,2025-12-16 15:33:46.777716
2025-12-16,24493,CBJ,ANA,30003267,Mathieu Olivier,goals,rf_qrf_goals,0.3.0,empirical_qrf,0.032,0.0,0.0,,3768324934500513378,2025-12-16 15:33:46.777716
2025-12-16,24493,CBJ,ANA,30003269,Zach Sawchenko,goals,rf_qrf_goals,0.3.0,empirical_qrf,0.002235615692932009,0.001345030138054065,0.003188872592410723,,3768324934500513378,2025-12-16 15:33:46.777716
2025-12-16,24493,CBJ,ANA,30003549,Zachary Aston-Reese,goals,rf_qrf_goals,0.3.0,empirical_qrf,0.002441787757478996,0.0,0.0052425458635965965,,3768324934500513378,2025-12-16 15:33:46.777716
2025-12-16,24493,CBJ,ANA,30004097,Isac Lundestrom,goals,rf_qrf_goals,0.3.0,empirical_qrf,0.00576903597227035,0.0,0.013253863134657838,,3768324934500513378,2025-12-16 15:33:46.777716
2025-12-16,24493,CBJ,ANA,30000855,Brendan Smith,goals,rf_qrf_goals,0.3.0,empirical_qrf,0.010975533517445428,0.0,0.02534891269068485,,3768324934500513378,2025-12-16 15:33:46.777716
2025-12-16,24493,CBJ,ANA,30001196,Brendan Gaunce,goals,rf_qrf_goals,0.3.0,empirical_qrf,0.0,0.0,0.0,,3768324934500513378,2025-12-16 15:33:46.777716
2025-12-16,24493,CBJ,ANA,30002554,Hudson Fasching,goals,rf_qrf_goals,0.3.0,empirical_qrf,0.0,0.0,0.0,,3768324934500513378,2025-12-16 15:33:46.777716
2025-12-16,24493,CBJ,ANA,30002593,Dysin Mayo,goals,rf_qrf_goals,0.3.0,empirical_qrf,0.0,0.0,0.0,,3768324934500513378,2025-12-16 15:33:46.777716
2025-12-16,24493,CBJ,ANA,30002616,Elvis Merzlikins,goals,rf_qrf_goals,0.3.0,empirical_qrf,0.002235615692932009,0.001345030138054065,0.003188872592410723,,3768324934500513378,2025-12-16 15:33:46.777716
2025-12-16,24493,CBJ,ANA,30002770,Zach Werenski,goals,rf_qrf_goals,0.3.0,empirical_qrf,0.0581031746031746,0.0,0.2857142857142857,,3768324934500513378,2025-12-16 15:33:46.777716
2025-12-16,24493,CBJ,ANA,30000115,Sean Monahan,goals,rf_qrf_goals,0.3.0,empirical_qrf,0.0,0.0,0.0,,3768324934500513378,2025-12-16 15:33:46.777716
2025-12-16,24493,CBJ,ANA,30000207,Damon Severson,goals,rf_qrf_goals,0.3.0,empirical_qrf,0.0,0.0,0.0,,3768324934500513378,2025-12-16 15:33:46.777716
2025-12-16,24493,CBJ,ANA,30000233,Erik Gudbranson,goals,rf_qrf_goals,0.3.0,empirical_qrf,0.0,0.0,0.0,,3768324934500513378,2025-12-16 15:33:46.777716
2025-12-16,24493,CBJ,ANA,30000623,Ivan Provorov,goals,rf_qrf_goals,0.3.0,empirical_qrf,0.0,0.0,0.0,,3768324934500513378,2025-12-16 15:33:46.777716
2025-12-16,24493,CBJ,ANA,30000778,Boone Jenner,goals,rf_qrf_goals,0.3.0,empirical_qrf,0.0,0.0,0.0,,3768324934500513378,2025-12-16 15:33:46.777716
2025-12-16,24493,CBJ,ANA,30000805,Charlie Coyle,goals,rf_qrf_goals,0.3.0,empirical_qrf,0.0,0.0,0.0,,3768324934500513378,2025-12-16 15:33:46.777716
2025-12-16,24493,ANA,CBJ,30006129,Coulson Pitre,goals,rf_qrf_goals,0.3.0,empirical_qrf,0.0,0.0,0.0,,3768324934500513378,2025-12-16 15:33:46.777716
2025-12-16,24493,ANA,CBJ,30006161,Yegor Sidorov,goals,rf_qrf_goals,0.3.0,empirical_qrf,0.0,0.0,0.0,,3768324934500513378,2025-12-16 15:33:46.777716
2025-12-16,24493,ANA,CBJ,30006162,Konnor Smith,goals,rf_qrf_goals,0.3.0,empirical_qrf,0.002235615692932009,0.001345030138054065,0.003188872592410723,,3768324934500513378,2025-12-16 15:33:46.777716
2025-12-16,24493,ANA,CBJ,30006310,Roman Kinal,goals,rf_qrf_goals,0.3.0,empirical_qrf,0.021194476009130454,0.0,0.04878048780487805,,3768324934500513378,2025-12-16 15:33:46.777716
2025-12-16,24493,ANA,CBJ,30006353,Easton Armstrong,goals,rf_qrf_goals,0.3.0,empirical_qrf,0.002235615692932009,0.001345030138054065,0.003188872592410723,,3768324934500513378,2025-12-16 15:33:46.777716
2025-12-16,24493,ANA,CBJ,30006483,Beckett Sennecke,goals,rf_qrf_goals,0.3.0,empirical_qrf,0.01760714285714286,0.0,0.0,,3768324934500513378,2025-12-16 15:33:46.777716
2025-12-16,24493,ANA,CBJ,30005678,Tristan Luneau,goals,rf_qrf_goals,0.3.0,empirical_qrf,0.0,0.0,0.0,,3768324934500513378,2025-12-16 15:33:46.777716
2025-12-16,24493,ANA,CBJ,30005945,Tomas Suchanek,goals,rf_qrf_goals,0.3.0,empirical_qrf,0.002235615692932009,0.001345030138054065,0.003188872592410723,,3768324934500513378,2025-12-16 15:33:46.777716
2025-12-16,24493,ANA,CBJ,30006016,Jaxsen Wiebe,goals,rf_qrf_goals,0.3.0,empirical_qrf,0.002235615692932009,0.001345030138054065,0.003188872592410723,,3768324934500513378,2025-12-16 15:33:46.777716
2025-12-16,24493,ANA,CBJ,30006017,Nikita Nesterenko,goals,rf_qrf_goals,0.3.0,empirical_qrf,0.0,0.0,0.0,,3768324934500513378,2025-12-16 15:33:46.777716
2025-12-16,24493,ANA,CBJ,30006069,Leo Carlsson,goals,rf_qrf_goals,0.3.0,empirical_qrf,0.0,0.0,0.0,,3768324934500513378,2025-12-16 15:33:46.777716
2025-12-16,24493,ANA,CBJ,30006117,Nico Myatovic,goals,rf_qrf_goals,0.3.0,empirical_qrf,0.0,0.0,0.0,,3768324934500513378,2025-12-16 15:33:46.777716
2025-12-16,24493,ANA,CBJ,30005275,Tyson Hinds,goals,rf_qrf_goals,0.3.0,empirical_qrf,0.008443963443963443,0.0,0.0,,3768324934500513378,2025-12-16 15:33:46.777716
2025-12-16,24493,ANA,CBJ,30005285,Jeremie Biakabutuka,goals,rf_qrf_goals,0.3.0,empirical_qrf,0.002235615692932009,0.001345030138054065,0.003188872592410723,,3768324934500513378,2025-12-16 15:33:46.777716
2025-12-16,24493,ANA,CBJ,30005615,Pavel Mintyukov,goals,rf_qrf_goals,0.3.0,empirical_qrf,0.048412519453338125,0.0,0.11764705882352941,,3768324934500513378,2025-12-16 15:33:46.777716
2025-12-16,24493,ANA,CBJ,30005620,Cutter Gauthier,goals,rf_qrf_goals,0.3.0,empirical_qrf,0.0,0.0,0.0,,3768324934500513378,2025-12-16 15:33:46.777716
2025-12-16,24493,ANA,CBJ,30005643,Nathan Gaucher,goals,rf_qrf_goals,0.3.0,empirical_qrf,0.0,0.0,0.0,,3768324934500513378,2025-12-16 15:33:46.777716
2025-12-16,24493,ANA,CBJ,30005677,Noah Warren,goals,rf_qrf_goals,0.3.0,empirical_qrf,0.002441787757478996,0.0,0.0052425458635965965,,3768324934500513378,2025-12-16 15:33:46.777716
2025-12-16,24493,ANA,CBJ,30004829,Sam Colangelo,goals,rf_qrf_goals,0.3.0,empirical_qrf,0.00018518518518518518,0.0,0.0,,3768324934500513378,2025-12-16 15:33:46.777716
2025-12-16,24493,ANA,CBJ,30004861,Ian Moore,goals,rf_qrf_goals,0.3.0,empirical_qrf,0.0,0.0,0.0,,3768324934500513378,2025-12-16 15:33:46.777716
2025-12-16,24493,ANA,CBJ,30004997,Mason McTavish,goals,rf_qrf_goals,0.3.0,empirical_qrf,0.0,0.0,0.0,,3768324934500513378,2025-12-16 15:33:46.777716
2025-12-16,24493,ANA,CBJ,30005018,Olen Zellweger,goals,rf_qrf_goals,0.3.0,empirical_qrf,0.0,0.0,0.0,,3768324934500513378,2025-12-16 15:33:46.777716
2025-12-16,24493,ANA,CBJ,30005051,Sasha Pastujov,goals,rf_qrf_goals,0.3.0,empirical_qrf,0.0,0.0,0.0,,3768324934500513378,2025-12-16 15:33:46.777716
2025-12-16,24493,ANA,CBJ,30005095,Davis Codd,goals,rf_qrf_goals,0.3.0,empirical_qrf,0.0,0.0,0.0,,3768324934500513378,2025-12-16 15:33:46.777716
2025-12-16,24493,ANA,CBJ,30003948,David Cotton,goals,rf_qrf_goals,0.3.0,empirical_qrf,0.0018202614379084965,0.0,0.0,,3768324934500513378,2025-12-16 15:33:46.777716
2025-12-16,24493,ANA,CBJ,30004160,Lukas Dostal,goals,rf_qrf_goals,0.3.0,empirical_qrf,0.002235615692932009,0.001345030138054065,0.003188872592410723,,3768324934500513378,2025-12-16 15:33:46.777716
2025-12-16,24493,ANA,CBJ,30004512,Drew Helleson,goals,rf_qrf_goals,0.3.0,empirical_qrf,0.14388042975542975,0.0,0.3333333333333333,,3768324934500513378,2025-12-16 15:33:46.777716
2025-12-16,24493,ANA,CBJ,30004526,Jackson LaCombe,goals,rf_qrf_goals,0.3.0,empirical_qrf,0.0044444444444444444,0.0,0.0,,3768324934500513378,2025-12-16 15:33:46.777716
2025-12-16,24493,ANA,CBJ,30004550,Judd Caulfield,goals,rf_qrf_goals,0.3.0,empirical_qrf,0.002235615692932009,0.001345030138054065,0.003188872592410723,,3768324934500513378,2025-12-16 15:33:46.777716
2025-12-16,24493,ANA,CBJ,30004828,Calle Clang,goals,rf_qrf_goals,0.3.0,empirical_qrf,0.002235615692932009,0.001345030138054065,0.003188872592410723,,3768324934500513378,2025-12-16 15:33:46.777716
2025-12-16,24493,ANA,CBJ,30002773,Jansen Harkins,goals,rf_qrf_goals,0.3.0,empirical_qrf,0.002235615692932009,0.001345030138054065,0.003188872592410723,,3768324934500513378,2025-12-16 15:33:46.777716
2025-12-16,24493,ANA,CBJ,30002864,Nikolas Brouillard,goals,rf_qrf_goals,0.3.0,empirical_qrf,0.002235615692932009,0.001345030138054065,0.003188872592410723,,3768324934500513378,2025-12-16 15:33:46.777716
2025-12-16,24493,ANA,CBJ,30003197,Carsen Twarynski,goals,rf_qrf_goals,0.3.0,empirical_qrf,0.002235615692932009,0.001345030138054065,0.003188872592410723,,3768324934500513378,2025-12-16 15:33:46.777716
2025-12-16,24493,ANA,CBJ,30003475,Matthew Phillips,goals,rf_qrf_goals,0.3.0,empirical_qrf,0.01537121212121212,0.0,0.0,,3768324934500513378,2025-12-16 15:33:46.777716
2025-12-16,24493,ANA,CBJ,30003650,Ryan Poehling,goals,rf_qrf_goals,0.3.0,empirical_qrf,0.0,0.0,0.0,,3768324934500513378,2025-12-16 15:33:46.777716
2025-12-16,24493,ANA,CBJ,30003747,Troy Terry,goals,rf_qrf_goals,0.3.0,empirical_qrf,0.0,0.0,0.0,,3768324934500513378,2025-12-16 15:33:46.777716
2025-12-16,24493,ANA,CBJ,30000834,Jacob Trouba,goals,rf_qrf_goals,0.3.0,empirical_qrf,0.00576903597227035,0.0,0.013253863134657838,,3768324934500513378,2025-12-16 15:33:46.777716
2025-12-16,24493,ANA,CBJ,30000998,Ross Johnston,goals,rf_qrf_goals,0.3.0,empirical_qrf,0.0,0.0,0.0,,3768324934500513378,2025-12-16 15:33:46.777716
2025-12-16,24493,ANA,CBJ,30001005,Ryan Strome,goals,rf_qrf_goals,0.3.0,empirical_qrf,0.001001984126984127,0.0,0.0,,3768324934500513378,2025-12-16 15:33:46.777716
2025-12-16,24493,ANA,CBJ,30001009,Petr Mrazek,goals,rf_qrf_goals,0.3.0,empirical_qrf,0.002235615692932009,0.001345030138054065,0.003188872592410723,,3768324934500513378,2025-12-16 15:33:46.777716
2025-12-16,24493,ANA,CBJ,30002528,Tyrell Goulbourne,goals,rf_qrf_goals,0.3.0,empirical_qrf,0.002235615692932009,0.001345030138054065,0.003188872592410723,,3768324934500513378,2025-12-16 15:33:46.777716
2025-12-16,24493,ANA,CBJ,30002760,Ville Husso,goals,rf_qrf_goals,0.3.0,empirical_qrf,0.002235615692932009,0.001345030138054065,0.003188872592410723,,3768324934500513378,2025-12-16 15:33:46.777716
2025-12-16,24494,EDM,PIT,30000180,Josh Brown,goals,rf_qrf_goals,0.3.0,empirical_qrf,0.0,0.0,0.0,,3768324934500513378,2025-12-16 15:33:46.777716
2025-12-16,24494,EDM,PIT,30000250,Mattias Ekholm,goals,rf_qrf_goals,0.3.0,empirical_qrf,0.0,0.0,0.0,,3768324934500513378,2025-12-16 15:33:46.777716
2025-12-16,24494,EDM,PIT,30000440,Zach Hyman,goals,rf_qrf_goals,0.3.0,empirical_qrf,0.002235615692932009,0.001345030138054065,0.003188872592410723,,3768324934500513378,2025-12-16 15:33:46.777716
2025-12-16,24494,EDM,PIT,30000443,Kasperi Kapanen,goals,rf_qrf_goals,0.3.0,empirical_qrf,0.01638519650284356,0.0,0.0,,3768324934500513378,2025-12-16 15:33:46.777716
2025-12-16,24494,EDM,PIT,30000540,Ryan Nugent-Hopkins,goals,rf_qrf_goals,0.3.0,empirical_qrf,0.0,0.0,0.0,,3768324934500513378,2025-12-16 15:33:46.777716
2025-12-16,24494,EDM,PIT,30000549,Darnell Nurse,goals,rf_qrf_goals,0.3.0,empirical_qrf,0.0,0.0,0.0,,3768324934500513378,2025-12-16 15:33:46.777716
2025-12-16,24494,EDM,PIT,30003345,Riley Stillman,goals,rf_qrf_goals,0.3.0,empirical_qrf,0.0,0.0,0.0,,3768324934500513378,2025-12-16 15:33:46.777716
2025-12-16,24494,EDM,PIT,30004370,Spencer Stastney,goals,rf_qrf_goals,0.3.0,empirical_qrf,0.0,0.0,0.0,,3768324934500513378,2025-12-16 15:33:46.777716
2025-12-16,24494,PIT,EDM,30000806,Matt Dumba,goals,rf_qrf_goals,0.3.0,empirical_qrf,0.0,0.0,0.0,,3768324934500513378,2025-12-16 15:33:46.777716
2025-12-16,24494,EDM,PIT,30006848,Quinn Hutson,goals,rf_qrf_goals,0.3.0,empirical_qrf,0.0,0.0,0.0,,3768324934500513378,2025-12-16 15:33:46.777716
2025-12-16,24494,PIT,EDM,30006137,Emil Pieniniemi,goals,rf_qrf_goals,0.3.0,empirical_qrf,0.0,0.0,0.0,,3768324934500513378,2025-12-16 15:33:46.777716
2025-12-16,24494,PIT,EDM,30006354,Jaxon Castor,goals,rf_qrf_goals,0.3.0,empirical_qrf,0.002235615692932009,0.001345030138054065,0.003188872592410723,,3768324934500513378,2025-12-16 15:33:46.777716
2025-12-16,24494,PIT,EDM,30006363,Finn Harding,goals,rf_qrf_goals,0.3.0,empirical_qrf,0.002235615692932009,0.001345030138054065,0.003188872592410723,,3768324934500513378,2025-12-16 15:33:46.777716
2025-12-16,24494,PIT,EDM,30006867,Benjamin Kindel,goals,rf_qrf_goals,0.3.0,empirical_qrf,0.0,0.0,0.0,,3768324934500513378,2025-12-16 15:33:46.777716
2025-12-16,24494,PIT,EDM,30003586,Joona Koppanen,goals,rf_qrf_goals,0.3.0,empirical_qrf,0.011324942396150933,0.0,0.028169014084507043,,3768324934500513378,2025-12-16 15:33:46.777716
2025-12-16,24494,EDM,PIT,30003142,Max Jones,goals,rf_qrf_goals,0.3.0,empirical_qrf,0.0,0.0,0.0,,3768324934500513378,2025-12-16 15:33:46.777716
2025-12-16,24494,PIT,EDM,30005330,Callahan Burke,goals,rf_qrf_goals,0.3.0,empirical_qrf,0.002235615692932009,0.001345030138054065,0.003188872592410723,,3768324934500513378,2025-12-16 15:33:46.777716
2025-12-16,24494,PIT,EDM,30005403,Jack St. Ivany,goals,rf_qrf_goals,0.3.0,empirical_qrf,0.010975533517445428,0.0,0.02534891269068485,,3768324934500513378,2025-12-16 15:33:46.777716
2025-12-16,24494,PIT,EDM,30005511,Aidan McDonough,goals,rf_qrf_goals,0.3.0,empirical_qrf,0.00576903597227035,0.0,0.013253863134657838,,3768324934500513378,2025-12-16 15:33:46.777716
2025-12-16,24494,PIT,EDM,30005623,Rutger McGroarty,goals,rf_qrf_goals,0.3.0,empirical_qrf,0.0,0.0,0.0,,3768324934500513378,2025-12-16 15:33:46.777716
2025-12-16,24494,PIT,EDM,30005635,Owen Pickering,goals,rf_qrf_goals,0.3.0,empirical_qrf,0.011324942396150933,0.0,0.028169014084507043,,3768324934500513378,2025-12-16 15:33:46.777716
2025-12-16,24494,PIT,EDM,30005966,Avery Hayes,goals,rf_qrf_goals,0.3.0,empirical_qrf,0.0,0.0,0.0,,3768324934500513378,2025-12-16 15:33:46.777716
2025-12-16,24494,PIT,EDM,30004918,Philip Kemp,goals,rf_qrf_goals,0.3.0,empirical_qrf,0.0,0.0,0.0,,3768324934500513378,2025-12-16 15:33:46.777716
2025-12-16,24494,PIT,EDM,30004960,Valtteri Puustinen,goals,rf_qrf_goals,0.3.0,empirical_qrf,0.0,0.0,0.0,,3768324934500513378,2025-12-16 15:33:46.777716
2025-12-16,24494,PIT,EDM,30005027,Ville Koivunen,goals,rf_qrf_goals,0.3.0,empirical_qrf,0.0001282051282051282,0.0,0.0,,3768324934500513378,2025-12-16 15:33:46.777716
2025-12-16,24494,PIT,EDM,30005066,Raivis Ansons,goals,rf_qrf_goals,0.3.0,empirical_qrf,0.002235615692932009,0.001345030138054065,0.003188872592410723,,3768324934500513378,2025-12-16 15:33:46.777716
2025-12-16,24494,PIT,EDM,30005197,Taylor Gauthier,goals,rf_qrf_goals,0.3.0,empirical_qrf,0.002235615692932009,0.001345030138054065,0.003188872592410723,,3768324934500513378,2025-12-16 15:33:46.777716
2025-12-16,24494,PIT,EDM,30005267,William Dufour,goals,rf_qrf_goals,0.3.0,empirical_qrf,0.0,0.0,0.0,,3768324934500513378,2025-12-16 15:33:46.777716
2025-12-16,24494,PIT,EDM,30004423,Blake Lizotte,goals,rf_qrf_goals,0.3.0,empirical_qrf,0.0,0.0,0.0,,3768324934500513378,2025-12-16 15:33:46.777716
2025-12-16,24494,PIT,EDM,30004488,Philip Tomasino,goals,rf_qrf_goals,0.3.0,empirical_qrf,0.0,0.0,0.0,,3768324934500513378,2025-12-16 15:33:46.777716
2025-12-16,24494,EDM,PIT,30004490,Sam Poulin,goals,rf_qrf_goals,0.3.0,empirical_qrf,0.00576903597227035,0.0,0.013253863134657838,,3768324934500513378,2025-12-16 15:33:46.777716
2025-12-16,24494,PIT,EDM,30004609,Arturs Silovs,goals,rf_qrf_goals,0.3.0,empirical_qrf,0.002235615692932009,0.001345030138054065,0.003188872592410723,,3768324934500513378,2025-12-16 15:33:46.777716
2025-12-16,24494,PIT,EDM,30004788,Ryan Shea,goals,rf_qrf_goals,0.3.0,empirical_qrf,0.0,0.0,0.0,,3768324934500513378,2025-12-16 15:33:46.777716
2025-12-16,24494,PIT,EDM,30004825,Joel Blomqvist,goals,rf_qrf_goals,0.3.0,empirical_qrf,0.002235615692932009,0.001345030138054065,0.003188872592410723,,3768324934500513378,2025-12-16 15:33:46.777716
2025-12-16,24494,PIT,EDM,30003099,Parker Wotherspoon,goals,rf_qrf_goals,0.3.0,empirical_qrf,0.0,0.0,0.0,,3768324934500513378,2025-12-16 15:33:46.777716
2025-12-16,24494,PIT,EDM,30003391,Justin Brazeau,goals,rf_qrf_goals,0.3.0,empirical_qrf,0.0,0.0,0.0,,3768324934500513378,2025-12-16 15:33:46.777716
2025-12-16,24494,PIT,EDM,30003739,Sebastian Aho,goals,rf_qrf_goals,0.3.0,empirical_qrf,0.002441787757478996,0.0,0.0052425458635965965,,3768324934500513378,2025-12-16 15:33:46.777716
2025-12-16,24494,PIT,EDM,30003893,Connor Clifton,goals,rf_qrf_goals,0.3.0,empirical_qrf,0.0,0.0,0.0,,3768324934500513378,2025-12-16 15:33:46.777716
2025-12-16,24494,PIT,EDM,30004100,Alexander Alexeyev,goals,rf_qrf_goals,0.3.0,empirical_qrf,0.0,0.0,0.0,,3768324934500513378,2025-12-16 15:33:46.777716
2025-12-16,24494,PIT,EDM,30004181,Connor Dewar,goals,rf_qrf_goals,0.3.0,empirical_qrf,0.00011904761904761905,0.0,0.0,,3768324934500513378,2025-12-16 15:33:46.777716
2025-12-16,24494,PIT,EDM,30001100,Bryan Rust,goals,rf_qrf_goals,0.3.0,empirical_qrf,0.0003333333333333334,0.0,0.0,,3768324934500513378,2025-12-16 15:33:46.777716
2025-12-16,24494,PIT,EDM,30001235,Noel Acciari,goals,rf_qrf_goals,0.3.0,empirical_qrf,0.0,0.0,0.0,,3768324934500513378,2025-12-16 15:33:46.777716
2025-12-16,24494,PIT,EDM,30002631,Danton Heinen,goals,rf_qrf_goals,0.3.0,empirical_qrf,0.0,0.0,0.0,,3768324934500513378,2025-12-16 15:33:46.777716
2025-12-16,24494,PIT,EDM,30002778,Tommy Novak,goals,rf_qrf_goals,0.3.0,empirical_qrf,0.0,0.0,0.0,,3768324934500513378,2025-12-16 15:33:46.777716
2025-12-16,24494,PIT,EDM,30002874,Caleb Jones,goals,rf_qrf_goals,0.3.0,empirical_qrf,0.0,0.0,0.0,,3768324934500513378,2025-12-16 15:33:46.777716
2025-12-16,24494,PIT,EDM,30003030,Bokondji Imama,goals,rf_qrf_goals,0.3.0,empirical_qrf,0.002235615692932009,0.001345030138054065,0.003188872592410723,,3768324934500513378,2025-12-16 15:33:46.777716
2025-12-16,24494,PIT,EDM,30000615,Kevin Hayes,goals,rf_qrf_goals,0.3.0,empirical_qrf,0.0053439153439153435,0.0,0.0,,3768324934500513378,2025-12-16 15:33:46.777716
2025-12-16,24494,PIT,EDM,30000651,Sidney Crosby,goals,rf_qrf_goals,0.3.0,empirical_qrf,0.004436507936507936,0.0,0.0,,3768324934500513378,2025-12-16 15:33:46.777716
2025-12-16,24494,PIT,EDM,30000658,Kris Letang,goals,rf_qrf_goals,0.3.0,empirical_qrf,0.0,0.0,0.0,,3768324934500513378,2025-12-16 15:33:46.777716
2025-12-16,24494,PIT,EDM,30000660,Evgeni Malkin,goals,rf_qrf_goals,0.3.0,empirical_qrf,0.0,0.0,0.0,,3768324934500513378,2025-12-16 15:33:46.777716
2025-12-16,24494,PIT,EDM,30000848,Anthony Mantha,goals,rf_qrf_goals,0.3.0,empirical_qrf,0.0,0.0,0.0,,3768324934500513378,2025-12-16 15:33:46.777716
2025-12-16,24494,PIT,EDM,30000888,Rickard Rakell,goals,rf_qrf_goals,0.3.0,empirical_qrf,0.0,0.0,0.0,,3768324934500513378,2025-12-16 15:33:46.777716
2025-12-16,24494,EDM,PIT,30006327,Matt Brown,goals,rf_qrf_goals,0.3.0,empirical_qrf,0.002235615692932009,0.001345030138054065,0.003188872592410723,,3768324934500513378,2025-12-16 15:33:46.777716
2025-12-16,24494,EDM,PIT,30006393,Connor Clattenburg,goals,rf_qrf_goals,0.3.0,empirical_qrf,0.0,0.0,0.0,,3768324934500513378,2025-12-16 15:33:46.777716
2025-12-16,24494,EDM,PIT,30006846,David Tomasek,goals,rf_qrf_goals,0.3.0,empirical_qrf,0.0,0.0,0.0,,3768324934500513378,2025-12-16 15:33:46.777716
2025-12-16,24494,EDM,PIT,30000392,Tristan Jarry,goals,rf_qrf_goals,0.3.0,empirical_qrf,0.002235615692932009,0.001345030138054065,0.003188872592410723,,3768324934500513378,2025-12-16 15:33:46.777716
2025-12-16,24494,PIT,EDM,30000445,Erik Karlsson,goals,rf_qrf_goals,0.3.0,empirical_qrf,0.016372354497354497,0.0,0.0,,3768324934500513378,2025-12-16 15:33:46.777716
2025-12-16,24494,PIT,EDM,30000613,Ryan Graves,goals,rf_qrf_goals,0.3.0,empirical_qrf,0.0,0.0,0.0,,3768324934500513378,2025-12-16 15:33:46.777716
2025-12-16,24494,EDM,PIT,30005185,Jayden Grubbe,goals,rf_qrf_goals,0.3.0,empirical_qrf,0.013504619550034234,0.004422829519316986,0.024050074321813456,,3768324934500513378,2025-12-16 15:33:46.777716
2025-12-16,24494,EDM,PIT,30005633,Matt Savoie,goals,rf_qrf_goals,0.3.0,empirical_qrf,0.00018518518518518518,0.0,0.0,,3768324934500513378,2025-12-16 15:33:46.777716
2025-12-16,24494,EDM,PIT,30005731,Mats Lindgren,goals,rf_qrf_goals,0.3.0,empirical_qrf,0.002235615692932009,0.001345030138054065,0.003188872592410723,,3768324934500513378,2025-12-16 15:33:46.777716
2025-12-16,24494,EDM,PIT,30005931,Brady Stonehouse,goals,rf_qrf_goals,0.3.0,empirical_qrf,0.002235615692932009,0.001345030138054065,0.003188872592410723,,3768324934500513378,2025-12-16 15:33:46.777716
2025-12-16,24494,EDM,PIT,30006112,Beau Akey,goals,rf_qrf_goals,0.3.0,empirical_qrf,0.006070454412932454,0.0,0.013614760972882306,,3768324934500513378,2025-12-16 15:33:46.777716
2025-12-16,24494,EDM,PIT,30006225,Nathaniel Day,goals,rf_qrf_goals,0.3.0,empirical_qrf,0.002235615692932009,0.001345030138054065,0.003188872592410723,,3768324934500513378,2025-12-16 15:33:46.777716
2025-12-16,24494,EDM,PIT,30004165,Ty Emberson,goals,rf_qrf_goals,0.3.0,empirical_qrf,0.0,0.0,0.0,,3768324934500513378,2025-12-16 15:33:46.777716
2025-12-16,24494,EDM,PIT,30004476,Vasily Podkolzin,goals,rf_qrf_goals,0.3.0,empirical_qrf,0.0001666666666666667,0.0,0.0,,3768324934500513378,2025-12-16 15:33:46.777716
2025-12-16,24494,EDM,PIT,30004625,Mason Millman,goals,rf_qrf_goals,0.3.0,empirical_qrf,0.09789946329497552,0.0,0.18766891891891896,,3768324934500513378,2025-12-16 15:33:46.777716
2025-12-16,24494,EDM,PIT,30004871,Luke Prokop,goals,rf_qrf_goals,0.3.0,empirical_qrf,0.013504619550034234,0.004422829519316986,0.024050074321813456,,3768324934500513378,2025-12-16 15:33:46.777716
2025-12-16,24494,EDM,PIT,30005174,Matvey Petrov,goals,rf_qrf_goals,0.3.0,empirical_qrf,0.002235615692932009,0.001345030138054065,0.003188872592410723,,3768324934500513378,2025-12-16 15:33:46.777716
2025-12-16,24494,EDM,PIT,30005177,James Hamblin,goals,rf_qrf_goals,0.3.0,empirical_qrf,0.0,0.0,0.0,,3768324934500513378,2025-12-16 15:33:46.777716
2025-12-16,24494,EDM,PIT,30003157,Trent Frederic,goals,rf_qrf_goals,0.3.0,empirical_qrf,0.0,0.0,0.0,,3768324934500513378,2025-12-16 15:33:46.777716
2025-12-16,24494,EDM,PIT,30003211,Rem Pitlick,goals,rf_qrf_goals,0.3.0,empirical_qrf,0.002235615692932009,0.001345030138054065,0.003188872592410723,,3768324934500513378,2025-12-16 15:33:46.777716
2025-12-16,24494,PIT,EDM,30003729,Stuart Skinner,goals,rf_qrf_goals,0.3.0,empirical_qrf,0.002235615692932009,0.001345030138054065,0.003188872592410723,,3768324934500513378,2025-12-16 15:33:46.777716
2025-12-16,24494,EDM,PIT,30003770,Matt Tomkins,goals,rf_qrf_goals,0.3.0,empirical_qrf,0.002235615692932009,0.001345030138054065,0.003188872592410723,,3768324934500513378,2025-12-16 15:33:46.777716
2025-12-16,24494,EDM,PIT,30004081,Evan Bouchard,goals,rf_qrf_goals,0.3.0,empirical_qrf,0.0006944444444444444,0.0,0.0,,3768324934500513378,2025-12-16 15:33:46.777716
2025-12-16,24494,EDM,PIT,30004156,Alec Regula,goals,rf_qrf_goals,0.3.0,empirical_qrf,0.013504619550034234,0.004422829519316986,0.024050074321813456,,3768324934500513378,2025-12-16 15:33:46.777716
2025-12-16,24494,EDM,PIT,30001304,Calvin Pickard,goals,rf_qrf_goals,0.3.0,empirical_qrf,0.002235615692932009,0.001345030138054065,0.003188872592410723,,3768324934500513378,2025-12-16 15:33:46.777716
2025-12-16,24494,EDM,PIT,30001368,Seth Griffith,goals,rf_qrf_goals,0.3.0,empirical_qrf,0.002235615692932009,0.001345030138054065,0.003188872592410723,,3768324934500513378,2025-12-16 15:33:46.777716
2025-12-16,24494,EDM,PIT,30002218,Andrew Mangiapane,goals,rf_qrf_goals,0.3.0,empirical_qrf,0.0,0.0,0.0,,3768324934500513378,2025-12-16 15:33:46.777716
2025-12-16,24494,EDM,PIT,30002623,Jake Walman,goals,rf_qrf_goals,0.3.0,empirical_qrf,0.0,0.0,0.0,,3768324934500513378,2025-12-16 15:33:46.777716
2025-12-16,24494,EDM,PIT,30002787,Connor Ingram,goals,rf_qrf_goals,0.3.0,empirical_qrf,0.002235615692932009,0.001345030138054065,0.003188872592410723,,3768324934500513378,2025-12-16 15:33:46.777716
2025-12-16,24494,EDM,PIT,30002824,Jack Roslovic,goals,rf_qrf_goals,0.3.0,empirical_qrf,0.013504619550034234,0.004422829519316986,0.024050074321813456,,3768324934500513378,2025-12-16 15:33:46.777716
2025-12-16,24494,PIT,EDM,30000557,Brett Kulak,goals,rf_qrf_goals,0.3.0,empirical_qrf,0.0,0.0,0.0,,3768324934500513378,2025-12-16 15:33:46.777716
2025-12-16,24494,EDM,PIT,30000752,Mattias Janmark,goals,rf_qrf_goals,0.3.0,empirical_qrf,0.0,0.0,0.0,,3768324934500513378,2025-12-16 15:33:46.777716
2025-12-16,24494,EDM,PIT,30000965,Curtis Lazar,goals,rf_qrf_goals,0.3.0,empirical_qrf,0.0,0.0,0.0,,3768324934500513378,2025-12-16 15:33:46.777716
2025-12-16,24494,EDM,PIT,30000987,Adam Henrique,goals,rf_qrf_goals,0.3.0,empirical_qrf,0.0,0.0,0.0,,3768324934500513378,2025-12-16 15:33:46.777716
2025-12-16,24494,EDM,PIT,30001076,Leon Draisaitl,goals,rf_qrf_goals,0.3.0,empirical_qrf,0.004166666666666667,0.0,0.0,,3768324934500513378,2025-12-16 15:33:46.777716
2025-12-16,24494,EDM,PIT,30001233,Connor McDavid,goals,rf_qrf_goals,0.3.0,empirical_qrf,0.0,0.0,0.0,,3768324934500513378,2025-12-16 15:33:46.777716
2025-12-16,24495,VAN,NYR,30000958,Derek Forbort,goals,rf_qrf_goals,0.3.0,empirical_qrf,0.0,0.0,0.0,,3768324934500513378,2025-12-16 15:33:46.777716
2025-12-16,24495,VAN,NYR,30000976,Evander Kane,goals,rf_qrf_goals,0.3.0,empirical_qrf,0.058825009442903656,0.0,0.13333333333333333,,3768324934500513378,2025-12-16 15:33:46.777716
2025-12-16,24495,VAN,NYR,30001238,Jake DeBrusk,goals,rf_qrf_goals,0.3.0,empirical_qrf,0.0,0.0,0.0,,3768324934500513378,2025-12-16 15:33:46.777716
2025-12-16,24495,VAN,NYR,30001299,Tyler Myers,goals,rf_qrf_goals,0.3.0,empirical_qrf,0.03660895886175432,0.0,0.09090909090909091,,3768324934500513378,2025-12-16 15:33:46.777716
2025-12-16,24495,VAN,NYR,30001949,Guillaume Brisebois,goals,rf_qrf_goals,0.3.0,empirical_qrf,0.0,0.0,0.0,,3768324934500513378,2025-12-16 15:33:46.777716
2025-12-16,24495,VAN,NYR,30002479,Teddy Blueger,goals,rf_qrf_goals,0.3.0,empirical_qrf,0.0,0.0,0.0,,3768324934500513378,2025-12-16 15:33:46.777716
2025-12-16,24495,VAN,NYR,30004818,Marco Rossi,goals,rf_qrf_goals,0.3.0,empirical_qrf,0.0001666666666666667,0.0,0.0,,3768324934500513378,2025-12-16 15:33:46.777716
2025-12-16,24495,VAN,NYR,30005642,Liam Ohgren,goals,rf_qrf_goals,0.3.0,empirical_qrf,0.0,0.0,0.0,,3768324934500513378,2025-12-16 15:33:46.777716
2025-12-16,24495,VAN,NYR,30006486,Zeev Buium,goals,rf_qrf_goals,0.3.0,empirical_qrf,0.0,0.0,0.0,,3768324934500513378,2025-12-16 15:33:46.777716
2025-12-16,24495,VAN,NYR,30004817,Lukas Reichel,goals,rf_qrf_goals,0.3.0,empirical_qrf,0.0,0.0,0.0,,3768324934500513378,2025-12-16 15:33:46.777716
2025-12-16,24495,NYR,VAN,30006118,Carey Terrance,goals,rf_qrf_goals,0.3.0,empirical_qrf,0.002441787757478996,0.0,0.0052425458635965965,,3768324934500513378,2025-12-16 15:33:46.777716
2025-12-16,24495,NYR,VAN,30006174,Dylan Roobroeck,goals,rf_qrf_goals,0.3.0,empirical_qrf,0.0,0.0,0.0,,3768324934500513378,2025-12-16 15:33:46.777716
2025-12-16,24495,NYR,VAN,30006331,Brett Budgell,goals,rf_qrf_goals,0.3.0,empirical_qrf,0.002235615692932009,0.001345030138054065,0.003188872592410723,,3768324934500513378,2025-12-16 15:33:46.777716
2025-12-16,24495,NYR,VAN,30005266,Jaroslav Chmelar,goals,rf_qrf_goals,0.3.0,empirical_qrf,0.021194476009130454,0.0,0.04878048780487805,,3768324934500513378,2025-12-16 15:33:46.777716
2025-12-16,24495,NYR,VAN,30005563,Brandon Scanlin,goals,rf_qrf_goals,0.3.0,empirical_qrf,0.021194476009130454,0.0,0.04878048780487805,,3768324934500513378,2025-12-16 15:33:46.777716
2025-12-16,24495,VAN,NYR,30004140,Jett Woo,goals,rf_qrf_goals,0.3.0,empirical_qrf,0.013504619550034234,0.004422829519316986,0.024050074321813456,,3768324934500513378,2025-12-16 15:33:46.777716
2025-12-16,24495,NYR,VAN,30005183,Matt Rempe,goals,rf_qrf_goals,0.3.0,empirical_qrf,0.0,0.0,0.0,,3768324934500513378,2025-12-16 15:33:46.777716
2025-12-16,24495,NYR,VAN,30005223,Kyle Jackson,goals,rf_qrf_goals,0.3.0,empirical_qrf,0.002235615692932009,0.001345030138054065,0.003188872592410723,,3768324934500513378,2025-12-16 15:33:46.777716
2025-12-16,24495,NYR,VAN,30005252,Adam Edstrom,goals,rf_qrf_goals,0.3.0,empirical_qrf,0.0,0.0,0.0,,3768324934500513378,2025-12-16 15:33:46.777716
2025-12-16,24495,NYR,VAN,30005662,Adam Sykora,goals,rf_qrf_goals,0.3.0,empirical_qrf,0.013504619550034234,0.004422829519316986,0.024050074321813456,,3768324934500513378,2025-12-16 15:33:46.777716
2025-12-16,24495,NYR,VAN,30005686,Bryce McConnell-Barker,goals,rf_qrf_goals,0.3.0,empirical_qrf,0.0,0.0,0.0,,3768324934500513378,2025-12-16 15:33:46.777716
2025-12-16,24495,NYR,VAN,30005883,Noah Laba,goals,rf_qrf_goals,0.3.0,empirical_qrf,0.0,0.0,0.0,,3768324934500513378,2025-12-16 15:33:46.777716
2025-12-16,24495,NYR,VAN,30004887,Brett Berard,goals,rf_qrf_goals,0.3.0,empirical_qrf,0.0,0.0,0.0,,3768324934500513378,2025-12-16 15:33:46.777716
2025-12-16,24495,NYR,VAN,30004896,Dylan Garand,goals,rf_qrf_goals,0.3.0,empirical_qrf,0.002235615692932009,0.001345030138054065,0.003188872592410723,,3768324934500513378,2025-12-16 15:33:46.777716
2025-12-16,24495,NYR,VAN,30004968,Juuso Parssinen,goals,rf_qrf_goals,0.3.0,empirical_qrf,8.19672131147541e-05,0.0,0.0,,3768324934500513378,2025-12-16 15:33:46.777716
2025-12-16,24495,NYR,VAN,30004987,Brennan Othmann,goals,rf_qrf_goals,0.3.0,empirical_qrf,0.058825009442903656,0.0,0.13333333333333333,,3768324934500513378,2025-12-16 15:33:46.777716
2025-12-16,24495,NYR,VAN,30005014,Scott Morrow,goals,rf_qrf_goals,0.3.0,empirical_qrf,0.0,0.0,0.0,,3768324934500513378,2025-12-16 15:33:46.777716
2025-12-16,24495,NYR,VAN,30005069,Christopher Merisier-Ortiz,goals,rf_qrf_goals,0.3.0,empirical_qrf,0.002235615692932009,0.001345030138054065,0.003188872592410723,,3768324934500513378,2025-12-16 15:33:46.777716
2025-12-16,24495,NYR,VAN,30004504,Matthew Robertson,goals,rf_qrf_goals,0.3.0,empirical_qrf,0.00576903597227035,0.0,0.013253863134657838,,3768324934500513378,2025-12-16 15:33:46.777716
2025-12-16,24495,NYR,VAN,30004749,Connor Mackey,goals,rf_qrf_goals,0.3.0,empirical_qrf,0.0,0.0,0.0,,3768324934500513378,2025-12-16 15:33:46.777716
2025-12-16,24495,NYR,VAN,30004797,Brendan Brisson,goals,rf_qrf_goals,0.3.0,empirical_qrf,0.0,0.0,0.0,,3768324934500513378,2025-12-16 15:33:46.777716
2025-12-16,24495,NYR,VAN,30004807,Alexis Lafrenière,goals,rf_qrf_goals,0.3.0,empirical_qrf,0.0,0.0,0.0,,3768324934500513378,2025-12-16 15:33:46.777716
2025-12-16,24495,NYR,VAN,30004820,Braden Schneider,goals,rf_qrf_goals,0.3.0,empirical_qrf,0.010975533517445428,0.0,0.02534891269068485,,3768324934500513378,2025-12-16 15:33:46.777716
2025-12-16,24495,NYR,VAN,30004832,Will Cuylle,goals,rf_qrf_goals,0.3.0,empirical_qrf,0.0,0.0,0.0,,3768324934500513378,2025-12-16 15:33:46.777716
2025-12-16,24495,NYR,VAN,30003202,Casey Fitzgerald,goals,rf_qrf_goals,0.3.0,empirical_qrf,0.010975533517445428,0.0,0.02534891269068485,,3768324934500513378,2025-12-16 15:33:46.777716
2025-12-16,24495,NYR,VAN,30003583,Carson Soucy,goals,rf_qrf_goals,0.3.0,empirical_qrf,0.0,0.0,0.0,,3768324934500513378,2025-12-16 15:33:46.777716
2025-12-16,24495,NYR,VAN,30003649,Urho Vaakanainen,goals,rf_qrf_goals,0.3.0,empirical_qrf,0.010975533517445428,0.0,0.02534891269068485,,3768324934500513378,2025-12-16 15:33:46.777716
2025-12-16,24495,NYR,VAN,30003743,Will Borgen,goals,rf_qrf_goals,0.3.0,empirical_qrf,0.0,0.0,0.0,,3768324934500513378,2025-12-16 15:33:46.777716
2025-12-16,24495,NYR,VAN,30003952,Blake Hillman,goals,rf_qrf_goals,0.3.0,empirical_qrf,0.002235615692932009,0.001345030138054065,0.003188872592410723,,3768324934500513378,2025-12-16 15:33:46.777716
2025-12-16,24495,NYR,VAN,30004430,Vladislav Gavrikov,goals,rf_qrf_goals,0.3.0,empirical_qrf,0.0,0.0,0.0,,3768324934500513378,2025-12-16 15:33:46.777716
2025-12-16,24495,NYR,VAN,30001322,Artemi Panarin,goals,rf_qrf_goals,0.3.0,empirical_qrf,0.004166666666666667,0.0,0.0,,3768324934500513378,2025-12-16 15:33:46.777716
2025-12-16,24495,NYR,VAN,30002524,Spencer Martin,goals,rf_qrf_goals,0.3.0,empirical_qrf,0.002235615692932009,0.001345030138054065,0.003188872592410723,,3768324934500513378,2025-12-16 15:33:46.777716
2025-12-16,24495,NYR,VAN,30002967,Jonny Brodzinski,goals,rf_qrf_goals,0.3.0,empirical_qrf,0.0,0.0,0.0,,3768324934500513378,2025-12-16 15:33:46.777716
2025-12-16,24495,NYR,VAN,30002999,Igor Shesterkin,goals,rf_qrf_goals,0.3.0,empirical_qrf,0.002235615692932009,0.001345030138054065,0.003188872592410723,,3768324934500513378,2025-12-16 15:33:46.777716
2025-12-16,24495,NYR,VAN,30003170,Taylor Raddysh,goals,rf_qrf_goals,0.3.0,empirical_qrf,0.013504619550034234,0.004422829519316986,0.024050074321813456,,3768324934500513378,2025-12-16 15:33:46.777716
2025-12-16,24495,NYR,VAN,30003194,Adam Fox,goals,rf_qrf_goals,0.3.0,empirical_qrf,0.0,0.0,0.0,,3768324934500513378,2025-12-16 15:33:46.777716
2025-12-16,24495,NYR,VAN,30000123,Jonathan Quick,goals,rf_qrf_goals,0.3.0,empirical_qrf,0.002235615692932009,0.001345030138054065,0.003188872592410723,,3768324934500513378,2025-12-16 15:33:46.777716
2025-12-16,24495,NYR,VAN,30000226,Vincent Trocheck,goals,rf_qrf_goals,0.3.0,empirical_qrf,0.0025714285714285717,0.0,0.0,,3768324934500513378,2025-12-16 15:33:46.777716
2025-12-16,24495,NYR,VAN,30000410,Conor Sheary,goals,rf_qrf_goals,0.3.0,empirical_qrf,0.0,0.0,0.0,,3768324934500513378,2025-12-16 15:33:46.777716
2025-12-16,24495,NYR,VAN,30000467,Mika Zibanejad,goals,rf_qrf_goals,0.3.0,empirical_qrf,0.0,0.0,0.0,,3768324934500513378,2025-12-16 15:33:46.777716
2025-12-16,24495,NYR,VAN,30000489,Sam Carrick,goals,rf_qrf_goals,0.3.0,empirical_qrf,0.058825009442903656,0.0,0.13333333333333333,,3768324934500513378,2025-12-16 15:33:46.777716
2025-12-16,24495,NYR,VAN,30000617,J.T. Miller,goals,rf_qrf_goals,0.3.0,empirical_qrf,0.143765873015873,0.0,0.5,,3768324934500513378,2025-12-16 15:33:46.777716
2025-12-16,24495,VAN,NYR,30005837,Ty Young,goals,rf_qrf_goals,0.3.0,empirical_qrf,0.002235615692932009,0.001345030138054065,0.003188872592410723,,3768324934500513378,2025-12-16 15:33:46.777716
2025-12-16,24495,VAN,NYR,30006031,Max Sasson,goals,rf_qrf_goals,0.3.0,empirical_qrf,0.0,0.0,0.0,,3768324934500513378,2025-12-16 15:33:46.777716
2025-12-16,24495,VAN,NYR,30006037,Nikita Tolopilo,goals,rf_qrf_goals,0.3.0,empirical_qrf,0.002235615692932009,0.001345030138054065,0.003188872592410723,,3768324934500513378,2025-12-16 15:33:46.777716
2025-12-16,24495,VAN,NYR,30006067,Tom Willander,goals,rf_qrf_goals,0.3.0,empirical_qrf,0.0,0.0,0.0,,3768324934500513378,2025-12-16 15:33:46.777716
2025-12-16,24495,VAN,NYR,30006320,Joe Arntsen,goals,rf_qrf_goals,0.3.0,empirical_qrf,0.002235615692932009,0.001345030138054065,0.003188872592410723,,3768324934500513378,2025-12-16 15:33:46.777716
2025-12-16,24495,VAN,NYR,30006441,Elias Nils Pettersson,goals,rf_qrf_goals,0.3.0,empirical_qrf,0.0,0.0,0.0,,3768324934500513378,2025-12-16 15:33:46.777716
2025-12-16,24495,VAN,NYR,30005171,Dino Kambeitz,goals,rf_qrf_goals,0.3.0,empirical_qrf,0.002235615692932009,0.001345030138054065,0.003188872592410723,,3768324934500513378,2025-12-16 15:33:46.777716
2025-12-16,24495,VAN,NYR,30005456,Nils Aman,goals,rf_qrf_goals,0.3.0,empirical_qrf,0.0,0.0,0.0,,3768324934500513378,2025-12-16 15:33:46.777716
2025-12-16,24495,VAN,NYR,30005566,Arshdeep Bains,goals,rf_qrf_goals,0.3.0,empirical_qrf,0.0,0.0,0.0,,3768324934500513378,2025-12-16 15:33:46.777716
2025-12-16,24495,VAN,NYR,30005619,Jonathan Lekkerimaki,goals,rf_qrf_goals,0.3.0,empirical_qrf,0.08430357142857142,0.0,0.5,,3768324934500513378,2025-12-16 15:33:46.777716
2025-12-16,24495,VAN,NYR,30005747,Jonathan Lemieux,goals,rf_qrf_goals,0.3.0,empirical_qrf,0.002235615692932009,0.001345030138054065,0.003188872592410723,,3768324934500513378,2025-12-16 15:33:46.777716
2025-12-16,24495,VAN,NYR,30005831,Kirill Kudryavtsev,goals,rf_qrf_goals,0.3.0,empirical_qrf,0.0,0.0,0.0,,3768324934500513378,2025-12-16 15:33:46.777716
2025-12-16,24495,VAN,NYR,30004581,Nikolai Knyzhov,goals,rf_qrf_goals,0.3.0,empirical_qrf,0.002441787757478996,0.0,0.0052425458635965965,,3768324934500513378,2025-12-16 15:33:46.777716
2025-12-16,24495,VAN,NYR,30004741,Drew O'Connor,goals,rf_qrf_goals,0.3.0,empirical_qrf,0.0,0.0,0.0,,3768324934500513378,2025-12-16 15:33:46.777716
2025-12-16,24495,VAN,NYR,30005016,Danila Klimovich,goals,rf_qrf_goals,0.3.0,empirical_qrf,0.0,0.0,0.0,,3768324934500513378,2025-12-16 15:33:46.777716
2025-12-16,24495,VAN,NYR,30005028,Aatu Raty,goals,rf_qrf_goals,0.3.0,empirical_qrf,0.0053439153439153435,0.0,0.0,,3768324934500513378,2025-12-16 15:33:46.777716
2025-12-16,24495,VAN,NYR,30005100,Cooper Walker,goals,rf_qrf_goals,0.3.0,empirical_qrf,0.002235615692932009,0.001345030138054065,0.003188872592410723,,3768324934500513378,2025-12-16 15:33:46.777716
2025-12-16,24495,VAN,NYR,30005145,Josh Bloom,goals,rf_qrf_goals,0.3.0,empirical_qrf,0.002235615692932009,0.001345030138054065,0.003188872592410723,,3768324934500513378,2025-12-16 15:33:46.777716
2025-12-16,24495,VAN,NYR,30004001,Kiefer Sherwood,goals,rf_qrf_goals,0.3.0,empirical_qrf,0.0,0.0,0.0,,3768324934500513378,2025-12-16 15:33:46.777716
2025-12-16,24495,VAN,NYR,30004058,Kevin Lankinen,goals,rf_qrf_goals,0.3.0,empirical_qrf,0.002235615692932009,0.001345030138054065,0.003188872592410723,,3768324934500513378,2025-12-16 15:33:46.777716
2025-12-16,24495,VAN,NYR,30004153,Linus Karlsson,goals,rf_qrf_goals,0.3.0,empirical_qrf,0.0,0.0,0.0,,3768324934500513378,2025-12-16 15:33:46.777716
2025-12-16,24495,VAN,NYR,30004227,Chase Wouters,goals,rf_qrf_goals,0.3.0,empirical_qrf,0.002235615692932009,0.001345030138054065,0.003188872592410723,,3768324934500513378,2025-12-16 15:33:46.777716
2025-12-16,24495,VAN,NYR,30004425,Jimmy Schuldt,goals,rf_qrf_goals,0.3.0,empirical_qrf,0.002441787757478996,0.0,0.0052425458635965965,,3768324934500513378,2025-12-16 15:33:46.777716
2025-12-16,24495,VAN,NYR,30004531,Nils Hoglander,goals,rf_qrf_goals,0.3.0,empirical_qrf,0.003926587301587302,0.0,0.0,,3768324934500513378,2025-12-16 15:33:46.777716
2025-12-16,24495,VAN,NYR,30003193,Filip Hronek,goals,rf_qrf_goals,0.3.0,empirical_qrf,0.006337301587301587,0.0,0.0,,3768324934500513378,2025-12-16 15:33:46.777716
2025-12-16,24495,VAN,NYR,30003604,David Kampf,goals,rf_qrf_goals,0.3.0,empirical_qrf,0.03183751820156447,0.010405927835051546,0.056883490073145256,,3768324934500513378,2025-12-16 15:33:46.777716
2025-12-16,24495,VAN,NYR,30003647,Elias Pettersson,goals,rf_qrf_goals,0.3.0,empirical_qrf,0.0,0.0,0.0,,3768324934500513378,2025-12-16 15:33:46.777716
2025-12-16,24495,VAN,NYR,30003655,Filip Chytil,goals,rf_qrf_goals,0.3.0,empirical_qrf,0.00011904761904761905,0.0,0.0,,3768324934500513378,2025-12-16 15:33:46.777716
2025-12-16,24495,VAN,NYR,30003666,Pierre-Olivier Joseph,goals,rf_qrf_goals,0.3.0,empirical_qrf,0.010975533517445428,0.0,0.02534891269068485,,3768324934500513378,2025-12-16 15:33:46.777716
2025-12-16,24495,VAN,NYR,30003776,Jiri Patera,goals,rf_qrf_goals,0.3.0,empirical_qrf,0.002235615692932009,0.001345030138054065,0.003188872592410723,,3768324934500513378,2025-12-16 15:33:46.777716
2025-12-16,24495,VAN,NYR,30002581,Thatcher Demko,goals,rf_qrf_goals,0.3.0,empirical_qrf,0.002235615692932009,0.001345030138054065,0.003188872592410723,,3768324934500513378,2025-12-16 15:33:46.777716
2025-12-16,24495,VAN,NYR,30002587,Marcus Pettersson,goals,rf_qrf_goals,0.3.0,empirical_qrf,0.0,0.0,0.0,,3768324934500513378,2025-12-16 15:33:46.777716
2025-12-16,24495,VAN,NYR,30002777,Brock Boeser,goals,rf_qrf_goals,0.3.0,empirical_qrf,0.0,0.0,0.0,,3768324934500513378,2025-12-16 15:33:46.777716
2025-12-16,24495,VAN,NYR,30002793,Joseph Labate,goals,rf_qrf_goals,0.3.0,empirical_qrf,0.011324942396150933,0.0,0.028169014084507043,,3768324934500513378,2025-12-16 15:33:46.777716
2025-12-16,24495,VAN,NYR,30002876,Conor Garland,goals,rf_qrf_goals,0.3.0,empirical_qrf,0.012559523809523809,0.0,0.0,,3768324934500513378,2025-12-16 15:33:46.777716
2025-12-16,24495,VAN,NYR,30003063,Mackenzie MacEachern,goals,rf_qrf_goals,0.3.0,empirical_qrf,0.0,0.0,0.0,,3768324934500513378,2025-12-16 15:33:46.777716
2025-12-16,24496,PHI,MON,30000050,Sean Couturier,goals,rf_qrf_goals,0.3.0,empirical_qrf,0.0006944444444444444,0.0,0.0,,3768324934500513378,2025-12-16 15:33:46.777716
2025-12-16,24496,PHI,MON,30000234,Garrett Wilson,goals,rf_qrf_goals,0.3.0,empirical_qrf,0.002441787757478996,0.0,0.0052425458635965965,,3768324934500513378,2025-12-16 15:33:46.777716
2025-12-16,24496,PHI,MON,30000349,Travis Konecny,goals,rf_qrf_goals,0.3.0,empirical_qrf,0.0039642857142857145,0.0,0.0,,3768324934500513378,2025-12-16 15:33:46.777716
2025-12-16,24496,PHI,MON,30000501,Nicolas Deslauriers,goals,rf_qrf_goals,0.3.0,empirical_qrf,0.0,0.0,0.0,,3768324934500513378,2025-12-16 15:33:46.777716
2025-12-16,24496,PHI,MON,30000624,Travis Sanheim,goals,rf_qrf_goals,0.3.0,empirical_qrf,0.0,0.0,0.0,,3768324934500513378,2025-12-16 15:33:46.777716
2025-12-16,24496,PHI,MON,30000942,Christian Dvorak,goals,rf_qrf_goals,0.3.0,empirical_qrf,0.0,0.0,0.0,,3768324934500513378,2025-12-16 15:33:46.777716
2025-12-16,24496,PHI,MON,30005396,Ty Murchison,goals,rf_qrf_goals,0.3.0,empirical_qrf,0.002235615692932009,0.001345030138054065,0.003188872592410723,,3768324934500513378,2025-12-16 15:33:46.777716
2025-12-16,24496,MON,PHI,30002592,Kaapo Kahkonen,goals,rf_qrf_goals,0.3.0,empirical_qrf,0.002235615692932009,0.001345030138054065,0.003188872592410723,,3768324934500513378,2025-12-16 15:33:46.777716
2025-12-16,24496,PHI,MON,30005345,Roman Schmidt,goals,rf_qrf_goals,0.3.0,empirical_qrf,0.0,0.0,0.0,,3768324934500513378,2025-12-16 15:33:46.777716
2025-12-16,24496,MON,PHI,30005722,Adam Engstrom,goals,rf_qrf_goals,0.3.0,empirical_qrf,0.0,0.0,0.0,,3768324934500513378,2025-12-16 15:33:46.777716
2025-12-16,24496,MON,PHI,30006127,Jacob Fowler,goals,rf_qrf_goals,0.3.0,empirical_qrf,0.002235615692932009,0.001345030138054065,0.003188872592410723,,3768324934500513378,2025-12-16 15:33:46.777716
2025-12-16,24496,MON,PHI,30005656,Owen Beck,goals,rf_qrf_goals,0.3.0,empirical_qrf,0.058825009442903656,0.0,0.13333333333333333,,3768324934500513378,2025-12-16 15:33:46.777716
2025-12-16,24496,MON,PHI,30005806,Jared Davidson,goals,rf_qrf_goals,0.3.0,empirical_qrf,0.013504619550034234,0.004422829519316986,0.024050074321813456,,3768324934500513378,2025-12-16 15:33:46.777716
2025-12-16,24496,MON,PHI,30006060,David Reinbacher,goals,rf_qrf_goals,0.3.0,empirical_qrf,0.002441787757478996,0.0,0.0052425458635965965,,3768324934500513378,2025-12-16 15:33:46.777716
2025-12-16,24496,MON,PHI,30006152,Florian Xhekaj,goals,rf_qrf_goals,0.3.0,empirical_qrf,0.0,0.0,0.0,,3768324934500513378,2025-12-16 15:33:46.777716
2025-12-16,24496,MON,PHI,30006358,Israel Mianscum,goals,rf_qrf_goals,0.3.0,empirical_qrf,0.002235615692932009,0.001345030138054065,0.003188872592410723,,3768324934500513378,2025-12-16 15:33:46.777716
2025-12-16,24496,MON,PHI,30006485,Ivan Demidov,goals,rf_qrf_goals,0.3.0,empirical_qrf,0.0,0.0,0.0,,3768324934500513378,2025-12-16 15:33:46.777716
2025-12-16,24496,MON,PHI,30005288,Ben Gaudreau,goals,rf_qrf_goals,0.3.0,empirical_qrf,0.002235615692932009,0.001345030138054065,0.003188872592410723,,3768324934500513378,2025-12-16 15:33:46.777716
2025-12-16,24496,MON,PHI,30005534,Jakub Dobes,goals,rf_qrf_goals,0.3.0,empirical_qrf,0.002235615692932009,0.001345030138054065,0.003188872592410723,,3768324934500513378,2025-12-16 15:33:46.777716
2025-12-16,24496,MON,PHI,30005574,Lucas Condotta,goals,rf_qrf_goals,0.3.0,empirical_qrf,0.0,0.0,0.0,,3768324934500513378,2025-12-16 15:33:46.777716
2025-12-16,24496,MON,PHI,30005631,Juraj Slafkovsky,goals,rf_qrf_goals,0.3.0,empirical_qrf,0.0,0.0,0.0,,3768324934500513378,2025-12-16 15:33:46.777716
2025-12-16,24496,MON,PHI,30005645,Filip Mesar,goals,rf_qrf_goals,0.3.0,empirical_qrf,0.0,0.0,0.0,,3768324934500513378,2025-12-16 15:33:46.777716
2025-12-16,24496,MON,PHI,30005655,Lane Hutson,goals,rf_qrf_goals,0.3.0,empirical_qrf,0.0,0.0,0.0,,3768324934500513378,2025-12-16 15:33:46.777716
2025-12-16,24496,MON,PHI,30005118,Tobie Paquette-Bisson,goals,rf_qrf_goals,0.3.0,empirical_qrf,0.0,0.0,0.0,,3768324934500513378,2025-12-16 15:33:46.777716
2025-12-16,24496,MON,PHI,30005121,Joshua Roy,goals,rf_qrf_goals,0.3.0,empirical_qrf,0.0,0.0,0.0,,3768324934500513378,2025-12-16 15:33:46.777716
2025-12-16,24496,MON,PHI,30005122,Xavier Simoneau,goals,rf_qrf_goals,0.3.0,empirical_qrf,0.002235615692932009,0.001345030138054065,0.003188872592410723,,3768324934500513378,2025-12-16 15:33:46.777716
2025-12-16,24496,MON,PHI,30005127,Joe Vrbetic,goals,rf_qrf_goals,0.3.0,empirical_qrf,0.002235615692932009,0.001345030138054065,0.003188872592410723,,3768324934500513378,2025-12-16 15:33:46.777716
2025-12-16,24496,MON,PHI,30005128,Arber Xhekaj,goals,rf_qrf_goals,0.3.0,empirical_qrf,0.0,0.0,0.0,,3768324934500513378,2025-12-16 15:33:46.777716
2025-12-16,24496,MON,PHI,30005287,Gannon Laroque,goals,rf_qrf_goals,0.3.0,empirical_qrf,0.002235615692932009,0.001345030138054065,0.003188872592410723,,3768324934500513378,2025-12-16 15:33:46.777716
2025-12-16,24496,MON,PHI,30004894,Sean Farrell,goals,rf_qrf_goals,0.3.0,empirical_qrf,0.11937827079467946,0.0,0.2857142857142857,,3768324934500513378,2025-12-16 15:33:46.777716
2025-12-16,24496,MON,PHI,30004928,Cole Caufield,goals,rf_qrf_goals,0.3.0,empirical_qrf,0.0008333333333333334,0.0,0.0,,3768324934500513378,2025-12-16 15:33:46.777716
2025-12-16,24496,MON,PHI,30004950,Marc Del Gaizo,goals,rf_qrf_goals,0.3.0,empirical_qrf,0.0,0.0,0.0,,3768324934500513378,2025-12-16 15:33:46.777716
2025-12-16,24496,MON,PHI,30004990,Zachary Bolduc,goals,rf_qrf_goals,0.3.0,empirical_qrf,0.0,0.0,0.0,,3768324934500513378,2025-12-16 15:33:46.777716
2025-12-16,24496,MON,PHI,30005021,Oliver Kapanen,goals,rf_qrf_goals,0.3.0,empirical_qrf,0.001001984126984127,0.0,0.0,,3768324934500513378,2025-12-16 15:33:46.777716
2025-12-16,24496,MON,PHI,30005022,Riley Kidney,goals,rf_qrf_goals,0.3.0,empirical_qrf,0.0,0.0,0.0,,3768324934500513378,2025-12-16 15:33:46.777716
2025-12-16,24496,MON,PHI,30004486,Alex Newhook,goals,rf_qrf_goals,0.3.0,empirical_qrf,0.14388042975542975,0.0,0.3333333333333333,,3768324934500513378,2025-12-16 15:33:46.777716
2025-12-16,24496,MON,PHI,30004520,Hunter Jones,goals,rf_qrf_goals,0.3.0,empirical_qrf,0.0,0.0,0.0,,3768324934500513378,2025-12-16 15:33:46.777716
2025-12-16,24496,MON,PHI,30004559,Jayden Struble,goals,rf_qrf_goals,0.3.0,empirical_qrf,0.00576903597227035,0.0,0.013253863134657838,,3768324934500513378,2025-12-16 15:33:46.777716
2025-12-16,24496,MON,PHI,30004803,Kaiden Guhle,goals,rf_qrf_goals,0.3.0,empirical_qrf,0.0,0.0,0.0,,3768324934500513378,2025-12-16 15:33:46.777716
2025-12-16,24496,MON,PHI,30004866,Ryan O'Rourke,goals,rf_qrf_goals,0.3.0,empirical_qrf,0.0,0.0,0.0,,3768324934500513378,2025-12-16 15:33:46.777716
2025-12-16,24496,MON,PHI,30004876,Ty Smilanic,goals,rf_qrf_goals,0.3.0,empirical_qrf,0.002235615692932009,0.001345030138054065,0.003188872592410723,,3768324934500513378,2025-12-16 15:33:46.777716
2025-12-16,24496,MON,PHI,30004086,Noah Dobson,goals,rf_qrf_goals,0.3.0,empirical_qrf,0.0,0.0,0.0,,3768324934500513378,2025-12-16 15:33:46.777716
2025-12-16,24496,MON,PHI,30004101,Joe Veleno,goals,rf_qrf_goals,0.3.0,empirical_qrf,0.00018518518518518518,0.0,0.0,,3768324934500513378,2025-12-16 15:33:46.777716
2025-12-16,24496,MON,PHI,30004204,Wyatte Wylie,goals,rf_qrf_goals,0.3.0,empirical_qrf,0.04642279942279942,0.0,0.25,,3768324934500513378,2025-12-16 15:33:46.777716
2025-12-16,24496,MON,PHI,30004284,Kevin Mandolese,goals,rf_qrf_goals,0.3.0,empirical_qrf,0.002235615692932009,0.001345030138054065,0.003188872592410723,,3768324934500513378,2025-12-16 15:33:46.777716
2025-12-16,24496,MON,PHI,30004361,Josh Anderson,goals,rf_qrf_goals,0.3.0,empirical_qrf,0.0,0.0,0.0,,3768324934500513378,2025-12-16 15:33:46.777716
2025-12-16,24496,MON,PHI,30004472,Kirby Dach,goals,rf_qrf_goals,0.3.0,empirical_qrf,0.0,0.0,0.0,,3768324934500513378,2025-12-16 15:33:46.777716
2025-12-16,24496,MON,PHI,30003131,Patrik Laine,goals,rf_qrf_goals,0.3.0,empirical_qrf,0.01638519650284356,0.0,0.0,,3768324934500513378,2025-12-16 15:33:46.777716
2025-12-16,24496,MON,PHI,30003667,Nick Suzuki,goals,rf_qrf_goals,0.3.0,empirical_qrf,0.0,0.0,0.0,,3768324934500513378,2025-12-16 15:33:46.777716
2025-12-16,24496,MON,PHI,30003687,Alexandre Texier,goals,rf_qrf_goals,0.3.0,empirical_qrf,0.002441787757478996,0.0,0.0052425458635965965,,3768324934500513378,2025-12-16 15:33:46.777716
2025-12-16,24496,MON,PHI,30003901,Alex Belzile,goals,rf_qrf_goals,0.3.0,empirical_qrf,0.0,0.0,0.0,,3768324934500513378,2025-12-16 15:33:46.777716
2025-12-16,24496,MON,PHI,30003958,Nate Clurman,goals,rf_qrf_goals,0.3.0,empirical_qrf,0.0,0.0,0.0,,3768324934500513378,2025-12-16 15:33:46.777716
2025-12-16,24496,MON,PHI,30003990,Jake Evans,goals,rf_qrf_goals,0.3.0,empirical_qrf,0.0,0.0,0.0,,3768324934500513378,2025-12-16 15:33:46.777716
2025-12-16,24496,MON,PHI,30000670,Sammy Blais,goals,rf_qrf_goals,0.3.0,empirical_qrf,0.03183751820156447,0.010405927835051546,0.056883490073145256,,3768324934500513378,2025-12-16 15:33:46.777716
2025-12-16,24496,MON,PHI,30001395,Laurent Dauphin,goals,rf_qrf_goals,0.3.0,empirical_qrf,0.0,0.0,0.0,,3768324934500513378,2025-12-16 15:33:46.777716
2025-12-16,24496,MON,PHI,30002601,Joshua Jacobs,goals,rf_qrf_goals,0.3.0,empirical_qrf,0.002235615692932009,0.001345030138054065,0.003188872592410723,,3768324934500513378,2025-12-16 15:33:46.777716
2025-12-16,24496,MON,PHI,30002663,Vincent Arseneau,goals,rf_qrf_goals,0.3.0,empirical_qrf,0.002235615692932009,0.001345030138054065,0.003188872592410723,,3768324934500513378,2025-12-16 15:33:46.777716
2025-12-16,24496,MON,PHI,30002781,Sam Montembeault,goals,rf_qrf_goals,0.3.0,empirical_qrf,0.002235615692932009,0.001345030138054065,0.003188872592410723,,3768324934500513378,2025-12-16 15:33:46.777716
2025-12-16,24496,MON,PHI,30002825,Alexandre Carrier,goals,rf_qrf_goals,0.3.0,empirical_qrf,0.0,0.0,0.0,,3768324934500513378,2025-12-16 15:33:46.777716
2025-12-16,24496,PHI,MON,30006075,Oliver Bonk,goals,rf_qrf_goals,0.3.0,empirical_qrf,0.0,0.0,0.0,,3768324934500513378,2025-12-16 15:33:46.777716
2025-12-16,24496,PHI,MON,30006100,Carson Bjarnason,goals,rf_qrf_goals,0.3.0,empirical_qrf,0.002235615692932009,0.001345030138054065,0.003188872592410723,,3768324934500513378,2025-12-16 15:33:46.777716
2025-12-16,24496,PHI,MON,30006135,Denver Barkey,goals,rf_qrf_goals,0.3.0,empirical_qrf,0.013504619550034234,0.004422829519316986,0.024050074321813456,,3768324934500513378,2025-12-16 15:33:46.777716
2025-12-16,24496,MON,PHI,30000015,Brendan Gallagher,goals,rf_qrf_goals,0.3.0,empirical_qrf,0.0035432243410184585,0.0,0.0,,3768324934500513378,2025-12-16 15:33:46.777716
2025-12-16,24496,MON,PHI,30000227,Mike Matheson,goals,rf_qrf_goals,0.3.0,empirical_qrf,0.00011904761904761905,0.0,0.0,,3768324934500513378,2025-12-16 15:33:46.777716
2025-12-16,24496,MON,PHI,30000555,Tyler Wotherspoon,goals,rf_qrf_goals,0.3.0,empirical_qrf,0.002235615692932009,0.001345030138054065,0.003188872592410723,,3768324934500513378,2025-12-16 15:33:46.777716
2025-12-16,24496,PHI,MON,30005397,Noah Cates,goals,rf_qrf_goals,0.3.0,empirical_qrf,0.0053439153439153435,0.0,0.0,,3768324934500513378,2025-12-16 15:33:46.777716
2025-12-16,24496,PHI,MON,30005401,Aleksei Kolosov,goals,rf_qrf_goals,0.3.0,empirical_qrf,0.002235615692932009,0.001345030138054065,0.003188872592410723,,3768324934500513378,2025-12-16 15:33:46.777716
2025-12-16,24496,PHI,MON,30005756,Tucker Robertson,goals,rf_qrf_goals,0.3.0,empirical_qrf,0.002235615692932009,0.001345030138054065,0.003188872592410723,,3768324934500513378,2025-12-16 15:33:46.777716
2025-12-16,24496,PHI,MON,30005958,Nikita Grebenkin,goals,rf_qrf_goals,0.3.0,empirical_qrf,0.001001984126984127,0.0,0.0,,3768324934500513378,2025-12-16 15:33:46.777716
2025-12-16,24496,PHI,MON,30006045,Yaniv Perets,goals,rf_qrf_goals,0.3.0,empirical_qrf,0.002235615692932009,0.001345030138054065,0.003188872592410723,,3768324934500513378,2025-12-16 15:33:46.777716
2025-12-16,24496,PHI,MON,30006061,Matvei Michkov,goals,rf_qrf_goals,0.3.0,empirical_qrf,0.0016666666666666668,0.0,0.0,,3768324934500513378,2025-12-16 15:33:46.777716
2025-12-16,24496,PHI,MON,30004800,Jamie Drysdale,goals,rf_qrf_goals,0.3.0,empirical_qrf,0.0035432243410184585,0.0,0.0,,3768324934500513378,2025-12-16 15:33:46.777716
2025-12-16,24496,PHI,MON,30004801,Tyson Foerster,goals,rf_qrf_goals,0.3.0,empirical_qrf,0.0,0.0,0.0,,3768324934500513378,2025-12-16 15:33:46.777716
2025-12-16,24496,PHI,MON,30004824,Emil Andrae,goals,rf_qrf_goals,0.3.0,empirical_qrf,0.0,0.0,0.0,,3768324934500513378,2025-12-16 15:33:46.777716
2025-12-16,24496,PHI,MON,30004839,Helge Grans,goals,rf_qrf_goals,0.3.0,empirical_qrf,0.0,0.0,0.0,,3768324934500513378,2025-12-16 15:33:46.777716
2025-12-16,24496,PHI,MON,30005234,Vincent Sevigny,goals,rf_qrf_goals,0.3.0,empirical_qrf,0.002235615692932009,0.001345030138054065,0.003188872592410723,,3768324934500513378,2025-12-16 15:33:46.777716
2025-12-16,24496,PHI,MON,30005293,Artem Guryev,goals,rf_qrf_goals,0.3.0,empirical_qrf,0.002235615692932009,0.001345030138054065,0.003188872592410723,,3768324934500513378,2025-12-16 15:33:46.777716
2025-12-16,24496,PHI,MON,30004154,Xavier Bernard,goals,rf_qrf_goals,0.3.0,empirical_qrf,0.0,0.0,0.0,,3768324934500513378,2025-12-16 15:33:46.777716
2025-12-16,24496,PHI,MON,30004205,Egor Zamula,goals,rf_qrf_goals,0.3.0,empirical_qrf,0.029565044212753997,0.0,0.05970149253731343,,3768324934500513378,2025-12-16 15:33:46.777716
2025-12-16,24496,PHI,MON,30004406,Samuel Ersson,goals,rf_qrf_goals,0.3.0,empirical_qrf,0.002235615692932009,0.001345030138054065,0.003188872592410723,,3768324934500513378,2025-12-16 15:33:46.777716
2025-12-16,24496,PHI,MON,30004481,Trevor Zegras,goals,rf_qrf_goals,0.3.0,empirical_qrf,0.0,0.0,0.0,,3768324934500513378,2025-12-16 15:33:46.777716
2025-12-16,24496,PHI,MON,30004484,Cam York,goals,rf_qrf_goals,0.3.0,empirical_qrf,0.0,0.0,0.0,,3768324934500513378,2025-12-16 15:33:46.777716
2025-12-16,24496,PHI,MON,30004508,Bobby Brink,goals,rf_qrf_goals,0.3.0,empirical_qrf,0.00018518518518518518,0.0,0.0,,3768324934500513378,2025-12-16 15:33:46.777716
2025-12-16,24496,PHI,MON,30003171,Carl Grundstrom,goals,rf_qrf_goals,0.3.0,empirical_qrf,0.0,0.0,0.0,,3768324934500513378,2025-12-16 15:33:46.777716
2025-12-16,24496,PHI,MON,30003283,Lane Pederson,goals,rf_qrf_goals,0.3.0,empirical_qrf,0.0,0.0,0.0,,3768324934500513378,2025-12-16 15:33:46.777716
2025-12-16,24496,PHI,MON,30003500,Rodrigo Abols,goals,rf_qrf_goals,0.3.0,empirical_qrf,0.0,0.0,0.0,,3768324934500513378,2025-12-16 15:33:46.777716
2025-12-16,24496,PHI,MON,30003653,Owen Tippett,goals,rf_qrf_goals,0.3.0,empirical_qrf,0.0,0.0,0.0,,3768324934500513378,2025-12-16 15:33:46.777716
2025-12-16,24496,PHI,MON,30003733,Keith Petruzzelli,goals,rf_qrf_goals,0.3.0,empirical_qrf,0.002235615692932009,0.001345030138054065,0.003188872592410723,,3768324934500513378,2025-12-16 15:33:46.777716
2025-12-16,24496,PHI,MON,30004002,Cooper Marody,goals,rf_qrf_goals,0.3.0,empirical_qrf,0.002235615692932009,0.001345030138054065,0.003188872592410723,,3768324934500513378,2025-12-16 15:33:46.777716
2025-12-16,24496,PHI,MON,30001201,Garnet Hathaway,goals,rf_qrf_goals,0.3.0,empirical_qrf,0.002441787757478996,0.0,0.0052425458635965965,,3768324934500513378,2025-12-16 15:33:46.777716
2025-12-16,24496,PHI,MON,30001294,Rasmus Ristolainen,goals,rf_qrf_goals,0.3.0,empirical_qrf,0.002235615692932009,0.001345030138054065,0.003188872592410723,,3768324934500513378,2025-12-16 15:33:46.777716
2025-12-16,24496,PHI,MON,30001312,Noah Juulsen,goals,rf_qrf_goals,0.3.0,empirical_qrf,0.00576903597227035,0.0,0.013253863134657838,,3768324934500513378,2025-12-16 15:33:46.777716
2025-12-16,24496,PHI,MON,30002786,Dan Vladar,goals,rf_qrf_goals,0.3.0,empirical_qrf,0.002235615692932009,0.001345030138054065,0.003188872592410723,,3768324934500513378,2025-12-16 15:33:46.777716
2025-12-16,24496,PHI,MON,30002979,Anthony Richard,goals,rf_qrf_goals,0.3.0,empirical_qrf,0.0,0.0,0.0,,3768324934500513378,2025-12-16 15:33:46.777716
2025-12-16,24496,PHI,MON,30003016,Nick Seeler,goals,rf_qrf_goals,0.3.0,empirical_qrf,0.0,0.0,0.0,,3768324934500513378,2025-12-16 15:33:46.777716
2025-12-16,24497,NYI,DET,30000204,Kyle Palmieri,goals,rf_qrf_goals,0.3.0,empirical_qrf,0.001722222222222222,0.0,0.0,,3768324934500513378,2025-12-16 15:33:46.777716
2025-12-16,24497,NYI,DET,30000276,Anders Lee,goals,rf_qrf_goals,0.3.0,empirical_qrf,0.0,0.0,0.0,,3768324934500513378,2025-12-16 15:33:46.777716
2025-12-16,24497,NYI,DET,30000290,Adam Pelech,goals,rf_qrf_goals,0.3.0,empirical_qrf,0.0,0.0,0.0,,3768324934500513378,2025-12-16 15:33:46.777716
2025-12-16,24497,NYI,DET,30000292,Mathew Barzal,goals,rf_qrf_goals,0.3.0,empirical_qrf,0.0,0.0,0.0,,3768324934500513378,2025-12-16 15:33:46.777716
2025-12-16,24497,NYI,DET,30000571,Anthony Duclair,goals,rf_qrf_goals,0.3.0,empirical_qrf,0.0018888888888888887,0.0,0.0,,3768324934500513378,2025-12-16 15:33:46.777716
2025-12-16,24497,NYI,DET,30000644,Chris Terry,goals,rf_qrf_goals,0.3.0,empirical_qrf,0.0,0.0,0.0,,3768324934500513378,2025-12-16 15:33:46.777716
2025-12-16,24497,DET,NYI,30005780,Amadeus Lombardi,goals,rf_qrf_goals,0.3.0,empirical_qrf,0.0,0.0,0.0,,3768324934500513378,2025-12-16 15:33:46.777716
2025-12-16,24497,DET,NYI,30006015,Alexandre Doucet,goals,rf_qrf_goals,0.3.0,empirical_qrf,0.006070454412932454,0.0,0.013614760972882306,,3768324934500513378,2025-12-16 15:33:46.777716
2025-12-16,24497,DET,NYI,30006059,Nate Danielson,goals,rf_qrf_goals,0.3.0,empirical_qrf,0.0,0.0,0.0,,3768324934500513378,2025-12-16 15:33:46.777716
2025-12-16,24497,DET,NYI,30006071,Axel Sandin-Pellikka,goals,rf_qrf_goals,0.3.0,empirical_qrf,0.0,0.0,0.0,,3768324934500513378,2025-12-16 15:33:46.777716
2025-12-16,24497,DET,NYI,30006201,Emmitt Finnie,goals,rf_qrf_goals,0.3.0,empirical_qrf,0.048412519453338125,0.0,0.11764705882352941,,3768324934500513378,2025-12-16 15:33:46.777716
2025-12-16,24497,DET,NYI,30004884,William Wallinder,goals,rf_qrf_goals,0.3.0,empirical_qrf,0.0,0.0,0.0,,3768324934500513378,2025-12-16 15:33:46.777716
2025-12-16,24497,DET,NYI,30004983,Sebastian Cossa,goals,rf_qrf_goals,0.3.0,empirical_qrf,0.002235615692932009,0.001345030138054065,0.003188872592410723,,3768324934500513378,2025-12-16 15:33:46.777716
2025-12-16,24497,DET,NYI,30004984,Simon Edvinsson,goals,rf_qrf_goals,0.3.0,empirical_qrf,0.01111111111111111,0.0,0.0,,3768324934500513378,2025-12-16 15:33:46.777716
2025-12-16,24497,DET,NYI,30005482,Carter Mazur,goals,rf_qrf_goals,0.3.0,empirical_qrf,0.0,0.0,0.0,,3768324934500513378,2025-12-16 15:33:46.777716
2025-12-16,24497,DET,NYI,30005489,Elmer Soderblom,goals,rf_qrf_goals,0.3.0,empirical_qrf,0.0,0.0,0.0,,3768324934500513378,2025-12-16 15:33:46.777716
2025-12-16,24497,DET,NYI,30005630,Marco Kasper,goals,rf_qrf_goals,0.3.0,empirical_qrf,0.0,0.0,0.0,,3768324934500513378,2025-12-16 15:33:46.777716
2025-12-16,24497,DET,NYI,30004186,Joel L'Esperance,goals,rf_qrf_goals,0.3.0,empirical_qrf,0.002441787757478996,0.0,0.0052425458635965965,,3768324934500513378,2025-12-16 15:33:46.777716
2025-12-16,24497,DET,NYI,30004475,Moritz Seider,goals,rf_qrf_goals,0.3.0,empirical_qrf,0.0,0.0,0.0,,3768324934500513378,2025-12-16 15:33:46.777716
2025-12-16,24497,DET,NYI,30004548,Albert Johansson,goals,rf_qrf_goals,0.3.0,empirical_qrf,0.0,0.0,0.0,,3768324934500513378,2025-12-16 15:33:46.777716
2025-12-16,24497,DET,NYI,30004561,Antti Tuomisto,goals,rf_qrf_goals,0.3.0,empirical_qrf,0.0,0.0,0.0,,3768324934500513378,2025-12-16 15:33:46.777716
2025-12-16,24497,DET,NYI,30004758,John Leonard,goals,rf_qrf_goals,0.3.0,empirical_qrf,0.0001282051282051282,0.0,0.0,,3768324934500513378,2025-12-16 15:33:46.777716
2025-12-16,24497,DET,NYI,30004816,Lucas Raymond,goals,rf_qrf_goals,0.3.0,empirical_qrf,0.026457070707070703,0.0,0.0,,3768324934500513378,2025-12-16 15:33:46.777716
2025-12-16,24497,DET,NYI,30002213,Josiah Didier,goals,rf_qrf_goals,0.3.0,empirical_qrf,0.002441787757478996,0.0,0.0052425458635965965,,3768324934500513378,2025-12-16 15:33:46.777716
2025-12-16,24497,DET,NYI,30002513,J.T. Compher,goals,rf_qrf_goals,0.3.0,empirical_qrf,0.0,0.0,0.0,,3768324934500513378,2025-12-16 15:33:46.777716
2025-12-16,24497,DET,NYI,30003160,Alex DeBrincat,goals,rf_qrf_goals,0.3.0,empirical_qrf,0.0016666666666666668,0.0,0.0,,3768324934500513378,2025-12-16 15:33:46.777716
2025-12-16,24497,DET,NYI,30003644,Michael Rasmussen,goals,rf_qrf_goals,0.3.0,empirical_qrf,0.0,0.0,0.0,,3768324934500513378,2025-12-16 15:33:46.777716
2025-12-16,24497,DET,NYI,30003744,Mason Appleton,goals,rf_qrf_goals,0.3.0,empirical_qrf,0.058825009442903656,0.0,0.13333333333333333,,3768324934500513378,2025-12-16 15:33:46.777716
2025-12-16,24497,DET,NYI,30004102,Jacob Bernard-Docker,goals,rf_qrf_goals,0.3.0,empirical_qrf,0.0,0.0,0.0,,3768324934500513378,2025-12-16 15:33:46.777716
2025-12-16,24497,DET,NYI,30000846,Dylan Larkin,goals,rf_qrf_goals,0.3.0,empirical_qrf,0.0011111111111111111,0.0,0.0,,3768324934500513378,2025-12-16 15:33:46.777716
2025-12-16,24497,DET,NYI,30000866,Patrick Kane,goals,rf_qrf_goals,0.3.0,empirical_qrf,0.0,0.0,0.0,,3768324934500513378,2025-12-16 15:33:46.777716
2025-12-16,24497,DET,NYI,30000874,John Gibson,goals,rf_qrf_goals,0.3.0,empirical_qrf,0.002235615692932009,0.001345030138054065,0.003188872592410723,,3768324934500513378,2025-12-16 15:33:46.777716
2025-12-16,24497,DET,NYI,30000997,Travis Hamonic,goals,rf_qrf_goals,0.3.0,empirical_qrf,0.013504619550034234,0.004422829519316986,0.024050074321813456,,3768324934500513378,2025-12-16 15:33:46.777716
2025-12-16,24497,DET,NYI,30001011,Erik Gustafsson,goals,rf_qrf_goals,0.3.0,empirical_qrf,0.013504619550034234,0.004422829519316986,0.024050074321813456,,3768324934500513378,2025-12-16 15:33:46.777716
2025-12-16,24497,DET,NYI,30001063,Ben Chiarot,goals,rf_qrf_goals,0.3.0,empirical_qrf,0.0,0.0,0.0,,3768324934500513378,2025-12-16 15:33:46.777716
2025-12-16,24497,NYI,DET,30006857,Matthew Schaefer,goals,rf_qrf_goals,0.3.0,empirical_qrf,0.0,0.0,0.0,,3768324934500513378,2025-12-16 15:33:46.777716
2025-12-16,24497,NYI,DET,30006925,Maxim Shabanov,goals,rf_qrf_goals,0.3.0,empirical_qrf,0.0001111111111111111,0.0,0.0,,3768324934500513378,2025-12-16 15:33:46.777716
2025-12-16,24497,DET,NYI,30000043,James van Riemsdyk,goals,rf_qrf_goals,0.3.0,empirical_qrf,0.04849007936507936,0.0,0.25,,3768324934500513378,2025-12-16 15:33:46.777716
2025-12-16,24497,DET,NYI,30000186,Austin Watson,goals,rf_qrf_goals,0.3.0,empirical_qrf,0.03660895886175432,0.0,0.09090909090909091,,3768324934500513378,2025-12-16 15:33:46.777716
2025-12-16,24497,DET,NYI,30000563,Cam Talbot,goals,rf_qrf_goals,0.3.0,empirical_qrf,0.002235615692932009,0.001345030138054065,0.003188872592410723,,3768324934500513378,2025-12-16 15:33:46.777716
2025-12-16,24497,DET,NYI,30000821,Andrew Copp,goals,rf_qrf_goals,0.3.0,empirical_qrf,0.0,0.0,0.0,,3768324934500513378,2025-12-16 15:33:46.777716
2025-12-16,24497,NYI,DET,30006038,Travis Mitchell,goals,rf_qrf_goals,0.3.0,empirical_qrf,0.0,0.0,0.0,,3768324934500513378,2025-12-16 15:33:46.777716
2025-12-16,24497,NYI,DET,30006078,Calum Ritchie,goals,rf_qrf_goals,0.3.0,empirical_qrf,0.001001984126984127,0.0,0.0,,3768324934500513378,2025-12-16 15:33:46.777716
2025-12-16,24497,NYI,DET,30006247,Justin Gill,goals,rf_qrf_goals,0.3.0,empirical_qrf,0.002235615692932009,0.001345030138054065,0.003188872592410723,,3768324934500513378,2025-12-16 15:33:46.777716
2025-12-16,24497,NYI,DET,30006400,Artem Kulakov,goals,rf_qrf_goals,0.3.0,empirical_qrf,0.002235615692932009,0.001345030138054065,0.003188872592410723,,3768324934500513378,2025-12-16 15:33:46.777716
2025-12-16,24497,NYI,DET,30006402,Joseph Cipollone,goals,rf_qrf_goals,0.3.0,empirical_qrf,0.002235615692932009,0.001345030138054065,0.003188872592410723,,3768324934500513378,2025-12-16 15:33:46.777716
2025-12-16,24497,NYI,DET,30006475,Maxim Tsyplakov,goals,rf_qrf_goals,0.3.0,empirical_qrf,0.0,0.0,0.0,,3768324934500513378,2025-12-16 15:33:46.777716
2025-12-16,24497,NYI,DET,30005265,Eetu Liukas,goals,rf_qrf_goals,0.3.0,empirical_qrf,0.002235615692932009,0.001345030138054065,0.003188872592410723,,3768324934500513378,2025-12-16 15:33:46.777716
2025-12-16,24497,NYI,DET,30005661,Calle Odelius,goals,rf_qrf_goals,0.3.0,empirical_qrf,0.03214181088680038,0.0,0.07160278745644603,,3768324934500513378,2025-12-16 15:33:46.777716
2025-12-16,24497,NYI,DET,30005705,Isaiah George,goals,rf_qrf_goals,0.3.0,empirical_qrf,0.0,0.0,0.0,,3768324934500513378,2025-12-16 15:33:46.777716
2025-12-16,24497,NYI,DET,30005828,Marc Gatcomb,goals,rf_qrf_goals,0.3.0,empirical_qrf,0.058825009442903656,0.0,0.13333333333333333,,3768324934500513378,2025-12-16 15:33:46.777716
2025-12-16,24497,NYI,DET,30005856,Daylan Kuefler,goals,rf_qrf_goals,0.3.0,empirical_qrf,0.002235615692932009,0.001345030138054065,0.003188872592410723,,3768324934500513378,2025-12-16 15:33:46.777716
2025-12-16,24497,NYI,DET,30005858,Matthew Maggio,goals,rf_qrf_goals,0.3.0,empirical_qrf,0.0,0.0,0.0,,3768324934500513378,2025-12-16 15:33:46.777716
2025-12-16,24497,NYI,DET,30004332,Kyle MacLean,goals,rf_qrf_goals,0.3.0,empirical_qrf,0.00576903597227035,0.0,0.013253863134657838,,3768324934500513378,2025-12-16 15:33:46.777716
2025-12-16,24497,NYI,DET,30004498,Simon Holmstrom,goals,rf_qrf_goals,0.3.0,empirical_qrf,0.0,0.0,0.0,,3768324934500513378,2025-12-16 15:33:46.777716
2025-12-16,24497,NYI,DET,30004525,Adam Beckman,goals,rf_qrf_goals,0.3.0,empirical_qrf,0.0,0.0,0.0,,3768324934500513378,2025-12-16 15:33:46.777716
2025-12-16,24497,NYI,DET,30004845,Emil Heineman,goals,rf_qrf_goals,0.3.0,empirical_qrf,0.07662632275132275,0.0,0.4,,3768324934500513378,2025-12-16 15:33:46.777716
2025-12-16,24497,NYI,DET,30005205,Tristan Lennox,goals,rf_qrf_goals,0.3.0,empirical_qrf,0.002235615692932009,0.001345030138054065,0.003188872592410723,,3768324934500513378,2025-12-16 15:33:46.777716
2025-12-16,24497,NYI,DET,30005262,Henrik Tikkanen,goals,rf_qrf_goals,0.3.0,empirical_qrf,0.002235615692932009,0.001345030138054065,0.003188872592410723,,3768324934500513378,2025-12-16 15:33:46.777716
2025-12-16,24497,NYI,DET,30003189,Sean Day,goals,rf_qrf_goals,0.3.0,empirical_qrf,0.0,0.0,0.0,,3768324934500513378,2025-12-16 15:33:46.777716
2025-12-16,24497,NYI,DET,30003226,Ethan Bear,goals,rf_qrf_goals,0.3.0,empirical_qrf,0.002235615692932009,0.001345030138054065,0.003188872592410723,,3768324934500513378,2025-12-16 15:33:46.777716
2025-12-16,24497,NYI,DET,30003541,Matthew Highmore,goals,rf_qrf_goals,0.3.0,empirical_qrf,0.002441787757478996,0.0,0.0052425458635965965,,3768324934500513378,2025-12-16 15:33:46.777716
2025-12-16,24497,NYI,DET,30004051,Pierre Engvall,goals,rf_qrf_goals,0.3.0,empirical_qrf,0.003055555555555555,0.0,0.0,,3768324934500513378,2025-12-16 15:33:46.777716
2025-12-16,24497,NYI,DET,30004091,Adam Boqvist,goals,rf_qrf_goals,0.3.0,empirical_qrf,0.03183751820156447,0.010405927835051546,0.056883490073145256,,3768324934500513378,2025-12-16 15:33:46.777716
2025-12-16,24497,NYI,DET,30004176,Alexander Romanov,goals,rf_qrf_goals,0.3.0,empirical_qrf,0.0,0.0,0.0,,3768324934500513378,2025-12-16 15:33:46.777716
2025-12-16,24497,NYI,DET,30001003,Ryan Pulock,goals,rf_qrf_goals,0.3.0,empirical_qrf,0.011324942396150933,0.0,0.028169014084507043,,3768324934500513378,2025-12-16 15:33:46.777716
2025-12-16,24497,NYI,DET,30001155,Casey Cizikas,goals,rf_qrf_goals,0.3.0,empirical_qrf,0.011324942396150933,0.0,0.028169014084507043,,3768324934500513378,2025-12-16 15:33:46.777716
2025-12-16,24497,NYI,DET,30001276,Bo Horvat,goals,rf_qrf_goals,0.3.0,empirical_qrf,0.0,0.0,0.0,,3768324934500513378,2025-12-16 15:33:46.777716
2025-12-16,24497,NYI,DET,30002533,Marcus Hogberg,goals,rf_qrf_goals,0.3.0,empirical_qrf,0.002235615692932009,0.001345030138054065,0.003188872592410723,,3768324934500513378,2025-12-16 15:33:46.777716
2025-12-16,24497,NYI,DET,30002618,Ilya Sorokin,goals,rf_qrf_goals,0.3.0,empirical_qrf,0.002235615692932009,0.001345030138054065,0.003188872592410723,,3768324934500513378,2025-12-16 15:33:46.777716
2025-12-16,24497,NYI,DET,30003126,David Rittich,goals,rf_qrf_goals,0.3.0,empirical_qrf,0.002235615692932009,0.001345030138054065,0.003188872592410723,,3768324934500513378,2025-12-16 15:33:46.777716
2025-12-16,24497,NYI,DET,30000733,Tony DeAngelo,goals,rf_qrf_goals,0.3.0,empirical_qrf,0.0,0.0,0.0,,3768324934500513378,2025-12-16 15:33:46.777716
2025-12-16,24497,NYI,DET,30000734,Jonathan Drouin,goals,rf_qrf_goals,0.3.0,empirical_qrf,0.0,0.0,0.0,,3768324934500513378,2025-12-16 15:33:46.777716
2025-12-16,24497,NYI,DET,30000875,Semyon Varlamov,goals,rf_qrf_goals,0.3.0,empirical_qrf,0.002235615692932009,0.001345030138054065,0.003188872592410723,,3768324934500513378,2025-12-16 15:33:46.777716
2025-12-16,24497,NYI,DET,30000966,Jean-Gabriel Pageau,goals,rf_qrf_goals,0.3.0,empirical_qrf,0.0,0.0,0.0,,3768324934500513378,2025-12-16 15:33:46.777716
2025-12-16,24497,NYI,DET,30000986,Seth Helgeson,goals,rf_qrf_goals,0.3.0,empirical_qrf,0.029565044212753997,0.0,0.05970149253731343,,3768324934500513378,2025-12-16 15:33:46.777716
2025-12-16,24497,NYI,DET,30000999,Scott Mayfield,goals,rf_qrf_goals,0.3.0,empirical_qrf,0.0,0.0,0.0,,3768324934500513378,2025-12-16 15:33:46.777716
2025-12-16,24498,UTA,BOS,30000229,Lawson Crouse,goals,rf_qrf_goals,0.3.0,empirical_qrf,0.0,0.0,0.0,,3768324934500513378,2025-12-16 15:33:46.777716
2025-12-16,24498,UTA,BOS,30000593,Liam O'Brien,goals,rf_qrf_goals,0.3.0,empirical_qrf,0.0,0.0,0.0,,3768324934500513378,2025-12-16 15:33:46.777716
2025-12-16,24498,UTA,BOS,30000594,Nate Schmidt,goals,rf_qrf_goals,0.3.0,empirical_qrf,0.0,0.0,0.0,,3768324934500513378,2025-12-16 15:33:46.777716
2025-12-16,24498,UTA,BOS,30000650,Ian Cole,goals,rf_qrf_goals,0.3.0,empirical_qrf,0.0,0.0,0.0,,3768324934500513378,2025-12-16 15:33:46.777716
2025-12-16,24498,UTA,BOS,30000659,Olli Määttä,goals,rf_qrf_goals,0.3.0,empirical_qrf,0.03183751820156447,0.010405927835051546,0.056883490073145256,,3768324934500513378,2025-12-16 15:33:46.777716
2025-12-16,24498,UTA,BOS,30001104,Robbie Russo,goals,rf_qrf_goals,0.3.0,empirical_qrf,0.002235615692932009,0.001345030138054065,0.003188872592410723,,3768324934500513378,2025-12-16 15:33:46.777716
2025-12-16,24498,BOS,UTA,30005798,Jackson Edward,goals,rf_qrf_goals,0.3.0,empirical_qrf,0.11023790312141707,0.0,0.25,,3768324934500513378,2025-12-16 15:33:46.777716
2025-12-16,24498,BOS,UTA,30006392,Luke Cavallin,goals,rf_qrf_goals,0.3.0,empirical_qrf,0.002235615692932009,0.001345030138054065,0.003188872592410723,,3768324934500513378,2025-12-16 15:33:46.777716
2025-12-16,24498,UTA,BOS,30006086,Daniil But,goals,rf_qrf_goals,0.3.0,empirical_qrf,0.03660895886175432,0.0,0.09090909090909091,,3768324934500513378,2025-12-16 15:33:46.777716
2025-12-16,24498,BOS,UTA,30005580,Georgi Merkulov,goals,rf_qrf_goals,0.3.0,empirical_qrf,0.0,0.0,0.0,,3768324934500513378,2025-12-16 15:33:46.777716
2025-12-16,24498,BOS,UTA,30005651,Matthew Poitras,goals,rf_qrf_goals,0.3.0,empirical_qrf,0.0,0.0,0.0,,3768324934500513378,2025-12-16 15:33:46.777716
2025-12-16,24498,BOS,UTA,30005658,Fraser Minten,goals,rf_qrf_goals,0.3.0,empirical_qrf,0.0,0.0,0.0,,3768324934500513378,2025-12-16 15:33:46.777716
2025-12-16,24498,BOS,UTA,30005749,Nolan Maier,goals,rf_qrf_goals,0.3.0,empirical_qrf,0.0,0.0,0.0,,3768324934500513378,2025-12-16 15:33:46.777716
2025-12-16,24498,BOS,UTA,30005760,Joseph Abate,goals,rf_qrf_goals,0.3.0,empirical_qrf,0.013504619550034234,0.004422829519316986,0.024050074321813456,,3768324934500513378,2025-12-16 15:33:46.777716
2025-12-16,24498,BOS,UTA,30005797,Frederic Brunet,goals,rf_qrf_goals,0.3.0,empirical_qrf,0.03183751820156447,0.010405927835051546,0.056883490073145256,,3768324934500513378,2025-12-16 15:33:46.777716
2025-12-16,24498,BOS,UTA,30004929,Alex Steeves,goals,rf_qrf_goals,0.3.0,empirical_qrf,0.0,0.0,0.0,,3768324934500513378,2025-12-16 15:33:46.777716
2025-12-16,24498,BOS,UTA,30004998,Fabian Lysell,goals,rf_qrf_goals,0.3.0,empirical_qrf,0.048412519453338125,0.0,0.11764705882352941,,3768324934500513378,2025-12-16 15:33:46.777716
2025-12-16,24498,BOS,UTA,30005130,Brett Harrison,goals,rf_qrf_goals,0.3.0,empirical_qrf,0.2417169312169312,0.0,1.0,,3768324934500513378,2025-12-16 15:33:46.777716
2025-12-16,24498,BOS,UTA,30005170,Maximus Wanner,goals,rf_qrf_goals,0.3.0,empirical_qrf,0.002235615692932009,0.001345030138054065,0.003188872592410723,,3768324934500513378,2025-12-16 15:33:46.777716
2025-12-16,24498,BOS,UTA,30005341,Shawn Element,goals,rf_qrf_goals,0.3.0,empirical_qrf,0.002235615692932009,0.001345030138054065,0.003188872592410723,,3768324934500513378,2025-12-16 15:33:46.777716
2025-12-16,24498,BOS,UTA,30005367,Michael Callahan,goals,rf_qrf_goals,0.3.0,empirical_qrf,0.0,0.0,0.0,,3768324934500513378,2025-12-16 15:33:46.777716
2025-12-16,24498,BOS,UTA,30004281,Jonathan Aspirot,goals,rf_qrf_goals,0.3.0,empirical_qrf,0.013504619550034234,0.004422829519316986,0.024050074321813456,,3768324934500513378,2025-12-16 15:33:46.777716
2025-12-16,24498,BOS,UTA,30004477,Victor Soderstrom,goals,rf_qrf_goals,0.3.0,empirical_qrf,0.00020833333333333335,0.0,0.0,,3768324934500513378,2025-12-16 15:33:46.777716
2025-12-16,24498,BOS,UTA,30004513,John Farinacci,goals,rf_qrf_goals,0.3.0,empirical_qrf,0.0,0.0,0.0,,3768324934500513378,2025-12-16 15:33:46.777716
2025-12-16,24498,BOS,UTA,30004640,Francois Brassard,goals,rf_qrf_goals,0.3.0,empirical_qrf,0.0,0.0,0.0,,3768324934500513378,2025-12-16 15:33:46.777716
2025-12-16,24498,BOS,UTA,30004851,Marat Khusnutdinov,goals,rf_qrf_goals,0.3.0,empirical_qrf,0.0001282051282051282,0.0,0.0,,3768324934500513378,2025-12-16 15:33:46.777716
2025-12-16,24498,BOS,UTA,30004858,Mason Lohrei,goals,rf_qrf_goals,0.3.0,empirical_qrf,0.0,0.0,0.0,,3768324934500513378,2025-12-16 15:33:46.777716
2025-12-16,24498,BOS,UTA,30003657,Henri Jokiharju,goals,rf_qrf_goals,0.3.0,empirical_qrf,0.0,0.0,0.0,,3768324934500513378,2025-12-16 15:33:46.777716
2025-12-16,24498,BOS,UTA,30003704,Morgan Geekie,goals,rf_qrf_goals,0.3.0,empirical_qrf,0.0051111111111111105,0.0,0.0,,3768324934500513378,2025-12-16 15:33:46.777716
2025-12-16,24498,BOS,UTA,30003890,Mikey Eyssimont,goals,rf_qrf_goals,0.3.0,empirical_qrf,0.007960317460317461,0.0,0.0,,3768324934500513378,2025-12-16 15:33:46.777716
2025-12-16,24498,BOS,UTA,30003912,Mark Kastelic,goals,rf_qrf_goals,0.3.0,empirical_qrf,0.002441787757478996,0.0,0.0052425458635965965,,3768324934500513378,2025-12-16 15:33:46.777716
2025-12-16,24498,BOS,UTA,30003991,Jeremy Swayman,goals,rf_qrf_goals,0.3.0,empirical_qrf,0.002235615692932009,0.001345030138054065,0.003188872592410723,,3768324934500513378,2025-12-16 15:33:46.777716
2025-12-16,24498,BOS,UTA,30004166,Jordan Harris,goals,rf_qrf_goals,0.3.0,empirical_qrf,0.0055833333333333325,0.0,0.0,,3768324934500513378,2025-12-16 15:33:46.777716
2025-12-16,24498,BOS,UTA,30003151,Riley Tufte,goals,rf_qrf_goals,0.3.0,empirical_qrf,0.0,0.0,0.0,,3768324934500513378,2025-12-16 15:33:46.777716
2025-12-16,24498,BOS,UTA,30003185,Andrew Peeke,goals,rf_qrf_goals,0.3.0,empirical_qrf,0.013504619550034234,0.004422829519316986,0.024050074321813456,,3768324934500513378,2025-12-16 15:33:46.777716
2025-12-16,24498,BOS,UTA,30003401,Jeffrey Viel,goals,rf_qrf_goals,0.3.0,empirical_qrf,0.0,0.0,0.0,,3768324934500513378,2025-12-16 15:33:46.777716
2025-12-16,24498,BOS,UTA,30003442,Tanner Jeannot,goals,rf_qrf_goals,0.3.0,empirical_qrf,0.010975533517445428,0.0,0.02534891269068485,,3768324934500513378,2025-12-16 15:33:46.777716
2025-12-16,24498,BOS,UTA,30003581,Shane Starrett,goals,rf_qrf_goals,0.3.0,empirical_qrf,0.0,0.0,0.0,,3768324934500513378,2025-12-16 15:33:46.777716
2025-12-16,24498,BOS,UTA,30003643,Casey Mittelstadt,goals,rf_qrf_goals,0.3.0,empirical_qrf,0.016372354497354497,0.0,0.0,,3768324934500513378,2025-12-16 15:33:46.777716
2025-12-16,24498,BOS,UTA,30000909,Nikita Zadorov,goals,rf_qrf_goals,0.3.0,empirical_qrf,0.002,0.0,0.0,,3768324934500513378,2025-12-16 15:33:46.777716
2025-12-16,24498,BOS,UTA,30000995,Pavel Zacha,goals,rf_qrf_goals,0.3.0,empirical_qrf,0.0,0.0,0.0,,3768324934500513378,2025-12-16 15:33:46.777716
2025-12-16,24498,BOS,UTA,30001264,Hampus Lindholm,goals,rf_qrf_goals,0.3.0,empirical_qrf,0.011324942396150933,0.0,0.028169014084507043,,3768324934500513378,2025-12-16 15:33:46.777716
2025-12-16,24498,BOS,UTA,30002853,Sean Kuraly,goals,rf_qrf_goals,0.3.0,empirical_qrf,0.0,0.0,0.0,,3768324934500513378,2025-12-16 15:33:46.777716
2025-12-16,24498,BOS,UTA,30003020,Kasimir Kaskisuo,goals,rf_qrf_goals,0.3.0,empirical_qrf,0.005978535353535353,0.0,0.0,,3768324934500513378,2025-12-16 15:33:46.777716
2025-12-16,24498,BOS,UTA,30003147,Charlie McAvoy,goals,rf_qrf_goals,0.3.0,empirical_qrf,0.0,0.0,0.0,,3768324934500513378,2025-12-16 15:33:46.777716
2025-12-16,24498,UTA,BOS,30005614,Logan Cooley,goals,rf_qrf_goals,0.3.0,empirical_qrf,0.0008888888888888888,0.0,0.0,,3768324934500513378,2025-12-16 15:33:46.777716
2025-12-16,24498,BOS,UTA,30000245,Viktor Arvidsson,goals,rf_qrf_goals,0.3.0,empirical_qrf,0.011324942396150933,0.0,0.028169014084507043,,3768324934500513378,2025-12-16 15:33:46.777716
2025-12-16,24498,BOS,UTA,30000393,Joonas Korpisalo,goals,rf_qrf_goals,0.3.0,empirical_qrf,0.002235615692932009,0.001345030138054065,0.003188872592410723,,3768324934500513378,2025-12-16 15:33:46.777716
2025-12-16,24498,BOS,UTA,30000607,David Pastrnak,goals,rf_qrf_goals,0.3.0,empirical_qrf,0.1469027777777778,0.0,0.5,,3768324934500513378,2025-12-16 15:33:46.777716
2025-12-16,24498,BOS,UTA,30000630,Patrick Brown,goals,rf_qrf_goals,0.3.0,empirical_qrf,0.0015993265993265993,0.0,0.0,,3768324934500513378,2025-12-16 15:33:46.777716
2025-12-16,24498,BOS,UTA,30000636,Elias Lindholm,goals,rf_qrf_goals,0.3.0,empirical_qrf,0.0031481481481481486,0.0,0.0,,3768324934500513378,2025-12-16 15:33:46.777716
2025-12-16,24498,UTA,BOS,30004585,John Marino,goals,rf_qrf_goals,0.3.0,empirical_qrf,0.0,0.0,0.0,,3768324934500513378,2025-12-16 15:33:46.777716
2025-12-16,24498,UTA,BOS,30004623,Ben McCartney,goals,rf_qrf_goals,0.3.0,empirical_qrf,0.03183751820156447,0.010405927835051546,0.056883490073145256,,3768324934500513378,2025-12-16 15:33:46.777716
2025-12-16,24498,UTA,BOS,30004867,JJ Peterka,goals,rf_qrf_goals,0.3.0,empirical_qrf,0.016372354497354497,0.0,0.0,,3768324934500513378,2025-12-16 15:33:46.777716
2025-12-16,24498,UTA,BOS,30004957,Karel Vejmelka,goals,rf_qrf_goals,0.3.0,empirical_qrf,0.002235615692932009,0.001345030138054065,0.003188872592410723,,3768324934500513378,2025-12-16 15:33:46.777716
2025-12-16,24498,UTA,BOS,30004996,Dylan Guenther,goals,rf_qrf_goals,0.3.0,empirical_qrf,0.0,0.0,0.0,,3768324934500513378,2025-12-16 15:33:46.777716
2025-12-16,24498,UTA,BOS,30005567,Jaxson Stauber,goals,rf_qrf_goals,0.3.0,empirical_qrf,0.002235615692932009,0.001345030138054065,0.003188872592410723,,3768324934500513378,2025-12-16 15:33:46.777716
2025-12-16,24498,UTA,BOS,30003753,Alexander Kerfoot,goals,rf_qrf_goals,0.3.0,empirical_qrf,0.0,0.0,0.0,,3768324934500513378,2025-12-16 15:33:46.777716
2025-12-16,24498,UTA,BOS,30003988,Cameron Hebig,goals,rf_qrf_goals,0.3.0,empirical_qrf,0.0,0.0,0.0,,3768324934500513378,2025-12-16 15:33:46.777716
2025-12-16,24498,UTA,BOS,30004078,Barrett Hayton,goals,rf_qrf_goals,0.3.0,empirical_qrf,0.007597402597402597,0.0,0.0,,3768324934500513378,2025-12-16 15:33:46.777716
2025-12-16,24498,UTA,BOS,30004113,Jack McBain,goals,rf_qrf_goals,0.3.0,empirical_qrf,0.0,0.0,0.0,,3768324934500513378,2025-12-16 15:33:46.777716
2025-12-16,24498,UTA,BOS,30004141,Sean Durzi,goals,rf_qrf_goals,0.3.0,empirical_qrf,0.0,0.0,0.0,,3768324934500513378,2025-12-16 15:33:46.777716
2025-12-16,24498,UTA,BOS,30004170,Scott Perunovich,goals,rf_qrf_goals,0.3.0,empirical_qrf,0.002235615692932009,0.001345030138054065,0.003188872592410723,,3768324934500513378,2025-12-16 15:33:46.777716
2025-12-16,24498,UTA,BOS,30003235,Michael Carcone,goals,rf_qrf_goals,0.3.0,empirical_qrf,0.0,0.0,0.0,,3768324934500513378,2025-12-16 15:33:46.777716
2025-12-16,24498,UTA,BOS,30003424,Kevin Rooney,goals,rf_qrf_goals,0.3.0,empirical_qrf,0.0,0.0,0.0,,3768324934500513378,2025-12-16 15:33:46.777716
2025-12-16,24498,UTA,BOS,30003572,Nick DeSimone,goals,rf_qrf_goals,0.3.0,empirical_qrf,0.010975533517445428,0.0,0.02534891269068485,,3768324934500513378,2025-12-16 15:33:46.777716
2025-12-16,24498,UTA,BOS,30003662,Juuso Valimaki,goals,rf_qrf_goals,0.3.0,empirical_qrf,0.002235615692932009,0.001345030138054065,0.003188872592410723,,3768324934500513378,2025-12-16 15:33:46.777716
2025-12-16,24498,UTA,BOS,30003663,Kailer Yamamoto,goals,rf_qrf_goals,0.3.0,empirical_qrf,0.0,0.0,0.0,,3768324934500513378,2025-12-16 15:33:46.777716
2025-12-16,24498,UTA,BOS,30003723,Matt Villalta,goals,rf_qrf_goals,0.3.0,empirical_qrf,0.002235615692932009,0.001345030138054065,0.003188872592410723,,3768324934500513378,2025-12-16 15:33:46.777716
2025-12-16,24498,UTA,BOS,30002583,Nick Schmaltz,goals,rf_qrf_goals,0.3.0,empirical_qrf,0.0,0.0,0.0,,3768324934500513378,2025-12-16 15:33:46.777716
2025-12-16,24498,UTA,BOS,30002600,Vitek Vanecek,goals,rf_qrf_goals,0.3.0,empirical_qrf,0.002235615692932009,0.001345030138054065,0.003188872592410723,,3768324934500513378,2025-12-16 15:33:46.777716
2025-12-16,24498,UTA,BOS,30002841,Kevin Stenlund,goals,rf_qrf_goals,0.3.0,empirical_qrf,0.0,0.0,0.0,,3768324934500513378,2025-12-16 15:33:46.777716
2025-12-16,24498,UTA,BOS,30003053,Brandon Tanev,goals,rf_qrf_goals,0.3.0,empirical_qrf,0.0,0.0,0.0,,3768324934500513378,2025-12-16 15:33:46.777716
2025-12-16,24498,UTA,BOS,30003137,Mikhail Sergachev,goals,rf_qrf_goals,0.3.0,empirical_qrf,0.0019444444444444442,0.0,0.0,,3768324934500513378,2025-12-16 15:33:46.777716
2025-12-16,24498,UTA,BOS,30003141,Clayton Keller,goals,rf_qrf_goals,0.3.0,empirical_qrf,0.0025,0.0,0.0,,3768324934500513378,2025-12-16 15:33:46.777716
2025-12-16,24499,WAS,MIN,30000330,Dylan McIlrath,goals,rf_qrf_goals,0.3.0,empirical_qrf,0.011324942396150933,0.0,0.028169014084507043,,3768324934500513378,2025-12-16 15:33:46.777716
2025-12-16,24499,WAS,MIN,30000341,Anthony Beauvillier,goals,rf_qrf_goals,0.3.0,empirical_qrf,0.0,0.0,0.0,,3768324934500513378,2025-12-16 15:33:46.777716
2025-12-16,24499,WAS,MIN,30000375,Tom Wilson,goals,rf_qrf_goals,0.3.0,empirical_qrf,0.0,0.0,0.0,,3768324934500513378,2025-12-16 15:33:46.777716
2025-12-16,24499,WAS,MIN,30000378,Alex Ovechkin,goals,rf_qrf_goals,0.3.0,empirical_qrf,0.0,0.0,0.0,,3768324934500513378,2025-12-16 15:33:46.777716
2025-12-16,24499,WAS,MIN,30000385,Aaron Ness,goals,rf_qrf_goals,0.3.0,empirical_qrf,0.002235615692932009,0.001345030138054065,0.003188872592410723,,3768324934500513378,2025-12-16 15:33:46.777716
2025-12-16,24499,WAS,MIN,30000429,Sonny Milano,goals,rf_qrf_goals,0.3.0,empirical_qrf,0.0022222222222222222,0.0,0.0,,3768324934500513378,2025-12-16 15:33:46.777716
2025-12-16,24499,MIN,WAS,30001192,Tyler Pitlick,goals,rf_qrf_goals,0.3.0,empirical_qrf,0.0,0.0,0.0,,3768324934500513378,2025-12-16 15:33:46.777716
2025-12-16,24499,WAS,MIN,30004910,Bogdan Trineyev,goals,rf_qrf_goals,0.3.0,empirical_qrf,0.03660895886175432,0.0,0.09090909090909091,,3768324934500513378,2025-12-16 15:33:46.777716
2025-12-16,24499,MIN,WAS,30004080,Quinn Hughes,goals,rf_qrf_goals,0.3.0,empirical_qrf,0.024138888888888887,0.0,0.0,,3768324934500513378,2025-12-16 15:33:46.777716
2025-12-16,24499,MIN,WAS,30005669,Hunter Haight,goals,rf_qrf_goals,0.3.0,empirical_qrf,0.0053439153439153435,0.0,0.0,,3768324934500513378,2025-12-16 15:33:46.777716
2025-12-16,24499,MIN,WAS,30005698,Michael Milne,goals,rf_qrf_goals,0.3.0,empirical_qrf,0.002235615692932009,0.001345030138054065,0.003188872592410723,,3768324934500513378,2025-12-16 15:33:46.777716
2025-12-16,24499,MIN,WAS,30005845,David Spacek,goals,rf_qrf_goals,0.3.0,empirical_qrf,0.011324942396150933,0.0,0.028169014084507043,,3768324934500513378,2025-12-16 15:33:46.777716
2025-12-16,24499,MIN,WAS,30006109,Riley Heidt,goals,rf_qrf_goals,0.3.0,empirical_qrf,0.010975533517445428,0.0,0.02534891269068485,,3768324934500513378,2025-12-16 15:33:46.777716
2025-12-16,24499,MIN,WAS,30006110,Rasmus Kumpulainen,goals,rf_qrf_goals,0.3.0,empirical_qrf,0.002235615692932009,0.001345030138054065,0.003188872592410723,,3768324934500513378,2025-12-16 15:33:46.777716
2025-12-16,24499,MIN,WAS,30006308,Bradley Marek,goals,rf_qrf_goals,0.3.0,empirical_qrf,0.002235615692932009,0.001345030138054065,0.003188872592410723,,3768324934500513378,2025-12-16 15:33:46.777716
2025-12-16,24499,MIN,WAS,30005094,Cameron Butler,goals,rf_qrf_goals,0.3.0,empirical_qrf,0.0,0.0,0.0,,3768324934500513378,2025-12-16 15:33:46.777716
2025-12-16,24499,MIN,WAS,30005102,Caedan Bankier,goals,rf_qrf_goals,0.3.0,empirical_qrf,0.0,0.0,0.0,,3768324934500513378,2025-12-16 15:33:46.777716
2025-12-16,24499,MIN,WAS,30005274,Louka Henault,goals,rf_qrf_goals,0.3.0,empirical_qrf,0.002235615692932009,0.001345030138054065,0.003188872592410723,,3768324934500513378,2025-12-16 15:33:46.777716
2025-12-16,24499,MIN,WAS,30005361,Benjamin Brinkman,goals,rf_qrf_goals,0.3.0,empirical_qrf,0.002235615692932009,0.001345030138054065,0.003188872592410723,,3768324934500513378,2025-12-16 15:33:46.777716
2025-12-16,24499,MIN,WAS,30005612,David Jiricek,goals,rf_qrf_goals,0.3.0,empirical_qrf,0.0,0.0,0.0,,3768324934500513378,2025-12-16 15:33:46.777716
2025-12-16,24499,MIN,WAS,30005627,Danila Yurov,goals,rf_qrf_goals,0.3.0,empirical_qrf,0.0,0.0,0.0,,3768324934500513378,2025-12-16 15:33:46.777716
2025-12-16,24499,MIN,WAS,30004847,Daemon Hunt,goals,rf_qrf_goals,0.3.0,empirical_qrf,0.029565044212753997,0.0,0.05970149253731343,,3768324934500513378,2025-12-16 15:33:46.777716
2025-12-16,24499,MIN,WAS,30004935,Matt Kiersted,goals,rf_qrf_goals,0.3.0,empirical_qrf,0.0,0.0,0.0,,3768324934500513378,2025-12-16 15:33:46.777716
2025-12-16,24499,MIN,WAS,30004970,Wyatt Newpower,goals,rf_qrf_goals,0.3.0,empirical_qrf,0.0076706349206349216,0.0,0.0,,3768324934500513378,2025-12-16 15:33:46.777716
2025-12-16,24499,MIN,WAS,30005005,Oskar Olausson,goals,rf_qrf_goals,0.3.0,empirical_qrf,0.0,0.0,0.0,,3768324934500513378,2025-12-16 15:33:46.777716
2025-12-16,24499,MIN,WAS,30005007,Carson Lambos,goals,rf_qrf_goals,0.3.0,empirical_qrf,0.0,0.0,0.0,,3768324934500513378,2025-12-16 15:33:46.777716
2025-12-16,24499,MIN,WAS,30005008,Jesper Wallstedt,goals,rf_qrf_goals,0.3.0,empirical_qrf,0.002235615692932009,0.001345030138054065,0.003188872592410723,,3768324934500513378,2025-12-16 15:33:46.777716
2025-12-16,24499,MIN,WAS,30003774,Ben Jones,goals,rf_qrf_goals,0.3.0,empirical_qrf,0.00576903597227035,0.0,0.013253863134657838,,3768324934500513378,2025-12-16 15:33:46.777716
2025-12-16,24499,MIN,WAS,30004196,Ben Gleason,goals,rf_qrf_goals,0.3.0,empirical_qrf,0.07621253746253745,0.0,0.3333333333333333,,3768324934500513378,2025-12-16 15:33:46.777716
2025-12-16,24499,MIN,WAS,30004417,Nico Sturm,goals,rf_qrf_goals,0.3.0,empirical_qrf,0.002441787757478996,0.0,0.0052425458635965965,,3768324934500513378,2025-12-16 15:33:46.777716
2025-12-16,24499,MIN,WAS,30004480,Matt Boldy,goals,rf_qrf_goals,0.3.0,empirical_qrf,0.0,0.0,0.0,,3768324934500513378,2025-12-16 15:33:46.777716
2025-12-16,24499,MIN,WAS,30004784,Kirill Kaprizov,goals,rf_qrf_goals,0.3.0,empirical_qrf,0.0,0.0,0.0,,3768324934500513378,2025-12-16 15:33:46.777716
2025-12-16,24499,MIN,WAS,30004835,Brock Faber,goals,rf_qrf_goals,0.3.0,empirical_qrf,0.0,0.0,0.0,,3768324934500513378,2025-12-16 15:33:46.777716
2025-12-16,24499,MIN,WAS,30001309,Marcus Johansson,goals,rf_qrf_goals,0.3.0,empirical_qrf,0.0,0.0,0.0,,3768324934500513378,2025-12-16 15:33:46.777716
2025-12-16,24499,MIN,WAS,30001355,Zach Bogosian,goals,rf_qrf_goals,0.3.0,empirical_qrf,0.013504619550034234,0.004422829519316986,0.024050074321813456,,3768324934500513378,2025-12-16 15:33:46.777716
2025-12-16,24499,MIN,WAS,30002719,Jacob Middleton,goals,rf_qrf_goals,0.3.0,empirical_qrf,0.0,0.0,0.0,,3768324934500513378,2025-12-16 15:33:46.777716
2025-12-16,24499,MIN,WAS,30002820,Joel Eriksson Ek,goals,rf_qrf_goals,0.3.0,empirical_qrf,0.0,0.0,0.0,,3768324934500513378,2025-12-16 15:33:46.777716
2025-12-16,24499,MIN,WAS,30003173,Filip Gustavsson,goals,rf_qrf_goals,0.3.0,empirical_qrf,0.002235615692932009,0.001345030138054065,0.003188872592410723,,3768324934500513378,2025-12-16 15:33:46.777716
2025-12-16,24499,MIN,WAS,30003611,Cal Petersen,goals,rf_qrf_goals,0.3.0,empirical_qrf,0.002235615692932009,0.001345030138054065,0.003188872592410723,,3768324934500513378,2025-12-16 15:33:46.777716
2025-12-16,24499,MIN,WAS,30000517,Jared Spurgeon,goals,rf_qrf_goals,0.3.0,empirical_qrf,0.0,0.0,0.0,,3768324934500513378,2025-12-16 15:33:46.777716
2025-12-16,24499,MIN,WAS,30000524,Jonas Brodin,goals,rf_qrf_goals,0.3.0,empirical_qrf,0.03183751820156447,0.010405927835051546,0.056883490073145256,,3768324934500513378,2025-12-16 15:33:46.777716
2025-12-16,24499,MIN,WAS,30000797,Vladimir Tarasenko,goals,rf_qrf_goals,0.3.0,empirical_qrf,0.0,0.0,0.0,,3768324934500513378,2025-12-16 15:33:46.777716
2025-12-16,24499,MIN,WAS,30001012,Ryan Hartman,goals,rf_qrf_goals,0.3.0,empirical_qrf,0.0047777777777777775,0.0,0.0,,3768324934500513378,2025-12-16 15:33:46.777716
2025-12-16,24499,MIN,WAS,30001013,Vinnie Hinostroza,goals,rf_qrf_goals,0.3.0,empirical_qrf,0.0,0.0,0.0,,3768324934500513378,2025-12-16 15:33:46.777716
2025-12-16,24499,MIN,WAS,30001087,Mats Zuccarello,goals,rf_qrf_goals,0.3.0,empirical_qrf,0.00011904761904761905,0.0,0.0,,3768324934500513378,2025-12-16 15:33:46.777716
2025-12-16,24499,WAS,MIN,30005098,Luke Toporowski,goals,rf_qrf_goals,0.3.0,empirical_qrf,0.002235615692932009,0.001345030138054065,0.003188872592410723,,3768324934500513378,2025-12-16 15:33:46.777716
2025-12-16,24499,WAS,MIN,30005788,Ethen Frank,goals,rf_qrf_goals,0.3.0,empirical_qrf,0.0,0.0,0.0,,3768324934500513378,2025-12-16 15:33:46.777716
2025-12-16,24499,WAS,MIN,30006408,Simon Pinard,goals,rf_qrf_goals,0.3.0,empirical_qrf,0.002235615692932009,0.001345030138054065,0.003188872592410723,,3768324934500513378,2025-12-16 15:33:46.777716
2025-12-16,24499,MIN,WAS,30000257,Yakov Trenin,goals,rf_qrf_goals,0.3.0,empirical_qrf,0.01638519650284356,0.0,0.0,,3768324934500513378,2025-12-16 15:33:46.777716
2025-12-16,24499,MIN,WAS,30000266,Nicolas Aube-Kubel,goals,rf_qrf_goals,0.3.0,empirical_qrf,0.0,0.0,0.0,,3768324934500513378,2025-12-16 15:33:46.777716
2025-12-16,24499,MIN,WAS,30000499,Marcus Foligno,goals,rf_qrf_goals,0.3.0,empirical_qrf,0.001001984126984127,0.0,0.0,,3768324934500513378,2025-12-16 15:33:46.777716
2025-12-16,24499,WAS,MIN,30004562,Aliaksei Protas,goals,rf_qrf_goals,0.3.0,empirical_qrf,0.0,0.0,0.0,,3768324934500513378,2025-12-16 15:33:46.777716
2025-12-16,24499,WAS,MIN,30004579,Dalton Smith,goals,rf_qrf_goals,0.3.0,empirical_qrf,0.002235615692932009,0.001345030138054065,0.003188872592410723,,3768324934500513378,2025-12-16 15:33:46.777716
2025-12-16,24499,WAS,MIN,30004613,Michael Kim,goals,rf_qrf_goals,0.3.0,empirical_qrf,0.002235615692932009,0.001345030138054065,0.003188872592410723,,3768324934500513378,2025-12-16 15:33:46.777716
2025-12-16,24499,WAS,MIN,30004664,Corey Schueneman,goals,rf_qrf_goals,0.3.0,empirical_qrf,0.0,0.0,0.0,,3768324934500513378,2025-12-16 15:33:46.777716
2025-12-16,24499,WAS,MIN,30004808,Hendrix Lapierre,goals,rf_qrf_goals,0.3.0,empirical_qrf,0.030643638768638765,0.0,0.14285714285714285,,3768324934500513378,2025-12-16 15:33:46.777716
2025-12-16,24499,WAS,MIN,30004878,Justin Sourdif,goals,rf_qrf_goals,0.3.0,empirical_qrf,0.0,0.0,0.0,,3768324934500513378,2025-12-16 15:33:46.777716
2025-12-16,24499,WAS,MIN,30003973,Logan Thompson,goals,rf_qrf_goals,0.3.0,empirical_qrf,0.002235615692932009,0.001345030138054065,0.003188872592410723,,3768324934500513378,2025-12-16 15:33:46.777716
2025-12-16,24499,WAS,MIN,30004099,Rasmus Sandin,goals,rf_qrf_goals,0.3.0,empirical_qrf,0.0,0.0,0.0,,3768324934500513378,2025-12-16 15:33:46.777716
2025-12-16,24499,WAS,MIN,30004152,Martin Fehérváry,goals,rf_qrf_goals,0.3.0,empirical_qrf,0.0,0.0,0.0,,3768324934500513378,2025-12-16 15:33:46.777716
2025-12-16,24499,WAS,MIN,30004302,Declan Chisholm,goals,rf_qrf_goals,0.3.0,empirical_qrf,0.00018518518518518518,0.0,0.0,,3768324934500513378,2025-12-16 15:33:46.777716
2025-12-16,24499,WAS,MIN,30004491,Connor McMichael,goals,rf_qrf_goals,0.3.0,empirical_qrf,0.0001666666666666667,0.0,0.0,,3768324934500513378,2025-12-16 15:33:46.777716
2025-12-16,24499,WAS,MIN,30004500,Brett Leason,goals,rf_qrf_goals,0.3.0,empirical_qrf,0.0,0.0,0.0,,3768324934500513378,2025-12-16 15:33:46.777716
2025-12-16,24499,WAS,MIN,30003035,Spencer Smallman,goals,rf_qrf_goals,0.3.0,empirical_qrf,0.002235615692932009,0.001345030138054065,0.003188872592410723,,3768324934500513378,2025-12-16 15:33:46.777716
2025-12-16,24499,WAS,MIN,30003132,Pierre-Luc Dubois,goals,rf_qrf_goals,0.3.0,empirical_qrf,0.0,0.0,0.0,,3768324934500513378,2025-12-16 15:33:46.777716
2025-12-16,24499,WAS,MIN,30003138,Jakob Chychrun,goals,rf_qrf_goals,0.3.0,empirical_qrf,0.0,0.0,0.0,,3768324934500513378,2025-12-16 15:33:46.777716
2025-12-16,24499,WAS,MIN,30003561,Matt Roy,goals,rf_qrf_goals,0.3.0,empirical_qrf,0.03183751820156447,0.010405927835051546,0.056883490073145256,,3768324934500513378,2025-12-16 15:33:46.777716
2025-12-16,24499,WAS,MIN,30003759,Matthew Strome,goals,rf_qrf_goals,0.3.0,empirical_qrf,0.002235615692932009,0.001345030138054065,0.003188872592410723,,3768324934500513378,2025-12-16 15:33:46.777716
2025-12-16,24499,WAS,MIN,30003933,Brandon Duhaime,goals,rf_qrf_goals,0.3.0,empirical_qrf,0.0,0.0,0.0,,3768324934500513378,2025-12-16 15:33:46.777716
2025-12-16,24499,WAS,MIN,30000587,John Carlson,goals,rf_qrf_goals,0.3.0,empirical_qrf,0.0,0.0,0.0,,3768324934500513378,2025-12-16 15:33:46.777716
2025-12-16,24499,WAS,MIN,30000954,Dylan Strome,goals,rf_qrf_goals,0.3.0,empirical_qrf,0.0,0.0,0.0,,3768324934500513378,2025-12-16 15:33:46.777716
2025-12-16,24499,WAS,MIN,30001023,Trevor van Riemsdyk,goals,rf_qrf_goals,0.3.0,empirical_qrf,0.0,0.0,0.0,,3768324934500513378,2025-12-16 15:33:46.777716
2025-12-16,24499,WAS,MIN,30002620,Louie Belpedio,goals,rf_qrf_goals,0.3.0,empirical_qrf,0.03214181088680038,0.0,0.07160278745644603,,3768324934500513378,2025-12-16 15:33:46.777716
2025-12-16,24499,WAS,MIN,30002695,Nic Dowd,goals,rf_qrf_goals,0.3.0,empirical_qrf,0.0,0.0,0.0,,3768324934500513378,2025-12-16 15:33:46.777716
2025-12-16,24499,WAS,MIN,30003026,Charlie Lindgren,goals,rf_qrf_goals,0.3.0,empirical_qrf,0.002235615692932009,0.001345030138054065,0.003188872592410723,,3768324934500513378,2025-12-16 15:33:46.777716
2025-12-16,24500,COL,SEA,30000127,Brent Burns,goals,rf_qrf_goals,0.3.0,empirical_qrf,0.0007142857142857143,0.0,0.0,,3768324934500513378,2025-12-16 15:33:46.777716
2025-12-16,24500,COL,SEA,30000200,Scott Wedgewood,goals,rf_qrf_goals,0.3.0,empirical_qrf,0.002235615692932009,0.001345030138054065,0.003188872592410723,,3768324934500513378,2025-12-16 15:33:46.777716
2025-12-16,24500,COL,SEA,30000318,Jayson Megna,goals,rf_qrf_goals,0.3.0,empirical_qrf,0.010975533517445428,0.0,0.02534891269068485,,3768324934500513378,2025-12-16 15:33:46.777716
2025-12-16,24500,COL,SEA,30000697,T.J. Tynan,goals,rf_qrf_goals,0.3.0,empirical_qrf,0.010975533517445428,0.0,0.02534891269068485,,3768324934500513378,2025-12-16 15:33:46.777716
2025-12-16,24500,COL,SEA,30000757,Valeri Nichushkin,goals,rf_qrf_goals,0.3.0,empirical_qrf,0.01333958633958634,0.0,0.0,,3768324934500513378,2025-12-16 15:33:46.777716
2025-12-16,24500,COL,SEA,30000879,Josh Manson,goals,rf_qrf_goals,0.3.0,empirical_qrf,0.0,0.0,0.0,,3768324934500513378,2025-12-16 15:33:46.777716
2025-12-16,24500,SEA,COL,30006121,Carson Rehkopf,goals,rf_qrf_goals,0.3.0,empirical_qrf,0.0,0.0,0.0,,3768324934500513378,2025-12-16 15:33:46.777716
2025-12-16,24500,SEA,COL,30006125,Caden Price,goals,rf_qrf_goals,0.3.0,empirical_qrf,0.013504619550034234,0.004422829519316986,0.024050074321813456,,3768324934500513378,2025-12-16 15:33:46.777716
2025-12-16,24500,SEA,COL,30006197,Andrei Loshko,goals,rf_qrf_goals,0.3.0,empirical_qrf,0.002235615692932009,0.001345030138054065,0.003188872592410723,,3768324934500513378,2025-12-16 15:33:46.777716
2025-12-16,24500,SEA,COL,30006437,Kaden Hammell,goals,rf_qrf_goals,0.3.0,empirical_qrf,0.002441787757478996,0.0,0.0052425458635965965,,3768324934500513378,2025-12-16 15:33:46.777716
2025-12-16,24500,COL,SEA,30006102,Gavin Brindley,goals,rf_qrf_goals,0.3.0,empirical_qrf,0.0,0.0,0.0,,3768324934500513378,2025-12-16 15:33:46.777716
2025-12-16,24500,SEA,COL,30005681,Jagger Firkus,goals,rf_qrf_goals,0.3.0,empirical_qrf,0.0,0.0,0.0,,3768324934500513378,2025-12-16 15:33:46.777716
2025-12-16,24500,SEA,COL,30005682,Jani Nyman,goals,rf_qrf_goals,0.3.0,empirical_qrf,0.0265,0.0,0.0,,3768324934500513378,2025-12-16 15:33:46.777716
2025-12-16,24500,SEA,COL,30005683,Niklas Kokko,goals,rf_qrf_goals,0.3.0,empirical_qrf,0.002235615692932009,0.001345030138054065,0.003188872592410723,,3768324934500513378,2025-12-16 15:33:46.777716
2025-12-16,24500,SEA,COL,30005757,Ty Nelson,goals,rf_qrf_goals,0.3.0,empirical_qrf,0.002235615692932009,0.001345030138054065,0.003188872592410723,,3768324934500513378,2025-12-16 15:33:46.777716
2025-12-16,24500,SEA,COL,30006087,Eduard Sale,goals,rf_qrf_goals,0.3.0,empirical_qrf,0.0,0.0,0.0,,3768324934500513378,2025-12-16 15:33:46.777716
2025-12-16,24500,SEA,COL,30006119,Lukas Dragicevic,goals,rf_qrf_goals,0.3.0,empirical_qrf,0.0,0.0,0.0,,3768324934500513378,2025-12-16 15:33:46.777716
2025-12-16,24500,SEA,COL,30005447,Ville Ottavainen,goals,rf_qrf_goals,0.3.0,empirical_qrf,0.0,0.0,0.0,,3768324934500513378,2025-12-16 15:33:46.777716
2025-12-16,24500,SEA,COL,30005503,Logan Morrison,goals,rf_qrf_goals,0.3.0,empirical_qrf,0.006064833314833315,0.0,0.0,,3768324934500513378,2025-12-16 15:33:46.777716
2025-12-16,24500,SEA,COL,30005582,Ben Meyers,goals,rf_qrf_goals,0.3.0,empirical_qrf,0.003926587301587302,0.0,0.0,,3768324934500513378,2025-12-16 15:33:46.777716
2025-12-16,24500,SEA,COL,30005593,Peetro Seppala,goals,rf_qrf_goals,0.3.0,empirical_qrf,0.002235615692932009,0.001345030138054065,0.003188872592410723,,3768324934500513378,2025-12-16 15:33:46.777716
2025-12-16,24500,SEA,COL,30005616,Shane Wright,goals,rf_qrf_goals,0.3.0,empirical_qrf,0.0035432243410184585,0.0,0.0,,3768324934500513378,2025-12-16 15:33:46.777716
2025-12-16,24500,SEA,COL,30005680,David Goyette,goals,rf_qrf_goals,0.3.0,empirical_qrf,0.0,0.0,0.0,,3768324934500513378,2025-12-16 15:33:46.777716
2025-12-16,24500,SEA,COL,30005040,Matty Beniers,goals,rf_qrf_goals,0.3.0,empirical_qrf,0.0,0.0,0.0,,3768324934500513378,2025-12-16 15:33:46.777716
2025-12-16,24500,SEA,COL,30005042,Ryker Evans,goals,rf_qrf_goals,0.3.0,empirical_qrf,0.00576903597227035,0.0,0.013253863134657838,,3768324934500513378,2025-12-16 15:33:46.777716
2025-12-16,24500,SEA,COL,30005239,Jakov Novak,goals,rf_qrf_goals,0.3.0,empirical_qrf,0.002235615692932009,0.001345030138054065,0.003188872592410723,,3768324934500513378,2025-12-16 15:33:46.777716
2025-12-16,24500,SEA,COL,30005333,Jacob Melanson,goals,rf_qrf_goals,0.3.0,empirical_qrf,0.048412519453338125,0.0,0.11764705882352941,,3768324934500513378,2025-12-16 15:33:46.777716
2025-12-16,24500,SEA,COL,30005336,Tye Kartye,goals,rf_qrf_goals,0.3.0,empirical_qrf,0.0,0.0,0.0,,3768324934500513378,2025-12-16 15:33:46.777716
2025-12-16,24500,SEA,COL,30005337,Ryan Winterton,goals,rf_qrf_goals,0.3.0,empirical_qrf,0.01760714285714286,0.0,0.0,,3768324934500513378,2025-12-16 15:33:46.777716
2025-12-16,24500,SEA,COL,30003188,Jack LaFontaine,goals,rf_qrf_goals,0.3.0,empirical_qrf,0.0,0.0,0.0,,3768324934500513378,2025-12-16 15:33:46.777716
2025-12-16,24500,SEA,COL,30003214,Joshua Mahura,goals,rf_qrf_goals,0.3.0,empirical_qrf,0.0,0.0,0.0,,3768324934500513378,2025-12-16 15:33:46.777716
2025-12-16,24500,SEA,COL,30003660,Eeli Tolvanen,goals,rf_qrf_goals,0.3.0,empirical_qrf,0.0,0.0,0.0,,3768324934500513378,2025-12-16 15:33:46.777716
2025-12-16,24500,SEA,COL,30003703,Cale Fleury,goals,rf_qrf_goals,0.3.0,empirical_qrf,0.0,0.0,0.0,,3768324934500513378,2025-12-16 15:33:46.777716
2025-12-16,24500,SEA,COL,30004419,Joey Daccord,goals,rf_qrf_goals,0.3.0,empirical_qrf,0.002235615692932009,0.001345030138054065,0.003188872592410723,,3768324934500513378,2025-12-16 15:33:46.777716
2025-12-16,24500,SEA,COL,30004471,Kaapo Kakko,goals,rf_qrf_goals,0.3.0,empirical_qrf,0.0,0.0,0.0,,3768324934500513378,2025-12-16 15:33:46.777716
2025-12-16,24500,SEA,COL,30000882,Brandon Montour,goals,rf_qrf_goals,0.3.0,empirical_qrf,0.0,0.0,0.0,,3768324934500513378,2025-12-16 15:33:46.777716
2025-12-16,24500,SEA,COL,30000929,Jared McCann,goals,rf_qrf_goals,0.3.0,empirical_qrf,0.0,0.0,0.0,,3768324934500513378,2025-12-16 15:33:46.777716
2025-12-16,24500,SEA,COL,30002223,Mason Marchment,goals,rf_qrf_goals,0.3.0,empirical_qrf,0.0,0.0,0.0,,3768324934500513378,2025-12-16 15:33:46.777716
2025-12-16,24500,SEA,COL,30002529,John Hayden,goals,rf_qrf_goals,0.3.0,empirical_qrf,0.0,0.0,0.0,,3768324934500513378,2025-12-16 15:33:46.777716
2025-12-16,24500,SEA,COL,30002711,Frederick Gaudreau,goals,rf_qrf_goals,0.3.0,empirical_qrf,0.0,0.0,0.0,,3768324934500513378,2025-12-16 15:33:46.777716
2025-12-16,24500,SEA,COL,30003184,Ryan Lindgren,goals,rf_qrf_goals,0.3.0,empirical_qrf,0.0,0.0,0.0,,3768324934500513378,2025-12-16 15:33:46.777716
2025-12-16,24500,SEA,COL,30000596,Chandler Stephenson,goals,rf_qrf_goals,0.3.0,empirical_qrf,0.0,0.0,0.0,,3768324934500513378,2025-12-16 15:33:46.777716
2025-12-16,24500,SEA,COL,30000629,Matt Murray,goals,rf_qrf_goals,0.3.0,empirical_qrf,0.002235615692932009,0.001345030138054065,0.003188872592410723,,3768324934500513378,2025-12-16 15:33:46.777716
2025-12-16,24500,SEA,COL,30000674,Vince Dunn,goals,rf_qrf_goals,0.3.0,empirical_qrf,0.01111111111111111,0.0,0.0,,3768324934500513378,2025-12-16 15:33:46.777716
2025-12-16,24500,SEA,COL,30000758,Jamie Oleksiak,goals,rf_qrf_goals,0.3.0,empirical_qrf,0.011324942396150933,0.0,0.028169014084507043,,3768324934500513378,2025-12-16 15:33:46.777716
2025-12-16,24500,SEA,COL,30000794,Jaden Schwartz,goals,rf_qrf_goals,0.3.0,empirical_qrf,0.0,0.0,0.0,,3768324934500513378,2025-12-16 15:33:46.777716
2025-12-16,24500,SEA,COL,30000812,Gustav Olofsson,goals,rf_qrf_goals,0.3.0,empirical_qrf,0.002235615692932009,0.001345030138054065,0.003188872592410723,,3768324934500513378,2025-12-16 15:33:46.777716
2025-12-16,24500,COL,SEA,30006385,Saige Weinstein,goals,rf_qrf_goals,0.3.0,empirical_qrf,0.002235615692932009,0.001345030138054065,0.003188872592410723,,3768324934500513378,2025-12-16 15:33:46.777716
2025-12-16,24500,COL,SEA,30006387,Neil Shea,goals,rf_qrf_goals,0.3.0,empirical_qrf,0.002235615692932009,0.001345030138054065,0.003188872592410723,,3768324934500513378,2025-12-16 15:33:46.777716
2025-12-16,24500,SEA,COL,30000303,Adam Larsson,goals,rf_qrf_goals,0.3.0,empirical_qrf,0.0,0.0,0.0,,3768324934500513378,2025-12-16 15:33:46.777716
2025-12-16,24500,SEA,COL,30000460,Max McCormick,goals,rf_qrf_goals,0.3.0,empirical_qrf,0.0,0.0,0.0,,3768324934500513378,2025-12-16 15:33:46.777716
2025-12-16,24500,SEA,COL,30000539,Jordan Eberle,goals,rf_qrf_goals,0.3.0,empirical_qrf,0.0006944444444444444,0.0,0.0,,3768324934500513378,2025-12-16 15:33:46.777716
2025-12-16,24500,SEA,COL,30000577,Philipp Grubauer,goals,rf_qrf_goals,0.3.0,empirical_qrf,0.002235615692932009,0.001345030138054065,0.003188872592410723,,3768324934500513378,2025-12-16 15:33:46.777716
2025-12-16,24500,COL,SEA,30005581,Wyatt Aamodt,goals,rf_qrf_goals,0.3.0,empirical_qrf,0.0,0.0,0.0,,3768324934500513378,2025-12-16 15:33:46.777716
2025-12-16,24500,COL,SEA,30005777,Ivan Ivan,goals,rf_qrf_goals,0.3.0,empirical_qrf,0.006070454412932454,0.0,0.013614760972882306,,3768324934500513378,2025-12-16 15:33:46.777716
2025-12-16,24500,COL,SEA,30006033,Jason Polin,goals,rf_qrf_goals,0.3.0,empirical_qrf,0.0,0.0,0.0,,3768324934500513378,2025-12-16 15:33:46.777716
2025-12-16,24500,COL,SEA,30006036,Sam Malinski,goals,rf_qrf_goals,0.3.0,empirical_qrf,0.0,0.0,0.0,,3768324934500513378,2025-12-16 15:33:46.777716
2025-12-16,24500,COL,SEA,30006255,Maros Jedlicka,goals,rf_qrf_goals,0.3.0,empirical_qrf,0.002441787757478996,0.0,0.0052425458635965965,,3768324934500513378,2025-12-16 15:33:46.777716
2025-12-16,24500,COL,SEA,30006377,Noah Ganske,goals,rf_qrf_goals,0.3.0,empirical_qrf,0.002235615692932009,0.001345030138054065,0.003188872592410723,,3768324934500513378,2025-12-16 15:33:46.777716
2025-12-16,24500,COL,SEA,30004757,Jack Ahcan,goals,rf_qrf_goals,0.3.0,empirical_qrf,0.00576903597227035,0.0,0.013253863134657838,,3768324934500513378,2025-12-16 15:33:46.777716
2025-12-16,24500,COL,SEA,30004842,Danil Gushchin,goals,rf_qrf_goals,0.3.0,empirical_qrf,0.0,0.0,0.0,,3768324934500513378,2025-12-16 15:33:46.777716
2025-12-16,24500,COL,SEA,30004938,Ilya Solovyov,goals,rf_qrf_goals,0.3.0,empirical_qrf,0.011324942396150933,0.0,0.028169014084507043,,3768324934500513378,2025-12-16 15:33:46.777716
2025-12-16,24500,COL,SEA,30005213,Tyler Inamoto,goals,rf_qrf_goals,0.3.0,empirical_qrf,0.0,0.0,0.0,,3768324934500513378,2025-12-16 15:33:46.777716
2025-12-16,24500,COL,SEA,30005391,Tristen Nielsen,goals,rf_qrf_goals,0.3.0,empirical_qrf,0.0001666666666666667,0.0,0.0,,3768324934500513378,2025-12-16 15:33:46.777716
2025-12-16,24500,COL,SEA,30005470,Zakhar Bardakov,goals,rf_qrf_goals,0.3.0,empirical_qrf,0.058825009442903656,0.0,0.13333333333333333,,3768324934500513378,2025-12-16 15:33:46.777716
2025-12-16,24500,COL,SEA,30004191,Logan O'Connor,goals,rf_qrf_goals,0.3.0,empirical_qrf,0.0,0.0,0.0,,3768324934500513378,2025-12-16 15:33:46.777716
2025-12-16,24500,COL,SEA,30004393,Tye Felhaber,goals,rf_qrf_goals,0.3.0,empirical_qrf,0.00576903597227035,0.0,0.013253863134657838,,3768324934500513378,2025-12-16 15:33:46.777716
2025-12-16,24500,COL,SEA,30004461,Joel Kiviranta,goals,rf_qrf_goals,0.3.0,empirical_qrf,0.0,0.0,0.0,,3768324934500513378,2025-12-16 15:33:46.777716
2025-12-16,24500,COL,SEA,30004557,Ronnie Attard,goals,rf_qrf_goals,0.3.0,empirical_qrf,0.002235615692932009,0.001345030138054065,0.003188872592410723,,3768324934500513378,2025-12-16 15:33:46.777716
2025-12-16,24500,COL,SEA,30004569,Matthew Stienburg,goals,rf_qrf_goals,0.3.0,empirical_qrf,0.00576903597227035,0.0,0.013253863134657838,,3768324934500513378,2025-12-16 15:33:46.777716
2025-12-16,24500,COL,SEA,30004668,Trent Miner,goals,rf_qrf_goals,0.3.0,empirical_qrf,0.002235615692932009,0.001345030138054065,0.003188872592410723,,3768324934500513378,2025-12-16 15:33:46.777716
2025-12-16,24500,COL,SEA,30003894,Kyle Keyser,goals,rf_qrf_goals,0.3.0,empirical_qrf,0.002235615692932009,0.001345030138054065,0.003188872592410723,,3768324934500513378,2025-12-16 15:33:46.777716
2025-12-16,24500,COL,SEA,30003898,Parker Kelly,goals,rf_qrf_goals,0.3.0,empirical_qrf,0.013504619550034234,0.004422829519316986,0.024050074321813456,,3768324934500513378,2025-12-16 15:33:46.777716
2025-12-16,24500,COL,SEA,30003947,Ross Colton,goals,rf_qrf_goals,0.3.0,empirical_qrf,0.0,0.0,0.0,,3768324934500513378,2025-12-16 15:33:46.777716
2025-12-16,24500,COL,SEA,30004026,Victor Olofsson,goals,rf_qrf_goals,0.3.0,empirical_qrf,0.0,0.0,0.0,,3768324934500513378,2025-12-16 15:33:46.777716
2025-12-16,24500,COL,SEA,30004119,Jake Wise,goals,rf_qrf_goals,0.3.0,empirical_qrf,0.002235615692932009,0.001345030138054065,0.003188872592410723,,3768324934500513378,2025-12-16 15:33:46.777716
2025-12-16,24500,COL,SEA,30004121,Jack Drury,goals,rf_qrf_goals,0.3.0,empirical_qrf,0.0,0.0,0.0,,3768324934500513378,2025-12-16 15:33:46.777716
2025-12-16,24500,COL,SEA,30003183,Samuel Girard,goals,rf_qrf_goals,0.3.0,empirical_qrf,0.0,0.0,0.0,,3768324934500513378,2025-12-16 15:33:46.777716
2025-12-16,24500,COL,SEA,30003488,Keaton Middleton,goals,rf_qrf_goals,0.3.0,empirical_qrf,0.010975533517445428,0.0,0.02534891269068485,,3768324934500513378,2025-12-16 15:33:46.777716
2025-12-16,24500,COL,SEA,30003646,Cale Makar,goals,rf_qrf_goals,0.3.0,empirical_qrf,0.0,0.0,0.0,,3768324934500513378,2025-12-16 15:33:46.777716
2025-12-16,24500,COL,SEA,30003654,Martin Necas,goals,rf_qrf_goals,0.3.0,empirical_qrf,0.004861111111111111,0.0,0.0,,3768324934500513378,2025-12-16 15:33:46.777716
2025-12-16,24500,COL,SEA,30003772,Alex Barré-Boulet,goals,rf_qrf_goals,0.3.0,empirical_qrf,0.00576903597227035,0.0,0.013253863134657838,,3768324934500513378,2025-12-16 15:33:46.777716
2025-12-16,24500,COL,SEA,30003800,Jacob MacDonald,goals,rf_qrf_goals,0.3.0,empirical_qrf,0.002235615692932009,0.001345030138054065,0.003188872592410723,,3768324934500513378,2025-12-16 15:33:46.777716
2025-12-16,24500,COL,SEA,30000903,Gabriel Landeskog,goals,rf_qrf_goals,0.3.0,empirical_qrf,0.01136111111111111,0.0,0.0,,3768324934500513378,2025-12-16 15:33:46.777716
2025-12-16,24500,COL,SEA,30000904,Nathan MacKinnon,goals,rf_qrf_goals,0.3.0,empirical_qrf,0.0016666666666666668,0.0,0.0,,3768324934500513378,2025-12-16 15:33:46.777716
2025-12-16,24500,COL,SEA,30001000,Brock Nelson,goals,rf_qrf_goals,0.3.0,empirical_qrf,0.0,0.0,0.0,,3768324934500513378,2025-12-16 15:33:46.777716
2025-12-16,24500,COL,SEA,30002512,Artturi Lehkonen,goals,rf_qrf_goals,0.3.0,empirical_qrf,0.009972222222222223,0.0,0.0,,3768324934500513378,2025-12-16 15:33:46.777716
2025-12-16,24500,COL,SEA,30002779,Mackenzie Blackwood,goals,rf_qrf_goals,0.3.0,empirical_qrf,0.002235615692932009,0.001345030138054065,0.003188872592410723,,3768324934500513378,2025-12-16 15:33:46.777716
2025-12-16,24500,COL,SEA,30003087,Devon Toews,goals,rf_qrf_goals,0.3.0,empirical_qrf,0.0,0.0,0.0,,3768324934500513378,2025-12-16 15:33:46.777716
2025-12-16,24501,CGY,SJ,30000032,Nazem Kadri,goals,rf_qrf_goals,0.3.0,empirical_qrf,0.0,0.0,0.0,,3768324934500513378,2025-12-16 15:33:46.777716
2025-12-16,24501,CGY,SJ,30000103,Mikael Backlund,goals,rf_qrf_goals,0.3.0,empirical_qrf,0.0,0.0,0.0,,3768324934500513378,2025-12-16 15:33:46.777716
2025-12-16,24501,CGY,SJ,30000237,MacKenzie Weegar,goals,rf_qrf_goals,0.3.0,empirical_qrf,0.0,0.0,0.0,,3768324934500513378,2025-12-16 15:33:46.777716
2025-12-16,24501,CGY,SJ,30000311,Blake Coleman,goals,rf_qrf_goals,0.3.0,empirical_qrf,0.0,0.0,0.0,,3768324934500513378,2025-12-16 15:33:46.777716
2025-12-16,24501,CGY,SJ,30000766,Jonathan Huberdeau,goals,rf_qrf_goals,0.3.0,empirical_qrf,0.0,0.0,0.0,,3768324934500513378,2025-12-16 15:33:46.777716
2025-12-16,24501,CGY,SJ,30001029,Martin Frk,goals,rf_qrf_goals,0.3.0,empirical_qrf,0.0003294117647058823,0.0,0.0,,3768324934500513378,2025-12-16 15:33:46.777716
2025-12-16,24501,SJ,CGY,30006468,Collin Graf,goals,rf_qrf_goals,0.3.0,empirical_qrf,0.0,0.0,0.0,,3768324934500513378,2025-12-16 15:33:46.777716
2025-12-16,24501,SJ,CGY,30006484,Sam Dickinson,goals,rf_qrf_goals,0.3.0,empirical_qrf,0.0,0.0,0.0,,3768324934500513378,2025-12-16 15:33:46.777716
2025-12-16,24501,SJ,CGY,30006491,Macklin Celebrini,goals,rf_qrf_goals,0.3.0,empirical_qrf,0.0,0.0,0.0,,3768324934500513378,2025-12-16 15:33:46.777716
2025-12-16,24501,CGY,SJ,30006136,Hunter Brzustewicz,goals,rf_qrf_goals,0.3.0,empirical_qrf,0.0,0.0,0.0,,3768324934500513378,2025-12-16 15:33:46.777716
2025-12-16,24501,SJ,CGY,30006523,Igor Chernyshov,goals,rf_qrf_goals,0.3.0,empirical_qrf,0.002441787757478996,0.0,0.0052425458635965965,,3768324934500513378,2025-12-16 15:33:46.777716
2025-12-16,24501,SJ,CGY,30006008,Nolan Burke,goals,rf_qrf_goals,0.3.0,empirical_qrf,0.002235615692932009,0.001345030138054065,0.003188872592410723,,3768324934500513378,2025-12-16 15:33:46.777716
2025-12-16,24501,SJ,CGY,30006066,Will Smith,goals,rf_qrf_goals,0.3.0,empirical_qrf,0.00011904761904761905,0.0,0.0,,3768324934500513378,2025-12-16 15:33:46.777716
2025-12-16,24501,SJ,CGY,30006085,Quentin Musty,goals,rf_qrf_goals,0.3.0,empirical_qrf,0.005978535353535353,0.0,0.0,,3768324934500513378,2025-12-16 15:33:46.777716
2025-12-16,24501,SJ,CGY,30006114,Kasper Halttunen,goals,rf_qrf_goals,0.3.0,empirical_qrf,0.0,0.0,0.0,,3768324934500513378,2025-12-16 15:33:46.777716
2025-12-16,24501,SJ,CGY,30006189,Luca Cagnoni,goals,rf_qrf_goals,0.3.0,empirical_qrf,0.0,0.0,0.0,,3768324934500513378,2025-12-16 15:33:46.777716
2025-12-16,24501,SJ,CGY,30006307,Anthony Vincent,goals,rf_qrf_goals,0.3.0,empirical_qrf,0.0,0.0,0.0,,3768324934500513378,2025-12-16 15:33:46.777716
2025-12-16,24501,SJ,CGY,30005207,Ethan Cardwell,goals,rf_qrf_goals,0.3.0,empirical_qrf,0.0008333333333333334,0.0,0.0,,3768324934500513378,2025-12-16 15:33:46.777716
2025-12-16,24501,SJ,CGY,30005602,Pavol Regenda,goals,rf_qrf_goals,0.3.0,empirical_qrf,0.0019444444444444442,0.0,0.0,,3768324934500513378,2025-12-16 15:33:46.777716
2025-12-16,24501,SJ,CGY,30005628,Yaroslav Askarov,goals,rf_qrf_goals,0.3.0,empirical_qrf,0.002235615692932009,0.001345030138054065,0.003188872592410723,,3768324934500513378,2025-12-16 15:33:46.777716
2025-12-16,24501,SJ,CGY,30005649,Filip Bystedt,goals,rf_qrf_goals,0.3.0,empirical_qrf,0.002235615692932009,0.001345030138054065,0.003188872592410723,,3768324934500513378,2025-12-16 15:33:46.777716
2025-12-16,24501,SJ,CGY,30005752,Patrick Giles,goals,rf_qrf_goals,0.3.0,empirical_qrf,0.0,0.0,0.0,,3768324934500513378,2025-12-16 15:33:46.777716
2025-12-16,24501,SJ,CGY,30005839,Jake Furlong,goals,rf_qrf_goals,0.3.0,empirical_qrf,0.002235615692932009,0.001345030138054065,0.003188872592410723,,3768324934500513378,2025-12-16 15:33:46.777716
2025-12-16,24501,SJ,CGY,30004654,Beck Warm,goals,rf_qrf_goals,0.3.0,empirical_qrf,0.002235615692932009,0.001345030138054065,0.003188872592410723,,3768324934500513378,2025-12-16 15:33:46.777716
2025-12-16,24501,SJ,CGY,30004811,Shakir Mukhamadullin,goals,rf_qrf_goals,0.3.0,empirical_qrf,0.0,0.0,0.0,,3768324934500513378,2025-12-16 15:33:46.777716
2025-12-16,24501,SJ,CGY,30004995,William Eklund,goals,rf_qrf_goals,0.3.0,empirical_qrf,0.0,0.0,0.0,,3768324934500513378,2025-12-16 15:33:46.777716
2025-12-16,24501,SJ,CGY,30005013,Zack Ostapchuk,goals,rf_qrf_goals,0.3.0,empirical_qrf,0.03183751820156447,0.010405927835051546,0.056883490073145256,,3768324934500513378,2025-12-16 15:33:46.777716
2025-12-16,24501,SJ,CGY,30005031,Vincent Iorio,goals,rf_qrf_goals,0.3.0,empirical_qrf,0.03183751820156447,0.010405927835051546,0.056883490073145256,,3768324934500513378,2025-12-16 15:33:46.777716
2025-12-16,24501,SJ,CGY,30005081,Cole Clayton,goals,rf_qrf_goals,0.3.0,empirical_qrf,0.03660895886175432,0.0,0.09090909090909091,,3768324934500513378,2025-12-16 15:33:46.777716
2025-12-16,24501,SJ,CGY,30003937,Vincent Desharnais,goals,rf_qrf_goals,0.3.0,empirical_qrf,0.00576903597227035,0.0,0.013253863134657838,,3768324934500513378,2025-12-16 15:33:46.777716
2025-12-16,24501,SJ,CGY,30003989,Adam Gaudette,goals,rf_qrf_goals,0.3.0,empirical_qrf,0.21811423298923296,0.0,0.5,,3768324934500513378,2025-12-16 15:33:46.777716
2025-12-16,24501,SJ,CGY,30004092,Ty Dellandrea,goals,rf_qrf_goals,0.3.0,empirical_qrf,0.0,0.0,0.0,,3768324934500513378,2025-12-16 15:33:46.777716
2025-12-16,24501,SJ,CGY,30004123,Philipp Kurashev,goals,rf_qrf_goals,0.3.0,empirical_qrf,0.03183751820156447,0.010405927835051546,0.056883490073145256,,3768324934500513378,2025-12-16 15:33:46.777716
2025-12-16,24501,SJ,CGY,30004136,Jakub Skarek,goals,rf_qrf_goals,0.3.0,empirical_qrf,0.002235615692932009,0.001345030138054065,0.003188872592410723,,3768324934500513378,2025-12-16 15:33:46.777716
2025-12-16,24501,SJ,CGY,30004392,Jimmy Huntington,goals,rf_qrf_goals,0.3.0,empirical_qrf,0.002441787757478996,0.0,0.0052425458635965965,,3768324934500513378,2025-12-16 15:33:46.777716
2025-12-16,24501,SJ,CGY,30001301,Ryan Reaves,goals,rf_qrf_goals,0.3.0,empirical_qrf,0.002235615692932009,0.001345030138054065,0.003188872592410723,,3768324934500513378,2025-12-16 15:33:46.777716
2025-12-16,24501,SJ,CGY,30002590,Alex Nedeljkovic,goals,rf_qrf_goals,0.3.0,empirical_qrf,0.002235615692932009,0.001345030138054065,0.003188872592410723,,3768324934500513378,2025-12-16 15:33:46.777716
2025-12-16,24501,SJ,CGY,30002693,Aaron Dell,goals,rf_qrf_goals,0.3.0,empirical_qrf,0.0029365079365079364,0.0,0.0,,3768324934500513378,2025-12-16 15:33:46.777716
2025-12-16,24501,SJ,CGY,30003648,Timothy Liljegren,goals,rf_qrf_goals,0.3.0,empirical_qrf,0.0,0.0,0.0,,3768324934500513378,2025-12-16 15:33:46.777716
2025-12-16,24501,SJ,CGY,30003651,Shane Bowers,goals,rf_qrf_goals,0.3.0,empirical_qrf,0.029565044212753997,0.0,0.05970149253731343,,3768324934500513378,2025-12-16 15:33:46.777716
2025-12-16,24501,SJ,CGY,30003693,Mario Ferraro,goals,rf_qrf_goals,0.3.0,empirical_qrf,0.002441787757478996,0.0,0.0052425458635965965,,3768324934500513378,2025-12-16 15:33:46.777716
2025-12-16,24501,SJ,CGY,30000287,Nick Leddy,goals,rf_qrf_goals,0.3.0,empirical_qrf,0.0,0.0,0.0,,3768324934500513378,2025-12-16 15:33:46.777716
2025-12-16,24501,SJ,CGY,30000384,Dmitry Orlov,goals,rf_qrf_goals,0.3.0,empirical_qrf,0.0,0.0,0.0,,3768324934500513378,2025-12-16 15:33:46.777716
2025-12-16,24501,SJ,CGY,30000426,Alexander Wennberg,goals,rf_qrf_goals,0.3.0,empirical_qrf,0.0,0.0,0.0,,3768324934500513378,2025-12-16 15:33:46.777716
2025-12-16,24501,SJ,CGY,30000642,Jeff Skinner,goals,rf_qrf_goals,0.3.0,empirical_qrf,0.0001282051282051282,0.0,0.0,,3768324934500513378,2025-12-16 15:33:46.777716
2025-12-16,24501,SJ,CGY,30000754,John Klingberg,goals,rf_qrf_goals,0.3.0,empirical_qrf,0.0,0.0,0.0,,3768324934500513378,2025-12-16 15:33:46.777716
2025-12-16,24501,SJ,CGY,30000914,Barclay Goodrow,goals,rf_qrf_goals,0.3.0,empirical_qrf,0.0,0.0,0.0,,3768324934500513378,2025-12-16 15:33:46.777716
2025-12-16,24501,CGY,SJ,30006371,Matt Radomsky,goals,rf_qrf_goals,0.3.0,empirical_qrf,0.002235615692932009,0.001345030138054065,0.003188872592410723,,3768324934500513378,2025-12-16 15:33:46.777716
2025-12-16,24501,CGY,SJ,30006372,Connor Murphy,goals,rf_qrf_goals,0.3.0,empirical_qrf,0.002235615692932009,0.001345030138054065,0.003188872592410723,,3768324934500513378,2025-12-16 15:33:46.777716
2025-12-16,24501,SJ,CGY,30000007,Carey Price,goals,rf_qrf_goals,0.3.0,empirical_qrf,0.002235615692932009,0.001345030138054065,0.003188872592410723,,3768324934500513378,2025-12-16 15:33:46.777716
2025-12-16,24501,SJ,CGY,30000128,Logan Couture,goals,rf_qrf_goals,0.3.0,empirical_qrf,0.002235615692932009,0.001345030138054065,0.003188872592410723,,3768324934500513378,2025-12-16 15:33:46.777716
2025-12-16,24501,SJ,CGY,30000157,Tyler Toffoli,goals,rf_qrf_goals,0.3.0,empirical_qrf,0.002380952380952381,0.0,0.0,,3768324934500513378,2025-12-16 15:33:46.777716
2025-12-16,24501,SJ,CGY,30000182,Ryan Ellis,goals,rf_qrf_goals,0.3.0,empirical_qrf,0.002235615692932009,0.001345030138054065,0.003188872592410723,,3768324934500513378,2025-12-16 15:33:46.777716
2025-12-16,24501,CGY,SJ,30005142,Rory Kerins,goals,rf_qrf_goals,0.3.0,empirical_qrf,0.00011904761904761905,0.0,0.0,,3768324934500513378,2025-12-16 15:33:46.777716
2025-12-16,24501,CGY,SJ,30005297,Nick Cicek,goals,rf_qrf_goals,0.3.0,empirical_qrf,0.0,0.0,0.0,,3768324934500513378,2025-12-16 15:33:46.777716
2025-12-16,24501,CGY,SJ,30005595,Adam Klapka,goals,rf_qrf_goals,0.3.0,empirical_qrf,0.0,0.0,0.0,,3768324934500513378,2025-12-16 15:33:46.777716
2025-12-16,24501,CGY,SJ,30005729,Parker Bell,goals,rf_qrf_goals,0.3.0,empirical_qrf,0.002235615692932009,0.001345030138054065,0.003188872592410723,,3768324934500513378,2025-12-16 15:33:46.777716
2025-12-16,24501,CGY,SJ,30006084,Samuel Honzek,goals,rf_qrf_goals,0.3.0,empirical_qrf,0.0,0.0,0.0,,3768324934500513378,2025-12-16 15:33:46.777716
2025-12-16,24501,CGY,SJ,30006111,Etienne Morin,goals,rf_qrf_goals,0.3.0,empirical_qrf,0.0,0.0,0.0,,3768324934500513378,2025-12-16 15:33:46.777716
2025-12-16,24501,CGY,SJ,30004855,Yan Kuznetsov,goals,rf_qrf_goals,0.3.0,empirical_qrf,0.00576903597227035,0.0,0.013253863134657838,,3768324934500513378,2025-12-16 15:33:46.777716
2025-12-16,24501,CGY,SJ,30004869,Jeremie Poirier,goals,rf_qrf_goals,0.3.0,empirical_qrf,0.002235615692932009,0.001345030138054065,0.003188872592410723,,3768324934500513378,2025-12-16 15:33:46.777716
2025-12-16,24501,CGY,SJ,30004925,Daniil Miromanov,goals,rf_qrf_goals,0.3.0,empirical_qrf,0.0,0.0,0.0,,3768324934500513378,2025-12-16 15:33:46.777716
2025-12-16,24501,CGY,SJ,30004993,Matt Coronato,goals,rf_qrf_goals,0.3.0,empirical_qrf,0.0,0.0,0.0,,3768324934500513378,2025-12-16 15:33:46.777716
2025-12-16,24501,CGY,SJ,30005038,William Stromgren,goals,rf_qrf_goals,0.3.0,empirical_qrf,0.002235615692932009,0.001345030138054065,0.003188872592410723,,3768324934500513378,2025-12-16 15:33:46.777716
2025-12-16,24501,CGY,SJ,30005139,Lucas Ciona,goals,rf_qrf_goals,0.3.0,empirical_qrf,0.002235615692932009,0.001345030138054065,0.003188872592410723,,3768324934500513378,2025-12-16 15:33:46.777716
2025-12-16,24501,CGY,SJ,30004310,Brayden Pachal,goals,rf_qrf_goals,0.3.0,empirical_qrf,0.0,0.0,0.0,,3768324934500513378,2025-12-16 15:33:46.777716
2025-12-16,24501,CGY,SJ,30004363,Martin Pospisil,goals,rf_qrf_goals,0.3.0,empirical_qrf,0.0,0.0,0.0,,3768324934500513378,2025-12-16 15:33:46.777716
2025-12-16,24501,CGY,SJ,30004493,John Beecher,goals,rf_qrf_goals,0.3.0,empirical_qrf,0.0,0.0,0.0,,3768324934500513378,2025-12-16 15:33:46.777716
2025-12-16,24501,CGY,SJ,30004665,Dustin Wolf,goals,rf_qrf_goals,0.3.0,empirical_qrf,0.002235615692932009,0.001345030138054065,0.003188872592410723,,3768324934500513378,2025-12-16 15:33:46.777716
2025-12-16,24501,CGY,SJ,30004791,Devin Cooley,goals,rf_qrf_goals,0.3.0,empirical_qrf,0.002235615692932009,0.001345030138054065,0.003188872592410723,,3768324934500513378,2025-12-16 15:33:46.777716
2025-12-16,24501,CGY,SJ,30004823,Connor Zary,goals,rf_qrf_goals,0.3.0,empirical_qrf,0.0,0.0,0.0,,3768324934500513378,2025-12-16 15:33:46.777716
2025-12-16,24501,CGY,SJ,30003145,Jake Bean,goals,rf_qrf_goals,0.3.0,empirical_qrf,0.013504619550034234,0.004422829519316986,0.024050074321813456,,3768324934500513378,2025-12-16 15:33:46.777716
2025-12-16,24501,CGY,SJ,30003418,Alex Gallant,goals,rf_qrf_goals,0.3.0,empirical_qrf,0.002235615692932009,0.001345030138054065,0.003188872592410723,,3768324934500513378,2025-12-16 15:33:46.777716
2025-12-16,24501,CGY,SJ,30003656,Morgan Frost,goals,rf_qrf_goals,0.3.0,empirical_qrf,0.0,0.0,0.0,,3768324934500513378,2025-12-16 15:33:46.777716
2025-12-16,24501,CGY,SJ,30004089,Joel Farabee,goals,rf_qrf_goals,0.3.0,empirical_qrf,0.0,0.0,0.0,,3768324934500513378,2025-12-16 15:33:46.777716
2025-12-16,24501,CGY,SJ,30004162,Kevin Bahl,goals,rf_qrf_goals,0.3.0,empirical_qrf,0.0,0.0,0.0,,3768324934500513378,2025-12-16 15:33:46.777716
2025-12-16,24501,CGY,SJ,30004190,Yegor Sharangovich,goals,rf_qrf_goals,0.3.0,empirical_qrf,0.00018518518518518518,0.0,0.0,,3768324934500513378,2025-12-16 15:33:46.777716
2025-12-16,24501,CGY,SJ,30001133,Rasmus Andersson,goals,rf_qrf_goals,0.3.0,empirical_qrf,0.0,0.0,0.0,,3768324934500513378,2025-12-16 15:33:46.777716
2025-12-16,24501,CGY,SJ,30001248,Joel Hanley,goals,rf_qrf_goals,0.3.0,empirical_qrf,0.03660895886175432,0.0,0.09090909090909091,,3768324934500513378,2025-12-16 15:33:46.777716
2025-12-16,24501,CGY,SJ,30002217,Ryan Lomberg,goals,rf_qrf_goals,0.3.0,empirical_qrf,0.011324942396150933,0.0,0.028169014084507043,,3768324934500513378,2025-12-16 15:33:46.777716
2025-12-16,24501,CGY,SJ,30002595,Justin Kirkland,goals,rf_qrf_goals,0.3.0,empirical_qrf,0.0,0.0,0.0,,3768324934500513378,2025-12-16 15:33:46.777716
2025-12-16,24501,CGY,SJ,30002668,Clark Bishop,goals,rf_qrf_goals,0.3.0,empirical_qrf,0.0,0.0,0.0,,3768324934500513378,2025-12-16 15:33:46.777716
2025-12-16,24501,CGY,SJ,30003001,Dryden Hunt,goals,rf_qrf_goals,0.3.0,empirical_qrf,0.0,0.0,0.0,,3768324934500513378,2025-12-16 15:33:46.777716
2025-12-16,24492,CHI,TOR,30000585,Andre Burakovsky,assists,rf_qrf_assists,0.3.0,empirical_qrf,0.024892341181158403,0.0,0.0625,,3768324934500513378,2025-12-16 15:34:00.776506
2025-12-16,24492,CHI,TOR,30000691,Nick Foligno,assists,rf_qrf_assists,0.3.0,empirical_qrf,0.0016025641025641025,0.0,0.0,,3768324934500513378,2025-12-16 15:34:00.776506
2025-12-16,24492,CHI,TOR,30000748,Jason Dickinson,assists,rf_qrf_assists,0.3.0,empirical_qrf,0.053696659006827,0.0,0.1054511278195489,,3768324934500513378,2025-12-16 15:34:00.776506
2025-12-16,24492,CHI,TOR,30000842,Tyler Bertuzzi,assists,rf_qrf_assists,0.3.0,empirical_qrf,0.0013888888888888887,0.0,0.0,,3768324934500513378,2025-12-16 15:34:00.776506
2025-12-16,24492,CHI,TOR,30000871,Teuvo Teravainen,assists,rf_qrf_assists,0.3.0,empirical_qrf,0.0,0.0,0.0,,3768324934500513378,2025-12-16 15:34:00.776506
2025-12-16,24492,CHI,TOR,30001060,Shea Weber,assists,rf_qrf_assists,0.3.0,empirical_qrf,0.005977959256869724,0.004659204051222574,0.007251953644694697,,3768324934500513378,2025-12-16 15:34:00.776506
2025-12-16,24492,TOR,CHI,30006276,Marc Johnstone,assists,rf_qrf_assists,0.3.0,empirical_qrf,0.005977959256869724,0.004659204051222574,0.007251953644694697,,3768324934500513378,2025-12-16 15:34:00.776506
2025-12-16,24492,TOR,CHI,30006378,Jake Johnson,assists,rf_qrf_assists,0.3.0,empirical_qrf,0.005977959256869724,0.004659204051222574,0.007251953644694697,,3768324934500513378,2025-12-16 15:34:00.776506
2025-12-16,24492,TOR,CHI,30006388,Keenan Suthers,assists,rf_qrf_assists,0.3.0,empirical_qrf,0.005977959256869724,0.004659204051222574,0.007251953644694697,,3768324934500513378,2025-12-16 15:34:00.776506
2025-12-16,24492,TOR,CHI,30006389,Jacob Frasca,assists,rf_qrf_assists,0.3.0,empirical_qrf,0.005977959256869724,0.004659204051222574,0.007251953644694697,,3768324934500513378,2025-12-16 15:34:00.776506
2025-12-16,24492,TOR,CHI,30004511,Henry Thrun,assists,rf_qrf_assists,0.3.0,empirical_qrf,0.0,0.0,0.0,,3768324934500513378,2025-12-16 15:34:00.776506
2025-12-16,24492,TOR,CHI,30005542,Vyacheslav Peksa,assists,rf_qrf_assists,0.3.0,empirical_qrf,0.005977959256869724,0.004659204051222574,0.007251953644694697,,3768324934500513378,2025-12-16 15:34:00.776506
2025-12-16,24492,TOR,CHI,30005589,Bobby McMann,assists,rf_qrf_assists,0.3.0,empirical_qrf,0.0004166666666666667,0.0,0.0,,3768324934500513378,2025-12-16 15:34:00.776506
2025-12-16,24492,TOR,CHI,30005725,Dennis Hildeby,assists,rf_qrf_assists,0.3.0,empirical_qrf,0.005977959256869724,0.004659204051222574,0.007251953644694697,,3768324934500513378,2025-12-16 15:34:00.776506
2025-12-16,24492,TOR,CHI,30005769,Marshall Rifai,assists,rf_qrf_assists,0.3.0,empirical_qrf,0.0070350098513571905,0.0,0.014084507042253521,,3768324934500513378,2025-12-16 15:34:00.776506
2025-12-16,24492,TOR,CHI,30006072,Easton Cowan,assists,rf_qrf_assists,0.3.0,empirical_qrf,0.31192449519578,0.0,0.75,,3768324934500513378,2025-12-16 15:34:00.776506
2025-12-16,24492,TOR,CHI,30006207,Noah Chadwick,assists,rf_qrf_assists,0.3.0,empirical_qrf,0.005977959256869724,0.004659204051222574,0.007251953644694697,,3768324934500513378,2025-12-16 15:34:00.776506
2025-12-16,24492,TOR,CHI,30005024,Matthew Knies,assists,rf_qrf_assists,0.3.0,empirical_qrf,0.0,0.0,0.0,,3768324934500513378,2025-12-16 15:34:00.776506
2025-12-16,24492,TOR,CHI,30005068,Ryan McCleary,assists,rf_qrf_assists,0.3.0,empirical_qrf,0.005977959256869724,0.004659204051222574,0.007251953644694697,,3768324934500513378,2025-12-16 15:34:00.776506
2025-12-16,24492,TOR,CHI,30005143,Ben King,assists,rf_qrf_assists,0.3.0,empirical_qrf,0.005977959256869724,0.004659204051222574,0.007251953644694697,,3768324934500513378,2025-12-16 15:34:00.776506
2025-12-16,24492,TOR,CHI,30005520,Braeden Kressler,assists,rf_qrf_assists,0.3.0,empirical_qrf,0.005977959256869724,0.004659204051222574,0.007251953644694697,,3768324934500513378,2025-12-16 15:34:00.776506
2025-12-16,24492,TOR,CHI,30005527,Artur Akhtyamov,assists,rf_qrf_assists,0.3.0,empirical_qrf,0.005977959256869724,0.004659204051222574,0.007251953644694697,,3768324934500513378,2025-12-16 15:34:00.776506
2025-12-16,24492,TOR,CHI,30005528,Ryan Tverberg,assists,rf_qrf_assists,0.3.0,empirical_qrf,0.0,0.0,0.0,,3768324934500513378,2025-12-16 15:34:00.776506
2025-12-16,24492,TOR,CHI,30004139,Bo Groulx,assists,rf_qrf_assists,0.3.0,empirical_qrf,0.017062282932638968,0.0,0.0,,3768324934500513378,2025-12-16 15:34:00.776506
2025-12-16,24492,TOR,CHI,30004252,Simon Benoit,assists,rf_qrf_assists,0.3.0,empirical_qrf,0.0,0.0,0.0,,3768324934500513378,2025-12-16 15:34:00.776506
2025-12-16,24492,TOR,CHI,30004394,Reese Johnson,assists,rf_qrf_assists,0.3.0,empirical_qrf,0.005977959256869724,0.004659204051222574,0.007251953644694697,,3768324934500513378,2025-12-16 15:34:00.776506
2025-12-16,24492,TOR,CHI,30004509,Nicholas Robertson,assists,rf_qrf_assists,0.3.0,empirical_qrf,0.005,0.0,0.0,,3768324934500513378,2025-12-16 15:34:00.776506
2025-12-16,24492,TOR,CHI,30004539,Matias Maccelli,assists,rf_qrf_assists,0.3.0,empirical_qrf,0.0,0.0,0.0,,3768324934500513378,2025-12-16 15:34:00.776506
2025-12-16,24492,TOR,CHI,30004583,Dakota Joshua,assists,rf_qrf_assists,0.3.0,empirical_qrf,0.03383792840826914,0.0,0.0684931506849315,,3768324934500513378,2025-12-16 15:34:00.776506
2025-12-16,24492,TOR,CHI,30003041,Steven Lorentz,assists,rf_qrf_assists,0.3.0,empirical_qrf,0.0036651404151404146,0.0,0.0,,3768324934500513378,2025-12-16 15:34:00.776506
2025-12-16,24492,TOR,CHI,30003042,Nicolas Roy,assists,rf_qrf_assists,0.3.0,empirical_qrf,0.0,0.0,0.0,,3768324934500513378,2025-12-16 15:34:00.776506
2025-12-16,24492,TOR,CHI,30003083,Troy Stecher,assists,rf_qrf_assists,0.3.0,empirical_qrf,0.03651406377735466,0.0,0.07253446447507955,,3768324934500513378,2025-12-16 15:34:00.776506
2025-12-16,24492,TOR,CHI,30003130,Auston Matthews,assists,rf_qrf_assists,0.3.0,empirical_qrf,0.017865079365079365,0.0,0.0,,3768324934500513378,2025-12-16 15:34:00.776506
2025-12-16,24492,TOR,CHI,30003192,Joseph Woll,assists,rf_qrf_assists,0.3.0,empirical_qrf,0.005977959256869724,0.004659204051222574,0.007251953644694697,,3768324934500513378,2025-12-16 15:34:00.776506
2025-12-16,24492,TOR,CHI,30003562,Vinni Lettieri,assists,rf_qrf_assists,0.3.0,empirical_qrf,0.003337301587301587,0.0,0.0,,3768324934500513378,2025-12-16 15:34:00.776506
2025-12-16,24492,TOR,CHI,30001088,Brandon Carlo,assists,rf_qrf_assists,0.3.0,empirical_qrf,0.017804328825427165,0.0,0.03490412076703387,,3768324934500513378,2025-12-16 15:34:00.776506
2025-12-16,24492,TOR,CHI,30001217,Dakota Mermis,assists,rf_qrf_assists,0.3.0,empirical_qrf,0.004458635759779367,0.0,0.00980392156862745,,3768324934500513378,2025-12-16 15:34:00.776506
2025-12-16,24492,TOR,CHI,30002664,Brandon Baddock,assists,rf_qrf_assists,0.3.0,empirical_qrf,0.005977959256869724,0.004659204051222574,0.007251953644694697,,3768324934500513378,2025-12-16 15:34:00.776506
2025-12-16,24492,TOR,CHI,30002867,Philippe Myers,assists,rf_qrf_assists,0.3.0,empirical_qrf,0.0,0.0,0.0,,3768324934500513378,2025-12-16 15:34:00.776506
2025-12-16,24492,TOR,CHI,30002869,Ken Appleby,assists,rf_qrf_assists,0.3.0,empirical_qrf,0.005977959256869724,0.004659204051222574,0.007251953644694697,,3768324934500513378,2025-12-16 15:34:00.776506
2025-12-16,24492,TOR,CHI,30003022,Travis Boyd,assists,rf_qrf_assists,0.3.0,empirical_qrf,0.014308815077174556,0.0,0.03337078651685394,,3768324934500513378,2025-12-16 15:34:00.776506
2025-12-16,24492,TOR,CHI,30000264,Scott Laughton,assists,rf_qrf_assists,0.3.0,empirical_qrf,0.0,0.0,0.0,,3768324934500513378,2025-12-16 15:34:00.776506
2025-12-16,24492,TOR,CHI,30000275,John Tavares,assists,rf_qrf_assists,0.3.0,empirical_qrf,0.0,0.0,0.0,,3768324934500513378,2025-12-16 15:34:00.776506
2025-12-16,24492,TOR,CHI,30000486,William Nylander,assists,rf_qrf_assists,0.3.0,empirical_qrf,0.05964017999935405,0.0,0.13636363636363635,,3768324934500513378,2025-12-16 15:34:00.776506
2025-12-16,24492,TOR,CHI,30000507,Jake McCabe,assists,rf_qrf_assists,0.3.0,empirical_qrf,0.004458635759779367,0.0,0.00980392156862745,,3768324934500513378,2025-12-16 15:34:00.776506
2025-12-16,24492,TOR,CHI,30000940,Max Domi,assists,rf_qrf_assists,0.3.0,empirical_qrf,0.0,0.0,0.0,,3768324934500513378,2025-12-16 15:34:00.776506
2025-12-16,24492,TOR,CHI,30000943,Oliver Ekman-Larsson,assists,rf_qrf_assists,0.3.0,empirical_qrf,0.0,0.0,0.0,,3768324934500513378,2025-12-16 15:34:00.776506
2025-12-16,24492,CHI,TOR,30006312,Joe Carroll,assists,rf_qrf_assists,0.3.0,empirical_qrf,0.005977959256869724,0.004659204051222574,0.007251953644694697,,3768324934500513378,2025-12-16 15:34:00.776506
2025-12-16,24492,CHI,TOR,30006496,Artyom Levshunov,assists,rf_qrf_assists,0.3.0,empirical_qrf,0.024892341181158403,0.0,0.0625,,3768324934500513378,2025-12-16 15:34:00.776506
2025-12-16,24492,TOR,CHI,30000040,Morgan Rielly,assists,rf_qrf_assists,0.3.0,empirical_qrf,0.0,0.0,0.0,,3768324934500513378,2025-12-16 15:34:00.776506
2025-12-16,24492,TOR,CHI,30000100,Christopher Tanev,assists,rf_qrf_assists,0.3.0,empirical_qrf,0.0070350098513571905,0.0,0.014084507042253521,,3768324934500513378,2025-12-16 15:34:00.776506
2025-12-16,24492,TOR,CHI,30000241,Calle Jarnkrok,assists,rf_qrf_assists,0.3.0,empirical_qrf,0.0,0.0,0.0,,3768324934500513378,2025-12-16 15:34:00.776506
2025-12-16,24492,TOR,CHI,30000259,Anthony Stolarz,assists,rf_qrf_assists,0.3.0,empirical_qrf,0.005977959256869724,0.004659204051222574,0.007251953644694697,,3768324934500513378,2025-12-16 15:34:00.776506
2025-12-16,24492,CHI,TOR,30006064,Connor Bedard,assists,rf_qrf_assists,0.3.0,empirical_qrf,0.0,0.0,0.0,,3768324934500513378,2025-12-16 15:34:00.776506
2025-12-16,24492,CHI,TOR,30006077,Oliver Moore,assists,rf_qrf_assists,0.3.0,empirical_qrf,0.0,0.0,0.0,,3768324934500513378,2025-12-16 15:34:00.776506
2025-12-16,24492,CHI,TOR,30006105,Martin Misiak,assists,rf_qrf_assists,0.3.0,empirical_qrf,0.0,0.0,0.0,,3768324934500513378,2025-12-16 15:34:00.776506
2025-12-16,24492,CHI,TOR,30006145,Nick Lardis,assists,rf_qrf_assists,0.3.0,empirical_qrf,0.004458635759779367,0.0,0.00980392156862745,,3768324934500513378,2025-12-16 15:34:00.776506
2025-12-16,24492,CHI,TOR,30006219,Marcel Marcel,assists,rf_qrf_assists,0.3.0,empirical_qrf,0.005977959256869724,0.004659204051222574,0.007251953644694697,,3768324934500513378,2025-12-16 15:34:00.776506
2025-12-16,24492,CHI,TOR,30006279,Sahil Panwar,assists,rf_qrf_assists,0.3.0,empirical_qrf,0.005977959256869724,0.004659204051222574,0.007251953644694697,,3768324934500513378,2025-12-16 15:34:00.776506
2025-12-16,24492,CHI,TOR,30005665,Paul Ludwinski,assists,rf_qrf_assists,0.3.0,empirical_qrf,0.02358742069693188,0.0,0.0449438202247191,,3768324934500513378,2025-12-16 15:34:00.776506
2025-12-16,24492,CHI,TOR,30005666,Ryan Greene,assists,rf_qrf_assists,0.3.0,empirical_qrf,0.0029618068863726007,0.0,0.006389776357827476,,3768324934500513378,2025-12-16 15:34:00.776506
2025-12-16,24492,CHI,TOR,30005718,Samuel Savoie,assists,rf_qrf_assists,0.3.0,empirical_qrf,0.014308815077174556,0.0,0.03337078651685394,,3768324934500513378,2025-12-16 15:34:00.776506
2025-12-16,24492,CHI,TOR,30005816,Gavin Hayes,assists,rf_qrf_assists,0.3.0,empirical_qrf,0.0,0.0,0.0,,3768324934500513378,2025-12-16 15:34:00.776506
2025-12-16,24492,CHI,TOR,30005819,Andrew Perrott,assists,rf_qrf_assists,0.3.0,empirical_qrf,0.000587623148553092,0.0,0.0,,3768324934500513378,2025-12-16 15:34:00.776506
2025-12-16,24492,CHI,TOR,30005820,Mitchell Weeks,assists,rf_qrf_assists,0.3.0,empirical_qrf,0.005977959256869724,0.004659204051222574,0.007251953644694697,,3768324934500513378,2025-12-16 15:34:00.776506
2025-12-16,24492,CHI,TOR,30005032,Colton Dach,assists,rf_qrf_assists,0.3.0,empirical_qrf,0.0,0.0,0.0,,3768324934500513378,2025-12-16 15:34:00.776506
2025-12-16,24492,CHI,TOR,30005052,Dmitry Kuzmin,assists,rf_qrf_assists,0.3.0,empirical_qrf,0.005977959256869724,0.004659204051222574,0.007251953644694697,,3768324934500513378,2025-12-16 15:34:00.776506
2025-12-16,24492,CHI,TOR,30005131,Ryan Mast,assists,rf_qrf_assists,0.3.0,empirical_qrf,0.005977959256869724,0.004659204051222574,0.007251953644694697,,3768324934500513378,2025-12-16 15:34:00.776506
2025-12-16,24492,CHI,TOR,30005163,Ethan Del Mastro,assists,rf_qrf_assists,0.3.0,empirical_qrf,0.0,0.0,0.0,,3768324934500513378,2025-12-16 15:34:00.776506
2025-12-16,24492,CHI,TOR,30005632,Kevin Korchinski,assists,rf_qrf_assists,0.3.0,empirical_qrf,0.0,0.0,0.0,,3768324934500513378,2025-12-16 15:34:00.776506
2025-12-16,24492,CHI,TOR,30005638,Frank Nazar,assists,rf_qrf_assists,0.3.0,empirical_qrf,0.0,0.0,0.0,,3768324934500513378,2025-12-16 15:34:00.776506
2025-12-16,24492,CHI,TOR,30004650,Louis Crevier,assists,rf_qrf_assists,0.3.0,empirical_qrf,0.0,0.0,0.0,,3768324934500513378,2025-12-16 15:34:00.776506
2025-12-16,24492,CHI,TOR,30004830,Drew Commesso,assists,rf_qrf_assists,0.3.0,empirical_qrf,0.005977959256869724,0.004659204051222574,0.007251953644694697,,3768324934500513378,2025-12-16 15:34:00.776506
2025-12-16,24492,CHI,TOR,30004850,Wyatt Kaiser,assists,rf_qrf_assists,0.3.0,empirical_qrf,0.0,0.0,0.0,,3768324934500513378,2025-12-16 15:34:00.776506
2025-12-16,24492,CHI,TOR,30004946,Jackson Cates,assists,rf_qrf_assists,0.3.0,empirical_qrf,0.005977959256869724,0.004659204051222574,0.007251953644694697,,3768324934500513378,2025-12-16 15:34:00.776506
2025-12-16,24492,CHI,TOR,30004965,Arvid Soderblom,assists,rf_qrf_assists,0.3.0,empirical_qrf,0.005977959256869724,0.004659204051222574,0.007251953644694697,,3768324934500513378,2025-12-16 15:34:00.776506
2025-12-16,24492,CHI,TOR,30005003,Nolan Allan,assists,rf_qrf_assists,0.3.0,empirical_qrf,0.006514224909549668,0.0,0.014936595219391766,,3768324934500513378,2025-12-16 15:34:00.776506
2025-12-16,24492,CHI,TOR,30003751,Dominic Toninato,assists,rf_qrf_assists,0.3.0,empirical_qrf,0.0,0.0,0.0,,3768324934500513378,2025-12-16 15:34:00.776506
2025-12-16,24492,CHI,TOR,30003996,Sam Lafferty,assists,rf_qrf_assists,0.3.0,empirical_qrf,0.0,0.0,0.0,,3768324934500513378,2025-12-16 15:34:00.776506
2025-12-16,24492,CHI,TOR,30004000,Brett Seney,assists,rf_qrf_assists,0.3.0,empirical_qrf,0.004458635759779367,0.0,0.00980392156862745,,3768324934500513378,2025-12-16 15:34:00.776506
2025-12-16,24492,CHI,TOR,30004442,Ilya Mikheyev,assists,rf_qrf_assists,0.3.0,empirical_qrf,0.0,0.0,0.0,,3768324934500513378,2025-12-16 15:34:00.776506
2025-12-16,24492,CHI,TOR,30004494,Spencer Knight,assists,rf_qrf_assists,0.3.0,empirical_qrf,0.005977959256869724,0.004659204051222574,0.007251953644694697,,3768324934500513378,2025-12-16 15:34:00.776506
2025-12-16,24492,CHI,TOR,30004507,Alex Vlasic,assists,rf_qrf_assists,0.3.0,empirical_qrf,0.0,0.0,0.0,,3768324934500513378,2025-12-16 15:34:00.776506
2025-12-16,24492,CHI,TOR,30001219,Connor Murphy,assists,rf_qrf_assists,0.3.0,empirical_qrf,0.0,0.0,0.0,,3768324934500513378,2025-12-16 15:34:00.776506
2025-12-16,24492,CHI,TOR,30002212,Cavan Fitzgerald,assists,rf_qrf_assists,0.3.0,empirical_qrf,0.005977959256869724,0.004659204051222574,0.007251953644694697,,3768324934500513378,2025-12-16 15:34:00.776506
2025-12-16,24492,CHI,TOR,30002539,Matt Grzelcyk,assists,rf_qrf_assists,0.3.0,empirical_qrf,0.0,0.0,0.0,,3768324934500513378,2025-12-16 15:34:00.776506
2025-12-16,24492,CHI,TOR,30002588,Ryan Donato,assists,rf_qrf_assists,0.3.0,empirical_qrf,0.00024242424242424242,0.0,0.0,,3768324934500513378,2025-12-16 15:34:00.776506
2025-12-16,24492,CHI,TOR,30003209,Joey Anderson,assists,rf_qrf_assists,0.3.0,empirical_qrf,0.005977959256869724,0.004659204051222574,0.007251953644694697,,3768324934500513378,2025-12-16 15:34:00.776506
2025-12-16,24492,CHI,TOR,30003558,Josh Healey,assists,rf_qrf_assists,0.3.0,empirical_qrf,0.004458635759779367,0.0,0.00980392156862745,,3768324934500513378,2025-12-16 15:34:00.776506
2025-12-16,24493,ANA,CBJ,30000269,Radko Gudas,assists,rf_qrf_assists,0.3.0,empirical_qrf,0.0,0.0,0.0,,3768324934500513378,2025-12-16 15:34:00.776506
2025-12-16,24493,ANA,CBJ,30000320,Chris Kreider,assists,rf_qrf_assists,0.3.0,empirical_qrf,0.0,0.0,0.0,,3768324934500513378,2025-12-16 15:34:00.776506
2025-12-16,24493,ANA,CBJ,30000509,Justin Bailey,assists,rf_qrf_assists,0.3.0,empirical_qrf,0.0029618068863726007,0.0,0.006389776357827476,,3768324934500513378,2025-12-16 15:34:00.776506
2025-12-16,24493,ANA,CBJ,30000515,Mikael Granlund,assists,rf_qrf_assists,0.3.0,empirical_qrf,0.0,0.0,0.0,,3768324934500513378,2025-12-16 15:34:00.776506
2025-12-16,24493,ANA,CBJ,30000609,Frank Vatrano,assists,rf_qrf_assists,0.3.0,empirical_qrf,0.07233924218483043,0.0,0.3102564102564109,,3768324934500513378,2025-12-16 15:34:00.776506
2025-12-16,24493,ANA,CBJ,30000739,Alex Killorn,assists,rf_qrf_assists,0.3.0,empirical_qrf,0.017804328825427165,0.0,0.03490412076703387,,3768324934500513378,2025-12-16 15:34:00.776506
2025-12-16,24493,CBJ,ANA,30005733,Roman Ahcan,assists,rf_qrf_assists,0.3.0,empirical_qrf,0.004458635759779367,0.0,0.00980392156862745,,3768324934500513378,2025-12-16 15:34:00.776506
2025-12-16,24493,CBJ,ANA,30005736,Nolan Lalonde,assists,rf_qrf_assists,0.3.0,empirical_qrf,0.005977959256869724,0.004659204051222574,0.007251953644694697,,3768324934500513378,2025-12-16 15:34:00.776506
2025-12-16,24493,CBJ,ANA,30006022,Justin Pearson,assists,rf_qrf_assists,0.3.0,empirical_qrf,0.005977959256869724,0.004659204051222574,0.007251953644694697,,3768324934500513378,2025-12-16 15:34:00.776506
2025-12-16,24493,CBJ,ANA,30006026,Hunter McKown,assists,rf_qrf_assists,0.3.0,empirical_qrf,0.03575508759790011,0.0,0.08010810810810813,,3768324934500513378,2025-12-16 15:34:00.776506
2025-12-16,24493,CBJ,ANA,30006063,Adam Fantilli,assists,rf_qrf_assists,0.3.0,empirical_qrf,0.1685813492063492,0.0,0.75,,3768324934500513378,2025-12-16 15:34:00.776506
2025-12-16,24493,CBJ,ANA,30006337,Riley Bezeau,assists,rf_qrf_assists,0.3.0,empirical_qrf,0.004458635759779367,0.0,0.00980392156862745,,3768324934500513378,2025-12-16 15:34:00.776506
2025-12-16,24493,CBJ,ANA,30005290,Max McCue,assists,rf_qrf_assists,0.3.0,empirical_qrf,0.017804328825427165,0.0,0.03490412076703387,,3768324934500513378,2025-12-16 15:34:00.776506
2025-12-16,24493,CBJ,ANA,30005355,Mikael Pyyhtia,assists,rf_qrf_assists,0.3.0,empirical_qrf,0.0,0.0,0.0,,3768324934500513378,2025-12-16 15:34:00.776506
2025-12-16,24493,CBJ,ANA,30005568,Owen Sillinger,assists,rf_qrf_assists,0.3.0,empirical_qrf,0.03383792840826914,0.0,0.0684931506849315,,3768324934500513378,2025-12-16 15:34:00.776506
2025-12-16,24493,CBJ,ANA,30005637,Denton Mateychuk,assists,rf_qrf_assists,0.3.0,empirical_qrf,0.017804328825427165,0.0,0.03490412076703387,,3768324934500513378,2025-12-16 15:34:00.776506
2025-12-16,24493,CBJ,ANA,30005664,Luca Del Bel Belluz,assists,rf_qrf_assists,0.3.0,empirical_qrf,0.0008333333333333334,0.0,0.0,,3768324934500513378,2025-12-16 15:34:00.776506
2025-12-16,24493,CBJ,ANA,30005699,Jordan Dumais,assists,rf_qrf_assists,0.3.0,empirical_qrf,0.005977959256869724,0.004659204051222574,0.007251953644694697,,3768324934500513378,2025-12-16 15:34:00.776506
2025-12-16,24493,CBJ,ANA,30004989,Kent Johnson,assists,rf_qrf_assists,0.3.0,empirical_qrf,0.0019527972027972025,0.0,0.0,,3768324934500513378,2025-12-16 15:34:00.776506
2025-12-16,24493,CBJ,ANA,30005002,Corson Ceulemans,assists,rf_qrf_assists,0.3.0,empirical_qrf,0.0002380952380952381,0.0,0.0,,3768324934500513378,2025-12-16 15:34:00.776506
2025-12-16,24493,CBJ,ANA,30005049,Jet Greaves,assists,rf_qrf_assists,0.3.0,empirical_qrf,0.005977959256869724,0.004659204051222574,0.007251953644694697,,3768324934500513378,2025-12-16 15:34:00.776506
2025-12-16,24493,CBJ,ANA,30005050,Stanislov Svozil,assists,rf_qrf_assists,0.3.0,empirical_qrf,0.0,0.0,0.0,,3768324934500513378,2025-12-16 15:34:00.776506
2025-12-16,24493,CBJ,ANA,30005053,Ole Julian Bjorgvik-Holm,assists,rf_qrf_assists,0.3.0,empirical_qrf,0.005977959256869724,0.004659204051222574,0.007251953644694697,,3768324934500513378,2025-12-16 15:34:00.776506
2025-12-16,24493,CBJ,ANA,30005088,James Malatesta,assists,rf_qrf_assists,0.3.0,empirical_qrf,0.0,0.0,0.0,,3768324934500513378,2025-12-16 15:34:00.776506
2025-12-16,24493,CBJ,ANA,30004135,Kirill Marchenko,assists,rf_qrf_assists,0.3.0,empirical_qrf,0.0005555555555555556,0.0,0.0,,3768324934500513378,2025-12-16 15:34:00.776506
2025-12-16,24493,CBJ,ANA,30004172,Curtis Hall,assists,rf_qrf_assists,0.3.0,empirical_qrf,0.005977959256869724,0.004659204051222574,0.007251953644694697,,3768324934500513378,2025-12-16 15:34:00.776506
2025-12-16,24493,CBJ,ANA,30004306,Jake Christiansen,assists,rf_qrf_assists,0.3.0,empirical_qrf,0.0,0.0,0.0,,3768324934500513378,2025-12-16 15:34:00.776506
2025-12-16,24493,CBJ,ANA,30004607,Dmitri Voronkov,assists,rf_qrf_assists,0.3.0,empirical_qrf,0.0054365079365079364,0.0,0.0,,3768324934500513378,2025-12-16 15:34:00.776506
2025-12-16,24493,CBJ,ANA,30004799,Yegor Chinakhov,assists,rf_qrf_assists,0.3.0,empirical_qrf,0.0,0.0,0.0,,3768324934500513378,2025-12-16 15:34:00.776506
2025-12-16,24493,CBJ,ANA,30004988,Cole Sillinger,assists,rf_qrf_assists,0.3.0,empirical_qrf,0.0007638888888888888,0.0,0.0,,3768324934500513378,2025-12-16 15:34:00.776506
2025-12-16,24493,CBJ,ANA,30003079,Miles Wood,assists,rf_qrf_assists,0.3.0,empirical_qrf,0.0,0.0,0.0,,3768324934500513378,2025-12-16 15:34:00.776506
2025-12-16,24493,CBJ,ANA,30003146,Dante Fabbro,assists,rf_qrf_assists,0.3.0,empirical_qrf,0.009555555555555555,0.0,0.0,,3768324934500513378,2025-12-16 15:34:00.776506
2025-12-16,24493,CBJ,ANA,30003267,Mathieu Olivier,assists,rf_qrf_assists,0.3.0,empirical_qrf,0.0011111111111111111,0.0,0.0,,3768324934500513378,2025-12-16 15:34:00.776506
2025-12-16,24493,CBJ,ANA,30003269,Zach Sawchenko,assists,rf_qrf_assists,0.3.0,empirical_qrf,0.005977959256869724,0.004659204051222574,0.007251953644694697,,3768324934500513378,2025-12-16 15:34:00.776506
2025-12-16,24493,CBJ,ANA,30003549,Zachary Aston-Reese,assists,rf_qrf_assists,0.3.0,empirical_qrf,0.0070350098513571905,0.0,0.014084507042253521,,3768324934500513378,2025-12-16 15:34:00.776506
2025-12-16,24493,CBJ,ANA,30004097,Isac Lundestrom,assists,rf_qrf_assists,0.3.0,empirical_qrf,0.017804328825427165,0.0,0.03490412076703387,,3768324934500513378,2025-12-16 15:34:00.776506
2025-12-16,24493,CBJ,ANA,30000855,Brendan Smith,assists,rf_qrf_assists,0.3.0,empirical_qrf,0.0,0.0,0.0,,3768324934500513378,2025-12-16 15:34:00.776506
2025-12-16,24493,CBJ,ANA,30001196,Brendan Gaunce,assists,rf_qrf_assists,0.3.0,empirical_qrf,0.053696659006827,0.0,0.1054511278195489,,3768324934500513378,2025-12-16 15:34:00.776506
2025-12-16,24493,CBJ,ANA,30002554,Hudson Fasching,assists,rf_qrf_assists,0.3.0,empirical_qrf,0.0032297332297332297,0.0,0.0,,3768324934500513378,2025-12-16 15:34:00.776506
2025-12-16,24493,CBJ,ANA,30002593,Dysin Mayo,assists,rf_qrf_assists,0.3.0,empirical_qrf,0.0029618068863726007,0.0,0.006389776357827476,,3768324934500513378,2025-12-16 15:34:00.776506
2025-12-16,24493,CBJ,ANA,30002616,Elvis Merzlikins,assists,rf_qrf_assists,0.3.0,empirical_qrf,0.005977959256869724,0.004659204051222574,0.007251953644694697,,3768324934500513378,2025-12-16 15:34:00.776506
2025-12-16,24493,CBJ,ANA,30002770,Zach Werenski,assists,rf_qrf_assists,0.3.0,empirical_qrf,0.16661111111111113,0.0,0.8,,3768324934500513378,2025-12-16 15:34:00.776506
2025-12-16,24493,CBJ,ANA,30000115,Sean Monahan,assists,rf_qrf_assists,0.3.0,empirical_qrf,0.0,0.0,0.0,,3768324934500513378,2025-12-16 15:34:00.776506
2025-12-16,24493,CBJ,ANA,30000207,Damon Severson,assists,rf_qrf_assists,0.3.0,empirical_qrf,0.0,0.0,0.0,,3768324934500513378,2025-12-16 15:34:00.776506
2025-12-16,24493,CBJ,ANA,30000233,Erik Gudbranson,assists,rf_qrf_assists,0.3.0,empirical_qrf,0.0,0.0,0.0,,3768324934500513378,2025-12-16 15:34:00.776506
2025-12-16,24493,CBJ,ANA,30000623,Ivan Provorov,assists,rf_qrf_assists,0.3.0,empirical_qrf,0.0,0.0,0.0,,3768324934500513378,2025-12-16 15:34:00.776506
2025-12-16,24493,CBJ,ANA,30000778,Boone Jenner,assists,rf_qrf_assists,0.3.0,empirical_qrf,0.017363095238095236,0.0,0.0,,3768324934500513378,2025-12-16 15:34:00.776506
2025-12-16,24493,CBJ,ANA,30000805,Charlie Coyle,assists,rf_qrf_assists,0.3.0,empirical_qrf,0.0,0.0,0.0,,3768324934500513378,2025-12-16 15:34:00.776506
2025-12-16,24493,ANA,CBJ,30006129,Coulson Pitre,assists,rf_qrf_assists,0.3.0,empirical_qrf,0.02358742069693188,0.0,0.0449438202247191,,3768324934500513378,2025-12-16 15:34:00.776506
2025-12-16,24493,ANA,CBJ,30006161,Yegor Sidorov,assists,rf_qrf_assists,0.3.0,empirical_qrf,0.002833333333333333,0.0,0.0,,3768324934500513378,2025-12-16 15:34:00.776506
2025-12-16,24493,ANA,CBJ,30006162,Konnor Smith,assists,rf_qrf_assists,0.3.0,empirical_qrf,0.005977959256869724,0.004659204051222574,0.007251953644694697,,3768324934500513378,2025-12-16 15:34:00.776506
2025-12-16,24493,ANA,CBJ,30006310,Roman Kinal,assists,rf_qrf_assists,0.3.0,empirical_qrf,0.043971984312278674,0.0,0.08703279938977881,,3768324934500513378,2025-12-16 15:34:00.776506
2025-12-16,24493,ANA,CBJ,30006353,Easton Armstrong,assists,rf_qrf_assists,0.3.0,empirical_qrf,0.005977959256869724,0.004659204051222574,0.007251953644694697,,3768324934500513378,2025-12-16 15:34:00.776506
2025-12-16,24493,ANA,CBJ,30006483,Beckett Sennecke,assists,rf_qrf_assists,0.3.0,empirical_qrf,0.0,0.0,0.0,,3768324934500513378,2025-12-16 15:34:00.776506
2025-12-16,24493,ANA,CBJ,30005678,Tristan Luneau,assists,rf_qrf_assists,0.3.0,empirical_qrf,0.0,0.0,0.0,,3768324934500513378,2025-12-16 15:34:00.776506
2025-12-16,24493,ANA,CBJ,30005945,Tomas Suchanek,assists,rf_qrf_assists,0.3.0,empirical_qrf,0.005977959256869724,0.004659204051222574,0.007251953644694697,,3768324934500513378,2025-12-16 15:34:00.776506
2025-12-16,24493,ANA,CBJ,30006016,Jaxsen Wiebe,assists,rf_qrf_assists,0.3.0,empirical_qrf,0.005977959256869724,0.004659204051222574,0.007251953644694697,,3768324934500513378,2025-12-16 15:34:00.776506
2025-12-16,24493,ANA,CBJ,30006017,Nikita Nesterenko,assists,rf_qrf_assists,0.3.0,empirical_qrf,0.0,0.0,0.0,,3768324934500513378,2025-12-16 15:34:00.776506
2025-12-16,24493,ANA,CBJ,30006069,Leo Carlsson,assists,rf_qrf_assists,0.3.0,empirical_qrf,0.013436507936507936,0.0,0.0,,3768324934500513378,2025-12-16 15:34:00.776506
2025-12-16,24493,ANA,CBJ,30006117,Nico Myatovic,assists,rf_qrf_assists,0.3.0,empirical_qrf,0.0,0.0,0.0,,3768324934500513378,2025-12-16 15:34:00.776506
2025-12-16,24493,ANA,CBJ,30005275,Tyson Hinds,assists,rf_qrf_assists,0.3.0,empirical_qrf,0.0,0.0,0.0,,3768324934500513378,2025-12-16 15:34:00.776506
2025-12-16,24493,ANA,CBJ,30005285,Jeremie Biakabutuka,assists,rf_qrf_assists,0.3.0,empirical_qrf,0.005977959256869724,0.004659204051222574,0.007251953644694697,,3768324934500513378,2025-12-16 15:34:00.776506
2025-12-16,24493,ANA,CBJ,30005615,Pavel Mintyukov,assists,rf_qrf_assists,0.3.0,empirical_qrf,0.0,0.0,0.0,,3768324934500513378,2025-12-16 15:34:00.776506
2025-12-16,24493,ANA,CBJ,30005620,Cutter Gauthier,assists,rf_qrf_assists,0.3.0,empirical_qrf,0.005,0.0,0.0,,3768324934500513378,2025-12-16 15:34:00.776506
2025-12-16,24493,ANA,CBJ,30005643,Nathan Gaucher,assists,rf_qrf_assists,0.3.0,empirical_qrf,0.0,0.0,0.0,,3768324934500513378,2025-12-16 15:34:00.776506
2025-12-16,24493,ANA,CBJ,30005677,Noah Warren,assists,rf_qrf_assists,0.3.0,empirical_qrf,0.0070350098513571905,0.0,0.014084507042253521,,3768324934500513378,2025-12-16 15:34:00.776506
2025-12-16,24493,ANA,CBJ,30004829,Sam Colangelo,assists,rf_qrf_assists,0.3.0,empirical_qrf,0.0016025641025641025,0.0,0.0,,3768324934500513378,2025-12-16 15:34:00.776506
2025-12-16,24493,ANA,CBJ,30004861,Ian Moore,assists,rf_qrf_assists,0.3.0,empirical_qrf,0.0,0.0,0.0,,3768324934500513378,2025-12-16 15:34:00.776506
2025-12-16,24493,ANA,CBJ,30004997,Mason McTavish,assists,rf_qrf_assists,0.3.0,empirical_qrf,0.06674158249158249,0.0,0.29047619047619155,,3768324934500513378,2025-12-16 15:34:00.776506
2025-12-16,24493,ANA,CBJ,30005018,Olen Zellweger,assists,rf_qrf_assists,0.3.0,empirical_qrf,0.0003333333333333334,0.0,0.0,,3768324934500513378,2025-12-16 15:34:00.776506
2025-12-16,24493,ANA,CBJ,30005051,Sasha Pastujov,assists,rf_qrf_assists,0.3.0,empirical_qrf,0.0,0.0,0.0,,3768324934500513378,2025-12-16 15:34:00.776506
2025-12-16,24493,ANA,CBJ,30005095,Davis Codd,assists,rf_qrf_assists,0.3.0,empirical_qrf,0.0,0.0,0.0,,3768324934500513378,2025-12-16 15:34:00.776506
2025-12-16,24493,ANA,CBJ,30003948,David Cotton,assists,rf_qrf_assists,0.3.0,empirical_qrf,0.0,0.0,0.0,,3768324934500513378,2025-12-16 15:34:00.776506
2025-12-16,24493,ANA,CBJ,30004160,Lukas Dostal,assists,rf_qrf_assists,0.3.0,empirical_qrf,0.005977959256869724,0.004659204051222574,0.007251953644694697,,3768324934500513378,2025-12-16 15:34:00.776506
2025-12-16,24493,ANA,CBJ,30004512,Drew Helleson,assists,rf_qrf_assists,0.3.0,empirical_qrf,0.0,0.0,0.0,,3768324934500513378,2025-12-16 15:34:00.776506
2025-12-16,24493,ANA,CBJ,30004526,Jackson LaCombe,assists,rf_qrf_assists,0.3.0,empirical_qrf,0.03961111111111111,0.0,0.0,,3768324934500513378,2025-12-16 15:34:00.776506
2025-12-16,24493,ANA,CBJ,30004550,Judd Caulfield,assists,rf_qrf_assists,0.3.0,empirical_qrf,0.005977959256869724,0.004659204051222574,0.007251953644694697,,3768324934500513378,2025-12-16 15:34:00.776506
2025-12-16,24493,ANA,CBJ,30004828,Calle Clang,assists,rf_qrf_assists,0.3.0,empirical_qrf,0.005977959256869724,0.004659204051222574,0.007251953644694697,,3768324934500513378,2025-12-16 15:34:00.776506
2025-12-16,24493,ANA,CBJ,30002773,Jansen Harkins,assists,rf_qrf_assists,0.3.0,empirical_qrf,0.005977959256869724,0.004659204051222574,0.007251953644694697,,3768324934500513378,2025-12-16 15:34:00.776506
2025-12-16,24493,ANA,CBJ,30002864,Nikolas Brouillard,assists,rf_qrf_assists,0.3.0,empirical_qrf,0.005977959256869724,0.004659204051222574,0.007251953644694697,,3768324934500513378,2025-12-16 15:34:00.776506
2025-12-16,24493,ANA,CBJ,30003197,Carsen Twarynski,assists,rf_qrf_assists,0.3.0,empirical_qrf,0.005977959256869724,0.004659204051222574,0.007251953644694697,,3768324934500513378,2025-12-16 15:34:00.776506
2025-12-16,24493,ANA,CBJ,30003475,Matthew Phillips,assists,rf_qrf_assists,0.3.0,empirical_qrf,0.0,0.0,0.0,,3768324934500513378,2025-12-16 15:34:00.776506
2025-12-16,24493,ANA,CBJ,30003650,Ryan Poehling,assists,rf_qrf_assists,0.3.0,empirical_qrf,0.0,0.0,0.0,,3768324934500513378,2025-12-16 15:34:00.776506
2025-12-16,24493,ANA,CBJ,30003747,Troy Terry,assists,rf_qrf_assists,0.3.0,empirical_qrf,0.0029914529914529917,0.0,0.0,,3768324934500513378,2025-12-16 15:34:00.776506
2025-12-16,24493,ANA,CBJ,30000834,Jacob Trouba,assists,rf_qrf_assists,0.3.0,empirical_qrf,0.017804328825427165,0.0,0.03490412076703387,,3768324934500513378,2025-12-16 15:34:00.776506
2025-12-16,24493,ANA,CBJ,30000998,Ross Johnston,assists,rf_qrf_assists,0.3.0,empirical_qrf,0.0,0.0,0.0,,3768324934500513378,2025-12-16 15:34:00.776506
2025-12-16,24493,ANA,CBJ,30001005,Ryan Strome,assists,rf_qrf_assists,0.3.0,empirical_qrf,0.0019527972027972025,0.0,0.0,,3768324934500513378,2025-12-16 15:34:00.776506
2025-12-16,24493,ANA,CBJ,30001009,Petr Mrazek,assists,rf_qrf_assists,0.3.0,empirical_qrf,0.005977959256869724,0.004659204051222574,0.007251953644694697,,3768324934500513378,2025-12-16 15:34:00.776506
2025-12-16,24493,ANA,CBJ,30002528,Tyrell Goulbourne,assists,rf_qrf_assists,0.3.0,empirical_qrf,0.005977959256869724,0.004659204051222574,0.007251953644694697,,3768324934500513378,2025-12-16 15:34:00.776506
2025-12-16,24493,ANA,CBJ,30002760,Ville Husso,assists,rf_qrf_assists,0.3.0,empirical_qrf,0.005977959256869724,0.004659204051222574,0.007251953644694697,,3768324934500513378,2025-12-16 15:34:00.776506
2025-12-16,24494,EDM,PIT,30000180,Josh Brown,assists,rf_qrf_assists,0.3.0,empirical_qrf,0.0,0.0,0.0,,3768324934500513378,2025-12-16 15:34:00.776506
2025-12-16,24494,EDM,PIT,30000250,Mattias Ekholm,assists,rf_qrf_assists,0.3.0,empirical_qrf,0.003337301587301587,0.0,0.0,,3768324934500513378,2025-12-16 15:34:00.776506
2025-12-16,24494,EDM,PIT,30000440,Zach Hyman,assists,rf_qrf_assists,0.3.0,empirical_qrf,0.005977959256869724,0.004659204051222574,0.007251953644694697,,3768324934500513378,2025-12-16 15:34:00.776506
2025-12-16,24494,EDM,PIT,30000443,Kasperi Kapanen,assists,rf_qrf_assists,0.3.0,empirical_qrf,0.0021304216982685796,0.0,0.0,,3768324934500513378,2025-12-16 15:34:00.776506
2025-12-16,24494,EDM,PIT,30000540,Ryan Nugent-Hopkins,assists,rf_qrf_assists,0.3.0,empirical_qrf,0.0,0.0,0.0,,3768324934500513378,2025-12-16 15:34:00.776506
2025-12-16,24494,EDM,PIT,30000549,Darnell Nurse,assists,rf_qrf_assists,0.3.0,empirical_qrf,0.0018055555555555555,0.0,0.0,,3768324934500513378,2025-12-16 15:34:00.776506
2025-12-16,24494,EDM,PIT,30003345,Riley Stillman,assists,rf_qrf_assists,0.3.0,empirical_qrf,0.0,0.0,0.0,,3768324934500513378,2025-12-16 15:34:00.776506
2025-12-16,24494,EDM,PIT,30004370,Spencer Stastney,assists,rf_qrf_assists,0.3.0,empirical_qrf,0.0029618068863726007,0.0,0.006389776357827476,,3768324934500513378,2025-12-16 15:34:00.776506
2025-12-16,24494,PIT,EDM,30000806,Matt Dumba,assists,rf_qrf_assists,0.3.0,empirical_qrf,0.0,0.0,0.0,,3768324934500513378,2025-12-16 15:34:00.776506
2025-12-16,24494,EDM,PIT,30006848,Quinn Hutson,assists,rf_qrf_assists,0.3.0,empirical_qrf,0.0,0.0,0.0,,3768324934500513378,2025-12-16 15:34:00.776506
2025-12-16,24494,PIT,EDM,30006137,Emil Pieniniemi,assists,rf_qrf_assists,0.3.0,empirical_qrf,0.0,0.0,0.0,,3768324934500513378,2025-12-16 15:34:00.776506
2025-12-16,24494,PIT,EDM,30006354,Jaxon Castor,assists,rf_qrf_assists,0.3.0,empirical_qrf,0.005977959256869724,0.004659204051222574,0.007251953644694697,,3768324934500513378,2025-12-16 15:34:00.776506
2025-12-16,24494,PIT,EDM,30006363,Finn Harding,assists,rf_qrf_assists,0.3.0,empirical_qrf,0.005977959256869724,0.004659204051222574,0.007251953644694697,,3768324934500513378,2025-12-16 15:34:00.776506
2025-12-16,24494,PIT,EDM,30006867,Benjamin Kindel,assists,rf_qrf_assists,0.3.0,empirical_qrf,0.0037916666666666667,0.0,0.0,,3768324934500513378,2025-12-16 15:34:00.776506
2025-12-16,24494,PIT,EDM,30003586,Joona Koppanen,assists,rf_qrf_assists,0.3.0,empirical_qrf,0.03651406377735466,0.0,0.07253446447507955,,3768324934500513378,2025-12-16 15:34:00.776506
2025-12-16,24494,EDM,PIT,30003142,Max Jones,assists,rf_qrf_assists,0.3.0,empirical_qrf,0.0,0.0,0.0,,3768324934500513378,2025-12-16 15:34:00.776506
2025-12-16,24494,PIT,EDM,30005330,Callahan Burke,assists,rf_qrf_assists,0.3.0,empirical_qrf,0.005977959256869724,0.004659204051222574,0.007251953644694697,,3768324934500513378,2025-12-16 15:34:00.776506
2025-12-16,24494,PIT,EDM,30005403,Jack St. Ivany,assists,rf_qrf_assists,0.3.0,empirical_qrf,0.0,0.0,0.0,,3768324934500513378,2025-12-16 15:34:00.776506
2025-12-16,24494,PIT,EDM,30005511,Aidan McDonough,assists,rf_qrf_assists,0.3.0,empirical_qrf,0.017804328825427165,0.0,0.03490412076703387,,3768324934500513378,2025-12-16 15:34:00.776506
2025-12-16,24494,PIT,EDM,30005623,Rutger McGroarty,assists,rf_qrf_assists,0.3.0,empirical_qrf,0.0,0.0,0.0,,3768324934500513378,2025-12-16 15:34:00.776506
2025-12-16,24494,PIT,EDM,30005635,Owen Pickering,assists,rf_qrf_assists,0.3.0,empirical_qrf,0.03651406377735466,0.0,0.07253446447507955,,3768324934500513378,2025-12-16 15:34:00.776506
2025-12-16,24494,PIT,EDM,30005966,Avery Hayes,assists,rf_qrf_assists,0.3.0,empirical_qrf,0.0006547619047619047,0.0,0.0,,3768324934500513378,2025-12-16 15:34:00.776506
2025-12-16,24494,PIT,EDM,30004918,Philip Kemp,assists,rf_qrf_assists,0.3.0,empirical_qrf,0.0029618068863726007,0.0,0.006389776357827476,,3768324934500513378,2025-12-16 15:34:00.776506
2025-12-16,24494,PIT,EDM,30004960,Valtteri Puustinen,assists,rf_qrf_assists,0.3.0,empirical_qrf,0.0,0.0,0.0,,3768324934500513378,2025-12-16 15:34:00.776506
2025-12-16,24494,PIT,EDM,30005027,Ville Koivunen,assists,rf_qrf_assists,0.3.0,empirical_qrf,0.25755051511669164,0.0,0.6666666666666666,,3768324934500513378,2025-12-16 15:34:00.776506
2025-12-16,24494,PIT,EDM,30005066,Raivis Ansons,assists,rf_qrf_assists,0.3.0,empirical_qrf,0.005977959256869724,0.004659204051222574,0.007251953644694697,,3768324934500513378,2025-12-16 15:34:00.776506
2025-12-16,24494,PIT,EDM,30005197,Taylor Gauthier,assists,rf_qrf_assists,0.3.0,empirical_qrf,0.005977959256869724,0.004659204051222574,0.007251953644694697,,3768324934500513378,2025-12-16 15:34:00.776506
2025-12-16,24494,PIT,EDM,30005267,William Dufour,assists,rf_qrf_assists,0.3.0,empirical_qrf,0.0,0.0,0.0,,3768324934500513378,2025-12-16 15:34:00.776506
2025-12-16,24494,PIT,EDM,30004423,Blake Lizotte,assists,rf_qrf_assists,0.3.0,empirical_qrf,0.0029618068863726007,0.0,0.006389776357827476,,3768324934500513378,2025-12-16 15:34:00.776506
2025-12-16,24494,PIT,EDM,30004488,Philip Tomasino,assists,rf_qrf_assists,0.3.0,empirical_qrf,0.0008333333333333334,0.0,0.0,,3768324934500513378,2025-12-16 15:34:00.776506
2025-12-16,24494,EDM,PIT,30004490,Sam Poulin,assists,rf_qrf_assists,0.3.0,empirical_qrf,0.017804328825427165,0.0,0.03490412076703387,,3768324934500513378,2025-12-16 15:34:00.776506
2025-12-16,24494,PIT,EDM,30004609,Arturs Silovs,assists,rf_qrf_assists,0.3.0,empirical_qrf,0.005977959256869724,0.004659204051222574,0.007251953644694697,,3768324934500513378,2025-12-16 15:34:00.776506
2025-12-16,24494,PIT,EDM,30004788,Ryan Shea,assists,rf_qrf_assists,0.3.0,empirical_qrf,0.0,0.0,0.0,,3768324934500513378,2025-12-16 15:34:00.776506
2025-12-16,24494,PIT,EDM,30004825,Joel Blomqvist,assists,rf_qrf_assists,0.3.0,empirical_qrf,0.005977959256869724,0.004659204051222574,0.007251953644694697,,3768324934500513378,2025-12-16 15:34:00.776506
2025-12-16,24494,PIT,EDM,30003099,Parker Wotherspoon,assists,rf_qrf_assists,0.3.0,empirical_qrf,0.0,0.0,0.0,,3768324934500513378,2025-12-16 15:34:00.776506
2025-12-16,24494,PIT,EDM,30003391,Justin Brazeau,assists,rf_qrf_assists,0.3.0,empirical_qrf,0.03383792840826914,0.0,0.0684931506849315,,3768324934500513378,2025-12-16 15:34:00.776506
2025-12-16,24494,PIT,EDM,30003739,Sebastian Aho,assists,rf_qrf_assists,0.3.0,empirical_qrf,0.0070350098513571905,0.0,0.014084507042253521,,3768324934500513378,2025-12-16 15:34:00.776506
2025-12-16,24494,PIT,EDM,30003893,Connor Clifton,assists,rf_qrf_assists,0.3.0,empirical_qrf,0.0,0.0,0.0,,3768324934500513378,2025-12-16 15:34:00.776506
2025-12-16,24494,PIT,EDM,30004100,Alexander Alexeyev,assists,rf_qrf_assists,0.3.0,empirical_qrf,0.0029618068863726007,0.0,0.006389776357827476,,3768324934500513378,2025-12-16 15:34:00.776506
2025-12-16,24494,PIT,EDM,30004181,Connor Dewar,assists,rf_qrf_assists,0.3.0,empirical_qrf,0.0007638888888888888,0.0,0.0,,3768324934500513378,2025-12-16 15:34:00.776506
2025-12-16,24494,PIT,EDM,30001100,Bryan Rust,assists,rf_qrf_assists,0.3.0,empirical_qrf,0.003611111111111111,0.0,0.0,,3768324934500513378,2025-12-16 15:34:00.776506
2025-12-16,24494,PIT,EDM,30001235,Noel Acciari,assists,rf_qrf_assists,0.3.0,empirical_qrf,0.0029618068863726007,0.0,0.006389776357827476,,3768324934500513378,2025-12-16 15:34:00.776506
2025-12-16,24494,PIT,EDM,30002631,Danton Heinen,assists,rf_qrf_assists,0.3.0,empirical_qrf,0.0,0.0,0.0,,3768324934500513378,2025-12-16 15:34:00.776506
2025-12-16,24494,PIT,EDM,30002778,Tommy Novak,assists,rf_qrf_assists,0.3.0,empirical_qrf,0.0,0.0,0.0,,3768324934500513378,2025-12-16 15:34:00.776506
2025-12-16,24494,PIT,EDM,30002874,Caleb Jones,assists,rf_qrf_assists,0.3.0,empirical_qrf,0.0,0.0,0.0,,3768324934500513378,2025-12-16 15:34:00.776506
2025-12-16,24494,PIT,EDM,30003030,Bokondji Imama,assists,rf_qrf_assists,0.3.0,empirical_qrf,0.005977959256869724,0.004659204051222574,0.007251953644694697,,3768324934500513378,2025-12-16 15:34:00.776506
2025-12-16,24494,PIT,EDM,30000615,Kevin Hayes,assists,rf_qrf_assists,0.3.0,empirical_qrf,0.004887806637806637,0.0,0.0,,3768324934500513378,2025-12-16 15:34:00.776506
2025-12-16,24494,PIT,EDM,30000651,Sidney Crosby,assists,rf_qrf_assists,0.3.0,empirical_qrf,0.03180555555555555,0.0,0.0,,3768324934500513378,2025-12-16 15:34:00.776506
2025-12-16,24494,PIT,EDM,30000658,Kris Letang,assists,rf_qrf_assists,0.3.0,empirical_qrf,0.0,0.0,0.0,,3768324934500513378,2025-12-16 15:34:00.776506
2025-12-16,24494,PIT,EDM,30000660,Evgeni Malkin,assists,rf_qrf_assists,0.3.0,empirical_qrf,0.002833333333333333,0.0,0.0,,3768324934500513378,2025-12-16 15:34:00.776506
2025-12-16,24494,PIT,EDM,30000848,Anthony Mantha,assists,rf_qrf_assists,0.3.0,empirical_qrf,0.0,0.0,0.0,,3768324934500513378,2025-12-16 15:34:00.776506
2025-12-16,24494,PIT,EDM,30000888,Rickard Rakell,assists,rf_qrf_assists,0.3.0,empirical_qrf,0.0,0.0,0.0,,3768324934500513378,2025-12-16 15:34:00.776506
2025-12-16,24494,EDM,PIT,30006327,Matt Brown,assists,rf_qrf_assists,0.3.0,empirical_qrf,0.005977959256869724,0.004659204051222574,0.007251953644694697,,3768324934500513378,2025-12-16 15:34:00.776506
2025-12-16,24494,EDM,PIT,30006393,Connor Clattenburg,assists,rf_qrf_assists,0.3.0,empirical_qrf,0.0,0.0,0.0,,3768324934500513378,2025-12-16 15:34:00.776506
2025-12-16,24494,EDM,PIT,30006846,David Tomasek,assists,rf_qrf_assists,0.3.0,empirical_qrf,0.0,0.0,0.0,,3768324934500513378,2025-12-16 15:34:00.776506
2025-12-16,24494,EDM,PIT,30000392,Tristan Jarry,assists,rf_qrf_assists,0.3.0,empirical_qrf,0.005977959256869724,0.004659204051222574,0.007251953644694697,,3768324934500513378,2025-12-16 15:34:00.776506
2025-12-16,24494,PIT,EDM,30000445,Erik Karlsson,assists,rf_qrf_assists,0.3.0,empirical_qrf,0.0,0.0,0.0,,3768324934500513378,2025-12-16 15:34:00.776506
2025-12-16,24494,PIT,EDM,30000613,Ryan Graves,assists,rf_qrf_assists,0.3.0,empirical_qrf,0.0,0.0,0.0,,3768324934500513378,2025-12-16 15:34:00.776506
2025-12-16,24494,EDM,PIT,30005185,Jayden Grubbe,assists,rf_qrf_assists,0.3.0,empirical_qrf,0.004458635759779367,0.0,0.00980392156862745,,3768324934500513378,2025-12-16 15:34:00.776506
2025-12-16,24494,EDM,PIT,30005633,Matt Savoie,assists,rf_qrf_assists,0.3.0,empirical_qrf,0.0,0.0,0.0,,3768324934500513378,2025-12-16 15:34:00.776506
2025-12-16,24494,EDM,PIT,30005731,Mats Lindgren,assists,rf_qrf_assists,0.3.0,empirical_qrf,0.005977959256869724,0.004659204051222574,0.007251953644694697,,3768324934500513378,2025-12-16 15:34:00.776506
2025-12-16,24494,EDM,PIT,30005931,Brady Stonehouse,assists,rf_qrf_assists,0.3.0,empirical_qrf,0.005977959256869724,0.004659204051222574,0.007251953644694697,,3768324934500513378,2025-12-16 15:34:00.776506
2025-12-16,24494,EDM,PIT,30006112,Beau Akey,assists,rf_qrf_assists,0.3.0,empirical_qrf,0.006514224909549668,0.0,0.014936595219391766,,3768324934500513378,2025-12-16 15:34:00.776506
2025-12-16,24494,EDM,PIT,30006225,Nathaniel Day,assists,rf_qrf_assists,0.3.0,empirical_qrf,0.005977959256869724,0.004659204051222574,0.007251953644694697,,3768324934500513378,2025-12-16 15:34:00.776506
2025-12-16,24494,EDM,PIT,30004165,Ty Emberson,assists,rf_qrf_assists,0.3.0,empirical_qrf,0.0,0.0,0.0,,3768324934500513378,2025-12-16 15:34:00.776506
2025-12-16,24494,EDM,PIT,30004476,Vasily Podkolzin,assists,rf_qrf_assists,0.3.0,empirical_qrf,0.0036651404151404146,0.0,0.0,,3768324934500513378,2025-12-16 15:34:00.776506
2025-12-16,24494,EDM,PIT,30004625,Mason Millman,assists,rf_qrf_assists,0.3.0,empirical_qrf,0.029515303435965593,0.0,0.075,,3768324934500513378,2025-12-16 15:34:00.776506
2025-12-16,24494,EDM,PIT,30004871,Luke Prokop,assists,rf_qrf_assists,0.3.0,empirical_qrf,0.004458635759779367,0.0,0.00980392156862745,,3768324934500513378,2025-12-16 15:34:00.776506
2025-12-16,24494,EDM,PIT,30005174,Matvey Petrov,assists,rf_qrf_assists,0.3.0,empirical_qrf,0.005977959256869724,0.004659204051222574,0.007251953644694697,,3768324934500513378,2025-12-16 15:34:00.776506
2025-12-16,24494,EDM,PIT,30005177,James Hamblin,assists,rf_qrf_assists,0.3.0,empirical_qrf,0.0,0.0,0.0,,3768324934500513378,2025-12-16 15:34:00.776506
2025-12-16,24494,EDM,PIT,30003157,Trent Frederic,assists,rf_qrf_assists,0.3.0,empirical_qrf,0.0,0.0,0.0,,3768324934500513378,2025-12-16 15:34:00.776506
2025-12-16,24494,EDM,PIT,30003211,Rem Pitlick,assists,rf_qrf_assists,0.3.0,empirical_qrf,0.005977959256869724,0.004659204051222574,0.007251953644694697,,3768324934500513378,2025-12-16 15:34:00.776506
2025-12-16,24494,PIT,EDM,30003729,Stuart Skinner,assists,rf_qrf_assists,0.3.0,empirical_qrf,0.005977959256869724,0.004659204051222574,0.007251953644694697,,3768324934500513378,2025-12-16 15:34:00.776506
2025-12-16,24494,EDM,PIT,30003770,Matt Tomkins,assists,rf_qrf_assists,0.3.0,empirical_qrf,0.005977959256869724,0.004659204051222574,0.007251953644694697,,3768324934500513378,2025-12-16 15:34:00.776506
2025-12-16,24494,EDM,PIT,30004081,Evan Bouchard,assists,rf_qrf_assists,0.3.0,empirical_qrf,0.0013888888888888887,0.0,0.0,,3768324934500513378,2025-12-16 15:34:00.776506
2025-12-16,24494,EDM,PIT,30004156,Alec Regula,assists,rf_qrf_assists,0.3.0,empirical_qrf,0.004458635759779367,0.0,0.00980392156862745,,3768324934500513378,2025-12-16 15:34:00.776506
2025-12-16,24494,EDM,PIT,30001304,Calvin Pickard,assists,rf_qrf_assists,0.3.0,empirical_qrf,0.005977959256869724,0.004659204051222574,0.007251953644694697,,3768324934500513378,2025-12-16 15:34:00.776506
2025-12-16,24494,EDM,PIT,30001368,Seth Griffith,assists,rf_qrf_assists,0.3.0,empirical_qrf,0.005977959256869724,0.004659204051222574,0.007251953644694697,,3768324934500513378,2025-12-16 15:34:00.776506
2025-12-16,24494,EDM,PIT,30002218,Andrew Mangiapane,assists,rf_qrf_assists,0.3.0,empirical_qrf,0.0,0.0,0.0,,3768324934500513378,2025-12-16 15:34:00.776506
2025-12-16,24494,EDM,PIT,30002623,Jake Walman,assists,rf_qrf_assists,0.3.0,empirical_qrf,0.0032297332297332297,0.0,0.0,,3768324934500513378,2025-12-16 15:34:00.776506
2025-12-16,24494,EDM,PIT,30002787,Connor Ingram,assists,rf_qrf_assists,0.3.0,empirical_qrf,0.005977959256869724,0.004659204051222574,0.007251953644694697,,3768324934500513378,2025-12-16 15:34:00.776506
2025-12-16,24494,EDM,PIT,30002824,Jack Roslovic,assists,rf_qrf_assists,0.3.0,empirical_qrf,0.004458635759779367,0.0,0.00980392156862745,,3768324934500513378,2025-12-16 15:34:00.776506
2025-12-16,24494,PIT,EDM,30000557,Brett Kulak,assists,rf_qrf_assists,0.3.0,empirical_qrf,0.0,0.0,0.0,,3768324934500513378,2025-12-16 15:34:00.776506
2025-12-16,24494,EDM,PIT,30000752,Mattias Janmark,assists,rf_qrf_assists,0.3.0,empirical_qrf,0.0,0.0,0.0,,3768324934500513378,2025-12-16 15:34:00.776506
2025-12-16,24494,EDM,PIT,30000965,Curtis Lazar,assists,rf_qrf_assists,0.3.0,empirical_qrf,0.0,0.0,0.0,,3768324934500513378,2025-12-16 15:34:00.776506
2025-12-16,24494,EDM,PIT,30000987,Adam Henrique,assists,rf_qrf_assists,0.3.0,empirical_qrf,0.0,0.0,0.0,,3768324934500513378,2025-12-16 15:34:00.776506
2025-12-16,24494,EDM,PIT,30001076,Leon Draisaitl,assists,rf_qrf_assists,0.3.0,empirical_qrf,0.0,0.0,0.0,,3768324934500513378,2025-12-16 15:34:00.776506
2025-12-16,24494,EDM,PIT,30001233,Connor McDavid,assists,rf_qrf_assists,0.3.0,empirical_qrf,0.0008333333333333334,0.0,0.0,,3768324934500513378,2025-12-16 15:34:00.776506
2025-12-16,24495,VAN,NYR,30000958,Derek Forbort,assists,rf_qrf_assists,0.3.0,empirical_qrf,0.0,0.0,0.0,,3768324934500513378,2025-12-16 15:34:00.776506
2025-12-16,24495,VAN,NYR,30000976,Evander Kane,assists,rf_qrf_assists,0.3.0,empirical_qrf,0.05964017999935405,0.0,0.13636363636363635,,3768324934500513378,2025-12-16 15:34:00.776506
2025-12-16,24495,VAN,NYR,30001238,Jake DeBrusk,assists,rf_qrf_assists,0.3.0,empirical_qrf,0.0008333333333333334,0.0,0.0,,3768324934500513378,2025-12-16 15:34:00.776506
2025-12-16,24495,VAN,NYR,30001299,Tyler Myers,assists,rf_qrf_assists,0.3.0,empirical_qrf,0.0,0.0,0.0,,3768324934500513378,2025-12-16 15:34:00.776506
2025-12-16,24495,VAN,NYR,30001949,Guillaume Brisebois,assists,rf_qrf_assists,0.3.0,empirical_qrf,0.0029618068863726007,0.0,0.006389776357827476,,3768324934500513378,2025-12-16 15:34:00.776506
2025-12-16,24495,VAN,NYR,30002479,Teddy Blueger,assists,rf_qrf_assists,0.3.0,empirical_qrf,0.0,0.0,0.0,,3768324934500513378,2025-12-16 15:34:00.776506
2025-12-16,24495,VAN,NYR,30004818,Marco Rossi,assists,rf_qrf_assists,0.3.0,empirical_qrf,0.0036651404151404146,0.0,0.0,,3768324934500513378,2025-12-16 15:34:00.776506
2025-12-16,24495,VAN,NYR,30005642,Liam Ohgren,assists,rf_qrf_assists,0.3.0,empirical_qrf,0.0,0.0,0.0,,3768324934500513378,2025-12-16 15:34:00.776506
2025-12-16,24495,VAN,NYR,30006486,Zeev Buium,assists,rf_qrf_assists,0.3.0,empirical_qrf,0.20732248158331748,0.0,0.46153846153846156,,3768324934500513378,2025-12-16 15:34:00.776506
2025-12-16,24495,VAN,NYR,30004817,Lukas Reichel,assists,rf_qrf_assists,0.3.0,empirical_qrf,0.0,0.0,0.0,,3768324934500513378,2025-12-16 15:34:00.776506
2025-12-16,24495,NYR,VAN,30006118,Carey Terrance,assists,rf_qrf_assists,0.3.0,empirical_qrf,0.0070350098513571905,0.0,0.014084507042253521,,3768324934500513378,2025-12-16 15:34:00.776506
2025-12-16,24495,NYR,VAN,30006174,Dylan Roobroeck,assists,rf_qrf_assists,0.3.0,empirical_qrf,0.0,0.0,0.0,,3768324934500513378,2025-12-16 15:34:00.776506
2025-12-16,24495,NYR,VAN,30006331,Brett Budgell,assists,rf_qrf_assists,0.3.0,empirical_qrf,0.005977959256869724,0.004659204051222574,0.007251953644694697,,3768324934500513378,2025-12-16 15:34:00.776506
2025-12-16,24495,NYR,VAN,30005266,Jaroslav Chmelar,assists,rf_qrf_assists,0.3.0,empirical_qrf,0.043971984312278674,0.0,0.08703279938977881,,3768324934500513378,2025-12-16 15:34:00.776506
2025-12-16,24495,NYR,VAN,30005563,Brandon Scanlin,assists,rf_qrf_assists,0.3.0,empirical_qrf,0.043971984312278674,0.0,0.08703279938977881,,3768324934500513378,2025-12-16 15:34:00.776506
2025-12-16,24495,VAN,NYR,30004140,Jett Woo,assists,rf_qrf_assists,0.3.0,empirical_qrf,0.004458635759779367,0.0,0.00980392156862745,,3768324934500513378,2025-12-16 15:34:00.776506
2025-12-16,24495,NYR,VAN,30005183,Matt Rempe,assists,rf_qrf_assists,0.3.0,empirical_qrf,0.0,0.0,0.0,,3768324934500513378,2025-12-16 15:34:00.776506
2025-12-16,24495,NYR,VAN,30005223,Kyle Jackson,assists,rf_qrf_assists,0.3.0,empirical_qrf,0.005977959256869724,0.004659204051222574,0.007251953644694697,,3768324934500513378,2025-12-16 15:34:00.776506
2025-12-16,24495,NYR,VAN,30005252,Adam Edstrom,assists,rf_qrf_assists,0.3.0,empirical_qrf,0.0,0.0,0.0,,3768324934500513378,2025-12-16 15:34:00.776506
2025-12-16,24495,NYR,VAN,30005662,Adam Sykora,assists,rf_qrf_assists,0.3.0,empirical_qrf,0.004458635759779367,0.0,0.00980392156862745,,3768324934500513378,2025-12-16 15:34:00.776506
2025-12-16,24495,NYR,VAN,30005686,Bryce McConnell-Barker,assists,rf_qrf_assists,0.3.0,empirical_qrf,0.02358742069693188,0.0,0.0449438202247191,,3768324934500513378,2025-12-16 15:34:00.776506
2025-12-16,24495,NYR,VAN,30005883,Noah Laba,assists,rf_qrf_assists,0.3.0,empirical_qrf,0.0028968253968253963,0.0,0.0,,3768324934500513378,2025-12-16 15:34:00.776506
2025-12-16,24495,NYR,VAN,30004887,Brett Berard,assists,rf_qrf_assists,0.3.0,empirical_qrf,0.0,0.0,0.0,,3768324934500513378,2025-12-16 15:34:00.776506
2025-12-16,24495,NYR,VAN,30004896,Dylan Garand,assists,rf_qrf_assists,0.3.0,empirical_qrf,0.005977959256869724,0.004659204051222574,0.007251953644694697,,3768324934500513378,2025-12-16 15:34:00.776506
2025-12-16,24495,NYR,VAN,30004968,Juuso Parssinen,assists,rf_qrf_assists,0.3.0,empirical_qrf,0.00018427741466957155,0.0,0.0,,3768324934500513378,2025-12-16 15:34:00.776506
2025-12-16,24495,NYR,VAN,30004987,Brennan Othmann,assists,rf_qrf_assists,0.3.0,empirical_qrf,0.05964017999935405,0.0,0.13636363636363635,,3768324934500513378,2025-12-16 15:34:00.776506
2025-12-16,24495,NYR,VAN,30005014,Scott Morrow,assists,rf_qrf_assists,0.3.0,empirical_qrf,0.0,0.0,0.0,,3768324934500513378,2025-12-16 15:34:00.776506
2025-12-16,24495,NYR,VAN,30005069,Christopher Merisier-Ortiz,assists,rf_qrf_assists,0.3.0,empirical_qrf,0.005977959256869724,0.004659204051222574,0.007251953644694697,,3768324934500513378,2025-12-16 15:34:00.776506
2025-12-16,24495,NYR,VAN,30004504,Matthew Robertson,assists,rf_qrf_assists,0.3.0,empirical_qrf,0.017804328825427165,0.0,0.03490412076703387,,3768324934500513378,2025-12-16 15:34:00.776506
2025-12-16,24495,NYR,VAN,30004749,Connor Mackey,assists,rf_qrf_assists,0.3.0,empirical_qrf,0.0,0.0,0.0,,3768324934500513378,2025-12-16 15:34:00.776506
2025-12-16,24495,NYR,VAN,30004797,Brendan Brisson,assists,rf_qrf_assists,0.3.0,empirical_qrf,0.0,0.0,0.0,,3768324934500513378,2025-12-16 15:34:00.776506
2025-12-16,24495,NYR,VAN,30004807,Alexis Lafrenière,assists,rf_qrf_assists,0.3.0,empirical_qrf,0.024892341181158403,0.0,0.0625,,3768324934500513378,2025-12-16 15:34:00.776506
2025-12-16,24495,NYR,VAN,30004820,Braden Schneider,assists,rf_qrf_assists,0.3.0,empirical_qrf,0.0,0.0,0.0,,3768324934500513378,2025-12-16 15:34:00.776506
2025-12-16,24495,NYR,VAN,30004832,Will Cuylle,assists,rf_qrf_assists,0.3.0,empirical_qrf,0.00861111111111111,0.0,0.0,,3768324934500513378,2025-12-16 15:34:00.776506
2025-12-16,24495,NYR,VAN,30003202,Casey Fitzgerald,assists,rf_qrf_assists,0.3.0,empirical_qrf,0.0,0.0,0.0,,3768324934500513378,2025-12-16 15:34:00.776506
2025-12-16,24495,NYR,VAN,30003583,Carson Soucy,assists,rf_qrf_assists,0.3.0,empirical_qrf,0.03575508759790011,0.0,0.08010810810810813,,3768324934500513378,2025-12-16 15:34:00.776506
2025-12-16,24495,NYR,VAN,30003649,Urho Vaakanainen,assists,rf_qrf_assists,0.3.0,empirical_qrf,0.0,0.0,0.0,,3768324934500513378,2025-12-16 15:34:00.776506
2025-12-16,24495,NYR,VAN,30003743,Will Borgen,assists,rf_qrf_assists,0.3.0,empirical_qrf,0.0,0.0,0.0,,3768324934500513378,2025-12-16 15:34:00.776506
2025-12-16,24495,NYR,VAN,30003952,Blake Hillman,assists,rf_qrf_assists,0.3.0,empirical_qrf,0.005977959256869724,0.004659204051222574,0.007251953644694697,,3768324934500513378,2025-12-16 15:34:00.776506
2025-12-16,24495,NYR,VAN,30004430,Vladislav Gavrikov,assists,rf_qrf_assists,0.3.0,empirical_qrf,0.0,0.0,0.0,,3768324934500513378,2025-12-16 15:34:00.776506
2025-12-16,24495,NYR,VAN,30001322,Artemi Panarin,assists,rf_qrf_assists,0.3.0,empirical_qrf,0.0,0.0,0.0,,3768324934500513378,2025-12-16 15:34:00.776506
2025-12-16,24495,NYR,VAN,30002524,Spencer Martin,assists,rf_qrf_assists,0.3.0,empirical_qrf,0.005977959256869724,0.004659204051222574,0.007251953644694697,,3768324934500513378,2025-12-16 15:34:00.776506
2025-12-16,24495,NYR,VAN,30002967,Jonny Brodzinski,assists,rf_qrf_assists,0.3.0,empirical_qrf,0.0,0.0,0.0,,3768324934500513378,2025-12-16 15:34:00.776506
2025-12-16,24495,NYR,VAN,30002999,Igor Shesterkin,assists,rf_qrf_assists,0.3.0,empirical_qrf,0.005977959256869724,0.004659204051222574,0.007251953644694697,,3768324934500513378,2025-12-16 15:34:00.776506
2025-12-16,24495,NYR,VAN,30003170,Taylor Raddysh,assists,rf_qrf_assists,0.3.0,empirical_qrf,0.004458635759779367,0.0,0.00980392156862745,,3768324934500513378,2025-12-16 15:34:00.776506
2025-12-16,24495,NYR,VAN,30003194,Adam Fox,assists,rf_qrf_assists,0.3.0,empirical_qrf,0.0,0.0,0.0,,3768324934500513378,2025-12-16 15:34:00.776506
2025-12-16,24495,NYR,VAN,30000123,Jonathan Quick,assists,rf_qrf_assists,0.3.0,empirical_qrf,0.005977959256869724,0.004659204051222574,0.007251953644694697,,3768324934500513378,2025-12-16 15:34:00.776506
2025-12-16,24495,NYR,VAN,30000226,Vincent Trocheck,assists,rf_qrf_assists,0.3.0,empirical_qrf,0.0,0.0,0.0,,3768324934500513378,2025-12-16 15:34:00.776506
2025-12-16,24495,NYR,VAN,30000410,Conor Sheary,assists,rf_qrf_assists,0.3.0,empirical_qrf,0.20234781884781886,0.0,0.5,,3768324934500513378,2025-12-16 15:34:00.776506
2025-12-16,24495,NYR,VAN,30000467,Mika Zibanejad,assists,rf_qrf_assists,0.3.0,empirical_qrf,0.00375,0.0,0.0,,3768324934500513378,2025-12-16 15:34:00.776506
2025-12-16,24495,NYR,VAN,30000489,Sam Carrick,assists,rf_qrf_assists,0.3.0,empirical_qrf,0.05964017999935405,0.0,0.13636363636363635,,3768324934500513378,2025-12-16 15:34:00.776506
2025-12-16,24495,NYR,VAN,30000617,J.T. Miller,assists,rf_qrf_assists,0.3.0,empirical_qrf,0.03725,0.0,0.0,,3768324934500513378,2025-12-16 15:34:00.776506
2025-12-16,24495,VAN,NYR,30005837,Ty Young,assists,rf_qrf_assists,0.3.0,empirical_qrf,0.005977959256869724,0.004659204051222574,0.007251953644694697,,3768324934500513378,2025-12-16 15:34:00.776506
2025-12-16,24495,VAN,NYR,30006031,Max Sasson,assists,rf_qrf_assists,0.3.0,empirical_qrf,0.0,0.0,0.0,,3768324934500513378,2025-12-16 15:34:00.776506
2025-12-16,24495,VAN,NYR,30006037,Nikita Tolopilo,assists,rf_qrf_assists,0.3.0,empirical_qrf,0.005977959256869724,0.004659204051222574,0.007251953644694697,,3768324934500513378,2025-12-16 15:34:00.776506
2025-12-16,24495,VAN,NYR,30006067,Tom Willander,assists,rf_qrf_assists,0.3.0,empirical_qrf,0.0,0.0,0.0,,3768324934500513378,2025-12-16 15:34:00.776506
2025-12-16,24495,VAN,NYR,30006320,Joe Arntsen,assists,rf_qrf_assists,0.3.0,empirical_qrf,0.005977959256869724,0.004659204051222574,0.007251953644694697,,3768324934500513378,2025-12-16 15:34:00.776506
2025-12-16,24495,VAN,NYR,30006441,Elias Nils Pettersson,assists,rf_qrf_assists,0.3.0,empirical_qrf,0.03575508759790011,0.0,0.08010810810810813,,3768324934500513378,2025-12-16 15:34:00.776506
2025-12-16,24495,VAN,NYR,30005171,Dino Kambeitz,assists,rf_qrf_assists,0.3.0,empirical_qrf,0.005977959256869724,0.004659204051222574,0.007251953644694697,,3768324934500513378,2025-12-16 15:34:00.776506
2025-12-16,24495,VAN,NYR,30005456,Nils Aman,assists,rf_qrf_assists,0.3.0,empirical_qrf,0.053696659006827,0.0,0.1054511278195489,,3768324934500513378,2025-12-16 15:34:00.776506
2025-12-16,24495,VAN,NYR,30005566,Arshdeep Bains,assists,rf_qrf_assists,0.3.0,empirical_qrf,0.0,0.0,0.0,,3768324934500513378,2025-12-16 15:34:00.776506
2025-12-16,24495,VAN,NYR,30005619,Jonathan Lekkerimaki,assists,rf_qrf_assists,0.3.0,empirical_qrf,0.0005555555555555556,0.0,0.0,,3768324934500513378,2025-12-16 15:34:00.776506
2025-12-16,24495,VAN,NYR,30005747,Jonathan Lemieux,assists,rf_qrf_assists,0.3.0,empirical_qrf,0.005977959256869724,0.004659204051222574,0.007251953644694697,,3768324934500513378,2025-12-16 15:34:00.776506
2025-12-16,24495,VAN,NYR,30005831,Kirill Kudryavtsev,assists,rf_qrf_assists,0.3.0,empirical_qrf,0.0,0.0,0.0,,3768324934500513378,2025-12-16 15:34:00.776506
2025-12-16,24495,VAN,NYR,30004581,Nikolai Knyzhov,assists,rf_qrf_assists,0.3.0,empirical_qrf,0.0070350098513571905,0.0,0.014084507042253521,,3768324934500513378,2025-12-16 15:34:00.776506
2025-12-16,24495,VAN,NYR,30004741,Drew O'Connor,assists,rf_qrf_assists,0.3.0,empirical_qrf,0.0,0.0,0.0,,3768324934500513378,2025-12-16 15:34:00.776506
2025-12-16,24495,VAN,NYR,30005016,Danila Klimovich,assists,rf_qrf_assists,0.3.0,empirical_qrf,0.0,0.0,0.0,,3768324934500513378,2025-12-16 15:34:00.776506
2025-12-16,24495,VAN,NYR,30005028,Aatu Raty,assists,rf_qrf_assists,0.3.0,empirical_qrf,0.004887806637806637,0.0,0.0,,3768324934500513378,2025-12-16 15:34:00.776506
2025-12-16,24495,VAN,NYR,30005100,Cooper Walker,assists,rf_qrf_assists,0.3.0,empirical_qrf,0.005977959256869724,0.004659204051222574,0.007251953644694697,,3768324934500513378,2025-12-16 15:34:00.776506
2025-12-16,24495,VAN,NYR,30005145,Josh Bloom,assists,rf_qrf_assists,0.3.0,empirical_qrf,0.005977959256869724,0.004659204051222574,0.007251953644694697,,3768324934500513378,2025-12-16 15:34:00.776506
2025-12-16,24495,VAN,NYR,30004001,Kiefer Sherwood,assists,rf_qrf_assists,0.3.0,empirical_qrf,0.003337301587301587,0.0,0.0,,3768324934500513378,2025-12-16 15:34:00.776506
2025-12-16,24495,VAN,NYR,30004058,Kevin Lankinen,assists,rf_qrf_assists,0.3.0,empirical_qrf,0.005977959256869724,0.004659204051222574,0.007251953644694697,,3768324934500513378,2025-12-16 15:34:00.776506
2025-12-16,24495,VAN,NYR,30004153,Linus Karlsson,assists,rf_qrf_assists,0.3.0,empirical_qrf,0.20234781884781886,0.0,0.5,,3768324934500513378,2025-12-16 15:34:00.776506
2025-12-16,24495,VAN,NYR,30004227,Chase Wouters,assists,rf_qrf_assists,0.3.0,empirical_qrf,0.005977959256869724,0.004659204051222574,0.007251953644694697,,3768324934500513378,2025-12-16 15:34:00.776506
2025-12-16,24495,VAN,NYR,30004425,Jimmy Schuldt,assists,rf_qrf_assists,0.3.0,empirical_qrf,0.0070350098513571905,0.0,0.014084507042253521,,3768324934500513378,2025-12-16 15:34:00.776506
2025-12-16,24495,VAN,NYR,30004531,Nils Hoglander,assists,rf_qrf_assists,0.3.0,empirical_qrf,0.0,0.0,0.0,,3768324934500513378,2025-12-16 15:34:00.776506
2025-12-16,24495,VAN,NYR,30003193,Filip Hronek,assists,rf_qrf_assists,0.3.0,empirical_qrf,0.004138888888888889,0.0,0.0,,3768324934500513378,2025-12-16 15:34:00.776506
2025-12-16,24495,VAN,NYR,30003604,David Kampf,assists,rf_qrf_assists,0.3.0,empirical_qrf,0.010461352518831358,0.0,0.022727272727272728,,3768324934500513378,2025-12-16 15:34:00.776506
2025-12-16,24495,VAN,NYR,30003647,Elias Pettersson,assists,rf_qrf_assists,0.3.0,empirical_qrf,0.0,0.0,0.0,,3768324934500513378,2025-12-16 15:34:00.776506
2025-12-16,24495,VAN,NYR,30003655,Filip Chytil,assists,rf_qrf_assists,0.3.0,empirical_qrf,0.0007638888888888888,0.0,0.0,,3768324934500513378,2025-12-16 15:34:00.776506
2025-12-16,24495,VAN,NYR,30003666,Pierre-Olivier Joseph,assists,rf_qrf_assists,0.3.0,empirical_qrf,0.0,0.0,0.0,,3768324934500513378,2025-12-16 15:34:00.776506
2025-12-16,24495,VAN,NYR,30003776,Jiri Patera,assists,rf_qrf_assists,0.3.0,empirical_qrf,0.005977959256869724,0.004659204051222574,0.007251953644694697,,3768324934500513378,2025-12-16 15:34:00.776506
2025-12-16,24495,VAN,NYR,30002581,Thatcher Demko,assists,rf_qrf_assists,0.3.0,empirical_qrf,0.005977959256869724,0.004659204051222574,0.007251953644694697,,3768324934500513378,2025-12-16 15:34:00.776506
2025-12-16,24495,VAN,NYR,30002587,Marcus Pettersson,assists,rf_qrf_assists,0.3.0,empirical_qrf,0.0,0.0,0.0,,3768324934500513378,2025-12-16 15:34:00.776506
2025-12-16,24495,VAN,NYR,30002777,Brock Boeser,assists,rf_qrf_assists,0.3.0,empirical_qrf,0.00861111111111111,0.0,0.0,,3768324934500513378,2025-12-16 15:34:00.776506
2025-12-16,24495,VAN,NYR,30002793,Joseph Labate,assists,rf_qrf_assists,0.3.0,empirical_qrf,0.03651406377735466,0.0,0.07253446447507955,,3768324934500513378,2025-12-16 15:34:00.776506
2025-12-16,24495,VAN,NYR,30002876,Conor Garland,assists,rf_qrf_assists,0.3.0,empirical_qrf,0.02059259259259259,0.0,0.0,,3768324934500513378,2025-12-16 15:34:00.776506
2025-12-16,24495,VAN,NYR,30003063,Mackenzie MacEachern,assists,rf_qrf_assists,0.3.0,empirical_qrf,0.0,0.0,0.0,,3768324934500513378,2025-12-16 15:34:00.776506
2025-12-16,24496,PHI,MON,30000050,Sean Couturier,assists,rf_qrf_assists,0.3.0,empirical_qrf,0.0016666666666666668,0.0,0.0,,3768324934500513378,2025-12-16 15:34:00.776506
2025-12-16,24496,PHI,MON,30000234,Garrett Wilson,assists,rf_qrf_assists,0.3.0,empirical_qrf,0.0070350098513571905,0.0,0.014084507042253521,,3768324934500513378,2025-12-16 15:34:00.776506
2025-12-16,24496,PHI,MON,30000349,Travis Konecny,assists,rf_qrf_assists,0.3.0,empirical_qrf,0.0008333333333333334,0.0,0.0,,3768324934500513378,2025-12-16 15:34:00.776506
2025-12-16,24496,PHI,MON,30000501,Nicolas Deslauriers,assists,rf_qrf_assists,0.3.0,empirical_qrf,0.0029618068863726007,0.0,0.006389776357827476,,3768324934500513378,2025-12-16 15:34:00.776506
2025-12-16,24496,PHI,MON,30000624,Travis Sanheim,assists,rf_qrf_assists,0.3.0,empirical_qrf,0.004166666666666667,0.0,0.0,,3768324934500513378,2025-12-16 15:34:00.776506
2025-12-16,24496,PHI,MON,30000942,Christian Dvorak,assists,rf_qrf_assists,0.3.0,empirical_qrf,0.0,0.0,0.0,,3768324934500513378,2025-12-16 15:34:00.776506
2025-12-16,24496,PHI,MON,30005396,Ty Murchison,assists,rf_qrf_assists,0.3.0,empirical_qrf,0.005977959256869724,0.004659204051222574,0.007251953644694697,,3768324934500513378,2025-12-16 15:34:00.776506
2025-12-16,24496,MON,PHI,30002592,Kaapo Kahkonen,assists,rf_qrf_assists,0.3.0,empirical_qrf,0.005977959256869724,0.004659204051222574,0.007251953644694697,,3768324934500513378,2025-12-16 15:34:00.776506
2025-12-16,24496,PHI,MON,30005345,Roman Schmidt,assists,rf_qrf_assists,0.3.0,empirical_qrf,0.02358742069693188,0.0,0.0449438202247191,,3768324934500513378,2025-12-16 15:34:00.776506
2025-12-16,24496,MON,PHI,30005722,Adam Engstrom,assists,rf_qrf_assists,0.3.0,empirical_qrf,0.03575508759790011,0.0,0.08010810810810813,,3768324934500513378,2025-12-16 15:34:00.776506
2025-12-16,24496,MON,PHI,30006127,Jacob Fowler,assists,rf_qrf_assists,0.3.0,empirical_qrf,0.005977959256869724,0.004659204051222574,0.007251953644694697,,3768324934500513378,2025-12-16 15:34:00.776506
2025-12-16,24496,MON,PHI,30005656,Owen Beck,assists,rf_qrf_assists,0.3.0,empirical_qrf,0.05964017999935405,0.0,0.13636363636363635,,3768324934500513378,2025-12-16 15:34:00.776506
2025-12-16,24496,MON,PHI,30005806,Jared Davidson,assists,rf_qrf_assists,0.3.0,empirical_qrf,0.004458635759779367,0.0,0.00980392156862745,,3768324934500513378,2025-12-16 15:34:00.776506
2025-12-16,24496,MON,PHI,30006060,David Reinbacher,assists,rf_qrf_assists,0.3.0,empirical_qrf,0.0070350098513571905,0.0,0.014084507042253521,,3768324934500513378,2025-12-16 15:34:00.776506
2025-12-16,24496,MON,PHI,30006152,Florian Xhekaj,assists,rf_qrf_assists,0.3.0,empirical_qrf,0.0,0.0,0.0,,3768324934500513378,2025-12-16 15:34:00.776506
2025-12-16,24496,MON,PHI,30006358,Israel Mianscum,assists,rf_qrf_assists,0.3.0,empirical_qrf,0.005977959256869724,0.004659204051222574,0.007251953644694697,,3768324934500513378,2025-12-16 15:34:00.776506
2025-12-16,24496,MON,PHI,30006485,Ivan Demidov,assists,rf_qrf_assists,0.3.0,empirical_qrf,0.0,0.0,0.0,,3768324934500513378,2025-12-16 15:34:00.776506
2025-12-16,24496,MON,PHI,30005288,Ben Gaudreau,assists,rf_qrf_assists,0.3.0,empirical_qrf,0.005977959256869724,0.004659204051222574,0.007251953644694697,,3768324934500513378,2025-12-16 15:34:00.776506
2025-12-16,24496,MON,PHI,30005534,Jakub Dobes,assists,rf_qrf_assists,0.3.0,empirical_qrf,0.005977959256869724,0.004659204051222574,0.007251953644694697,,3768324934500513378,2025-12-16 15:34:00.776506
2025-12-16,24496,MON,PHI,30005574,Lucas Condotta,assists,rf_qrf_assists,0.3.0,empirical_qrf,0.053696659006827,0.0,0.1054511278195489,,3768324934500513378,2025-12-16 15:34:00.776506
2025-12-16,24496,MON,PHI,30005631,Juraj Slafkovsky,assists,rf_qrf_assists,0.3.0,empirical_qrf,0.0,0.0,0.0,,3768324934500513378,2025-12-16 15:34:00.776506
2025-12-16,24496,MON,PHI,30005645,Filip Mesar,assists,rf_qrf_assists,0.3.0,empirical_qrf,0.0,0.0,0.0,,3768324934500513378,2025-12-16 15:34:00.776506
2025-12-16,24496,MON,PHI,30005655,Lane Hutson,assists,rf_qrf_assists,0.3.0,empirical_qrf,0.0018055555555555555,0.0,0.0,,3768324934500513378,2025-12-16 15:34:00.776506
2025-12-16,24496,MON,PHI,30005118,Tobie Paquette-Bisson,assists,rf_qrf_assists,0.3.0,empirical_qrf,0.000587623148553092,0.0,0.0,,3768324934500513378,2025-12-16 15:34:00.776506
2025-12-16,24496,MON,PHI,30005121,Joshua Roy,assists,rf_qrf_assists,0.3.0,empirical_qrf,0.0029618068863726007,0.0,0.006389776357827476,,3768324934500513378,2025-12-16 15:34:00.776506
2025-12-16,24496,MON,PHI,30005122,Xavier Simoneau,assists,rf_qrf_assists,0.3.0,empirical_qrf,0.005977959256869724,0.004659204051222574,0.007251953644694697,,3768324934500513378,2025-12-16 15:34:00.776506
2025-12-16,24496,MON,PHI,30005127,Joe Vrbetic,assists,rf_qrf_assists,0.3.0,empirical_qrf,0.005977959256869724,0.004659204051222574,0.007251953644694697,,3768324934500513378,2025-12-16 15:34:00.776506
2025-12-16,24496,MON,PHI,30005128,Arber Xhekaj,assists,rf_qrf_assists,0.3.0,empirical_qrf,0.0,0.0,0.0,,3768324934500513378,2025-12-16 15:34:00.776506
2025-12-16,24496,MON,PHI,30005287,Gannon Laroque,assists,rf_qrf_assists,0.3.0,empirical_qrf,0.005977959256869724,0.004659204051222574,0.007251953644694697,,3768324934500513378,2025-12-16 15:34:00.776506
2025-12-16,24496,MON,PHI,30004894,Sean Farrell,assists,rf_qrf_assists,0.3.0,empirical_qrf,0.0,0.0,0.0,,3768324934500513378,2025-12-16 15:34:00.776506
2025-12-16,24496,MON,PHI,30004928,Cole Caufield,assists,rf_qrf_assists,0.3.0,empirical_qrf,0.0,0.0,0.0,,3768324934500513378,2025-12-16 15:34:00.776506
2025-12-16,24496,MON,PHI,30004950,Marc Del Gaizo,assists,rf_qrf_assists,0.3.0,empirical_qrf,0.0,0.0,0.0,,3768324934500513378,2025-12-16 15:34:00.776506
2025-12-16,24496,MON,PHI,30004990,Zachary Bolduc,assists,rf_qrf_assists,0.3.0,empirical_qrf,0.0,0.0,0.0,,3768324934500513378,2025-12-16 15:34:00.776506
2025-12-16,24496,MON,PHI,30005021,Oliver Kapanen,assists,rf_qrf_assists,0.3.0,empirical_qrf,0.0019527972027972025,0.0,0.0,,3768324934500513378,2025-12-16 15:34:00.776506
2025-12-16,24496,MON,PHI,30005022,Riley Kidney,assists,rf_qrf_assists,0.3.0,empirical_qrf,0.16243585118585116,0.0,0.375,,3768324934500513378,2025-12-16 15:34:00.776506
2025-12-16,24496,MON,PHI,30004486,Alex Newhook,assists,rf_qrf_assists,0.3.0,empirical_qrf,0.0,0.0,0.0,,3768324934500513378,2025-12-16 15:34:00.776506
2025-12-16,24496,MON,PHI,30004520,Hunter Jones,assists,rf_qrf_assists,0.3.0,empirical_qrf,0.0,0.0,0.0,,3768324934500513378,2025-12-16 15:34:00.776506
2025-12-16,24496,MON,PHI,30004559,Jayden Struble,assists,rf_qrf_assists,0.3.0,empirical_qrf,0.017804328825427165,0.0,0.03490412076703387,,3768324934500513378,2025-12-16 15:34:00.776506
2025-12-16,24496,MON,PHI,30004803,Kaiden Guhle,assists,rf_qrf_assists,0.3.0,empirical_qrf,0.0,0.0,0.0,,3768324934500513378,2025-12-16 15:34:00.776506
2025-12-16,24496,MON,PHI,30004866,Ryan O'Rourke,assists,rf_qrf_assists,0.3.0,empirical_qrf,0.0,0.0,0.0,,3768324934500513378,2025-12-16 15:34:00.776506
2025-12-16,24496,MON,PHI,30004876,Ty Smilanic,assists,rf_qrf_assists,0.3.0,empirical_qrf,0.005977959256869724,0.004659204051222574,0.007251953644694697,,3768324934500513378,2025-12-16 15:34:00.776506
2025-12-16,24496,MON,PHI,30004086,Noah Dobson,assists,rf_qrf_assists,0.3.0,empirical_qrf,0.0,0.0,0.0,,3768324934500513378,2025-12-16 15:34:00.776506
2025-12-16,24496,MON,PHI,30004101,Joe Veleno,assists,rf_qrf_assists,0.3.0,empirical_qrf,0.0,0.0,0.0,,3768324934500513378,2025-12-16 15:34:00.776506
2025-12-16,24496,MON,PHI,30004204,Wyatte Wylie,assists,rf_qrf_assists,0.3.0,empirical_qrf,0.07008237133237133,0.0,0.0,,3768324934500513378,2025-12-16 15:34:00.776506
2025-12-16,24496,MON,PHI,30004284,Kevin Mandolese,assists,rf_qrf_assists,0.3.0,empirical_qrf,0.005977959256869724,0.004659204051222574,0.007251953644694697,,3768324934500513378,2025-12-16 15:34:00.776506
2025-12-16,24496,MON,PHI,30004361,Josh Anderson,assists,rf_qrf_assists,0.3.0,empirical_qrf,0.0,0.0,0.0,,3768324934500513378,2025-12-16 15:34:00.776506
2025-12-16,24496,MON,PHI,30004472,Kirby Dach,assists,rf_qrf_assists,0.3.0,empirical_qrf,0.0,0.0,0.0,,3768324934500513378,2025-12-16 15:34:00.776506
2025-12-16,24496,MON,PHI,30003131,Patrik Laine,assists,rf_qrf_assists,0.3.0,empirical_qrf,0.0021304216982685796,0.0,0.0,,3768324934500513378,2025-12-16 15:34:00.776506
2025-12-16,24496,MON,PHI,30003667,Nick Suzuki,assists,rf_qrf_assists,0.3.0,empirical_qrf,0.0,0.0,0.0,,3768324934500513378,2025-12-16 15:34:00.776506
2025-12-16,24496,MON,PHI,30003687,Alexandre Texier,assists,rf_qrf_assists,0.3.0,empirical_qrf,0.0070350098513571905,0.0,0.014084507042253521,,3768324934500513378,2025-12-16 15:34:00.776506
2025-12-16,24496,MON,PHI,30003901,Alex Belzile,assists,rf_qrf_assists,0.3.0,empirical_qrf,0.0,0.0,0.0,,3768324934500513378,2025-12-16 15:34:00.776506
2025-12-16,24496,MON,PHI,30003958,Nate Clurman,assists,rf_qrf_assists,0.3.0,empirical_qrf,0.03383792840826914,0.0,0.0684931506849315,,3768324934500513378,2025-12-16 15:34:00.776506
2025-12-16,24496,MON,PHI,30003990,Jake Evans,assists,rf_qrf_assists,0.3.0,empirical_qrf,0.03383792840826914,0.0,0.0684931506849315,,3768324934500513378,2025-12-16 15:34:00.776506
2025-12-16,24496,MON,PHI,30000670,Sammy Blais,assists,rf_qrf_assists,0.3.0,empirical_qrf,0.010461352518831358,0.0,0.022727272727272728,,3768324934500513378,2025-12-16 15:34:00.776506
2025-12-16,24496,MON,PHI,30001395,Laurent Dauphin,assists,rf_qrf_assists,0.3.0,empirical_qrf,0.02358742069693188,0.0,0.0449438202247191,,3768324934500513378,2025-12-16 15:34:00.776506
2025-12-16,24496,MON,PHI,30002601,Joshua Jacobs,assists,rf_qrf_assists,0.3.0,empirical_qrf,0.005977959256869724,0.004659204051222574,0.007251953644694697,,3768324934500513378,2025-12-16 15:34:00.776506
2025-12-16,24496,MON,PHI,30002663,Vincent Arseneau,assists,rf_qrf_assists,0.3.0,empirical_qrf,0.005977959256869724,0.004659204051222574,0.007251953644694697,,3768324934500513378,2025-12-16 15:34:00.776506
2025-12-16,24496,MON,PHI,30002781,Sam Montembeault,assists,rf_qrf_assists,0.3.0,empirical_qrf,0.005977959256869724,0.004659204051222574,0.007251953644694697,,3768324934500513378,2025-12-16 15:34:00.776506
2025-12-16,24496,MON,PHI,30002825,Alexandre Carrier,assists,rf_qrf_assists,0.3.0,empirical_qrf,0.0,0.0,0.0,,3768324934500513378,2025-12-16 15:34:00.776506
2025-12-16,24496,PHI,MON,30006075,Oliver Bonk,assists,rf_qrf_assists,0.3.0,empirical_qrf,0.0,0.0,0.0,,3768324934500513378,2025-12-16 15:34:00.776506
2025-12-16,24496,PHI,MON,30006100,Carson Bjarnason,assists,rf_qrf_assists,0.3.0,empirical_qrf,0.005977959256869724,0.004659204051222574,0.007251953644694697,,3768324934500513378,2025-12-16 15:34:00.776506
2025-12-16,24496,PHI,MON,30006135,Denver Barkey,assists,rf_qrf_assists,0.3.0,empirical_qrf,0.004458635759779367,0.0,0.00980392156862745,,3768324934500513378,2025-12-16 15:34:00.776506
2025-12-16,24496,MON,PHI,30000015,Brendan Gallagher,assists,rf_qrf_assists,0.3.0,empirical_qrf,0.017062282932638968,0.0,0.0,,3768324934500513378,2025-12-16 15:34:00.776506
2025-12-16,24496,MON,PHI,30000227,Mike Matheson,assists,rf_qrf_assists,0.3.0,empirical_qrf,0.0007638888888888888,0.0,0.0,,3768324934500513378,2025-12-16 15:34:00.776506
2025-12-16,24496,MON,PHI,30000555,Tyler Wotherspoon,assists,rf_qrf_assists,0.3.0,empirical_qrf,0.005977959256869724,0.004659204051222574,0.007251953644694697,,3768324934500513378,2025-12-16 15:34:00.776506
2025-12-16,24496,PHI,MON,30005397,Noah Cates,assists,rf_qrf_assists,0.3.0,empirical_qrf,0.004887806637806637,0.0,0.0,,3768324934500513378,2025-12-16 15:34:00.776506
2025-12-16,24496,PHI,MON,30005401,Aleksei Kolosov,assists,rf_qrf_assists,0.3.0,empirical_qrf,0.005977959256869724,0.004659204051222574,0.007251953644694697,,3768324934500513378,2025-12-16 15:34:00.776506
2025-12-16,24496,PHI,MON,30005756,Tucker Robertson,assists,rf_qrf_assists,0.3.0,empirical_qrf,0.005977959256869724,0.004659204051222574,0.007251953644694697,,3768324934500513378,2025-12-16 15:34:00.776506
2025-12-16,24496,PHI,MON,30005958,Nikita Grebenkin,assists,rf_qrf_assists,0.3.0,empirical_qrf,0.0019527972027972025,0.0,0.0,,3768324934500513378,2025-12-16 15:34:00.776506
2025-12-16,24496,PHI,MON,30006045,Yaniv Perets,assists,rf_qrf_assists,0.3.0,empirical_qrf,0.005977959256869724,0.004659204051222574,0.007251953644694697,,3768324934500513378,2025-12-16 15:34:00.776506
2025-12-16,24496,PHI,MON,30006061,Matvei Michkov,assists,rf_qrf_assists,0.3.0,empirical_qrf,0.0,0.0,0.0,,3768324934500513378,2025-12-16 15:34:00.776506
2025-12-16,24496,PHI,MON,30004800,Jamie Drysdale,assists,rf_qrf_assists,0.3.0,empirical_qrf,0.017062282932638968,0.0,0.0,,3768324934500513378,2025-12-16 15:34:00.776506
2025-12-16,24496,PHI,MON,30004801,Tyson Foerster,assists,rf_qrf_assists,0.3.0,empirical_qrf,0.0,0.0,0.0,,3768324934500513378,2025-12-16 15:34:00.776506
2025-12-16,24496,PHI,MON,30004824,Emil Andrae,assists,rf_qrf_assists,0.3.0,empirical_qrf,0.0,0.0,0.0,,3768324934500513378,2025-12-16 15:34:00.776506
2025-12-16,24496,PHI,MON,30004839,Helge Grans,assists,rf_qrf_assists,0.3.0,empirical_qrf,0.0029618068863726007,0.0,0.006389776357827476,,3768324934500513378,2025-12-16 15:34:00.776506
2025-12-16,24496,PHI,MON,30005234,Vincent Sevigny,assists,rf_qrf_assists,0.3.0,empirical_qrf,0.005977959256869724,0.004659204051222574,0.007251953644694697,,3768324934500513378,2025-12-16 15:34:00.776506
2025-12-16,24496,PHI,MON,30005293,Artem Guryev,assists,rf_qrf_assists,0.3.0,empirical_qrf,0.005977959256869724,0.004659204051222574,0.007251953644694697,,3768324934500513378,2025-12-16 15:34:00.776506
2025-12-16,24496,PHI,MON,30004154,Xavier Bernard,assists,rf_qrf_assists,0.3.0,empirical_qrf,0.005059523809523809,0.0,0.0,,3768324934500513378,2025-12-16 15:34:00.776506
2025-12-16,24496,PHI,MON,30004205,Egor Zamula,assists,rf_qrf_assists,0.3.0,empirical_qrf,0.014308815077174556,0.0,0.03337078651685394,,3768324934500513378,2025-12-16 15:34:00.776506
2025-12-16,24496,PHI,MON,30004406,Samuel Ersson,assists,rf_qrf_assists,0.3.0,empirical_qrf,0.005977959256869724,0.004659204051222574,0.007251953644694697,,3768324934500513378,2025-12-16 15:34:00.776506
2025-12-16,24496,PHI,MON,30004481,Trevor Zegras,assists,rf_qrf_assists,0.3.0,empirical_qrf,0.14370725570725568,0.0,0.3333333333333333,,3768324934500513378,2025-12-16 15:34:00.776506
2025-12-16,24496,PHI,MON,30004484,Cam York,assists,rf_qrf_assists,0.3.0,empirical_qrf,0.0,0.0,0.0,,3768324934500513378,2025-12-16 15:34:00.776506
2025-12-16,24496,PHI,MON,30004508,Bobby Brink,assists,rf_qrf_assists,0.3.0,empirical_qrf,0.0016025641025641025,0.0,0.0,,3768324934500513378,2025-12-16 15:34:00.776506
2025-12-16,24496,PHI,MON,30003171,Carl Grundstrom,assists,rf_qrf_assists,0.3.0,empirical_qrf,0.0029618068863726007,0.0,0.006389776357827476,,3768324934500513378,2025-12-16 15:34:00.776506
2025-12-16,24496,PHI,MON,30003283,Lane Pederson,assists,rf_qrf_assists,0.3.0,empirical_qrf,0.0029618068863726007,0.0,0.006389776357827476,,3768324934500513378,2025-12-16 15:34:00.776506
2025-12-16,24496,PHI,MON,30003500,Rodrigo Abols,assists,rf_qrf_assists,0.3.0,empirical_qrf,0.00024242424242424242,0.0,0.0,,3768324934500513378,2025-12-16 15:34:00.776506
2025-12-16,24496,PHI,MON,30003653,Owen Tippett,assists,rf_qrf_assists,0.3.0,empirical_qrf,0.001380952380952381,0.0,0.0,,3768324934500513378,2025-12-16 15:34:00.776506
2025-12-16,24496,PHI,MON,30003733,Keith Petruzzelli,assists,rf_qrf_assists,0.3.0,empirical_qrf,0.005977959256869724,0.004659204051222574,0.007251953644694697,,3768324934500513378,2025-12-16 15:34:00.776506
2025-12-16,24496,PHI,MON,30004002,Cooper Marody,assists,rf_qrf_assists,0.3.0,empirical_qrf,0.005977959256869724,0.004659204051222574,0.007251953644694697,,3768324934500513378,2025-12-16 15:34:00.776506
2025-12-16,24496,PHI,MON,30001201,Garnet Hathaway,assists,rf_qrf_assists,0.3.0,empirical_qrf,0.0070350098513571905,0.0,0.014084507042253521,,3768324934500513378,2025-12-16 15:34:00.776506
2025-12-16,24496,PHI,MON,30001294,Rasmus Ristolainen,assists,rf_qrf_assists,0.3.0,empirical_qrf,0.005977959256869724,0.004659204051222574,0.007251953644694697,,3768324934500513378,2025-12-16 15:34:00.776506
2025-12-16,24496,PHI,MON,30001312,Noah Juulsen,assists,rf_qrf_assists,0.3.0,empirical_qrf,0.017804328825427165,0.0,0.03490412076703387,,3768324934500513378,2025-12-16 15:34:00.776506
2025-12-16,24496,PHI,MON,30002786,Dan Vladar,assists,rf_qrf_assists,0.3.0,empirical_qrf,0.005977959256869724,0.004659204051222574,0.007251953644694697,,3768324934500513378,2025-12-16 15:34:00.776506
2025-12-16,24496,PHI,MON,30002979,Anthony Richard,assists,rf_qrf_assists,0.3.0,empirical_qrf,0.0,0.0,0.0,,3768324934500513378,2025-12-16 15:34:00.776506
2025-12-16,24496,PHI,MON,30003016,Nick Seeler,assists,rf_qrf_assists,0.3.0,empirical_qrf,0.0,0.0,0.0,,3768324934500513378,2025-12-16 15:34:00.776506
2025-12-16,24497,NYI,DET,30000204,Kyle Palmieri,assists,rf_qrf_assists,0.3.0,empirical_qrf,0.001380952380952381,0.0,0.0,,3768324934500513378,2025-12-16 15:34:00.776506
2025-12-16,24497,NYI,DET,30000276,Anders Lee,assists,rf_qrf_assists,0.3.0,empirical_qrf,0.0,0.0,0.0,,3768324934500513378,2025-12-16 15:34:00.776506
2025-12-16,24497,NYI,DET,30000290,Adam Pelech,assists,rf_qrf_assists,0.3.0,empirical_qrf,0.0,0.0,0.0,,3768324934500513378,2025-12-16 15:34:00.776506
2025-12-16,24497,NYI,DET,30000292,Mathew Barzal,assists,rf_qrf_assists,0.3.0,empirical_qrf,0.0,0.0,0.0,,3768324934500513378,2025-12-16 15:34:00.776506
2025-12-16,24497,NYI,DET,30000571,Anthony Duclair,assists,rf_qrf_assists,0.3.0,empirical_qrf,0.0,0.0,0.0,,3768324934500513378,2025-12-16 15:34:00.776506
2025-12-16,24497,NYI,DET,30000644,Chris Terry,assists,rf_qrf_assists,0.3.0,empirical_qrf,0.0,0.0,0.0,,3768324934500513378,2025-12-16 15:34:00.776506
2025-12-16,24497,DET,NYI,30005780,Amadeus Lombardi,assists,rf_qrf_assists,0.3.0,empirical_qrf,0.0,0.0,0.0,,3768324934500513378,2025-12-16 15:34:00.776506
2025-12-16,24497,DET,NYI,30006015,Alexandre Doucet,assists,rf_qrf_assists,0.3.0,empirical_qrf,0.006514224909549668,0.0,0.014936595219391766,,3768324934500513378,2025-12-16 15:34:00.776506
2025-12-16,24497,DET,NYI,30006059,Nate Danielson,assists,rf_qrf_assists,0.3.0,empirical_qrf,0.0037916666666666667,0.0,0.0,,3768324934500513378,2025-12-16 15:34:00.776506
2025-12-16,24497,DET,NYI,30006071,Axel Sandin-Pellikka,assists,rf_qrf_assists,0.3.0,empirical_qrf,0.013676943426943427,0.0,0.0,,3768324934500513378,2025-12-16 15:34:00.776506
2025-12-16,24497,DET,NYI,30006201,Emmitt Finnie,assists,rf_qrf_assists,0.3.0,empirical_qrf,0.0,0.0,0.0,,3768324934500513378,2025-12-16 15:34:00.776506
2025-12-16,24497,DET,NYI,30004884,William Wallinder,assists,rf_qrf_assists,0.3.0,empirical_qrf,0.0,0.0,0.0,,3768324934500513378,2025-12-16 15:34:00.776506
2025-12-16,24497,DET,NYI,30004983,Sebastian Cossa,assists,rf_qrf_assists,0.3.0,empirical_qrf,0.005977959256869724,0.004659204051222574,0.007251953644694697,,3768324934500513378,2025-12-16 15:34:00.776506
2025-12-16,24497,DET,NYI,30004984,Simon Edvinsson,assists,rf_qrf_assists,0.3.0,empirical_qrf,0.0023809523809523807,0.0,0.0,,3768324934500513378,2025-12-16 15:34:00.776506
2025-12-16,24497,DET,NYI,30005482,Carter Mazur,assists,rf_qrf_assists,0.3.0,empirical_qrf,0.0,0.0,0.0,,3768324934500513378,2025-12-16 15:34:00.776506
2025-12-16,24497,DET,NYI,30005489,Elmer Soderblom,assists,rf_qrf_assists,0.3.0,empirical_qrf,0.0,0.0,0.0,,3768324934500513378,2025-12-16 15:34:00.776506
2025-12-16,24497,DET,NYI,30005630,Marco Kasper,assists,rf_qrf_assists,0.3.0,empirical_qrf,0.0,0.0,0.0,,3768324934500513378,2025-12-16 15:34:00.776506
2025-12-16,24497,DET,NYI,30004186,Joel L'Esperance,assists,rf_qrf_assists,0.3.0,empirical_qrf,0.0070350098513571905,0.0,0.014084507042253521,,3768324934500513378,2025-12-16 15:34:00.776506
2025-12-16,24497,DET,NYI,30004475,Moritz Seider,assists,rf_qrf_assists,0.3.0,empirical_qrf,0.0037916666666666667,0.0,0.0,,3768324934500513378,2025-12-16 15:34:00.776506
2025-12-16,24497,DET,NYI,30004548,Albert Johansson,assists,rf_qrf_assists,0.3.0,empirical_qrf,0.0,0.0,0.0,,3768324934500513378,2025-12-16 15:34:00.776506
2025-12-16,24497,DET,NYI,30004561,Antti Tuomisto,assists,rf_qrf_assists,0.3.0,empirical_qrf,0.0029618068863726007,0.0,0.006389776357827476,,3768324934500513378,2025-12-16 15:34:00.776506
2025-12-16,24497,DET,NYI,30004758,John Leonard,assists,rf_qrf_assists,0.3.0,empirical_qrf,0.25755051511669164,0.0,0.6666666666666666,,3768324934500513378,2025-12-16 15:34:00.776506
2025-12-16,24497,DET,NYI,30004816,Lucas Raymond,assists,rf_qrf_assists,0.3.0,empirical_qrf,0.024069444444444445,0.0,0.0,,3768324934500513378,2025-12-16 15:34:00.776506
2025-12-16,24497,DET,NYI,30002213,Josiah Didier,assists,rf_qrf_assists,0.3.0,empirical_qrf,0.0070350098513571905,0.0,0.014084507042253521,,3768324934500513378,2025-12-16 15:34:00.776506
2025-12-16,24497,DET,NYI,30002513,J.T. Compher,assists,rf_qrf_assists,0.3.0,empirical_qrf,0.0032297332297332297,0.0,0.0,,3768324934500513378,2025-12-16 15:34:00.776506
2025-12-16,24497,DET,NYI,30003160,Alex DeBrincat,assists,rf_qrf_assists,0.3.0,empirical_qrf,0.02833928571428571,0.0,0.0,,3768324934500513378,2025-12-16 15:34:00.776506
2025-12-16,24497,DET,NYI,30003644,Michael Rasmussen,assists,rf_qrf_assists,0.3.0,empirical_qrf,0.03575508759790011,0.0,0.08010810810810813,,3768324934500513378,2025-12-16 15:34:00.776506
2025-12-16,24497,DET,NYI,30003744,Mason Appleton,assists,rf_qrf_assists,0.3.0,empirical_qrf,0.05964017999935405,0.0,0.13636363636363635,,3768324934500513378,2025-12-16 15:34:00.776506
2025-12-16,24497,DET,NYI,30004102,Jacob Bernard-Docker,assists,rf_qrf_assists,0.3.0,empirical_qrf,0.0,0.0,0.0,,3768324934500513378,2025-12-16 15:34:00.776506
2025-12-16,24497,DET,NYI,30000846,Dylan Larkin,assists,rf_qrf_assists,0.3.0,empirical_qrf,0.002541125541125541,0.0,0.0,,3768324934500513378,2025-12-16 15:34:00.776506
2025-12-16,24497,DET,NYI,30000866,Patrick Kane,assists,rf_qrf_assists,0.3.0,empirical_qrf,0.0004166666666666667,0.0,0.0,,3768324934500513378,2025-12-16 15:34:00.776506
2025-12-16,24497,DET,NYI,30000874,John Gibson,assists,rf_qrf_assists,0.3.0,empirical_qrf,0.005977959256869724,0.004659204051222574,0.007251953644694697,,3768324934500513378,2025-12-16 15:34:00.776506
2025-12-16,24497,DET,NYI,30000997,Travis Hamonic,assists,rf_qrf_assists,0.3.0,empirical_qrf,0.004458635759779367,0.0,0.00980392156862745,,3768324934500513378,2025-12-16 15:34:00.776506
2025-12-16,24497,DET,NYI,30001011,Erik Gustafsson,assists,rf_qrf_assists,0.3.0,empirical_qrf,0.004458635759779367,0.0,0.00980392156862745,,3768324934500513378,2025-12-16 15:34:00.776506
2025-12-16,24497,DET,NYI,30001063,Ben Chiarot,assists,rf_qrf_assists,0.3.0,empirical_qrf,0.0002380952380952381,0.0,0.0,,3768324934500513378,2025-12-16 15:34:00.776506
2025-12-16,24497,NYI,DET,30006857,Matthew Schaefer,assists,rf_qrf_assists,0.3.0,empirical_qrf,0.0,0.0,0.0,,3768324934500513378,2025-12-16 15:34:00.776506
2025-12-16,24497,NYI,DET,30006925,Maxim Shabanov,assists,rf_qrf_assists,0.3.0,empirical_qrf,0.00025,0.0,0.0,,3768324934500513378,2025-12-16 15:34:00.776506
2025-12-16,24497,DET,NYI,30000043,James van Riemsdyk,assists,rf_qrf_assists,0.3.0,empirical_qrf,0.04382142857142857,0.0,0.2,,3768324934500513378,2025-12-16 15:34:00.776506
2025-12-16,24497,DET,NYI,30000186,Austin Watson,assists,rf_qrf_assists,0.3.0,empirical_qrf,0.0,0.0,0.0,,3768324934500513378,2025-12-16 15:34:00.776506
2025-12-16,24497,DET,NYI,30000563,Cam Talbot,assists,rf_qrf_assists,0.3.0,empirical_qrf,0.005977959256869724,0.004659204051222574,0.007251953644694697,,3768324934500513378,2025-12-16 15:34:00.776506
2025-12-16,24497,DET,NYI,30000821,Andrew Copp,assists,rf_qrf_assists,0.3.0,empirical_qrf,0.00024242424242424242,0.0,0.0,,3768324934500513378,2025-12-16 15:34:00.776506
2025-12-16,24497,NYI,DET,30006038,Travis Mitchell,assists,rf_qrf_assists,0.3.0,empirical_qrf,0.0029618068863726007,0.0,0.006389776357827476,,3768324934500513378,2025-12-16 15:34:00.776506
2025-12-16,24497,NYI,DET,30006078,Calum Ritchie,assists,rf_qrf_assists,0.3.0,empirical_qrf,0.0019527972027972025,0.0,0.0,,3768324934500513378,2025-12-16 15:34:00.776506
2025-12-16,24497,NYI,DET,30006247,Justin Gill,assists,rf_qrf_assists,0.3.0,empirical_qrf,0.005977959256869724,0.004659204051222574,0.007251953644694697,,3768324934500513378,2025-12-16 15:34:00.776506
2025-12-16,24497,NYI,DET,30006400,Artem Kulakov,assists,rf_qrf_assists,0.3.0,empirical_qrf,0.005977959256869724,0.004659204051222574,0.007251953644694697,,3768324934500513378,2025-12-16 15:34:00.776506
2025-12-16,24497,NYI,DET,30006402,Joseph Cipollone,assists,rf_qrf_assists,0.3.0,empirical_qrf,0.005977959256869724,0.004659204051222574,0.007251953644694697,,3768324934500513378,2025-12-16 15:34:00.776506
2025-12-16,24497,NYI,DET,30006475,Maxim Tsyplakov,assists,rf_qrf_assists,0.3.0,empirical_qrf,0.0,0.0,0.0,,3768324934500513378,2025-12-16 15:34:00.776506
2025-12-16,24497,NYI,DET,30005265,Eetu Liukas,assists,rf_qrf_assists,0.3.0,empirical_qrf,0.005977959256869724,0.004659204051222574,0.007251953644694697,,3768324934500513378,2025-12-16 15:34:00.776506
2025-12-16,24497,NYI,DET,30005661,Calle Odelius,assists,rf_qrf_assists,0.3.0,empirical_qrf,0.09585691940043897,0.0,0.21428571428571427,,3768324934500513378,2025-12-16 15:34:00.776506
2025-12-16,24497,NYI,DET,30005705,Isaiah George,assists,rf_qrf_assists,0.3.0,empirical_qrf,0.0,0.0,0.0,,3768324934500513378,2025-12-16 15:34:00.776506
2025-12-16,24497,NYI,DET,30005828,Marc Gatcomb,assists,rf_qrf_assists,0.3.0,empirical_qrf,0.05964017999935405,0.0,0.13636363636363635,,3768324934500513378,2025-12-16 15:34:00.776506
2025-12-16,24497,NYI,DET,30005856,Daylan Kuefler,assists,rf_qrf_assists,0.3.0,empirical_qrf,0.005977959256869724,0.004659204051222574,0.007251953644694697,,3768324934500513378,2025-12-16 15:34:00.776506
2025-12-16,24497,NYI,DET,30005858,Matthew Maggio,assists,rf_qrf_assists,0.3.0,empirical_qrf,0.0,0.0,0.0,,3768324934500513378,2025-12-16 15:34:00.776506
2025-12-16,24497,NYI,DET,30004332,Kyle MacLean,assists,rf_qrf_assists,0.3.0,empirical_qrf,0.017804328825427165,0.0,0.03490412076703387,,3768324934500513378,2025-12-16 15:34:00.776506
2025-12-16,24497,NYI,DET,30004498,Simon Holmstrom,assists,rf_qrf_assists,0.3.0,empirical_qrf,0.0,0.0,0.0,,3768324934500513378,2025-12-16 15:34:00.776506
2025-12-16,24497,NYI,DET,30004525,Adam Beckman,assists,rf_qrf_assists,0.3.0,empirical_qrf,0.0,0.0,0.0,,3768324934500513378,2025-12-16 15:34:00.776506
2025-12-16,24497,NYI,DET,30004845,Emil Heineman,assists,rf_qrf_assists,0.3.0,empirical_qrf,0.013999999999999997,0.0,0.0,,3768324934500513378,2025-12-16 15:34:00.776506
2025-12-16,24497,NYI,DET,30005205,Tristan Lennox,assists,rf_qrf_assists,0.3.0,empirical_qrf,0.005977959256869724,0.004659204051222574,0.007251953644694697,,3768324934500513378,2025-12-16 15:34:00.776506
2025-12-16,24497,NYI,DET,30005262,Henrik Tikkanen,assists,rf_qrf_assists,0.3.0,empirical_qrf,0.005977959256869724,0.004659204051222574,0.007251953644694697,,3768324934500513378,2025-12-16 15:34:00.776506
2025-12-16,24497,NYI,DET,30003189,Sean Day,assists,rf_qrf_assists,0.3.0,empirical_qrf,0.0,0.0,0.0,,3768324934500513378,2025-12-16 15:34:00.776506
2025-12-16,24497,NYI,DET,30003226,Ethan Bear,assists,rf_qrf_assists,0.3.0,empirical_qrf,0.005977959256869724,0.004659204051222574,0.007251953644694697,,3768324934500513378,2025-12-16 15:34:00.776506
2025-12-16,24497,NYI,DET,30003541,Matthew Highmore,assists,rf_qrf_assists,0.3.0,empirical_qrf,0.0070350098513571905,0.0,0.014084507042253521,,3768324934500513378,2025-12-16 15:34:00.776506
2025-12-16,24497,NYI,DET,30004051,Pierre Engvall,assists,rf_qrf_assists,0.3.0,empirical_qrf,0.009333333333333332,0.0,0.0,,3768324934500513378,2025-12-16 15:34:00.776506
2025-12-16,24497,NYI,DET,30004091,Adam Boqvist,assists,rf_qrf_assists,0.3.0,empirical_qrf,0.010461352518831358,0.0,0.022727272727272728,,3768324934500513378,2025-12-16 15:34:00.776506
2025-12-16,24497,NYI,DET,30004176,Alexander Romanov,assists,rf_qrf_assists,0.3.0,empirical_qrf,0.0,0.0,0.0,,3768324934500513378,2025-12-16 15:34:00.776506
2025-12-16,24497,NYI,DET,30001003,Ryan Pulock,assists,rf_qrf_assists,0.3.0,empirical_qrf,0.03651406377735466,0.0,0.07253446447507955,,3768324934500513378,2025-12-16 15:34:00.776506
2025-12-16,24497,NYI,DET,30001155,Casey Cizikas,assists,rf_qrf_assists,0.3.0,empirical_qrf,0.03651406377735466,0.0,0.07253446447507955,,3768324934500513378,2025-12-16 15:34:00.776506
2025-12-16,24497,NYI,DET,30001276,Bo Horvat,assists,rf_qrf_assists,0.3.0,empirical_qrf,0.0,0.0,0.0,,3768324934500513378,2025-12-16 15:34:00.776506
2025-12-16,24497,NYI,DET,30002533,Marcus Hogberg,assists,rf_qrf_assists,0.3.0,empirical_qrf,0.005977959256869724,0.004659204051222574,0.007251953644694697,,3768324934500513378,2025-12-16 15:34:00.776506
2025-12-16,24497,NYI,DET,30002618,Ilya Sorokin,assists,rf_qrf_assists,0.3.0,empirical_qrf,0.005977959256869724,0.004659204051222574,0.007251953644694697,,3768324934500513378,2025-12-16 15:34:00.776506
2025-12-16,24497,NYI,DET,30003126,David Rittich,assists,rf_qrf_assists,0.3.0,empirical_qrf,0.005977959256869724,0.004659204051222574,0.007251953644694697,,3768324934500513378,2025-12-16 15:34:00.776506
2025-12-16,24497,NYI,DET,30000733,Tony DeAngelo,assists,rf_qrf_assists,0.3.0,empirical_qrf,0.001380952380952381,0.0,0.0,,3768324934500513378,2025-12-16 15:34:00.776506
2025-12-16,24497,NYI,DET,30000734,Jonathan Drouin,assists,rf_qrf_assists,0.3.0,empirical_qrf,0.0,0.0,0.0,,3768324934500513378,2025-12-16 15:34:00.776506
2025-12-16,24497,NYI,DET,30000875,Semyon Varlamov,assists,rf_qrf_assists,0.3.0,empirical_qrf,0.005977959256869724,0.004659204051222574,0.007251953644694697,,3768324934500513378,2025-12-16 15:34:00.776506
2025-12-16,24497,NYI,DET,30000966,Jean-Gabriel Pageau,assists,rf_qrf_assists,0.3.0,empirical_qrf,0.0,0.0,0.0,,3768324934500513378,2025-12-16 15:34:00.776506
2025-12-16,24497,NYI,DET,30000986,Seth Helgeson,assists,rf_qrf_assists,0.3.0,empirical_qrf,0.014308815077174556,0.0,0.03337078651685394,,3768324934500513378,2025-12-16 15:34:00.776506
2025-12-16,24497,NYI,DET,30000999,Scott Mayfield,assists,rf_qrf_assists,0.3.0,empirical_qrf,0.0459946084213971,0.0,0.10526315789473684,,3768324934500513378,2025-12-16 15:34:00.776506
2025-12-16,24498,UTA,BOS,30000229,Lawson Crouse,assists,rf_qrf_assists,0.3.0,empirical_qrf,0.014847222222222222,0.0,0.0,,3768324934500513378,2025-12-16 15:34:00.776506
2025-12-16,24498,UTA,BOS,30000593,Liam O'Brien,assists,rf_qrf_assists,0.3.0,empirical_qrf,0.0,0.0,0.0,,3768324934500513378,2025-12-16 15:34:00.776506
2025-12-16,24498,UTA,BOS,30000594,Nate Schmidt,assists,rf_qrf_assists,0.3.0,empirical_qrf,0.0,0.0,0.0,,3768324934500513378,2025-12-16 15:34:00.776506
2025-12-16,24498,UTA,BOS,30000650,Ian Cole,assists,rf_qrf_assists,0.3.0,empirical_qrf,0.0,0.0,0.0,,3768324934500513378,2025-12-16 15:34:00.776506
2025-12-16,24498,UTA,BOS,30000659,Olli Määttä,assists,rf_qrf_assists,0.3.0,empirical_qrf,0.010461352518831358,0.0,0.022727272727272728,,3768324934500513378,2025-12-16 15:34:00.776506
2025-12-16,24498,UTA,BOS,30001104,Robbie Russo,assists,rf_qrf_assists,0.3.0,empirical_qrf,0.005977959256869724,0.004659204051222574,0.007251953644694697,,3768324934500513378,2025-12-16 15:34:00.776506
2025-12-16,24498,BOS,UTA,30005798,Jackson Edward,assists,rf_qrf_assists,0.3.0,empirical_qrf,0.11104042430880666,0.0,0.25,,3768324934500513378,2025-12-16 15:34:00.776506
2025-12-16,24498,BOS,UTA,30006392,Luke Cavallin,assists,rf_qrf_assists,0.3.0,empirical_qrf,0.005977959256869724,0.004659204051222574,0.007251953644694697,,3768324934500513378,2025-12-16 15:34:00.776506
2025-12-16,24498,UTA,BOS,30006086,Daniil But,assists,rf_qrf_assists,0.3.0,empirical_qrf,0.0,0.0,0.0,,3768324934500513378,2025-12-16 15:34:00.776506
2025-12-16,24498,BOS,UTA,30005580,Georgi Merkulov,assists,rf_qrf_assists,0.3.0,empirical_qrf,0.0,0.0,0.0,,3768324934500513378,2025-12-16 15:34:00.776506
2025-12-16,24498,BOS,UTA,30005651,Matthew Poitras,assists,rf_qrf_assists,0.3.0,empirical_qrf,0.03575508759790011,0.0,0.08010810810810813,,3768324934500513378,2025-12-16 15:34:00.776506
2025-12-16,24498,BOS,UTA,30005658,Fraser Minten,assists,rf_qrf_assists,0.3.0,empirical_qrf,0.024892341181158403,0.0,0.0625,,3768324934500513378,2025-12-16 15:34:00.776506
2025-12-16,24498,BOS,UTA,30005749,Nolan Maier,assists,rf_qrf_assists,0.3.0,empirical_qrf,0.003138888888888889,0.0,0.0,,3768324934500513378,2025-12-16 15:34:00.776506
2025-12-16,24498,BOS,UTA,30005760,Joseph Abate,assists,rf_qrf_assists,0.3.0,empirical_qrf,0.004458635759779367,0.0,0.00980392156862745,,3768324934500513378,2025-12-16 15:34:00.776506
2025-12-16,24498,BOS,UTA,30005797,Frederic Brunet,assists,rf_qrf_assists,0.3.0,empirical_qrf,0.010461352518831358,0.0,0.022727272727272728,,3768324934500513378,2025-12-16 15:34:00.776506
2025-12-16,24498,BOS,UTA,30004929,Alex Steeves,assists,rf_qrf_assists,0.3.0,empirical_qrf,0.0,0.0,0.0,,3768324934500513378,2025-12-16 15:34:00.776506
2025-12-16,24498,BOS,UTA,30004998,Fabian Lysell,assists,rf_qrf_assists,0.3.0,empirical_qrf,0.0,0.0,0.0,,3768324934500513378,2025-12-16 15:34:00.776506
2025-12-16,24498,BOS,UTA,30005130,Brett Harrison,assists,rf_qrf_assists,0.3.0,empirical_qrf,0.4422857142857143,0.0,1.5,,3768324934500513378,2025-12-16 15:34:00.776506
2025-12-16,24498,BOS,UTA,30005170,Maximus Wanner,assists,rf_qrf_assists,0.3.0,empirical_qrf,0.005977959256869724,0.004659204051222574,0.007251953644694697,,3768324934500513378,2025-12-16 15:34:00.776506
2025-12-16,24498,BOS,UTA,30005341,Shawn Element,assists,rf_qrf_assists,0.3.0,empirical_qrf,0.005977959256869724,0.004659204051222574,0.007251953644694697,,3768324934500513378,2025-12-16 15:34:00.776506
2025-12-16,24498,BOS,UTA,30005367,Michael Callahan,assists,rf_qrf_assists,0.3.0,empirical_qrf,0.0,0.0,0.0,,3768324934500513378,2025-12-16 15:34:00.776506
2025-12-16,24498,BOS,UTA,30004281,Jonathan Aspirot,assists,rf_qrf_assists,0.3.0,empirical_qrf,0.004458635759779367,0.0,0.00980392156862745,,3768324934500513378,2025-12-16 15:34:00.776506
2025-12-16,24498,BOS,UTA,30004477,Victor Soderstrom,assists,rf_qrf_assists,0.3.0,empirical_qrf,0.0002380952380952381,0.0,0.0,,3768324934500513378,2025-12-16 15:34:00.776506
2025-12-16,24498,BOS,UTA,30004513,John Farinacci,assists,rf_qrf_assists,0.3.0,empirical_qrf,0.0,0.0,0.0,,3768324934500513378,2025-12-16 15:34:00.776506
2025-12-16,24498,BOS,UTA,30004640,Francois Brassard,assists,rf_qrf_assists,0.3.0,empirical_qrf,0.02358742069693188,0.0,0.0449438202247191,,3768324934500513378,2025-12-16 15:34:00.776506
2025-12-16,24498,BOS,UTA,30004851,Marat Khusnutdinov,assists,rf_qrf_assists,0.3.0,empirical_qrf,0.25755051511669164,0.0,0.6666666666666666,,3768324934500513378,2025-12-16 15:34:00.776506
2025-12-16,24498,BOS,UTA,30004858,Mason Lohrei,assists,rf_qrf_assists,0.3.0,empirical_qrf,0.024892341181158403,0.0,0.0625,,3768324934500513378,2025-12-16 15:34:00.776506
2025-12-16,24498,BOS,UTA,30003657,Henri Jokiharju,assists,rf_qrf_assists,0.3.0,empirical_qrf,0.0,0.0,0.0,,3768324934500513378,2025-12-16 15:34:00.776506
2025-12-16,24498,BOS,UTA,30003704,Morgan Geekie,assists,rf_qrf_assists,0.3.0,empirical_qrf,0.0011111111111111111,0.0,0.0,,3768324934500513378,2025-12-16 15:34:00.776506
2025-12-16,24498,BOS,UTA,30003890,Mikey Eyssimont,assists,rf_qrf_assists,0.3.0,empirical_qrf,0.0014300144300144302,0.0,0.0,,3768324934500513378,2025-12-16 15:34:00.776506
2025-12-16,24498,BOS,UTA,30003912,Mark Kastelic,assists,rf_qrf_assists,0.3.0,empirical_qrf,0.0070350098513571905,0.0,0.014084507042253521,,3768324934500513378,2025-12-16 15:34:00.776506
2025-12-16,24498,BOS,UTA,30003991,Jeremy Swayman,assists,rf_qrf_assists,0.3.0,empirical_qrf,0.005977959256869724,0.004659204051222574,0.007251953644694697,,3768324934500513378,2025-12-16 15:34:00.776506
2025-12-16,24498,BOS,UTA,30004166,Jordan Harris,assists,rf_qrf_assists,0.3.0,empirical_qrf,0.0050087181337181335,0.0,0.0,,3768324934500513378,2025-12-16 15:34:00.776506
2025-12-16,24498,BOS,UTA,30003151,Riley Tufte,assists,rf_qrf_assists,0.3.0,empirical_qrf,0.0,0.0,0.0,,3768324934500513378,2025-12-16 15:34:00.776506
2025-12-16,24498,BOS,UTA,30003185,Andrew Peeke,assists,rf_qrf_assists,0.3.0,empirical_qrf,0.004458635759779367,0.0,0.00980392156862745,,3768324934500513378,2025-12-16 15:34:00.776506
2025-12-16,24498,BOS,UTA,30003401,Jeffrey Viel,assists,rf_qrf_assists,0.3.0,empirical_qrf,0.0,0.0,0.0,,3768324934500513378,2025-12-16 15:34:00.776506
2025-12-16,24498,BOS,UTA,30003442,Tanner Jeannot,assists,rf_qrf_assists,0.3.0,empirical_qrf,0.0,0.0,0.0,,3768324934500513378,2025-12-16 15:34:00.776506
2025-12-16,24498,BOS,UTA,30003581,Shane Starrett,assists,rf_qrf_assists,0.3.0,empirical_qrf,0.0,0.0,0.0,,3768324934500513378,2025-12-16 15:34:00.776506
2025-12-16,24498,BOS,UTA,30003643,Casey Mittelstadt,assists,rf_qrf_assists,0.3.0,empirical_qrf,0.0,0.0,0.0,,3768324934500513378,2025-12-16 15:34:00.776506
2025-12-16,24498,BOS,UTA,30000909,Nikita Zadorov,assists,rf_qrf_assists,0.3.0,empirical_qrf,0.0011111111111111111,0.0,0.0,,3768324934500513378,2025-12-16 15:34:00.776506
2025-12-16,24498,BOS,UTA,30000995,Pavel Zacha,assists,rf_qrf_assists,0.3.0,empirical_qrf,0.0,0.0,0.0,,3768324934500513378,2025-12-16 15:34:00.776506
2025-12-16,24498,BOS,UTA,30001264,Hampus Lindholm,assists,rf_qrf_assists,0.3.0,empirical_qrf,0.03651406377735466,0.0,0.07253446447507955,,3768324934500513378,2025-12-16 15:34:00.776506
2025-12-16,24498,BOS,UTA,30002853,Sean Kuraly,assists,rf_qrf_assists,0.3.0,empirical_qrf,0.0,0.0,0.0,,3768324934500513378,2025-12-16 15:34:00.776506
2025-12-16,24498,BOS,UTA,30003020,Kasimir Kaskisuo,assists,rf_qrf_assists,0.3.0,empirical_qrf,0.000125,0.0,0.0,,3768324934500513378,2025-12-16 15:34:00.776506
2025-12-16,24498,BOS,UTA,30003147,Charlie McAvoy,assists,rf_qrf_assists,0.3.0,empirical_qrf,0.0,0.0,0.0,,3768324934500513378,2025-12-16 15:34:00.776506
2025-12-16,24498,UTA,BOS,30005614,Logan Cooley,assists,rf_qrf_assists,0.3.0,empirical_qrf,0.04931068006068006,0.0,0.25,,3768324934500513378,2025-12-16 15:34:00.776506
2025-12-16,24498,BOS,UTA,30000245,Viktor Arvidsson,assists,rf_qrf_assists,0.3.0,empirical_qrf,0.03651406377735466,0.0,0.07253446447507955,,3768324934500513378,2025-12-16 15:34:00.776506
2025-12-16,24498,BOS,UTA,30000393,Joonas Korpisalo,assists,rf_qrf_assists,0.3.0,empirical_qrf,0.005977959256869724,0.004659204051222574,0.007251953644694697,,3768324934500513378,2025-12-16 15:34:00.776506
2025-12-16,24498,BOS,UTA,30000607,David Pastrnak,assists,rf_qrf_assists,0.3.0,empirical_qrf,0.31790873015873017,0.0,1.0,,3768324934500513378,2025-12-16 15:34:00.776506
2025-12-16,24498,BOS,UTA,30000630,Patrick Brown,assists,rf_qrf_assists,0.3.0,empirical_qrf,0.0,0.0,0.0,,3768324934500513378,2025-12-16 15:34:00.776506
2025-12-16,24498,BOS,UTA,30000636,Elias Lindholm,assists,rf_qrf_assists,0.3.0,empirical_qrf,0.005722222222222222,0.0,0.0,,3768324934500513378,2025-12-16 15:34:00.776506
2025-12-16,24498,UTA,BOS,30004585,John Marino,assists,rf_qrf_assists,0.3.0,empirical_qrf,0.0,0.0,0.0,,3768324934500513378,2025-12-16 15:34:00.776506
2025-12-16,24498,UTA,BOS,30004623,Ben McCartney,assists,rf_qrf_assists,0.3.0,empirical_qrf,0.010461352518831358,0.0,0.022727272727272728,,3768324934500513378,2025-12-16 15:34:00.776506
2025-12-16,24498,UTA,BOS,30004867,JJ Peterka,assists,rf_qrf_assists,0.3.0,empirical_qrf,0.0,0.0,0.0,,3768324934500513378,2025-12-16 15:34:00.776506
2025-12-16,24498,UTA,BOS,30004957,Karel Vejmelka,assists,rf_qrf_assists,0.3.0,empirical_qrf,0.005977959256869724,0.004659204051222574,0.007251953644694697,,3768324934500513378,2025-12-16 15:34:00.776506
2025-12-16,24498,UTA,BOS,30004996,Dylan Guenther,assists,rf_qrf_assists,0.3.0,empirical_qrf,0.0,0.0,0.0,,3768324934500513378,2025-12-16 15:34:00.776506
2025-12-16,24498,UTA,BOS,30005567,Jaxson Stauber,assists,rf_qrf_assists,0.3.0,empirical_qrf,0.005977959256869724,0.004659204051222574,0.007251953644694697,,3768324934500513378,2025-12-16 15:34:00.776506
2025-12-16,24498,UTA,BOS,30003753,Alexander Kerfoot,assists,rf_qrf_assists,0.3.0,empirical_qrf,0.002435897435897436,0.0,0.0,,3768324934500513378,2025-12-16 15:34:00.776506
2025-12-16,24498,UTA,BOS,30003988,Cameron Hebig,assists,rf_qrf_assists,0.3.0,empirical_qrf,0.0,0.0,0.0,,3768324934500513378,2025-12-16 15:34:00.776506
2025-12-16,24498,UTA,BOS,30004078,Barrett Hayton,assists,rf_qrf_assists,0.3.0,empirical_qrf,0.02318650793650794,0.0,0.0,,3768324934500513378,2025-12-16 15:34:00.776506
2025-12-16,24498,UTA,BOS,30004113,Jack McBain,assists,rf_qrf_assists,0.3.0,empirical_qrf,0.0,0.0,0.0,,3768324934500513378,2025-12-16 15:34:00.776506
2025-12-16,24498,UTA,BOS,30004141,Sean Durzi,assists,rf_qrf_assists,0.3.0,empirical_qrf,0.0,0.0,0.0,,3768324934500513378,2025-12-16 15:34:00.776506
2025-12-16,24498,UTA,BOS,30004170,Scott Perunovich,assists,rf_qrf_assists,0.3.0,empirical_qrf,0.005977959256869724,0.004659204051222574,0.007251953644694697,,3768324934500513378,2025-12-16 15:34:00.776506
2025-12-16,24498,UTA,BOS,30003235,Michael Carcone,assists,rf_qrf_assists,0.3.0,empirical_qrf,0.0,0.0,0.0,,3768324934500513378,2025-12-16 15:34:00.776506
2025-12-16,24498,UTA,BOS,30003424,Kevin Rooney,assists,rf_qrf_assists,0.3.0,empirical_qrf,0.0,0.0,0.0,,3768324934500513378,2025-12-16 15:34:00.776506
2025-12-16,24498,UTA,BOS,30003572,Nick DeSimone,assists,rf_qrf_assists,0.3.0,empirical_qrf,0.0,0.0,0.0,,3768324934500513378,2025-12-16 15:34:00.776506
2025-12-16,24498,UTA,BOS,30003662,Juuso Valimaki,assists,rf_qrf_assists,0.3.0,empirical_qrf,0.005977959256869724,0.004659204051222574,0.007251953644694697,,3768324934500513378,2025-12-16 15:34:00.776506
2025-12-16,24498,UTA,BOS,30003663,Kailer Yamamoto,assists,rf_qrf_assists,0.3.0,empirical_qrf,0.0,0.0,0.0,,3768324934500513378,2025-12-16 15:34:00.776506
2025-12-16,24498,UTA,BOS,30003723,Matt Villalta,assists,rf_qrf_assists,0.3.0,empirical_qrf,0.005977959256869724,0.004659204051222574,0.007251953644694697,,3768324934500513378,2025-12-16 15:34:00.776506
2025-12-16,24498,UTA,BOS,30002583,Nick Schmaltz,assists,rf_qrf_assists,0.3.0,empirical_qrf,0.0,0.0,0.0,,3768324934500513378,2025-12-16 15:34:00.776506
2025-12-16,24498,UTA,BOS,30002600,Vitek Vanecek,assists,rf_qrf_assists,0.3.0,empirical_qrf,0.005977959256869724,0.004659204051222574,0.007251953644694697,,3768324934500513378,2025-12-16 15:34:00.776506
2025-12-16,24498,UTA,BOS,30002841,Kevin Stenlund,assists,rf_qrf_assists,0.3.0,empirical_qrf,0.0,0.0,0.0,,3768324934500513378,2025-12-16 15:34:00.776506
2025-12-16,24498,UTA,BOS,30003053,Brandon Tanev,assists,rf_qrf_assists,0.3.0,empirical_qrf,0.0,0.0,0.0,,3768324934500513378,2025-12-16 15:34:00.776506
2025-12-16,24498,UTA,BOS,30003137,Mikhail Sergachev,assists,rf_qrf_assists,0.3.0,empirical_qrf,0.0044444444444444444,0.0,0.0,,3768324934500513378,2025-12-16 15:34:00.776506
2025-12-16,24498,UTA,BOS,30003141,Clayton Keller,assists,rf_qrf_assists,0.3.0,empirical_qrf,0.0,0.0,0.0,,3768324934500513378,2025-12-16 15:34:00.776506
2025-12-16,24499,WAS,MIN,30000330,Dylan McIlrath,assists,rf_qrf_assists,0.3.0,empirical_qrf,0.03651406377735466,0.0,0.07253446447507955,,3768324934500513378,2025-12-16 15:34:00.776506
2025-12-16,24499,WAS,MIN,30000341,Anthony Beauvillier,assists,rf_qrf_assists,0.3.0,empirical_qrf,0.0,0.0,0.0,,3768324934500513378,2025-12-16 15:34:00.776506
2025-12-16,24499,WAS,MIN,30000375,Tom Wilson,assists,rf_qrf_assists,0.3.0,empirical_qrf,0.0032297332297332297,0.0,0.0,,3768324934500513378,2025-12-16 15:34:00.776506
2025-12-16,24499,WAS,MIN,30000378,Alex Ovechkin,assists,rf_qrf_assists,0.3.0,empirical_qrf,0.0,0.0,0.0,,3768324934500513378,2025-12-16 15:34:00.776506
2025-12-16,24499,WAS,MIN,30000385,Aaron Ness,assists,rf_qrf_assists,0.3.0,empirical_qrf,0.005977959256869724,0.004659204051222574,0.007251953644694697,,3768324934500513378,2025-12-16 15:34:00.776506
2025-12-16,24499,WAS,MIN,30000429,Sonny Milano,assists,rf_qrf_assists,0.3.0,empirical_qrf,0.0011111111111111111,0.0,0.0,,3768324934500513378,2025-12-16 15:34:00.776506
2025-12-16,24499,MIN,WAS,30001192,Tyler Pitlick,assists,rf_qrf_assists,0.3.0,empirical_qrf,0.0002380952380952381,0.0,0.0,,3768324934500513378,2025-12-16 15:34:00.776506
2025-12-16,24499,WAS,MIN,30004910,Bogdan Trineyev,assists,rf_qrf_assists,0.3.0,empirical_qrf,0.0,0.0,0.0,,3768324934500513378,2025-12-16 15:34:00.776506
2025-12-16,24499,MIN,WAS,30004080,Quinn Hughes,assists,rf_qrf_assists,0.3.0,empirical_qrf,0.07498809523809523,0.0,0.0,,3768324934500513378,2025-12-16 15:34:00.776506
2025-12-16,24499,MIN,WAS,30005669,Hunter Haight,assists,rf_qrf_assists,0.3.0,empirical_qrf,0.004887806637806637,0.0,0.0,,3768324934500513378,2025-12-16 15:34:00.776506
2025-12-16,24499,MIN,WAS,30005698,Michael Milne,assists,rf_qrf_assists,0.3.0,empirical_qrf,0.005977959256869724,0.004659204051222574,0.007251953644694697,,3768324934500513378,2025-12-16 15:34:00.776506
2025-12-16,24499,MIN,WAS,30005845,David Spacek,assists,rf_qrf_assists,0.3.0,empirical_qrf,0.03651406377735466,0.0,0.07253446447507955,,3768324934500513378,2025-12-16 15:34:00.776506
2025-12-16,24499,MIN,WAS,30006109,Riley Heidt,assists,rf_qrf_assists,0.3.0,empirical_qrf,0.0,0.0,0.0,,3768324934500513378,2025-12-16 15:34:00.776506
2025-12-16,24499,MIN,WAS,30006110,Rasmus Kumpulainen,assists,rf_qrf_assists,0.3.0,empirical_qrf,0.005977959256869724,0.004659204051222574,0.007251953644694697,,3768324934500513378,2025-12-16 15:34:00.776506
2025-12-16,24499,MIN,WAS,30006308,Bradley Marek,assists,rf_qrf_assists,0.3.0,empirical_qrf,0.005977959256869724,0.004659204051222574,0.007251953644694697,,3768324934500513378,2025-12-16 15:34:00.776506
2025-12-16,24499,MIN,WAS,30005094,Cameron Butler,assists,rf_qrf_assists,0.3.0,empirical_qrf,0.0,0.0,0.0,,3768324934500513378,2025-12-16 15:34:00.776506
2025-12-16,24499,MIN,WAS,30005102,Caedan Bankier,assists,rf_qrf_assists,0.3.0,empirical_qrf,0.0,0.0,0.0,,3768324934500513378,2025-12-16 15:34:00.776506
2025-12-16,24499,MIN,WAS,30005274,Louka Henault,assists,rf_qrf_assists,0.3.0,empirical_qrf,0.005977959256869724,0.004659204051222574,0.007251953644694697,,3768324934500513378,2025-12-16 15:34:00.776506
2025-12-16,24499,MIN,WAS,30005361,Benjamin Brinkman,assists,rf_qrf_assists,0.3.0,empirical_qrf,0.005977959256869724,0.004659204051222574,0.007251953644694697,,3768324934500513378,2025-12-16 15:34:00.776506
2025-12-16,24499,MIN,WAS,30005612,David Jiricek,assists,rf_qrf_assists,0.3.0,empirical_qrf,0.0,0.0,0.0,,3768324934500513378,2025-12-16 15:34:00.776506
2025-12-16,24499,MIN,WAS,30005627,Danila Yurov,assists,rf_qrf_assists,0.3.0,empirical_qrf,0.03383792840826914,0.0,0.0684931506849315,,3768324934500513378,2025-12-16 15:34:00.776506
2025-12-16,24499,MIN,WAS,30004847,Daemon Hunt,assists,rf_qrf_assists,0.3.0,empirical_qrf,0.014308815077174556,0.0,0.03337078651685394,,3768324934500513378,2025-12-16 15:34:00.776506
2025-12-16,24499,MIN,WAS,30004935,Matt Kiersted,assists,rf_qrf_assists,0.3.0,empirical_qrf,0.0,0.0,0.0,,3768324934500513378,2025-12-16 15:34:00.776506
2025-12-16,24499,MIN,WAS,30004970,Wyatt Newpower,assists,rf_qrf_assists,0.3.0,empirical_qrf,0.1293610185966997,0.0,0.5,,3768324934500513378,2025-12-16 15:34:00.776506
2025-12-16,24499,MIN,WAS,30005005,Oskar Olausson,assists,rf_qrf_assists,0.3.0,empirical_qrf,0.03383792840826914,0.0,0.0684931506849315,,3768324934500513378,2025-12-16 15:34:00.776506
2025-12-16,24499,MIN,WAS,30005007,Carson Lambos,assists,rf_qrf_assists,0.3.0,empirical_qrf,0.0,0.0,0.0,,3768324934500513378,2025-12-16 15:34:00.776506
2025-12-16,24499,MIN,WAS,30005008,Jesper Wallstedt,assists,rf_qrf_assists,0.3.0,empirical_qrf,0.005977959256869724,0.004659204051222574,0.007251953644694697,,3768324934500513378,2025-12-16 15:34:00.776506
2025-12-16,24499,MIN,WAS,30003774,Ben Jones,assists,rf_qrf_assists,0.3.0,empirical_qrf,0.017804328825427165,0.0,0.03490412076703387,,3768324934500513378,2025-12-16 15:34:00.776506
2025-12-16,24499,MIN,WAS,30004196,Ben Gleason,assists,rf_qrf_assists,0.3.0,empirical_qrf,0.015084656084656084,0.0,0.0,,3768324934500513378,2025-12-16 15:34:00.776506
2025-12-16,24499,MIN,WAS,30004417,Nico Sturm,assists,rf_qrf_assists,0.3.0,empirical_qrf,0.0070350098513571905,0.0,0.014084507042253521,,3768324934500513378,2025-12-16 15:34:00.776506
2025-12-16,24499,MIN,WAS,30004480,Matt Boldy,assists,rf_qrf_assists,0.3.0,empirical_qrf,0.08643386243386243,0.0,0.42857142857142855,,3768324934500513378,2025-12-16 15:34:00.776506
2025-12-16,24499,MIN,WAS,30004784,Kirill Kaprizov,assists,rf_qrf_assists,0.3.0,empirical_qrf,0.010555555555555556,0.0,0.0,,3768324934500513378,2025-12-16 15:34:00.776506
2025-12-16,24499,MIN,WAS,30004835,Brock Faber,assists,rf_qrf_assists,0.3.0,empirical_qrf,0.0,0.0,0.0,,3768324934500513378,2025-12-16 15:34:00.776506
2025-12-16,24499,MIN,WAS,30001309,Marcus Johansson,assists,rf_qrf_assists,0.3.0,empirical_qrf,0.024892341181158403,0.0,0.0625,,3768324934500513378,2025-12-16 15:34:00.776506
2025-12-16,24499,MIN,WAS,30001355,Zach Bogosian,assists,rf_qrf_assists,0.3.0,empirical_qrf,0.004458635759779367,0.0,0.00980392156862745,,3768324934500513378,2025-12-16 15:34:00.776506
2025-12-16,24499,MIN,WAS,30002719,Jacob Middleton,assists,rf_qrf_assists,0.3.0,empirical_qrf,0.04025740490446373,0.0,0.18363636363636404,,3768324934500513378,2025-12-16 15:34:00.776506
2025-12-16,24499,MIN,WAS,30002820,Joel Eriksson Ek,assists,rf_qrf_assists,0.3.0,empirical_qrf,0.0010714285714285713,0.0,0.0,,3768324934500513378,2025-12-16 15:34:00.776506
2025-12-16,24499,MIN,WAS,30003173,Filip Gustavsson,assists,rf_qrf_assists,0.3.0,empirical_qrf,0.005977959256869724,0.004659204051222574,0.007251953644694697,,3768324934500513378,2025-12-16 15:34:00.776506
2025-12-16,24499,MIN,WAS,30003611,Cal Petersen,assists,rf_qrf_assists,0.3.0,empirical_qrf,0.005977959256869724,0.004659204051222574,0.007251953644694697,,3768324934500513378,2025-12-16 15:34:00.776506
2025-12-16,24499,MIN,WAS,30000517,Jared Spurgeon,assists,rf_qrf_assists,0.3.0,empirical_qrf,0.0,0.0,0.0,,3768324934500513378,2025-12-16 15:34:00.776506
2025-12-16,24499,MIN,WAS,30000524,Jonas Brodin,assists,rf_qrf_assists,0.3.0,empirical_qrf,0.010461352518831358,0.0,0.022727272727272728,,3768324934500513378,2025-12-16 15:34:00.776506
2025-12-16,24499,MIN,WAS,30000797,Vladimir Tarasenko,assists,rf_qrf_assists,0.3.0,empirical_qrf,0.0006547619047619047,0.0,0.0,,3768324934500513378,2025-12-16 15:34:00.776506
2025-12-16,24499,MIN,WAS,30001012,Ryan Hartman,assists,rf_qrf_assists,0.3.0,empirical_qrf,0.005861111111111111,0.0,0.0,,3768324934500513378,2025-12-16 15:34:00.776506
2025-12-16,24499,MIN,WAS,30001013,Vinnie Hinostroza,assists,rf_qrf_assists,0.3.0,empirical_qrf,0.0,0.0,0.0,,3768324934500513378,2025-12-16 15:34:00.776506
2025-12-16,24499,MIN,WAS,30001087,Mats Zuccarello,assists,rf_qrf_assists,0.3.0,empirical_qrf,0.0007638888888888888,0.0,0.0,,3768324934500513378,2025-12-16 15:34:00.776506
2025-12-16,24499,WAS,MIN,30005098,Luke Toporowski,assists,rf_qrf_assists,0.3.0,empirical_qrf,0.005977959256869724,0.004659204051222574,0.007251953644694697,,3768324934500513378,2025-12-16 15:34:00.776506
2025-12-16,24499,WAS,MIN,30005788,Ethen Frank,assists,rf_qrf_assists,0.3.0,empirical_qrf,0.31192449519578,0.0,0.75,,3768324934500513378,2025-12-16 15:34:00.776506
2025-12-16,24499,WAS,MIN,30006408,Simon Pinard,assists,rf_qrf_assists,0.3.0,empirical_qrf,0.005977959256869724,0.004659204051222574,0.007251953644694697,,3768324934500513378,2025-12-16 15:34:00.776506
2025-12-16,24499,MIN,WAS,30000257,Yakov Trenin,assists,rf_qrf_assists,0.3.0,empirical_qrf,0.0021304216982685796,0.0,0.0,,3768324934500513378,2025-12-16 15:34:00.776506
2025-12-16,24499,MIN,WAS,30000266,Nicolas Aube-Kubel,assists,rf_qrf_assists,0.3.0,empirical_qrf,0.0029618068863726007,0.0,0.006389776357827476,,3768324934500513378,2025-12-16 15:34:00.776506
2025-12-16,24499,MIN,WAS,30000499,Marcus Foligno,assists,rf_qrf_assists,0.3.0,empirical_qrf,0.0019527972027972025,0.0,0.0,,3768324934500513378,2025-12-16 15:34:00.776506
2025-12-16,24499,WAS,MIN,30004562,Aliaksei Protas,assists,rf_qrf_assists,0.3.0,empirical_qrf,0.0,0.0,0.0,,3768324934500513378,2025-12-16 15:34:00.776506
2025-12-16,24499,WAS,MIN,30004579,Dalton Smith,assists,rf_qrf_assists,0.3.0,empirical_qrf,0.005977959256869724,0.004659204051222574,0.007251953644694697,,3768324934500513378,2025-12-16 15:34:00.776506
2025-12-16,24499,WAS,MIN,30004613,Michael Kim,assists,rf_qrf_assists,0.3.0,empirical_qrf,0.005977959256869724,0.004659204051222574,0.007251953644694697,,3768324934500513378,2025-12-16 15:34:00.776506
2025-12-16,24499,WAS,MIN,30004664,Corey Schueneman,assists,rf_qrf_assists,0.3.0,empirical_qrf,0.0,0.0,0.0,,3768324934500513378,2025-12-16 15:34:00.776506
2025-12-16,24499,WAS,MIN,30004808,Hendrix Lapierre,assists,rf_qrf_assists,0.3.0,empirical_qrf,0.032484126984126976,0.0,0.0,,3768324934500513378,2025-12-16 15:34:00.776506
2025-12-16,24499,WAS,MIN,30004878,Justin Sourdif,assists,rf_qrf_assists,0.3.0,empirical_qrf,0.0,0.0,0.0,,3768324934500513378,2025-12-16 15:34:00.776506
2025-12-16,24499,WAS,MIN,30003973,Logan Thompson,assists,rf_qrf_assists,0.3.0,empirical_qrf,0.005977959256869724,0.004659204051222574,0.007251953644694697,,3768324934500513378,2025-12-16 15:34:00.776506
2025-12-16,24499,WAS,MIN,30004099,Rasmus Sandin,assists,rf_qrf_assists,0.3.0,empirical_qrf,0.0,0.0,0.0,,3768324934500513378,2025-12-16 15:34:00.776506
2025-12-16,24499,WAS,MIN,30004152,Martin Fehérváry,assists,rf_qrf_assists,0.3.0,empirical_qrf,0.0029618068863726007,0.0,0.006389776357827476,,3768324934500513378,2025-12-16 15:34:00.776506
2025-12-16,24499,WAS,MIN,30004302,Declan Chisholm,assists,rf_qrf_assists,0.3.0,empirical_qrf,0.0016025641025641025,0.0,0.0,,3768324934500513378,2025-12-16 15:34:00.776506
2025-12-16,24499,WAS,MIN,30004491,Connor McMichael,assists,rf_qrf_assists,0.3.0,empirical_qrf,0.0036651404151404146,0.0,0.0,,3768324934500513378,2025-12-16 15:34:00.776506
2025-12-16,24499,WAS,MIN,30004500,Brett Leason,assists,rf_qrf_assists,0.3.0,empirical_qrf,0.03383792840826914,0.0,0.0684931506849315,,3768324934500513378,2025-12-16 15:34:00.776506
2025-12-16,24499,WAS,MIN,30003035,Spencer Smallman,assists,rf_qrf_assists,0.3.0,empirical_qrf,0.005977959256869724,0.004659204051222574,0.007251953644694697,,3768324934500513378,2025-12-16 15:34:00.776506
2025-12-16,24499,WAS,MIN,30003132,Pierre-Luc Dubois,assists,rf_qrf_assists,0.3.0,empirical_qrf,0.00024242424242424242,0.0,0.0,,3768324934500513378,2025-12-16 15:34:00.776506
2025-12-16,24499,WAS,MIN,30003138,Jakob Chychrun,assists,rf_qrf_assists,0.3.0,empirical_qrf,0.06674158249158249,0.0,0.29047619047619155,,3768324934500513378,2025-12-16 15:34:00.776506
2025-12-16,24499,WAS,MIN,30003561,Matt Roy,assists,rf_qrf_assists,0.3.0,empirical_qrf,0.010461352518831358,0.0,0.022727272727272728,,3768324934500513378,2025-12-16 15:34:00.776506
2025-12-16,24499,WAS,MIN,30003759,Matthew Strome,assists,rf_qrf_assists,0.3.0,empirical_qrf,0.005977959256869724,0.004659204051222574,0.007251953644694697,,3768324934500513378,2025-12-16 15:34:00.776506
2025-12-16,24499,WAS,MIN,30003933,Brandon Duhaime,assists,rf_qrf_assists,0.3.0,empirical_qrf,0.0029618068863726007,0.0,0.006389776357827476,,3768324934500513378,2025-12-16 15:34:00.776506
2025-12-16,24499,WAS,MIN,30000587,John Carlson,assists,rf_qrf_assists,0.3.0,empirical_qrf,0.03383792840826914,0.0,0.0684931506849315,,3768324934500513378,2025-12-16 15:34:00.776506
2025-12-16,24499,WAS,MIN,30000954,Dylan Strome,assists,rf_qrf_assists,0.3.0,empirical_qrf,0.0,0.0,0.0,,3768324934500513378,2025-12-16 15:34:00.776506
2025-12-16,24499,WAS,MIN,30001023,Trevor van Riemsdyk,assists,rf_qrf_assists,0.3.0,empirical_qrf,0.0,0.0,0.0,,3768324934500513378,2025-12-16 15:34:00.776506
2025-12-16,24499,WAS,MIN,30002620,Louie Belpedio,assists,rf_qrf_assists,0.3.0,empirical_qrf,0.09585691940043897,0.0,0.21428571428571427,,3768324934500513378,2025-12-16 15:34:00.776506
2025-12-16,24499,WAS,MIN,30002695,Nic Dowd,assists,rf_qrf_assists,0.3.0,empirical_qrf,0.0029618068863726007,0.0,0.006389776357827476,,3768324934500513378,2025-12-16 15:34:00.776506
2025-12-16,24499,WAS,MIN,30003026,Charlie Lindgren,assists,rf_qrf_assists,0.3.0,empirical_qrf,0.005977959256869724,0.004659204051222574,0.007251953644694697,,3768324934500513378,2025-12-16 15:34:00.776506
2025-12-16,24500,COL,SEA,30000127,Brent Burns,assists,rf_qrf_assists,0.3.0,empirical_qrf,0.0005555555555555556,0.0,0.0,,3768324934500513378,2025-12-16 15:34:00.776506
2025-12-16,24500,COL,SEA,30000200,Scott Wedgewood,assists,rf_qrf_assists,0.3.0,empirical_qrf,0.005977959256869724,0.004659204051222574,0.007251953644694697,,3768324934500513378,2025-12-16 15:34:00.776506
2025-12-16,24500,COL,SEA,30000318,Jayson Megna,assists,rf_qrf_assists,0.3.0,empirical_qrf,0.0,0.0,0.0,,3768324934500513378,2025-12-16 15:34:00.776506
2025-12-16,24500,COL,SEA,30000697,T.J. Tynan,assists,rf_qrf_assists,0.3.0,empirical_qrf,0.0,0.0,0.0,,3768324934500513378,2025-12-16 15:34:00.776506
2025-12-16,24500,COL,SEA,30000757,Valeri Nichushkin,assists,rf_qrf_assists,0.3.0,empirical_qrf,0.0,0.0,0.0,,3768324934500513378,2025-12-16 15:34:00.776506
2025-12-16,24500,COL,SEA,30000879,Josh Manson,assists,rf_qrf_assists,0.3.0,empirical_qrf,0.0,0.0,0.0,,3768324934500513378,2025-12-16 15:34:00.776506
2025-12-16,24500,SEA,COL,30006121,Carson Rehkopf,assists,rf_qrf_assists,0.3.0,empirical_qrf,0.0,0.0,0.0,,3768324934500513378,2025-12-16 15:34:00.776506
2025-12-16,24500,SEA,COL,30006125,Caden Price,assists,rf_qrf_assists,0.3.0,empirical_qrf,0.004458635759779367,0.0,0.00980392156862745,,3768324934500513378,2025-12-16 15:34:00.776506
2025-12-16,24500,SEA,COL,30006197,Andrei Loshko,assists,rf_qrf_assists,0.3.0,empirical_qrf,0.005977959256869724,0.004659204051222574,0.007251953644694697,,3768324934500513378,2025-12-16 15:34:00.776506
2025-12-16,24500,SEA,COL,30006437,Kaden Hammell,assists,rf_qrf_assists,0.3.0,empirical_qrf,0.0070350098513571905,0.0,0.014084507042253521,,3768324934500513378,2025-12-16 15:34:00.776506
2025-12-16,24500,COL,SEA,30006102,Gavin Brindley,assists,rf_qrf_assists,0.3.0,empirical_qrf,0.00024242424242424242,0.0,0.0,,3768324934500513378,2025-12-16 15:34:00.776506
2025-12-16,24500,SEA,COL,30005681,Jagger Firkus,assists,rf_qrf_assists,0.3.0,empirical_qrf,0.0,0.0,0.0,,3768324934500513378,2025-12-16 15:34:00.776506
2025-12-16,24500,SEA,COL,30005682,Jani Nyman,assists,rf_qrf_assists,0.3.0,empirical_qrf,0.039,0.0,0.0,,3768324934500513378,2025-12-16 15:34:00.776506
2025-12-16,24500,SEA,COL,30005683,Niklas Kokko,assists,rf_qrf_assists,0.3.0,empirical_qrf,0.005977959256869724,0.004659204051222574,0.007251953644694697,,3768324934500513378,2025-12-16 15:34:00.776506
2025-12-16,24500,SEA,COL,30005757,Ty Nelson,assists,rf_qrf_assists,0.3.0,empirical_qrf,0.005977959256869724,0.004659204051222574,0.007251953644694697,,3768324934500513378,2025-12-16 15:34:00.776506
2025-12-16,24500,SEA,COL,30006087,Eduard Sale,assists,rf_qrf_assists,0.3.0,empirical_qrf,0.0,0.0,0.0,,3768324934500513378,2025-12-16 15:34:00.776506
2025-12-16,24500,SEA,COL,30006119,Lukas Dragicevic,assists,rf_qrf_assists,0.3.0,empirical_qrf,0.0005555555555555556,0.0,0.0,,3768324934500513378,2025-12-16 15:34:00.776506
2025-12-16,24500,SEA,COL,30005447,Ville Ottavainen,assists,rf_qrf_assists,0.3.0,empirical_qrf,0.0,0.0,0.0,,3768324934500513378,2025-12-16 15:34:00.776506
2025-12-16,24500,SEA,COL,30005503,Logan Morrison,assists,rf_qrf_assists,0.3.0,empirical_qrf,0.01336904761904762,0.0,0.0,,3768324934500513378,2025-12-16 15:34:00.776506
2025-12-16,24500,SEA,COL,30005582,Ben Meyers,assists,rf_qrf_assists,0.3.0,empirical_qrf,0.0,0.0,0.0,,3768324934500513378,2025-12-16 15:34:00.776506
2025-12-16,24500,SEA,COL,30005593,Peetro Seppala,assists,rf_qrf_assists,0.3.0,empirical_qrf,0.005977959256869724,0.004659204051222574,0.007251953644694697,,3768324934500513378,2025-12-16 15:34:00.776506
2025-12-16,24500,SEA,COL,30005616,Shane Wright,assists,rf_qrf_assists,0.3.0,empirical_qrf,0.017062282932638968,0.0,0.0,,3768324934500513378,2025-12-16 15:34:00.776506
2025-12-16,24500,SEA,COL,30005680,David Goyette,assists,rf_qrf_assists,0.3.0,empirical_qrf,0.02358742069693188,0.0,0.0449438202247191,,3768324934500513378,2025-12-16 15:34:00.776506
2025-12-16,24500,SEA,COL,30005040,Matty Beniers,assists,rf_qrf_assists,0.3.0,empirical_qrf,0.00861111111111111,0.0,0.0,,3768324934500513378,2025-12-16 15:34:00.776506
2025-12-16,24500,SEA,COL,30005042,Ryker Evans,assists,rf_qrf_assists,0.3.0,empirical_qrf,0.017804328825427165,0.0,0.03490412076703387,,3768324934500513378,2025-12-16 15:34:00.776506
2025-12-16,24500,SEA,COL,30005239,Jakov Novak,assists,rf_qrf_assists,0.3.0,empirical_qrf,0.005977959256869724,0.004659204051222574,0.007251953644694697,,3768324934500513378,2025-12-16 15:34:00.776506
2025-12-16,24500,SEA,COL,30005333,Jacob Melanson,assists,rf_qrf_assists,0.3.0,empirical_qrf,0.0,0.0,0.0,,3768324934500513378,2025-12-16 15:34:00.776506
2025-12-16,24500,SEA,COL,30005336,Tye Kartye,assists,rf_qrf_assists,0.3.0,empirical_qrf,0.0,0.0,0.0,,3768324934500513378,2025-12-16 15:34:00.776506
2025-12-16,24500,SEA,COL,30005337,Ryan Winterton,assists,rf_qrf_assists,0.3.0,empirical_qrf,0.0,0.0,0.0,,3768324934500513378,2025-12-16 15:34:00.776506
2025-12-16,24500,SEA,COL,30003188,Jack LaFontaine,assists,rf_qrf_assists,0.3.0,empirical_qrf,0.002,0.0,0.0,,3768324934500513378,2025-12-16 15:34:00.776506
2025-12-16,24500,SEA,COL,30003214,Joshua Mahura,assists,rf_qrf_assists,0.3.0,empirical_qrf,0.053696659006827,0.0,0.1054511278195489,,3768324934500513378,2025-12-16 15:34:00.776506
2025-12-16,24500,SEA,COL,30003660,Eeli Tolvanen,assists,rf_qrf_assists,0.3.0,empirical_qrf,0.0012698412698412698,0.0,0.0,,3768324934500513378,2025-12-16 15:34:00.776506
2025-12-16,24500,SEA,COL,30003703,Cale Fleury,assists,rf_qrf_assists,0.3.0,empirical_qrf,0.03575508759790011,0.0,0.08010810810810813,,3768324934500513378,2025-12-16 15:34:00.776506
2025-12-16,24500,SEA,COL,30004419,Joey Daccord,assists,rf_qrf_assists,0.3.0,empirical_qrf,0.005977959256869724,0.004659204051222574,0.007251953644694697,,3768324934500513378,2025-12-16 15:34:00.776506
2025-12-16,24500,SEA,COL,30004471,Kaapo Kakko,assists,rf_qrf_assists,0.3.0,empirical_qrf,0.0,0.0,0.0,,3768324934500513378,2025-12-16 15:34:00.776506
2025-12-16,24500,SEA,COL,30000882,Brandon Montour,assists,rf_qrf_assists,0.3.0,empirical_qrf,0.017363095238095236,0.0,0.0,,3768324934500513378,2025-12-16 15:34:00.776506
2025-12-16,24500,SEA,COL,30000929,Jared McCann,assists,rf_qrf_assists,0.3.0,empirical_qrf,0.0012083333333333334,0.0,0.0,,3768324934500513378,2025-12-16 15:34:00.776506
2025-12-16,24500,SEA,COL,30002223,Mason Marchment,assists,rf_qrf_assists,0.3.0,empirical_qrf,0.31192449519578,0.0,0.75,,3768324934500513378,2025-12-16 15:34:00.776506
2025-12-16,24500,SEA,COL,30002529,John Hayden,assists,rf_qrf_assists,0.3.0,empirical_qrf,0.0,0.0,0.0,,3768324934500513378,2025-12-16 15:34:00.776506
2025-12-16,24500,SEA,COL,30002711,Frederick Gaudreau,assists,rf_qrf_assists,0.3.0,empirical_qrf,0.0459946084213971,0.0,0.10526315789473684,,3768324934500513378,2025-12-16 15:34:00.776506
2025-12-16,24500,SEA,COL,30003184,Ryan Lindgren,assists,rf_qrf_assists,0.3.0,empirical_qrf,0.0,0.0,0.0,,3768324934500513378,2025-12-16 15:34:00.776506
2025-12-16,24500,SEA,COL,30000596,Chandler Stephenson,assists,rf_qrf_assists,0.3.0,empirical_qrf,0.0029618068863726007,0.0,0.006389776357827476,,3768324934500513378,2025-12-16 15:34:00.776506
2025-12-16,24500,SEA,COL,30000629,Matt Murray,assists,rf_qrf_assists,0.3.0,empirical_qrf,0.005977959256869724,0.004659204051222574,0.007251953644694697,,3768324934500513378,2025-12-16 15:34:00.776506
2025-12-16,24500,SEA,COL,30000674,Vince Dunn,assists,rf_qrf_assists,0.3.0,empirical_qrf,0.0023809523809523807,0.0,0.0,,3768324934500513378,2025-12-16 15:34:00.776506
2025-12-16,24500,SEA,COL,30000758,Jamie Oleksiak,assists,rf_qrf_assists,0.3.0,empirical_qrf,0.03651406377735466,0.0,0.07253446447507955,,3768324934500513378,2025-12-16 15:34:00.776506
2025-12-16,24500,SEA,COL,30000794,Jaden Schwartz,assists,rf_qrf_assists,0.3.0,empirical_qrf,0.003611111111111111,0.0,0.0,,3768324934500513378,2025-12-16 15:34:00.776506
2025-12-16,24500,SEA,COL,30000812,Gustav Olofsson,assists,rf_qrf_assists,0.3.0,empirical_qrf,0.005977959256869724,0.004659204051222574,0.007251953644694697,,3768324934500513378,2025-12-16 15:34:00.776506
2025-12-16,24500,COL,SEA,30006385,Saige Weinstein,assists,rf_qrf_assists,0.3.0,empirical_qrf,0.005977959256869724,0.004659204051222574,0.007251953644694697,,3768324934500513378,2025-12-16 15:34:00.776506
2025-12-16,24500,COL,SEA,30006387,Neil Shea,assists,rf_qrf_assists,0.3.0,empirical_qrf,0.005977959256869724,0.004659204051222574,0.007251953644694697,,3768324934500513378,2025-12-16 15:34:00.776506
2025-12-16,24500,SEA,COL,30000303,Adam Larsson,assists,rf_qrf_assists,0.3.0,empirical_qrf,0.0,0.0,0.0,,3768324934500513378,2025-12-16 15:34:00.776506
2025-12-16,24500,SEA,COL,30000460,Max McCormick,assists,rf_qrf_assists,0.3.0,empirical_qrf,0.02358742069693188,0.0,0.0449438202247191,,3768324934500513378,2025-12-16 15:34:00.776506
2025-12-16,24500,SEA,COL,30000539,Jordan Eberle,assists,rf_qrf_assists,0.3.0,empirical_qrf,0.0016666666666666668,0.0,0.0,,3768324934500513378,2025-12-16 15:34:00.776506
2025-12-16,24500,SEA,COL,30000577,Philipp Grubauer,assists,rf_qrf_assists,0.3.0,empirical_qrf,0.005977959256869724,0.004659204051222574,0.007251953644694697,,3768324934500513378,2025-12-16 15:34:00.776506
2025-12-16,24500,COL,SEA,30005581,Wyatt Aamodt,assists,rf_qrf_assists,0.3.0,empirical_qrf,0.0,0.0,0.0,,3768324934500513378,2025-12-16 15:34:00.776506
2025-12-16,24500,COL,SEA,30005777,Ivan Ivan,assists,rf_qrf_assists,0.3.0,empirical_qrf,0.006514224909549668,0.0,0.014936595219391766,,3768324934500513378,2025-12-16 15:34:00.776506
2025-12-16,24500,COL,SEA,30006033,Jason Polin,assists,rf_qrf_assists,0.3.0,empirical_qrf,0.0,0.0,0.0,,3768324934500513378,2025-12-16 15:34:00.776506
2025-12-16,24500,COL,SEA,30006036,Sam Malinski,assists,rf_qrf_assists,0.3.0,empirical_qrf,0.0459946084213971,0.0,0.10526315789473684,,3768324934500513378,2025-12-16 15:34:00.776506
2025-12-16,24500,COL,SEA,30006255,Maros Jedlicka,assists,rf_qrf_assists,0.3.0,empirical_qrf,0.0070350098513571905,0.0,0.014084507042253521,,3768324934500513378,2025-12-16 15:34:00.776506
2025-12-16,24500,COL,SEA,30006377,Noah Ganske,assists,rf_qrf_assists,0.3.0,empirical_qrf,0.005977959256869724,0.004659204051222574,0.007251953644694697,,3768324934500513378,2025-12-16 15:34:00.776506
2025-12-16,24500,COL,SEA,30004757,Jack Ahcan,assists,rf_qrf_assists,0.3.0,empirical_qrf,0.017804328825427165,0.0,0.03490412076703387,,3768324934500513378,2025-12-16 15:34:00.776506
2025-12-16,24500,COL,SEA,30004842,Danil Gushchin,assists,rf_qrf_assists,0.3.0,empirical_qrf,0.0459946084213971,0.0,0.10526315789473684,,3768324934500513378,2025-12-16 15:34:00.776506
2025-12-16,24500,COL,SEA,30004938,Ilya Solovyov,assists,rf_qrf_assists,0.3.0,empirical_qrf,0.03651406377735466,0.0,0.07253446447507955,,3768324934500513378,2025-12-16 15:34:00.776506
2025-12-16,24500,COL,SEA,30005213,Tyler Inamoto,assists,rf_qrf_assists,0.3.0,empirical_qrf,0.02358742069693188,0.0,0.0449438202247191,,3768324934500513378,2025-12-16 15:34:00.776506
2025-12-16,24500,COL,SEA,30005391,Tristen Nielsen,assists,rf_qrf_assists,0.3.0,empirical_qrf,0.0036651404151404146,0.0,0.0,,3768324934500513378,2025-12-16 15:34:00.776506
2025-12-16,24500,COL,SEA,30005470,Zakhar Bardakov,assists,rf_qrf_assists,0.3.0,empirical_qrf,0.05964017999935405,0.0,0.13636363636363635,,3768324934500513378,2025-12-16 15:34:00.776506
2025-12-16,24500,COL,SEA,30004191,Logan O'Connor,assists,rf_qrf_assists,0.3.0,empirical_qrf,0.0,0.0,0.0,,3768324934500513378,2025-12-16 15:34:00.776506
2025-12-16,24500,COL,SEA,30004393,Tye Felhaber,assists,rf_qrf_assists,0.3.0,empirical_qrf,0.017804328825427165,0.0,0.03490412076703387,,3768324934500513378,2025-12-16 15:34:00.776506
2025-12-16,24500,COL,SEA,30004461,Joel Kiviranta,assists,rf_qrf_assists,0.3.0,empirical_qrf,0.0,0.0,0.0,,3768324934500513378,2025-12-16 15:34:00.776506
2025-12-16,24500,COL,SEA,30004557,Ronnie Attard,assists,rf_qrf_assists,0.3.0,empirical_qrf,0.005977959256869724,0.004659204051222574,0.007251953644694697,,3768324934500513378,2025-12-16 15:34:00.776506
2025-12-16,24500,COL,SEA,30004569,Matthew Stienburg,assists,rf_qrf_assists,0.3.0,empirical_qrf,0.017804328825427165,0.0,0.03490412076703387,,3768324934500513378,2025-12-16 15:34:00.776506
2025-12-16,24500,COL,SEA,30004668,Trent Miner,assists,rf_qrf_assists,0.3.0,empirical_qrf,0.005977959256869724,0.004659204051222574,0.007251953644694697,,3768324934500513378,2025-12-16 15:34:00.776506
2025-12-16,24500,COL,SEA,30003894,Kyle Keyser,assists,rf_qrf_assists,0.3.0,empirical_qrf,0.005977959256869724,0.004659204051222574,0.007251953644694697,,3768324934500513378,2025-12-16 15:34:00.776506
2025-12-16,24500,COL,SEA,30003898,Parker Kelly,assists,rf_qrf_assists,0.3.0,empirical_qrf,0.004458635759779367,0.0,0.00980392156862745,,3768324934500513378,2025-12-16 15:34:00.776506
2025-12-16,24500,COL,SEA,30003947,Ross Colton,assists,rf_qrf_assists,0.3.0,empirical_qrf,0.0,0.0,0.0,,3768324934500513378,2025-12-16 15:34:00.776506
2025-12-16,24500,COL,SEA,30004026,Victor Olofsson,assists,rf_qrf_assists,0.3.0,empirical_qrf,0.0,0.0,0.0,,3768324934500513378,2025-12-16 15:34:00.776506
2025-12-16,24500,COL,SEA,30004119,Jake Wise,assists,rf_qrf_assists,0.3.0,empirical_qrf,0.005977959256869724,0.004659204051222574,0.007251953644694697,,3768324934500513378,2025-12-16 15:34:00.776506
2025-12-16,24500,COL,SEA,30004121,Jack Drury,assists,rf_qrf_assists,0.3.0,empirical_qrf,0.0,0.0,0.0,,3768324934500513378,2025-12-16 15:34:00.776506
2025-12-16,24500,COL,SEA,30003183,Samuel Girard,assists,rf_qrf_assists,0.3.0,empirical_qrf,0.053696659006827,0.0,0.1054511278195489,,3768324934500513378,2025-12-16 15:34:00.776506
2025-12-16,24500,COL,SEA,30003488,Keaton Middleton,assists,rf_qrf_assists,0.3.0,empirical_qrf,0.0,0.0,0.0,,3768324934500513378,2025-12-16 15:34:00.776506
2025-12-16,24500,COL,SEA,30003646,Cale Makar,assists,rf_qrf_assists,0.3.0,empirical_qrf,0.002,0.0,0.0,,3768324934500513378,2025-12-16 15:34:00.776506
2025-12-16,24500,COL,SEA,30003654,Martin Necas,assists,rf_qrf_assists,0.3.0,empirical_qrf,0.0006666666666666668,0.0,0.0,,3768324934500513378,2025-12-16 15:34:00.776506
2025-12-16,24500,COL,SEA,30003772,Alex Barré-Boulet,assists,rf_qrf_assists,0.3.0,empirical_qrf,0.017804328825427165,0.0,0.03490412076703387,,3768324934500513378,2025-12-16 15:34:00.776506
2025-12-16,24500,COL,SEA,30003800,Jacob MacDonald,assists,rf_qrf_assists,0.3.0,empirical_qrf,0.005977959256869724,0.004659204051222574,0.007251953644694697,,3768324934500513378,2025-12-16 15:34:00.776506
2025-12-16,24500,COL,SEA,30000903,Gabriel Landeskog,assists,rf_qrf_assists,0.3.0,empirical_qrf,0.029055555555555557,0.0,0.0,,3768324934500513378,2025-12-16 15:34:00.776506
2025-12-16,24500,COL,SEA,30000904,Nathan MacKinnon,assists,rf_qrf_assists,0.3.0,empirical_qrf,0.0,0.0,0.0,,3768324934500513378,2025-12-16 15:34:00.776506
2025-12-16,24500,COL,SEA,30001000,Brock Nelson,assists,rf_qrf_assists,0.3.0,empirical_qrf,0.0032297332297332297,0.0,0.0,,3768324934500513378,2025-12-16 15:34:00.776506
2025-12-16,24500,COL,SEA,30002512,Artturi Lehkonen,assists,rf_qrf_assists,0.3.0,empirical_qrf,0.0,0.0,0.0,,3768324934500513378,2025-12-16 15:34:00.776506
2025-12-16,24500,COL,SEA,30002779,Mackenzie Blackwood,assists,rf_qrf_assists,0.3.0,empirical_qrf,0.005977959256869724,0.004659204051222574,0.007251953644694697,,3768324934500513378,2025-12-16 15:34:00.776506
2025-12-16,24500,COL,SEA,30003087,Devon Toews,assists,rf_qrf_assists,0.3.0,empirical_qrf,0.0,0.0,0.0,,3768324934500513378,2025-12-16 15:34:00.776506
2025-12-16,24501,CGY,SJ,30000032,Nazem Kadri,assists,rf_qrf_assists,0.3.0,empirical_qrf,0.0,0.0,0.0,,3768324934500513378,2025-12-16 15:34:00.776506
2025-12-16,24501,CGY,SJ,30000103,Mikael Backlund,assists,rf_qrf_assists,0.3.0,empirical_qrf,0.0,0.0,0.0,,3768324934500513378,2025-12-16 15:34:00.776506
2025-12-16,24501,CGY,SJ,30000237,MacKenzie Weegar,assists,rf_qrf_assists,0.3.0,empirical_qrf,0.0459946084213971,0.0,0.10526315789473684,,3768324934500513378,2025-12-16 15:34:00.776506
2025-12-16,24501,CGY,SJ,30000311,Blake Coleman,assists,rf_qrf_assists,0.3.0,empirical_qrf,0.03383792840826914,0.0,0.0684931506849315,,3768324934500513378,2025-12-16 15:34:00.776506
2025-12-16,24501,CGY,SJ,30000766,Jonathan Huberdeau,assists,rf_qrf_assists,0.3.0,empirical_qrf,0.0,0.0,0.0,,3768324934500513378,2025-12-16 15:34:00.776506
2025-12-16,24501,CGY,SJ,30001029,Martin Frk,assists,rf_qrf_assists,0.3.0,empirical_qrf,0.00012210012210012207,0.0,0.0,,3768324934500513378,2025-12-16 15:34:00.776506
2025-12-16,24501,SJ,CGY,30006468,Collin Graf,assists,rf_qrf_assists,0.3.0,empirical_qrf,0.03383792840826914,0.0,0.0684931506849315,,3768324934500513378,2025-12-16 15:34:00.776506
2025-12-16,24501,SJ,CGY,30006484,Sam Dickinson,assists,rf_qrf_assists,0.3.0,empirical_qrf,0.0,0.0,0.0,,3768324934500513378,2025-12-16 15:34:00.776506
2025-12-16,24501,SJ,CGY,30006491,Macklin Celebrini,assists,rf_qrf_assists,0.3.0,empirical_qrf,0.0,0.0,0.0,,3768324934500513378,2025-12-16 15:34:00.776506
2025-12-16,24501,CGY,SJ,30006136,Hunter Brzustewicz,assists,rf_qrf_assists,0.3.0,empirical_qrf,0.20732248158331748,0.0,0.46153846153846156,,3768324934500513378,2025-12-16 15:34:00.776506
2025-12-16,24501,SJ,CGY,30006523,Igor Chernyshov,assists,rf_qrf_assists,0.3.0,empirical_qrf,0.0070350098513571905,0.0,0.014084507042253521,,3768324934500513378,2025-12-16 15:34:00.776506
2025-12-16,24501,SJ,CGY,30006008,Nolan Burke,assists,rf_qrf_assists,0.3.0,empirical_qrf,0.005977959256869724,0.004659204051222574,0.007251953644694697,,3768324934500513378,2025-12-16 15:34:00.776506
2025-12-16,24501,SJ,CGY,30006066,Will Smith,assists,rf_qrf_assists,0.3.0,empirical_qrf,0.0007638888888888888,0.0,0.0,,3768324934500513378,2025-12-16 15:34:00.776506
2025-12-16,24501,SJ,CGY,30006085,Quentin Musty,assists,rf_qrf_assists,0.3.0,empirical_qrf,0.000125,0.0,0.0,,3768324934500513378,2025-12-16 15:34:00.776506
2025-12-16,24501,SJ,CGY,30006114,Kasper Halttunen,assists,rf_qrf_assists,0.3.0,empirical_qrf,0.0,0.0,0.0,,3768324934500513378,2025-12-16 15:34:00.776506
2025-12-16,24501,SJ,CGY,30006189,Luca Cagnoni,assists,rf_qrf_assists,0.3.0,empirical_qrf,0.0,0.0,0.0,,3768324934500513378,2025-12-16 15:34:00.776506
2025-12-16,24501,SJ,CGY,30006307,Anthony Vincent,assists,rf_qrf_assists,0.3.0,empirical_qrf,0.0,0.0,0.0,,3768324934500513378,2025-12-16 15:34:00.776506
2025-12-16,24501,SJ,CGY,30005207,Ethan Cardwell,assists,rf_qrf_assists,0.3.0,empirical_qrf,0.0,0.0,0.0,,3768324934500513378,2025-12-16 15:34:00.776506
2025-12-16,24501,SJ,CGY,30005602,Pavol Regenda,assists,rf_qrf_assists,0.3.0,empirical_qrf,0.0005555555555555556,0.0,0.0,,3768324934500513378,2025-12-16 15:34:00.776506
2025-12-16,24501,SJ,CGY,30005628,Yaroslav Askarov,assists,rf_qrf_assists,0.3.0,empirical_qrf,0.005977959256869724,0.004659204051222574,0.007251953644694697,,3768324934500513378,2025-12-16 15:34:00.776506
2025-12-16,24501,SJ,CGY,30005649,Filip Bystedt,assists,rf_qrf_assists,0.3.0,empirical_qrf,0.005977959256869724,0.004659204051222574,0.007251953644694697,,3768324934500513378,2025-12-16 15:34:00.776506
2025-12-16,24501,SJ,CGY,30005752,Patrick Giles,assists,rf_qrf_assists,0.3.0,empirical_qrf,0.0,0.0,0.0,,3768324934500513378,2025-12-16 15:34:00.776506
2025-12-16,24501,SJ,CGY,30005839,Jake Furlong,assists,rf_qrf_assists,0.3.0,empirical_qrf,0.005977959256869724,0.004659204051222574,0.007251953644694697,,3768324934500513378,2025-12-16 15:34:00.776506
2025-12-16,24501,SJ,CGY,30004654,Beck Warm,assists,rf_qrf_assists,0.3.0,empirical_qrf,0.005977959256869724,0.004659204051222574,0.007251953644694697,,3768324934500513378,2025-12-16 15:34:00.776506
2025-12-16,24501,SJ,CGY,30004811,Shakir Mukhamadullin,assists,rf_qrf_assists,0.3.0,empirical_qrf,0.20732248158331748,0.0,0.46153846153846156,,3768324934500513378,2025-12-16 15:34:00.776506
2025-12-16,24501,SJ,CGY,30004995,William Eklund,assists,rf_qrf_assists,0.3.0,empirical_qrf,0.0,0.0,0.0,,3768324934500513378,2025-12-16 15:34:00.776506
2025-12-16,24501,SJ,CGY,30005013,Zack Ostapchuk,assists,rf_qrf_assists,0.3.0,empirical_qrf,0.010461352518831358,0.0,0.022727272727272728,,3768324934500513378,2025-12-16 15:34:00.776506
2025-12-16,24501,SJ,CGY,30005031,Vincent Iorio,assists,rf_qrf_assists,0.3.0,empirical_qrf,0.010461352518831358,0.0,0.022727272727272728,,3768324934500513378,2025-12-16 15:34:00.776506
2025-12-16,24501,SJ,CGY,30005081,Cole Clayton,assists,rf_qrf_assists,0.3.0,empirical_qrf,0.0,0.0,0.0,,3768324934500513378,2025-12-16 15:34:00.776506
2025-12-16,24501,SJ,CGY,30003937,Vincent Desharnais,assists,rf_qrf_assists,0.3.0,empirical_qrf,0.017804328825427165,0.0,0.03490412076703387,,3768324934500513378,2025-12-16 15:34:00.776506
2025-12-16,24501,SJ,CGY,30003989,Adam Gaudette,assists,rf_qrf_assists,0.3.0,empirical_qrf,0.0003333333333333334,0.0,0.0,,3768324934500513378,2025-12-16 15:34:00.776506
2025-12-16,24501,SJ,CGY,30004092,Ty Dellandrea,assists,rf_qrf_assists,0.3.0,empirical_qrf,0.03575508759790011,0.0,0.08010810810810813,,3768324934500513378,2025-12-16 15:34:00.776506
2025-12-16,24501,SJ,CGY,30004123,Philipp Kurashev,assists,rf_qrf_assists,0.3.0,empirical_qrf,0.010461352518831358,0.0,0.022727272727272728,,3768324934500513378,2025-12-16 15:34:00.776506
2025-12-16,24501,SJ,CGY,30004136,Jakub Skarek,assists,rf_qrf_assists,0.3.0,empirical_qrf,0.005977959256869724,0.004659204051222574,0.007251953644694697,,3768324934500513378,2025-12-16 15:34:00.776506
2025-12-16,24501,SJ,CGY,30004392,Jimmy Huntington,assists,rf_qrf_assists,0.3.0,empirical_qrf,0.0070350098513571905,0.0,0.014084507042253521,,3768324934500513378,2025-12-16 15:34:00.776506
2025-12-16,24501,SJ,CGY,30001301,Ryan Reaves,assists,rf_qrf_assists,0.3.0,empirical_qrf,0.005977959256869724,0.004659204051222574,0.007251953644694697,,3768324934500513378,2025-12-16 15:34:00.776506
2025-12-16,24501,SJ,CGY,30002590,Alex Nedeljkovic,assists,rf_qrf_assists,0.3.0,empirical_qrf,0.005977959256869724,0.004659204051222574,0.007251953644694697,,3768324934500513378,2025-12-16 15:34:00.776506
2025-12-16,24501,SJ,CGY,30002693,Aaron Dell,assists,rf_qrf_assists,0.3.0,empirical_qrf,0.062174603174603174,0.0,0.0,,3768324934500513378,2025-12-16 15:34:00.776506
2025-12-16,24501,SJ,CGY,30003648,Timothy Liljegren,assists,rf_qrf_assists,0.3.0,empirical_qrf,0.0,0.0,0.0,,3768324934500513378,2025-12-16 15:34:00.776506
2025-12-16,24501,SJ,CGY,30003651,Shane Bowers,assists,rf_qrf_assists,0.3.0,empirical_qrf,0.014308815077174556,0.0,0.03337078651685394,,3768324934500513378,2025-12-16 15:34:00.776506
2025-12-16,24501,SJ,CGY,30003693,Mario Ferraro,assists,rf_qrf_assists,0.3.0,empirical_qrf,0.0070350098513571905,0.0,0.014084507042253521,,3768324934500513378,2025-12-16 15:34:00.776506
2025-12-16,24501,SJ,CGY,30000287,Nick Leddy,assists,rf_qrf_assists,0.3.0,empirical_qrf,0.0,0.0,0.0,,3768324934500513378,2025-12-16 15:34:00.776506
2025-12-16,24501,SJ,CGY,30000384,Dmitry Orlov,assists,rf_qrf_assists,0.3.0,empirical_qrf,0.0,0.0,0.0,,3768324934500513378,2025-12-16 15:34:00.776506
2025-12-16,24501,SJ,CGY,30000426,Alexander Wennberg,assists,rf_qrf_assists,0.3.0,empirical_qrf,0.0,0.0,0.0,,3768324934500513378,2025-12-16 15:34:00.776506
2025-12-16,24501,SJ,CGY,30000642,Jeff Skinner,assists,rf_qrf_assists,0.3.0,empirical_qrf,0.25755051511669164,0.0,0.6666666666666666,,3768324934500513378,2025-12-16 15:34:00.776506
2025-12-16,24501,SJ,CGY,30000754,John Klingberg,assists,rf_qrf_assists,0.3.0,empirical_qrf,0.0,0.0,0.0,,3768324934500513378,2025-12-16 15:34:00.776506
2025-12-16,24501,SJ,CGY,30000914,Barclay Goodrow,assists,rf_qrf_assists,0.3.0,empirical_qrf,0.0,0.0,0.0,,3768324934500513378,2025-12-16 15:34:00.776506
2025-12-16,24501,CGY,SJ,30006371,Matt Radomsky,assists,rf_qrf_assists,0.3.0,empirical_qrf,0.005977959256869724,0.004659204051222574,0.007251953644694697,,3768324934500513378,2025-12-16 15:34:00.776506
2025-12-16,24501,CGY,SJ,30006372,Connor Murphy,assists,rf_qrf_assists,0.3.0,empirical_qrf,0.005977959256869724,0.004659204051222574,0.007251953644694697,,3768324934500513378,2025-12-16 15:34:00.776506
2025-12-16,24501,SJ,CGY,30000007,Carey Price,assists,rf_qrf_assists,0.3.0,empirical_qrf,0.005977959256869724,0.004659204051222574,0.007251953644694697,,3768324934500513378,2025-12-16 15:34:00.776506
2025-12-16,24501,SJ,CGY,30000128,Logan Couture,assists,rf_qrf_assists,0.3.0,empirical_qrf,0.005977959256869724,0.004659204051222574,0.007251953644694697,,3768324934500513378,2025-12-16 15:34:00.776506
2025-12-16,24501,SJ,CGY,30000157,Tyler Toffoli,assists,rf_qrf_assists,0.3.0,empirical_qrf,0.01111111111111111,0.0,0.0,,3768324934500513378,2025-12-16 15:34:00.776506
2025-12-16,24501,SJ,CGY,30000182,Ryan Ellis,assists,rf_qrf_assists,0.3.0,empirical_qrf,0.005977959256869724,0.004659204051222574,0.007251953644694697,,3768324934500513378,2025-12-16 15:34:00.776506
2025-12-16,24501,CGY,SJ,30005142,Rory Kerins,assists,rf_qrf_assists,0.3.0,empirical_qrf,0.0007638888888888888,0.0,0.0,,3768324934500513378,2025-12-16 15:34:00.776506
2025-12-16,24501,CGY,SJ,30005297,Nick Cicek,assists,rf_qrf_assists,0.3.0,empirical_qrf,0.02358742069693188,0.0,0.0449438202247191,,3768324934500513378,2025-12-16 15:34:00.776506
2025-12-16,24501,CGY,SJ,30005595,Adam Klapka,assists,rf_qrf_assists,0.3.0,empirical_qrf,0.20732248158331748,0.0,0.46153846153846156,,3768324934500513378,2025-12-16 15:34:00.776506
2025-12-16,24501,CGY,SJ,30005729,Parker Bell,assists,rf_qrf_assists,0.3.0,empirical_qrf,0.005977959256869724,0.004659204051222574,0.007251953644694697,,3768324934500513378,2025-12-16 15:34:00.776506
2025-12-16,24501,CGY,SJ,30006084,Samuel Honzek,assists,rf_qrf_assists,0.3.0,empirical_qrf,0.0459946084213971,0.0,0.10526315789473684,,3768324934500513378,2025-12-16 15:34:00.776506
2025-12-16,24501,CGY,SJ,30006111,Etienne Morin,assists,rf_qrf_assists,0.3.0,empirical_qrf,0.0,0.0,0.0,,3768324934500513378,2025-12-16 15:34:00.776506
2025-12-16,24501,CGY,SJ,30004855,Yan Kuznetsov,assists,rf_qrf_assists,0.3.0,empirical_qrf,0.017804328825427165,0.0,0.03490412076703387,,3768324934500513378,2025-12-16 15:34:00.776506
2025-12-16,24501,CGY,SJ,30004869,Jeremie Poirier,assists,rf_qrf_assists,0.3.0,empirical_qrf,0.005977959256869724,0.004659204051222574,0.007251953644694697,,3768324934500513378,2025-12-16 15:34:00.776506
2025-12-16,24501,CGY,SJ,30004925,Daniil Miromanov,assists,rf_qrf_assists,0.3.0,empirical_qrf,0.0,0.0,0.0,,3768324934500513378,2025-12-16 15:34:00.776506
2025-12-16,24501,CGY,SJ,30004993,Matt Coronato,assists,rf_qrf_assists,0.3.0,empirical_qrf,0.0,0.0,0.0,,3768324934500513378,2025-12-16 15:34:00.776506
2025-12-16,24501,CGY,SJ,30005038,William Stromgren,assists,rf_qrf_assists,0.3.0,empirical_qrf,0.005977959256869724,0.004659204051222574,0.007251953644694697,,3768324934500513378,2025-12-16 15:34:00.776506
2025-12-16,24501,CGY,SJ,30005139,Lucas Ciona,assists,rf_qrf_assists,0.3.0,empirical_qrf,0.005977959256869724,0.004659204051222574,0.007251953644694697,,3768324934500513378,2025-12-16 15:34:00.776506
2025-12-16,24501,CGY,SJ,30004310,Brayden Pachal,assists,rf_qrf_assists,0.3.0,empirical_qrf,0.0,0.0,0.0,,3768324934500513378,2025-12-16 15:34:00.776506
2025-12-16,24501,CGY,SJ,30004363,Martin Pospisil,assists,rf_qrf_assists,0.3.0,empirical_qrf,0.0,0.0,0.0,,3768324934500513378,2025-12-16 15:34:00.776506
2025-12-16,24501,CGY,SJ,30004493,John Beecher,assists,rf_qrf_assists,0.3.0,empirical_qrf,0.0,0.0,0.0,,3768324934500513378,2025-12-16 15:34:00.776506
2025-12-16,24501,CGY,SJ,30004665,Dustin Wolf,assists,rf_qrf_assists,0.3.0,empirical_qrf,0.005977959256869724,0.004659204051222574,0.007251953644694697,,3768324934500513378,2025-12-16 15:34:00.776506
2025-12-16,24501,CGY,SJ,30004791,Devin Cooley,assists,rf_qrf_assists,0.3.0,empirical_qrf,0.005977959256869724,0.004659204051222574,0.007251953644694697,,3768324934500513378,2025-12-16 15:34:00.776506
2025-12-16,24501,CGY,SJ,30004823,Connor Zary,assists,rf_qrf_assists,0.3.0,empirical_qrf,0.0,0.0,0.0,,3768324934500513378,2025-12-16 15:34:00.776506
2025-12-16,24501,CGY,SJ,30003145,Jake Bean,assists,rf_qrf_assists,0.3.0,empirical_qrf,0.004458635759779367,0.0,0.00980392156862745,,3768324934500513378,2025-12-16 15:34:00.776506
2025-12-16,24501,CGY,SJ,30003418,Alex Gallant,assists,rf_qrf_assists,0.3.0,empirical_qrf,0.005977959256869724,0.004659204051222574,0.007251953644694697,,3768324934500513378,2025-12-16 15:34:00.776506
2025-12-16,24501,CGY,SJ,30003656,Morgan Frost,assists,rf_qrf_assists,0.3.0,empirical_qrf,0.0,0.0,0.0,,3768324934500513378,2025-12-16 15:34:00.776506
2025-12-16,24501,CGY,SJ,30004089,Joel Farabee,assists,rf_qrf_assists,0.3.0,empirical_qrf,0.06674158249158249,0.0,0.29047619047619155,,3768324934500513378,2025-12-16 15:34:00.776506
2025-12-16,24501,CGY,SJ,30004162,Kevin Bahl,assists,rf_qrf_assists,0.3.0,empirical_qrf,0.0,0.0,0.0,,3768324934500513378,2025-12-16 15:34:00.776506
2025-12-16,24501,CGY,SJ,30004190,Yegor Sharangovich,assists,rf_qrf_assists,0.3.0,empirical_qrf,0.0016025641025641025,0.0,0.0,,3768324934500513378,2025-12-16 15:34:00.776506
2025-12-16,24501,CGY,SJ,30001133,Rasmus Andersson,assists,rf_qrf_assists,0.3.0,empirical_qrf,0.0,0.0,0.0,,3768324934500513378,2025-12-16 15:34:00.776506
2025-12-16,24501,CGY,SJ,30001248,Joel Hanley,assists,rf_qrf_assists,0.3.0,empirical_qrf,0.0,0.0,0.0,,3768324934500513378,2025-12-16 15:34:00.776506
2025-12-16,24501,CGY,SJ,30002217,Ryan Lomberg,assists,rf_qrf_assists,0.3.0,empirical_qrf,0.03651406377735466,0.0,0.07253446447507955,,3768324934500513378,2025-12-16 15:34:00.776506
2025-12-16,24501,CGY,SJ,30002595,Justin Kirkland,assists,rf_qrf_assists,0.3.0,empirical_qrf,0.0,0.0,0.0,,3768324934500513378,2025-12-16 15:34:00.776506
2025-12-16,24501,CGY,SJ,30002668,Clark Bishop,assists,rf_qrf_assists,0.3.0,empirical_qrf,0.0029618068863726007,0.0,0.006389776357827476,,3768324934500513378,2025-12-16 15:34:00.776506
2025-12-16,24501,CGY,SJ,30003001,Dryden Hunt,assists,rf_qrf_assists,0.3.0,empirical_qrf,0.0,0.0,0.0,,3768324934500513378,2025-12-16 15:34:00.776506
2025-12-16,24492,CHI,TOR,30000585,Andre Burakovsky,shots_on_goal,rf_qrf_shots_on_goal,0.3.0,empirical_qrf,0.049981454011300885,0.0,0.125,,3768324934500513378,2025-12-16 15:34:14.945871
2025-12-16,24492,CHI,TOR,30000691,Nick Foligno,shots_on_goal,rf_qrf_shots_on_goal,0.3.0,empirical_qrf,0.013606060606060606,0.0,0.0,,3768324934500513378,2025-12-16 15:34:14.945871
2025-12-16,24492,CHI,TOR,30000748,Jason Dickinson,shots_on_goal,rf_qrf_shots_on_goal,0.3.0,empirical_qrf,0.07996091013233818,0.0,0.15641447368421058,,3768324934500513378,2025-12-16 15:34:14.945871
2025-12-16,24492,CHI,TOR,30000842,Tyler Bertuzzi,shots_on_goal,rf_qrf_shots_on_goal,0.3.0,empirical_qrf,0.04652669552669552,0.0,0.0,,3768324934500513378,2025-12-16 15:34:14.945871
2025-12-16,24492,CHI,TOR,30000871,Teuvo Teravainen,shots_on_goal,rf_qrf_shots_on_goal,0.3.0,empirical_qrf,0.3045742960742961,0.0,1.1700000000000008,,3768324934500513378,2025-12-16 15:34:14.945871
2025-12-16,24492,CHI,TOR,30001060,Shea Weber,shots_on_goal,rf_qrf_shots_on_goal,0.3.0,empirical_qrf,0.015748373511032653,0.012869628093494444,0.01890718464886852,,3768324934500513378,2025-12-16 15:34:14.945871
2025-12-16,24492,TOR,CHI,30006276,Marc Johnstone,shots_on_goal,rf_qrf_shots_on_goal,0.3.0,empirical_qrf,0.015748373511032653,0.012869628093494444,0.01890718464886852,,3768324934500513378,2025-12-16 15:34:14.945871
2025-12-16,24492,TOR,CHI,30006378,Jake Johnson,shots_on_goal,rf_qrf_shots_on_goal,0.3.0,empirical_qrf,0.015748373511032653,0.012869628093494444,0.01890718464886852,,3768324934500513378,2025-12-16 15:34:14.945871
2025-12-16,24492,TOR,CHI,30006388,Keenan Suthers,shots_on_goal,rf_qrf_shots_on_goal,0.3.0,empirical_qrf,0.015748373511032653,0.012869628093494444,0.01890718464886852,,3768324934500513378,2025-12-16 15:34:14.945871
2025-12-16,24492,TOR,CHI,30006389,Jacob Frasca,shots_on_goal,rf_qrf_shots_on_goal,0.3.0,empirical_qrf,0.015748373511032653,0.012869628093494444,0.01890718464886852,,3768324934500513378,2025-12-16 15:34:14.945871
2025-12-16,24492,TOR,CHI,30004511,Henry Thrun,shots_on_goal,rf_qrf_shots_on_goal,0.3.0,empirical_qrf,0.0,0.0,0.0,,3768324934500513378,2025-12-16 15:34:14.945871
2025-12-16,24492,TOR,CHI,30005542,Vyacheslav Peksa,shots_on_goal,rf_qrf_shots_on_goal,0.3.0,empirical_qrf,0.015748373511032653,0.012869628093494444,0.01890718464886852,,3768324934500513378,2025-12-16 15:34:14.945871
2025-12-16,24492,TOR,CHI,30005589,Bobby McMann,shots_on_goal,rf_qrf_shots_on_goal,0.3.0,empirical_qrf,0.004880952380952381,0.0,0.0,,3768324934500513378,2025-12-16 15:34:14.945871
2025-12-16,24492,TOR,CHI,30005725,Dennis Hildeby,shots_on_goal,rf_qrf_shots_on_goal,0.3.0,empirical_qrf,0.015748373511032653,0.012869628093494444,0.01890718464886852,,3768324934500513378,2025-12-16 15:34:14.945871
2025-12-16,24492,TOR,CHI,30005769,Marshall Rifai,shots_on_goal,rf_qrf_shots_on_goal,0.3.0,empirical_qrf,0.007258510556644756,0.0,0.01497766917718299,,3768324934500513378,2025-12-16 15:34:14.945871
2025-12-16,24492,TOR,CHI,30006072,Easton Cowan,shots_on_goal,rf_qrf_shots_on_goal,0.3.0,empirical_qrf,0.0,0.0,0.0,,3768324934500513378,2025-12-16 15:34:14.945871
2025-12-16,24492,TOR,CHI,30006207,Noah Chadwick,shots_on_goal,rf_qrf_shots_on_goal,0.3.0,empirical_qrf,0.015748373511032653,0.012869628093494444,0.01890718464886852,,3768324934500513378,2025-12-16 15:34:14.945871
2025-12-16,24492,TOR,CHI,30005024,Matthew Knies,shots_on_goal,rf_qrf_shots_on_goal,0.3.0,empirical_qrf,0.0544906973675009,0.018867924528301886,0.10132442569151431,,3768324934500513378,2025-12-16 15:34:14.945871
2025-12-16,24492,TOR,CHI,30005068,Ryan McCleary,shots_on_goal,rf_qrf_shots_on_goal,0.3.0,empirical_qrf,0.015748373511032653,0.012869628093494444,0.01890718464886852,,3768324934500513378,2025-12-16 15:34:14.945871
2025-12-16,24492,TOR,CHI,30005143,Ben King,shots_on_goal,rf_qrf_shots_on_goal,0.3.0,empirical_qrf,0.015748373511032653,0.012869628093494444,0.01890718464886852,,3768324934500513378,2025-12-16 15:34:14.945871
2025-12-16,24492,TOR,CHI,30005520,Braeden Kressler,shots_on_goal,rf_qrf_shots_on_goal,0.3.0,empirical_qrf,0.015748373511032653,0.012869628093494444,0.01890718464886852,,3768324934500513378,2025-12-16 15:34:14.945871
2025-12-16,24492,TOR,CHI,30005527,Artur Akhtyamov,shots_on_goal,rf_qrf_shots_on_goal,0.3.0,empirical_qrf,0.015748373511032653,0.012869628093494444,0.01890718464886852,,3768324934500513378,2025-12-16 15:34:14.945871
2025-12-16,24492,TOR,CHI,30005528,Ryan Tverberg,shots_on_goal,rf_qrf_shots_on_goal,0.3.0,empirical_qrf,0.0,0.0,0.0,,3768324934500513378,2025-12-16 15:34:14.945871
2025-12-16,24492,TOR,CHI,30004139,Bo Groulx,shots_on_goal,rf_qrf_shots_on_goal,0.3.0,empirical_qrf,0.23887162230041487,0.0,0.5,,3768324934500513378,2025-12-16 15:34:14.945871
2025-12-16,24492,TOR,CHI,30004252,Simon Benoit,shots_on_goal,rf_qrf_shots_on_goal,0.3.0,empirical_qrf,0.004384604861202637,0.0,0.010050251256281407,,3768324934500513378,2025-12-16 15:34:14.945871
2025-12-16,24492,TOR,CHI,30004394,Reese Johnson,shots_on_goal,rf_qrf_shots_on_goal,0.3.0,empirical_qrf,0.015748373511032653,0.012869628093494444,0.01890718464886852,,3768324934500513378,2025-12-16 15:34:14.945871
2025-12-16,24492,TOR,CHI,30004509,Nicholas Robertson,shots_on_goal,rf_qrf_shots_on_goal,0.3.0,empirical_qrf,0.030174603174603173,0.0,0.0,,3768324934500513378,2025-12-16 15:34:14.945871
2025-12-16,24492,TOR,CHI,30004539,Matias Maccelli,shots_on_goal,rf_qrf_shots_on_goal,0.3.0,empirical_qrf,0.3045742960742961,0.0,1.1700000000000008,,3768324934500513378,2025-12-16 15:34:14.945871
2025-12-16,24492,TOR,CHI,30004583,Dakota Joshua,shots_on_goal,rf_qrf_shots_on_goal,0.3.0,empirical_qrf,0.06799580777562611,0.0,0.15384615384615385,,3768324934500513378,2025-12-16 15:34:14.945871
2025-12-16,24492,TOR,CHI,30003041,Steven Lorentz,shots_on_goal,rf_qrf_shots_on_goal,0.3.0,empirical_qrf,0.048387825137825136,0.0,0.2,,3768324934500513378,2025-12-16 15:34:14.945871
2025-12-16,24492,TOR,CHI,30003042,Nicolas Roy,shots_on_goal,rf_qrf_shots_on_goal,0.3.0,empirical_qrf,0.111103031359726,0.0,0.2727272727272727,,3768324934500513378,2025-12-16 15:34:14.945871
2025-12-16,24492,TOR,CHI,30003083,Troy Stecher,shots_on_goal,rf_qrf_shots_on_goal,0.3.0,empirical_qrf,0.06974205630392977,0.0,0.13636363636363635,,3768324934500513378,2025-12-16 15:34:14.945871
2025-12-16,24492,TOR,CHI,30003130,Auston Matthews,shots_on_goal,rf_qrf_shots_on_goal,0.3.0,empirical_qrf,0.2728690476190476,0.0,1.0,,3768324934500513378,2025-12-16 15:34:14.945871
2025-12-16,24492,TOR,CHI,30003192,Joseph Woll,shots_on_goal,rf_qrf_shots_on_goal,0.3.0,empirical_qrf,0.015748373511032653,0.012869628093494444,0.01890718464886852,,3768324934500513378,2025-12-16 15:34:14.945871
2025-12-16,24492,TOR,CHI,30003562,Vinni Lettieri,shots_on_goal,rf_qrf_shots_on_goal,0.3.0,empirical_qrf,0.26270741758241756,0.0,0.6,,3768324934500513378,2025-12-16 15:34:14.945871
2025-12-16,24492,TOR,CHI,30001088,Brandon Carlo,shots_on_goal,rf_qrf_shots_on_goal,0.3.0,empirical_qrf,0.07773107316885662,0.020763422818791948,0.14130783325698582,,3768324934500513378,2025-12-16 15:34:14.945871
2025-12-16,24492,TOR,CHI,30001217,Dakota Mermis,shots_on_goal,rf_qrf_shots_on_goal,0.3.0,empirical_qrf,0.08122214625188717,0.041429753042656274,0.12560952632173947,,3768324934500513378,2025-12-16 15:34:14.945871
2025-12-16,24492,TOR,CHI,30002664,Brandon Baddock,shots_on_goal,rf_qrf_shots_on_goal,0.3.0,empirical_qrf,0.015748373511032653,0.012869628093494444,0.01890718464886852,,3768324934500513378,2025-12-16 15:34:14.945871
2025-12-16,24492,TOR,CHI,30002867,Philippe Myers,shots_on_goal,rf_qrf_shots_on_goal,0.3.0,empirical_qrf,0.02306878306878307,0.0,0.0,,3768324934500513378,2025-12-16 15:34:14.945871
2025-12-16,24492,TOR,CHI,30002869,Ken Appleby,shots_on_goal,rf_qrf_shots_on_goal,0.3.0,empirical_qrf,0.015748373511032653,0.012869628093494444,0.01890718464886852,,3768324934500513378,2025-12-16 15:34:14.945871
2025-12-16,24492,TOR,CHI,30003022,Travis Boyd,shots_on_goal,rf_qrf_shots_on_goal,0.3.0,empirical_qrf,0.04493530431201541,0.0,0.09375,,3768324934500513378,2025-12-16 15:34:14.945871
2025-12-16,24492,TOR,CHI,30000264,Scott Laughton,shots_on_goal,rf_qrf_shots_on_goal,0.3.0,empirical_qrf,0.004772486772486772,0.0,0.0,,3768324934500513378,2025-12-16 15:34:14.945871
2025-12-16,24492,TOR,CHI,30000275,John Tavares,shots_on_goal,rf_qrf_shots_on_goal,0.3.0,empirical_qrf,0.0,0.0,0.0,,3768324934500513378,2025-12-16 15:34:14.945871
2025-12-16,24492,TOR,CHI,30000486,William Nylander,shots_on_goal,rf_qrf_shots_on_goal,0.3.0,empirical_qrf,0.1798227250594869,0.0,0.33478260869565246,,3768324934500513378,2025-12-16 15:34:14.945871
2025-12-16,24492,TOR,CHI,30000507,Jake McCabe,shots_on_goal,rf_qrf_shots_on_goal,0.3.0,empirical_qrf,0.08122214625188717,0.041429753042656274,0.12560952632173947,,3768324934500513378,2025-12-16 15:34:14.945871
2025-12-16,24492,TOR,CHI,30000940,Max Domi,shots_on_goal,rf_qrf_shots_on_goal,0.3.0,empirical_qrf,0.0,0.0,0.0,,3768324934500513378,2025-12-16 15:34:14.945871
2025-12-16,24492,TOR,CHI,30000943,Oliver Ekman-Larsson,shots_on_goal,rf_qrf_shots_on_goal,0.3.0,empirical_qrf,0.11491240822046916,0.0,0.23076923076923078,,3768324934500513378,2025-12-16 15:34:14.945871
2025-12-16,24492,CHI,TOR,30006312,Joe Carroll,shots_on_goal,rf_qrf_shots_on_goal,0.3.0,empirical_qrf,0.015748373511032653,0.012869628093494444,0.01890718464886852,,3768324934500513378,2025-12-16 15:34:14.945871
2025-12-16,24492,CHI,TOR,30006496,Artyom Levshunov,shots_on_goal,rf_qrf_shots_on_goal,0.3.0,empirical_qrf,0.049981454011300885,0.0,0.125,,3768324934500513378,2025-12-16 15:34:14.945871
2025-12-16,24492,TOR,CHI,30000040,Morgan Rielly,shots_on_goal,rf_qrf_shots_on_goal,0.3.0,empirical_qrf,0.11491240822046916,0.0,0.23076923076923078,,3768324934500513378,2025-12-16 15:34:14.945871
2025-12-16,24492,TOR,CHI,30000100,Christopher Tanev,shots_on_goal,rf_qrf_shots_on_goal,0.3.0,empirical_qrf,0.007258510556644756,0.0,0.01497766917718299,,3768324934500513378,2025-12-16 15:34:14.945871
2025-12-16,24492,TOR,CHI,30000241,Calle Jarnkrok,shots_on_goal,rf_qrf_shots_on_goal,0.3.0,empirical_qrf,0.0,0.0,0.0,,3768324934500513378,2025-12-16 15:34:14.945871
2025-12-16,24492,TOR,CHI,30000259,Anthony Stolarz,shots_on_goal,rf_qrf_shots_on_goal,0.3.0,empirical_qrf,0.015748373511032653,0.012869628093494444,0.01890718464886852,,3768324934500513378,2025-12-16 15:34:14.945871
2025-12-16,24492,CHI,TOR,30006064,Connor Bedard,shots_on_goal,rf_qrf_shots_on_goal,0.3.0,empirical_qrf,0.054478835978835974,0.0,0.0,,3768324934500513378,2025-12-16 15:34:14.945871
2025-12-16,24492,CHI,TOR,30006077,Oliver Moore,shots_on_goal,rf_qrf_shots_on_goal,0.3.0,empirical_qrf,0.0,0.0,0.0,,3768324934500513378,2025-12-16 15:34:14.945871
2025-12-16,24492,CHI,TOR,30006105,Martin Misiak,shots_on_goal,rf_qrf_shots_on_goal,0.3.0,empirical_qrf,0.002629929765223883,0.0,0.0,,3768324934500513378,2025-12-16 15:34:14.945871
2025-12-16,24492,CHI,TOR,30006145,Nick Lardis,shots_on_goal,rf_qrf_shots_on_goal,0.3.0,empirical_qrf,0.08122214625188717,0.041429753042656274,0.12560952632173947,,3768324934500513378,2025-12-16 15:34:14.945871
2025-12-16,24492,CHI,TOR,30006219,Marcel Marcel,shots_on_goal,rf_qrf_shots_on_goal,0.3.0,empirical_qrf,0.015748373511032653,0.012869628093494444,0.01890718464886852,,3768324934500513378,2025-12-16 15:34:14.945871
2025-12-16,24492,CHI,TOR,30006279,Sahil Panwar,shots_on_goal,rf_qrf_shots_on_goal,0.3.0,empirical_qrf,0.015748373511032653,0.012869628093494444,0.01890718464886852,,3768324934500513378,2025-12-16 15:34:14.945871
2025-12-16,24492,CHI,TOR,30005665,Paul Ludwinski,shots_on_goal,rf_qrf_shots_on_goal,0.3.0,empirical_qrf,0.1795097248067104,0.10744086021505377,0.25393960430406115,,3768324934500513378,2025-12-16 15:34:14.945871
2025-12-16,24492,CHI,TOR,30005666,Ryan Greene,shots_on_goal,rf_qrf_shots_on_goal,0.3.0,empirical_qrf,0.012260262855698232,0.0030385926130606982,0.0220125786163522,,3768324934500513378,2025-12-16 15:34:14.945871
2025-12-16,24492,CHI,TOR,30005718,Samuel Savoie,shots_on_goal,rf_qrf_shots_on_goal,0.3.0,empirical_qrf,0.04493530431201541,0.0,0.09375,,3768324934500513378,2025-12-16 15:34:14.945871
2025-12-16,24492,CHI,TOR,30005816,Gavin Hayes,shots_on_goal,rf_qrf_shots_on_goal,0.3.0,empirical_qrf,0.0,0.0,0.0,,3768324934500513378,2025-12-16 15:34:14.945871
2025-12-16,24492,CHI,TOR,30005819,Andrew Perrott,shots_on_goal,rf_qrf_shots_on_goal,0.3.0,empirical_qrf,0.01769954738954913,0.0,0.0,,3768324934500513378,2025-12-16 15:34:14.945871
2025-12-16,24492,CHI,TOR,30005820,Mitchell Weeks,shots_on_goal,rf_qrf_shots_on_goal,0.3.0,empirical_qrf,0.015748373511032653,0.012869628093494444,0.01890718464886852,,3768324934500513378,2025-12-16 15:34:14.945871
2025-12-16,24492,CHI,TOR,30005032,Colton Dach,shots_on_goal,rf_qrf_shots_on_goal,0.3.0,empirical_qrf,0.0,0.0,0.0,,3768324934500513378,2025-12-16 15:34:14.945871
2025-12-16,24492,CHI,TOR,30005052,Dmitry Kuzmin,shots_on_goal,rf_qrf_shots_on_goal,0.3.0,empirical_qrf,0.015748373511032653,0.012869628093494444,0.01890718464886852,,3768324934500513378,2025-12-16 15:34:14.945871
2025-12-16,24492,CHI,TOR,30005131,Ryan Mast,shots_on_goal,rf_qrf_shots_on_goal,0.3.0,empirical_qrf,0.015748373511032653,0.012869628093494444,0.01890718464886852,,3768324934500513378,2025-12-16 15:34:14.945871
2025-12-16,24492,CHI,TOR,30005163,Ethan Del Mastro,shots_on_goal,rf_qrf_shots_on_goal,0.3.0,empirical_qrf,0.0,0.0,0.0,,3768324934500513378,2025-12-16 15:34:14.945871
2025-12-16,24492,CHI,TOR,30005632,Kevin Korchinski,shots_on_goal,rf_qrf_shots_on_goal,0.3.0,empirical_qrf,0.0544906973675009,0.018867924528301886,0.10132442569151431,,3768324934500513378,2025-12-16 15:34:14.945871
2025-12-16,24492,CHI,TOR,30005638,Frank Nazar,shots_on_goal,rf_qrf_shots_on_goal,0.3.0,empirical_qrf,0.06875,0.0,0.0,,3768324934500513378,2025-12-16 15:34:14.945871
2025-12-16,24492,CHI,TOR,30004650,Louis Crevier,shots_on_goal,rf_qrf_shots_on_goal,0.3.0,empirical_qrf,0.0544906973675009,0.018867924528301886,0.10132442569151431,,3768324934500513378,2025-12-16 15:34:14.945871
2025-12-16,24492,CHI,TOR,30004830,Drew Commesso,shots_on_goal,rf_qrf_shots_on_goal,0.3.0,empirical_qrf,0.015748373511032653,0.012869628093494444,0.01890718464886852,,3768324934500513378,2025-12-16 15:34:14.945871
2025-12-16,24492,CHI,TOR,30004850,Wyatt Kaiser,shots_on_goal,rf_qrf_shots_on_goal,0.3.0,empirical_qrf,0.0017740901074234405,0.0,0.0,,3768324934500513378,2025-12-16 15:34:14.945871
2025-12-16,24492,CHI,TOR,30004946,Jackson Cates,shots_on_goal,rf_qrf_shots_on_goal,0.3.0,empirical_qrf,0.015748373511032653,0.012869628093494444,0.01890718464886852,,3768324934500513378,2025-12-16 15:34:14.945871
2025-12-16,24492,CHI,TOR,30004965,Arvid Soderblom,shots_on_goal,rf_qrf_shots_on_goal,0.3.0,empirical_qrf,0.015748373511032653,0.012869628093494444,0.01890718464886852,,3768324934500513378,2025-12-16 15:34:14.945871
2025-12-16,24492,CHI,TOR,30005003,Nolan Allan,shots_on_goal,rf_qrf_shots_on_goal,0.3.0,empirical_qrf,0.006084213995923086,0.0,0.013614760972882306,,3768324934500513378,2025-12-16 15:34:14.945871
2025-12-16,24492,CHI,TOR,30003751,Dominic Toninato,shots_on_goal,rf_qrf_shots_on_goal,0.3.0,empirical_qrf,0.0,0.0,0.0,,3768324934500513378,2025-12-16 15:34:14.945871
2025-12-16,24492,CHI,TOR,30003996,Sam Lafferty,shots_on_goal,rf_qrf_shots_on_goal,0.3.0,empirical_qrf,0.0,0.0,0.0,,3768324934500513378,2025-12-16 15:34:14.945871
2025-12-16,24492,CHI,TOR,30004000,Brett Seney,shots_on_goal,rf_qrf_shots_on_goal,0.3.0,empirical_qrf,0.08122214625188717,0.041429753042656274,0.12560952632173947,,3768324934500513378,2025-12-16 15:34:14.945871
2025-12-16,24492,CHI,TOR,30004442,Ilya Mikheyev,shots_on_goal,rf_qrf_shots_on_goal,0.3.0,empirical_qrf,0.03167980970001277,0.0,0.07416666666666669,,3768324934500513378,2025-12-16 15:34:14.945871
2025-12-16,24492,CHI,TOR,30004494,Spencer Knight,shots_on_goal,rf_qrf_shots_on_goal,0.3.0,empirical_qrf,0.015748373511032653,0.012869628093494444,0.01890718464886852,,3768324934500513378,2025-12-16 15:34:14.945871
2025-12-16,24492,CHI,TOR,30004507,Alex Vlasic,shots_on_goal,rf_qrf_shots_on_goal,0.3.0,empirical_qrf,0.0,0.0,0.0,,3768324934500513378,2025-12-16 15:34:14.945871
2025-12-16,24492,CHI,TOR,30001219,Connor Murphy,shots_on_goal,rf_qrf_shots_on_goal,0.3.0,empirical_qrf,0.0,0.0,0.0,,3768324934500513378,2025-12-16 15:34:14.945871
2025-12-16,24492,CHI,TOR,30002212,Cavan Fitzgerald,shots_on_goal,rf_qrf_shots_on_goal,0.3.0,empirical_qrf,0.015748373511032653,0.012869628093494444,0.01890718464886852,,3768324934500513378,2025-12-16 15:34:14.945871
2025-12-16,24492,CHI,TOR,30002539,Matt Grzelcyk,shots_on_goal,rf_qrf_shots_on_goal,0.3.0,empirical_qrf,0.0,0.0,0.0,,3768324934500513378,2025-12-16 15:34:14.945871
2025-12-16,24492,CHI,TOR,30002588,Ryan Donato,shots_on_goal,rf_qrf_shots_on_goal,0.3.0,empirical_qrf,0.0013333333333333335,0.0,0.0,,3768324934500513378,2025-12-16 15:34:14.945871
2025-12-16,24492,CHI,TOR,30003209,Joey Anderson,shots_on_goal,rf_qrf_shots_on_goal,0.3.0,empirical_qrf,0.015748373511032653,0.012869628093494444,0.01890718464886852,,3768324934500513378,2025-12-16 15:34:14.945871
2025-12-16,24492,CHI,TOR,30003558,Josh Healey,shots_on_goal,rf_qrf_shots_on_goal,0.3.0,empirical_qrf,0.08122214625188717,0.041429753042656274,0.12560952632173947,,3768324934500513378,2025-12-16 15:34:14.945871
2025-12-16,24493,ANA,CBJ,30000269,Radko Gudas,shots_on_goal,rf_qrf_shots_on_goal,0.3.0,empirical_qrf,0.0002380952380952381,0.0,0.0,,3768324934500513378,2025-12-16 15:34:14.945871
2025-12-16,24493,ANA,CBJ,30000320,Chris Kreider,shots_on_goal,rf_qrf_shots_on_goal,0.3.0,empirical_qrf,0.011708994708994709,0.0,0.0,,3768324934500513378,2025-12-16 15:34:14.945871
2025-12-16,24493,ANA,CBJ,30000509,Justin Bailey,shots_on_goal,rf_qrf_shots_on_goal,0.3.0,empirical_qrf,0.012260262855698232,0.0030385926130606982,0.0220125786163522,,3768324934500513378,2025-12-16 15:34:14.945871
2025-12-16,24493,ANA,CBJ,30000515,Mikael Granlund,shots_on_goal,rf_qrf_shots_on_goal,0.3.0,empirical_qrf,0.0017740901074234405,0.0,0.0,,3768324934500513378,2025-12-16 15:34:14.945871
2025-12-16,24493,ANA,CBJ,30000609,Frank Vatrano,shots_on_goal,rf_qrf_shots_on_goal,0.3.0,empirical_qrf,0.025194830632330627,0.0,0.0,,3768324934500513378,2025-12-16 15:34:14.945871
2025-12-16,24493,ANA,CBJ,30000739,Alex Killorn,shots_on_goal,rf_qrf_shots_on_goal,0.3.0,empirical_qrf,0.07773107316885662,0.020763422818791948,0.14130783325698582,,3768324934500513378,2025-12-16 15:34:14.945871
2025-12-16,24493,CBJ,ANA,30005733,Roman Ahcan,shots_on_goal,rf_qrf_shots_on_goal,0.3.0,empirical_qrf,0.08122214625188717,0.041429753042656274,0.12560952632173947,,3768324934500513378,2025-12-16 15:34:14.945871
2025-12-16,24493,CBJ,ANA,30005736,Nolan Lalonde,shots_on_goal,rf_qrf_shots_on_goal,0.3.0,empirical_qrf,0.015748373511032653,0.012869628093494444,0.01890718464886852,,3768324934500513378,2025-12-16 15:34:14.945871
2025-12-16,24493,CBJ,ANA,30006022,Justin Pearson,shots_on_goal,rf_qrf_shots_on_goal,0.3.0,empirical_qrf,0.015748373511032653,0.012869628093494444,0.01890718464886852,,3768324934500513378,2025-12-16 15:34:14.945871
2025-12-16,24493,CBJ,ANA,30006026,Hunter McKown,shots_on_goal,rf_qrf_shots_on_goal,0.3.0,empirical_qrf,0.17868840908445616,0.0,0.40054054054054067,,3768324934500513378,2025-12-16 15:34:14.945871
2025-12-16,24493,CBJ,ANA,30006063,Adam Fantilli,shots_on_goal,rf_qrf_shots_on_goal,0.3.0,empirical_qrf,0.1872725468975469,0.0,0.8,,3768324934500513378,2025-12-16 15:34:14.945871
2025-12-16,24493,CBJ,ANA,30006337,Riley Bezeau,shots_on_goal,rf_qrf_shots_on_goal,0.3.0,empirical_qrf,0.08122214625188717,0.041429753042656274,0.12560952632173947,,3768324934500513378,2025-12-16 15:34:14.945871
2025-12-16,24493,CBJ,ANA,30005290,Max McCue,shots_on_goal,rf_qrf_shots_on_goal,0.3.0,empirical_qrf,0.07773107316885662,0.020763422818791948,0.14130783325698582,,3768324934500513378,2025-12-16 15:34:14.945871
2025-12-16,24493,CBJ,ANA,30005355,Mikael Pyyhtia,shots_on_goal,rf_qrf_shots_on_goal,0.3.0,empirical_qrf,0.004384604861202637,0.0,0.010050251256281407,,3768324934500513378,2025-12-16 15:34:14.945871
2025-12-16,24493,CBJ,ANA,30005568,Owen Sillinger,shots_on_goal,rf_qrf_shots_on_goal,0.3.0,empirical_qrf,0.06799580777562611,0.0,0.15384615384615385,,3768324934500513378,2025-12-16 15:34:14.945871
2025-12-16,24493,CBJ,ANA,30005637,Denton Mateychuk,shots_on_goal,rf_qrf_shots_on_goal,0.3.0,empirical_qrf,0.07773107316885662,0.020763422818791948,0.14130783325698582,,3768324934500513378,2025-12-16 15:34:14.945871
2025-12-16,24493,CBJ,ANA,30005664,Luca Del Bel Belluz,shots_on_goal,rf_qrf_shots_on_goal,0.3.0,empirical_qrf,0.0004047619047619048,0.0,0.0,,3768324934500513378,2025-12-16 15:34:14.945871
2025-12-16,24493,CBJ,ANA,30005699,Jordan Dumais,shots_on_goal,rf_qrf_shots_on_goal,0.3.0,empirical_qrf,0.015748373511032653,0.012869628093494444,0.01890718464886852,,3768324934500513378,2025-12-16 15:34:14.945871
2025-12-16,24493,CBJ,ANA,30004989,Kent Johnson,shots_on_goal,rf_qrf_shots_on_goal,0.3.0,empirical_qrf,0.0035548941798941797,0.0,0.0,,3768324934500513378,2025-12-16 15:34:14.945871
2025-12-16,24493,CBJ,ANA,30005002,Corson Ceulemans,shots_on_goal,rf_qrf_shots_on_goal,0.3.0,empirical_qrf,0.129458422668949,0.0,0.3,,3768324934500513378,2025-12-16 15:34:14.945871
2025-12-16,24493,CBJ,ANA,30005049,Jet Greaves,shots_on_goal,rf_qrf_shots_on_goal,0.3.0,empirical_qrf,0.015748373511032653,0.012869628093494444,0.01890718464886852,,3768324934500513378,2025-12-16 15:34:14.945871
2025-12-16,24493,CBJ,ANA,30005050,Stanislov Svozil,shots_on_goal,rf_qrf_shots_on_goal,0.3.0,empirical_qrf,0.0,0.0,0.0,,3768324934500513378,2025-12-16 15:34:14.945871
2025-12-16,24493,CBJ,ANA,30005053,Ole Julian Bjorgvik-Holm,shots_on_goal,rf_qrf_shots_on_goal,0.3.0,empirical_qrf,0.015748373511032653,0.012869628093494444,0.01890718464886852,,3768324934500513378,2025-12-16 15:34:14.945871
2025-12-16,24493,CBJ,ANA,30005088,James Malatesta,shots_on_goal,rf_qrf_shots_on_goal,0.3.0,empirical_qrf,0.004384604861202637,0.0,0.010050251256281407,,3768324934500513378,2025-12-16 15:34:14.945871
2025-12-16,24493,CBJ,ANA,30004135,Kirill Marchenko,shots_on_goal,rf_qrf_shots_on_goal,0.3.0,empirical_qrf,0.0850079365079365,0.0,0.0,,3768324934500513378,2025-12-16 15:34:14.945871
2025-12-16,24493,CBJ,ANA,30004172,Curtis Hall,shots_on_goal,rf_qrf_shots_on_goal,0.3.0,empirical_qrf,0.015748373511032653,0.012869628093494444,0.01890718464886852,,3768324934500513378,2025-12-16 15:34:14.945871
2025-12-16,24493,CBJ,ANA,30004306,Jake Christiansen,shots_on_goal,rf_qrf_shots_on_goal,0.3.0,empirical_qrf,0.0,0.0,0.0,,3768324934500513378,2025-12-16 15:34:14.945871
2025-12-16,24493,CBJ,ANA,30004607,Dmitri Voronkov,shots_on_goal,rf_qrf_shots_on_goal,0.3.0,empirical_qrf,0.007777777777777777,0.0,0.0,,3768324934500513378,2025-12-16 15:34:14.945871
2025-12-16,24493,CBJ,ANA,30004799,Yegor Chinakhov,shots_on_goal,rf_qrf_shots_on_goal,0.3.0,empirical_qrf,0.0,0.0,0.0,,3768324934500513378,2025-12-16 15:34:14.945871
2025-12-16,24493,CBJ,ANA,30004988,Cole Sillinger,shots_on_goal,rf_qrf_shots_on_goal,0.3.0,empirical_qrf,0.003601190476190476,0.0,0.0,,3768324934500513378,2025-12-16 15:34:14.945871
2025-12-16,24493,CBJ,ANA,30003079,Miles Wood,shots_on_goal,rf_qrf_shots_on_goal,0.3.0,empirical_qrf,0.0002380952380952381,0.0,0.0,,3768324934500513378,2025-12-16 15:34:14.945871
2025-12-16,24493,CBJ,ANA,30003146,Dante Fabbro,shots_on_goal,rf_qrf_shots_on_goal,0.3.0,empirical_qrf,0.21888359788359787,0.0,0.6666666666666666,,3768324934500513378,2025-12-16 15:34:14.945871
2025-12-16,24493,CBJ,ANA,30003267,Mathieu Olivier,shots_on_goal,rf_qrf_shots_on_goal,0.3.0,empirical_qrf,0.09459722222222221,0.0,0.0,,3768324934500513378,2025-12-16 15:34:14.945871
2025-12-16,24493,CBJ,ANA,30003269,Zach Sawchenko,shots_on_goal,rf_qrf_shots_on_goal,0.3.0,empirical_qrf,0.015748373511032653,0.012869628093494444,0.01890718464886852,,3768324934500513378,2025-12-16 15:34:14.945871
2025-12-16,24493,CBJ,ANA,30003549,Zachary Aston-Reese,shots_on_goal,rf_qrf_shots_on_goal,0.3.0,empirical_qrf,0.007258510556644756,0.0,0.01497766917718299,,3768324934500513378,2025-12-16 15:34:14.945871
2025-12-16,24493,CBJ,ANA,30004097,Isac Lundestrom,shots_on_goal,rf_qrf_shots_on_goal,0.3.0,empirical_qrf,0.07773107316885662,0.020763422818791948,0.14130783325698582,,3768324934500513378,2025-12-16 15:34:14.945871
2025-12-16,24493,CBJ,ANA,30000855,Brendan Smith,shots_on_goal,rf_qrf_shots_on_goal,0.3.0,empirical_qrf,0.0544906973675009,0.018867924528301886,0.10132442569151431,,3768324934500513378,2025-12-16 15:34:14.945871
2025-12-16,24493,CBJ,ANA,30001196,Brendan Gaunce,shots_on_goal,rf_qrf_shots_on_goal,0.3.0,empirical_qrf,0.07996091013233818,0.0,0.15641447368421058,,3768324934500513378,2025-12-16 15:34:14.945871
2025-12-16,24493,CBJ,ANA,30002554,Hudson Fasching,shots_on_goal,rf_qrf_shots_on_goal,0.3.0,empirical_qrf,0.15637055836320543,0.0,0.3647727272727275,,3768324934500513378,2025-12-16 15:34:14.945871
2025-12-16,24493,CBJ,ANA,30002593,Dysin Mayo,shots_on_goal,rf_qrf_shots_on_goal,0.3.0,empirical_qrf,0.012260262855698232,0.0030385926130606982,0.0220125786163522,,3768324934500513378,2025-12-16 15:34:14.945871
2025-12-16,24493,CBJ,ANA,30002616,Elvis Merzlikins,shots_on_goal,rf_qrf_shots_on_goal,0.3.0,empirical_qrf,0.015748373511032653,0.012869628093494444,0.01890718464886852,,3768324934500513378,2025-12-16 15:34:14.945871
2025-12-16,24493,CBJ,ANA,30002770,Zach Werenski,shots_on_goal,rf_qrf_shots_on_goal,0.3.0,empirical_qrf,0.15149206349206348,0.0,0.5,,3768324934500513378,2025-12-16 15:34:14.945871
2025-12-16,24493,CBJ,ANA,30000115,Sean Monahan,shots_on_goal,rf_qrf_shots_on_goal,0.3.0,empirical_qrf,0.0,0.0,0.0,,3768324934500513378,2025-12-16 15:34:14.945871
2025-12-16,24493,CBJ,ANA,30000207,Damon Severson,shots_on_goal,rf_qrf_shots_on_goal,0.3.0,empirical_qrf,0.11491240822046916,0.0,0.23076923076923078,,3768324934500513378,2025-12-16 15:34:14.945871
2025-12-16,24493,CBJ,ANA,30000233,Erik Gudbranson,shots_on_goal,rf_qrf_shots_on_goal,0.3.0,empirical_qrf,0.0,0.0,0.0,,3768324934500513378,2025-12-16 15:34:14.945871
2025-12-16,24493,CBJ,ANA,30000623,Ivan Provorov,shots_on_goal,rf_qrf_shots_on_goal,0.3.0,empirical_qrf,0.11491240822046916,0.0,0.23076923076923078,,3768324934500513378,2025-12-16 15:34:14.945871
2025-12-16,24493,CBJ,ANA,30000778,Boone Jenner,shots_on_goal,rf_qrf_shots_on_goal,0.3.0,empirical_qrf,0.21719841269841267,0.0,1.0,,3768324934500513378,2025-12-16 15:34:14.945871
2025-12-16,24493,CBJ,ANA,30000805,Charlie Coyle,shots_on_goal,rf_qrf_shots_on_goal,0.3.0,empirical_qrf,0.0,0.0,0.0,,3768324934500513378,2025-12-16 15:34:14.945871
2025-12-16,24493,ANA,CBJ,30006129,Coulson Pitre,shots_on_goal,rf_qrf_shots_on_goal,0.3.0,empirical_qrf,0.1795097248067104,0.10744086021505377,0.25393960430406115,,3768324934500513378,2025-12-16 15:34:14.945871
2025-12-16,24493,ANA,CBJ,30006161,Yegor Sidorov,shots_on_goal,rf_qrf_shots_on_goal,0.3.0,empirical_qrf,1.108304232804233,0.0,2.6666666666666665,,3768324934500513378,2025-12-16 15:34:14.945871
2025-12-16,24493,ANA,CBJ,30006162,Konnor Smith,shots_on_goal,rf_qrf_shots_on_goal,0.3.0,empirical_qrf,0.015748373511032653,0.012869628093494444,0.01890718464886852,,3768324934500513378,2025-12-16 15:34:14.945871
2025-12-16,24493,ANA,CBJ,30006310,Roman Kinal,shots_on_goal,rf_qrf_shots_on_goal,0.3.0,empirical_qrf,0.1159997975590075,0.05555555555555555,0.17777777777777778,,3768324934500513378,2025-12-16 15:34:14.945871
2025-12-16,24493,ANA,CBJ,30006353,Easton Armstrong,shots_on_goal,rf_qrf_shots_on_goal,0.3.0,empirical_qrf,0.015748373511032653,0.012869628093494444,0.01890718464886852,,3768324934500513378,2025-12-16 15:34:14.945871
2025-12-16,24493,ANA,CBJ,30006483,Beckett Sennecke,shots_on_goal,rf_qrf_shots_on_goal,0.3.0,empirical_qrf,0.0747012987012987,0.0,0.25,,3768324934500513378,2025-12-16 15:34:14.945871
2025-12-16,24493,ANA,CBJ,30005678,Tristan Luneau,shots_on_goal,rf_qrf_shots_on_goal,0.3.0,empirical_qrf,0.11491240822046916,0.0,0.23076923076923078,,3768324934500513378,2025-12-16 15:34:14.945871
2025-12-16,24493,ANA,CBJ,30005945,Tomas Suchanek,shots_on_goal,rf_qrf_shots_on_goal,0.3.0,empirical_qrf,0.015748373511032653,0.012869628093494444,0.01890718464886852,,3768324934500513378,2025-12-16 15:34:14.945871
2025-12-16,24493,ANA,CBJ,30006016,Jaxsen Wiebe,shots_on_goal,rf_qrf_shots_on_goal,0.3.0,empirical_qrf,0.015748373511032653,0.012869628093494444,0.01890718464886852,,3768324934500513378,2025-12-16 15:34:14.945871
2025-12-16,24493,ANA,CBJ,30006017,Nikita Nesterenko,shots_on_goal,rf_qrf_shots_on_goal,0.3.0,empirical_qrf,0.0,0.0,0.0,,3768324934500513378,2025-12-16 15:34:14.945871
2025-12-16,24493,ANA,CBJ,30006069,Leo Carlsson,shots_on_goal,rf_qrf_shots_on_goal,0.3.0,empirical_qrf,0.009055555555555556,0.0,0.0,,3768324934500513378,2025-12-16 15:34:14.945871
2025-12-16,24493,ANA,CBJ,30006117,Nico Myatovic,shots_on_goal,rf_qrf_shots_on_goal,0.3.0,empirical_qrf,0.00018518518518518518,0.0,0.0,,3768324934500513378,2025-12-16 15:34:14.945871
2025-12-16,24493,ANA,CBJ,30005275,Tyson Hinds,shots_on_goal,rf_qrf_shots_on_goal,0.3.0,empirical_qrf,0.06119159544159544,0.0,0.0,,3768324934500513378,2025-12-16 15:34:14.945871
2025-12-16,24493,ANA,CBJ,30005285,Jeremie Biakabutuka,shots_on_goal,rf_qrf_shots_on_goal,0.3.0,empirical_qrf,0.015748373511032653,0.012869628093494444,0.01890718464886852,,3768324934500513378,2025-12-16 15:34:14.945871
2025-12-16,24493,ANA,CBJ,30005615,Pavel Mintyukov,shots_on_goal,rf_qrf_shots_on_goal,0.3.0,empirical_qrf,0.0477040776371961,0.0,0.11764705882352941,,3768324934500513378,2025-12-16 15:34:14.945871
2025-12-16,24493,ANA,CBJ,30005620,Cutter Gauthier,shots_on_goal,rf_qrf_shots_on_goal,0.3.0,empirical_qrf,0.030174603174603173,0.0,0.0,,3768324934500513378,2025-12-16 15:34:14.945871
2025-12-16,24493,ANA,CBJ,30005643,Nathan Gaucher,shots_on_goal,rf_qrf_shots_on_goal,0.3.0,empirical_qrf,0.007117144186223135,0.0,0.0,,3768324934500513378,2025-12-16 15:34:14.945871
2025-12-16,24493,ANA,CBJ,30005677,Noah Warren,shots_on_goal,rf_qrf_shots_on_goal,0.3.0,empirical_qrf,0.007258510556644756,0.0,0.01497766917718299,,3768324934500513378,2025-12-16 15:34:14.945871
2025-12-16,24493,ANA,CBJ,30004829,Sam Colangelo,shots_on_goal,rf_qrf_shots_on_goal,0.3.0,empirical_qrf,0.013606060606060606,0.0,0.0,,3768324934500513378,2025-12-16 15:34:14.945871
2025-12-16,24493,ANA,CBJ,30004861,Ian Moore,shots_on_goal,rf_qrf_shots_on_goal,0.3.0,empirical_qrf,0.0,0.0,0.0,,3768324934500513378,2025-12-16 15:34:14.945871
2025-12-16,24493,ANA,CBJ,30004997,Mason McTavish,shots_on_goal,rf_qrf_shots_on_goal,0.3.0,empirical_qrf,0.010064814814814816,0.0,0.0,,3768324934500513378,2025-12-16 15:34:14.945871
2025-12-16,24493,ANA,CBJ,30005018,Olen Zellweger,shots_on_goal,rf_qrf_shots_on_goal,0.3.0,empirical_qrf,0.006,0.0,0.0,,3768324934500513378,2025-12-16 15:34:14.945871
2025-12-16,24493,ANA,CBJ,30005051,Sasha Pastujov,shots_on_goal,rf_qrf_shots_on_goal,0.3.0,empirical_qrf,0.026334942978313177,0.0,0.06135204081632656,,3768324934500513378,2025-12-16 15:34:14.945871
2025-12-16,24493,ANA,CBJ,30005095,Davis Codd,shots_on_goal,rf_qrf_shots_on_goal,0.3.0,empirical_qrf,0.1238390011907138,0.0,0.30076923076923096,,3768324934500513378,2025-12-16 15:34:14.945871
2025-12-16,24493,ANA,CBJ,30003948,David Cotton,shots_on_goal,rf_qrf_shots_on_goal,0.3.0,empirical_qrf,0.03842473208190856,0.0,0.0373333333333334,,3768324934500513378,2025-12-16 15:34:14.945871
2025-12-16,24493,ANA,CBJ,30004160,Lukas Dostal,shots_on_goal,rf_qrf_shots_on_goal,0.3.0,empirical_qrf,0.015748373511032653,0.012869628093494444,0.01890718464886852,,3768324934500513378,2025-12-16 15:34:14.945871
2025-12-16,24493,ANA,CBJ,30004512,Drew Helleson,shots_on_goal,rf_qrf_shots_on_goal,0.3.0,empirical_qrf,0.6381780834905836,0.0,1.4285714285714286,,3768324934500513378,2025-12-16 15:34:14.945871
2025-12-16,24493,ANA,CBJ,30004526,Jackson LaCombe,shots_on_goal,rf_qrf_shots_on_goal,0.3.0,empirical_qrf,0.013976190476190477,0.0,0.0,,3768324934500513378,2025-12-16 15:34:14.945871
2025-12-16,24493,ANA,CBJ,30004550,Judd Caulfield,shots_on_goal,rf_qrf_shots_on_goal,0.3.0,empirical_qrf,0.015748373511032653,0.012869628093494444,0.01890718464886852,,3768324934500513378,2025-12-16 15:34:14.945871
2025-12-16,24493,ANA,CBJ,30004828,Calle Clang,shots_on_goal,rf_qrf_shots_on_goal,0.3.0,empirical_qrf,0.015748373511032653,0.012869628093494444,0.01890718464886852,,3768324934500513378,2025-12-16 15:34:14.945871
2025-12-16,24493,ANA,CBJ,30002773,Jansen Harkins,shots_on_goal,rf_qrf_shots_on_goal,0.3.0,empirical_qrf,0.015748373511032653,0.012869628093494444,0.01890718464886852,,3768324934500513378,2025-12-16 15:34:14.945871
2025-12-16,24493,ANA,CBJ,30002864,Nikolas Brouillard,shots_on_goal,rf_qrf_shots_on_goal,0.3.0,empirical_qrf,0.015748373511032653,0.012869628093494444,0.01890718464886852,,3768324934500513378,2025-12-16 15:34:14.945871
2025-12-16,24493,ANA,CBJ,30003197,Carsen Twarynski,shots_on_goal,rf_qrf_shots_on_goal,0.3.0,empirical_qrf,0.015748373511032653,0.012869628093494444,0.01890718464886852,,3768324934500513378,2025-12-16 15:34:14.945871
2025-12-16,24493,ANA,CBJ,30003475,Matthew Phillips,shots_on_goal,rf_qrf_shots_on_goal,0.3.0,empirical_qrf,0.2734945054945055,0.0,0.8357142857142863,,3768324934500513378,2025-12-16 15:34:14.945871
2025-12-16,24493,ANA,CBJ,30003650,Ryan Poehling,shots_on_goal,rf_qrf_shots_on_goal,0.3.0,empirical_qrf,0.0,0.0,0.0,,3768324934500513378,2025-12-16 15:34:14.945871
2025-12-16,24493,ANA,CBJ,30003747,Troy Terry,shots_on_goal,rf_qrf_shots_on_goal,0.3.0,empirical_qrf,0.18200948254818225,0.0,0.5,,3768324934500513378,2025-12-16 15:34:14.945871
2025-12-16,24493,ANA,CBJ,30000834,Jacob Trouba,shots_on_goal,rf_qrf_shots_on_goal,0.3.0,empirical_qrf,0.07773107316885662,0.020763422818791948,0.14130783325698582,,3768324934500513378,2025-12-16 15:34:14.945871
2025-12-16,24493,ANA,CBJ,30000998,Ross Johnston,shots_on_goal,rf_qrf_shots_on_goal,0.3.0,empirical_qrf,0.0,0.0,0.0,,3768324934500513378,2025-12-16 15:34:14.945871
2025-12-16,24493,ANA,CBJ,30001005,Ryan Strome,shots_on_goal,rf_qrf_shots_on_goal,0.3.0,empirical_qrf,0.0035548941798941797,0.0,0.0,,3768324934500513378,2025-12-16 15:34:14.945871
2025-12-16,24493,ANA,CBJ,30001009,Petr Mrazek,shots_on_goal,rf_qrf_shots_on_goal,0.3.0,empirical_qrf,0.015748373511032653,0.012869628093494444,0.01890718464886852,,3768324934500513378,2025-12-16 15:34:14.945871
2025-12-16,24493,ANA,CBJ,30002528,Tyrell Goulbourne,shots_on_goal,rf_qrf_shots_on_goal,0.3.0,empirical_qrf,0.015748373511032653,0.012869628093494444,0.01890718464886852,,3768324934500513378,2025-12-16 15:34:14.945871
2025-12-16,24493,ANA,CBJ,30002760,Ville Husso,shots_on_goal,rf_qrf_shots_on_goal,0.3.0,empirical_qrf,0.015748373511032653,0.012869628093494444,0.01890718464886852,,3768324934500513378,2025-12-16 15:34:14.945871
2025-12-16,24494,EDM,PIT,30000180,Josh Brown,shots_on_goal,rf_qrf_shots_on_goal,0.3.0,empirical_qrf,0.004384604861202637,0.0,0.010050251256281407,,3768324934500513378,2025-12-16 15:34:14.945871
2025-12-16,24494,EDM,PIT,30000250,Mattias Ekholm,shots_on_goal,rf_qrf_shots_on_goal,0.3.0,empirical_qrf,0.26270741758241756,0.0,0.6,,3768324934500513378,2025-12-16 15:34:14.945871
2025-12-16,24494,EDM,PIT,30000440,Zach Hyman,shots_on_goal,rf_qrf_shots_on_goal,0.3.0,empirical_qrf,0.015748373511032653,0.012869628093494444,0.01890718464886852,,3768324934500513378,2025-12-16 15:34:14.945871
2025-12-16,24494,EDM,PIT,30000443,Kasperi Kapanen,shots_on_goal,rf_qrf_shots_on_goal,0.3.0,empirical_qrf,0.024328749752662797,0.0,0.0,,3768324934500513378,2025-12-16 15:34:14.945871
2025-12-16,24494,EDM,PIT,30000540,Ryan Nugent-Hopkins,shots_on_goal,rf_qrf_shots_on_goal,0.3.0,empirical_qrf,0.0,0.0,0.0,,3768324934500513378,2025-12-16 15:34:14.945871
2025-12-16,24494,EDM,PIT,30000549,Darnell Nurse,shots_on_goal,rf_qrf_shots_on_goal,0.3.0,empirical_qrf,0.007611111111111111,0.0,0.0,,3768324934500513378,2025-12-16 15:34:14.945871
2025-12-16,24494,EDM,PIT,30003345,Riley Stillman,shots_on_goal,rf_qrf_shots_on_goal,0.3.0,empirical_qrf,0.0,0.0,0.0,,3768324934500513378,2025-12-16 15:34:14.945871
2025-12-16,24494,EDM,PIT,30004370,Spencer Stastney,shots_on_goal,rf_qrf_shots_on_goal,0.3.0,empirical_qrf,0.012260262855698232,0.0030385926130606982,0.0220125786163522,,3768324934500513378,2025-12-16 15:34:14.945871
2025-12-16,24494,PIT,EDM,30000806,Matt Dumba,shots_on_goal,rf_qrf_shots_on_goal,0.3.0,empirical_qrf,0.0,0.0,0.0,,3768324934500513378,2025-12-16 15:34:14.945871
2025-12-16,24494,EDM,PIT,30006848,Quinn Hutson,shots_on_goal,rf_qrf_shots_on_goal,0.3.0,empirical_qrf,0.0,0.0,0.0,,3768324934500513378,2025-12-16 15:34:14.945871
2025-12-16,24494,PIT,EDM,30006137,Emil Pieniniemi,shots_on_goal,rf_qrf_shots_on_goal,0.3.0,empirical_qrf,0.0009703042055983232,0.0,0.0,,3768324934500513378,2025-12-16 15:34:14.945871
2025-12-16,24494,PIT,EDM,30006354,Jaxon Castor,shots_on_goal,rf_qrf_shots_on_goal,0.3.0,empirical_qrf,0.015748373511032653,0.012869628093494444,0.01890718464886852,,3768324934500513378,2025-12-16 15:34:14.945871
2025-12-16,24494,PIT,EDM,30006363,Finn Harding,shots_on_goal,rf_qrf_shots_on_goal,0.3.0,empirical_qrf,0.015748373511032653,0.012869628093494444,0.01890718464886852,,3768324934500513378,2025-12-16 15:34:14.945871
2025-12-16,24494,PIT,EDM,30006867,Benjamin Kindel,shots_on_goal,rf_qrf_shots_on_goal,0.3.0,empirical_qrf,0.31450793650793646,0.0,1.6400000000000092,,3768324934500513378,2025-12-16 15:34:14.945871
2025-12-16,24494,PIT,EDM,30003586,Joona Koppanen,shots_on_goal,rf_qrf_shots_on_goal,0.3.0,empirical_qrf,0.06974205630392977,0.0,0.13636363636363635,,3768324934500513378,2025-12-16 15:34:14.945871
2025-12-16,24494,EDM,PIT,30003142,Max Jones,shots_on_goal,rf_qrf_shots_on_goal,0.3.0,empirical_qrf,0.004384604861202637,0.0,0.010050251256281407,,3768324934500513378,2025-12-16 15:34:14.945871
2025-12-16,24494,PIT,EDM,30005330,Callahan Burke,shots_on_goal,rf_qrf_shots_on_goal,0.3.0,empirical_qrf,0.015748373511032653,0.012869628093494444,0.01890718464886852,,3768324934500513378,2025-12-16 15:34:14.945871
2025-12-16,24494,PIT,EDM,30005403,Jack St. Ivany,shots_on_goal,rf_qrf_shots_on_goal,0.3.0,empirical_qrf,0.0544906973675009,0.018867924528301886,0.10132442569151431,,3768324934500513378,2025-12-16 15:34:14.945871
2025-12-16,24494,PIT,EDM,30005511,Aidan McDonough,shots_on_goal,rf_qrf_shots_on_goal,0.3.0,empirical_qrf,0.07773107316885662,0.020763422818791948,0.14130783325698582,,3768324934500513378,2025-12-16 15:34:14.945871
2025-12-16,24494,PIT,EDM,30005623,Rutger McGroarty,shots_on_goal,rf_qrf_shots_on_goal,0.3.0,empirical_qrf,0.004384604861202637,0.0,0.010050251256281407,,3768324934500513378,2025-12-16 15:34:14.945871
2025-12-16,24494,PIT,EDM,30005635,Owen Pickering,shots_on_goal,rf_qrf_shots_on_goal,0.3.0,empirical_qrf,0.06974205630392977,0.0,0.13636363636363635,,3768324934500513378,2025-12-16 15:34:14.945871
2025-12-16,24494,PIT,EDM,30005966,Avery Hayes,shots_on_goal,rf_qrf_shots_on_goal,0.3.0,empirical_qrf,0.4307673697489874,0.0,0.75,,3768324934500513378,2025-12-16 15:34:14.945871
2025-12-16,24494,PIT,EDM,30004918,Philip Kemp,shots_on_goal,rf_qrf_shots_on_goal,0.3.0,empirical_qrf,0.012260262855698232,0.0030385926130606982,0.0220125786163522,,3768324934500513378,2025-12-16 15:34:14.945871
2025-12-16,24494,PIT,EDM,30004960,Valtteri Puustinen,shots_on_goal,rf_qrf_shots_on_goal,0.3.0,empirical_qrf,0.0,0.0,0.0,,3768324934500513378,2025-12-16 15:34:14.945871
2025-12-16,24494,PIT,EDM,30005027,Ville Koivunen,shots_on_goal,rf_qrf_shots_on_goal,0.3.0,empirical_qrf,0.13405999787249787,0.0,0.3333333333333333,,3768324934500513378,2025-12-16 15:34:14.945871
2025-12-16,24494,PIT,EDM,30005066,Raivis Ansons,shots_on_goal,rf_qrf_shots_on_goal,0.3.0,empirical_qrf,0.015748373511032653,0.012869628093494444,0.01890718464886852,,3768324934500513378,2025-12-16 15:34:14.945871
2025-12-16,24494,PIT,EDM,30005197,Taylor Gauthier,shots_on_goal,rf_qrf_shots_on_goal,0.3.0,empirical_qrf,0.015748373511032653,0.012869628093494444,0.01890718464886852,,3768324934500513378,2025-12-16 15:34:14.945871
2025-12-16,24494,PIT,EDM,30005267,William Dufour,shots_on_goal,rf_qrf_shots_on_goal,0.3.0,empirical_qrf,0.0,0.0,0.0,,3768324934500513378,2025-12-16 15:34:14.945871
2025-12-16,24494,PIT,EDM,30004423,Blake Lizotte,shots_on_goal,rf_qrf_shots_on_goal,0.3.0,empirical_qrf,0.012260262855698232,0.0030385926130606982,0.0220125786163522,,3768324934500513378,2025-12-16 15:34:14.945871
2025-12-16,24494,PIT,EDM,30004488,Philip Tomasino,shots_on_goal,rf_qrf_shots_on_goal,0.3.0,empirical_qrf,0.004543650793650794,0.0,0.0,,3768324934500513378,2025-12-16 15:34:14.945871
2025-12-16,24494,EDM,PIT,30004490,Sam Poulin,shots_on_goal,rf_qrf_shots_on_goal,0.3.0,empirical_qrf,0.07773107316885662,0.020763422818791948,0.14130783325698582,,3768324934500513378,2025-12-16 15:34:14.945871
2025-12-16,24494,PIT,EDM,30004609,Arturs Silovs,shots_on_goal,rf_qrf_shots_on_goal,0.3.0,empirical_qrf,0.015748373511032653,0.012869628093494444,0.01890718464886852,,3768324934500513378,2025-12-16 15:34:14.945871
2025-12-16,24494,PIT,EDM,30004788,Ryan Shea,shots_on_goal,rf_qrf_shots_on_goal,0.3.0,empirical_qrf,0.0,0.0,0.0,,3768324934500513378,2025-12-16 15:34:14.945871
2025-12-16,24494,PIT,EDM,30004825,Joel Blomqvist,shots_on_goal,rf_qrf_shots_on_goal,0.3.0,empirical_qrf,0.015748373511032653,0.012869628093494444,0.01890718464886852,,3768324934500513378,2025-12-16 15:34:14.945871
2025-12-16,24494,PIT,EDM,30003099,Parker Wotherspoon,shots_on_goal,rf_qrf_shots_on_goal,0.3.0,empirical_qrf,0.004384604861202637,0.0,0.010050251256281407,,3768324934500513378,2025-12-16 15:34:14.945871
2025-12-16,24494,PIT,EDM,30003391,Justin Brazeau,shots_on_goal,rf_qrf_shots_on_goal,0.3.0,empirical_qrf,0.06799580777562611,0.0,0.15384615384615385,,3768324934500513378,2025-12-16 15:34:14.945871
2025-12-16,24494,PIT,EDM,30003739,Sebastian Aho,shots_on_goal,rf_qrf_shots_on_goal,0.3.0,empirical_qrf,0.007258510556644756,0.0,0.01497766917718299,,3768324934500513378,2025-12-16 15:34:14.945871
2025-12-16,24494,PIT,EDM,30003893,Connor Clifton,shots_on_goal,rf_qrf_shots_on_goal,0.3.0,empirical_qrf,0.11491240822046916,0.0,0.23076923076923078,,3768324934500513378,2025-12-16 15:34:14.945871
2025-12-16,24494,PIT,EDM,30004100,Alexander Alexeyev,shots_on_goal,rf_qrf_shots_on_goal,0.3.0,empirical_qrf,0.012260262855698232,0.0030385926130606982,0.0220125786163522,,3768324934500513378,2025-12-16 15:34:14.945871
2025-12-16,24494,PIT,EDM,30004181,Connor Dewar,shots_on_goal,rf_qrf_shots_on_goal,0.3.0,empirical_qrf,0.003601190476190476,0.0,0.0,,3768324934500513378,2025-12-16 15:34:14.945871
2025-12-16,24494,PIT,EDM,30001100,Bryan Rust,shots_on_goal,rf_qrf_shots_on_goal,0.3.0,empirical_qrf,0.23510185185185184,0.0,1.2,,3768324934500513378,2025-12-16 15:34:14.945871
2025-12-16,24494,PIT,EDM,30001235,Noel Acciari,shots_on_goal,rf_qrf_shots_on_goal,0.3.0,empirical_qrf,0.012260262855698232,0.0030385926130606982,0.0220125786163522,,3768324934500513378,2025-12-16 15:34:14.945871
2025-12-16,24494,PIT,EDM,30002631,Danton Heinen,shots_on_goal,rf_qrf_shots_on_goal,0.3.0,empirical_qrf,0.03249794408264003,0.0,0.07692307692307693,,3768324934500513378,2025-12-16 15:34:14.945871
2025-12-16,24494,PIT,EDM,30002778,Tommy Novak,shots_on_goal,rf_qrf_shots_on_goal,0.3.0,empirical_qrf,0.0,0.0,0.0,,3768324934500513378,2025-12-16 15:34:14.945871
2025-12-16,24494,PIT,EDM,30002874,Caleb Jones,shots_on_goal,rf_qrf_shots_on_goal,0.3.0,empirical_qrf,0.06343062908345178,0.0,0.13793103448275862,,3768324934500513378,2025-12-16 15:34:14.945871
2025-12-16,24494,PIT,EDM,30003030,Bokondji Imama,shots_on_goal,rf_qrf_shots_on_goal,0.3.0,empirical_qrf,0.015748373511032653,0.012869628093494444,0.01890718464886852,,3768324934500513378,2025-12-16 15:34:14.945871
2025-12-16,24494,PIT,EDM,30000615,Kevin Hayes,shots_on_goal,rf_qrf_shots_on_goal,0.3.0,empirical_qrf,0.20735435824161313,0.0,0.5,,3768324934500513378,2025-12-16 15:34:14.945871
2025-12-16,24494,PIT,EDM,30000651,Sidney Crosby,shots_on_goal,rf_qrf_shots_on_goal,0.3.0,empirical_qrf,0.03236507936507936,0.0,0.0,,3768324934500513378,2025-12-16 15:34:14.945871
2025-12-16,24494,PIT,EDM,30000658,Kris Letang,shots_on_goal,rf_qrf_shots_on_goal,0.3.0,empirical_qrf,0.0,0.0,0.0,,3768324934500513378,2025-12-16 15:34:14.945871
2025-12-16,24494,PIT,EDM,30000660,Evgeni Malkin,shots_on_goal,rf_qrf_shots_on_goal,0.3.0,empirical_qrf,1.108304232804233,0.0,2.6666666666666665,,3768324934500513378,2025-12-16 15:34:14.945871
2025-12-16,24494,PIT,EDM,30000848,Anthony Mantha,shots_on_goal,rf_qrf_shots_on_goal,0.3.0,empirical_qrf,0.06976799044272458,0.0,0.15512820512820544,,3768324934500513378,2025-12-16 15:34:14.945871
2025-12-16,24494,PIT,EDM,30000888,Rickard Rakell,shots_on_goal,rf_qrf_shots_on_goal,0.3.0,empirical_qrf,0.0,0.0,0.0,,3768324934500513378,2025-12-16 15:34:14.945871
2025-12-16,24494,EDM,PIT,30006327,Matt Brown,shots_on_goal,rf_qrf_shots_on_goal,0.3.0,empirical_qrf,0.015748373511032653,0.012869628093494444,0.01890718464886852,,3768324934500513378,2025-12-16 15:34:14.945871
2025-12-16,24494,EDM,PIT,30006393,Connor Clattenburg,shots_on_goal,rf_qrf_shots_on_goal,0.3.0,empirical_qrf,0.0,0.0,0.0,,3768324934500513378,2025-12-16 15:34:14.945871
2025-12-16,24494,EDM,PIT,30006846,David Tomasek,shots_on_goal,rf_qrf_shots_on_goal,0.3.0,empirical_qrf,0.0,0.0,0.0,,3768324934500513378,2025-12-16 15:34:14.945871
2025-12-16,24494,EDM,PIT,30000392,Tristan Jarry,shots_on_goal,rf_qrf_shots_on_goal,0.3.0,empirical_qrf,0.015748373511032653,0.012869628093494444,0.01890718464886852,,3768324934500513378,2025-12-16 15:34:14.945871
2025-12-16,24494,PIT,EDM,30000445,Erik Karlsson,shots_on_goal,rf_qrf_shots_on_goal,0.3.0,empirical_qrf,0.0041025641025641026,0.0,0.0,,3768324934500513378,2025-12-16 15:34:14.945871
2025-12-16,24494,PIT,EDM,30000613,Ryan Graves,shots_on_goal,rf_qrf_shots_on_goal,0.3.0,empirical_qrf,0.0002564102564102564,0.0,0.0,,3768324934500513378,2025-12-16 15:34:14.945871
2025-12-16,24494,EDM,PIT,30005185,Jayden Grubbe,shots_on_goal,rf_qrf_shots_on_goal,0.3.0,empirical_qrf,0.08122214625188717,0.041429753042656274,0.12560952632173947,,3768324934500513378,2025-12-16 15:34:14.945871
2025-12-16,24494,EDM,PIT,30005633,Matt Savoie,shots_on_goal,rf_qrf_shots_on_goal,0.3.0,empirical_qrf,0.0002380952380952381,0.0,0.0,,3768324934500513378,2025-12-16 15:34:14.945871
2025-12-16,24494,EDM,PIT,30005731,Mats Lindgren,shots_on_goal,rf_qrf_shots_on_goal,0.3.0,empirical_qrf,0.015748373511032653,0.012869628093494444,0.01890718464886852,,3768324934500513378,2025-12-16 15:34:14.945871
2025-12-16,24494,EDM,PIT,30005931,Brady Stonehouse,shots_on_goal,rf_qrf_shots_on_goal,0.3.0,empirical_qrf,0.015748373511032653,0.012869628093494444,0.01890718464886852,,3768324934500513378,2025-12-16 15:34:14.945871
2025-12-16,24494,EDM,PIT,30006112,Beau Akey,shots_on_goal,rf_qrf_shots_on_goal,0.3.0,empirical_qrf,0.006084213995923086,0.0,0.013614760972882306,,3768324934500513378,2025-12-16 15:34:14.945871
2025-12-16,24494,EDM,PIT,30006225,Nathaniel Day,shots_on_goal,rf_qrf_shots_on_goal,0.3.0,empirical_qrf,0.015748373511032653,0.012869628093494444,0.01890718464886852,,3768324934500513378,2025-12-16 15:34:14.945871
2025-12-16,24494,EDM,PIT,30004165,Ty Emberson,shots_on_goal,rf_qrf_shots_on_goal,0.3.0,empirical_qrf,0.001959378733572282,0.0,0.0,,3768324934500513378,2025-12-16 15:34:14.945871
2025-12-16,24494,EDM,PIT,30004476,Vasily Podkolzin,shots_on_goal,rf_qrf_shots_on_goal,0.3.0,empirical_qrf,0.048387825137825136,0.0,0.2,,3768324934500513378,2025-12-16 15:34:14.945871
2025-12-16,24494,EDM,PIT,30004625,Mason Millman,shots_on_goal,rf_qrf_shots_on_goal,0.3.0,empirical_qrf,0.22240003659248098,0.06451612903225806,0.3939393939393939,,3768324934500513378,2025-12-16 15:34:14.945871
2025-12-16,24494,EDM,PIT,30004871,Luke Prokop,shots_on_goal,rf_qrf_shots_on_goal,0.3.0,empirical_qrf,0.08122214625188717,0.041429753042656274,0.12560952632173947,,3768324934500513378,2025-12-16 15:34:14.945871
2025-12-16,24494,EDM,PIT,30005174,Matvey Petrov,shots_on_goal,rf_qrf_shots_on_goal,0.3.0,empirical_qrf,0.015748373511032653,0.012869628093494444,0.01890718464886852,,3768324934500513378,2025-12-16 15:34:14.945871
2025-12-16,24494,EDM,PIT,30005177,James Hamblin,shots_on_goal,rf_qrf_shots_on_goal,0.3.0,empirical_qrf,0.004384604861202637,0.0,0.010050251256281407,,3768324934500513378,2025-12-16 15:34:14.945871
2025-12-16,24494,EDM,PIT,30003157,Trent Frederic,shots_on_goal,rf_qrf_shots_on_goal,0.3.0,empirical_qrf,0.0,0.0,0.0,,3768324934500513378,2025-12-16 15:34:14.945871
2025-12-16,24494,EDM,PIT,30003211,Rem Pitlick,shots_on_goal,rf_qrf_shots_on_goal,0.3.0,empirical_qrf,0.015748373511032653,0.012869628093494444,0.01890718464886852,,3768324934500513378,2025-12-16 15:34:14.945871
2025-12-16,24494,PIT,EDM,30003729,Stuart Skinner,shots_on_goal,rf_qrf_shots_on_goal,0.3.0,empirical_qrf,0.015748373511032653,0.012869628093494444,0.01890718464886852,,3768324934500513378,2025-12-16 15:34:14.945871
2025-12-16,24494,EDM,PIT,30003770,Matt Tomkins,shots_on_goal,rf_qrf_shots_on_goal,0.3.0,empirical_qrf,0.015748373511032653,0.012869628093494444,0.01890718464886852,,3768324934500513378,2025-12-16 15:34:14.945871
2025-12-16,24494,EDM,PIT,30004081,Evan Bouchard,shots_on_goal,rf_qrf_shots_on_goal,0.3.0,empirical_qrf,0.005166666666666666,0.0,0.0,,3768324934500513378,2025-12-16 15:34:14.945871
2025-12-16,24494,EDM,PIT,30004156,Alec Regula,shots_on_goal,rf_qrf_shots_on_goal,0.3.0,empirical_qrf,0.08122214625188717,0.041429753042656274,0.12560952632173947,,3768324934500513378,2025-12-16 15:34:14.945871
2025-12-16,24494,EDM,PIT,30001304,Calvin Pickard,shots_on_goal,rf_qrf_shots_on_goal,0.3.0,empirical_qrf,0.015748373511032653,0.012869628093494444,0.01890718464886852,,3768324934500513378,2025-12-16 15:34:14.945871
2025-12-16,24494,EDM,PIT,30001368,Seth Griffith,shots_on_goal,rf_qrf_shots_on_goal,0.3.0,empirical_qrf,0.015748373511032653,0.012869628093494444,0.01890718464886852,,3768324934500513378,2025-12-16 15:34:14.945871
2025-12-16,24494,EDM,PIT,30002218,Andrew Mangiapane,shots_on_goal,rf_qrf_shots_on_goal,0.3.0,empirical_qrf,0.0,0.0,0.0,,3768324934500513378,2025-12-16 15:34:14.945871
2025-12-16,24494,EDM,PIT,30002623,Jake Walman,shots_on_goal,rf_qrf_shots_on_goal,0.3.0,empirical_qrf,0.15637055836320543,0.0,0.3647727272727275,,3768324934500513378,2025-12-16 15:34:14.945871
2025-12-16,24494,EDM,PIT,30002787,Connor Ingram,shots_on_goal,rf_qrf_shots_on_goal,0.3.0,empirical_qrf,0.015748373511032653,0.012869628093494444,0.01890718464886852,,3768324934500513378,2025-12-16 15:34:14.945871
2025-12-16,24494,EDM,PIT,30002824,Jack Roslovic,shots_on_goal,rf_qrf_shots_on_goal,0.3.0,empirical_qrf,0.08122214625188717,0.041429753042656274,0.12560952632173947,,3768324934500513378,2025-12-16 15:34:14.945871
2025-12-16,24494,PIT,EDM,30000557,Brett Kulak,shots_on_goal,rf_qrf_shots_on_goal,0.3.0,empirical_qrf,0.0,0.0,0.0,,3768324934500513378,2025-12-16 15:34:14.945871
2025-12-16,24494,EDM,PIT,30000752,Mattias Janmark,shots_on_goal,rf_qrf_shots_on_goal,0.3.0,empirical_qrf,0.004384604861202637,0.0,0.010050251256281407,,3768324934500513378,2025-12-16 15:34:14.945871
2025-12-16,24494,EDM,PIT,30000965,Curtis Lazar,shots_on_goal,rf_qrf_shots_on_goal,0.3.0,empirical_qrf,0.004384604861202637,0.0,0.010050251256281407,,3768324934500513378,2025-12-16 15:34:14.945871
2025-12-16,24494,EDM,PIT,30000987,Adam Henrique,shots_on_goal,rf_qrf_shots_on_goal,0.3.0,empirical_qrf,0.004102063351339835,0.0,0.0,,3768324934500513378,2025-12-16 15:34:14.945871
2025-12-16,24494,EDM,PIT,30001076,Leon Draisaitl,shots_on_goal,rf_qrf_shots_on_goal,0.3.0,empirical_qrf,0.03547222222222222,0.0,0.0,,3768324934500513378,2025-12-16 15:34:14.945871
2025-12-16,24494,EDM,PIT,30001233,Connor McDavid,shots_on_goal,rf_qrf_shots_on_goal,0.3.0,empirical_qrf,0.004543650793650794,0.0,0.0,,3768324934500513378,2025-12-16 15:34:14.945871
2025-12-16,24495,VAN,NYR,30000958,Derek Forbort,shots_on_goal,rf_qrf_shots_on_goal,0.3.0,empirical_qrf,0.05080852340667601,0.0,0.12,,3768324934500513378,2025-12-16 15:34:14.945871
2025-12-16,24495,VAN,NYR,30000976,Evander Kane,shots_on_goal,rf_qrf_shots_on_goal,0.3.0,empirical_qrf,0.1798227250594869,0.0,0.33478260869565246,,3768324934500513378,2025-12-16 15:34:14.945871
2025-12-16,24495,VAN,NYR,30001238,Jake DeBrusk,shots_on_goal,rf_qrf_shots_on_goal,0.3.0,empirical_qrf,0.0004047619047619048,0.0,0.0,,3768324934500513378,2025-12-16 15:34:14.945871
2025-12-16,24495,VAN,NYR,30001299,Tyler Myers,shots_on_goal,rf_qrf_shots_on_goal,0.3.0,empirical_qrf,0.111103031359726,0.0,0.2727272727272727,,3768324934500513378,2025-12-16 15:34:14.945871
2025-12-16,24495,VAN,NYR,30001949,Guillaume Brisebois,shots_on_goal,rf_qrf_shots_on_goal,0.3.0,empirical_qrf,0.012260262855698232,0.0030385926130606982,0.0220125786163522,,3768324934500513378,2025-12-16 15:34:14.945871
2025-12-16,24495,VAN,NYR,30002479,Teddy Blueger,shots_on_goal,rf_qrf_shots_on_goal,0.3.0,empirical_qrf,0.0,0.0,0.0,,3768324934500513378,2025-12-16 15:34:14.945871
2025-12-16,24495,VAN,NYR,30004818,Marco Rossi,shots_on_goal,rf_qrf_shots_on_goal,0.3.0,empirical_qrf,0.048387825137825136,0.0,0.2,,3768324934500513378,2025-12-16 15:34:14.945871
2025-12-16,24495,VAN,NYR,30005642,Liam Ohgren,shots_on_goal,rf_qrf_shots_on_goal,0.3.0,empirical_qrf,0.03167980970001277,0.0,0.07416666666666669,,3768324934500513378,2025-12-16 15:34:14.945871
2025-12-16,24495,VAN,NYR,30006486,Zeev Buium,shots_on_goal,rf_qrf_shots_on_goal,0.3.0,empirical_qrf,0.20902512817992697,0.0,0.5,,3768324934500513378,2025-12-16 15:34:14.945871
2025-12-16,24495,VAN,NYR,30004817,Lukas Reichel,shots_on_goal,rf_qrf_shots_on_goal,0.3.0,empirical_qrf,0.03249794408264003,0.0,0.07692307692307693,,3768324934500513378,2025-12-16 15:34:14.945871
2025-12-16,24495,NYR,VAN,30006118,Carey Terrance,shots_on_goal,rf_qrf_shots_on_goal,0.3.0,empirical_qrf,0.007258510556644756,0.0,0.01497766917718299,,3768324934500513378,2025-12-16 15:34:14.945871
2025-12-16,24495,NYR,VAN,30006174,Dylan Roobroeck,shots_on_goal,rf_qrf_shots_on_goal,0.3.0,empirical_qrf,0.0,0.0,0.0,,3768324934500513378,2025-12-16 15:34:14.945871
2025-12-16,24495,NYR,VAN,30006331,Brett Budgell,shots_on_goal,rf_qrf_shots_on_goal,0.3.0,empirical_qrf,0.015748373511032653,0.012869628093494444,0.01890718464886852,,3768324934500513378,2025-12-16 15:34:14.945871
2025-12-16,24495,NYR,VAN,30005266,Jaroslav Chmelar,shots_on_goal,rf_qrf_shots_on_goal,0.3.0,empirical_qrf,0.1159997975590075,0.05555555555555555,0.17777777777777778,,3768324934500513378,2025-12-16 15:34:14.945871
2025-12-16,24495,NYR,VAN,30005563,Brandon Scanlin,shots_on_goal,rf_qrf_shots_on_goal,0.3.0,empirical_qrf,0.1159997975590075,0.05555555555555555,0.17777777777777778,,3768324934500513378,2025-12-16 15:34:14.945871
2025-12-16,24495,VAN,NYR,30004140,Jett Woo,shots_on_goal,rf_qrf_shots_on_goal,0.3.0,empirical_qrf,0.08122214625188717,0.041429753042656274,0.12560952632173947,,3768324934500513378,2025-12-16 15:34:14.945871
2025-12-16,24495,NYR,VAN,30005183,Matt Rempe,shots_on_goal,rf_qrf_shots_on_goal,0.3.0,empirical_qrf,0.0,0.0,0.0,,3768324934500513378,2025-12-16 15:34:14.945871
2025-12-16,24495,NYR,VAN,30005223,Kyle Jackson,shots_on_goal,rf_qrf_shots_on_goal,0.3.0,empirical_qrf,0.015748373511032653,0.012869628093494444,0.01890718464886852,,3768324934500513378,2025-12-16 15:34:14.945871
2025-12-16,24495,NYR,VAN,30005252,Adam Edstrom,shots_on_goal,rf_qrf_shots_on_goal,0.3.0,empirical_qrf,0.0,0.0,0.0,,3768324934500513378,2025-12-16 15:34:14.945871
2025-12-16,24495,NYR,VAN,30005662,Adam Sykora,shots_on_goal,rf_qrf_shots_on_goal,0.3.0,empirical_qrf,0.08122214625188717,0.041429753042656274,0.12560952632173947,,3768324934500513378,2025-12-16 15:34:14.945871
2025-12-16,24495,NYR,VAN,30005686,Bryce McConnell-Barker,shots_on_goal,rf_qrf_shots_on_goal,0.3.0,empirical_qrf,0.1795097248067104,0.10744086021505377,0.25393960430406115,,3768324934500513378,2025-12-16 15:34:14.945871
2025-12-16,24495,NYR,VAN,30005883,Noah Laba,shots_on_goal,rf_qrf_shots_on_goal,0.3.0,empirical_qrf,0.032468253968253966,0.0,0.0,,3768324934500513378,2025-12-16 15:34:14.945871
2025-12-16,24495,NYR,VAN,30004887,Brett Berard,shots_on_goal,rf_qrf_shots_on_goal,0.3.0,empirical_qrf,0.0,0.0,0.0,,3768324934500513378,2025-12-16 15:34:14.945871
2025-12-16,24495,NYR,VAN,30004896,Dylan Garand,shots_on_goal,rf_qrf_shots_on_goal,0.3.0,empirical_qrf,0.015748373511032653,0.012869628093494444,0.01890718464886852,,3768324934500513378,2025-12-16 15:34:14.945871
2025-12-16,24495,NYR,VAN,30004968,Juuso Parssinen,shots_on_goal,rf_qrf_shots_on_goal,0.3.0,empirical_qrf,0.008216952960700557,0.0,0.0,,3768324934500513378,2025-12-16 15:34:14.945871
2025-12-16,24495,NYR,VAN,30004987,Brennan Othmann,shots_on_goal,rf_qrf_shots_on_goal,0.3.0,empirical_qrf,0.1798227250594869,0.0,0.33478260869565246,,3768324934500513378,2025-12-16 15:34:14.945871
2025-12-16,24495,NYR,VAN,30005014,Scott Morrow,shots_on_goal,rf_qrf_shots_on_goal,0.3.0,empirical_qrf,0.0,0.0,0.0,,3768324934500513378,2025-12-16 15:34:14.945871
2025-12-16,24495,NYR,VAN,30005069,Christopher Merisier-Ortiz,shots_on_goal,rf_qrf_shots_on_goal,0.3.0,empirical_qrf,0.015748373511032653,0.012869628093494444,0.01890718464886852,,3768324934500513378,2025-12-16 15:34:14.945871
2025-12-16,24495,NYR,VAN,30004504,Matthew Robertson,shots_on_goal,rf_qrf_shots_on_goal,0.3.0,empirical_qrf,0.07773107316885662,0.020763422818791948,0.14130783325698582,,3768324934500513378,2025-12-16 15:34:14.945871
2025-12-16,24495,NYR,VAN,30004749,Connor Mackey,shots_on_goal,rf_qrf_shots_on_goal,0.3.0,empirical_qrf,0.004102063351339835,0.0,0.0,,3768324934500513378,2025-12-16 15:34:14.945871
2025-12-16,24495,NYR,VAN,30004797,Brendan Brisson,shots_on_goal,rf_qrf_shots_on_goal,0.3.0,empirical_qrf,0.004384604861202637,0.0,0.010050251256281407,,3768324934500513378,2025-12-16 15:34:14.945871
2025-12-16,24495,NYR,VAN,30004807,Alexis Lafrenière,shots_on_goal,rf_qrf_shots_on_goal,0.3.0,empirical_qrf,0.049981454011300885,0.0,0.125,,3768324934500513378,2025-12-16 15:34:14.945871
2025-12-16,24495,NYR,VAN,30004820,Braden Schneider,shots_on_goal,rf_qrf_shots_on_goal,0.3.0,empirical_qrf,0.0544906973675009,0.018867924528301886,0.10132442569151431,,3768324934500513378,2025-12-16 15:34:14.945871
2025-12-16,24495,NYR,VAN,30004832,Will Cuylle,shots_on_goal,rf_qrf_shots_on_goal,0.3.0,empirical_qrf,0.06609126984126984,0.0,0.0,,3768324934500513378,2025-12-16 15:34:14.945871
2025-12-16,24495,NYR,VAN,30003202,Casey Fitzgerald,shots_on_goal,rf_qrf_shots_on_goal,0.3.0,empirical_qrf,0.0544906973675009,0.018867924528301886,0.10132442569151431,,3768324934500513378,2025-12-16 15:34:14.945871
2025-12-16,24495,NYR,VAN,30003583,Carson Soucy,shots_on_goal,rf_qrf_shots_on_goal,0.3.0,empirical_qrf,0.17868840908445616,0.0,0.40054054054054067,,3768324934500513378,2025-12-16 15:34:14.945871
2025-12-16,24495,NYR,VAN,30003649,Urho Vaakanainen,shots_on_goal,rf_qrf_shots_on_goal,0.3.0,empirical_qrf,0.0544906973675009,0.018867924528301886,0.10132442569151431,,3768324934500513378,2025-12-16 15:34:14.945871
2025-12-16,24495,NYR,VAN,30003743,Will Borgen,shots_on_goal,rf_qrf_shots_on_goal,0.3.0,empirical_qrf,0.0002564102564102564,0.0,0.0,,3768324934500513378,2025-12-16 15:34:14.945871
2025-12-16,24495,NYR,VAN,30003952,Blake Hillman,shots_on_goal,rf_qrf_shots_on_goal,0.3.0,empirical_qrf,0.015748373511032653,0.012869628093494444,0.01890718464886852,,3768324934500513378,2025-12-16 15:34:14.945871
2025-12-16,24495,NYR,VAN,30004430,Vladislav Gavrikov,shots_on_goal,rf_qrf_shots_on_goal,0.3.0,empirical_qrf,0.0,0.0,0.0,,3768324934500513378,2025-12-16 15:34:14.945871
2025-12-16,24495,NYR,VAN,30001322,Artemi Panarin,shots_on_goal,rf_qrf_shots_on_goal,0.3.0,empirical_qrf,0.03547222222222222,0.0,0.0,,3768324934500513378,2025-12-16 15:34:14.945871
2025-12-16,24495,NYR,VAN,30002524,Spencer Martin,shots_on_goal,rf_qrf_shots_on_goal,0.3.0,empirical_qrf,0.015748373511032653,0.012869628093494444,0.01890718464886852,,3768324934500513378,2025-12-16 15:34:14.945871
2025-12-16,24495,NYR,VAN,30002967,Jonny Brodzinski,shots_on_goal,rf_qrf_shots_on_goal,0.3.0,empirical_qrf,0.00125,0.0,0.0,,3768324934500513378,2025-12-16 15:34:14.945871
2025-12-16,24495,NYR,VAN,30002999,Igor Shesterkin,shots_on_goal,rf_qrf_shots_on_goal,0.3.0,empirical_qrf,0.015748373511032653,0.012869628093494444,0.01890718464886852,,3768324934500513378,2025-12-16 15:34:14.945871
2025-12-16,24495,NYR,VAN,30003170,Taylor Raddysh,shots_on_goal,rf_qrf_shots_on_goal,0.3.0,empirical_qrf,0.08122214625188717,0.041429753042656274,0.12560952632173947,,3768324934500513378,2025-12-16 15:34:14.945871
2025-12-16,24495,NYR,VAN,30003194,Adam Fox,shots_on_goal,rf_qrf_shots_on_goal,0.3.0,empirical_qrf,0.0,0.0,0.0,,3768324934500513378,2025-12-16 15:34:14.945871
2025-12-16,24495,NYR,VAN,30000123,Jonathan Quick,shots_on_goal,rf_qrf_shots_on_goal,0.3.0,empirical_qrf,0.015748373511032653,0.012869628093494444,0.01890718464886852,,3768324934500513378,2025-12-16 15:34:14.945871
2025-12-16,24495,NYR,VAN,30000226,Vincent Trocheck,shots_on_goal,rf_qrf_shots_on_goal,0.3.0,empirical_qrf,0.24335582010582008,0.0,1.0,,3768324934500513378,2025-12-16 15:34:14.945871
2025-12-16,24495,NYR,VAN,30000410,Conor Sheary,shots_on_goal,rf_qrf_shots_on_goal,0.3.0,empirical_qrf,0.0030992063492063494,0.0,0.0,,3768324934500513378,2025-12-16 15:34:14.945871
2025-12-16,24495,NYR,VAN,30000467,Mika Zibanejad,shots_on_goal,rf_qrf_shots_on_goal,0.3.0,empirical_qrf,0.023611111111111114,0.0,0.0,,3768324934500513378,2025-12-16 15:34:14.945871
2025-12-16,24495,NYR,VAN,30000489,Sam Carrick,shots_on_goal,rf_qrf_shots_on_goal,0.3.0,empirical_qrf,0.1798227250594869,0.0,0.33478260869565246,,3768324934500513378,2025-12-16 15:34:14.945871
2025-12-16,24495,NYR,VAN,30000617,J.T. Miller,shots_on_goal,rf_qrf_shots_on_goal,0.3.0,empirical_qrf,0.2269325396825397,0.0,1.0,,3768324934500513378,2025-12-16 15:34:14.945871
2025-12-16,24495,VAN,NYR,30005837,Ty Young,shots_on_goal,rf_qrf_shots_on_goal,0.3.0,empirical_qrf,0.015748373511032653,0.012869628093494444,0.01890718464886852,,3768324934500513378,2025-12-16 15:34:14.945871
2025-12-16,24495,VAN,NYR,30006031,Max Sasson,shots_on_goal,rf_qrf_shots_on_goal,0.3.0,empirical_qrf,0.00125,0.0,0.0,,3768324934500513378,2025-12-16 15:34:14.945871
2025-12-16,24495,VAN,NYR,30006037,Nikita Tolopilo,shots_on_goal,rf_qrf_shots_on_goal,0.3.0,empirical_qrf,0.015748373511032653,0.012869628093494444,0.01890718464886852,,3768324934500513378,2025-12-16 15:34:14.945871
2025-12-16,24495,VAN,NYR,30006067,Tom Willander,shots_on_goal,rf_qrf_shots_on_goal,0.3.0,empirical_qrf,0.004102063351339835,0.0,0.0,,3768324934500513378,2025-12-16 15:34:14.945871
2025-12-16,24495,VAN,NYR,30006320,Joe Arntsen,shots_on_goal,rf_qrf_shots_on_goal,0.3.0,empirical_qrf,0.015748373511032653,0.012869628093494444,0.01890718464886852,,3768324934500513378,2025-12-16 15:34:14.945871
2025-12-16,24495,VAN,NYR,30006441,Elias Nils Pettersson,shots_on_goal,rf_qrf_shots_on_goal,0.3.0,empirical_qrf,0.17868840908445616,0.0,0.40054054054054067,,3768324934500513378,2025-12-16 15:34:14.945871
2025-12-16,24495,VAN,NYR,30005171,Dino Kambeitz,shots_on_goal,rf_qrf_shots_on_goal,0.3.0,empirical_qrf,0.015748373511032653,0.012869628093494444,0.01890718464886852,,3768324934500513378,2025-12-16 15:34:14.945871
2025-12-16,24495,VAN,NYR,30005456,Nils Aman,shots_on_goal,rf_qrf_shots_on_goal,0.3.0,empirical_qrf,0.07996091013233818,0.0,0.15641447368421058,,3768324934500513378,2025-12-16 15:34:14.945871
2025-12-16,24495,VAN,NYR,30005566,Arshdeep Bains,shots_on_goal,rf_qrf_shots_on_goal,0.3.0,empirical_qrf,0.017917267917267915,0.0,0.0,,3768324934500513378,2025-12-16 15:34:14.945871
2025-12-16,24495,VAN,NYR,30005619,Jonathan Lekkerimaki,shots_on_goal,rf_qrf_shots_on_goal,0.3.0,empirical_qrf,0.42472023809523807,0.0,1.3333333333333333,,3768324934500513378,2025-12-16 15:34:14.945871
2025-12-16,24495,VAN,NYR,30005747,Jonathan Lemieux,shots_on_goal,rf_qrf_shots_on_goal,0.3.0,empirical_qrf,0.015748373511032653,0.012869628093494444,0.01890718464886852,,3768324934500513378,2025-12-16 15:34:14.945871
2025-12-16,24495,VAN,NYR,30005831,Kirill Kudryavtsev,shots_on_goal,rf_qrf_shots_on_goal,0.3.0,empirical_qrf,0.2959656550736272,0.0,0.5714285714285714,,3768324934500513378,2025-12-16 15:34:14.945871
2025-12-16,24495,VAN,NYR,30004581,Nikolai Knyzhov,shots_on_goal,rf_qrf_shots_on_goal,0.3.0,empirical_qrf,0.007258510556644756,0.0,0.01497766917718299,,3768324934500513378,2025-12-16 15:34:14.945871
2025-12-16,24495,VAN,NYR,30004741,Drew O'Connor,shots_on_goal,rf_qrf_shots_on_goal,0.3.0,empirical_qrf,0.0002564102564102564,0.0,0.0,,3768324934500513378,2025-12-16 15:34:14.945871
2025-12-16,24495,VAN,NYR,30005016,Danila Klimovich,shots_on_goal,rf_qrf_shots_on_goal,0.3.0,empirical_qrf,0.0,0.0,0.0,,3768324934500513378,2025-12-16 15:34:14.945871
2025-12-16,24495,VAN,NYR,30005028,Aatu Raty,shots_on_goal,rf_qrf_shots_on_goal,0.3.0,empirical_qrf,0.20735435824161313,0.0,0.5,,3768324934500513378,2025-12-16 15:34:14.945871
2025-12-16,24495,VAN,NYR,30005100,Cooper Walker,shots_on_goal,rf_qrf_shots_on_goal,0.3.0,empirical_qrf,0.015748373511032653,0.012869628093494444,0.01890718464886852,,3768324934500513378,2025-12-16 15:34:14.945871
2025-12-16,24495,VAN,NYR,30005145,Josh Bloom,shots_on_goal,rf_qrf_shots_on_goal,0.3.0,empirical_qrf,0.015748373511032653,0.012869628093494444,0.01890718464886852,,3768324934500513378,2025-12-16 15:34:14.945871
2025-12-16,24495,VAN,NYR,30004001,Kiefer Sherwood,shots_on_goal,rf_qrf_shots_on_goal,0.3.0,empirical_qrf,0.26270741758241756,0.0,0.6,,3768324934500513378,2025-12-16 15:34:14.945871
2025-12-16,24495,VAN,NYR,30004058,Kevin Lankinen,shots_on_goal,rf_qrf_shots_on_goal,0.3.0,empirical_qrf,0.015748373511032653,0.012869628093494444,0.01890718464886852,,3768324934500513378,2025-12-16 15:34:14.945871
2025-12-16,24495,VAN,NYR,30004153,Linus Karlsson,shots_on_goal,rf_qrf_shots_on_goal,0.3.0,empirical_qrf,0.0030992063492063494,0.0,0.0,,3768324934500513378,2025-12-16 15:34:14.945871
2025-12-16,24495,VAN,NYR,30004227,Chase Wouters,shots_on_goal,rf_qrf_shots_on_goal,0.3.0,empirical_qrf,0.015748373511032653,0.012869628093494444,0.01890718464886852,,3768324934500513378,2025-12-16 15:34:14.945871
2025-12-16,24495,VAN,NYR,30004425,Jimmy Schuldt,shots_on_goal,rf_qrf_shots_on_goal,0.3.0,empirical_qrf,0.007258510556644756,0.0,0.01497766917718299,,3768324934500513378,2025-12-16 15:34:14.945871
2025-12-16,24495,VAN,NYR,30004531,Nils Hoglander,shots_on_goal,rf_qrf_shots_on_goal,0.3.0,empirical_qrf,0.0017740901074234405,0.0,0.0,,3768324934500513378,2025-12-16 15:34:14.945871
2025-12-16,24495,VAN,NYR,30003193,Filip Hronek,shots_on_goal,rf_qrf_shots_on_goal,0.3.0,empirical_qrf,0.005833333333333334,0.0,0.0,,3768324934500513378,2025-12-16 15:34:14.945871
2025-12-16,24495,VAN,NYR,30003604,David Kampf,shots_on_goal,rf_qrf_shots_on_goal,0.3.0,empirical_qrf,0.13826190330218077,0.04592476489028213,0.239625,,3768324934500513378,2025-12-16 15:34:14.945871
2025-12-16,24495,VAN,NYR,30003647,Elias Pettersson,shots_on_goal,rf_qrf_shots_on_goal,0.3.0,empirical_qrf,0.0,0.0,0.0,,3768324934500513378,2025-12-16 15:34:14.945871
2025-12-16,24495,VAN,NYR,30003655,Filip Chytil,shots_on_goal,rf_qrf_shots_on_goal,0.3.0,empirical_qrf,0.003601190476190476,0.0,0.0,,3768324934500513378,2025-12-16 15:34:14.945871
2025-12-16,24495,VAN,NYR,30003666,Pierre-Olivier Joseph,shots_on_goal,rf_qrf_shots_on_goal,0.3.0,empirical_qrf,0.0544906973675009,0.018867924528301886,0.10132442569151431,,3768324934500513378,2025-12-16 15:34:14.945871
2025-12-16,24495,VAN,NYR,30003776,Jiri Patera,shots_on_goal,rf_qrf_shots_on_goal,0.3.0,empirical_qrf,0.015748373511032653,0.012869628093494444,0.01890718464886852,,3768324934500513378,2025-12-16 15:34:14.945871
2025-12-16,24495,VAN,NYR,30002581,Thatcher Demko,shots_on_goal,rf_qrf_shots_on_goal,0.3.0,empirical_qrf,0.015748373511032653,0.012869628093494444,0.01890718464886852,,3768324934500513378,2025-12-16 15:34:14.945871
2025-12-16,24495,VAN,NYR,30002587,Marcus Pettersson,shots_on_goal,rf_qrf_shots_on_goal,0.3.0,empirical_qrf,0.004384604861202637,0.0,0.010050251256281407,,3768324934500513378,2025-12-16 15:34:14.945871
2025-12-16,24495,VAN,NYR,30002777,Brock Boeser,shots_on_goal,rf_qrf_shots_on_goal,0.3.0,empirical_qrf,0.06609126984126984,0.0,0.0,,3768324934500513378,2025-12-16 15:34:14.945871
2025-12-16,24495,VAN,NYR,30002793,Joseph Labate,shots_on_goal,rf_qrf_shots_on_goal,0.3.0,empirical_qrf,0.06974205630392977,0.0,0.13636363636363635,,3768324934500513378,2025-12-16 15:34:14.945871
2025-12-16,24495,VAN,NYR,30002876,Conor Garland,shots_on_goal,rf_qrf_shots_on_goal,0.3.0,empirical_qrf,0.28592728567728565,0.0,1.0,,3768324934500513378,2025-12-16 15:34:14.945871
2025-12-16,24495,VAN,NYR,30003063,Mackenzie MacEachern,shots_on_goal,rf_qrf_shots_on_goal,0.3.0,empirical_qrf,0.03167980970001277,0.0,0.07416666666666669,,3768324934500513378,2025-12-16 15:34:14.945871
2025-12-16,24496,PHI,MON,30000050,Sean Couturier,shots_on_goal,rf_qrf_shots_on_goal,0.3.0,empirical_qrf,0.01483333333333333,0.0,0.0,,3768324934500513378,2025-12-16 15:34:14.945871
2025-12-16,24496,PHI,MON,30000234,Garrett Wilson,shots_on_goal,rf_qrf_shots_on_goal,0.3.0,empirical_qrf,0.007258510556644756,0.0,0.01497766917718299,,3768324934500513378,2025-12-16 15:34:14.945871
2025-12-16,24496,PHI,MON,30000349,Travis Konecny,shots_on_goal,rf_qrf_shots_on_goal,0.3.0,empirical_qrf,0.5015319217819217,0.0,1.2,,3768324934500513378,2025-12-16 15:34:14.945871
2025-12-16,24496,PHI,MON,30000501,Nicolas Deslauriers,shots_on_goal,rf_qrf_shots_on_goal,0.3.0,empirical_qrf,0.012260262855698232,0.0030385926130606982,0.0220125786163522,,3768324934500513378,2025-12-16 15:34:14.945871
2025-12-16,24496,PHI,MON,30000624,Travis Sanheim,shots_on_goal,rf_qrf_shots_on_goal,0.3.0,empirical_qrf,0.19623544973544974,0.0,1.0,,3768324934500513378,2025-12-16 15:34:14.945871
2025-12-16,24496,PHI,MON,30000942,Christian Dvorak,shots_on_goal,rf_qrf_shots_on_goal,0.3.0,empirical_qrf,0.004638888888888889,0.0,0.0,,3768324934500513378,2025-12-16 15:34:14.945871
2025-12-16,24496,PHI,MON,30005396,Ty Murchison,shots_on_goal,rf_qrf_shots_on_goal,0.3.0,empirical_qrf,0.015748373511032653,0.012869628093494444,0.01890718464886852,,3768324934500513378,2025-12-16 15:34:14.945871
2025-12-16,24496,MON,PHI,30002592,Kaapo Kahkonen,shots_on_goal,rf_qrf_shots_on_goal,0.3.0,empirical_qrf,0.015748373511032653,0.012869628093494444,0.01890718464886852,,3768324934500513378,2025-12-16 15:34:14.945871
2025-12-16,24496,PHI,MON,30005345,Roman Schmidt,shots_on_goal,rf_qrf_shots_on_goal,0.3.0,empirical_qrf,0.1795097248067104,0.10744086021505377,0.25393960430406115,,3768324934500513378,2025-12-16 15:34:14.945871
2025-12-16,24496,MON,PHI,30005722,Adam Engstrom,shots_on_goal,rf_qrf_shots_on_goal,0.3.0,empirical_qrf,0.17868840908445616,0.0,0.40054054054054067,,3768324934500513378,2025-12-16 15:34:14.945871
2025-12-16,24496,MON,PHI,30006127,Jacob Fowler,shots_on_goal,rf_qrf_shots_on_goal,0.3.0,empirical_qrf,0.015748373511032653,0.012869628093494444,0.01890718464886852,,3768324934500513378,2025-12-16 15:34:14.945871
2025-12-16,24496,MON,PHI,30005656,Owen Beck,shots_on_goal,rf_qrf_shots_on_goal,0.3.0,empirical_qrf,0.1798227250594869,0.0,0.33478260869565246,,3768324934500513378,2025-12-16 15:34:14.945871
2025-12-16,24496,MON,PHI,30005806,Jared Davidson,shots_on_goal,rf_qrf_shots_on_goal,0.3.0,empirical_qrf,0.08122214625188717,0.041429753042656274,0.12560952632173947,,3768324934500513378,2025-12-16 15:34:14.945871
2025-12-16,24496,MON,PHI,30006060,David Reinbacher,shots_on_goal,rf_qrf_shots_on_goal,0.3.0,empirical_qrf,0.007258510556644756,0.0,0.01497766917718299,,3768324934500513378,2025-12-16 15:34:14.945871
2025-12-16,24496,MON,PHI,30006152,Florian Xhekaj,shots_on_goal,rf_qrf_shots_on_goal,0.3.0,empirical_qrf,0.0,0.0,0.0,,3768324934500513378,2025-12-16 15:34:14.945871
2025-12-16,24496,MON,PHI,30006358,Israel Mianscum,shots_on_goal,rf_qrf_shots_on_goal,0.3.0,empirical_qrf,0.015748373511032653,0.012869628093494444,0.01890718464886852,,3768324934500513378,2025-12-16 15:34:14.945871
2025-12-16,24496,MON,PHI,30006485,Ivan Demidov,shots_on_goal,rf_qrf_shots_on_goal,0.3.0,empirical_qrf,0.0,0.0,0.0,,3768324934500513378,2025-12-16 15:34:14.945871
2025-12-16,24496,MON,PHI,30005288,Ben Gaudreau,shots_on_goal,rf_qrf_shots_on_goal,0.3.0,empirical_qrf,0.015748373511032653,0.012869628093494444,0.01890718464886852,,3768324934500513378,2025-12-16 15:34:14.945871
2025-12-16,24496,MON,PHI,30005534,Jakub Dobes,shots_on_goal,rf_qrf_shots_on_goal,0.3.0,empirical_qrf,0.015748373511032653,0.012869628093494444,0.01890718464886852,,3768324934500513378,2025-12-16 15:34:14.945871
2025-12-16,24496,MON,PHI,30005574,Lucas Condotta,shots_on_goal,rf_qrf_shots_on_goal,0.3.0,empirical_qrf,0.07996091013233818,0.0,0.15641447368421058,,3768324934500513378,2025-12-16 15:34:14.945871
2025-12-16,24496,MON,PHI,30005631,Juraj Slafkovsky,shots_on_goal,rf_qrf_shots_on_goal,0.3.0,empirical_qrf,0.007117144186223135,0.0,0.0,,3768324934500513378,2025-12-16 15:34:14.945871
2025-12-16,24496,MON,PHI,30005645,Filip Mesar,shots_on_goal,rf_qrf_shots_on_goal,0.3.0,empirical_qrf,0.0,0.0,0.0,,3768324934500513378,2025-12-16 15:34:14.945871
2025-12-16,24496,MON,PHI,30005655,Lane Hutson,shots_on_goal,rf_qrf_shots_on_goal,0.3.0,empirical_qrf,0.007611111111111111,0.0,0.0,,3768324934500513378,2025-12-16 15:34:14.945871
2025-12-16,24496,MON,PHI,30005118,Tobie Paquette-Bisson,shots_on_goal,rf_qrf_shots_on_goal,0.3.0,empirical_qrf,0.01769954738954913,0.0,0.0,,3768324934500513378,2025-12-16 15:34:14.945871
2025-12-16,24496,MON,PHI,30005121,Joshua Roy,shots_on_goal,rf_qrf_shots_on_goal,0.3.0,empirical_qrf,0.012260262855698232,0.0030385926130606982,0.0220125786163522,,3768324934500513378,2025-12-16 15:34:14.945871
2025-12-16,24496,MON,PHI,30005122,Xavier Simoneau,shots_on_goal,rf_qrf_shots_on_goal,0.3.0,empirical_qrf,0.015748373511032653,0.012869628093494444,0.01890718464886852,,3768324934500513378,2025-12-16 15:34:14.945871
2025-12-16,24496,MON,PHI,30005127,Joe Vrbetic,shots_on_goal,rf_qrf_shots_on_goal,0.3.0,empirical_qrf,0.015748373511032653,0.012869628093494444,0.01890718464886852,,3768324934500513378,2025-12-16 15:34:14.945871
2025-12-16,24496,MON,PHI,30005128,Arber Xhekaj,shots_on_goal,rf_qrf_shots_on_goal,0.3.0,empirical_qrf,0.03249794408264003,0.0,0.07692307692307693,,3768324934500513378,2025-12-16 15:34:14.945871
2025-12-16,24496,MON,PHI,30005287,Gannon Laroque,shots_on_goal,rf_qrf_shots_on_goal,0.3.0,empirical_qrf,0.015748373511032653,0.012869628093494444,0.01890718464886852,,3768324934500513378,2025-12-16 15:34:14.945871
2025-12-16,24496,MON,PHI,30004894,Sean Farrell,shots_on_goal,rf_qrf_shots_on_goal,0.3.0,empirical_qrf,0.4890540800430507,0.0,1.0,,3768324934500513378,2025-12-16 15:34:14.945871
2025-12-16,24496,MON,PHI,30004928,Cole Caufield,shots_on_goal,rf_qrf_shots_on_goal,0.3.0,empirical_qrf,0.011448412698412696,0.0,0.0,,3768324934500513378,2025-12-16 15:34:14.945871
2025-12-16,24496,MON,PHI,30004950,Marc Del Gaizo,shots_on_goal,rf_qrf_shots_on_goal,0.3.0,empirical_qrf,0.03167980970001277,0.0,0.07416666666666669,,3768324934500513378,2025-12-16 15:34:14.945871
2025-12-16,24496,MON,PHI,30004990,Zachary Bolduc,shots_on_goal,rf_qrf_shots_on_goal,0.3.0,empirical_qrf,0.0,0.0,0.0,,3768324934500513378,2025-12-16 15:34:14.945871
2025-12-16,24496,MON,PHI,30005021,Oliver Kapanen,shots_on_goal,rf_qrf_shots_on_goal,0.3.0,empirical_qrf,0.0035548941798941797,0.0,0.0,,3768324934500513378,2025-12-16 15:34:14.945871
2025-12-16,24496,MON,PHI,30005022,Riley Kidney,shots_on_goal,rf_qrf_shots_on_goal,0.3.0,empirical_qrf,0.1650693792075371,0.0,0.4,,3768324934500513378,2025-12-16 15:34:14.945871
2025-12-16,24496,MON,PHI,30004486,Alex Newhook,shots_on_goal,rf_qrf_shots_on_goal,0.3.0,empirical_qrf,0.6381780834905836,0.0,1.4285714285714286,,3768324934500513378,2025-12-16 15:34:14.945871
2025-12-16,24496,MON,PHI,30004520,Hunter Jones,shots_on_goal,rf_qrf_shots_on_goal,0.3.0,empirical_qrf,0.0,0.0,0.0,,3768324934500513378,2025-12-16 15:34:14.945871
2025-12-16,24496,MON,PHI,30004559,Jayden Struble,shots_on_goal,rf_qrf_shots_on_goal,0.3.0,empirical_qrf,0.07773107316885662,0.020763422818791948,0.14130783325698582,,3768324934500513378,2025-12-16 15:34:14.945871
2025-12-16,24496,MON,PHI,30004803,Kaiden Guhle,shots_on_goal,rf_qrf_shots_on_goal,0.3.0,empirical_qrf,0.06343062908345178,0.0,0.13793103448275862,,3768324934500513378,2025-12-16 15:34:14.945871
2025-12-16,24496,MON,PHI,30004866,Ryan O'Rourke,shots_on_goal,rf_qrf_shots_on_goal,0.3.0,empirical_qrf,0.3430966115930529,0.0,0.6930769230769233,,3768324934500513378,2025-12-16 15:34:14.945871
2025-12-16,24496,MON,PHI,30004876,Ty Smilanic,shots_on_goal,rf_qrf_shots_on_goal,0.3.0,empirical_qrf,0.015748373511032653,0.012869628093494444,0.01890718464886852,,3768324934500513378,2025-12-16 15:34:14.945871
2025-12-16,24496,MON,PHI,30004086,Noah Dobson,shots_on_goal,rf_qrf_shots_on_goal,0.3.0,empirical_qrf,0.0017260522300991106,0.0,0.0,,3768324934500513378,2025-12-16 15:34:14.945871
2025-12-16,24496,MON,PHI,30004101,Joe Veleno,shots_on_goal,rf_qrf_shots_on_goal,0.3.0,empirical_qrf,0.0002380952380952381,0.0,0.0,,3768324934500513378,2025-12-16 15:34:14.945871
2025-12-16,24496,MON,PHI,30004204,Wyatte Wylie,shots_on_goal,rf_qrf_shots_on_goal,0.3.0,empirical_qrf,0.10547240259740259,0.0,0.5,,3768324934500513378,2025-12-16 15:34:14.945871
2025-12-16,24496,MON,PHI,30004284,Kevin Mandolese,shots_on_goal,rf_qrf_shots_on_goal,0.3.0,empirical_qrf,0.015748373511032653,0.012869628093494444,0.01890718464886852,,3768324934500513378,2025-12-16 15:34:14.945871
2025-12-16,24496,MON,PHI,30004361,Josh Anderson,shots_on_goal,rf_qrf_shots_on_goal,0.3.0,empirical_qrf,0.0002564102564102564,0.0,0.0,,3768324934500513378,2025-12-16 15:34:14.945871
2025-12-16,24496,MON,PHI,30004472,Kirby Dach,shots_on_goal,rf_qrf_shots_on_goal,0.3.0,empirical_qrf,0.050818799934181806,0.0,0.125,,3768324934500513378,2025-12-16 15:34:14.945871
2025-12-16,24496,MON,PHI,30003131,Patrik Laine,shots_on_goal,rf_qrf_shots_on_goal,0.3.0,empirical_qrf,0.024328749752662797,0.0,0.0,,3768324934500513378,2025-12-16 15:34:14.945871
2025-12-16,24496,MON,PHI,30003667,Nick Suzuki,shots_on_goal,rf_qrf_shots_on_goal,0.3.0,empirical_qrf,0.47846895234395237,0.0,1.0,,3768324934500513378,2025-12-16 15:34:14.945871
2025-12-16,24496,MON,PHI,30003687,Alexandre Texier,shots_on_goal,rf_qrf_shots_on_goal,0.3.0,empirical_qrf,0.007258510556644756,0.0,0.01497766917718299,,3768324934500513378,2025-12-16 15:34:14.945871
2025-12-16,24496,MON,PHI,30003901,Alex Belzile,shots_on_goal,rf_qrf_shots_on_goal,0.3.0,empirical_qrf,0.0,0.0,0.0,,3768324934500513378,2025-12-16 15:34:14.945871
2025-12-16,24496,MON,PHI,30003958,Nate Clurman,shots_on_goal,rf_qrf_shots_on_goal,0.3.0,empirical_qrf,0.06799580777562611,0.0,0.15384615384615385,,3768324934500513378,2025-12-16 15:34:14.945871
2025-12-16,24496,MON,PHI,30003990,Jake Evans,shots_on_goal,rf_qrf_shots_on_goal,0.3.0,empirical_qrf,0.06799580777562611,0.0,0.15384615384615385,,3768324934500513378,2025-12-16 15:34:14.945871
2025-12-16,24496,MON,PHI,30000670,Sammy Blais,shots_on_goal,rf_qrf_shots_on_goal,0.3.0,empirical_qrf,0.13826190330218077,0.04592476489028213,0.239625,,3768324934500513378,2025-12-16 15:34:14.945871
2025-12-16,24496,MON,PHI,30001395,Laurent Dauphin,shots_on_goal,rf_qrf_shots_on_goal,0.3.0,empirical_qrf,0.1795097248067104,0.10744086021505377,0.25393960430406115,,3768324934500513378,2025-12-16 15:34:14.945871
2025-12-16,24496,MON,PHI,30002601,Joshua Jacobs,shots_on_goal,rf_qrf_shots_on_goal,0.3.0,empirical_qrf,0.015748373511032653,0.012869628093494444,0.01890718464886852,,3768324934500513378,2025-12-16 15:34:14.945871
2025-12-16,24496,MON,PHI,30002663,Vincent Arseneau,shots_on_goal,rf_qrf_shots_on_goal,0.3.0,empirical_qrf,0.015748373511032653,0.012869628093494444,0.01890718464886852,,3768324934500513378,2025-12-16 15:34:14.945871
2025-12-16,24496,MON,PHI,30002781,Sam Montembeault,shots_on_goal,rf_qrf_shots_on_goal,0.3.0,empirical_qrf,0.015748373511032653,0.012869628093494444,0.01890718464886852,,3768324934500513378,2025-12-16 15:34:14.945871
2025-12-16,24496,MON,PHI,30002825,Alexandre Carrier,shots_on_goal,rf_qrf_shots_on_goal,0.3.0,empirical_qrf,0.0,0.0,0.0,,3768324934500513378,2025-12-16 15:34:14.945871
2025-12-16,24496,PHI,MON,30006075,Oliver Bonk,shots_on_goal,rf_qrf_shots_on_goal,0.3.0,empirical_qrf,0.0,0.0,0.0,,3768324934500513378,2025-12-16 15:34:14.945871
2025-12-16,24496,PHI,MON,30006100,Carson Bjarnason,shots_on_goal,rf_qrf_shots_on_goal,0.3.0,empirical_qrf,0.015748373511032653,0.012869628093494444,0.01890718464886852,,3768324934500513378,2025-12-16 15:34:14.945871
2025-12-16,24496,PHI,MON,30006135,Denver Barkey,shots_on_goal,rf_qrf_shots_on_goal,0.3.0,empirical_qrf,0.08122214625188717,0.041429753042656274,0.12560952632173947,,3768324934500513378,2025-12-16 15:34:14.945871
2025-12-16,24496,MON,PHI,30000015,Brendan Gallagher,shots_on_goal,rf_qrf_shots_on_goal,0.3.0,empirical_qrf,0.23887162230041487,0.0,0.5,,3768324934500513378,2025-12-16 15:34:14.945871
2025-12-16,24496,MON,PHI,30000227,Mike Matheson,shots_on_goal,rf_qrf_shots_on_goal,0.3.0,empirical_qrf,0.003601190476190476,0.0,0.0,,3768324934500513378,2025-12-16 15:34:14.945871
2025-12-16,24496,MON,PHI,30000555,Tyler Wotherspoon,shots_on_goal,rf_qrf_shots_on_goal,0.3.0,empirical_qrf,0.015748373511032653,0.012869628093494444,0.01890718464886852,,3768324934500513378,2025-12-16 15:34:14.945871
2025-12-16,24496,PHI,MON,30005397,Noah Cates,shots_on_goal,rf_qrf_shots_on_goal,0.3.0,empirical_qrf,0.20735435824161313,0.0,0.5,,3768324934500513378,2025-12-16 15:34:14.945871
2025-12-16,24496,PHI,MON,30005401,Aleksei Kolosov,shots_on_goal,rf_qrf_shots_on_goal,0.3.0,empirical_qrf,0.015748373511032653,0.012869628093494444,0.01890718464886852,,3768324934500513378,2025-12-16 15:34:14.945871
2025-12-16,24496,PHI,MON,30005756,Tucker Robertson,shots_on_goal,rf_qrf_shots_on_goal,0.3.0,empirical_qrf,0.015748373511032653,0.012869628093494444,0.01890718464886852,,3768324934500513378,2025-12-16 15:34:14.945871
2025-12-16,24496,PHI,MON,30005958,Nikita Grebenkin,shots_on_goal,rf_qrf_shots_on_goal,0.3.0,empirical_qrf,0.0035548941798941797,0.0,0.0,,3768324934500513378,2025-12-16 15:34:14.945871
2025-12-16,24496,PHI,MON,30006045,Yaniv Perets,shots_on_goal,rf_qrf_shots_on_goal,0.3.0,empirical_qrf,0.015748373511032653,0.012869628093494444,0.01890718464886852,,3768324934500513378,2025-12-16 15:34:14.945871
2025-12-16,24496,PHI,MON,30006061,Matvei Michkov,shots_on_goal,rf_qrf_shots_on_goal,0.3.0,empirical_qrf,0.27649074074074076,0.0,1.5,,3768324934500513378,2025-12-16 15:34:14.945871
2025-12-16,24496,PHI,MON,30004800,Jamie Drysdale,shots_on_goal,rf_qrf_shots_on_goal,0.3.0,empirical_qrf,0.23887162230041487,0.0,0.5,,3768324934500513378,2025-12-16 15:34:14.945871
2025-12-16,24496,PHI,MON,30004801,Tyson Foerster,shots_on_goal,rf_qrf_shots_on_goal,0.3.0,empirical_qrf,0.47846895234395237,0.0,1.0,,3768324934500513378,2025-12-16 15:34:14.945871
2025-12-16,24496,PHI,MON,30004824,Emil Andrae,shots_on_goal,rf_qrf_shots_on_goal,0.3.0,empirical_qrf,0.0,0.0,0.0,,3768324934500513378,2025-12-16 15:34:14.945871
2025-12-16,24496,PHI,MON,30004839,Helge Grans,shots_on_goal,rf_qrf_shots_on_goal,0.3.0,empirical_qrf,0.012260262855698232,0.0030385926130606982,0.0220125786163522,,3768324934500513378,2025-12-16 15:34:14.945871
2025-12-16,24496,PHI,MON,30005234,Vincent Sevigny,shots_on_goal,rf_qrf_shots_on_goal,0.3.0,empirical_qrf,0.015748373511032653,0.012869628093494444,0.01890718464886852,,3768324934500513378,2025-12-16 15:34:14.945871
2025-12-16,24496,PHI,MON,30005293,Artem Guryev,shots_on_goal,rf_qrf_shots_on_goal,0.3.0,empirical_qrf,0.015748373511032653,0.012869628093494444,0.01890718464886852,,3768324934500513378,2025-12-16 15:34:14.945871
2025-12-16,24496,PHI,MON,30004154,Xavier Bernard,shots_on_goal,rf_qrf_shots_on_goal,0.3.0,empirical_qrf,0.08937698412698412,0.0,0.29047619047619155,,3768324934500513378,2025-12-16 15:34:14.945871
2025-12-16,24496,PHI,MON,30004205,Egor Zamula,shots_on_goal,rf_qrf_shots_on_goal,0.3.0,empirical_qrf,0.04493530431201541,0.0,0.09375,,3768324934500513378,2025-12-16 15:34:14.945871
2025-12-16,24496,PHI,MON,30004406,Samuel Ersson,shots_on_goal,rf_qrf_shots_on_goal,0.3.0,empirical_qrf,0.015748373511032653,0.012869628093494444,0.01890718464886852,,3768324934500513378,2025-12-16 15:34:14.945871
2025-12-16,24496,PHI,MON,30004481,Trevor Zegras,shots_on_goal,rf_qrf_shots_on_goal,0.3.0,empirical_qrf,0.4732196622821622,0.0,1.0,,3768324934500513378,2025-12-16 15:34:14.945871
2025-12-16,24496,PHI,MON,30004484,Cam York,shots_on_goal,rf_qrf_shots_on_goal,0.3.0,empirical_qrf,0.0,0.0,0.0,,3768324934500513378,2025-12-16 15:34:14.945871
2025-12-16,24496,PHI,MON,30004508,Bobby Brink,shots_on_goal,rf_qrf_shots_on_goal,0.3.0,empirical_qrf,0.013606060606060606,0.0,0.0,,3768324934500513378,2025-12-16 15:34:14.945871
2025-12-16,24496,PHI,MON,30003171,Carl Grundstrom,shots_on_goal,rf_qrf_shots_on_goal,0.3.0,empirical_qrf,0.012260262855698232,0.0030385926130606982,0.0220125786163522,,3768324934500513378,2025-12-16 15:34:14.945871
2025-12-16,24496,PHI,MON,30003283,Lane Pederson,shots_on_goal,rf_qrf_shots_on_goal,0.3.0,empirical_qrf,0.012260262855698232,0.0030385926130606982,0.0220125786163522,,3768324934500513378,2025-12-16 15:34:14.945871
2025-12-16,24496,PHI,MON,30003500,Rodrigo Abols,shots_on_goal,rf_qrf_shots_on_goal,0.3.0,empirical_qrf,0.0013333333333333335,0.0,0.0,,3768324934500513378,2025-12-16 15:34:14.945871
2025-12-16,24496,PHI,MON,30003653,Owen Tippett,shots_on_goal,rf_qrf_shots_on_goal,0.3.0,empirical_qrf,0.0035,0.0,0.0,,3768324934500513378,2025-12-16 15:34:14.945871
2025-12-16,24496,PHI,MON,30003733,Keith Petruzzelli,shots_on_goal,rf_qrf_shots_on_goal,0.3.0,empirical_qrf,0.015748373511032653,0.012869628093494444,0.01890718464886852,,3768324934500513378,2025-12-16 15:34:14.945871
2025-12-16,24496,PHI,MON,30004002,Cooper Marody,shots_on_goal,rf_qrf_shots_on_goal,0.3.0,empirical_qrf,0.015748373511032653,0.012869628093494444,0.01890718464886852,,3768324934500513378,2025-12-16 15:34:14.945871
2025-12-16,24496,PHI,MON,30001201,Garnet Hathaway,shots_on_goal,rf_qrf_shots_on_goal,0.3.0,empirical_qrf,0.007258510556644756,0.0,0.01497766917718299,,3768324934500513378,2025-12-16 15:34:14.945871
2025-12-16,24496,PHI,MON,30001294,Rasmus Ristolainen,shots_on_goal,rf_qrf_shots_on_goal,0.3.0,empirical_qrf,0.015748373511032653,0.012869628093494444,0.01890718464886852,,3768324934500513378,2025-12-16 15:34:14.945871
2025-12-16,24496,PHI,MON,30001312,Noah Juulsen,shots_on_goal,rf_qrf_shots_on_goal,0.3.0,empirical_qrf,0.07773107316885662,0.020763422818791948,0.14130783325698582,,3768324934500513378,2025-12-16 15:34:14.945871
2025-12-16,24496,PHI,MON,30002786,Dan Vladar,shots_on_goal,rf_qrf_shots_on_goal,0.3.0,empirical_qrf,0.015748373511032653,0.012869628093494444,0.01890718464886852,,3768324934500513378,2025-12-16 15:34:14.945871
2025-12-16,24496,PHI,MON,30002979,Anthony Richard,shots_on_goal,rf_qrf_shots_on_goal,0.3.0,empirical_qrf,0.0,0.0,0.0,,3768324934500513378,2025-12-16 15:34:14.945871
2025-12-16,24496,PHI,MON,30003016,Nick Seeler,shots_on_goal,rf_qrf_shots_on_goal,0.3.0,empirical_qrf,0.0,0.0,0.0,,3768324934500513378,2025-12-16 15:34:14.945871
2025-12-16,24497,NYI,DET,30000204,Kyle Palmieri,shots_on_goal,rf_qrf_shots_on_goal,0.3.0,empirical_qrf,0.007388888888888889,0.0,0.0,,3768324934500513378,2025-12-16 15:34:14.945871
2025-12-16,24497,NYI,DET,30000276,Anders Lee,shots_on_goal,rf_qrf_shots_on_goal,0.3.0,empirical_qrf,0.0002380952380952381,0.0,0.0,,3768324934500513378,2025-12-16 15:34:14.945871
2025-12-16,24497,NYI,DET,30000290,Adam Pelech,shots_on_goal,rf_qrf_shots_on_goal,0.3.0,empirical_qrf,0.0,0.0,0.0,,3768324934500513378,2025-12-16 15:34:14.945871
2025-12-16,24497,NYI,DET,30000292,Mathew Barzal,shots_on_goal,rf_qrf_shots_on_goal,0.3.0,empirical_qrf,0.045265873015873016,0.0,0.0,,3768324934500513378,2025-12-16 15:34:14.945871
2025-12-16,24497,NYI,DET,30000571,Anthony Duclair,shots_on_goal,rf_qrf_shots_on_goal,0.3.0,empirical_qrf,0.004772486772486772,0.0,0.0,,3768324934500513378,2025-12-16 15:34:14.945871
2025-12-16,24497,NYI,DET,30000644,Chris Terry,shots_on_goal,rf_qrf_shots_on_goal,0.3.0,empirical_qrf,0.0038493265993265998,0.0,0.0,,3768324934500513378,2025-12-16 15:34:14.945871
2025-12-16,24497,DET,NYI,30005780,Amadeus Lombardi,shots_on_goal,rf_qrf_shots_on_goal,0.3.0,empirical_qrf,0.004384604861202637,0.0,0.010050251256281407,,3768324934500513378,2025-12-16 15:34:14.945871
2025-12-16,24497,DET,NYI,30006015,Alexandre Doucet,shots_on_goal,rf_qrf_shots_on_goal,0.3.0,empirical_qrf,0.006084213995923086,0.0,0.013614760972882306,,3768324934500513378,2025-12-16 15:34:14.945871
2025-12-16,24497,DET,NYI,30006059,Nate Danielson,shots_on_goal,rf_qrf_shots_on_goal,0.3.0,empirical_qrf,0.31450793650793646,0.0,1.6400000000000092,,3768324934500513378,2025-12-16 15:34:14.945871
2025-12-16,24497,DET,NYI,30006071,Axel Sandin-Pellikka,shots_on_goal,rf_qrf_shots_on_goal,0.3.0,empirical_qrf,0.0003333333333333334,0.0,0.0,,3768324934500513378,2025-12-16 15:34:14.945871
2025-12-16,24497,DET,NYI,30006201,Emmitt Finnie,shots_on_goal,rf_qrf_shots_on_goal,0.3.0,empirical_qrf,0.0477040776371961,0.0,0.11764705882352941,,3768324934500513378,2025-12-16 15:34:14.945871
2025-12-16,24497,DET,NYI,30004884,William Wallinder,shots_on_goal,rf_qrf_shots_on_goal,0.3.0,empirical_qrf,0.0,0.0,0.0,,3768324934500513378,2025-12-16 15:34:14.945871
2025-12-16,24497,DET,NYI,30004983,Sebastian Cossa,shots_on_goal,rf_qrf_shots_on_goal,0.3.0,empirical_qrf,0.015748373511032653,0.012869628093494444,0.01890718464886852,,3768324934500513378,2025-12-16 15:34:14.945871
2025-12-16,24497,DET,NYI,30004984,Simon Edvinsson,shots_on_goal,rf_qrf_shots_on_goal,0.3.0,empirical_qrf,0.05053198653198653,0.0,0.0,,3768324934500513378,2025-12-16 15:34:14.945871
2025-12-16,24497,DET,NYI,30005482,Carter Mazur,shots_on_goal,rf_qrf_shots_on_goal,0.3.0,empirical_qrf,0.0,0.0,0.0,,3768324934500513378,2025-12-16 15:34:14.945871
2025-12-16,24497,DET,NYI,30005489,Elmer Soderblom,shots_on_goal,rf_qrf_shots_on_goal,0.3.0,empirical_qrf,0.2959656550736272,0.0,0.5714285714285714,,3768324934500513378,2025-12-16 15:34:14.945871
2025-12-16,24497,DET,NYI,30005630,Marco Kasper,shots_on_goal,rf_qrf_shots_on_goal,0.3.0,empirical_qrf,0.04025925925925926,0.0,0.0,,3768324934500513378,2025-12-16 15:34:14.945871
2025-12-16,24497,DET,NYI,30004186,Joel L'Esperance,shots_on_goal,rf_qrf_shots_on_goal,0.3.0,empirical_qrf,0.007258510556644756,0.0,0.01497766917718299,,3768324934500513378,2025-12-16 15:34:14.945871
2025-12-16,24497,DET,NYI,30004475,Moritz Seider,shots_on_goal,rf_qrf_shots_on_goal,0.3.0,empirical_qrf,0.31450793650793646,0.0,1.6400000000000092,,3768324934500513378,2025-12-16 15:34:14.945871
2025-12-16,24497,DET,NYI,30004548,Albert Johansson,shots_on_goal,rf_qrf_shots_on_goal,0.3.0,empirical_qrf,0.03249794408264003,0.0,0.07692307692307693,,3768324934500513378,2025-12-16 15:34:14.945871
2025-12-16,24497,DET,NYI,30004561,Antti Tuomisto,shots_on_goal,rf_qrf_shots_on_goal,0.3.0,empirical_qrf,0.012260262855698232,0.0030385926130606982,0.0220125786163522,,3768324934500513378,2025-12-16 15:34:14.945871
2025-12-16,24497,DET,NYI,30004758,John Leonard,shots_on_goal,rf_qrf_shots_on_goal,0.3.0,empirical_qrf,0.13405999787249787,0.0,0.3333333333333333,,3768324934500513378,2025-12-16 15:34:14.945871
2025-12-16,24497,DET,NYI,30004816,Lucas Raymond,shots_on_goal,rf_qrf_shots_on_goal,0.3.0,empirical_qrf,0.09926190476190476,0.0,0.0,,3768324934500513378,2025-12-16 15:34:14.945871
2025-12-16,24497,DET,NYI,30002213,Josiah Didier,shots_on_goal,rf_qrf_shots_on_goal,0.3.0,empirical_qrf,0.007258510556644756,0.0,0.01497766917718299,,3768324934500513378,2025-12-16 15:34:14.945871
2025-12-16,24497,DET,NYI,30002513,J.T. Compher,shots_on_goal,rf_qrf_shots_on_goal,0.3.0,empirical_qrf,0.15637055836320543,0.0,0.3647727272727275,,3768324934500513378,2025-12-16 15:34:14.945871
2025-12-16,24497,DET,NYI,30003160,Alex DeBrincat,shots_on_goal,rf_qrf_shots_on_goal,0.3.0,empirical_qrf,0.0022222222222222222,0.0,0.0,,3768324934500513378,2025-12-16 15:34:14.945871
2025-12-16,24497,DET,NYI,30003644,Michael Rasmussen,shots_on_goal,rf_qrf_shots_on_goal,0.3.0,empirical_qrf,0.17868840908445616,0.0,0.40054054054054067,,3768324934500513378,2025-12-16 15:34:14.945871
2025-12-16,24497,DET,NYI,30003744,Mason Appleton,shots_on_goal,rf_qrf_shots_on_goal,0.3.0,empirical_qrf,0.1798227250594869,0.0,0.33478260869565246,,3768324934500513378,2025-12-16 15:34:14.945871
2025-12-16,24497,DET,NYI,30004102,Jacob Bernard-Docker,shots_on_goal,rf_qrf_shots_on_goal,0.3.0,empirical_qrf,0.0,0.0,0.0,,3768324934500513378,2025-12-16 15:34:14.945871
2025-12-16,24497,DET,NYI,30000846,Dylan Larkin,shots_on_goal,rf_qrf_shots_on_goal,0.3.0,empirical_qrf,0.1770483405483405,0.0,0.8,,3768324934500513378,2025-12-16 15:34:14.945871
2025-12-16,24497,DET,NYI,30000866,Patrick Kane,shots_on_goal,rf_qrf_shots_on_goal,0.3.0,empirical_qrf,0.004880952380952381,0.0,0.0,,3768324934500513378,2025-12-16 15:34:14.945871
2025-12-16,24497,DET,NYI,30000874,John Gibson,shots_on_goal,rf_qrf_shots_on_goal,0.3.0,empirical_qrf,0.015748373511032653,0.012869628093494444,0.01890718464886852,,3768324934500513378,2025-12-16 15:34:14.945871
2025-12-16,24497,DET,NYI,30000997,Travis Hamonic,shots_on_goal,rf_qrf_shots_on_goal,0.3.0,empirical_qrf,0.08122214625188717,0.041429753042656274,0.12560952632173947,,3768324934500513378,2025-12-16 15:34:14.945871
2025-12-16,24497,DET,NYI,30001011,Erik Gustafsson,shots_on_goal,rf_qrf_shots_on_goal,0.3.0,empirical_qrf,0.08122214625188717,0.041429753042656274,0.12560952632173947,,3768324934500513378,2025-12-16 15:34:14.945871
2025-12-16,24497,DET,NYI,30001063,Ben Chiarot,shots_on_goal,rf_qrf_shots_on_goal,0.3.0,empirical_qrf,0.0,0.0,0.0,,3768324934500513378,2025-12-16 15:34:14.945871
2025-12-16,24497,NYI,DET,30006857,Matthew Schaefer,shots_on_goal,rf_qrf_shots_on_goal,0.3.0,empirical_qrf,0.0,0.0,0.0,,3768324934500513378,2025-12-16 15:34:14.945871
2025-12-16,24497,NYI,DET,30006925,Maxim Shabanov,shots_on_goal,rf_qrf_shots_on_goal,0.3.0,empirical_qrf,0.13515443121693121,0.0,0.6,,3768324934500513378,2025-12-16 15:34:14.945871
2025-12-16,24497,DET,NYI,30000043,James van Riemsdyk,shots_on_goal,rf_qrf_shots_on_goal,0.3.0,empirical_qrf,0.14325000000000002,0.0,0.75,,3768324934500513378,2025-12-16 15:34:14.945871
2025-12-16,24497,DET,NYI,30000186,Austin Watson,shots_on_goal,rf_qrf_shots_on_goal,0.3.0,empirical_qrf,0.111103031359726,0.0,0.2727272727272727,,3768324934500513378,2025-12-16 15:34:14.945871
2025-12-16,24497,DET,NYI,30000563,Cam Talbot,shots_on_goal,rf_qrf_shots_on_goal,0.3.0,empirical_qrf,0.015748373511032653,0.012869628093494444,0.01890718464886852,,3768324934500513378,2025-12-16 15:34:14.945871
2025-12-16,24497,DET,NYI,30000821,Andrew Copp,shots_on_goal,rf_qrf_shots_on_goal,0.3.0,empirical_qrf,0.0013333333333333335,0.0,0.0,,3768324934500513378,2025-12-16 15:34:14.945871
2025-12-16,24497,NYI,DET,30006038,Travis Mitchell,shots_on_goal,rf_qrf_shots_on_goal,0.3.0,empirical_qrf,0.012260262855698232,0.0030385926130606982,0.0220125786163522,,3768324934500513378,2025-12-16 15:34:14.945871
2025-12-16,24497,NYI,DET,30006078,Calum Ritchie,shots_on_goal,rf_qrf_shots_on_goal,0.3.0,empirical_qrf,0.0035548941798941797,0.0,0.0,,3768324934500513378,2025-12-16 15:34:14.945871
2025-12-16,24497,NYI,DET,30006247,Justin Gill,shots_on_goal,rf_qrf_shots_on_goal,0.3.0,empirical_qrf,0.015748373511032653,0.012869628093494444,0.01890718464886852,,3768324934500513378,2025-12-16 15:34:14.945871
2025-12-16,24497,NYI,DET,30006400,Artem Kulakov,shots_on_goal,rf_qrf_shots_on_goal,0.3.0,empirical_qrf,0.015748373511032653,0.012869628093494444,0.01890718464886852,,3768324934500513378,2025-12-16 15:34:14.945871
2025-12-16,24497,NYI,DET,30006402,Joseph Cipollone,shots_on_goal,rf_qrf_shots_on_goal,0.3.0,empirical_qrf,0.015748373511032653,0.012869628093494444,0.01890718464886852,,3768324934500513378,2025-12-16 15:34:14.945871
2025-12-16,24497,NYI,DET,30006475,Maxim Tsyplakov,shots_on_goal,rf_qrf_shots_on_goal,0.3.0,empirical_qrf,0.2959656550736272,0.0,0.5714285714285714,,3768324934500513378,2025-12-16 15:34:14.945871
2025-12-16,24497,NYI,DET,30005265,Eetu Liukas,shots_on_goal,rf_qrf_shots_on_goal,0.3.0,empirical_qrf,0.015748373511032653,0.012869628093494444,0.01890718464886852,,3768324934500513378,2025-12-16 15:34:14.945871
2025-12-16,24497,NYI,DET,30005661,Calle Odelius,shots_on_goal,rf_qrf_shots_on_goal,0.3.0,empirical_qrf,0.15595338596291516,0.0,0.3002325581395349,,3768324934500513378,2025-12-16 15:34:14.945871
2025-12-16,24497,NYI,DET,30005705,Isaiah George,shots_on_goal,rf_qrf_shots_on_goal,0.3.0,empirical_qrf,0.004384604861202637,0.0,0.010050251256281407,,3768324934500513378,2025-12-16 15:34:14.945871
2025-12-16,24497,NYI,DET,30005828,Marc Gatcomb,shots_on_goal,rf_qrf_shots_on_goal,0.3.0,empirical_qrf,0.1798227250594869,0.0,0.33478260869565246,,3768324934500513378,2025-12-16 15:34:14.945871
2025-12-16,24497,NYI,DET,30005856,Daylan Kuefler,shots_on_goal,rf_qrf_shots_on_goal,0.3.0,empirical_qrf,0.015748373511032653,0.012869628093494444,0.01890718464886852,,3768324934500513378,2025-12-16 15:34:14.945871
2025-12-16,24497,NYI,DET,30005858,Matthew Maggio,shots_on_goal,rf_qrf_shots_on_goal,0.3.0,empirical_qrf,0.0,0.0,0.0,,3768324934500513378,2025-12-16 15:34:14.945871
2025-12-16,24497,NYI,DET,30004332,Kyle MacLean,shots_on_goal,rf_qrf_shots_on_goal,0.3.0,empirical_qrf,0.07773107316885662,0.020763422818791948,0.14130783325698582,,3768324934500513378,2025-12-16 15:34:14.945871
2025-12-16,24497,NYI,DET,30004498,Simon Holmstrom,shots_on_goal,rf_qrf_shots_on_goal,0.3.0,empirical_qrf,0.2959656550736272,0.0,0.5714285714285714,,3768324934500513378,2025-12-16 15:34:14.945871
2025-12-16,24497,NYI,DET,30004525,Adam Beckman,shots_on_goal,rf_qrf_shots_on_goal,0.3.0,empirical_qrf,0.004384604861202637,0.0,0.010050251256281407,,3768324934500513378,2025-12-16 15:34:14.945871
2025-12-16,24497,NYI,DET,30004845,Emil Heineman,shots_on_goal,rf_qrf_shots_on_goal,0.3.0,empirical_qrf,0.16962566137566137,0.0,0.7550000000000011,,3768324934500513378,2025-12-16 15:34:14.945871
2025-12-16,24497,NYI,DET,30005205,Tristan Lennox,shots_on_goal,rf_qrf_shots_on_goal,0.3.0,empirical_qrf,0.015748373511032653,0.012869628093494444,0.01890718464886852,,3768324934500513378,2025-12-16 15:34:14.945871
2025-12-16,24497,NYI,DET,30005262,Henrik Tikkanen,shots_on_goal,rf_qrf_shots_on_goal,0.3.0,empirical_qrf,0.015748373511032653,0.012869628093494444,0.01890718464886852,,3768324934500513378,2025-12-16 15:34:14.945871
2025-12-16,24497,NYI,DET,30003189,Sean Day,shots_on_goal,rf_qrf_shots_on_goal,0.3.0,empirical_qrf,0.09612128793262695,0.0,0.2222222222222222,,3768324934500513378,2025-12-16 15:34:14.945871
2025-12-16,24497,NYI,DET,30003226,Ethan Bear,shots_on_goal,rf_qrf_shots_on_goal,0.3.0,empirical_qrf,0.015748373511032653,0.012869628093494444,0.01890718464886852,,3768324934500513378,2025-12-16 15:34:14.945871
2025-12-16,24497,NYI,DET,30003541,Matthew Highmore,shots_on_goal,rf_qrf_shots_on_goal,0.3.0,empirical_qrf,0.007258510556644756,0.0,0.01497766917718299,,3768324934500513378,2025-12-16 15:34:14.945871
2025-12-16,24497,NYI,DET,30004051,Pierre Engvall,shots_on_goal,rf_qrf_shots_on_goal,0.3.0,empirical_qrf,0.07307182110414376,0.0,0.0,,3768324934500513378,2025-12-16 15:34:14.945871
2025-12-16,24497,NYI,DET,30004091,Adam Boqvist,shots_on_goal,rf_qrf_shots_on_goal,0.3.0,empirical_qrf,0.13826190330218077,0.04592476489028213,0.239625,,3768324934500513378,2025-12-16 15:34:14.945871
2025-12-16,24497,NYI,DET,30004176,Alexander Romanov,shots_on_goal,rf_qrf_shots_on_goal,0.3.0,empirical_qrf,0.0002564102564102564,0.0,0.0,,3768324934500513378,2025-12-16 15:34:14.945871
2025-12-16,24497,NYI,DET,30001003,Ryan Pulock,shots_on_goal,rf_qrf_shots_on_goal,0.3.0,empirical_qrf,0.06974205630392977,0.0,0.13636363636363635,,3768324934500513378,2025-12-16 15:34:14.945871
2025-12-16,24497,NYI,DET,30001155,Casey Cizikas,shots_on_goal,rf_qrf_shots_on_goal,0.3.0,empirical_qrf,0.06974205630392977,0.0,0.13636363636363635,,3768324934500513378,2025-12-16 15:34:14.945871
2025-12-16,24497,NYI,DET,30001276,Bo Horvat,shots_on_goal,rf_qrf_shots_on_goal,0.3.0,empirical_qrf,0.009994277872683446,0.0,0.0,,3768324934500513378,2025-12-16 15:34:14.945871
2025-12-16,24497,NYI,DET,30002533,Marcus Hogberg,shots_on_goal,rf_qrf_shots_on_goal,0.3.0,empirical_qrf,0.015748373511032653,0.012869628093494444,0.01890718464886852,,3768324934500513378,2025-12-16 15:34:14.945871
2025-12-16,24497,NYI,DET,30002618,Ilya Sorokin,shots_on_goal,rf_qrf_shots_on_goal,0.3.0,empirical_qrf,0.015748373511032653,0.012869628093494444,0.01890718464886852,,3768324934500513378,2025-12-16 15:34:14.945871
2025-12-16,24497,NYI,DET,30003126,David Rittich,shots_on_goal,rf_qrf_shots_on_goal,0.3.0,empirical_qrf,0.015748373511032653,0.012869628093494444,0.01890718464886852,,3768324934500513378,2025-12-16 15:34:14.945871
2025-12-16,24497,NYI,DET,30000733,Tony DeAngelo,shots_on_goal,rf_qrf_shots_on_goal,0.3.0,empirical_qrf,0.0035,0.0,0.0,,3768324934500513378,2025-12-16 15:34:14.945871
2025-12-16,24497,NYI,DET,30000734,Jonathan Drouin,shots_on_goal,rf_qrf_shots_on_goal,0.3.0,empirical_qrf,0.0017260522300991106,0.0,0.0,,3768324934500513378,2025-12-16 15:34:14.945871
2025-12-16,24497,NYI,DET,30000875,Semyon Varlamov,shots_on_goal,rf_qrf_shots_on_goal,0.3.0,empirical_qrf,0.015748373511032653,0.012869628093494444,0.01890718464886852,,3768324934500513378,2025-12-16 15:34:14.945871
2025-12-16,24497,NYI,DET,30000966,Jean-Gabriel Pageau,shots_on_goal,rf_qrf_shots_on_goal,0.3.0,empirical_qrf,0.0,0.0,0.0,,3768324934500513378,2025-12-16 15:34:14.945871
2025-12-16,24497,NYI,DET,30000986,Seth Helgeson,shots_on_goal,rf_qrf_shots_on_goal,0.3.0,empirical_qrf,0.04493530431201541,0.0,0.09375,,3768324934500513378,2025-12-16 15:34:14.945871
2025-12-16,24497,NYI,DET,30000999,Scott Mayfield,shots_on_goal,rf_qrf_shots_on_goal,0.3.0,empirical_qrf,0.04596985345252794,0.0,0.10526315789473684,,3768324934500513378,2025-12-16 15:34:14.945871
2025-12-16,24498,UTA,BOS,30000229,Lawson Crouse,shots_on_goal,rf_qrf_shots_on_goal,0.3.0,empirical_qrf,0.22695238095238096,0.0,1.0200000000000045,,3768324934500513378,2025-12-16 15:34:14.945871
2025-12-16,24498,UTA,BOS,30000593,Liam O'Brien,shots_on_goal,rf_qrf_shots_on_goal,0.3.0,empirical_qrf,0.004384604861202637,0.0,0.010050251256281407,,3768324934500513378,2025-12-16 15:34:14.945871
2025-12-16,24498,UTA,BOS,30000594,Nate Schmidt,shots_on_goal,rf_qrf_shots_on_goal,0.3.0,empirical_qrf,0.0,0.0,0.0,,3768324934500513378,2025-12-16 15:34:14.945871
2025-12-16,24498,UTA,BOS,30000650,Ian Cole,shots_on_goal,rf_qrf_shots_on_goal,0.3.0,empirical_qrf,0.0,0.0,0.0,,3768324934500513378,2025-12-16 15:34:14.945871
2025-12-16,24498,UTA,BOS,30000659,Olli Määttä,shots_on_goal,rf_qrf_shots_on_goal,0.3.0,empirical_qrf,0.13826190330218077,0.04592476489028213,0.239625,,3768324934500513378,2025-12-16 15:34:14.945871
2025-12-16,24498,UTA,BOS,30001104,Robbie Russo,shots_on_goal,rf_qrf_shots_on_goal,0.3.0,empirical_qrf,0.015748373511032653,0.012869628093494444,0.01890718464886852,,3768324934500513378,2025-12-16 15:34:14.945871
2025-12-16,24498,BOS,UTA,30005798,Jackson Edward,shots_on_goal,rf_qrf_shots_on_goal,0.3.0,empirical_qrf,0.22047580624283414,0.0,0.5,,3768324934500513378,2025-12-16 15:34:14.945871
2025-12-16,24498,BOS,UTA,30006392,Luke Cavallin,shots_on_goal,rf_qrf_shots_on_goal,0.3.0,empirical_qrf,0.015748373511032653,0.012869628093494444,0.01890718464886852,,3768324934500513378,2025-12-16 15:34:14.945871
2025-12-16,24498,UTA,BOS,30006086,Daniil But,shots_on_goal,rf_qrf_shots_on_goal,0.3.0,empirical_qrf,0.111103031359726,0.0,0.2727272727272727,,3768324934500513378,2025-12-16 15:34:14.945871
2025-12-16,24498,BOS,UTA,30005580,Georgi Merkulov,shots_on_goal,rf_qrf_shots_on_goal,0.3.0,empirical_qrf,0.0,0.0,0.0,,3768324934500513378,2025-12-16 15:34:14.945871
2025-12-16,24498,BOS,UTA,30005651,Matthew Poitras,shots_on_goal,rf_qrf_shots_on_goal,0.3.0,empirical_qrf,0.17868840908445616,0.0,0.40054054054054067,,3768324934500513378,2025-12-16 15:34:14.945871
2025-12-16,24498,BOS,UTA,30005658,Fraser Minten,shots_on_goal,rf_qrf_shots_on_goal,0.3.0,empirical_qrf,0.049981454011300885,0.0,0.125,,3768324934500513378,2025-12-16 15:34:14.945871
2025-12-16,24498,BOS,UTA,30005749,Nolan Maier,shots_on_goal,rf_qrf_shots_on_goal,0.3.0,empirical_qrf,0.00771839013383131,0.0,0.0,,3768324934500513378,2025-12-16 15:34:14.945871
2025-12-16,24498,BOS,UTA,30005760,Joseph Abate,shots_on_goal,rf_qrf_shots_on_goal,0.3.0,empirical_qrf,0.08122214625188717,0.041429753042656274,0.12560952632173947,,3768324934500513378,2025-12-16 15:34:14.945871
2025-12-16,24498,BOS,UTA,30005797,Frederic Brunet,shots_on_goal,rf_qrf_shots_on_goal,0.3.0,empirical_qrf,0.13826190330218077,0.04592476489028213,0.239625,,3768324934500513378,2025-12-16 15:34:14.945871
2025-12-16,24498,BOS,UTA,30004929,Alex Steeves,shots_on_goal,rf_qrf_shots_on_goal,0.3.0,empirical_qrf,0.03167980970001277,0.0,0.07416666666666669,,3768324934500513378,2025-12-16 15:34:14.945871
2025-12-16,24498,BOS,UTA,30004998,Fabian Lysell,shots_on_goal,rf_qrf_shots_on_goal,0.3.0,empirical_qrf,0.0477040776371961,0.0,0.11764705882352941,,3768324934500513378,2025-12-16 15:34:14.945871
2025-12-16,24498,BOS,UTA,30005130,Brett Harrison,shots_on_goal,rf_qrf_shots_on_goal,0.3.0,empirical_qrf,0.4879933862433863,0.0,1.4100000000000021,,3768324934500513378,2025-12-16 15:34:14.945871
2025-12-16,24498,BOS,UTA,30005170,Maximus Wanner,shots_on_goal,rf_qrf_shots_on_goal,0.3.0,empirical_qrf,0.015748373511032653,0.012869628093494444,0.01890718464886852,,3768324934500513378,2025-12-16 15:34:14.945871
2025-12-16,24498,BOS,UTA,30005341,Shawn Element,shots_on_goal,rf_qrf_shots_on_goal,0.3.0,empirical_qrf,0.015748373511032653,0.012869628093494444,0.01890718464886852,,3768324934500513378,2025-12-16 15:34:14.945871
2025-12-16,24498,BOS,UTA,30005367,Michael Callahan,shots_on_goal,rf_qrf_shots_on_goal,0.3.0,empirical_qrf,0.03482166650551661,0.0,0.08583850931677021,,3768324934500513378,2025-12-16 15:34:14.945871
2025-12-16,24498,BOS,UTA,30004281,Jonathan Aspirot,shots_on_goal,rf_qrf_shots_on_goal,0.3.0,empirical_qrf,0.08122214625188717,0.041429753042656274,0.12560952632173947,,3768324934500513378,2025-12-16 15:34:14.945871
2025-12-16,24498,BOS,UTA,30004477,Victor Soderstrom,shots_on_goal,rf_qrf_shots_on_goal,0.3.0,empirical_qrf,0.007446428571428571,0.0,0.0,,3768324934500513378,2025-12-16 15:34:14.945871
2025-12-16,24498,BOS,UTA,30004513,John Farinacci,shots_on_goal,rf_qrf_shots_on_goal,0.3.0,empirical_qrf,0.05687278505104539,0.0,0.25,,3768324934500513378,2025-12-16 15:34:14.945871
2025-12-16,24498,BOS,UTA,30004640,Francois Brassard,shots_on_goal,rf_qrf_shots_on_goal,0.3.0,empirical_qrf,0.1795097248067104,0.10744086021505377,0.25393960430406115,,3768324934500513378,2025-12-16 15:34:14.945871
2025-12-16,24498,BOS,UTA,30004851,Marat Khusnutdinov,shots_on_goal,rf_qrf_shots_on_goal,0.3.0,empirical_qrf,0.13405999787249787,0.0,0.3333333333333333,,3768324934500513378,2025-12-16 15:34:14.945871
2025-12-16,24498,BOS,UTA,30004858,Mason Lohrei,shots_on_goal,rf_qrf_shots_on_goal,0.3.0,empirical_qrf,0.049981454011300885,0.0,0.125,,3768324934500513378,2025-12-16 15:34:14.945871
2025-12-16,24498,BOS,UTA,30003657,Henri Jokiharju,shots_on_goal,rf_qrf_shots_on_goal,0.3.0,empirical_qrf,0.2959656550736272,0.0,0.5714285714285714,,3768324934500513378,2025-12-16 15:34:14.945871
2025-12-16,24498,BOS,UTA,30003704,Morgan Geekie,shots_on_goal,rf_qrf_shots_on_goal,0.3.0,empirical_qrf,0.17618584656084654,0.0,1.0,,3768324934500513378,2025-12-16 15:34:14.945871
2025-12-16,24498,BOS,UTA,30003890,Mikey Eyssimont,shots_on_goal,rf_qrf_shots_on_goal,0.3.0,empirical_qrf,0.344878367003367,0.0,1.2,,3768324934500513378,2025-12-16 15:34:14.945871
2025-12-16,24498,BOS,UTA,30003912,Mark Kastelic,shots_on_goal,rf_qrf_shots_on_goal,0.3.0,empirical_qrf,0.007258510556644756,0.0,0.01497766917718299,,3768324934500513378,2025-12-16 15:34:14.945871
2025-12-16,24498,BOS,UTA,30003991,Jeremy Swayman,shots_on_goal,rf_qrf_shots_on_goal,0.3.0,empirical_qrf,0.015748373511032653,0.012869628093494444,0.01890718464886852,,3768324934500513378,2025-12-16 15:34:14.945871
2025-12-16,24498,BOS,UTA,30004166,Jordan Harris,shots_on_goal,rf_qrf_shots_on_goal,0.3.0,empirical_qrf,0.018055555555555557,0.0,0.0,,3768324934500513378,2025-12-16 15:34:14.945871
2025-12-16,24498,BOS,UTA,30003151,Riley Tufte,shots_on_goal,rf_qrf_shots_on_goal,0.3.0,empirical_qrf,0.0,0.0,0.0,,3768324934500513378,2025-12-16 15:34:14.945871
2025-12-16,24498,BOS,UTA,30003185,Andrew Peeke,shots_on_goal,rf_qrf_shots_on_goal,0.3.0,empirical_qrf,0.08122214625188717,0.041429753042656274,0.12560952632173947,,3768324934500513378,2025-12-16 15:34:14.945871
2025-12-16,24498,BOS,UTA,30003401,Jeffrey Viel,shots_on_goal,rf_qrf_shots_on_goal,0.3.0,empirical_qrf,0.0,0.0,0.0,,3768324934500513378,2025-12-16 15:34:14.945871
2025-12-16,24498,BOS,UTA,30003442,Tanner Jeannot,shots_on_goal,rf_qrf_shots_on_goal,0.3.0,empirical_qrf,0.0544906973675009,0.018867924528301886,0.10132442569151431,,3768324934500513378,2025-12-16 15:34:14.945871
2025-12-16,24498,BOS,UTA,30003581,Shane Starrett,shots_on_goal,rf_qrf_shots_on_goal,0.3.0,empirical_qrf,0.03167980970001277,0.0,0.07416666666666669,,3768324934500513378,2025-12-16 15:34:14.945871
2025-12-16,24498,BOS,UTA,30003643,Casey Mittelstadt,shots_on_goal,rf_qrf_shots_on_goal,0.3.0,empirical_qrf,0.0041025641025641026,0.0,0.0,,3768324934500513378,2025-12-16 15:34:14.945871
2025-12-16,24498,BOS,UTA,30000909,Nikita Zadorov,shots_on_goal,rf_qrf_shots_on_goal,0.3.0,empirical_qrf,0.055037037037037044,0.0,0.0,,3768324934500513378,2025-12-16 15:34:14.945871
2025-12-16,24498,BOS,UTA,30000995,Pavel Zacha,shots_on_goal,rf_qrf_shots_on_goal,0.3.0,empirical_qrf,0.0,0.0,0.0,,3768324934500513378,2025-12-16 15:34:14.945871
2025-12-16,24498,BOS,UTA,30001264,Hampus Lindholm,shots_on_goal,rf_qrf_shots_on_goal,0.3.0,empirical_qrf,0.06974205630392977,0.0,0.13636363636363635,,3768324934500513378,2025-12-16 15:34:14.945871
2025-12-16,24498,BOS,UTA,30002853,Sean Kuraly,shots_on_goal,rf_qrf_shots_on_goal,0.3.0,empirical_qrf,0.00125,0.0,0.0,,3768324934500513378,2025-12-16 15:34:14.945871
2025-12-16,24498,BOS,UTA,30003020,Kasimir Kaskisuo,shots_on_goal,rf_qrf_shots_on_goal,0.3.0,empirical_qrf,0.016652980293199483,0.0,0.0,,3768324934500513378,2025-12-16 15:34:14.945871
2025-12-16,24498,BOS,UTA,30003147,Charlie McAvoy,shots_on_goal,rf_qrf_shots_on_goal,0.3.0,empirical_qrf,0.0,0.0,0.0,,3768324934500513378,2025-12-16 15:34:14.945871
2025-12-16,24498,UTA,BOS,30005614,Logan Cooley,shots_on_goal,rf_qrf_shots_on_goal,0.3.0,empirical_qrf,0.013712962962962963,0.0,0.0,,3768324934500513378,2025-12-16 15:34:14.945871
2025-12-16,24498,BOS,UTA,30000245,Viktor Arvidsson,shots_on_goal,rf_qrf_shots_on_goal,0.3.0,empirical_qrf,0.06974205630392977,0.0,0.13636363636363635,,3768324934500513378,2025-12-16 15:34:14.945871
2025-12-16,24498,BOS,UTA,30000393,Joonas Korpisalo,shots_on_goal,rf_qrf_shots_on_goal,0.3.0,empirical_qrf,0.015748373511032653,0.012869628093494444,0.01890718464886852,,3768324934500513378,2025-12-16 15:34:14.945871
2025-12-16,24498,BOS,UTA,30000607,David Pastrnak,shots_on_goal,rf_qrf_shots_on_goal,0.3.0,empirical_qrf,0.13528174603174603,0.0,0.5,,3768324934500513378,2025-12-16 15:34:14.945871
2025-12-16,24498,BOS,UTA,30000630,Patrick Brown,shots_on_goal,rf_qrf_shots_on_goal,0.3.0,empirical_qrf,0.006275252525252525,0.0,0.0,,3768324934500513378,2025-12-16 15:34:14.945871
2025-12-16,24498,BOS,UTA,30000636,Elias Lindholm,shots_on_goal,rf_qrf_shots_on_goal,0.3.0,empirical_qrf,0.15271428571428572,0.0,0.7607142857142881,,3768324934500513378,2025-12-16 15:34:14.945871
2025-12-16,24498,UTA,BOS,30004585,John Marino,shots_on_goal,rf_qrf_shots_on_goal,0.3.0,empirical_qrf,0.0,0.0,0.0,,3768324934500513378,2025-12-16 15:34:14.945871
2025-12-16,24498,UTA,BOS,30004623,Ben McCartney,shots_on_goal,rf_qrf_shots_on_goal,0.3.0,empirical_qrf,0.13826190330218077,0.04592476489028213,0.239625,,3768324934500513378,2025-12-16 15:34:14.945871
2025-12-16,24498,UTA,BOS,30004867,JJ Peterka,shots_on_goal,rf_qrf_shots_on_goal,0.3.0,empirical_qrf,0.0041025641025641026,0.0,0.0,,3768324934500513378,2025-12-16 15:34:14.945871
2025-12-16,24498,UTA,BOS,30004957,Karel Vejmelka,shots_on_goal,rf_qrf_shots_on_goal,0.3.0,empirical_qrf,0.015748373511032653,0.012869628093494444,0.01890718464886852,,3768324934500513378,2025-12-16 15:34:14.945871
2025-12-16,24498,UTA,BOS,30004996,Dylan Guenther,shots_on_goal,rf_qrf_shots_on_goal,0.3.0,empirical_qrf,0.03426984126984127,0.0,0.0,,3768324934500513378,2025-12-16 15:34:14.945871
2025-12-16,24498,UTA,BOS,30005567,Jaxson Stauber,shots_on_goal,rf_qrf_shots_on_goal,0.3.0,empirical_qrf,0.015748373511032653,0.012869628093494444,0.01890718464886852,,3768324934500513378,2025-12-16 15:34:14.945871
2025-12-16,24498,UTA,BOS,30003753,Alexander Kerfoot,shots_on_goal,rf_qrf_shots_on_goal,0.3.0,empirical_qrf,0.07081481481481482,0.0,0.3333333333333333,,3768324934500513378,2025-12-16 15:34:14.945871
2025-12-16,24498,UTA,BOS,30003988,Cameron Hebig,shots_on_goal,rf_qrf_shots_on_goal,0.3.0,empirical_qrf,0.0,0.0,0.0,,3768324934500513378,2025-12-16 15:34:14.945871
2025-12-16,24498,UTA,BOS,30004078,Barrett Hayton,shots_on_goal,rf_qrf_shots_on_goal,0.3.0,empirical_qrf,0.013475546058879392,0.0,0.0,,3768324934500513378,2025-12-16 15:34:14.945871
2025-12-16,24498,UTA,BOS,30004113,Jack McBain,shots_on_goal,rf_qrf_shots_on_goal,0.3.0,empirical_qrf,0.004384604861202637,0.0,0.010050251256281407,,3768324934500513378,2025-12-16 15:34:14.945871
2025-12-16,24498,UTA,BOS,30004141,Sean Durzi,shots_on_goal,rf_qrf_shots_on_goal,0.3.0,empirical_qrf,0.0,0.0,0.0,,3768324934500513378,2025-12-16 15:34:14.945871
2025-12-16,24498,UTA,BOS,30004170,Scott Perunovich,shots_on_goal,rf_qrf_shots_on_goal,0.3.0,empirical_qrf,0.015748373511032653,0.012869628093494444,0.01890718464886852,,3768324934500513378,2025-12-16 15:34:14.945871
2025-12-16,24498,UTA,BOS,30003235,Michael Carcone,shots_on_goal,rf_qrf_shots_on_goal,0.3.0,empirical_qrf,0.004384604861202637,0.0,0.010050251256281407,,3768324934500513378,2025-12-16 15:34:14.945871
2025-12-16,24498,UTA,BOS,30003424,Kevin Rooney,shots_on_goal,rf_qrf_shots_on_goal,0.3.0,empirical_qrf,0.0,0.0,0.0,,3768324934500513378,2025-12-16 15:34:14.945871
2025-12-16,24498,UTA,BOS,30003572,Nick DeSimone,shots_on_goal,rf_qrf_shots_on_goal,0.3.0,empirical_qrf,0.0544906973675009,0.018867924528301886,0.10132442569151431,,3768324934500513378,2025-12-16 15:34:14.945871
2025-12-16,24498,UTA,BOS,30003662,Juuso Valimaki,shots_on_goal,rf_qrf_shots_on_goal,0.3.0,empirical_qrf,0.015748373511032653,0.012869628093494444,0.01890718464886852,,3768324934500513378,2025-12-16 15:34:14.945871
2025-12-16,24498,UTA,BOS,30003663,Kailer Yamamoto,shots_on_goal,rf_qrf_shots_on_goal,0.3.0,empirical_qrf,0.03482166650551661,0.0,0.08583850931677021,,3768324934500513378,2025-12-16 15:34:14.945871
2025-12-16,24498,UTA,BOS,30003723,Matt Villalta,shots_on_goal,rf_qrf_shots_on_goal,0.3.0,empirical_qrf,0.015748373511032653,0.012869628093494444,0.01890718464886852,,3768324934500513378,2025-12-16 15:34:14.945871
2025-12-16,24498,UTA,BOS,30002583,Nick Schmaltz,shots_on_goal,rf_qrf_shots_on_goal,0.3.0,empirical_qrf,0.2959656550736272,0.0,0.5714285714285714,,3768324934500513378,2025-12-16 15:34:14.945871
2025-12-16,24498,UTA,BOS,30002600,Vitek Vanecek,shots_on_goal,rf_qrf_shots_on_goal,0.3.0,empirical_qrf,0.015748373511032653,0.012869628093494444,0.01890718464886852,,3768324934500513378,2025-12-16 15:34:14.945871
2025-12-16,24498,UTA,BOS,30002841,Kevin Stenlund,shots_on_goal,rf_qrf_shots_on_goal,0.3.0,empirical_qrf,0.001959378733572282,0.0,0.0,,3768324934500513378,2025-12-16 15:34:14.945871
2025-12-16,24498,UTA,BOS,30003053,Brandon Tanev,shots_on_goal,rf_qrf_shots_on_goal,0.3.0,empirical_qrf,0.0,0.0,0.0,,3768324934500513378,2025-12-16 15:34:14.945871
2025-12-16,24498,UTA,BOS,30003137,Mikhail Sergachev,shots_on_goal,rf_qrf_shots_on_goal,0.3.0,empirical_qrf,0.1299286084286084,0.0,0.5,,3768324934500513378,2025-12-16 15:34:14.945871
2025-12-16,24498,UTA,BOS,30003141,Clayton Keller,shots_on_goal,rf_qrf_shots_on_goal,0.3.0,empirical_qrf,0.08346825396825397,0.0,0.0,,3768324934500513378,2025-12-16 15:34:14.945871
2025-12-16,24499,WAS,MIN,30000330,Dylan McIlrath,shots_on_goal,rf_qrf_shots_on_goal,0.3.0,empirical_qrf,0.06974205630392977,0.0,0.13636363636363635,,3768324934500513378,2025-12-16 15:34:14.945871
2025-12-16,24499,WAS,MIN,30000341,Anthony Beauvillier,shots_on_goal,rf_qrf_shots_on_goal,0.3.0,empirical_qrf,0.050818799934181806,0.0,0.125,,3768324934500513378,2025-12-16 15:34:14.945871
2025-12-16,24499,WAS,MIN,30000375,Tom Wilson,shots_on_goal,rf_qrf_shots_on_goal,0.3.0,empirical_qrf,0.15637055836320543,0.0,0.3647727272727275,,3768324934500513378,2025-12-16 15:34:14.945871
2025-12-16,24499,WAS,MIN,30000378,Alex Ovechkin,shots_on_goal,rf_qrf_shots_on_goal,0.3.0,empirical_qrf,0.06976799044272458,0.0,0.15512820512820544,,3768324934500513378,2025-12-16 15:34:14.945871
2025-12-16,24499,WAS,MIN,30000385,Aaron Ness,shots_on_goal,rf_qrf_shots_on_goal,0.3.0,empirical_qrf,0.015748373511032653,0.012869628093494444,0.01890718464886852,,3768324934500513378,2025-12-16 15:34:14.945871
2025-12-16,24499,WAS,MIN,30000429,Sonny Milano,shots_on_goal,rf_qrf_shots_on_goal,0.3.0,empirical_qrf,0.07013492063492063,0.0,0.0,,3768324934500513378,2025-12-16 15:34:14.945871
2025-12-16,24499,MIN,WAS,30001192,Tyler Pitlick,shots_on_goal,rf_qrf_shots_on_goal,0.3.0,empirical_qrf,0.129458422668949,0.0,0.3,,3768324934500513378,2025-12-16 15:34:14.945871
2025-12-16,24499,WAS,MIN,30004910,Bogdan Trineyev,shots_on_goal,rf_qrf_shots_on_goal,0.3.0,empirical_qrf,0.111103031359726,0.0,0.2727272727272727,,3768324934500513378,2025-12-16 15:34:14.945871
2025-12-16,24499,MIN,WAS,30004080,Quinn Hughes,shots_on_goal,rf_qrf_shots_on_goal,0.3.0,empirical_qrf,0.11922222222222222,0.0,0.5,,3768324934500513378,2025-12-16 15:34:14.945871
2025-12-16,24499,MIN,WAS,30005669,Hunter Haight,shots_on_goal,rf_qrf_shots_on_goal,0.3.0,empirical_qrf,0.20735435824161313,0.0,0.5,,3768324934500513378,2025-12-16 15:34:14.945871
2025-12-16,24499,MIN,WAS,30005698,Michael Milne,shots_on_goal,rf_qrf_shots_on_goal,0.3.0,empirical_qrf,0.015748373511032653,0.012869628093494444,0.01890718464886852,,3768324934500513378,2025-12-16 15:34:14.945871
2025-12-16,24499,MIN,WAS,30005845,David Spacek,shots_on_goal,rf_qrf_shots_on_goal,0.3.0,empirical_qrf,0.06974205630392977,0.0,0.13636363636363635,,3768324934500513378,2025-12-16 15:34:14.945871
2025-12-16,24499,MIN,WAS,30006109,Riley Heidt,shots_on_goal,rf_qrf_shots_on_goal,0.3.0,empirical_qrf,0.0544906973675009,0.018867924528301886,0.10132442569151431,,3768324934500513378,2025-12-16 15:34:14.945871
2025-12-16,24499,MIN,WAS,30006110,Rasmus Kumpulainen,shots_on_goal,rf_qrf_shots_on_goal,0.3.0,empirical_qrf,0.015748373511032653,0.012869628093494444,0.01890718464886852,,3768324934500513378,2025-12-16 15:34:14.945871
2025-12-16,24499,MIN,WAS,30006308,Bradley Marek,shots_on_goal,rf_qrf_shots_on_goal,0.3.0,empirical_qrf,0.015748373511032653,0.012869628093494444,0.01890718464886852,,3768324934500513378,2025-12-16 15:34:14.945871
2025-12-16,24499,MIN,WAS,30005094,Cameron Butler,shots_on_goal,rf_qrf_shots_on_goal,0.3.0,empirical_qrf,0.1238390011907138,0.0,0.30076923076923096,,3768324934500513378,2025-12-16 15:34:14.945871
2025-12-16,24499,MIN,WAS,30005102,Caedan Bankier,shots_on_goal,rf_qrf_shots_on_goal,0.3.0,empirical_qrf,0.0,0.0,0.0,,3768324934500513378,2025-12-16 15:34:14.945871
2025-12-16,24499,MIN,WAS,30005274,Louka Henault,shots_on_goal,rf_qrf_shots_on_goal,0.3.0,empirical_qrf,0.015748373511032653,0.012869628093494444,0.01890718464886852,,3768324934500513378,2025-12-16 15:34:14.945871
2025-12-16,24499,MIN,WAS,30005361,Benjamin Brinkman,shots_on_goal,rf_qrf_shots_on_goal,0.3.0,empirical_qrf,0.015748373511032653,0.012869628093494444,0.01890718464886852,,3768324934500513378,2025-12-16 15:34:14.945871
2025-12-16,24499,MIN,WAS,30005612,David Jiricek,shots_on_goal,rf_qrf_shots_on_goal,0.3.0,empirical_qrf,0.001959378733572282,0.0,0.0,,3768324934500513378,2025-12-16 15:34:14.945871
2025-12-16,24499,MIN,WAS,30005627,Danila Yurov,shots_on_goal,rf_qrf_shots_on_goal,0.3.0,empirical_qrf,0.06799580777562611,0.0,0.15384615384615385,,3768324934500513378,2025-12-16 15:34:14.945871
2025-12-16,24499,MIN,WAS,30004847,Daemon Hunt,shots_on_goal,rf_qrf_shots_on_goal,0.3.0,empirical_qrf,0.04493530431201541,0.0,0.09375,,3768324934500513378,2025-12-16 15:34:14.945871
2025-12-16,24499,MIN,WAS,30004935,Matt Kiersted,shots_on_goal,rf_qrf_shots_on_goal,0.3.0,empirical_qrf,0.2959656550736272,0.0,0.5714285714285714,,3768324934500513378,2025-12-16 15:34:14.945871
2025-12-16,24499,MIN,WAS,30004970,Wyatt Newpower,shots_on_goal,rf_qrf_shots_on_goal,0.3.0,empirical_qrf,0.11576898308806202,0.0,0.3333333333333333,,3768324934500513378,2025-12-16 15:34:14.945871
2025-12-16,24499,MIN,WAS,30005005,Oskar Olausson,shots_on_goal,rf_qrf_shots_on_goal,0.3.0,empirical_qrf,0.06799580777562611,0.0,0.15384615384615385,,3768324934500513378,2025-12-16 15:34:14.945871
2025-12-16,24499,MIN,WAS,30005007,Carson Lambos,shots_on_goal,rf_qrf_shots_on_goal,0.3.0,empirical_qrf,0.0,0.0,0.0,,3768324934500513378,2025-12-16 15:34:14.945871
2025-12-16,24499,MIN,WAS,30005008,Jesper Wallstedt,shots_on_goal,rf_qrf_shots_on_goal,0.3.0,empirical_qrf,0.015748373511032653,0.012869628093494444,0.01890718464886852,,3768324934500513378,2025-12-16 15:34:14.945871
2025-12-16,24499,MIN,WAS,30003774,Ben Jones,shots_on_goal,rf_qrf_shots_on_goal,0.3.0,empirical_qrf,0.07773107316885662,0.020763422818791948,0.14130783325698582,,3768324934500513378,2025-12-16 15:34:14.945871
2025-12-16,24499,MIN,WAS,30004196,Ben Gleason,shots_on_goal,rf_qrf_shots_on_goal,0.3.0,empirical_qrf,0.07435063183085372,0.0,0.3333333333333333,,3768324934500513378,2025-12-16 15:34:14.945871
2025-12-16,24499,MIN,WAS,30004417,Nico Sturm,shots_on_goal,rf_qrf_shots_on_goal,0.3.0,empirical_qrf,0.007258510556644756,0.0,0.01497766917718299,,3768324934500513378,2025-12-16 15:34:14.945871
2025-12-16,24499,MIN,WAS,30004480,Matt Boldy,shots_on_goal,rf_qrf_shots_on_goal,0.3.0,empirical_qrf,0.004611111111111111,0.0,0.0,,3768324934500513378,2025-12-16 15:34:14.945871
2025-12-16,24499,MIN,WAS,30004784,Kirill Kaprizov,shots_on_goal,rf_qrf_shots_on_goal,0.3.0,empirical_qrf,0.03894444444444445,0.0,0.0,,3768324934500513378,2025-12-16 15:34:14.945871
2025-12-16,24499,MIN,WAS,30004835,Brock Faber,shots_on_goal,rf_qrf_shots_on_goal,0.3.0,empirical_qrf,0.11491240822046916,0.0,0.23076923076923078,,3768324934500513378,2025-12-16 15:34:14.945871
2025-12-16,24499,MIN,WAS,30001309,Marcus Johansson,shots_on_goal,rf_qrf_shots_on_goal,0.3.0,empirical_qrf,0.049981454011300885,0.0,0.125,,3768324934500513378,2025-12-16 15:34:14.945871
2025-12-16,24499,MIN,WAS,30001355,Zach Bogosian,shots_on_goal,rf_qrf_shots_on_goal,0.3.0,empirical_qrf,0.08122214625188717,0.041429753042656274,0.12560952632173947,,3768324934500513378,2025-12-16 15:34:14.945871
2025-12-16,24499,MIN,WAS,30002719,Jacob Middleton,shots_on_goal,rf_qrf_shots_on_goal,0.3.0,empirical_qrf,0.09440860324316205,0.0,0.4,,3768324934500513378,2025-12-16 15:34:14.945871
2025-12-16,24499,MIN,WAS,30002820,Joel Eriksson Ek,shots_on_goal,rf_qrf_shots_on_goal,0.3.0,empirical_qrf,0.03185449735449736,0.0,0.0,,3768324934500513378,2025-12-16 15:34:14.945871
2025-12-16,24499,MIN,WAS,30003173,Filip Gustavsson,shots_on_goal,rf_qrf_shots_on_goal,0.3.0,empirical_qrf,0.015748373511032653,0.012869628093494444,0.01890718464886852,,3768324934500513378,2025-12-16 15:34:14.945871
2025-12-16,24499,MIN,WAS,30003611,Cal Petersen,shots_on_goal,rf_qrf_shots_on_goal,0.3.0,empirical_qrf,0.015748373511032653,0.012869628093494444,0.01890718464886852,,3768324934500513378,2025-12-16 15:34:14.945871
2025-12-16,24499,MIN,WAS,30000517,Jared Spurgeon,shots_on_goal,rf_qrf_shots_on_goal,0.3.0,empirical_qrf,0.0,0.0,0.0,,3768324934500513378,2025-12-16 15:34:14.945871
2025-12-16,24499,MIN,WAS,30000524,Jonas Brodin,shots_on_goal,rf_qrf_shots_on_goal,0.3.0,empirical_qrf,0.13826190330218077,0.04592476489028213,0.239625,,3768324934500513378,2025-12-16 15:34:14.945871
2025-12-16,24499,MIN,WAS,30000797,Vladimir Tarasenko,shots_on_goal,rf_qrf_shots_on_goal,0.3.0,empirical_qrf,0.4307673697489874,0.0,0.75,,3768324934500513378,2025-12-16 15:34:14.945871
2025-12-16,24499,MIN,WAS,30001012,Ryan Hartman,shots_on_goal,rf_qrf_shots_on_goal,0.3.0,empirical_qrf,0.12461904761904762,0.0,0.6666666666666666,,3768324934500513378,2025-12-16 15:34:14.945871
2025-12-16,24499,MIN,WAS,30001013,Vinnie Hinostroza,shots_on_goal,rf_qrf_shots_on_goal,0.3.0,empirical_qrf,0.0,0.0,0.0,,3768324934500513378,2025-12-16 15:34:14.945871
2025-12-16,24499,MIN,WAS,30001087,Mats Zuccarello,shots_on_goal,rf_qrf_shots_on_goal,0.3.0,empirical_qrf,0.003601190476190476,0.0,0.0,,3768324934500513378,2025-12-16 15:34:14.945871
2025-12-16,24499,WAS,MIN,30005098,Luke Toporowski,shots_on_goal,rf_qrf_shots_on_goal,0.3.0,empirical_qrf,0.015748373511032653,0.012869628093494444,0.01890718464886852,,3768324934500513378,2025-12-16 15:34:14.945871
2025-12-16,24499,WAS,MIN,30005788,Ethen Frank,shots_on_goal,rf_qrf_shots_on_goal,0.3.0,empirical_qrf,0.0,0.0,0.0,,3768324934500513378,2025-12-16 15:34:14.945871
2025-12-16,24499,WAS,MIN,30006408,Simon Pinard,shots_on_goal,rf_qrf_shots_on_goal,0.3.0,empirical_qrf,0.015748373511032653,0.012869628093494444,0.01890718464886852,,3768324934500513378,2025-12-16 15:34:14.945871
2025-12-16,24499,MIN,WAS,30000257,Yakov Trenin,shots_on_goal,rf_qrf_shots_on_goal,0.3.0,empirical_qrf,0.024328749752662797,0.0,0.0,,3768324934500513378,2025-12-16 15:34:14.945871
2025-12-16,24499,MIN,WAS,30000266,Nicolas Aube-Kubel,shots_on_goal,rf_qrf_shots_on_goal,0.3.0,empirical_qrf,0.012260262855698232,0.0030385926130606982,0.0220125786163522,,3768324934500513378,2025-12-16 15:34:14.945871
2025-12-16,24499,MIN,WAS,30000499,Marcus Foligno,shots_on_goal,rf_qrf_shots_on_goal,0.3.0,empirical_qrf,0.0035548941798941797,0.0,0.0,,3768324934500513378,2025-12-16 15:34:14.945871
2025-12-16,24499,WAS,MIN,30004562,Aliaksei Protas,shots_on_goal,rf_qrf_shots_on_goal,0.3.0,empirical_qrf,0.0002564102564102564,0.0,0.0,,3768324934500513378,2025-12-16 15:34:14.945871
2025-12-16,24499,WAS,MIN,30004579,Dalton Smith,shots_on_goal,rf_qrf_shots_on_goal,0.3.0,empirical_qrf,0.015748373511032653,0.012869628093494444,0.01890718464886852,,3768324934500513378,2025-12-16 15:34:14.945871
2025-12-16,24499,WAS,MIN,30004613,Michael Kim,shots_on_goal,rf_qrf_shots_on_goal,0.3.0,empirical_qrf,0.015748373511032653,0.012869628093494444,0.01890718464886852,,3768324934500513378,2025-12-16 15:34:14.945871
2025-12-16,24499,WAS,MIN,30004664,Corey Schueneman,shots_on_goal,rf_qrf_shots_on_goal,0.3.0,empirical_qrf,0.004384604861202637,0.0,0.010050251256281407,,3768324934500513378,2025-12-16 15:34:14.945871
2025-12-16,24499,WAS,MIN,30004808,Hendrix Lapierre,shots_on_goal,rf_qrf_shots_on_goal,0.3.0,empirical_qrf,0.06178695841195842,0.0,0.0,,3768324934500513378,2025-12-16 15:34:14.945871
2025-12-16,24499,WAS,MIN,30004878,Justin Sourdif,shots_on_goal,rf_qrf_shots_on_goal,0.3.0,empirical_qrf,0.0,0.0,0.0,,3768324934500513378,2025-12-16 15:34:14.945871
2025-12-16,24499,WAS,MIN,30003973,Logan Thompson,shots_on_goal,rf_qrf_shots_on_goal,0.3.0,empirical_qrf,0.015748373511032653,0.012869628093494444,0.01890718464886852,,3768324934500513378,2025-12-16 15:34:14.945871
2025-12-16,24499,WAS,MIN,30004099,Rasmus Sandin,shots_on_goal,rf_qrf_shots_on_goal,0.3.0,empirical_qrf,0.11491240822046916,0.0,0.23076923076923078,,3768324934500513378,2025-12-16 15:34:14.945871
2025-12-16,24499,WAS,MIN,30004152,Martin Fehérváry,shots_on_goal,rf_qrf_shots_on_goal,0.3.0,empirical_qrf,0.012260262855698232,0.0030385926130606982,0.0220125786163522,,3768324934500513378,2025-12-16 15:34:14.945871
2025-12-16,24499,WAS,MIN,30004302,Declan Chisholm,shots_on_goal,rf_qrf_shots_on_goal,0.3.0,empirical_qrf,0.013606060606060606,0.0,0.0,,3768324934500513378,2025-12-16 15:34:14.945871
2025-12-16,24499,WAS,MIN,30004491,Connor McMichael,shots_on_goal,rf_qrf_shots_on_goal,0.3.0,empirical_qrf,0.048387825137825136,0.0,0.2,,3768324934500513378,2025-12-16 15:34:14.945871
2025-12-16,24499,WAS,MIN,30004500,Brett Leason,shots_on_goal,rf_qrf_shots_on_goal,0.3.0,empirical_qrf,0.06799580777562611,0.0,0.15384615384615385,,3768324934500513378,2025-12-16 15:34:14.945871
2025-12-16,24499,WAS,MIN,30003035,Spencer Smallman,shots_on_goal,rf_qrf_shots_on_goal,0.3.0,empirical_qrf,0.015748373511032653,0.012869628093494444,0.01890718464886852,,3768324934500513378,2025-12-16 15:34:14.945871
2025-12-16,24499,WAS,MIN,30003132,Pierre-Luc Dubois,shots_on_goal,rf_qrf_shots_on_goal,0.3.0,empirical_qrf,0.0013333333333333335,0.0,0.0,,3768324934500513378,2025-12-16 15:34:14.945871
2025-12-16,24499,WAS,MIN,30003138,Jakob Chychrun,shots_on_goal,rf_qrf_shots_on_goal,0.3.0,empirical_qrf,0.010064814814814816,0.0,0.0,,3768324934500513378,2025-12-16 15:34:14.945871
2025-12-16,24499,WAS,MIN,30003561,Matt Roy,shots_on_goal,rf_qrf_shots_on_goal,0.3.0,empirical_qrf,0.13826190330218077,0.04592476489028213,0.239625,,3768324934500513378,2025-12-16 15:34:14.945871
2025-12-16,24499,WAS,MIN,30003759,Matthew Strome,shots_on_goal,rf_qrf_shots_on_goal,0.3.0,empirical_qrf,0.015748373511032653,0.012869628093494444,0.01890718464886852,,3768324934500513378,2025-12-16 15:34:14.945871
2025-12-16,24499,WAS,MIN,30003933,Brandon Duhaime,shots_on_goal,rf_qrf_shots_on_goal,0.3.0,empirical_qrf,0.012260262855698232,0.0030385926130606982,0.0220125786163522,,3768324934500513378,2025-12-16 15:34:14.945871
2025-12-16,24499,WAS,MIN,30000587,John Carlson,shots_on_goal,rf_qrf_shots_on_goal,0.3.0,empirical_qrf,0.06799580777562611,0.0,0.15384615384615385,,3768324934500513378,2025-12-16 15:34:14.945871
2025-12-16,24499,WAS,MIN,30000954,Dylan Strome,shots_on_goal,rf_qrf_shots_on_goal,0.3.0,empirical_qrf,0.0,0.0,0.0,,3768324934500513378,2025-12-16 15:34:14.945871
2025-12-16,24499,WAS,MIN,30001023,Trevor van Riemsdyk,shots_on_goal,rf_qrf_shots_on_goal,0.3.0,empirical_qrf,0.0,0.0,0.0,,3768324934500513378,2025-12-16 15:34:14.945871
2025-12-16,24499,WAS,MIN,30002620,Louie Belpedio,shots_on_goal,rf_qrf_shots_on_goal,0.3.0,empirical_qrf,0.15595338596291516,0.0,0.3002325581395349,,3768324934500513378,2025-12-16 15:34:14.945871
2025-12-16,24499,WAS,MIN,30002695,Nic Dowd,shots_on_goal,rf_qrf_shots_on_goal,0.3.0,empirical_qrf,0.012260262855698232,0.0030385926130606982,0.0220125786163522,,3768324934500513378,2025-12-16 15:34:14.945871
2025-12-16,24499,WAS,MIN,30003026,Charlie Lindgren,shots_on_goal,rf_qrf_shots_on_goal,0.3.0,empirical_qrf,0.015748373511032653,0.012869628093494444,0.01890718464886852,,3768324934500513378,2025-12-16 15:34:14.945871
2025-12-16,24500,COL,SEA,30000127,Brent Burns,shots_on_goal,rf_qrf_shots_on_goal,0.3.0,empirical_qrf,0.0850079365079365,0.0,0.0,,3768324934500513378,2025-12-16 15:34:14.945871
2025-12-16,24500,COL,SEA,30000200,Scott Wedgewood,shots_on_goal,rf_qrf_shots_on_goal,0.3.0,empirical_qrf,0.015748373511032653,0.012869628093494444,0.01890718464886852,,3768324934500513378,2025-12-16 15:34:14.945871
2025-12-16,24500,COL,SEA,30000318,Jayson Megna,shots_on_goal,rf_qrf_shots_on_goal,0.3.0,empirical_qrf,0.0544906973675009,0.018867924528301886,0.10132442569151431,,3768324934500513378,2025-12-16 15:34:14.945871
2025-12-16,24500,COL,SEA,30000697,T.J. Tynan,shots_on_goal,rf_qrf_shots_on_goal,0.3.0,empirical_qrf,0.0544906973675009,0.018867924528301886,0.10132442569151431,,3768324934500513378,2025-12-16 15:34:14.945871
2025-12-16,24500,COL,SEA,30000757,Valeri Nichushkin,shots_on_goal,rf_qrf_shots_on_goal,0.3.0,empirical_qrf,0.0936263135013135,0.0,0.3333333333333333,,3768324934500513378,2025-12-16 15:34:14.945871
2025-12-16,24500,COL,SEA,30000879,Josh Manson,shots_on_goal,rf_qrf_shots_on_goal,0.3.0,empirical_qrf,0.0,0.0,0.0,,3768324934500513378,2025-12-16 15:34:14.945871
2025-12-16,24500,SEA,COL,30006121,Carson Rehkopf,shots_on_goal,rf_qrf_shots_on_goal,0.3.0,empirical_qrf,0.1238390011907138,0.0,0.30076923076923096,,3768324934500513378,2025-12-16 15:34:14.945871
2025-12-16,24500,SEA,COL,30006125,Caden Price,shots_on_goal,rf_qrf_shots_on_goal,0.3.0,empirical_qrf,0.08122214625188717,0.041429753042656274,0.12560952632173947,,3768324934500513378,2025-12-16 15:34:14.945871
2025-12-16,24500,SEA,COL,30006197,Andrei Loshko,shots_on_goal,rf_qrf_shots_on_goal,0.3.0,empirical_qrf,0.015748373511032653,0.012869628093494444,0.01890718464886852,,3768324934500513378,2025-12-16 15:34:14.945871
2025-12-16,24500,SEA,COL,30006437,Kaden Hammell,shots_on_goal,rf_qrf_shots_on_goal,0.3.0,empirical_qrf,0.007258510556644756,0.0,0.01497766917718299,,3768324934500513378,2025-12-16 15:34:14.945871
2025-12-16,24500,COL,SEA,30006102,Gavin Brindley,shots_on_goal,rf_qrf_shots_on_goal,0.3.0,empirical_qrf,0.0013333333333333335,0.0,0.0,,3768324934500513378,2025-12-16 15:34:14.945871
2025-12-16,24500,SEA,COL,30005681,Jagger Firkus,shots_on_goal,rf_qrf_shots_on_goal,0.3.0,empirical_qrf,0.0013140991799528387,0.0,0.0,,3768324934500513378,2025-12-16 15:34:14.945871
2025-12-16,24500,SEA,COL,30005682,Jani Nyman,shots_on_goal,rf_qrf_shots_on_goal,0.3.0,empirical_qrf,0.09165488215488216,0.0,0.25,,3768324934500513378,2025-12-16 15:34:14.945871
2025-12-16,24500,SEA,COL,30005683,Niklas Kokko,shots_on_goal,rf_qrf_shots_on_goal,0.3.0,empirical_qrf,0.015748373511032653,0.012869628093494444,0.01890718464886852,,3768324934500513378,2025-12-16 15:34:14.945871
2025-12-16,24500,SEA,COL,30005757,Ty Nelson,shots_on_goal,rf_qrf_shots_on_goal,0.3.0,empirical_qrf,0.015748373511032653,0.012869628093494444,0.01890718464886852,,3768324934500513378,2025-12-16 15:34:14.945871
2025-12-16,24500,SEA,COL,30006087,Eduard Sale,shots_on_goal,rf_qrf_shots_on_goal,0.3.0,empirical_qrf,0.0,0.0,0.0,,3768324934500513378,2025-12-16 15:34:14.945871
2025-12-16,24500,SEA,COL,30006119,Lukas Dragicevic,shots_on_goal,rf_qrf_shots_on_goal,0.3.0,empirical_qrf,0.0,0.0,0.0,,3768324934500513378,2025-12-16 15:34:14.945871
2025-12-16,24500,SEA,COL,30005447,Ville Ottavainen,shots_on_goal,rf_qrf_shots_on_goal,0.3.0,empirical_qrf,0.0,0.0,0.0,,3768324934500513378,2025-12-16 15:34:14.945871
2025-12-16,24500,SEA,COL,30005503,Logan Morrison,shots_on_goal,rf_qrf_shots_on_goal,0.3.0,empirical_qrf,0.17585332491582492,0.0,0.535555555555556,,3768324934500513378,2025-12-16 15:34:14.945871
2025-12-16,24500,SEA,COL,30005582,Ben Meyers,shots_on_goal,rf_qrf_shots_on_goal,0.3.0,empirical_qrf,0.0017740901074234405,0.0,0.0,,3768324934500513378,2025-12-16 15:34:14.945871
2025-12-16,24500,SEA,COL,30005593,Peetro Seppala,shots_on_goal,rf_qrf_shots_on_goal,0.3.0,empirical_qrf,0.015748373511032653,0.012869628093494444,0.01890718464886852,,3768324934500513378,2025-12-16 15:34:14.945871
2025-12-16,24500,SEA,COL,30005616,Shane Wright,shots_on_goal,rf_qrf_shots_on_goal,0.3.0,empirical_qrf,0.23887162230041487,0.0,0.5,,3768324934500513378,2025-12-16 15:34:14.945871
2025-12-16,24500,SEA,COL,30005680,David Goyette,shots_on_goal,rf_qrf_shots_on_goal,0.3.0,empirical_qrf,0.1795097248067104,0.10744086021505377,0.25393960430406115,,3768324934500513378,2025-12-16 15:34:14.945871
2025-12-16,24500,SEA,COL,30005040,Matty Beniers,shots_on_goal,rf_qrf_shots_on_goal,0.3.0,empirical_qrf,0.06609126984126984,0.0,0.0,,3768324934500513378,2025-12-16 15:34:14.945871
2025-12-16,24500,SEA,COL,30005042,Ryker Evans,shots_on_goal,rf_qrf_shots_on_goal,0.3.0,empirical_qrf,0.07773107316885662,0.020763422818791948,0.14130783325698582,,3768324934500513378,2025-12-16 15:34:14.945871
2025-12-16,24500,SEA,COL,30005239,Jakov Novak,shots_on_goal,rf_qrf_shots_on_goal,0.3.0,empirical_qrf,0.015748373511032653,0.012869628093494444,0.01890718464886852,,3768324934500513378,2025-12-16 15:34:14.945871
2025-12-16,24500,SEA,COL,30005333,Jacob Melanson,shots_on_goal,rf_qrf_shots_on_goal,0.3.0,empirical_qrf,0.0477040776371961,0.0,0.11764705882352941,,3768324934500513378,2025-12-16 15:34:14.945871
2025-12-16,24500,SEA,COL,30005336,Tye Kartye,shots_on_goal,rf_qrf_shots_on_goal,0.3.0,empirical_qrf,0.0,0.0,0.0,,3768324934500513378,2025-12-16 15:34:14.945871
2025-12-16,24500,SEA,COL,30005337,Ryan Winterton,shots_on_goal,rf_qrf_shots_on_goal,0.3.0,empirical_qrf,0.0747012987012987,0.0,0.25,,3768324934500513378,2025-12-16 15:34:14.945871
2025-12-16,24500,SEA,COL,30003188,Jack LaFontaine,shots_on_goal,rf_qrf_shots_on_goal,0.3.0,empirical_qrf,0.8466693121693122,0.0,2.040000000000009,,3768324934500513378,2025-12-16 15:34:14.945871
2025-12-16,24500,SEA,COL,30003214,Joshua Mahura,shots_on_goal,rf_qrf_shots_on_goal,0.3.0,empirical_qrf,0.07996091013233818,0.0,0.15641447368421058,,3768324934500513378,2025-12-16 15:34:14.945871
2025-12-16,24500,SEA,COL,30003660,Eeli Tolvanen,shots_on_goal,rf_qrf_shots_on_goal,0.3.0,empirical_qrf,0.0,0.0,0.0,,3768324934500513378,2025-12-16 15:34:14.945871
2025-12-16,24500,SEA,COL,30003703,Cale Fleury,shots_on_goal,rf_qrf_shots_on_goal,0.3.0,empirical_qrf,0.17868840908445616,0.0,0.40054054054054067,,3768324934500513378,2025-12-16 15:34:14.945871
2025-12-16,24500,SEA,COL,30004419,Joey Daccord,shots_on_goal,rf_qrf_shots_on_goal,0.3.0,empirical_qrf,0.015748373511032653,0.012869628093494444,0.01890718464886852,,3768324934500513378,2025-12-16 15:34:14.945871
2025-12-16,24500,SEA,COL,30004471,Kaapo Kakko,shots_on_goal,rf_qrf_shots_on_goal,0.3.0,empirical_qrf,0.017917267917267915,0.0,0.0,,3768324934500513378,2025-12-16 15:34:14.945871
2025-12-16,24500,SEA,COL,30000882,Brandon Montour,shots_on_goal,rf_qrf_shots_on_goal,0.3.0,empirical_qrf,0.21719841269841267,0.0,1.0,,3768324934500513378,2025-12-16 15:34:14.945871
2025-12-16,24500,SEA,COL,30000929,Jared McCann,shots_on_goal,rf_qrf_shots_on_goal,0.3.0,empirical_qrf,0.0027980769230769227,0.0,0.0,,3768324934500513378,2025-12-16 15:34:14.945871
2025-12-16,24500,SEA,COL,30002223,Mason Marchment,shots_on_goal,rf_qrf_shots_on_goal,0.3.0,empirical_qrf,0.0,0.0,0.0,,3768324934500513378,2025-12-16 15:34:14.945871
2025-12-16,24500,SEA,COL,30002529,John Hayden,shots_on_goal,rf_qrf_shots_on_goal,0.3.0,empirical_qrf,0.001959378733572282,0.0,0.0,,3768324934500513378,2025-12-16 15:34:14.945871
2025-12-16,24500,SEA,COL,30002711,Frederick Gaudreau,shots_on_goal,rf_qrf_shots_on_goal,0.3.0,empirical_qrf,0.04596985345252794,0.0,0.10526315789473684,,3768324934500513378,2025-12-16 15:34:14.945871
2025-12-16,24500,SEA,COL,30003184,Ryan Lindgren,shots_on_goal,rf_qrf_shots_on_goal,0.3.0,empirical_qrf,0.11491240822046916,0.0,0.23076923076923078,,3768324934500513378,2025-12-16 15:34:14.945871
2025-12-16,24500,SEA,COL,30000596,Chandler Stephenson,shots_on_goal,rf_qrf_shots_on_goal,0.3.0,empirical_qrf,0.012260262855698232,0.0030385926130606982,0.0220125786163522,,3768324934500513378,2025-12-16 15:34:14.945871
2025-12-16,24500,SEA,COL,30000629,Matt Murray,shots_on_goal,rf_qrf_shots_on_goal,0.3.0,empirical_qrf,0.015748373511032653,0.012869628093494444,0.01890718464886852,,3768324934500513378,2025-12-16 15:34:14.945871
2025-12-16,24500,SEA,COL,30000674,Vince Dunn,shots_on_goal,rf_qrf_shots_on_goal,0.3.0,empirical_qrf,0.05053198653198653,0.0,0.0,,3768324934500513378,2025-12-16 15:34:14.945871
2025-12-16,24500,SEA,COL,30000758,Jamie Oleksiak,shots_on_goal,rf_qrf_shots_on_goal,0.3.0,empirical_qrf,0.06974205630392977,0.0,0.13636363636363635,,3768324934500513378,2025-12-16 15:34:14.945871
2025-12-16,24500,SEA,COL,30000794,Jaden Schwartz,shots_on_goal,rf_qrf_shots_on_goal,0.3.0,empirical_qrf,0.010059523809523808,0.0,0.0,,3768324934500513378,2025-12-16 15:34:14.945871
2025-12-16,24500,SEA,COL,30000812,Gustav Olofsson,shots_on_goal,rf_qrf_shots_on_goal,0.3.0,empirical_qrf,0.015748373511032653,0.012869628093494444,0.01890718464886852,,3768324934500513378,2025-12-16 15:34:14.945871
2025-12-16,24500,COL,SEA,30006385,Saige Weinstein,shots_on_goal,rf_qrf_shots_on_goal,0.3.0,empirical_qrf,0.015748373511032653,0.012869628093494444,0.01890718464886852,,3768324934500513378,2025-12-16 15:34:14.945871
2025-12-16,24500,COL,SEA,30006387,Neil Shea,shots_on_goal,rf_qrf_shots_on_goal,0.3.0,empirical_qrf,0.015748373511032653,0.012869628093494444,0.01890718464886852,,3768324934500513378,2025-12-16 15:34:14.945871
2025-12-16,24500,SEA,COL,30000303,Adam Larsson,shots_on_goal,rf_qrf_shots_on_goal,0.3.0,empirical_qrf,0.0002564102564102564,0.0,0.0,,3768324934500513378,2025-12-16 15:34:14.945871
2025-12-16,24500,SEA,COL,30000460,Max McCormick,shots_on_goal,rf_qrf_shots_on_goal,0.3.0,empirical_qrf,0.1795097248067104,0.10744086021505377,0.25393960430406115,,3768324934500513378,2025-12-16 15:34:14.945871
2025-12-16,24500,SEA,COL,30000539,Jordan Eberle,shots_on_goal,rf_qrf_shots_on_goal,0.3.0,empirical_qrf,0.01483333333333333,0.0,0.0,,3768324934500513378,2025-12-16 15:34:14.945871
2025-12-16,24500,SEA,COL,30000577,Philipp Grubauer,shots_on_goal,rf_qrf_shots_on_goal,0.3.0,empirical_qrf,0.015748373511032653,0.012869628093494444,0.01890718464886852,,3768324934500513378,2025-12-16 15:34:14.945871
2025-12-16,24500,COL,SEA,30005581,Wyatt Aamodt,shots_on_goal,rf_qrf_shots_on_goal,0.3.0,empirical_qrf,0.0,0.0,0.0,,3768324934500513378,2025-12-16 15:34:14.945871
2025-12-16,24500,COL,SEA,30005777,Ivan Ivan,shots_on_goal,rf_qrf_shots_on_goal,0.3.0,empirical_qrf,0.006084213995923086,0.0,0.013614760972882306,,3768324934500513378,2025-12-16 15:34:14.945871
2025-12-16,24500,COL,SEA,30006033,Jason Polin,shots_on_goal,rf_qrf_shots_on_goal,0.3.0,empirical_qrf,0.0,0.0,0.0,,3768324934500513378,2025-12-16 15:34:14.945871
2025-12-16,24500,COL,SEA,30006036,Sam Malinski,shots_on_goal,rf_qrf_shots_on_goal,0.3.0,empirical_qrf,0.04596985345252794,0.0,0.10526315789473684,,3768324934500513378,2025-12-16 15:34:14.945871
2025-12-16,24500,COL,SEA,30006255,Maros Jedlicka,shots_on_goal,rf_qrf_shots_on_goal,0.3.0,empirical_qrf,0.007258510556644756,0.0,0.01497766917718299,,3768324934500513378,2025-12-16 15:34:14.945871
2025-12-16,24500,COL,SEA,30006377,Noah Ganske,shots_on_goal,rf_qrf_shots_on_goal,0.3.0,empirical_qrf,0.015748373511032653,0.012869628093494444,0.01890718464886852,,3768324934500513378,2025-12-16 15:34:14.945871
2025-12-16,24500,COL,SEA,30004757,Jack Ahcan,shots_on_goal,rf_qrf_shots_on_goal,0.3.0,empirical_qrf,0.07773107316885662,0.020763422818791948,0.14130783325698582,,3768324934500513378,2025-12-16 15:34:14.945871
2025-12-16,24500,COL,SEA,30004842,Danil Gushchin,shots_on_goal,rf_qrf_shots_on_goal,0.3.0,empirical_qrf,0.04596985345252794,0.0,0.10526315789473684,,3768324934500513378,2025-12-16 15:34:14.945871
2025-12-16,24500,COL,SEA,30004938,Ilya Solovyov,shots_on_goal,rf_qrf_shots_on_goal,0.3.0,empirical_qrf,0.06974205630392977,0.0,0.13636363636363635,,3768324934500513378,2025-12-16 15:34:14.945871
2025-12-16,24500,COL,SEA,30005213,Tyler Inamoto,shots_on_goal,rf_qrf_shots_on_goal,0.3.0,empirical_qrf,0.1795097248067104,0.10744086021505377,0.25393960430406115,,3768324934500513378,2025-12-16 15:34:14.945871
2025-12-16,24500,COL,SEA,30005391,Tristen Nielsen,shots_on_goal,rf_qrf_shots_on_goal,0.3.0,empirical_qrf,0.048387825137825136,0.0,0.2,,3768324934500513378,2025-12-16 15:34:14.945871
2025-12-16,24500,COL,SEA,30005470,Zakhar Bardakov,shots_on_goal,rf_qrf_shots_on_goal,0.3.0,empirical_qrf,0.1798227250594869,0.0,0.33478260869565246,,3768324934500513378,2025-12-16 15:34:14.945871
2025-12-16,24500,COL,SEA,30004191,Logan O'Connor,shots_on_goal,rf_qrf_shots_on_goal,0.3.0,empirical_qrf,0.0,0.0,0.0,,3768324934500513378,2025-12-16 15:34:14.945871
2025-12-16,24500,COL,SEA,30004393,Tye Felhaber,shots_on_goal,rf_qrf_shots_on_goal,0.3.0,empirical_qrf,0.07773107316885662,0.020763422818791948,0.14130783325698582,,3768324934500513378,2025-12-16 15:34:14.945871
2025-12-16,24500,COL,SEA,30004461,Joel Kiviranta,shots_on_goal,rf_qrf_shots_on_goal,0.3.0,empirical_qrf,0.0,0.0,0.0,,3768324934500513378,2025-12-16 15:34:14.945871
2025-12-16,24500,COL,SEA,30004557,Ronnie Attard,shots_on_goal,rf_qrf_shots_on_goal,0.3.0,empirical_qrf,0.015748373511032653,0.012869628093494444,0.01890718464886852,,3768324934500513378,2025-12-16 15:34:14.945871
2025-12-16,24500,COL,SEA,30004569,Matthew Stienburg,shots_on_goal,rf_qrf_shots_on_goal,0.3.0,empirical_qrf,0.07773107316885662,0.020763422818791948,0.14130783325698582,,3768324934500513378,2025-12-16 15:34:14.945871
2025-12-16,24500,COL,SEA,30004668,Trent Miner,shots_on_goal,rf_qrf_shots_on_goal,0.3.0,empirical_qrf,0.015748373511032653,0.012869628093494444,0.01890718464886852,,3768324934500513378,2025-12-16 15:34:14.945871
2025-12-16,24500,COL,SEA,30003894,Kyle Keyser,shots_on_goal,rf_qrf_shots_on_goal,0.3.0,empirical_qrf,0.015748373511032653,0.012869628093494444,0.01890718464886852,,3768324934500513378,2025-12-16 15:34:14.945871
2025-12-16,24500,COL,SEA,30003898,Parker Kelly,shots_on_goal,rf_qrf_shots_on_goal,0.3.0,empirical_qrf,0.08122214625188717,0.041429753042656274,0.12560952632173947,,3768324934500513378,2025-12-16 15:34:14.945871
2025-12-16,24500,COL,SEA,30003947,Ross Colton,shots_on_goal,rf_qrf_shots_on_goal,0.3.0,empirical_qrf,0.05080852340667601,0.0,0.12,,3768324934500513378,2025-12-16 15:34:14.945871
2025-12-16,24500,COL,SEA,30004026,Victor Olofsson,shots_on_goal,rf_qrf_shots_on_goal,0.3.0,empirical_qrf,0.0,0.0,0.0,,3768324934500513378,2025-12-16 15:34:14.945871
2025-12-16,24500,COL,SEA,30004119,Jake Wise,shots_on_goal,rf_qrf_shots_on_goal,0.3.0,empirical_qrf,0.015748373511032653,0.012869628093494444,0.01890718464886852,,3768324934500513378,2025-12-16 15:34:14.945871
2025-12-16,24500,COL,SEA,30004121,Jack Drury,shots_on_goal,rf_qrf_shots_on_goal,0.3.0,empirical_qrf,0.0,0.0,0.0,,3768324934500513378,2025-12-16 15:34:14.945871
2025-12-16,24500,COL,SEA,30003183,Samuel Girard,shots_on_goal,rf_qrf_shots_on_goal,0.3.0,empirical_qrf,0.07996091013233818,0.0,0.15641447368421058,,3768324934500513378,2025-12-16 15:34:14.945871
2025-12-16,24500,COL,SEA,30003488,Keaton Middleton,shots_on_goal,rf_qrf_shots_on_goal,0.3.0,empirical_qrf,0.0544906973675009,0.018867924528301886,0.10132442569151431,,3768324934500513378,2025-12-16 15:34:14.945871
2025-12-16,24500,COL,SEA,30003646,Cale Makar,shots_on_goal,rf_qrf_shots_on_goal,0.3.0,empirical_qrf,0.8998915343915345,0.0,2.4,,3768324934500513378,2025-12-16 15:34:14.945871
2025-12-16,24500,COL,SEA,30003654,Martin Necas,shots_on_goal,rf_qrf_shots_on_goal,0.3.0,empirical_qrf,0.06497222222222222,0.0,0.0,,3768324934500513378,2025-12-16 15:34:14.945871
2025-12-16,24500,COL,SEA,30003772,Alex Barré-Boulet,shots_on_goal,rf_qrf_shots_on_goal,0.3.0,empirical_qrf,0.07773107316885662,0.020763422818791948,0.14130783325698582,,3768324934500513378,2025-12-16 15:34:14.945871
2025-12-16,24500,COL,SEA,30003800,Jacob MacDonald,shots_on_goal,rf_qrf_shots_on_goal,0.3.0,empirical_qrf,0.015748373511032653,0.012869628093494444,0.01890718464886852,,3768324934500513378,2025-12-16 15:34:14.945871
2025-12-16,24500,COL,SEA,30000903,Gabriel Landeskog,shots_on_goal,rf_qrf_shots_on_goal,0.3.0,empirical_qrf,0.2010674603174603,0.0,1.0,,3768324934500513378,2025-12-16 15:34:14.945871
2025-12-16,24500,COL,SEA,30000904,Nathan MacKinnon,shots_on_goal,rf_qrf_shots_on_goal,0.3.0,empirical_qrf,0.27649074074074076,0.0,1.5,,3768324934500513378,2025-12-16 15:34:14.945871
2025-12-16,24500,COL,SEA,30001000,Brock Nelson,shots_on_goal,rf_qrf_shots_on_goal,0.3.0,empirical_qrf,0.15637055836320543,0.0,0.3647727272727275,,3768324934500513378,2025-12-16 15:34:14.945871
2025-12-16,24500,COL,SEA,30002512,Artturi Lehkonen,shots_on_goal,rf_qrf_shots_on_goal,0.3.0,empirical_qrf,0.6118994708994709,0.0,1.3333333333333333,,3768324934500513378,2025-12-16 15:34:14.945871
2025-12-16,24500,COL,SEA,30002779,Mackenzie Blackwood,shots_on_goal,rf_qrf_shots_on_goal,0.3.0,empirical_qrf,0.015748373511032653,0.012869628093494444,0.01890718464886852,,3768324934500513378,2025-12-16 15:34:14.945871
2025-12-16,24500,COL,SEA,30003087,Devon Toews,shots_on_goal,rf_qrf_shots_on_goal,0.3.0,empirical_qrf,0.017917267917267915,0.0,0.0,,3768324934500513378,2025-12-16 15:34:14.945871
2025-12-16,24501,CGY,SJ,30000032,Nazem Kadri,shots_on_goal,rf_qrf_shots_on_goal,0.3.0,empirical_qrf,0.03426984126984127,0.0,0.0,,3768324934500513378,2025-12-16 15:34:14.945871
2025-12-16,24501,CGY,SJ,30000103,Mikael Backlund,shots_on_goal,rf_qrf_shots_on_goal,0.3.0,empirical_qrf,0.0,0.0,0.0,,3768324934500513378,2025-12-16 15:34:14.945871
2025-12-16,24501,CGY,SJ,30000237,MacKenzie Weegar,shots_on_goal,rf_qrf_shots_on_goal,0.3.0,empirical_qrf,0.04596985345252794,0.0,0.10526315789473684,,3768324934500513378,2025-12-16 15:34:14.945871
2025-12-16,24501,CGY,SJ,30000311,Blake Coleman,shots_on_goal,rf_qrf_shots_on_goal,0.3.0,empirical_qrf,0.06799580777562611,0.0,0.15384615384615385,,3768324934500513378,2025-12-16 15:34:14.945871
2025-12-16,24501,CGY,SJ,30000766,Jonathan Huberdeau,shots_on_goal,rf_qrf_shots_on_goal,0.3.0,empirical_qrf,0.0,0.0,0.0,,3768324934500513378,2025-12-16 15:34:14.945871
2025-12-16,24501,CGY,SJ,30001029,Martin Frk,shots_on_goal,rf_qrf_shots_on_goal,0.3.0,empirical_qrf,0.33105230466437774,0.0,0.6,,3768324934500513378,2025-12-16 15:34:14.945871
2025-12-16,24501,SJ,CGY,30006468,Collin Graf,shots_on_goal,rf_qrf_shots_on_goal,0.3.0,empirical_qrf,0.06799580777562611,0.0,0.15384615384615385,,3768324934500513378,2025-12-16 15:34:14.945871
2025-12-16,24501,SJ,CGY,30006484,Sam Dickinson,shots_on_goal,rf_qrf_shots_on_goal,0.3.0,empirical_qrf,0.0,0.0,0.0,,3768324934500513378,2025-12-16 15:34:14.945871
2025-12-16,24501,SJ,CGY,30006491,Macklin Celebrini,shots_on_goal,rf_qrf_shots_on_goal,0.3.0,empirical_qrf,0.0,0.0,0.0,,3768324934500513378,2025-12-16 15:34:14.945871
2025-12-16,24501,CGY,SJ,30006136,Hunter Brzustewicz,shots_on_goal,rf_qrf_shots_on_goal,0.3.0,empirical_qrf,0.20902512817992697,0.0,0.5,,3768324934500513378,2025-12-16 15:34:14.945871
2025-12-16,24501,SJ,CGY,30006523,Igor Chernyshov,shots_on_goal,rf_qrf_shots_on_goal,0.3.0,empirical_qrf,0.007258510556644756,0.0,0.01497766917718299,,3768324934500513378,2025-12-16 15:34:14.945871
2025-12-16,24501,SJ,CGY,30006008,Nolan Burke,shots_on_goal,rf_qrf_shots_on_goal,0.3.0,empirical_qrf,0.015748373511032653,0.012869628093494444,0.01890718464886852,,3768324934500513378,2025-12-16 15:34:14.945871
2025-12-16,24501,SJ,CGY,30006066,Will Smith,shots_on_goal,rf_qrf_shots_on_goal,0.3.0,empirical_qrf,0.003601190476190476,0.0,0.0,,3768324934500513378,2025-12-16 15:34:14.945871
2025-12-16,24501,SJ,CGY,30006085,Quentin Musty,shots_on_goal,rf_qrf_shots_on_goal,0.3.0,empirical_qrf,0.016652980293199483,0.0,0.0,,3768324934500513378,2025-12-16 15:34:14.945871
2025-12-16,24501,SJ,CGY,30006114,Kasper Halttunen,shots_on_goal,rf_qrf_shots_on_goal,0.3.0,empirical_qrf,0.0,0.0,0.0,,3768324934500513378,2025-12-16 15:34:14.945871
2025-12-16,24501,SJ,CGY,30006189,Luca Cagnoni,shots_on_goal,rf_qrf_shots_on_goal,0.3.0,empirical_qrf,0.11491240822046916,0.0,0.23076923076923078,,3768324934500513378,2025-12-16 15:34:14.945871
2025-12-16,24501,SJ,CGY,30006307,Anthony Vincent,shots_on_goal,rf_qrf_shots_on_goal,0.3.0,empirical_qrf,0.026334942978313177,0.0,0.06135204081632656,,3768324934500513378,2025-12-16 15:34:14.945871
2025-12-16,24501,SJ,CGY,30005207,Ethan Cardwell,shots_on_goal,rf_qrf_shots_on_goal,0.3.0,empirical_qrf,0.011448412698412696,0.0,0.0,,3768324934500513378,2025-12-16 15:34:14.945871
2025-12-16,24501,SJ,CGY,30005602,Pavol Regenda,shots_on_goal,rf_qrf_shots_on_goal,0.3.0,empirical_qrf,0.0023863636363636366,0.0,0.0,,3768324934500513378,2025-12-16 15:34:14.945871
2025-12-16,24501,SJ,CGY,30005628,Yaroslav Askarov,shots_on_goal,rf_qrf_shots_on_goal,0.3.0,empirical_qrf,0.015748373511032653,0.012869628093494444,0.01890718464886852,,3768324934500513378,2025-12-16 15:34:14.945871
2025-12-16,24501,SJ,CGY,30005649,Filip Bystedt,shots_on_goal,rf_qrf_shots_on_goal,0.3.0,empirical_qrf,0.015748373511032653,0.012869628093494444,0.01890718464886852,,3768324934500513378,2025-12-16 15:34:14.945871
2025-12-16,24501,SJ,CGY,30005752,Patrick Giles,shots_on_goal,rf_qrf_shots_on_goal,0.3.0,empirical_qrf,0.004384604861202637,0.0,0.010050251256281407,,3768324934500513378,2025-12-16 15:34:14.945871
2025-12-16,24501,SJ,CGY,30005839,Jake Furlong,shots_on_goal,rf_qrf_shots_on_goal,0.3.0,empirical_qrf,0.015748373511032653,0.012869628093494444,0.01890718464886852,,3768324934500513378,2025-12-16 15:34:14.945871
2025-12-16,24501,SJ,CGY,30004654,Beck Warm,shots_on_goal,rf_qrf_shots_on_goal,0.3.0,empirical_qrf,0.015748373511032653,0.012869628093494444,0.01890718464886852,,3768324934500513378,2025-12-16 15:34:14.945871
2025-12-16,24501,SJ,CGY,30004811,Shakir Mukhamadullin,shots_on_goal,rf_qrf_shots_on_goal,0.3.0,empirical_qrf,0.20902512817992697,0.0,0.5,,3768324934500513378,2025-12-16 15:34:14.945871
2025-12-16,24501,SJ,CGY,30004995,William Eklund,shots_on_goal,rf_qrf_shots_on_goal,0.3.0,empirical_qrf,0.0002380952380952381,0.0,0.0,,3768324934500513378,2025-12-16 15:34:14.945871
2025-12-16,24501,SJ,CGY,30005013,Zack Ostapchuk,shots_on_goal,rf_qrf_shots_on_goal,0.3.0,empirical_qrf,0.13826190330218077,0.04592476489028213,0.239625,,3768324934500513378,2025-12-16 15:34:14.945871
2025-12-16,24501,SJ,CGY,30005031,Vincent Iorio,shots_on_goal,rf_qrf_shots_on_goal,0.3.0,empirical_qrf,0.13826190330218077,0.04592476489028213,0.239625,,3768324934500513378,2025-12-16 15:34:14.945871
2025-12-16,24501,SJ,CGY,30005081,Cole Clayton,shots_on_goal,rf_qrf_shots_on_goal,0.3.0,empirical_qrf,0.111103031359726,0.0,0.2727272727272727,,3768324934500513378,2025-12-16 15:34:14.945871
2025-12-16,24501,SJ,CGY,30003937,Vincent Desharnais,shots_on_goal,rf_qrf_shots_on_goal,0.3.0,empirical_qrf,0.07773107316885662,0.020763422818791948,0.14130783325698582,,3768324934500513378,2025-12-16 15:34:14.945871
2025-12-16,24501,SJ,CGY,30003989,Adam Gaudette,shots_on_goal,rf_qrf_shots_on_goal,0.3.0,empirical_qrf,0.2554051226551226,0.0,0.6,,3768324934500513378,2025-12-16 15:34:14.945871
2025-12-16,24501,SJ,CGY,30004092,Ty Dellandrea,shots_on_goal,rf_qrf_shots_on_goal,0.3.0,empirical_qrf,0.17868840908445616,0.0,0.40054054054054067,,3768324934500513378,2025-12-16 15:34:14.945871
2025-12-16,24501,SJ,CGY,30004123,Philipp Kurashev,shots_on_goal,rf_qrf_shots_on_goal,0.3.0,empirical_qrf,0.13826190330218077,0.04592476489028213,0.239625,,3768324934500513378,2025-12-16 15:34:14.945871
2025-12-16,24501,SJ,CGY,30004136,Jakub Skarek,shots_on_goal,rf_qrf_shots_on_goal,0.3.0,empirical_qrf,0.015748373511032653,0.012869628093494444,0.01890718464886852,,3768324934500513378,2025-12-16 15:34:14.945871
2025-12-16,24501,SJ,CGY,30004392,Jimmy Huntington,shots_on_goal,rf_qrf_shots_on_goal,0.3.0,empirical_qrf,0.007258510556644756,0.0,0.01497766917718299,,3768324934500513378,2025-12-16 15:34:14.945871
2025-12-16,24501,SJ,CGY,30001301,Ryan Reaves,shots_on_goal,rf_qrf_shots_on_goal,0.3.0,empirical_qrf,0.015748373511032653,0.012869628093494444,0.01890718464886852,,3768324934500513378,2025-12-16 15:34:14.945871
2025-12-16,24501,SJ,CGY,30002590,Alex Nedeljkovic,shots_on_goal,rf_qrf_shots_on_goal,0.3.0,empirical_qrf,0.015748373511032653,0.012869628093494444,0.01890718464886852,,3768324934500513378,2025-12-16 15:34:14.945871
2025-12-16,24501,SJ,CGY,30002693,Aaron Dell,shots_on_goal,rf_qrf_shots_on_goal,0.3.0,empirical_qrf,0.08928968253968254,0.0,0.3333333333333333,,3768324934500513378,2025-12-16 15:34:14.945871
2025-12-16,24501,SJ,CGY,30003648,Timothy Liljegren,shots_on_goal,rf_qrf_shots_on_goal,0.3.0,empirical_qrf,0.004384604861202637,0.0,0.010050251256281407,,3768324934500513378,2025-12-16 15:34:14.945871
2025-12-16,24501,SJ,CGY,30003651,Shane Bowers,shots_on_goal,rf_qrf_shots_on_goal,0.3.0,empirical_qrf,0.04493530431201541,0.0,0.09375,,3768324934500513378,2025-12-16 15:34:14.945871
2025-12-16,24501,SJ,CGY,30003693,Mario Ferraro,shots_on_goal,rf_qrf_shots_on_goal,0.3.0,empirical_qrf,0.007258510556644756,0.0,0.01497766917718299,,3768324934500513378,2025-12-16 15:34:14.945871
2025-12-16,24501,SJ,CGY,30000287,Nick Leddy,shots_on_goal,rf_qrf_shots_on_goal,0.3.0,empirical_qrf,0.004384604861202637,0.0,0.010050251256281407,,3768324934500513378,2025-12-16 15:34:14.945871
2025-12-16,24501,SJ,CGY,30000384,Dmitry Orlov,shots_on_goal,rf_qrf_shots_on_goal,0.3.0,empirical_qrf,0.03249794408264003,0.0,0.07692307692307693,,3768324934500513378,2025-12-16 15:34:14.945871
2025-12-16,24501,SJ,CGY,30000426,Alexander Wennberg,shots_on_goal,rf_qrf_shots_on_goal,0.3.0,empirical_qrf,0.004102063351339835,0.0,0.0,,3768324934500513378,2025-12-16 15:34:14.945871
2025-12-16,24501,SJ,CGY,30000642,Jeff Skinner,shots_on_goal,rf_qrf_shots_on_goal,0.3.0,empirical_qrf,0.13405999787249787,0.0,0.3333333333333333,,3768324934500513378,2025-12-16 15:34:14.945871
2025-12-16,24501,SJ,CGY,30000754,John Klingberg,shots_on_goal,rf_qrf_shots_on_goal,0.3.0,empirical_qrf,0.0,0.0,0.0,,3768324934500513378,2025-12-16 15:34:14.945871
2025-12-16,24501,SJ,CGY,30000914,Barclay Goodrow,shots_on_goal,rf_qrf_shots_on_goal,0.3.0,empirical_qrf,0.0,0.0,0.0,,3768324934500513378,2025-12-16 15:34:14.945871
2025-12-16,24501,CGY,SJ,30006371,Matt Radomsky,shots_on_goal,rf_qrf_shots_on_goal,0.3.0,empirical_qrf,0.015748373511032653,0.012869628093494444,0.01890718464886852,,3768324934500513378,2025-12-16 15:34:14.945871
2025-12-16,24501,CGY,SJ,30006372,Connor Murphy,shots_on_goal,rf_qrf_shots_on_goal,0.3.0,empirical_qrf,0.015748373511032653,0.012869628093494444,0.01890718464886852,,3768324934500513378,2025-12-16 15:34:14.945871
2025-12-16,24501,SJ,CGY,30000007,Carey Price,shots_on_goal,rf_qrf_shots_on_goal,0.3.0,empirical_qrf,0.015748373511032653,0.012869628093494444,0.01890718464886852,,3768324934500513378,2025-12-16 15:34:14.945871
2025-12-16,24501,SJ,CGY,30000128,Logan Couture,shots_on_goal,rf_qrf_shots_on_goal,0.3.0,empirical_qrf,0.015748373511032653,0.012869628093494444,0.01890718464886852,,3768324934500513378,2025-12-16 15:34:14.945871
2025-12-16,24501,SJ,CGY,30000157,Tyler Toffoli,shots_on_goal,rf_qrf_shots_on_goal,0.3.0,empirical_qrf,0.004722222222222221,0.0,0.0,,3768324934500513378,2025-12-16 15:34:14.945871
2025-12-16,24501,SJ,CGY,30000182,Ryan Ellis,shots_on_goal,rf_qrf_shots_on_goal,0.3.0,empirical_qrf,0.015748373511032653,0.012869628093494444,0.01890718464886852,,3768324934500513378,2025-12-16 15:34:14.945871
2025-12-16,24501,CGY,SJ,30005142,Rory Kerins,shots_on_goal,rf_qrf_shots_on_goal,0.3.0,empirical_qrf,0.003601190476190476,0.0,0.0,,3768324934500513378,2025-12-16 15:34:14.945871
2025-12-16,24501,CGY,SJ,30005297,Nick Cicek,shots_on_goal,rf_qrf_shots_on_goal,0.3.0,empirical_qrf,0.1795097248067104,0.10744086021505377,0.25393960430406115,,3768324934500513378,2025-12-16 15:34:14.945871
2025-12-16,24501,CGY,SJ,30005595,Adam Klapka,shots_on_goal,rf_qrf_shots_on_goal,0.3.0,empirical_qrf,0.20902512817992697,0.0,0.5,,3768324934500513378,2025-12-16 15:34:14.945871
2025-12-16,24501,CGY,SJ,30005729,Parker Bell,shots_on_goal,rf_qrf_shots_on_goal,0.3.0,empirical_qrf,0.015748373511032653,0.012869628093494444,0.01890718464886852,,3768324934500513378,2025-12-16 15:34:14.945871
2025-12-16,24501,CGY,SJ,30006084,Samuel Honzek,shots_on_goal,rf_qrf_shots_on_goal,0.3.0,empirical_qrf,0.04596985345252794,0.0,0.10526315789473684,,3768324934500513378,2025-12-16 15:34:14.945871
2025-12-16,24501,CGY,SJ,30006111,Etienne Morin,shots_on_goal,rf_qrf_shots_on_goal,0.3.0,empirical_qrf,0.06343062908345178,0.0,0.13793103448275862,,3768324934500513378,2025-12-16 15:34:14.945871
2025-12-16,24501,CGY,SJ,30004855,Yan Kuznetsov,shots_on_goal,rf_qrf_shots_on_goal,0.3.0,empirical_qrf,0.07773107316885662,0.020763422818791948,0.14130783325698582,,3768324934500513378,2025-12-16 15:34:14.945871
2025-12-16,24501,CGY,SJ,30004869,Jeremie Poirier,shots_on_goal,rf_qrf_shots_on_goal,0.3.0,empirical_qrf,0.015748373511032653,0.012869628093494444,0.01890718464886852,,3768324934500513378,2025-12-16 15:34:14.945871
2025-12-16,24501,CGY,SJ,30004925,Daniil Miromanov,shots_on_goal,rf_qrf_shots_on_goal,0.3.0,empirical_qrf,0.004384604861202637,0.0,0.010050251256281407,,3768324934500513378,2025-12-16 15:34:14.945871
2025-12-16,24501,CGY,SJ,30004993,Matt Coronato,shots_on_goal,rf_qrf_shots_on_goal,0.3.0,empirical_qrf,0.0,0.0,0.0,,3768324934500513378,2025-12-16 15:34:14.945871
2025-12-16,24501,CGY,SJ,30005038,William Stromgren,shots_on_goal,rf_qrf_shots_on_goal,0.3.0,empirical_qrf,0.015748373511032653,0.012869628093494444,0.01890718464886852,,3768324934500513378,2025-12-16 15:34:14.945871
2025-12-16,24501,CGY,SJ,30005139,Lucas Ciona,shots_on_goal,rf_qrf_shots_on_goal,0.3.0,empirical_qrf,0.015748373511032653,0.012869628093494444,0.01890718464886852,,3768324934500513378,2025-12-16 15:34:14.945871
2025-12-16,24501,CGY,SJ,30004310,Brayden Pachal,shots_on_goal,rf_qrf_shots_on_goal,0.3.0,empirical_qrf,0.004102063351339835,0.0,0.0,,3768324934500513378,2025-12-16 15:34:14.945871
2025-12-16,24501,CGY,SJ,30004363,Martin Pospisil,shots_on_goal,rf_qrf_shots_on_goal,0.3.0,empirical_qrf,0.11491240822046916,0.0,0.23076923076923078,,3768324934500513378,2025-12-16 15:34:14.945871
2025-12-16,24501,CGY,SJ,30004493,John Beecher,shots_on_goal,rf_qrf_shots_on_goal,0.3.0,empirical_qrf,0.0,0.0,0.0,,3768324934500513378,2025-12-16 15:34:14.945871
2025-12-16,24501,CGY,SJ,30004665,Dustin Wolf,shots_on_goal,rf_qrf_shots_on_goal,0.3.0,empirical_qrf,0.015748373511032653,0.012869628093494444,0.01890718464886852,,3768324934500513378,2025-12-16 15:34:14.945871
2025-12-16,24501,CGY,SJ,30004791,Devin Cooley,shots_on_goal,rf_qrf_shots_on_goal,0.3.0,empirical_qrf,0.015748373511032653,0.012869628093494444,0.01890718464886852,,3768324934500513378,2025-12-16 15:34:14.945871
2025-12-16,24501,CGY,SJ,30004823,Connor Zary,shots_on_goal,rf_qrf_shots_on_goal,0.3.0,empirical_qrf,0.0,0.0,0.0,,3768324934500513378,2025-12-16 15:34:14.945871
2025-12-16,24501,CGY,SJ,30003145,Jake Bean,shots_on_goal,rf_qrf_shots_on_goal,0.3.0,empirical_qrf,0.08122214625188717,0.041429753042656274,0.12560952632173947,,3768324934500513378,2025-12-16 15:34:14.945871
2025-12-16,24501,CGY,SJ,30003418,Alex Gallant,shots_on_goal,rf_qrf_shots_on_goal,0.3.0,empirical_qrf,0.015748373511032653,0.012869628093494444,0.01890718464886852,,3768324934500513378,2025-12-16 15:34:14.945871
2025-12-16,24501,CGY,SJ,30003656,Morgan Frost,shots_on_goal,rf_qrf_shots_on_goal,0.3.0,empirical_qrf,0.0,0.0,0.0,,3768324934500513378,2025-12-16 15:34:14.945871
2025-12-16,24501,CGY,SJ,30004089,Joel Farabee,shots_on_goal,rf_qrf_shots_on_goal,0.3.0,empirical_qrf,0.010064814814814816,0.0,0.0,,3768324934500513378,2025-12-16 15:34:14.945871
2025-12-16,24501,CGY,SJ,30004162,Kevin Bahl,shots_on_goal,rf_qrf_shots_on_goal,0.3.0,empirical_qrf,0.004102063351339835,0.0,0.0,,3768324934500513378,2025-12-16 15:34:14.945871
2025-12-16,24501,CGY,SJ,30004190,Yegor Sharangovich,shots_on_goal,rf_qrf_shots_on_goal,0.3.0,empirical_qrf,0.013606060606060606,0.0,0.0,,3768324934500513378,2025-12-16 15:34:14.945871
2025-12-16,24501,CGY,SJ,30001133,Rasmus Andersson,shots_on_goal,rf_qrf_shots_on_goal,0.3.0,empirical_qrf,0.004384604861202637,0.0,0.010050251256281407,,3768324934500513378,2025-12-16 15:34:14.945871
2025-12-16,24501,CGY,SJ,30001248,Joel Hanley,shots_on_goal,rf_qrf_shots_on_goal,0.3.0,empirical_qrf,0.111103031359726,0.0,0.2727272727272727,,3768324934500513378,2025-12-16 15:34:14.945871
2025-12-16,24501,CGY,SJ,30002217,Ryan Lomberg,shots_on_goal,rf_qrf_shots_on_goal,0.3.0,empirical_qrf,0.06974205630392977,0.0,0.13636363636363635,,3768324934500513378,2025-12-16 15:34:14.945871
2025-12-16,24501,CGY,SJ,30002595,Justin Kirkland,shots_on_goal,rf_qrf_shots_on_goal,0.3.0,empirical_qrf,0.004384604861202637,0.0,0.010050251256281407,,3768324934500513378,2025-12-16 15:34:14.945871
2025-12-16,24501,CGY,SJ,30002668,Clark Bishop,shots_on_goal,rf_qrf_shots_on_goal,0.3.0,empirical_qrf,0.012260262855698232,0.0030385926130606982,0.0220125786163522,,3768324934500513378,2025-12-16 15:34:14.945871
2025-12-16,24501,CGY,SJ,30003001,Dryden Hunt,shots_on_goal,rf_qrf_shots_on_goal,0.3.0,empirical_qrf,0.0,0.0,0.0,,3768324934500513378,2025-12-16 15:34:14.945871
2025-12-16,24492,CHI,TOR,,,total_goals,ets_sum_team_goals,0.3.0,ets_sum,15.814484607115418,0.0,0.0,,3768324934500513378,2025-12-16 15:34:15.616974
2025-12-16,24493,ANA,CBJ,,,total_goals,ets_sum_team_goals,0.3.0,ets_sum,15.791931519850621,0.0,0.0,,3768324934500513378,2025-12-16 15:34:15.617156
2025-12-16,24494,EDM,PIT,,,total_goals,ets_sum_team_goals,0.3.0,ets_sum,17.09772497635361,0.0,0.0,,3768324934500513378,2025-12-16 15:34:15.617319
2025-12-16,24495,VAN,NYR,,,total_goals,ets_sum_team_goals,0.3.0,ets_sum,16.024045135380565,0.0,0.0,,3768324934500513378,2025-12-16 15:34:15.617476
2025-12-16,24496,PHI,MON,,,total_goals,ets_sum_team_goals,0.3.0,ets_sum,15.453787713744026,0.0,0.0,,3768324934500513378,2025-12-16 15:34:15.617631
2025-12-16,24497,NYI,DET,,,total_goals,ets_sum_team_goals,0.3.0,ets_sum,15.011996505872663,0.0,0.0,,3768324934500513378,2025-12-16 15:34:15.617812
2025-12-16,24498,UTA,BOS,,,total_goals,ets_sum_team_goals,0.3.0,ets_sum,15.191847905597571,0.0,0.0,,3768324934500513378,2025-12-16 15:34:15.617966
2025-12-16,24499,WAS,MIN,,,total_goals,ets_sum_team_goals,0.3.0,ets_sum,13.530886445065093,0.0,0.0,,3768324934500513378,2025-12-16 15:34:15.618120
2025-12-16,24500,COL,SEA,,,total_goals,ets_sum_team_goals,0.3.0,ets_sum,16.390330373434036,0.0,0.0,,3768324934500513378,2025-12-16 15:34:15.618269
2025-12-16,24501,CGY,SJ,,,total_goals,ets_sum_team_goals,0.3.0,ets_sum,13.564872660325001,0.0,0.0,,3768324934500513378,2025-12-16 15:34:15.618416
