date,game_id,team,opponent,player_id,name,target,model_name,model_version,distribution,lambda_or_mu,q10,q90,p_ge_k_json,run_id,created_ts
2026-01-12,24689,TB,PHI,30000428,Oliver Bjorkstrand,points,rf_qrf_points,0.3.0,empirical_qrf,0.0,0.0,0.0,,2662215555207871876,2026-01-12 13:58:57.299541
2026-01-12,24689,TB,PHI,30000477,Nick Paul,points,rf_qrf_points,0.3.0,empirical_qrf,0.0,0.0,0.0,,2662215555207871876,2026-01-12 13:58:57.299541
2026-01-12,24689,TB,PHI,30000502,Zemgus Girgensons,points,rf_qrf_points,0.3.0,empirical_qrf,0.0,0.0,0.0,,2662215555207871876,2026-01-12 13:58:57.299541
2026-01-12,24689,TB,PHI,30000737,Victor Hedman,points,rf_qrf_points,0.3.0,empirical_qrf,0.0,0.0,0.0,,2662215555207871876,2026-01-12 13:58:57.299541
2026-01-12,24689,TB,PHI,30000742,Brayden Point,points,rf_qrf_points,0.3.0,empirical_qrf,0.0,0.0,0.0,,2662215555207871876,2026-01-12 13:58:57.299541
2026-01-12,24689,TB,PHI,30001047,Nikita Kucherov,points,rf_qrf_points,0.3.0,empirical_qrf,0.0,0.0,0.0,,2662215555207871876,2026-01-12 13:58:57.299541
2026-01-12,24689,PHI,TB,30004144,Adam Ginning,points,rf_qrf_points,0.3.0,empirical_qrf,0.0,0.0,0.0,,2662215555207871876,2026-01-12 13:58:57.299541
2026-01-12,24689,PHI,TB,30006061,Matvei Michkov,points,rf_qrf_points,0.3.0,empirical_qrf,0.0,0.0,0.0,,2662215555207871876,2026-01-12 13:58:57.299541
2026-01-12,24689,PHI,TB,30006075,Oliver Bonk,points,rf_qrf_points,0.3.0,empirical_qrf,0.0,0.0,0.0,,2662215555207871876,2026-01-12 13:58:57.299541
2026-01-12,24689,PHI,TB,30006100,Carson Bjarnason,points,rf_qrf_points,0.3.0,empirical_qrf,0.0,0.0,0.0,,2662215555207871876,2026-01-12 13:58:57.299541
2026-01-12,24689,PHI,TB,30006135,Denver Barkey,points,rf_qrf_points,0.3.0,empirical_qrf,0.0,0.0,0.0,,2662215555207871876,2026-01-12 13:58:57.299541
2026-01-12,24689,TB,PHI,30005698,Michael Milne,points,rf_qrf_points,0.3.0,empirical_qrf,0.0,0.0,0.0,,2662215555207871876,2026-01-12 13:58:57.299541
2026-01-12,24689,PHI,TB,30004488,Philip Tomasino,points,rf_qrf_points,0.3.0,empirical_qrf,0.0,0.0,0.0,,2662215555207871876,2026-01-12 13:58:57.299541
2026-01-12,24689,PHI,TB,30005345,Roman Schmidt,points,rf_qrf_points,0.3.0,empirical_qrf,0.0,0.0,0.0,,2662215555207871876,2026-01-12 13:58:57.299541
2026-01-12,24689,PHI,TB,30005397,Noah Cates,points,rf_qrf_points,0.3.0,empirical_qrf,0.0,0.0,0.0,,2662215555207871876,2026-01-12 13:58:57.299541
2026-01-12,24689,PHI,TB,30005401,Aleksei Kolosov,points,rf_qrf_points,0.3.0,empirical_qrf,0.0,0.0,0.0,,2662215555207871876,2026-01-12 13:58:57.299541
2026-01-12,24689,PHI,TB,30005756,Tucker Robertson,points,rf_qrf_points,0.3.0,empirical_qrf,0.0,0.0,0.0,,2662215555207871876,2026-01-12 13:58:57.299541
2026-01-12,24689,PHI,TB,30005958,Nikita Grebenkin,points,rf_qrf_points,0.3.0,empirical_qrf,0.0,0.0,0.0,,2662215555207871876,2026-01-12 13:58:57.299541
2026-01-12,24689,PHI,TB,30006045,Yaniv Perets,points,rf_qrf_points,0.3.0,empirical_qrf,0.0,0.0,0.0,,2662215555207871876,2026-01-12 13:58:57.299541
2026-01-12,24689,PHI,TB,30004800,Jamie Drysdale,points,rf_qrf_points,0.3.0,empirical_qrf,0.0,0.0,0.0,,2662215555207871876,2026-01-12 13:58:57.299541
2026-01-12,24689,PHI,TB,30004801,Tyson Foerster,points,rf_qrf_points,0.3.0,empirical_qrf,0.0,0.0,0.0,,2662215555207871876,2026-01-12 13:58:57.299541
2026-01-12,24689,PHI,TB,30004824,Emil Andrae,points,rf_qrf_points,0.3.0,empirical_qrf,0.0,0.0,0.0,,2662215555207871876,2026-01-12 13:58:57.299541
2026-01-12,24689,PHI,TB,30004839,Helge Grans,points,rf_qrf_points,0.3.0,empirical_qrf,0.0,0.0,0.0,,2662215555207871876,2026-01-12 13:58:57.299541
2026-01-12,24689,PHI,TB,30005234,Vincent Sevigny,points,rf_qrf_points,0.3.0,empirical_qrf,0.0,0.0,0.0,,2662215555207871876,2026-01-12 13:58:57.299541
2026-01-12,24689,PHI,TB,30005293,Artem Guryev,points,rf_qrf_points,0.3.0,empirical_qrf,0.0,0.0,0.0,,2662215555207871876,2026-01-12 13:58:57.299541
2026-01-12,24689,PHI,TB,30004002,Cooper Marody,points,rf_qrf_points,0.3.0,empirical_qrf,0.0,0.0,0.0,,2662215555207871876,2026-01-12 13:58:57.299541
2026-01-12,24689,PHI,TB,30004154,Xavier Bernard,points,rf_qrf_points,0.3.0,empirical_qrf,0.0,0.0,0.0,,2662215555207871876,2026-01-12 13:58:57.299541
2026-01-12,24689,PHI,TB,30004406,Samuel Ersson,points,rf_qrf_points,0.3.0,empirical_qrf,0.0,0.0,0.0,,2662215555207871876,2026-01-12 13:58:57.299541
2026-01-12,24689,PHI,TB,30004481,Trevor Zegras,points,rf_qrf_points,0.3.0,empirical_qrf,0.0,0.0,0.0,,2662215555207871876,2026-01-12 13:58:57.299541
2026-01-12,24689,PHI,TB,30004484,Cam York,points,rf_qrf_points,0.3.0,empirical_qrf,0.0,0.0,0.0,,2662215555207871876,2026-01-12 13:58:57.299541
2026-01-12,24689,PHI,TB,30004508,Bobby Brink,points,rf_qrf_points,0.3.0,empirical_qrf,0.0,0.0,0.0,,2662215555207871876,2026-01-12 13:58:57.299541
2026-01-12,24689,PHI,TB,30003016,Nick Seeler,points,rf_qrf_points,0.3.0,empirical_qrf,0.0,0.0,0.0,,2662215555207871876,2026-01-12 13:58:57.299541
2026-01-12,24689,PHI,TB,30003171,Carl Grundstrom,points,rf_qrf_points,0.3.0,empirical_qrf,0.0,0.0,0.0,,2662215555207871876,2026-01-12 13:58:57.299541
2026-01-12,24689,PHI,TB,30003283,Lane Pederson,points,rf_qrf_points,0.3.0,empirical_qrf,0.0,0.0,0.0,,2662215555207871876,2026-01-12 13:58:57.299541
2026-01-12,24689,PHI,TB,30003500,Rodrigo Abols,points,rf_qrf_points,0.3.0,empirical_qrf,0.0,0.0,0.0,,2662215555207871876,2026-01-12 13:58:57.299541
2026-01-12,24689,PHI,TB,30003653,Owen Tippett,points,rf_qrf_points,0.3.0,empirical_qrf,0.0,0.0,0.0,,2662215555207871876,2026-01-12 13:58:57.299541
2026-01-12,24689,PHI,TB,30003733,Keith Petruzzelli,points,rf_qrf_points,0.3.0,empirical_qrf,0.0,0.0,0.0,,2662215555207871876,2026-01-12 13:58:57.299541
2026-01-12,24689,PHI,TB,30000942,Christian Dvorak,points,rf_qrf_points,0.3.0,empirical_qrf,0.0,0.0,0.0,,2662215555207871876,2026-01-12 13:58:57.299541
2026-01-12,24689,PHI,TB,30001201,Garnet Hathaway,points,rf_qrf_points,0.3.0,empirical_qrf,0.0,0.0,0.0,,2662215555207871876,2026-01-12 13:58:57.299541
2026-01-12,24689,PHI,TB,30001294,Rasmus Ristolainen,points,rf_qrf_points,0.3.0,empirical_qrf,0.0,0.0,0.0,,2662215555207871876,2026-01-12 13:58:57.299541
2026-01-12,24689,PHI,TB,30001312,Noah Juulsen,points,rf_qrf_points,0.3.0,empirical_qrf,0.0,0.0,0.0,,2662215555207871876,2026-01-12 13:58:57.299541
2026-01-12,24689,PHI,TB,30002786,Dan Vladar,points,rf_qrf_points,0.3.0,empirical_qrf,0.0,0.0,0.0,,2662215555207871876,2026-01-12 13:58:57.299541
2026-01-12,24689,PHI,TB,30002979,Anthony Richard,points,rf_qrf_points,0.3.0,empirical_qrf,0.0,0.0,0.0,,2662215555207871876,2026-01-12 13:58:57.299541
2026-01-12,24689,TB,PHI,30006329,Brendan Furry,points,rf_qrf_points,0.3.0,empirical_qrf,0.0,0.0,0.0,,2662215555207871876,2026-01-12 13:58:57.299541
2026-01-12,24689,PHI,TB,30000050,Sean Couturier,points,rf_qrf_points,0.3.0,empirical_qrf,0.0,0.0,0.0,,2662215555207871876,2026-01-12 13:58:57.299541
2026-01-12,24689,PHI,TB,30000234,Garrett Wilson,points,rf_qrf_points,0.3.0,empirical_qrf,0.0,0.0,0.0,,2662215555207871876,2026-01-12 13:58:57.299541
2026-01-12,24689,PHI,TB,30000349,Travis Konecny,points,rf_qrf_points,0.3.0,empirical_qrf,0.0,0.0,0.0,,2662215555207871876,2026-01-12 13:58:57.299541
2026-01-12,24689,PHI,TB,30000501,Nicolas Deslauriers,points,rf_qrf_points,0.3.0,empirical_qrf,0.0,0.0,0.0,,2662215555207871876,2026-01-12 13:58:57.299541
2026-01-12,24689,PHI,TB,30000624,Travis Sanheim,points,rf_qrf_points,0.3.0,empirical_qrf,0.0,0.0,0.0,,2662215555207871876,2026-01-12 13:58:57.299541
2026-01-12,24689,TB,PHI,30005768,Tommy Miller,points,rf_qrf_points,0.3.0,empirical_qrf,0.0,0.0,0.0,,2662215555207871876,2026-01-12 13:58:57.299541
2026-01-12,24689,TB,PHI,30005920,Dominic James,points,rf_qrf_points,0.3.0,empirical_qrf,0.0,0.0,0.0,,2662215555207871876,2026-01-12 13:58:57.299541
2026-01-12,24689,TB,PHI,30006012,Daniel Walker,points,rf_qrf_points,0.3.0,empirical_qrf,0.0,0.0,0.0,,2662215555207871876,2026-01-12 13:58:57.299541
2026-01-12,24689,TB,PHI,30006096,Ethan Gauthier,points,rf_qrf_points,0.3.0,empirical_qrf,0.0,0.0,0.0,,2662215555207871876,2026-01-12 13:58:57.299541
2026-01-12,24689,TB,PHI,30006311,Tristan Allard,points,rf_qrf_points,0.3.0,empirical_qrf,0.0,0.0,0.0,,2662215555207871876,2026-01-12 13:58:57.299541
2026-01-12,24689,TB,PHI,30006313,Gabriel Szturc,points,rf_qrf_points,0.3.0,empirical_qrf,0.0,0.0,0.0,,2662215555207871876,2026-01-12 13:58:57.299541
2026-01-12,24689,TB,PHI,30005044,J.J. Moser,points,rf_qrf_points,0.3.0,empirical_qrf,0.0,0.0,0.0,,2662215555207871876,2026-01-12 13:58:57.299541
2026-01-12,24689,TB,PHI,30005054,Matteo Pietroniro,points,rf_qrf_points,0.3.0,empirical_qrf,0.0,0.0,0.0,,2662215555207871876,2026-01-12 13:58:57.299541
2026-01-12,24689,TB,PHI,30005366,Emil Lilleberg,points,rf_qrf_points,0.3.0,empirical_qrf,0.0,0.0,0.0,,2662215555207871876,2026-01-12 13:58:57.299541
2026-01-12,24689,TB,PHI,30005421,Maxwell Crozier,points,rf_qrf_points,0.3.0,empirical_qrf,0.0,0.0,0.0,,2662215555207871876,2026-01-12 13:58:57.299541
2026-01-12,24689,TB,PHI,30005562,Declan Carlile,points,rf_qrf_points,0.3.0,empirical_qrf,0.0,0.0,0.0,,2662215555207871876,2026-01-12 13:58:57.299541
2026-01-12,24689,TB,PHI,30005740,Dyllan Gill,points,rf_qrf_points,0.3.0,empirical_qrf,0.0,0.0,0.0,,2662215555207871876,2026-01-12 13:58:57.299541
2026-01-12,24689,TB,PHI,30004631,Charle-Edouard D'Astous,points,rf_qrf_points,0.3.0,empirical_qrf,0.0,0.0,0.0,,2662215555207871876,2026-01-12 13:58:57.299541
2026-01-12,24689,TB,PHI,30004754,Mitchell Chaffee,points,rf_qrf_points,0.3.0,empirical_qrf,0.0,0.0,0.0,,2662215555207871876,2026-01-12 13:58:57.299541
2026-01-12,24689,TB,PHI,30004836,Jack Finley,points,rf_qrf_points,0.3.0,empirical_qrf,0.0,0.0,0.0,,2662215555207871876,2026-01-12 13:58:57.299541
2026-01-12,24689,TB,PHI,30004838,Gage Goncalves,points,rf_qrf_points,0.3.0,empirical_qrf,0.0,0.0,0.0,,2662215555207871876,2026-01-12 13:58:57.299541
2026-01-12,24689,TB,PHI,30004840,Maxim Groshev,points,rf_qrf_points,0.3.0,empirical_qrf,0.0,0.0,0.0,,2662215555207871876,2026-01-12 13:58:57.299541
2026-01-12,24689,TB,PHI,30004974,Pontus Holmberg,points,rf_qrf_points,0.3.0,empirical_qrf,0.0,0.0,0.0,,2662215555207871876,2026-01-12 13:58:57.299541
2026-01-12,24689,TB,PHI,30003478,Darren Raddysh,points,rf_qrf_points,0.3.0,empirical_qrf,0.0,0.0,0.0,,2662215555207871876,2026-01-12 13:58:57.299541
2026-01-12,24689,TB,PHI,30004182,Curtis Douglas,points,rf_qrf_points,0.3.0,empirical_qrf,0.0,0.0,0.0,,2662215555207871876,2026-01-12 13:58:57.299541
2026-01-12,24689,TB,PHI,30004280,Joel Teasdale,points,rf_qrf_points,0.3.0,empirical_qrf,0.0,0.0,0.0,,2662215555207871876,2026-01-12 13:58:57.299541
2026-01-12,24689,TB,PHI,30004487,Jakob Pelletier,points,rf_qrf_points,0.3.0,empirical_qrf,0.0,0.0,0.0,,2662215555207871876,2026-01-12 13:58:57.299541
2026-01-12,24689,TB,PHI,30004540,Reece Newkirk,points,rf_qrf_points,0.3.0,empirical_qrf,0.0,0.0,0.0,,2662215555207871876,2026-01-12 13:58:57.299541
2026-01-12,24689,TB,PHI,30004567,Simon Lundmark,points,rf_qrf_points,0.3.0,empirical_qrf,0.0,0.0,0.0,,2662215555207871876,2026-01-12 13:58:57.299541
2026-01-12,24689,TB,PHI,30002604,Brandon Halverson,points,rf_qrf_points,0.3.0,empirical_qrf,0.0,0.0,0.0,,2662215555207871876,2026-01-12 13:58:57.299541
2026-01-12,24689,TB,PHI,30002606,Jonas Johansson,points,rf_qrf_points,0.3.0,empirical_qrf,0.0,0.0,0.0,,2662215555207871876,2026-01-12 13:58:57.299541
2026-01-12,24689,TB,PHI,30002821,Erik Cernak,points,rf_qrf_points,0.3.0,empirical_qrf,0.0,0.0,0.0,,2662215555207871876,2026-01-12 13:58:57.299541
2026-01-12,24689,TB,PHI,30002845,Anthony Cirelli,points,rf_qrf_points,0.3.0,empirical_qrf,0.0,0.0,0.0,,2662215555207871876,2026-01-12 13:58:57.299541
2026-01-12,24689,TB,PHI,30002974,Kale Kessy,points,rf_qrf_points,0.3.0,empirical_qrf,0.0,0.0,0.0,,2662215555207871876,2026-01-12 13:58:57.299541
2026-01-12,24689,TB,PHI,30003250,Brandon Hagel,points,rf_qrf_points,0.3.0,empirical_qrf,0.0,0.0,0.0,,2662215555207871876,2026-01-12 13:58:57.299541
2026-01-12,24689,TB,PHI,30001084,Ryan McDonagh,points,rf_qrf_points,0.3.0,empirical_qrf,0.0,0.0,0.0,,2662215555207871876,2026-01-12 13:58:57.299541
2026-01-12,24689,TB,PHI,30001178,Yanni Gourde,points,rf_qrf_points,0.3.0,empirical_qrf,0.0,0.0,0.0,,2662215555207871876,2026-01-12 13:58:57.299541
2026-01-12,24689,TB,PHI,30001377,Andrei Vasilevskiy,points,rf_qrf_points,0.3.0,empirical_qrf,0.0,0.0,0.0,,2662215555207871876,2026-01-12 13:58:57.299541
2026-01-12,24689,TB,PHI,30002516,Steven Santini,points,rf_qrf_points,0.3.0,empirical_qrf,0.0,0.0,0.0,,2662215555207871876,2026-01-12 13:58:57.299541
2026-01-12,24689,TB,PHI,30002532,Jake Guentzel,points,rf_qrf_points,0.3.0,empirical_qrf,0.0,0.0,0.0,,2662215555207871876,2026-01-12 13:58:57.299541
2026-01-12,24689,TB,PHI,30002549,Scott Sabourin,points,rf_qrf_points,0.3.0,empirical_qrf,0.0,0.0,0.0,,2662215555207871876,2026-01-12 13:58:57.299541
2026-01-12,24690,SEA,NYR,30000303,Adam Larsson,points,rf_qrf_points,0.3.0,empirical_qrf,0.0,0.0,0.0,,2662215555207871876,2026-01-12 13:58:57.299541
2026-01-12,24690,SEA,NYR,30000460,Max McCormick,points,rf_qrf_points,0.3.0,empirical_qrf,0.0,0.0,0.0,,2662215555207871876,2026-01-12 13:58:57.299541
2026-01-12,24690,SEA,NYR,30000539,Jordan Eberle,points,rf_qrf_points,0.3.0,empirical_qrf,0.0,0.0,0.0,,2662215555207871876,2026-01-12 13:58:57.299541
2026-01-12,24690,SEA,NYR,30000577,Philipp Grubauer,points,rf_qrf_points,0.3.0,empirical_qrf,0.0,0.0,0.0,,2662215555207871876,2026-01-12 13:58:57.299541
2026-01-12,24690,SEA,NYR,30000596,Chandler Stephenson,points,rf_qrf_points,0.3.0,empirical_qrf,0.0,0.0,0.0,,2662215555207871876,2026-01-12 13:58:57.299541
2026-01-12,24690,SEA,NYR,30000629,Matt Murray,points,rf_qrf_points,0.3.0,empirical_qrf,0.0,0.0,0.0,,2662215555207871876,2026-01-12 13:58:57.299541
2026-01-12,24690,NYR,SEA,30006331,Brett Budgell,points,rf_qrf_points,0.3.0,empirical_qrf,0.0,0.0,0.0,,2662215555207871876,2026-01-12 13:58:57.299541
2026-01-12,24690,NYR,SEA,30000599,Anton Blidh,points,rf_qrf_points,0.3.0,empirical_qrf,0.0,0.0,0.0,,2662215555207871876,2026-01-12 13:58:57.299541
2026-01-12,24690,NYR,SEA,30001251,Justin Dowling,points,rf_qrf_points,0.3.0,empirical_qrf,0.0,0.0,0.0,,2662215555207871876,2026-01-12 13:58:57.299541
2026-01-12,24690,SEA,NYR,30006120,Oscar Fisker Molgaard,points,rf_qrf_points,0.3.0,empirical_qrf,0.0,0.0,0.0,,2662215555207871876,2026-01-12 13:58:57.299541
2026-01-12,24690,NYR,SEA,30005662,Adam Sykora,points,rf_qrf_points,0.3.0,empirical_qrf,0.0,0.0,0.0,,2662215555207871876,2026-01-12 13:58:57.299541
2026-01-12,24690,NYR,SEA,30005686,Bryce McConnell-Barker,points,rf_qrf_points,0.3.0,empirical_qrf,0.0,0.0,0.0,,2662215555207871876,2026-01-12 13:58:57.299541
2026-01-12,24690,NYR,SEA,30005883,Noah Laba,points,rf_qrf_points,0.3.0,empirical_qrf,0.0,0.0,0.0,,2662215555207871876,2026-01-12 13:58:57.299541
2026-01-12,24690,NYR,SEA,30006074,Gabe Perreault,points,rf_qrf_points,0.3.0,empirical_qrf,0.0,0.0,0.0,,2662215555207871876,2026-01-12 13:58:57.299541
2026-01-12,24690,NYR,SEA,30006118,Carey Terrance,points,rf_qrf_points,0.3.0,empirical_qrf,0.0,0.0,0.0,,2662215555207871876,2026-01-12 13:58:57.299541
2026-01-12,24690,NYR,SEA,30006174,Dylan Roobroeck,points,rf_qrf_points,0.3.0,empirical_qrf,0.0,0.0,0.0,,2662215555207871876,2026-01-12 13:58:57.299541
2026-01-12,24690,NYR,SEA,30005014,Scott Morrow,points,rf_qrf_points,0.3.0,empirical_qrf,0.0,0.0,0.0,,2662215555207871876,2026-01-12 13:58:57.299541
2026-01-12,24690,NYR,SEA,30005069,Christopher Merisier-Ortiz,points,rf_qrf_points,0.3.0,empirical_qrf,0.0,0.0,0.0,,2662215555207871876,2026-01-12 13:58:57.299541
2026-01-12,24690,NYR,SEA,30005183,Matt Rempe,points,rf_qrf_points,0.3.0,empirical_qrf,0.0,0.0,0.0,,2662215555207871876,2026-01-12 13:58:57.299541
2026-01-12,24690,NYR,SEA,30005223,Kyle Jackson,points,rf_qrf_points,0.3.0,empirical_qrf,0.0,0.0,0.0,,2662215555207871876,2026-01-12 13:58:57.299541
2026-01-12,24690,NYR,SEA,30005252,Adam Edstrom,points,rf_qrf_points,0.3.0,empirical_qrf,0.0,0.0,0.0,,2662215555207871876,2026-01-12 13:58:57.299541
2026-01-12,24690,NYR,SEA,30005563,Brandon Scanlin,points,rf_qrf_points,0.3.0,empirical_qrf,0.0,0.0,0.0,,2662215555207871876,2026-01-12 13:58:57.299541
2026-01-12,24690,NYR,SEA,30004820,Braden Schneider,points,rf_qrf_points,0.3.0,empirical_qrf,0.0,0.0,0.0,,2662215555207871876,2026-01-12 13:58:57.299541
2026-01-12,24690,NYR,SEA,30004832,Will Cuylle,points,rf_qrf_points,0.3.0,empirical_qrf,0.0,0.0,0.0,,2662215555207871876,2026-01-12 13:58:57.299541
2026-01-12,24690,NYR,SEA,30004887,Brett Berard,points,rf_qrf_points,0.3.0,empirical_qrf,0.0,0.0,0.0,,2662215555207871876,2026-01-12 13:58:57.299541
2026-01-12,24690,NYR,SEA,30004896,Dylan Garand,points,rf_qrf_points,0.3.0,empirical_qrf,0.0,0.0,0.0,,2662215555207871876,2026-01-12 13:58:57.299541
2026-01-12,24690,NYR,SEA,30004968,Juuso Parssinen,points,rf_qrf_points,0.3.0,empirical_qrf,0.0,0.0,0.0,,2662215555207871876,2026-01-12 13:58:57.299541
2026-01-12,24690,NYR,SEA,30004987,Brennan Othmann,points,rf_qrf_points,0.3.0,empirical_qrf,0.0,0.0,0.0,,2662215555207871876,2026-01-12 13:58:57.299541
2026-01-12,24690,NYR,SEA,30003952,Blake Hillman,points,rf_qrf_points,0.3.0,empirical_qrf,0.0,0.0,0.0,,2662215555207871876,2026-01-12 13:58:57.299541
2026-01-12,24690,NYR,SEA,30004430,Vladislav Gavrikov,points,rf_qrf_points,0.3.0,empirical_qrf,0.0,0.0,0.0,,2662215555207871876,2026-01-12 13:58:57.299541
2026-01-12,24690,NYR,SEA,30004504,Matthew Robertson,points,rf_qrf_points,0.3.0,empirical_qrf,0.0,0.0,0.0,,2662215555207871876,2026-01-12 13:58:57.299541
2026-01-12,24690,NYR,SEA,30004749,Connor Mackey,points,rf_qrf_points,0.3.0,empirical_qrf,0.0,0.0,0.0,,2662215555207871876,2026-01-12 13:58:57.299541
2026-01-12,24690,NYR,SEA,30004797,Brendan Brisson,points,rf_qrf_points,0.3.0,empirical_qrf,0.0,0.0,0.0,,2662215555207871876,2026-01-12 13:58:57.299541
2026-01-12,24690,NYR,SEA,30004807,Alexis Lafrenière,points,rf_qrf_points,0.3.0,empirical_qrf,0.0,0.0,0.0,,2662215555207871876,2026-01-12 13:58:57.299541
2026-01-12,24690,NYR,SEA,30003170,Taylor Raddysh,points,rf_qrf_points,0.3.0,empirical_qrf,0.0,0.0,0.0,,2662215555207871876,2026-01-12 13:58:57.299541
2026-01-12,24690,NYR,SEA,30003194,Adam Fox,points,rf_qrf_points,0.3.0,empirical_qrf,0.0,0.0,0.0,,2662215555207871876,2026-01-12 13:58:57.299541
2026-01-12,24690,NYR,SEA,30003202,Casey Fitzgerald,points,rf_qrf_points,0.3.0,empirical_qrf,0.0,0.0,0.0,,2662215555207871876,2026-01-12 13:58:57.299541
2026-01-12,24690,NYR,SEA,30003583,Carson Soucy,points,rf_qrf_points,0.3.0,empirical_qrf,0.0,0.0,0.0,,2662215555207871876,2026-01-12 13:58:57.299541
2026-01-12,24690,NYR,SEA,30003649,Urho Vaakanainen,points,rf_qrf_points,0.3.0,empirical_qrf,0.0,0.0,0.0,,2662215555207871876,2026-01-12 13:58:57.299541
2026-01-12,24690,NYR,SEA,30003743,Will Borgen,points,rf_qrf_points,0.3.0,empirical_qrf,0.0,0.0,0.0,,2662215555207871876,2026-01-12 13:58:57.299541
2026-01-12,24690,NYR,SEA,30000489,Sam Carrick,points,rf_qrf_points,0.3.0,empirical_qrf,0.0,0.0,0.0,,2662215555207871876,2026-01-12 13:58:57.299541
2026-01-12,24690,NYR,SEA,30000617,J.T. Miller,points,rf_qrf_points,0.3.0,empirical_qrf,0.0,0.0,0.0,,2662215555207871876,2026-01-12 13:58:57.299541
2026-01-12,24690,NYR,SEA,30001322,Artemi Panarin,points,rf_qrf_points,0.3.0,empirical_qrf,0.0,0.0,0.0,,2662215555207871876,2026-01-12 13:58:57.299541
2026-01-12,24690,NYR,SEA,30002524,Spencer Martin,points,rf_qrf_points,0.3.0,empirical_qrf,0.0,0.0,0.0,,2662215555207871876,2026-01-12 13:58:57.299541
2026-01-12,24690,NYR,SEA,30002967,Jonny Brodzinski,points,rf_qrf_points,0.3.0,empirical_qrf,0.0,0.0,0.0,,2662215555207871876,2026-01-12 13:58:57.299541
2026-01-12,24690,NYR,SEA,30002999,Igor Shesterkin,points,rf_qrf_points,0.3.0,empirical_qrf,0.0,0.0,0.0,,2662215555207871876,2026-01-12 13:58:57.299541
2026-01-12,24690,SEA,NYR,30006437,Kaden Hammell,points,rf_qrf_points,0.3.0,empirical_qrf,0.0,0.0,0.0,,2662215555207871876,2026-01-12 13:58:57.299541
2026-01-12,24690,SEA,NYR,30006499,Berkly Catton,points,rf_qrf_points,0.3.0,empirical_qrf,0.0,0.0,0.0,,2662215555207871876,2026-01-12 13:58:57.299541
2026-01-12,24690,NYR,SEA,30000123,Jonathan Quick,points,rf_qrf_points,0.3.0,empirical_qrf,0.0,0.0,0.0,,2662215555207871876,2026-01-12 13:58:57.299541
2026-01-12,24690,NYR,SEA,30000226,Vincent Trocheck,points,rf_qrf_points,0.3.0,empirical_qrf,0.0,0.0,0.0,,2662215555207871876,2026-01-12 13:58:57.299541
2026-01-12,24690,NYR,SEA,30000410,Conor Sheary,points,rf_qrf_points,0.3.0,empirical_qrf,0.0,0.0,0.0,,2662215555207871876,2026-01-12 13:58:57.299541
2026-01-12,24690,NYR,SEA,30000467,Mika Zibanejad,points,rf_qrf_points,0.3.0,empirical_qrf,0.0,0.0,0.0,,2662215555207871876,2026-01-12 13:58:57.299541
2026-01-12,24690,SEA,NYR,30005757,Ty Nelson,points,rf_qrf_points,0.3.0,empirical_qrf,0.0,0.0,0.0,,2662215555207871876,2026-01-12 13:58:57.299541
2026-01-12,24690,SEA,NYR,30006087,Eduard Sale,points,rf_qrf_points,0.3.0,empirical_qrf,0.0,0.0,0.0,,2662215555207871876,2026-01-12 13:58:57.299541
2026-01-12,24690,SEA,NYR,30006119,Lukas Dragicevic,points,rf_qrf_points,0.3.0,empirical_qrf,0.0,0.0,0.0,,2662215555207871876,2026-01-12 13:58:57.299541
2026-01-12,24690,SEA,NYR,30006121,Carson Rehkopf,points,rf_qrf_points,0.3.0,empirical_qrf,0.0,0.0,0.0,,2662215555207871876,2026-01-12 13:58:57.299541
2026-01-12,24690,SEA,NYR,30006125,Caden Price,points,rf_qrf_points,0.3.0,empirical_qrf,0.0,0.0,0.0,,2662215555207871876,2026-01-12 13:58:57.299541
2026-01-12,24690,SEA,NYR,30006197,Andrei Loshko,points,rf_qrf_points,0.3.0,empirical_qrf,0.0,0.0,0.0,,2662215555207871876,2026-01-12 13:58:57.299541
2026-01-12,24690,SEA,NYR,30005593,Peetro Seppala,points,rf_qrf_points,0.3.0,empirical_qrf,0.0,0.0,0.0,,2662215555207871876,2026-01-12 13:58:57.299541
2026-01-12,24690,SEA,NYR,30005616,Shane Wright,points,rf_qrf_points,0.3.0,empirical_qrf,0.0,0.0,0.0,,2662215555207871876,2026-01-12 13:58:57.299541
2026-01-12,24690,SEA,NYR,30005680,David Goyette,points,rf_qrf_points,0.3.0,empirical_qrf,0.0,0.0,0.0,,2662215555207871876,2026-01-12 13:58:57.299541
2026-01-12,24690,SEA,NYR,30005681,Jagger Firkus,points,rf_qrf_points,0.3.0,empirical_qrf,0.0,0.0,0.0,,2662215555207871876,2026-01-12 13:58:57.299541
2026-01-12,24690,SEA,NYR,30005682,Jani Nyman,points,rf_qrf_points,0.3.0,empirical_qrf,0.0,0.0,0.0,,2662215555207871876,2026-01-12 13:58:57.299541
2026-01-12,24690,SEA,NYR,30005683,Niklas Kokko,points,rf_qrf_points,0.3.0,empirical_qrf,0.0,0.0,0.0,,2662215555207871876,2026-01-12 13:58:57.299541
2026-01-12,24690,SEA,NYR,30005333,Jacob Melanson,points,rf_qrf_points,0.3.0,empirical_qrf,0.0,0.0,0.0,,2662215555207871876,2026-01-12 13:58:57.299541
2026-01-12,24690,SEA,NYR,30005336,Tye Kartye,points,rf_qrf_points,0.3.0,empirical_qrf,0.0,0.0,0.0,,2662215555207871876,2026-01-12 13:58:57.299541
2026-01-12,24690,SEA,NYR,30005337,Ryan Winterton,points,rf_qrf_points,0.3.0,empirical_qrf,0.0,0.0,0.0,,2662215555207871876,2026-01-12 13:58:57.299541
2026-01-12,24690,SEA,NYR,30005447,Ville Ottavainen,points,rf_qrf_points,0.3.0,empirical_qrf,0.0,0.0,0.0,,2662215555207871876,2026-01-12 13:58:57.299541
2026-01-12,24690,SEA,NYR,30005503,Logan Morrison,points,rf_qrf_points,0.3.0,empirical_qrf,0.0,0.0,0.0,,2662215555207871876,2026-01-12 13:58:57.299541
2026-01-12,24690,SEA,NYR,30005582,Ben Meyers,points,rf_qrf_points,0.3.0,empirical_qrf,0.0,0.0,0.0,,2662215555207871876,2026-01-12 13:58:57.299541
2026-01-12,24690,SEA,NYR,30003703,Cale Fleury,points,rf_qrf_points,0.3.0,empirical_qrf,0.0,0.0,0.0,,2662215555207871876,2026-01-12 13:58:57.299541
2026-01-12,24690,SEA,NYR,30004419,Joey Daccord,points,rf_qrf_points,0.3.0,empirical_qrf,0.0,0.0,0.0,,2662215555207871876,2026-01-12 13:58:57.299541
2026-01-12,24690,SEA,NYR,30004471,Kaapo Kakko,points,rf_qrf_points,0.3.0,empirical_qrf,0.0,0.0,0.0,,2662215555207871876,2026-01-12 13:58:57.299541
2026-01-12,24690,SEA,NYR,30005040,Matty Beniers,points,rf_qrf_points,0.3.0,empirical_qrf,0.0,0.0,0.0,,2662215555207871876,2026-01-12 13:58:57.299541
2026-01-12,24690,SEA,NYR,30005042,Ryker Evans,points,rf_qrf_points,0.3.0,empirical_qrf,0.0,0.0,0.0,,2662215555207871876,2026-01-12 13:58:57.299541
2026-01-12,24690,SEA,NYR,30005239,Jakov Novak,points,rf_qrf_points,0.3.0,empirical_qrf,0.0,0.0,0.0,,2662215555207871876,2026-01-12 13:58:57.299541
2026-01-12,24690,SEA,NYR,30002529,John Hayden,points,rf_qrf_points,0.3.0,empirical_qrf,0.0,0.0,0.0,,2662215555207871876,2026-01-12 13:58:57.299541
2026-01-12,24690,SEA,NYR,30002711,Frederick Gaudreau,points,rf_qrf_points,0.3.0,empirical_qrf,0.0,0.0,0.0,,2662215555207871876,2026-01-12 13:58:57.299541
2026-01-12,24690,SEA,NYR,30003184,Ryan Lindgren,points,rf_qrf_points,0.3.0,empirical_qrf,0.0,0.0,0.0,,2662215555207871876,2026-01-12 13:58:57.299541
2026-01-12,24690,SEA,NYR,30003188,Jack LaFontaine,points,rf_qrf_points,0.3.0,empirical_qrf,0.0,0.0,0.0,,2662215555207871876,2026-01-12 13:58:57.299541
2026-01-12,24690,SEA,NYR,30003214,Joshua Mahura,points,rf_qrf_points,0.3.0,empirical_qrf,0.0,0.0,0.0,,2662215555207871876,2026-01-12 13:58:57.299541
2026-01-12,24690,SEA,NYR,30003660,Eeli Tolvanen,points,rf_qrf_points,0.3.0,empirical_qrf,0.0,0.0,0.0,,2662215555207871876,2026-01-12 13:58:57.299541
2026-01-12,24690,SEA,NYR,30000674,Vince Dunn,points,rf_qrf_points,0.3.0,empirical_qrf,0.0,0.0,0.0,,2662215555207871876,2026-01-12 13:58:57.299541
2026-01-12,24690,SEA,NYR,30000758,Jamie Oleksiak,points,rf_qrf_points,0.3.0,empirical_qrf,0.0,0.0,0.0,,2662215555207871876,2026-01-12 13:58:57.299541
2026-01-12,24690,SEA,NYR,30000794,Jaden Schwartz,points,rf_qrf_points,0.3.0,empirical_qrf,0.0,0.0,0.0,,2662215555207871876,2026-01-12 13:58:57.299541
2026-01-12,24690,SEA,NYR,30000812,Gustav Olofsson,points,rf_qrf_points,0.3.0,empirical_qrf,0.0,0.0,0.0,,2662215555207871876,2026-01-12 13:58:57.299541
2026-01-12,24690,SEA,NYR,30000882,Brandon Montour,points,rf_qrf_points,0.3.0,empirical_qrf,0.0,0.0,0.0,,2662215555207871876,2026-01-12 13:58:57.299541
2026-01-12,24690,SEA,NYR,30000929,Jared McCann,points,rf_qrf_points,0.3.0,empirical_qrf,0.0,0.0,0.0,,2662215555207871876,2026-01-12 13:58:57.299541
2026-01-12,24691,CAR,DET,30000271,Shayne Gostisbehere,points,rf_qrf_points,0.3.0,empirical_qrf,0.0,0.0,0.0,,2662215555207871876,2026-01-12 13:58:57.299541
2026-01-12,24691,CAR,DET,30000358,Jordan Staal,points,rf_qrf_points,0.3.0,empirical_qrf,0.0,0.0,0.0,,2662215555207871876,2026-01-12 13:58:57.299541
2026-01-12,24691,CAR,DET,30000510,William Carrier,points,rf_qrf_points,0.3.0,empirical_qrf,0.0,0.0,0.0,,2662215555207871876,2026-01-12 13:58:57.299541
2026-01-12,24691,CAR,DET,30000525,Mike Reilly,points,rf_qrf_points,0.3.0,empirical_qrf,0.0,0.0,0.0,,2662215555207871876,2026-01-12 13:58:57.299541
2026-01-12,24691,CAR,DET,30000643,Jaccob Slavin,points,rf_qrf_points,0.3.0,empirical_qrf,0.0,0.0,0.0,,2662215555207871876,2026-01-12 13:58:57.299541
2026-01-12,24691,CAR,DET,30000822,Nikolaj Ehlers,points,rf_qrf_points,0.3.0,empirical_qrf,0.0,0.0,0.0,,2662215555207871876,2026-01-12 13:58:57.299541
2026-01-12,24691,CAR,DET,30005577,Noah Philp,points,rf_qrf_points,0.3.0,empirical_qrf,0.0,0.0,0.0,,2662215555207871876,2026-01-12 13:58:57.299541
2026-01-12,24691,CAR,DET,30003662,Juuso Valimaki,points,rf_qrf_points,0.3.0,empirical_qrf,0.0,0.0,0.0,,2662215555207871876,2026-01-12 13:58:57.299541
2026-01-12,24691,DET,CAR,30003859,Sheldon Dries,points,rf_qrf_points,0.3.0,empirical_qrf,0.0,0.0,0.0,,2662215555207871876,2026-01-12 13:58:57.299541
2026-01-12,24691,DET,CAR,30005630,Marco Kasper,points,rf_qrf_points,0.3.0,empirical_qrf,0.0,0.0,0.0,,2662215555207871876,2026-01-12 13:58:57.299541
2026-01-12,24691,DET,CAR,30005780,Amadeus Lombardi,points,rf_qrf_points,0.3.0,empirical_qrf,0.0,0.0,0.0,,2662215555207871876,2026-01-12 13:58:57.299541
2026-01-12,24691,DET,CAR,30006015,Alexandre Doucet,points,rf_qrf_points,0.3.0,empirical_qrf,0.0,0.0,0.0,,2662215555207871876,2026-01-12 13:58:57.299541
2026-01-12,24691,DET,CAR,30006059,Nate Danielson,points,rf_qrf_points,0.3.0,empirical_qrf,0.0,0.0,0.0,,2662215555207871876,2026-01-12 13:58:57.299541
2026-01-12,24691,DET,CAR,30006071,Axel Sandin-Pellikka,points,rf_qrf_points,0.3.0,empirical_qrf,0.0,0.0,0.0,,2662215555207871876,2026-01-12 13:58:57.299541
2026-01-12,24691,DET,CAR,30006201,Emmitt Finnie,points,rf_qrf_points,0.3.0,empirical_qrf,0.0,0.0,0.0,,2662215555207871876,2026-01-12 13:58:57.299541
2026-01-12,24691,DET,CAR,30004816,Lucas Raymond,points,rf_qrf_points,0.3.0,empirical_qrf,0.0,0.0,0.0,,2662215555207871876,2026-01-12 13:58:57.299541
2026-01-12,24691,DET,CAR,30004884,William Wallinder,points,rf_qrf_points,0.3.0,empirical_qrf,0.0,0.0,0.0,,2662215555207871876,2026-01-12 13:58:57.299541
2026-01-12,24691,DET,CAR,30004983,Sebastian Cossa,points,rf_qrf_points,0.3.0,empirical_qrf,0.0,0.0,0.0,,2662215555207871876,2026-01-12 13:58:57.299541
2026-01-12,24691,DET,CAR,30004984,Simon Edvinsson,points,rf_qrf_points,0.3.0,empirical_qrf,0.0,0.0,0.0,,2662215555207871876,2026-01-12 13:58:57.299541
2026-01-12,24691,DET,CAR,30005482,Carter Mazur,points,rf_qrf_points,0.3.0,empirical_qrf,0.0,0.0,0.0,,2662215555207871876,2026-01-12 13:58:57.299541
2026-01-12,24691,DET,CAR,30005489,Elmer Soderblom,points,rf_qrf_points,0.3.0,empirical_qrf,0.0,0.0,0.0,,2662215555207871876,2026-01-12 13:58:57.299541
2026-01-12,24691,DET,CAR,30004102,Jacob Bernard-Docker,points,rf_qrf_points,0.3.0,empirical_qrf,0.0,0.0,0.0,,2662215555207871876,2026-01-12 13:58:57.299541
2026-01-12,24691,DET,CAR,30004186,Joel L'Esperance,points,rf_qrf_points,0.3.0,empirical_qrf,0.0,0.0,0.0,,2662215555207871876,2026-01-12 13:58:57.299541
2026-01-12,24691,DET,CAR,30004475,Moritz Seider,points,rf_qrf_points,0.3.0,empirical_qrf,0.0,0.0,0.0,,2662215555207871876,2026-01-12 13:58:57.299541
2026-01-12,24691,DET,CAR,30004548,Albert Johansson,points,rf_qrf_points,0.3.0,empirical_qrf,0.0,0.0,0.0,,2662215555207871876,2026-01-12 13:58:57.299541
2026-01-12,24691,DET,CAR,30004561,Antti Tuomisto,points,rf_qrf_points,0.3.0,empirical_qrf,0.0,0.0,0.0,,2662215555207871876,2026-01-12 13:58:57.299541
2026-01-12,24691,DET,CAR,30004758,John Leonard,points,rf_qrf_points,0.3.0,empirical_qrf,0.0,0.0,0.0,,2662215555207871876,2026-01-12 13:58:57.299541
2026-01-12,24691,DET,CAR,30001063,Ben Chiarot,points,rf_qrf_points,0.3.0,empirical_qrf,0.0,0.0,0.0,,2662215555207871876,2026-01-12 13:58:57.299541
2026-01-12,24691,DET,CAR,30002213,Josiah Didier,points,rf_qrf_points,0.3.0,empirical_qrf,0.0,0.0,0.0,,2662215555207871876,2026-01-12 13:58:57.299541
2026-01-12,24691,DET,CAR,30002513,J.T. Compher,points,rf_qrf_points,0.3.0,empirical_qrf,0.0,0.0,0.0,,2662215555207871876,2026-01-12 13:58:57.299541
2026-01-12,24691,DET,CAR,30003160,Alex DeBrincat,points,rf_qrf_points,0.3.0,empirical_qrf,0.0,0.0,0.0,,2662215555207871876,2026-01-12 13:58:57.299541
2026-01-12,24691,DET,CAR,30003644,Michael Rasmussen,points,rf_qrf_points,0.3.0,empirical_qrf,0.0,0.0,0.0,,2662215555207871876,2026-01-12 13:58:57.299541
2026-01-12,24691,DET,CAR,30003744,Mason Appleton,points,rf_qrf_points,0.3.0,empirical_qrf,0.0,0.0,0.0,,2662215555207871876,2026-01-12 13:58:57.299541
2026-01-12,24691,DET,CAR,30000821,Andrew Copp,points,rf_qrf_points,0.3.0,empirical_qrf,0.0,0.0,0.0,,2662215555207871876,2026-01-12 13:58:57.299541
2026-01-12,24691,DET,CAR,30000846,Dylan Larkin,points,rf_qrf_points,0.3.0,empirical_qrf,0.0,0.0,0.0,,2662215555207871876,2026-01-12 13:58:57.299541
2026-01-12,24691,DET,CAR,30000866,Patrick Kane,points,rf_qrf_points,0.3.0,empirical_qrf,0.0,0.0,0.0,,2662215555207871876,2026-01-12 13:58:57.299541
2026-01-12,24691,DET,CAR,30000874,John Gibson,points,rf_qrf_points,0.3.0,empirical_qrf,0.0,0.0,0.0,,2662215555207871876,2026-01-12 13:58:57.299541
2026-01-12,24691,DET,CAR,30000997,Travis Hamonic,points,rf_qrf_points,0.3.0,empirical_qrf,0.0,0.0,0.0,,2662215555207871876,2026-01-12 13:58:57.299541
2026-01-12,24691,DET,CAR,30001011,Erik Gustafsson,points,rf_qrf_points,0.3.0,empirical_qrf,0.0,0.0,0.0,,2662215555207871876,2026-01-12 13:58:57.299541
2026-01-12,24691,CAR,DET,30005405,Jackson Blake,points,rf_qrf_points,0.3.0,empirical_qrf,0.0,0.0,0.0,,2662215555207871876,2026-01-12 13:58:57.299541
2026-01-12,24691,CAR,DET,30005573,Brandon Bussi,points,rf_qrf_points,0.3.0,empirical_qrf,0.0,0.0,0.0,,2662215555207871876,2026-01-12 13:58:57.299541
2026-01-12,24691,CAR,DET,30006098,Felix Unger Sorum,points,rf_qrf_points,0.3.0,empirical_qrf,0.0,0.0,0.0,,2662215555207871876,2026-01-12 13:58:57.299541
2026-01-12,24691,DET,CAR,30000043,James van Riemsdyk,points,rf_qrf_points,0.3.0,empirical_qrf,0.0,0.0,0.0,,2662215555207871876,2026-01-12 13:58:57.299541
2026-01-12,24691,DET,CAR,30000186,Austin Watson,points,rf_qrf_points,0.3.0,empirical_qrf,0.0,0.0,0.0,,2662215555207871876,2026-01-12 13:58:57.299541
2026-01-12,24691,DET,CAR,30000563,Cam Talbot,points,rf_qrf_points,0.3.0,empirical_qrf,0.0,0.0,0.0,,2662215555207871876,2026-01-12 13:58:57.299541
2026-01-12,24691,CAR,DET,30004913,Evan Vierling,points,rf_qrf_points,0.3.0,empirical_qrf,0.0,0.0,0.0,,2662215555207871876,2026-01-12 13:58:57.299541
2026-01-12,24691,CAR,DET,30004953,Pyotr Kochetkov,points,rf_qrf_points,0.3.0,empirical_qrf,0.0,0.0,0.0,,2662215555207871876,2026-01-12 13:58:57.299541
2026-01-12,24691,CAR,DET,30005026,Aleksi Heimosalmi,points,rf_qrf_points,0.3.0,empirical_qrf,0.0,0.0,0.0,,2662215555207871876,2026-01-12 13:58:57.299541
2026-01-12,24691,CAR,DET,30005034,Logan Stankoven,points,rf_qrf_points,0.3.0,empirical_qrf,0.0,0.0,0.0,,2662215555207871876,2026-01-12 13:58:57.299541
2026-01-12,24691,CAR,DET,30005153,Bryce Montgomery,points,rf_qrf_points,0.3.0,empirical_qrf,0.0,0.0,0.0,,2662215555207871876,2026-01-12 13:58:57.299541
2026-01-12,24691,CAR,DET,30005155,Justin Robidas,points,rf_qrf_points,0.3.0,empirical_qrf,0.0,0.0,0.0,,2662215555207871876,2026-01-12 13:58:57.299541
2026-01-12,24691,CAR,DET,30004082,K'Andre Miller,points,rf_qrf_points,0.3.0,empirical_qrf,0.0,0.0,0.0,,2662215555207871876,2026-01-12 13:58:57.299541
2026-01-12,24691,CAR,DET,30004385,Cayden Primeau,points,rf_qrf_points,0.3.0,empirical_qrf,0.0,0.0,0.0,,2662215555207871876,2026-01-12 13:58:57.299541
2026-01-12,24691,CAR,DET,30004537,Domenick Fensore,points,rf_qrf_points,0.3.0,empirical_qrf,0.0,0.0,0.0,,2662215555207871876,2026-01-12 13:58:57.299541
2026-01-12,24691,CAR,DET,30004602,Nikita Pavlychev,points,rf_qrf_points,0.3.0,empirical_qrf,0.0,0.0,0.0,,2662215555207871876,2026-01-12 13:58:57.299541
2026-01-12,24691,CAR,DET,30004806,Seth Jarvis,points,rf_qrf_points,0.3.0,empirical_qrf,0.0,0.0,0.0,,2662215555207871876,2026-01-12 13:58:57.299541
2026-01-12,24691,CAR,DET,30004865,Alexander Nikishin,points,rf_qrf_points,0.3.0,empirical_qrf,0.0,0.0,0.0,,2662215555207871876,2026-01-12 13:58:57.299541
2026-01-12,24691,CAR,DET,30003180,Givani Smith,points,rf_qrf_points,0.3.0,empirical_qrf,0.0,0.0,0.0,,2662215555207871876,2026-01-12 13:58:57.299541
2026-01-12,24691,CAR,DET,30003359,Jalen Chatfield,points,rf_qrf_points,0.3.0,empirical_qrf,0.0,0.0,0.0,,2662215555207871876,2026-01-12 13:58:57.299541
2026-01-12,24691,CAR,DET,30003550,Gavin Bayreuther,points,rf_qrf_points,0.3.0,empirical_qrf,0.0,0.0,0.0,,2662215555207871876,2026-01-12 13:58:57.299541
2026-01-12,24691,CAR,DET,30003786,Sean Walker,points,rf_qrf_points,0.3.0,empirical_qrf,0.0,0.0,0.0,,2662215555207871876,2026-01-12 13:58:57.299541
2026-01-12,24691,CAR,DET,30004075,Jesperi Kotkaniemi,points,rf_qrf_points,0.3.0,empirical_qrf,0.0,0.0,0.0,,2662215555207871876,2026-01-12 13:58:57.299541
2026-01-12,24691,CAR,DET,30004076,Andrei Svechnikov,points,rf_qrf_points,0.3.0,empirical_qrf,0.0,0.0,0.0,,2662215555207871876,2026-01-12 13:58:57.299541
2026-01-12,24691,CAR,DET,30000948,Jordan Martinook,points,rf_qrf_points,0.3.0,empirical_qrf,0.0,0.0,0.0,,2662215555207871876,2026-01-12 13:58:57.299541
2026-01-12,24691,CAR,DET,30001187,Taylor Hall,points,rf_qrf_points,0.3.0,empirical_qrf,0.0,0.0,0.0,,2662215555207871876,2026-01-12 13:58:57.299541
2026-01-12,24691,CAR,DET,30001203,Frederik Andersen,points,rf_qrf_points,0.3.0,empirical_qrf,0.0,0.0,0.0,,2662215555207871876,2026-01-12 13:58:57.299541
2026-01-12,24691,CAR,DET,30002309,Mark Jankowski,points,rf_qrf_points,0.3.0,empirical_qrf,0.0,0.0,0.0,,2662215555207871876,2026-01-12 13:58:57.299541
2026-01-12,24691,CAR,DET,30002819,Sebastian Aho,points,rf_qrf_points,0.3.0,empirical_qrf,0.0,0.0,0.0,,2662215555207871876,2026-01-12 13:58:57.299541
2026-01-12,24691,CAR,DET,30002980,Eric Robinson,points,rf_qrf_points,0.3.0,empirical_qrf,0.0,0.0,0.0,,2662215555207871876,2026-01-12 13:58:57.299541
2026-01-12,24692,FLA,BUF,30000074,Brad Marchand,points,rf_qrf_points,0.3.0,empirical_qrf,0.0,0.0,0.0,,2662215555207871876,2026-01-12 13:58:57.299541
2026-01-12,24692,FLA,BUF,30000201,Keith Kinkaid,points,rf_qrf_points,0.3.0,empirical_qrf,0.0,0.0,0.0,,2662215555207871876,2026-01-12 13:58:57.299541
2026-01-12,24692,FLA,BUF,30000228,Aleksander Barkov,points,rf_qrf_points,0.3.0,empirical_qrf,0.0,0.0,0.0,,2662215555207871876,2026-01-12 13:58:57.299541
2026-01-12,24692,FLA,BUF,30000232,Dmitry Kulikov,points,rf_qrf_points,0.3.0,empirical_qrf,0.0,0.0,0.0,,2662215555207871876,2026-01-12 13:58:57.299541
2026-01-12,24692,FLA,BUF,30000239,Aaron Ekblad,points,rf_qrf_points,0.3.0,empirical_qrf,0.0,0.0,0.0,,2662215555207871876,2026-01-12 13:58:57.299541
2026-01-12,24692,FLA,BUF,30000253,Seth Jones,points,rf_qrf_points,0.3.0,empirical_qrf,0.0,0.0,0.0,,2662215555207871876,2026-01-12 13:58:57.299541
2026-01-12,24692,BUF,FLA,30006070,Zach Benson,points,rf_qrf_points,0.3.0,empirical_qrf,0.0,0.0,0.0,,2662215555207871876,2026-01-12 13:58:57.299541
2026-01-12,24692,BUF,FLA,30006092,Anton Wahlberg,points,rf_qrf_points,0.3.0,empirical_qrf,0.0,0.0,0.0,,2662215555207871876,2026-01-12 13:58:57.299541
2026-01-12,24692,BUF,FLA,30006340,Zach Metsa,points,rf_qrf_points,0.3.0,empirical_qrf,0.0,0.0,0.0,,2662215555207871876,2026-01-12 13:58:57.299541
2026-01-12,24692,BUF,FLA,30006341,Christopher Brown,points,rf_qrf_points,0.3.0,empirical_qrf,0.0,0.0,0.0,,2662215555207871876,2026-01-12 13:58:57.299541
2026-01-12,24692,BUF,FLA,30006342,Dominick Mersch,points,rf_qrf_points,0.3.0,empirical_qrf,0.0,0.0,0.0,,2662215555207871876,2026-01-12 13:58:57.299541
2026-01-12,24692,FLA,BUF,30003322,Noah Gregor,points,rf_qrf_points,0.3.0,empirical_qrf,0.0,0.0,0.0,,2662215555207871876,2026-01-12 13:58:57.299541
2026-01-12,24692,BUF,FLA,30005730,Vsevolod Komarov,points,rf_qrf_points,0.3.0,empirical_qrf,0.0,0.0,0.0,,2662215555207871876,2026-01-12 13:58:57.299541
2026-01-12,24692,BUF,FLA,30005764,Noah Laaouan,points,rf_qrf_points,0.3.0,empirical_qrf,0.0,0.0,0.0,,2662215555207871876,2026-01-12 13:58:57.299541
2026-01-12,24692,BUF,FLA,30005767,Graham Slaggert,points,rf_qrf_points,0.3.0,empirical_qrf,0.0,0.0,0.0,,2662215555207871876,2026-01-12 13:58:57.299541
2026-01-12,24692,BUF,FLA,30005793,Riley Fiddler-Schultz,points,rf_qrf_points,0.3.0,empirical_qrf,0.0,0.0,0.0,,2662215555207871876,2026-01-12 13:58:57.299541
2026-01-12,24692,BUF,FLA,30006028,Jagger Joshua,points,rf_qrf_points,0.3.0,empirical_qrf,0.0,0.0,0.0,,2662215555207871876,2026-01-12 13:58:57.299541
2026-01-12,24692,BUF,FLA,30006039,Aidan Fulp,points,rf_qrf_points,0.3.0,empirical_qrf,0.0,0.0,0.0,,2662215555207871876,2026-01-12 13:58:57.299541
2026-01-12,24692,BUF,FLA,30005151,Olivier Nadeau,points,rf_qrf_points,0.3.0,empirical_qrf,0.0,0.0,0.0,,2662215555207871876,2026-01-12 13:58:57.299541
2026-01-12,24692,BUF,FLA,30005441,Ryan Johnson,points,rf_qrf_points,0.3.0,empirical_qrf,0.0,0.0,0.0,,2662215555207871876,2026-01-12 13:58:57.299541
2026-01-12,24692,BUF,FLA,30005445,Nikita Novikov,points,rf_qrf_points,0.3.0,empirical_qrf,0.0,0.0,0.0,,2662215555207871876,2026-01-12 13:58:57.299541
2026-01-12,24692,BUF,FLA,30005634,Noah Ostlund,points,rf_qrf_points,0.3.0,empirical_qrf,0.0,0.0,0.0,,2662215555207871876,2026-01-12 13:58:57.299541
2026-01-12,24692,BUF,FLA,30005644,Jiri Kulich,points,rf_qrf_points,0.3.0,empirical_qrf,0.0,0.0,0.0,,2662215555207871876,2026-01-12 13:58:57.299541
2026-01-12,24692,BUF,FLA,30005685,Viktor Neuchev,points,rf_qrf_points,0.3.0,empirical_qrf,0.0,0.0,0.0,,2662215555207871876,2026-01-12 13:58:57.299541
2026-01-12,24692,BUF,FLA,30004980,Owen Power,points,rf_qrf_points,0.3.0,empirical_qrf,0.0,0.0,0.0,,2662215555207871876,2026-01-12 13:58:57.299541
2026-01-12,24692,BUF,FLA,30004981,Devon Levi,points,rf_qrf_points,0.3.0,empirical_qrf,0.0,0.0,0.0,,2662215555207871876,2026-01-12 13:58:57.299541
2026-01-12,24692,BUF,FLA,30004982,Isak Rosen,points,rf_qrf_points,0.3.0,empirical_qrf,0.0,0.0,0.0,,2662215555207871876,2026-01-12 13:58:57.299541
2026-01-12,24692,BUF,FLA,30005017,Josh Doan,points,rf_qrf_points,0.3.0,empirical_qrf,0.0,0.0,0.0,,2662215555207871876,2026-01-12 13:58:57.299541
2026-01-12,24692,BUF,FLA,30005067,Isaac Belliveau,points,rf_qrf_points,0.3.0,empirical_qrf,0.0,0.0,0.0,,2662215555207871876,2026-01-12 13:58:57.299541
2026-01-12,24692,BUF,FLA,30005147,Tyson Kozak,points,rf_qrf_points,0.3.0,empirical_qrf,0.0,0.0,0.0,,2662215555207871876,2026-01-12 13:58:57.299541
2026-01-12,24692,BUF,FLA,30004670,Peter Tischke,points,rf_qrf_points,0.3.0,empirical_qrf,0.0,0.0,0.0,,2662215555207871876,2026-01-12 13:58:57.299541
2026-01-12,24692,BUF,FLA,30004815,Jack Quinn,points,rf_qrf_points,0.3.0,empirical_qrf,0.0,0.0,0.0,,2662215555207871876,2026-01-12 13:58:57.299541
2026-01-12,24692,BUF,FLA,30004854,Trevor Kuntar,points,rf_qrf_points,0.3.0,empirical_qrf,0.0,0.0,0.0,,2662215555207871876,2026-01-12 13:58:57.299541
2026-01-12,24692,BUF,FLA,30004923,Josh Dunne,points,rf_qrf_points,0.3.0,empirical_qrf,0.0,0.0,0.0,,2662215555207871876,2026-01-12 13:58:57.299541
2026-01-12,24692,BUF,FLA,30004948,Carson Meyer,points,rf_qrf_points,0.3.0,empirical_qrf,0.0,0.0,0.0,,2662215555207871876,2026-01-12 13:58:57.299541
2026-01-12,24692,BUF,FLA,30004956,Justin Danforth,points,rf_qrf_points,0.3.0,empirical_qrf,0.0,0.0,0.0,,2662215555207871876,2026-01-12 13:58:57.299541
2026-01-12,24692,BUF,FLA,30004380,Jack Rathbone,points,rf_qrf_points,0.3.0,empirical_qrf,0.0,0.0,0.0,,2662215555207871876,2026-01-12 13:58:57.299541
2026-01-12,24692,BUF,FLA,30004431,Jacob Bryson,points,rf_qrf_points,0.3.0,empirical_qrf,0.0,0.0,0.0,,2662215555207871876,2026-01-12 13:58:57.299541
2026-01-12,24692,BUF,FLA,30004474,Bowen Byram,points,rf_qrf_points,0.3.0,empirical_qrf,0.0,0.0,0.0,,2662215555207871876,2026-01-12 13:58:57.299541
2026-01-12,24692,BUF,FLA,30004502,Peyton Krebs,points,rf_qrf_points,0.3.0,empirical_qrf,0.0,0.0,0.0,,2662215555207871876,2026-01-12 13:58:57.299541
2026-01-12,24692,BUF,FLA,30004554,Zac Jones,points,rf_qrf_points,0.3.0,empirical_qrf,0.0,0.0,0.0,,2662215555207871876,2026-01-12 13:58:57.299541
2026-01-12,24692,BUF,FLA,30004577,Colten Ellis,points,rf_qrf_points,0.3.0,empirical_qrf,0.0,0.0,0.0,,2662215555207871876,2026-01-12 13:58:57.299541
2026-01-12,24692,BUF,FLA,30003673,Ukko-Pekka Luukkonen,points,rf_qrf_points,0.3.0,empirical_qrf,0.0,0.0,0.0,,2662215555207871876,2026-01-12 13:58:57.299541
2026-01-12,24692,BUF,FLA,30003699,Jake Leschyshyn,points,rf_qrf_points,0.3.0,empirical_qrf,0.0,0.0,0.0,,2662215555207871876,2026-01-12 13:58:57.299541
2026-01-12,24692,BUF,FLA,30003750,Rasmus Dahlin,points,rf_qrf_points,0.3.0,empirical_qrf,0.0,0.0,0.0,,2662215555207871876,2026-01-12 13:58:57.299541
2026-01-12,24692,BUF,FLA,30004105,Mattias Samuelsson,points,rf_qrf_points,0.3.0,empirical_qrf,0.0,0.0,0.0,,2662215555207871876,2026-01-12 13:58:57.299541
2026-01-12,24692,BUF,FLA,30004117,Ryan McLeod,points,rf_qrf_points,0.3.0,empirical_qrf,0.0,0.0,0.0,,2662215555207871876,2026-01-12 13:58:57.299541
2026-01-12,24692,BUF,FLA,30004373,Michael Kesselring,points,rf_qrf_points,0.3.0,empirical_qrf,0.0,0.0,0.0,,2662215555207871876,2026-01-12 13:58:57.299541
2026-01-12,24692,BUF,FLA,30002797,Brendan Warren,points,rf_qrf_points,0.3.0,empirical_qrf,0.0,0.0,0.0,,2662215555207871876,2026-01-12 13:58:57.299541
2026-01-12,24692,BUF,FLA,30003074,Alex Lyon,points,rf_qrf_points,0.3.0,empirical_qrf,0.0,0.0,0.0,,2662215555207871876,2026-01-12 13:58:57.299541
2026-01-12,24692,BUF,FLA,30003158,Tage Thompson,points,rf_qrf_points,0.3.0,empirical_qrf,0.0,0.0,0.0,,2662215555207871876,2026-01-12 13:58:57.299541
2026-01-12,24692,BUF,FLA,30003221,Beck Malenstyn,points,rf_qrf_points,0.3.0,empirical_qrf,0.0,0.0,0.0,,2662215555207871876,2026-01-12 13:58:57.299541
2026-01-12,24692,BUF,FLA,30003665,Josh Norris,points,rf_qrf_points,0.3.0,empirical_qrf,0.0,0.0,0.0,,2662215555207871876,2026-01-12 13:58:57.299541
2026-01-12,24692,BUF,FLA,30003670,Conor Timmins,points,rf_qrf_points,0.3.0,empirical_qrf,0.0,0.0,0.0,,2662215555207871876,2026-01-12 13:58:57.299541
2026-01-12,24692,FLA,BUF,30006326,Michael Simpson,points,rf_qrf_points,0.3.0,empirical_qrf,0.0,0.0,0.0,,2662215555207871876,2026-01-12 13:58:57.299541
2026-01-12,24692,FLA,BUF,30006394,Graham McPhee,points,rf_qrf_points,0.3.0,empirical_qrf,0.0,0.0,0.0,,2662215555207871876,2026-01-12 13:58:57.299541
2026-01-12,24692,BUF,FLA,30000523,Jason Zucker,points,rf_qrf_points,0.3.0,empirical_qrf,0.0,0.0,0.0,,2662215555207871876,2026-01-12 13:58:57.299541
2026-01-12,24692,BUF,FLA,30002577,Alex Tuch,points,rf_qrf_points,0.3.0,empirical_qrf,0.0,0.0,0.0,,2662215555207871876,2026-01-12 13:58:57.299541
2026-01-12,24692,BUF,FLA,30002762,Mason Geertsen,points,rf_qrf_points,0.3.0,empirical_qrf,0.0,0.0,0.0,,2662215555207871876,2026-01-12 13:58:57.299541
2026-01-12,24692,BUF,FLA,30002774,Jordan Greenway,points,rf_qrf_points,0.3.0,empirical_qrf,0.0,0.0,0.0,,2662215555207871876,2026-01-12 13:58:57.299541
2026-01-12,24692,FLA,BUF,30005849,Kai Schwindt,points,rf_qrf_points,0.3.0,empirical_qrf,0.0,0.0,0.0,,2662215555207871876,2026-01-12 13:58:57.299541
2026-01-12,24692,FLA,BUF,30005850,Sandis Vilmanis,points,rf_qrf_points,0.3.0,empirical_qrf,0.0,0.0,0.0,,2662215555207871876,2026-01-12 13:58:57.299541
2026-01-12,24692,FLA,BUF,30006034,Jake Livingstone,points,rf_qrf_points,0.3.0,empirical_qrf,0.0,0.0,0.0,,2662215555207871876,2026-01-12 13:58:57.299541
2026-01-12,24692,FLA,BUF,30006040,Ryan McAllister,points,rf_qrf_points,0.3.0,empirical_qrf,0.0,0.0,0.0,,2662215555207871876,2026-01-12 13:58:57.299541
2026-01-12,24692,FLA,BUF,30006048,Uvis Balinskis,points,rf_qrf_points,0.3.0,empirical_qrf,0.0,0.0,0.0,,2662215555207871876,2026-01-12 13:58:57.299541
2026-01-12,24692,FLA,BUF,30006097,Gracyn Sawchyn,points,rf_qrf_points,0.3.0,empirical_qrf,0.0,0.0,0.0,,2662215555207871876,2026-01-12 13:58:57.299541
2026-01-12,24692,FLA,BUF,30005025,Evan Nause,points,rf_qrf_points,0.3.0,empirical_qrf,0.0,0.0,0.0,,2662215555207871876,2026-01-12 13:58:57.299541
2026-01-12,24692,FLA,BUF,30005215,Cole Krygier,points,rf_qrf_points,0.3.0,empirical_qrf,0.0,0.0,0.0,,2662215555207871876,2026-01-12 13:58:57.299541
2026-01-12,24692,FLA,BUF,30005556,Mack Guzda,points,rf_qrf_points,0.3.0,empirical_qrf,0.0,0.0,0.0,,2662215555207871876,2026-01-12 13:58:57.299541
2026-01-12,24692,FLA,BUF,30005598,Mitchell Russell,points,rf_qrf_points,0.3.0,empirical_qrf,0.0,0.0,0.0,,2662215555207871876,2026-01-12 13:58:57.299541
2026-01-12,24692,FLA,BUF,30005723,Marek Alscher,points,rf_qrf_points,0.3.0,empirical_qrf,0.0,0.0,0.0,,2662215555207871876,2026-01-12 13:58:57.299541
2026-01-12,24692,FLA,BUF,30005848,Josh Davies,points,rf_qrf_points,0.3.0,empirical_qrf,0.0,0.0,0.0,,2662215555207871876,2026-01-12 13:58:57.299541
2026-01-12,24692,FLA,BUF,30004517,Robert Mastrosimone,points,rf_qrf_points,0.3.0,empirical_qrf,0.0,0.0,0.0,,2662215555207871876,2026-01-12 13:58:57.299541
2026-01-12,24692,FLA,BUF,30004574,Cole Schwindt,points,rf_qrf_points,0.3.0,empirical_qrf,0.0,0.0,0.0,,2662215555207871876,2026-01-12 13:58:57.299541
2026-01-12,24692,FLA,BUF,30004809,Anton Lundell,points,rf_qrf_points,0.3.0,empirical_qrf,0.0,0.0,0.0,,2662215555207871876,2026-01-12 13:58:57.299541
2026-01-12,24692,FLA,BUF,30004873,Donovan Sebrango,points,rf_qrf_points,0.3.0,empirical_qrf,0.0,0.0,0.0,,2662215555207871876,2026-01-12 13:58:57.299541
2026-01-12,24692,FLA,BUF,30004886,Michael Benning,points,rf_qrf_points,0.3.0,empirical_qrf,0.0,0.0,0.0,,2662215555207871876,2026-01-12 13:58:57.299541
2026-01-12,24692,FLA,BUF,30005000,Mackie Samoskevich,points,rf_qrf_points,0.3.0,empirical_qrf,0.0,0.0,0.0,,2662215555207871876,2026-01-12 13:58:57.299541
2026-01-12,24692,FLA,BUF,30003671,Jack Studnicka,points,rf_qrf_points,0.3.0,empirical_qrf,0.0,0.0,0.0,,2662215555207871876,2026-01-12 13:58:57.299541
2026-01-12,24692,FLA,BUF,30003681,Eetu Luostarinen,points,rf_qrf_points,0.3.0,empirical_qrf,0.0,0.0,0.0,,2662215555207871876,2026-01-12 13:58:57.299541
2026-01-12,24692,FLA,BUF,30003683,Jesper Boqvist,points,rf_qrf_points,0.3.0,empirical_qrf,0.0,0.0,0.0,,2662215555207871876,2026-01-12 13:58:57.299541
2026-01-12,24692,FLA,BUF,30003694,Jonah Gadjovich,points,rf_qrf_points,0.3.0,empirical_qrf,0.0,0.0,0.0,,2662215555207871876,2026-01-12 13:58:57.299541
2026-01-12,24692,FLA,BUF,30004088,Jay O'Brien,points,rf_qrf_points,0.3.0,empirical_qrf,0.0,0.0,0.0,,2662215555207871876,2026-01-12 13:58:57.299541
2026-01-12,24692,FLA,BUF,30004497,Tobias Bjornfot,points,rf_qrf_points,0.3.0,empirical_qrf,0.0,0.0,0.0,,2662215555207871876,2026-01-12 13:58:57.299541
2026-01-12,24692,FLA,BUF,30002796,Mitchell Vande Sompel,points,rf_qrf_points,0.3.0,empirical_qrf,0.0,0.0,0.0,,2662215555207871876,2026-01-12 13:58:57.299541
2026-01-12,24692,FLA,BUF,30002839,A.J. Greer,points,rf_qrf_points,0.3.0,empirical_qrf,0.0,0.0,0.0,,2662215555207871876,2026-01-12 13:58:57.299541
2026-01-12,24692,FLA,BUF,30003077,Tyler Motte,points,rf_qrf_points,0.3.0,empirical_qrf,0.0,0.0,0.0,,2662215555207871876,2026-01-12 13:58:57.299541
2026-01-12,24692,FLA,BUF,30003134,Matthew Tkachuk,points,rf_qrf_points,0.3.0,empirical_qrf,0.0,0.0,0.0,,2662215555207871876,2026-01-12 13:58:57.299541
2026-01-12,24692,FLA,BUF,30003150,Luke Kunin,points,rf_qrf_points,0.3.0,empirical_qrf,0.0,0.0,0.0,,2662215555207871876,2026-01-12 13:58:57.299541
2026-01-12,24692,FLA,BUF,30003468,Evan Cormier,points,rf_qrf_points,0.3.0,empirical_qrf,0.0,0.0,0.0,,2662215555207871876,2026-01-12 13:58:57.299541
2026-01-12,24692,FLA,BUF,30001035,Tomás Nosek,points,rf_qrf_points,0.3.0,empirical_qrf,0.0,0.0,0.0,,2662215555207871876,2026-01-12 13:58:57.299541
2026-01-12,24692,FLA,BUF,30001159,Carter Verhaeghe,points,rf_qrf_points,0.3.0,empirical_qrf,0.0,0.0,0.0,,2662215555207871876,2026-01-12 13:58:57.299541
2026-01-12,24692,FLA,BUF,30001387,Niko Mikkola,points,rf_qrf_points,0.3.0,empirical_qrf,0.0,0.0,0.0,,2662215555207871876,2026-01-12 13:58:57.299541
2026-01-12,24692,FLA,BUF,30001448,Daniil Tarasov,points,rf_qrf_points,0.3.0,empirical_qrf,0.0,0.0,0.0,,2662215555207871876,2026-01-12 13:58:57.299541
2026-01-12,24692,FLA,BUF,30002069,Nathan Smith,points,rf_qrf_points,0.3.0,empirical_qrf,0.0,0.0,0.0,,2662215555207871876,2026-01-12 13:58:57.299541
2026-01-12,24692,FLA,BUF,30002758,Gustav Forsling,points,rf_qrf_points,0.3.0,empirical_qrf,0.0,0.0,0.0,,2662215555207871876,2026-01-12 13:58:57.299541
2026-01-12,24692,FLA,BUF,30000559,Sam Bennett,points,rf_qrf_points,0.3.0,empirical_qrf,0.0,0.0,0.0,,2662215555207871876,2026-01-12 13:58:57.299541
2026-01-12,24692,FLA,BUF,30000667,Sergei Bobrovsky,points,rf_qrf_points,0.3.0,empirical_qrf,0.0,0.0,0.0,,2662215555207871876,2026-01-12 13:58:57.299541
2026-01-12,24692,FLA,BUF,30000723,Jeff Petry,points,rf_qrf_points,0.3.0,empirical_qrf,0.0,0.0,0.0,,2662215555207871876,2026-01-12 13:58:57.299541
2026-01-12,24692,FLA,BUF,30000934,Louis Domingue,points,rf_qrf_points,0.3.0,empirical_qrf,0.0,0.0,0.0,,2662215555207871876,2026-01-12 13:58:57.299541
2026-01-12,24692,FLA,BUF,30000980,Sam Reinhart,points,rf_qrf_points,0.3.0,empirical_qrf,0.0,0.0,0.0,,2662215555207871876,2026-01-12 13:58:57.299541
2026-01-12,24692,FLA,BUF,30000981,Evan Rodrigues,points,rf_qrf_points,0.3.0,empirical_qrf,0.0,0.0,0.0,,2662215555207871876,2026-01-12 13:58:57.299541
2026-01-12,24693,VAN,MON,30000958,Derek Forbort,points,rf_qrf_points,0.3.0,empirical_qrf,0.0,0.0,0.0,,2662215555207871876,2026-01-12 13:58:57.299541
2026-01-12,24693,VAN,MON,30000976,Evander Kane,points,rf_qrf_points,0.3.0,empirical_qrf,0.0,0.0,0.0,,2662215555207871876,2026-01-12 13:58:57.299541
2026-01-12,24693,VAN,MON,30001238,Jake DeBrusk,points,rf_qrf_points,0.3.0,empirical_qrf,0.0,0.0,0.0,,2662215555207871876,2026-01-12 13:58:57.299541
2026-01-12,24693,VAN,MON,30001299,Tyler Myers,points,rf_qrf_points,0.3.0,empirical_qrf,0.0,0.0,0.0,,2662215555207871876,2026-01-12 13:58:57.299541
2026-01-12,24693,VAN,MON,30001949,Guillaume Brisebois,points,rf_qrf_points,0.3.0,empirical_qrf,0.0,0.0,0.0,,2662215555207871876,2026-01-12 13:58:57.299541
2026-01-12,24693,VAN,MON,30002479,Teddy Blueger,points,rf_qrf_points,0.3.0,empirical_qrf,0.0,0.0,0.0,,2662215555207871876,2026-01-12 13:58:57.299541
2026-01-12,24693,MON,VAN,30006060,David Reinbacher,points,rf_qrf_points,0.3.0,empirical_qrf,0.0,0.0,0.0,,2662215555207871876,2026-01-12 13:58:57.299541
2026-01-12,24693,MON,VAN,30006127,Jacob Fowler,points,rf_qrf_points,0.3.0,empirical_qrf,0.0,0.0,0.0,,2662215555207871876,2026-01-12 13:58:57.299541
2026-01-12,24693,MON,VAN,30006152,Florian Xhekaj,points,rf_qrf_points,0.3.0,empirical_qrf,0.0,0.0,0.0,,2662215555207871876,2026-01-12 13:58:57.299541
2026-01-12,24693,MON,VAN,30006358,Israel Mianscum,points,rf_qrf_points,0.3.0,empirical_qrf,0.0,0.0,0.0,,2662215555207871876,2026-01-12 13:58:57.299541
2026-01-12,24693,MON,VAN,30006485,Ivan Demidov,points,rf_qrf_points,0.3.0,empirical_qrf,0.0,0.0,0.0,,2662215555207871876,2026-01-12 13:58:57.299541
2026-01-12,24693,VAN,MON,30005887,Victor Mancini,points,rf_qrf_points,0.3.0,empirical_qrf,0.0,0.0,0.0,,2662215555207871876,2026-01-12 13:58:57.299541
2026-01-12,24693,MON,VAN,30005574,Lucas Condotta,points,rf_qrf_points,0.3.0,empirical_qrf,0.0,0.0,0.0,,2662215555207871876,2026-01-12 13:58:57.299541
2026-01-12,24693,MON,VAN,30005631,Juraj Slafkovsky,points,rf_qrf_points,0.3.0,empirical_qrf,0.0,0.0,0.0,,2662215555207871876,2026-01-12 13:58:57.299541
2026-01-12,24693,MON,VAN,30005645,Filip Mesar,points,rf_qrf_points,0.3.0,empirical_qrf,0.0,0.0,0.0,,2662215555207871876,2026-01-12 13:58:57.299541
2026-01-12,24693,MON,VAN,30005655,Lane Hutson,points,rf_qrf_points,0.3.0,empirical_qrf,0.0,0.0,0.0,,2662215555207871876,2026-01-12 13:58:57.299541
2026-01-12,24693,MON,VAN,30005656,Owen Beck,points,rf_qrf_points,0.3.0,empirical_qrf,0.0,0.0,0.0,,2662215555207871876,2026-01-12 13:58:57.299541
2026-01-12,24693,MON,VAN,30005806,Jared Davidson,points,rf_qrf_points,0.3.0,empirical_qrf,0.0,0.0,0.0,,2662215555207871876,2026-01-12 13:58:57.299541
2026-01-12,24693,MON,VAN,30005122,Xavier Simoneau,points,rf_qrf_points,0.3.0,empirical_qrf,0.0,0.0,0.0,,2662215555207871876,2026-01-12 13:58:57.299541
2026-01-12,24693,MON,VAN,30005127,Joe Vrbetic,points,rf_qrf_points,0.3.0,empirical_qrf,0.0,0.0,0.0,,2662215555207871876,2026-01-12 13:58:57.299541
2026-01-12,24693,MON,VAN,30005128,Arber Xhekaj,points,rf_qrf_points,0.3.0,empirical_qrf,0.0,0.0,0.0,,2662215555207871876,2026-01-12 13:58:57.299541
2026-01-12,24693,MON,VAN,30005287,Gannon Laroque,points,rf_qrf_points,0.3.0,empirical_qrf,0.0,0.0,0.0,,2662215555207871876,2026-01-12 13:58:57.299541
2026-01-12,24693,MON,VAN,30005288,Ben Gaudreau,points,rf_qrf_points,0.3.0,empirical_qrf,0.0,0.0,0.0,,2662215555207871876,2026-01-12 13:58:57.299541
2026-01-12,24693,MON,VAN,30005534,Jakub Dobes,points,rf_qrf_points,0.3.0,empirical_qrf,0.0,0.0,0.0,,2662215555207871876,2026-01-12 13:58:57.299541
2026-01-12,24693,MON,VAN,30004950,Marc Del Gaizo,points,rf_qrf_points,0.3.0,empirical_qrf,0.0,0.0,0.0,,2662215555207871876,2026-01-12 13:58:57.299541
2026-01-12,24693,MON,VAN,30004990,Zachary Bolduc,points,rf_qrf_points,0.3.0,empirical_qrf,0.0,0.0,0.0,,2662215555207871876,2026-01-12 13:58:57.299541
2026-01-12,24693,MON,VAN,30005021,Oliver Kapanen,points,rf_qrf_points,0.3.0,empirical_qrf,0.0,0.0,0.0,,2662215555207871876,2026-01-12 13:58:57.299541
2026-01-12,24693,MON,VAN,30005022,Riley Kidney,points,rf_qrf_points,0.3.0,empirical_qrf,0.0,0.0,0.0,,2662215555207871876,2026-01-12 13:58:57.299541
2026-01-12,24693,MON,VAN,30005118,Tobie Paquette-Bisson,points,rf_qrf_points,0.3.0,empirical_qrf,0.0,0.0,0.0,,2662215555207871876,2026-01-12 13:58:57.299541
2026-01-12,24693,MON,VAN,30005121,Joshua Roy,points,rf_qrf_points,0.3.0,empirical_qrf,0.0,0.0,0.0,,2662215555207871876,2026-01-12 13:58:57.299541
2026-01-12,24693,MON,VAN,30004559,Jayden Struble,points,rf_qrf_points,0.3.0,empirical_qrf,0.0,0.0,0.0,,2662215555207871876,2026-01-12 13:58:57.299541
2026-01-12,24693,MON,VAN,30004803,Kaiden Guhle,points,rf_qrf_points,0.3.0,empirical_qrf,0.0,0.0,0.0,,2662215555207871876,2026-01-12 13:58:57.299541
2026-01-12,24693,MON,VAN,30004866,Ryan O'Rourke,points,rf_qrf_points,0.3.0,empirical_qrf,0.0,0.0,0.0,,2662215555207871876,2026-01-12 13:58:57.299541
2026-01-12,24693,MON,VAN,30004876,Ty Smilanic,points,rf_qrf_points,0.3.0,empirical_qrf,0.0,0.0,0.0,,2662215555207871876,2026-01-12 13:58:57.299541
2026-01-12,24693,MON,VAN,30004894,Sean Farrell,points,rf_qrf_points,0.3.0,empirical_qrf,0.0,0.0,0.0,,2662215555207871876,2026-01-12 13:58:57.299541
2026-01-12,24693,MON,VAN,30004928,Cole Caufield,points,rf_qrf_points,0.3.0,empirical_qrf,0.0,0.0,0.0,,2662215555207871876,2026-01-12 13:58:57.299541
2026-01-12,24693,MON,VAN,30004204,Wyatte Wylie,points,rf_qrf_points,0.3.0,empirical_qrf,0.0,0.0,0.0,,2662215555207871876,2026-01-12 13:58:57.299541
2026-01-12,24693,MON,VAN,30004284,Kevin Mandolese,points,rf_qrf_points,0.3.0,empirical_qrf,0.0,0.0,0.0,,2662215555207871876,2026-01-12 13:58:57.299541
2026-01-12,24693,MON,VAN,30004361,Josh Anderson,points,rf_qrf_points,0.3.0,empirical_qrf,0.0,0.0,0.0,,2662215555207871876,2026-01-12 13:58:57.299541
2026-01-12,24693,MON,VAN,30004472,Kirby Dach,points,rf_qrf_points,0.3.0,empirical_qrf,0.0,0.0,0.0,,2662215555207871876,2026-01-12 13:58:57.299541
2026-01-12,24693,MON,VAN,30004486,Alex Newhook,points,rf_qrf_points,0.3.0,empirical_qrf,0.0,0.0,0.0,,2662215555207871876,2026-01-12 13:58:57.299541
2026-01-12,24693,MON,VAN,30004520,Hunter Jones,points,rf_qrf_points,0.3.0,empirical_qrf,0.0,0.0,0.0,,2662215555207871876,2026-01-12 13:58:57.299541
2026-01-12,24693,MON,VAN,30003687,Alexandre Texier,points,rf_qrf_points,0.3.0,empirical_qrf,0.0,0.0,0.0,,2662215555207871876,2026-01-12 13:58:57.299541
2026-01-12,24693,MON,VAN,30003901,Alex Belzile,points,rf_qrf_points,0.3.0,empirical_qrf,0.0,0.0,0.0,,2662215555207871876,2026-01-12 13:58:57.299541
2026-01-12,24693,MON,VAN,30003958,Nate Clurman,points,rf_qrf_points,0.3.0,empirical_qrf,0.0,0.0,0.0,,2662215555207871876,2026-01-12 13:58:57.299541
2026-01-12,24693,MON,VAN,30003990,Jake Evans,points,rf_qrf_points,0.3.0,empirical_qrf,0.0,0.0,0.0,,2662215555207871876,2026-01-12 13:58:57.299541
2026-01-12,24693,MON,VAN,30004086,Noah Dobson,points,rf_qrf_points,0.3.0,empirical_qrf,0.0,0.0,0.0,,2662215555207871876,2026-01-12 13:58:57.299541
2026-01-12,24693,MON,VAN,30004101,Joe Veleno,points,rf_qrf_points,0.3.0,empirical_qrf,0.0,0.0,0.0,,2662215555207871876,2026-01-12 13:58:57.299541
2026-01-12,24693,MON,VAN,30002601,Joshua Jacobs,points,rf_qrf_points,0.3.0,empirical_qrf,0.0,0.0,0.0,,2662215555207871876,2026-01-12 13:58:57.299541
2026-01-12,24693,MON,VAN,30002663,Vincent Arseneau,points,rf_qrf_points,0.3.0,empirical_qrf,0.0,0.0,0.0,,2662215555207871876,2026-01-12 13:58:57.299541
2026-01-12,24693,MON,VAN,30002781,Sam Montembeault,points,rf_qrf_points,0.3.0,empirical_qrf,0.0,0.0,0.0,,2662215555207871876,2026-01-12 13:58:57.299541
2026-01-12,24693,MON,VAN,30002825,Alexandre Carrier,points,rf_qrf_points,0.3.0,empirical_qrf,0.0,0.0,0.0,,2662215555207871876,2026-01-12 13:58:57.299541
2026-01-12,24693,MON,VAN,30003131,Patrik Laine,points,rf_qrf_points,0.3.0,empirical_qrf,0.0,0.0,0.0,,2662215555207871876,2026-01-12 13:58:57.299541
2026-01-12,24693,MON,VAN,30003667,Nick Suzuki,points,rf_qrf_points,0.3.0,empirical_qrf,0.0,0.0,0.0,,2662215555207871876,2026-01-12 13:58:57.299541
2026-01-12,24693,MON,VAN,30000227,Mike Matheson,points,rf_qrf_points,0.3.0,empirical_qrf,0.0,0.0,0.0,,2662215555207871876,2026-01-12 13:58:57.299541
2026-01-12,24693,MON,VAN,30000555,Tyler Wotherspoon,points,rf_qrf_points,0.3.0,empirical_qrf,0.0,0.0,0.0,,2662215555207871876,2026-01-12 13:58:57.299541
2026-01-12,24693,MON,VAN,30000670,Sammy Blais,points,rf_qrf_points,0.3.0,empirical_qrf,0.0,0.0,0.0,,2662215555207871876,2026-01-12 13:58:57.299541
2026-01-12,24693,MON,VAN,30001395,Laurent Dauphin,points,rf_qrf_points,0.3.0,empirical_qrf,0.0,0.0,0.0,,2662215555207871876,2026-01-12 13:58:57.299541
2026-01-12,24693,MON,VAN,30001424,Phillip Danault,points,rf_qrf_points,0.3.0,empirical_qrf,0.0,0.0,0.0,,2662215555207871876,2026-01-12 13:58:57.299541
2026-01-12,24693,MON,VAN,30002592,Kaapo Kahkonen,points,rf_qrf_points,0.3.0,empirical_qrf,0.0,0.0,0.0,,2662215555207871876,2026-01-12 13:58:57.299541
2026-01-12,24693,VAN,MON,30006037,Nikita Tolopilo,points,rf_qrf_points,0.3.0,empirical_qrf,0.0,0.0,0.0,,2662215555207871876,2026-01-12 13:58:57.299541
2026-01-12,24693,VAN,MON,30006067,Tom Willander,points,rf_qrf_points,0.3.0,empirical_qrf,0.0,0.0,0.0,,2662215555207871876,2026-01-12 13:58:57.299541
2026-01-12,24693,VAN,MON,30006320,Joe Arntsen,points,rf_qrf_points,0.3.0,empirical_qrf,0.0,0.0,0.0,,2662215555207871876,2026-01-12 13:58:57.299541
2026-01-12,24693,VAN,MON,30006441,Elias Nils Pettersson,points,rf_qrf_points,0.3.0,empirical_qrf,0.0,0.0,0.0,,2662215555207871876,2026-01-12 13:58:57.299541
2026-01-12,24693,VAN,MON,30006486,Zeev Buium,points,rf_qrf_points,0.3.0,empirical_qrf,0.0,0.0,0.0,,2662215555207871876,2026-01-12 13:58:57.299541
2026-01-12,24693,MON,VAN,30000015,Brendan Gallagher,points,rf_qrf_points,0.3.0,empirical_qrf,0.0,0.0,0.0,,2662215555207871876,2026-01-12 13:58:57.299541
2026-01-12,24693,VAN,MON,30005619,Jonathan Lekkerimaki,points,rf_qrf_points,0.3.0,empirical_qrf,0.0,0.0,0.0,,2662215555207871876,2026-01-12 13:58:57.299541
2026-01-12,24693,VAN,MON,30005642,Liam Ohgren,points,rf_qrf_points,0.3.0,empirical_qrf,0.0,0.0,0.0,,2662215555207871876,2026-01-12 13:58:57.299541
2026-01-12,24693,VAN,MON,30005747,Jonathan Lemieux,points,rf_qrf_points,0.3.0,empirical_qrf,0.0,0.0,0.0,,2662215555207871876,2026-01-12 13:58:57.299541
2026-01-12,24693,VAN,MON,30005831,Kirill Kudryavtsev,points,rf_qrf_points,0.3.0,empirical_qrf,0.0,0.0,0.0,,2662215555207871876,2026-01-12 13:58:57.299541
2026-01-12,24693,VAN,MON,30005837,Ty Young,points,rf_qrf_points,0.3.0,empirical_qrf,0.0,0.0,0.0,,2662215555207871876,2026-01-12 13:58:57.299541
2026-01-12,24693,VAN,MON,30006031,Max Sasson,points,rf_qrf_points,0.3.0,empirical_qrf,0.0,0.0,0.0,,2662215555207871876,2026-01-12 13:58:57.299541
2026-01-12,24693,VAN,MON,30005028,Aatu Raty,points,rf_qrf_points,0.3.0,empirical_qrf,0.0,0.0,0.0,,2662215555207871876,2026-01-12 13:58:57.299541
2026-01-12,24693,VAN,MON,30005100,Cooper Walker,points,rf_qrf_points,0.3.0,empirical_qrf,0.0,0.0,0.0,,2662215555207871876,2026-01-12 13:58:57.299541
2026-01-12,24693,VAN,MON,30005145,Josh Bloom,points,rf_qrf_points,0.3.0,empirical_qrf,0.0,0.0,0.0,,2662215555207871876,2026-01-12 13:58:57.299541
2026-01-12,24693,VAN,MON,30005171,Dino Kambeitz,points,rf_qrf_points,0.3.0,empirical_qrf,0.0,0.0,0.0,,2662215555207871876,2026-01-12 13:58:57.299541
2026-01-12,24693,VAN,MON,30005456,Nils Aman,points,rf_qrf_points,0.3.0,empirical_qrf,0.0,0.0,0.0,,2662215555207871876,2026-01-12 13:58:57.299541
2026-01-12,24693,VAN,MON,30005566,Arshdeep Bains,points,rf_qrf_points,0.3.0,empirical_qrf,0.0,0.0,0.0,,2662215555207871876,2026-01-12 13:58:57.299541
2026-01-12,24693,VAN,MON,30004531,Nils Hoglander,points,rf_qrf_points,0.3.0,empirical_qrf,0.0,0.0,0.0,,2662215555207871876,2026-01-12 13:58:57.299541
2026-01-12,24693,VAN,MON,30004581,Nikolai Knyzhov,points,rf_qrf_points,0.3.0,empirical_qrf,0.0,0.0,0.0,,2662215555207871876,2026-01-12 13:58:57.299541
2026-01-12,24693,VAN,MON,30004741,Drew O'Connor,points,rf_qrf_points,0.3.0,empirical_qrf,0.0,0.0,0.0,,2662215555207871876,2026-01-12 13:58:57.299541
2026-01-12,24693,VAN,MON,30004817,Lukas Reichel,points,rf_qrf_points,0.3.0,empirical_qrf,0.0,0.0,0.0,,2662215555207871876,2026-01-12 13:58:57.299541
2026-01-12,24693,VAN,MON,30004818,Marco Rossi,points,rf_qrf_points,0.3.0,empirical_qrf,0.0,0.0,0.0,,2662215555207871876,2026-01-12 13:58:57.299541
2026-01-12,24693,VAN,MON,30005016,Danila Klimovich,points,rf_qrf_points,0.3.0,empirical_qrf,0.0,0.0,0.0,,2662215555207871876,2026-01-12 13:58:57.299541
2026-01-12,24693,VAN,MON,30004001,Kiefer Sherwood,points,rf_qrf_points,0.3.0,empirical_qrf,0.0,0.0,0.0,,2662215555207871876,2026-01-12 13:58:57.299541
2026-01-12,24693,VAN,MON,30004058,Kevin Lankinen,points,rf_qrf_points,0.3.0,empirical_qrf,0.0,0.0,0.0,,2662215555207871876,2026-01-12 13:58:57.299541
2026-01-12,24693,VAN,MON,30004140,Jett Woo,points,rf_qrf_points,0.3.0,empirical_qrf,0.0,0.0,0.0,,2662215555207871876,2026-01-12 13:58:57.299541
2026-01-12,24693,VAN,MON,30004153,Linus Karlsson,points,rf_qrf_points,0.3.0,empirical_qrf,0.0,0.0,0.0,,2662215555207871876,2026-01-12 13:58:57.299541
2026-01-12,24693,VAN,MON,30004227,Chase Wouters,points,rf_qrf_points,0.3.0,empirical_qrf,0.0,0.0,0.0,,2662215555207871876,2026-01-12 13:58:57.299541
2026-01-12,24693,VAN,MON,30004425,Jimmy Schuldt,points,rf_qrf_points,0.3.0,empirical_qrf,0.0,0.0,0.0,,2662215555207871876,2026-01-12 13:58:57.299541
2026-01-12,24693,VAN,MON,30003193,Filip Hronek,points,rf_qrf_points,0.3.0,empirical_qrf,0.0,0.0,0.0,,2662215555207871876,2026-01-12 13:58:57.299541
2026-01-12,24693,VAN,MON,30003604,David Kampf,points,rf_qrf_points,0.3.0,empirical_qrf,0.0,0.0,0.0,,2662215555207871876,2026-01-12 13:58:57.299541
2026-01-12,24693,VAN,MON,30003647,Elias Pettersson,points,rf_qrf_points,0.3.0,empirical_qrf,0.0,0.0,0.0,,2662215555207871876,2026-01-12 13:58:57.299541
2026-01-12,24693,VAN,MON,30003655,Filip Chytil,points,rf_qrf_points,0.3.0,empirical_qrf,0.0,0.0,0.0,,2662215555207871876,2026-01-12 13:58:57.299541
2026-01-12,24693,VAN,MON,30003666,Pierre-Olivier Joseph,points,rf_qrf_points,0.3.0,empirical_qrf,0.0,0.0,0.0,,2662215555207871876,2026-01-12 13:58:57.299541
2026-01-12,24693,VAN,MON,30003776,Jiri Patera,points,rf_qrf_points,0.3.0,empirical_qrf,0.0,0.0,0.0,,2662215555207871876,2026-01-12 13:58:57.299541
2026-01-12,24693,VAN,MON,30002581,Thatcher Demko,points,rf_qrf_points,0.3.0,empirical_qrf,0.0,0.0,0.0,,2662215555207871876,2026-01-12 13:58:57.299541
2026-01-12,24693,VAN,MON,30002587,Marcus Pettersson,points,rf_qrf_points,0.3.0,empirical_qrf,0.0,0.0,0.0,,2662215555207871876,2026-01-12 13:58:57.299541
2026-01-12,24693,VAN,MON,30002777,Brock Boeser,points,rf_qrf_points,0.3.0,empirical_qrf,0.0,0.0,0.0,,2662215555207871876,2026-01-12 13:58:57.299541
2026-01-12,24693,VAN,MON,30002793,Joseph Labate,points,rf_qrf_points,0.3.0,empirical_qrf,0.0,0.0,0.0,,2662215555207871876,2026-01-12 13:58:57.299541
2026-01-12,24693,VAN,MON,30002876,Conor Garland,points,rf_qrf_points,0.3.0,empirical_qrf,0.0,0.0,0.0,,2662215555207871876,2026-01-12 13:58:57.299541
2026-01-12,24693,VAN,MON,30003063,Mackenzie MacEachern,points,rf_qrf_points,0.3.0,empirical_qrf,0.0,0.0,0.0,,2662215555207871876,2026-01-12 13:58:57.299541
2026-01-12,24694,NJ,MIN,30000070,Dougie Hamilton,points,rf_qrf_points,0.3.0,empirical_qrf,0.0,0.0,0.0,,2662215555207871876,2026-01-12 13:58:57.299541
2026-01-12,24694,NJ,MIN,30000210,Colton White,points,rf_qrf_points,0.3.0,empirical_qrf,0.0,0.0,0.0,,2662215555207871876,2026-01-12 13:58:57.299541
2026-01-12,24694,NJ,MIN,30000368,Brett Pesce,points,rf_qrf_points,0.3.0,empirical_qrf,0.0,0.0,0.0,,2662215555207871876,2026-01-12 13:58:57.299541
2026-01-12,24694,NJ,MIN,30000491,Connor Brown,points,rf_qrf_points,0.3.0,empirical_qrf,0.0,0.0,0.0,,2662215555207871876,2026-01-12 13:58:57.299541
2026-01-12,24694,NJ,MIN,30000573,Jacob Markstrom,points,rf_qrf_points,0.3.0,empirical_qrf,0.0,0.0,0.0,,2662215555207871876,2026-01-12 13:58:57.299541
2026-01-12,24694,NJ,MIN,30000665,Jake Allen,points,rf_qrf_points,0.3.0,empirical_qrf,0.0,0.0,0.0,,2662215555207871876,2026-01-12 13:58:57.299541
2026-01-12,24694,MIN,NJ,30006110,Rasmus Kumpulainen,points,rf_qrf_points,0.3.0,empirical_qrf,0.0,0.0,0.0,,2662215555207871876,2026-01-12 13:58:57.299541
2026-01-12,24694,MIN,NJ,30006308,Bradley Marek,points,rf_qrf_points,0.3.0,empirical_qrf,0.0,0.0,0.0,,2662215555207871876,2026-01-12 13:58:57.299541
2026-01-12,24694,MIN,NJ,30003167,Boris Katchouk,points,rf_qrf_points,0.3.0,empirical_qrf,0.0,0.0,0.0,,2662215555207871876,2026-01-12 13:58:57.299541
2026-01-12,24694,NJ,MIN,30003154,Dennis Cholowski,points,rf_qrf_points,0.3.0,empirical_qrf,0.0,0.0,0.0,,2662215555207871876,2026-01-12 13:58:57.299541
2026-01-12,24694,MIN,NJ,30001192,Tyler Pitlick,points,rf_qrf_points,0.3.0,empirical_qrf,0.0,0.0,0.0,,2662215555207871876,2026-01-12 13:58:57.299541
2026-01-12,24694,MIN,NJ,30005361,Benjamin Brinkman,points,rf_qrf_points,0.3.0,empirical_qrf,0.0,0.0,0.0,,2662215555207871876,2026-01-12 13:58:57.299541
2026-01-12,24694,MIN,NJ,30005612,David Jiricek,points,rf_qrf_points,0.3.0,empirical_qrf,0.0,0.0,0.0,,2662215555207871876,2026-01-12 13:58:57.299541
2026-01-12,24694,MIN,NJ,30005627,Danila Yurov,points,rf_qrf_points,0.3.0,empirical_qrf,0.0,0.0,0.0,,2662215555207871876,2026-01-12 13:58:57.299541
2026-01-12,24694,MIN,NJ,30005669,Hunter Haight,points,rf_qrf_points,0.3.0,empirical_qrf,0.0,0.0,0.0,,2662215555207871876,2026-01-12 13:58:57.299541
2026-01-12,24694,MIN,NJ,30005845,David Spacek,points,rf_qrf_points,0.3.0,empirical_qrf,0.0,0.0,0.0,,2662215555207871876,2026-01-12 13:58:57.299541
2026-01-12,24694,MIN,NJ,30006109,Riley Heidt,points,rf_qrf_points,0.3.0,empirical_qrf,0.0,0.0,0.0,,2662215555207871876,2026-01-12 13:58:57.299541
2026-01-12,24694,MIN,NJ,30005005,Oskar Olausson,points,rf_qrf_points,0.3.0,empirical_qrf,0.0,0.0,0.0,,2662215555207871876,2026-01-12 13:58:57.299541
2026-01-12,24694,MIN,NJ,30005007,Carson Lambos,points,rf_qrf_points,0.3.0,empirical_qrf,0.0,0.0,0.0,,2662215555207871876,2026-01-12 13:58:57.299541
2026-01-12,24694,MIN,NJ,30005008,Jesper Wallstedt,points,rf_qrf_points,0.3.0,empirical_qrf,0.0,0.0,0.0,,2662215555207871876,2026-01-12 13:58:57.299541
2026-01-12,24694,MIN,NJ,30005094,Cameron Butler,points,rf_qrf_points,0.3.0,empirical_qrf,0.0,0.0,0.0,,2662215555207871876,2026-01-12 13:58:57.299541
2026-01-12,24694,MIN,NJ,30005102,Caedan Bankier,points,rf_qrf_points,0.3.0,empirical_qrf,0.0,0.0,0.0,,2662215555207871876,2026-01-12 13:58:57.299541
2026-01-12,24694,MIN,NJ,30005274,Louka Henault,points,rf_qrf_points,0.3.0,empirical_qrf,0.0,0.0,0.0,,2662215555207871876,2026-01-12 13:58:57.299541
2026-01-12,24694,MIN,NJ,30004417,Nico Sturm,points,rf_qrf_points,0.3.0,empirical_qrf,0.0,0.0,0.0,,2662215555207871876,2026-01-12 13:58:57.299541
2026-01-12,24694,MIN,NJ,30004480,Matt Boldy,points,rf_qrf_points,0.3.0,empirical_qrf,0.0,0.0,0.0,,2662215555207871876,2026-01-12 13:58:57.299541
2026-01-12,24694,MIN,NJ,30004784,Kirill Kaprizov,points,rf_qrf_points,0.3.0,empirical_qrf,0.0,0.0,0.0,,2662215555207871876,2026-01-12 13:58:57.299541
2026-01-12,24694,MIN,NJ,30004835,Brock Faber,points,rf_qrf_points,0.3.0,empirical_qrf,0.0,0.0,0.0,,2662215555207871876,2026-01-12 13:58:57.299541
2026-01-12,24694,MIN,NJ,30004847,Daemon Hunt,points,rf_qrf_points,0.3.0,empirical_qrf,0.0,0.0,0.0,,2662215555207871876,2026-01-12 13:58:57.299541
2026-01-12,24694,MIN,NJ,30004970,Wyatt Newpower,points,rf_qrf_points,0.3.0,empirical_qrf,0.0,0.0,0.0,,2662215555207871876,2026-01-12 13:58:57.299541
2026-01-12,24694,MIN,NJ,30002820,Joel Eriksson Ek,points,rf_qrf_points,0.3.0,empirical_qrf,0.0,0.0,0.0,,2662215555207871876,2026-01-12 13:58:57.299541
2026-01-12,24694,MIN,NJ,30003173,Filip Gustavsson,points,rf_qrf_points,0.3.0,empirical_qrf,0.0,0.0,0.0,,2662215555207871876,2026-01-12 13:58:57.299541
2026-01-12,24694,MIN,NJ,30003611,Cal Petersen,points,rf_qrf_points,0.3.0,empirical_qrf,0.0,0.0,0.0,,2662215555207871876,2026-01-12 13:58:57.299541
2026-01-12,24694,MIN,NJ,30003774,Ben Jones,points,rf_qrf_points,0.3.0,empirical_qrf,0.0,0.0,0.0,,2662215555207871876,2026-01-12 13:58:57.299541
2026-01-12,24694,MIN,NJ,30004080,Quinn Hughes,points,rf_qrf_points,0.3.0,empirical_qrf,0.0,0.0,0.0,,2662215555207871876,2026-01-12 13:58:57.299541
2026-01-12,24694,MIN,NJ,30004196,Ben Gleason,points,rf_qrf_points,0.3.0,empirical_qrf,0.0,0.0,0.0,,2662215555207871876,2026-01-12 13:58:57.299541
2026-01-12,24694,MIN,NJ,30001012,Ryan Hartman,points,rf_qrf_points,0.3.0,empirical_qrf,0.0,0.0,0.0,,2662215555207871876,2026-01-12 13:58:57.299541
2026-01-12,24694,MIN,NJ,30001013,Vinnie Hinostroza,points,rf_qrf_points,0.3.0,empirical_qrf,0.0,0.0,0.0,,2662215555207871876,2026-01-12 13:58:57.299541
2026-01-12,24694,MIN,NJ,30001087,Mats Zuccarello,points,rf_qrf_points,0.3.0,empirical_qrf,0.0,0.0,0.0,,2662215555207871876,2026-01-12 13:58:57.299541
2026-01-12,24694,MIN,NJ,30001309,Marcus Johansson,points,rf_qrf_points,0.3.0,empirical_qrf,0.0,0.0,0.0,,2662215555207871876,2026-01-12 13:58:57.299541
2026-01-12,24694,MIN,NJ,30001355,Zach Bogosian,points,rf_qrf_points,0.3.0,empirical_qrf,0.0,0.0,0.0,,2662215555207871876,2026-01-12 13:58:57.299541
2026-01-12,24694,MIN,NJ,30002719,Jacob Middleton,points,rf_qrf_points,0.3.0,empirical_qrf,0.0,0.0,0.0,,2662215555207871876,2026-01-12 13:58:57.299541
2026-01-12,24694,MIN,NJ,30000257,Yakov Trenin,points,rf_qrf_points,0.3.0,empirical_qrf,0.0,0.0,0.0,,2662215555207871876,2026-01-12 13:58:57.299541
2026-01-12,24694,MIN,NJ,30000266,Nicolas Aube-Kubel,points,rf_qrf_points,0.3.0,empirical_qrf,0.0,0.0,0.0,,2662215555207871876,2026-01-12 13:58:57.299541
2026-01-12,24694,MIN,NJ,30000499,Marcus Foligno,points,rf_qrf_points,0.3.0,empirical_qrf,0.0,0.0,0.0,,2662215555207871876,2026-01-12 13:58:57.299541
2026-01-12,24694,MIN,NJ,30000517,Jared Spurgeon,points,rf_qrf_points,0.3.0,empirical_qrf,0.0,0.0,0.0,,2662215555207871876,2026-01-12 13:58:57.299541
2026-01-12,24694,MIN,NJ,30000524,Jonas Brodin,points,rf_qrf_points,0.3.0,empirical_qrf,0.0,0.0,0.0,,2662215555207871876,2026-01-12 13:58:57.299541
2026-01-12,24694,MIN,NJ,30000797,Vladimir Tarasenko,points,rf_qrf_points,0.3.0,empirical_qrf,0.0,0.0,0.0,,2662215555207871876,2026-01-12 13:58:57.299541
2026-01-12,24694,NJ,MIN,30005466,Arseniy Gritsyuk,points,rf_qrf_points,0.3.0,empirical_qrf,0.0,0.0,0.0,,2662215555207871876,2026-01-12 13:58:57.299541
2026-01-12,24694,NJ,MIN,30005561,Marc McLaughlin,points,rf_qrf_points,0.3.0,empirical_qrf,0.0,0.0,0.0,,2662215555207871876,2026-01-12 13:58:57.299541
2026-01-12,24694,NJ,MIN,30005569,Brian Halonen,points,rf_qrf_points,0.3.0,empirical_qrf,0.0,0.0,0.0,,2662215555207871876,2026-01-12 13:58:57.299541
2026-01-12,24694,NJ,MIN,30005613,Simon Nemec,points,rf_qrf_points,0.3.0,empirical_qrf,0.0,0.0,0.0,,2662215555207871876,2026-01-12 13:58:57.299541
2026-01-12,24694,NJ,MIN,30006223,Jeremy Hanzel,points,rf_qrf_points,0.3.0,empirical_qrf,0.0,0.0,0.0,,2662215555207871876,2026-01-12 13:58:57.299541
2026-01-12,24694,NJ,MIN,30006356,Matyas Melovsky,points,rf_qrf_points,0.3.0,empirical_qrf,0.0,0.0,0.0,,2662215555207871876,2026-01-12 13:58:57.299541
2026-01-12,24694,NJ,MIN,30004549,Nathan Legare,points,rf_qrf_points,0.3.0,empirical_qrf,0.0,0.0,0.0,,2662215555207871876,2026-01-12 13:58:57.299541
2026-01-12,24694,NJ,MIN,30004810,Dawson Mercer,points,rf_qrf_points,0.3.0,empirical_qrf,0.0,0.0,0.0,,2662215555207871876,2026-01-12 13:58:57.299541
2026-01-12,24694,NJ,MIN,30004827,Thomas Bordeleau,points,rf_qrf_points,0.3.0,empirical_qrf,0.0,0.0,0.0,,2662215555207871876,2026-01-12 13:58:57.299541
2026-01-12,24694,NJ,MIN,30004833,Nico Daws,points,rf_qrf_points,0.3.0,empirical_qrf,0.0,0.0,0.0,,2662215555207871876,2026-01-12 13:58:57.299541
2026-01-12,24694,NJ,MIN,30004986,Luke Hughes,points,rf_qrf_points,0.3.0,empirical_qrf,0.0,0.0,0.0,,2662215555207871876,2026-01-12 13:58:57.299541
2026-01-12,24694,NJ,MIN,30005278,Mikael Diotte,points,rf_qrf_points,0.3.0,empirical_qrf,0.0,0.0,0.0,,2662215555207871876,2026-01-12 13:58:57.299541
2026-01-12,24694,NJ,MIN,30003642,Cody Glass,points,rf_qrf_points,0.3.0,empirical_qrf,0.0,0.0,0.0,,2662215555207871876,2026-01-12 13:58:57.299541
2026-01-12,24694,NJ,MIN,30003726,Johnathan Kovacevic,points,rf_qrf_points,0.3.0,empirical_qrf,0.0,0.0,0.0,,2662215555207871876,2026-01-12 13:58:57.299541
2026-01-12,24694,NJ,MIN,30003983,Austin Strand,points,rf_qrf_points,0.3.0,empirical_qrf,0.0,0.0,0.0,,2662215555207871876,2026-01-12 13:58:57.299541
2026-01-12,24694,NJ,MIN,30004112,Calen Addison,points,rf_qrf_points,0.3.0,empirical_qrf,0.0,0.0,0.0,,2662215555207871876,2026-01-12 13:58:57.299541
2026-01-12,24694,NJ,MIN,30004384,Paul Cotter,points,rf_qrf_points,0.3.0,empirical_qrf,0.0,0.0,0.0,,2662215555207871876,2026-01-12 13:58:57.299541
2026-01-12,24694,NJ,MIN,30004470,Jack Hughes,points,rf_qrf_points,0.3.0,empirical_qrf,0.0,0.0,0.0,,2662215555207871876,2026-01-12 13:58:57.299541
2026-01-12,24694,NJ,MIN,30001786,Evgenii Dadonov,points,rf_qrf_points,0.3.0,empirical_qrf,0.0,0.0,0.0,,2662215555207871876,2026-01-12 13:58:57.299541
2026-01-12,24694,NJ,MIN,30002609,Juho Lammikko,points,rf_qrf_points,0.3.0,empirical_qrf,0.0,0.0,0.0,,2662215555207871876,2026-01-12 13:58:57.299541
2026-01-12,24694,NJ,MIN,30003404,Zack MacEwen,points,rf_qrf_points,0.3.0,empirical_qrf,0.0,0.0,0.0,,2662215555207871876,2026-01-12 13:58:57.299541
2026-01-12,24694,NJ,MIN,30003568,Joseph Gambardella,points,rf_qrf_points,0.3.0,empirical_qrf,0.0,0.0,0.0,,2662215555207871876,2026-01-12 13:58:57.299541
2026-01-12,24694,NJ,MIN,30003612,Jesper Bratt,points,rf_qrf_points,0.3.0,empirical_qrf,0.0,0.0,0.0,,2662215555207871876,2026-01-12 13:58:57.299541
2026-01-12,24694,NJ,MIN,30003639,Nico Hischier,points,rf_qrf_points,0.3.0,empirical_qrf,0.0,0.0,0.0,,2662215555207871876,2026-01-12 13:58:57.299541
2026-01-12,24694,NJ,MIN,30000844,Luke Glendening,points,rf_qrf_points,0.3.0,empirical_qrf,0.0,0.0,0.0,,2662215555207871876,2026-01-12 13:58:57.299541
2026-01-12,24694,NJ,MIN,30000886,Stefan Noesen,points,rf_qrf_points,0.3.0,empirical_qrf,0.0,0.0,0.0,,2662215555207871876,2026-01-12 13:58:57.299541
2026-01-12,24694,NJ,MIN,30001052,Ondrej Palat,points,rf_qrf_points,0.3.0,empirical_qrf,0.0,0.0,0.0,,2662215555207871876,2026-01-12 13:58:57.299541
2026-01-12,24694,NJ,MIN,30001108,Jonas Siegenthaler,points,rf_qrf_points,0.3.0,empirical_qrf,0.0,0.0,0.0,,2662215555207871876,2026-01-12 13:58:57.299541
2026-01-12,24694,NJ,MIN,30001225,Brenden Dillon,points,rf_qrf_points,0.3.0,empirical_qrf,0.0,0.0,0.0,,2662215555207871876,2026-01-12 13:58:57.299541
2026-01-12,24694,NJ,MIN,30001226,Timo Meier,points,rf_qrf_points,0.3.0,empirical_qrf,0.0,0.0,0.0,,2662215555207871876,2026-01-12 13:58:57.299541
2026-01-12,24695,EDM,CHI,30000180,Josh Brown,points,rf_qrf_points,0.3.0,empirical_qrf,0.0,0.0,0.0,,2662215555207871876,2026-01-12 13:58:57.299541
2026-01-12,24695,EDM,CHI,30000250,Mattias Ekholm,points,rf_qrf_points,0.3.0,empirical_qrf,0.0,0.0,0.0,,2662215555207871876,2026-01-12 13:58:57.299541
2026-01-12,24695,EDM,CHI,30000392,Tristan Jarry,points,rf_qrf_points,0.3.0,empirical_qrf,0.0,0.0,0.0,,2662215555207871876,2026-01-12 13:58:57.299541
2026-01-12,24695,EDM,CHI,30000440,Zach Hyman,points,rf_qrf_points,0.3.0,empirical_qrf,0.0,0.0,0.0,,2662215555207871876,2026-01-12 13:58:57.299541
2026-01-12,24695,EDM,CHI,30000443,Kasperi Kapanen,points,rf_qrf_points,0.3.0,empirical_qrf,0.0,0.0,0.0,,2662215555207871876,2026-01-12 13:58:57.299541
2026-01-12,24695,EDM,CHI,30000540,Ryan Nugent-Hopkins,points,rf_qrf_points,0.3.0,empirical_qrf,0.0,0.0,0.0,,2662215555207871876,2026-01-12 13:58:57.299541
2026-01-12,24695,EDM,CHI,30005646,Isaac Howard,points,rf_qrf_points,0.3.0,empirical_qrf,0.0,0.0,0.0,,2662215555207871876,2026-01-12 13:58:57.299541
2026-01-12,24695,CHI,EDM,30000182,Ryan Ellis,points,rf_qrf_points,0.3.0,empirical_qrf,0.0,0.0,0.0,,2662215555207871876,2026-01-12 13:58:57.299541
2026-01-12,24695,CHI,EDM,30005839,Jake Furlong,points,rf_qrf_points,0.3.0,empirical_qrf,0.0,0.0,0.0,,2662215555207871876,2026-01-12 13:58:57.299541
2026-01-12,24695,CHI,EDM,30006077,Oliver Moore,points,rf_qrf_points,0.3.0,empirical_qrf,0.0,0.0,0.0,,2662215555207871876,2026-01-12 13:58:57.299541
2026-01-12,24695,CHI,EDM,30006105,Martin Misiak,points,rf_qrf_points,0.3.0,empirical_qrf,0.0,0.0,0.0,,2662215555207871876,2026-01-12 13:58:57.299541
2026-01-12,24695,CHI,EDM,30006145,Nick Lardis,points,rf_qrf_points,0.3.0,empirical_qrf,0.0,0.0,0.0,,2662215555207871876,2026-01-12 13:58:57.299541
2026-01-12,24695,CHI,EDM,30006279,Sahil Panwar,points,rf_qrf_points,0.3.0,empirical_qrf,0.0,0.0,0.0,,2662215555207871876,2026-01-12 13:58:57.299541
2026-01-12,24695,CHI,EDM,30006312,Joe Carroll,points,rf_qrf_points,0.3.0,empirical_qrf,0.0,0.0,0.0,,2662215555207871876,2026-01-12 13:58:57.299541
2026-01-12,24695,CHI,EDM,30006496,Artyom Levshunov,points,rf_qrf_points,0.3.0,empirical_qrf,0.0,0.0,0.0,,2662215555207871876,2026-01-12 13:58:57.299541
2026-01-12,24695,CHI,EDM,30005666,Ryan Greene,points,rf_qrf_points,0.3.0,empirical_qrf,0.0,0.0,0.0,,2662215555207871876,2026-01-12 13:58:57.299541
2026-01-12,24695,CHI,EDM,30005718,Samuel Savoie,points,rf_qrf_points,0.3.0,empirical_qrf,0.0,0.0,0.0,,2662215555207871876,2026-01-12 13:58:57.299541
2026-01-12,24695,CHI,EDM,30005816,Gavin Hayes,points,rf_qrf_points,0.3.0,empirical_qrf,0.0,0.0,0.0,,2662215555207871876,2026-01-12 13:58:57.299541
2026-01-12,24695,CHI,EDM,30005819,Andrew Perrott,points,rf_qrf_points,0.3.0,empirical_qrf,0.0,0.0,0.0,,2662215555207871876,2026-01-12 13:58:57.299541
2026-01-12,24695,CHI,EDM,30005820,Mitchell Weeks,points,rf_qrf_points,0.3.0,empirical_qrf,0.0,0.0,0.0,,2662215555207871876,2026-01-12 13:58:57.299541
2026-01-12,24695,CHI,EDM,30006064,Connor Bedard,points,rf_qrf_points,0.3.0,empirical_qrf,0.0,0.0,0.0,,2662215555207871876,2026-01-12 13:58:57.299541
2026-01-12,24695,CHI,EDM,30005052,Dmitry Kuzmin,points,rf_qrf_points,0.3.0,empirical_qrf,0.0,0.0,0.0,,2662215555207871876,2026-01-12 13:58:57.299541
2026-01-12,24695,CHI,EDM,30005131,Ryan Mast,points,rf_qrf_points,0.3.0,empirical_qrf,0.0,0.0,0.0,,2662215555207871876,2026-01-12 13:58:57.299541
2026-01-12,24695,CHI,EDM,30005163,Ethan Del Mastro,points,rf_qrf_points,0.3.0,empirical_qrf,0.0,0.0,0.0,,2662215555207871876,2026-01-12 13:58:57.299541
2026-01-12,24695,CHI,EDM,30005632,Kevin Korchinski,points,rf_qrf_points,0.3.0,empirical_qrf,0.0,0.0,0.0,,2662215555207871876,2026-01-12 13:58:57.299541
2026-01-12,24695,CHI,EDM,30005638,Frank Nazar,points,rf_qrf_points,0.3.0,empirical_qrf,0.0,0.0,0.0,,2662215555207871876,2026-01-12 13:58:57.299541
2026-01-12,24695,CHI,EDM,30005665,Paul Ludwinski,points,rf_qrf_points,0.3.0,empirical_qrf,0.0,0.0,0.0,,2662215555207871876,2026-01-12 13:58:57.299541
2026-01-12,24695,CHI,EDM,30004830,Drew Commesso,points,rf_qrf_points,0.3.0,empirical_qrf,0.0,0.0,0.0,,2662215555207871876,2026-01-12 13:58:57.299541
2026-01-12,24695,CHI,EDM,30004850,Wyatt Kaiser,points,rf_qrf_points,0.3.0,empirical_qrf,0.0,0.0,0.0,,2662215555207871876,2026-01-12 13:58:57.299541
2026-01-12,24695,CHI,EDM,30004875,Landon Slaggert,points,rf_qrf_points,0.3.0,empirical_qrf,0.0,0.0,0.0,,2662215555207871876,2026-01-12 13:58:57.299541
2026-01-12,24695,CHI,EDM,30004946,Jackson Cates,points,rf_qrf_points,0.3.0,empirical_qrf,0.0,0.0,0.0,,2662215555207871876,2026-01-12 13:58:57.299541
2026-01-12,24695,CHI,EDM,30004965,Arvid Soderblom,points,rf_qrf_points,0.3.0,empirical_qrf,0.0,0.0,0.0,,2662215555207871876,2026-01-12 13:58:57.299541
2026-01-12,24695,CHI,EDM,30005032,Colton Dach,points,rf_qrf_points,0.3.0,empirical_qrf,0.0,0.0,0.0,,2662215555207871876,2026-01-12 13:58:57.299541
2026-01-12,24695,CHI,EDM,30003996,Sam Lafferty,points,rf_qrf_points,0.3.0,empirical_qrf,0.0,0.0,0.0,,2662215555207871876,2026-01-12 13:58:57.299541
2026-01-12,24695,CHI,EDM,30004000,Brett Seney,points,rf_qrf_points,0.3.0,empirical_qrf,0.0,0.0,0.0,,2662215555207871876,2026-01-12 13:58:57.299541
2026-01-12,24695,CHI,EDM,30004442,Ilya Mikheyev,points,rf_qrf_points,0.3.0,empirical_qrf,0.0,0.0,0.0,,2662215555207871876,2026-01-12 13:58:57.299541
2026-01-12,24695,CHI,EDM,30004494,Spencer Knight,points,rf_qrf_points,0.3.0,empirical_qrf,0.0,0.0,0.0,,2662215555207871876,2026-01-12 13:58:57.299541
2026-01-12,24695,CHI,EDM,30004507,Alex Vlasic,points,rf_qrf_points,0.3.0,empirical_qrf,0.0,0.0,0.0,,2662215555207871876,2026-01-12 13:58:57.299541
2026-01-12,24695,CHI,EDM,30004650,Louis Crevier,points,rf_qrf_points,0.3.0,empirical_qrf,0.0,0.0,0.0,,2662215555207871876,2026-01-12 13:58:57.299541
2026-01-12,24695,CHI,EDM,30002212,Cavan Fitzgerald,points,rf_qrf_points,0.3.0,empirical_qrf,0.0,0.0,0.0,,2662215555207871876,2026-01-12 13:58:57.299541
2026-01-12,24695,CHI,EDM,30002539,Matt Grzelcyk,points,rf_qrf_points,0.3.0,empirical_qrf,0.0,0.0,0.0,,2662215555207871876,2026-01-12 13:58:57.299541
2026-01-12,24695,CHI,EDM,30002588,Ryan Donato,points,rf_qrf_points,0.3.0,empirical_qrf,0.0,0.0,0.0,,2662215555207871876,2026-01-12 13:58:57.299541
2026-01-12,24695,CHI,EDM,30003209,Joey Anderson,points,rf_qrf_points,0.3.0,empirical_qrf,0.0,0.0,0.0,,2662215555207871876,2026-01-12 13:58:57.299541
2026-01-12,24695,CHI,EDM,30003558,Josh Healey,points,rf_qrf_points,0.3.0,empirical_qrf,0.0,0.0,0.0,,2662215555207871876,2026-01-12 13:58:57.299541
2026-01-12,24695,CHI,EDM,30003751,Dominic Toninato,points,rf_qrf_points,0.3.0,empirical_qrf,0.0,0.0,0.0,,2662215555207871876,2026-01-12 13:58:57.299541
2026-01-12,24695,CHI,EDM,30000691,Nick Foligno,points,rf_qrf_points,0.3.0,empirical_qrf,0.0,0.0,0.0,,2662215555207871876,2026-01-12 13:58:57.299541
2026-01-12,24695,CHI,EDM,30000748,Jason Dickinson,points,rf_qrf_points,0.3.0,empirical_qrf,0.0,0.0,0.0,,2662215555207871876,2026-01-12 13:58:57.299541
2026-01-12,24695,CHI,EDM,30000842,Tyler Bertuzzi,points,rf_qrf_points,0.3.0,empirical_qrf,0.0,0.0,0.0,,2662215555207871876,2026-01-12 13:58:57.299541
2026-01-12,24695,CHI,EDM,30000871,Teuvo Teravainen,points,rf_qrf_points,0.3.0,empirical_qrf,0.0,0.0,0.0,,2662215555207871876,2026-01-12 13:58:57.299541
2026-01-12,24695,CHI,EDM,30001060,Shea Weber,points,rf_qrf_points,0.3.0,empirical_qrf,0.0,0.0,0.0,,2662215555207871876,2026-01-12 13:58:57.299541
2026-01-12,24695,CHI,EDM,30001219,Connor Murphy,points,rf_qrf_points,0.3.0,empirical_qrf,0.0,0.0,0.0,,2662215555207871876,2026-01-12 13:58:57.299541
2026-01-12,24695,EDM,CHI,30005931,Brady Stonehouse,points,rf_qrf_points,0.3.0,empirical_qrf,0.0,0.0,0.0,,2662215555207871876,2026-01-12 13:58:57.299541
2026-01-12,24695,EDM,CHI,30006112,Beau Akey,points,rf_qrf_points,0.3.0,empirical_qrf,0.0,0.0,0.0,,2662215555207871876,2026-01-12 13:58:57.299541
2026-01-12,24695,EDM,CHI,30006225,Nathaniel Day,points,rf_qrf_points,0.3.0,empirical_qrf,0.0,0.0,0.0,,2662215555207871876,2026-01-12 13:58:57.299541
2026-01-12,24695,EDM,CHI,30006327,Matt Brown,points,rf_qrf_points,0.3.0,empirical_qrf,0.0,0.0,0.0,,2662215555207871876,2026-01-12 13:58:57.299541
2026-01-12,24695,EDM,CHI,30006393,Connor Clattenburg,points,rf_qrf_points,0.3.0,empirical_qrf,0.0,0.0,0.0,,2662215555207871876,2026-01-12 13:58:57.299541
2026-01-12,24695,CHI,EDM,30000585,Andre Burakovsky,points,rf_qrf_points,0.3.0,empirical_qrf,0.0,0.0,0.0,,2662215555207871876,2026-01-12 13:58:57.299541
2026-01-12,24695,EDM,CHI,30004871,Luke Prokop,points,rf_qrf_points,0.3.0,empirical_qrf,0.0,0.0,0.0,,2662215555207871876,2026-01-12 13:58:57.299541
2026-01-12,24695,EDM,CHI,30005174,Matvey Petrov,points,rf_qrf_points,0.3.0,empirical_qrf,0.0,0.0,0.0,,2662215555207871876,2026-01-12 13:58:57.299541
2026-01-12,24695,EDM,CHI,30005177,James Hamblin,points,rf_qrf_points,0.3.0,empirical_qrf,0.0,0.0,0.0,,2662215555207871876,2026-01-12 13:58:57.299541
2026-01-12,24695,EDM,CHI,30005185,Jayden Grubbe,points,rf_qrf_points,0.3.0,empirical_qrf,0.0,0.0,0.0,,2662215555207871876,2026-01-12 13:58:57.299541
2026-01-12,24695,EDM,CHI,30005633,Matt Savoie,points,rf_qrf_points,0.3.0,empirical_qrf,0.0,0.0,0.0,,2662215555207871876,2026-01-12 13:58:57.299541
2026-01-12,24695,EDM,CHI,30005731,Mats Lindgren,points,rf_qrf_points,0.3.0,empirical_qrf,0.0,0.0,0.0,,2662215555207871876,2026-01-12 13:58:57.299541
2026-01-12,24695,EDM,CHI,30004156,Alec Regula,points,rf_qrf_points,0.3.0,empirical_qrf,0.0,0.0,0.0,,2662215555207871876,2026-01-12 13:58:57.299541
2026-01-12,24695,EDM,CHI,30004165,Ty Emberson,points,rf_qrf_points,0.3.0,empirical_qrf,0.0,0.0,0.0,,2662215555207871876,2026-01-12 13:58:57.299541
2026-01-12,24695,EDM,CHI,30004370,Spencer Stastney,points,rf_qrf_points,0.3.0,empirical_qrf,0.0,0.0,0.0,,2662215555207871876,2026-01-12 13:58:57.299541
2026-01-12,24695,EDM,CHI,30004476,Vasily Podkolzin,points,rf_qrf_points,0.3.0,empirical_qrf,0.0,0.0,0.0,,2662215555207871876,2026-01-12 13:58:57.299541
2026-01-12,24695,EDM,CHI,30004490,Sam Poulin,points,rf_qrf_points,0.3.0,empirical_qrf,0.0,0.0,0.0,,2662215555207871876,2026-01-12 13:58:57.299541
2026-01-12,24695,EDM,CHI,30004625,Mason Millman,points,rf_qrf_points,0.3.0,empirical_qrf,0.0,0.0,0.0,,2662215555207871876,2026-01-12 13:58:57.299541
2026-01-12,24695,EDM,CHI,30003142,Max Jones,points,rf_qrf_points,0.3.0,empirical_qrf,0.0,0.0,0.0,,2662215555207871876,2026-01-12 13:58:57.299541
2026-01-12,24695,EDM,CHI,30003157,Trent Frederic,points,rf_qrf_points,0.3.0,empirical_qrf,0.0,0.0,0.0,,2662215555207871876,2026-01-12 13:58:57.299541
2026-01-12,24695,EDM,CHI,30003211,Rem Pitlick,points,rf_qrf_points,0.3.0,empirical_qrf,0.0,0.0,0.0,,2662215555207871876,2026-01-12 13:58:57.299541
2026-01-12,24695,EDM,CHI,30003345,Riley Stillman,points,rf_qrf_points,0.3.0,empirical_qrf,0.0,0.0,0.0,,2662215555207871876,2026-01-12 13:58:57.299541
2026-01-12,24695,EDM,CHI,30003770,Matt Tomkins,points,rf_qrf_points,0.3.0,empirical_qrf,0.0,0.0,0.0,,2662215555207871876,2026-01-12 13:58:57.299541
2026-01-12,24695,EDM,CHI,30004081,Evan Bouchard,points,rf_qrf_points,0.3.0,empirical_qrf,0.0,0.0,0.0,,2662215555207871876,2026-01-12 13:58:57.299541
2026-01-12,24695,EDM,CHI,30001304,Calvin Pickard,points,rf_qrf_points,0.3.0,empirical_qrf,0.0,0.0,0.0,,2662215555207871876,2026-01-12 13:58:57.299541
2026-01-12,24695,EDM,CHI,30001368,Seth Griffith,points,rf_qrf_points,0.3.0,empirical_qrf,0.0,0.0,0.0,,2662215555207871876,2026-01-12 13:58:57.299541
2026-01-12,24695,EDM,CHI,30002218,Andrew Mangiapane,points,rf_qrf_points,0.3.0,empirical_qrf,0.0,0.0,0.0,,2662215555207871876,2026-01-12 13:58:57.299541
2026-01-12,24695,EDM,CHI,30002623,Jake Walman,points,rf_qrf_points,0.3.0,empirical_qrf,0.0,0.0,0.0,,2662215555207871876,2026-01-12 13:58:57.299541
2026-01-12,24695,EDM,CHI,30002787,Connor Ingram,points,rf_qrf_points,0.3.0,empirical_qrf,0.0,0.0,0.0,,2662215555207871876,2026-01-12 13:58:57.299541
2026-01-12,24695,EDM,CHI,30002824,Jack Roslovic,points,rf_qrf_points,0.3.0,empirical_qrf,0.0,0.0,0.0,,2662215555207871876,2026-01-12 13:58:57.299541
2026-01-12,24695,EDM,CHI,30000549,Darnell Nurse,points,rf_qrf_points,0.3.0,empirical_qrf,0.0,0.0,0.0,,2662215555207871876,2026-01-12 13:58:57.299541
2026-01-12,24695,EDM,CHI,30000752,Mattias Janmark,points,rf_qrf_points,0.3.0,empirical_qrf,0.0,0.0,0.0,,2662215555207871876,2026-01-12 13:58:57.299541
2026-01-12,24695,EDM,CHI,30000965,Curtis Lazar,points,rf_qrf_points,0.3.0,empirical_qrf,0.0,0.0,0.0,,2662215555207871876,2026-01-12 13:58:57.299541
2026-01-12,24695,EDM,CHI,30000987,Adam Henrique,points,rf_qrf_points,0.3.0,empirical_qrf,0.0,0.0,0.0,,2662215555207871876,2026-01-12 13:58:57.299541
2026-01-12,24695,EDM,CHI,30001076,Leon Draisaitl,points,rf_qrf_points,0.3.0,empirical_qrf,0.0,0.0,0.0,,2662215555207871876,2026-01-12 13:58:57.299541
2026-01-12,24695,EDM,CHI,30001233,Connor McDavid,points,rf_qrf_points,0.3.0,empirical_qrf,0.0,0.0,0.0,,2662215555207871876,2026-01-12 13:58:57.299541
2026-01-12,24689,TB,PHI,30000428,Oliver Bjorkstrand,goals,rf_qrf_goals,0.3.0,empirical_qrf,0.0,0.0,0.0,,2662215555207871876,2026-01-12 13:58:58.029231
2026-01-12,24689,TB,PHI,30000477,Nick Paul,goals,rf_qrf_goals,0.3.0,empirical_qrf,0.0,0.0,0.0,,2662215555207871876,2026-01-12 13:58:58.029231
2026-01-12,24689,TB,PHI,30000502,Zemgus Girgensons,goals,rf_qrf_goals,0.3.0,empirical_qrf,0.0,0.0,0.0,,2662215555207871876,2026-01-12 13:58:58.029231
2026-01-12,24689,TB,PHI,30000737,Victor Hedman,goals,rf_qrf_goals,0.3.0,empirical_qrf,0.0,0.0,0.0,,2662215555207871876,2026-01-12 13:58:58.029231
2026-01-12,24689,TB,PHI,30000742,Brayden Point,goals,rf_qrf_goals,0.3.0,empirical_qrf,0.0,0.0,0.0,,2662215555207871876,2026-01-12 13:58:58.029231
2026-01-12,24689,TB,PHI,30001047,Nikita Kucherov,goals,rf_qrf_goals,0.3.0,empirical_qrf,0.0,0.0,0.0,,2662215555207871876,2026-01-12 13:58:58.029231
2026-01-12,24689,PHI,TB,30004144,Adam Ginning,goals,rf_qrf_goals,0.3.0,empirical_qrf,0.0,0.0,0.0,,2662215555207871876,2026-01-12 13:58:58.029231
2026-01-12,24689,PHI,TB,30006061,Matvei Michkov,goals,rf_qrf_goals,0.3.0,empirical_qrf,0.0,0.0,0.0,,2662215555207871876,2026-01-12 13:58:58.029231
2026-01-12,24689,PHI,TB,30006075,Oliver Bonk,goals,rf_qrf_goals,0.3.0,empirical_qrf,0.0,0.0,0.0,,2662215555207871876,2026-01-12 13:58:58.029231
2026-01-12,24689,PHI,TB,30006100,Carson Bjarnason,goals,rf_qrf_goals,0.3.0,empirical_qrf,0.0,0.0,0.0,,2662215555207871876,2026-01-12 13:58:58.029231
2026-01-12,24689,PHI,TB,30006135,Denver Barkey,goals,rf_qrf_goals,0.3.0,empirical_qrf,0.0,0.0,0.0,,2662215555207871876,2026-01-12 13:58:58.029231
2026-01-12,24689,TB,PHI,30005698,Michael Milne,goals,rf_qrf_goals,0.3.0,empirical_qrf,0.0,0.0,0.0,,2662215555207871876,2026-01-12 13:58:58.029231
2026-01-12,24689,PHI,TB,30004488,Philip Tomasino,goals,rf_qrf_goals,0.3.0,empirical_qrf,0.0,0.0,0.0,,2662215555207871876,2026-01-12 13:58:58.029231
2026-01-12,24689,PHI,TB,30005345,Roman Schmidt,goals,rf_qrf_goals,0.3.0,empirical_qrf,0.0,0.0,0.0,,2662215555207871876,2026-01-12 13:58:58.029231
2026-01-12,24689,PHI,TB,30005397,Noah Cates,goals,rf_qrf_goals,0.3.0,empirical_qrf,0.0,0.0,0.0,,2662215555207871876,2026-01-12 13:58:58.029231
2026-01-12,24689,PHI,TB,30005401,Aleksei Kolosov,goals,rf_qrf_goals,0.3.0,empirical_qrf,0.0,0.0,0.0,,2662215555207871876,2026-01-12 13:58:58.029231
2026-01-12,24689,PHI,TB,30005756,Tucker Robertson,goals,rf_qrf_goals,0.3.0,empirical_qrf,0.0,0.0,0.0,,2662215555207871876,2026-01-12 13:58:58.029231
2026-01-12,24689,PHI,TB,30005958,Nikita Grebenkin,goals,rf_qrf_goals,0.3.0,empirical_qrf,0.0,0.0,0.0,,2662215555207871876,2026-01-12 13:58:58.029231
2026-01-12,24689,PHI,TB,30006045,Yaniv Perets,goals,rf_qrf_goals,0.3.0,empirical_qrf,0.0,0.0,0.0,,2662215555207871876,2026-01-12 13:58:58.029231
2026-01-12,24689,PHI,TB,30004800,Jamie Drysdale,goals,rf_qrf_goals,0.3.0,empirical_qrf,0.0,0.0,0.0,,2662215555207871876,2026-01-12 13:58:58.029231
2026-01-12,24689,PHI,TB,30004801,Tyson Foerster,goals,rf_qrf_goals,0.3.0,empirical_qrf,0.0,0.0,0.0,,2662215555207871876,2026-01-12 13:58:58.029231
2026-01-12,24689,PHI,TB,30004824,Emil Andrae,goals,rf_qrf_goals,0.3.0,empirical_qrf,0.0,0.0,0.0,,2662215555207871876,2026-01-12 13:58:58.029231
2026-01-12,24689,PHI,TB,30004839,Helge Grans,goals,rf_qrf_goals,0.3.0,empirical_qrf,0.0,0.0,0.0,,2662215555207871876,2026-01-12 13:58:58.029231
2026-01-12,24689,PHI,TB,30005234,Vincent Sevigny,goals,rf_qrf_goals,0.3.0,empirical_qrf,0.0,0.0,0.0,,2662215555207871876,2026-01-12 13:58:58.029231
2026-01-12,24689,PHI,TB,30005293,Artem Guryev,goals,rf_qrf_goals,0.3.0,empirical_qrf,0.0,0.0,0.0,,2662215555207871876,2026-01-12 13:58:58.029231
2026-01-12,24689,PHI,TB,30004002,Cooper Marody,goals,rf_qrf_goals,0.3.0,empirical_qrf,0.0,0.0,0.0,,2662215555207871876,2026-01-12 13:58:58.029231
2026-01-12,24689,PHI,TB,30004154,Xavier Bernard,goals,rf_qrf_goals,0.3.0,empirical_qrf,0.0,0.0,0.0,,2662215555207871876,2026-01-12 13:58:58.029231
2026-01-12,24689,PHI,TB,30004406,Samuel Ersson,goals,rf_qrf_goals,0.3.0,empirical_qrf,0.0,0.0,0.0,,2662215555207871876,2026-01-12 13:58:58.029231
2026-01-12,24689,PHI,TB,30004481,Trevor Zegras,goals,rf_qrf_goals,0.3.0,empirical_qrf,0.0,0.0,0.0,,2662215555207871876,2026-01-12 13:58:58.029231
2026-01-12,24689,PHI,TB,30004484,Cam York,goals,rf_qrf_goals,0.3.0,empirical_qrf,0.0,0.0,0.0,,2662215555207871876,2026-01-12 13:58:58.029231
2026-01-12,24689,PHI,TB,30004508,Bobby Brink,goals,rf_qrf_goals,0.3.0,empirical_qrf,0.0,0.0,0.0,,2662215555207871876,2026-01-12 13:58:58.029231
2026-01-12,24689,PHI,TB,30003016,Nick Seeler,goals,rf_qrf_goals,0.3.0,empirical_qrf,0.0,0.0,0.0,,2662215555207871876,2026-01-12 13:58:58.029231
2026-01-12,24689,PHI,TB,30003171,Carl Grundstrom,goals,rf_qrf_goals,0.3.0,empirical_qrf,0.0,0.0,0.0,,2662215555207871876,2026-01-12 13:58:58.029231
2026-01-12,24689,PHI,TB,30003283,Lane Pederson,goals,rf_qrf_goals,0.3.0,empirical_qrf,0.0,0.0,0.0,,2662215555207871876,2026-01-12 13:58:58.029231
2026-01-12,24689,PHI,TB,30003500,Rodrigo Abols,goals,rf_qrf_goals,0.3.0,empirical_qrf,0.0,0.0,0.0,,2662215555207871876,2026-01-12 13:58:58.029231
2026-01-12,24689,PHI,TB,30003653,Owen Tippett,goals,rf_qrf_goals,0.3.0,empirical_qrf,0.0,0.0,0.0,,2662215555207871876,2026-01-12 13:58:58.029231
2026-01-12,24689,PHI,TB,30003733,Keith Petruzzelli,goals,rf_qrf_goals,0.3.0,empirical_qrf,0.0,0.0,0.0,,2662215555207871876,2026-01-12 13:58:58.029231
2026-01-12,24689,PHI,TB,30000942,Christian Dvorak,goals,rf_qrf_goals,0.3.0,empirical_qrf,0.0,0.0,0.0,,2662215555207871876,2026-01-12 13:58:58.029231
2026-01-12,24689,PHI,TB,30001201,Garnet Hathaway,goals,rf_qrf_goals,0.3.0,empirical_qrf,0.0,0.0,0.0,,2662215555207871876,2026-01-12 13:58:58.029231
2026-01-12,24689,PHI,TB,30001294,Rasmus Ristolainen,goals,rf_qrf_goals,0.3.0,empirical_qrf,0.0,0.0,0.0,,2662215555207871876,2026-01-12 13:58:58.029231
2026-01-12,24689,PHI,TB,30001312,Noah Juulsen,goals,rf_qrf_goals,0.3.0,empirical_qrf,0.0,0.0,0.0,,2662215555207871876,2026-01-12 13:58:58.029231
2026-01-12,24689,PHI,TB,30002786,Dan Vladar,goals,rf_qrf_goals,0.3.0,empirical_qrf,0.0,0.0,0.0,,2662215555207871876,2026-01-12 13:58:58.029231
2026-01-12,24689,PHI,TB,30002979,Anthony Richard,goals,rf_qrf_goals,0.3.0,empirical_qrf,0.0,0.0,0.0,,2662215555207871876,2026-01-12 13:58:58.029231
2026-01-12,24689,TB,PHI,30006329,Brendan Furry,goals,rf_qrf_goals,0.3.0,empirical_qrf,0.0,0.0,0.0,,2662215555207871876,2026-01-12 13:58:58.029231
2026-01-12,24689,PHI,TB,30000050,Sean Couturier,goals,rf_qrf_goals,0.3.0,empirical_qrf,0.0,0.0,0.0,,2662215555207871876,2026-01-12 13:58:58.029231
2026-01-12,24689,PHI,TB,30000234,Garrett Wilson,goals,rf_qrf_goals,0.3.0,empirical_qrf,0.0,0.0,0.0,,2662215555207871876,2026-01-12 13:58:58.029231
2026-01-12,24689,PHI,TB,30000349,Travis Konecny,goals,rf_qrf_goals,0.3.0,empirical_qrf,0.0,0.0,0.0,,2662215555207871876,2026-01-12 13:58:58.029231
2026-01-12,24689,PHI,TB,30000501,Nicolas Deslauriers,goals,rf_qrf_goals,0.3.0,empirical_qrf,0.0,0.0,0.0,,2662215555207871876,2026-01-12 13:58:58.029231
2026-01-12,24689,PHI,TB,30000624,Travis Sanheim,goals,rf_qrf_goals,0.3.0,empirical_qrf,0.0,0.0,0.0,,2662215555207871876,2026-01-12 13:58:58.029231
2026-01-12,24689,TB,PHI,30005768,Tommy Miller,goals,rf_qrf_goals,0.3.0,empirical_qrf,0.0,0.0,0.0,,2662215555207871876,2026-01-12 13:58:58.029231
2026-01-12,24689,TB,PHI,30005920,Dominic James,goals,rf_qrf_goals,0.3.0,empirical_qrf,0.0,0.0,0.0,,2662215555207871876,2026-01-12 13:58:58.029231
2026-01-12,24689,TB,PHI,30006012,Daniel Walker,goals,rf_qrf_goals,0.3.0,empirical_qrf,0.0,0.0,0.0,,2662215555207871876,2026-01-12 13:58:58.029231
2026-01-12,24689,TB,PHI,30006096,Ethan Gauthier,goals,rf_qrf_goals,0.3.0,empirical_qrf,0.0,0.0,0.0,,2662215555207871876,2026-01-12 13:58:58.029231
2026-01-12,24689,TB,PHI,30006311,Tristan Allard,goals,rf_qrf_goals,0.3.0,empirical_qrf,0.0,0.0,0.0,,2662215555207871876,2026-01-12 13:58:58.029231
2026-01-12,24689,TB,PHI,30006313,Gabriel Szturc,goals,rf_qrf_goals,0.3.0,empirical_qrf,0.0,0.0,0.0,,2662215555207871876,2026-01-12 13:58:58.029231
2026-01-12,24689,TB,PHI,30005044,J.J. Moser,goals,rf_qrf_goals,0.3.0,empirical_qrf,0.0,0.0,0.0,,2662215555207871876,2026-01-12 13:58:58.029231
2026-01-12,24689,TB,PHI,30005054,Matteo Pietroniro,goals,rf_qrf_goals,0.3.0,empirical_qrf,0.0,0.0,0.0,,2662215555207871876,2026-01-12 13:58:58.029231
2026-01-12,24689,TB,PHI,30005366,Emil Lilleberg,goals,rf_qrf_goals,0.3.0,empirical_qrf,0.0,0.0,0.0,,2662215555207871876,2026-01-12 13:58:58.029231
2026-01-12,24689,TB,PHI,30005421,Maxwell Crozier,goals,rf_qrf_goals,0.3.0,empirical_qrf,0.0,0.0,0.0,,2662215555207871876,2026-01-12 13:58:58.029231
2026-01-12,24689,TB,PHI,30005562,Declan Carlile,goals,rf_qrf_goals,0.3.0,empirical_qrf,0.0,0.0,0.0,,2662215555207871876,2026-01-12 13:58:58.029231
2026-01-12,24689,TB,PHI,30005740,Dyllan Gill,goals,rf_qrf_goals,0.3.0,empirical_qrf,0.0,0.0,0.0,,2662215555207871876,2026-01-12 13:58:58.029231
2026-01-12,24689,TB,PHI,30004631,Charle-Edouard D'Astous,goals,rf_qrf_goals,0.3.0,empirical_qrf,0.0,0.0,0.0,,2662215555207871876,2026-01-12 13:58:58.029231
2026-01-12,24689,TB,PHI,30004754,Mitchell Chaffee,goals,rf_qrf_goals,0.3.0,empirical_qrf,0.0,0.0,0.0,,2662215555207871876,2026-01-12 13:58:58.029231
2026-01-12,24689,TB,PHI,30004836,Jack Finley,goals,rf_qrf_goals,0.3.0,empirical_qrf,0.0,0.0,0.0,,2662215555207871876,2026-01-12 13:58:58.029231
2026-01-12,24689,TB,PHI,30004838,Gage Goncalves,goals,rf_qrf_goals,0.3.0,empirical_qrf,0.0,0.0,0.0,,2662215555207871876,2026-01-12 13:58:58.029231
2026-01-12,24689,TB,PHI,30004840,Maxim Groshev,goals,rf_qrf_goals,0.3.0,empirical_qrf,0.0,0.0,0.0,,2662215555207871876,2026-01-12 13:58:58.029231
2026-01-12,24689,TB,PHI,30004974,Pontus Holmberg,goals,rf_qrf_goals,0.3.0,empirical_qrf,0.0,0.0,0.0,,2662215555207871876,2026-01-12 13:58:58.029231
2026-01-12,24689,TB,PHI,30003478,Darren Raddysh,goals,rf_qrf_goals,0.3.0,empirical_qrf,0.0,0.0,0.0,,2662215555207871876,2026-01-12 13:58:58.029231
2026-01-12,24689,TB,PHI,30004182,Curtis Douglas,goals,rf_qrf_goals,0.3.0,empirical_qrf,0.0,0.0,0.0,,2662215555207871876,2026-01-12 13:58:58.029231
2026-01-12,24689,TB,PHI,30004280,Joel Teasdale,goals,rf_qrf_goals,0.3.0,empirical_qrf,0.0,0.0,0.0,,2662215555207871876,2026-01-12 13:58:58.029231
2026-01-12,24689,TB,PHI,30004487,Jakob Pelletier,goals,rf_qrf_goals,0.3.0,empirical_qrf,0.0,0.0,0.0,,2662215555207871876,2026-01-12 13:58:58.029231
2026-01-12,24689,TB,PHI,30004540,Reece Newkirk,goals,rf_qrf_goals,0.3.0,empirical_qrf,0.0,0.0,0.0,,2662215555207871876,2026-01-12 13:58:58.029231
2026-01-12,24689,TB,PHI,30004567,Simon Lundmark,goals,rf_qrf_goals,0.3.0,empirical_qrf,0.0,0.0,0.0,,2662215555207871876,2026-01-12 13:58:58.029231
2026-01-12,24689,TB,PHI,30002604,Brandon Halverson,goals,rf_qrf_goals,0.3.0,empirical_qrf,0.0,0.0,0.0,,2662215555207871876,2026-01-12 13:58:58.029231
2026-01-12,24689,TB,PHI,30002606,Jonas Johansson,goals,rf_qrf_goals,0.3.0,empirical_qrf,0.0,0.0,0.0,,2662215555207871876,2026-01-12 13:58:58.029231
2026-01-12,24689,TB,PHI,30002821,Erik Cernak,goals,rf_qrf_goals,0.3.0,empirical_qrf,0.0,0.0,0.0,,2662215555207871876,2026-01-12 13:58:58.029231
2026-01-12,24689,TB,PHI,30002845,Anthony Cirelli,goals,rf_qrf_goals,0.3.0,empirical_qrf,0.0,0.0,0.0,,2662215555207871876,2026-01-12 13:58:58.029231
2026-01-12,24689,TB,PHI,30002974,Kale Kessy,goals,rf_qrf_goals,0.3.0,empirical_qrf,0.0,0.0,0.0,,2662215555207871876,2026-01-12 13:58:58.029231
2026-01-12,24689,TB,PHI,30003250,Brandon Hagel,goals,rf_qrf_goals,0.3.0,empirical_qrf,0.0,0.0,0.0,,2662215555207871876,2026-01-12 13:58:58.029231
2026-01-12,24689,TB,PHI,30001084,Ryan McDonagh,goals,rf_qrf_goals,0.3.0,empirical_qrf,0.0,0.0,0.0,,2662215555207871876,2026-01-12 13:58:58.029231
2026-01-12,24689,TB,PHI,30001178,Yanni Gourde,goals,rf_qrf_goals,0.3.0,empirical_qrf,0.0,0.0,0.0,,2662215555207871876,2026-01-12 13:58:58.029231
2026-01-12,24689,TB,PHI,30001377,Andrei Vasilevskiy,goals,rf_qrf_goals,0.3.0,empirical_qrf,0.0,0.0,0.0,,2662215555207871876,2026-01-12 13:58:58.029231
2026-01-12,24689,TB,PHI,30002516,Steven Santini,goals,rf_qrf_goals,0.3.0,empirical_qrf,0.0,0.0,0.0,,2662215555207871876,2026-01-12 13:58:58.029231
2026-01-12,24689,TB,PHI,30002532,Jake Guentzel,goals,rf_qrf_goals,0.3.0,empirical_qrf,0.0,0.0,0.0,,2662215555207871876,2026-01-12 13:58:58.029231
2026-01-12,24689,TB,PHI,30002549,Scott Sabourin,goals,rf_qrf_goals,0.3.0,empirical_qrf,0.0,0.0,0.0,,2662215555207871876,2026-01-12 13:58:58.029231
2026-01-12,24690,SEA,NYR,30000303,Adam Larsson,goals,rf_qrf_goals,0.3.0,empirical_qrf,0.0,0.0,0.0,,2662215555207871876,2026-01-12 13:58:58.029231
2026-01-12,24690,SEA,NYR,30000460,Max McCormick,goals,rf_qrf_goals,0.3.0,empirical_qrf,0.0,0.0,0.0,,2662215555207871876,2026-01-12 13:58:58.029231
2026-01-12,24690,SEA,NYR,30000539,Jordan Eberle,goals,rf_qrf_goals,0.3.0,empirical_qrf,0.0,0.0,0.0,,2662215555207871876,2026-01-12 13:58:58.029231
2026-01-12,24690,SEA,NYR,30000577,Philipp Grubauer,goals,rf_qrf_goals,0.3.0,empirical_qrf,0.0,0.0,0.0,,2662215555207871876,2026-01-12 13:58:58.029231
2026-01-12,24690,SEA,NYR,30000596,Chandler Stephenson,goals,rf_qrf_goals,0.3.0,empirical_qrf,0.0,0.0,0.0,,2662215555207871876,2026-01-12 13:58:58.029231
2026-01-12,24690,SEA,NYR,30000629,Matt Murray,goals,rf_qrf_goals,0.3.0,empirical_qrf,0.0,0.0,0.0,,2662215555207871876,2026-01-12 13:58:58.029231
2026-01-12,24690,NYR,SEA,30006331,Brett Budgell,goals,rf_qrf_goals,0.3.0,empirical_qrf,0.0,0.0,0.0,,2662215555207871876,2026-01-12 13:58:58.029231
2026-01-12,24690,NYR,SEA,30000599,Anton Blidh,goals,rf_qrf_goals,0.3.0,empirical_qrf,0.0,0.0,0.0,,2662215555207871876,2026-01-12 13:58:58.029231
2026-01-12,24690,NYR,SEA,30001251,Justin Dowling,goals,rf_qrf_goals,0.3.0,empirical_qrf,0.0,0.0,0.0,,2662215555207871876,2026-01-12 13:58:58.029231
2026-01-12,24690,SEA,NYR,30006120,Oscar Fisker Molgaard,goals,rf_qrf_goals,0.3.0,empirical_qrf,0.0,0.0,0.0,,2662215555207871876,2026-01-12 13:58:58.029231
2026-01-12,24690,NYR,SEA,30005662,Adam Sykora,goals,rf_qrf_goals,0.3.0,empirical_qrf,0.0,0.0,0.0,,2662215555207871876,2026-01-12 13:58:58.029231
2026-01-12,24690,NYR,SEA,30005686,Bryce McConnell-Barker,goals,rf_qrf_goals,0.3.0,empirical_qrf,0.0,0.0,0.0,,2662215555207871876,2026-01-12 13:58:58.029231
2026-01-12,24690,NYR,SEA,30005883,Noah Laba,goals,rf_qrf_goals,0.3.0,empirical_qrf,0.0,0.0,0.0,,2662215555207871876,2026-01-12 13:58:58.029231
2026-01-12,24690,NYR,SEA,30006074,Gabe Perreault,goals,rf_qrf_goals,0.3.0,empirical_qrf,0.0,0.0,0.0,,2662215555207871876,2026-01-12 13:58:58.029231
2026-01-12,24690,NYR,SEA,30006118,Carey Terrance,goals,rf_qrf_goals,0.3.0,empirical_qrf,0.0,0.0,0.0,,2662215555207871876,2026-01-12 13:58:58.029231
2026-01-12,24690,NYR,SEA,30006174,Dylan Roobroeck,goals,rf_qrf_goals,0.3.0,empirical_qrf,0.0,0.0,0.0,,2662215555207871876,2026-01-12 13:58:58.029231
2026-01-12,24690,NYR,SEA,30005014,Scott Morrow,goals,rf_qrf_goals,0.3.0,empirical_qrf,0.0,0.0,0.0,,2662215555207871876,2026-01-12 13:58:58.029231
2026-01-12,24690,NYR,SEA,30005069,Christopher Merisier-Ortiz,goals,rf_qrf_goals,0.3.0,empirical_qrf,0.0,0.0,0.0,,2662215555207871876,2026-01-12 13:58:58.029231
2026-01-12,24690,NYR,SEA,30005183,Matt Rempe,goals,rf_qrf_goals,0.3.0,empirical_qrf,0.0,0.0,0.0,,2662215555207871876,2026-01-12 13:58:58.029231
2026-01-12,24690,NYR,SEA,30005223,Kyle Jackson,goals,rf_qrf_goals,0.3.0,empirical_qrf,0.0,0.0,0.0,,2662215555207871876,2026-01-12 13:58:58.029231
2026-01-12,24690,NYR,SEA,30005252,Adam Edstrom,goals,rf_qrf_goals,0.3.0,empirical_qrf,0.0,0.0,0.0,,2662215555207871876,2026-01-12 13:58:58.029231
2026-01-12,24690,NYR,SEA,30005563,Brandon Scanlin,goals,rf_qrf_goals,0.3.0,empirical_qrf,0.0,0.0,0.0,,2662215555207871876,2026-01-12 13:58:58.029231
2026-01-12,24690,NYR,SEA,30004820,Braden Schneider,goals,rf_qrf_goals,0.3.0,empirical_qrf,0.0,0.0,0.0,,2662215555207871876,2026-01-12 13:58:58.029231
2026-01-12,24690,NYR,SEA,30004832,Will Cuylle,goals,rf_qrf_goals,0.3.0,empirical_qrf,0.0,0.0,0.0,,2662215555207871876,2026-01-12 13:58:58.029231
2026-01-12,24690,NYR,SEA,30004887,Brett Berard,goals,rf_qrf_goals,0.3.0,empirical_qrf,0.0,0.0,0.0,,2662215555207871876,2026-01-12 13:58:58.029231
2026-01-12,24690,NYR,SEA,30004896,Dylan Garand,goals,rf_qrf_goals,0.3.0,empirical_qrf,0.0,0.0,0.0,,2662215555207871876,2026-01-12 13:58:58.029231
2026-01-12,24690,NYR,SEA,30004968,Juuso Parssinen,goals,rf_qrf_goals,0.3.0,empirical_qrf,0.0,0.0,0.0,,2662215555207871876,2026-01-12 13:58:58.029231
2026-01-12,24690,NYR,SEA,30004987,Brennan Othmann,goals,rf_qrf_goals,0.3.0,empirical_qrf,0.0,0.0,0.0,,2662215555207871876,2026-01-12 13:58:58.029231
2026-01-12,24690,NYR,SEA,30003952,Blake Hillman,goals,rf_qrf_goals,0.3.0,empirical_qrf,0.0,0.0,0.0,,2662215555207871876,2026-01-12 13:58:58.029231
2026-01-12,24690,NYR,SEA,30004430,Vladislav Gavrikov,goals,rf_qrf_goals,0.3.0,empirical_qrf,0.0,0.0,0.0,,2662215555207871876,2026-01-12 13:58:58.029231
2026-01-12,24690,NYR,SEA,30004504,Matthew Robertson,goals,rf_qrf_goals,0.3.0,empirical_qrf,0.0,0.0,0.0,,2662215555207871876,2026-01-12 13:58:58.029231
2026-01-12,24690,NYR,SEA,30004749,Connor Mackey,goals,rf_qrf_goals,0.3.0,empirical_qrf,0.0,0.0,0.0,,2662215555207871876,2026-01-12 13:58:58.029231
2026-01-12,24690,NYR,SEA,30004797,Brendan Brisson,goals,rf_qrf_goals,0.3.0,empirical_qrf,0.0,0.0,0.0,,2662215555207871876,2026-01-12 13:58:58.029231
2026-01-12,24690,NYR,SEA,30004807,Alexis Lafrenière,goals,rf_qrf_goals,0.3.0,empirical_qrf,0.0,0.0,0.0,,2662215555207871876,2026-01-12 13:58:58.029231
2026-01-12,24690,NYR,SEA,30003170,Taylor Raddysh,goals,rf_qrf_goals,0.3.0,empirical_qrf,0.0,0.0,0.0,,2662215555207871876,2026-01-12 13:58:58.029231
2026-01-12,24690,NYR,SEA,30003194,Adam Fox,goals,rf_qrf_goals,0.3.0,empirical_qrf,0.0,0.0,0.0,,2662215555207871876,2026-01-12 13:58:58.029231
2026-01-12,24690,NYR,SEA,30003202,Casey Fitzgerald,goals,rf_qrf_goals,0.3.0,empirical_qrf,0.0,0.0,0.0,,2662215555207871876,2026-01-12 13:58:58.029231
2026-01-12,24690,NYR,SEA,30003583,Carson Soucy,goals,rf_qrf_goals,0.3.0,empirical_qrf,0.0,0.0,0.0,,2662215555207871876,2026-01-12 13:58:58.029231
2026-01-12,24690,NYR,SEA,30003649,Urho Vaakanainen,goals,rf_qrf_goals,0.3.0,empirical_qrf,0.0,0.0,0.0,,2662215555207871876,2026-01-12 13:58:58.029231
2026-01-12,24690,NYR,SEA,30003743,Will Borgen,goals,rf_qrf_goals,0.3.0,empirical_qrf,0.0,0.0,0.0,,2662215555207871876,2026-01-12 13:58:58.029231
2026-01-12,24690,NYR,SEA,30000489,Sam Carrick,goals,rf_qrf_goals,0.3.0,empirical_qrf,0.0,0.0,0.0,,2662215555207871876,2026-01-12 13:58:58.029231
2026-01-12,24690,NYR,SEA,30000617,J.T. Miller,goals,rf_qrf_goals,0.3.0,empirical_qrf,0.0,0.0,0.0,,2662215555207871876,2026-01-12 13:58:58.029231
2026-01-12,24690,NYR,SEA,30001322,Artemi Panarin,goals,rf_qrf_goals,0.3.0,empirical_qrf,0.0,0.0,0.0,,2662215555207871876,2026-01-12 13:58:58.029231
2026-01-12,24690,NYR,SEA,30002524,Spencer Martin,goals,rf_qrf_goals,0.3.0,empirical_qrf,0.0,0.0,0.0,,2662215555207871876,2026-01-12 13:58:58.029231
2026-01-12,24690,NYR,SEA,30002967,Jonny Brodzinski,goals,rf_qrf_goals,0.3.0,empirical_qrf,0.0,0.0,0.0,,2662215555207871876,2026-01-12 13:58:58.029231
2026-01-12,24690,NYR,SEA,30002999,Igor Shesterkin,goals,rf_qrf_goals,0.3.0,empirical_qrf,0.0,0.0,0.0,,2662215555207871876,2026-01-12 13:58:58.029231
2026-01-12,24690,SEA,NYR,30006437,Kaden Hammell,goals,rf_qrf_goals,0.3.0,empirical_qrf,0.0,0.0,0.0,,2662215555207871876,2026-01-12 13:58:58.029231
2026-01-12,24690,SEA,NYR,30006499,Berkly Catton,goals,rf_qrf_goals,0.3.0,empirical_qrf,0.0,0.0,0.0,,2662215555207871876,2026-01-12 13:58:58.029231
2026-01-12,24690,NYR,SEA,30000123,Jonathan Quick,goals,rf_qrf_goals,0.3.0,empirical_qrf,0.0,0.0,0.0,,2662215555207871876,2026-01-12 13:58:58.029231
2026-01-12,24690,NYR,SEA,30000226,Vincent Trocheck,goals,rf_qrf_goals,0.3.0,empirical_qrf,0.0,0.0,0.0,,2662215555207871876,2026-01-12 13:58:58.029231
2026-01-12,24690,NYR,SEA,30000410,Conor Sheary,goals,rf_qrf_goals,0.3.0,empirical_qrf,0.0,0.0,0.0,,2662215555207871876,2026-01-12 13:58:58.029231
2026-01-12,24690,NYR,SEA,30000467,Mika Zibanejad,goals,rf_qrf_goals,0.3.0,empirical_qrf,0.0,0.0,0.0,,2662215555207871876,2026-01-12 13:58:58.029231
2026-01-12,24690,SEA,NYR,30005757,Ty Nelson,goals,rf_qrf_goals,0.3.0,empirical_qrf,0.0,0.0,0.0,,2662215555207871876,2026-01-12 13:58:58.029231
2026-01-12,24690,SEA,NYR,30006087,Eduard Sale,goals,rf_qrf_goals,0.3.0,empirical_qrf,0.0,0.0,0.0,,2662215555207871876,2026-01-12 13:58:58.029231
2026-01-12,24690,SEA,NYR,30006119,Lukas Dragicevic,goals,rf_qrf_goals,0.3.0,empirical_qrf,0.0,0.0,0.0,,2662215555207871876,2026-01-12 13:58:58.029231
2026-01-12,24690,SEA,NYR,30006121,Carson Rehkopf,goals,rf_qrf_goals,0.3.0,empirical_qrf,0.0,0.0,0.0,,2662215555207871876,2026-01-12 13:58:58.029231
2026-01-12,24690,SEA,NYR,30006125,Caden Price,goals,rf_qrf_goals,0.3.0,empirical_qrf,0.0,0.0,0.0,,2662215555207871876,2026-01-12 13:58:58.029231
2026-01-12,24690,SEA,NYR,30006197,Andrei Loshko,goals,rf_qrf_goals,0.3.0,empirical_qrf,0.0,0.0,0.0,,2662215555207871876,2026-01-12 13:58:58.029231
2026-01-12,24690,SEA,NYR,30005593,Peetro Seppala,goals,rf_qrf_goals,0.3.0,empirical_qrf,0.0,0.0,0.0,,2662215555207871876,2026-01-12 13:58:58.029231
2026-01-12,24690,SEA,NYR,30005616,Shane Wright,goals,rf_qrf_goals,0.3.0,empirical_qrf,0.0,0.0,0.0,,2662215555207871876,2026-01-12 13:58:58.029231
2026-01-12,24690,SEA,NYR,30005680,David Goyette,goals,rf_qrf_goals,0.3.0,empirical_qrf,0.0,0.0,0.0,,2662215555207871876,2026-01-12 13:58:58.029231
2026-01-12,24690,SEA,NYR,30005681,Jagger Firkus,goals,rf_qrf_goals,0.3.0,empirical_qrf,0.0,0.0,0.0,,2662215555207871876,2026-01-12 13:58:58.029231
2026-01-12,24690,SEA,NYR,30005682,Jani Nyman,goals,rf_qrf_goals,0.3.0,empirical_qrf,0.0,0.0,0.0,,2662215555207871876,2026-01-12 13:58:58.029231
2026-01-12,24690,SEA,NYR,30005683,Niklas Kokko,goals,rf_qrf_goals,0.3.0,empirical_qrf,0.0,0.0,0.0,,2662215555207871876,2026-01-12 13:58:58.029231
2026-01-12,24690,SEA,NYR,30005333,Jacob Melanson,goals,rf_qrf_goals,0.3.0,empirical_qrf,0.0,0.0,0.0,,2662215555207871876,2026-01-12 13:58:58.029231
2026-01-12,24690,SEA,NYR,30005336,Tye Kartye,goals,rf_qrf_goals,0.3.0,empirical_qrf,0.0,0.0,0.0,,2662215555207871876,2026-01-12 13:58:58.029231
2026-01-12,24690,SEA,NYR,30005337,Ryan Winterton,goals,rf_qrf_goals,0.3.0,empirical_qrf,0.0,0.0,0.0,,2662215555207871876,2026-01-12 13:58:58.029231
2026-01-12,24690,SEA,NYR,30005447,Ville Ottavainen,goals,rf_qrf_goals,0.3.0,empirical_qrf,0.0,0.0,0.0,,2662215555207871876,2026-01-12 13:58:58.029231
2026-01-12,24690,SEA,NYR,30005503,Logan Morrison,goals,rf_qrf_goals,0.3.0,empirical_qrf,0.0,0.0,0.0,,2662215555207871876,2026-01-12 13:58:58.029231
2026-01-12,24690,SEA,NYR,30005582,Ben Meyers,goals,rf_qrf_goals,0.3.0,empirical_qrf,0.0,0.0,0.0,,2662215555207871876,2026-01-12 13:58:58.029231
2026-01-12,24690,SEA,NYR,30003703,Cale Fleury,goals,rf_qrf_goals,0.3.0,empirical_qrf,0.0,0.0,0.0,,2662215555207871876,2026-01-12 13:58:58.029231
2026-01-12,24690,SEA,NYR,30004419,Joey Daccord,goals,rf_qrf_goals,0.3.0,empirical_qrf,0.0,0.0,0.0,,2662215555207871876,2026-01-12 13:58:58.029231
2026-01-12,24690,SEA,NYR,30004471,Kaapo Kakko,goals,rf_qrf_goals,0.3.0,empirical_qrf,0.0,0.0,0.0,,2662215555207871876,2026-01-12 13:58:58.029231
2026-01-12,24690,SEA,NYR,30005040,Matty Beniers,goals,rf_qrf_goals,0.3.0,empirical_qrf,0.0,0.0,0.0,,2662215555207871876,2026-01-12 13:58:58.029231
2026-01-12,24690,SEA,NYR,30005042,Ryker Evans,goals,rf_qrf_goals,0.3.0,empirical_qrf,0.0,0.0,0.0,,2662215555207871876,2026-01-12 13:58:58.029231
2026-01-12,24690,SEA,NYR,30005239,Jakov Novak,goals,rf_qrf_goals,0.3.0,empirical_qrf,0.0,0.0,0.0,,2662215555207871876,2026-01-12 13:58:58.029231
2026-01-12,24690,SEA,NYR,30002529,John Hayden,goals,rf_qrf_goals,0.3.0,empirical_qrf,0.0,0.0,0.0,,2662215555207871876,2026-01-12 13:58:58.029231
2026-01-12,24690,SEA,NYR,30002711,Frederick Gaudreau,goals,rf_qrf_goals,0.3.0,empirical_qrf,0.0,0.0,0.0,,2662215555207871876,2026-01-12 13:58:58.029231
2026-01-12,24690,SEA,NYR,30003184,Ryan Lindgren,goals,rf_qrf_goals,0.3.0,empirical_qrf,0.0,0.0,0.0,,2662215555207871876,2026-01-12 13:58:58.029231
2026-01-12,24690,SEA,NYR,30003188,Jack LaFontaine,goals,rf_qrf_goals,0.3.0,empirical_qrf,0.0,0.0,0.0,,2662215555207871876,2026-01-12 13:58:58.029231
2026-01-12,24690,SEA,NYR,30003214,Joshua Mahura,goals,rf_qrf_goals,0.3.0,empirical_qrf,0.0,0.0,0.0,,2662215555207871876,2026-01-12 13:58:58.029231
2026-01-12,24690,SEA,NYR,30003660,Eeli Tolvanen,goals,rf_qrf_goals,0.3.0,empirical_qrf,0.0,0.0,0.0,,2662215555207871876,2026-01-12 13:58:58.029231
2026-01-12,24690,SEA,NYR,30000674,Vince Dunn,goals,rf_qrf_goals,0.3.0,empirical_qrf,0.0,0.0,0.0,,2662215555207871876,2026-01-12 13:58:58.029231
2026-01-12,24690,SEA,NYR,30000758,Jamie Oleksiak,goals,rf_qrf_goals,0.3.0,empirical_qrf,0.0,0.0,0.0,,2662215555207871876,2026-01-12 13:58:58.029231
2026-01-12,24690,SEA,NYR,30000794,Jaden Schwartz,goals,rf_qrf_goals,0.3.0,empirical_qrf,0.0,0.0,0.0,,2662215555207871876,2026-01-12 13:58:58.029231
2026-01-12,24690,SEA,NYR,30000812,Gustav Olofsson,goals,rf_qrf_goals,0.3.0,empirical_qrf,0.0,0.0,0.0,,2662215555207871876,2026-01-12 13:58:58.029231
2026-01-12,24690,SEA,NYR,30000882,Brandon Montour,goals,rf_qrf_goals,0.3.0,empirical_qrf,0.0,0.0,0.0,,2662215555207871876,2026-01-12 13:58:58.029231
2026-01-12,24690,SEA,NYR,30000929,Jared McCann,goals,rf_qrf_goals,0.3.0,empirical_qrf,0.0,0.0,0.0,,2662215555207871876,2026-01-12 13:58:58.029231
2026-01-12,24691,CAR,DET,30000271,Shayne Gostisbehere,goals,rf_qrf_goals,0.3.0,empirical_qrf,0.0,0.0,0.0,,2662215555207871876,2026-01-12 13:58:58.029231
2026-01-12,24691,CAR,DET,30000358,Jordan Staal,goals,rf_qrf_goals,0.3.0,empirical_qrf,0.0,0.0,0.0,,2662215555207871876,2026-01-12 13:58:58.029231
2026-01-12,24691,CAR,DET,30000510,William Carrier,goals,rf_qrf_goals,0.3.0,empirical_qrf,0.0,0.0,0.0,,2662215555207871876,2026-01-12 13:58:58.029231
2026-01-12,24691,CAR,DET,30000525,Mike Reilly,goals,rf_qrf_goals,0.3.0,empirical_qrf,0.0,0.0,0.0,,2662215555207871876,2026-01-12 13:58:58.029231
2026-01-12,24691,CAR,DET,30000643,Jaccob Slavin,goals,rf_qrf_goals,0.3.0,empirical_qrf,0.0,0.0,0.0,,2662215555207871876,2026-01-12 13:58:58.029231
2026-01-12,24691,CAR,DET,30000822,Nikolaj Ehlers,goals,rf_qrf_goals,0.3.0,empirical_qrf,0.0,0.0,0.0,,2662215555207871876,2026-01-12 13:58:58.029231
2026-01-12,24691,CAR,DET,30005577,Noah Philp,goals,rf_qrf_goals,0.3.0,empirical_qrf,0.0,0.0,0.0,,2662215555207871876,2026-01-12 13:58:58.029231
2026-01-12,24691,CAR,DET,30003662,Juuso Valimaki,goals,rf_qrf_goals,0.3.0,empirical_qrf,0.0,0.0,0.0,,2662215555207871876,2026-01-12 13:58:58.029231
2026-01-12,24691,DET,CAR,30003859,Sheldon Dries,goals,rf_qrf_goals,0.3.0,empirical_qrf,0.0,0.0,0.0,,2662215555207871876,2026-01-12 13:58:58.029231
2026-01-12,24691,DET,CAR,30005630,Marco Kasper,goals,rf_qrf_goals,0.3.0,empirical_qrf,0.0,0.0,0.0,,2662215555207871876,2026-01-12 13:58:58.029231
2026-01-12,24691,DET,CAR,30005780,Amadeus Lombardi,goals,rf_qrf_goals,0.3.0,empirical_qrf,0.0,0.0,0.0,,2662215555207871876,2026-01-12 13:58:58.029231
2026-01-12,24691,DET,CAR,30006015,Alexandre Doucet,goals,rf_qrf_goals,0.3.0,empirical_qrf,0.0,0.0,0.0,,2662215555207871876,2026-01-12 13:58:58.029231
2026-01-12,24691,DET,CAR,30006059,Nate Danielson,goals,rf_qrf_goals,0.3.0,empirical_qrf,0.0,0.0,0.0,,2662215555207871876,2026-01-12 13:58:58.029231
2026-01-12,24691,DET,CAR,30006071,Axel Sandin-Pellikka,goals,rf_qrf_goals,0.3.0,empirical_qrf,0.0,0.0,0.0,,2662215555207871876,2026-01-12 13:58:58.029231
2026-01-12,24691,DET,CAR,30006201,Emmitt Finnie,goals,rf_qrf_goals,0.3.0,empirical_qrf,0.0,0.0,0.0,,2662215555207871876,2026-01-12 13:58:58.029231
2026-01-12,24691,DET,CAR,30004816,Lucas Raymond,goals,rf_qrf_goals,0.3.0,empirical_qrf,0.0,0.0,0.0,,2662215555207871876,2026-01-12 13:58:58.029231
2026-01-12,24691,DET,CAR,30004884,William Wallinder,goals,rf_qrf_goals,0.3.0,empirical_qrf,0.0,0.0,0.0,,2662215555207871876,2026-01-12 13:58:58.029231
2026-01-12,24691,DET,CAR,30004983,Sebastian Cossa,goals,rf_qrf_goals,0.3.0,empirical_qrf,0.0,0.0,0.0,,2662215555207871876,2026-01-12 13:58:58.029231
2026-01-12,24691,DET,CAR,30004984,Simon Edvinsson,goals,rf_qrf_goals,0.3.0,empirical_qrf,0.0,0.0,0.0,,2662215555207871876,2026-01-12 13:58:58.029231
2026-01-12,24691,DET,CAR,30005482,Carter Mazur,goals,rf_qrf_goals,0.3.0,empirical_qrf,0.0,0.0,0.0,,2662215555207871876,2026-01-12 13:58:58.029231
2026-01-12,24691,DET,CAR,30005489,Elmer Soderblom,goals,rf_qrf_goals,0.3.0,empirical_qrf,0.0,0.0,0.0,,2662215555207871876,2026-01-12 13:58:58.029231
2026-01-12,24691,DET,CAR,30004102,Jacob Bernard-Docker,goals,rf_qrf_goals,0.3.0,empirical_qrf,0.0,0.0,0.0,,2662215555207871876,2026-01-12 13:58:58.029231
2026-01-12,24691,DET,CAR,30004186,Joel L'Esperance,goals,rf_qrf_goals,0.3.0,empirical_qrf,0.0,0.0,0.0,,2662215555207871876,2026-01-12 13:58:58.029231
2026-01-12,24691,DET,CAR,30004475,Moritz Seider,goals,rf_qrf_goals,0.3.0,empirical_qrf,0.0,0.0,0.0,,2662215555207871876,2026-01-12 13:58:58.029231
2026-01-12,24691,DET,CAR,30004548,Albert Johansson,goals,rf_qrf_goals,0.3.0,empirical_qrf,0.0,0.0,0.0,,2662215555207871876,2026-01-12 13:58:58.029231
2026-01-12,24691,DET,CAR,30004561,Antti Tuomisto,goals,rf_qrf_goals,0.3.0,empirical_qrf,0.0,0.0,0.0,,2662215555207871876,2026-01-12 13:58:58.029231
2026-01-12,24691,DET,CAR,30004758,John Leonard,goals,rf_qrf_goals,0.3.0,empirical_qrf,0.0,0.0,0.0,,2662215555207871876,2026-01-12 13:58:58.029231
2026-01-12,24691,DET,CAR,30001063,Ben Chiarot,goals,rf_qrf_goals,0.3.0,empirical_qrf,0.0,0.0,0.0,,2662215555207871876,2026-01-12 13:58:58.029231
2026-01-12,24691,DET,CAR,30002213,Josiah Didier,goals,rf_qrf_goals,0.3.0,empirical_qrf,0.0,0.0,0.0,,2662215555207871876,2026-01-12 13:58:58.029231
2026-01-12,24691,DET,CAR,30002513,J.T. Compher,goals,rf_qrf_goals,0.3.0,empirical_qrf,0.0,0.0,0.0,,2662215555207871876,2026-01-12 13:58:58.029231
2026-01-12,24691,DET,CAR,30003160,Alex DeBrincat,goals,rf_qrf_goals,0.3.0,empirical_qrf,0.0,0.0,0.0,,2662215555207871876,2026-01-12 13:58:58.029231
2026-01-12,24691,DET,CAR,30003644,Michael Rasmussen,goals,rf_qrf_goals,0.3.0,empirical_qrf,0.0,0.0,0.0,,2662215555207871876,2026-01-12 13:58:58.029231
2026-01-12,24691,DET,CAR,30003744,Mason Appleton,goals,rf_qrf_goals,0.3.0,empirical_qrf,0.0,0.0,0.0,,2662215555207871876,2026-01-12 13:58:58.029231
2026-01-12,24691,DET,CAR,30000821,Andrew Copp,goals,rf_qrf_goals,0.3.0,empirical_qrf,0.0,0.0,0.0,,2662215555207871876,2026-01-12 13:58:58.029231
2026-01-12,24691,DET,CAR,30000846,Dylan Larkin,goals,rf_qrf_goals,0.3.0,empirical_qrf,0.0,0.0,0.0,,2662215555207871876,2026-01-12 13:58:58.029231
2026-01-12,24691,DET,CAR,30000866,Patrick Kane,goals,rf_qrf_goals,0.3.0,empirical_qrf,0.0,0.0,0.0,,2662215555207871876,2026-01-12 13:58:58.029231
2026-01-12,24691,DET,CAR,30000874,John Gibson,goals,rf_qrf_goals,0.3.0,empirical_qrf,0.0,0.0,0.0,,2662215555207871876,2026-01-12 13:58:58.029231
2026-01-12,24691,DET,CAR,30000997,Travis Hamonic,goals,rf_qrf_goals,0.3.0,empirical_qrf,0.0,0.0,0.0,,2662215555207871876,2026-01-12 13:58:58.029231
2026-01-12,24691,DET,CAR,30001011,Erik Gustafsson,goals,rf_qrf_goals,0.3.0,empirical_qrf,0.0,0.0,0.0,,2662215555207871876,2026-01-12 13:58:58.029231
2026-01-12,24691,CAR,DET,30005405,Jackson Blake,goals,rf_qrf_goals,0.3.0,empirical_qrf,0.0,0.0,0.0,,2662215555207871876,2026-01-12 13:58:58.029231
2026-01-12,24691,CAR,DET,30005573,Brandon Bussi,goals,rf_qrf_goals,0.3.0,empirical_qrf,0.0,0.0,0.0,,2662215555207871876,2026-01-12 13:58:58.029231
2026-01-12,24691,CAR,DET,30006098,Felix Unger Sorum,goals,rf_qrf_goals,0.3.0,empirical_qrf,0.0,0.0,0.0,,2662215555207871876,2026-01-12 13:58:58.029231
2026-01-12,24691,DET,CAR,30000043,James van Riemsdyk,goals,rf_qrf_goals,0.3.0,empirical_qrf,0.0,0.0,0.0,,2662215555207871876,2026-01-12 13:58:58.029231
2026-01-12,24691,DET,CAR,30000186,Austin Watson,goals,rf_qrf_goals,0.3.0,empirical_qrf,0.0,0.0,0.0,,2662215555207871876,2026-01-12 13:58:58.029231
2026-01-12,24691,DET,CAR,30000563,Cam Talbot,goals,rf_qrf_goals,0.3.0,empirical_qrf,0.0,0.0,0.0,,2662215555207871876,2026-01-12 13:58:58.029231
2026-01-12,24691,CAR,DET,30004913,Evan Vierling,goals,rf_qrf_goals,0.3.0,empirical_qrf,0.0,0.0,0.0,,2662215555207871876,2026-01-12 13:58:58.029231
2026-01-12,24691,CAR,DET,30004953,Pyotr Kochetkov,goals,rf_qrf_goals,0.3.0,empirical_qrf,0.0,0.0,0.0,,2662215555207871876,2026-01-12 13:58:58.029231
2026-01-12,24691,CAR,DET,30005026,Aleksi Heimosalmi,goals,rf_qrf_goals,0.3.0,empirical_qrf,0.0,0.0,0.0,,2662215555207871876,2026-01-12 13:58:58.029231
2026-01-12,24691,CAR,DET,30005034,Logan Stankoven,goals,rf_qrf_goals,0.3.0,empirical_qrf,0.0,0.0,0.0,,2662215555207871876,2026-01-12 13:58:58.029231
2026-01-12,24691,CAR,DET,30005153,Bryce Montgomery,goals,rf_qrf_goals,0.3.0,empirical_qrf,0.0,0.0,0.0,,2662215555207871876,2026-01-12 13:58:58.029231
2026-01-12,24691,CAR,DET,30005155,Justin Robidas,goals,rf_qrf_goals,0.3.0,empirical_qrf,0.0,0.0,0.0,,2662215555207871876,2026-01-12 13:58:58.029231
2026-01-12,24691,CAR,DET,30004082,K'Andre Miller,goals,rf_qrf_goals,0.3.0,empirical_qrf,0.0,0.0,0.0,,2662215555207871876,2026-01-12 13:58:58.029231
2026-01-12,24691,CAR,DET,30004385,Cayden Primeau,goals,rf_qrf_goals,0.3.0,empirical_qrf,0.0,0.0,0.0,,2662215555207871876,2026-01-12 13:58:58.029231
2026-01-12,24691,CAR,DET,30004537,Domenick Fensore,goals,rf_qrf_goals,0.3.0,empirical_qrf,0.0,0.0,0.0,,2662215555207871876,2026-01-12 13:58:58.029231
2026-01-12,24691,CAR,DET,30004602,Nikita Pavlychev,goals,rf_qrf_goals,0.3.0,empirical_qrf,0.0,0.0,0.0,,2662215555207871876,2026-01-12 13:58:58.029231
2026-01-12,24691,CAR,DET,30004806,Seth Jarvis,goals,rf_qrf_goals,0.3.0,empirical_qrf,0.0,0.0,0.0,,2662215555207871876,2026-01-12 13:58:58.029231
2026-01-12,24691,CAR,DET,30004865,Alexander Nikishin,goals,rf_qrf_goals,0.3.0,empirical_qrf,0.0,0.0,0.0,,2662215555207871876,2026-01-12 13:58:58.029231
2026-01-12,24691,CAR,DET,30003180,Givani Smith,goals,rf_qrf_goals,0.3.0,empirical_qrf,0.0,0.0,0.0,,2662215555207871876,2026-01-12 13:58:58.029231
2026-01-12,24691,CAR,DET,30003359,Jalen Chatfield,goals,rf_qrf_goals,0.3.0,empirical_qrf,0.0,0.0,0.0,,2662215555207871876,2026-01-12 13:58:58.029231
2026-01-12,24691,CAR,DET,30003550,Gavin Bayreuther,goals,rf_qrf_goals,0.3.0,empirical_qrf,0.0,0.0,0.0,,2662215555207871876,2026-01-12 13:58:58.029231
2026-01-12,24691,CAR,DET,30003786,Sean Walker,goals,rf_qrf_goals,0.3.0,empirical_qrf,0.0,0.0,0.0,,2662215555207871876,2026-01-12 13:58:58.029231
2026-01-12,24691,CAR,DET,30004075,Jesperi Kotkaniemi,goals,rf_qrf_goals,0.3.0,empirical_qrf,0.0,0.0,0.0,,2662215555207871876,2026-01-12 13:58:58.029231
2026-01-12,24691,CAR,DET,30004076,Andrei Svechnikov,goals,rf_qrf_goals,0.3.0,empirical_qrf,0.0,0.0,0.0,,2662215555207871876,2026-01-12 13:58:58.029231
2026-01-12,24691,CAR,DET,30000948,Jordan Martinook,goals,rf_qrf_goals,0.3.0,empirical_qrf,0.0,0.0,0.0,,2662215555207871876,2026-01-12 13:58:58.029231
2026-01-12,24691,CAR,DET,30001187,Taylor Hall,goals,rf_qrf_goals,0.3.0,empirical_qrf,0.0,0.0,0.0,,2662215555207871876,2026-01-12 13:58:58.029231
2026-01-12,24691,CAR,DET,30001203,Frederik Andersen,goals,rf_qrf_goals,0.3.0,empirical_qrf,0.0,0.0,0.0,,2662215555207871876,2026-01-12 13:58:58.029231
2026-01-12,24691,CAR,DET,30002309,Mark Jankowski,goals,rf_qrf_goals,0.3.0,empirical_qrf,0.0,0.0,0.0,,2662215555207871876,2026-01-12 13:58:58.029231
2026-01-12,24691,CAR,DET,30002819,Sebastian Aho,goals,rf_qrf_goals,0.3.0,empirical_qrf,0.0,0.0,0.0,,2662215555207871876,2026-01-12 13:58:58.029231
2026-01-12,24691,CAR,DET,30002980,Eric Robinson,goals,rf_qrf_goals,0.3.0,empirical_qrf,0.0,0.0,0.0,,2662215555207871876,2026-01-12 13:58:58.029231
2026-01-12,24692,FLA,BUF,30000074,Brad Marchand,goals,rf_qrf_goals,0.3.0,empirical_qrf,0.0,0.0,0.0,,2662215555207871876,2026-01-12 13:58:58.029231
2026-01-12,24692,FLA,BUF,30000201,Keith Kinkaid,goals,rf_qrf_goals,0.3.0,empirical_qrf,0.0,0.0,0.0,,2662215555207871876,2026-01-12 13:58:58.029231
2026-01-12,24692,FLA,BUF,30000228,Aleksander Barkov,goals,rf_qrf_goals,0.3.0,empirical_qrf,0.0,0.0,0.0,,2662215555207871876,2026-01-12 13:58:58.029231
2026-01-12,24692,FLA,BUF,30000232,Dmitry Kulikov,goals,rf_qrf_goals,0.3.0,empirical_qrf,0.0,0.0,0.0,,2662215555207871876,2026-01-12 13:58:58.029231
2026-01-12,24692,FLA,BUF,30000239,Aaron Ekblad,goals,rf_qrf_goals,0.3.0,empirical_qrf,0.0,0.0,0.0,,2662215555207871876,2026-01-12 13:58:58.029231
2026-01-12,24692,FLA,BUF,30000253,Seth Jones,goals,rf_qrf_goals,0.3.0,empirical_qrf,0.0,0.0,0.0,,2662215555207871876,2026-01-12 13:58:58.029231
2026-01-12,24692,BUF,FLA,30006070,Zach Benson,goals,rf_qrf_goals,0.3.0,empirical_qrf,0.0,0.0,0.0,,2662215555207871876,2026-01-12 13:58:58.029231
2026-01-12,24692,BUF,FLA,30006092,Anton Wahlberg,goals,rf_qrf_goals,0.3.0,empirical_qrf,0.0,0.0,0.0,,2662215555207871876,2026-01-12 13:58:58.029231
2026-01-12,24692,BUF,FLA,30006340,Zach Metsa,goals,rf_qrf_goals,0.3.0,empirical_qrf,0.0,0.0,0.0,,2662215555207871876,2026-01-12 13:58:58.029231
2026-01-12,24692,BUF,FLA,30006341,Christopher Brown,goals,rf_qrf_goals,0.3.0,empirical_qrf,0.0,0.0,0.0,,2662215555207871876,2026-01-12 13:58:58.029231
2026-01-12,24692,BUF,FLA,30006342,Dominick Mersch,goals,rf_qrf_goals,0.3.0,empirical_qrf,0.0,0.0,0.0,,2662215555207871876,2026-01-12 13:58:58.029231
2026-01-12,24692,FLA,BUF,30003322,Noah Gregor,goals,rf_qrf_goals,0.3.0,empirical_qrf,0.0,0.0,0.0,,2662215555207871876,2026-01-12 13:58:58.029231
2026-01-12,24692,BUF,FLA,30005730,Vsevolod Komarov,goals,rf_qrf_goals,0.3.0,empirical_qrf,0.0,0.0,0.0,,2662215555207871876,2026-01-12 13:58:58.029231
2026-01-12,24692,BUF,FLA,30005764,Noah Laaouan,goals,rf_qrf_goals,0.3.0,empirical_qrf,0.0,0.0,0.0,,2662215555207871876,2026-01-12 13:58:58.029231
2026-01-12,24692,BUF,FLA,30005767,Graham Slaggert,goals,rf_qrf_goals,0.3.0,empirical_qrf,0.0,0.0,0.0,,2662215555207871876,2026-01-12 13:58:58.029231
2026-01-12,24692,BUF,FLA,30005793,Riley Fiddler-Schultz,goals,rf_qrf_goals,0.3.0,empirical_qrf,0.0,0.0,0.0,,2662215555207871876,2026-01-12 13:58:58.029231
2026-01-12,24692,BUF,FLA,30006028,Jagger Joshua,goals,rf_qrf_goals,0.3.0,empirical_qrf,0.0,0.0,0.0,,2662215555207871876,2026-01-12 13:58:58.029231
2026-01-12,24692,BUF,FLA,30006039,Aidan Fulp,goals,rf_qrf_goals,0.3.0,empirical_qrf,0.0,0.0,0.0,,2662215555207871876,2026-01-12 13:58:58.029231
2026-01-12,24692,BUF,FLA,30005151,Olivier Nadeau,goals,rf_qrf_goals,0.3.0,empirical_qrf,0.0,0.0,0.0,,2662215555207871876,2026-01-12 13:58:58.029231
2026-01-12,24692,BUF,FLA,30005441,Ryan Johnson,goals,rf_qrf_goals,0.3.0,empirical_qrf,0.0,0.0,0.0,,2662215555207871876,2026-01-12 13:58:58.029231
2026-01-12,24692,BUF,FLA,30005445,Nikita Novikov,goals,rf_qrf_goals,0.3.0,empirical_qrf,0.0,0.0,0.0,,2662215555207871876,2026-01-12 13:58:58.029231
2026-01-12,24692,BUF,FLA,30005634,Noah Ostlund,goals,rf_qrf_goals,0.3.0,empirical_qrf,0.0,0.0,0.0,,2662215555207871876,2026-01-12 13:58:58.029231
2026-01-12,24692,BUF,FLA,30005644,Jiri Kulich,goals,rf_qrf_goals,0.3.0,empirical_qrf,0.0,0.0,0.0,,2662215555207871876,2026-01-12 13:58:58.029231
2026-01-12,24692,BUF,FLA,30005685,Viktor Neuchev,goals,rf_qrf_goals,0.3.0,empirical_qrf,0.0,0.0,0.0,,2662215555207871876,2026-01-12 13:58:58.029231
2026-01-12,24692,BUF,FLA,30004980,Owen Power,goals,rf_qrf_goals,0.3.0,empirical_qrf,0.0,0.0,0.0,,2662215555207871876,2026-01-12 13:58:58.029231
2026-01-12,24692,BUF,FLA,30004981,Devon Levi,goals,rf_qrf_goals,0.3.0,empirical_qrf,0.0,0.0,0.0,,2662215555207871876,2026-01-12 13:58:58.029231
2026-01-12,24692,BUF,FLA,30004982,Isak Rosen,goals,rf_qrf_goals,0.3.0,empirical_qrf,0.0,0.0,0.0,,2662215555207871876,2026-01-12 13:58:58.029231
2026-01-12,24692,BUF,FLA,30005017,Josh Doan,goals,rf_qrf_goals,0.3.0,empirical_qrf,0.0,0.0,0.0,,2662215555207871876,2026-01-12 13:58:58.029231
2026-01-12,24692,BUF,FLA,30005067,Isaac Belliveau,goals,rf_qrf_goals,0.3.0,empirical_qrf,0.0,0.0,0.0,,2662215555207871876,2026-01-12 13:58:58.029231
2026-01-12,24692,BUF,FLA,30005147,Tyson Kozak,goals,rf_qrf_goals,0.3.0,empirical_qrf,0.0,0.0,0.0,,2662215555207871876,2026-01-12 13:58:58.029231
2026-01-12,24692,BUF,FLA,30004670,Peter Tischke,goals,rf_qrf_goals,0.3.0,empirical_qrf,0.0,0.0,0.0,,2662215555207871876,2026-01-12 13:58:58.029231
2026-01-12,24692,BUF,FLA,30004815,Jack Quinn,goals,rf_qrf_goals,0.3.0,empirical_qrf,0.0,0.0,0.0,,2662215555207871876,2026-01-12 13:58:58.029231
2026-01-12,24692,BUF,FLA,30004854,Trevor Kuntar,goals,rf_qrf_goals,0.3.0,empirical_qrf,0.0,0.0,0.0,,2662215555207871876,2026-01-12 13:58:58.029231
2026-01-12,24692,BUF,FLA,30004923,Josh Dunne,goals,rf_qrf_goals,0.3.0,empirical_qrf,0.0,0.0,0.0,,2662215555207871876,2026-01-12 13:58:58.029231
2026-01-12,24692,BUF,FLA,30004948,Carson Meyer,goals,rf_qrf_goals,0.3.0,empirical_qrf,0.0,0.0,0.0,,2662215555207871876,2026-01-12 13:58:58.029231
2026-01-12,24692,BUF,FLA,30004956,Justin Danforth,goals,rf_qrf_goals,0.3.0,empirical_qrf,0.0,0.0,0.0,,2662215555207871876,2026-01-12 13:58:58.029231
2026-01-12,24692,BUF,FLA,30004380,Jack Rathbone,goals,rf_qrf_goals,0.3.0,empirical_qrf,0.0,0.0,0.0,,2662215555207871876,2026-01-12 13:58:58.029231
2026-01-12,24692,BUF,FLA,30004431,Jacob Bryson,goals,rf_qrf_goals,0.3.0,empirical_qrf,0.0,0.0,0.0,,2662215555207871876,2026-01-12 13:58:58.029231
2026-01-12,24692,BUF,FLA,30004474,Bowen Byram,goals,rf_qrf_goals,0.3.0,empirical_qrf,0.0,0.0,0.0,,2662215555207871876,2026-01-12 13:58:58.029231
2026-01-12,24692,BUF,FLA,30004502,Peyton Krebs,goals,rf_qrf_goals,0.3.0,empirical_qrf,0.0,0.0,0.0,,2662215555207871876,2026-01-12 13:58:58.029231
2026-01-12,24692,BUF,FLA,30004554,Zac Jones,goals,rf_qrf_goals,0.3.0,empirical_qrf,0.0,0.0,0.0,,2662215555207871876,2026-01-12 13:58:58.029231
2026-01-12,24692,BUF,FLA,30004577,Colten Ellis,goals,rf_qrf_goals,0.3.0,empirical_qrf,0.0,0.0,0.0,,2662215555207871876,2026-01-12 13:58:58.029231
2026-01-12,24692,BUF,FLA,30003673,Ukko-Pekka Luukkonen,goals,rf_qrf_goals,0.3.0,empirical_qrf,0.0,0.0,0.0,,2662215555207871876,2026-01-12 13:58:58.029231
2026-01-12,24692,BUF,FLA,30003699,Jake Leschyshyn,goals,rf_qrf_goals,0.3.0,empirical_qrf,0.0,0.0,0.0,,2662215555207871876,2026-01-12 13:58:58.029231
2026-01-12,24692,BUF,FLA,30003750,Rasmus Dahlin,goals,rf_qrf_goals,0.3.0,empirical_qrf,0.0,0.0,0.0,,2662215555207871876,2026-01-12 13:58:58.029231
2026-01-12,24692,BUF,FLA,30004105,Mattias Samuelsson,goals,rf_qrf_goals,0.3.0,empirical_qrf,0.0,0.0,0.0,,2662215555207871876,2026-01-12 13:58:58.029231
2026-01-12,24692,BUF,FLA,30004117,Ryan McLeod,goals,rf_qrf_goals,0.3.0,empirical_qrf,0.0,0.0,0.0,,2662215555207871876,2026-01-12 13:58:58.029231
2026-01-12,24692,BUF,FLA,30004373,Michael Kesselring,goals,rf_qrf_goals,0.3.0,empirical_qrf,0.0,0.0,0.0,,2662215555207871876,2026-01-12 13:58:58.029231
2026-01-12,24692,BUF,FLA,30002797,Brendan Warren,goals,rf_qrf_goals,0.3.0,empirical_qrf,0.0,0.0,0.0,,2662215555207871876,2026-01-12 13:58:58.029231
2026-01-12,24692,BUF,FLA,30003074,Alex Lyon,goals,rf_qrf_goals,0.3.0,empirical_qrf,0.0,0.0,0.0,,2662215555207871876,2026-01-12 13:58:58.029231
2026-01-12,24692,BUF,FLA,30003158,Tage Thompson,goals,rf_qrf_goals,0.3.0,empirical_qrf,0.0,0.0,0.0,,2662215555207871876,2026-01-12 13:58:58.029231
2026-01-12,24692,BUF,FLA,30003221,Beck Malenstyn,goals,rf_qrf_goals,0.3.0,empirical_qrf,0.0,0.0,0.0,,2662215555207871876,2026-01-12 13:58:58.029231
2026-01-12,24692,BUF,FLA,30003665,Josh Norris,goals,rf_qrf_goals,0.3.0,empirical_qrf,0.0,0.0,0.0,,2662215555207871876,2026-01-12 13:58:58.029231
2026-01-12,24692,BUF,FLA,30003670,Conor Timmins,goals,rf_qrf_goals,0.3.0,empirical_qrf,0.0,0.0,0.0,,2662215555207871876,2026-01-12 13:58:58.029231
2026-01-12,24692,FLA,BUF,30006326,Michael Simpson,goals,rf_qrf_goals,0.3.0,empirical_qrf,0.0,0.0,0.0,,2662215555207871876,2026-01-12 13:58:58.029231
2026-01-12,24692,FLA,BUF,30006394,Graham McPhee,goals,rf_qrf_goals,0.3.0,empirical_qrf,0.0,0.0,0.0,,2662215555207871876,2026-01-12 13:58:58.029231
2026-01-12,24692,BUF,FLA,30000523,Jason Zucker,goals,rf_qrf_goals,0.3.0,empirical_qrf,0.0,0.0,0.0,,2662215555207871876,2026-01-12 13:58:58.029231
2026-01-12,24692,BUF,FLA,30002577,Alex Tuch,goals,rf_qrf_goals,0.3.0,empirical_qrf,0.0,0.0,0.0,,2662215555207871876,2026-01-12 13:58:58.029231
2026-01-12,24692,BUF,FLA,30002762,Mason Geertsen,goals,rf_qrf_goals,0.3.0,empirical_qrf,0.0,0.0,0.0,,2662215555207871876,2026-01-12 13:58:58.029231
2026-01-12,24692,BUF,FLA,30002774,Jordan Greenway,goals,rf_qrf_goals,0.3.0,empirical_qrf,0.0,0.0,0.0,,2662215555207871876,2026-01-12 13:58:58.029231
2026-01-12,24692,FLA,BUF,30005849,Kai Schwindt,goals,rf_qrf_goals,0.3.0,empirical_qrf,0.0,0.0,0.0,,2662215555207871876,2026-01-12 13:58:58.029231
2026-01-12,24692,FLA,BUF,30005850,Sandis Vilmanis,goals,rf_qrf_goals,0.3.0,empirical_qrf,0.0,0.0,0.0,,2662215555207871876,2026-01-12 13:58:58.029231
2026-01-12,24692,FLA,BUF,30006034,Jake Livingstone,goals,rf_qrf_goals,0.3.0,empirical_qrf,0.0,0.0,0.0,,2662215555207871876,2026-01-12 13:58:58.029231
2026-01-12,24692,FLA,BUF,30006040,Ryan McAllister,goals,rf_qrf_goals,0.3.0,empirical_qrf,0.0,0.0,0.0,,2662215555207871876,2026-01-12 13:58:58.029231
2026-01-12,24692,FLA,BUF,30006048,Uvis Balinskis,goals,rf_qrf_goals,0.3.0,empirical_qrf,0.0,0.0,0.0,,2662215555207871876,2026-01-12 13:58:58.029231
2026-01-12,24692,FLA,BUF,30006097,Gracyn Sawchyn,goals,rf_qrf_goals,0.3.0,empirical_qrf,0.0,0.0,0.0,,2662215555207871876,2026-01-12 13:58:58.029231
2026-01-12,24692,FLA,BUF,30005025,Evan Nause,goals,rf_qrf_goals,0.3.0,empirical_qrf,0.0,0.0,0.0,,2662215555207871876,2026-01-12 13:58:58.029231
2026-01-12,24692,FLA,BUF,30005215,Cole Krygier,goals,rf_qrf_goals,0.3.0,empirical_qrf,0.0,0.0,0.0,,2662215555207871876,2026-01-12 13:58:58.029231
2026-01-12,24692,FLA,BUF,30005556,Mack Guzda,goals,rf_qrf_goals,0.3.0,empirical_qrf,0.0,0.0,0.0,,2662215555207871876,2026-01-12 13:58:58.029231
2026-01-12,24692,FLA,BUF,30005598,Mitchell Russell,goals,rf_qrf_goals,0.3.0,empirical_qrf,0.0,0.0,0.0,,2662215555207871876,2026-01-12 13:58:58.029231
2026-01-12,24692,FLA,BUF,30005723,Marek Alscher,goals,rf_qrf_goals,0.3.0,empirical_qrf,0.0,0.0,0.0,,2662215555207871876,2026-01-12 13:58:58.029231
2026-01-12,24692,FLA,BUF,30005848,Josh Davies,goals,rf_qrf_goals,0.3.0,empirical_qrf,0.0,0.0,0.0,,2662215555207871876,2026-01-12 13:58:58.029231
2026-01-12,24692,FLA,BUF,30004517,Robert Mastrosimone,goals,rf_qrf_goals,0.3.0,empirical_qrf,0.0,0.0,0.0,,2662215555207871876,2026-01-12 13:58:58.029231
2026-01-12,24692,FLA,BUF,30004574,Cole Schwindt,goals,rf_qrf_goals,0.3.0,empirical_qrf,0.0,0.0,0.0,,2662215555207871876,2026-01-12 13:58:58.029231
2026-01-12,24692,FLA,BUF,30004809,Anton Lundell,goals,rf_qrf_goals,0.3.0,empirical_qrf,0.0,0.0,0.0,,2662215555207871876,2026-01-12 13:58:58.029231
2026-01-12,24692,FLA,BUF,30004873,Donovan Sebrango,goals,rf_qrf_goals,0.3.0,empirical_qrf,0.0,0.0,0.0,,2662215555207871876,2026-01-12 13:58:58.029231
2026-01-12,24692,FLA,BUF,30004886,Michael Benning,goals,rf_qrf_goals,0.3.0,empirical_qrf,0.0,0.0,0.0,,2662215555207871876,2026-01-12 13:58:58.029231
2026-01-12,24692,FLA,BUF,30005000,Mackie Samoskevich,goals,rf_qrf_goals,0.3.0,empirical_qrf,0.0,0.0,0.0,,2662215555207871876,2026-01-12 13:58:58.029231
2026-01-12,24692,FLA,BUF,30003671,Jack Studnicka,goals,rf_qrf_goals,0.3.0,empirical_qrf,0.0,0.0,0.0,,2662215555207871876,2026-01-12 13:58:58.029231
2026-01-12,24692,FLA,BUF,30003681,Eetu Luostarinen,goals,rf_qrf_goals,0.3.0,empirical_qrf,0.0,0.0,0.0,,2662215555207871876,2026-01-12 13:58:58.029231
2026-01-12,24692,FLA,BUF,30003683,Jesper Boqvist,goals,rf_qrf_goals,0.3.0,empirical_qrf,0.0,0.0,0.0,,2662215555207871876,2026-01-12 13:58:58.029231
2026-01-12,24692,FLA,BUF,30003694,Jonah Gadjovich,goals,rf_qrf_goals,0.3.0,empirical_qrf,0.0,0.0,0.0,,2662215555207871876,2026-01-12 13:58:58.029231
2026-01-12,24692,FLA,BUF,30004088,Jay O'Brien,goals,rf_qrf_goals,0.3.0,empirical_qrf,0.0,0.0,0.0,,2662215555207871876,2026-01-12 13:58:58.029231
2026-01-12,24692,FLA,BUF,30004497,Tobias Bjornfot,goals,rf_qrf_goals,0.3.0,empirical_qrf,0.0,0.0,0.0,,2662215555207871876,2026-01-12 13:58:58.029231
2026-01-12,24692,FLA,BUF,30002796,Mitchell Vande Sompel,goals,rf_qrf_goals,0.3.0,empirical_qrf,0.0,0.0,0.0,,2662215555207871876,2026-01-12 13:58:58.029231
2026-01-12,24692,FLA,BUF,30002839,A.J. Greer,goals,rf_qrf_goals,0.3.0,empirical_qrf,0.0,0.0,0.0,,2662215555207871876,2026-01-12 13:58:58.029231
2026-01-12,24692,FLA,BUF,30003077,Tyler Motte,goals,rf_qrf_goals,0.3.0,empirical_qrf,0.0,0.0,0.0,,2662215555207871876,2026-01-12 13:58:58.029231
2026-01-12,24692,FLA,BUF,30003134,Matthew Tkachuk,goals,rf_qrf_goals,0.3.0,empirical_qrf,0.0,0.0,0.0,,2662215555207871876,2026-01-12 13:58:58.029231
2026-01-12,24692,FLA,BUF,30003150,Luke Kunin,goals,rf_qrf_goals,0.3.0,empirical_qrf,0.0,0.0,0.0,,2662215555207871876,2026-01-12 13:58:58.029231
2026-01-12,24692,FLA,BUF,30003468,Evan Cormier,goals,rf_qrf_goals,0.3.0,empirical_qrf,0.0,0.0,0.0,,2662215555207871876,2026-01-12 13:58:58.029231
2026-01-12,24692,FLA,BUF,30001035,Tomás Nosek,goals,rf_qrf_goals,0.3.0,empirical_qrf,0.0,0.0,0.0,,2662215555207871876,2026-01-12 13:58:58.029231
2026-01-12,24692,FLA,BUF,30001159,Carter Verhaeghe,goals,rf_qrf_goals,0.3.0,empirical_qrf,0.0,0.0,0.0,,2662215555207871876,2026-01-12 13:58:58.029231
2026-01-12,24692,FLA,BUF,30001387,Niko Mikkola,goals,rf_qrf_goals,0.3.0,empirical_qrf,0.0,0.0,0.0,,2662215555207871876,2026-01-12 13:58:58.029231
2026-01-12,24692,FLA,BUF,30001448,Daniil Tarasov,goals,rf_qrf_goals,0.3.0,empirical_qrf,0.0,0.0,0.0,,2662215555207871876,2026-01-12 13:58:58.029231
2026-01-12,24692,FLA,BUF,30002069,Nathan Smith,goals,rf_qrf_goals,0.3.0,empirical_qrf,0.0,0.0,0.0,,2662215555207871876,2026-01-12 13:58:58.029231
2026-01-12,24692,FLA,BUF,30002758,Gustav Forsling,goals,rf_qrf_goals,0.3.0,empirical_qrf,0.0,0.0,0.0,,2662215555207871876,2026-01-12 13:58:58.029231
2026-01-12,24692,FLA,BUF,30000559,Sam Bennett,goals,rf_qrf_goals,0.3.0,empirical_qrf,0.0,0.0,0.0,,2662215555207871876,2026-01-12 13:58:58.029231
2026-01-12,24692,FLA,BUF,30000667,Sergei Bobrovsky,goals,rf_qrf_goals,0.3.0,empirical_qrf,0.0,0.0,0.0,,2662215555207871876,2026-01-12 13:58:58.029231
2026-01-12,24692,FLA,BUF,30000723,Jeff Petry,goals,rf_qrf_goals,0.3.0,empirical_qrf,0.0,0.0,0.0,,2662215555207871876,2026-01-12 13:58:58.029231
2026-01-12,24692,FLA,BUF,30000934,Louis Domingue,goals,rf_qrf_goals,0.3.0,empirical_qrf,0.0,0.0,0.0,,2662215555207871876,2026-01-12 13:58:58.029231
2026-01-12,24692,FLA,BUF,30000980,Sam Reinhart,goals,rf_qrf_goals,0.3.0,empirical_qrf,0.0,0.0,0.0,,2662215555207871876,2026-01-12 13:58:58.029231
2026-01-12,24692,FLA,BUF,30000981,Evan Rodrigues,goals,rf_qrf_goals,0.3.0,empirical_qrf,0.0,0.0,0.0,,2662215555207871876,2026-01-12 13:58:58.029231
2026-01-12,24693,VAN,MON,30000958,Derek Forbort,goals,rf_qrf_goals,0.3.0,empirical_qrf,0.0,0.0,0.0,,2662215555207871876,2026-01-12 13:58:58.029231
2026-01-12,24693,VAN,MON,30000976,Evander Kane,goals,rf_qrf_goals,0.3.0,empirical_qrf,0.0,0.0,0.0,,2662215555207871876,2026-01-12 13:58:58.029231
2026-01-12,24693,VAN,MON,30001238,Jake DeBrusk,goals,rf_qrf_goals,0.3.0,empirical_qrf,0.0,0.0,0.0,,2662215555207871876,2026-01-12 13:58:58.029231
2026-01-12,24693,VAN,MON,30001299,Tyler Myers,goals,rf_qrf_goals,0.3.0,empirical_qrf,0.0,0.0,0.0,,2662215555207871876,2026-01-12 13:58:58.029231
2026-01-12,24693,VAN,MON,30001949,Guillaume Brisebois,goals,rf_qrf_goals,0.3.0,empirical_qrf,0.0,0.0,0.0,,2662215555207871876,2026-01-12 13:58:58.029231
2026-01-12,24693,VAN,MON,30002479,Teddy Blueger,goals,rf_qrf_goals,0.3.0,empirical_qrf,0.0,0.0,0.0,,2662215555207871876,2026-01-12 13:58:58.029231
2026-01-12,24693,MON,VAN,30006060,David Reinbacher,goals,rf_qrf_goals,0.3.0,empirical_qrf,0.0,0.0,0.0,,2662215555207871876,2026-01-12 13:58:58.029231
2026-01-12,24693,MON,VAN,30006127,Jacob Fowler,goals,rf_qrf_goals,0.3.0,empirical_qrf,0.0,0.0,0.0,,2662215555207871876,2026-01-12 13:58:58.029231
2026-01-12,24693,MON,VAN,30006152,Florian Xhekaj,goals,rf_qrf_goals,0.3.0,empirical_qrf,0.0,0.0,0.0,,2662215555207871876,2026-01-12 13:58:58.029231
2026-01-12,24693,MON,VAN,30006358,Israel Mianscum,goals,rf_qrf_goals,0.3.0,empirical_qrf,0.0,0.0,0.0,,2662215555207871876,2026-01-12 13:58:58.029231
2026-01-12,24693,MON,VAN,30006485,Ivan Demidov,goals,rf_qrf_goals,0.3.0,empirical_qrf,0.0,0.0,0.0,,2662215555207871876,2026-01-12 13:58:58.029231
2026-01-12,24693,VAN,MON,30005887,Victor Mancini,goals,rf_qrf_goals,0.3.0,empirical_qrf,0.0,0.0,0.0,,2662215555207871876,2026-01-12 13:58:58.029231
2026-01-12,24693,MON,VAN,30005574,Lucas Condotta,goals,rf_qrf_goals,0.3.0,empirical_qrf,0.0,0.0,0.0,,2662215555207871876,2026-01-12 13:58:58.029231
2026-01-12,24693,MON,VAN,30005631,Juraj Slafkovsky,goals,rf_qrf_goals,0.3.0,empirical_qrf,0.0,0.0,0.0,,2662215555207871876,2026-01-12 13:58:58.029231
2026-01-12,24693,MON,VAN,30005645,Filip Mesar,goals,rf_qrf_goals,0.3.0,empirical_qrf,0.0,0.0,0.0,,2662215555207871876,2026-01-12 13:58:58.029231
2026-01-12,24693,MON,VAN,30005655,Lane Hutson,goals,rf_qrf_goals,0.3.0,empirical_qrf,0.0,0.0,0.0,,2662215555207871876,2026-01-12 13:58:58.029231
2026-01-12,24693,MON,VAN,30005656,Owen Beck,goals,rf_qrf_goals,0.3.0,empirical_qrf,0.0,0.0,0.0,,2662215555207871876,2026-01-12 13:58:58.029231
2026-01-12,24693,MON,VAN,30005806,Jared Davidson,goals,rf_qrf_goals,0.3.0,empirical_qrf,0.0,0.0,0.0,,2662215555207871876,2026-01-12 13:58:58.029231
2026-01-12,24693,MON,VAN,30005122,Xavier Simoneau,goals,rf_qrf_goals,0.3.0,empirical_qrf,0.0,0.0,0.0,,2662215555207871876,2026-01-12 13:58:58.029231
2026-01-12,24693,MON,VAN,30005127,Joe Vrbetic,goals,rf_qrf_goals,0.3.0,empirical_qrf,0.0,0.0,0.0,,2662215555207871876,2026-01-12 13:58:58.029231
2026-01-12,24693,MON,VAN,30005128,Arber Xhekaj,goals,rf_qrf_goals,0.3.0,empirical_qrf,0.0,0.0,0.0,,2662215555207871876,2026-01-12 13:58:58.029231
2026-01-12,24693,MON,VAN,30005287,Gannon Laroque,goals,rf_qrf_goals,0.3.0,empirical_qrf,0.0,0.0,0.0,,2662215555207871876,2026-01-12 13:58:58.029231
2026-01-12,24693,MON,VAN,30005288,Ben Gaudreau,goals,rf_qrf_goals,0.3.0,empirical_qrf,0.0,0.0,0.0,,2662215555207871876,2026-01-12 13:58:58.029231
2026-01-12,24693,MON,VAN,30005534,Jakub Dobes,goals,rf_qrf_goals,0.3.0,empirical_qrf,0.0,0.0,0.0,,2662215555207871876,2026-01-12 13:58:58.029231
2026-01-12,24693,MON,VAN,30004950,Marc Del Gaizo,goals,rf_qrf_goals,0.3.0,empirical_qrf,0.0,0.0,0.0,,2662215555207871876,2026-01-12 13:58:58.029231
2026-01-12,24693,MON,VAN,30004990,Zachary Bolduc,goals,rf_qrf_goals,0.3.0,empirical_qrf,0.0,0.0,0.0,,2662215555207871876,2026-01-12 13:58:58.029231
2026-01-12,24693,MON,VAN,30005021,Oliver Kapanen,goals,rf_qrf_goals,0.3.0,empirical_qrf,0.0,0.0,0.0,,2662215555207871876,2026-01-12 13:58:58.029231
2026-01-12,24693,MON,VAN,30005022,Riley Kidney,goals,rf_qrf_goals,0.3.0,empirical_qrf,0.0,0.0,0.0,,2662215555207871876,2026-01-12 13:58:58.029231
2026-01-12,24693,MON,VAN,30005118,Tobie Paquette-Bisson,goals,rf_qrf_goals,0.3.0,empirical_qrf,0.0,0.0,0.0,,2662215555207871876,2026-01-12 13:58:58.029231
2026-01-12,24693,MON,VAN,30005121,Joshua Roy,goals,rf_qrf_goals,0.3.0,empirical_qrf,0.0,0.0,0.0,,2662215555207871876,2026-01-12 13:58:58.029231
2026-01-12,24693,MON,VAN,30004559,Jayden Struble,goals,rf_qrf_goals,0.3.0,empirical_qrf,0.0,0.0,0.0,,2662215555207871876,2026-01-12 13:58:58.029231
2026-01-12,24693,MON,VAN,30004803,Kaiden Guhle,goals,rf_qrf_goals,0.3.0,empirical_qrf,0.0,0.0,0.0,,2662215555207871876,2026-01-12 13:58:58.029231
2026-01-12,24693,MON,VAN,30004866,Ryan O'Rourke,goals,rf_qrf_goals,0.3.0,empirical_qrf,0.0,0.0,0.0,,2662215555207871876,2026-01-12 13:58:58.029231
2026-01-12,24693,MON,VAN,30004876,Ty Smilanic,goals,rf_qrf_goals,0.3.0,empirical_qrf,0.0,0.0,0.0,,2662215555207871876,2026-01-12 13:58:58.029231
2026-01-12,24693,MON,VAN,30004894,Sean Farrell,goals,rf_qrf_goals,0.3.0,empirical_qrf,0.0,0.0,0.0,,2662215555207871876,2026-01-12 13:58:58.029231
2026-01-12,24693,MON,VAN,30004928,Cole Caufield,goals,rf_qrf_goals,0.3.0,empirical_qrf,0.0,0.0,0.0,,2662215555207871876,2026-01-12 13:58:58.029231
2026-01-12,24693,MON,VAN,30004204,Wyatte Wylie,goals,rf_qrf_goals,0.3.0,empirical_qrf,0.0,0.0,0.0,,2662215555207871876,2026-01-12 13:58:58.029231
2026-01-12,24693,MON,VAN,30004284,Kevin Mandolese,goals,rf_qrf_goals,0.3.0,empirical_qrf,0.0,0.0,0.0,,2662215555207871876,2026-01-12 13:58:58.029231
2026-01-12,24693,MON,VAN,30004361,Josh Anderson,goals,rf_qrf_goals,0.3.0,empirical_qrf,0.0,0.0,0.0,,2662215555207871876,2026-01-12 13:58:58.029231
2026-01-12,24693,MON,VAN,30004472,Kirby Dach,goals,rf_qrf_goals,0.3.0,empirical_qrf,0.0,0.0,0.0,,2662215555207871876,2026-01-12 13:58:58.029231
2026-01-12,24693,MON,VAN,30004486,Alex Newhook,goals,rf_qrf_goals,0.3.0,empirical_qrf,0.0,0.0,0.0,,2662215555207871876,2026-01-12 13:58:58.029231
2026-01-12,24693,MON,VAN,30004520,Hunter Jones,goals,rf_qrf_goals,0.3.0,empirical_qrf,0.0,0.0,0.0,,2662215555207871876,2026-01-12 13:58:58.029231
2026-01-12,24693,MON,VAN,30003687,Alexandre Texier,goals,rf_qrf_goals,0.3.0,empirical_qrf,0.0,0.0,0.0,,2662215555207871876,2026-01-12 13:58:58.029231
2026-01-12,24693,MON,VAN,30003901,Alex Belzile,goals,rf_qrf_goals,0.3.0,empirical_qrf,0.0,0.0,0.0,,2662215555207871876,2026-01-12 13:58:58.029231
2026-01-12,24693,MON,VAN,30003958,Nate Clurman,goals,rf_qrf_goals,0.3.0,empirical_qrf,0.0,0.0,0.0,,2662215555207871876,2026-01-12 13:58:58.029231
2026-01-12,24693,MON,VAN,30003990,Jake Evans,goals,rf_qrf_goals,0.3.0,empirical_qrf,0.0,0.0,0.0,,2662215555207871876,2026-01-12 13:58:58.029231
2026-01-12,24693,MON,VAN,30004086,Noah Dobson,goals,rf_qrf_goals,0.3.0,empirical_qrf,0.0,0.0,0.0,,2662215555207871876,2026-01-12 13:58:58.029231
2026-01-12,24693,MON,VAN,30004101,Joe Veleno,goals,rf_qrf_goals,0.3.0,empirical_qrf,0.0,0.0,0.0,,2662215555207871876,2026-01-12 13:58:58.029231
2026-01-12,24693,MON,VAN,30002601,Joshua Jacobs,goals,rf_qrf_goals,0.3.0,empirical_qrf,0.0,0.0,0.0,,2662215555207871876,2026-01-12 13:58:58.029231
2026-01-12,24693,MON,VAN,30002663,Vincent Arseneau,goals,rf_qrf_goals,0.3.0,empirical_qrf,0.0,0.0,0.0,,2662215555207871876,2026-01-12 13:58:58.029231
2026-01-12,24693,MON,VAN,30002781,Sam Montembeault,goals,rf_qrf_goals,0.3.0,empirical_qrf,0.0,0.0,0.0,,2662215555207871876,2026-01-12 13:58:58.029231
2026-01-12,24693,MON,VAN,30002825,Alexandre Carrier,goals,rf_qrf_goals,0.3.0,empirical_qrf,0.0,0.0,0.0,,2662215555207871876,2026-01-12 13:58:58.029231
2026-01-12,24693,MON,VAN,30003131,Patrik Laine,goals,rf_qrf_goals,0.3.0,empirical_qrf,0.0,0.0,0.0,,2662215555207871876,2026-01-12 13:58:58.029231
2026-01-12,24693,MON,VAN,30003667,Nick Suzuki,goals,rf_qrf_goals,0.3.0,empirical_qrf,0.0,0.0,0.0,,2662215555207871876,2026-01-12 13:58:58.029231
2026-01-12,24693,MON,VAN,30000227,Mike Matheson,goals,rf_qrf_goals,0.3.0,empirical_qrf,0.0,0.0,0.0,,2662215555207871876,2026-01-12 13:58:58.029231
2026-01-12,24693,MON,VAN,30000555,Tyler Wotherspoon,goals,rf_qrf_goals,0.3.0,empirical_qrf,0.0,0.0,0.0,,2662215555207871876,2026-01-12 13:58:58.029231
2026-01-12,24693,MON,VAN,30000670,Sammy Blais,goals,rf_qrf_goals,0.3.0,empirical_qrf,0.0,0.0,0.0,,2662215555207871876,2026-01-12 13:58:58.029231
2026-01-12,24693,MON,VAN,30001395,Laurent Dauphin,goals,rf_qrf_goals,0.3.0,empirical_qrf,0.0,0.0,0.0,,2662215555207871876,2026-01-12 13:58:58.029231
2026-01-12,24693,MON,VAN,30001424,Phillip Danault,goals,rf_qrf_goals,0.3.0,empirical_qrf,0.0,0.0,0.0,,2662215555207871876,2026-01-12 13:58:58.029231
2026-01-12,24693,MON,VAN,30002592,Kaapo Kahkonen,goals,rf_qrf_goals,0.3.0,empirical_qrf,0.0,0.0,0.0,,2662215555207871876,2026-01-12 13:58:58.029231
2026-01-12,24693,VAN,MON,30006037,Nikita Tolopilo,goals,rf_qrf_goals,0.3.0,empirical_qrf,0.0,0.0,0.0,,2662215555207871876,2026-01-12 13:58:58.029231
2026-01-12,24693,VAN,MON,30006067,Tom Willander,goals,rf_qrf_goals,0.3.0,empirical_qrf,0.0,0.0,0.0,,2662215555207871876,2026-01-12 13:58:58.029231
2026-01-12,24693,VAN,MON,30006320,Joe Arntsen,goals,rf_qrf_goals,0.3.0,empirical_qrf,0.0,0.0,0.0,,2662215555207871876,2026-01-12 13:58:58.029231
2026-01-12,24693,VAN,MON,30006441,Elias Nils Pettersson,goals,rf_qrf_goals,0.3.0,empirical_qrf,0.0,0.0,0.0,,2662215555207871876,2026-01-12 13:58:58.029231
2026-01-12,24693,VAN,MON,30006486,Zeev Buium,goals,rf_qrf_goals,0.3.0,empirical_qrf,0.0,0.0,0.0,,2662215555207871876,2026-01-12 13:58:58.029231
2026-01-12,24693,MON,VAN,30000015,Brendan Gallagher,goals,rf_qrf_goals,0.3.0,empirical_qrf,0.0,0.0,0.0,,2662215555207871876,2026-01-12 13:58:58.029231
2026-01-12,24693,VAN,MON,30005619,Jonathan Lekkerimaki,goals,rf_qrf_goals,0.3.0,empirical_qrf,0.0,0.0,0.0,,2662215555207871876,2026-01-12 13:58:58.029231
2026-01-12,24693,VAN,MON,30005642,Liam Ohgren,goals,rf_qrf_goals,0.3.0,empirical_qrf,0.0,0.0,0.0,,2662215555207871876,2026-01-12 13:58:58.029231
2026-01-12,24693,VAN,MON,30005747,Jonathan Lemieux,goals,rf_qrf_goals,0.3.0,empirical_qrf,0.0,0.0,0.0,,2662215555207871876,2026-01-12 13:58:58.029231
2026-01-12,24693,VAN,MON,30005831,Kirill Kudryavtsev,goals,rf_qrf_goals,0.3.0,empirical_qrf,0.0,0.0,0.0,,2662215555207871876,2026-01-12 13:58:58.029231
2026-01-12,24693,VAN,MON,30005837,Ty Young,goals,rf_qrf_goals,0.3.0,empirical_qrf,0.0,0.0,0.0,,2662215555207871876,2026-01-12 13:58:58.029231
2026-01-12,24693,VAN,MON,30006031,Max Sasson,goals,rf_qrf_goals,0.3.0,empirical_qrf,0.0,0.0,0.0,,2662215555207871876,2026-01-12 13:58:58.029231
2026-01-12,24693,VAN,MON,30005028,Aatu Raty,goals,rf_qrf_goals,0.3.0,empirical_qrf,0.0,0.0,0.0,,2662215555207871876,2026-01-12 13:58:58.029231
2026-01-12,24693,VAN,MON,30005100,Cooper Walker,goals,rf_qrf_goals,0.3.0,empirical_qrf,0.0,0.0,0.0,,2662215555207871876,2026-01-12 13:58:58.029231
2026-01-12,24693,VAN,MON,30005145,Josh Bloom,goals,rf_qrf_goals,0.3.0,empirical_qrf,0.0,0.0,0.0,,2662215555207871876,2026-01-12 13:58:58.029231
2026-01-12,24693,VAN,MON,30005171,Dino Kambeitz,goals,rf_qrf_goals,0.3.0,empirical_qrf,0.0,0.0,0.0,,2662215555207871876,2026-01-12 13:58:58.029231
2026-01-12,24693,VAN,MON,30005456,Nils Aman,goals,rf_qrf_goals,0.3.0,empirical_qrf,0.0,0.0,0.0,,2662215555207871876,2026-01-12 13:58:58.029231
2026-01-12,24693,VAN,MON,30005566,Arshdeep Bains,goals,rf_qrf_goals,0.3.0,empirical_qrf,0.0,0.0,0.0,,2662215555207871876,2026-01-12 13:58:58.029231
2026-01-12,24693,VAN,MON,30004531,Nils Hoglander,goals,rf_qrf_goals,0.3.0,empirical_qrf,0.0,0.0,0.0,,2662215555207871876,2026-01-12 13:58:58.029231
2026-01-12,24693,VAN,MON,30004581,Nikolai Knyzhov,goals,rf_qrf_goals,0.3.0,empirical_qrf,0.0,0.0,0.0,,2662215555207871876,2026-01-12 13:58:58.029231
2026-01-12,24693,VAN,MON,30004741,Drew O'Connor,goals,rf_qrf_goals,0.3.0,empirical_qrf,0.0,0.0,0.0,,2662215555207871876,2026-01-12 13:58:58.029231
2026-01-12,24693,VAN,MON,30004817,Lukas Reichel,goals,rf_qrf_goals,0.3.0,empirical_qrf,0.0,0.0,0.0,,2662215555207871876,2026-01-12 13:58:58.029231
2026-01-12,24693,VAN,MON,30004818,Marco Rossi,goals,rf_qrf_goals,0.3.0,empirical_qrf,0.0,0.0,0.0,,2662215555207871876,2026-01-12 13:58:58.029231
2026-01-12,24693,VAN,MON,30005016,Danila Klimovich,goals,rf_qrf_goals,0.3.0,empirical_qrf,0.0,0.0,0.0,,2662215555207871876,2026-01-12 13:58:58.029231
2026-01-12,24693,VAN,MON,30004001,Kiefer Sherwood,goals,rf_qrf_goals,0.3.0,empirical_qrf,0.0,0.0,0.0,,2662215555207871876,2026-01-12 13:58:58.029231
2026-01-12,24693,VAN,MON,30004058,Kevin Lankinen,goals,rf_qrf_goals,0.3.0,empirical_qrf,0.0,0.0,0.0,,2662215555207871876,2026-01-12 13:58:58.029231
2026-01-12,24693,VAN,MON,30004140,Jett Woo,goals,rf_qrf_goals,0.3.0,empirical_qrf,0.0,0.0,0.0,,2662215555207871876,2026-01-12 13:58:58.029231
2026-01-12,24693,VAN,MON,30004153,Linus Karlsson,goals,rf_qrf_goals,0.3.0,empirical_qrf,0.0,0.0,0.0,,2662215555207871876,2026-01-12 13:58:58.029231
2026-01-12,24693,VAN,MON,30004227,Chase Wouters,goals,rf_qrf_goals,0.3.0,empirical_qrf,0.0,0.0,0.0,,2662215555207871876,2026-01-12 13:58:58.029231
2026-01-12,24693,VAN,MON,30004425,Jimmy Schuldt,goals,rf_qrf_goals,0.3.0,empirical_qrf,0.0,0.0,0.0,,2662215555207871876,2026-01-12 13:58:58.029231
2026-01-12,24693,VAN,MON,30003193,Filip Hronek,goals,rf_qrf_goals,0.3.0,empirical_qrf,0.0,0.0,0.0,,2662215555207871876,2026-01-12 13:58:58.029231
2026-01-12,24693,VAN,MON,30003604,David Kampf,goals,rf_qrf_goals,0.3.0,empirical_qrf,0.0,0.0,0.0,,2662215555207871876,2026-01-12 13:58:58.029231
2026-01-12,24693,VAN,MON,30003647,Elias Pettersson,goals,rf_qrf_goals,0.3.0,empirical_qrf,0.0,0.0,0.0,,2662215555207871876,2026-01-12 13:58:58.029231
2026-01-12,24693,VAN,MON,30003655,Filip Chytil,goals,rf_qrf_goals,0.3.0,empirical_qrf,0.0,0.0,0.0,,2662215555207871876,2026-01-12 13:58:58.029231
2026-01-12,24693,VAN,MON,30003666,Pierre-Olivier Joseph,goals,rf_qrf_goals,0.3.0,empirical_qrf,0.0,0.0,0.0,,2662215555207871876,2026-01-12 13:58:58.029231
2026-01-12,24693,VAN,MON,30003776,Jiri Patera,goals,rf_qrf_goals,0.3.0,empirical_qrf,0.0,0.0,0.0,,2662215555207871876,2026-01-12 13:58:58.029231
2026-01-12,24693,VAN,MON,30002581,Thatcher Demko,goals,rf_qrf_goals,0.3.0,empirical_qrf,0.0,0.0,0.0,,2662215555207871876,2026-01-12 13:58:58.029231
2026-01-12,24693,VAN,MON,30002587,Marcus Pettersson,goals,rf_qrf_goals,0.3.0,empirical_qrf,0.0,0.0,0.0,,2662215555207871876,2026-01-12 13:58:58.029231
2026-01-12,24693,VAN,MON,30002777,Brock Boeser,goals,rf_qrf_goals,0.3.0,empirical_qrf,0.0,0.0,0.0,,2662215555207871876,2026-01-12 13:58:58.029231
2026-01-12,24693,VAN,MON,30002793,Joseph Labate,goals,rf_qrf_goals,0.3.0,empirical_qrf,0.0,0.0,0.0,,2662215555207871876,2026-01-12 13:58:58.029231
2026-01-12,24693,VAN,MON,30002876,Conor Garland,goals,rf_qrf_goals,0.3.0,empirical_qrf,0.0,0.0,0.0,,2662215555207871876,2026-01-12 13:58:58.029231
2026-01-12,24693,VAN,MON,30003063,Mackenzie MacEachern,goals,rf_qrf_goals,0.3.0,empirical_qrf,0.0,0.0,0.0,,2662215555207871876,2026-01-12 13:58:58.029231
2026-01-12,24694,NJ,MIN,30000070,Dougie Hamilton,goals,rf_qrf_goals,0.3.0,empirical_qrf,0.0,0.0,0.0,,2662215555207871876,2026-01-12 13:58:58.029231
2026-01-12,24694,NJ,MIN,30000210,Colton White,goals,rf_qrf_goals,0.3.0,empirical_qrf,0.0,0.0,0.0,,2662215555207871876,2026-01-12 13:58:58.029231
2026-01-12,24694,NJ,MIN,30000368,Brett Pesce,goals,rf_qrf_goals,0.3.0,empirical_qrf,0.0,0.0,0.0,,2662215555207871876,2026-01-12 13:58:58.029231
2026-01-12,24694,NJ,MIN,30000491,Connor Brown,goals,rf_qrf_goals,0.3.0,empirical_qrf,0.0,0.0,0.0,,2662215555207871876,2026-01-12 13:58:58.029231
2026-01-12,24694,NJ,MIN,30000573,Jacob Markstrom,goals,rf_qrf_goals,0.3.0,empirical_qrf,0.0,0.0,0.0,,2662215555207871876,2026-01-12 13:58:58.029231
2026-01-12,24694,NJ,MIN,30000665,Jake Allen,goals,rf_qrf_goals,0.3.0,empirical_qrf,0.0,0.0,0.0,,2662215555207871876,2026-01-12 13:58:58.029231
2026-01-12,24694,MIN,NJ,30006110,Rasmus Kumpulainen,goals,rf_qrf_goals,0.3.0,empirical_qrf,0.0,0.0,0.0,,2662215555207871876,2026-01-12 13:58:58.029231
2026-01-12,24694,MIN,NJ,30006308,Bradley Marek,goals,rf_qrf_goals,0.3.0,empirical_qrf,0.0,0.0,0.0,,2662215555207871876,2026-01-12 13:58:58.029231
2026-01-12,24694,MIN,NJ,30003167,Boris Katchouk,goals,rf_qrf_goals,0.3.0,empirical_qrf,0.0,0.0,0.0,,2662215555207871876,2026-01-12 13:58:58.029231
2026-01-12,24694,NJ,MIN,30003154,Dennis Cholowski,goals,rf_qrf_goals,0.3.0,empirical_qrf,0.0,0.0,0.0,,2662215555207871876,2026-01-12 13:58:58.029231
2026-01-12,24694,MIN,NJ,30001192,Tyler Pitlick,goals,rf_qrf_goals,0.3.0,empirical_qrf,0.0,0.0,0.0,,2662215555207871876,2026-01-12 13:58:58.029231
2026-01-12,24694,MIN,NJ,30005361,Benjamin Brinkman,goals,rf_qrf_goals,0.3.0,empirical_qrf,0.0,0.0,0.0,,2662215555207871876,2026-01-12 13:58:58.029231
2026-01-12,24694,MIN,NJ,30005612,David Jiricek,goals,rf_qrf_goals,0.3.0,empirical_qrf,0.0,0.0,0.0,,2662215555207871876,2026-01-12 13:58:58.029231
2026-01-12,24694,MIN,NJ,30005627,Danila Yurov,goals,rf_qrf_goals,0.3.0,empirical_qrf,0.0,0.0,0.0,,2662215555207871876,2026-01-12 13:58:58.029231
2026-01-12,24694,MIN,NJ,30005669,Hunter Haight,goals,rf_qrf_goals,0.3.0,empirical_qrf,0.0,0.0,0.0,,2662215555207871876,2026-01-12 13:58:58.029231
2026-01-12,24694,MIN,NJ,30005845,David Spacek,goals,rf_qrf_goals,0.3.0,empirical_qrf,0.0,0.0,0.0,,2662215555207871876,2026-01-12 13:58:58.029231
2026-01-12,24694,MIN,NJ,30006109,Riley Heidt,goals,rf_qrf_goals,0.3.0,empirical_qrf,0.0,0.0,0.0,,2662215555207871876,2026-01-12 13:58:58.029231
2026-01-12,24694,MIN,NJ,30005005,Oskar Olausson,goals,rf_qrf_goals,0.3.0,empirical_qrf,0.0,0.0,0.0,,2662215555207871876,2026-01-12 13:58:58.029231
2026-01-12,24694,MIN,NJ,30005007,Carson Lambos,goals,rf_qrf_goals,0.3.0,empirical_qrf,0.0,0.0,0.0,,2662215555207871876,2026-01-12 13:58:58.029231
2026-01-12,24694,MIN,NJ,30005008,Jesper Wallstedt,goals,rf_qrf_goals,0.3.0,empirical_qrf,0.0,0.0,0.0,,2662215555207871876,2026-01-12 13:58:58.029231
2026-01-12,24694,MIN,NJ,30005094,Cameron Butler,goals,rf_qrf_goals,0.3.0,empirical_qrf,0.0,0.0,0.0,,2662215555207871876,2026-01-12 13:58:58.029231
2026-01-12,24694,MIN,NJ,30005102,Caedan Bankier,goals,rf_qrf_goals,0.3.0,empirical_qrf,0.0,0.0,0.0,,2662215555207871876,2026-01-12 13:58:58.029231
2026-01-12,24694,MIN,NJ,30005274,Louka Henault,goals,rf_qrf_goals,0.3.0,empirical_qrf,0.0,0.0,0.0,,2662215555207871876,2026-01-12 13:58:58.029231
2026-01-12,24694,MIN,NJ,30004417,Nico Sturm,goals,rf_qrf_goals,0.3.0,empirical_qrf,0.0,0.0,0.0,,2662215555207871876,2026-01-12 13:58:58.029231
2026-01-12,24694,MIN,NJ,30004480,Matt Boldy,goals,rf_qrf_goals,0.3.0,empirical_qrf,0.0,0.0,0.0,,2662215555207871876,2026-01-12 13:58:58.029231
2026-01-12,24694,MIN,NJ,30004784,Kirill Kaprizov,goals,rf_qrf_goals,0.3.0,empirical_qrf,0.0,0.0,0.0,,2662215555207871876,2026-01-12 13:58:58.029231
2026-01-12,24694,MIN,NJ,30004835,Brock Faber,goals,rf_qrf_goals,0.3.0,empirical_qrf,0.0,0.0,0.0,,2662215555207871876,2026-01-12 13:58:58.029231
2026-01-12,24694,MIN,NJ,30004847,Daemon Hunt,goals,rf_qrf_goals,0.3.0,empirical_qrf,0.0,0.0,0.0,,2662215555207871876,2026-01-12 13:58:58.029231
2026-01-12,24694,MIN,NJ,30004970,Wyatt Newpower,goals,rf_qrf_goals,0.3.0,empirical_qrf,0.0,0.0,0.0,,2662215555207871876,2026-01-12 13:58:58.029231
2026-01-12,24694,MIN,NJ,30002820,Joel Eriksson Ek,goals,rf_qrf_goals,0.3.0,empirical_qrf,0.0,0.0,0.0,,2662215555207871876,2026-01-12 13:58:58.029231
2026-01-12,24694,MIN,NJ,30003173,Filip Gustavsson,goals,rf_qrf_goals,0.3.0,empirical_qrf,0.0,0.0,0.0,,2662215555207871876,2026-01-12 13:58:58.029231
2026-01-12,24694,MIN,NJ,30003611,Cal Petersen,goals,rf_qrf_goals,0.3.0,empirical_qrf,0.0,0.0,0.0,,2662215555207871876,2026-01-12 13:58:58.029231
2026-01-12,24694,MIN,NJ,30003774,Ben Jones,goals,rf_qrf_goals,0.3.0,empirical_qrf,0.0,0.0,0.0,,2662215555207871876,2026-01-12 13:58:58.029231
2026-01-12,24694,MIN,NJ,30004080,Quinn Hughes,goals,rf_qrf_goals,0.3.0,empirical_qrf,0.0,0.0,0.0,,2662215555207871876,2026-01-12 13:58:58.029231
2026-01-12,24694,MIN,NJ,30004196,Ben Gleason,goals,rf_qrf_goals,0.3.0,empirical_qrf,0.0,0.0,0.0,,2662215555207871876,2026-01-12 13:58:58.029231
2026-01-12,24694,MIN,NJ,30001012,Ryan Hartman,goals,rf_qrf_goals,0.3.0,empirical_qrf,0.0,0.0,0.0,,2662215555207871876,2026-01-12 13:58:58.029231
2026-01-12,24694,MIN,NJ,30001013,Vinnie Hinostroza,goals,rf_qrf_goals,0.3.0,empirical_qrf,0.0,0.0,0.0,,2662215555207871876,2026-01-12 13:58:58.029231
2026-01-12,24694,MIN,NJ,30001087,Mats Zuccarello,goals,rf_qrf_goals,0.3.0,empirical_qrf,0.0,0.0,0.0,,2662215555207871876,2026-01-12 13:58:58.029231
2026-01-12,24694,MIN,NJ,30001309,Marcus Johansson,goals,rf_qrf_goals,0.3.0,empirical_qrf,0.0,0.0,0.0,,2662215555207871876,2026-01-12 13:58:58.029231
2026-01-12,24694,MIN,NJ,30001355,Zach Bogosian,goals,rf_qrf_goals,0.3.0,empirical_qrf,0.0,0.0,0.0,,2662215555207871876,2026-01-12 13:58:58.029231
2026-01-12,24694,MIN,NJ,30002719,Jacob Middleton,goals,rf_qrf_goals,0.3.0,empirical_qrf,0.0,0.0,0.0,,2662215555207871876,2026-01-12 13:58:58.029231
2026-01-12,24694,MIN,NJ,30000257,Yakov Trenin,goals,rf_qrf_goals,0.3.0,empirical_qrf,0.0,0.0,0.0,,2662215555207871876,2026-01-12 13:58:58.029231
2026-01-12,24694,MIN,NJ,30000266,Nicolas Aube-Kubel,goals,rf_qrf_goals,0.3.0,empirical_qrf,0.0,0.0,0.0,,2662215555207871876,2026-01-12 13:58:58.029231
2026-01-12,24694,MIN,NJ,30000499,Marcus Foligno,goals,rf_qrf_goals,0.3.0,empirical_qrf,0.0,0.0,0.0,,2662215555207871876,2026-01-12 13:58:58.029231
2026-01-12,24694,MIN,NJ,30000517,Jared Spurgeon,goals,rf_qrf_goals,0.3.0,empirical_qrf,0.0,0.0,0.0,,2662215555207871876,2026-01-12 13:58:58.029231
2026-01-12,24694,MIN,NJ,30000524,Jonas Brodin,goals,rf_qrf_goals,0.3.0,empirical_qrf,0.0,0.0,0.0,,2662215555207871876,2026-01-12 13:58:58.029231
2026-01-12,24694,MIN,NJ,30000797,Vladimir Tarasenko,goals,rf_qrf_goals,0.3.0,empirical_qrf,0.0,0.0,0.0,,2662215555207871876,2026-01-12 13:58:58.029231
2026-01-12,24694,NJ,MIN,30005466,Arseniy Gritsyuk,goals,rf_qrf_goals,0.3.0,empirical_qrf,0.0,0.0,0.0,,2662215555207871876,2026-01-12 13:58:58.029231
2026-01-12,24694,NJ,MIN,30005561,Marc McLaughlin,goals,rf_qrf_goals,0.3.0,empirical_qrf,0.0,0.0,0.0,,2662215555207871876,2026-01-12 13:58:58.029231
2026-01-12,24694,NJ,MIN,30005569,Brian Halonen,goals,rf_qrf_goals,0.3.0,empirical_qrf,0.0,0.0,0.0,,2662215555207871876,2026-01-12 13:58:58.029231
2026-01-12,24694,NJ,MIN,30005613,Simon Nemec,goals,rf_qrf_goals,0.3.0,empirical_qrf,0.0,0.0,0.0,,2662215555207871876,2026-01-12 13:58:58.029231
2026-01-12,24694,NJ,MIN,30006223,Jeremy Hanzel,goals,rf_qrf_goals,0.3.0,empirical_qrf,0.0,0.0,0.0,,2662215555207871876,2026-01-12 13:58:58.029231
2026-01-12,24694,NJ,MIN,30006356,Matyas Melovsky,goals,rf_qrf_goals,0.3.0,empirical_qrf,0.0,0.0,0.0,,2662215555207871876,2026-01-12 13:58:58.029231
2026-01-12,24694,NJ,MIN,30004549,Nathan Legare,goals,rf_qrf_goals,0.3.0,empirical_qrf,0.0,0.0,0.0,,2662215555207871876,2026-01-12 13:58:58.029231
2026-01-12,24694,NJ,MIN,30004810,Dawson Mercer,goals,rf_qrf_goals,0.3.0,empirical_qrf,0.0,0.0,0.0,,2662215555207871876,2026-01-12 13:58:58.029231
2026-01-12,24694,NJ,MIN,30004827,Thomas Bordeleau,goals,rf_qrf_goals,0.3.0,empirical_qrf,0.0,0.0,0.0,,2662215555207871876,2026-01-12 13:58:58.029231
2026-01-12,24694,NJ,MIN,30004833,Nico Daws,goals,rf_qrf_goals,0.3.0,empirical_qrf,0.0,0.0,0.0,,2662215555207871876,2026-01-12 13:58:58.029231
2026-01-12,24694,NJ,MIN,30004986,Luke Hughes,goals,rf_qrf_goals,0.3.0,empirical_qrf,0.0,0.0,0.0,,2662215555207871876,2026-01-12 13:58:58.029231
2026-01-12,24694,NJ,MIN,30005278,Mikael Diotte,goals,rf_qrf_goals,0.3.0,empirical_qrf,0.0,0.0,0.0,,2662215555207871876,2026-01-12 13:58:58.029231
2026-01-12,24694,NJ,MIN,30003642,Cody Glass,goals,rf_qrf_goals,0.3.0,empirical_qrf,0.0,0.0,0.0,,2662215555207871876,2026-01-12 13:58:58.029231
2026-01-12,24694,NJ,MIN,30003726,Johnathan Kovacevic,goals,rf_qrf_goals,0.3.0,empirical_qrf,0.0,0.0,0.0,,2662215555207871876,2026-01-12 13:58:58.029231
2026-01-12,24694,NJ,MIN,30003983,Austin Strand,goals,rf_qrf_goals,0.3.0,empirical_qrf,0.0,0.0,0.0,,2662215555207871876,2026-01-12 13:58:58.029231
2026-01-12,24694,NJ,MIN,30004112,Calen Addison,goals,rf_qrf_goals,0.3.0,empirical_qrf,0.0,0.0,0.0,,2662215555207871876,2026-01-12 13:58:58.029231
2026-01-12,24694,NJ,MIN,30004384,Paul Cotter,goals,rf_qrf_goals,0.3.0,empirical_qrf,0.0,0.0,0.0,,2662215555207871876,2026-01-12 13:58:58.029231
2026-01-12,24694,NJ,MIN,30004470,Jack Hughes,goals,rf_qrf_goals,0.3.0,empirical_qrf,0.0,0.0,0.0,,2662215555207871876,2026-01-12 13:58:58.029231
2026-01-12,24694,NJ,MIN,30001786,Evgenii Dadonov,goals,rf_qrf_goals,0.3.0,empirical_qrf,0.0,0.0,0.0,,2662215555207871876,2026-01-12 13:58:58.029231
2026-01-12,24694,NJ,MIN,30002609,Juho Lammikko,goals,rf_qrf_goals,0.3.0,empirical_qrf,0.0,0.0,0.0,,2662215555207871876,2026-01-12 13:58:58.029231
2026-01-12,24694,NJ,MIN,30003404,Zack MacEwen,goals,rf_qrf_goals,0.3.0,empirical_qrf,0.0,0.0,0.0,,2662215555207871876,2026-01-12 13:58:58.029231
2026-01-12,24694,NJ,MIN,30003568,Joseph Gambardella,goals,rf_qrf_goals,0.3.0,empirical_qrf,0.0,0.0,0.0,,2662215555207871876,2026-01-12 13:58:58.029231
2026-01-12,24694,NJ,MIN,30003612,Jesper Bratt,goals,rf_qrf_goals,0.3.0,empirical_qrf,0.0,0.0,0.0,,2662215555207871876,2026-01-12 13:58:58.029231
2026-01-12,24694,NJ,MIN,30003639,Nico Hischier,goals,rf_qrf_goals,0.3.0,empirical_qrf,0.0,0.0,0.0,,2662215555207871876,2026-01-12 13:58:58.029231
2026-01-12,24694,NJ,MIN,30000844,Luke Glendening,goals,rf_qrf_goals,0.3.0,empirical_qrf,0.0,0.0,0.0,,2662215555207871876,2026-01-12 13:58:58.029231
2026-01-12,24694,NJ,MIN,30000886,Stefan Noesen,goals,rf_qrf_goals,0.3.0,empirical_qrf,0.0,0.0,0.0,,2662215555207871876,2026-01-12 13:58:58.029231
2026-01-12,24694,NJ,MIN,30001052,Ondrej Palat,goals,rf_qrf_goals,0.3.0,empirical_qrf,0.0,0.0,0.0,,2662215555207871876,2026-01-12 13:58:58.029231
2026-01-12,24694,NJ,MIN,30001108,Jonas Siegenthaler,goals,rf_qrf_goals,0.3.0,empirical_qrf,0.0,0.0,0.0,,2662215555207871876,2026-01-12 13:58:58.029231
2026-01-12,24694,NJ,MIN,30001225,Brenden Dillon,goals,rf_qrf_goals,0.3.0,empirical_qrf,0.0,0.0,0.0,,2662215555207871876,2026-01-12 13:58:58.029231
2026-01-12,24694,NJ,MIN,30001226,Timo Meier,goals,rf_qrf_goals,0.3.0,empirical_qrf,0.0,0.0,0.0,,2662215555207871876,2026-01-12 13:58:58.029231
2026-01-12,24695,EDM,CHI,30000180,Josh Brown,goals,rf_qrf_goals,0.3.0,empirical_qrf,0.0,0.0,0.0,,2662215555207871876,2026-01-12 13:58:58.029231
2026-01-12,24695,EDM,CHI,30000250,Mattias Ekholm,goals,rf_qrf_goals,0.3.0,empirical_qrf,0.0,0.0,0.0,,2662215555207871876,2026-01-12 13:58:58.029231
2026-01-12,24695,EDM,CHI,30000392,Tristan Jarry,goals,rf_qrf_goals,0.3.0,empirical_qrf,0.0,0.0,0.0,,2662215555207871876,2026-01-12 13:58:58.029231
2026-01-12,24695,EDM,CHI,30000440,Zach Hyman,goals,rf_qrf_goals,0.3.0,empirical_qrf,0.0,0.0,0.0,,2662215555207871876,2026-01-12 13:58:58.029231
2026-01-12,24695,EDM,CHI,30000443,Kasperi Kapanen,goals,rf_qrf_goals,0.3.0,empirical_qrf,0.0,0.0,0.0,,2662215555207871876,2026-01-12 13:58:58.029231
2026-01-12,24695,EDM,CHI,30000540,Ryan Nugent-Hopkins,goals,rf_qrf_goals,0.3.0,empirical_qrf,0.0,0.0,0.0,,2662215555207871876,2026-01-12 13:58:58.029231
2026-01-12,24695,EDM,CHI,30005646,Isaac Howard,goals,rf_qrf_goals,0.3.0,empirical_qrf,0.0,0.0,0.0,,2662215555207871876,2026-01-12 13:58:58.029231
2026-01-12,24695,CHI,EDM,30000182,Ryan Ellis,goals,rf_qrf_goals,0.3.0,empirical_qrf,0.0,0.0,0.0,,2662215555207871876,2026-01-12 13:58:58.029231
2026-01-12,24695,CHI,EDM,30005839,Jake Furlong,goals,rf_qrf_goals,0.3.0,empirical_qrf,0.0,0.0,0.0,,2662215555207871876,2026-01-12 13:58:58.029231
2026-01-12,24695,CHI,EDM,30006077,Oliver Moore,goals,rf_qrf_goals,0.3.0,empirical_qrf,0.0,0.0,0.0,,2662215555207871876,2026-01-12 13:58:58.029231
2026-01-12,24695,CHI,EDM,30006105,Martin Misiak,goals,rf_qrf_goals,0.3.0,empirical_qrf,0.0,0.0,0.0,,2662215555207871876,2026-01-12 13:58:58.029231
2026-01-12,24695,CHI,EDM,30006145,Nick Lardis,goals,rf_qrf_goals,0.3.0,empirical_qrf,0.0,0.0,0.0,,2662215555207871876,2026-01-12 13:58:58.029231
2026-01-12,24695,CHI,EDM,30006279,Sahil Panwar,goals,rf_qrf_goals,0.3.0,empirical_qrf,0.0,0.0,0.0,,2662215555207871876,2026-01-12 13:58:58.029231
2026-01-12,24695,CHI,EDM,30006312,Joe Carroll,goals,rf_qrf_goals,0.3.0,empirical_qrf,0.0,0.0,0.0,,2662215555207871876,2026-01-12 13:58:58.029231
2026-01-12,24695,CHI,EDM,30006496,Artyom Levshunov,goals,rf_qrf_goals,0.3.0,empirical_qrf,0.0,0.0,0.0,,2662215555207871876,2026-01-12 13:58:58.029231
2026-01-12,24695,CHI,EDM,30005666,Ryan Greene,goals,rf_qrf_goals,0.3.0,empirical_qrf,0.0,0.0,0.0,,2662215555207871876,2026-01-12 13:58:58.029231
2026-01-12,24695,CHI,EDM,30005718,Samuel Savoie,goals,rf_qrf_goals,0.3.0,empirical_qrf,0.0,0.0,0.0,,2662215555207871876,2026-01-12 13:58:58.029231
2026-01-12,24695,CHI,EDM,30005816,Gavin Hayes,goals,rf_qrf_goals,0.3.0,empirical_qrf,0.0,0.0,0.0,,2662215555207871876,2026-01-12 13:58:58.029231
2026-01-12,24695,CHI,EDM,30005819,Andrew Perrott,goals,rf_qrf_goals,0.3.0,empirical_qrf,0.0,0.0,0.0,,2662215555207871876,2026-01-12 13:58:58.029231
2026-01-12,24695,CHI,EDM,30005820,Mitchell Weeks,goals,rf_qrf_goals,0.3.0,empirical_qrf,0.0,0.0,0.0,,2662215555207871876,2026-01-12 13:58:58.029231
2026-01-12,24695,CHI,EDM,30006064,Connor Bedard,goals,rf_qrf_goals,0.3.0,empirical_qrf,0.0,0.0,0.0,,2662215555207871876,2026-01-12 13:58:58.029231
2026-01-12,24695,CHI,EDM,30005052,Dmitry Kuzmin,goals,rf_qrf_goals,0.3.0,empirical_qrf,0.0,0.0,0.0,,2662215555207871876,2026-01-12 13:58:58.029231
2026-01-12,24695,CHI,EDM,30005131,Ryan Mast,goals,rf_qrf_goals,0.3.0,empirical_qrf,0.0,0.0,0.0,,2662215555207871876,2026-01-12 13:58:58.029231
2026-01-12,24695,CHI,EDM,30005163,Ethan Del Mastro,goals,rf_qrf_goals,0.3.0,empirical_qrf,0.0,0.0,0.0,,2662215555207871876,2026-01-12 13:58:58.029231
2026-01-12,24695,CHI,EDM,30005632,Kevin Korchinski,goals,rf_qrf_goals,0.3.0,empirical_qrf,0.0,0.0,0.0,,2662215555207871876,2026-01-12 13:58:58.029231
2026-01-12,24695,CHI,EDM,30005638,Frank Nazar,goals,rf_qrf_goals,0.3.0,empirical_qrf,0.0,0.0,0.0,,2662215555207871876,2026-01-12 13:58:58.029231
2026-01-12,24695,CHI,EDM,30005665,Paul Ludwinski,goals,rf_qrf_goals,0.3.0,empirical_qrf,0.0,0.0,0.0,,2662215555207871876,2026-01-12 13:58:58.029231
2026-01-12,24695,CHI,EDM,30004830,Drew Commesso,goals,rf_qrf_goals,0.3.0,empirical_qrf,0.0,0.0,0.0,,2662215555207871876,2026-01-12 13:58:58.029231
2026-01-12,24695,CHI,EDM,30004850,Wyatt Kaiser,goals,rf_qrf_goals,0.3.0,empirical_qrf,0.0,0.0,0.0,,2662215555207871876,2026-01-12 13:58:58.029231
2026-01-12,24695,CHI,EDM,30004875,Landon Slaggert,goals,rf_qrf_goals,0.3.0,empirical_qrf,0.0,0.0,0.0,,2662215555207871876,2026-01-12 13:58:58.029231
2026-01-12,24695,CHI,EDM,30004946,Jackson Cates,goals,rf_qrf_goals,0.3.0,empirical_qrf,0.0,0.0,0.0,,2662215555207871876,2026-01-12 13:58:58.029231
2026-01-12,24695,CHI,EDM,30004965,Arvid Soderblom,goals,rf_qrf_goals,0.3.0,empirical_qrf,0.0,0.0,0.0,,2662215555207871876,2026-01-12 13:58:58.029231
2026-01-12,24695,CHI,EDM,30005032,Colton Dach,goals,rf_qrf_goals,0.3.0,empirical_qrf,0.0,0.0,0.0,,2662215555207871876,2026-01-12 13:58:58.029231
2026-01-12,24695,CHI,EDM,30003996,Sam Lafferty,goals,rf_qrf_goals,0.3.0,empirical_qrf,0.0,0.0,0.0,,2662215555207871876,2026-01-12 13:58:58.029231
2026-01-12,24695,CHI,EDM,30004000,Brett Seney,goals,rf_qrf_goals,0.3.0,empirical_qrf,0.0,0.0,0.0,,2662215555207871876,2026-01-12 13:58:58.029231
2026-01-12,24695,CHI,EDM,30004442,Ilya Mikheyev,goals,rf_qrf_goals,0.3.0,empirical_qrf,0.0,0.0,0.0,,2662215555207871876,2026-01-12 13:58:58.029231
2026-01-12,24695,CHI,EDM,30004494,Spencer Knight,goals,rf_qrf_goals,0.3.0,empirical_qrf,0.0,0.0,0.0,,2662215555207871876,2026-01-12 13:58:58.029231
2026-01-12,24695,CHI,EDM,30004507,Alex Vlasic,goals,rf_qrf_goals,0.3.0,empirical_qrf,0.0,0.0,0.0,,2662215555207871876,2026-01-12 13:58:58.029231
2026-01-12,24695,CHI,EDM,30004650,Louis Crevier,goals,rf_qrf_goals,0.3.0,empirical_qrf,0.0,0.0,0.0,,2662215555207871876,2026-01-12 13:58:58.029231
2026-01-12,24695,CHI,EDM,30002212,Cavan Fitzgerald,goals,rf_qrf_goals,0.3.0,empirical_qrf,0.0,0.0,0.0,,2662215555207871876,2026-01-12 13:58:58.029231
2026-01-12,24695,CHI,EDM,30002539,Matt Grzelcyk,goals,rf_qrf_goals,0.3.0,empirical_qrf,0.0,0.0,0.0,,2662215555207871876,2026-01-12 13:58:58.029231
2026-01-12,24695,CHI,EDM,30002588,Ryan Donato,goals,rf_qrf_goals,0.3.0,empirical_qrf,0.0,0.0,0.0,,2662215555207871876,2026-01-12 13:58:58.029231
2026-01-12,24695,CHI,EDM,30003209,Joey Anderson,goals,rf_qrf_goals,0.3.0,empirical_qrf,0.0,0.0,0.0,,2662215555207871876,2026-01-12 13:58:58.029231
2026-01-12,24695,CHI,EDM,30003558,Josh Healey,goals,rf_qrf_goals,0.3.0,empirical_qrf,0.0,0.0,0.0,,2662215555207871876,2026-01-12 13:58:58.029231
2026-01-12,24695,CHI,EDM,30003751,Dominic Toninato,goals,rf_qrf_goals,0.3.0,empirical_qrf,0.0,0.0,0.0,,2662215555207871876,2026-01-12 13:58:58.029231
2026-01-12,24695,CHI,EDM,30000691,Nick Foligno,goals,rf_qrf_goals,0.3.0,empirical_qrf,0.0,0.0,0.0,,2662215555207871876,2026-01-12 13:58:58.029231
2026-01-12,24695,CHI,EDM,30000748,Jason Dickinson,goals,rf_qrf_goals,0.3.0,empirical_qrf,0.0,0.0,0.0,,2662215555207871876,2026-01-12 13:58:58.029231
2026-01-12,24695,CHI,EDM,30000842,Tyler Bertuzzi,goals,rf_qrf_goals,0.3.0,empirical_qrf,0.0,0.0,0.0,,2662215555207871876,2026-01-12 13:58:58.029231
2026-01-12,24695,CHI,EDM,30000871,Teuvo Teravainen,goals,rf_qrf_goals,0.3.0,empirical_qrf,0.0,0.0,0.0,,2662215555207871876,2026-01-12 13:58:58.029231
2026-01-12,24695,CHI,EDM,30001060,Shea Weber,goals,rf_qrf_goals,0.3.0,empirical_qrf,0.0,0.0,0.0,,2662215555207871876,2026-01-12 13:58:58.029231
2026-01-12,24695,CHI,EDM,30001219,Connor Murphy,goals,rf_qrf_goals,0.3.0,empirical_qrf,0.0,0.0,0.0,,2662215555207871876,2026-01-12 13:58:58.029231
2026-01-12,24695,EDM,CHI,30005931,Brady Stonehouse,goals,rf_qrf_goals,0.3.0,empirical_qrf,0.0,0.0,0.0,,2662215555207871876,2026-01-12 13:58:58.029231
2026-01-12,24695,EDM,CHI,30006112,Beau Akey,goals,rf_qrf_goals,0.3.0,empirical_qrf,0.0,0.0,0.0,,2662215555207871876,2026-01-12 13:58:58.029231
2026-01-12,24695,EDM,CHI,30006225,Nathaniel Day,goals,rf_qrf_goals,0.3.0,empirical_qrf,0.0,0.0,0.0,,2662215555207871876,2026-01-12 13:58:58.029231
2026-01-12,24695,EDM,CHI,30006327,Matt Brown,goals,rf_qrf_goals,0.3.0,empirical_qrf,0.0,0.0,0.0,,2662215555207871876,2026-01-12 13:58:58.029231
2026-01-12,24695,EDM,CHI,30006393,Connor Clattenburg,goals,rf_qrf_goals,0.3.0,empirical_qrf,0.0,0.0,0.0,,2662215555207871876,2026-01-12 13:58:58.029231
2026-01-12,24695,CHI,EDM,30000585,Andre Burakovsky,goals,rf_qrf_goals,0.3.0,empirical_qrf,0.0,0.0,0.0,,2662215555207871876,2026-01-12 13:58:58.029231
2026-01-12,24695,EDM,CHI,30004871,Luke Prokop,goals,rf_qrf_goals,0.3.0,empirical_qrf,0.0,0.0,0.0,,2662215555207871876,2026-01-12 13:58:58.029231
2026-01-12,24695,EDM,CHI,30005174,Matvey Petrov,goals,rf_qrf_goals,0.3.0,empirical_qrf,0.0,0.0,0.0,,2662215555207871876,2026-01-12 13:58:58.029231
2026-01-12,24695,EDM,CHI,30005177,James Hamblin,goals,rf_qrf_goals,0.3.0,empirical_qrf,0.0,0.0,0.0,,2662215555207871876,2026-01-12 13:58:58.029231
2026-01-12,24695,EDM,CHI,30005185,Jayden Grubbe,goals,rf_qrf_goals,0.3.0,empirical_qrf,0.0,0.0,0.0,,2662215555207871876,2026-01-12 13:58:58.029231
2026-01-12,24695,EDM,CHI,30005633,Matt Savoie,goals,rf_qrf_goals,0.3.0,empirical_qrf,0.0,0.0,0.0,,2662215555207871876,2026-01-12 13:58:58.029231
2026-01-12,24695,EDM,CHI,30005731,Mats Lindgren,goals,rf_qrf_goals,0.3.0,empirical_qrf,0.0,0.0,0.0,,2662215555207871876,2026-01-12 13:58:58.029231
2026-01-12,24695,EDM,CHI,30004156,Alec Regula,goals,rf_qrf_goals,0.3.0,empirical_qrf,0.0,0.0,0.0,,2662215555207871876,2026-01-12 13:58:58.029231
2026-01-12,24695,EDM,CHI,30004165,Ty Emberson,goals,rf_qrf_goals,0.3.0,empirical_qrf,0.0,0.0,0.0,,2662215555207871876,2026-01-12 13:58:58.029231
2026-01-12,24695,EDM,CHI,30004370,Spencer Stastney,goals,rf_qrf_goals,0.3.0,empirical_qrf,0.0,0.0,0.0,,2662215555207871876,2026-01-12 13:58:58.029231
2026-01-12,24695,EDM,CHI,30004476,Vasily Podkolzin,goals,rf_qrf_goals,0.3.0,empirical_qrf,0.0,0.0,0.0,,2662215555207871876,2026-01-12 13:58:58.029231
2026-01-12,24695,EDM,CHI,30004490,Sam Poulin,goals,rf_qrf_goals,0.3.0,empirical_qrf,0.0,0.0,0.0,,2662215555207871876,2026-01-12 13:58:58.029231
2026-01-12,24695,EDM,CHI,30004625,Mason Millman,goals,rf_qrf_goals,0.3.0,empirical_qrf,0.0,0.0,0.0,,2662215555207871876,2026-01-12 13:58:58.029231
2026-01-12,24695,EDM,CHI,30003142,Max Jones,goals,rf_qrf_goals,0.3.0,empirical_qrf,0.0,0.0,0.0,,2662215555207871876,2026-01-12 13:58:58.029231
2026-01-12,24695,EDM,CHI,30003157,Trent Frederic,goals,rf_qrf_goals,0.3.0,empirical_qrf,0.0,0.0,0.0,,2662215555207871876,2026-01-12 13:58:58.029231
2026-01-12,24695,EDM,CHI,30003211,Rem Pitlick,goals,rf_qrf_goals,0.3.0,empirical_qrf,0.0,0.0,0.0,,2662215555207871876,2026-01-12 13:58:58.029231
2026-01-12,24695,EDM,CHI,30003345,Riley Stillman,goals,rf_qrf_goals,0.3.0,empirical_qrf,0.0,0.0,0.0,,2662215555207871876,2026-01-12 13:58:58.029231
2026-01-12,24695,EDM,CHI,30003770,Matt Tomkins,goals,rf_qrf_goals,0.3.0,empirical_qrf,0.0,0.0,0.0,,2662215555207871876,2026-01-12 13:58:58.029231
2026-01-12,24695,EDM,CHI,30004081,Evan Bouchard,goals,rf_qrf_goals,0.3.0,empirical_qrf,0.0,0.0,0.0,,2662215555207871876,2026-01-12 13:58:58.029231
2026-01-12,24695,EDM,CHI,30001304,Calvin Pickard,goals,rf_qrf_goals,0.3.0,empirical_qrf,0.0,0.0,0.0,,2662215555207871876,2026-01-12 13:58:58.029231
2026-01-12,24695,EDM,CHI,30001368,Seth Griffith,goals,rf_qrf_goals,0.3.0,empirical_qrf,0.0,0.0,0.0,,2662215555207871876,2026-01-12 13:58:58.029231
2026-01-12,24695,EDM,CHI,30002218,Andrew Mangiapane,goals,rf_qrf_goals,0.3.0,empirical_qrf,0.0,0.0,0.0,,2662215555207871876,2026-01-12 13:58:58.029231
2026-01-12,24695,EDM,CHI,30002623,Jake Walman,goals,rf_qrf_goals,0.3.0,empirical_qrf,0.0,0.0,0.0,,2662215555207871876,2026-01-12 13:58:58.029231
2026-01-12,24695,EDM,CHI,30002787,Connor Ingram,goals,rf_qrf_goals,0.3.0,empirical_qrf,0.0,0.0,0.0,,2662215555207871876,2026-01-12 13:58:58.029231
2026-01-12,24695,EDM,CHI,30002824,Jack Roslovic,goals,rf_qrf_goals,0.3.0,empirical_qrf,0.0,0.0,0.0,,2662215555207871876,2026-01-12 13:58:58.029231
2026-01-12,24695,EDM,CHI,30000549,Darnell Nurse,goals,rf_qrf_goals,0.3.0,empirical_qrf,0.0,0.0,0.0,,2662215555207871876,2026-01-12 13:58:58.029231
2026-01-12,24695,EDM,CHI,30000752,Mattias Janmark,goals,rf_qrf_goals,0.3.0,empirical_qrf,0.0,0.0,0.0,,2662215555207871876,2026-01-12 13:58:58.029231
2026-01-12,24695,EDM,CHI,30000965,Curtis Lazar,goals,rf_qrf_goals,0.3.0,empirical_qrf,0.0,0.0,0.0,,2662215555207871876,2026-01-12 13:58:58.029231
2026-01-12,24695,EDM,CHI,30000987,Adam Henrique,goals,rf_qrf_goals,0.3.0,empirical_qrf,0.0,0.0,0.0,,2662215555207871876,2026-01-12 13:58:58.029231
2026-01-12,24695,EDM,CHI,30001076,Leon Draisaitl,goals,rf_qrf_goals,0.3.0,empirical_qrf,0.0,0.0,0.0,,2662215555207871876,2026-01-12 13:58:58.029231
2026-01-12,24695,EDM,CHI,30001233,Connor McDavid,goals,rf_qrf_goals,0.3.0,empirical_qrf,0.0,0.0,0.0,,2662215555207871876,2026-01-12 13:58:58.029231
2026-01-12,24689,TB,PHI,30000428,Oliver Bjorkstrand,assists,rf_qrf_assists,0.3.0,empirical_qrf,0.0,0.0,0.0,,2662215555207871876,2026-01-12 13:58:58.762344
2026-01-12,24689,TB,PHI,30000477,Nick Paul,assists,rf_qrf_assists,0.3.0,empirical_qrf,0.0,0.0,0.0,,2662215555207871876,2026-01-12 13:58:58.762344
2026-01-12,24689,TB,PHI,30000502,Zemgus Girgensons,assists,rf_qrf_assists,0.3.0,empirical_qrf,0.0,0.0,0.0,,2662215555207871876,2026-01-12 13:58:58.762344
2026-01-12,24689,TB,PHI,30000737,Victor Hedman,assists,rf_qrf_assists,0.3.0,empirical_qrf,0.0,0.0,0.0,,2662215555207871876,2026-01-12 13:58:58.762344
2026-01-12,24689,TB,PHI,30000742,Brayden Point,assists,rf_qrf_assists,0.3.0,empirical_qrf,0.0,0.0,0.0,,2662215555207871876,2026-01-12 13:58:58.762344
2026-01-12,24689,TB,PHI,30001047,Nikita Kucherov,assists,rf_qrf_assists,0.3.0,empirical_qrf,0.0,0.0,0.0,,2662215555207871876,2026-01-12 13:58:58.762344
2026-01-12,24689,PHI,TB,30004144,Adam Ginning,assists,rf_qrf_assists,0.3.0,empirical_qrf,0.0,0.0,0.0,,2662215555207871876,2026-01-12 13:58:58.762344
2026-01-12,24689,PHI,TB,30006061,Matvei Michkov,assists,rf_qrf_assists,0.3.0,empirical_qrf,0.0,0.0,0.0,,2662215555207871876,2026-01-12 13:58:58.762344
2026-01-12,24689,PHI,TB,30006075,Oliver Bonk,assists,rf_qrf_assists,0.3.0,empirical_qrf,0.0,0.0,0.0,,2662215555207871876,2026-01-12 13:58:58.762344
2026-01-12,24689,PHI,TB,30006100,Carson Bjarnason,assists,rf_qrf_assists,0.3.0,empirical_qrf,0.0,0.0,0.0,,2662215555207871876,2026-01-12 13:58:58.762344
2026-01-12,24689,PHI,TB,30006135,Denver Barkey,assists,rf_qrf_assists,0.3.0,empirical_qrf,0.0,0.0,0.0,,2662215555207871876,2026-01-12 13:58:58.762344
2026-01-12,24689,TB,PHI,30005698,Michael Milne,assists,rf_qrf_assists,0.3.0,empirical_qrf,0.0,0.0,0.0,,2662215555207871876,2026-01-12 13:58:58.762344
2026-01-12,24689,PHI,TB,30004488,Philip Tomasino,assists,rf_qrf_assists,0.3.0,empirical_qrf,0.0,0.0,0.0,,2662215555207871876,2026-01-12 13:58:58.762344
2026-01-12,24689,PHI,TB,30005345,Roman Schmidt,assists,rf_qrf_assists,0.3.0,empirical_qrf,0.0,0.0,0.0,,2662215555207871876,2026-01-12 13:58:58.762344
2026-01-12,24689,PHI,TB,30005397,Noah Cates,assists,rf_qrf_assists,0.3.0,empirical_qrf,0.0,0.0,0.0,,2662215555207871876,2026-01-12 13:58:58.762344
2026-01-12,24689,PHI,TB,30005401,Aleksei Kolosov,assists,rf_qrf_assists,0.3.0,empirical_qrf,0.0,0.0,0.0,,2662215555207871876,2026-01-12 13:58:58.762344
2026-01-12,24689,PHI,TB,30005756,Tucker Robertson,assists,rf_qrf_assists,0.3.0,empirical_qrf,0.0,0.0,0.0,,2662215555207871876,2026-01-12 13:58:58.762344
2026-01-12,24689,PHI,TB,30005958,Nikita Grebenkin,assists,rf_qrf_assists,0.3.0,empirical_qrf,0.0,0.0,0.0,,2662215555207871876,2026-01-12 13:58:58.762344
2026-01-12,24689,PHI,TB,30006045,Yaniv Perets,assists,rf_qrf_assists,0.3.0,empirical_qrf,0.0,0.0,0.0,,2662215555207871876,2026-01-12 13:58:58.762344
2026-01-12,24689,PHI,TB,30004800,Jamie Drysdale,assists,rf_qrf_assists,0.3.0,empirical_qrf,0.0,0.0,0.0,,2662215555207871876,2026-01-12 13:58:58.762344
2026-01-12,24689,PHI,TB,30004801,Tyson Foerster,assists,rf_qrf_assists,0.3.0,empirical_qrf,0.0,0.0,0.0,,2662215555207871876,2026-01-12 13:58:58.762344
2026-01-12,24689,PHI,TB,30004824,Emil Andrae,assists,rf_qrf_assists,0.3.0,empirical_qrf,0.0,0.0,0.0,,2662215555207871876,2026-01-12 13:58:58.762344
2026-01-12,24689,PHI,TB,30004839,Helge Grans,assists,rf_qrf_assists,0.3.0,empirical_qrf,0.0,0.0,0.0,,2662215555207871876,2026-01-12 13:58:58.762344
2026-01-12,24689,PHI,TB,30005234,Vincent Sevigny,assists,rf_qrf_assists,0.3.0,empirical_qrf,0.0,0.0,0.0,,2662215555207871876,2026-01-12 13:58:58.762344
2026-01-12,24689,PHI,TB,30005293,Artem Guryev,assists,rf_qrf_assists,0.3.0,empirical_qrf,0.0,0.0,0.0,,2662215555207871876,2026-01-12 13:58:58.762344
2026-01-12,24689,PHI,TB,30004002,Cooper Marody,assists,rf_qrf_assists,0.3.0,empirical_qrf,0.0,0.0,0.0,,2662215555207871876,2026-01-12 13:58:58.762344
2026-01-12,24689,PHI,TB,30004154,Xavier Bernard,assists,rf_qrf_assists,0.3.0,empirical_qrf,0.0,0.0,0.0,,2662215555207871876,2026-01-12 13:58:58.762344
2026-01-12,24689,PHI,TB,30004406,Samuel Ersson,assists,rf_qrf_assists,0.3.0,empirical_qrf,0.0,0.0,0.0,,2662215555207871876,2026-01-12 13:58:58.762344
2026-01-12,24689,PHI,TB,30004481,Trevor Zegras,assists,rf_qrf_assists,0.3.0,empirical_qrf,0.0,0.0,0.0,,2662215555207871876,2026-01-12 13:58:58.762344
2026-01-12,24689,PHI,TB,30004484,Cam York,assists,rf_qrf_assists,0.3.0,empirical_qrf,0.0,0.0,0.0,,2662215555207871876,2026-01-12 13:58:58.762344
2026-01-12,24689,PHI,TB,30004508,Bobby Brink,assists,rf_qrf_assists,0.3.0,empirical_qrf,0.0,0.0,0.0,,2662215555207871876,2026-01-12 13:58:58.762344
2026-01-12,24689,PHI,TB,30003016,Nick Seeler,assists,rf_qrf_assists,0.3.0,empirical_qrf,0.0,0.0,0.0,,2662215555207871876,2026-01-12 13:58:58.762344
2026-01-12,24689,PHI,TB,30003171,Carl Grundstrom,assists,rf_qrf_assists,0.3.0,empirical_qrf,0.0,0.0,0.0,,2662215555207871876,2026-01-12 13:58:58.762344
2026-01-12,24689,PHI,TB,30003283,Lane Pederson,assists,rf_qrf_assists,0.3.0,empirical_qrf,0.0,0.0,0.0,,2662215555207871876,2026-01-12 13:58:58.762344
2026-01-12,24689,PHI,TB,30003500,Rodrigo Abols,assists,rf_qrf_assists,0.3.0,empirical_qrf,0.0,0.0,0.0,,2662215555207871876,2026-01-12 13:58:58.762344
2026-01-12,24689,PHI,TB,30003653,Owen Tippett,assists,rf_qrf_assists,0.3.0,empirical_qrf,0.0,0.0,0.0,,2662215555207871876,2026-01-12 13:58:58.762344
2026-01-12,24689,PHI,TB,30003733,Keith Petruzzelli,assists,rf_qrf_assists,0.3.0,empirical_qrf,0.0,0.0,0.0,,2662215555207871876,2026-01-12 13:58:58.762344
2026-01-12,24689,PHI,TB,30000942,Christian Dvorak,assists,rf_qrf_assists,0.3.0,empirical_qrf,0.0,0.0,0.0,,2662215555207871876,2026-01-12 13:58:58.762344
2026-01-12,24689,PHI,TB,30001201,Garnet Hathaway,assists,rf_qrf_assists,0.3.0,empirical_qrf,0.0,0.0,0.0,,2662215555207871876,2026-01-12 13:58:58.762344
2026-01-12,24689,PHI,TB,30001294,Rasmus Ristolainen,assists,rf_qrf_assists,0.3.0,empirical_qrf,0.0,0.0,0.0,,2662215555207871876,2026-01-12 13:58:58.762344
2026-01-12,24689,PHI,TB,30001312,Noah Juulsen,assists,rf_qrf_assists,0.3.0,empirical_qrf,0.0,0.0,0.0,,2662215555207871876,2026-01-12 13:58:58.762344
2026-01-12,24689,PHI,TB,30002786,Dan Vladar,assists,rf_qrf_assists,0.3.0,empirical_qrf,0.0,0.0,0.0,,2662215555207871876,2026-01-12 13:58:58.762344
2026-01-12,24689,PHI,TB,30002979,Anthony Richard,assists,rf_qrf_assists,0.3.0,empirical_qrf,0.0,0.0,0.0,,2662215555207871876,2026-01-12 13:58:58.762344
2026-01-12,24689,TB,PHI,30006329,Brendan Furry,assists,rf_qrf_assists,0.3.0,empirical_qrf,0.0,0.0,0.0,,2662215555207871876,2026-01-12 13:58:58.762344
2026-01-12,24689,PHI,TB,30000050,Sean Couturier,assists,rf_qrf_assists,0.3.0,empirical_qrf,0.0,0.0,0.0,,2662215555207871876,2026-01-12 13:58:58.762344
2026-01-12,24689,PHI,TB,30000234,Garrett Wilson,assists,rf_qrf_assists,0.3.0,empirical_qrf,0.0,0.0,0.0,,2662215555207871876,2026-01-12 13:58:58.762344
2026-01-12,24689,PHI,TB,30000349,Travis Konecny,assists,rf_qrf_assists,0.3.0,empirical_qrf,0.0,0.0,0.0,,2662215555207871876,2026-01-12 13:58:58.762344
2026-01-12,24689,PHI,TB,30000501,Nicolas Deslauriers,assists,rf_qrf_assists,0.3.0,empirical_qrf,0.0,0.0,0.0,,2662215555207871876,2026-01-12 13:58:58.762344
2026-01-12,24689,PHI,TB,30000624,Travis Sanheim,assists,rf_qrf_assists,0.3.0,empirical_qrf,0.0,0.0,0.0,,2662215555207871876,2026-01-12 13:58:58.762344
2026-01-12,24689,TB,PHI,30005768,Tommy Miller,assists,rf_qrf_assists,0.3.0,empirical_qrf,0.0,0.0,0.0,,2662215555207871876,2026-01-12 13:58:58.762344
2026-01-12,24689,TB,PHI,30005920,Dominic James,assists,rf_qrf_assists,0.3.0,empirical_qrf,0.0,0.0,0.0,,2662215555207871876,2026-01-12 13:58:58.762344
2026-01-12,24689,TB,PHI,30006012,Daniel Walker,assists,rf_qrf_assists,0.3.0,empirical_qrf,0.0,0.0,0.0,,2662215555207871876,2026-01-12 13:58:58.762344
2026-01-12,24689,TB,PHI,30006096,Ethan Gauthier,assists,rf_qrf_assists,0.3.0,empirical_qrf,0.0,0.0,0.0,,2662215555207871876,2026-01-12 13:58:58.762344
2026-01-12,24689,TB,PHI,30006311,Tristan Allard,assists,rf_qrf_assists,0.3.0,empirical_qrf,0.0,0.0,0.0,,2662215555207871876,2026-01-12 13:58:58.762344
2026-01-12,24689,TB,PHI,30006313,Gabriel Szturc,assists,rf_qrf_assists,0.3.0,empirical_qrf,0.0,0.0,0.0,,2662215555207871876,2026-01-12 13:58:58.762344
2026-01-12,24689,TB,PHI,30005044,J.J. Moser,assists,rf_qrf_assists,0.3.0,empirical_qrf,0.0,0.0,0.0,,2662215555207871876,2026-01-12 13:58:58.762344
2026-01-12,24689,TB,PHI,30005054,Matteo Pietroniro,assists,rf_qrf_assists,0.3.0,empirical_qrf,0.0,0.0,0.0,,2662215555207871876,2026-01-12 13:58:58.762344
2026-01-12,24689,TB,PHI,30005366,Emil Lilleberg,assists,rf_qrf_assists,0.3.0,empirical_qrf,0.0,0.0,0.0,,2662215555207871876,2026-01-12 13:58:58.762344
2026-01-12,24689,TB,PHI,30005421,Maxwell Crozier,assists,rf_qrf_assists,0.3.0,empirical_qrf,0.0,0.0,0.0,,2662215555207871876,2026-01-12 13:58:58.762344
2026-01-12,24689,TB,PHI,30005562,Declan Carlile,assists,rf_qrf_assists,0.3.0,empirical_qrf,0.0,0.0,0.0,,2662215555207871876,2026-01-12 13:58:58.762344
2026-01-12,24689,TB,PHI,30005740,Dyllan Gill,assists,rf_qrf_assists,0.3.0,empirical_qrf,0.0,0.0,0.0,,2662215555207871876,2026-01-12 13:58:58.762344
2026-01-12,24689,TB,PHI,30004631,Charle-Edouard D'Astous,assists,rf_qrf_assists,0.3.0,empirical_qrf,0.0,0.0,0.0,,2662215555207871876,2026-01-12 13:58:58.762344
2026-01-12,24689,TB,PHI,30004754,Mitchell Chaffee,assists,rf_qrf_assists,0.3.0,empirical_qrf,0.0,0.0,0.0,,2662215555207871876,2026-01-12 13:58:58.762344
2026-01-12,24689,TB,PHI,30004836,Jack Finley,assists,rf_qrf_assists,0.3.0,empirical_qrf,0.0,0.0,0.0,,2662215555207871876,2026-01-12 13:58:58.762344
2026-01-12,24689,TB,PHI,30004838,Gage Goncalves,assists,rf_qrf_assists,0.3.0,empirical_qrf,0.0,0.0,0.0,,2662215555207871876,2026-01-12 13:58:58.762344
2026-01-12,24689,TB,PHI,30004840,Maxim Groshev,assists,rf_qrf_assists,0.3.0,empirical_qrf,0.0,0.0,0.0,,2662215555207871876,2026-01-12 13:58:58.762344
2026-01-12,24689,TB,PHI,30004974,Pontus Holmberg,assists,rf_qrf_assists,0.3.0,empirical_qrf,0.0,0.0,0.0,,2662215555207871876,2026-01-12 13:58:58.762344
2026-01-12,24689,TB,PHI,30003478,Darren Raddysh,assists,rf_qrf_assists,0.3.0,empirical_qrf,0.0,0.0,0.0,,2662215555207871876,2026-01-12 13:58:58.762344
2026-01-12,24689,TB,PHI,30004182,Curtis Douglas,assists,rf_qrf_assists,0.3.0,empirical_qrf,0.0,0.0,0.0,,2662215555207871876,2026-01-12 13:58:58.762344
2026-01-12,24689,TB,PHI,30004280,Joel Teasdale,assists,rf_qrf_assists,0.3.0,empirical_qrf,0.0,0.0,0.0,,2662215555207871876,2026-01-12 13:58:58.762344
2026-01-12,24689,TB,PHI,30004487,Jakob Pelletier,assists,rf_qrf_assists,0.3.0,empirical_qrf,0.0,0.0,0.0,,2662215555207871876,2026-01-12 13:58:58.762344
2026-01-12,24689,TB,PHI,30004540,Reece Newkirk,assists,rf_qrf_assists,0.3.0,empirical_qrf,0.0,0.0,0.0,,2662215555207871876,2026-01-12 13:58:58.762344
2026-01-12,24689,TB,PHI,30004567,Simon Lundmark,assists,rf_qrf_assists,0.3.0,empirical_qrf,0.0,0.0,0.0,,2662215555207871876,2026-01-12 13:58:58.762344
2026-01-12,24689,TB,PHI,30002604,Brandon Halverson,assists,rf_qrf_assists,0.3.0,empirical_qrf,0.0,0.0,0.0,,2662215555207871876,2026-01-12 13:58:58.762344
2026-01-12,24689,TB,PHI,30002606,Jonas Johansson,assists,rf_qrf_assists,0.3.0,empirical_qrf,0.0,0.0,0.0,,2662215555207871876,2026-01-12 13:58:58.762344
2026-01-12,24689,TB,PHI,30002821,Erik Cernak,assists,rf_qrf_assists,0.3.0,empirical_qrf,0.0,0.0,0.0,,2662215555207871876,2026-01-12 13:58:58.762344
2026-01-12,24689,TB,PHI,30002845,Anthony Cirelli,assists,rf_qrf_assists,0.3.0,empirical_qrf,0.0,0.0,0.0,,2662215555207871876,2026-01-12 13:58:58.762344
2026-01-12,24689,TB,PHI,30002974,Kale Kessy,assists,rf_qrf_assists,0.3.0,empirical_qrf,0.0,0.0,0.0,,2662215555207871876,2026-01-12 13:58:58.762344
2026-01-12,24689,TB,PHI,30003250,Brandon Hagel,assists,rf_qrf_assists,0.3.0,empirical_qrf,0.0,0.0,0.0,,2662215555207871876,2026-01-12 13:58:58.762344
2026-01-12,24689,TB,PHI,30001084,Ryan McDonagh,assists,rf_qrf_assists,0.3.0,empirical_qrf,0.0,0.0,0.0,,2662215555207871876,2026-01-12 13:58:58.762344
2026-01-12,24689,TB,PHI,30001178,Yanni Gourde,assists,rf_qrf_assists,0.3.0,empirical_qrf,0.0,0.0,0.0,,2662215555207871876,2026-01-12 13:58:58.762344
2026-01-12,24689,TB,PHI,30001377,Andrei Vasilevskiy,assists,rf_qrf_assists,0.3.0,empirical_qrf,0.0,0.0,0.0,,2662215555207871876,2026-01-12 13:58:58.762344
2026-01-12,24689,TB,PHI,30002516,Steven Santini,assists,rf_qrf_assists,0.3.0,empirical_qrf,0.0,0.0,0.0,,2662215555207871876,2026-01-12 13:58:58.762344
2026-01-12,24689,TB,PHI,30002532,Jake Guentzel,assists,rf_qrf_assists,0.3.0,empirical_qrf,0.0,0.0,0.0,,2662215555207871876,2026-01-12 13:58:58.762344
2026-01-12,24689,TB,PHI,30002549,Scott Sabourin,assists,rf_qrf_assists,0.3.0,empirical_qrf,0.0,0.0,0.0,,2662215555207871876,2026-01-12 13:58:58.762344
2026-01-12,24690,SEA,NYR,30000303,Adam Larsson,assists,rf_qrf_assists,0.3.0,empirical_qrf,0.0,0.0,0.0,,2662215555207871876,2026-01-12 13:58:58.762344
2026-01-12,24690,SEA,NYR,30000460,Max McCormick,assists,rf_qrf_assists,0.3.0,empirical_qrf,0.0,0.0,0.0,,2662215555207871876,2026-01-12 13:58:58.762344
2026-01-12,24690,SEA,NYR,30000539,Jordan Eberle,assists,rf_qrf_assists,0.3.0,empirical_qrf,0.0,0.0,0.0,,2662215555207871876,2026-01-12 13:58:58.762344
2026-01-12,24690,SEA,NYR,30000577,Philipp Grubauer,assists,rf_qrf_assists,0.3.0,empirical_qrf,0.0,0.0,0.0,,2662215555207871876,2026-01-12 13:58:58.762344
2026-01-12,24690,SEA,NYR,30000596,Chandler Stephenson,assists,rf_qrf_assists,0.3.0,empirical_qrf,0.0,0.0,0.0,,2662215555207871876,2026-01-12 13:58:58.762344
2026-01-12,24690,SEA,NYR,30000629,Matt Murray,assists,rf_qrf_assists,0.3.0,empirical_qrf,0.0,0.0,0.0,,2662215555207871876,2026-01-12 13:58:58.762344
2026-01-12,24690,NYR,SEA,30006331,Brett Budgell,assists,rf_qrf_assists,0.3.0,empirical_qrf,0.0,0.0,0.0,,2662215555207871876,2026-01-12 13:58:58.762344
2026-01-12,24690,NYR,SEA,30000599,Anton Blidh,assists,rf_qrf_assists,0.3.0,empirical_qrf,0.0,0.0,0.0,,2662215555207871876,2026-01-12 13:58:58.762344
2026-01-12,24690,NYR,SEA,30001251,Justin Dowling,assists,rf_qrf_assists,0.3.0,empirical_qrf,0.0,0.0,0.0,,2662215555207871876,2026-01-12 13:58:58.762344
2026-01-12,24690,SEA,NYR,30006120,Oscar Fisker Molgaard,assists,rf_qrf_assists,0.3.0,empirical_qrf,0.0,0.0,0.0,,2662215555207871876,2026-01-12 13:58:58.762344
2026-01-12,24690,NYR,SEA,30005662,Adam Sykora,assists,rf_qrf_assists,0.3.0,empirical_qrf,0.0,0.0,0.0,,2662215555207871876,2026-01-12 13:58:58.762344
2026-01-12,24690,NYR,SEA,30005686,Bryce McConnell-Barker,assists,rf_qrf_assists,0.3.0,empirical_qrf,0.0,0.0,0.0,,2662215555207871876,2026-01-12 13:58:58.762344
2026-01-12,24690,NYR,SEA,30005883,Noah Laba,assists,rf_qrf_assists,0.3.0,empirical_qrf,0.0,0.0,0.0,,2662215555207871876,2026-01-12 13:58:58.762344
2026-01-12,24690,NYR,SEA,30006074,Gabe Perreault,assists,rf_qrf_assists,0.3.0,empirical_qrf,0.0,0.0,0.0,,2662215555207871876,2026-01-12 13:58:58.762344
2026-01-12,24690,NYR,SEA,30006118,Carey Terrance,assists,rf_qrf_assists,0.3.0,empirical_qrf,0.0,0.0,0.0,,2662215555207871876,2026-01-12 13:58:58.762344
2026-01-12,24690,NYR,SEA,30006174,Dylan Roobroeck,assists,rf_qrf_assists,0.3.0,empirical_qrf,0.0,0.0,0.0,,2662215555207871876,2026-01-12 13:58:58.762344
2026-01-12,24690,NYR,SEA,30005014,Scott Morrow,assists,rf_qrf_assists,0.3.0,empirical_qrf,0.0,0.0,0.0,,2662215555207871876,2026-01-12 13:58:58.762344
2026-01-12,24690,NYR,SEA,30005069,Christopher Merisier-Ortiz,assists,rf_qrf_assists,0.3.0,empirical_qrf,0.0,0.0,0.0,,2662215555207871876,2026-01-12 13:58:58.762344
2026-01-12,24690,NYR,SEA,30005183,Matt Rempe,assists,rf_qrf_assists,0.3.0,empirical_qrf,0.0,0.0,0.0,,2662215555207871876,2026-01-12 13:58:58.762344
2026-01-12,24690,NYR,SEA,30005223,Kyle Jackson,assists,rf_qrf_assists,0.3.0,empirical_qrf,0.0,0.0,0.0,,2662215555207871876,2026-01-12 13:58:58.762344
2026-01-12,24690,NYR,SEA,30005252,Adam Edstrom,assists,rf_qrf_assists,0.3.0,empirical_qrf,0.0,0.0,0.0,,2662215555207871876,2026-01-12 13:58:58.762344
2026-01-12,24690,NYR,SEA,30005563,Brandon Scanlin,assists,rf_qrf_assists,0.3.0,empirical_qrf,0.0,0.0,0.0,,2662215555207871876,2026-01-12 13:58:58.762344
2026-01-12,24690,NYR,SEA,30004820,Braden Schneider,assists,rf_qrf_assists,0.3.0,empirical_qrf,0.0,0.0,0.0,,2662215555207871876,2026-01-12 13:58:58.762344
2026-01-12,24690,NYR,SEA,30004832,Will Cuylle,assists,rf_qrf_assists,0.3.0,empirical_qrf,0.0,0.0,0.0,,2662215555207871876,2026-01-12 13:58:58.762344
2026-01-12,24690,NYR,SEA,30004887,Brett Berard,assists,rf_qrf_assists,0.3.0,empirical_qrf,0.0,0.0,0.0,,2662215555207871876,2026-01-12 13:58:58.762344
2026-01-12,24690,NYR,SEA,30004896,Dylan Garand,assists,rf_qrf_assists,0.3.0,empirical_qrf,0.0,0.0,0.0,,2662215555207871876,2026-01-12 13:58:58.762344
2026-01-12,24690,NYR,SEA,30004968,Juuso Parssinen,assists,rf_qrf_assists,0.3.0,empirical_qrf,0.0,0.0,0.0,,2662215555207871876,2026-01-12 13:58:58.762344
2026-01-12,24690,NYR,SEA,30004987,Brennan Othmann,assists,rf_qrf_assists,0.3.0,empirical_qrf,0.0,0.0,0.0,,2662215555207871876,2026-01-12 13:58:58.762344
2026-01-12,24690,NYR,SEA,30003952,Blake Hillman,assists,rf_qrf_assists,0.3.0,empirical_qrf,0.0,0.0,0.0,,2662215555207871876,2026-01-12 13:58:58.762344
2026-01-12,24690,NYR,SEA,30004430,Vladislav Gavrikov,assists,rf_qrf_assists,0.3.0,empirical_qrf,0.0,0.0,0.0,,2662215555207871876,2026-01-12 13:58:58.762344
2026-01-12,24690,NYR,SEA,30004504,Matthew Robertson,assists,rf_qrf_assists,0.3.0,empirical_qrf,0.0,0.0,0.0,,2662215555207871876,2026-01-12 13:58:58.762344
2026-01-12,24690,NYR,SEA,30004749,Connor Mackey,assists,rf_qrf_assists,0.3.0,empirical_qrf,0.0,0.0,0.0,,2662215555207871876,2026-01-12 13:58:58.762344
2026-01-12,24690,NYR,SEA,30004797,Brendan Brisson,assists,rf_qrf_assists,0.3.0,empirical_qrf,0.0,0.0,0.0,,2662215555207871876,2026-01-12 13:58:58.762344
2026-01-12,24690,NYR,SEA,30004807,Alexis Lafrenière,assists,rf_qrf_assists,0.3.0,empirical_qrf,0.0,0.0,0.0,,2662215555207871876,2026-01-12 13:58:58.762344
2026-01-12,24690,NYR,SEA,30003170,Taylor Raddysh,assists,rf_qrf_assists,0.3.0,empirical_qrf,0.0,0.0,0.0,,2662215555207871876,2026-01-12 13:58:58.762344
2026-01-12,24690,NYR,SEA,30003194,Adam Fox,assists,rf_qrf_assists,0.3.0,empirical_qrf,0.0,0.0,0.0,,2662215555207871876,2026-01-12 13:58:58.762344
2026-01-12,24690,NYR,SEA,30003202,Casey Fitzgerald,assists,rf_qrf_assists,0.3.0,empirical_qrf,0.0,0.0,0.0,,2662215555207871876,2026-01-12 13:58:58.762344
2026-01-12,24690,NYR,SEA,30003583,Carson Soucy,assists,rf_qrf_assists,0.3.0,empirical_qrf,0.0,0.0,0.0,,2662215555207871876,2026-01-12 13:58:58.762344
2026-01-12,24690,NYR,SEA,30003649,Urho Vaakanainen,assists,rf_qrf_assists,0.3.0,empirical_qrf,0.0,0.0,0.0,,2662215555207871876,2026-01-12 13:58:58.762344
2026-01-12,24690,NYR,SEA,30003743,Will Borgen,assists,rf_qrf_assists,0.3.0,empirical_qrf,0.0,0.0,0.0,,2662215555207871876,2026-01-12 13:58:58.762344
2026-01-12,24690,NYR,SEA,30000489,Sam Carrick,assists,rf_qrf_assists,0.3.0,empirical_qrf,0.0,0.0,0.0,,2662215555207871876,2026-01-12 13:58:58.762344
2026-01-12,24690,NYR,SEA,30000617,J.T. Miller,assists,rf_qrf_assists,0.3.0,empirical_qrf,0.0,0.0,0.0,,2662215555207871876,2026-01-12 13:58:58.762344
2026-01-12,24690,NYR,SEA,30001322,Artemi Panarin,assists,rf_qrf_assists,0.3.0,empirical_qrf,0.0,0.0,0.0,,2662215555207871876,2026-01-12 13:58:58.762344
2026-01-12,24690,NYR,SEA,30002524,Spencer Martin,assists,rf_qrf_assists,0.3.0,empirical_qrf,0.0,0.0,0.0,,2662215555207871876,2026-01-12 13:58:58.762344
2026-01-12,24690,NYR,SEA,30002967,Jonny Brodzinski,assists,rf_qrf_assists,0.3.0,empirical_qrf,0.0,0.0,0.0,,2662215555207871876,2026-01-12 13:58:58.762344
2026-01-12,24690,NYR,SEA,30002999,Igor Shesterkin,assists,rf_qrf_assists,0.3.0,empirical_qrf,0.0,0.0,0.0,,2662215555207871876,2026-01-12 13:58:58.762344
2026-01-12,24690,SEA,NYR,30006437,Kaden Hammell,assists,rf_qrf_assists,0.3.0,empirical_qrf,0.0,0.0,0.0,,2662215555207871876,2026-01-12 13:58:58.762344
2026-01-12,24690,SEA,NYR,30006499,Berkly Catton,assists,rf_qrf_assists,0.3.0,empirical_qrf,0.0,0.0,0.0,,2662215555207871876,2026-01-12 13:58:58.762344
2026-01-12,24690,NYR,SEA,30000123,Jonathan Quick,assists,rf_qrf_assists,0.3.0,empirical_qrf,0.0,0.0,0.0,,2662215555207871876,2026-01-12 13:58:58.762344
2026-01-12,24690,NYR,SEA,30000226,Vincent Trocheck,assists,rf_qrf_assists,0.3.0,empirical_qrf,0.0,0.0,0.0,,2662215555207871876,2026-01-12 13:58:58.762344
2026-01-12,24690,NYR,SEA,30000410,Conor Sheary,assists,rf_qrf_assists,0.3.0,empirical_qrf,0.0,0.0,0.0,,2662215555207871876,2026-01-12 13:58:58.762344
2026-01-12,24690,NYR,SEA,30000467,Mika Zibanejad,assists,rf_qrf_assists,0.3.0,empirical_qrf,0.0,0.0,0.0,,2662215555207871876,2026-01-12 13:58:58.762344
2026-01-12,24690,SEA,NYR,30005757,Ty Nelson,assists,rf_qrf_assists,0.3.0,empirical_qrf,0.0,0.0,0.0,,2662215555207871876,2026-01-12 13:58:58.762344
2026-01-12,24690,SEA,NYR,30006087,Eduard Sale,assists,rf_qrf_assists,0.3.0,empirical_qrf,0.0,0.0,0.0,,2662215555207871876,2026-01-12 13:58:58.762344
2026-01-12,24690,SEA,NYR,30006119,Lukas Dragicevic,assists,rf_qrf_assists,0.3.0,empirical_qrf,0.0,0.0,0.0,,2662215555207871876,2026-01-12 13:58:58.762344
2026-01-12,24690,SEA,NYR,30006121,Carson Rehkopf,assists,rf_qrf_assists,0.3.0,empirical_qrf,0.0,0.0,0.0,,2662215555207871876,2026-01-12 13:58:58.762344
2026-01-12,24690,SEA,NYR,30006125,Caden Price,assists,rf_qrf_assists,0.3.0,empirical_qrf,0.0,0.0,0.0,,2662215555207871876,2026-01-12 13:58:58.762344
2026-01-12,24690,SEA,NYR,30006197,Andrei Loshko,assists,rf_qrf_assists,0.3.0,empirical_qrf,0.0,0.0,0.0,,2662215555207871876,2026-01-12 13:58:58.762344
2026-01-12,24690,SEA,NYR,30005593,Peetro Seppala,assists,rf_qrf_assists,0.3.0,empirical_qrf,0.0,0.0,0.0,,2662215555207871876,2026-01-12 13:58:58.762344
2026-01-12,24690,SEA,NYR,30005616,Shane Wright,assists,rf_qrf_assists,0.3.0,empirical_qrf,0.0,0.0,0.0,,2662215555207871876,2026-01-12 13:58:58.762344
2026-01-12,24690,SEA,NYR,30005680,David Goyette,assists,rf_qrf_assists,0.3.0,empirical_qrf,0.0,0.0,0.0,,2662215555207871876,2026-01-12 13:58:58.762344
2026-01-12,24690,SEA,NYR,30005681,Jagger Firkus,assists,rf_qrf_assists,0.3.0,empirical_qrf,0.0,0.0,0.0,,2662215555207871876,2026-01-12 13:58:58.762344
2026-01-12,24690,SEA,NYR,30005682,Jani Nyman,assists,rf_qrf_assists,0.3.0,empirical_qrf,0.0,0.0,0.0,,2662215555207871876,2026-01-12 13:58:58.762344
2026-01-12,24690,SEA,NYR,30005683,Niklas Kokko,assists,rf_qrf_assists,0.3.0,empirical_qrf,0.0,0.0,0.0,,2662215555207871876,2026-01-12 13:58:58.762344
2026-01-12,24690,SEA,NYR,30005333,Jacob Melanson,assists,rf_qrf_assists,0.3.0,empirical_qrf,0.0,0.0,0.0,,2662215555207871876,2026-01-12 13:58:58.762344
2026-01-12,24690,SEA,NYR,30005336,Tye Kartye,assists,rf_qrf_assists,0.3.0,empirical_qrf,0.0,0.0,0.0,,2662215555207871876,2026-01-12 13:58:58.762344
2026-01-12,24690,SEA,NYR,30005337,Ryan Winterton,assists,rf_qrf_assists,0.3.0,empirical_qrf,0.0,0.0,0.0,,2662215555207871876,2026-01-12 13:58:58.762344
2026-01-12,24690,SEA,NYR,30005447,Ville Ottavainen,assists,rf_qrf_assists,0.3.0,empirical_qrf,0.0,0.0,0.0,,2662215555207871876,2026-01-12 13:58:58.762344
2026-01-12,24690,SEA,NYR,30005503,Logan Morrison,assists,rf_qrf_assists,0.3.0,empirical_qrf,0.0,0.0,0.0,,2662215555207871876,2026-01-12 13:58:58.762344
2026-01-12,24690,SEA,NYR,30005582,Ben Meyers,assists,rf_qrf_assists,0.3.0,empirical_qrf,0.0,0.0,0.0,,2662215555207871876,2026-01-12 13:58:58.762344
2026-01-12,24690,SEA,NYR,30003703,Cale Fleury,assists,rf_qrf_assists,0.3.0,empirical_qrf,0.0,0.0,0.0,,2662215555207871876,2026-01-12 13:58:58.762344
2026-01-12,24690,SEA,NYR,30004419,Joey Daccord,assists,rf_qrf_assists,0.3.0,empirical_qrf,0.0,0.0,0.0,,2662215555207871876,2026-01-12 13:58:58.762344
2026-01-12,24690,SEA,NYR,30004471,Kaapo Kakko,assists,rf_qrf_assists,0.3.0,empirical_qrf,0.0,0.0,0.0,,2662215555207871876,2026-01-12 13:58:58.762344
2026-01-12,24690,SEA,NYR,30005040,Matty Beniers,assists,rf_qrf_assists,0.3.0,empirical_qrf,0.0,0.0,0.0,,2662215555207871876,2026-01-12 13:58:58.762344
2026-01-12,24690,SEA,NYR,30005042,Ryker Evans,assists,rf_qrf_assists,0.3.0,empirical_qrf,0.0,0.0,0.0,,2662215555207871876,2026-01-12 13:58:58.762344
2026-01-12,24690,SEA,NYR,30005239,Jakov Novak,assists,rf_qrf_assists,0.3.0,empirical_qrf,0.0,0.0,0.0,,2662215555207871876,2026-01-12 13:58:58.762344
2026-01-12,24690,SEA,NYR,30002529,John Hayden,assists,rf_qrf_assists,0.3.0,empirical_qrf,0.0,0.0,0.0,,2662215555207871876,2026-01-12 13:58:58.762344
2026-01-12,24690,SEA,NYR,30002711,Frederick Gaudreau,assists,rf_qrf_assists,0.3.0,empirical_qrf,0.0,0.0,0.0,,2662215555207871876,2026-01-12 13:58:58.762344
2026-01-12,24690,SEA,NYR,30003184,Ryan Lindgren,assists,rf_qrf_assists,0.3.0,empirical_qrf,0.0,0.0,0.0,,2662215555207871876,2026-01-12 13:58:58.762344
2026-01-12,24690,SEA,NYR,30003188,Jack LaFontaine,assists,rf_qrf_assists,0.3.0,empirical_qrf,0.0,0.0,0.0,,2662215555207871876,2026-01-12 13:58:58.762344
2026-01-12,24690,SEA,NYR,30003214,Joshua Mahura,assists,rf_qrf_assists,0.3.0,empirical_qrf,0.0,0.0,0.0,,2662215555207871876,2026-01-12 13:58:58.762344
2026-01-12,24690,SEA,NYR,30003660,Eeli Tolvanen,assists,rf_qrf_assists,0.3.0,empirical_qrf,0.0,0.0,0.0,,2662215555207871876,2026-01-12 13:58:58.762344
2026-01-12,24690,SEA,NYR,30000674,Vince Dunn,assists,rf_qrf_assists,0.3.0,empirical_qrf,0.0,0.0,0.0,,2662215555207871876,2026-01-12 13:58:58.762344
2026-01-12,24690,SEA,NYR,30000758,Jamie Oleksiak,assists,rf_qrf_assists,0.3.0,empirical_qrf,0.0,0.0,0.0,,2662215555207871876,2026-01-12 13:58:58.762344
2026-01-12,24690,SEA,NYR,30000794,Jaden Schwartz,assists,rf_qrf_assists,0.3.0,empirical_qrf,0.0,0.0,0.0,,2662215555207871876,2026-01-12 13:58:58.762344
2026-01-12,24690,SEA,NYR,30000812,Gustav Olofsson,assists,rf_qrf_assists,0.3.0,empirical_qrf,0.0,0.0,0.0,,2662215555207871876,2026-01-12 13:58:58.762344
2026-01-12,24690,SEA,NYR,30000882,Brandon Montour,assists,rf_qrf_assists,0.3.0,empirical_qrf,0.0,0.0,0.0,,2662215555207871876,2026-01-12 13:58:58.762344
2026-01-12,24690,SEA,NYR,30000929,Jared McCann,assists,rf_qrf_assists,0.3.0,empirical_qrf,0.0,0.0,0.0,,2662215555207871876,2026-01-12 13:58:58.762344
2026-01-12,24691,CAR,DET,30000271,Shayne Gostisbehere,assists,rf_qrf_assists,0.3.0,empirical_qrf,0.0,0.0,0.0,,2662215555207871876,2026-01-12 13:58:58.762344
2026-01-12,24691,CAR,DET,30000358,Jordan Staal,assists,rf_qrf_assists,0.3.0,empirical_qrf,0.0,0.0,0.0,,2662215555207871876,2026-01-12 13:58:58.762344
2026-01-12,24691,CAR,DET,30000510,William Carrier,assists,rf_qrf_assists,0.3.0,empirical_qrf,0.0,0.0,0.0,,2662215555207871876,2026-01-12 13:58:58.762344
2026-01-12,24691,CAR,DET,30000525,Mike Reilly,assists,rf_qrf_assists,0.3.0,empirical_qrf,0.0,0.0,0.0,,2662215555207871876,2026-01-12 13:58:58.762344
2026-01-12,24691,CAR,DET,30000643,Jaccob Slavin,assists,rf_qrf_assists,0.3.0,empirical_qrf,0.0,0.0,0.0,,2662215555207871876,2026-01-12 13:58:58.762344
2026-01-12,24691,CAR,DET,30000822,Nikolaj Ehlers,assists,rf_qrf_assists,0.3.0,empirical_qrf,0.0,0.0,0.0,,2662215555207871876,2026-01-12 13:58:58.762344
2026-01-12,24691,CAR,DET,30005577,Noah Philp,assists,rf_qrf_assists,0.3.0,empirical_qrf,0.0,0.0,0.0,,2662215555207871876,2026-01-12 13:58:58.762344
2026-01-12,24691,CAR,DET,30003662,Juuso Valimaki,assists,rf_qrf_assists,0.3.0,empirical_qrf,0.0,0.0,0.0,,2662215555207871876,2026-01-12 13:58:58.762344
2026-01-12,24691,DET,CAR,30003859,Sheldon Dries,assists,rf_qrf_assists,0.3.0,empirical_qrf,0.0,0.0,0.0,,2662215555207871876,2026-01-12 13:58:58.762344
2026-01-12,24691,DET,CAR,30005630,Marco Kasper,assists,rf_qrf_assists,0.3.0,empirical_qrf,0.0,0.0,0.0,,2662215555207871876,2026-01-12 13:58:58.762344
2026-01-12,24691,DET,CAR,30005780,Amadeus Lombardi,assists,rf_qrf_assists,0.3.0,empirical_qrf,0.0,0.0,0.0,,2662215555207871876,2026-01-12 13:58:58.762344
2026-01-12,24691,DET,CAR,30006015,Alexandre Doucet,assists,rf_qrf_assists,0.3.0,empirical_qrf,0.0,0.0,0.0,,2662215555207871876,2026-01-12 13:58:58.762344
2026-01-12,24691,DET,CAR,30006059,Nate Danielson,assists,rf_qrf_assists,0.3.0,empirical_qrf,0.0,0.0,0.0,,2662215555207871876,2026-01-12 13:58:58.762344
2026-01-12,24691,DET,CAR,30006071,Axel Sandin-Pellikka,assists,rf_qrf_assists,0.3.0,empirical_qrf,0.0,0.0,0.0,,2662215555207871876,2026-01-12 13:58:58.762344
2026-01-12,24691,DET,CAR,30006201,Emmitt Finnie,assists,rf_qrf_assists,0.3.0,empirical_qrf,0.0,0.0,0.0,,2662215555207871876,2026-01-12 13:58:58.762344
2026-01-12,24691,DET,CAR,30004816,Lucas Raymond,assists,rf_qrf_assists,0.3.0,empirical_qrf,0.0,0.0,0.0,,2662215555207871876,2026-01-12 13:58:58.762344
2026-01-12,24691,DET,CAR,30004884,William Wallinder,assists,rf_qrf_assists,0.3.0,empirical_qrf,0.0,0.0,0.0,,2662215555207871876,2026-01-12 13:58:58.762344
2026-01-12,24691,DET,CAR,30004983,Sebastian Cossa,assists,rf_qrf_assists,0.3.0,empirical_qrf,0.0,0.0,0.0,,2662215555207871876,2026-01-12 13:58:58.762344
2026-01-12,24691,DET,CAR,30004984,Simon Edvinsson,assists,rf_qrf_assists,0.3.0,empirical_qrf,0.0,0.0,0.0,,2662215555207871876,2026-01-12 13:58:58.762344
2026-01-12,24691,DET,CAR,30005482,Carter Mazur,assists,rf_qrf_assists,0.3.0,empirical_qrf,0.0,0.0,0.0,,2662215555207871876,2026-01-12 13:58:58.762344
2026-01-12,24691,DET,CAR,30005489,Elmer Soderblom,assists,rf_qrf_assists,0.3.0,empirical_qrf,0.0,0.0,0.0,,2662215555207871876,2026-01-12 13:58:58.762344
2026-01-12,24691,DET,CAR,30004102,Jacob Bernard-Docker,assists,rf_qrf_assists,0.3.0,empirical_qrf,0.0,0.0,0.0,,2662215555207871876,2026-01-12 13:58:58.762344
2026-01-12,24691,DET,CAR,30004186,Joel L'Esperance,assists,rf_qrf_assists,0.3.0,empirical_qrf,0.0,0.0,0.0,,2662215555207871876,2026-01-12 13:58:58.762344
2026-01-12,24691,DET,CAR,30004475,Moritz Seider,assists,rf_qrf_assists,0.3.0,empirical_qrf,0.0,0.0,0.0,,2662215555207871876,2026-01-12 13:58:58.762344
2026-01-12,24691,DET,CAR,30004548,Albert Johansson,assists,rf_qrf_assists,0.3.0,empirical_qrf,0.0,0.0,0.0,,2662215555207871876,2026-01-12 13:58:58.762344
2026-01-12,24691,DET,CAR,30004561,Antti Tuomisto,assists,rf_qrf_assists,0.3.0,empirical_qrf,0.0,0.0,0.0,,2662215555207871876,2026-01-12 13:58:58.762344
2026-01-12,24691,DET,CAR,30004758,John Leonard,assists,rf_qrf_assists,0.3.0,empirical_qrf,0.0,0.0,0.0,,2662215555207871876,2026-01-12 13:58:58.762344
2026-01-12,24691,DET,CAR,30001063,Ben Chiarot,assists,rf_qrf_assists,0.3.0,empirical_qrf,0.0,0.0,0.0,,2662215555207871876,2026-01-12 13:58:58.762344
2026-01-12,24691,DET,CAR,30002213,Josiah Didier,assists,rf_qrf_assists,0.3.0,empirical_qrf,0.0,0.0,0.0,,2662215555207871876,2026-01-12 13:58:58.762344
2026-01-12,24691,DET,CAR,30002513,J.T. Compher,assists,rf_qrf_assists,0.3.0,empirical_qrf,0.0,0.0,0.0,,2662215555207871876,2026-01-12 13:58:58.762344
2026-01-12,24691,DET,CAR,30003160,Alex DeBrincat,assists,rf_qrf_assists,0.3.0,empirical_qrf,0.0,0.0,0.0,,2662215555207871876,2026-01-12 13:58:58.762344
2026-01-12,24691,DET,CAR,30003644,Michael Rasmussen,assists,rf_qrf_assists,0.3.0,empirical_qrf,0.0,0.0,0.0,,2662215555207871876,2026-01-12 13:58:58.762344
2026-01-12,24691,DET,CAR,30003744,Mason Appleton,assists,rf_qrf_assists,0.3.0,empirical_qrf,0.0,0.0,0.0,,2662215555207871876,2026-01-12 13:58:58.762344
2026-01-12,24691,DET,CAR,30000821,Andrew Copp,assists,rf_qrf_assists,0.3.0,empirical_qrf,0.0,0.0,0.0,,2662215555207871876,2026-01-12 13:58:58.762344
2026-01-12,24691,DET,CAR,30000846,Dylan Larkin,assists,rf_qrf_assists,0.3.0,empirical_qrf,0.0,0.0,0.0,,2662215555207871876,2026-01-12 13:58:58.762344
2026-01-12,24691,DET,CAR,30000866,Patrick Kane,assists,rf_qrf_assists,0.3.0,empirical_qrf,0.0,0.0,0.0,,2662215555207871876,2026-01-12 13:58:58.762344
2026-01-12,24691,DET,CAR,30000874,John Gibson,assists,rf_qrf_assists,0.3.0,empirical_qrf,0.0,0.0,0.0,,2662215555207871876,2026-01-12 13:58:58.762344
2026-01-12,24691,DET,CAR,30000997,Travis Hamonic,assists,rf_qrf_assists,0.3.0,empirical_qrf,0.0,0.0,0.0,,2662215555207871876,2026-01-12 13:58:58.762344
2026-01-12,24691,DET,CAR,30001011,Erik Gustafsson,assists,rf_qrf_assists,0.3.0,empirical_qrf,0.0,0.0,0.0,,2662215555207871876,2026-01-12 13:58:58.762344
2026-01-12,24691,CAR,DET,30005405,Jackson Blake,assists,rf_qrf_assists,0.3.0,empirical_qrf,0.0,0.0,0.0,,2662215555207871876,2026-01-12 13:58:58.762344
2026-01-12,24691,CAR,DET,30005573,Brandon Bussi,assists,rf_qrf_assists,0.3.0,empirical_qrf,0.0,0.0,0.0,,2662215555207871876,2026-01-12 13:58:58.762344
2026-01-12,24691,CAR,DET,30006098,Felix Unger Sorum,assists,rf_qrf_assists,0.3.0,empirical_qrf,0.0,0.0,0.0,,2662215555207871876,2026-01-12 13:58:58.762344
2026-01-12,24691,DET,CAR,30000043,James van Riemsdyk,assists,rf_qrf_assists,0.3.0,empirical_qrf,0.0,0.0,0.0,,2662215555207871876,2026-01-12 13:58:58.762344
2026-01-12,24691,DET,CAR,30000186,Austin Watson,assists,rf_qrf_assists,0.3.0,empirical_qrf,0.0,0.0,0.0,,2662215555207871876,2026-01-12 13:58:58.762344
2026-01-12,24691,DET,CAR,30000563,Cam Talbot,assists,rf_qrf_assists,0.3.0,empirical_qrf,0.0,0.0,0.0,,2662215555207871876,2026-01-12 13:58:58.762344
2026-01-12,24691,CAR,DET,30004913,Evan Vierling,assists,rf_qrf_assists,0.3.0,empirical_qrf,0.0,0.0,0.0,,2662215555207871876,2026-01-12 13:58:58.762344
2026-01-12,24691,CAR,DET,30004953,Pyotr Kochetkov,assists,rf_qrf_assists,0.3.0,empirical_qrf,0.0,0.0,0.0,,2662215555207871876,2026-01-12 13:58:58.762344
2026-01-12,24691,CAR,DET,30005026,Aleksi Heimosalmi,assists,rf_qrf_assists,0.3.0,empirical_qrf,0.0,0.0,0.0,,2662215555207871876,2026-01-12 13:58:58.762344
2026-01-12,24691,CAR,DET,30005034,Logan Stankoven,assists,rf_qrf_assists,0.3.0,empirical_qrf,0.0,0.0,0.0,,2662215555207871876,2026-01-12 13:58:58.762344
2026-01-12,24691,CAR,DET,30005153,Bryce Montgomery,assists,rf_qrf_assists,0.3.0,empirical_qrf,0.0,0.0,0.0,,2662215555207871876,2026-01-12 13:58:58.762344
2026-01-12,24691,CAR,DET,30005155,Justin Robidas,assists,rf_qrf_assists,0.3.0,empirical_qrf,0.0,0.0,0.0,,2662215555207871876,2026-01-12 13:58:58.762344
2026-01-12,24691,CAR,DET,30004082,K'Andre Miller,assists,rf_qrf_assists,0.3.0,empirical_qrf,0.0,0.0,0.0,,2662215555207871876,2026-01-12 13:58:58.762344
2026-01-12,24691,CAR,DET,30004385,Cayden Primeau,assists,rf_qrf_assists,0.3.0,empirical_qrf,0.0,0.0,0.0,,2662215555207871876,2026-01-12 13:58:58.762344
2026-01-12,24691,CAR,DET,30004537,Domenick Fensore,assists,rf_qrf_assists,0.3.0,empirical_qrf,0.0,0.0,0.0,,2662215555207871876,2026-01-12 13:58:58.762344
2026-01-12,24691,CAR,DET,30004602,Nikita Pavlychev,assists,rf_qrf_assists,0.3.0,empirical_qrf,0.0,0.0,0.0,,2662215555207871876,2026-01-12 13:58:58.762344
2026-01-12,24691,CAR,DET,30004806,Seth Jarvis,assists,rf_qrf_assists,0.3.0,empirical_qrf,0.0,0.0,0.0,,2662215555207871876,2026-01-12 13:58:58.762344
2026-01-12,24691,CAR,DET,30004865,Alexander Nikishin,assists,rf_qrf_assists,0.3.0,empirical_qrf,0.0,0.0,0.0,,2662215555207871876,2026-01-12 13:58:58.762344
2026-01-12,24691,CAR,DET,30003180,Givani Smith,assists,rf_qrf_assists,0.3.0,empirical_qrf,0.0,0.0,0.0,,2662215555207871876,2026-01-12 13:58:58.762344
2026-01-12,24691,CAR,DET,30003359,Jalen Chatfield,assists,rf_qrf_assists,0.3.0,empirical_qrf,0.0,0.0,0.0,,2662215555207871876,2026-01-12 13:58:58.762344
2026-01-12,24691,CAR,DET,30003550,Gavin Bayreuther,assists,rf_qrf_assists,0.3.0,empirical_qrf,0.0,0.0,0.0,,2662215555207871876,2026-01-12 13:58:58.762344
2026-01-12,24691,CAR,DET,30003786,Sean Walker,assists,rf_qrf_assists,0.3.0,empirical_qrf,0.0,0.0,0.0,,2662215555207871876,2026-01-12 13:58:58.762344
2026-01-12,24691,CAR,DET,30004075,Jesperi Kotkaniemi,assists,rf_qrf_assists,0.3.0,empirical_qrf,0.0,0.0,0.0,,2662215555207871876,2026-01-12 13:58:58.762344
2026-01-12,24691,CAR,DET,30004076,Andrei Svechnikov,assists,rf_qrf_assists,0.3.0,empirical_qrf,0.0,0.0,0.0,,2662215555207871876,2026-01-12 13:58:58.762344
2026-01-12,24691,CAR,DET,30000948,Jordan Martinook,assists,rf_qrf_assists,0.3.0,empirical_qrf,0.0,0.0,0.0,,2662215555207871876,2026-01-12 13:58:58.762344
2026-01-12,24691,CAR,DET,30001187,Taylor Hall,assists,rf_qrf_assists,0.3.0,empirical_qrf,0.0,0.0,0.0,,2662215555207871876,2026-01-12 13:58:58.762344
2026-01-12,24691,CAR,DET,30001203,Frederik Andersen,assists,rf_qrf_assists,0.3.0,empirical_qrf,0.0,0.0,0.0,,2662215555207871876,2026-01-12 13:58:58.762344
2026-01-12,24691,CAR,DET,30002309,Mark Jankowski,assists,rf_qrf_assists,0.3.0,empirical_qrf,0.0,0.0,0.0,,2662215555207871876,2026-01-12 13:58:58.762344
2026-01-12,24691,CAR,DET,30002819,Sebastian Aho,assists,rf_qrf_assists,0.3.0,empirical_qrf,0.0,0.0,0.0,,2662215555207871876,2026-01-12 13:58:58.762344
2026-01-12,24691,CAR,DET,30002980,Eric Robinson,assists,rf_qrf_assists,0.3.0,empirical_qrf,0.0,0.0,0.0,,2662215555207871876,2026-01-12 13:58:58.762344
2026-01-12,24692,FLA,BUF,30000074,Brad Marchand,assists,rf_qrf_assists,0.3.0,empirical_qrf,0.0,0.0,0.0,,2662215555207871876,2026-01-12 13:58:58.762344
2026-01-12,24692,FLA,BUF,30000201,Keith Kinkaid,assists,rf_qrf_assists,0.3.0,empirical_qrf,0.0,0.0,0.0,,2662215555207871876,2026-01-12 13:58:58.762344
2026-01-12,24692,FLA,BUF,30000228,Aleksander Barkov,assists,rf_qrf_assists,0.3.0,empirical_qrf,0.0,0.0,0.0,,2662215555207871876,2026-01-12 13:58:58.762344
2026-01-12,24692,FLA,BUF,30000232,Dmitry Kulikov,assists,rf_qrf_assists,0.3.0,empirical_qrf,0.0,0.0,0.0,,2662215555207871876,2026-01-12 13:58:58.762344
2026-01-12,24692,FLA,BUF,30000239,Aaron Ekblad,assists,rf_qrf_assists,0.3.0,empirical_qrf,0.0,0.0,0.0,,2662215555207871876,2026-01-12 13:58:58.762344
2026-01-12,24692,FLA,BUF,30000253,Seth Jones,assists,rf_qrf_assists,0.3.0,empirical_qrf,0.0,0.0,0.0,,2662215555207871876,2026-01-12 13:58:58.762344
2026-01-12,24692,BUF,FLA,30006070,Zach Benson,assists,rf_qrf_assists,0.3.0,empirical_qrf,0.0,0.0,0.0,,2662215555207871876,2026-01-12 13:58:58.762344
2026-01-12,24692,BUF,FLA,30006092,Anton Wahlberg,assists,rf_qrf_assists,0.3.0,empirical_qrf,0.0,0.0,0.0,,2662215555207871876,2026-01-12 13:58:58.762344
2026-01-12,24692,BUF,FLA,30006340,Zach Metsa,assists,rf_qrf_assists,0.3.0,empirical_qrf,0.0,0.0,0.0,,2662215555207871876,2026-01-12 13:58:58.762344
2026-01-12,24692,BUF,FLA,30006341,Christopher Brown,assists,rf_qrf_assists,0.3.0,empirical_qrf,0.0,0.0,0.0,,2662215555207871876,2026-01-12 13:58:58.762344
2026-01-12,24692,BUF,FLA,30006342,Dominick Mersch,assists,rf_qrf_assists,0.3.0,empirical_qrf,0.0,0.0,0.0,,2662215555207871876,2026-01-12 13:58:58.762344
2026-01-12,24692,FLA,BUF,30003322,Noah Gregor,assists,rf_qrf_assists,0.3.0,empirical_qrf,0.0,0.0,0.0,,2662215555207871876,2026-01-12 13:58:58.762344
2026-01-12,24692,BUF,FLA,30005730,Vsevolod Komarov,assists,rf_qrf_assists,0.3.0,empirical_qrf,0.0,0.0,0.0,,2662215555207871876,2026-01-12 13:58:58.762344
2026-01-12,24692,BUF,FLA,30005764,Noah Laaouan,assists,rf_qrf_assists,0.3.0,empirical_qrf,0.0,0.0,0.0,,2662215555207871876,2026-01-12 13:58:58.762344
2026-01-12,24692,BUF,FLA,30005767,Graham Slaggert,assists,rf_qrf_assists,0.3.0,empirical_qrf,0.0,0.0,0.0,,2662215555207871876,2026-01-12 13:58:58.762344
2026-01-12,24692,BUF,FLA,30005793,Riley Fiddler-Schultz,assists,rf_qrf_assists,0.3.0,empirical_qrf,0.0,0.0,0.0,,2662215555207871876,2026-01-12 13:58:58.762344
2026-01-12,24692,BUF,FLA,30006028,Jagger Joshua,assists,rf_qrf_assists,0.3.0,empirical_qrf,0.0,0.0,0.0,,2662215555207871876,2026-01-12 13:58:58.762344
2026-01-12,24692,BUF,FLA,30006039,Aidan Fulp,assists,rf_qrf_assists,0.3.0,empirical_qrf,0.0,0.0,0.0,,2662215555207871876,2026-01-12 13:58:58.762344
2026-01-12,24692,BUF,FLA,30005151,Olivier Nadeau,assists,rf_qrf_assists,0.3.0,empirical_qrf,0.0,0.0,0.0,,2662215555207871876,2026-01-12 13:58:58.762344
2026-01-12,24692,BUF,FLA,30005441,Ryan Johnson,assists,rf_qrf_assists,0.3.0,empirical_qrf,0.0,0.0,0.0,,2662215555207871876,2026-01-12 13:58:58.762344
2026-01-12,24692,BUF,FLA,30005445,Nikita Novikov,assists,rf_qrf_assists,0.3.0,empirical_qrf,0.0,0.0,0.0,,2662215555207871876,2026-01-12 13:58:58.762344
2026-01-12,24692,BUF,FLA,30005634,Noah Ostlund,assists,rf_qrf_assists,0.3.0,empirical_qrf,0.0,0.0,0.0,,2662215555207871876,2026-01-12 13:58:58.762344
2026-01-12,24692,BUF,FLA,30005644,Jiri Kulich,assists,rf_qrf_assists,0.3.0,empirical_qrf,0.0,0.0,0.0,,2662215555207871876,2026-01-12 13:58:58.762344
2026-01-12,24692,BUF,FLA,30005685,Viktor Neuchev,assists,rf_qrf_assists,0.3.0,empirical_qrf,0.0,0.0,0.0,,2662215555207871876,2026-01-12 13:58:58.762344
2026-01-12,24692,BUF,FLA,30004980,Owen Power,assists,rf_qrf_assists,0.3.0,empirical_qrf,0.0,0.0,0.0,,2662215555207871876,2026-01-12 13:58:58.762344
2026-01-12,24692,BUF,FLA,30004981,Devon Levi,assists,rf_qrf_assists,0.3.0,empirical_qrf,0.0,0.0,0.0,,2662215555207871876,2026-01-12 13:58:58.762344
2026-01-12,24692,BUF,FLA,30004982,Isak Rosen,assists,rf_qrf_assists,0.3.0,empirical_qrf,0.0,0.0,0.0,,2662215555207871876,2026-01-12 13:58:58.762344
2026-01-12,24692,BUF,FLA,30005017,Josh Doan,assists,rf_qrf_assists,0.3.0,empirical_qrf,0.0,0.0,0.0,,2662215555207871876,2026-01-12 13:58:58.762344
2026-01-12,24692,BUF,FLA,30005067,Isaac Belliveau,assists,rf_qrf_assists,0.3.0,empirical_qrf,0.0,0.0,0.0,,2662215555207871876,2026-01-12 13:58:58.762344
2026-01-12,24692,BUF,FLA,30005147,Tyson Kozak,assists,rf_qrf_assists,0.3.0,empirical_qrf,0.0,0.0,0.0,,2662215555207871876,2026-01-12 13:58:58.762344
2026-01-12,24692,BUF,FLA,30004670,Peter Tischke,assists,rf_qrf_assists,0.3.0,empirical_qrf,0.0,0.0,0.0,,2662215555207871876,2026-01-12 13:58:58.762344
2026-01-12,24692,BUF,FLA,30004815,Jack Quinn,assists,rf_qrf_assists,0.3.0,empirical_qrf,0.0,0.0,0.0,,2662215555207871876,2026-01-12 13:58:58.762344
2026-01-12,24692,BUF,FLA,30004854,Trevor Kuntar,assists,rf_qrf_assists,0.3.0,empirical_qrf,0.0,0.0,0.0,,2662215555207871876,2026-01-12 13:58:58.762344
2026-01-12,24692,BUF,FLA,30004923,Josh Dunne,assists,rf_qrf_assists,0.3.0,empirical_qrf,0.0,0.0,0.0,,2662215555207871876,2026-01-12 13:58:58.762344
2026-01-12,24692,BUF,FLA,30004948,Carson Meyer,assists,rf_qrf_assists,0.3.0,empirical_qrf,0.0,0.0,0.0,,2662215555207871876,2026-01-12 13:58:58.762344
2026-01-12,24692,BUF,FLA,30004956,Justin Danforth,assists,rf_qrf_assists,0.3.0,empirical_qrf,0.0,0.0,0.0,,2662215555207871876,2026-01-12 13:58:58.762344
2026-01-12,24692,BUF,FLA,30004380,Jack Rathbone,assists,rf_qrf_assists,0.3.0,empirical_qrf,0.0,0.0,0.0,,2662215555207871876,2026-01-12 13:58:58.762344
2026-01-12,24692,BUF,FLA,30004431,Jacob Bryson,assists,rf_qrf_assists,0.3.0,empirical_qrf,0.0,0.0,0.0,,2662215555207871876,2026-01-12 13:58:58.762344
2026-01-12,24692,BUF,FLA,30004474,Bowen Byram,assists,rf_qrf_assists,0.3.0,empirical_qrf,0.0,0.0,0.0,,2662215555207871876,2026-01-12 13:58:58.762344
2026-01-12,24692,BUF,FLA,30004502,Peyton Krebs,assists,rf_qrf_assists,0.3.0,empirical_qrf,0.0,0.0,0.0,,2662215555207871876,2026-01-12 13:58:58.762344
2026-01-12,24692,BUF,FLA,30004554,Zac Jones,assists,rf_qrf_assists,0.3.0,empirical_qrf,0.0,0.0,0.0,,2662215555207871876,2026-01-12 13:58:58.762344
2026-01-12,24692,BUF,FLA,30004577,Colten Ellis,assists,rf_qrf_assists,0.3.0,empirical_qrf,0.0,0.0,0.0,,2662215555207871876,2026-01-12 13:58:58.762344
2026-01-12,24692,BUF,FLA,30003673,Ukko-Pekka Luukkonen,assists,rf_qrf_assists,0.3.0,empirical_qrf,0.0,0.0,0.0,,2662215555207871876,2026-01-12 13:58:58.762344
2026-01-12,24692,BUF,FLA,30003699,Jake Leschyshyn,assists,rf_qrf_assists,0.3.0,empirical_qrf,0.0,0.0,0.0,,2662215555207871876,2026-01-12 13:58:58.762344
2026-01-12,24692,BUF,FLA,30003750,Rasmus Dahlin,assists,rf_qrf_assists,0.3.0,empirical_qrf,0.0,0.0,0.0,,2662215555207871876,2026-01-12 13:58:58.762344
2026-01-12,24692,BUF,FLA,30004105,Mattias Samuelsson,assists,rf_qrf_assists,0.3.0,empirical_qrf,0.0,0.0,0.0,,2662215555207871876,2026-01-12 13:58:58.762344
2026-01-12,24692,BUF,FLA,30004117,Ryan McLeod,assists,rf_qrf_assists,0.3.0,empirical_qrf,0.0,0.0,0.0,,2662215555207871876,2026-01-12 13:58:58.762344
2026-01-12,24692,BUF,FLA,30004373,Michael Kesselring,assists,rf_qrf_assists,0.3.0,empirical_qrf,0.0,0.0,0.0,,2662215555207871876,2026-01-12 13:58:58.762344
2026-01-12,24692,BUF,FLA,30002797,Brendan Warren,assists,rf_qrf_assists,0.3.0,empirical_qrf,0.0,0.0,0.0,,2662215555207871876,2026-01-12 13:58:58.762344
2026-01-12,24692,BUF,FLA,30003074,Alex Lyon,assists,rf_qrf_assists,0.3.0,empirical_qrf,0.0,0.0,0.0,,2662215555207871876,2026-01-12 13:58:58.762344
2026-01-12,24692,BUF,FLA,30003158,Tage Thompson,assists,rf_qrf_assists,0.3.0,empirical_qrf,0.0,0.0,0.0,,2662215555207871876,2026-01-12 13:58:58.762344
2026-01-12,24692,BUF,FLA,30003221,Beck Malenstyn,assists,rf_qrf_assists,0.3.0,empirical_qrf,0.0,0.0,0.0,,2662215555207871876,2026-01-12 13:58:58.762344
2026-01-12,24692,BUF,FLA,30003665,Josh Norris,assists,rf_qrf_assists,0.3.0,empirical_qrf,0.0,0.0,0.0,,2662215555207871876,2026-01-12 13:58:58.762344
2026-01-12,24692,BUF,FLA,30003670,Conor Timmins,assists,rf_qrf_assists,0.3.0,empirical_qrf,0.0,0.0,0.0,,2662215555207871876,2026-01-12 13:58:58.762344
2026-01-12,24692,FLA,BUF,30006326,Michael Simpson,assists,rf_qrf_assists,0.3.0,empirical_qrf,0.0,0.0,0.0,,2662215555207871876,2026-01-12 13:58:58.762344
2026-01-12,24692,FLA,BUF,30006394,Graham McPhee,assists,rf_qrf_assists,0.3.0,empirical_qrf,0.0,0.0,0.0,,2662215555207871876,2026-01-12 13:58:58.762344
2026-01-12,24692,BUF,FLA,30000523,Jason Zucker,assists,rf_qrf_assists,0.3.0,empirical_qrf,0.0,0.0,0.0,,2662215555207871876,2026-01-12 13:58:58.762344
2026-01-12,24692,BUF,FLA,30002577,Alex Tuch,assists,rf_qrf_assists,0.3.0,empirical_qrf,0.0,0.0,0.0,,2662215555207871876,2026-01-12 13:58:58.762344
2026-01-12,24692,BUF,FLA,30002762,Mason Geertsen,assists,rf_qrf_assists,0.3.0,empirical_qrf,0.0,0.0,0.0,,2662215555207871876,2026-01-12 13:58:58.762344
2026-01-12,24692,BUF,FLA,30002774,Jordan Greenway,assists,rf_qrf_assists,0.3.0,empirical_qrf,0.0,0.0,0.0,,2662215555207871876,2026-01-12 13:58:58.762344
2026-01-12,24692,FLA,BUF,30005849,Kai Schwindt,assists,rf_qrf_assists,0.3.0,empirical_qrf,0.0,0.0,0.0,,2662215555207871876,2026-01-12 13:58:58.762344
2026-01-12,24692,FLA,BUF,30005850,Sandis Vilmanis,assists,rf_qrf_assists,0.3.0,empirical_qrf,0.0,0.0,0.0,,2662215555207871876,2026-01-12 13:58:58.762344
2026-01-12,24692,FLA,BUF,30006034,Jake Livingstone,assists,rf_qrf_assists,0.3.0,empirical_qrf,0.0,0.0,0.0,,2662215555207871876,2026-01-12 13:58:58.762344
2026-01-12,24692,FLA,BUF,30006040,Ryan McAllister,assists,rf_qrf_assists,0.3.0,empirical_qrf,0.0,0.0,0.0,,2662215555207871876,2026-01-12 13:58:58.762344
2026-01-12,24692,FLA,BUF,30006048,Uvis Balinskis,assists,rf_qrf_assists,0.3.0,empirical_qrf,0.0,0.0,0.0,,2662215555207871876,2026-01-12 13:58:58.762344
2026-01-12,24692,FLA,BUF,30006097,Gracyn Sawchyn,assists,rf_qrf_assists,0.3.0,empirical_qrf,0.0,0.0,0.0,,2662215555207871876,2026-01-12 13:58:58.762344
2026-01-12,24692,FLA,BUF,30005025,Evan Nause,assists,rf_qrf_assists,0.3.0,empirical_qrf,0.0,0.0,0.0,,2662215555207871876,2026-01-12 13:58:58.762344
2026-01-12,24692,FLA,BUF,30005215,Cole Krygier,assists,rf_qrf_assists,0.3.0,empirical_qrf,0.0,0.0,0.0,,2662215555207871876,2026-01-12 13:58:58.762344
2026-01-12,24692,FLA,BUF,30005556,Mack Guzda,assists,rf_qrf_assists,0.3.0,empirical_qrf,0.0,0.0,0.0,,2662215555207871876,2026-01-12 13:58:58.762344
2026-01-12,24692,FLA,BUF,30005598,Mitchell Russell,assists,rf_qrf_assists,0.3.0,empirical_qrf,0.0,0.0,0.0,,2662215555207871876,2026-01-12 13:58:58.762344
2026-01-12,24692,FLA,BUF,30005723,Marek Alscher,assists,rf_qrf_assists,0.3.0,empirical_qrf,0.0,0.0,0.0,,2662215555207871876,2026-01-12 13:58:58.762344
2026-01-12,24692,FLA,BUF,30005848,Josh Davies,assists,rf_qrf_assists,0.3.0,empirical_qrf,0.0,0.0,0.0,,2662215555207871876,2026-01-12 13:58:58.762344
2026-01-12,24692,FLA,BUF,30004517,Robert Mastrosimone,assists,rf_qrf_assists,0.3.0,empirical_qrf,0.0,0.0,0.0,,2662215555207871876,2026-01-12 13:58:58.762344
2026-01-12,24692,FLA,BUF,30004574,Cole Schwindt,assists,rf_qrf_assists,0.3.0,empirical_qrf,0.0,0.0,0.0,,2662215555207871876,2026-01-12 13:58:58.762344
2026-01-12,24692,FLA,BUF,30004809,Anton Lundell,assists,rf_qrf_assists,0.3.0,empirical_qrf,0.0,0.0,0.0,,2662215555207871876,2026-01-12 13:58:58.762344
2026-01-12,24692,FLA,BUF,30004873,Donovan Sebrango,assists,rf_qrf_assists,0.3.0,empirical_qrf,0.0,0.0,0.0,,2662215555207871876,2026-01-12 13:58:58.762344
2026-01-12,24692,FLA,BUF,30004886,Michael Benning,assists,rf_qrf_assists,0.3.0,empirical_qrf,0.0,0.0,0.0,,2662215555207871876,2026-01-12 13:58:58.762344
2026-01-12,24692,FLA,BUF,30005000,Mackie Samoskevich,assists,rf_qrf_assists,0.3.0,empirical_qrf,0.0,0.0,0.0,,2662215555207871876,2026-01-12 13:58:58.762344
2026-01-12,24692,FLA,BUF,30003671,Jack Studnicka,assists,rf_qrf_assists,0.3.0,empirical_qrf,0.0,0.0,0.0,,2662215555207871876,2026-01-12 13:58:58.762344
2026-01-12,24692,FLA,BUF,30003681,Eetu Luostarinen,assists,rf_qrf_assists,0.3.0,empirical_qrf,0.0,0.0,0.0,,2662215555207871876,2026-01-12 13:58:58.762344
2026-01-12,24692,FLA,BUF,30003683,Jesper Boqvist,assists,rf_qrf_assists,0.3.0,empirical_qrf,0.0,0.0,0.0,,2662215555207871876,2026-01-12 13:58:58.762344
2026-01-12,24692,FLA,BUF,30003694,Jonah Gadjovich,assists,rf_qrf_assists,0.3.0,empirical_qrf,0.0,0.0,0.0,,2662215555207871876,2026-01-12 13:58:58.762344
2026-01-12,24692,FLA,BUF,30004088,Jay O'Brien,assists,rf_qrf_assists,0.3.0,empirical_qrf,0.0,0.0,0.0,,2662215555207871876,2026-01-12 13:58:58.762344
2026-01-12,24692,FLA,BUF,30004497,Tobias Bjornfot,assists,rf_qrf_assists,0.3.0,empirical_qrf,0.0,0.0,0.0,,2662215555207871876,2026-01-12 13:58:58.762344
2026-01-12,24692,FLA,BUF,30002796,Mitchell Vande Sompel,assists,rf_qrf_assists,0.3.0,empirical_qrf,0.0,0.0,0.0,,2662215555207871876,2026-01-12 13:58:58.762344
2026-01-12,24692,FLA,BUF,30002839,A.J. Greer,assists,rf_qrf_assists,0.3.0,empirical_qrf,0.0,0.0,0.0,,2662215555207871876,2026-01-12 13:58:58.762344
2026-01-12,24692,FLA,BUF,30003077,Tyler Motte,assists,rf_qrf_assists,0.3.0,empirical_qrf,0.0,0.0,0.0,,2662215555207871876,2026-01-12 13:58:58.762344
2026-01-12,24692,FLA,BUF,30003134,Matthew Tkachuk,assists,rf_qrf_assists,0.3.0,empirical_qrf,0.0,0.0,0.0,,2662215555207871876,2026-01-12 13:58:58.762344
2026-01-12,24692,FLA,BUF,30003150,Luke Kunin,assists,rf_qrf_assists,0.3.0,empirical_qrf,0.0,0.0,0.0,,2662215555207871876,2026-01-12 13:58:58.762344
2026-01-12,24692,FLA,BUF,30003468,Evan Cormier,assists,rf_qrf_assists,0.3.0,empirical_qrf,0.0,0.0,0.0,,2662215555207871876,2026-01-12 13:58:58.762344
2026-01-12,24692,FLA,BUF,30001035,Tomás Nosek,assists,rf_qrf_assists,0.3.0,empirical_qrf,0.0,0.0,0.0,,2662215555207871876,2026-01-12 13:58:58.762344
2026-01-12,24692,FLA,BUF,30001159,Carter Verhaeghe,assists,rf_qrf_assists,0.3.0,empirical_qrf,0.0,0.0,0.0,,2662215555207871876,2026-01-12 13:58:58.762344
2026-01-12,24692,FLA,BUF,30001387,Niko Mikkola,assists,rf_qrf_assists,0.3.0,empirical_qrf,0.0,0.0,0.0,,2662215555207871876,2026-01-12 13:58:58.762344
2026-01-12,24692,FLA,BUF,30001448,Daniil Tarasov,assists,rf_qrf_assists,0.3.0,empirical_qrf,0.0,0.0,0.0,,2662215555207871876,2026-01-12 13:58:58.762344
2026-01-12,24692,FLA,BUF,30002069,Nathan Smith,assists,rf_qrf_assists,0.3.0,empirical_qrf,0.0,0.0,0.0,,2662215555207871876,2026-01-12 13:58:58.762344
2026-01-12,24692,FLA,BUF,30002758,Gustav Forsling,assists,rf_qrf_assists,0.3.0,empirical_qrf,0.0,0.0,0.0,,2662215555207871876,2026-01-12 13:58:58.762344
2026-01-12,24692,FLA,BUF,30000559,Sam Bennett,assists,rf_qrf_assists,0.3.0,empirical_qrf,0.0,0.0,0.0,,2662215555207871876,2026-01-12 13:58:58.762344
2026-01-12,24692,FLA,BUF,30000667,Sergei Bobrovsky,assists,rf_qrf_assists,0.3.0,empirical_qrf,0.0,0.0,0.0,,2662215555207871876,2026-01-12 13:58:58.762344
2026-01-12,24692,FLA,BUF,30000723,Jeff Petry,assists,rf_qrf_assists,0.3.0,empirical_qrf,0.0,0.0,0.0,,2662215555207871876,2026-01-12 13:58:58.762344
2026-01-12,24692,FLA,BUF,30000934,Louis Domingue,assists,rf_qrf_assists,0.3.0,empirical_qrf,0.0,0.0,0.0,,2662215555207871876,2026-01-12 13:58:58.762344
2026-01-12,24692,FLA,BUF,30000980,Sam Reinhart,assists,rf_qrf_assists,0.3.0,empirical_qrf,0.0,0.0,0.0,,2662215555207871876,2026-01-12 13:58:58.762344
2026-01-12,24692,FLA,BUF,30000981,Evan Rodrigues,assists,rf_qrf_assists,0.3.0,empirical_qrf,0.0,0.0,0.0,,2662215555207871876,2026-01-12 13:58:58.762344
2026-01-12,24693,VAN,MON,30000958,Derek Forbort,assists,rf_qrf_assists,0.3.0,empirical_qrf,0.0,0.0,0.0,,2662215555207871876,2026-01-12 13:58:58.762344
2026-01-12,24693,VAN,MON,30000976,Evander Kane,assists,rf_qrf_assists,0.3.0,empirical_qrf,0.0,0.0,0.0,,2662215555207871876,2026-01-12 13:58:58.762344
2026-01-12,24693,VAN,MON,30001238,Jake DeBrusk,assists,rf_qrf_assists,0.3.0,empirical_qrf,0.0,0.0,0.0,,2662215555207871876,2026-01-12 13:58:58.762344
2026-01-12,24693,VAN,MON,30001299,Tyler Myers,assists,rf_qrf_assists,0.3.0,empirical_qrf,0.0,0.0,0.0,,2662215555207871876,2026-01-12 13:58:58.762344
2026-01-12,24693,VAN,MON,30001949,Guillaume Brisebois,assists,rf_qrf_assists,0.3.0,empirical_qrf,0.0,0.0,0.0,,2662215555207871876,2026-01-12 13:58:58.762344
2026-01-12,24693,VAN,MON,30002479,Teddy Blueger,assists,rf_qrf_assists,0.3.0,empirical_qrf,0.0,0.0,0.0,,2662215555207871876,2026-01-12 13:58:58.762344
2026-01-12,24693,MON,VAN,30006060,David Reinbacher,assists,rf_qrf_assists,0.3.0,empirical_qrf,0.0,0.0,0.0,,2662215555207871876,2026-01-12 13:58:58.762344
2026-01-12,24693,MON,VAN,30006127,Jacob Fowler,assists,rf_qrf_assists,0.3.0,empirical_qrf,0.0,0.0,0.0,,2662215555207871876,2026-01-12 13:58:58.762344
2026-01-12,24693,MON,VAN,30006152,Florian Xhekaj,assists,rf_qrf_assists,0.3.0,empirical_qrf,0.0,0.0,0.0,,2662215555207871876,2026-01-12 13:58:58.762344
2026-01-12,24693,MON,VAN,30006358,Israel Mianscum,assists,rf_qrf_assists,0.3.0,empirical_qrf,0.0,0.0,0.0,,2662215555207871876,2026-01-12 13:58:58.762344
2026-01-12,24693,MON,VAN,30006485,Ivan Demidov,assists,rf_qrf_assists,0.3.0,empirical_qrf,0.0,0.0,0.0,,2662215555207871876,2026-01-12 13:58:58.762344
2026-01-12,24693,VAN,MON,30005887,Victor Mancini,assists,rf_qrf_assists,0.3.0,empirical_qrf,0.0,0.0,0.0,,2662215555207871876,2026-01-12 13:58:58.762344
2026-01-12,24693,MON,VAN,30005574,Lucas Condotta,assists,rf_qrf_assists,0.3.0,empirical_qrf,0.0,0.0,0.0,,2662215555207871876,2026-01-12 13:58:58.762344
2026-01-12,24693,MON,VAN,30005631,Juraj Slafkovsky,assists,rf_qrf_assists,0.3.0,empirical_qrf,0.0,0.0,0.0,,2662215555207871876,2026-01-12 13:58:58.762344
2026-01-12,24693,MON,VAN,30005645,Filip Mesar,assists,rf_qrf_assists,0.3.0,empirical_qrf,0.0,0.0,0.0,,2662215555207871876,2026-01-12 13:58:58.762344
2026-01-12,24693,MON,VAN,30005655,Lane Hutson,assists,rf_qrf_assists,0.3.0,empirical_qrf,0.0,0.0,0.0,,2662215555207871876,2026-01-12 13:58:58.762344
2026-01-12,24693,MON,VAN,30005656,Owen Beck,assists,rf_qrf_assists,0.3.0,empirical_qrf,0.0,0.0,0.0,,2662215555207871876,2026-01-12 13:58:58.762344
2026-01-12,24693,MON,VAN,30005806,Jared Davidson,assists,rf_qrf_assists,0.3.0,empirical_qrf,0.0,0.0,0.0,,2662215555207871876,2026-01-12 13:58:58.762344
2026-01-12,24693,MON,VAN,30005122,Xavier Simoneau,assists,rf_qrf_assists,0.3.0,empirical_qrf,0.0,0.0,0.0,,2662215555207871876,2026-01-12 13:58:58.762344
2026-01-12,24693,MON,VAN,30005127,Joe Vrbetic,assists,rf_qrf_assists,0.3.0,empirical_qrf,0.0,0.0,0.0,,2662215555207871876,2026-01-12 13:58:58.762344
2026-01-12,24693,MON,VAN,30005128,Arber Xhekaj,assists,rf_qrf_assists,0.3.0,empirical_qrf,0.0,0.0,0.0,,2662215555207871876,2026-01-12 13:58:58.762344
2026-01-12,24693,MON,VAN,30005287,Gannon Laroque,assists,rf_qrf_assists,0.3.0,empirical_qrf,0.0,0.0,0.0,,2662215555207871876,2026-01-12 13:58:58.762344
2026-01-12,24693,MON,VAN,30005288,Ben Gaudreau,assists,rf_qrf_assists,0.3.0,empirical_qrf,0.0,0.0,0.0,,2662215555207871876,2026-01-12 13:58:58.762344
2026-01-12,24693,MON,VAN,30005534,Jakub Dobes,assists,rf_qrf_assists,0.3.0,empirical_qrf,0.0,0.0,0.0,,2662215555207871876,2026-01-12 13:58:58.762344
2026-01-12,24693,MON,VAN,30004950,Marc Del Gaizo,assists,rf_qrf_assists,0.3.0,empirical_qrf,0.0,0.0,0.0,,2662215555207871876,2026-01-12 13:58:58.762344
2026-01-12,24693,MON,VAN,30004990,Zachary Bolduc,assists,rf_qrf_assists,0.3.0,empirical_qrf,0.0,0.0,0.0,,2662215555207871876,2026-01-12 13:58:58.762344
2026-01-12,24693,MON,VAN,30005021,Oliver Kapanen,assists,rf_qrf_assists,0.3.0,empirical_qrf,0.0,0.0,0.0,,2662215555207871876,2026-01-12 13:58:58.762344
2026-01-12,24693,MON,VAN,30005022,Riley Kidney,assists,rf_qrf_assists,0.3.0,empirical_qrf,0.0,0.0,0.0,,2662215555207871876,2026-01-12 13:58:58.762344
2026-01-12,24693,MON,VAN,30005118,Tobie Paquette-Bisson,assists,rf_qrf_assists,0.3.0,empirical_qrf,0.0,0.0,0.0,,2662215555207871876,2026-01-12 13:58:58.762344
2026-01-12,24693,MON,VAN,30005121,Joshua Roy,assists,rf_qrf_assists,0.3.0,empirical_qrf,0.0,0.0,0.0,,2662215555207871876,2026-01-12 13:58:58.762344
2026-01-12,24693,MON,VAN,30004559,Jayden Struble,assists,rf_qrf_assists,0.3.0,empirical_qrf,0.0,0.0,0.0,,2662215555207871876,2026-01-12 13:58:58.762344
2026-01-12,24693,MON,VAN,30004803,Kaiden Guhle,assists,rf_qrf_assists,0.3.0,empirical_qrf,0.0,0.0,0.0,,2662215555207871876,2026-01-12 13:58:58.762344
2026-01-12,24693,MON,VAN,30004866,Ryan O'Rourke,assists,rf_qrf_assists,0.3.0,empirical_qrf,0.0,0.0,0.0,,2662215555207871876,2026-01-12 13:58:58.762344
2026-01-12,24693,MON,VAN,30004876,Ty Smilanic,assists,rf_qrf_assists,0.3.0,empirical_qrf,0.0,0.0,0.0,,2662215555207871876,2026-01-12 13:58:58.762344
2026-01-12,24693,MON,VAN,30004894,Sean Farrell,assists,rf_qrf_assists,0.3.0,empirical_qrf,0.0,0.0,0.0,,2662215555207871876,2026-01-12 13:58:58.762344
2026-01-12,24693,MON,VAN,30004928,Cole Caufield,assists,rf_qrf_assists,0.3.0,empirical_qrf,0.0,0.0,0.0,,2662215555207871876,2026-01-12 13:58:58.762344
2026-01-12,24693,MON,VAN,30004204,Wyatte Wylie,assists,rf_qrf_assists,0.3.0,empirical_qrf,0.0,0.0,0.0,,2662215555207871876,2026-01-12 13:58:58.762344
2026-01-12,24693,MON,VAN,30004284,Kevin Mandolese,assists,rf_qrf_assists,0.3.0,empirical_qrf,0.0,0.0,0.0,,2662215555207871876,2026-01-12 13:58:58.762344
2026-01-12,24693,MON,VAN,30004361,Josh Anderson,assists,rf_qrf_assists,0.3.0,empirical_qrf,0.0,0.0,0.0,,2662215555207871876,2026-01-12 13:58:58.762344
2026-01-12,24693,MON,VAN,30004472,Kirby Dach,assists,rf_qrf_assists,0.3.0,empirical_qrf,0.0,0.0,0.0,,2662215555207871876,2026-01-12 13:58:58.762344
2026-01-12,24693,MON,VAN,30004486,Alex Newhook,assists,rf_qrf_assists,0.3.0,empirical_qrf,0.0,0.0,0.0,,2662215555207871876,2026-01-12 13:58:58.762344
2026-01-12,24693,MON,VAN,30004520,Hunter Jones,assists,rf_qrf_assists,0.3.0,empirical_qrf,0.0,0.0,0.0,,2662215555207871876,2026-01-12 13:58:58.762344
2026-01-12,24693,MON,VAN,30003687,Alexandre Texier,assists,rf_qrf_assists,0.3.0,empirical_qrf,0.0,0.0,0.0,,2662215555207871876,2026-01-12 13:58:58.762344
2026-01-12,24693,MON,VAN,30003901,Alex Belzile,assists,rf_qrf_assists,0.3.0,empirical_qrf,0.0,0.0,0.0,,2662215555207871876,2026-01-12 13:58:58.762344
2026-01-12,24693,MON,VAN,30003958,Nate Clurman,assists,rf_qrf_assists,0.3.0,empirical_qrf,0.0,0.0,0.0,,2662215555207871876,2026-01-12 13:58:58.762344
2026-01-12,24693,MON,VAN,30003990,Jake Evans,assists,rf_qrf_assists,0.3.0,empirical_qrf,0.0,0.0,0.0,,2662215555207871876,2026-01-12 13:58:58.762344
2026-01-12,24693,MON,VAN,30004086,Noah Dobson,assists,rf_qrf_assists,0.3.0,empirical_qrf,0.0,0.0,0.0,,2662215555207871876,2026-01-12 13:58:58.762344
2026-01-12,24693,MON,VAN,30004101,Joe Veleno,assists,rf_qrf_assists,0.3.0,empirical_qrf,0.0,0.0,0.0,,2662215555207871876,2026-01-12 13:58:58.762344
2026-01-12,24693,MON,VAN,30002601,Joshua Jacobs,assists,rf_qrf_assists,0.3.0,empirical_qrf,0.0,0.0,0.0,,2662215555207871876,2026-01-12 13:58:58.762344
2026-01-12,24693,MON,VAN,30002663,Vincent Arseneau,assists,rf_qrf_assists,0.3.0,empirical_qrf,0.0,0.0,0.0,,2662215555207871876,2026-01-12 13:58:58.762344
2026-01-12,24693,MON,VAN,30002781,Sam Montembeault,assists,rf_qrf_assists,0.3.0,empirical_qrf,0.0,0.0,0.0,,2662215555207871876,2026-01-12 13:58:58.762344
2026-01-12,24693,MON,VAN,30002825,Alexandre Carrier,assists,rf_qrf_assists,0.3.0,empirical_qrf,0.0,0.0,0.0,,2662215555207871876,2026-01-12 13:58:58.762344
2026-01-12,24693,MON,VAN,30003131,Patrik Laine,assists,rf_qrf_assists,0.3.0,empirical_qrf,0.0,0.0,0.0,,2662215555207871876,2026-01-12 13:58:58.762344
2026-01-12,24693,MON,VAN,30003667,Nick Suzuki,assists,rf_qrf_assists,0.3.0,empirical_qrf,0.0,0.0,0.0,,2662215555207871876,2026-01-12 13:58:58.762344
2026-01-12,24693,MON,VAN,30000227,Mike Matheson,assists,rf_qrf_assists,0.3.0,empirical_qrf,0.0,0.0,0.0,,2662215555207871876,2026-01-12 13:58:58.762344
2026-01-12,24693,MON,VAN,30000555,Tyler Wotherspoon,assists,rf_qrf_assists,0.3.0,empirical_qrf,0.0,0.0,0.0,,2662215555207871876,2026-01-12 13:58:58.762344
2026-01-12,24693,MON,VAN,30000670,Sammy Blais,assists,rf_qrf_assists,0.3.0,empirical_qrf,0.0,0.0,0.0,,2662215555207871876,2026-01-12 13:58:58.762344
2026-01-12,24693,MON,VAN,30001395,Laurent Dauphin,assists,rf_qrf_assists,0.3.0,empirical_qrf,0.0,0.0,0.0,,2662215555207871876,2026-01-12 13:58:58.762344
2026-01-12,24693,MON,VAN,30001424,Phillip Danault,assists,rf_qrf_assists,0.3.0,empirical_qrf,0.0,0.0,0.0,,2662215555207871876,2026-01-12 13:58:58.762344
2026-01-12,24693,MON,VAN,30002592,Kaapo Kahkonen,assists,rf_qrf_assists,0.3.0,empirical_qrf,0.0,0.0,0.0,,2662215555207871876,2026-01-12 13:58:58.762344
2026-01-12,24693,VAN,MON,30006037,Nikita Tolopilo,assists,rf_qrf_assists,0.3.0,empirical_qrf,0.0,0.0,0.0,,2662215555207871876,2026-01-12 13:58:58.762344
2026-01-12,24693,VAN,MON,30006067,Tom Willander,assists,rf_qrf_assists,0.3.0,empirical_qrf,0.0,0.0,0.0,,2662215555207871876,2026-01-12 13:58:58.762344
2026-01-12,24693,VAN,MON,30006320,Joe Arntsen,assists,rf_qrf_assists,0.3.0,empirical_qrf,0.0,0.0,0.0,,2662215555207871876,2026-01-12 13:58:58.762344
2026-01-12,24693,VAN,MON,30006441,Elias Nils Pettersson,assists,rf_qrf_assists,0.3.0,empirical_qrf,0.0,0.0,0.0,,2662215555207871876,2026-01-12 13:58:58.762344
2026-01-12,24693,VAN,MON,30006486,Zeev Buium,assists,rf_qrf_assists,0.3.0,empirical_qrf,0.0,0.0,0.0,,2662215555207871876,2026-01-12 13:58:58.762344
2026-01-12,24693,MON,VAN,30000015,Brendan Gallagher,assists,rf_qrf_assists,0.3.0,empirical_qrf,0.0,0.0,0.0,,2662215555207871876,2026-01-12 13:58:58.762344
2026-01-12,24693,VAN,MON,30005619,Jonathan Lekkerimaki,assists,rf_qrf_assists,0.3.0,empirical_qrf,0.0,0.0,0.0,,2662215555207871876,2026-01-12 13:58:58.762344
2026-01-12,24693,VAN,MON,30005642,Liam Ohgren,assists,rf_qrf_assists,0.3.0,empirical_qrf,0.0,0.0,0.0,,2662215555207871876,2026-01-12 13:58:58.762344
2026-01-12,24693,VAN,MON,30005747,Jonathan Lemieux,assists,rf_qrf_assists,0.3.0,empirical_qrf,0.0,0.0,0.0,,2662215555207871876,2026-01-12 13:58:58.762344
2026-01-12,24693,VAN,MON,30005831,Kirill Kudryavtsev,assists,rf_qrf_assists,0.3.0,empirical_qrf,0.0,0.0,0.0,,2662215555207871876,2026-01-12 13:58:58.762344
2026-01-12,24693,VAN,MON,30005837,Ty Young,assists,rf_qrf_assists,0.3.0,empirical_qrf,0.0,0.0,0.0,,2662215555207871876,2026-01-12 13:58:58.762344
2026-01-12,24693,VAN,MON,30006031,Max Sasson,assists,rf_qrf_assists,0.3.0,empirical_qrf,0.0,0.0,0.0,,2662215555207871876,2026-01-12 13:58:58.762344
2026-01-12,24693,VAN,MON,30005028,Aatu Raty,assists,rf_qrf_assists,0.3.0,empirical_qrf,0.0,0.0,0.0,,2662215555207871876,2026-01-12 13:58:58.762344
2026-01-12,24693,VAN,MON,30005100,Cooper Walker,assists,rf_qrf_assists,0.3.0,empirical_qrf,0.0,0.0,0.0,,2662215555207871876,2026-01-12 13:58:58.762344
2026-01-12,24693,VAN,MON,30005145,Josh Bloom,assists,rf_qrf_assists,0.3.0,empirical_qrf,0.0,0.0,0.0,,2662215555207871876,2026-01-12 13:58:58.762344
2026-01-12,24693,VAN,MON,30005171,Dino Kambeitz,assists,rf_qrf_assists,0.3.0,empirical_qrf,0.0,0.0,0.0,,2662215555207871876,2026-01-12 13:58:58.762344
2026-01-12,24693,VAN,MON,30005456,Nils Aman,assists,rf_qrf_assists,0.3.0,empirical_qrf,0.0,0.0,0.0,,2662215555207871876,2026-01-12 13:58:58.762344
2026-01-12,24693,VAN,MON,30005566,Arshdeep Bains,assists,rf_qrf_assists,0.3.0,empirical_qrf,0.0,0.0,0.0,,2662215555207871876,2026-01-12 13:58:58.762344
2026-01-12,24693,VAN,MON,30004531,Nils Hoglander,assists,rf_qrf_assists,0.3.0,empirical_qrf,0.0,0.0,0.0,,2662215555207871876,2026-01-12 13:58:58.762344
2026-01-12,24693,VAN,MON,30004581,Nikolai Knyzhov,assists,rf_qrf_assists,0.3.0,empirical_qrf,0.0,0.0,0.0,,2662215555207871876,2026-01-12 13:58:58.762344
2026-01-12,24693,VAN,MON,30004741,Drew O'Connor,assists,rf_qrf_assists,0.3.0,empirical_qrf,0.0,0.0,0.0,,2662215555207871876,2026-01-12 13:58:58.762344
2026-01-12,24693,VAN,MON,30004817,Lukas Reichel,assists,rf_qrf_assists,0.3.0,empirical_qrf,0.0,0.0,0.0,,2662215555207871876,2026-01-12 13:58:58.762344
2026-01-12,24693,VAN,MON,30004818,Marco Rossi,assists,rf_qrf_assists,0.3.0,empirical_qrf,0.0,0.0,0.0,,2662215555207871876,2026-01-12 13:58:58.762344
2026-01-12,24693,VAN,MON,30005016,Danila Klimovich,assists,rf_qrf_assists,0.3.0,empirical_qrf,0.0,0.0,0.0,,2662215555207871876,2026-01-12 13:58:58.762344
2026-01-12,24693,VAN,MON,30004001,Kiefer Sherwood,assists,rf_qrf_assists,0.3.0,empirical_qrf,0.0,0.0,0.0,,2662215555207871876,2026-01-12 13:58:58.762344
2026-01-12,24693,VAN,MON,30004058,Kevin Lankinen,assists,rf_qrf_assists,0.3.0,empirical_qrf,0.0,0.0,0.0,,2662215555207871876,2026-01-12 13:58:58.762344
2026-01-12,24693,VAN,MON,30004140,Jett Woo,assists,rf_qrf_assists,0.3.0,empirical_qrf,0.0,0.0,0.0,,2662215555207871876,2026-01-12 13:58:58.762344
2026-01-12,24693,VAN,MON,30004153,Linus Karlsson,assists,rf_qrf_assists,0.3.0,empirical_qrf,0.0,0.0,0.0,,2662215555207871876,2026-01-12 13:58:58.762344
2026-01-12,24693,VAN,MON,30004227,Chase Wouters,assists,rf_qrf_assists,0.3.0,empirical_qrf,0.0,0.0,0.0,,2662215555207871876,2026-01-12 13:58:58.762344
2026-01-12,24693,VAN,MON,30004425,Jimmy Schuldt,assists,rf_qrf_assists,0.3.0,empirical_qrf,0.0,0.0,0.0,,2662215555207871876,2026-01-12 13:58:58.762344
2026-01-12,24693,VAN,MON,30003193,Filip Hronek,assists,rf_qrf_assists,0.3.0,empirical_qrf,0.0,0.0,0.0,,2662215555207871876,2026-01-12 13:58:58.762344
2026-01-12,24693,VAN,MON,30003604,David Kampf,assists,rf_qrf_assists,0.3.0,empirical_qrf,0.0,0.0,0.0,,2662215555207871876,2026-01-12 13:58:58.762344
2026-01-12,24693,VAN,MON,30003647,Elias Pettersson,assists,rf_qrf_assists,0.3.0,empirical_qrf,0.0,0.0,0.0,,2662215555207871876,2026-01-12 13:58:58.762344
2026-01-12,24693,VAN,MON,30003655,Filip Chytil,assists,rf_qrf_assists,0.3.0,empirical_qrf,0.0,0.0,0.0,,2662215555207871876,2026-01-12 13:58:58.762344
2026-01-12,24693,VAN,MON,30003666,Pierre-Olivier Joseph,assists,rf_qrf_assists,0.3.0,empirical_qrf,0.0,0.0,0.0,,2662215555207871876,2026-01-12 13:58:58.762344
2026-01-12,24693,VAN,MON,30003776,Jiri Patera,assists,rf_qrf_assists,0.3.0,empirical_qrf,0.0,0.0,0.0,,2662215555207871876,2026-01-12 13:58:58.762344
2026-01-12,24693,VAN,MON,30002581,Thatcher Demko,assists,rf_qrf_assists,0.3.0,empirical_qrf,0.0,0.0,0.0,,2662215555207871876,2026-01-12 13:58:58.762344
2026-01-12,24693,VAN,MON,30002587,Marcus Pettersson,assists,rf_qrf_assists,0.3.0,empirical_qrf,0.0,0.0,0.0,,2662215555207871876,2026-01-12 13:58:58.762344
2026-01-12,24693,VAN,MON,30002777,Brock Boeser,assists,rf_qrf_assists,0.3.0,empirical_qrf,0.0,0.0,0.0,,2662215555207871876,2026-01-12 13:58:58.762344
2026-01-12,24693,VAN,MON,30002793,Joseph Labate,assists,rf_qrf_assists,0.3.0,empirical_qrf,0.0,0.0,0.0,,2662215555207871876,2026-01-12 13:58:58.762344
2026-01-12,24693,VAN,MON,30002876,Conor Garland,assists,rf_qrf_assists,0.3.0,empirical_qrf,0.0,0.0,0.0,,2662215555207871876,2026-01-12 13:58:58.762344
2026-01-12,24693,VAN,MON,30003063,Mackenzie MacEachern,assists,rf_qrf_assists,0.3.0,empirical_qrf,0.0,0.0,0.0,,2662215555207871876,2026-01-12 13:58:58.762344
2026-01-12,24694,NJ,MIN,30000070,Dougie Hamilton,assists,rf_qrf_assists,0.3.0,empirical_qrf,0.0,0.0,0.0,,2662215555207871876,2026-01-12 13:58:58.762344
2026-01-12,24694,NJ,MIN,30000210,Colton White,assists,rf_qrf_assists,0.3.0,empirical_qrf,0.0,0.0,0.0,,2662215555207871876,2026-01-12 13:58:58.762344
2026-01-12,24694,NJ,MIN,30000368,Brett Pesce,assists,rf_qrf_assists,0.3.0,empirical_qrf,0.0,0.0,0.0,,2662215555207871876,2026-01-12 13:58:58.762344
2026-01-12,24694,NJ,MIN,30000491,Connor Brown,assists,rf_qrf_assists,0.3.0,empirical_qrf,0.0,0.0,0.0,,2662215555207871876,2026-01-12 13:58:58.762344
2026-01-12,24694,NJ,MIN,30000573,Jacob Markstrom,assists,rf_qrf_assists,0.3.0,empirical_qrf,0.0,0.0,0.0,,2662215555207871876,2026-01-12 13:58:58.762344
2026-01-12,24694,NJ,MIN,30000665,Jake Allen,assists,rf_qrf_assists,0.3.0,empirical_qrf,0.0,0.0,0.0,,2662215555207871876,2026-01-12 13:58:58.762344
2026-01-12,24694,MIN,NJ,30006110,Rasmus Kumpulainen,assists,rf_qrf_assists,0.3.0,empirical_qrf,0.0,0.0,0.0,,2662215555207871876,2026-01-12 13:58:58.762344
2026-01-12,24694,MIN,NJ,30006308,Bradley Marek,assists,rf_qrf_assists,0.3.0,empirical_qrf,0.0,0.0,0.0,,2662215555207871876,2026-01-12 13:58:58.762344
2026-01-12,24694,MIN,NJ,30003167,Boris Katchouk,assists,rf_qrf_assists,0.3.0,empirical_qrf,0.0,0.0,0.0,,2662215555207871876,2026-01-12 13:58:58.762344
2026-01-12,24694,NJ,MIN,30003154,Dennis Cholowski,assists,rf_qrf_assists,0.3.0,empirical_qrf,0.0,0.0,0.0,,2662215555207871876,2026-01-12 13:58:58.762344
2026-01-12,24694,MIN,NJ,30001192,Tyler Pitlick,assists,rf_qrf_assists,0.3.0,empirical_qrf,0.0,0.0,0.0,,2662215555207871876,2026-01-12 13:58:58.762344
2026-01-12,24694,MIN,NJ,30005361,Benjamin Brinkman,assists,rf_qrf_assists,0.3.0,empirical_qrf,0.0,0.0,0.0,,2662215555207871876,2026-01-12 13:58:58.762344
2026-01-12,24694,MIN,NJ,30005612,David Jiricek,assists,rf_qrf_assists,0.3.0,empirical_qrf,0.0,0.0,0.0,,2662215555207871876,2026-01-12 13:58:58.762344
2026-01-12,24694,MIN,NJ,30005627,Danila Yurov,assists,rf_qrf_assists,0.3.0,empirical_qrf,0.0,0.0,0.0,,2662215555207871876,2026-01-12 13:58:58.762344
2026-01-12,24694,MIN,NJ,30005669,Hunter Haight,assists,rf_qrf_assists,0.3.0,empirical_qrf,0.0,0.0,0.0,,2662215555207871876,2026-01-12 13:58:58.762344
2026-01-12,24694,MIN,NJ,30005845,David Spacek,assists,rf_qrf_assists,0.3.0,empirical_qrf,0.0,0.0,0.0,,2662215555207871876,2026-01-12 13:58:58.762344
2026-01-12,24694,MIN,NJ,30006109,Riley Heidt,assists,rf_qrf_assists,0.3.0,empirical_qrf,0.0,0.0,0.0,,2662215555207871876,2026-01-12 13:58:58.762344
2026-01-12,24694,MIN,NJ,30005005,Oskar Olausson,assists,rf_qrf_assists,0.3.0,empirical_qrf,0.0,0.0,0.0,,2662215555207871876,2026-01-12 13:58:58.762344
2026-01-12,24694,MIN,NJ,30005007,Carson Lambos,assists,rf_qrf_assists,0.3.0,empirical_qrf,0.0,0.0,0.0,,2662215555207871876,2026-01-12 13:58:58.762344
2026-01-12,24694,MIN,NJ,30005008,Jesper Wallstedt,assists,rf_qrf_assists,0.3.0,empirical_qrf,0.0,0.0,0.0,,2662215555207871876,2026-01-12 13:58:58.762344
2026-01-12,24694,MIN,NJ,30005094,Cameron Butler,assists,rf_qrf_assists,0.3.0,empirical_qrf,0.0,0.0,0.0,,2662215555207871876,2026-01-12 13:58:58.762344
2026-01-12,24694,MIN,NJ,30005102,Caedan Bankier,assists,rf_qrf_assists,0.3.0,empirical_qrf,0.0,0.0,0.0,,2662215555207871876,2026-01-12 13:58:58.762344
2026-01-12,24694,MIN,NJ,30005274,Louka Henault,assists,rf_qrf_assists,0.3.0,empirical_qrf,0.0,0.0,0.0,,2662215555207871876,2026-01-12 13:58:58.762344
2026-01-12,24694,MIN,NJ,30004417,Nico Sturm,assists,rf_qrf_assists,0.3.0,empirical_qrf,0.0,0.0,0.0,,2662215555207871876,2026-01-12 13:58:58.762344
2026-01-12,24694,MIN,NJ,30004480,Matt Boldy,assists,rf_qrf_assists,0.3.0,empirical_qrf,0.0,0.0,0.0,,2662215555207871876,2026-01-12 13:58:58.762344
2026-01-12,24694,MIN,NJ,30004784,Kirill Kaprizov,assists,rf_qrf_assists,0.3.0,empirical_qrf,0.0,0.0,0.0,,2662215555207871876,2026-01-12 13:58:58.762344
2026-01-12,24694,MIN,NJ,30004835,Brock Faber,assists,rf_qrf_assists,0.3.0,empirical_qrf,0.0,0.0,0.0,,2662215555207871876,2026-01-12 13:58:58.762344
2026-01-12,24694,MIN,NJ,30004847,Daemon Hunt,assists,rf_qrf_assists,0.3.0,empirical_qrf,0.0,0.0,0.0,,2662215555207871876,2026-01-12 13:58:58.762344
2026-01-12,24694,MIN,NJ,30004970,Wyatt Newpower,assists,rf_qrf_assists,0.3.0,empirical_qrf,0.0,0.0,0.0,,2662215555207871876,2026-01-12 13:58:58.762344
2026-01-12,24694,MIN,NJ,30002820,Joel Eriksson Ek,assists,rf_qrf_assists,0.3.0,empirical_qrf,0.0,0.0,0.0,,2662215555207871876,2026-01-12 13:58:58.762344
2026-01-12,24694,MIN,NJ,30003173,Filip Gustavsson,assists,rf_qrf_assists,0.3.0,empirical_qrf,0.0,0.0,0.0,,2662215555207871876,2026-01-12 13:58:58.762344
2026-01-12,24694,MIN,NJ,30003611,Cal Petersen,assists,rf_qrf_assists,0.3.0,empirical_qrf,0.0,0.0,0.0,,2662215555207871876,2026-01-12 13:58:58.762344
2026-01-12,24694,MIN,NJ,30003774,Ben Jones,assists,rf_qrf_assists,0.3.0,empirical_qrf,0.0,0.0,0.0,,2662215555207871876,2026-01-12 13:58:58.762344
2026-01-12,24694,MIN,NJ,30004080,Quinn Hughes,assists,rf_qrf_assists,0.3.0,empirical_qrf,0.0,0.0,0.0,,2662215555207871876,2026-01-12 13:58:58.762344
2026-01-12,24694,MIN,NJ,30004196,Ben Gleason,assists,rf_qrf_assists,0.3.0,empirical_qrf,0.0,0.0,0.0,,2662215555207871876,2026-01-12 13:58:58.762344
2026-01-12,24694,MIN,NJ,30001012,Ryan Hartman,assists,rf_qrf_assists,0.3.0,empirical_qrf,0.0,0.0,0.0,,2662215555207871876,2026-01-12 13:58:58.762344
2026-01-12,24694,MIN,NJ,30001013,Vinnie Hinostroza,assists,rf_qrf_assists,0.3.0,empirical_qrf,0.0,0.0,0.0,,2662215555207871876,2026-01-12 13:58:58.762344
2026-01-12,24694,MIN,NJ,30001087,Mats Zuccarello,assists,rf_qrf_assists,0.3.0,empirical_qrf,0.0,0.0,0.0,,2662215555207871876,2026-01-12 13:58:58.762344
2026-01-12,24694,MIN,NJ,30001309,Marcus Johansson,assists,rf_qrf_assists,0.3.0,empirical_qrf,0.0,0.0,0.0,,2662215555207871876,2026-01-12 13:58:58.762344
2026-01-12,24694,MIN,NJ,30001355,Zach Bogosian,assists,rf_qrf_assists,0.3.0,empirical_qrf,0.0,0.0,0.0,,2662215555207871876,2026-01-12 13:58:58.762344
2026-01-12,24694,MIN,NJ,30002719,Jacob Middleton,assists,rf_qrf_assists,0.3.0,empirical_qrf,0.0,0.0,0.0,,2662215555207871876,2026-01-12 13:58:58.762344
2026-01-12,24694,MIN,NJ,30000257,Yakov Trenin,assists,rf_qrf_assists,0.3.0,empirical_qrf,0.0,0.0,0.0,,2662215555207871876,2026-01-12 13:58:58.762344
2026-01-12,24694,MIN,NJ,30000266,Nicolas Aube-Kubel,assists,rf_qrf_assists,0.3.0,empirical_qrf,0.0,0.0,0.0,,2662215555207871876,2026-01-12 13:58:58.762344
2026-01-12,24694,MIN,NJ,30000499,Marcus Foligno,assists,rf_qrf_assists,0.3.0,empirical_qrf,0.0,0.0,0.0,,2662215555207871876,2026-01-12 13:58:58.762344
2026-01-12,24694,MIN,NJ,30000517,Jared Spurgeon,assists,rf_qrf_assists,0.3.0,empirical_qrf,0.0,0.0,0.0,,2662215555207871876,2026-01-12 13:58:58.762344
2026-01-12,24694,MIN,NJ,30000524,Jonas Brodin,assists,rf_qrf_assists,0.3.0,empirical_qrf,0.0,0.0,0.0,,2662215555207871876,2026-01-12 13:58:58.762344
2026-01-12,24694,MIN,NJ,30000797,Vladimir Tarasenko,assists,rf_qrf_assists,0.3.0,empirical_qrf,0.0,0.0,0.0,,2662215555207871876,2026-01-12 13:58:58.762344
2026-01-12,24694,NJ,MIN,30005466,Arseniy Gritsyuk,assists,rf_qrf_assists,0.3.0,empirical_qrf,0.0,0.0,0.0,,2662215555207871876,2026-01-12 13:58:58.762344
2026-01-12,24694,NJ,MIN,30005561,Marc McLaughlin,assists,rf_qrf_assists,0.3.0,empirical_qrf,0.0,0.0,0.0,,2662215555207871876,2026-01-12 13:58:58.762344
2026-01-12,24694,NJ,MIN,30005569,Brian Halonen,assists,rf_qrf_assists,0.3.0,empirical_qrf,0.0,0.0,0.0,,2662215555207871876,2026-01-12 13:58:58.762344
2026-01-12,24694,NJ,MIN,30005613,Simon Nemec,assists,rf_qrf_assists,0.3.0,empirical_qrf,0.0,0.0,0.0,,2662215555207871876,2026-01-12 13:58:58.762344
2026-01-12,24694,NJ,MIN,30006223,Jeremy Hanzel,assists,rf_qrf_assists,0.3.0,empirical_qrf,0.0,0.0,0.0,,2662215555207871876,2026-01-12 13:58:58.762344
2026-01-12,24694,NJ,MIN,30006356,Matyas Melovsky,assists,rf_qrf_assists,0.3.0,empirical_qrf,0.0,0.0,0.0,,2662215555207871876,2026-01-12 13:58:58.762344
2026-01-12,24694,NJ,MIN,30004549,Nathan Legare,assists,rf_qrf_assists,0.3.0,empirical_qrf,0.0,0.0,0.0,,2662215555207871876,2026-01-12 13:58:58.762344
2026-01-12,24694,NJ,MIN,30004810,Dawson Mercer,assists,rf_qrf_assists,0.3.0,empirical_qrf,0.0,0.0,0.0,,2662215555207871876,2026-01-12 13:58:58.762344
2026-01-12,24694,NJ,MIN,30004827,Thomas Bordeleau,assists,rf_qrf_assists,0.3.0,empirical_qrf,0.0,0.0,0.0,,2662215555207871876,2026-01-12 13:58:58.762344
2026-01-12,24694,NJ,MIN,30004833,Nico Daws,assists,rf_qrf_assists,0.3.0,empirical_qrf,0.0,0.0,0.0,,2662215555207871876,2026-01-12 13:58:58.762344
2026-01-12,24694,NJ,MIN,30004986,Luke Hughes,assists,rf_qrf_assists,0.3.0,empirical_qrf,0.0,0.0,0.0,,2662215555207871876,2026-01-12 13:58:58.762344
2026-01-12,24694,NJ,MIN,30005278,Mikael Diotte,assists,rf_qrf_assists,0.3.0,empirical_qrf,0.0,0.0,0.0,,2662215555207871876,2026-01-12 13:58:58.762344
2026-01-12,24694,NJ,MIN,30003642,Cody Glass,assists,rf_qrf_assists,0.3.0,empirical_qrf,0.0,0.0,0.0,,2662215555207871876,2026-01-12 13:58:58.762344
2026-01-12,24694,NJ,MIN,30003726,Johnathan Kovacevic,assists,rf_qrf_assists,0.3.0,empirical_qrf,0.0,0.0,0.0,,2662215555207871876,2026-01-12 13:58:58.762344
2026-01-12,24694,NJ,MIN,30003983,Austin Strand,assists,rf_qrf_assists,0.3.0,empirical_qrf,0.0,0.0,0.0,,2662215555207871876,2026-01-12 13:58:58.762344
2026-01-12,24694,NJ,MIN,30004112,Calen Addison,assists,rf_qrf_assists,0.3.0,empirical_qrf,0.0,0.0,0.0,,2662215555207871876,2026-01-12 13:58:58.762344
2026-01-12,24694,NJ,MIN,30004384,Paul Cotter,assists,rf_qrf_assists,0.3.0,empirical_qrf,0.0,0.0,0.0,,2662215555207871876,2026-01-12 13:58:58.762344
2026-01-12,24694,NJ,MIN,30004470,Jack Hughes,assists,rf_qrf_assists,0.3.0,empirical_qrf,0.0,0.0,0.0,,2662215555207871876,2026-01-12 13:58:58.762344
2026-01-12,24694,NJ,MIN,30001786,Evgenii Dadonov,assists,rf_qrf_assists,0.3.0,empirical_qrf,0.0,0.0,0.0,,2662215555207871876,2026-01-12 13:58:58.762344
2026-01-12,24694,NJ,MIN,30002609,Juho Lammikko,assists,rf_qrf_assists,0.3.0,empirical_qrf,0.0,0.0,0.0,,2662215555207871876,2026-01-12 13:58:58.762344
2026-01-12,24694,NJ,MIN,30003404,Zack MacEwen,assists,rf_qrf_assists,0.3.0,empirical_qrf,0.0,0.0,0.0,,2662215555207871876,2026-01-12 13:58:58.762344
2026-01-12,24694,NJ,MIN,30003568,Joseph Gambardella,assists,rf_qrf_assists,0.3.0,empirical_qrf,0.0,0.0,0.0,,2662215555207871876,2026-01-12 13:58:58.762344
2026-01-12,24694,NJ,MIN,30003612,Jesper Bratt,assists,rf_qrf_assists,0.3.0,empirical_qrf,0.0,0.0,0.0,,2662215555207871876,2026-01-12 13:58:58.762344
2026-01-12,24694,NJ,MIN,30003639,Nico Hischier,assists,rf_qrf_assists,0.3.0,empirical_qrf,0.0,0.0,0.0,,2662215555207871876,2026-01-12 13:58:58.762344
2026-01-12,24694,NJ,MIN,30000844,Luke Glendening,assists,rf_qrf_assists,0.3.0,empirical_qrf,0.0,0.0,0.0,,2662215555207871876,2026-01-12 13:58:58.762344
2026-01-12,24694,NJ,MIN,30000886,Stefan Noesen,assists,rf_qrf_assists,0.3.0,empirical_qrf,0.0,0.0,0.0,,2662215555207871876,2026-01-12 13:58:58.762344
2026-01-12,24694,NJ,MIN,30001052,Ondrej Palat,assists,rf_qrf_assists,0.3.0,empirical_qrf,0.0,0.0,0.0,,2662215555207871876,2026-01-12 13:58:58.762344
2026-01-12,24694,NJ,MIN,30001108,Jonas Siegenthaler,assists,rf_qrf_assists,0.3.0,empirical_qrf,0.0,0.0,0.0,,2662215555207871876,2026-01-12 13:58:58.762344
2026-01-12,24694,NJ,MIN,30001225,Brenden Dillon,assists,rf_qrf_assists,0.3.0,empirical_qrf,0.0,0.0,0.0,,2662215555207871876,2026-01-12 13:58:58.762344
2026-01-12,24694,NJ,MIN,30001226,Timo Meier,assists,rf_qrf_assists,0.3.0,empirical_qrf,0.0,0.0,0.0,,2662215555207871876,2026-01-12 13:58:58.762344
2026-01-12,24695,EDM,CHI,30000180,Josh Brown,assists,rf_qrf_assists,0.3.0,empirical_qrf,0.0,0.0,0.0,,2662215555207871876,2026-01-12 13:58:58.762344
2026-01-12,24695,EDM,CHI,30000250,Mattias Ekholm,assists,rf_qrf_assists,0.3.0,empirical_qrf,0.0,0.0,0.0,,2662215555207871876,2026-01-12 13:58:58.762344
2026-01-12,24695,EDM,CHI,30000392,Tristan Jarry,assists,rf_qrf_assists,0.3.0,empirical_qrf,0.0,0.0,0.0,,2662215555207871876,2026-01-12 13:58:58.762344
2026-01-12,24695,EDM,CHI,30000440,Zach Hyman,assists,rf_qrf_assists,0.3.0,empirical_qrf,0.0,0.0,0.0,,2662215555207871876,2026-01-12 13:58:58.762344
2026-01-12,24695,EDM,CHI,30000443,Kasperi Kapanen,assists,rf_qrf_assists,0.3.0,empirical_qrf,0.0,0.0,0.0,,2662215555207871876,2026-01-12 13:58:58.762344
2026-01-12,24695,EDM,CHI,30000540,Ryan Nugent-Hopkins,assists,rf_qrf_assists,0.3.0,empirical_qrf,0.0,0.0,0.0,,2662215555207871876,2026-01-12 13:58:58.762344
2026-01-12,24695,EDM,CHI,30005646,Isaac Howard,assists,rf_qrf_assists,0.3.0,empirical_qrf,0.0,0.0,0.0,,2662215555207871876,2026-01-12 13:58:58.762344
2026-01-12,24695,CHI,EDM,30000182,Ryan Ellis,assists,rf_qrf_assists,0.3.0,empirical_qrf,0.0,0.0,0.0,,2662215555207871876,2026-01-12 13:58:58.762344
2026-01-12,24695,CHI,EDM,30005839,Jake Furlong,assists,rf_qrf_assists,0.3.0,empirical_qrf,0.0,0.0,0.0,,2662215555207871876,2026-01-12 13:58:58.762344
2026-01-12,24695,CHI,EDM,30006077,Oliver Moore,assists,rf_qrf_assists,0.3.0,empirical_qrf,0.0,0.0,0.0,,2662215555207871876,2026-01-12 13:58:58.762344
2026-01-12,24695,CHI,EDM,30006105,Martin Misiak,assists,rf_qrf_assists,0.3.0,empirical_qrf,0.0,0.0,0.0,,2662215555207871876,2026-01-12 13:58:58.762344
2026-01-12,24695,CHI,EDM,30006145,Nick Lardis,assists,rf_qrf_assists,0.3.0,empirical_qrf,0.0,0.0,0.0,,2662215555207871876,2026-01-12 13:58:58.762344
2026-01-12,24695,CHI,EDM,30006279,Sahil Panwar,assists,rf_qrf_assists,0.3.0,empirical_qrf,0.0,0.0,0.0,,2662215555207871876,2026-01-12 13:58:58.762344
2026-01-12,24695,CHI,EDM,30006312,Joe Carroll,assists,rf_qrf_assists,0.3.0,empirical_qrf,0.0,0.0,0.0,,2662215555207871876,2026-01-12 13:58:58.762344
2026-01-12,24695,CHI,EDM,30006496,Artyom Levshunov,assists,rf_qrf_assists,0.3.0,empirical_qrf,0.0,0.0,0.0,,2662215555207871876,2026-01-12 13:58:58.762344
2026-01-12,24695,CHI,EDM,30005666,Ryan Greene,assists,rf_qrf_assists,0.3.0,empirical_qrf,0.0,0.0,0.0,,2662215555207871876,2026-01-12 13:58:58.762344
2026-01-12,24695,CHI,EDM,30005718,Samuel Savoie,assists,rf_qrf_assists,0.3.0,empirical_qrf,0.0,0.0,0.0,,2662215555207871876,2026-01-12 13:58:58.762344
2026-01-12,24695,CHI,EDM,30005816,Gavin Hayes,assists,rf_qrf_assists,0.3.0,empirical_qrf,0.0,0.0,0.0,,2662215555207871876,2026-01-12 13:58:58.762344
2026-01-12,24695,CHI,EDM,30005819,Andrew Perrott,assists,rf_qrf_assists,0.3.0,empirical_qrf,0.0,0.0,0.0,,2662215555207871876,2026-01-12 13:58:58.762344
2026-01-12,24695,CHI,EDM,30005820,Mitchell Weeks,assists,rf_qrf_assists,0.3.0,empirical_qrf,0.0,0.0,0.0,,2662215555207871876,2026-01-12 13:58:58.762344
2026-01-12,24695,CHI,EDM,30006064,Connor Bedard,assists,rf_qrf_assists,0.3.0,empirical_qrf,0.0,0.0,0.0,,2662215555207871876,2026-01-12 13:58:58.762344
2026-01-12,24695,CHI,EDM,30005052,Dmitry Kuzmin,assists,rf_qrf_assists,0.3.0,empirical_qrf,0.0,0.0,0.0,,2662215555207871876,2026-01-12 13:58:58.762344
2026-01-12,24695,CHI,EDM,30005131,Ryan Mast,assists,rf_qrf_assists,0.3.0,empirical_qrf,0.0,0.0,0.0,,2662215555207871876,2026-01-12 13:58:58.762344
2026-01-12,24695,CHI,EDM,30005163,Ethan Del Mastro,assists,rf_qrf_assists,0.3.0,empirical_qrf,0.0,0.0,0.0,,2662215555207871876,2026-01-12 13:58:58.762344
2026-01-12,24695,CHI,EDM,30005632,Kevin Korchinski,assists,rf_qrf_assists,0.3.0,empirical_qrf,0.0,0.0,0.0,,2662215555207871876,2026-01-12 13:58:58.762344
2026-01-12,24695,CHI,EDM,30005638,Frank Nazar,assists,rf_qrf_assists,0.3.0,empirical_qrf,0.0,0.0,0.0,,2662215555207871876,2026-01-12 13:58:58.762344
2026-01-12,24695,CHI,EDM,30005665,Paul Ludwinski,assists,rf_qrf_assists,0.3.0,empirical_qrf,0.0,0.0,0.0,,2662215555207871876,2026-01-12 13:58:58.762344
2026-01-12,24695,CHI,EDM,30004830,Drew Commesso,assists,rf_qrf_assists,0.3.0,empirical_qrf,0.0,0.0,0.0,,2662215555207871876,2026-01-12 13:58:58.762344
2026-01-12,24695,CHI,EDM,30004850,Wyatt Kaiser,assists,rf_qrf_assists,0.3.0,empirical_qrf,0.0,0.0,0.0,,2662215555207871876,2026-01-12 13:58:58.762344
2026-01-12,24695,CHI,EDM,30004875,Landon Slaggert,assists,rf_qrf_assists,0.3.0,empirical_qrf,0.0,0.0,0.0,,2662215555207871876,2026-01-12 13:58:58.762344
2026-01-12,24695,CHI,EDM,30004946,Jackson Cates,assists,rf_qrf_assists,0.3.0,empirical_qrf,0.0,0.0,0.0,,2662215555207871876,2026-01-12 13:58:58.762344
2026-01-12,24695,CHI,EDM,30004965,Arvid Soderblom,assists,rf_qrf_assists,0.3.0,empirical_qrf,0.0,0.0,0.0,,2662215555207871876,2026-01-12 13:58:58.762344
2026-01-12,24695,CHI,EDM,30005032,Colton Dach,assists,rf_qrf_assists,0.3.0,empirical_qrf,0.0,0.0,0.0,,2662215555207871876,2026-01-12 13:58:58.762344
2026-01-12,24695,CHI,EDM,30003996,Sam Lafferty,assists,rf_qrf_assists,0.3.0,empirical_qrf,0.0,0.0,0.0,,2662215555207871876,2026-01-12 13:58:58.762344
2026-01-12,24695,CHI,EDM,30004000,Brett Seney,assists,rf_qrf_assists,0.3.0,empirical_qrf,0.0,0.0,0.0,,2662215555207871876,2026-01-12 13:58:58.762344
2026-01-12,24695,CHI,EDM,30004442,Ilya Mikheyev,assists,rf_qrf_assists,0.3.0,empirical_qrf,0.0,0.0,0.0,,2662215555207871876,2026-01-12 13:58:58.762344
2026-01-12,24695,CHI,EDM,30004494,Spencer Knight,assists,rf_qrf_assists,0.3.0,empirical_qrf,0.0,0.0,0.0,,2662215555207871876,2026-01-12 13:58:58.762344
2026-01-12,24695,CHI,EDM,30004507,Alex Vlasic,assists,rf_qrf_assists,0.3.0,empirical_qrf,0.0,0.0,0.0,,2662215555207871876,2026-01-12 13:58:58.762344
2026-01-12,24695,CHI,EDM,30004650,Louis Crevier,assists,rf_qrf_assists,0.3.0,empirical_qrf,0.0,0.0,0.0,,2662215555207871876,2026-01-12 13:58:58.762344
2026-01-12,24695,CHI,EDM,30002212,Cavan Fitzgerald,assists,rf_qrf_assists,0.3.0,empirical_qrf,0.0,0.0,0.0,,2662215555207871876,2026-01-12 13:58:58.762344
2026-01-12,24695,CHI,EDM,30002539,Matt Grzelcyk,assists,rf_qrf_assists,0.3.0,empirical_qrf,0.0,0.0,0.0,,2662215555207871876,2026-01-12 13:58:58.762344
2026-01-12,24695,CHI,EDM,30002588,Ryan Donato,assists,rf_qrf_assists,0.3.0,empirical_qrf,0.0,0.0,0.0,,2662215555207871876,2026-01-12 13:58:58.762344
2026-01-12,24695,CHI,EDM,30003209,Joey Anderson,assists,rf_qrf_assists,0.3.0,empirical_qrf,0.0,0.0,0.0,,2662215555207871876,2026-01-12 13:58:58.762344
2026-01-12,24695,CHI,EDM,30003558,Josh Healey,assists,rf_qrf_assists,0.3.0,empirical_qrf,0.0,0.0,0.0,,2662215555207871876,2026-01-12 13:58:58.762344
2026-01-12,24695,CHI,EDM,30003751,Dominic Toninato,assists,rf_qrf_assists,0.3.0,empirical_qrf,0.0,0.0,0.0,,2662215555207871876,2026-01-12 13:58:58.762344
2026-01-12,24695,CHI,EDM,30000691,Nick Foligno,assists,rf_qrf_assists,0.3.0,empirical_qrf,0.0,0.0,0.0,,2662215555207871876,2026-01-12 13:58:58.762344
2026-01-12,24695,CHI,EDM,30000748,Jason Dickinson,assists,rf_qrf_assists,0.3.0,empirical_qrf,0.0,0.0,0.0,,2662215555207871876,2026-01-12 13:58:58.762344
2026-01-12,24695,CHI,EDM,30000842,Tyler Bertuzzi,assists,rf_qrf_assists,0.3.0,empirical_qrf,0.0,0.0,0.0,,2662215555207871876,2026-01-12 13:58:58.762344
2026-01-12,24695,CHI,EDM,30000871,Teuvo Teravainen,assists,rf_qrf_assists,0.3.0,empirical_qrf,0.0,0.0,0.0,,2662215555207871876,2026-01-12 13:58:58.762344
2026-01-12,24695,CHI,EDM,30001060,Shea Weber,assists,rf_qrf_assists,0.3.0,empirical_qrf,0.0,0.0,0.0,,2662215555207871876,2026-01-12 13:58:58.762344
2026-01-12,24695,CHI,EDM,30001219,Connor Murphy,assists,rf_qrf_assists,0.3.0,empirical_qrf,0.0,0.0,0.0,,2662215555207871876,2026-01-12 13:58:58.762344
2026-01-12,24695,EDM,CHI,30005931,Brady Stonehouse,assists,rf_qrf_assists,0.3.0,empirical_qrf,0.0,0.0,0.0,,2662215555207871876,2026-01-12 13:58:58.762344
2026-01-12,24695,EDM,CHI,30006112,Beau Akey,assists,rf_qrf_assists,0.3.0,empirical_qrf,0.0,0.0,0.0,,2662215555207871876,2026-01-12 13:58:58.762344
2026-01-12,24695,EDM,CHI,30006225,Nathaniel Day,assists,rf_qrf_assists,0.3.0,empirical_qrf,0.0,0.0,0.0,,2662215555207871876,2026-01-12 13:58:58.762344
2026-01-12,24695,EDM,CHI,30006327,Matt Brown,assists,rf_qrf_assists,0.3.0,empirical_qrf,0.0,0.0,0.0,,2662215555207871876,2026-01-12 13:58:58.762344
2026-01-12,24695,EDM,CHI,30006393,Connor Clattenburg,assists,rf_qrf_assists,0.3.0,empirical_qrf,0.0,0.0,0.0,,2662215555207871876,2026-01-12 13:58:58.762344
2026-01-12,24695,CHI,EDM,30000585,Andre Burakovsky,assists,rf_qrf_assists,0.3.0,empirical_qrf,0.0,0.0,0.0,,2662215555207871876,2026-01-12 13:58:58.762344
2026-01-12,24695,EDM,CHI,30004871,Luke Prokop,assists,rf_qrf_assists,0.3.0,empirical_qrf,0.0,0.0,0.0,,2662215555207871876,2026-01-12 13:58:58.762344
2026-01-12,24695,EDM,CHI,30005174,Matvey Petrov,assists,rf_qrf_assists,0.3.0,empirical_qrf,0.0,0.0,0.0,,2662215555207871876,2026-01-12 13:58:58.762344
2026-01-12,24695,EDM,CHI,30005177,James Hamblin,assists,rf_qrf_assists,0.3.0,empirical_qrf,0.0,0.0,0.0,,2662215555207871876,2026-01-12 13:58:58.762344
2026-01-12,24695,EDM,CHI,30005185,Jayden Grubbe,assists,rf_qrf_assists,0.3.0,empirical_qrf,0.0,0.0,0.0,,2662215555207871876,2026-01-12 13:58:58.762344
2026-01-12,24695,EDM,CHI,30005633,Matt Savoie,assists,rf_qrf_assists,0.3.0,empirical_qrf,0.0,0.0,0.0,,2662215555207871876,2026-01-12 13:58:58.762344
2026-01-12,24695,EDM,CHI,30005731,Mats Lindgren,assists,rf_qrf_assists,0.3.0,empirical_qrf,0.0,0.0,0.0,,2662215555207871876,2026-01-12 13:58:58.762344
2026-01-12,24695,EDM,CHI,30004156,Alec Regula,assists,rf_qrf_assists,0.3.0,empirical_qrf,0.0,0.0,0.0,,2662215555207871876,2026-01-12 13:58:58.762344
2026-01-12,24695,EDM,CHI,30004165,Ty Emberson,assists,rf_qrf_assists,0.3.0,empirical_qrf,0.0,0.0,0.0,,2662215555207871876,2026-01-12 13:58:58.762344
2026-01-12,24695,EDM,CHI,30004370,Spencer Stastney,assists,rf_qrf_assists,0.3.0,empirical_qrf,0.0,0.0,0.0,,2662215555207871876,2026-01-12 13:58:58.762344
2026-01-12,24695,EDM,CHI,30004476,Vasily Podkolzin,assists,rf_qrf_assists,0.3.0,empirical_qrf,0.0,0.0,0.0,,2662215555207871876,2026-01-12 13:58:58.762344
2026-01-12,24695,EDM,CHI,30004490,Sam Poulin,assists,rf_qrf_assists,0.3.0,empirical_qrf,0.0,0.0,0.0,,2662215555207871876,2026-01-12 13:58:58.762344
2026-01-12,24695,EDM,CHI,30004625,Mason Millman,assists,rf_qrf_assists,0.3.0,empirical_qrf,0.0,0.0,0.0,,2662215555207871876,2026-01-12 13:58:58.762344
2026-01-12,24695,EDM,CHI,30003142,Max Jones,assists,rf_qrf_assists,0.3.0,empirical_qrf,0.0,0.0,0.0,,2662215555207871876,2026-01-12 13:58:58.762344
2026-01-12,24695,EDM,CHI,30003157,Trent Frederic,assists,rf_qrf_assists,0.3.0,empirical_qrf,0.0,0.0,0.0,,2662215555207871876,2026-01-12 13:58:58.762344
2026-01-12,24695,EDM,CHI,30003211,Rem Pitlick,assists,rf_qrf_assists,0.3.0,empirical_qrf,0.0,0.0,0.0,,2662215555207871876,2026-01-12 13:58:58.762344
2026-01-12,24695,EDM,CHI,30003345,Riley Stillman,assists,rf_qrf_assists,0.3.0,empirical_qrf,0.0,0.0,0.0,,2662215555207871876,2026-01-12 13:58:58.762344
2026-01-12,24695,EDM,CHI,30003770,Matt Tomkins,assists,rf_qrf_assists,0.3.0,empirical_qrf,0.0,0.0,0.0,,2662215555207871876,2026-01-12 13:58:58.762344
2026-01-12,24695,EDM,CHI,30004081,Evan Bouchard,assists,rf_qrf_assists,0.3.0,empirical_qrf,0.0,0.0,0.0,,2662215555207871876,2026-01-12 13:58:58.762344
2026-01-12,24695,EDM,CHI,30001304,Calvin Pickard,assists,rf_qrf_assists,0.3.0,empirical_qrf,0.0,0.0,0.0,,2662215555207871876,2026-01-12 13:58:58.762344
2026-01-12,24695,EDM,CHI,30001368,Seth Griffith,assists,rf_qrf_assists,0.3.0,empirical_qrf,0.0,0.0,0.0,,2662215555207871876,2026-01-12 13:58:58.762344
2026-01-12,24695,EDM,CHI,30002218,Andrew Mangiapane,assists,rf_qrf_assists,0.3.0,empirical_qrf,0.0,0.0,0.0,,2662215555207871876,2026-01-12 13:58:58.762344
2026-01-12,24695,EDM,CHI,30002623,Jake Walman,assists,rf_qrf_assists,0.3.0,empirical_qrf,0.0,0.0,0.0,,2662215555207871876,2026-01-12 13:58:58.762344
2026-01-12,24695,EDM,CHI,30002787,Connor Ingram,assists,rf_qrf_assists,0.3.0,empirical_qrf,0.0,0.0,0.0,,2662215555207871876,2026-01-12 13:58:58.762344
2026-01-12,24695,EDM,CHI,30002824,Jack Roslovic,assists,rf_qrf_assists,0.3.0,empirical_qrf,0.0,0.0,0.0,,2662215555207871876,2026-01-12 13:58:58.762344
2026-01-12,24695,EDM,CHI,30000549,Darnell Nurse,assists,rf_qrf_assists,0.3.0,empirical_qrf,0.0,0.0,0.0,,2662215555207871876,2026-01-12 13:58:58.762344
2026-01-12,24695,EDM,CHI,30000752,Mattias Janmark,assists,rf_qrf_assists,0.3.0,empirical_qrf,0.0,0.0,0.0,,2662215555207871876,2026-01-12 13:58:58.762344
2026-01-12,24695,EDM,CHI,30000965,Curtis Lazar,assists,rf_qrf_assists,0.3.0,empirical_qrf,0.0,0.0,0.0,,2662215555207871876,2026-01-12 13:58:58.762344
2026-01-12,24695,EDM,CHI,30000987,Adam Henrique,assists,rf_qrf_assists,0.3.0,empirical_qrf,0.0,0.0,0.0,,2662215555207871876,2026-01-12 13:58:58.762344
2026-01-12,24695,EDM,CHI,30001076,Leon Draisaitl,assists,rf_qrf_assists,0.3.0,empirical_qrf,0.0,0.0,0.0,,2662215555207871876,2026-01-12 13:58:58.762344
2026-01-12,24695,EDM,CHI,30001233,Connor McDavid,assists,rf_qrf_assists,0.3.0,empirical_qrf,0.0,0.0,0.0,,2662215555207871876,2026-01-12 13:58:58.762344
2026-01-12,24689,TB,PHI,30000428,Oliver Bjorkstrand,shots_on_goal,rf_qrf_shots_on_goal,0.3.0,empirical_qrf,1.0,1.0,1.0,,2662215555207871876,2026-01-12 13:58:59.500634
2026-01-12,24689,TB,PHI,30000477,Nick Paul,shots_on_goal,rf_qrf_shots_on_goal,0.3.0,empirical_qrf,1.0,1.0,1.0,,2662215555207871876,2026-01-12 13:58:59.500634
2026-01-12,24689,TB,PHI,30000502,Zemgus Girgensons,shots_on_goal,rf_qrf_shots_on_goal,0.3.0,empirical_qrf,1.0,1.0,1.0,,2662215555207871876,2026-01-12 13:58:59.500634
2026-01-12,24689,TB,PHI,30000737,Victor Hedman,shots_on_goal,rf_qrf_shots_on_goal,0.3.0,empirical_qrf,1.0,1.0,1.0,,2662215555207871876,2026-01-12 13:58:59.500634
2026-01-12,24689,TB,PHI,30000742,Brayden Point,shots_on_goal,rf_qrf_shots_on_goal,0.3.0,empirical_qrf,1.0,1.0,1.0,,2662215555207871876,2026-01-12 13:58:59.500634
2026-01-12,24689,TB,PHI,30001047,Nikita Kucherov,shots_on_goal,rf_qrf_shots_on_goal,0.3.0,empirical_qrf,1.0,1.0,1.0,,2662215555207871876,2026-01-12 13:58:59.500634
2026-01-12,24689,PHI,TB,30004144,Adam Ginning,shots_on_goal,rf_qrf_shots_on_goal,0.3.0,empirical_qrf,1.0,1.0,1.0,,2662215555207871876,2026-01-12 13:58:59.500634
2026-01-12,24689,PHI,TB,30006061,Matvei Michkov,shots_on_goal,rf_qrf_shots_on_goal,0.3.0,empirical_qrf,1.0,1.0,1.0,,2662215555207871876,2026-01-12 13:58:59.500634
2026-01-12,24689,PHI,TB,30006075,Oliver Bonk,shots_on_goal,rf_qrf_shots_on_goal,0.3.0,empirical_qrf,1.0,1.0,1.0,,2662215555207871876,2026-01-12 13:58:59.500634
2026-01-12,24689,PHI,TB,30006100,Carson Bjarnason,shots_on_goal,rf_qrf_shots_on_goal,0.3.0,empirical_qrf,1.0,1.0,1.0,,2662215555207871876,2026-01-12 13:58:59.500634
2026-01-12,24689,PHI,TB,30006135,Denver Barkey,shots_on_goal,rf_qrf_shots_on_goal,0.3.0,empirical_qrf,1.0,1.0,1.0,,2662215555207871876,2026-01-12 13:58:59.500634
2026-01-12,24689,TB,PHI,30005698,Michael Milne,shots_on_goal,rf_qrf_shots_on_goal,0.3.0,empirical_qrf,1.0,1.0,1.0,,2662215555207871876,2026-01-12 13:58:59.500634
2026-01-12,24689,PHI,TB,30004488,Philip Tomasino,shots_on_goal,rf_qrf_shots_on_goal,0.3.0,empirical_qrf,1.0,1.0,1.0,,2662215555207871876,2026-01-12 13:58:59.500634
2026-01-12,24689,PHI,TB,30005345,Roman Schmidt,shots_on_goal,rf_qrf_shots_on_goal,0.3.0,empirical_qrf,1.0,1.0,1.0,,2662215555207871876,2026-01-12 13:58:59.500634
2026-01-12,24689,PHI,TB,30005397,Noah Cates,shots_on_goal,rf_qrf_shots_on_goal,0.3.0,empirical_qrf,1.0,1.0,1.0,,2662215555207871876,2026-01-12 13:58:59.500634
2026-01-12,24689,PHI,TB,30005401,Aleksei Kolosov,shots_on_goal,rf_qrf_shots_on_goal,0.3.0,empirical_qrf,1.0,1.0,1.0,,2662215555207871876,2026-01-12 13:58:59.500634
2026-01-12,24689,PHI,TB,30005756,Tucker Robertson,shots_on_goal,rf_qrf_shots_on_goal,0.3.0,empirical_qrf,1.0,1.0,1.0,,2662215555207871876,2026-01-12 13:58:59.500634
2026-01-12,24689,PHI,TB,30005958,Nikita Grebenkin,shots_on_goal,rf_qrf_shots_on_goal,0.3.0,empirical_qrf,1.0,1.0,1.0,,2662215555207871876,2026-01-12 13:58:59.500634
2026-01-12,24689,PHI,TB,30006045,Yaniv Perets,shots_on_goal,rf_qrf_shots_on_goal,0.3.0,empirical_qrf,1.0,1.0,1.0,,2662215555207871876,2026-01-12 13:58:59.500634
2026-01-12,24689,PHI,TB,30004800,Jamie Drysdale,shots_on_goal,rf_qrf_shots_on_goal,0.3.0,empirical_qrf,1.0,1.0,1.0,,2662215555207871876,2026-01-12 13:58:59.500634
2026-01-12,24689,PHI,TB,30004801,Tyson Foerster,shots_on_goal,rf_qrf_shots_on_goal,0.3.0,empirical_qrf,1.0,1.0,1.0,,2662215555207871876,2026-01-12 13:58:59.500634
2026-01-12,24689,PHI,TB,30004824,Emil Andrae,shots_on_goal,rf_qrf_shots_on_goal,0.3.0,empirical_qrf,1.0,1.0,1.0,,2662215555207871876,2026-01-12 13:58:59.500634
2026-01-12,24689,PHI,TB,30004839,Helge Grans,shots_on_goal,rf_qrf_shots_on_goal,0.3.0,empirical_qrf,1.0,1.0,1.0,,2662215555207871876,2026-01-12 13:58:59.500634
2026-01-12,24689,PHI,TB,30005234,Vincent Sevigny,shots_on_goal,rf_qrf_shots_on_goal,0.3.0,empirical_qrf,1.0,1.0,1.0,,2662215555207871876,2026-01-12 13:58:59.500634
2026-01-12,24689,PHI,TB,30005293,Artem Guryev,shots_on_goal,rf_qrf_shots_on_goal,0.3.0,empirical_qrf,1.0,1.0,1.0,,2662215555207871876,2026-01-12 13:58:59.500634
2026-01-12,24689,PHI,TB,30004002,Cooper Marody,shots_on_goal,rf_qrf_shots_on_goal,0.3.0,empirical_qrf,1.0,1.0,1.0,,2662215555207871876,2026-01-12 13:58:59.500634
2026-01-12,24689,PHI,TB,30004154,Xavier Bernard,shots_on_goal,rf_qrf_shots_on_goal,0.3.0,empirical_qrf,1.0,1.0,1.0,,2662215555207871876,2026-01-12 13:58:59.500634
2026-01-12,24689,PHI,TB,30004406,Samuel Ersson,shots_on_goal,rf_qrf_shots_on_goal,0.3.0,empirical_qrf,1.0,1.0,1.0,,2662215555207871876,2026-01-12 13:58:59.500634
2026-01-12,24689,PHI,TB,30004481,Trevor Zegras,shots_on_goal,rf_qrf_shots_on_goal,0.3.0,empirical_qrf,1.0,1.0,1.0,,2662215555207871876,2026-01-12 13:58:59.500634
2026-01-12,24689,PHI,TB,30004484,Cam York,shots_on_goal,rf_qrf_shots_on_goal,0.3.0,empirical_qrf,1.0,1.0,1.0,,2662215555207871876,2026-01-12 13:58:59.500634
2026-01-12,24689,PHI,TB,30004508,Bobby Brink,shots_on_goal,rf_qrf_shots_on_goal,0.3.0,empirical_qrf,1.0,1.0,1.0,,2662215555207871876,2026-01-12 13:58:59.500634
2026-01-12,24689,PHI,TB,30003016,Nick Seeler,shots_on_goal,rf_qrf_shots_on_goal,0.3.0,empirical_qrf,1.0,1.0,1.0,,2662215555207871876,2026-01-12 13:58:59.500634
2026-01-12,24689,PHI,TB,30003171,Carl Grundstrom,shots_on_goal,rf_qrf_shots_on_goal,0.3.0,empirical_qrf,1.0,1.0,1.0,,2662215555207871876,2026-01-12 13:58:59.500634
2026-01-12,24689,PHI,TB,30003283,Lane Pederson,shots_on_goal,rf_qrf_shots_on_goal,0.3.0,empirical_qrf,1.0,1.0,1.0,,2662215555207871876,2026-01-12 13:58:59.500634
2026-01-12,24689,PHI,TB,30003500,Rodrigo Abols,shots_on_goal,rf_qrf_shots_on_goal,0.3.0,empirical_qrf,1.0,1.0,1.0,,2662215555207871876,2026-01-12 13:58:59.500634
2026-01-12,24689,PHI,TB,30003653,Owen Tippett,shots_on_goal,rf_qrf_shots_on_goal,0.3.0,empirical_qrf,1.0,1.0,1.0,,2662215555207871876,2026-01-12 13:58:59.500634
2026-01-12,24689,PHI,TB,30003733,Keith Petruzzelli,shots_on_goal,rf_qrf_shots_on_goal,0.3.0,empirical_qrf,1.0,1.0,1.0,,2662215555207871876,2026-01-12 13:58:59.500634
2026-01-12,24689,PHI,TB,30000942,Christian Dvorak,shots_on_goal,rf_qrf_shots_on_goal,0.3.0,empirical_qrf,1.0,1.0,1.0,,2662215555207871876,2026-01-12 13:58:59.500634
2026-01-12,24689,PHI,TB,30001201,Garnet Hathaway,shots_on_goal,rf_qrf_shots_on_goal,0.3.0,empirical_qrf,1.0,1.0,1.0,,2662215555207871876,2026-01-12 13:58:59.500634
2026-01-12,24689,PHI,TB,30001294,Rasmus Ristolainen,shots_on_goal,rf_qrf_shots_on_goal,0.3.0,empirical_qrf,1.0,1.0,1.0,,2662215555207871876,2026-01-12 13:58:59.500634
2026-01-12,24689,PHI,TB,30001312,Noah Juulsen,shots_on_goal,rf_qrf_shots_on_goal,0.3.0,empirical_qrf,1.0,1.0,1.0,,2662215555207871876,2026-01-12 13:58:59.500634
2026-01-12,24689,PHI,TB,30002786,Dan Vladar,shots_on_goal,rf_qrf_shots_on_goal,0.3.0,empirical_qrf,1.0,1.0,1.0,,2662215555207871876,2026-01-12 13:58:59.500634
2026-01-12,24689,PHI,TB,30002979,Anthony Richard,shots_on_goal,rf_qrf_shots_on_goal,0.3.0,empirical_qrf,1.0,1.0,1.0,,2662215555207871876,2026-01-12 13:58:59.500634
2026-01-12,24689,TB,PHI,30006329,Brendan Furry,shots_on_goal,rf_qrf_shots_on_goal,0.3.0,empirical_qrf,1.0,1.0,1.0,,2662215555207871876,2026-01-12 13:58:59.500634
2026-01-12,24689,PHI,TB,30000050,Sean Couturier,shots_on_goal,rf_qrf_shots_on_goal,0.3.0,empirical_qrf,1.0,1.0,1.0,,2662215555207871876,2026-01-12 13:58:59.500634
2026-01-12,24689,PHI,TB,30000234,Garrett Wilson,shots_on_goal,rf_qrf_shots_on_goal,0.3.0,empirical_qrf,1.0,1.0,1.0,,2662215555207871876,2026-01-12 13:58:59.500634
2026-01-12,24689,PHI,TB,30000349,Travis Konecny,shots_on_goal,rf_qrf_shots_on_goal,0.3.0,empirical_qrf,1.0,1.0,1.0,,2662215555207871876,2026-01-12 13:58:59.500634
2026-01-12,24689,PHI,TB,30000501,Nicolas Deslauriers,shots_on_goal,rf_qrf_shots_on_goal,0.3.0,empirical_qrf,1.0,1.0,1.0,,2662215555207871876,2026-01-12 13:58:59.500634
2026-01-12,24689,PHI,TB,30000624,Travis Sanheim,shots_on_goal,rf_qrf_shots_on_goal,0.3.0,empirical_qrf,1.0,1.0,1.0,,2662215555207871876,2026-01-12 13:58:59.500634
2026-01-12,24689,TB,PHI,30005768,Tommy Miller,shots_on_goal,rf_qrf_shots_on_goal,0.3.0,empirical_qrf,1.0,1.0,1.0,,2662215555207871876,2026-01-12 13:58:59.500634
2026-01-12,24689,TB,PHI,30005920,Dominic James,shots_on_goal,rf_qrf_shots_on_goal,0.3.0,empirical_qrf,1.0,1.0,1.0,,2662215555207871876,2026-01-12 13:58:59.500634
2026-01-12,24689,TB,PHI,30006012,Daniel Walker,shots_on_goal,rf_qrf_shots_on_goal,0.3.0,empirical_qrf,1.0,1.0,1.0,,2662215555207871876,2026-01-12 13:58:59.500634
2026-01-12,24689,TB,PHI,30006096,Ethan Gauthier,shots_on_goal,rf_qrf_shots_on_goal,0.3.0,empirical_qrf,1.0,1.0,1.0,,2662215555207871876,2026-01-12 13:58:59.500634
2026-01-12,24689,TB,PHI,30006311,Tristan Allard,shots_on_goal,rf_qrf_shots_on_goal,0.3.0,empirical_qrf,1.0,1.0,1.0,,2662215555207871876,2026-01-12 13:58:59.500634
2026-01-12,24689,TB,PHI,30006313,Gabriel Szturc,shots_on_goal,rf_qrf_shots_on_goal,0.3.0,empirical_qrf,1.0,1.0,1.0,,2662215555207871876,2026-01-12 13:58:59.500634
2026-01-12,24689,TB,PHI,30005044,J.J. Moser,shots_on_goal,rf_qrf_shots_on_goal,0.3.0,empirical_qrf,1.0,1.0,1.0,,2662215555207871876,2026-01-12 13:58:59.500634
2026-01-12,24689,TB,PHI,30005054,Matteo Pietroniro,shots_on_goal,rf_qrf_shots_on_goal,0.3.0,empirical_qrf,1.0,1.0,1.0,,2662215555207871876,2026-01-12 13:58:59.500634
2026-01-12,24689,TB,PHI,30005366,Emil Lilleberg,shots_on_goal,rf_qrf_shots_on_goal,0.3.0,empirical_qrf,1.0,1.0,1.0,,2662215555207871876,2026-01-12 13:58:59.500634
2026-01-12,24689,TB,PHI,30005421,Maxwell Crozier,shots_on_goal,rf_qrf_shots_on_goal,0.3.0,empirical_qrf,1.0,1.0,1.0,,2662215555207871876,2026-01-12 13:58:59.500634
2026-01-12,24689,TB,PHI,30005562,Declan Carlile,shots_on_goal,rf_qrf_shots_on_goal,0.3.0,empirical_qrf,1.0,1.0,1.0,,2662215555207871876,2026-01-12 13:58:59.500634
2026-01-12,24689,TB,PHI,30005740,Dyllan Gill,shots_on_goal,rf_qrf_shots_on_goal,0.3.0,empirical_qrf,1.0,1.0,1.0,,2662215555207871876,2026-01-12 13:58:59.500634
2026-01-12,24689,TB,PHI,30004631,Charle-Edouard D'Astous,shots_on_goal,rf_qrf_shots_on_goal,0.3.0,empirical_qrf,1.0,1.0,1.0,,2662215555207871876,2026-01-12 13:58:59.500634
2026-01-12,24689,TB,PHI,30004754,Mitchell Chaffee,shots_on_goal,rf_qrf_shots_on_goal,0.3.0,empirical_qrf,1.0,1.0,1.0,,2662215555207871876,2026-01-12 13:58:59.500634
2026-01-12,24689,TB,PHI,30004836,Jack Finley,shots_on_goal,rf_qrf_shots_on_goal,0.3.0,empirical_qrf,1.0,1.0,1.0,,2662215555207871876,2026-01-12 13:58:59.500634
2026-01-12,24689,TB,PHI,30004838,Gage Goncalves,shots_on_goal,rf_qrf_shots_on_goal,0.3.0,empirical_qrf,1.0,1.0,1.0,,2662215555207871876,2026-01-12 13:58:59.500634
2026-01-12,24689,TB,PHI,30004840,Maxim Groshev,shots_on_goal,rf_qrf_shots_on_goal,0.3.0,empirical_qrf,1.0,1.0,1.0,,2662215555207871876,2026-01-12 13:58:59.500634
2026-01-12,24689,TB,PHI,30004974,Pontus Holmberg,shots_on_goal,rf_qrf_shots_on_goal,0.3.0,empirical_qrf,1.0,1.0,1.0,,2662215555207871876,2026-01-12 13:58:59.500634
2026-01-12,24689,TB,PHI,30003478,Darren Raddysh,shots_on_goal,rf_qrf_shots_on_goal,0.3.0,empirical_qrf,1.0,1.0,1.0,,2662215555207871876,2026-01-12 13:58:59.500634
2026-01-12,24689,TB,PHI,30004182,Curtis Douglas,shots_on_goal,rf_qrf_shots_on_goal,0.3.0,empirical_qrf,1.0,1.0,1.0,,2662215555207871876,2026-01-12 13:58:59.500634
2026-01-12,24689,TB,PHI,30004280,Joel Teasdale,shots_on_goal,rf_qrf_shots_on_goal,0.3.0,empirical_qrf,1.0,1.0,1.0,,2662215555207871876,2026-01-12 13:58:59.500634
2026-01-12,24689,TB,PHI,30004487,Jakob Pelletier,shots_on_goal,rf_qrf_shots_on_goal,0.3.0,empirical_qrf,1.0,1.0,1.0,,2662215555207871876,2026-01-12 13:58:59.500634
2026-01-12,24689,TB,PHI,30004540,Reece Newkirk,shots_on_goal,rf_qrf_shots_on_goal,0.3.0,empirical_qrf,1.0,1.0,1.0,,2662215555207871876,2026-01-12 13:58:59.500634
2026-01-12,24689,TB,PHI,30004567,Simon Lundmark,shots_on_goal,rf_qrf_shots_on_goal,0.3.0,empirical_qrf,1.0,1.0,1.0,,2662215555207871876,2026-01-12 13:58:59.500634
2026-01-12,24689,TB,PHI,30002604,Brandon Halverson,shots_on_goal,rf_qrf_shots_on_goal,0.3.0,empirical_qrf,1.0,1.0,1.0,,2662215555207871876,2026-01-12 13:58:59.500634
2026-01-12,24689,TB,PHI,30002606,Jonas Johansson,shots_on_goal,rf_qrf_shots_on_goal,0.3.0,empirical_qrf,1.0,1.0,1.0,,2662215555207871876,2026-01-12 13:58:59.500634
2026-01-12,24689,TB,PHI,30002821,Erik Cernak,shots_on_goal,rf_qrf_shots_on_goal,0.3.0,empirical_qrf,1.0,1.0,1.0,,2662215555207871876,2026-01-12 13:58:59.500634
2026-01-12,24689,TB,PHI,30002845,Anthony Cirelli,shots_on_goal,rf_qrf_shots_on_goal,0.3.0,empirical_qrf,1.0,1.0,1.0,,2662215555207871876,2026-01-12 13:58:59.500634
2026-01-12,24689,TB,PHI,30002974,Kale Kessy,shots_on_goal,rf_qrf_shots_on_goal,0.3.0,empirical_qrf,1.0,1.0,1.0,,2662215555207871876,2026-01-12 13:58:59.500634
2026-01-12,24689,TB,PHI,30003250,Brandon Hagel,shots_on_goal,rf_qrf_shots_on_goal,0.3.0,empirical_qrf,1.0,1.0,1.0,,2662215555207871876,2026-01-12 13:58:59.500634
2026-01-12,24689,TB,PHI,30001084,Ryan McDonagh,shots_on_goal,rf_qrf_shots_on_goal,0.3.0,empirical_qrf,1.0,1.0,1.0,,2662215555207871876,2026-01-12 13:58:59.500634
2026-01-12,24689,TB,PHI,30001178,Yanni Gourde,shots_on_goal,rf_qrf_shots_on_goal,0.3.0,empirical_qrf,1.0,1.0,1.0,,2662215555207871876,2026-01-12 13:58:59.500634
2026-01-12,24689,TB,PHI,30001377,Andrei Vasilevskiy,shots_on_goal,rf_qrf_shots_on_goal,0.3.0,empirical_qrf,1.0,1.0,1.0,,2662215555207871876,2026-01-12 13:58:59.500634
2026-01-12,24689,TB,PHI,30002516,Steven Santini,shots_on_goal,rf_qrf_shots_on_goal,0.3.0,empirical_qrf,1.0,1.0,1.0,,2662215555207871876,2026-01-12 13:58:59.500634
2026-01-12,24689,TB,PHI,30002532,Jake Guentzel,shots_on_goal,rf_qrf_shots_on_goal,0.3.0,empirical_qrf,1.0,1.0,1.0,,2662215555207871876,2026-01-12 13:58:59.500634
2026-01-12,24689,TB,PHI,30002549,Scott Sabourin,shots_on_goal,rf_qrf_shots_on_goal,0.3.0,empirical_qrf,1.0,1.0,1.0,,2662215555207871876,2026-01-12 13:58:59.500634
2026-01-12,24690,SEA,NYR,30000303,Adam Larsson,shots_on_goal,rf_qrf_shots_on_goal,0.3.0,empirical_qrf,1.0,1.0,1.0,,2662215555207871876,2026-01-12 13:58:59.500634
2026-01-12,24690,SEA,NYR,30000460,Max McCormick,shots_on_goal,rf_qrf_shots_on_goal,0.3.0,empirical_qrf,1.0,1.0,1.0,,2662215555207871876,2026-01-12 13:58:59.500634
2026-01-12,24690,SEA,NYR,30000539,Jordan Eberle,shots_on_goal,rf_qrf_shots_on_goal,0.3.0,empirical_qrf,1.0,1.0,1.0,,2662215555207871876,2026-01-12 13:58:59.500634
2026-01-12,24690,SEA,NYR,30000577,Philipp Grubauer,shots_on_goal,rf_qrf_shots_on_goal,0.3.0,empirical_qrf,1.0,1.0,1.0,,2662215555207871876,2026-01-12 13:58:59.500634
2026-01-12,24690,SEA,NYR,30000596,Chandler Stephenson,shots_on_goal,rf_qrf_shots_on_goal,0.3.0,empirical_qrf,1.0,1.0,1.0,,2662215555207871876,2026-01-12 13:58:59.500634
2026-01-12,24690,SEA,NYR,30000629,Matt Murray,shots_on_goal,rf_qrf_shots_on_goal,0.3.0,empirical_qrf,1.0,1.0,1.0,,2662215555207871876,2026-01-12 13:58:59.500634
2026-01-12,24690,NYR,SEA,30006331,Brett Budgell,shots_on_goal,rf_qrf_shots_on_goal,0.3.0,empirical_qrf,1.0,1.0,1.0,,2662215555207871876,2026-01-12 13:58:59.500634
2026-01-12,24690,NYR,SEA,30000599,Anton Blidh,shots_on_goal,rf_qrf_shots_on_goal,0.3.0,empirical_qrf,1.0,1.0,1.0,,2662215555207871876,2026-01-12 13:58:59.500634
2026-01-12,24690,NYR,SEA,30001251,Justin Dowling,shots_on_goal,rf_qrf_shots_on_goal,0.3.0,empirical_qrf,1.0,1.0,1.0,,2662215555207871876,2026-01-12 13:58:59.500634
2026-01-12,24690,SEA,NYR,30006120,Oscar Fisker Molgaard,shots_on_goal,rf_qrf_shots_on_goal,0.3.0,empirical_qrf,1.0,1.0,1.0,,2662215555207871876,2026-01-12 13:58:59.500634
2026-01-12,24690,NYR,SEA,30005662,Adam Sykora,shots_on_goal,rf_qrf_shots_on_goal,0.3.0,empirical_qrf,1.0,1.0,1.0,,2662215555207871876,2026-01-12 13:58:59.500634
2026-01-12,24690,NYR,SEA,30005686,Bryce McConnell-Barker,shots_on_goal,rf_qrf_shots_on_goal,0.3.0,empirical_qrf,1.0,1.0,1.0,,2662215555207871876,2026-01-12 13:58:59.500634
2026-01-12,24690,NYR,SEA,30005883,Noah Laba,shots_on_goal,rf_qrf_shots_on_goal,0.3.0,empirical_qrf,1.0,1.0,1.0,,2662215555207871876,2026-01-12 13:58:59.500634
2026-01-12,24690,NYR,SEA,30006074,Gabe Perreault,shots_on_goal,rf_qrf_shots_on_goal,0.3.0,empirical_qrf,1.0,1.0,1.0,,2662215555207871876,2026-01-12 13:58:59.500634
2026-01-12,24690,NYR,SEA,30006118,Carey Terrance,shots_on_goal,rf_qrf_shots_on_goal,0.3.0,empirical_qrf,1.0,1.0,1.0,,2662215555207871876,2026-01-12 13:58:59.500634
2026-01-12,24690,NYR,SEA,30006174,Dylan Roobroeck,shots_on_goal,rf_qrf_shots_on_goal,0.3.0,empirical_qrf,1.0,1.0,1.0,,2662215555207871876,2026-01-12 13:58:59.500634
2026-01-12,24690,NYR,SEA,30005014,Scott Morrow,shots_on_goal,rf_qrf_shots_on_goal,0.3.0,empirical_qrf,1.0,1.0,1.0,,2662215555207871876,2026-01-12 13:58:59.500634
2026-01-12,24690,NYR,SEA,30005069,Christopher Merisier-Ortiz,shots_on_goal,rf_qrf_shots_on_goal,0.3.0,empirical_qrf,1.0,1.0,1.0,,2662215555207871876,2026-01-12 13:58:59.500634
2026-01-12,24690,NYR,SEA,30005183,Matt Rempe,shots_on_goal,rf_qrf_shots_on_goal,0.3.0,empirical_qrf,1.0,1.0,1.0,,2662215555207871876,2026-01-12 13:58:59.500634
2026-01-12,24690,NYR,SEA,30005223,Kyle Jackson,shots_on_goal,rf_qrf_shots_on_goal,0.3.0,empirical_qrf,1.0,1.0,1.0,,2662215555207871876,2026-01-12 13:58:59.500634
2026-01-12,24690,NYR,SEA,30005252,Adam Edstrom,shots_on_goal,rf_qrf_shots_on_goal,0.3.0,empirical_qrf,1.0,1.0,1.0,,2662215555207871876,2026-01-12 13:58:59.500634
2026-01-12,24690,NYR,SEA,30005563,Brandon Scanlin,shots_on_goal,rf_qrf_shots_on_goal,0.3.0,empirical_qrf,1.0,1.0,1.0,,2662215555207871876,2026-01-12 13:58:59.500634
2026-01-12,24690,NYR,SEA,30004820,Braden Schneider,shots_on_goal,rf_qrf_shots_on_goal,0.3.0,empirical_qrf,1.0,1.0,1.0,,2662215555207871876,2026-01-12 13:58:59.500634
2026-01-12,24690,NYR,SEA,30004832,Will Cuylle,shots_on_goal,rf_qrf_shots_on_goal,0.3.0,empirical_qrf,1.0,1.0,1.0,,2662215555207871876,2026-01-12 13:58:59.500634
2026-01-12,24690,NYR,SEA,30004887,Brett Berard,shots_on_goal,rf_qrf_shots_on_goal,0.3.0,empirical_qrf,1.0,1.0,1.0,,2662215555207871876,2026-01-12 13:58:59.500634
2026-01-12,24690,NYR,SEA,30004896,Dylan Garand,shots_on_goal,rf_qrf_shots_on_goal,0.3.0,empirical_qrf,1.0,1.0,1.0,,2662215555207871876,2026-01-12 13:58:59.500634
2026-01-12,24690,NYR,SEA,30004968,Juuso Parssinen,shots_on_goal,rf_qrf_shots_on_goal,0.3.0,empirical_qrf,1.0,1.0,1.0,,2662215555207871876,2026-01-12 13:58:59.500634
2026-01-12,24690,NYR,SEA,30004987,Brennan Othmann,shots_on_goal,rf_qrf_shots_on_goal,0.3.0,empirical_qrf,1.0,1.0,1.0,,2662215555207871876,2026-01-12 13:58:59.500634
2026-01-12,24690,NYR,SEA,30003952,Blake Hillman,shots_on_goal,rf_qrf_shots_on_goal,0.3.0,empirical_qrf,1.0,1.0,1.0,,2662215555207871876,2026-01-12 13:58:59.500634
2026-01-12,24690,NYR,SEA,30004430,Vladislav Gavrikov,shots_on_goal,rf_qrf_shots_on_goal,0.3.0,empirical_qrf,1.0,1.0,1.0,,2662215555207871876,2026-01-12 13:58:59.500634
2026-01-12,24690,NYR,SEA,30004504,Matthew Robertson,shots_on_goal,rf_qrf_shots_on_goal,0.3.0,empirical_qrf,1.0,1.0,1.0,,2662215555207871876,2026-01-12 13:58:59.500634
2026-01-12,24690,NYR,SEA,30004749,Connor Mackey,shots_on_goal,rf_qrf_shots_on_goal,0.3.0,empirical_qrf,1.0,1.0,1.0,,2662215555207871876,2026-01-12 13:58:59.500634
2026-01-12,24690,NYR,SEA,30004797,Brendan Brisson,shots_on_goal,rf_qrf_shots_on_goal,0.3.0,empirical_qrf,1.0,1.0,1.0,,2662215555207871876,2026-01-12 13:58:59.500634
2026-01-12,24690,NYR,SEA,30004807,Alexis Lafrenière,shots_on_goal,rf_qrf_shots_on_goal,0.3.0,empirical_qrf,1.0,1.0,1.0,,2662215555207871876,2026-01-12 13:58:59.500634
2026-01-12,24690,NYR,SEA,30003170,Taylor Raddysh,shots_on_goal,rf_qrf_shots_on_goal,0.3.0,empirical_qrf,1.0,1.0,1.0,,2662215555207871876,2026-01-12 13:58:59.500634
2026-01-12,24690,NYR,SEA,30003194,Adam Fox,shots_on_goal,rf_qrf_shots_on_goal,0.3.0,empirical_qrf,1.0,1.0,1.0,,2662215555207871876,2026-01-12 13:58:59.500634
2026-01-12,24690,NYR,SEA,30003202,Casey Fitzgerald,shots_on_goal,rf_qrf_shots_on_goal,0.3.0,empirical_qrf,1.0,1.0,1.0,,2662215555207871876,2026-01-12 13:58:59.500634
2026-01-12,24690,NYR,SEA,30003583,Carson Soucy,shots_on_goal,rf_qrf_shots_on_goal,0.3.0,empirical_qrf,1.0,1.0,1.0,,2662215555207871876,2026-01-12 13:58:59.500634
2026-01-12,24690,NYR,SEA,30003649,Urho Vaakanainen,shots_on_goal,rf_qrf_shots_on_goal,0.3.0,empirical_qrf,1.0,1.0,1.0,,2662215555207871876,2026-01-12 13:58:59.500634
2026-01-12,24690,NYR,SEA,30003743,Will Borgen,shots_on_goal,rf_qrf_shots_on_goal,0.3.0,empirical_qrf,1.0,1.0,1.0,,2662215555207871876,2026-01-12 13:58:59.500634
2026-01-12,24690,NYR,SEA,30000489,Sam Carrick,shots_on_goal,rf_qrf_shots_on_goal,0.3.0,empirical_qrf,1.0,1.0,1.0,,2662215555207871876,2026-01-12 13:58:59.500634
2026-01-12,24690,NYR,SEA,30000617,J.T. Miller,shots_on_goal,rf_qrf_shots_on_goal,0.3.0,empirical_qrf,1.0,1.0,1.0,,2662215555207871876,2026-01-12 13:58:59.500634
2026-01-12,24690,NYR,SEA,30001322,Artemi Panarin,shots_on_goal,rf_qrf_shots_on_goal,0.3.0,empirical_qrf,1.0,1.0,1.0,,2662215555207871876,2026-01-12 13:58:59.500634
2026-01-12,24690,NYR,SEA,30002524,Spencer Martin,shots_on_goal,rf_qrf_shots_on_goal,0.3.0,empirical_qrf,1.0,1.0,1.0,,2662215555207871876,2026-01-12 13:58:59.500634
2026-01-12,24690,NYR,SEA,30002967,Jonny Brodzinski,shots_on_goal,rf_qrf_shots_on_goal,0.3.0,empirical_qrf,1.0,1.0,1.0,,2662215555207871876,2026-01-12 13:58:59.500634
2026-01-12,24690,NYR,SEA,30002999,Igor Shesterkin,shots_on_goal,rf_qrf_shots_on_goal,0.3.0,empirical_qrf,1.0,1.0,1.0,,2662215555207871876,2026-01-12 13:58:59.500634
2026-01-12,24690,SEA,NYR,30006437,Kaden Hammell,shots_on_goal,rf_qrf_shots_on_goal,0.3.0,empirical_qrf,1.0,1.0,1.0,,2662215555207871876,2026-01-12 13:58:59.500634
2026-01-12,24690,SEA,NYR,30006499,Berkly Catton,shots_on_goal,rf_qrf_shots_on_goal,0.3.0,empirical_qrf,1.0,1.0,1.0,,2662215555207871876,2026-01-12 13:58:59.500634
2026-01-12,24690,NYR,SEA,30000123,Jonathan Quick,shots_on_goal,rf_qrf_shots_on_goal,0.3.0,empirical_qrf,1.0,1.0,1.0,,2662215555207871876,2026-01-12 13:58:59.500634
2026-01-12,24690,NYR,SEA,30000226,Vincent Trocheck,shots_on_goal,rf_qrf_shots_on_goal,0.3.0,empirical_qrf,1.0,1.0,1.0,,2662215555207871876,2026-01-12 13:58:59.500634
2026-01-12,24690,NYR,SEA,30000410,Conor Sheary,shots_on_goal,rf_qrf_shots_on_goal,0.3.0,empirical_qrf,1.0,1.0,1.0,,2662215555207871876,2026-01-12 13:58:59.500634
2026-01-12,24690,NYR,SEA,30000467,Mika Zibanejad,shots_on_goal,rf_qrf_shots_on_goal,0.3.0,empirical_qrf,1.0,1.0,1.0,,2662215555207871876,2026-01-12 13:58:59.500634
2026-01-12,24690,SEA,NYR,30005757,Ty Nelson,shots_on_goal,rf_qrf_shots_on_goal,0.3.0,empirical_qrf,1.0,1.0,1.0,,2662215555207871876,2026-01-12 13:58:59.500634
2026-01-12,24690,SEA,NYR,30006087,Eduard Sale,shots_on_goal,rf_qrf_shots_on_goal,0.3.0,empirical_qrf,1.0,1.0,1.0,,2662215555207871876,2026-01-12 13:58:59.500634
2026-01-12,24690,SEA,NYR,30006119,Lukas Dragicevic,shots_on_goal,rf_qrf_shots_on_goal,0.3.0,empirical_qrf,1.0,1.0,1.0,,2662215555207871876,2026-01-12 13:58:59.500634
2026-01-12,24690,SEA,NYR,30006121,Carson Rehkopf,shots_on_goal,rf_qrf_shots_on_goal,0.3.0,empirical_qrf,1.0,1.0,1.0,,2662215555207871876,2026-01-12 13:58:59.500634
2026-01-12,24690,SEA,NYR,30006125,Caden Price,shots_on_goal,rf_qrf_shots_on_goal,0.3.0,empirical_qrf,1.0,1.0,1.0,,2662215555207871876,2026-01-12 13:58:59.500634
2026-01-12,24690,SEA,NYR,30006197,Andrei Loshko,shots_on_goal,rf_qrf_shots_on_goal,0.3.0,empirical_qrf,1.0,1.0,1.0,,2662215555207871876,2026-01-12 13:58:59.500634
2026-01-12,24690,SEA,NYR,30005593,Peetro Seppala,shots_on_goal,rf_qrf_shots_on_goal,0.3.0,empirical_qrf,1.0,1.0,1.0,,2662215555207871876,2026-01-12 13:58:59.500634
2026-01-12,24690,SEA,NYR,30005616,Shane Wright,shots_on_goal,rf_qrf_shots_on_goal,0.3.0,empirical_qrf,1.0,1.0,1.0,,2662215555207871876,2026-01-12 13:58:59.500634
2026-01-12,24690,SEA,NYR,30005680,David Goyette,shots_on_goal,rf_qrf_shots_on_goal,0.3.0,empirical_qrf,1.0,1.0,1.0,,2662215555207871876,2026-01-12 13:58:59.500634
2026-01-12,24690,SEA,NYR,30005681,Jagger Firkus,shots_on_goal,rf_qrf_shots_on_goal,0.3.0,empirical_qrf,1.0,1.0,1.0,,2662215555207871876,2026-01-12 13:58:59.500634
2026-01-12,24690,SEA,NYR,30005682,Jani Nyman,shots_on_goal,rf_qrf_shots_on_goal,0.3.0,empirical_qrf,1.0,1.0,1.0,,2662215555207871876,2026-01-12 13:58:59.500634
2026-01-12,24690,SEA,NYR,30005683,Niklas Kokko,shots_on_goal,rf_qrf_shots_on_goal,0.3.0,empirical_qrf,1.0,1.0,1.0,,2662215555207871876,2026-01-12 13:58:59.500634
2026-01-12,24690,SEA,NYR,30005333,Jacob Melanson,shots_on_goal,rf_qrf_shots_on_goal,0.3.0,empirical_qrf,1.0,1.0,1.0,,2662215555207871876,2026-01-12 13:58:59.500634
2026-01-12,24690,SEA,NYR,30005336,Tye Kartye,shots_on_goal,rf_qrf_shots_on_goal,0.3.0,empirical_qrf,1.0,1.0,1.0,,2662215555207871876,2026-01-12 13:58:59.500634
2026-01-12,24690,SEA,NYR,30005337,Ryan Winterton,shots_on_goal,rf_qrf_shots_on_goal,0.3.0,empirical_qrf,1.0,1.0,1.0,,2662215555207871876,2026-01-12 13:58:59.500634
2026-01-12,24690,SEA,NYR,30005447,Ville Ottavainen,shots_on_goal,rf_qrf_shots_on_goal,0.3.0,empirical_qrf,1.0,1.0,1.0,,2662215555207871876,2026-01-12 13:58:59.500634
2026-01-12,24690,SEA,NYR,30005503,Logan Morrison,shots_on_goal,rf_qrf_shots_on_goal,0.3.0,empirical_qrf,1.0,1.0,1.0,,2662215555207871876,2026-01-12 13:58:59.500634
2026-01-12,24690,SEA,NYR,30005582,Ben Meyers,shots_on_goal,rf_qrf_shots_on_goal,0.3.0,empirical_qrf,1.0,1.0,1.0,,2662215555207871876,2026-01-12 13:58:59.500634
2026-01-12,24690,SEA,NYR,30003703,Cale Fleury,shots_on_goal,rf_qrf_shots_on_goal,0.3.0,empirical_qrf,1.0,1.0,1.0,,2662215555207871876,2026-01-12 13:58:59.500634
2026-01-12,24690,SEA,NYR,30004419,Joey Daccord,shots_on_goal,rf_qrf_shots_on_goal,0.3.0,empirical_qrf,1.0,1.0,1.0,,2662215555207871876,2026-01-12 13:58:59.500634
2026-01-12,24690,SEA,NYR,30004471,Kaapo Kakko,shots_on_goal,rf_qrf_shots_on_goal,0.3.0,empirical_qrf,1.0,1.0,1.0,,2662215555207871876,2026-01-12 13:58:59.500634
2026-01-12,24690,SEA,NYR,30005040,Matty Beniers,shots_on_goal,rf_qrf_shots_on_goal,0.3.0,empirical_qrf,1.0,1.0,1.0,,2662215555207871876,2026-01-12 13:58:59.500634
2026-01-12,24690,SEA,NYR,30005042,Ryker Evans,shots_on_goal,rf_qrf_shots_on_goal,0.3.0,empirical_qrf,1.0,1.0,1.0,,2662215555207871876,2026-01-12 13:58:59.500634
2026-01-12,24690,SEA,NYR,30005239,Jakov Novak,shots_on_goal,rf_qrf_shots_on_goal,0.3.0,empirical_qrf,1.0,1.0,1.0,,2662215555207871876,2026-01-12 13:58:59.500634
2026-01-12,24690,SEA,NYR,30002529,John Hayden,shots_on_goal,rf_qrf_shots_on_goal,0.3.0,empirical_qrf,1.0,1.0,1.0,,2662215555207871876,2026-01-12 13:58:59.500634
2026-01-12,24690,SEA,NYR,30002711,Frederick Gaudreau,shots_on_goal,rf_qrf_shots_on_goal,0.3.0,empirical_qrf,1.0,1.0,1.0,,2662215555207871876,2026-01-12 13:58:59.500634
2026-01-12,24690,SEA,NYR,30003184,Ryan Lindgren,shots_on_goal,rf_qrf_shots_on_goal,0.3.0,empirical_qrf,1.0,1.0,1.0,,2662215555207871876,2026-01-12 13:58:59.500634
2026-01-12,24690,SEA,NYR,30003188,Jack LaFontaine,shots_on_goal,rf_qrf_shots_on_goal,0.3.0,empirical_qrf,1.0,1.0,1.0,,2662215555207871876,2026-01-12 13:58:59.500634
2026-01-12,24690,SEA,NYR,30003214,Joshua Mahura,shots_on_goal,rf_qrf_shots_on_goal,0.3.0,empirical_qrf,1.0,1.0,1.0,,2662215555207871876,2026-01-12 13:58:59.500634
2026-01-12,24690,SEA,NYR,30003660,Eeli Tolvanen,shots_on_goal,rf_qrf_shots_on_goal,0.3.0,empirical_qrf,1.0,1.0,1.0,,2662215555207871876,2026-01-12 13:58:59.500634
2026-01-12,24690,SEA,NYR,30000674,Vince Dunn,shots_on_goal,rf_qrf_shots_on_goal,0.3.0,empirical_qrf,1.0,1.0,1.0,,2662215555207871876,2026-01-12 13:58:59.500634
2026-01-12,24690,SEA,NYR,30000758,Jamie Oleksiak,shots_on_goal,rf_qrf_shots_on_goal,0.3.0,empirical_qrf,1.0,1.0,1.0,,2662215555207871876,2026-01-12 13:58:59.500634
2026-01-12,24690,SEA,NYR,30000794,Jaden Schwartz,shots_on_goal,rf_qrf_shots_on_goal,0.3.0,empirical_qrf,1.0,1.0,1.0,,2662215555207871876,2026-01-12 13:58:59.500634
2026-01-12,24690,SEA,NYR,30000812,Gustav Olofsson,shots_on_goal,rf_qrf_shots_on_goal,0.3.0,empirical_qrf,1.0,1.0,1.0,,2662215555207871876,2026-01-12 13:58:59.500634
2026-01-12,24690,SEA,NYR,30000882,Brandon Montour,shots_on_goal,rf_qrf_shots_on_goal,0.3.0,empirical_qrf,1.0,1.0,1.0,,2662215555207871876,2026-01-12 13:58:59.500634
2026-01-12,24690,SEA,NYR,30000929,Jared McCann,shots_on_goal,rf_qrf_shots_on_goal,0.3.0,empirical_qrf,1.0,1.0,1.0,,2662215555207871876,2026-01-12 13:58:59.500634
2026-01-12,24691,CAR,DET,30000271,Shayne Gostisbehere,shots_on_goal,rf_qrf_shots_on_goal,0.3.0,empirical_qrf,1.0,1.0,1.0,,2662215555207871876,2026-01-12 13:58:59.500634
2026-01-12,24691,CAR,DET,30000358,Jordan Staal,shots_on_goal,rf_qrf_shots_on_goal,0.3.0,empirical_qrf,1.0,1.0,1.0,,2662215555207871876,2026-01-12 13:58:59.500634
2026-01-12,24691,CAR,DET,30000510,William Carrier,shots_on_goal,rf_qrf_shots_on_goal,0.3.0,empirical_qrf,1.0,1.0,1.0,,2662215555207871876,2026-01-12 13:58:59.500634
2026-01-12,24691,CAR,DET,30000525,Mike Reilly,shots_on_goal,rf_qrf_shots_on_goal,0.3.0,empirical_qrf,1.0,1.0,1.0,,2662215555207871876,2026-01-12 13:58:59.500634
2026-01-12,24691,CAR,DET,30000643,Jaccob Slavin,shots_on_goal,rf_qrf_shots_on_goal,0.3.0,empirical_qrf,1.0,1.0,1.0,,2662215555207871876,2026-01-12 13:58:59.500634
2026-01-12,24691,CAR,DET,30000822,Nikolaj Ehlers,shots_on_goal,rf_qrf_shots_on_goal,0.3.0,empirical_qrf,1.0,1.0,1.0,,2662215555207871876,2026-01-12 13:58:59.500634
2026-01-12,24691,CAR,DET,30005577,Noah Philp,shots_on_goal,rf_qrf_shots_on_goal,0.3.0,empirical_qrf,1.0,1.0,1.0,,2662215555207871876,2026-01-12 13:58:59.500634
2026-01-12,24691,CAR,DET,30003662,Juuso Valimaki,shots_on_goal,rf_qrf_shots_on_goal,0.3.0,empirical_qrf,1.0,1.0,1.0,,2662215555207871876,2026-01-12 13:58:59.500634
2026-01-12,24691,DET,CAR,30003859,Sheldon Dries,shots_on_goal,rf_qrf_shots_on_goal,0.3.0,empirical_qrf,1.0,1.0,1.0,,2662215555207871876,2026-01-12 13:58:59.500634
2026-01-12,24691,DET,CAR,30005630,Marco Kasper,shots_on_goal,rf_qrf_shots_on_goal,0.3.0,empirical_qrf,1.0,1.0,1.0,,2662215555207871876,2026-01-12 13:58:59.500634
2026-01-12,24691,DET,CAR,30005780,Amadeus Lombardi,shots_on_goal,rf_qrf_shots_on_goal,0.3.0,empirical_qrf,1.0,1.0,1.0,,2662215555207871876,2026-01-12 13:58:59.500634
2026-01-12,24691,DET,CAR,30006015,Alexandre Doucet,shots_on_goal,rf_qrf_shots_on_goal,0.3.0,empirical_qrf,1.0,1.0,1.0,,2662215555207871876,2026-01-12 13:58:59.500634
2026-01-12,24691,DET,CAR,30006059,Nate Danielson,shots_on_goal,rf_qrf_shots_on_goal,0.3.0,empirical_qrf,1.0,1.0,1.0,,2662215555207871876,2026-01-12 13:58:59.500634
2026-01-12,24691,DET,CAR,30006071,Axel Sandin-Pellikka,shots_on_goal,rf_qrf_shots_on_goal,0.3.0,empirical_qrf,1.0,1.0,1.0,,2662215555207871876,2026-01-12 13:58:59.500634
2026-01-12,24691,DET,CAR,30006201,Emmitt Finnie,shots_on_goal,rf_qrf_shots_on_goal,0.3.0,empirical_qrf,1.0,1.0,1.0,,2662215555207871876,2026-01-12 13:58:59.500634
2026-01-12,24691,DET,CAR,30004816,Lucas Raymond,shots_on_goal,rf_qrf_shots_on_goal,0.3.0,empirical_qrf,1.0,1.0,1.0,,2662215555207871876,2026-01-12 13:58:59.500634
2026-01-12,24691,DET,CAR,30004884,William Wallinder,shots_on_goal,rf_qrf_shots_on_goal,0.3.0,empirical_qrf,1.0,1.0,1.0,,2662215555207871876,2026-01-12 13:58:59.500634
2026-01-12,24691,DET,CAR,30004983,Sebastian Cossa,shots_on_goal,rf_qrf_shots_on_goal,0.3.0,empirical_qrf,1.0,1.0,1.0,,2662215555207871876,2026-01-12 13:58:59.500634
2026-01-12,24691,DET,CAR,30004984,Simon Edvinsson,shots_on_goal,rf_qrf_shots_on_goal,0.3.0,empirical_qrf,1.0,1.0,1.0,,2662215555207871876,2026-01-12 13:58:59.500634
2026-01-12,24691,DET,CAR,30005482,Carter Mazur,shots_on_goal,rf_qrf_shots_on_goal,0.3.0,empirical_qrf,1.0,1.0,1.0,,2662215555207871876,2026-01-12 13:58:59.500634
2026-01-12,24691,DET,CAR,30005489,Elmer Soderblom,shots_on_goal,rf_qrf_shots_on_goal,0.3.0,empirical_qrf,1.0,1.0,1.0,,2662215555207871876,2026-01-12 13:58:59.500634
2026-01-12,24691,DET,CAR,30004102,Jacob Bernard-Docker,shots_on_goal,rf_qrf_shots_on_goal,0.3.0,empirical_qrf,1.0,1.0,1.0,,2662215555207871876,2026-01-12 13:58:59.500634
2026-01-12,24691,DET,CAR,30004186,Joel L'Esperance,shots_on_goal,rf_qrf_shots_on_goal,0.3.0,empirical_qrf,1.0,1.0,1.0,,2662215555207871876,2026-01-12 13:58:59.500634
2026-01-12,24691,DET,CAR,30004475,Moritz Seider,shots_on_goal,rf_qrf_shots_on_goal,0.3.0,empirical_qrf,1.0,1.0,1.0,,2662215555207871876,2026-01-12 13:58:59.500634
2026-01-12,24691,DET,CAR,30004548,Albert Johansson,shots_on_goal,rf_qrf_shots_on_goal,0.3.0,empirical_qrf,1.0,1.0,1.0,,2662215555207871876,2026-01-12 13:58:59.500634
2026-01-12,24691,DET,CAR,30004561,Antti Tuomisto,shots_on_goal,rf_qrf_shots_on_goal,0.3.0,empirical_qrf,1.0,1.0,1.0,,2662215555207871876,2026-01-12 13:58:59.500634
2026-01-12,24691,DET,CAR,30004758,John Leonard,shots_on_goal,rf_qrf_shots_on_goal,0.3.0,empirical_qrf,1.0,1.0,1.0,,2662215555207871876,2026-01-12 13:58:59.500634
2026-01-12,24691,DET,CAR,30001063,Ben Chiarot,shots_on_goal,rf_qrf_shots_on_goal,0.3.0,empirical_qrf,1.0,1.0,1.0,,2662215555207871876,2026-01-12 13:58:59.500634
2026-01-12,24691,DET,CAR,30002213,Josiah Didier,shots_on_goal,rf_qrf_shots_on_goal,0.3.0,empirical_qrf,1.0,1.0,1.0,,2662215555207871876,2026-01-12 13:58:59.500634
2026-01-12,24691,DET,CAR,30002513,J.T. Compher,shots_on_goal,rf_qrf_shots_on_goal,0.3.0,empirical_qrf,1.0,1.0,1.0,,2662215555207871876,2026-01-12 13:58:59.500634
2026-01-12,24691,DET,CAR,30003160,Alex DeBrincat,shots_on_goal,rf_qrf_shots_on_goal,0.3.0,empirical_qrf,1.0,1.0,1.0,,2662215555207871876,2026-01-12 13:58:59.500634
2026-01-12,24691,DET,CAR,30003644,Michael Rasmussen,shots_on_goal,rf_qrf_shots_on_goal,0.3.0,empirical_qrf,1.0,1.0,1.0,,2662215555207871876,2026-01-12 13:58:59.500634
2026-01-12,24691,DET,CAR,30003744,Mason Appleton,shots_on_goal,rf_qrf_shots_on_goal,0.3.0,empirical_qrf,1.0,1.0,1.0,,2662215555207871876,2026-01-12 13:58:59.500634
2026-01-12,24691,DET,CAR,30000821,Andrew Copp,shots_on_goal,rf_qrf_shots_on_goal,0.3.0,empirical_qrf,1.0,1.0,1.0,,2662215555207871876,2026-01-12 13:58:59.500634
2026-01-12,24691,DET,CAR,30000846,Dylan Larkin,shots_on_goal,rf_qrf_shots_on_goal,0.3.0,empirical_qrf,1.0,1.0,1.0,,2662215555207871876,2026-01-12 13:58:59.500634
2026-01-12,24691,DET,CAR,30000866,Patrick Kane,shots_on_goal,rf_qrf_shots_on_goal,0.3.0,empirical_qrf,1.0,1.0,1.0,,2662215555207871876,2026-01-12 13:58:59.500634
2026-01-12,24691,DET,CAR,30000874,John Gibson,shots_on_goal,rf_qrf_shots_on_goal,0.3.0,empirical_qrf,1.0,1.0,1.0,,2662215555207871876,2026-01-12 13:58:59.500634
2026-01-12,24691,DET,CAR,30000997,Travis Hamonic,shots_on_goal,rf_qrf_shots_on_goal,0.3.0,empirical_qrf,1.0,1.0,1.0,,2662215555207871876,2026-01-12 13:58:59.500634
2026-01-12,24691,DET,CAR,30001011,Erik Gustafsson,shots_on_goal,rf_qrf_shots_on_goal,0.3.0,empirical_qrf,1.0,1.0,1.0,,2662215555207871876,2026-01-12 13:58:59.500634
2026-01-12,24691,CAR,DET,30005405,Jackson Blake,shots_on_goal,rf_qrf_shots_on_goal,0.3.0,empirical_qrf,1.0,1.0,1.0,,2662215555207871876,2026-01-12 13:58:59.500634
2026-01-12,24691,CAR,DET,30005573,Brandon Bussi,shots_on_goal,rf_qrf_shots_on_goal,0.3.0,empirical_qrf,1.0,1.0,1.0,,2662215555207871876,2026-01-12 13:58:59.500634
2026-01-12,24691,CAR,DET,30006098,Felix Unger Sorum,shots_on_goal,rf_qrf_shots_on_goal,0.3.0,empirical_qrf,1.0,1.0,1.0,,2662215555207871876,2026-01-12 13:58:59.500634
2026-01-12,24691,DET,CAR,30000043,James van Riemsdyk,shots_on_goal,rf_qrf_shots_on_goal,0.3.0,empirical_qrf,1.0,1.0,1.0,,2662215555207871876,2026-01-12 13:58:59.500634
2026-01-12,24691,DET,CAR,30000186,Austin Watson,shots_on_goal,rf_qrf_shots_on_goal,0.3.0,empirical_qrf,1.0,1.0,1.0,,2662215555207871876,2026-01-12 13:58:59.500634
2026-01-12,24691,DET,CAR,30000563,Cam Talbot,shots_on_goal,rf_qrf_shots_on_goal,0.3.0,empirical_qrf,1.0,1.0,1.0,,2662215555207871876,2026-01-12 13:58:59.500634
2026-01-12,24691,CAR,DET,30004913,Evan Vierling,shots_on_goal,rf_qrf_shots_on_goal,0.3.0,empirical_qrf,1.0,1.0,1.0,,2662215555207871876,2026-01-12 13:58:59.500634
2026-01-12,24691,CAR,DET,30004953,Pyotr Kochetkov,shots_on_goal,rf_qrf_shots_on_goal,0.3.0,empirical_qrf,1.0,1.0,1.0,,2662215555207871876,2026-01-12 13:58:59.500634
2026-01-12,24691,CAR,DET,30005026,Aleksi Heimosalmi,shots_on_goal,rf_qrf_shots_on_goal,0.3.0,empirical_qrf,1.0,1.0,1.0,,2662215555207871876,2026-01-12 13:58:59.500634
2026-01-12,24691,CAR,DET,30005034,Logan Stankoven,shots_on_goal,rf_qrf_shots_on_goal,0.3.0,empirical_qrf,1.0,1.0,1.0,,2662215555207871876,2026-01-12 13:58:59.500634
2026-01-12,24691,CAR,DET,30005153,Bryce Montgomery,shots_on_goal,rf_qrf_shots_on_goal,0.3.0,empirical_qrf,1.0,1.0,1.0,,2662215555207871876,2026-01-12 13:58:59.500634
2026-01-12,24691,CAR,DET,30005155,Justin Robidas,shots_on_goal,rf_qrf_shots_on_goal,0.3.0,empirical_qrf,1.0,1.0,1.0,,2662215555207871876,2026-01-12 13:58:59.500634
2026-01-12,24691,CAR,DET,30004082,K'Andre Miller,shots_on_goal,rf_qrf_shots_on_goal,0.3.0,empirical_qrf,1.0,1.0,1.0,,2662215555207871876,2026-01-12 13:58:59.500634
2026-01-12,24691,CAR,DET,30004385,Cayden Primeau,shots_on_goal,rf_qrf_shots_on_goal,0.3.0,empirical_qrf,1.0,1.0,1.0,,2662215555207871876,2026-01-12 13:58:59.500634
2026-01-12,24691,CAR,DET,30004537,Domenick Fensore,shots_on_goal,rf_qrf_shots_on_goal,0.3.0,empirical_qrf,1.0,1.0,1.0,,2662215555207871876,2026-01-12 13:58:59.500634
2026-01-12,24691,CAR,DET,30004602,Nikita Pavlychev,shots_on_goal,rf_qrf_shots_on_goal,0.3.0,empirical_qrf,1.0,1.0,1.0,,2662215555207871876,2026-01-12 13:58:59.500634
2026-01-12,24691,CAR,DET,30004806,Seth Jarvis,shots_on_goal,rf_qrf_shots_on_goal,0.3.0,empirical_qrf,1.0,1.0,1.0,,2662215555207871876,2026-01-12 13:58:59.500634
2026-01-12,24691,CAR,DET,30004865,Alexander Nikishin,shots_on_goal,rf_qrf_shots_on_goal,0.3.0,empirical_qrf,1.0,1.0,1.0,,2662215555207871876,2026-01-12 13:58:59.500634
2026-01-12,24691,CAR,DET,30003180,Givani Smith,shots_on_goal,rf_qrf_shots_on_goal,0.3.0,empirical_qrf,1.0,1.0,1.0,,2662215555207871876,2026-01-12 13:58:59.500634
2026-01-12,24691,CAR,DET,30003359,Jalen Chatfield,shots_on_goal,rf_qrf_shots_on_goal,0.3.0,empirical_qrf,1.0,1.0,1.0,,2662215555207871876,2026-01-12 13:58:59.500634
2026-01-12,24691,CAR,DET,30003550,Gavin Bayreuther,shots_on_goal,rf_qrf_shots_on_goal,0.3.0,empirical_qrf,1.0,1.0,1.0,,2662215555207871876,2026-01-12 13:58:59.500634
2026-01-12,24691,CAR,DET,30003786,Sean Walker,shots_on_goal,rf_qrf_shots_on_goal,0.3.0,empirical_qrf,1.0,1.0,1.0,,2662215555207871876,2026-01-12 13:58:59.500634
2026-01-12,24691,CAR,DET,30004075,Jesperi Kotkaniemi,shots_on_goal,rf_qrf_shots_on_goal,0.3.0,empirical_qrf,1.0,1.0,1.0,,2662215555207871876,2026-01-12 13:58:59.500634
2026-01-12,24691,CAR,DET,30004076,Andrei Svechnikov,shots_on_goal,rf_qrf_shots_on_goal,0.3.0,empirical_qrf,1.0,1.0,1.0,,2662215555207871876,2026-01-12 13:58:59.500634
2026-01-12,24691,CAR,DET,30000948,Jordan Martinook,shots_on_goal,rf_qrf_shots_on_goal,0.3.0,empirical_qrf,1.0,1.0,1.0,,2662215555207871876,2026-01-12 13:58:59.500634
2026-01-12,24691,CAR,DET,30001187,Taylor Hall,shots_on_goal,rf_qrf_shots_on_goal,0.3.0,empirical_qrf,1.0,1.0,1.0,,2662215555207871876,2026-01-12 13:58:59.500634
2026-01-12,24691,CAR,DET,30001203,Frederik Andersen,shots_on_goal,rf_qrf_shots_on_goal,0.3.0,empirical_qrf,1.0,1.0,1.0,,2662215555207871876,2026-01-12 13:58:59.500634
2026-01-12,24691,CAR,DET,30002309,Mark Jankowski,shots_on_goal,rf_qrf_shots_on_goal,0.3.0,empirical_qrf,1.0,1.0,1.0,,2662215555207871876,2026-01-12 13:58:59.500634
2026-01-12,24691,CAR,DET,30002819,Sebastian Aho,shots_on_goal,rf_qrf_shots_on_goal,0.3.0,empirical_qrf,1.0,1.0,1.0,,2662215555207871876,2026-01-12 13:58:59.500634
2026-01-12,24691,CAR,DET,30002980,Eric Robinson,shots_on_goal,rf_qrf_shots_on_goal,0.3.0,empirical_qrf,1.0,1.0,1.0,,2662215555207871876,2026-01-12 13:58:59.500634
2026-01-12,24692,FLA,BUF,30000074,Brad Marchand,shots_on_goal,rf_qrf_shots_on_goal,0.3.0,empirical_qrf,1.0,1.0,1.0,,2662215555207871876,2026-01-12 13:58:59.500634
2026-01-12,24692,FLA,BUF,30000201,Keith Kinkaid,shots_on_goal,rf_qrf_shots_on_goal,0.3.0,empirical_qrf,1.0,1.0,1.0,,2662215555207871876,2026-01-12 13:58:59.500634
2026-01-12,24692,FLA,BUF,30000228,Aleksander Barkov,shots_on_goal,rf_qrf_shots_on_goal,0.3.0,empirical_qrf,1.0,1.0,1.0,,2662215555207871876,2026-01-12 13:58:59.500634
2026-01-12,24692,FLA,BUF,30000232,Dmitry Kulikov,shots_on_goal,rf_qrf_shots_on_goal,0.3.0,empirical_qrf,1.0,1.0,1.0,,2662215555207871876,2026-01-12 13:58:59.500634
2026-01-12,24692,FLA,BUF,30000239,Aaron Ekblad,shots_on_goal,rf_qrf_shots_on_goal,0.3.0,empirical_qrf,1.0,1.0,1.0,,2662215555207871876,2026-01-12 13:58:59.500634
2026-01-12,24692,FLA,BUF,30000253,Seth Jones,shots_on_goal,rf_qrf_shots_on_goal,0.3.0,empirical_qrf,1.0,1.0,1.0,,2662215555207871876,2026-01-12 13:58:59.500634
2026-01-12,24692,BUF,FLA,30006070,Zach Benson,shots_on_goal,rf_qrf_shots_on_goal,0.3.0,empirical_qrf,1.0,1.0,1.0,,2662215555207871876,2026-01-12 13:58:59.500634
2026-01-12,24692,BUF,FLA,30006092,Anton Wahlberg,shots_on_goal,rf_qrf_shots_on_goal,0.3.0,empirical_qrf,1.0,1.0,1.0,,2662215555207871876,2026-01-12 13:58:59.500634
2026-01-12,24692,BUF,FLA,30006340,Zach Metsa,shots_on_goal,rf_qrf_shots_on_goal,0.3.0,empirical_qrf,1.0,1.0,1.0,,2662215555207871876,2026-01-12 13:58:59.500634
2026-01-12,24692,BUF,FLA,30006341,Christopher Brown,shots_on_goal,rf_qrf_shots_on_goal,0.3.0,empirical_qrf,1.0,1.0,1.0,,2662215555207871876,2026-01-12 13:58:59.500634
2026-01-12,24692,BUF,FLA,30006342,Dominick Mersch,shots_on_goal,rf_qrf_shots_on_goal,0.3.0,empirical_qrf,1.0,1.0,1.0,,2662215555207871876,2026-01-12 13:58:59.500634
2026-01-12,24692,FLA,BUF,30003322,Noah Gregor,shots_on_goal,rf_qrf_shots_on_goal,0.3.0,empirical_qrf,1.0,1.0,1.0,,2662215555207871876,2026-01-12 13:58:59.500634
2026-01-12,24692,BUF,FLA,30005730,Vsevolod Komarov,shots_on_goal,rf_qrf_shots_on_goal,0.3.0,empirical_qrf,1.0,1.0,1.0,,2662215555207871876,2026-01-12 13:58:59.500634
2026-01-12,24692,BUF,FLA,30005764,Noah Laaouan,shots_on_goal,rf_qrf_shots_on_goal,0.3.0,empirical_qrf,1.0,1.0,1.0,,2662215555207871876,2026-01-12 13:58:59.500634
2026-01-12,24692,BUF,FLA,30005767,Graham Slaggert,shots_on_goal,rf_qrf_shots_on_goal,0.3.0,empirical_qrf,1.0,1.0,1.0,,2662215555207871876,2026-01-12 13:58:59.500634
2026-01-12,24692,BUF,FLA,30005793,Riley Fiddler-Schultz,shots_on_goal,rf_qrf_shots_on_goal,0.3.0,empirical_qrf,1.0,1.0,1.0,,2662215555207871876,2026-01-12 13:58:59.500634
2026-01-12,24692,BUF,FLA,30006028,Jagger Joshua,shots_on_goal,rf_qrf_shots_on_goal,0.3.0,empirical_qrf,1.0,1.0,1.0,,2662215555207871876,2026-01-12 13:58:59.500634
2026-01-12,24692,BUF,FLA,30006039,Aidan Fulp,shots_on_goal,rf_qrf_shots_on_goal,0.3.0,empirical_qrf,1.0,1.0,1.0,,2662215555207871876,2026-01-12 13:58:59.500634
2026-01-12,24692,BUF,FLA,30005151,Olivier Nadeau,shots_on_goal,rf_qrf_shots_on_goal,0.3.0,empirical_qrf,1.0,1.0,1.0,,2662215555207871876,2026-01-12 13:58:59.500634
2026-01-12,24692,BUF,FLA,30005441,Ryan Johnson,shots_on_goal,rf_qrf_shots_on_goal,0.3.0,empirical_qrf,1.0,1.0,1.0,,2662215555207871876,2026-01-12 13:58:59.500634
2026-01-12,24692,BUF,FLA,30005445,Nikita Novikov,shots_on_goal,rf_qrf_shots_on_goal,0.3.0,empirical_qrf,1.0,1.0,1.0,,2662215555207871876,2026-01-12 13:58:59.500634
2026-01-12,24692,BUF,FLA,30005634,Noah Ostlund,shots_on_goal,rf_qrf_shots_on_goal,0.3.0,empirical_qrf,1.0,1.0,1.0,,2662215555207871876,2026-01-12 13:58:59.500634
2026-01-12,24692,BUF,FLA,30005644,Jiri Kulich,shots_on_goal,rf_qrf_shots_on_goal,0.3.0,empirical_qrf,1.0,1.0,1.0,,2662215555207871876,2026-01-12 13:58:59.500634
2026-01-12,24692,BUF,FLA,30005685,Viktor Neuchev,shots_on_goal,rf_qrf_shots_on_goal,0.3.0,empirical_qrf,1.0,1.0,1.0,,2662215555207871876,2026-01-12 13:58:59.500634
2026-01-12,24692,BUF,FLA,30004980,Owen Power,shots_on_goal,rf_qrf_shots_on_goal,0.3.0,empirical_qrf,1.0,1.0,1.0,,2662215555207871876,2026-01-12 13:58:59.500634
2026-01-12,24692,BUF,FLA,30004981,Devon Levi,shots_on_goal,rf_qrf_shots_on_goal,0.3.0,empirical_qrf,1.0,1.0,1.0,,2662215555207871876,2026-01-12 13:58:59.500634
2026-01-12,24692,BUF,FLA,30004982,Isak Rosen,shots_on_goal,rf_qrf_shots_on_goal,0.3.0,empirical_qrf,1.0,1.0,1.0,,2662215555207871876,2026-01-12 13:58:59.500634
2026-01-12,24692,BUF,FLA,30005017,Josh Doan,shots_on_goal,rf_qrf_shots_on_goal,0.3.0,empirical_qrf,1.0,1.0,1.0,,2662215555207871876,2026-01-12 13:58:59.500634
2026-01-12,24692,BUF,FLA,30005067,Isaac Belliveau,shots_on_goal,rf_qrf_shots_on_goal,0.3.0,empirical_qrf,1.0,1.0,1.0,,2662215555207871876,2026-01-12 13:58:59.500634
2026-01-12,24692,BUF,FLA,30005147,Tyson Kozak,shots_on_goal,rf_qrf_shots_on_goal,0.3.0,empirical_qrf,1.0,1.0,1.0,,2662215555207871876,2026-01-12 13:58:59.500634
2026-01-12,24692,BUF,FLA,30004670,Peter Tischke,shots_on_goal,rf_qrf_shots_on_goal,0.3.0,empirical_qrf,1.0,1.0,1.0,,2662215555207871876,2026-01-12 13:58:59.500634
2026-01-12,24692,BUF,FLA,30004815,Jack Quinn,shots_on_goal,rf_qrf_shots_on_goal,0.3.0,empirical_qrf,1.0,1.0,1.0,,2662215555207871876,2026-01-12 13:58:59.500634
2026-01-12,24692,BUF,FLA,30004854,Trevor Kuntar,shots_on_goal,rf_qrf_shots_on_goal,0.3.0,empirical_qrf,1.0,1.0,1.0,,2662215555207871876,2026-01-12 13:58:59.500634
2026-01-12,24692,BUF,FLA,30004923,Josh Dunne,shots_on_goal,rf_qrf_shots_on_goal,0.3.0,empirical_qrf,1.0,1.0,1.0,,2662215555207871876,2026-01-12 13:58:59.500634
2026-01-12,24692,BUF,FLA,30004948,Carson Meyer,shots_on_goal,rf_qrf_shots_on_goal,0.3.0,empirical_qrf,1.0,1.0,1.0,,2662215555207871876,2026-01-12 13:58:59.500634
2026-01-12,24692,BUF,FLA,30004956,Justin Danforth,shots_on_goal,rf_qrf_shots_on_goal,0.3.0,empirical_qrf,1.0,1.0,1.0,,2662215555207871876,2026-01-12 13:58:59.500634
2026-01-12,24692,BUF,FLA,30004380,Jack Rathbone,shots_on_goal,rf_qrf_shots_on_goal,0.3.0,empirical_qrf,1.0,1.0,1.0,,2662215555207871876,2026-01-12 13:58:59.500634
2026-01-12,24692,BUF,FLA,30004431,Jacob Bryson,shots_on_goal,rf_qrf_shots_on_goal,0.3.0,empirical_qrf,1.0,1.0,1.0,,2662215555207871876,2026-01-12 13:58:59.500634
2026-01-12,24692,BUF,FLA,30004474,Bowen Byram,shots_on_goal,rf_qrf_shots_on_goal,0.3.0,empirical_qrf,1.0,1.0,1.0,,2662215555207871876,2026-01-12 13:58:59.500634
2026-01-12,24692,BUF,FLA,30004502,Peyton Krebs,shots_on_goal,rf_qrf_shots_on_goal,0.3.0,empirical_qrf,1.0,1.0,1.0,,2662215555207871876,2026-01-12 13:58:59.500634
2026-01-12,24692,BUF,FLA,30004554,Zac Jones,shots_on_goal,rf_qrf_shots_on_goal,0.3.0,empirical_qrf,1.0,1.0,1.0,,2662215555207871876,2026-01-12 13:58:59.500634
2026-01-12,24692,BUF,FLA,30004577,Colten Ellis,shots_on_goal,rf_qrf_shots_on_goal,0.3.0,empirical_qrf,1.0,1.0,1.0,,2662215555207871876,2026-01-12 13:58:59.500634
2026-01-12,24692,BUF,FLA,30003673,Ukko-Pekka Luukkonen,shots_on_goal,rf_qrf_shots_on_goal,0.3.0,empirical_qrf,1.0,1.0,1.0,,2662215555207871876,2026-01-12 13:58:59.500634
2026-01-12,24692,BUF,FLA,30003699,Jake Leschyshyn,shots_on_goal,rf_qrf_shots_on_goal,0.3.0,empirical_qrf,1.0,1.0,1.0,,2662215555207871876,2026-01-12 13:58:59.500634
2026-01-12,24692,BUF,FLA,30003750,Rasmus Dahlin,shots_on_goal,rf_qrf_shots_on_goal,0.3.0,empirical_qrf,1.0,1.0,1.0,,2662215555207871876,2026-01-12 13:58:59.500634
2026-01-12,24692,BUF,FLA,30004105,Mattias Samuelsson,shots_on_goal,rf_qrf_shots_on_goal,0.3.0,empirical_qrf,1.0,1.0,1.0,,2662215555207871876,2026-01-12 13:58:59.500634
2026-01-12,24692,BUF,FLA,30004117,Ryan McLeod,shots_on_goal,rf_qrf_shots_on_goal,0.3.0,empirical_qrf,1.0,1.0,1.0,,2662215555207871876,2026-01-12 13:58:59.500634
2026-01-12,24692,BUF,FLA,30004373,Michael Kesselring,shots_on_goal,rf_qrf_shots_on_goal,0.3.0,empirical_qrf,1.0,1.0,1.0,,2662215555207871876,2026-01-12 13:58:59.500634
2026-01-12,24692,BUF,FLA,30002797,Brendan Warren,shots_on_goal,rf_qrf_shots_on_goal,0.3.0,empirical_qrf,1.0,1.0,1.0,,2662215555207871876,2026-01-12 13:58:59.500634
2026-01-12,24692,BUF,FLA,30003074,Alex Lyon,shots_on_goal,rf_qrf_shots_on_goal,0.3.0,empirical_qrf,1.0,1.0,1.0,,2662215555207871876,2026-01-12 13:58:59.500634
2026-01-12,24692,BUF,FLA,30003158,Tage Thompson,shots_on_goal,rf_qrf_shots_on_goal,0.3.0,empirical_qrf,1.0,1.0,1.0,,2662215555207871876,2026-01-12 13:58:59.500634
2026-01-12,24692,BUF,FLA,30003221,Beck Malenstyn,shots_on_goal,rf_qrf_shots_on_goal,0.3.0,empirical_qrf,1.0,1.0,1.0,,2662215555207871876,2026-01-12 13:58:59.500634
2026-01-12,24692,BUF,FLA,30003665,Josh Norris,shots_on_goal,rf_qrf_shots_on_goal,0.3.0,empirical_qrf,1.0,1.0,1.0,,2662215555207871876,2026-01-12 13:58:59.500634
2026-01-12,24692,BUF,FLA,30003670,Conor Timmins,shots_on_goal,rf_qrf_shots_on_goal,0.3.0,empirical_qrf,1.0,1.0,1.0,,2662215555207871876,2026-01-12 13:58:59.500634
2026-01-12,24692,FLA,BUF,30006326,Michael Simpson,shots_on_goal,rf_qrf_shots_on_goal,0.3.0,empirical_qrf,1.0,1.0,1.0,,2662215555207871876,2026-01-12 13:58:59.500634
2026-01-12,24692,FLA,BUF,30006394,Graham McPhee,shots_on_goal,rf_qrf_shots_on_goal,0.3.0,empirical_qrf,1.0,1.0,1.0,,2662215555207871876,2026-01-12 13:58:59.500634
2026-01-12,24692,BUF,FLA,30000523,Jason Zucker,shots_on_goal,rf_qrf_shots_on_goal,0.3.0,empirical_qrf,1.0,1.0,1.0,,2662215555207871876,2026-01-12 13:58:59.500634
2026-01-12,24692,BUF,FLA,30002577,Alex Tuch,shots_on_goal,rf_qrf_shots_on_goal,0.3.0,empirical_qrf,1.0,1.0,1.0,,2662215555207871876,2026-01-12 13:58:59.500634
2026-01-12,24692,BUF,FLA,30002762,Mason Geertsen,shots_on_goal,rf_qrf_shots_on_goal,0.3.0,empirical_qrf,1.0,1.0,1.0,,2662215555207871876,2026-01-12 13:58:59.500634
2026-01-12,24692,BUF,FLA,30002774,Jordan Greenway,shots_on_goal,rf_qrf_shots_on_goal,0.3.0,empirical_qrf,1.0,1.0,1.0,,2662215555207871876,2026-01-12 13:58:59.500634
2026-01-12,24692,FLA,BUF,30005849,Kai Schwindt,shots_on_goal,rf_qrf_shots_on_goal,0.3.0,empirical_qrf,1.0,1.0,1.0,,2662215555207871876,2026-01-12 13:58:59.500634
2026-01-12,24692,FLA,BUF,30005850,Sandis Vilmanis,shots_on_goal,rf_qrf_shots_on_goal,0.3.0,empirical_qrf,1.0,1.0,1.0,,2662215555207871876,2026-01-12 13:58:59.500634
2026-01-12,24692,FLA,BUF,30006034,Jake Livingstone,shots_on_goal,rf_qrf_shots_on_goal,0.3.0,empirical_qrf,1.0,1.0,1.0,,2662215555207871876,2026-01-12 13:58:59.500634
2026-01-12,24692,FLA,BUF,30006040,Ryan McAllister,shots_on_goal,rf_qrf_shots_on_goal,0.3.0,empirical_qrf,1.0,1.0,1.0,,2662215555207871876,2026-01-12 13:58:59.500634
2026-01-12,24692,FLA,BUF,30006048,Uvis Balinskis,shots_on_goal,rf_qrf_shots_on_goal,0.3.0,empirical_qrf,1.0,1.0,1.0,,2662215555207871876,2026-01-12 13:58:59.500634
2026-01-12,24692,FLA,BUF,30006097,Gracyn Sawchyn,shots_on_goal,rf_qrf_shots_on_goal,0.3.0,empirical_qrf,1.0,1.0,1.0,,2662215555207871876,2026-01-12 13:58:59.500634
2026-01-12,24692,FLA,BUF,30005025,Evan Nause,shots_on_goal,rf_qrf_shots_on_goal,0.3.0,empirical_qrf,1.0,1.0,1.0,,2662215555207871876,2026-01-12 13:58:59.500634
2026-01-12,24692,FLA,BUF,30005215,Cole Krygier,shots_on_goal,rf_qrf_shots_on_goal,0.3.0,empirical_qrf,1.0,1.0,1.0,,2662215555207871876,2026-01-12 13:58:59.500634
2026-01-12,24692,FLA,BUF,30005556,Mack Guzda,shots_on_goal,rf_qrf_shots_on_goal,0.3.0,empirical_qrf,1.0,1.0,1.0,,2662215555207871876,2026-01-12 13:58:59.500634
2026-01-12,24692,FLA,BUF,30005598,Mitchell Russell,shots_on_goal,rf_qrf_shots_on_goal,0.3.0,empirical_qrf,1.0,1.0,1.0,,2662215555207871876,2026-01-12 13:58:59.500634
2026-01-12,24692,FLA,BUF,30005723,Marek Alscher,shots_on_goal,rf_qrf_shots_on_goal,0.3.0,empirical_qrf,1.0,1.0,1.0,,2662215555207871876,2026-01-12 13:58:59.500634
2026-01-12,24692,FLA,BUF,30005848,Josh Davies,shots_on_goal,rf_qrf_shots_on_goal,0.3.0,empirical_qrf,1.0,1.0,1.0,,2662215555207871876,2026-01-12 13:58:59.500634
2026-01-12,24692,FLA,BUF,30004517,Robert Mastrosimone,shots_on_goal,rf_qrf_shots_on_goal,0.3.0,empirical_qrf,1.0,1.0,1.0,,2662215555207871876,2026-01-12 13:58:59.500634
2026-01-12,24692,FLA,BUF,30004574,Cole Schwindt,shots_on_goal,rf_qrf_shots_on_goal,0.3.0,empirical_qrf,1.0,1.0,1.0,,2662215555207871876,2026-01-12 13:58:59.500634
2026-01-12,24692,FLA,BUF,30004809,Anton Lundell,shots_on_goal,rf_qrf_shots_on_goal,0.3.0,empirical_qrf,1.0,1.0,1.0,,2662215555207871876,2026-01-12 13:58:59.500634
2026-01-12,24692,FLA,BUF,30004873,Donovan Sebrango,shots_on_goal,rf_qrf_shots_on_goal,0.3.0,empirical_qrf,1.0,1.0,1.0,,2662215555207871876,2026-01-12 13:58:59.500634
2026-01-12,24692,FLA,BUF,30004886,Michael Benning,shots_on_goal,rf_qrf_shots_on_goal,0.3.0,empirical_qrf,1.0,1.0,1.0,,2662215555207871876,2026-01-12 13:58:59.500634
2026-01-12,24692,FLA,BUF,30005000,Mackie Samoskevich,shots_on_goal,rf_qrf_shots_on_goal,0.3.0,empirical_qrf,1.0,1.0,1.0,,2662215555207871876,2026-01-12 13:58:59.500634
2026-01-12,24692,FLA,BUF,30003671,Jack Studnicka,shots_on_goal,rf_qrf_shots_on_goal,0.3.0,empirical_qrf,1.0,1.0,1.0,,2662215555207871876,2026-01-12 13:58:59.500634
2026-01-12,24692,FLA,BUF,30003681,Eetu Luostarinen,shots_on_goal,rf_qrf_shots_on_goal,0.3.0,empirical_qrf,1.0,1.0,1.0,,2662215555207871876,2026-01-12 13:58:59.500634
2026-01-12,24692,FLA,BUF,30003683,Jesper Boqvist,shots_on_goal,rf_qrf_shots_on_goal,0.3.0,empirical_qrf,1.0,1.0,1.0,,2662215555207871876,2026-01-12 13:58:59.500634
2026-01-12,24692,FLA,BUF,30003694,Jonah Gadjovich,shots_on_goal,rf_qrf_shots_on_goal,0.3.0,empirical_qrf,1.0,1.0,1.0,,2662215555207871876,2026-01-12 13:58:59.500634
2026-01-12,24692,FLA,BUF,30004088,Jay O'Brien,shots_on_goal,rf_qrf_shots_on_goal,0.3.0,empirical_qrf,1.0,1.0,1.0,,2662215555207871876,2026-01-12 13:58:59.500634
2026-01-12,24692,FLA,BUF,30004497,Tobias Bjornfot,shots_on_goal,rf_qrf_shots_on_goal,0.3.0,empirical_qrf,1.0,1.0,1.0,,2662215555207871876,2026-01-12 13:58:59.500634
2026-01-12,24692,FLA,BUF,30002796,Mitchell Vande Sompel,shots_on_goal,rf_qrf_shots_on_goal,0.3.0,empirical_qrf,1.0,1.0,1.0,,2662215555207871876,2026-01-12 13:58:59.500634
2026-01-12,24692,FLA,BUF,30002839,A.J. Greer,shots_on_goal,rf_qrf_shots_on_goal,0.3.0,empirical_qrf,1.0,1.0,1.0,,2662215555207871876,2026-01-12 13:58:59.500634
2026-01-12,24692,FLA,BUF,30003077,Tyler Motte,shots_on_goal,rf_qrf_shots_on_goal,0.3.0,empirical_qrf,1.0,1.0,1.0,,2662215555207871876,2026-01-12 13:58:59.500634
2026-01-12,24692,FLA,BUF,30003134,Matthew Tkachuk,shots_on_goal,rf_qrf_shots_on_goal,0.3.0,empirical_qrf,1.0,1.0,1.0,,2662215555207871876,2026-01-12 13:58:59.500634
2026-01-12,24692,FLA,BUF,30003150,Luke Kunin,shots_on_goal,rf_qrf_shots_on_goal,0.3.0,empirical_qrf,1.0,1.0,1.0,,2662215555207871876,2026-01-12 13:58:59.500634
2026-01-12,24692,FLA,BUF,30003468,Evan Cormier,shots_on_goal,rf_qrf_shots_on_goal,0.3.0,empirical_qrf,1.0,1.0,1.0,,2662215555207871876,2026-01-12 13:58:59.500634
2026-01-12,24692,FLA,BUF,30001035,Tomás Nosek,shots_on_goal,rf_qrf_shots_on_goal,0.3.0,empirical_qrf,1.0,1.0,1.0,,2662215555207871876,2026-01-12 13:58:59.500634
2026-01-12,24692,FLA,BUF,30001159,Carter Verhaeghe,shots_on_goal,rf_qrf_shots_on_goal,0.3.0,empirical_qrf,1.0,1.0,1.0,,2662215555207871876,2026-01-12 13:58:59.500634
2026-01-12,24692,FLA,BUF,30001387,Niko Mikkola,shots_on_goal,rf_qrf_shots_on_goal,0.3.0,empirical_qrf,1.0,1.0,1.0,,2662215555207871876,2026-01-12 13:58:59.500634
2026-01-12,24692,FLA,BUF,30001448,Daniil Tarasov,shots_on_goal,rf_qrf_shots_on_goal,0.3.0,empirical_qrf,1.0,1.0,1.0,,2662215555207871876,2026-01-12 13:58:59.500634
2026-01-12,24692,FLA,BUF,30002069,Nathan Smith,shots_on_goal,rf_qrf_shots_on_goal,0.3.0,empirical_qrf,1.0,1.0,1.0,,2662215555207871876,2026-01-12 13:58:59.500634
2026-01-12,24692,FLA,BUF,30002758,Gustav Forsling,shots_on_goal,rf_qrf_shots_on_goal,0.3.0,empirical_qrf,1.0,1.0,1.0,,2662215555207871876,2026-01-12 13:58:59.500634
2026-01-12,24692,FLA,BUF,30000559,Sam Bennett,shots_on_goal,rf_qrf_shots_on_goal,0.3.0,empirical_qrf,1.0,1.0,1.0,,2662215555207871876,2026-01-12 13:58:59.500634
2026-01-12,24692,FLA,BUF,30000667,Sergei Bobrovsky,shots_on_goal,rf_qrf_shots_on_goal,0.3.0,empirical_qrf,1.0,1.0,1.0,,2662215555207871876,2026-01-12 13:58:59.500634
2026-01-12,24692,FLA,BUF,30000723,Jeff Petry,shots_on_goal,rf_qrf_shots_on_goal,0.3.0,empirical_qrf,1.0,1.0,1.0,,2662215555207871876,2026-01-12 13:58:59.500634
2026-01-12,24692,FLA,BUF,30000934,Louis Domingue,shots_on_goal,rf_qrf_shots_on_goal,0.3.0,empirical_qrf,1.0,1.0,1.0,,2662215555207871876,2026-01-12 13:58:59.500634
2026-01-12,24692,FLA,BUF,30000980,Sam Reinhart,shots_on_goal,rf_qrf_shots_on_goal,0.3.0,empirical_qrf,1.0,1.0,1.0,,2662215555207871876,2026-01-12 13:58:59.500634
2026-01-12,24692,FLA,BUF,30000981,Evan Rodrigues,shots_on_goal,rf_qrf_shots_on_goal,0.3.0,empirical_qrf,1.0,1.0,1.0,,2662215555207871876,2026-01-12 13:58:59.500634
2026-01-12,24693,VAN,MON,30000958,Derek Forbort,shots_on_goal,rf_qrf_shots_on_goal,0.3.0,empirical_qrf,1.0,1.0,1.0,,2662215555207871876,2026-01-12 13:58:59.500634
2026-01-12,24693,VAN,MON,30000976,Evander Kane,shots_on_goal,rf_qrf_shots_on_goal,0.3.0,empirical_qrf,1.0,1.0,1.0,,2662215555207871876,2026-01-12 13:58:59.500634
2026-01-12,24693,VAN,MON,30001238,Jake DeBrusk,shots_on_goal,rf_qrf_shots_on_goal,0.3.0,empirical_qrf,1.0,1.0,1.0,,2662215555207871876,2026-01-12 13:58:59.500634
2026-01-12,24693,VAN,MON,30001299,Tyler Myers,shots_on_goal,rf_qrf_shots_on_goal,0.3.0,empirical_qrf,1.0,1.0,1.0,,2662215555207871876,2026-01-12 13:58:59.500634
2026-01-12,24693,VAN,MON,30001949,Guillaume Brisebois,shots_on_goal,rf_qrf_shots_on_goal,0.3.0,empirical_qrf,1.0,1.0,1.0,,2662215555207871876,2026-01-12 13:58:59.500634
2026-01-12,24693,VAN,MON,30002479,Teddy Blueger,shots_on_goal,rf_qrf_shots_on_goal,0.3.0,empirical_qrf,1.0,1.0,1.0,,2662215555207871876,2026-01-12 13:58:59.500634
2026-01-12,24693,MON,VAN,30006060,David Reinbacher,shots_on_goal,rf_qrf_shots_on_goal,0.3.0,empirical_qrf,1.0,1.0,1.0,,2662215555207871876,2026-01-12 13:58:59.500634
2026-01-12,24693,MON,VAN,30006127,Jacob Fowler,shots_on_goal,rf_qrf_shots_on_goal,0.3.0,empirical_qrf,1.0,1.0,1.0,,2662215555207871876,2026-01-12 13:58:59.500634
2026-01-12,24693,MON,VAN,30006152,Florian Xhekaj,shots_on_goal,rf_qrf_shots_on_goal,0.3.0,empirical_qrf,1.0,1.0,1.0,,2662215555207871876,2026-01-12 13:58:59.500634
2026-01-12,24693,MON,VAN,30006358,Israel Mianscum,shots_on_goal,rf_qrf_shots_on_goal,0.3.0,empirical_qrf,1.0,1.0,1.0,,2662215555207871876,2026-01-12 13:58:59.500634
2026-01-12,24693,MON,VAN,30006485,Ivan Demidov,shots_on_goal,rf_qrf_shots_on_goal,0.3.0,empirical_qrf,1.0,1.0,1.0,,2662215555207871876,2026-01-12 13:58:59.500634
2026-01-12,24693,VAN,MON,30005887,Victor Mancini,shots_on_goal,rf_qrf_shots_on_goal,0.3.0,empirical_qrf,1.0,1.0,1.0,,2662215555207871876,2026-01-12 13:58:59.500634
2026-01-12,24693,MON,VAN,30005574,Lucas Condotta,shots_on_goal,rf_qrf_shots_on_goal,0.3.0,empirical_qrf,1.0,1.0,1.0,,2662215555207871876,2026-01-12 13:58:59.500634
2026-01-12,24693,MON,VAN,30005631,Juraj Slafkovsky,shots_on_goal,rf_qrf_shots_on_goal,0.3.0,empirical_qrf,1.0,1.0,1.0,,2662215555207871876,2026-01-12 13:58:59.500634
2026-01-12,24693,MON,VAN,30005645,Filip Mesar,shots_on_goal,rf_qrf_shots_on_goal,0.3.0,empirical_qrf,1.0,1.0,1.0,,2662215555207871876,2026-01-12 13:58:59.500634
2026-01-12,24693,MON,VAN,30005655,Lane Hutson,shots_on_goal,rf_qrf_shots_on_goal,0.3.0,empirical_qrf,1.0,1.0,1.0,,2662215555207871876,2026-01-12 13:58:59.500634
2026-01-12,24693,MON,VAN,30005656,Owen Beck,shots_on_goal,rf_qrf_shots_on_goal,0.3.0,empirical_qrf,1.0,1.0,1.0,,2662215555207871876,2026-01-12 13:58:59.500634
2026-01-12,24693,MON,VAN,30005806,Jared Davidson,shots_on_goal,rf_qrf_shots_on_goal,0.3.0,empirical_qrf,1.0,1.0,1.0,,2662215555207871876,2026-01-12 13:58:59.500634
2026-01-12,24693,MON,VAN,30005122,Xavier Simoneau,shots_on_goal,rf_qrf_shots_on_goal,0.3.0,empirical_qrf,1.0,1.0,1.0,,2662215555207871876,2026-01-12 13:58:59.500634
2026-01-12,24693,MON,VAN,30005127,Joe Vrbetic,shots_on_goal,rf_qrf_shots_on_goal,0.3.0,empirical_qrf,1.0,1.0,1.0,,2662215555207871876,2026-01-12 13:58:59.500634
2026-01-12,24693,MON,VAN,30005128,Arber Xhekaj,shots_on_goal,rf_qrf_shots_on_goal,0.3.0,empirical_qrf,1.0,1.0,1.0,,2662215555207871876,2026-01-12 13:58:59.500634
2026-01-12,24693,MON,VAN,30005287,Gannon Laroque,shots_on_goal,rf_qrf_shots_on_goal,0.3.0,empirical_qrf,1.0,1.0,1.0,,2662215555207871876,2026-01-12 13:58:59.500634
2026-01-12,24693,MON,VAN,30005288,Ben Gaudreau,shots_on_goal,rf_qrf_shots_on_goal,0.3.0,empirical_qrf,1.0,1.0,1.0,,2662215555207871876,2026-01-12 13:58:59.500634
2026-01-12,24693,MON,VAN,30005534,Jakub Dobes,shots_on_goal,rf_qrf_shots_on_goal,0.3.0,empirical_qrf,1.0,1.0,1.0,,2662215555207871876,2026-01-12 13:58:59.500634
2026-01-12,24693,MON,VAN,30004950,Marc Del Gaizo,shots_on_goal,rf_qrf_shots_on_goal,0.3.0,empirical_qrf,1.0,1.0,1.0,,2662215555207871876,2026-01-12 13:58:59.500634
2026-01-12,24693,MON,VAN,30004990,Zachary Bolduc,shots_on_goal,rf_qrf_shots_on_goal,0.3.0,empirical_qrf,1.0,1.0,1.0,,2662215555207871876,2026-01-12 13:58:59.500634
2026-01-12,24693,MON,VAN,30005021,Oliver Kapanen,shots_on_goal,rf_qrf_shots_on_goal,0.3.0,empirical_qrf,1.0,1.0,1.0,,2662215555207871876,2026-01-12 13:58:59.500634
2026-01-12,24693,MON,VAN,30005022,Riley Kidney,shots_on_goal,rf_qrf_shots_on_goal,0.3.0,empirical_qrf,1.0,1.0,1.0,,2662215555207871876,2026-01-12 13:58:59.500634
2026-01-12,24693,MON,VAN,30005118,Tobie Paquette-Bisson,shots_on_goal,rf_qrf_shots_on_goal,0.3.0,empirical_qrf,1.0,1.0,1.0,,2662215555207871876,2026-01-12 13:58:59.500634
2026-01-12,24693,MON,VAN,30005121,Joshua Roy,shots_on_goal,rf_qrf_shots_on_goal,0.3.0,empirical_qrf,1.0,1.0,1.0,,2662215555207871876,2026-01-12 13:58:59.500634
2026-01-12,24693,MON,VAN,30004559,Jayden Struble,shots_on_goal,rf_qrf_shots_on_goal,0.3.0,empirical_qrf,1.0,1.0,1.0,,2662215555207871876,2026-01-12 13:58:59.500634
2026-01-12,24693,MON,VAN,30004803,Kaiden Guhle,shots_on_goal,rf_qrf_shots_on_goal,0.3.0,empirical_qrf,1.0,1.0,1.0,,2662215555207871876,2026-01-12 13:58:59.500634
2026-01-12,24693,MON,VAN,30004866,Ryan O'Rourke,shots_on_goal,rf_qrf_shots_on_goal,0.3.0,empirical_qrf,1.0,1.0,1.0,,2662215555207871876,2026-01-12 13:58:59.500634
2026-01-12,24693,MON,VAN,30004876,Ty Smilanic,shots_on_goal,rf_qrf_shots_on_goal,0.3.0,empirical_qrf,1.0,1.0,1.0,,2662215555207871876,2026-01-12 13:58:59.500634
2026-01-12,24693,MON,VAN,30004894,Sean Farrell,shots_on_goal,rf_qrf_shots_on_goal,0.3.0,empirical_qrf,1.0,1.0,1.0,,2662215555207871876,2026-01-12 13:58:59.500634
2026-01-12,24693,MON,VAN,30004928,Cole Caufield,shots_on_goal,rf_qrf_shots_on_goal,0.3.0,empirical_qrf,1.0,1.0,1.0,,2662215555207871876,2026-01-12 13:58:59.500634
2026-01-12,24693,MON,VAN,30004204,Wyatte Wylie,shots_on_goal,rf_qrf_shots_on_goal,0.3.0,empirical_qrf,1.0,1.0,1.0,,2662215555207871876,2026-01-12 13:58:59.500634
2026-01-12,24693,MON,VAN,30004284,Kevin Mandolese,shots_on_goal,rf_qrf_shots_on_goal,0.3.0,empirical_qrf,1.0,1.0,1.0,,2662215555207871876,2026-01-12 13:58:59.500634
2026-01-12,24693,MON,VAN,30004361,Josh Anderson,shots_on_goal,rf_qrf_shots_on_goal,0.3.0,empirical_qrf,1.0,1.0,1.0,,2662215555207871876,2026-01-12 13:58:59.500634
2026-01-12,24693,MON,VAN,30004472,Kirby Dach,shots_on_goal,rf_qrf_shots_on_goal,0.3.0,empirical_qrf,1.0,1.0,1.0,,2662215555207871876,2026-01-12 13:58:59.500634
2026-01-12,24693,MON,VAN,30004486,Alex Newhook,shots_on_goal,rf_qrf_shots_on_goal,0.3.0,empirical_qrf,1.0,1.0,1.0,,2662215555207871876,2026-01-12 13:58:59.500634
2026-01-12,24693,MON,VAN,30004520,Hunter Jones,shots_on_goal,rf_qrf_shots_on_goal,0.3.0,empirical_qrf,1.0,1.0,1.0,,2662215555207871876,2026-01-12 13:58:59.500634
2026-01-12,24693,MON,VAN,30003687,Alexandre Texier,shots_on_goal,rf_qrf_shots_on_goal,0.3.0,empirical_qrf,1.0,1.0,1.0,,2662215555207871876,2026-01-12 13:58:59.500634
2026-01-12,24693,MON,VAN,30003901,Alex Belzile,shots_on_goal,rf_qrf_shots_on_goal,0.3.0,empirical_qrf,1.0,1.0,1.0,,2662215555207871876,2026-01-12 13:58:59.500634
2026-01-12,24693,MON,VAN,30003958,Nate Clurman,shots_on_goal,rf_qrf_shots_on_goal,0.3.0,empirical_qrf,1.0,1.0,1.0,,2662215555207871876,2026-01-12 13:58:59.500634
2026-01-12,24693,MON,VAN,30003990,Jake Evans,shots_on_goal,rf_qrf_shots_on_goal,0.3.0,empirical_qrf,1.0,1.0,1.0,,2662215555207871876,2026-01-12 13:58:59.500634
2026-01-12,24693,MON,VAN,30004086,Noah Dobson,shots_on_goal,rf_qrf_shots_on_goal,0.3.0,empirical_qrf,1.0,1.0,1.0,,2662215555207871876,2026-01-12 13:58:59.500634
2026-01-12,24693,MON,VAN,30004101,Joe Veleno,shots_on_goal,rf_qrf_shots_on_goal,0.3.0,empirical_qrf,1.0,1.0,1.0,,2662215555207871876,2026-01-12 13:58:59.500634
2026-01-12,24693,MON,VAN,30002601,Joshua Jacobs,shots_on_goal,rf_qrf_shots_on_goal,0.3.0,empirical_qrf,1.0,1.0,1.0,,2662215555207871876,2026-01-12 13:58:59.500634
2026-01-12,24693,MON,VAN,30002663,Vincent Arseneau,shots_on_goal,rf_qrf_shots_on_goal,0.3.0,empirical_qrf,1.0,1.0,1.0,,2662215555207871876,2026-01-12 13:58:59.500634
2026-01-12,24693,MON,VAN,30002781,Sam Montembeault,shots_on_goal,rf_qrf_shots_on_goal,0.3.0,empirical_qrf,1.0,1.0,1.0,,2662215555207871876,2026-01-12 13:58:59.500634
2026-01-12,24693,MON,VAN,30002825,Alexandre Carrier,shots_on_goal,rf_qrf_shots_on_goal,0.3.0,empirical_qrf,1.0,1.0,1.0,,2662215555207871876,2026-01-12 13:58:59.500634
2026-01-12,24693,MON,VAN,30003131,Patrik Laine,shots_on_goal,rf_qrf_shots_on_goal,0.3.0,empirical_qrf,1.0,1.0,1.0,,2662215555207871876,2026-01-12 13:58:59.500634
2026-01-12,24693,MON,VAN,30003667,Nick Suzuki,shots_on_goal,rf_qrf_shots_on_goal,0.3.0,empirical_qrf,1.0,1.0,1.0,,2662215555207871876,2026-01-12 13:58:59.500634
2026-01-12,24693,MON,VAN,30000227,Mike Matheson,shots_on_goal,rf_qrf_shots_on_goal,0.3.0,empirical_qrf,1.0,1.0,1.0,,2662215555207871876,2026-01-12 13:58:59.500634
2026-01-12,24693,MON,VAN,30000555,Tyler Wotherspoon,shots_on_goal,rf_qrf_shots_on_goal,0.3.0,empirical_qrf,1.0,1.0,1.0,,2662215555207871876,2026-01-12 13:58:59.500634
2026-01-12,24693,MON,VAN,30000670,Sammy Blais,shots_on_goal,rf_qrf_shots_on_goal,0.3.0,empirical_qrf,1.0,1.0,1.0,,2662215555207871876,2026-01-12 13:58:59.500634
2026-01-12,24693,MON,VAN,30001395,Laurent Dauphin,shots_on_goal,rf_qrf_shots_on_goal,0.3.0,empirical_qrf,1.0,1.0,1.0,,2662215555207871876,2026-01-12 13:58:59.500634
2026-01-12,24693,MON,VAN,30001424,Phillip Danault,shots_on_goal,rf_qrf_shots_on_goal,0.3.0,empirical_qrf,1.0,1.0,1.0,,2662215555207871876,2026-01-12 13:58:59.500634
2026-01-12,24693,MON,VAN,30002592,Kaapo Kahkonen,shots_on_goal,rf_qrf_shots_on_goal,0.3.0,empirical_qrf,1.0,1.0,1.0,,2662215555207871876,2026-01-12 13:58:59.500634
2026-01-12,24693,VAN,MON,30006037,Nikita Tolopilo,shots_on_goal,rf_qrf_shots_on_goal,0.3.0,empirical_qrf,1.0,1.0,1.0,,2662215555207871876,2026-01-12 13:58:59.500634
2026-01-12,24693,VAN,MON,30006067,Tom Willander,shots_on_goal,rf_qrf_shots_on_goal,0.3.0,empirical_qrf,1.0,1.0,1.0,,2662215555207871876,2026-01-12 13:58:59.500634
2026-01-12,24693,VAN,MON,30006320,Joe Arntsen,shots_on_goal,rf_qrf_shots_on_goal,0.3.0,empirical_qrf,1.0,1.0,1.0,,2662215555207871876,2026-01-12 13:58:59.500634
2026-01-12,24693,VAN,MON,30006441,Elias Nils Pettersson,shots_on_goal,rf_qrf_shots_on_goal,0.3.0,empirical_qrf,1.0,1.0,1.0,,2662215555207871876,2026-01-12 13:58:59.500634
2026-01-12,24693,VAN,MON,30006486,Zeev Buium,shots_on_goal,rf_qrf_shots_on_goal,0.3.0,empirical_qrf,1.0,1.0,1.0,,2662215555207871876,2026-01-12 13:58:59.500634
2026-01-12,24693,MON,VAN,30000015,Brendan Gallagher,shots_on_goal,rf_qrf_shots_on_goal,0.3.0,empirical_qrf,1.0,1.0,1.0,,2662215555207871876,2026-01-12 13:58:59.500634
2026-01-12,24693,VAN,MON,30005619,Jonathan Lekkerimaki,shots_on_goal,rf_qrf_shots_on_goal,0.3.0,empirical_qrf,1.0,1.0,1.0,,2662215555207871876,2026-01-12 13:58:59.500634
2026-01-12,24693,VAN,MON,30005642,Liam Ohgren,shots_on_goal,rf_qrf_shots_on_goal,0.3.0,empirical_qrf,1.0,1.0,1.0,,2662215555207871876,2026-01-12 13:58:59.500634
2026-01-12,24693,VAN,MON,30005747,Jonathan Lemieux,shots_on_goal,rf_qrf_shots_on_goal,0.3.0,empirical_qrf,1.0,1.0,1.0,,2662215555207871876,2026-01-12 13:58:59.500634
2026-01-12,24693,VAN,MON,30005831,Kirill Kudryavtsev,shots_on_goal,rf_qrf_shots_on_goal,0.3.0,empirical_qrf,1.0,1.0,1.0,,2662215555207871876,2026-01-12 13:58:59.500634
2026-01-12,24693,VAN,MON,30005837,Ty Young,shots_on_goal,rf_qrf_shots_on_goal,0.3.0,empirical_qrf,1.0,1.0,1.0,,2662215555207871876,2026-01-12 13:58:59.500634
2026-01-12,24693,VAN,MON,30006031,Max Sasson,shots_on_goal,rf_qrf_shots_on_goal,0.3.0,empirical_qrf,1.0,1.0,1.0,,2662215555207871876,2026-01-12 13:58:59.500634
2026-01-12,24693,VAN,MON,30005028,Aatu Raty,shots_on_goal,rf_qrf_shots_on_goal,0.3.0,empirical_qrf,1.0,1.0,1.0,,2662215555207871876,2026-01-12 13:58:59.500634
2026-01-12,24693,VAN,MON,30005100,Cooper Walker,shots_on_goal,rf_qrf_shots_on_goal,0.3.0,empirical_qrf,1.0,1.0,1.0,,2662215555207871876,2026-01-12 13:58:59.500634
2026-01-12,24693,VAN,MON,30005145,Josh Bloom,shots_on_goal,rf_qrf_shots_on_goal,0.3.0,empirical_qrf,1.0,1.0,1.0,,2662215555207871876,2026-01-12 13:58:59.500634
2026-01-12,24693,VAN,MON,30005171,Dino Kambeitz,shots_on_goal,rf_qrf_shots_on_goal,0.3.0,empirical_qrf,1.0,1.0,1.0,,2662215555207871876,2026-01-12 13:58:59.500634
2026-01-12,24693,VAN,MON,30005456,Nils Aman,shots_on_goal,rf_qrf_shots_on_goal,0.3.0,empirical_qrf,1.0,1.0,1.0,,2662215555207871876,2026-01-12 13:58:59.500634
2026-01-12,24693,VAN,MON,30005566,Arshdeep Bains,shots_on_goal,rf_qrf_shots_on_goal,0.3.0,empirical_qrf,1.0,1.0,1.0,,2662215555207871876,2026-01-12 13:58:59.500634
2026-01-12,24693,VAN,MON,30004531,Nils Hoglander,shots_on_goal,rf_qrf_shots_on_goal,0.3.0,empirical_qrf,1.0,1.0,1.0,,2662215555207871876,2026-01-12 13:58:59.500634
2026-01-12,24693,VAN,MON,30004581,Nikolai Knyzhov,shots_on_goal,rf_qrf_shots_on_goal,0.3.0,empirical_qrf,1.0,1.0,1.0,,2662215555207871876,2026-01-12 13:58:59.500634
2026-01-12,24693,VAN,MON,30004741,Drew O'Connor,shots_on_goal,rf_qrf_shots_on_goal,0.3.0,empirical_qrf,1.0,1.0,1.0,,2662215555207871876,2026-01-12 13:58:59.500634
2026-01-12,24693,VAN,MON,30004817,Lukas Reichel,shots_on_goal,rf_qrf_shots_on_goal,0.3.0,empirical_qrf,1.0,1.0,1.0,,2662215555207871876,2026-01-12 13:58:59.500634
2026-01-12,24693,VAN,MON,30004818,Marco Rossi,shots_on_goal,rf_qrf_shots_on_goal,0.3.0,empirical_qrf,1.0,1.0,1.0,,2662215555207871876,2026-01-12 13:58:59.500634
2026-01-12,24693,VAN,MON,30005016,Danila Klimovich,shots_on_goal,rf_qrf_shots_on_goal,0.3.0,empirical_qrf,1.0,1.0,1.0,,2662215555207871876,2026-01-12 13:58:59.500634
2026-01-12,24693,VAN,MON,30004001,Kiefer Sherwood,shots_on_goal,rf_qrf_shots_on_goal,0.3.0,empirical_qrf,1.0,1.0,1.0,,2662215555207871876,2026-01-12 13:58:59.500634
2026-01-12,24693,VAN,MON,30004058,Kevin Lankinen,shots_on_goal,rf_qrf_shots_on_goal,0.3.0,empirical_qrf,1.0,1.0,1.0,,2662215555207871876,2026-01-12 13:58:59.500634
2026-01-12,24693,VAN,MON,30004140,Jett Woo,shots_on_goal,rf_qrf_shots_on_goal,0.3.0,empirical_qrf,1.0,1.0,1.0,,2662215555207871876,2026-01-12 13:58:59.500634
2026-01-12,24693,VAN,MON,30004153,Linus Karlsson,shots_on_goal,rf_qrf_shots_on_goal,0.3.0,empirical_qrf,1.0,1.0,1.0,,2662215555207871876,2026-01-12 13:58:59.500634
2026-01-12,24693,VAN,MON,30004227,Chase Wouters,shots_on_goal,rf_qrf_shots_on_goal,0.3.0,empirical_qrf,1.0,1.0,1.0,,2662215555207871876,2026-01-12 13:58:59.500634
2026-01-12,24693,VAN,MON,30004425,Jimmy Schuldt,shots_on_goal,rf_qrf_shots_on_goal,0.3.0,empirical_qrf,1.0,1.0,1.0,,2662215555207871876,2026-01-12 13:58:59.500634
2026-01-12,24693,VAN,MON,30003193,Filip Hronek,shots_on_goal,rf_qrf_shots_on_goal,0.3.0,empirical_qrf,1.0,1.0,1.0,,2662215555207871876,2026-01-12 13:58:59.500634
2026-01-12,24693,VAN,MON,30003604,David Kampf,shots_on_goal,rf_qrf_shots_on_goal,0.3.0,empirical_qrf,1.0,1.0,1.0,,2662215555207871876,2026-01-12 13:58:59.500634
2026-01-12,24693,VAN,MON,30003647,Elias Pettersson,shots_on_goal,rf_qrf_shots_on_goal,0.3.0,empirical_qrf,1.0,1.0,1.0,,2662215555207871876,2026-01-12 13:58:59.500634
2026-01-12,24693,VAN,MON,30003655,Filip Chytil,shots_on_goal,rf_qrf_shots_on_goal,0.3.0,empirical_qrf,1.0,1.0,1.0,,2662215555207871876,2026-01-12 13:58:59.500634
2026-01-12,24693,VAN,MON,30003666,Pierre-Olivier Joseph,shots_on_goal,rf_qrf_shots_on_goal,0.3.0,empirical_qrf,1.0,1.0,1.0,,2662215555207871876,2026-01-12 13:58:59.500634
2026-01-12,24693,VAN,MON,30003776,Jiri Patera,shots_on_goal,rf_qrf_shots_on_goal,0.3.0,empirical_qrf,1.0,1.0,1.0,,2662215555207871876,2026-01-12 13:58:59.500634
2026-01-12,24693,VAN,MON,30002581,Thatcher Demko,shots_on_goal,rf_qrf_shots_on_goal,0.3.0,empirical_qrf,1.0,1.0,1.0,,2662215555207871876,2026-01-12 13:58:59.500634
2026-01-12,24693,VAN,MON,30002587,Marcus Pettersson,shots_on_goal,rf_qrf_shots_on_goal,0.3.0,empirical_qrf,1.0,1.0,1.0,,2662215555207871876,2026-01-12 13:58:59.500634
2026-01-12,24693,VAN,MON,30002777,Brock Boeser,shots_on_goal,rf_qrf_shots_on_goal,0.3.0,empirical_qrf,1.0,1.0,1.0,,2662215555207871876,2026-01-12 13:58:59.500634
2026-01-12,24693,VAN,MON,30002793,Joseph Labate,shots_on_goal,rf_qrf_shots_on_goal,0.3.0,empirical_qrf,1.0,1.0,1.0,,2662215555207871876,2026-01-12 13:58:59.500634
2026-01-12,24693,VAN,MON,30002876,Conor Garland,shots_on_goal,rf_qrf_shots_on_goal,0.3.0,empirical_qrf,1.0,1.0,1.0,,2662215555207871876,2026-01-12 13:58:59.500634
2026-01-12,24693,VAN,MON,30003063,Mackenzie MacEachern,shots_on_goal,rf_qrf_shots_on_goal,0.3.0,empirical_qrf,1.0,1.0,1.0,,2662215555207871876,2026-01-12 13:58:59.500634
2026-01-12,24694,NJ,MIN,30000070,Dougie Hamilton,shots_on_goal,rf_qrf_shots_on_goal,0.3.0,empirical_qrf,1.0,1.0,1.0,,2662215555207871876,2026-01-12 13:58:59.500634
2026-01-12,24694,NJ,MIN,30000210,Colton White,shots_on_goal,rf_qrf_shots_on_goal,0.3.0,empirical_qrf,1.0,1.0,1.0,,2662215555207871876,2026-01-12 13:58:59.500634
2026-01-12,24694,NJ,MIN,30000368,Brett Pesce,shots_on_goal,rf_qrf_shots_on_goal,0.3.0,empirical_qrf,1.0,1.0,1.0,,2662215555207871876,2026-01-12 13:58:59.500634
2026-01-12,24694,NJ,MIN,30000491,Connor Brown,shots_on_goal,rf_qrf_shots_on_goal,0.3.0,empirical_qrf,1.0,1.0,1.0,,2662215555207871876,2026-01-12 13:58:59.500634
2026-01-12,24694,NJ,MIN,30000573,Jacob Markstrom,shots_on_goal,rf_qrf_shots_on_goal,0.3.0,empirical_qrf,1.0,1.0,1.0,,2662215555207871876,2026-01-12 13:58:59.500634
2026-01-12,24694,NJ,MIN,30000665,Jake Allen,shots_on_goal,rf_qrf_shots_on_goal,0.3.0,empirical_qrf,1.0,1.0,1.0,,2662215555207871876,2026-01-12 13:58:59.500634
2026-01-12,24694,MIN,NJ,30006110,Rasmus Kumpulainen,shots_on_goal,rf_qrf_shots_on_goal,0.3.0,empirical_qrf,1.0,1.0,1.0,,2662215555207871876,2026-01-12 13:58:59.500634
2026-01-12,24694,MIN,NJ,30006308,Bradley Marek,shots_on_goal,rf_qrf_shots_on_goal,0.3.0,empirical_qrf,1.0,1.0,1.0,,2662215555207871876,2026-01-12 13:58:59.500634
2026-01-12,24694,MIN,NJ,30003167,Boris Katchouk,shots_on_goal,rf_qrf_shots_on_goal,0.3.0,empirical_qrf,1.0,1.0,1.0,,2662215555207871876,2026-01-12 13:58:59.500634
2026-01-12,24694,NJ,MIN,30003154,Dennis Cholowski,shots_on_goal,rf_qrf_shots_on_goal,0.3.0,empirical_qrf,1.0,1.0,1.0,,2662215555207871876,2026-01-12 13:58:59.500634
2026-01-12,24694,MIN,NJ,30001192,Tyler Pitlick,shots_on_goal,rf_qrf_shots_on_goal,0.3.0,empirical_qrf,1.0,1.0,1.0,,2662215555207871876,2026-01-12 13:58:59.500634
2026-01-12,24694,MIN,NJ,30005361,Benjamin Brinkman,shots_on_goal,rf_qrf_shots_on_goal,0.3.0,empirical_qrf,1.0,1.0,1.0,,2662215555207871876,2026-01-12 13:58:59.500634
2026-01-12,24694,MIN,NJ,30005612,David Jiricek,shots_on_goal,rf_qrf_shots_on_goal,0.3.0,empirical_qrf,1.0,1.0,1.0,,2662215555207871876,2026-01-12 13:58:59.500634
2026-01-12,24694,MIN,NJ,30005627,Danila Yurov,shots_on_goal,rf_qrf_shots_on_goal,0.3.0,empirical_qrf,1.0,1.0,1.0,,2662215555207871876,2026-01-12 13:58:59.500634
2026-01-12,24694,MIN,NJ,30005669,Hunter Haight,shots_on_goal,rf_qrf_shots_on_goal,0.3.0,empirical_qrf,1.0,1.0,1.0,,2662215555207871876,2026-01-12 13:58:59.500634
2026-01-12,24694,MIN,NJ,30005845,David Spacek,shots_on_goal,rf_qrf_shots_on_goal,0.3.0,empirical_qrf,1.0,1.0,1.0,,2662215555207871876,2026-01-12 13:58:59.500634
2026-01-12,24694,MIN,NJ,30006109,Riley Heidt,shots_on_goal,rf_qrf_shots_on_goal,0.3.0,empirical_qrf,1.0,1.0,1.0,,2662215555207871876,2026-01-12 13:58:59.500634
2026-01-12,24694,MIN,NJ,30005005,Oskar Olausson,shots_on_goal,rf_qrf_shots_on_goal,0.3.0,empirical_qrf,1.0,1.0,1.0,,2662215555207871876,2026-01-12 13:58:59.500634
2026-01-12,24694,MIN,NJ,30005007,Carson Lambos,shots_on_goal,rf_qrf_shots_on_goal,0.3.0,empirical_qrf,1.0,1.0,1.0,,2662215555207871876,2026-01-12 13:58:59.500634
2026-01-12,24694,MIN,NJ,30005008,Jesper Wallstedt,shots_on_goal,rf_qrf_shots_on_goal,0.3.0,empirical_qrf,1.0,1.0,1.0,,2662215555207871876,2026-01-12 13:58:59.500634
2026-01-12,24694,MIN,NJ,30005094,Cameron Butler,shots_on_goal,rf_qrf_shots_on_goal,0.3.0,empirical_qrf,1.0,1.0,1.0,,2662215555207871876,2026-01-12 13:58:59.500634
2026-01-12,24694,MIN,NJ,30005102,Caedan Bankier,shots_on_goal,rf_qrf_shots_on_goal,0.3.0,empirical_qrf,1.0,1.0,1.0,,2662215555207871876,2026-01-12 13:58:59.500634
2026-01-12,24694,MIN,NJ,30005274,Louka Henault,shots_on_goal,rf_qrf_shots_on_goal,0.3.0,empirical_qrf,1.0,1.0,1.0,,2662215555207871876,2026-01-12 13:58:59.500634
2026-01-12,24694,MIN,NJ,30004417,Nico Sturm,shots_on_goal,rf_qrf_shots_on_goal,0.3.0,empirical_qrf,1.0,1.0,1.0,,2662215555207871876,2026-01-12 13:58:59.500634
2026-01-12,24694,MIN,NJ,30004480,Matt Boldy,shots_on_goal,rf_qrf_shots_on_goal,0.3.0,empirical_qrf,1.0,1.0,1.0,,2662215555207871876,2026-01-12 13:58:59.500634
2026-01-12,24694,MIN,NJ,30004784,Kirill Kaprizov,shots_on_goal,rf_qrf_shots_on_goal,0.3.0,empirical_qrf,1.0,1.0,1.0,,2662215555207871876,2026-01-12 13:58:59.500634
2026-01-12,24694,MIN,NJ,30004835,Brock Faber,shots_on_goal,rf_qrf_shots_on_goal,0.3.0,empirical_qrf,1.0,1.0,1.0,,2662215555207871876,2026-01-12 13:58:59.500634
2026-01-12,24694,MIN,NJ,30004847,Daemon Hunt,shots_on_goal,rf_qrf_shots_on_goal,0.3.0,empirical_qrf,1.0,1.0,1.0,,2662215555207871876,2026-01-12 13:58:59.500634
2026-01-12,24694,MIN,NJ,30004970,Wyatt Newpower,shots_on_goal,rf_qrf_shots_on_goal,0.3.0,empirical_qrf,1.0,1.0,1.0,,2662215555207871876,2026-01-12 13:58:59.500634
2026-01-12,24694,MIN,NJ,30002820,Joel Eriksson Ek,shots_on_goal,rf_qrf_shots_on_goal,0.3.0,empirical_qrf,1.0,1.0,1.0,,2662215555207871876,2026-01-12 13:58:59.500634
2026-01-12,24694,MIN,NJ,30003173,Filip Gustavsson,shots_on_goal,rf_qrf_shots_on_goal,0.3.0,empirical_qrf,1.0,1.0,1.0,,2662215555207871876,2026-01-12 13:58:59.500634
2026-01-12,24694,MIN,NJ,30003611,Cal Petersen,shots_on_goal,rf_qrf_shots_on_goal,0.3.0,empirical_qrf,1.0,1.0,1.0,,2662215555207871876,2026-01-12 13:58:59.500634
2026-01-12,24694,MIN,NJ,30003774,Ben Jones,shots_on_goal,rf_qrf_shots_on_goal,0.3.0,empirical_qrf,1.0,1.0,1.0,,2662215555207871876,2026-01-12 13:58:59.500634
2026-01-12,24694,MIN,NJ,30004080,Quinn Hughes,shots_on_goal,rf_qrf_shots_on_goal,0.3.0,empirical_qrf,1.0,1.0,1.0,,2662215555207871876,2026-01-12 13:58:59.500634
2026-01-12,24694,MIN,NJ,30004196,Ben Gleason,shots_on_goal,rf_qrf_shots_on_goal,0.3.0,empirical_qrf,1.0,1.0,1.0,,2662215555207871876,2026-01-12 13:58:59.500634
2026-01-12,24694,MIN,NJ,30001012,Ryan Hartman,shots_on_goal,rf_qrf_shots_on_goal,0.3.0,empirical_qrf,1.0,1.0,1.0,,2662215555207871876,2026-01-12 13:58:59.500634
2026-01-12,24694,MIN,NJ,30001013,Vinnie Hinostroza,shots_on_goal,rf_qrf_shots_on_goal,0.3.0,empirical_qrf,1.0,1.0,1.0,,2662215555207871876,2026-01-12 13:58:59.500634
2026-01-12,24694,MIN,NJ,30001087,Mats Zuccarello,shots_on_goal,rf_qrf_shots_on_goal,0.3.0,empirical_qrf,1.0,1.0,1.0,,2662215555207871876,2026-01-12 13:58:59.500634
2026-01-12,24694,MIN,NJ,30001309,Marcus Johansson,shots_on_goal,rf_qrf_shots_on_goal,0.3.0,empirical_qrf,1.0,1.0,1.0,,2662215555207871876,2026-01-12 13:58:59.500634
2026-01-12,24694,MIN,NJ,30001355,Zach Bogosian,shots_on_goal,rf_qrf_shots_on_goal,0.3.0,empirical_qrf,1.0,1.0,1.0,,2662215555207871876,2026-01-12 13:58:59.500634
2026-01-12,24694,MIN,NJ,30002719,Jacob Middleton,shots_on_goal,rf_qrf_shots_on_goal,0.3.0,empirical_qrf,1.0,1.0,1.0,,2662215555207871876,2026-01-12 13:58:59.500634
2026-01-12,24694,MIN,NJ,30000257,Yakov Trenin,shots_on_goal,rf_qrf_shots_on_goal,0.3.0,empirical_qrf,1.0,1.0,1.0,,2662215555207871876,2026-01-12 13:58:59.500634
2026-01-12,24694,MIN,NJ,30000266,Nicolas Aube-Kubel,shots_on_goal,rf_qrf_shots_on_goal,0.3.0,empirical_qrf,1.0,1.0,1.0,,2662215555207871876,2026-01-12 13:58:59.500634
2026-01-12,24694,MIN,NJ,30000499,Marcus Foligno,shots_on_goal,rf_qrf_shots_on_goal,0.3.0,empirical_qrf,1.0,1.0,1.0,,2662215555207871876,2026-01-12 13:58:59.500634
2026-01-12,24694,MIN,NJ,30000517,Jared Spurgeon,shots_on_goal,rf_qrf_shots_on_goal,0.3.0,empirical_qrf,1.0,1.0,1.0,,2662215555207871876,2026-01-12 13:58:59.500634
2026-01-12,24694,MIN,NJ,30000524,Jonas Brodin,shots_on_goal,rf_qrf_shots_on_goal,0.3.0,empirical_qrf,1.0,1.0,1.0,,2662215555207871876,2026-01-12 13:58:59.500634
2026-01-12,24694,MIN,NJ,30000797,Vladimir Tarasenko,shots_on_goal,rf_qrf_shots_on_goal,0.3.0,empirical_qrf,1.0,1.0,1.0,,2662215555207871876,2026-01-12 13:58:59.500634
2026-01-12,24694,NJ,MIN,30005466,Arseniy Gritsyuk,shots_on_goal,rf_qrf_shots_on_goal,0.3.0,empirical_qrf,1.0,1.0,1.0,,2662215555207871876,2026-01-12 13:58:59.500634
2026-01-12,24694,NJ,MIN,30005561,Marc McLaughlin,shots_on_goal,rf_qrf_shots_on_goal,0.3.0,empirical_qrf,1.0,1.0,1.0,,2662215555207871876,2026-01-12 13:58:59.500634
2026-01-12,24694,NJ,MIN,30005569,Brian Halonen,shots_on_goal,rf_qrf_shots_on_goal,0.3.0,empirical_qrf,1.0,1.0,1.0,,2662215555207871876,2026-01-12 13:58:59.500634
2026-01-12,24694,NJ,MIN,30005613,Simon Nemec,shots_on_goal,rf_qrf_shots_on_goal,0.3.0,empirical_qrf,1.0,1.0,1.0,,2662215555207871876,2026-01-12 13:58:59.500634
2026-01-12,24694,NJ,MIN,30006223,Jeremy Hanzel,shots_on_goal,rf_qrf_shots_on_goal,0.3.0,empirical_qrf,1.0,1.0,1.0,,2662215555207871876,2026-01-12 13:58:59.500634
2026-01-12,24694,NJ,MIN,30006356,Matyas Melovsky,shots_on_goal,rf_qrf_shots_on_goal,0.3.0,empirical_qrf,1.0,1.0,1.0,,2662215555207871876,2026-01-12 13:58:59.500634
2026-01-12,24694,NJ,MIN,30004549,Nathan Legare,shots_on_goal,rf_qrf_shots_on_goal,0.3.0,empirical_qrf,1.0,1.0,1.0,,2662215555207871876,2026-01-12 13:58:59.500634
2026-01-12,24694,NJ,MIN,30004810,Dawson Mercer,shots_on_goal,rf_qrf_shots_on_goal,0.3.0,empirical_qrf,1.0,1.0,1.0,,2662215555207871876,2026-01-12 13:58:59.500634
2026-01-12,24694,NJ,MIN,30004827,Thomas Bordeleau,shots_on_goal,rf_qrf_shots_on_goal,0.3.0,empirical_qrf,1.0,1.0,1.0,,2662215555207871876,2026-01-12 13:58:59.500634
2026-01-12,24694,NJ,MIN,30004833,Nico Daws,shots_on_goal,rf_qrf_shots_on_goal,0.3.0,empirical_qrf,1.0,1.0,1.0,,2662215555207871876,2026-01-12 13:58:59.500634
2026-01-12,24694,NJ,MIN,30004986,Luke Hughes,shots_on_goal,rf_qrf_shots_on_goal,0.3.0,empirical_qrf,1.0,1.0,1.0,,2662215555207871876,2026-01-12 13:58:59.500634
2026-01-12,24694,NJ,MIN,30005278,Mikael Diotte,shots_on_goal,rf_qrf_shots_on_goal,0.3.0,empirical_qrf,1.0,1.0,1.0,,2662215555207871876,2026-01-12 13:58:59.500634
2026-01-12,24694,NJ,MIN,30003642,Cody Glass,shots_on_goal,rf_qrf_shots_on_goal,0.3.0,empirical_qrf,1.0,1.0,1.0,,2662215555207871876,2026-01-12 13:58:59.500634
2026-01-12,24694,NJ,MIN,30003726,Johnathan Kovacevic,shots_on_goal,rf_qrf_shots_on_goal,0.3.0,empirical_qrf,1.0,1.0,1.0,,2662215555207871876,2026-01-12 13:58:59.500634
2026-01-12,24694,NJ,MIN,30003983,Austin Strand,shots_on_goal,rf_qrf_shots_on_goal,0.3.0,empirical_qrf,1.0,1.0,1.0,,2662215555207871876,2026-01-12 13:58:59.500634
2026-01-12,24694,NJ,MIN,30004112,Calen Addison,shots_on_goal,rf_qrf_shots_on_goal,0.3.0,empirical_qrf,1.0,1.0,1.0,,2662215555207871876,2026-01-12 13:58:59.500634
2026-01-12,24694,NJ,MIN,30004384,Paul Cotter,shots_on_goal,rf_qrf_shots_on_goal,0.3.0,empirical_qrf,1.0,1.0,1.0,,2662215555207871876,2026-01-12 13:58:59.500634
2026-01-12,24694,NJ,MIN,30004470,Jack Hughes,shots_on_goal,rf_qrf_shots_on_goal,0.3.0,empirical_qrf,1.0,1.0,1.0,,2662215555207871876,2026-01-12 13:58:59.500634
2026-01-12,24694,NJ,MIN,30001786,Evgenii Dadonov,shots_on_goal,rf_qrf_shots_on_goal,0.3.0,empirical_qrf,1.0,1.0,1.0,,2662215555207871876,2026-01-12 13:58:59.500634
2026-01-12,24694,NJ,MIN,30002609,Juho Lammikko,shots_on_goal,rf_qrf_shots_on_goal,0.3.0,empirical_qrf,1.0,1.0,1.0,,2662215555207871876,2026-01-12 13:58:59.500634
2026-01-12,24694,NJ,MIN,30003404,Zack MacEwen,shots_on_goal,rf_qrf_shots_on_goal,0.3.0,empirical_qrf,1.0,1.0,1.0,,2662215555207871876,2026-01-12 13:58:59.500634
2026-01-12,24694,NJ,MIN,30003568,Joseph Gambardella,shots_on_goal,rf_qrf_shots_on_goal,0.3.0,empirical_qrf,1.0,1.0,1.0,,2662215555207871876,2026-01-12 13:58:59.500634
2026-01-12,24694,NJ,MIN,30003612,Jesper Bratt,shots_on_goal,rf_qrf_shots_on_goal,0.3.0,empirical_qrf,1.0,1.0,1.0,,2662215555207871876,2026-01-12 13:58:59.500634
2026-01-12,24694,NJ,MIN,30003639,Nico Hischier,shots_on_goal,rf_qrf_shots_on_goal,0.3.0,empirical_qrf,1.0,1.0,1.0,,2662215555207871876,2026-01-12 13:58:59.500634
2026-01-12,24694,NJ,MIN,30000844,Luke Glendening,shots_on_goal,rf_qrf_shots_on_goal,0.3.0,empirical_qrf,1.0,1.0,1.0,,2662215555207871876,2026-01-12 13:58:59.500634
2026-01-12,24694,NJ,MIN,30000886,Stefan Noesen,shots_on_goal,rf_qrf_shots_on_goal,0.3.0,empirical_qrf,1.0,1.0,1.0,,2662215555207871876,2026-01-12 13:58:59.500634
2026-01-12,24694,NJ,MIN,30001052,Ondrej Palat,shots_on_goal,rf_qrf_shots_on_goal,0.3.0,empirical_qrf,1.0,1.0,1.0,,2662215555207871876,2026-01-12 13:58:59.500634
2026-01-12,24694,NJ,MIN,30001108,Jonas Siegenthaler,shots_on_goal,rf_qrf_shots_on_goal,0.3.0,empirical_qrf,1.0,1.0,1.0,,2662215555207871876,2026-01-12 13:58:59.500634
2026-01-12,24694,NJ,MIN,30001225,Brenden Dillon,shots_on_goal,rf_qrf_shots_on_goal,0.3.0,empirical_qrf,1.0,1.0,1.0,,2662215555207871876,2026-01-12 13:58:59.500634
2026-01-12,24694,NJ,MIN,30001226,Timo Meier,shots_on_goal,rf_qrf_shots_on_goal,0.3.0,empirical_qrf,1.0,1.0,1.0,,2662215555207871876,2026-01-12 13:58:59.500634
2026-01-12,24695,EDM,CHI,30000180,Josh Brown,shots_on_goal,rf_qrf_shots_on_goal,0.3.0,empirical_qrf,1.0,1.0,1.0,,2662215555207871876,2026-01-12 13:58:59.500634
2026-01-12,24695,EDM,CHI,30000250,Mattias Ekholm,shots_on_goal,rf_qrf_shots_on_goal,0.3.0,empirical_qrf,1.0,1.0,1.0,,2662215555207871876,2026-01-12 13:58:59.500634
2026-01-12,24695,EDM,CHI,30000392,Tristan Jarry,shots_on_goal,rf_qrf_shots_on_goal,0.3.0,empirical_qrf,1.0,1.0,1.0,,2662215555207871876,2026-01-12 13:58:59.500634
2026-01-12,24695,EDM,CHI,30000440,Zach Hyman,shots_on_goal,rf_qrf_shots_on_goal,0.3.0,empirical_qrf,1.0,1.0,1.0,,2662215555207871876,2026-01-12 13:58:59.500634
2026-01-12,24695,EDM,CHI,30000443,Kasperi Kapanen,shots_on_goal,rf_qrf_shots_on_goal,0.3.0,empirical_qrf,1.0,1.0,1.0,,2662215555207871876,2026-01-12 13:58:59.500634
2026-01-12,24695,EDM,CHI,30000540,Ryan Nugent-Hopkins,shots_on_goal,rf_qrf_shots_on_goal,0.3.0,empirical_qrf,1.0,1.0,1.0,,2662215555207871876,2026-01-12 13:58:59.500634
2026-01-12,24695,EDM,CHI,30005646,Isaac Howard,shots_on_goal,rf_qrf_shots_on_goal,0.3.0,empirical_qrf,1.0,1.0,1.0,,2662215555207871876,2026-01-12 13:58:59.500634
2026-01-12,24695,CHI,EDM,30000182,Ryan Ellis,shots_on_goal,rf_qrf_shots_on_goal,0.3.0,empirical_qrf,1.0,1.0,1.0,,2662215555207871876,2026-01-12 13:58:59.500634
2026-01-12,24695,CHI,EDM,30005839,Jake Furlong,shots_on_goal,rf_qrf_shots_on_goal,0.3.0,empirical_qrf,1.0,1.0,1.0,,2662215555207871876,2026-01-12 13:58:59.500634
2026-01-12,24695,CHI,EDM,30006077,Oliver Moore,shots_on_goal,rf_qrf_shots_on_goal,0.3.0,empirical_qrf,1.0,1.0,1.0,,2662215555207871876,2026-01-12 13:58:59.500634
2026-01-12,24695,CHI,EDM,30006105,Martin Misiak,shots_on_goal,rf_qrf_shots_on_goal,0.3.0,empirical_qrf,1.0,1.0,1.0,,2662215555207871876,2026-01-12 13:58:59.500634
2026-01-12,24695,CHI,EDM,30006145,Nick Lardis,shots_on_goal,rf_qrf_shots_on_goal,0.3.0,empirical_qrf,1.0,1.0,1.0,,2662215555207871876,2026-01-12 13:58:59.500634
2026-01-12,24695,CHI,EDM,30006279,Sahil Panwar,shots_on_goal,rf_qrf_shots_on_goal,0.3.0,empirical_qrf,1.0,1.0,1.0,,2662215555207871876,2026-01-12 13:58:59.500634
2026-01-12,24695,CHI,EDM,30006312,Joe Carroll,shots_on_goal,rf_qrf_shots_on_goal,0.3.0,empirical_qrf,1.0,1.0,1.0,,2662215555207871876,2026-01-12 13:58:59.500634
2026-01-12,24695,CHI,EDM,30006496,Artyom Levshunov,shots_on_goal,rf_qrf_shots_on_goal,0.3.0,empirical_qrf,1.0,1.0,1.0,,2662215555207871876,2026-01-12 13:58:59.500634
2026-01-12,24695,CHI,EDM,30005666,Ryan Greene,shots_on_goal,rf_qrf_shots_on_goal,0.3.0,empirical_qrf,1.0,1.0,1.0,,2662215555207871876,2026-01-12 13:58:59.500634
2026-01-12,24695,CHI,EDM,30005718,Samuel Savoie,shots_on_goal,rf_qrf_shots_on_goal,0.3.0,empirical_qrf,1.0,1.0,1.0,,2662215555207871876,2026-01-12 13:58:59.500634
2026-01-12,24695,CHI,EDM,30005816,Gavin Hayes,shots_on_goal,rf_qrf_shots_on_goal,0.3.0,empirical_qrf,1.0,1.0,1.0,,2662215555207871876,2026-01-12 13:58:59.500634
2026-01-12,24695,CHI,EDM,30005819,Andrew Perrott,shots_on_goal,rf_qrf_shots_on_goal,0.3.0,empirical_qrf,1.0,1.0,1.0,,2662215555207871876,2026-01-12 13:58:59.500634
2026-01-12,24695,CHI,EDM,30005820,Mitchell Weeks,shots_on_goal,rf_qrf_shots_on_goal,0.3.0,empirical_qrf,1.0,1.0,1.0,,2662215555207871876,2026-01-12 13:58:59.500634
2026-01-12,24695,CHI,EDM,30006064,Connor Bedard,shots_on_goal,rf_qrf_shots_on_goal,0.3.0,empirical_qrf,1.0,1.0,1.0,,2662215555207871876,2026-01-12 13:58:59.500634
2026-01-12,24695,CHI,EDM,30005052,Dmitry Kuzmin,shots_on_goal,rf_qrf_shots_on_goal,0.3.0,empirical_qrf,1.0,1.0,1.0,,2662215555207871876,2026-01-12 13:58:59.500634
2026-01-12,24695,CHI,EDM,30005131,Ryan Mast,shots_on_goal,rf_qrf_shots_on_goal,0.3.0,empirical_qrf,1.0,1.0,1.0,,2662215555207871876,2026-01-12 13:58:59.500634
2026-01-12,24695,CHI,EDM,30005163,Ethan Del Mastro,shots_on_goal,rf_qrf_shots_on_goal,0.3.0,empirical_qrf,1.0,1.0,1.0,,2662215555207871876,2026-01-12 13:58:59.500634
2026-01-12,24695,CHI,EDM,30005632,Kevin Korchinski,shots_on_goal,rf_qrf_shots_on_goal,0.3.0,empirical_qrf,1.0,1.0,1.0,,2662215555207871876,2026-01-12 13:58:59.500634
2026-01-12,24695,CHI,EDM,30005638,Frank Nazar,shots_on_goal,rf_qrf_shots_on_goal,0.3.0,empirical_qrf,1.0,1.0,1.0,,2662215555207871876,2026-01-12 13:58:59.500634
2026-01-12,24695,CHI,EDM,30005665,Paul Ludwinski,shots_on_goal,rf_qrf_shots_on_goal,0.3.0,empirical_qrf,1.0,1.0,1.0,,2662215555207871876,2026-01-12 13:58:59.500634
2026-01-12,24695,CHI,EDM,30004830,Drew Commesso,shots_on_goal,rf_qrf_shots_on_goal,0.3.0,empirical_qrf,1.0,1.0,1.0,,2662215555207871876,2026-01-12 13:58:59.500634
2026-01-12,24695,CHI,EDM,30004850,Wyatt Kaiser,shots_on_goal,rf_qrf_shots_on_goal,0.3.0,empirical_qrf,1.0,1.0,1.0,,2662215555207871876,2026-01-12 13:58:59.500634
2026-01-12,24695,CHI,EDM,30004875,Landon Slaggert,shots_on_goal,rf_qrf_shots_on_goal,0.3.0,empirical_qrf,1.0,1.0,1.0,,2662215555207871876,2026-01-12 13:58:59.500634
2026-01-12,24695,CHI,EDM,30004946,Jackson Cates,shots_on_goal,rf_qrf_shots_on_goal,0.3.0,empirical_qrf,1.0,1.0,1.0,,2662215555207871876,2026-01-12 13:58:59.500634
2026-01-12,24695,CHI,EDM,30004965,Arvid Soderblom,shots_on_goal,rf_qrf_shots_on_goal,0.3.0,empirical_qrf,1.0,1.0,1.0,,2662215555207871876,2026-01-12 13:58:59.500634
2026-01-12,24695,CHI,EDM,30005032,Colton Dach,shots_on_goal,rf_qrf_shots_on_goal,0.3.0,empirical_qrf,1.0,1.0,1.0,,2662215555207871876,2026-01-12 13:58:59.500634
2026-01-12,24695,CHI,EDM,30003996,Sam Lafferty,shots_on_goal,rf_qrf_shots_on_goal,0.3.0,empirical_qrf,1.0,1.0,1.0,,2662215555207871876,2026-01-12 13:58:59.500634
2026-01-12,24695,CHI,EDM,30004000,Brett Seney,shots_on_goal,rf_qrf_shots_on_goal,0.3.0,empirical_qrf,1.0,1.0,1.0,,2662215555207871876,2026-01-12 13:58:59.500634
2026-01-12,24695,CHI,EDM,30004442,Ilya Mikheyev,shots_on_goal,rf_qrf_shots_on_goal,0.3.0,empirical_qrf,1.0,1.0,1.0,,2662215555207871876,2026-01-12 13:58:59.500634
2026-01-12,24695,CHI,EDM,30004494,Spencer Knight,shots_on_goal,rf_qrf_shots_on_goal,0.3.0,empirical_qrf,1.0,1.0,1.0,,2662215555207871876,2026-01-12 13:58:59.500634
2026-01-12,24695,CHI,EDM,30004507,Alex Vlasic,shots_on_goal,rf_qrf_shots_on_goal,0.3.0,empirical_qrf,1.0,1.0,1.0,,2662215555207871876,2026-01-12 13:58:59.500634
2026-01-12,24695,CHI,EDM,30004650,Louis Crevier,shots_on_goal,rf_qrf_shots_on_goal,0.3.0,empirical_qrf,1.0,1.0,1.0,,2662215555207871876,2026-01-12 13:58:59.500634
2026-01-12,24695,CHI,EDM,30002212,Cavan Fitzgerald,shots_on_goal,rf_qrf_shots_on_goal,0.3.0,empirical_qrf,1.0,1.0,1.0,,2662215555207871876,2026-01-12 13:58:59.500634
2026-01-12,24695,CHI,EDM,30002539,Matt Grzelcyk,shots_on_goal,rf_qrf_shots_on_goal,0.3.0,empirical_qrf,1.0,1.0,1.0,,2662215555207871876,2026-01-12 13:58:59.500634
2026-01-12,24695,CHI,EDM,30002588,Ryan Donato,shots_on_goal,rf_qrf_shots_on_goal,0.3.0,empirical_qrf,1.0,1.0,1.0,,2662215555207871876,2026-01-12 13:58:59.500634
2026-01-12,24695,CHI,EDM,30003209,Joey Anderson,shots_on_goal,rf_qrf_shots_on_goal,0.3.0,empirical_qrf,1.0,1.0,1.0,,2662215555207871876,2026-01-12 13:58:59.500634
2026-01-12,24695,CHI,EDM,30003558,Josh Healey,shots_on_goal,rf_qrf_shots_on_goal,0.3.0,empirical_qrf,1.0,1.0,1.0,,2662215555207871876,2026-01-12 13:58:59.500634
2026-01-12,24695,CHI,EDM,30003751,Dominic Toninato,shots_on_goal,rf_qrf_shots_on_goal,0.3.0,empirical_qrf,1.0,1.0,1.0,,2662215555207871876,2026-01-12 13:58:59.500634
2026-01-12,24695,CHI,EDM,30000691,Nick Foligno,shots_on_goal,rf_qrf_shots_on_goal,0.3.0,empirical_qrf,1.0,1.0,1.0,,2662215555207871876,2026-01-12 13:58:59.500634
2026-01-12,24695,CHI,EDM,30000748,Jason Dickinson,shots_on_goal,rf_qrf_shots_on_goal,0.3.0,empirical_qrf,1.0,1.0,1.0,,2662215555207871876,2026-01-12 13:58:59.500634
2026-01-12,24695,CHI,EDM,30000842,Tyler Bertuzzi,shots_on_goal,rf_qrf_shots_on_goal,0.3.0,empirical_qrf,1.0,1.0,1.0,,2662215555207871876,2026-01-12 13:58:59.500634
2026-01-12,24695,CHI,EDM,30000871,Teuvo Teravainen,shots_on_goal,rf_qrf_shots_on_goal,0.3.0,empirical_qrf,1.0,1.0,1.0,,2662215555207871876,2026-01-12 13:58:59.500634
2026-01-12,24695,CHI,EDM,30001060,Shea Weber,shots_on_goal,rf_qrf_shots_on_goal,0.3.0,empirical_qrf,1.0,1.0,1.0,,2662215555207871876,2026-01-12 13:58:59.500634
2026-01-12,24695,CHI,EDM,30001219,Connor Murphy,shots_on_goal,rf_qrf_shots_on_goal,0.3.0,empirical_qrf,1.0,1.0,1.0,,2662215555207871876,2026-01-12 13:58:59.500634
2026-01-12,24695,EDM,CHI,30005931,Brady Stonehouse,shots_on_goal,rf_qrf_shots_on_goal,0.3.0,empirical_qrf,1.0,1.0,1.0,,2662215555207871876,2026-01-12 13:58:59.500634
2026-01-12,24695,EDM,CHI,30006112,Beau Akey,shots_on_goal,rf_qrf_shots_on_goal,0.3.0,empirical_qrf,1.0,1.0,1.0,,2662215555207871876,2026-01-12 13:58:59.500634
2026-01-12,24695,EDM,CHI,30006225,Nathaniel Day,shots_on_goal,rf_qrf_shots_on_goal,0.3.0,empirical_qrf,1.0,1.0,1.0,,2662215555207871876,2026-01-12 13:58:59.500634
2026-01-12,24695,EDM,CHI,30006327,Matt Brown,shots_on_goal,rf_qrf_shots_on_goal,0.3.0,empirical_qrf,1.0,1.0,1.0,,2662215555207871876,2026-01-12 13:58:59.500634
2026-01-12,24695,EDM,CHI,30006393,Connor Clattenburg,shots_on_goal,rf_qrf_shots_on_goal,0.3.0,empirical_qrf,1.0,1.0,1.0,,2662215555207871876,2026-01-12 13:58:59.500634
2026-01-12,24695,CHI,EDM,30000585,Andre Burakovsky,shots_on_goal,rf_qrf_shots_on_goal,0.3.0,empirical_qrf,1.0,1.0,1.0,,2662215555207871876,2026-01-12 13:58:59.500634
2026-01-12,24695,EDM,CHI,30004871,Luke Prokop,shots_on_goal,rf_qrf_shots_on_goal,0.3.0,empirical_qrf,1.0,1.0,1.0,,2662215555207871876,2026-01-12 13:58:59.500634
2026-01-12,24695,EDM,CHI,30005174,Matvey Petrov,shots_on_goal,rf_qrf_shots_on_goal,0.3.0,empirical_qrf,1.0,1.0,1.0,,2662215555207871876,2026-01-12 13:58:59.500634
2026-01-12,24695,EDM,CHI,30005177,James Hamblin,shots_on_goal,rf_qrf_shots_on_goal,0.3.0,empirical_qrf,1.0,1.0,1.0,,2662215555207871876,2026-01-12 13:58:59.500634
2026-01-12,24695,EDM,CHI,30005185,Jayden Grubbe,shots_on_goal,rf_qrf_shots_on_goal,0.3.0,empirical_qrf,1.0,1.0,1.0,,2662215555207871876,2026-01-12 13:58:59.500634
2026-01-12,24695,EDM,CHI,30005633,Matt Savoie,shots_on_goal,rf_qrf_shots_on_goal,0.3.0,empirical_qrf,1.0,1.0,1.0,,2662215555207871876,2026-01-12 13:58:59.500634
2026-01-12,24695,EDM,CHI,30005731,Mats Lindgren,shots_on_goal,rf_qrf_shots_on_goal,0.3.0,empirical_qrf,1.0,1.0,1.0,,2662215555207871876,2026-01-12 13:58:59.500634
2026-01-12,24695,EDM,CHI,30004156,Alec Regula,shots_on_goal,rf_qrf_shots_on_goal,0.3.0,empirical_qrf,1.0,1.0,1.0,,2662215555207871876,2026-01-12 13:58:59.500634
2026-01-12,24695,EDM,CHI,30004165,Ty Emberson,shots_on_goal,rf_qrf_shots_on_goal,0.3.0,empirical_qrf,1.0,1.0,1.0,,2662215555207871876,2026-01-12 13:58:59.500634
2026-01-12,24695,EDM,CHI,30004370,Spencer Stastney,shots_on_goal,rf_qrf_shots_on_goal,0.3.0,empirical_qrf,1.0,1.0,1.0,,2662215555207871876,2026-01-12 13:58:59.500634
2026-01-12,24695,EDM,CHI,30004476,Vasily Podkolzin,shots_on_goal,rf_qrf_shots_on_goal,0.3.0,empirical_qrf,1.0,1.0,1.0,,2662215555207871876,2026-01-12 13:58:59.500634
2026-01-12,24695,EDM,CHI,30004490,Sam Poulin,shots_on_goal,rf_qrf_shots_on_goal,0.3.0,empirical_qrf,1.0,1.0,1.0,,2662215555207871876,2026-01-12 13:58:59.500634
2026-01-12,24695,EDM,CHI,30004625,Mason Millman,shots_on_goal,rf_qrf_shots_on_goal,0.3.0,empirical_qrf,1.0,1.0,1.0,,2662215555207871876,2026-01-12 13:58:59.500634
2026-01-12,24695,EDM,CHI,30003142,Max Jones,shots_on_goal,rf_qrf_shots_on_goal,0.3.0,empirical_qrf,1.0,1.0,1.0,,2662215555207871876,2026-01-12 13:58:59.500634
2026-01-12,24695,EDM,CHI,30003157,Trent Frederic,shots_on_goal,rf_qrf_shots_on_goal,0.3.0,empirical_qrf,1.0,1.0,1.0,,2662215555207871876,2026-01-12 13:58:59.500634
2026-01-12,24695,EDM,CHI,30003211,Rem Pitlick,shots_on_goal,rf_qrf_shots_on_goal,0.3.0,empirical_qrf,1.0,1.0,1.0,,2662215555207871876,2026-01-12 13:58:59.500634
2026-01-12,24695,EDM,CHI,30003345,Riley Stillman,shots_on_goal,rf_qrf_shots_on_goal,0.3.0,empirical_qrf,1.0,1.0,1.0,,2662215555207871876,2026-01-12 13:58:59.500634
2026-01-12,24695,EDM,CHI,30003770,Matt Tomkins,shots_on_goal,rf_qrf_shots_on_goal,0.3.0,empirical_qrf,1.0,1.0,1.0,,2662215555207871876,2026-01-12 13:58:59.500634
2026-01-12,24695,EDM,CHI,30004081,Evan Bouchard,shots_on_goal,rf_qrf_shots_on_goal,0.3.0,empirical_qrf,1.0,1.0,1.0,,2662215555207871876,2026-01-12 13:58:59.500634
2026-01-12,24695,EDM,CHI,30001304,Calvin Pickard,shots_on_goal,rf_qrf_shots_on_goal,0.3.0,empirical_qrf,1.0,1.0,1.0,,2662215555207871876,2026-01-12 13:58:59.500634
2026-01-12,24695,EDM,CHI,30001368,Seth Griffith,shots_on_goal,rf_qrf_shots_on_goal,0.3.0,empirical_qrf,1.0,1.0,1.0,,2662215555207871876,2026-01-12 13:58:59.500634
2026-01-12,24695,EDM,CHI,30002218,Andrew Mangiapane,shots_on_goal,rf_qrf_shots_on_goal,0.3.0,empirical_qrf,1.0,1.0,1.0,,2662215555207871876,2026-01-12 13:58:59.500634
2026-01-12,24695,EDM,CHI,30002623,Jake Walman,shots_on_goal,rf_qrf_shots_on_goal,0.3.0,empirical_qrf,1.0,1.0,1.0,,2662215555207871876,2026-01-12 13:58:59.500634
2026-01-12,24695,EDM,CHI,30002787,Connor Ingram,shots_on_goal,rf_qrf_shots_on_goal,0.3.0,empirical_qrf,1.0,1.0,1.0,,2662215555207871876,2026-01-12 13:58:59.500634
2026-01-12,24695,EDM,CHI,30002824,Jack Roslovic,shots_on_goal,rf_qrf_shots_on_goal,0.3.0,empirical_qrf,1.0,1.0,1.0,,2662215555207871876,2026-01-12 13:58:59.500634
2026-01-12,24695,EDM,CHI,30000549,Darnell Nurse,shots_on_goal,rf_qrf_shots_on_goal,0.3.0,empirical_qrf,1.0,1.0,1.0,,2662215555207871876,2026-01-12 13:58:59.500634
2026-01-12,24695,EDM,CHI,30000752,Mattias Janmark,shots_on_goal,rf_qrf_shots_on_goal,0.3.0,empirical_qrf,1.0,1.0,1.0,,2662215555207871876,2026-01-12 13:58:59.500634
2026-01-12,24695,EDM,CHI,30000965,Curtis Lazar,shots_on_goal,rf_qrf_shots_on_goal,0.3.0,empirical_qrf,1.0,1.0,1.0,,2662215555207871876,2026-01-12 13:58:59.500634
2026-01-12,24695,EDM,CHI,30000987,Adam Henrique,shots_on_goal,rf_qrf_shots_on_goal,0.3.0,empirical_qrf,1.0,1.0,1.0,,2662215555207871876,2026-01-12 13:58:59.500634
2026-01-12,24695,EDM,CHI,30001076,Leon Draisaitl,shots_on_goal,rf_qrf_shots_on_goal,0.3.0,empirical_qrf,1.0,1.0,1.0,,2662215555207871876,2026-01-12 13:58:59.500634
2026-01-12,24695,EDM,CHI,30001233,Connor McDavid,shots_on_goal,rf_qrf_shots_on_goal,0.3.0,empirical_qrf,1.0,1.0,1.0,,2662215555207871876,2026-01-12 13:58:59.500634
2026-01-12,24689,TB,PHI,,,total_goals,ets_sum_team_goals,0.3.0,ets_sum,0.0,0.0,0.0,,2662215555207871876,2026-01-12 13:58:59.512676
2026-01-12,24690,SEA,NYR,,,total_goals,ets_sum_team_goals,0.3.0,ets_sum,0.0,0.0,0.0,,2662215555207871876,2026-01-12 13:58:59.512825
2026-01-12,24691,CAR,DET,,,total_goals,ets_sum_team_goals,0.3.0,ets_sum,0.0,0.0,0.0,,2662215555207871876,2026-01-12 13:58:59.512928
2026-01-12,24692,FLA,BUF,,,total_goals,ets_sum_team_goals,0.3.0,ets_sum,0.0,0.0,0.0,,2662215555207871876,2026-01-12 13:58:59.513026
2026-01-12,24693,VAN,MON,,,total_goals,ets_sum_team_goals,0.3.0,ets_sum,0.0,0.0,0.0,,2662215555207871876,2026-01-12 13:58:59.513125
2026-01-12,24694,NJ,MIN,,,total_goals,ets_sum_team_goals,0.3.0,ets_sum,0.0,0.0,0.0,,2662215555207871876,2026-01-12 13:58:59.513230
2026-01-12,24695,EDM,CHI,,,total_goals,ets_sum_team_goals,0.3.0,ets_sum,0.0,0.0,0.0,,2662215555207871876,2026-01-12 13:58:59.513327
