date,game_id,team,opponent,player_id,name,target,model_name,model_version,distribution,lambda_or_mu,q10,q90,p_ge_k_json,run_id,created_ts
2026-03-29,25140,FLA,NYR,30000074,Brad Marchand,points,rf_qrf_points,0.3.0,empirical_qrf,0.0,0.0,0.0,,3869774966809934574,2026-03-29 22:54:57.070441
2026-03-29,25140,FLA,NYR,30000201,Keith Kinkaid,points,rf_qrf_points,0.3.0,empirical_qrf,0.0,0.0,0.0,,3869774966809934574,2026-03-29 22:54:57.070441
2026-03-29,25140,FLA,NYR,30000228,Aleksander Barkov,points,rf_qrf_points,0.3.0,empirical_qrf,0.0,0.0,0.0,,3869774966809934574,2026-03-29 22:54:57.070441
2026-03-29,25140,FLA,NYR,30000232,Dmitry Kulikov,points,rf_qrf_points,0.3.0,empirical_qrf,0.0,0.0,0.0,,3869774966809934574,2026-03-29 22:54:57.070441
2026-03-29,25140,FLA,NYR,30000239,Aaron Ekblad,points,rf_qrf_points,0.3.0,empirical_qrf,0.0,0.0,0.0,,3869774966809934574,2026-03-29 22:54:57.070441
2026-03-29,25140,FLA,NYR,30000253,Seth Jones,points,rf_qrf_points,0.3.0,empirical_qrf,0.0,0.0,0.0,,3869774966809934574,2026-03-29 22:54:57.070441
2026-03-29,25140,FLA,NYR,30000559,Sam Bennett,points,rf_qrf_points,0.3.0,empirical_qrf,0.0,0.0,0.0,,3869774966809934574,2026-03-29 22:54:57.070441
2026-03-29,25140,FLA,NYR,30000667,Sergei Bobrovsky,points,rf_qrf_points,0.3.0,empirical_qrf,0.0,0.0,0.0,,3869774966809934574,2026-03-29 22:54:57.070441
2026-03-29,25140,FLA,NYR,30000980,Sam Reinhart,points,rf_qrf_points,0.3.0,empirical_qrf,0.0,0.0,0.0,,3869774966809934574,2026-03-29 22:54:57.070441
2026-03-29,25140,FLA,NYR,30000981,Evan Rodrigues,points,rf_qrf_points,0.3.0,empirical_qrf,0.0,0.0,0.0,,3869774966809934574,2026-03-29 22:54:57.070441
2026-03-29,25140,FLA,NYR,30001013,Vinnie Hinostroza,points,rf_qrf_points,0.3.0,empirical_qrf,0.0,0.0,0.0,,3869774966809934574,2026-03-29 22:54:57.070441
2026-03-29,25140,FLA,NYR,30001035,Tomás Nosek,points,rf_qrf_points,0.3.0,empirical_qrf,0.0,0.0,0.0,,3869774966809934574,2026-03-29 22:54:57.070441
2026-03-29,25140,FLA,NYR,30001159,Carter Verhaeghe,points,rf_qrf_points,0.3.0,empirical_qrf,0.0,0.0,0.0,,3869774966809934574,2026-03-29 22:54:57.070441
2026-03-29,25140,FLA,NYR,30001387,Niko Mikkola,points,rf_qrf_points,0.3.0,empirical_qrf,0.0,0.0,0.0,,3869774966809934574,2026-03-29 22:54:57.070441
2026-03-29,25140,FLA,NYR,30001448,Daniil Tarasov,points,rf_qrf_points,0.3.0,empirical_qrf,0.0,0.0,0.0,,3869774966809934574,2026-03-29 22:54:57.070441
2026-03-29,25140,FLA,NYR,30002069,Nathan Smith,points,rf_qrf_points,0.3.0,empirical_qrf,0.0,0.0,0.0,,3869774966809934574,2026-03-29 22:54:57.070441
2026-03-29,25140,FLA,NYR,30002758,Gustav Forsling,points,rf_qrf_points,0.3.0,empirical_qrf,0.0,0.0,0.0,,3869774966809934574,2026-03-29 22:54:57.070441
2026-03-29,25140,FLA,NYR,30002796,Mitchell Vande Sompel,points,rf_qrf_points,0.3.0,empirical_qrf,0.0,0.0,0.0,,3869774966809934574,2026-03-29 22:54:57.070441
2026-03-29,25140,FLA,NYR,30002839,A.J. Greer,points,rf_qrf_points,0.3.0,empirical_qrf,0.0,0.0,0.0,,3869774966809934574,2026-03-29 22:54:57.070441
2026-03-29,25140,FLA,NYR,30003077,Tyler Motte,points,rf_qrf_points,0.3.0,empirical_qrf,0.0,0.0,0.0,,3869774966809934574,2026-03-29 22:54:57.070441
2026-03-29,25140,FLA,NYR,30003134,Matthew Tkachuk,points,rf_qrf_points,0.3.0,empirical_qrf,0.0,0.0,0.0,,3869774966809934574,2026-03-29 22:54:57.070441
2026-03-29,25140,FLA,NYR,30003150,Luke Kunin,points,rf_qrf_points,0.3.0,empirical_qrf,0.0,0.0,0.0,,3869774966809934574,2026-03-29 22:54:57.070441
2026-03-29,25140,FLA,NYR,30003322,Noah Gregor,points,rf_qrf_points,0.3.0,empirical_qrf,0.0,0.0,0.0,,3869774966809934574,2026-03-29 22:54:57.070441
2026-03-29,25140,FLA,NYR,30003468,Evan Cormier,points,rf_qrf_points,0.3.0,empirical_qrf,0.0,0.0,0.0,,3869774966809934574,2026-03-29 22:54:57.070441
2026-03-29,25140,FLA,NYR,30003671,Jack Studnicka,points,rf_qrf_points,0.3.0,empirical_qrf,0.0,0.0,0.0,,3869774966809934574,2026-03-29 22:54:57.070441
2026-03-29,25140,FLA,NYR,30003681,Eetu Luostarinen,points,rf_qrf_points,0.3.0,empirical_qrf,0.0,0.0,0.0,,3869774966809934574,2026-03-29 22:54:57.070441
2026-03-29,25140,FLA,NYR,30003683,Jesper Boqvist,points,rf_qrf_points,0.3.0,empirical_qrf,0.0,0.0,0.0,,3869774966809934574,2026-03-29 22:54:57.070441
2026-03-29,25140,FLA,NYR,30003694,Jonah Gadjovich,points,rf_qrf_points,0.3.0,empirical_qrf,0.0,0.0,0.0,,3869774966809934574,2026-03-29 22:54:57.070441
2026-03-29,25140,FLA,NYR,30004088,Jay O'Brien,points,rf_qrf_points,0.3.0,empirical_qrf,0.0,0.0,0.0,,3869774966809934574,2026-03-29 22:54:57.070441
2026-03-29,25140,FLA,NYR,30004497,Tobias Bjornfot,points,rf_qrf_points,0.3.0,empirical_qrf,0.0,0.0,0.0,,3869774966809934574,2026-03-29 22:54:57.070441
2026-03-29,25140,FLA,NYR,30004517,Robert Mastrosimone,points,rf_qrf_points,0.3.0,empirical_qrf,0.0,0.0,0.0,,3869774966809934574,2026-03-29 22:54:57.070441
2026-03-29,25140,FLA,NYR,30004574,Cole Schwindt,points,rf_qrf_points,0.3.0,empirical_qrf,0.0,0.0,0.0,,3869774966809934574,2026-03-29 22:54:57.070441
2026-03-29,25140,FLA,NYR,30004809,Anton Lundell,points,rf_qrf_points,0.3.0,empirical_qrf,0.0,0.0,0.0,,3869774966809934574,2026-03-29 22:54:57.070441
2026-03-29,25140,FLA,NYR,30004873,Donovan Sebrango,points,rf_qrf_points,0.3.0,empirical_qrf,0.0,0.0,0.0,,3869774966809934574,2026-03-29 22:54:57.070441
2026-03-29,25140,FLA,NYR,30004886,Michael Benning,points,rf_qrf_points,0.3.0,empirical_qrf,0.0,0.0,0.0,,3869774966809934574,2026-03-29 22:54:57.070441
2026-03-29,25140,FLA,NYR,30004947,Cole Reinhardt,points,rf_qrf_points,0.3.0,empirical_qrf,0.0,0.0,0.0,,3869774966809934574,2026-03-29 22:54:57.070441
2026-03-29,25140,FLA,NYR,30005000,Mackie Samoskevich,points,rf_qrf_points,0.3.0,empirical_qrf,0.0,0.0,0.0,,3869774966809934574,2026-03-29 22:54:57.070441
2026-03-29,25140,FLA,NYR,30005025,Evan Nause,points,rf_qrf_points,0.3.0,empirical_qrf,0.0,0.0,0.0,,3869774966809934574,2026-03-29 22:54:57.070441
2026-03-29,25140,FLA,NYR,30005215,Cole Krygier,points,rf_qrf_points,0.3.0,empirical_qrf,0.0,0.0,0.0,,3869774966809934574,2026-03-29 22:54:57.070441
2026-03-29,25140,FLA,NYR,30005556,Mack Guzda,points,rf_qrf_points,0.3.0,empirical_qrf,0.0,0.0,0.0,,3869774966809934574,2026-03-29 22:54:57.070441
2026-03-29,25140,FLA,NYR,30005598,Mitchell Russell,points,rf_qrf_points,0.3.0,empirical_qrf,0.0,0.0,0.0,,3869774966809934574,2026-03-29 22:54:57.070441
2026-03-29,25140,FLA,NYR,30005723,Marek Alscher,points,rf_qrf_points,0.3.0,empirical_qrf,0.0,0.0,0.0,,3869774966809934574,2026-03-29 22:54:57.070441
2026-03-29,25140,FLA,NYR,30005849,Kai Schwindt,points,rf_qrf_points,0.3.0,empirical_qrf,0.0,0.0,0.0,,3869774966809934574,2026-03-29 22:54:57.070441
2026-03-29,25140,FLA,NYR,30005850,Sandis Vilmanis,points,rf_qrf_points,0.3.0,empirical_qrf,0.0,0.0,0.0,,3869774966809934574,2026-03-29 22:54:57.070441
2026-03-29,25140,FLA,NYR,30006034,Jake Livingstone,points,rf_qrf_points,0.3.0,empirical_qrf,0.0,0.0,0.0,,3869774966809934574,2026-03-29 22:54:57.070441
2026-03-29,25140,FLA,NYR,30006040,Ryan McAllister,points,rf_qrf_points,0.3.0,empirical_qrf,0.0,0.0,0.0,,3869774966809934574,2026-03-29 22:54:57.070441
2026-03-29,25140,FLA,NYR,30006048,Uvis Balinskis,points,rf_qrf_points,0.3.0,empirical_qrf,0.0,0.0,0.0,,3869774966809934574,2026-03-29 22:54:57.070441
2026-03-29,25140,FLA,NYR,30006097,Gracyn Sawchyn,points,rf_qrf_points,0.3.0,empirical_qrf,0.0,0.0,0.0,,3869774966809934574,2026-03-29 22:54:57.070441
2026-03-29,25140,FLA,NYR,30006326,Michael Simpson,points,rf_qrf_points,0.3.0,empirical_qrf,0.0,0.0,0.0,,3869774966809934574,2026-03-29 22:54:57.070441
2026-03-29,25140,FLA,NYR,30006394,Graham McPhee,points,rf_qrf_points,0.3.0,empirical_qrf,0.0,0.0,0.0,,3869774966809934574,2026-03-29 22:54:57.070441
2026-03-29,25140,NYR,FLA,30000123,Jonathan Quick,points,rf_qrf_points,0.3.0,empirical_qrf,0.0,0.0,0.0,,3869774966809934574,2026-03-29 22:54:57.070441
2026-03-29,25140,NYR,FLA,30000226,Vincent Trocheck,points,rf_qrf_points,0.3.0,empirical_qrf,0.0,0.0,0.0,,3869774966809934574,2026-03-29 22:54:57.070441
2026-03-29,25140,NYR,FLA,30000410,Conor Sheary,points,rf_qrf_points,0.3.0,empirical_qrf,0.0,0.0,0.0,,3869774966809934574,2026-03-29 22:54:57.070441
2026-03-29,25140,NYR,FLA,30000467,Mika Zibanejad,points,rf_qrf_points,0.3.0,empirical_qrf,0.0,0.0,0.0,,3869774966809934574,2026-03-29 22:54:57.070441
2026-03-29,25140,NYR,FLA,30000599,Anton Blidh,points,rf_qrf_points,0.3.0,empirical_qrf,0.0,0.0,0.0,,3869774966809934574,2026-03-29 22:54:57.070441
2026-03-29,25140,NYR,FLA,30000617,J.T. Miller,points,rf_qrf_points,0.3.0,empirical_qrf,0.0,0.0,0.0,,3869774966809934574,2026-03-29 22:54:57.070441
2026-03-29,25140,NYR,FLA,30001251,Justin Dowling,points,rf_qrf_points,0.3.0,empirical_qrf,0.0,0.0,0.0,,3869774966809934574,2026-03-29 22:54:57.070441
2026-03-29,25140,NYR,FLA,30002524,Spencer Martin,points,rf_qrf_points,0.3.0,empirical_qrf,0.0,0.0,0.0,,3869774966809934574,2026-03-29 22:54:57.070441
2026-03-29,25140,NYR,FLA,30002967,Jonny Brodzinski,points,rf_qrf_points,0.3.0,empirical_qrf,0.0,0.0,0.0,,3869774966809934574,2026-03-29 22:54:57.070441
2026-03-29,25140,NYR,FLA,30002999,Igor Shesterkin,points,rf_qrf_points,0.3.0,empirical_qrf,0.0,0.0,0.0,,3869774966809934574,2026-03-29 22:54:57.070441
2026-03-29,25140,NYR,FLA,30003170,Taylor Raddysh,points,rf_qrf_points,0.3.0,empirical_qrf,0.0,0.0,0.0,,3869774966809934574,2026-03-29 22:54:57.070441
2026-03-29,25140,NYR,FLA,30003194,Adam Fox,points,rf_qrf_points,0.3.0,empirical_qrf,0.0,0.0,0.0,,3869774966809934574,2026-03-29 22:54:57.070441
2026-03-29,25140,NYR,FLA,30003202,Casey Fitzgerald,points,rf_qrf_points,0.3.0,empirical_qrf,0.0,0.0,0.0,,3869774966809934574,2026-03-29 22:54:57.070441
2026-03-29,25140,NYR,FLA,30003649,Urho Vaakanainen,points,rf_qrf_points,0.3.0,empirical_qrf,0.0,0.0,0.0,,3869774966809934574,2026-03-29 22:54:57.070441
2026-03-29,25140,NYR,FLA,30003743,Will Borgen,points,rf_qrf_points,0.3.0,empirical_qrf,0.0,0.0,0.0,,3869774966809934574,2026-03-29 22:54:57.070441
2026-03-29,25140,NYR,FLA,30003952,Blake Hillman,points,rf_qrf_points,0.3.0,empirical_qrf,0.0,0.0,0.0,,3869774966809934574,2026-03-29 22:54:57.070441
2026-03-29,25140,NYR,FLA,30004430,Vladislav Gavrikov,points,rf_qrf_points,0.3.0,empirical_qrf,0.0,0.0,0.0,,3869774966809934574,2026-03-29 22:54:57.070441
2026-03-29,25140,NYR,FLA,30004504,Matthew Robertson,points,rf_qrf_points,0.3.0,empirical_qrf,0.0,0.0,0.0,,3869774966809934574,2026-03-29 22:54:57.070441
2026-03-29,25140,NYR,FLA,30004749,Connor Mackey,points,rf_qrf_points,0.3.0,empirical_qrf,0.0,0.0,0.0,,3869774966809934574,2026-03-29 22:54:57.070441
2026-03-29,25140,NYR,FLA,30004797,Brendan Brisson,points,rf_qrf_points,0.3.0,empirical_qrf,0.0,0.0,0.0,,3869774966809934574,2026-03-29 22:54:57.070441
2026-03-29,25140,NYR,FLA,30004807,Alexis Lafrenière,points,rf_qrf_points,0.3.0,empirical_qrf,0.0,0.0,0.0,,3869774966809934574,2026-03-29 22:54:57.070441
2026-03-29,25140,NYR,FLA,30004820,Braden Schneider,points,rf_qrf_points,0.3.0,empirical_qrf,0.0,0.0,0.0,,3869774966809934574,2026-03-29 22:54:57.070441
2026-03-29,25140,NYR,FLA,30004832,Will Cuylle,points,rf_qrf_points,0.3.0,empirical_qrf,0.0,0.0,0.0,,3869774966809934574,2026-03-29 22:54:57.070441
2026-03-29,25140,NYR,FLA,30004887,Brett Berard,points,rf_qrf_points,0.3.0,empirical_qrf,0.0,0.0,0.0,,3869774966809934574,2026-03-29 22:54:57.070441
2026-03-29,25140,NYR,FLA,30004896,Dylan Garand,points,rf_qrf_points,0.3.0,empirical_qrf,0.0,0.0,0.0,,3869774966809934574,2026-03-29 22:54:57.070441
2026-03-29,25140,NYR,FLA,30004968,Juuso Parssinen,points,rf_qrf_points,0.3.0,empirical_qrf,0.0,0.0,0.0,,3869774966809934574,2026-03-29 22:54:57.070441
2026-03-29,25140,NYR,FLA,30005014,Scott Morrow,points,rf_qrf_points,0.3.0,empirical_qrf,0.0,0.0,0.0,,3869774966809934574,2026-03-29 22:54:57.070441
2026-03-29,25140,NYR,FLA,30005031,Vincent Iorio,points,rf_qrf_points,0.3.0,empirical_qrf,0.0,0.0,0.0,,3869774966809934574,2026-03-29 22:54:57.070441
2026-03-29,25140,NYR,FLA,30005069,Christopher Merisier-Ortiz,points,rf_qrf_points,0.3.0,empirical_qrf,0.0,0.0,0.0,,3869774966809934574,2026-03-29 22:54:57.070441
2026-03-29,25140,NYR,FLA,30005183,Matt Rempe,points,rf_qrf_points,0.3.0,empirical_qrf,0.0,0.0,0.0,,3869774966809934574,2026-03-29 22:54:57.070441
2026-03-29,25140,NYR,FLA,30005223,Kyle Jackson,points,rf_qrf_points,0.3.0,empirical_qrf,0.0,0.0,0.0,,3869774966809934574,2026-03-29 22:54:57.070441
2026-03-29,25140,NYR,FLA,30005252,Adam Edstrom,points,rf_qrf_points,0.3.0,empirical_qrf,0.0,0.0,0.0,,3869774966809934574,2026-03-29 22:54:57.070441
2026-03-29,25140,NYR,FLA,30005266,Jaroslav Chmelar,points,rf_qrf_points,0.3.0,empirical_qrf,0.0,0.0,0.0,,3869774966809934574,2026-03-29 22:54:57.070441
2026-03-29,25140,NYR,FLA,30005336,Tye Kartye,points,rf_qrf_points,0.3.0,empirical_qrf,0.0,0.0,0.0,,3869774966809934574,2026-03-29 22:54:57.070441
2026-03-29,25140,NYR,FLA,30005563,Brandon Scanlin,points,rf_qrf_points,0.3.0,empirical_qrf,0.0,0.0,0.0,,3869774966809934574,2026-03-29 22:54:57.070441
2026-03-29,25140,NYR,FLA,30005662,Adam Sykora,points,rf_qrf_points,0.3.0,empirical_qrf,0.0,0.0,0.0,,3869774966809934574,2026-03-29 22:54:57.070441
2026-03-29,25140,NYR,FLA,30005686,Bryce McConnell-Barker,points,rf_qrf_points,0.3.0,empirical_qrf,0.0,0.0,0.0,,3869774966809934574,2026-03-29 22:54:57.070441
2026-03-29,25140,NYR,FLA,30005883,Noah Laba,points,rf_qrf_points,0.3.0,empirical_qrf,0.0,0.0,0.0,,3869774966809934574,2026-03-29 22:54:57.070441
2026-03-29,25140,NYR,FLA,30006074,Gabe Perreault,points,rf_qrf_points,0.3.0,empirical_qrf,0.0,0.0,0.0,,3869774966809934574,2026-03-29 22:54:57.070441
2026-03-29,25140,NYR,FLA,30006118,Carey Terrance,points,rf_qrf_points,0.3.0,empirical_qrf,0.0,0.0,0.0,,3869774966809934574,2026-03-29 22:54:57.070441
2026-03-29,25140,NYR,FLA,30006174,Dylan Roobroeck,points,rf_qrf_points,0.3.0,empirical_qrf,0.0,0.0,0.0,,3869774966809934574,2026-03-29 22:54:57.070441
2026-03-29,25140,NYR,FLA,30006331,Brett Budgell,points,rf_qrf_points,0.3.0,empirical_qrf,0.0,0.0,0.0,,3869774966809934574,2026-03-29 22:54:57.070441
2026-03-29,25141,BOS,CBJ,30000245,Viktor Arvidsson,points,rf_qrf_points,0.3.0,empirical_qrf,0.0,0.0,0.0,,3869774966809934574,2026-03-29 22:54:57.070441
2026-03-29,25141,BOS,CBJ,30000393,Joonas Korpisalo,points,rf_qrf_points,0.3.0,empirical_qrf,0.0,0.0,0.0,,3869774966809934574,2026-03-29 22:54:57.070441
2026-03-29,25141,BOS,CBJ,30000607,David Pastrnak,points,rf_qrf_points,0.3.0,empirical_qrf,0.0,0.0,0.0,,3869774966809934574,2026-03-29 22:54:57.070441
2026-03-29,25141,BOS,CBJ,30000630,Patrick Brown,points,rf_qrf_points,0.3.0,empirical_qrf,0.0,0.0,0.0,,3869774966809934574,2026-03-29 22:54:57.070441
2026-03-29,25141,BOS,CBJ,30000636,Elias Lindholm,points,rf_qrf_points,0.3.0,empirical_qrf,0.0,0.0,0.0,,3869774966809934574,2026-03-29 22:54:57.070441
2026-03-29,25141,BOS,CBJ,30000909,Nikita Zadorov,points,rf_qrf_points,0.3.0,empirical_qrf,0.0,0.0,0.0,,3869774966809934574,2026-03-29 22:54:57.070441
2026-03-29,25141,BOS,CBJ,30000995,Pavel Zacha,points,rf_qrf_points,0.3.0,empirical_qrf,0.0,0.0,0.0,,3869774966809934574,2026-03-29 22:54:57.070441
2026-03-29,25141,BOS,CBJ,30001264,Hampus Lindholm,points,rf_qrf_points,0.3.0,empirical_qrf,0.0,0.0,0.0,,3869774966809934574,2026-03-29 22:54:57.070441
2026-03-29,25141,BOS,CBJ,30002853,Sean Kuraly,points,rf_qrf_points,0.3.0,empirical_qrf,0.0,0.0,0.0,,3869774966809934574,2026-03-29 22:54:57.070441
2026-03-29,25141,BOS,CBJ,30003020,Kasimir Kaskisuo,points,rf_qrf_points,0.3.0,empirical_qrf,0.0,0.0,0.0,,3869774966809934574,2026-03-29 22:54:57.070441
2026-03-29,25141,BOS,CBJ,30003147,Charlie McAvoy,points,rf_qrf_points,0.3.0,empirical_qrf,0.0,0.0,0.0,,3869774966809934574,2026-03-29 22:54:57.070441
2026-03-29,25141,BOS,CBJ,30003151,Riley Tufte,points,rf_qrf_points,0.3.0,empirical_qrf,0.0,0.0,0.0,,3869774966809934574,2026-03-29 22:54:57.070441
2026-03-29,25141,BOS,CBJ,30003185,Andrew Peeke,points,rf_qrf_points,0.3.0,empirical_qrf,0.0,0.0,0.0,,3869774966809934574,2026-03-29 22:54:57.070441
2026-03-29,25141,BOS,CBJ,30003442,Tanner Jeannot,points,rf_qrf_points,0.3.0,empirical_qrf,0.0,0.0,0.0,,3869774966809934574,2026-03-29 22:54:57.070441
2026-03-29,25141,BOS,CBJ,30003581,Shane Starrett,points,rf_qrf_points,0.3.0,empirical_qrf,0.0,0.0,0.0,,3869774966809934574,2026-03-29 22:54:57.070441
2026-03-29,25141,BOS,CBJ,30003643,Casey Mittelstadt,points,rf_qrf_points,0.3.0,empirical_qrf,0.0,0.0,0.0,,3869774966809934574,2026-03-29 22:54:57.070441
2026-03-29,25141,BOS,CBJ,30003657,Henri Jokiharju,points,rf_qrf_points,0.3.0,empirical_qrf,0.0,0.0,0.0,,3869774966809934574,2026-03-29 22:54:57.070441
2026-03-29,25141,BOS,CBJ,30003704,Morgan Geekie,points,rf_qrf_points,0.3.0,empirical_qrf,0.0,0.0,0.0,,3869774966809934574,2026-03-29 22:54:57.070441
2026-03-29,25141,BOS,CBJ,30003714,Michael DiPietro,points,rf_qrf_points,0.3.0,empirical_qrf,0.0,0.0,0.0,,3869774966809934574,2026-03-29 22:54:57.070441
2026-03-29,25141,BOS,CBJ,30003890,Mikey Eyssimont,points,rf_qrf_points,0.3.0,empirical_qrf,0.0,0.0,0.0,,3869774966809934574,2026-03-29 22:54:57.070441
2026-03-29,25141,BOS,CBJ,30003912,Mark Kastelic,points,rf_qrf_points,0.3.0,empirical_qrf,0.0,0.0,0.0,,3869774966809934574,2026-03-29 22:54:57.070441
2026-03-29,25141,BOS,CBJ,30003991,Jeremy Swayman,points,rf_qrf_points,0.3.0,empirical_qrf,0.0,0.0,0.0,,3869774966809934574,2026-03-29 22:54:57.070441
2026-03-29,25141,BOS,CBJ,30004166,Jordan Harris,points,rf_qrf_points,0.3.0,empirical_qrf,0.0,0.0,0.0,,3869774966809934574,2026-03-29 22:54:57.070441
2026-03-29,25141,BOS,CBJ,30004281,Jonathan Aspirot,points,rf_qrf_points,0.3.0,empirical_qrf,0.0,0.0,0.0,,3869774966809934574,2026-03-29 22:54:57.070441
2026-03-29,25141,BOS,CBJ,30004477,Victor Soderstrom,points,rf_qrf_points,0.3.0,empirical_qrf,0.0,0.0,0.0,,3869774966809934574,2026-03-29 22:54:57.070441
2026-03-29,25141,BOS,CBJ,30004513,John Farinacci,points,rf_qrf_points,0.3.0,empirical_qrf,0.0,0.0,0.0,,3869774966809934574,2026-03-29 22:54:57.070441
2026-03-29,25141,BOS,CBJ,30004640,Francois Brassard,points,rf_qrf_points,0.3.0,empirical_qrf,0.0,0.0,0.0,,3869774966809934574,2026-03-29 22:54:57.070441
2026-03-29,25141,BOS,CBJ,30004817,Lukas Reichel,points,rf_qrf_points,0.3.0,empirical_qrf,0.0,0.0,0.0,,3869774966809934574,2026-03-29 22:54:57.070441
2026-03-29,25141,BOS,CBJ,30004851,Marat Khusnutdinov,points,rf_qrf_points,0.3.0,empirical_qrf,0.0,0.0,0.0,,3869774966809934574,2026-03-29 22:54:57.070441
2026-03-29,25141,BOS,CBJ,30004858,Mason Lohrei,points,rf_qrf_points,0.3.0,empirical_qrf,0.0,0.0,0.0,,3869774966809934574,2026-03-29 22:54:57.070441
2026-03-29,25141,BOS,CBJ,30004929,Alex Steeves,points,rf_qrf_points,0.3.0,empirical_qrf,0.0,0.0,0.0,,3869774966809934574,2026-03-29 22:54:57.070441
2026-03-29,25141,BOS,CBJ,30004998,Fabian Lysell,points,rf_qrf_points,0.3.0,empirical_qrf,0.0,0.0,0.0,,3869774966809934574,2026-03-29 22:54:57.070441
2026-03-29,25141,BOS,CBJ,30005090,Navrin Mutter,points,rf_qrf_points,0.3.0,empirical_qrf,0.0,0.0,0.0,,3869774966809934574,2026-03-29 22:54:57.070441
2026-03-29,25141,BOS,CBJ,30005092,Billy Sweezey,points,rf_qrf_points,0.3.0,empirical_qrf,0.0,0.0,0.0,,3869774966809934574,2026-03-29 22:54:57.070441
2026-03-29,25141,BOS,CBJ,30005170,Maximus Wanner,points,rf_qrf_points,0.3.0,empirical_qrf,0.0,0.0,0.0,,3869774966809934574,2026-03-29 22:54:57.070441
2026-03-29,25141,BOS,CBJ,30005341,Shawn Element,points,rf_qrf_points,0.3.0,empirical_qrf,0.0,0.0,0.0,,3869774966809934574,2026-03-29 22:54:57.070441
2026-03-29,25141,BOS,CBJ,30005367,Michael Callahan,points,rf_qrf_points,0.3.0,empirical_qrf,0.0,0.0,0.0,,3869774966809934574,2026-03-29 22:54:57.070441
2026-03-29,25141,BOS,CBJ,30005580,Georgi Merkulov,points,rf_qrf_points,0.3.0,empirical_qrf,0.0,0.0,0.0,,3869774966809934574,2026-03-29 22:54:57.070441
2026-03-29,25141,BOS,CBJ,30005651,Matthew Poitras,points,rf_qrf_points,0.3.0,empirical_qrf,0.0,0.0,0.0,,3869774966809934574,2026-03-29 22:54:57.070441
2026-03-29,25141,BOS,CBJ,30005658,Fraser Minten,points,rf_qrf_points,0.3.0,empirical_qrf,0.0,0.0,0.0,,3869774966809934574,2026-03-29 22:54:57.070441
2026-03-29,25141,BOS,CBJ,30005749,Nolan Maier,points,rf_qrf_points,0.3.0,empirical_qrf,0.0,0.0,0.0,,3869774966809934574,2026-03-29 22:54:57.070441
2026-03-29,25141,BOS,CBJ,30005760,Joseph Abate,points,rf_qrf_points,0.3.0,empirical_qrf,0.0,0.0,0.0,,3869774966809934574,2026-03-29 22:54:57.070441
2026-03-29,25141,BOS,CBJ,30005797,Frederic Brunet,points,rf_qrf_points,0.3.0,empirical_qrf,0.0,0.0,0.0,,3869774966809934574,2026-03-29 22:54:57.070441
2026-03-29,25141,BOS,CBJ,30006392,Luke Cavallin,points,rf_qrf_points,0.3.0,empirical_qrf,0.0,0.0,0.0,,3869774966809934574,2026-03-29 22:54:57.070441
2026-03-29,25141,CBJ,BOS,30000115,Sean Monahan,points,rf_qrf_points,0.3.0,empirical_qrf,0.0,0.0,0.0,,3869774966809934574,2026-03-29 22:54:57.070441
2026-03-29,25141,CBJ,BOS,30000207,Damon Severson,points,rf_qrf_points,0.3.0,empirical_qrf,0.0,0.0,0.0,,3869774966809934574,2026-03-29 22:54:57.070441
2026-03-29,25141,CBJ,BOS,30000233,Erik Gudbranson,points,rf_qrf_points,0.3.0,empirical_qrf,0.0,0.0,0.0,,3869774966809934574,2026-03-29 22:54:57.070441
2026-03-29,25141,CBJ,BOS,30000623,Ivan Provorov,points,rf_qrf_points,0.3.0,empirical_qrf,0.0,0.0,0.0,,3869774966809934574,2026-03-29 22:54:57.070441
2026-03-29,25141,CBJ,BOS,30000778,Boone Jenner,points,rf_qrf_points,0.3.0,empirical_qrf,0.0,0.0,0.0,,3869774966809934574,2026-03-29 22:54:57.070441
2026-03-29,25141,CBJ,BOS,30000805,Charlie Coyle,points,rf_qrf_points,0.3.0,empirical_qrf,0.0,0.0,0.0,,3869774966809934574,2026-03-29 22:54:57.070441
2026-03-29,25141,CBJ,BOS,30000855,Brendan Smith,points,rf_qrf_points,0.3.0,empirical_qrf,0.0,0.0,0.0,,3869774966809934574,2026-03-29 22:54:57.070441
2026-03-29,25141,CBJ,BOS,30001196,Brendan Gaunce,points,rf_qrf_points,0.3.0,empirical_qrf,0.0,0.0,0.0,,3869774966809934574,2026-03-29 22:54:57.070441
2026-03-29,25141,CBJ,BOS,30002223,Mason Marchment,points,rf_qrf_points,0.3.0,empirical_qrf,0.0,0.0,0.0,,3869774966809934574,2026-03-29 22:54:57.070441
2026-03-29,25141,CBJ,BOS,30002554,Hudson Fasching,points,rf_qrf_points,0.3.0,empirical_qrf,0.0,0.0,0.0,,3869774966809934574,2026-03-29 22:54:57.070441
2026-03-29,25141,CBJ,BOS,30002593,Dysin Mayo,points,rf_qrf_points,0.3.0,empirical_qrf,0.0,0.0,0.0,,3869774966809934574,2026-03-29 22:54:57.070441
2026-03-29,25141,CBJ,BOS,30002616,Elvis Merzlikins,points,rf_qrf_points,0.3.0,empirical_qrf,0.0,0.0,0.0,,3869774966809934574,2026-03-29 22:54:57.070441
2026-03-29,25141,CBJ,BOS,30002631,Danton Heinen,points,rf_qrf_points,0.3.0,empirical_qrf,0.0,0.0,0.0,,3869774966809934574,2026-03-29 22:54:57.070441
2026-03-29,25141,CBJ,BOS,30002770,Zach Werenski,points,rf_qrf_points,0.3.0,empirical_qrf,0.0,0.0,0.0,,3869774966809934574,2026-03-29 22:54:57.070441
2026-03-29,25141,CBJ,BOS,30002876,Conor Garland,points,rf_qrf_points,0.3.0,empirical_qrf,0.0,0.0,0.0,,3869774966809934574,2026-03-29 22:54:57.070441
2026-03-29,25141,CBJ,BOS,30003079,Miles Wood,points,rf_qrf_points,0.3.0,empirical_qrf,0.0,0.0,0.0,,3869774966809934574,2026-03-29 22:54:57.070441
2026-03-29,25141,CBJ,BOS,30003146,Dante Fabbro,points,rf_qrf_points,0.3.0,empirical_qrf,0.0,0.0,0.0,,3869774966809934574,2026-03-29 22:54:57.070441
2026-03-29,25141,CBJ,BOS,30003267,Mathieu Olivier,points,rf_qrf_points,0.3.0,empirical_qrf,0.0,0.0,0.0,,3869774966809934574,2026-03-29 22:54:57.070441
2026-03-29,25141,CBJ,BOS,30003269,Zach Sawchenko,points,rf_qrf_points,0.3.0,empirical_qrf,0.0,0.0,0.0,,3869774966809934574,2026-03-29 22:54:57.070441
2026-03-29,25141,CBJ,BOS,30003549,Zachary Aston-Reese,points,rf_qrf_points,0.3.0,empirical_qrf,0.0,0.0,0.0,,3869774966809934574,2026-03-29 22:54:57.070441
2026-03-29,25141,CBJ,BOS,30004097,Isac Lundestrom,points,rf_qrf_points,0.3.0,empirical_qrf,0.0,0.0,0.0,,3869774966809934574,2026-03-29 22:54:57.070441
2026-03-29,25141,CBJ,BOS,30004135,Kirill Marchenko,points,rf_qrf_points,0.3.0,empirical_qrf,0.0,0.0,0.0,,3869774966809934574,2026-03-29 22:54:57.070441
2026-03-29,25141,CBJ,BOS,30004172,Curtis Hall,points,rf_qrf_points,0.3.0,empirical_qrf,0.0,0.0,0.0,,3869774966809934574,2026-03-29 22:54:57.070441
2026-03-29,25141,CBJ,BOS,30004205,Egor Zamula,points,rf_qrf_points,0.3.0,empirical_qrf,0.0,0.0,0.0,,3869774966809934574,2026-03-29 22:54:57.070441
2026-03-29,25141,CBJ,BOS,30004306,Jake Christiansen,points,rf_qrf_points,0.3.0,empirical_qrf,0.0,0.0,0.0,,3869774966809934574,2026-03-29 22:54:57.070441
2026-03-29,25141,CBJ,BOS,30004607,Dmitri Voronkov,points,rf_qrf_points,0.3.0,empirical_qrf,0.0,0.0,0.0,,3869774966809934574,2026-03-29 22:54:57.070441
2026-03-29,25141,CBJ,BOS,30004988,Cole Sillinger,points,rf_qrf_points,0.3.0,empirical_qrf,0.0,0.0,0.0,,3869774966809934574,2026-03-29 22:54:57.070441
2026-03-29,25141,CBJ,BOS,30004989,Kent Johnson,points,rf_qrf_points,0.3.0,empirical_qrf,0.0,0.0,0.0,,3869774966809934574,2026-03-29 22:54:57.070441
2026-03-29,25141,CBJ,BOS,30005002,Corson Ceulemans,points,rf_qrf_points,0.3.0,empirical_qrf,0.0,0.0,0.0,,3869774966809934574,2026-03-29 22:54:57.070441
2026-03-29,25141,CBJ,BOS,30005049,Jet Greaves,points,rf_qrf_points,0.3.0,empirical_qrf,0.0,0.0,0.0,,3869774966809934574,2026-03-29 22:54:57.070441
2026-03-29,25141,CBJ,BOS,30005050,Stanislov Svozil,points,rf_qrf_points,0.3.0,empirical_qrf,0.0,0.0,0.0,,3869774966809934574,2026-03-29 22:54:57.070441
2026-03-29,25141,CBJ,BOS,30005053,Ole Julian Bjorgvik-Holm,points,rf_qrf_points,0.3.0,empirical_qrf,0.0,0.0,0.0,,3869774966809934574,2026-03-29 22:54:57.070441
2026-03-29,25141,CBJ,BOS,30005088,James Malatesta,points,rf_qrf_points,0.3.0,empirical_qrf,0.0,0.0,0.0,,3869774966809934574,2026-03-29 22:54:57.070441
2026-03-29,25141,CBJ,BOS,30005290,Max McCue,points,rf_qrf_points,0.3.0,empirical_qrf,0.0,0.0,0.0,,3869774966809934574,2026-03-29 22:54:57.070441
2026-03-29,25141,CBJ,BOS,30005355,Mikael Pyyhtia,points,rf_qrf_points,0.3.0,empirical_qrf,0.0,0.0,0.0,,3869774966809934574,2026-03-29 22:54:57.070441
2026-03-29,25141,CBJ,BOS,30005568,Owen Sillinger,points,rf_qrf_points,0.3.0,empirical_qrf,0.0,0.0,0.0,,3869774966809934574,2026-03-29 22:54:57.070441
2026-03-29,25141,CBJ,BOS,30005637,Denton Mateychuk,points,rf_qrf_points,0.3.0,empirical_qrf,0.0,0.0,0.0,,3869774966809934574,2026-03-29 22:54:57.070441
2026-03-29,25141,CBJ,BOS,30005664,Luca Del Bel Belluz,points,rf_qrf_points,0.3.0,empirical_qrf,0.0,0.0,0.0,,3869774966809934574,2026-03-29 22:54:57.070441
2026-03-29,25141,CBJ,BOS,30005699,Jordan Dumais,points,rf_qrf_points,0.3.0,empirical_qrf,0.0,0.0,0.0,,3869774966809934574,2026-03-29 22:54:57.070441
2026-03-29,25141,CBJ,BOS,30005733,Roman Ahcan,points,rf_qrf_points,0.3.0,empirical_qrf,0.0,0.0,0.0,,3869774966809934574,2026-03-29 22:54:57.070441
2026-03-29,25141,CBJ,BOS,30005736,Nolan Lalonde,points,rf_qrf_points,0.3.0,empirical_qrf,0.0,0.0,0.0,,3869774966809934574,2026-03-29 22:54:57.070441
2026-03-29,25141,CBJ,BOS,30006022,Justin Pearson,points,rf_qrf_points,0.3.0,empirical_qrf,0.0,0.0,0.0,,3869774966809934574,2026-03-29 22:54:57.070441
2026-03-29,25141,CBJ,BOS,30006026,Hunter McKown,points,rf_qrf_points,0.3.0,empirical_qrf,0.0,0.0,0.0,,3869774966809934574,2026-03-29 22:54:57.070441
2026-03-29,25141,CBJ,BOS,30006063,Adam Fantilli,points,rf_qrf_points,0.3.0,empirical_qrf,0.0,0.0,0.0,,3869774966809934574,2026-03-29 22:54:57.070441
2026-03-29,25141,CBJ,BOS,30006337,Riley Bezeau,points,rf_qrf_points,0.3.0,empirical_qrf,0.0,0.0,0.0,,3869774966809934574,2026-03-29 22:54:57.070441
2026-03-29,25142,NAS,TB,30000183,Filip Forsberg,points,rf_qrf_points,0.3.0,empirical_qrf,0.0,0.0,0.0,,3869774966809934574,2026-03-29 22:54:57.070441
2026-03-29,25142,NAS,TB,30000184,Roman Josi,points,rf_qrf_points,0.3.0,empirical_qrf,0.0,0.0,0.0,,3869774966809934574,2026-03-29 22:54:57.070441
2026-03-29,25142,NAS,TB,30000222,Juuse Saros,points,rf_qrf_points,0.3.0,empirical_qrf,0.0,0.0,0.0,,3869774966809934574,2026-03-29 22:54:57.070441
2026-03-29,25142,NAS,TB,30000324,Brady Skjei,points,rf_qrf_points,0.3.0,empirical_qrf,0.0,0.0,0.0,,3869774966809934574,2026-03-29 22:54:57.070441
2026-03-29,25142,NAS,TB,30000716,Daniel Carr,points,rf_qrf_points,0.3.0,empirical_qrf,0.0,0.0,0.0,,3869774966809934574,2026-03-29 22:54:57.070441
2026-03-29,25142,NAS,TB,30000743,Steven Stamkos,points,rf_qrf_points,0.3.0,empirical_qrf,0.0,0.0,0.0,,3869774966809934574,2026-03-29 22:54:57.070441
2026-03-29,25142,NAS,TB,30000810,Erik Haula,points,rf_qrf_points,0.3.0,empirical_qrf,0.0,0.0,0.0,,3869774966809934574,2026-03-29 22:54:57.070441
2026-03-29,25142,NAS,TB,30000979,Ryan O'Reilly,points,rf_qrf_points,0.3.0,empirical_qrf,0.0,0.0,0.0,,3869774966809934574,2026-03-29 22:54:57.070441
2026-03-29,25142,NAS,TB,30001048,Jonathan Marchessault,points,rf_qrf_points,0.3.0,empirical_qrf,0.0,0.0,0.0,,3869774966809934574,2026-03-29 22:54:57.070441
2026-03-29,25142,NAS,TB,30002591,Andreas Englund,points,rf_qrf_points,0.3.0,empirical_qrf,0.0,0.0,0.0,,3869774966809934574,2026-03-29 22:54:57.070441
2026-03-29,25142,NAS,TB,30003140,Tyson Jost,points,rf_qrf_points,0.3.0,empirical_qrf,0.0,0.0,0.0,,3869774966809934574,2026-03-29 22:54:57.070441
2026-03-29,25142,NAS,TB,30003206,Dylan Gambrell,points,rf_qrf_points,0.3.0,empirical_qrf,0.0,0.0,0.0,,3869774966809934574,2026-03-29 22:54:57.070441
2026-03-29,25142,NAS,TB,30003700,Nicolas Hague,points,rf_qrf_points,0.3.0,empirical_qrf,0.0,0.0,0.0,,3869774966809934574,2026-03-29 22:54:57.070441
2026-03-29,25142,NAS,TB,30004161,Justus Annunen,points,rf_qrf_points,0.3.0,empirical_qrf,0.0,0.0,0.0,,3869774966809934574,2026-03-29 22:54:57.070441
2026-03-29,25142,NAS,TB,30004606,Nick Perbix,points,rf_qrf_points,0.3.0,empirical_qrf,0.0,0.0,0.0,,3869774966809934574,2026-03-29 22:54:57.070441
2026-03-29,25142,NAS,TB,30004716,Zack Hayes,points,rf_qrf_points,0.3.0,empirical_qrf,0.0,0.0,0.0,,3869774966809934574,2026-03-29 22:54:57.070441
2026-03-29,25142,NAS,TB,30004725,Ethan Haider,points,rf_qrf_points,0.3.0,empirical_qrf,0.0,0.0,0.0,,3869774966809934574,2026-03-29 22:54:57.070441
2026-03-29,25142,NAS,TB,30004795,Justin Barron,points,rf_qrf_points,0.3.0,empirical_qrf,0.0,0.0,0.0,,3869774966809934574,2026-03-29 22:54:57.070441
2026-03-29,25142,NAS,TB,30004822,Ozzy Wiesblatt,points,rf_qrf_points,0.3.0,empirical_qrf,0.0,0.0,0.0,,3869774966809934574,2026-03-29 22:54:57.070441
2026-03-29,25142,NAS,TB,30004834,Luke Evangelista,points,rf_qrf_points,0.3.0,empirical_qrf,0.0,0.0,0.0,,3869774966809934574,2026-03-29 22:54:57.070441
2026-03-29,25142,NAS,TB,30004907,Ryder Rolston,points,rf_qrf_points,0.3.0,empirical_qrf,0.0,0.0,0.0,,3869774966809934574,2026-03-29 22:54:57.070441
2026-03-29,25142,NAS,TB,30004944,Magnus Chrona,points,rf_qrf_points,0.3.0,empirical_qrf,0.0,0.0,0.0,,3869774966809934574,2026-03-29 22:54:57.070441
2026-03-29,25142,NAS,TB,30004991,Fedor Svechkov,points,rf_qrf_points,0.3.0,empirical_qrf,0.0,0.0,0.0,,3869774966809934574,2026-03-29 22:54:57.070441
2026-03-29,25142,NAS,TB,30005006,Zachary L'Heureux,points,rf_qrf_points,0.3.0,empirical_qrf,0.0,0.0,0.0,,3869774966809934574,2026-03-29 22:54:57.070441
2026-03-29,25142,NAS,TB,30005190,Jack Matier,points,rf_qrf_points,0.3.0,empirical_qrf,0.0,0.0,0.0,,3869774966809934574,2026-03-29 22:54:57.070441
2026-03-29,25142,NAS,TB,30005233,Adam Wilsby,points,rf_qrf_points,0.3.0,empirical_qrf,0.0,0.0,0.0,,3869774966809934574,2026-03-29 22:54:57.070441
2026-03-29,25142,NAS,TB,30005237,Ryan Ufko,points,rf_qrf_points,0.3.0,empirical_qrf,0.0,0.0,0.0,,3869774966809934574,2026-03-29 22:54:57.070441
2026-03-29,25142,NAS,TB,30005617,Joakim Kemell,points,rf_qrf_points,0.3.0,empirical_qrf,0.0,0.0,0.0,,3869774966809934574,2026-03-29 22:54:57.070441
2026-03-29,25142,NAS,TB,30005648,Reid Schaefer,points,rf_qrf_points,0.3.0,empirical_qrf,0.0,0.0,0.0,,3869774966809934574,2026-03-29 22:54:57.070441
2026-03-29,25142,NAS,TB,30005829,Christoffer Sedoff,points,rf_qrf_points,0.3.0,empirical_qrf,0.0,0.0,0.0,,3869774966809934574,2026-03-29 22:54:57.070441
2026-03-29,25142,NAS,TB,30005835,Chad Nychuk,points,rf_qrf_points,0.3.0,empirical_qrf,0.0,0.0,0.0,,3869774966809934574,2026-03-29 22:54:57.070441
2026-03-29,25142,NAS,TB,30005933,Austin Roest,points,rf_qrf_points,0.3.0,empirical_qrf,0.0,0.0,0.0,,3869774966809934574,2026-03-29 22:54:57.070441
2026-03-29,25142,NAS,TB,30006080,Tanner Molendyk,points,rf_qrf_points,0.3.0,empirical_qrf,0.0,0.0,0.0,,3869774966809934574,2026-03-29 22:54:57.070441
2026-03-29,25142,NAS,TB,30006081,Matthew Wood,points,rf_qrf_points,0.3.0,empirical_qrf,0.0,0.0,0.0,,3869774966809934574,2026-03-29 22:54:57.070441
2026-03-29,25142,NAS,TB,30006089,David Edstrom,points,rf_qrf_points,0.3.0,empirical_qrf,0.0,0.0,0.0,,3869774966809934574,2026-03-29 22:54:57.070441
2026-03-29,25142,NAS,TB,30006095,Andrew Gibson,points,rf_qrf_points,0.3.0,empirical_qrf,0.0,0.0,0.0,,3869774966809934574,2026-03-29 22:54:57.070441
2026-03-29,25142,NAS,TB,30006107,Kalan Lind,points,rf_qrf_points,0.3.0,empirical_qrf,0.0,0.0,0.0,,3869774966809934574,2026-03-29 22:54:57.070441
2026-03-29,25142,NAS,TB,30006185,Joey Willis,points,rf_qrf_points,0.3.0,empirical_qrf,0.0,0.0,0.0,,3869774966809934574,2026-03-29 22:54:57.070441
2026-03-29,25142,TB,NAS,30000428,Oliver Bjorkstrand,points,rf_qrf_points,0.3.0,empirical_qrf,0.0,0.0,0.0,,3869774966809934574,2026-03-29 22:54:57.070441
2026-03-29,25142,TB,NAS,30000477,Nick Paul,points,rf_qrf_points,0.3.0,empirical_qrf,0.0,0.0,0.0,,3869774966809934574,2026-03-29 22:54:57.070441
2026-03-29,25142,TB,NAS,30000502,Zemgus Girgensons,points,rf_qrf_points,0.3.0,empirical_qrf,0.0,0.0,0.0,,3869774966809934574,2026-03-29 22:54:57.070441
2026-03-29,25142,TB,NAS,30000737,Victor Hedman,points,rf_qrf_points,0.3.0,empirical_qrf,0.0,0.0,0.0,,3869774966809934574,2026-03-29 22:54:57.070441
2026-03-29,25142,TB,NAS,30000742,Brayden Point,points,rf_qrf_points,0.3.0,empirical_qrf,0.0,0.0,0.0,,3869774966809934574,2026-03-29 22:54:57.070441
2026-03-29,25142,TB,NAS,30001047,Nikita Kucherov,points,rf_qrf_points,0.3.0,empirical_qrf,0.0,0.0,0.0,,3869774966809934574,2026-03-29 22:54:57.070441
2026-03-29,25142,TB,NAS,30001084,Ryan McDonagh,points,rf_qrf_points,0.3.0,empirical_qrf,0.0,0.0,0.0,,3869774966809934574,2026-03-29 22:54:57.070441
2026-03-29,25142,TB,NAS,30001178,Yanni Gourde,points,rf_qrf_points,0.3.0,empirical_qrf,0.0,0.0,0.0,,3869774966809934574,2026-03-29 22:54:57.070441
2026-03-29,25142,TB,NAS,30001265,Corey Perry,points,rf_qrf_points,0.3.0,empirical_qrf,0.0,0.0,0.0,,3869774966809934574,2026-03-29 22:54:57.070441
2026-03-29,25142,TB,NAS,30001377,Andrei Vasilevskiy,points,rf_qrf_points,0.3.0,empirical_qrf,0.0,0.0,0.0,,3869774966809934574,2026-03-29 22:54:57.070441
2026-03-29,25142,TB,NAS,30002516,Steven Santini,points,rf_qrf_points,0.3.0,empirical_qrf,0.0,0.0,0.0,,3869774966809934574,2026-03-29 22:54:57.070441
2026-03-29,25142,TB,NAS,30002532,Jake Guentzel,points,rf_qrf_points,0.3.0,empirical_qrf,0.0,0.0,0.0,,3869774966809934574,2026-03-29 22:54:57.070441
2026-03-29,25142,TB,NAS,30002549,Scott Sabourin,points,rf_qrf_points,0.3.0,empirical_qrf,0.0,0.0,0.0,,3869774966809934574,2026-03-29 22:54:57.070441
2026-03-29,25142,TB,NAS,30002604,Brandon Halverson,points,rf_qrf_points,0.3.0,empirical_qrf,0.0,0.0,0.0,,3869774966809934574,2026-03-29 22:54:57.070441
2026-03-29,25142,TB,NAS,30002606,Jonas Johansson,points,rf_qrf_points,0.3.0,empirical_qrf,0.0,0.0,0.0,,3869774966809934574,2026-03-29 22:54:57.070441
2026-03-29,25142,TB,NAS,30002821,Erik Cernak,points,rf_qrf_points,0.3.0,empirical_qrf,0.0,0.0,0.0,,3869774966809934574,2026-03-29 22:54:57.070441
2026-03-29,25142,TB,NAS,30002845,Anthony Cirelli,points,rf_qrf_points,0.3.0,empirical_qrf,0.0,0.0,0.0,,3869774966809934574,2026-03-29 22:54:57.070441
2026-03-29,25142,TB,NAS,30002974,Kale Kessy,points,rf_qrf_points,0.3.0,empirical_qrf,0.0,0.0,0.0,,3869774966809934574,2026-03-29 22:54:57.070441
2026-03-29,25142,TB,NAS,30003250,Brandon Hagel,points,rf_qrf_points,0.3.0,empirical_qrf,0.0,0.0,0.0,,3869774966809934574,2026-03-29 22:54:57.070441
2026-03-29,25142,TB,NAS,30003478,Darren Raddysh,points,rf_qrf_points,0.3.0,empirical_qrf,0.0,0.0,0.0,,3869774966809934574,2026-03-29 22:54:57.070441
2026-03-29,25142,TB,NAS,30003688,Ian Mitchell,points,rf_qrf_points,0.3.0,empirical_qrf,0.0,0.0,0.0,,3869774966809934574,2026-03-29 22:54:57.070441
2026-03-29,25142,TB,NAS,30004280,Joel Teasdale,points,rf_qrf_points,0.3.0,empirical_qrf,0.0,0.0,0.0,,3869774966809934574,2026-03-29 22:54:57.070441
2026-03-29,25142,TB,NAS,30004487,Jakob Pelletier,points,rf_qrf_points,0.3.0,empirical_qrf,0.0,0.0,0.0,,3869774966809934574,2026-03-29 22:54:57.070441
2026-03-29,25142,TB,NAS,30004540,Reece Newkirk,points,rf_qrf_points,0.3.0,empirical_qrf,0.0,0.0,0.0,,3869774966809934574,2026-03-29 22:54:57.070441
2026-03-29,25142,TB,NAS,30004567,Simon Lundmark,points,rf_qrf_points,0.3.0,empirical_qrf,0.0,0.0,0.0,,3869774966809934574,2026-03-29 22:54:57.070441
2026-03-29,25142,TB,NAS,30004631,Charle-Edouard D'Astous,points,rf_qrf_points,0.3.0,empirical_qrf,0.0,0.0,0.0,,3869774966809934574,2026-03-29 22:54:57.070441
2026-03-29,25142,TB,NAS,30004754,Mitchell Chaffee,points,rf_qrf_points,0.3.0,empirical_qrf,0.0,0.0,0.0,,3869774966809934574,2026-03-29 22:54:57.070441
2026-03-29,25142,TB,NAS,30004838,Gage Goncalves,points,rf_qrf_points,0.3.0,empirical_qrf,0.0,0.0,0.0,,3869774966809934574,2026-03-29 22:54:57.070441
2026-03-29,25142,TB,NAS,30004840,Maxim Groshev,points,rf_qrf_points,0.3.0,empirical_qrf,0.0,0.0,0.0,,3869774966809934574,2026-03-29 22:54:57.070441
2026-03-29,25142,TB,NAS,30004974,Pontus Holmberg,points,rf_qrf_points,0.3.0,empirical_qrf,0.0,0.0,0.0,,3869774966809934574,2026-03-29 22:54:57.070441
2026-03-29,25142,TB,NAS,30005044,J.J. Moser,points,rf_qrf_points,0.3.0,empirical_qrf,0.0,0.0,0.0,,3869774966809934574,2026-03-29 22:54:57.070441
2026-03-29,25142,TB,NAS,30005054,Matteo Pietroniro,points,rf_qrf_points,0.3.0,empirical_qrf,0.0,0.0,0.0,,3869774966809934574,2026-03-29 22:54:57.070441
2026-03-29,25142,TB,NAS,30005366,Emil Lilleberg,points,rf_qrf_points,0.3.0,empirical_qrf,0.0,0.0,0.0,,3869774966809934574,2026-03-29 22:54:57.070441
2026-03-29,25142,TB,NAS,30005421,Maxwell Crozier,points,rf_qrf_points,0.3.0,empirical_qrf,0.0,0.0,0.0,,3869774966809934574,2026-03-29 22:54:57.070441
2026-03-29,25142,TB,NAS,30005562,Declan Carlile,points,rf_qrf_points,0.3.0,empirical_qrf,0.0,0.0,0.0,,3869774966809934574,2026-03-29 22:54:57.070441
2026-03-29,25142,TB,NAS,30005740,Dyllan Gill,points,rf_qrf_points,0.3.0,empirical_qrf,0.0,0.0,0.0,,3869774966809934574,2026-03-29 22:54:57.070441
2026-03-29,25142,TB,NAS,30005768,Tommy Miller,points,rf_qrf_points,0.3.0,empirical_qrf,0.0,0.0,0.0,,3869774966809934574,2026-03-29 22:54:57.070441
2026-03-29,25142,TB,NAS,30006012,Daniel Walker,points,rf_qrf_points,0.3.0,empirical_qrf,0.0,0.0,0.0,,3869774966809934574,2026-03-29 22:54:57.070441
2026-03-29,25142,TB,NAS,30006096,Ethan Gauthier,points,rf_qrf_points,0.3.0,empirical_qrf,0.0,0.0,0.0,,3869774966809934574,2026-03-29 22:54:57.070441
2026-03-29,25142,TB,NAS,30006311,Tristan Allard,points,rf_qrf_points,0.3.0,empirical_qrf,0.0,0.0,0.0,,3869774966809934574,2026-03-29 22:54:57.070441
2026-03-29,25142,TB,NAS,30006313,Gabriel Szturc,points,rf_qrf_points,0.3.0,empirical_qrf,0.0,0.0,0.0,,3869774966809934574,2026-03-29 22:54:57.070441
2026-03-29,25142,TB,NAS,30006329,Brendan Furry,points,rf_qrf_points,0.3.0,empirical_qrf,0.0,0.0,0.0,,3869774966809934574,2026-03-29 22:54:57.070441
2026-03-29,25143,MON,CAR,30000015,Brendan Gallagher,points,rf_qrf_points,0.3.0,empirical_qrf,0.0,0.0,0.0,,3869774966809934574,2026-03-29 22:54:57.070441
2026-03-29,25143,MON,CAR,30000227,Mike Matheson,points,rf_qrf_points,0.3.0,empirical_qrf,0.0,0.0,0.0,,3869774966809934574,2026-03-29 22:54:57.070441
2026-03-29,25143,MON,CAR,30000555,Tyler Wotherspoon,points,rf_qrf_points,0.3.0,empirical_qrf,0.0,0.0,0.0,,3869774966809934574,2026-03-29 22:54:57.070441
2026-03-29,25143,MON,CAR,30000670,Sammy Blais,points,rf_qrf_points,0.3.0,empirical_qrf,0.0,0.0,0.0,,3869774966809934574,2026-03-29 22:54:57.070441
2026-03-29,25143,MON,CAR,30001395,Laurent Dauphin,points,rf_qrf_points,0.3.0,empirical_qrf,0.0,0.0,0.0,,3869774966809934574,2026-03-29 22:54:57.070441
2026-03-29,25143,MON,CAR,30001424,Phillip Danault,points,rf_qrf_points,0.3.0,empirical_qrf,0.0,0.0,0.0,,3869774966809934574,2026-03-29 22:54:57.070441
2026-03-29,25143,MON,CAR,30002592,Kaapo Kahkonen,points,rf_qrf_points,0.3.0,empirical_qrf,0.0,0.0,0.0,,3869774966809934574,2026-03-29 22:54:57.070441
2026-03-29,25143,MON,CAR,30002601,Joshua Jacobs,points,rf_qrf_points,0.3.0,empirical_qrf,0.0,0.0,0.0,,3869774966809934574,2026-03-29 22:54:57.070441
2026-03-29,25143,MON,CAR,30002663,Vincent Arseneau,points,rf_qrf_points,0.3.0,empirical_qrf,0.0,0.0,0.0,,3869774966809934574,2026-03-29 22:54:57.070441
2026-03-29,25143,MON,CAR,30002781,Sam Montembeault,points,rf_qrf_points,0.3.0,empirical_qrf,0.0,0.0,0.0,,3869774966809934574,2026-03-29 22:54:57.070441
2026-03-29,25143,MON,CAR,30002825,Alexandre Carrier,points,rf_qrf_points,0.3.0,empirical_qrf,0.0,0.0,0.0,,3869774966809934574,2026-03-29 22:54:57.070441
2026-03-29,25143,MON,CAR,30003131,Patrik Laine,points,rf_qrf_points,0.3.0,empirical_qrf,0.0,0.0,0.0,,3869774966809934574,2026-03-29 22:54:57.070441
2026-03-29,25143,MON,CAR,30003667,Nick Suzuki,points,rf_qrf_points,0.3.0,empirical_qrf,0.0,0.0,0.0,,3869774966809934574,2026-03-29 22:54:57.070441
2026-03-29,25143,MON,CAR,30003687,Alexandre Texier,points,rf_qrf_points,0.3.0,empirical_qrf,0.0,0.0,0.0,,3869774966809934574,2026-03-29 22:54:57.070441
2026-03-29,25143,MON,CAR,30003901,Alex Belzile,points,rf_qrf_points,0.3.0,empirical_qrf,0.0,0.0,0.0,,3869774966809934574,2026-03-29 22:54:57.070441
2026-03-29,25143,MON,CAR,30003958,Nate Clurman,points,rf_qrf_points,0.3.0,empirical_qrf,0.0,0.0,0.0,,3869774966809934574,2026-03-29 22:54:57.070441
2026-03-29,25143,MON,CAR,30003990,Jake Evans,points,rf_qrf_points,0.3.0,empirical_qrf,0.0,0.0,0.0,,3869774966809934574,2026-03-29 22:54:57.070441
2026-03-29,25143,MON,CAR,30004086,Noah Dobson,points,rf_qrf_points,0.3.0,empirical_qrf,0.0,0.0,0.0,,3869774966809934574,2026-03-29 22:54:57.070441
2026-03-29,25143,MON,CAR,30004101,Joe Veleno,points,rf_qrf_points,0.3.0,empirical_qrf,0.0,0.0,0.0,,3869774966809934574,2026-03-29 22:54:57.070441
2026-03-29,25143,MON,CAR,30004204,Wyatte Wylie,points,rf_qrf_points,0.3.0,empirical_qrf,0.0,0.0,0.0,,3869774966809934574,2026-03-29 22:54:57.070441
2026-03-29,25143,MON,CAR,30004284,Kevin Mandolese,points,rf_qrf_points,0.3.0,empirical_qrf,0.0,0.0,0.0,,3869774966809934574,2026-03-29 22:54:57.070441
2026-03-29,25143,MON,CAR,30004361,Josh Anderson,points,rf_qrf_points,0.3.0,empirical_qrf,0.0,0.0,0.0,,3869774966809934574,2026-03-29 22:54:57.070441
2026-03-29,25143,MON,CAR,30004472,Kirby Dach,points,rf_qrf_points,0.3.0,empirical_qrf,0.0,0.0,0.0,,3869774966809934574,2026-03-29 22:54:57.070441
2026-03-29,25143,MON,CAR,30004486,Alex Newhook,points,rf_qrf_points,0.3.0,empirical_qrf,0.0,0.0,0.0,,3869774966809934574,2026-03-29 22:54:57.070441
2026-03-29,25143,MON,CAR,30004520,Hunter Jones,points,rf_qrf_points,0.3.0,empirical_qrf,0.0,0.0,0.0,,3869774966809934574,2026-03-29 22:54:57.070441
2026-03-29,25143,MON,CAR,30004559,Jayden Struble,points,rf_qrf_points,0.3.0,empirical_qrf,0.0,0.0,0.0,,3869774966809934574,2026-03-29 22:54:57.070441
2026-03-29,25143,MON,CAR,30004803,Kaiden Guhle,points,rf_qrf_points,0.3.0,empirical_qrf,0.0,0.0,0.0,,3869774966809934574,2026-03-29 22:54:57.070441
2026-03-29,25143,MON,CAR,30004876,Ty Smilanic,points,rf_qrf_points,0.3.0,empirical_qrf,0.0,0.0,0.0,,3869774966809934574,2026-03-29 22:54:57.070441
2026-03-29,25143,MON,CAR,30004894,Sean Farrell,points,rf_qrf_points,0.3.0,empirical_qrf,0.0,0.0,0.0,,3869774966809934574,2026-03-29 22:54:57.070441
2026-03-29,25143,MON,CAR,30004928,Cole Caufield,points,rf_qrf_points,0.3.0,empirical_qrf,0.0,0.0,0.0,,3869774966809934574,2026-03-29 22:54:57.070441
2026-03-29,25143,MON,CAR,30004950,Marc Del Gaizo,points,rf_qrf_points,0.3.0,empirical_qrf,0.0,0.0,0.0,,3869774966809934574,2026-03-29 22:54:57.070441
2026-03-29,25143,MON,CAR,30004990,Zachary Bolduc,points,rf_qrf_points,0.3.0,empirical_qrf,0.0,0.0,0.0,,3869774966809934574,2026-03-29 22:54:57.070441
2026-03-29,25143,MON,CAR,30005021,Oliver Kapanen,points,rf_qrf_points,0.3.0,empirical_qrf,0.0,0.0,0.0,,3869774966809934574,2026-03-29 22:54:57.070441
2026-03-29,25143,MON,CAR,30005118,Tobie Paquette-Bisson,points,rf_qrf_points,0.3.0,empirical_qrf,0.0,0.0,0.0,,3869774966809934574,2026-03-29 22:54:57.070441
2026-03-29,25143,MON,CAR,30005121,Joshua Roy,points,rf_qrf_points,0.3.0,empirical_qrf,0.0,0.0,0.0,,3869774966809934574,2026-03-29 22:54:57.070441
2026-03-29,25143,MON,CAR,30005122,Xavier Simoneau,points,rf_qrf_points,0.3.0,empirical_qrf,0.0,0.0,0.0,,3869774966809934574,2026-03-29 22:54:57.070441
2026-03-29,25143,MON,CAR,30005127,Joe Vrbetic,points,rf_qrf_points,0.3.0,empirical_qrf,0.0,0.0,0.0,,3869774966809934574,2026-03-29 22:54:57.070441
2026-03-29,25143,MON,CAR,30005128,Arber Xhekaj,points,rf_qrf_points,0.3.0,empirical_qrf,0.0,0.0,0.0,,3869774966809934574,2026-03-29 22:54:57.070441
2026-03-29,25143,MON,CAR,30005175,Jake Chiasson,points,rf_qrf_points,0.3.0,empirical_qrf,0.0,0.0,0.0,,3869774966809934574,2026-03-29 22:54:57.070441
2026-03-29,25143,MON,CAR,30005287,Gannon Laroque,points,rf_qrf_points,0.3.0,empirical_qrf,0.0,0.0,0.0,,3869774966809934574,2026-03-29 22:54:57.070441
2026-03-29,25143,MON,CAR,30005288,Ben Gaudreau,points,rf_qrf_points,0.3.0,empirical_qrf,0.0,0.0,0.0,,3869774966809934574,2026-03-29 22:54:57.070441
2026-03-29,25143,MON,CAR,30005534,Jakub Dobes,points,rf_qrf_points,0.3.0,empirical_qrf,0.0,0.0,0.0,,3869774966809934574,2026-03-29 22:54:57.070441
2026-03-29,25143,MON,CAR,30005574,Lucas Condotta,points,rf_qrf_points,0.3.0,empirical_qrf,0.0,0.0,0.0,,3869774966809934574,2026-03-29 22:54:57.070441
2026-03-29,25143,MON,CAR,30005631,Juraj Slafkovsky,points,rf_qrf_points,0.3.0,empirical_qrf,0.0,0.0,0.0,,3869774966809934574,2026-03-29 22:54:57.070441
2026-03-29,25143,MON,CAR,30005645,Filip Mesar,points,rf_qrf_points,0.3.0,empirical_qrf,0.0,0.0,0.0,,3869774966809934574,2026-03-29 22:54:57.070441
2026-03-29,25143,MON,CAR,30005655,Lane Hutson,points,rf_qrf_points,0.3.0,empirical_qrf,0.0,0.0,0.0,,3869774966809934574,2026-03-29 22:54:57.070441
2026-03-29,25143,MON,CAR,30005656,Owen Beck,points,rf_qrf_points,0.3.0,empirical_qrf,0.0,0.0,0.0,,3869774966809934574,2026-03-29 22:54:57.070441
2026-03-29,25143,MON,CAR,30005806,Jared Davidson,points,rf_qrf_points,0.3.0,empirical_qrf,0.0,0.0,0.0,,3869774966809934574,2026-03-29 22:54:57.070441
2026-03-29,25143,MON,CAR,30006060,David Reinbacher,points,rf_qrf_points,0.3.0,empirical_qrf,0.0,0.0,0.0,,3869774966809934574,2026-03-29 22:54:57.070441
2026-03-29,25143,MON,CAR,30006127,Jacob Fowler,points,rf_qrf_points,0.3.0,empirical_qrf,0.0,0.0,0.0,,3869774966809934574,2026-03-29 22:54:57.070441
2026-03-29,25143,MON,CAR,30006152,Florian Xhekaj,points,rf_qrf_points,0.3.0,empirical_qrf,0.0,0.0,0.0,,3869774966809934574,2026-03-29 22:54:57.070441
2026-03-29,25143,MON,CAR,30006358,Israel Mianscum,points,rf_qrf_points,0.3.0,empirical_qrf,0.0,0.0,0.0,,3869774966809934574,2026-03-29 22:54:57.070441
2026-03-29,25143,MON,CAR,30006485,Ivan Demidov,points,rf_qrf_points,0.3.0,empirical_qrf,0.0,0.0,0.0,,3869774966809934574,2026-03-29 22:54:57.070441
2026-03-29,25143,CAR,MON,30000271,Shayne Gostisbehere,points,rf_qrf_points,0.3.0,empirical_qrf,0.0,0.0,0.0,,3869774966809934574,2026-03-29 22:54:57.070441
2026-03-29,25143,CAR,MON,30000358,Jordan Staal,points,rf_qrf_points,0.3.0,empirical_qrf,0.0,0.0,0.0,,3869774966809934574,2026-03-29 22:54:57.070441
2026-03-29,25143,CAR,MON,30000501,Nicolas Deslauriers,points,rf_qrf_points,0.3.0,empirical_qrf,0.0,0.0,0.0,,3869774966809934574,2026-03-29 22:54:57.070441
2026-03-29,25143,CAR,MON,30000510,William Carrier,points,rf_qrf_points,0.3.0,empirical_qrf,0.0,0.0,0.0,,3869774966809934574,2026-03-29 22:54:57.070441
2026-03-29,25143,CAR,MON,30000525,Mike Reilly,points,rf_qrf_points,0.3.0,empirical_qrf,0.0,0.0,0.0,,3869774966809934574,2026-03-29 22:54:57.070441
2026-03-29,25143,CAR,MON,30000643,Jaccob Slavin,points,rf_qrf_points,0.3.0,empirical_qrf,0.0,0.0,0.0,,3869774966809934574,2026-03-29 22:54:57.070441
2026-03-29,25143,CAR,MON,30000822,Nikolaj Ehlers,points,rf_qrf_points,0.3.0,empirical_qrf,0.0,0.0,0.0,,3869774966809934574,2026-03-29 22:54:57.070441
2026-03-29,25143,CAR,MON,30000948,Jordan Martinook,points,rf_qrf_points,0.3.0,empirical_qrf,0.0,0.0,0.0,,3869774966809934574,2026-03-29 22:54:57.070441
2026-03-29,25143,CAR,MON,30001187,Taylor Hall,points,rf_qrf_points,0.3.0,empirical_qrf,0.0,0.0,0.0,,3869774966809934574,2026-03-29 22:54:57.070441
2026-03-29,25143,CAR,MON,30001203,Frederik Andersen,points,rf_qrf_points,0.3.0,empirical_qrf,0.0,0.0,0.0,,3869774966809934574,2026-03-29 22:54:57.070441
2026-03-29,25143,CAR,MON,30002309,Mark Jankowski,points,rf_qrf_points,0.3.0,empirical_qrf,0.0,0.0,0.0,,3869774966809934574,2026-03-29 22:54:57.070441
2026-03-29,25143,CAR,MON,30002819,Sebastian Aho,points,rf_qrf_points,0.3.0,empirical_qrf,0.0,0.0,0.0,,3869774966809934574,2026-03-29 22:54:57.070441
2026-03-29,25143,CAR,MON,30002980,Eric Robinson,points,rf_qrf_points,0.3.0,empirical_qrf,0.0,0.0,0.0,,3869774966809934574,2026-03-29 22:54:57.070441
2026-03-29,25143,CAR,MON,30003180,Givani Smith,points,rf_qrf_points,0.3.0,empirical_qrf,0.0,0.0,0.0,,3869774966809934574,2026-03-29 22:54:57.070441
2026-03-29,25143,CAR,MON,30003359,Jalen Chatfield,points,rf_qrf_points,0.3.0,empirical_qrf,0.0,0.0,0.0,,3869774966809934574,2026-03-29 22:54:57.070441
2026-03-29,25143,CAR,MON,30003662,Juuso Valimaki,points,rf_qrf_points,0.3.0,empirical_qrf,0.0,0.0,0.0,,3869774966809934574,2026-03-29 22:54:57.070441
2026-03-29,25143,CAR,MON,30003786,Sean Walker,points,rf_qrf_points,0.3.0,empirical_qrf,0.0,0.0,0.0,,3869774966809934574,2026-03-29 22:54:57.070441
2026-03-29,25143,CAR,MON,30004075,Jesperi Kotkaniemi,points,rf_qrf_points,0.3.0,empirical_qrf,0.0,0.0,0.0,,3869774966809934574,2026-03-29 22:54:57.070441
2026-03-29,25143,CAR,MON,30004076,Andrei Svechnikov,points,rf_qrf_points,0.3.0,empirical_qrf,0.0,0.0,0.0,,3869774966809934574,2026-03-29 22:54:57.070441
2026-03-29,25143,CAR,MON,30004082,K'Andre Miller,points,rf_qrf_points,0.3.0,empirical_qrf,0.0,0.0,0.0,,3869774966809934574,2026-03-29 22:54:57.070441
2026-03-29,25143,CAR,MON,30004385,Cayden Primeau,points,rf_qrf_points,0.3.0,empirical_qrf,0.0,0.0,0.0,,3869774966809934574,2026-03-29 22:54:57.070441
2026-03-29,25143,CAR,MON,30004537,Domenick Fensore,points,rf_qrf_points,0.3.0,empirical_qrf,0.0,0.0,0.0,,3869774966809934574,2026-03-29 22:54:57.070441
2026-03-29,25143,CAR,MON,30004602,Nikita Pavlychev,points,rf_qrf_points,0.3.0,empirical_qrf,0.0,0.0,0.0,,3869774966809934574,2026-03-29 22:54:57.070441
2026-03-29,25143,CAR,MON,30004806,Seth Jarvis,points,rf_qrf_points,0.3.0,empirical_qrf,0.0,0.0,0.0,,3869774966809934574,2026-03-29 22:54:57.070441
2026-03-29,25143,CAR,MON,30004865,Alexander Nikishin,points,rf_qrf_points,0.3.0,empirical_qrf,0.0,0.0,0.0,,3869774966809934574,2026-03-29 22:54:57.070441
2026-03-29,25143,CAR,MON,30004913,Evan Vierling,points,rf_qrf_points,0.3.0,empirical_qrf,0.0,0.0,0.0,,3869774966809934574,2026-03-29 22:54:57.070441
2026-03-29,25143,CAR,MON,30004953,Pyotr Kochetkov,points,rf_qrf_points,0.3.0,empirical_qrf,0.0,0.0,0.0,,3869774966809934574,2026-03-29 22:54:57.070441
2026-03-29,25143,CAR,MON,30005026,Aleksi Heimosalmi,points,rf_qrf_points,0.3.0,empirical_qrf,0.0,0.0,0.0,,3869774966809934574,2026-03-29 22:54:57.070441
2026-03-29,25143,CAR,MON,30005034,Logan Stankoven,points,rf_qrf_points,0.3.0,empirical_qrf,0.0,0.0,0.0,,3869774966809934574,2026-03-29 22:54:57.070441
2026-03-29,25143,CAR,MON,30005153,Bryce Montgomery,points,rf_qrf_points,0.3.0,empirical_qrf,0.0,0.0,0.0,,3869774966809934574,2026-03-29 22:54:57.070441
2026-03-29,25143,CAR,MON,30005155,Justin Robidas,points,rf_qrf_points,0.3.0,empirical_qrf,0.0,0.0,0.0,,3869774966809934574,2026-03-29 22:54:57.070441
2026-03-29,25143,CAR,MON,30005405,Jackson Blake,points,rf_qrf_points,0.3.0,empirical_qrf,0.0,0.0,0.0,,3869774966809934574,2026-03-29 22:54:57.070441
2026-03-29,25143,CAR,MON,30005573,Brandon Bussi,points,rf_qrf_points,0.3.0,empirical_qrf,0.0,0.0,0.0,,3869774966809934574,2026-03-29 22:54:57.070441
2026-03-29,25143,CAR,MON,30005685,Viktor Neuchev,points,rf_qrf_points,0.3.0,empirical_qrf,0.0,0.0,0.0,,3869774966809934574,2026-03-29 22:54:57.070441
2026-03-29,25143,CAR,MON,30006098,Felix Unger Sorum,points,rf_qrf_points,0.3.0,empirical_qrf,0.0,0.0,0.0,,3869774966809934574,2026-03-29 22:54:57.070441
2026-03-29,25144,DAL,PHI,30000166,Alexander Petrovic,points,rf_qrf_points,0.3.0,empirical_qrf,0.0,0.0,0.0,,3869774966809934574,2026-03-29 22:54:57.070441
2026-03-29,25144,DAL,PHI,30000702,Antoine Bibeau,points,rf_qrf_points,0.3.0,empirical_qrf,0.0,0.0,0.0,,3869774966809934574,2026-03-29 22:54:57.070441
2026-03-29,25144,DAL,PHI,30000735,Adam Erne,points,rf_qrf_points,0.3.0,empirical_qrf,0.0,0.0,0.0,,3869774966809934574,2026-03-29 22:54:57.070441
2026-03-29,25144,DAL,PHI,30000750,Radek Faksa,points,rf_qrf_points,0.3.0,empirical_qrf,0.0,0.0,0.0,,3869774966809934574,2026-03-29 22:54:57.070441
2026-03-29,25144,DAL,PHI,30000755,Esa Lindell,points,rf_qrf_points,0.3.0,empirical_qrf,0.0,0.0,0.0,,3869774966809934574,2026-03-29 22:54:57.070441
2026-03-29,25144,DAL,PHI,30000756,Curtis McKenzie,points,rf_qrf_points,0.3.0,empirical_qrf,0.0,0.0,0.0,,3869774966809934574,2026-03-29 22:54:57.070441
2026-03-29,25144,DAL,PHI,30000762,Tyler Seguin,points,rf_qrf_points,0.3.0,empirical_qrf,0.0,0.0,0.0,,3869774966809934574,2026-03-29 22:54:57.070441
2026-03-29,25144,DAL,PHI,30000906,Mikko Rantanen,points,rf_qrf_points,0.3.0,empirical_qrf,0.0,0.0,0.0,,3869774966809934574,2026-03-29 22:54:57.070441
2026-03-29,25144,DAL,PHI,30001146,Matt Duchene,points,rf_qrf_points,0.3.0,empirical_qrf,0.0,0.0,0.0,,3869774966809934574,2026-03-29 22:54:57.070441
2026-03-29,25144,DAL,PHI,30001299,Tyler Myers,points,rf_qrf_points,0.3.0,empirical_qrf,0.0,0.0,0.0,,3869774966809934574,2026-03-29 22:54:57.070441
2026-03-29,25144,DAL,PHI,30001302,Jamie Benn,points,rf_qrf_points,0.3.0,empirical_qrf,0.0,0.0,0.0,,3869774966809934574,2026-03-29 22:54:57.070441
2026-03-29,25144,DAL,PHI,30002811,Roope Hintz,points,rf_qrf_points,0.3.0,empirical_qrf,0.0,0.0,0.0,,3869774966809934574,2026-03-29 22:54:57.070441
2026-03-29,25144,DAL,PHI,30002842,Kyle Capobianco,points,rf_qrf_points,0.3.0,empirical_qrf,0.0,0.0,0.0,,3869774966809934574,2026-03-29 22:54:57.070441
2026-03-29,25144,DAL,PHI,30002859,Michael Bunting,points,rf_qrf_points,0.3.0,empirical_qrf,0.0,0.0,0.0,,3869774966809934574,2026-03-29 22:54:57.070441
2026-03-29,25144,DAL,PHI,30003156,Sam Steel,points,rf_qrf_points,0.3.0,empirical_qrf,0.0,0.0,0.0,,3869774966809934574,2026-03-29 22:54:57.070441
2026-03-29,25144,DAL,PHI,30003165,Nate Bastian,points,rf_qrf_points,0.3.0,empirical_qrf,0.0,0.0,0.0,,3869774966809934574,2026-03-29 22:54:57.070441
2026-03-29,25144,DAL,PHI,30003357,Colin Blackwell,points,rf_qrf_points,0.3.0,empirical_qrf,0.0,0.0,0.0,,3869774966809934574,2026-03-29 22:54:57.070441
2026-03-29,25144,DAL,PHI,30003376,Casey DeSmith,points,rf_qrf_points,0.3.0,empirical_qrf,0.0,0.0,0.0,,3869774966809934574,2026-03-29 22:54:57.070441
2026-03-29,25144,DAL,PHI,30003585,Cameron Hughes,points,rf_qrf_points,0.3.0,empirical_qrf,0.0,0.0,0.0,,3869774966809934574,2026-03-29 22:54:57.070441
2026-03-29,25144,DAL,PHI,30003640,Miro Heiskanen,points,rf_qrf_points,0.3.0,empirical_qrf,0.0,0.0,0.0,,3869774966809934574,2026-03-29 22:54:57.070441
2026-03-29,25144,DAL,PHI,30003658,Jake Oettinger,points,rf_qrf_points,0.3.0,empirical_qrf,0.0,0.0,0.0,,3869774966809934574,2026-03-29 22:54:57.070441
2026-03-29,25144,DAL,PHI,30003689,Jason Robertson,points,rf_qrf_points,0.3.0,empirical_qrf,0.0,0.0,0.0,,3869774966809934574,2026-03-29 22:54:57.070441
2026-03-29,25144,DAL,PHI,30003695,Kole Lind,points,rf_qrf_points,0.3.0,empirical_qrf,0.0,0.0,0.0,,3869774966809934574,2026-03-29 22:54:57.070441
2026-03-29,25144,DAL,PHI,30004061,Ilya Lyubushkin,points,rf_qrf_points,0.3.0,empirical_qrf,0.0,0.0,0.0,,3869774966809934574,2026-03-29 22:54:57.070441
2026-03-29,25144,DAL,PHI,30004103,Nils Lundkvist,points,rf_qrf_points,0.3.0,empirical_qrf,0.0,0.0,0.0,,3869774966809934574,2026-03-29 22:54:57.070441
2026-03-29,25144,DAL,PHI,30004482,Thomas Harley,points,rf_qrf_points,0.3.0,empirical_qrf,0.0,0.0,0.0,,3869774966809934574,2026-03-29 22:54:57.070441
2026-03-29,25144,DAL,PHI,30004546,Vladislav Kolyachonok,points,rf_qrf_points,0.3.0,empirical_qrf,0.0,0.0,0.0,,3869774966809934574,2026-03-29 22:54:57.070441
2026-03-29,25144,DAL,PHI,30004796,Mavrik Bourque,points,rf_qrf_points,0.3.0,empirical_qrf,0.0,0.0,0.0,,3869774966809934574,2026-03-29 22:54:57.070441
2026-03-29,25144,DAL,PHI,30004844,Cross Hanas,points,rf_qrf_points,0.3.0,empirical_qrf,0.0,0.0,0.0,,3869774966809934574,2026-03-29 22:54:57.070441
2026-03-29,25144,DAL,PHI,30004869,Jeremie Poirier,points,rf_qrf_points,0.3.0,empirical_qrf,0.0,0.0,0.0,,3869774966809934574,2026-03-29 22:54:57.070441
2026-03-29,25144,DAL,PHI,30005004,Wyatt Johnston,points,rf_qrf_points,0.3.0,empirical_qrf,0.0,0.0,0.0,,3869774966809934574,2026-03-29 22:54:57.070441
2026-03-29,25144,DAL,PHI,30005062,Oskar Bäck,points,rf_qrf_points,0.3.0,empirical_qrf,0.0,0.0,0.0,,3869774966809934574,2026-03-29 22:54:57.070441
2026-03-29,25144,DAL,PHI,30005640,Lian Bichsel,points,rf_qrf_points,0.3.0,empirical_qrf,0.0,0.0,0.0,,3869774966809934574,2026-03-29 22:54:57.070441
2026-03-29,25144,DAL,PHI,30006362,Connor Punnett,points,rf_qrf_points,0.3.0,empirical_qrf,0.0,0.0,0.0,,3869774966809934574,2026-03-29 22:54:57.070441
2026-03-29,25144,DAL,PHI,30006457,Justin Hryckowian,points,rf_qrf_points,0.3.0,empirical_qrf,0.0,0.0,0.0,,3869774966809934574,2026-03-29 22:54:57.070441
2026-03-29,25144,DAL,PHI,30006473,Arttu Hyry,points,rf_qrf_points,0.3.0,empirical_qrf,0.0,0.0,0.0,,3869774966809934574,2026-03-29 22:54:57.070441
2026-03-29,25144,PHI,DAL,30000050,Sean Couturier,points,rf_qrf_points,0.3.0,empirical_qrf,0.0,0.0,0.0,,3869774966809934574,2026-03-29 22:54:57.070441
2026-03-29,25144,PHI,DAL,30000234,Garrett Wilson,points,rf_qrf_points,0.3.0,empirical_qrf,0.0,0.0,0.0,,3869774966809934574,2026-03-29 22:54:57.070441
2026-03-29,25144,PHI,DAL,30000349,Travis Konecny,points,rf_qrf_points,0.3.0,empirical_qrf,0.0,0.0,0.0,,3869774966809934574,2026-03-29 22:54:57.070441
2026-03-29,25144,PHI,DAL,30000624,Travis Sanheim,points,rf_qrf_points,0.3.0,empirical_qrf,0.0,0.0,0.0,,3869774966809934574,2026-03-29 22:54:57.070441
2026-03-29,25144,PHI,DAL,30000844,Luke Glendening,points,rf_qrf_points,0.3.0,empirical_qrf,0.0,0.0,0.0,,3869774966809934574,2026-03-29 22:54:57.070441
2026-03-29,25144,PHI,DAL,30000942,Christian Dvorak,points,rf_qrf_points,0.3.0,empirical_qrf,0.0,0.0,0.0,,3869774966809934574,2026-03-29 22:54:57.070441
2026-03-29,25144,PHI,DAL,30001201,Garnet Hathaway,points,rf_qrf_points,0.3.0,empirical_qrf,0.0,0.0,0.0,,3869774966809934574,2026-03-29 22:54:57.070441
2026-03-29,25144,PHI,DAL,30001294,Rasmus Ristolainen,points,rf_qrf_points,0.3.0,empirical_qrf,0.0,0.0,0.0,,3869774966809934574,2026-03-29 22:54:57.070441
2026-03-29,25144,PHI,DAL,30001312,Noah Juulsen,points,rf_qrf_points,0.3.0,empirical_qrf,0.0,0.0,0.0,,3869774966809934574,2026-03-29 22:54:57.070441
2026-03-29,25144,PHI,DAL,30002786,Dan Vladar,points,rf_qrf_points,0.3.0,empirical_qrf,0.0,0.0,0.0,,3869774966809934574,2026-03-29 22:54:57.070441
2026-03-29,25144,PHI,DAL,30002979,Anthony Richard,points,rf_qrf_points,0.3.0,empirical_qrf,0.0,0.0,0.0,,3869774966809934574,2026-03-29 22:54:57.070441
2026-03-29,25144,PHI,DAL,30003016,Nick Seeler,points,rf_qrf_points,0.3.0,empirical_qrf,0.0,0.0,0.0,,3869774966809934574,2026-03-29 22:54:57.070441
2026-03-29,25144,PHI,DAL,30003167,Boris Katchouk,points,rf_qrf_points,0.3.0,empirical_qrf,0.0,0.0,0.0,,3869774966809934574,2026-03-29 22:54:57.070441
2026-03-29,25144,PHI,DAL,30003171,Carl Grundstrom,points,rf_qrf_points,0.3.0,empirical_qrf,0.0,0.0,0.0,,3869774966809934574,2026-03-29 22:54:57.070441
2026-03-29,25144,PHI,DAL,30003283,Lane Pederson,points,rf_qrf_points,0.3.0,empirical_qrf,0.0,0.0,0.0,,3869774966809934574,2026-03-29 22:54:57.070441
2026-03-29,25144,PHI,DAL,30003500,Rodrigo Abols,points,rf_qrf_points,0.3.0,empirical_qrf,0.0,0.0,0.0,,3869774966809934574,2026-03-29 22:54:57.070441
2026-03-29,25144,PHI,DAL,30003653,Owen Tippett,points,rf_qrf_points,0.3.0,empirical_qrf,0.0,0.0,0.0,,3869774966809934574,2026-03-29 22:54:57.070441
2026-03-29,25144,PHI,DAL,30003733,Keith Petruzzelli,points,rf_qrf_points,0.3.0,empirical_qrf,0.0,0.0,0.0,,3869774966809934574,2026-03-29 22:54:57.070441
2026-03-29,25144,PHI,DAL,30004002,Cooper Marody,points,rf_qrf_points,0.3.0,empirical_qrf,0.0,0.0,0.0,,3869774966809934574,2026-03-29 22:54:57.070441
2026-03-29,25144,PHI,DAL,30004154,Xavier Bernard,points,rf_qrf_points,0.3.0,empirical_qrf,0.0,0.0,0.0,,3869774966809934574,2026-03-29 22:54:57.070441
2026-03-29,25144,PHI,DAL,30004406,Samuel Ersson,points,rf_qrf_points,0.3.0,empirical_qrf,0.0,0.0,0.0,,3869774966809934574,2026-03-29 22:54:57.070441
2026-03-29,25144,PHI,DAL,30004481,Trevor Zegras,points,rf_qrf_points,0.3.0,empirical_qrf,0.0,0.0,0.0,,3869774966809934574,2026-03-29 22:54:57.070441
2026-03-29,25144,PHI,DAL,30004484,Cam York,points,rf_qrf_points,0.3.0,empirical_qrf,0.0,0.0,0.0,,3869774966809934574,2026-03-29 22:54:57.070441
2026-03-29,25144,PHI,DAL,30004488,Philip Tomasino,points,rf_qrf_points,0.3.0,empirical_qrf,0.0,0.0,0.0,,3869774966809934574,2026-03-29 22:54:57.070441
2026-03-29,25144,PHI,DAL,30004800,Jamie Drysdale,points,rf_qrf_points,0.3.0,empirical_qrf,0.0,0.0,0.0,,3869774966809934574,2026-03-29 22:54:57.070441
2026-03-29,25144,PHI,DAL,30004801,Tyson Foerster,points,rf_qrf_points,0.3.0,empirical_qrf,0.0,0.0,0.0,,3869774966809934574,2026-03-29 22:54:57.070441
2026-03-29,25144,PHI,DAL,30004824,Emil Andrae,points,rf_qrf_points,0.3.0,empirical_qrf,0.0,0.0,0.0,,3869774966809934574,2026-03-29 22:54:57.070441
2026-03-29,25144,PHI,DAL,30004839,Helge Grans,points,rf_qrf_points,0.3.0,empirical_qrf,0.0,0.0,0.0,,3869774966809934574,2026-03-29 22:54:57.070441
2026-03-29,25144,PHI,DAL,30005130,Brett Harrison,points,rf_qrf_points,0.3.0,empirical_qrf,0.0,0.0,0.0,,3869774966809934574,2026-03-29 22:54:57.070441
2026-03-29,25144,PHI,DAL,30005234,Vincent Sevigny,points,rf_qrf_points,0.3.0,empirical_qrf,0.0,0.0,0.0,,3869774966809934574,2026-03-29 22:54:57.070441
2026-03-29,25144,PHI,DAL,30005293,Artem Guryev,points,rf_qrf_points,0.3.0,empirical_qrf,0.0,0.0,0.0,,3869774966809934574,2026-03-29 22:54:57.070441
2026-03-29,25144,PHI,DAL,30005397,Noah Cates,points,rf_qrf_points,0.3.0,empirical_qrf,0.0,0.0,0.0,,3869774966809934574,2026-03-29 22:54:57.070441
2026-03-29,25144,PHI,DAL,30005401,Aleksei Kolosov,points,rf_qrf_points,0.3.0,empirical_qrf,0.0,0.0,0.0,,3869774966809934574,2026-03-29 22:54:57.070441
2026-03-29,25144,PHI,DAL,30005612,David Jiricek,points,rf_qrf_points,0.3.0,empirical_qrf,0.0,0.0,0.0,,3869774966809934574,2026-03-29 22:54:57.070441
2026-03-29,25144,PHI,DAL,30005756,Tucker Robertson,points,rf_qrf_points,0.3.0,empirical_qrf,0.0,0.0,0.0,,3869774966809934574,2026-03-29 22:54:57.070441
2026-03-29,25144,PHI,DAL,30005798,Jackson Edward,points,rf_qrf_points,0.3.0,empirical_qrf,0.0,0.0,0.0,,3869774966809934574,2026-03-29 22:54:57.070441
2026-03-29,25144,PHI,DAL,30005890,Alex Bump,points,rf_qrf_points,0.3.0,empirical_qrf,0.0,0.0,0.0,,3869774966809934574,2026-03-29 22:54:57.070441
2026-03-29,25144,PHI,DAL,30005958,Nikita Grebenkin,points,rf_qrf_points,0.3.0,empirical_qrf,0.0,0.0,0.0,,3869774966809934574,2026-03-29 22:54:57.070441
2026-03-29,25144,PHI,DAL,30006045,Yaniv Perets,points,rf_qrf_points,0.3.0,empirical_qrf,0.0,0.0,0.0,,3869774966809934574,2026-03-29 22:54:57.070441
2026-03-29,25144,PHI,DAL,30006061,Matvei Michkov,points,rf_qrf_points,0.3.0,empirical_qrf,0.0,0.0,0.0,,3869774966809934574,2026-03-29 22:54:57.070441
2026-03-29,25144,PHI,DAL,30006075,Oliver Bonk,points,rf_qrf_points,0.3.0,empirical_qrf,0.0,0.0,0.0,,3869774966809934574,2026-03-29 22:54:57.070441
2026-03-29,25144,PHI,DAL,30006100,Carson Bjarnason,points,rf_qrf_points,0.3.0,empirical_qrf,0.0,0.0,0.0,,3869774966809934574,2026-03-29 22:54:57.070441
2026-03-29,25144,PHI,DAL,30006135,Denver Barkey,points,rf_qrf_points,0.3.0,empirical_qrf,0.0,0.0,0.0,,3869774966809934574,2026-03-29 22:54:57.070441
2026-03-29,25145,CHI,NJ,30000182,Ryan Ellis,points,rf_qrf_points,0.3.0,empirical_qrf,0.0,0.0,0.0,,3869774966809934574,2026-03-29 22:54:57.070441
2026-03-29,25145,CHI,NJ,30000585,Andre Burakovsky,points,rf_qrf_points,0.3.0,empirical_qrf,0.0,0.0,0.0,,3869774966809934574,2026-03-29 22:54:57.070441
2026-03-29,25145,CHI,NJ,30000842,Tyler Bertuzzi,points,rf_qrf_points,0.3.0,empirical_qrf,0.0,0.0,0.0,,3869774966809934574,2026-03-29 22:54:57.070441
2026-03-29,25145,CHI,NJ,30000871,Teuvo Teravainen,points,rf_qrf_points,0.3.0,empirical_qrf,0.0,0.0,0.0,,3869774966809934574,2026-03-29 22:54:57.070441
2026-03-29,25145,CHI,NJ,30001060,Shea Weber,points,rf_qrf_points,0.3.0,empirical_qrf,0.0,0.0,0.0,,3869774966809934574,2026-03-29 22:54:57.070441
2026-03-29,25145,CHI,NJ,30001099,Derrick Pouliot,points,rf_qrf_points,0.3.0,empirical_qrf,0.0,0.0,0.0,,3869774966809934574,2026-03-29 22:54:57.070441
2026-03-29,25145,CHI,NJ,30002212,Cavan Fitzgerald,points,rf_qrf_points,0.3.0,empirical_qrf,0.0,0.0,0.0,,3869774966809934574,2026-03-29 22:54:57.070441
2026-03-29,25145,CHI,NJ,30002218,Andrew Mangiapane,points,rf_qrf_points,0.3.0,empirical_qrf,0.0,0.0,0.0,,3869774966809934574,2026-03-29 22:54:57.070441
2026-03-29,25145,CHI,NJ,30002539,Matt Grzelcyk,points,rf_qrf_points,0.3.0,empirical_qrf,0.0,0.0,0.0,,3869774966809934574,2026-03-29 22:54:57.070441
2026-03-29,25145,CHI,NJ,30002588,Ryan Donato,points,rf_qrf_points,0.3.0,empirical_qrf,0.0,0.0,0.0,,3869774966809934574,2026-03-29 22:54:57.070441
2026-03-29,25145,CHI,NJ,30003209,Joey Anderson,points,rf_qrf_points,0.3.0,empirical_qrf,0.0,0.0,0.0,,3869774966809934574,2026-03-29 22:54:57.070441
2026-03-29,25145,CHI,NJ,30003558,Josh Healey,points,rf_qrf_points,0.3.0,empirical_qrf,0.0,0.0,0.0,,3869774966809934574,2026-03-29 22:54:57.070441
2026-03-29,25145,CHI,NJ,30003751,Dominic Toninato,points,rf_qrf_points,0.3.0,empirical_qrf,0.0,0.0,0.0,,3869774966809934574,2026-03-29 22:54:57.070441
2026-03-29,25145,CHI,NJ,30003996,Sam Lafferty,points,rf_qrf_points,0.3.0,empirical_qrf,0.0,0.0,0.0,,3869774966809934574,2026-03-29 22:54:57.070441
2026-03-29,25145,CHI,NJ,30004000,Brett Seney,points,rf_qrf_points,0.3.0,empirical_qrf,0.0,0.0,0.0,,3869774966809934574,2026-03-29 22:54:57.070441
2026-03-29,25145,CHI,NJ,30004158,Olivier Rodrigue,points,rf_qrf_points,0.3.0,empirical_qrf,0.0,0.0,0.0,,3869774966809934574,2026-03-29 22:54:57.070441
2026-03-29,25145,CHI,NJ,30004442,Ilya Mikheyev,points,rf_qrf_points,0.3.0,empirical_qrf,0.0,0.0,0.0,,3869774966809934574,2026-03-29 22:54:57.070441
2026-03-29,25145,CHI,NJ,30004494,Spencer Knight,points,rf_qrf_points,0.3.0,empirical_qrf,0.0,0.0,0.0,,3869774966809934574,2026-03-29 22:54:57.070441
2026-03-29,25145,CHI,NJ,30004507,Alex Vlasic,points,rf_qrf_points,0.3.0,empirical_qrf,0.0,0.0,0.0,,3869774966809934574,2026-03-29 22:54:57.070441
2026-03-29,25145,CHI,NJ,30004650,Louis Crevier,points,rf_qrf_points,0.3.0,empirical_qrf,0.0,0.0,0.0,,3869774966809934574,2026-03-29 22:54:57.070441
2026-03-29,25145,CHI,NJ,30004830,Drew Commesso,points,rf_qrf_points,0.3.0,empirical_qrf,0.0,0.0,0.0,,3869774966809934574,2026-03-29 22:54:57.070441
2026-03-29,25145,CHI,NJ,30004850,Wyatt Kaiser,points,rf_qrf_points,0.3.0,empirical_qrf,0.0,0.0,0.0,,3869774966809934574,2026-03-29 22:54:57.070441
2026-03-29,25145,CHI,NJ,30004875,Landon Slaggert,points,rf_qrf_points,0.3.0,empirical_qrf,0.0,0.0,0.0,,3869774966809934574,2026-03-29 22:54:57.070441
2026-03-29,25145,CHI,NJ,30004946,Jackson Cates,points,rf_qrf_points,0.3.0,empirical_qrf,0.0,0.0,0.0,,3869774966809934574,2026-03-29 22:54:57.070441
2026-03-29,25145,CHI,NJ,30004965,Arvid Soderblom,points,rf_qrf_points,0.3.0,empirical_qrf,0.0,0.0,0.0,,3869774966809934574,2026-03-29 22:54:57.070441
2026-03-29,25145,CHI,NJ,30005052,Dmitry Kuzmin,points,rf_qrf_points,0.3.0,empirical_qrf,0.0,0.0,0.0,,3869774966809934574,2026-03-29 22:54:57.070441
2026-03-29,25145,CHI,NJ,30005131,Ryan Mast,points,rf_qrf_points,0.3.0,empirical_qrf,0.0,0.0,0.0,,3869774966809934574,2026-03-29 22:54:57.070441
2026-03-29,25145,CHI,NJ,30005163,Ethan Del Mastro,points,rf_qrf_points,0.3.0,empirical_qrf,0.0,0.0,0.0,,3869774966809934574,2026-03-29 22:54:57.070441
2026-03-29,25145,CHI,NJ,30005632,Kevin Korchinski,points,rf_qrf_points,0.3.0,empirical_qrf,0.0,0.0,0.0,,3869774966809934574,2026-03-29 22:54:57.070441
2026-03-29,25145,CHI,NJ,30005638,Frank Nazar,points,rf_qrf_points,0.3.0,empirical_qrf,0.0,0.0,0.0,,3869774966809934574,2026-03-29 22:54:57.070441
2026-03-29,25145,CHI,NJ,30005639,Sam Rinzel,points,rf_qrf_points,0.3.0,empirical_qrf,0.0,0.0,0.0,,3869774966809934574,2026-03-29 22:54:57.070441
2026-03-29,25145,CHI,NJ,30005665,Paul Ludwinski,points,rf_qrf_points,0.3.0,empirical_qrf,0.0,0.0,0.0,,3869774966809934574,2026-03-29 22:54:57.070441
2026-03-29,25145,CHI,NJ,30005666,Ryan Greene,points,rf_qrf_points,0.3.0,empirical_qrf,0.0,0.0,0.0,,3869774966809934574,2026-03-29 22:54:57.070441
2026-03-29,25145,CHI,NJ,30005718,Samuel Savoie,points,rf_qrf_points,0.3.0,empirical_qrf,0.0,0.0,0.0,,3869774966809934574,2026-03-29 22:54:57.070441
2026-03-29,25145,CHI,NJ,30005816,Gavin Hayes,points,rf_qrf_points,0.3.0,empirical_qrf,0.0,0.0,0.0,,3869774966809934574,2026-03-29 22:54:57.070441
2026-03-29,25145,CHI,NJ,30005819,Andrew Perrott,points,rf_qrf_points,0.3.0,empirical_qrf,0.0,0.0,0.0,,3869774966809934574,2026-03-29 22:54:57.070441
2026-03-29,25145,CHI,NJ,30005820,Mitchell Weeks,points,rf_qrf_points,0.3.0,empirical_qrf,0.0,0.0,0.0,,3869774966809934574,2026-03-29 22:54:57.070441
2026-03-29,25145,CHI,NJ,30005839,Jake Furlong,points,rf_qrf_points,0.3.0,empirical_qrf,0.0,0.0,0.0,,3869774966809934574,2026-03-29 22:54:57.070441
2026-03-29,25145,CHI,NJ,30006064,Connor Bedard,points,rf_qrf_points,0.3.0,empirical_qrf,0.0,0.0,0.0,,3869774966809934574,2026-03-29 22:54:57.070441
2026-03-29,25145,CHI,NJ,30006077,Oliver Moore,points,rf_qrf_points,0.3.0,empirical_qrf,0.0,0.0,0.0,,3869774966809934574,2026-03-29 22:54:57.070441
2026-03-29,25145,CHI,NJ,30006105,Martin Misiak,points,rf_qrf_points,0.3.0,empirical_qrf,0.0,0.0,0.0,,3869774966809934574,2026-03-29 22:54:57.070441
2026-03-29,25145,CHI,NJ,30006145,Nick Lardis,points,rf_qrf_points,0.3.0,empirical_qrf,0.0,0.0,0.0,,3869774966809934574,2026-03-29 22:54:57.070441
2026-03-29,25145,CHI,NJ,30006279,Sahil Panwar,points,rf_qrf_points,0.3.0,empirical_qrf,0.0,0.0,0.0,,3869774966809934574,2026-03-29 22:54:57.070441
2026-03-29,25145,CHI,NJ,30006312,Joe Carroll,points,rf_qrf_points,0.3.0,empirical_qrf,0.0,0.0,0.0,,3869774966809934574,2026-03-29 22:54:57.070441
2026-03-29,25145,CHI,NJ,30006496,Artyom Levshunov,points,rf_qrf_points,0.3.0,empirical_qrf,0.0,0.0,0.0,,3869774966809934574,2026-03-29 22:54:57.070441
2026-03-29,25145,NJ,CHI,30000070,Dougie Hamilton,points,rf_qrf_points,0.3.0,empirical_qrf,0.0,0.0,0.0,,3869774966809934574,2026-03-29 22:54:57.070441
2026-03-29,25145,NJ,CHI,30000210,Colton White,points,rf_qrf_points,0.3.0,empirical_qrf,0.0,0.0,0.0,,3869774966809934574,2026-03-29 22:54:57.070441
2026-03-29,25145,NJ,CHI,30000225,Nick Bjugstad,points,rf_qrf_points,0.3.0,empirical_qrf,0.0,0.0,0.0,,3869774966809934574,2026-03-29 22:54:57.070441
2026-03-29,25145,NJ,CHI,30000368,Brett Pesce,points,rf_qrf_points,0.3.0,empirical_qrf,0.0,0.0,0.0,,3869774966809934574,2026-03-29 22:54:57.070441
2026-03-29,25145,NJ,CHI,30000491,Connor Brown,points,rf_qrf_points,0.3.0,empirical_qrf,0.0,0.0,0.0,,3869774966809934574,2026-03-29 22:54:57.070441
2026-03-29,25145,NJ,CHI,30000573,Jacob Markstrom,points,rf_qrf_points,0.3.0,empirical_qrf,0.0,0.0,0.0,,3869774966809934574,2026-03-29 22:54:57.070441
2026-03-29,25145,NJ,CHI,30000665,Jake Allen,points,rf_qrf_points,0.3.0,empirical_qrf,0.0,0.0,0.0,,3869774966809934574,2026-03-29 22:54:57.070441
2026-03-29,25145,NJ,CHI,30000886,Stefan Noesen,points,rf_qrf_points,0.3.0,empirical_qrf,0.0,0.0,0.0,,3869774966809934574,2026-03-29 22:54:57.070441
2026-03-29,25145,NJ,CHI,30001108,Jonas Siegenthaler,points,rf_qrf_points,0.3.0,empirical_qrf,0.0,0.0,0.0,,3869774966809934574,2026-03-29 22:54:57.070441
2026-03-29,25145,NJ,CHI,30001225,Brenden Dillon,points,rf_qrf_points,0.3.0,empirical_qrf,0.0,0.0,0.0,,3869774966809934574,2026-03-29 22:54:57.070441
2026-03-29,25145,NJ,CHI,30001226,Timo Meier,points,rf_qrf_points,0.3.0,empirical_qrf,0.0,0.0,0.0,,3869774966809934574,2026-03-29 22:54:57.070441
2026-03-29,25145,NJ,CHI,30001786,Evgenii Dadonov,points,rf_qrf_points,0.3.0,empirical_qrf,0.0,0.0,0.0,,3869774966809934574,2026-03-29 22:54:57.070441
2026-03-29,25145,NJ,CHI,30003154,Dennis Cholowski,points,rf_qrf_points,0.3.0,empirical_qrf,0.0,0.0,0.0,,3869774966809934574,2026-03-29 22:54:57.070441
2026-03-29,25145,NJ,CHI,30003404,Zack MacEwen,points,rf_qrf_points,0.3.0,empirical_qrf,0.0,0.0,0.0,,3869774966809934574,2026-03-29 22:54:57.070441
2026-03-29,25145,NJ,CHI,30003568,Joseph Gambardella,points,rf_qrf_points,0.3.0,empirical_qrf,0.0,0.0,0.0,,3869774966809934574,2026-03-29 22:54:57.070441
2026-03-29,25145,NJ,CHI,30003612,Jesper Bratt,points,rf_qrf_points,0.3.0,empirical_qrf,0.0,0.0,0.0,,3869774966809934574,2026-03-29 22:54:57.070441
2026-03-29,25145,NJ,CHI,30003639,Nico Hischier,points,rf_qrf_points,0.3.0,empirical_qrf,0.0,0.0,0.0,,3869774966809934574,2026-03-29 22:54:57.070441
2026-03-29,25145,NJ,CHI,30003642,Cody Glass,points,rf_qrf_points,0.3.0,empirical_qrf,0.0,0.0,0.0,,3869774966809934574,2026-03-29 22:54:57.070441
2026-03-29,25145,NJ,CHI,30003726,Johnathan Kovacevic,points,rf_qrf_points,0.3.0,empirical_qrf,0.0,0.0,0.0,,3869774966809934574,2026-03-29 22:54:57.070441
2026-03-29,25145,NJ,CHI,30003983,Austin Strand,points,rf_qrf_points,0.3.0,empirical_qrf,0.0,0.0,0.0,,3869774966809934574,2026-03-29 22:54:57.070441
2026-03-29,25145,NJ,CHI,30004112,Calen Addison,points,rf_qrf_points,0.3.0,empirical_qrf,0.0,0.0,0.0,,3869774966809934574,2026-03-29 22:54:57.070441
2026-03-29,25145,NJ,CHI,30004384,Paul Cotter,points,rf_qrf_points,0.3.0,empirical_qrf,0.0,0.0,0.0,,3869774966809934574,2026-03-29 22:54:57.070441
2026-03-29,25145,NJ,CHI,30004470,Jack Hughes,points,rf_qrf_points,0.3.0,empirical_qrf,0.0,0.0,0.0,,3869774966809934574,2026-03-29 22:54:57.070441
2026-03-29,25145,NJ,CHI,30004549,Nathan Legare,points,rf_qrf_points,0.3.0,empirical_qrf,0.0,0.0,0.0,,3869774966809934574,2026-03-29 22:54:57.070441
2026-03-29,25145,NJ,CHI,30004810,Dawson Mercer,points,rf_qrf_points,0.3.0,empirical_qrf,0.0,0.0,0.0,,3869774966809934574,2026-03-29 22:54:57.070441
2026-03-29,25145,NJ,CHI,30004833,Nico Daws,points,rf_qrf_points,0.3.0,empirical_qrf,0.0,0.0,0.0,,3869774966809934574,2026-03-29 22:54:57.070441
2026-03-29,25145,NJ,CHI,30004986,Luke Hughes,points,rf_qrf_points,0.3.0,empirical_qrf,0.0,0.0,0.0,,3869774966809934574,2026-03-29 22:54:57.070441
2026-03-29,25145,NJ,CHI,30005278,Mikael Diotte,points,rf_qrf_points,0.3.0,empirical_qrf,0.0,0.0,0.0,,3869774966809934574,2026-03-29 22:54:57.070441
2026-03-29,25145,NJ,CHI,30005466,Arseniy Gritsyuk,points,rf_qrf_points,0.3.0,empirical_qrf,0.0,0.0,0.0,,3869774966809934574,2026-03-29 22:54:57.070441
2026-03-29,25145,NJ,CHI,30005569,Brian Halonen,points,rf_qrf_points,0.3.0,empirical_qrf,0.0,0.0,0.0,,3869774966809934574,2026-03-29 22:54:57.070441
2026-03-29,25145,NJ,CHI,30005613,Simon Nemec,points,rf_qrf_points,0.3.0,empirical_qrf,0.0,0.0,0.0,,3869774966809934574,2026-03-29 22:54:57.070441
2026-03-29,25145,NJ,CHI,30006099,Lenni Hämmenaho,points,rf_qrf_points,0.3.0,empirical_qrf,0.0,0.0,0.0,,3869774966809934574,2026-03-29 22:54:57.070441
2026-03-29,25145,NJ,CHI,30006223,Jeremy Hanzel,points,rf_qrf_points,0.3.0,empirical_qrf,0.0,0.0,0.0,,3869774966809934574,2026-03-29 22:54:57.070441
2026-03-29,25145,NJ,CHI,30006356,Matyas Melovsky,points,rf_qrf_points,0.3.0,empirical_qrf,0.0,0.0,0.0,,3869774966809934574,2026-03-29 22:54:57.070441
2026-03-29,25145,NJ,CHI,30006475,Maxim Tsyplakov,points,rf_qrf_points,0.3.0,empirical_qrf,0.0,0.0,0.0,,3869774966809934574,2026-03-29 22:54:57.070441
2026-03-29,25140,FLA,NYR,30004489,Nolan Foote,points,rf_qrf_points,0.3.0,empirical_qrf,0.0,0.0,0.0,,3869774966809934574,2026-03-29 22:54:57.070441
2026-03-29,25145,CHI,NJ,30006506,Sacha Boisvert,points,rf_qrf_points,0.3.0,empirical_qrf,0.0,0.0,0.0,,3869774966809934574,2026-03-29 22:54:57.070441
2026-03-29,25140,NYR,FLA,30006132,Drew Fortescue,points,rf_qrf_points,0.3.0,empirical_qrf,0.0,0.0,0.0,,3869774966809934574,2026-03-29 22:54:57.070441
2026-03-29,25145,CHI,NJ,30006858,Anton Frondell,points,rf_qrf_points,0.3.0,empirical_qrf,0.0,0.0,0.0,,3869774966809934574,2026-03-29 22:54:57.070441
2026-03-29,25140,FLA,NYR,30000074,Brad Marchand,goals,rf_qrf_goals,0.3.0,empirical_qrf,0.0,0.0,0.0,,3869774966809934574,2026-03-29 22:54:57.946699
2026-03-29,25140,FLA,NYR,30000201,Keith Kinkaid,goals,rf_qrf_goals,0.3.0,empirical_qrf,0.0,0.0,0.0,,3869774966809934574,2026-03-29 22:54:57.946699
2026-03-29,25140,FLA,NYR,30000228,Aleksander Barkov,goals,rf_qrf_goals,0.3.0,empirical_qrf,0.0,0.0,0.0,,3869774966809934574,2026-03-29 22:54:57.946699
2026-03-29,25140,FLA,NYR,30000232,Dmitry Kulikov,goals,rf_qrf_goals,0.3.0,empirical_qrf,0.0,0.0,0.0,,3869774966809934574,2026-03-29 22:54:57.946699
2026-03-29,25140,FLA,NYR,30000239,Aaron Ekblad,goals,rf_qrf_goals,0.3.0,empirical_qrf,0.0,0.0,0.0,,3869774966809934574,2026-03-29 22:54:57.946699
2026-03-29,25140,FLA,NYR,30000253,Seth Jones,goals,rf_qrf_goals,0.3.0,empirical_qrf,0.0,0.0,0.0,,3869774966809934574,2026-03-29 22:54:57.946699
2026-03-29,25140,FLA,NYR,30000559,Sam Bennett,goals,rf_qrf_goals,0.3.0,empirical_qrf,0.0,0.0,0.0,,3869774966809934574,2026-03-29 22:54:57.946699
2026-03-29,25140,FLA,NYR,30000667,Sergei Bobrovsky,goals,rf_qrf_goals,0.3.0,empirical_qrf,0.0,0.0,0.0,,3869774966809934574,2026-03-29 22:54:57.946699
2026-03-29,25140,FLA,NYR,30000980,Sam Reinhart,goals,rf_qrf_goals,0.3.0,empirical_qrf,0.0,0.0,0.0,,3869774966809934574,2026-03-29 22:54:57.946699
2026-03-29,25140,FLA,NYR,30000981,Evan Rodrigues,goals,rf_qrf_goals,0.3.0,empirical_qrf,0.0,0.0,0.0,,3869774966809934574,2026-03-29 22:54:57.946699
2026-03-29,25140,FLA,NYR,30001013,Vinnie Hinostroza,goals,rf_qrf_goals,0.3.0,empirical_qrf,0.0,0.0,0.0,,3869774966809934574,2026-03-29 22:54:57.946699
2026-03-29,25140,FLA,NYR,30001035,Tomás Nosek,goals,rf_qrf_goals,0.3.0,empirical_qrf,0.0,0.0,0.0,,3869774966809934574,2026-03-29 22:54:57.946699
2026-03-29,25140,FLA,NYR,30001159,Carter Verhaeghe,goals,rf_qrf_goals,0.3.0,empirical_qrf,0.0,0.0,0.0,,3869774966809934574,2026-03-29 22:54:57.946699
2026-03-29,25140,FLA,NYR,30001387,Niko Mikkola,goals,rf_qrf_goals,0.3.0,empirical_qrf,0.0,0.0,0.0,,3869774966809934574,2026-03-29 22:54:57.946699
2026-03-29,25140,FLA,NYR,30001448,Daniil Tarasov,goals,rf_qrf_goals,0.3.0,empirical_qrf,0.0,0.0,0.0,,3869774966809934574,2026-03-29 22:54:57.946699
2026-03-29,25140,FLA,NYR,30002069,Nathan Smith,goals,rf_qrf_goals,0.3.0,empirical_qrf,0.0,0.0,0.0,,3869774966809934574,2026-03-29 22:54:57.946699
2026-03-29,25140,FLA,NYR,30002758,Gustav Forsling,goals,rf_qrf_goals,0.3.0,empirical_qrf,0.0,0.0,0.0,,3869774966809934574,2026-03-29 22:54:57.946699
2026-03-29,25140,FLA,NYR,30002796,Mitchell Vande Sompel,goals,rf_qrf_goals,0.3.0,empirical_qrf,0.0,0.0,0.0,,3869774966809934574,2026-03-29 22:54:57.946699
2026-03-29,25140,FLA,NYR,30002839,A.J. Greer,goals,rf_qrf_goals,0.3.0,empirical_qrf,0.0,0.0,0.0,,3869774966809934574,2026-03-29 22:54:57.946699
2026-03-29,25140,FLA,NYR,30003077,Tyler Motte,goals,rf_qrf_goals,0.3.0,empirical_qrf,0.0,0.0,0.0,,3869774966809934574,2026-03-29 22:54:57.946699
2026-03-29,25140,FLA,NYR,30003134,Matthew Tkachuk,goals,rf_qrf_goals,0.3.0,empirical_qrf,0.0,0.0,0.0,,3869774966809934574,2026-03-29 22:54:57.946699
2026-03-29,25140,FLA,NYR,30003150,Luke Kunin,goals,rf_qrf_goals,0.3.0,empirical_qrf,0.0,0.0,0.0,,3869774966809934574,2026-03-29 22:54:57.946699
2026-03-29,25140,FLA,NYR,30003322,Noah Gregor,goals,rf_qrf_goals,0.3.0,empirical_qrf,0.0,0.0,0.0,,3869774966809934574,2026-03-29 22:54:57.946699
2026-03-29,25140,FLA,NYR,30003468,Evan Cormier,goals,rf_qrf_goals,0.3.0,empirical_qrf,0.0,0.0,0.0,,3869774966809934574,2026-03-29 22:54:57.946699
2026-03-29,25140,FLA,NYR,30003671,Jack Studnicka,goals,rf_qrf_goals,0.3.0,empirical_qrf,0.0,0.0,0.0,,3869774966809934574,2026-03-29 22:54:57.946699
2026-03-29,25140,FLA,NYR,30003681,Eetu Luostarinen,goals,rf_qrf_goals,0.3.0,empirical_qrf,0.0,0.0,0.0,,3869774966809934574,2026-03-29 22:54:57.946699
2026-03-29,25140,FLA,NYR,30003683,Jesper Boqvist,goals,rf_qrf_goals,0.3.0,empirical_qrf,0.0,0.0,0.0,,3869774966809934574,2026-03-29 22:54:57.946699
2026-03-29,25140,FLA,NYR,30003694,Jonah Gadjovich,goals,rf_qrf_goals,0.3.0,empirical_qrf,0.0,0.0,0.0,,3869774966809934574,2026-03-29 22:54:57.946699
2026-03-29,25140,FLA,NYR,30004088,Jay O'Brien,goals,rf_qrf_goals,0.3.0,empirical_qrf,0.0,0.0,0.0,,3869774966809934574,2026-03-29 22:54:57.946699
2026-03-29,25140,FLA,NYR,30004497,Tobias Bjornfot,goals,rf_qrf_goals,0.3.0,empirical_qrf,0.0,0.0,0.0,,3869774966809934574,2026-03-29 22:54:57.946699
2026-03-29,25140,FLA,NYR,30004517,Robert Mastrosimone,goals,rf_qrf_goals,0.3.0,empirical_qrf,0.0,0.0,0.0,,3869774966809934574,2026-03-29 22:54:57.946699
2026-03-29,25140,FLA,NYR,30004574,Cole Schwindt,goals,rf_qrf_goals,0.3.0,empirical_qrf,0.0,0.0,0.0,,3869774966809934574,2026-03-29 22:54:57.946699
2026-03-29,25140,FLA,NYR,30004809,Anton Lundell,goals,rf_qrf_goals,0.3.0,empirical_qrf,0.0,0.0,0.0,,3869774966809934574,2026-03-29 22:54:57.946699
2026-03-29,25140,FLA,NYR,30004873,Donovan Sebrango,goals,rf_qrf_goals,0.3.0,empirical_qrf,0.0,0.0,0.0,,3869774966809934574,2026-03-29 22:54:57.946699
2026-03-29,25140,FLA,NYR,30004886,Michael Benning,goals,rf_qrf_goals,0.3.0,empirical_qrf,0.0,0.0,0.0,,3869774966809934574,2026-03-29 22:54:57.946699
2026-03-29,25140,FLA,NYR,30004947,Cole Reinhardt,goals,rf_qrf_goals,0.3.0,empirical_qrf,0.0,0.0,0.0,,3869774966809934574,2026-03-29 22:54:57.946699
2026-03-29,25140,FLA,NYR,30005000,Mackie Samoskevich,goals,rf_qrf_goals,0.3.0,empirical_qrf,0.0,0.0,0.0,,3869774966809934574,2026-03-29 22:54:57.946699
2026-03-29,25140,FLA,NYR,30005025,Evan Nause,goals,rf_qrf_goals,0.3.0,empirical_qrf,0.0,0.0,0.0,,3869774966809934574,2026-03-29 22:54:57.946699
2026-03-29,25140,FLA,NYR,30005215,Cole Krygier,goals,rf_qrf_goals,0.3.0,empirical_qrf,0.0,0.0,0.0,,3869774966809934574,2026-03-29 22:54:57.946699
2026-03-29,25140,FLA,NYR,30005556,Mack Guzda,goals,rf_qrf_goals,0.3.0,empirical_qrf,0.0,0.0,0.0,,3869774966809934574,2026-03-29 22:54:57.946699
2026-03-29,25140,FLA,NYR,30005598,Mitchell Russell,goals,rf_qrf_goals,0.3.0,empirical_qrf,0.0,0.0,0.0,,3869774966809934574,2026-03-29 22:54:57.946699
2026-03-29,25140,FLA,NYR,30005723,Marek Alscher,goals,rf_qrf_goals,0.3.0,empirical_qrf,0.0,0.0,0.0,,3869774966809934574,2026-03-29 22:54:57.946699
2026-03-29,25140,FLA,NYR,30005849,Kai Schwindt,goals,rf_qrf_goals,0.3.0,empirical_qrf,0.0,0.0,0.0,,3869774966809934574,2026-03-29 22:54:57.946699
2026-03-29,25140,FLA,NYR,30005850,Sandis Vilmanis,goals,rf_qrf_goals,0.3.0,empirical_qrf,0.0,0.0,0.0,,3869774966809934574,2026-03-29 22:54:57.946699
2026-03-29,25140,FLA,NYR,30006034,Jake Livingstone,goals,rf_qrf_goals,0.3.0,empirical_qrf,0.0,0.0,0.0,,3869774966809934574,2026-03-29 22:54:57.946699
2026-03-29,25140,FLA,NYR,30006040,Ryan McAllister,goals,rf_qrf_goals,0.3.0,empirical_qrf,0.0,0.0,0.0,,3869774966809934574,2026-03-29 22:54:57.946699
2026-03-29,25140,FLA,NYR,30006048,Uvis Balinskis,goals,rf_qrf_goals,0.3.0,empirical_qrf,0.0,0.0,0.0,,3869774966809934574,2026-03-29 22:54:57.946699
2026-03-29,25140,FLA,NYR,30006097,Gracyn Sawchyn,goals,rf_qrf_goals,0.3.0,empirical_qrf,0.0,0.0,0.0,,3869774966809934574,2026-03-29 22:54:57.946699
2026-03-29,25140,FLA,NYR,30006326,Michael Simpson,goals,rf_qrf_goals,0.3.0,empirical_qrf,0.0,0.0,0.0,,3869774966809934574,2026-03-29 22:54:57.946699
2026-03-29,25140,FLA,NYR,30006394,Graham McPhee,goals,rf_qrf_goals,0.3.0,empirical_qrf,0.0,0.0,0.0,,3869774966809934574,2026-03-29 22:54:57.946699
2026-03-29,25140,NYR,FLA,30000123,Jonathan Quick,goals,rf_qrf_goals,0.3.0,empirical_qrf,0.0,0.0,0.0,,3869774966809934574,2026-03-29 22:54:57.946699
2026-03-29,25140,NYR,FLA,30000226,Vincent Trocheck,goals,rf_qrf_goals,0.3.0,empirical_qrf,0.0,0.0,0.0,,3869774966809934574,2026-03-29 22:54:57.946699
2026-03-29,25140,NYR,FLA,30000410,Conor Sheary,goals,rf_qrf_goals,0.3.0,empirical_qrf,0.0,0.0,0.0,,3869774966809934574,2026-03-29 22:54:57.946699
2026-03-29,25140,NYR,FLA,30000467,Mika Zibanejad,goals,rf_qrf_goals,0.3.0,empirical_qrf,0.0,0.0,0.0,,3869774966809934574,2026-03-29 22:54:57.946699
2026-03-29,25140,NYR,FLA,30000599,Anton Blidh,goals,rf_qrf_goals,0.3.0,empirical_qrf,0.0,0.0,0.0,,3869774966809934574,2026-03-29 22:54:57.946699
2026-03-29,25140,NYR,FLA,30000617,J.T. Miller,goals,rf_qrf_goals,0.3.0,empirical_qrf,0.0,0.0,0.0,,3869774966809934574,2026-03-29 22:54:57.946699
2026-03-29,25140,NYR,FLA,30001251,Justin Dowling,goals,rf_qrf_goals,0.3.0,empirical_qrf,0.0,0.0,0.0,,3869774966809934574,2026-03-29 22:54:57.946699
2026-03-29,25140,NYR,FLA,30002524,Spencer Martin,goals,rf_qrf_goals,0.3.0,empirical_qrf,0.0,0.0,0.0,,3869774966809934574,2026-03-29 22:54:57.946699
2026-03-29,25140,NYR,FLA,30002967,Jonny Brodzinski,goals,rf_qrf_goals,0.3.0,empirical_qrf,0.0,0.0,0.0,,3869774966809934574,2026-03-29 22:54:57.946699
2026-03-29,25140,NYR,FLA,30002999,Igor Shesterkin,goals,rf_qrf_goals,0.3.0,empirical_qrf,0.0,0.0,0.0,,3869774966809934574,2026-03-29 22:54:57.946699
2026-03-29,25140,NYR,FLA,30003170,Taylor Raddysh,goals,rf_qrf_goals,0.3.0,empirical_qrf,0.0,0.0,0.0,,3869774966809934574,2026-03-29 22:54:57.946699
2026-03-29,25140,NYR,FLA,30003194,Adam Fox,goals,rf_qrf_goals,0.3.0,empirical_qrf,0.0,0.0,0.0,,3869774966809934574,2026-03-29 22:54:57.946699
2026-03-29,25140,NYR,FLA,30003202,Casey Fitzgerald,goals,rf_qrf_goals,0.3.0,empirical_qrf,0.0,0.0,0.0,,3869774966809934574,2026-03-29 22:54:57.946699
2026-03-29,25140,NYR,FLA,30003649,Urho Vaakanainen,goals,rf_qrf_goals,0.3.0,empirical_qrf,0.0,0.0,0.0,,3869774966809934574,2026-03-29 22:54:57.946699
2026-03-29,25140,NYR,FLA,30003743,Will Borgen,goals,rf_qrf_goals,0.3.0,empirical_qrf,0.0,0.0,0.0,,3869774966809934574,2026-03-29 22:54:57.946699
2026-03-29,25140,NYR,FLA,30003952,Blake Hillman,goals,rf_qrf_goals,0.3.0,empirical_qrf,0.0,0.0,0.0,,3869774966809934574,2026-03-29 22:54:57.946699
2026-03-29,25140,NYR,FLA,30004430,Vladislav Gavrikov,goals,rf_qrf_goals,0.3.0,empirical_qrf,0.0,0.0,0.0,,3869774966809934574,2026-03-29 22:54:57.946699
2026-03-29,25140,NYR,FLA,30004504,Matthew Robertson,goals,rf_qrf_goals,0.3.0,empirical_qrf,0.0,0.0,0.0,,3869774966809934574,2026-03-29 22:54:57.946699
2026-03-29,25140,NYR,FLA,30004749,Connor Mackey,goals,rf_qrf_goals,0.3.0,empirical_qrf,0.0,0.0,0.0,,3869774966809934574,2026-03-29 22:54:57.946699
2026-03-29,25140,NYR,FLA,30004797,Brendan Brisson,goals,rf_qrf_goals,0.3.0,empirical_qrf,0.0,0.0,0.0,,3869774966809934574,2026-03-29 22:54:57.946699
2026-03-29,25140,NYR,FLA,30004807,Alexis Lafrenière,goals,rf_qrf_goals,0.3.0,empirical_qrf,0.0,0.0,0.0,,3869774966809934574,2026-03-29 22:54:57.946699
2026-03-29,25140,NYR,FLA,30004820,Braden Schneider,goals,rf_qrf_goals,0.3.0,empirical_qrf,0.0,0.0,0.0,,3869774966809934574,2026-03-29 22:54:57.946699
2026-03-29,25140,NYR,FLA,30004832,Will Cuylle,goals,rf_qrf_goals,0.3.0,empirical_qrf,0.0,0.0,0.0,,3869774966809934574,2026-03-29 22:54:57.946699
2026-03-29,25140,NYR,FLA,30004887,Brett Berard,goals,rf_qrf_goals,0.3.0,empirical_qrf,0.0,0.0,0.0,,3869774966809934574,2026-03-29 22:54:57.946699
2026-03-29,25140,NYR,FLA,30004896,Dylan Garand,goals,rf_qrf_goals,0.3.0,empirical_qrf,0.0,0.0,0.0,,3869774966809934574,2026-03-29 22:54:57.946699
2026-03-29,25140,NYR,FLA,30004968,Juuso Parssinen,goals,rf_qrf_goals,0.3.0,empirical_qrf,0.0,0.0,0.0,,3869774966809934574,2026-03-29 22:54:57.946699
2026-03-29,25140,NYR,FLA,30005014,Scott Morrow,goals,rf_qrf_goals,0.3.0,empirical_qrf,0.0,0.0,0.0,,3869774966809934574,2026-03-29 22:54:57.946699
2026-03-29,25140,NYR,FLA,30005031,Vincent Iorio,goals,rf_qrf_goals,0.3.0,empirical_qrf,0.0,0.0,0.0,,3869774966809934574,2026-03-29 22:54:57.946699
2026-03-29,25140,NYR,FLA,30005069,Christopher Merisier-Ortiz,goals,rf_qrf_goals,0.3.0,empirical_qrf,0.0,0.0,0.0,,3869774966809934574,2026-03-29 22:54:57.946699
2026-03-29,25140,NYR,FLA,30005183,Matt Rempe,goals,rf_qrf_goals,0.3.0,empirical_qrf,0.0,0.0,0.0,,3869774966809934574,2026-03-29 22:54:57.946699
2026-03-29,25140,NYR,FLA,30005223,Kyle Jackson,goals,rf_qrf_goals,0.3.0,empirical_qrf,0.0,0.0,0.0,,3869774966809934574,2026-03-29 22:54:57.946699
2026-03-29,25140,NYR,FLA,30005252,Adam Edstrom,goals,rf_qrf_goals,0.3.0,empirical_qrf,0.0,0.0,0.0,,3869774966809934574,2026-03-29 22:54:57.946699
2026-03-29,25140,NYR,FLA,30005266,Jaroslav Chmelar,goals,rf_qrf_goals,0.3.0,empirical_qrf,0.0,0.0,0.0,,3869774966809934574,2026-03-29 22:54:57.946699
2026-03-29,25140,NYR,FLA,30005336,Tye Kartye,goals,rf_qrf_goals,0.3.0,empirical_qrf,0.0,0.0,0.0,,3869774966809934574,2026-03-29 22:54:57.946699
2026-03-29,25140,NYR,FLA,30005563,Brandon Scanlin,goals,rf_qrf_goals,0.3.0,empirical_qrf,0.0,0.0,0.0,,3869774966809934574,2026-03-29 22:54:57.946699
2026-03-29,25140,NYR,FLA,30005662,Adam Sykora,goals,rf_qrf_goals,0.3.0,empirical_qrf,0.0,0.0,0.0,,3869774966809934574,2026-03-29 22:54:57.946699
2026-03-29,25140,NYR,FLA,30005686,Bryce McConnell-Barker,goals,rf_qrf_goals,0.3.0,empirical_qrf,0.0,0.0,0.0,,3869774966809934574,2026-03-29 22:54:57.946699
2026-03-29,25140,NYR,FLA,30005883,Noah Laba,goals,rf_qrf_goals,0.3.0,empirical_qrf,0.0,0.0,0.0,,3869774966809934574,2026-03-29 22:54:57.946699
2026-03-29,25140,NYR,FLA,30006074,Gabe Perreault,goals,rf_qrf_goals,0.3.0,empirical_qrf,0.0,0.0,0.0,,3869774966809934574,2026-03-29 22:54:57.946699
2026-03-29,25140,NYR,FLA,30006118,Carey Terrance,goals,rf_qrf_goals,0.3.0,empirical_qrf,0.0,0.0,0.0,,3869774966809934574,2026-03-29 22:54:57.946699
2026-03-29,25140,NYR,FLA,30006174,Dylan Roobroeck,goals,rf_qrf_goals,0.3.0,empirical_qrf,0.0,0.0,0.0,,3869774966809934574,2026-03-29 22:54:57.946699
2026-03-29,25140,NYR,FLA,30006331,Brett Budgell,goals,rf_qrf_goals,0.3.0,empirical_qrf,0.0,0.0,0.0,,3869774966809934574,2026-03-29 22:54:57.946699
2026-03-29,25141,BOS,CBJ,30000245,Viktor Arvidsson,goals,rf_qrf_goals,0.3.0,empirical_qrf,0.0,0.0,0.0,,3869774966809934574,2026-03-29 22:54:57.946699
2026-03-29,25141,BOS,CBJ,30000393,Joonas Korpisalo,goals,rf_qrf_goals,0.3.0,empirical_qrf,0.0,0.0,0.0,,3869774966809934574,2026-03-29 22:54:57.946699
2026-03-29,25141,BOS,CBJ,30000607,David Pastrnak,goals,rf_qrf_goals,0.3.0,empirical_qrf,0.0,0.0,0.0,,3869774966809934574,2026-03-29 22:54:57.946699
2026-03-29,25141,BOS,CBJ,30000630,Patrick Brown,goals,rf_qrf_goals,0.3.0,empirical_qrf,0.0,0.0,0.0,,3869774966809934574,2026-03-29 22:54:57.946699
2026-03-29,25141,BOS,CBJ,30000636,Elias Lindholm,goals,rf_qrf_goals,0.3.0,empirical_qrf,0.0,0.0,0.0,,3869774966809934574,2026-03-29 22:54:57.946699
2026-03-29,25141,BOS,CBJ,30000909,Nikita Zadorov,goals,rf_qrf_goals,0.3.0,empirical_qrf,0.0,0.0,0.0,,3869774966809934574,2026-03-29 22:54:57.946699
2026-03-29,25141,BOS,CBJ,30000995,Pavel Zacha,goals,rf_qrf_goals,0.3.0,empirical_qrf,0.0,0.0,0.0,,3869774966809934574,2026-03-29 22:54:57.946699
2026-03-29,25141,BOS,CBJ,30001264,Hampus Lindholm,goals,rf_qrf_goals,0.3.0,empirical_qrf,0.0,0.0,0.0,,3869774966809934574,2026-03-29 22:54:57.946699
2026-03-29,25141,BOS,CBJ,30002853,Sean Kuraly,goals,rf_qrf_goals,0.3.0,empirical_qrf,0.0,0.0,0.0,,3869774966809934574,2026-03-29 22:54:57.946699
2026-03-29,25141,BOS,CBJ,30003020,Kasimir Kaskisuo,goals,rf_qrf_goals,0.3.0,empirical_qrf,0.0,0.0,0.0,,3869774966809934574,2026-03-29 22:54:57.946699
2026-03-29,25141,BOS,CBJ,30003147,Charlie McAvoy,goals,rf_qrf_goals,0.3.0,empirical_qrf,0.0,0.0,0.0,,3869774966809934574,2026-03-29 22:54:57.946699
2026-03-29,25141,BOS,CBJ,30003151,Riley Tufte,goals,rf_qrf_goals,0.3.0,empirical_qrf,0.0,0.0,0.0,,3869774966809934574,2026-03-29 22:54:57.946699
2026-03-29,25141,BOS,CBJ,30003185,Andrew Peeke,goals,rf_qrf_goals,0.3.0,empirical_qrf,0.0,0.0,0.0,,3869774966809934574,2026-03-29 22:54:57.946699
2026-03-29,25141,BOS,CBJ,30003442,Tanner Jeannot,goals,rf_qrf_goals,0.3.0,empirical_qrf,0.0,0.0,0.0,,3869774966809934574,2026-03-29 22:54:57.946699
2026-03-29,25141,BOS,CBJ,30003581,Shane Starrett,goals,rf_qrf_goals,0.3.0,empirical_qrf,0.0,0.0,0.0,,3869774966809934574,2026-03-29 22:54:57.946699
2026-03-29,25141,BOS,CBJ,30003643,Casey Mittelstadt,goals,rf_qrf_goals,0.3.0,empirical_qrf,0.0,0.0,0.0,,3869774966809934574,2026-03-29 22:54:57.946699
2026-03-29,25141,BOS,CBJ,30003657,Henri Jokiharju,goals,rf_qrf_goals,0.3.0,empirical_qrf,0.0,0.0,0.0,,3869774966809934574,2026-03-29 22:54:57.946699
2026-03-29,25141,BOS,CBJ,30003704,Morgan Geekie,goals,rf_qrf_goals,0.3.0,empirical_qrf,0.0,0.0,0.0,,3869774966809934574,2026-03-29 22:54:57.946699
2026-03-29,25141,BOS,CBJ,30003714,Michael DiPietro,goals,rf_qrf_goals,0.3.0,empirical_qrf,0.0,0.0,0.0,,3869774966809934574,2026-03-29 22:54:57.946699
2026-03-29,25141,BOS,CBJ,30003890,Mikey Eyssimont,goals,rf_qrf_goals,0.3.0,empirical_qrf,0.0,0.0,0.0,,3869774966809934574,2026-03-29 22:54:57.946699
2026-03-29,25141,BOS,CBJ,30003912,Mark Kastelic,goals,rf_qrf_goals,0.3.0,empirical_qrf,0.0,0.0,0.0,,3869774966809934574,2026-03-29 22:54:57.946699
2026-03-29,25141,BOS,CBJ,30003991,Jeremy Swayman,goals,rf_qrf_goals,0.3.0,empirical_qrf,0.0,0.0,0.0,,3869774966809934574,2026-03-29 22:54:57.946699
2026-03-29,25141,BOS,CBJ,30004166,Jordan Harris,goals,rf_qrf_goals,0.3.0,empirical_qrf,0.0,0.0,0.0,,3869774966809934574,2026-03-29 22:54:57.946699
2026-03-29,25141,BOS,CBJ,30004281,Jonathan Aspirot,goals,rf_qrf_goals,0.3.0,empirical_qrf,0.0,0.0,0.0,,3869774966809934574,2026-03-29 22:54:57.946699
2026-03-29,25141,BOS,CBJ,30004477,Victor Soderstrom,goals,rf_qrf_goals,0.3.0,empirical_qrf,0.0,0.0,0.0,,3869774966809934574,2026-03-29 22:54:57.946699
2026-03-29,25141,BOS,CBJ,30004513,John Farinacci,goals,rf_qrf_goals,0.3.0,empirical_qrf,0.0,0.0,0.0,,3869774966809934574,2026-03-29 22:54:57.946699
2026-03-29,25141,BOS,CBJ,30004640,Francois Brassard,goals,rf_qrf_goals,0.3.0,empirical_qrf,0.0,0.0,0.0,,3869774966809934574,2026-03-29 22:54:57.946699
2026-03-29,25141,BOS,CBJ,30004817,Lukas Reichel,goals,rf_qrf_goals,0.3.0,empirical_qrf,0.0,0.0,0.0,,3869774966809934574,2026-03-29 22:54:57.946699
2026-03-29,25141,BOS,CBJ,30004851,Marat Khusnutdinov,goals,rf_qrf_goals,0.3.0,empirical_qrf,0.0,0.0,0.0,,3869774966809934574,2026-03-29 22:54:57.946699
2026-03-29,25141,BOS,CBJ,30004858,Mason Lohrei,goals,rf_qrf_goals,0.3.0,empirical_qrf,0.0,0.0,0.0,,3869774966809934574,2026-03-29 22:54:57.946699
2026-03-29,25141,BOS,CBJ,30004929,Alex Steeves,goals,rf_qrf_goals,0.3.0,empirical_qrf,0.0,0.0,0.0,,3869774966809934574,2026-03-29 22:54:57.946699
2026-03-29,25141,BOS,CBJ,30004998,Fabian Lysell,goals,rf_qrf_goals,0.3.0,empirical_qrf,0.0,0.0,0.0,,3869774966809934574,2026-03-29 22:54:57.946699
2026-03-29,25141,BOS,CBJ,30005090,Navrin Mutter,goals,rf_qrf_goals,0.3.0,empirical_qrf,0.0,0.0,0.0,,3869774966809934574,2026-03-29 22:54:57.946699
2026-03-29,25141,BOS,CBJ,30005092,Billy Sweezey,goals,rf_qrf_goals,0.3.0,empirical_qrf,0.0,0.0,0.0,,3869774966809934574,2026-03-29 22:54:57.946699
2026-03-29,25141,BOS,CBJ,30005170,Maximus Wanner,goals,rf_qrf_goals,0.3.0,empirical_qrf,0.0,0.0,0.0,,3869774966809934574,2026-03-29 22:54:57.946699
2026-03-29,25141,BOS,CBJ,30005341,Shawn Element,goals,rf_qrf_goals,0.3.0,empirical_qrf,0.0,0.0,0.0,,3869774966809934574,2026-03-29 22:54:57.946699
2026-03-29,25141,BOS,CBJ,30005367,Michael Callahan,goals,rf_qrf_goals,0.3.0,empirical_qrf,0.0,0.0,0.0,,3869774966809934574,2026-03-29 22:54:57.946699
2026-03-29,25141,BOS,CBJ,30005580,Georgi Merkulov,goals,rf_qrf_goals,0.3.0,empirical_qrf,0.0,0.0,0.0,,3869774966809934574,2026-03-29 22:54:57.946699
2026-03-29,25141,BOS,CBJ,30005651,Matthew Poitras,goals,rf_qrf_goals,0.3.0,empirical_qrf,0.0,0.0,0.0,,3869774966809934574,2026-03-29 22:54:57.946699
2026-03-29,25141,BOS,CBJ,30005658,Fraser Minten,goals,rf_qrf_goals,0.3.0,empirical_qrf,0.0,0.0,0.0,,3869774966809934574,2026-03-29 22:54:57.946699
2026-03-29,25141,BOS,CBJ,30005749,Nolan Maier,goals,rf_qrf_goals,0.3.0,empirical_qrf,0.0,0.0,0.0,,3869774966809934574,2026-03-29 22:54:57.946699
2026-03-29,25141,BOS,CBJ,30005760,Joseph Abate,goals,rf_qrf_goals,0.3.0,empirical_qrf,0.0,0.0,0.0,,3869774966809934574,2026-03-29 22:54:57.946699
2026-03-29,25141,BOS,CBJ,30005797,Frederic Brunet,goals,rf_qrf_goals,0.3.0,empirical_qrf,0.0,0.0,0.0,,3869774966809934574,2026-03-29 22:54:57.946699
2026-03-29,25141,BOS,CBJ,30006392,Luke Cavallin,goals,rf_qrf_goals,0.3.0,empirical_qrf,0.0,0.0,0.0,,3869774966809934574,2026-03-29 22:54:57.946699
2026-03-29,25141,CBJ,BOS,30000115,Sean Monahan,goals,rf_qrf_goals,0.3.0,empirical_qrf,0.0,0.0,0.0,,3869774966809934574,2026-03-29 22:54:57.946699
2026-03-29,25141,CBJ,BOS,30000207,Damon Severson,goals,rf_qrf_goals,0.3.0,empirical_qrf,0.0,0.0,0.0,,3869774966809934574,2026-03-29 22:54:57.946699
2026-03-29,25141,CBJ,BOS,30000233,Erik Gudbranson,goals,rf_qrf_goals,0.3.0,empirical_qrf,0.0,0.0,0.0,,3869774966809934574,2026-03-29 22:54:57.946699
2026-03-29,25141,CBJ,BOS,30000623,Ivan Provorov,goals,rf_qrf_goals,0.3.0,empirical_qrf,0.0,0.0,0.0,,3869774966809934574,2026-03-29 22:54:57.946699
2026-03-29,25141,CBJ,BOS,30000778,Boone Jenner,goals,rf_qrf_goals,0.3.0,empirical_qrf,0.0,0.0,0.0,,3869774966809934574,2026-03-29 22:54:57.946699
2026-03-29,25141,CBJ,BOS,30000805,Charlie Coyle,goals,rf_qrf_goals,0.3.0,empirical_qrf,0.0,0.0,0.0,,3869774966809934574,2026-03-29 22:54:57.946699
2026-03-29,25141,CBJ,BOS,30000855,Brendan Smith,goals,rf_qrf_goals,0.3.0,empirical_qrf,0.0,0.0,0.0,,3869774966809934574,2026-03-29 22:54:57.946699
2026-03-29,25141,CBJ,BOS,30001196,Brendan Gaunce,goals,rf_qrf_goals,0.3.0,empirical_qrf,0.0,0.0,0.0,,3869774966809934574,2026-03-29 22:54:57.946699
2026-03-29,25141,CBJ,BOS,30002223,Mason Marchment,goals,rf_qrf_goals,0.3.0,empirical_qrf,0.0,0.0,0.0,,3869774966809934574,2026-03-29 22:54:57.946699
2026-03-29,25141,CBJ,BOS,30002554,Hudson Fasching,goals,rf_qrf_goals,0.3.0,empirical_qrf,0.0,0.0,0.0,,3869774966809934574,2026-03-29 22:54:57.946699
2026-03-29,25141,CBJ,BOS,30002593,Dysin Mayo,goals,rf_qrf_goals,0.3.0,empirical_qrf,0.0,0.0,0.0,,3869774966809934574,2026-03-29 22:54:57.946699
2026-03-29,25141,CBJ,BOS,30002616,Elvis Merzlikins,goals,rf_qrf_goals,0.3.0,empirical_qrf,0.0,0.0,0.0,,3869774966809934574,2026-03-29 22:54:57.946699
2026-03-29,25141,CBJ,BOS,30002631,Danton Heinen,goals,rf_qrf_goals,0.3.0,empirical_qrf,0.0,0.0,0.0,,3869774966809934574,2026-03-29 22:54:57.946699
2026-03-29,25141,CBJ,BOS,30002770,Zach Werenski,goals,rf_qrf_goals,0.3.0,empirical_qrf,0.0,0.0,0.0,,3869774966809934574,2026-03-29 22:54:57.946699
2026-03-29,25141,CBJ,BOS,30002876,Conor Garland,goals,rf_qrf_goals,0.3.0,empirical_qrf,0.0,0.0,0.0,,3869774966809934574,2026-03-29 22:54:57.946699
2026-03-29,25141,CBJ,BOS,30003079,Miles Wood,goals,rf_qrf_goals,0.3.0,empirical_qrf,0.0,0.0,0.0,,3869774966809934574,2026-03-29 22:54:57.946699
2026-03-29,25141,CBJ,BOS,30003146,Dante Fabbro,goals,rf_qrf_goals,0.3.0,empirical_qrf,0.0,0.0,0.0,,3869774966809934574,2026-03-29 22:54:57.946699
2026-03-29,25141,CBJ,BOS,30003267,Mathieu Olivier,goals,rf_qrf_goals,0.3.0,empirical_qrf,0.0,0.0,0.0,,3869774966809934574,2026-03-29 22:54:57.946699
2026-03-29,25141,CBJ,BOS,30003269,Zach Sawchenko,goals,rf_qrf_goals,0.3.0,empirical_qrf,0.0,0.0,0.0,,3869774966809934574,2026-03-29 22:54:57.946699
2026-03-29,25141,CBJ,BOS,30003549,Zachary Aston-Reese,goals,rf_qrf_goals,0.3.0,empirical_qrf,0.0,0.0,0.0,,3869774966809934574,2026-03-29 22:54:57.946699
2026-03-29,25141,CBJ,BOS,30004097,Isac Lundestrom,goals,rf_qrf_goals,0.3.0,empirical_qrf,0.0,0.0,0.0,,3869774966809934574,2026-03-29 22:54:57.946699
2026-03-29,25141,CBJ,BOS,30004135,Kirill Marchenko,goals,rf_qrf_goals,0.3.0,empirical_qrf,0.0,0.0,0.0,,3869774966809934574,2026-03-29 22:54:57.946699
2026-03-29,25141,CBJ,BOS,30004172,Curtis Hall,goals,rf_qrf_goals,0.3.0,empirical_qrf,0.0,0.0,0.0,,3869774966809934574,2026-03-29 22:54:57.946699
2026-03-29,25141,CBJ,BOS,30004205,Egor Zamula,goals,rf_qrf_goals,0.3.0,empirical_qrf,0.0,0.0,0.0,,3869774966809934574,2026-03-29 22:54:57.946699
2026-03-29,25141,CBJ,BOS,30004306,Jake Christiansen,goals,rf_qrf_goals,0.3.0,empirical_qrf,0.0,0.0,0.0,,3869774966809934574,2026-03-29 22:54:57.946699
2026-03-29,25141,CBJ,BOS,30004607,Dmitri Voronkov,goals,rf_qrf_goals,0.3.0,empirical_qrf,0.0,0.0,0.0,,3869774966809934574,2026-03-29 22:54:57.946699
2026-03-29,25141,CBJ,BOS,30004988,Cole Sillinger,goals,rf_qrf_goals,0.3.0,empirical_qrf,0.0,0.0,0.0,,3869774966809934574,2026-03-29 22:54:57.946699
2026-03-29,25141,CBJ,BOS,30004989,Kent Johnson,goals,rf_qrf_goals,0.3.0,empirical_qrf,0.0,0.0,0.0,,3869774966809934574,2026-03-29 22:54:57.946699
2026-03-29,25141,CBJ,BOS,30005002,Corson Ceulemans,goals,rf_qrf_goals,0.3.0,empirical_qrf,0.0,0.0,0.0,,3869774966809934574,2026-03-29 22:54:57.946699
2026-03-29,25141,CBJ,BOS,30005049,Jet Greaves,goals,rf_qrf_goals,0.3.0,empirical_qrf,0.0,0.0,0.0,,3869774966809934574,2026-03-29 22:54:57.946699
2026-03-29,25141,CBJ,BOS,30005050,Stanislov Svozil,goals,rf_qrf_goals,0.3.0,empirical_qrf,0.0,0.0,0.0,,3869774966809934574,2026-03-29 22:54:57.946699
2026-03-29,25141,CBJ,BOS,30005053,Ole Julian Bjorgvik-Holm,goals,rf_qrf_goals,0.3.0,empirical_qrf,0.0,0.0,0.0,,3869774966809934574,2026-03-29 22:54:57.946699
2026-03-29,25141,CBJ,BOS,30005088,James Malatesta,goals,rf_qrf_goals,0.3.0,empirical_qrf,0.0,0.0,0.0,,3869774966809934574,2026-03-29 22:54:57.946699
2026-03-29,25141,CBJ,BOS,30005290,Max McCue,goals,rf_qrf_goals,0.3.0,empirical_qrf,0.0,0.0,0.0,,3869774966809934574,2026-03-29 22:54:57.946699
2026-03-29,25141,CBJ,BOS,30005355,Mikael Pyyhtia,goals,rf_qrf_goals,0.3.0,empirical_qrf,0.0,0.0,0.0,,3869774966809934574,2026-03-29 22:54:57.946699
2026-03-29,25141,CBJ,BOS,30005568,Owen Sillinger,goals,rf_qrf_goals,0.3.0,empirical_qrf,0.0,0.0,0.0,,3869774966809934574,2026-03-29 22:54:57.946699
2026-03-29,25141,CBJ,BOS,30005637,Denton Mateychuk,goals,rf_qrf_goals,0.3.0,empirical_qrf,0.0,0.0,0.0,,3869774966809934574,2026-03-29 22:54:57.946699
2026-03-29,25141,CBJ,BOS,30005664,Luca Del Bel Belluz,goals,rf_qrf_goals,0.3.0,empirical_qrf,0.0,0.0,0.0,,3869774966809934574,2026-03-29 22:54:57.946699
2026-03-29,25141,CBJ,BOS,30005699,Jordan Dumais,goals,rf_qrf_goals,0.3.0,empirical_qrf,0.0,0.0,0.0,,3869774966809934574,2026-03-29 22:54:57.946699
2026-03-29,25141,CBJ,BOS,30005733,Roman Ahcan,goals,rf_qrf_goals,0.3.0,empirical_qrf,0.0,0.0,0.0,,3869774966809934574,2026-03-29 22:54:57.946699
2026-03-29,25141,CBJ,BOS,30005736,Nolan Lalonde,goals,rf_qrf_goals,0.3.0,empirical_qrf,0.0,0.0,0.0,,3869774966809934574,2026-03-29 22:54:57.946699
2026-03-29,25141,CBJ,BOS,30006022,Justin Pearson,goals,rf_qrf_goals,0.3.0,empirical_qrf,0.0,0.0,0.0,,3869774966809934574,2026-03-29 22:54:57.946699
2026-03-29,25141,CBJ,BOS,30006026,Hunter McKown,goals,rf_qrf_goals,0.3.0,empirical_qrf,0.0,0.0,0.0,,3869774966809934574,2026-03-29 22:54:57.946699
2026-03-29,25141,CBJ,BOS,30006063,Adam Fantilli,goals,rf_qrf_goals,0.3.0,empirical_qrf,0.0,0.0,0.0,,3869774966809934574,2026-03-29 22:54:57.946699
2026-03-29,25141,CBJ,BOS,30006337,Riley Bezeau,goals,rf_qrf_goals,0.3.0,empirical_qrf,0.0,0.0,0.0,,3869774966809934574,2026-03-29 22:54:57.946699
2026-03-29,25142,NAS,TB,30000183,Filip Forsberg,goals,rf_qrf_goals,0.3.0,empirical_qrf,0.0,0.0,0.0,,3869774966809934574,2026-03-29 22:54:57.946699
2026-03-29,25142,NAS,TB,30000184,Roman Josi,goals,rf_qrf_goals,0.3.0,empirical_qrf,0.0,0.0,0.0,,3869774966809934574,2026-03-29 22:54:57.946699
2026-03-29,25142,NAS,TB,30000222,Juuse Saros,goals,rf_qrf_goals,0.3.0,empirical_qrf,0.0,0.0,0.0,,3869774966809934574,2026-03-29 22:54:57.946699
2026-03-29,25142,NAS,TB,30000324,Brady Skjei,goals,rf_qrf_goals,0.3.0,empirical_qrf,0.0,0.0,0.0,,3869774966809934574,2026-03-29 22:54:57.946699
2026-03-29,25142,NAS,TB,30000716,Daniel Carr,goals,rf_qrf_goals,0.3.0,empirical_qrf,0.0,0.0,0.0,,3869774966809934574,2026-03-29 22:54:57.946699
2026-03-29,25142,NAS,TB,30000743,Steven Stamkos,goals,rf_qrf_goals,0.3.0,empirical_qrf,0.0,0.0,0.0,,3869774966809934574,2026-03-29 22:54:57.946699
2026-03-29,25142,NAS,TB,30000810,Erik Haula,goals,rf_qrf_goals,0.3.0,empirical_qrf,0.0,0.0,0.0,,3869774966809934574,2026-03-29 22:54:57.946699
2026-03-29,25142,NAS,TB,30000979,Ryan O'Reilly,goals,rf_qrf_goals,0.3.0,empirical_qrf,0.0,0.0,0.0,,3869774966809934574,2026-03-29 22:54:57.946699
2026-03-29,25142,NAS,TB,30001048,Jonathan Marchessault,goals,rf_qrf_goals,0.3.0,empirical_qrf,0.0,0.0,0.0,,3869774966809934574,2026-03-29 22:54:57.946699
2026-03-29,25142,NAS,TB,30002591,Andreas Englund,goals,rf_qrf_goals,0.3.0,empirical_qrf,0.0,0.0,0.0,,3869774966809934574,2026-03-29 22:54:57.946699
2026-03-29,25142,NAS,TB,30003140,Tyson Jost,goals,rf_qrf_goals,0.3.0,empirical_qrf,0.0,0.0,0.0,,3869774966809934574,2026-03-29 22:54:57.946699
2026-03-29,25142,NAS,TB,30003206,Dylan Gambrell,goals,rf_qrf_goals,0.3.0,empirical_qrf,0.0,0.0,0.0,,3869774966809934574,2026-03-29 22:54:57.946699
2026-03-29,25142,NAS,TB,30003700,Nicolas Hague,goals,rf_qrf_goals,0.3.0,empirical_qrf,0.0,0.0,0.0,,3869774966809934574,2026-03-29 22:54:57.946699
2026-03-29,25142,NAS,TB,30004161,Justus Annunen,goals,rf_qrf_goals,0.3.0,empirical_qrf,0.0,0.0,0.0,,3869774966809934574,2026-03-29 22:54:57.946699
2026-03-29,25142,NAS,TB,30004606,Nick Perbix,goals,rf_qrf_goals,0.3.0,empirical_qrf,0.0,0.0,0.0,,3869774966809934574,2026-03-29 22:54:57.946699
2026-03-29,25142,NAS,TB,30004716,Zack Hayes,goals,rf_qrf_goals,0.3.0,empirical_qrf,0.0,0.0,0.0,,3869774966809934574,2026-03-29 22:54:57.946699
2026-03-29,25142,NAS,TB,30004725,Ethan Haider,goals,rf_qrf_goals,0.3.0,empirical_qrf,0.0,0.0,0.0,,3869774966809934574,2026-03-29 22:54:57.946699
2026-03-29,25142,NAS,TB,30004795,Justin Barron,goals,rf_qrf_goals,0.3.0,empirical_qrf,0.0,0.0,0.0,,3869774966809934574,2026-03-29 22:54:57.946699
2026-03-29,25142,NAS,TB,30004822,Ozzy Wiesblatt,goals,rf_qrf_goals,0.3.0,empirical_qrf,0.0,0.0,0.0,,3869774966809934574,2026-03-29 22:54:57.946699
2026-03-29,25142,NAS,TB,30004834,Luke Evangelista,goals,rf_qrf_goals,0.3.0,empirical_qrf,0.0,0.0,0.0,,3869774966809934574,2026-03-29 22:54:57.946699
2026-03-29,25142,NAS,TB,30004907,Ryder Rolston,goals,rf_qrf_goals,0.3.0,empirical_qrf,0.0,0.0,0.0,,3869774966809934574,2026-03-29 22:54:57.946699
2026-03-29,25142,NAS,TB,30004944,Magnus Chrona,goals,rf_qrf_goals,0.3.0,empirical_qrf,0.0,0.0,0.0,,3869774966809934574,2026-03-29 22:54:57.946699
2026-03-29,25142,NAS,TB,30004991,Fedor Svechkov,goals,rf_qrf_goals,0.3.0,empirical_qrf,0.0,0.0,0.0,,3869774966809934574,2026-03-29 22:54:57.946699
2026-03-29,25142,NAS,TB,30005006,Zachary L'Heureux,goals,rf_qrf_goals,0.3.0,empirical_qrf,0.0,0.0,0.0,,3869774966809934574,2026-03-29 22:54:57.946699
2026-03-29,25142,NAS,TB,30005190,Jack Matier,goals,rf_qrf_goals,0.3.0,empirical_qrf,0.0,0.0,0.0,,3869774966809934574,2026-03-29 22:54:57.946699
2026-03-29,25142,NAS,TB,30005233,Adam Wilsby,goals,rf_qrf_goals,0.3.0,empirical_qrf,0.0,0.0,0.0,,3869774966809934574,2026-03-29 22:54:57.946699
2026-03-29,25142,NAS,TB,30005237,Ryan Ufko,goals,rf_qrf_goals,0.3.0,empirical_qrf,0.0,0.0,0.0,,3869774966809934574,2026-03-29 22:54:57.946699
2026-03-29,25142,NAS,TB,30005617,Joakim Kemell,goals,rf_qrf_goals,0.3.0,empirical_qrf,0.0,0.0,0.0,,3869774966809934574,2026-03-29 22:54:57.946699
2026-03-29,25142,NAS,TB,30005648,Reid Schaefer,goals,rf_qrf_goals,0.3.0,empirical_qrf,0.0,0.0,0.0,,3869774966809934574,2026-03-29 22:54:57.946699
2026-03-29,25142,NAS,TB,30005829,Christoffer Sedoff,goals,rf_qrf_goals,0.3.0,empirical_qrf,0.0,0.0,0.0,,3869774966809934574,2026-03-29 22:54:57.946699
2026-03-29,25142,NAS,TB,30005835,Chad Nychuk,goals,rf_qrf_goals,0.3.0,empirical_qrf,0.0,0.0,0.0,,3869774966809934574,2026-03-29 22:54:57.946699
2026-03-29,25142,NAS,TB,30005933,Austin Roest,goals,rf_qrf_goals,0.3.0,empirical_qrf,0.0,0.0,0.0,,3869774966809934574,2026-03-29 22:54:57.946699
2026-03-29,25142,NAS,TB,30006080,Tanner Molendyk,goals,rf_qrf_goals,0.3.0,empirical_qrf,0.0,0.0,0.0,,3869774966809934574,2026-03-29 22:54:57.946699
2026-03-29,25142,NAS,TB,30006081,Matthew Wood,goals,rf_qrf_goals,0.3.0,empirical_qrf,0.0,0.0,0.0,,3869774966809934574,2026-03-29 22:54:57.946699
2026-03-29,25142,NAS,TB,30006089,David Edstrom,goals,rf_qrf_goals,0.3.0,empirical_qrf,0.0,0.0,0.0,,3869774966809934574,2026-03-29 22:54:57.946699
2026-03-29,25142,NAS,TB,30006095,Andrew Gibson,goals,rf_qrf_goals,0.3.0,empirical_qrf,0.0,0.0,0.0,,3869774966809934574,2026-03-29 22:54:57.946699
2026-03-29,25142,NAS,TB,30006107,Kalan Lind,goals,rf_qrf_goals,0.3.0,empirical_qrf,0.0,0.0,0.0,,3869774966809934574,2026-03-29 22:54:57.946699
2026-03-29,25142,NAS,TB,30006185,Joey Willis,goals,rf_qrf_goals,0.3.0,empirical_qrf,0.0,0.0,0.0,,3869774966809934574,2026-03-29 22:54:57.946699
2026-03-29,25142,TB,NAS,30000428,Oliver Bjorkstrand,goals,rf_qrf_goals,0.3.0,empirical_qrf,0.0,0.0,0.0,,3869774966809934574,2026-03-29 22:54:57.946699
2026-03-29,25142,TB,NAS,30000477,Nick Paul,goals,rf_qrf_goals,0.3.0,empirical_qrf,0.0,0.0,0.0,,3869774966809934574,2026-03-29 22:54:57.946699
2026-03-29,25142,TB,NAS,30000502,Zemgus Girgensons,goals,rf_qrf_goals,0.3.0,empirical_qrf,0.0,0.0,0.0,,3869774966809934574,2026-03-29 22:54:57.946699
2026-03-29,25142,TB,NAS,30000737,Victor Hedman,goals,rf_qrf_goals,0.3.0,empirical_qrf,0.0,0.0,0.0,,3869774966809934574,2026-03-29 22:54:57.946699
2026-03-29,25142,TB,NAS,30000742,Brayden Point,goals,rf_qrf_goals,0.3.0,empirical_qrf,0.0,0.0,0.0,,3869774966809934574,2026-03-29 22:54:57.946699
2026-03-29,25142,TB,NAS,30001047,Nikita Kucherov,goals,rf_qrf_goals,0.3.0,empirical_qrf,0.0,0.0,0.0,,3869774966809934574,2026-03-29 22:54:57.946699
2026-03-29,25142,TB,NAS,30001084,Ryan McDonagh,goals,rf_qrf_goals,0.3.0,empirical_qrf,0.0,0.0,0.0,,3869774966809934574,2026-03-29 22:54:57.946699
2026-03-29,25142,TB,NAS,30001178,Yanni Gourde,goals,rf_qrf_goals,0.3.0,empirical_qrf,0.0,0.0,0.0,,3869774966809934574,2026-03-29 22:54:57.946699
2026-03-29,25142,TB,NAS,30001265,Corey Perry,goals,rf_qrf_goals,0.3.0,empirical_qrf,0.0,0.0,0.0,,3869774966809934574,2026-03-29 22:54:57.946699
2026-03-29,25142,TB,NAS,30001377,Andrei Vasilevskiy,goals,rf_qrf_goals,0.3.0,empirical_qrf,0.0,0.0,0.0,,3869774966809934574,2026-03-29 22:54:57.946699
2026-03-29,25142,TB,NAS,30002516,Steven Santini,goals,rf_qrf_goals,0.3.0,empirical_qrf,0.0,0.0,0.0,,3869774966809934574,2026-03-29 22:54:57.946699
2026-03-29,25142,TB,NAS,30002532,Jake Guentzel,goals,rf_qrf_goals,0.3.0,empirical_qrf,0.0,0.0,0.0,,3869774966809934574,2026-03-29 22:54:57.946699
2026-03-29,25142,TB,NAS,30002549,Scott Sabourin,goals,rf_qrf_goals,0.3.0,empirical_qrf,0.0,0.0,0.0,,3869774966809934574,2026-03-29 22:54:57.946699
2026-03-29,25142,TB,NAS,30002604,Brandon Halverson,goals,rf_qrf_goals,0.3.0,empirical_qrf,0.0,0.0,0.0,,3869774966809934574,2026-03-29 22:54:57.946699
2026-03-29,25142,TB,NAS,30002606,Jonas Johansson,goals,rf_qrf_goals,0.3.0,empirical_qrf,0.0,0.0,0.0,,3869774966809934574,2026-03-29 22:54:57.946699
2026-03-29,25142,TB,NAS,30002821,Erik Cernak,goals,rf_qrf_goals,0.3.0,empirical_qrf,0.0,0.0,0.0,,3869774966809934574,2026-03-29 22:54:57.946699
2026-03-29,25142,TB,NAS,30002845,Anthony Cirelli,goals,rf_qrf_goals,0.3.0,empirical_qrf,0.0,0.0,0.0,,3869774966809934574,2026-03-29 22:54:57.946699
2026-03-29,25142,TB,NAS,30002974,Kale Kessy,goals,rf_qrf_goals,0.3.0,empirical_qrf,0.0,0.0,0.0,,3869774966809934574,2026-03-29 22:54:57.946699
2026-03-29,25142,TB,NAS,30003250,Brandon Hagel,goals,rf_qrf_goals,0.3.0,empirical_qrf,0.0,0.0,0.0,,3869774966809934574,2026-03-29 22:54:57.946699
2026-03-29,25142,TB,NAS,30003478,Darren Raddysh,goals,rf_qrf_goals,0.3.0,empirical_qrf,0.0,0.0,0.0,,3869774966809934574,2026-03-29 22:54:57.946699
2026-03-29,25142,TB,NAS,30003688,Ian Mitchell,goals,rf_qrf_goals,0.3.0,empirical_qrf,0.0,0.0,0.0,,3869774966809934574,2026-03-29 22:54:57.946699
2026-03-29,25142,TB,NAS,30004280,Joel Teasdale,goals,rf_qrf_goals,0.3.0,empirical_qrf,0.0,0.0,0.0,,3869774966809934574,2026-03-29 22:54:57.946699
2026-03-29,25142,TB,NAS,30004487,Jakob Pelletier,goals,rf_qrf_goals,0.3.0,empirical_qrf,0.0,0.0,0.0,,3869774966809934574,2026-03-29 22:54:57.946699
2026-03-29,25142,TB,NAS,30004540,Reece Newkirk,goals,rf_qrf_goals,0.3.0,empirical_qrf,0.0,0.0,0.0,,3869774966809934574,2026-03-29 22:54:57.946699
2026-03-29,25142,TB,NAS,30004567,Simon Lundmark,goals,rf_qrf_goals,0.3.0,empirical_qrf,0.0,0.0,0.0,,3869774966809934574,2026-03-29 22:54:57.946699
2026-03-29,25142,TB,NAS,30004631,Charle-Edouard D'Astous,goals,rf_qrf_goals,0.3.0,empirical_qrf,0.0,0.0,0.0,,3869774966809934574,2026-03-29 22:54:57.946699
2026-03-29,25142,TB,NAS,30004754,Mitchell Chaffee,goals,rf_qrf_goals,0.3.0,empirical_qrf,0.0,0.0,0.0,,3869774966809934574,2026-03-29 22:54:57.946699
2026-03-29,25142,TB,NAS,30004838,Gage Goncalves,goals,rf_qrf_goals,0.3.0,empirical_qrf,0.0,0.0,0.0,,3869774966809934574,2026-03-29 22:54:57.946699
2026-03-29,25142,TB,NAS,30004840,Maxim Groshev,goals,rf_qrf_goals,0.3.0,empirical_qrf,0.0,0.0,0.0,,3869774966809934574,2026-03-29 22:54:57.946699
2026-03-29,25142,TB,NAS,30004974,Pontus Holmberg,goals,rf_qrf_goals,0.3.0,empirical_qrf,0.0,0.0,0.0,,3869774966809934574,2026-03-29 22:54:57.946699
2026-03-29,25142,TB,NAS,30005044,J.J. Moser,goals,rf_qrf_goals,0.3.0,empirical_qrf,0.0,0.0,0.0,,3869774966809934574,2026-03-29 22:54:57.946699
2026-03-29,25142,TB,NAS,30005054,Matteo Pietroniro,goals,rf_qrf_goals,0.3.0,empirical_qrf,0.0,0.0,0.0,,3869774966809934574,2026-03-29 22:54:57.946699
2026-03-29,25142,TB,NAS,30005366,Emil Lilleberg,goals,rf_qrf_goals,0.3.0,empirical_qrf,0.0,0.0,0.0,,3869774966809934574,2026-03-29 22:54:57.946699
2026-03-29,25142,TB,NAS,30005421,Maxwell Crozier,goals,rf_qrf_goals,0.3.0,empirical_qrf,0.0,0.0,0.0,,3869774966809934574,2026-03-29 22:54:57.946699
2026-03-29,25142,TB,NAS,30005562,Declan Carlile,goals,rf_qrf_goals,0.3.0,empirical_qrf,0.0,0.0,0.0,,3869774966809934574,2026-03-29 22:54:57.946699
2026-03-29,25142,TB,NAS,30005740,Dyllan Gill,goals,rf_qrf_goals,0.3.0,empirical_qrf,0.0,0.0,0.0,,3869774966809934574,2026-03-29 22:54:57.946699
2026-03-29,25142,TB,NAS,30005768,Tommy Miller,goals,rf_qrf_goals,0.3.0,empirical_qrf,0.0,0.0,0.0,,3869774966809934574,2026-03-29 22:54:57.946699
2026-03-29,25142,TB,NAS,30006012,Daniel Walker,goals,rf_qrf_goals,0.3.0,empirical_qrf,0.0,0.0,0.0,,3869774966809934574,2026-03-29 22:54:57.946699
2026-03-29,25142,TB,NAS,30006096,Ethan Gauthier,goals,rf_qrf_goals,0.3.0,empirical_qrf,0.0,0.0,0.0,,3869774966809934574,2026-03-29 22:54:57.946699
2026-03-29,25142,TB,NAS,30006311,Tristan Allard,goals,rf_qrf_goals,0.3.0,empirical_qrf,0.0,0.0,0.0,,3869774966809934574,2026-03-29 22:54:57.946699
2026-03-29,25142,TB,NAS,30006313,Gabriel Szturc,goals,rf_qrf_goals,0.3.0,empirical_qrf,0.0,0.0,0.0,,3869774966809934574,2026-03-29 22:54:57.946699
2026-03-29,25142,TB,NAS,30006329,Brendan Furry,goals,rf_qrf_goals,0.3.0,empirical_qrf,0.0,0.0,0.0,,3869774966809934574,2026-03-29 22:54:57.946699
2026-03-29,25143,MON,CAR,30000015,Brendan Gallagher,goals,rf_qrf_goals,0.3.0,empirical_qrf,0.0,0.0,0.0,,3869774966809934574,2026-03-29 22:54:57.946699
2026-03-29,25143,MON,CAR,30000227,Mike Matheson,goals,rf_qrf_goals,0.3.0,empirical_qrf,0.0,0.0,0.0,,3869774966809934574,2026-03-29 22:54:57.946699
2026-03-29,25143,MON,CAR,30000555,Tyler Wotherspoon,goals,rf_qrf_goals,0.3.0,empirical_qrf,0.0,0.0,0.0,,3869774966809934574,2026-03-29 22:54:57.946699
2026-03-29,25143,MON,CAR,30000670,Sammy Blais,goals,rf_qrf_goals,0.3.0,empirical_qrf,0.0,0.0,0.0,,3869774966809934574,2026-03-29 22:54:57.946699
2026-03-29,25143,MON,CAR,30001395,Laurent Dauphin,goals,rf_qrf_goals,0.3.0,empirical_qrf,0.0,0.0,0.0,,3869774966809934574,2026-03-29 22:54:57.946699
2026-03-29,25143,MON,CAR,30001424,Phillip Danault,goals,rf_qrf_goals,0.3.0,empirical_qrf,0.0,0.0,0.0,,3869774966809934574,2026-03-29 22:54:57.946699
2026-03-29,25143,MON,CAR,30002592,Kaapo Kahkonen,goals,rf_qrf_goals,0.3.0,empirical_qrf,0.0,0.0,0.0,,3869774966809934574,2026-03-29 22:54:57.946699
2026-03-29,25143,MON,CAR,30002601,Joshua Jacobs,goals,rf_qrf_goals,0.3.0,empirical_qrf,0.0,0.0,0.0,,3869774966809934574,2026-03-29 22:54:57.946699
2026-03-29,25143,MON,CAR,30002663,Vincent Arseneau,goals,rf_qrf_goals,0.3.0,empirical_qrf,0.0,0.0,0.0,,3869774966809934574,2026-03-29 22:54:57.946699
2026-03-29,25143,MON,CAR,30002781,Sam Montembeault,goals,rf_qrf_goals,0.3.0,empirical_qrf,0.0,0.0,0.0,,3869774966809934574,2026-03-29 22:54:57.946699
2026-03-29,25143,MON,CAR,30002825,Alexandre Carrier,goals,rf_qrf_goals,0.3.0,empirical_qrf,0.0,0.0,0.0,,3869774966809934574,2026-03-29 22:54:57.946699
2026-03-29,25143,MON,CAR,30003131,Patrik Laine,goals,rf_qrf_goals,0.3.0,empirical_qrf,0.0,0.0,0.0,,3869774966809934574,2026-03-29 22:54:57.946699
2026-03-29,25143,MON,CAR,30003667,Nick Suzuki,goals,rf_qrf_goals,0.3.0,empirical_qrf,0.0,0.0,0.0,,3869774966809934574,2026-03-29 22:54:57.946699
2026-03-29,25143,MON,CAR,30003687,Alexandre Texier,goals,rf_qrf_goals,0.3.0,empirical_qrf,0.0,0.0,0.0,,3869774966809934574,2026-03-29 22:54:57.946699
2026-03-29,25143,MON,CAR,30003901,Alex Belzile,goals,rf_qrf_goals,0.3.0,empirical_qrf,0.0,0.0,0.0,,3869774966809934574,2026-03-29 22:54:57.946699
2026-03-29,25143,MON,CAR,30003958,Nate Clurman,goals,rf_qrf_goals,0.3.0,empirical_qrf,0.0,0.0,0.0,,3869774966809934574,2026-03-29 22:54:57.946699
2026-03-29,25143,MON,CAR,30003990,Jake Evans,goals,rf_qrf_goals,0.3.0,empirical_qrf,0.0,0.0,0.0,,3869774966809934574,2026-03-29 22:54:57.946699
2026-03-29,25143,MON,CAR,30004086,Noah Dobson,goals,rf_qrf_goals,0.3.0,empirical_qrf,0.0,0.0,0.0,,3869774966809934574,2026-03-29 22:54:57.946699
2026-03-29,25143,MON,CAR,30004101,Joe Veleno,goals,rf_qrf_goals,0.3.0,empirical_qrf,0.0,0.0,0.0,,3869774966809934574,2026-03-29 22:54:57.946699
2026-03-29,25143,MON,CAR,30004204,Wyatte Wylie,goals,rf_qrf_goals,0.3.0,empirical_qrf,0.0,0.0,0.0,,3869774966809934574,2026-03-29 22:54:57.946699
2026-03-29,25143,MON,CAR,30004284,Kevin Mandolese,goals,rf_qrf_goals,0.3.0,empirical_qrf,0.0,0.0,0.0,,3869774966809934574,2026-03-29 22:54:57.946699
2026-03-29,25143,MON,CAR,30004361,Josh Anderson,goals,rf_qrf_goals,0.3.0,empirical_qrf,0.0,0.0,0.0,,3869774966809934574,2026-03-29 22:54:57.946699
2026-03-29,25143,MON,CAR,30004472,Kirby Dach,goals,rf_qrf_goals,0.3.0,empirical_qrf,0.0,0.0,0.0,,3869774966809934574,2026-03-29 22:54:57.946699
2026-03-29,25143,MON,CAR,30004486,Alex Newhook,goals,rf_qrf_goals,0.3.0,empirical_qrf,0.0,0.0,0.0,,3869774966809934574,2026-03-29 22:54:57.946699
2026-03-29,25143,MON,CAR,30004520,Hunter Jones,goals,rf_qrf_goals,0.3.0,empirical_qrf,0.0,0.0,0.0,,3869774966809934574,2026-03-29 22:54:57.946699
2026-03-29,25143,MON,CAR,30004559,Jayden Struble,goals,rf_qrf_goals,0.3.0,empirical_qrf,0.0,0.0,0.0,,3869774966809934574,2026-03-29 22:54:57.946699
2026-03-29,25143,MON,CAR,30004803,Kaiden Guhle,goals,rf_qrf_goals,0.3.0,empirical_qrf,0.0,0.0,0.0,,3869774966809934574,2026-03-29 22:54:57.946699
2026-03-29,25143,MON,CAR,30004876,Ty Smilanic,goals,rf_qrf_goals,0.3.0,empirical_qrf,0.0,0.0,0.0,,3869774966809934574,2026-03-29 22:54:57.946699
2026-03-29,25143,MON,CAR,30004894,Sean Farrell,goals,rf_qrf_goals,0.3.0,empirical_qrf,0.0,0.0,0.0,,3869774966809934574,2026-03-29 22:54:57.946699
2026-03-29,25143,MON,CAR,30004928,Cole Caufield,goals,rf_qrf_goals,0.3.0,empirical_qrf,0.0,0.0,0.0,,3869774966809934574,2026-03-29 22:54:57.946699
2026-03-29,25143,MON,CAR,30004950,Marc Del Gaizo,goals,rf_qrf_goals,0.3.0,empirical_qrf,0.0,0.0,0.0,,3869774966809934574,2026-03-29 22:54:57.946699
2026-03-29,25143,MON,CAR,30004990,Zachary Bolduc,goals,rf_qrf_goals,0.3.0,empirical_qrf,0.0,0.0,0.0,,3869774966809934574,2026-03-29 22:54:57.946699
2026-03-29,25143,MON,CAR,30005021,Oliver Kapanen,goals,rf_qrf_goals,0.3.0,empirical_qrf,0.0,0.0,0.0,,3869774966809934574,2026-03-29 22:54:57.946699
2026-03-29,25143,MON,CAR,30005118,Tobie Paquette-Bisson,goals,rf_qrf_goals,0.3.0,empirical_qrf,0.0,0.0,0.0,,3869774966809934574,2026-03-29 22:54:57.946699
2026-03-29,25143,MON,CAR,30005121,Joshua Roy,goals,rf_qrf_goals,0.3.0,empirical_qrf,0.0,0.0,0.0,,3869774966809934574,2026-03-29 22:54:57.946699
2026-03-29,25143,MON,CAR,30005122,Xavier Simoneau,goals,rf_qrf_goals,0.3.0,empirical_qrf,0.0,0.0,0.0,,3869774966809934574,2026-03-29 22:54:57.946699
2026-03-29,25143,MON,CAR,30005127,Joe Vrbetic,goals,rf_qrf_goals,0.3.0,empirical_qrf,0.0,0.0,0.0,,3869774966809934574,2026-03-29 22:54:57.946699
2026-03-29,25143,MON,CAR,30005128,Arber Xhekaj,goals,rf_qrf_goals,0.3.0,empirical_qrf,0.0,0.0,0.0,,3869774966809934574,2026-03-29 22:54:57.946699
2026-03-29,25143,MON,CAR,30005175,Jake Chiasson,goals,rf_qrf_goals,0.3.0,empirical_qrf,0.0,0.0,0.0,,3869774966809934574,2026-03-29 22:54:57.946699
2026-03-29,25143,MON,CAR,30005287,Gannon Laroque,goals,rf_qrf_goals,0.3.0,empirical_qrf,0.0,0.0,0.0,,3869774966809934574,2026-03-29 22:54:57.946699
2026-03-29,25143,MON,CAR,30005288,Ben Gaudreau,goals,rf_qrf_goals,0.3.0,empirical_qrf,0.0,0.0,0.0,,3869774966809934574,2026-03-29 22:54:57.946699
2026-03-29,25143,MON,CAR,30005534,Jakub Dobes,goals,rf_qrf_goals,0.3.0,empirical_qrf,0.0,0.0,0.0,,3869774966809934574,2026-03-29 22:54:57.946699
2026-03-29,25143,MON,CAR,30005574,Lucas Condotta,goals,rf_qrf_goals,0.3.0,empirical_qrf,0.0,0.0,0.0,,3869774966809934574,2026-03-29 22:54:57.946699
2026-03-29,25143,MON,CAR,30005631,Juraj Slafkovsky,goals,rf_qrf_goals,0.3.0,empirical_qrf,0.0,0.0,0.0,,3869774966809934574,2026-03-29 22:54:57.946699
2026-03-29,25143,MON,CAR,30005645,Filip Mesar,goals,rf_qrf_goals,0.3.0,empirical_qrf,0.0,0.0,0.0,,3869774966809934574,2026-03-29 22:54:57.946699
2026-03-29,25143,MON,CAR,30005655,Lane Hutson,goals,rf_qrf_goals,0.3.0,empirical_qrf,0.0,0.0,0.0,,3869774966809934574,2026-03-29 22:54:57.946699
2026-03-29,25143,MON,CAR,30005656,Owen Beck,goals,rf_qrf_goals,0.3.0,empirical_qrf,0.0,0.0,0.0,,3869774966809934574,2026-03-29 22:54:57.946699
2026-03-29,25143,MON,CAR,30005806,Jared Davidson,goals,rf_qrf_goals,0.3.0,empirical_qrf,0.0,0.0,0.0,,3869774966809934574,2026-03-29 22:54:57.946699
2026-03-29,25143,MON,CAR,30006060,David Reinbacher,goals,rf_qrf_goals,0.3.0,empirical_qrf,0.0,0.0,0.0,,3869774966809934574,2026-03-29 22:54:57.946699
2026-03-29,25143,MON,CAR,30006127,Jacob Fowler,goals,rf_qrf_goals,0.3.0,empirical_qrf,0.0,0.0,0.0,,3869774966809934574,2026-03-29 22:54:57.946699
2026-03-29,25143,MON,CAR,30006152,Florian Xhekaj,goals,rf_qrf_goals,0.3.0,empirical_qrf,0.0,0.0,0.0,,3869774966809934574,2026-03-29 22:54:57.946699
2026-03-29,25143,MON,CAR,30006358,Israel Mianscum,goals,rf_qrf_goals,0.3.0,empirical_qrf,0.0,0.0,0.0,,3869774966809934574,2026-03-29 22:54:57.946699
2026-03-29,25143,MON,CAR,30006485,Ivan Demidov,goals,rf_qrf_goals,0.3.0,empirical_qrf,0.0,0.0,0.0,,3869774966809934574,2026-03-29 22:54:57.946699
2026-03-29,25143,CAR,MON,30000271,Shayne Gostisbehere,goals,rf_qrf_goals,0.3.0,empirical_qrf,0.0,0.0,0.0,,3869774966809934574,2026-03-29 22:54:57.946699
2026-03-29,25143,CAR,MON,30000358,Jordan Staal,goals,rf_qrf_goals,0.3.0,empirical_qrf,0.0,0.0,0.0,,3869774966809934574,2026-03-29 22:54:57.946699
2026-03-29,25143,CAR,MON,30000501,Nicolas Deslauriers,goals,rf_qrf_goals,0.3.0,empirical_qrf,0.0,0.0,0.0,,3869774966809934574,2026-03-29 22:54:57.946699
2026-03-29,25143,CAR,MON,30000510,William Carrier,goals,rf_qrf_goals,0.3.0,empirical_qrf,0.0,0.0,0.0,,3869774966809934574,2026-03-29 22:54:57.946699
2026-03-29,25143,CAR,MON,30000525,Mike Reilly,goals,rf_qrf_goals,0.3.0,empirical_qrf,0.0,0.0,0.0,,3869774966809934574,2026-03-29 22:54:57.946699
2026-03-29,25143,CAR,MON,30000643,Jaccob Slavin,goals,rf_qrf_goals,0.3.0,empirical_qrf,0.0,0.0,0.0,,3869774966809934574,2026-03-29 22:54:57.946699
2026-03-29,25143,CAR,MON,30000822,Nikolaj Ehlers,goals,rf_qrf_goals,0.3.0,empirical_qrf,0.0,0.0,0.0,,3869774966809934574,2026-03-29 22:54:57.946699
2026-03-29,25143,CAR,MON,30000948,Jordan Martinook,goals,rf_qrf_goals,0.3.0,empirical_qrf,0.0,0.0,0.0,,3869774966809934574,2026-03-29 22:54:57.946699
2026-03-29,25143,CAR,MON,30001187,Taylor Hall,goals,rf_qrf_goals,0.3.0,empirical_qrf,0.0,0.0,0.0,,3869774966809934574,2026-03-29 22:54:57.946699
2026-03-29,25143,CAR,MON,30001203,Frederik Andersen,goals,rf_qrf_goals,0.3.0,empirical_qrf,0.0,0.0,0.0,,3869774966809934574,2026-03-29 22:54:57.946699
2026-03-29,25143,CAR,MON,30002309,Mark Jankowski,goals,rf_qrf_goals,0.3.0,empirical_qrf,0.0,0.0,0.0,,3869774966809934574,2026-03-29 22:54:57.946699
2026-03-29,25143,CAR,MON,30002819,Sebastian Aho,goals,rf_qrf_goals,0.3.0,empirical_qrf,0.0,0.0,0.0,,3869774966809934574,2026-03-29 22:54:57.946699
2026-03-29,25143,CAR,MON,30002980,Eric Robinson,goals,rf_qrf_goals,0.3.0,empirical_qrf,0.0,0.0,0.0,,3869774966809934574,2026-03-29 22:54:57.946699
2026-03-29,25143,CAR,MON,30003180,Givani Smith,goals,rf_qrf_goals,0.3.0,empirical_qrf,0.0,0.0,0.0,,3869774966809934574,2026-03-29 22:54:57.946699
2026-03-29,25143,CAR,MON,30003359,Jalen Chatfield,goals,rf_qrf_goals,0.3.0,empirical_qrf,0.0,0.0,0.0,,3869774966809934574,2026-03-29 22:54:57.946699
2026-03-29,25143,CAR,MON,30003662,Juuso Valimaki,goals,rf_qrf_goals,0.3.0,empirical_qrf,0.0,0.0,0.0,,3869774966809934574,2026-03-29 22:54:57.946699
2026-03-29,25143,CAR,MON,30003786,Sean Walker,goals,rf_qrf_goals,0.3.0,empirical_qrf,0.0,0.0,0.0,,3869774966809934574,2026-03-29 22:54:57.946699
2026-03-29,25143,CAR,MON,30004075,Jesperi Kotkaniemi,goals,rf_qrf_goals,0.3.0,empirical_qrf,0.0,0.0,0.0,,3869774966809934574,2026-03-29 22:54:57.946699
2026-03-29,25143,CAR,MON,30004076,Andrei Svechnikov,goals,rf_qrf_goals,0.3.0,empirical_qrf,0.0,0.0,0.0,,3869774966809934574,2026-03-29 22:54:57.946699
2026-03-29,25143,CAR,MON,30004082,K'Andre Miller,goals,rf_qrf_goals,0.3.0,empirical_qrf,0.0,0.0,0.0,,3869774966809934574,2026-03-29 22:54:57.946699
2026-03-29,25143,CAR,MON,30004385,Cayden Primeau,goals,rf_qrf_goals,0.3.0,empirical_qrf,0.0,0.0,0.0,,3869774966809934574,2026-03-29 22:54:57.946699
2026-03-29,25143,CAR,MON,30004537,Domenick Fensore,goals,rf_qrf_goals,0.3.0,empirical_qrf,0.0,0.0,0.0,,3869774966809934574,2026-03-29 22:54:57.946699
2026-03-29,25143,CAR,MON,30004602,Nikita Pavlychev,goals,rf_qrf_goals,0.3.0,empirical_qrf,0.0,0.0,0.0,,3869774966809934574,2026-03-29 22:54:57.946699
2026-03-29,25143,CAR,MON,30004806,Seth Jarvis,goals,rf_qrf_goals,0.3.0,empirical_qrf,0.0,0.0,0.0,,3869774966809934574,2026-03-29 22:54:57.946699
2026-03-29,25143,CAR,MON,30004865,Alexander Nikishin,goals,rf_qrf_goals,0.3.0,empirical_qrf,0.0,0.0,0.0,,3869774966809934574,2026-03-29 22:54:57.946699
2026-03-29,25143,CAR,MON,30004913,Evan Vierling,goals,rf_qrf_goals,0.3.0,empirical_qrf,0.0,0.0,0.0,,3869774966809934574,2026-03-29 22:54:57.946699
2026-03-29,25143,CAR,MON,30004953,Pyotr Kochetkov,goals,rf_qrf_goals,0.3.0,empirical_qrf,0.0,0.0,0.0,,3869774966809934574,2026-03-29 22:54:57.946699
2026-03-29,25143,CAR,MON,30005026,Aleksi Heimosalmi,goals,rf_qrf_goals,0.3.0,empirical_qrf,0.0,0.0,0.0,,3869774966809934574,2026-03-29 22:54:57.946699
2026-03-29,25143,CAR,MON,30005034,Logan Stankoven,goals,rf_qrf_goals,0.3.0,empirical_qrf,0.0,0.0,0.0,,3869774966809934574,2026-03-29 22:54:57.946699
2026-03-29,25143,CAR,MON,30005153,Bryce Montgomery,goals,rf_qrf_goals,0.3.0,empirical_qrf,0.0,0.0,0.0,,3869774966809934574,2026-03-29 22:54:57.946699
2026-03-29,25143,CAR,MON,30005155,Justin Robidas,goals,rf_qrf_goals,0.3.0,empirical_qrf,0.0,0.0,0.0,,3869774966809934574,2026-03-29 22:54:57.946699
2026-03-29,25143,CAR,MON,30005405,Jackson Blake,goals,rf_qrf_goals,0.3.0,empirical_qrf,0.0,0.0,0.0,,3869774966809934574,2026-03-29 22:54:57.946699
2026-03-29,25143,CAR,MON,30005573,Brandon Bussi,goals,rf_qrf_goals,0.3.0,empirical_qrf,0.0,0.0,0.0,,3869774966809934574,2026-03-29 22:54:57.946699
2026-03-29,25143,CAR,MON,30005685,Viktor Neuchev,goals,rf_qrf_goals,0.3.0,empirical_qrf,0.0,0.0,0.0,,3869774966809934574,2026-03-29 22:54:57.946699
2026-03-29,25143,CAR,MON,30006098,Felix Unger Sorum,goals,rf_qrf_goals,0.3.0,empirical_qrf,0.0,0.0,0.0,,3869774966809934574,2026-03-29 22:54:57.946699
2026-03-29,25144,DAL,PHI,30000166,Alexander Petrovic,goals,rf_qrf_goals,0.3.0,empirical_qrf,0.0,0.0,0.0,,3869774966809934574,2026-03-29 22:54:57.946699
2026-03-29,25144,DAL,PHI,30000702,Antoine Bibeau,goals,rf_qrf_goals,0.3.0,empirical_qrf,0.0,0.0,0.0,,3869774966809934574,2026-03-29 22:54:57.946699
2026-03-29,25144,DAL,PHI,30000735,Adam Erne,goals,rf_qrf_goals,0.3.0,empirical_qrf,0.0,0.0,0.0,,3869774966809934574,2026-03-29 22:54:57.946699
2026-03-29,25144,DAL,PHI,30000750,Radek Faksa,goals,rf_qrf_goals,0.3.0,empirical_qrf,0.0,0.0,0.0,,3869774966809934574,2026-03-29 22:54:57.946699
2026-03-29,25144,DAL,PHI,30000755,Esa Lindell,goals,rf_qrf_goals,0.3.0,empirical_qrf,0.0,0.0,0.0,,3869774966809934574,2026-03-29 22:54:57.946699
2026-03-29,25144,DAL,PHI,30000756,Curtis McKenzie,goals,rf_qrf_goals,0.3.0,empirical_qrf,0.0,0.0,0.0,,3869774966809934574,2026-03-29 22:54:57.946699
2026-03-29,25144,DAL,PHI,30000762,Tyler Seguin,goals,rf_qrf_goals,0.3.0,empirical_qrf,0.0,0.0,0.0,,3869774966809934574,2026-03-29 22:54:57.946699
2026-03-29,25144,DAL,PHI,30000906,Mikko Rantanen,goals,rf_qrf_goals,0.3.0,empirical_qrf,0.0,0.0,0.0,,3869774966809934574,2026-03-29 22:54:57.946699
2026-03-29,25144,DAL,PHI,30001146,Matt Duchene,goals,rf_qrf_goals,0.3.0,empirical_qrf,0.0,0.0,0.0,,3869774966809934574,2026-03-29 22:54:57.946699
2026-03-29,25144,DAL,PHI,30001299,Tyler Myers,goals,rf_qrf_goals,0.3.0,empirical_qrf,0.0,0.0,0.0,,3869774966809934574,2026-03-29 22:54:57.946699
2026-03-29,25144,DAL,PHI,30001302,Jamie Benn,goals,rf_qrf_goals,0.3.0,empirical_qrf,0.0,0.0,0.0,,3869774966809934574,2026-03-29 22:54:57.946699
2026-03-29,25144,DAL,PHI,30002811,Roope Hintz,goals,rf_qrf_goals,0.3.0,empirical_qrf,0.0,0.0,0.0,,3869774966809934574,2026-03-29 22:54:57.946699
2026-03-29,25144,DAL,PHI,30002842,Kyle Capobianco,goals,rf_qrf_goals,0.3.0,empirical_qrf,0.0,0.0,0.0,,3869774966809934574,2026-03-29 22:54:57.946699
2026-03-29,25144,DAL,PHI,30002859,Michael Bunting,goals,rf_qrf_goals,0.3.0,empirical_qrf,0.0,0.0,0.0,,3869774966809934574,2026-03-29 22:54:57.946699
2026-03-29,25144,DAL,PHI,30003156,Sam Steel,goals,rf_qrf_goals,0.3.0,empirical_qrf,0.0,0.0,0.0,,3869774966809934574,2026-03-29 22:54:57.946699
2026-03-29,25144,DAL,PHI,30003165,Nate Bastian,goals,rf_qrf_goals,0.3.0,empirical_qrf,0.0,0.0,0.0,,3869774966809934574,2026-03-29 22:54:57.946699
2026-03-29,25144,DAL,PHI,30003357,Colin Blackwell,goals,rf_qrf_goals,0.3.0,empirical_qrf,0.0,0.0,0.0,,3869774966809934574,2026-03-29 22:54:57.946699
2026-03-29,25144,DAL,PHI,30003376,Casey DeSmith,goals,rf_qrf_goals,0.3.0,empirical_qrf,0.0,0.0,0.0,,3869774966809934574,2026-03-29 22:54:57.946699
2026-03-29,25144,DAL,PHI,30003585,Cameron Hughes,goals,rf_qrf_goals,0.3.0,empirical_qrf,0.0,0.0,0.0,,3869774966809934574,2026-03-29 22:54:57.946699
2026-03-29,25144,DAL,PHI,30003640,Miro Heiskanen,goals,rf_qrf_goals,0.3.0,empirical_qrf,0.0,0.0,0.0,,3869774966809934574,2026-03-29 22:54:57.946699
2026-03-29,25144,DAL,PHI,30003658,Jake Oettinger,goals,rf_qrf_goals,0.3.0,empirical_qrf,0.0,0.0,0.0,,3869774966809934574,2026-03-29 22:54:57.946699
2026-03-29,25144,DAL,PHI,30003689,Jason Robertson,goals,rf_qrf_goals,0.3.0,empirical_qrf,0.0,0.0,0.0,,3869774966809934574,2026-03-29 22:54:57.946699
2026-03-29,25144,DAL,PHI,30003695,Kole Lind,goals,rf_qrf_goals,0.3.0,empirical_qrf,0.0,0.0,0.0,,3869774966809934574,2026-03-29 22:54:57.946699
2026-03-29,25144,DAL,PHI,30004061,Ilya Lyubushkin,goals,rf_qrf_goals,0.3.0,empirical_qrf,0.0,0.0,0.0,,3869774966809934574,2026-03-29 22:54:57.946699
2026-03-29,25144,DAL,PHI,30004103,Nils Lundkvist,goals,rf_qrf_goals,0.3.0,empirical_qrf,0.0,0.0,0.0,,3869774966809934574,2026-03-29 22:54:57.946699
2026-03-29,25144,DAL,PHI,30004482,Thomas Harley,goals,rf_qrf_goals,0.3.0,empirical_qrf,0.0,0.0,0.0,,3869774966809934574,2026-03-29 22:54:57.946699
2026-03-29,25144,DAL,PHI,30004546,Vladislav Kolyachonok,goals,rf_qrf_goals,0.3.0,empirical_qrf,0.0,0.0,0.0,,3869774966809934574,2026-03-29 22:54:57.946699
2026-03-29,25144,DAL,PHI,30004796,Mavrik Bourque,goals,rf_qrf_goals,0.3.0,empirical_qrf,0.0,0.0,0.0,,3869774966809934574,2026-03-29 22:54:57.946699
2026-03-29,25144,DAL,PHI,30004844,Cross Hanas,goals,rf_qrf_goals,0.3.0,empirical_qrf,0.0,0.0,0.0,,3869774966809934574,2026-03-29 22:54:57.946699
2026-03-29,25144,DAL,PHI,30004869,Jeremie Poirier,goals,rf_qrf_goals,0.3.0,empirical_qrf,0.0,0.0,0.0,,3869774966809934574,2026-03-29 22:54:57.946699
2026-03-29,25144,DAL,PHI,30005004,Wyatt Johnston,goals,rf_qrf_goals,0.3.0,empirical_qrf,0.0,0.0,0.0,,3869774966809934574,2026-03-29 22:54:57.946699
2026-03-29,25144,DAL,PHI,30005062,Oskar Bäck,goals,rf_qrf_goals,0.3.0,empirical_qrf,0.0,0.0,0.0,,3869774966809934574,2026-03-29 22:54:57.946699
2026-03-29,25144,DAL,PHI,30005640,Lian Bichsel,goals,rf_qrf_goals,0.3.0,empirical_qrf,0.0,0.0,0.0,,3869774966809934574,2026-03-29 22:54:57.946699
2026-03-29,25144,DAL,PHI,30006362,Connor Punnett,goals,rf_qrf_goals,0.3.0,empirical_qrf,0.0,0.0,0.0,,3869774966809934574,2026-03-29 22:54:57.946699
2026-03-29,25144,DAL,PHI,30006457,Justin Hryckowian,goals,rf_qrf_goals,0.3.0,empirical_qrf,0.0,0.0,0.0,,3869774966809934574,2026-03-29 22:54:57.946699
2026-03-29,25144,DAL,PHI,30006473,Arttu Hyry,goals,rf_qrf_goals,0.3.0,empirical_qrf,0.0,0.0,0.0,,3869774966809934574,2026-03-29 22:54:57.946699
2026-03-29,25144,PHI,DAL,30000050,Sean Couturier,goals,rf_qrf_goals,0.3.0,empirical_qrf,0.0,0.0,0.0,,3869774966809934574,2026-03-29 22:54:57.946699
2026-03-29,25144,PHI,DAL,30000234,Garrett Wilson,goals,rf_qrf_goals,0.3.0,empirical_qrf,0.0,0.0,0.0,,3869774966809934574,2026-03-29 22:54:57.946699
2026-03-29,25144,PHI,DAL,30000349,Travis Konecny,goals,rf_qrf_goals,0.3.0,empirical_qrf,0.0,0.0,0.0,,3869774966809934574,2026-03-29 22:54:57.946699
2026-03-29,25144,PHI,DAL,30000624,Travis Sanheim,goals,rf_qrf_goals,0.3.0,empirical_qrf,0.0,0.0,0.0,,3869774966809934574,2026-03-29 22:54:57.946699
2026-03-29,25144,PHI,DAL,30000844,Luke Glendening,goals,rf_qrf_goals,0.3.0,empirical_qrf,0.0,0.0,0.0,,3869774966809934574,2026-03-29 22:54:57.946699
2026-03-29,25144,PHI,DAL,30000942,Christian Dvorak,goals,rf_qrf_goals,0.3.0,empirical_qrf,0.0,0.0,0.0,,3869774966809934574,2026-03-29 22:54:57.946699
2026-03-29,25144,PHI,DAL,30001201,Garnet Hathaway,goals,rf_qrf_goals,0.3.0,empirical_qrf,0.0,0.0,0.0,,3869774966809934574,2026-03-29 22:54:57.946699
2026-03-29,25144,PHI,DAL,30001294,Rasmus Ristolainen,goals,rf_qrf_goals,0.3.0,empirical_qrf,0.0,0.0,0.0,,3869774966809934574,2026-03-29 22:54:57.946699
2026-03-29,25144,PHI,DAL,30001312,Noah Juulsen,goals,rf_qrf_goals,0.3.0,empirical_qrf,0.0,0.0,0.0,,3869774966809934574,2026-03-29 22:54:57.946699
2026-03-29,25144,PHI,DAL,30002786,Dan Vladar,goals,rf_qrf_goals,0.3.0,empirical_qrf,0.0,0.0,0.0,,3869774966809934574,2026-03-29 22:54:57.946699
2026-03-29,25144,PHI,DAL,30002979,Anthony Richard,goals,rf_qrf_goals,0.3.0,empirical_qrf,0.0,0.0,0.0,,3869774966809934574,2026-03-29 22:54:57.946699
2026-03-29,25144,PHI,DAL,30003016,Nick Seeler,goals,rf_qrf_goals,0.3.0,empirical_qrf,0.0,0.0,0.0,,3869774966809934574,2026-03-29 22:54:57.946699
2026-03-29,25144,PHI,DAL,30003167,Boris Katchouk,goals,rf_qrf_goals,0.3.0,empirical_qrf,0.0,0.0,0.0,,3869774966809934574,2026-03-29 22:54:57.946699
2026-03-29,25144,PHI,DAL,30003171,Carl Grundstrom,goals,rf_qrf_goals,0.3.0,empirical_qrf,0.0,0.0,0.0,,3869774966809934574,2026-03-29 22:54:57.946699
2026-03-29,25144,PHI,DAL,30003283,Lane Pederson,goals,rf_qrf_goals,0.3.0,empirical_qrf,0.0,0.0,0.0,,3869774966809934574,2026-03-29 22:54:57.946699
2026-03-29,25144,PHI,DAL,30003500,Rodrigo Abols,goals,rf_qrf_goals,0.3.0,empirical_qrf,0.0,0.0,0.0,,3869774966809934574,2026-03-29 22:54:57.946699
2026-03-29,25144,PHI,DAL,30003653,Owen Tippett,goals,rf_qrf_goals,0.3.0,empirical_qrf,0.0,0.0,0.0,,3869774966809934574,2026-03-29 22:54:57.946699
2026-03-29,25144,PHI,DAL,30003733,Keith Petruzzelli,goals,rf_qrf_goals,0.3.0,empirical_qrf,0.0,0.0,0.0,,3869774966809934574,2026-03-29 22:54:57.946699
2026-03-29,25144,PHI,DAL,30004002,Cooper Marody,goals,rf_qrf_goals,0.3.0,empirical_qrf,0.0,0.0,0.0,,3869774966809934574,2026-03-29 22:54:57.946699
2026-03-29,25144,PHI,DAL,30004154,Xavier Bernard,goals,rf_qrf_goals,0.3.0,empirical_qrf,0.0,0.0,0.0,,3869774966809934574,2026-03-29 22:54:57.946699
2026-03-29,25144,PHI,DAL,30004406,Samuel Ersson,goals,rf_qrf_goals,0.3.0,empirical_qrf,0.0,0.0,0.0,,3869774966809934574,2026-03-29 22:54:57.946699
2026-03-29,25144,PHI,DAL,30004481,Trevor Zegras,goals,rf_qrf_goals,0.3.0,empirical_qrf,0.0,0.0,0.0,,3869774966809934574,2026-03-29 22:54:57.946699
2026-03-29,25144,PHI,DAL,30004484,Cam York,goals,rf_qrf_goals,0.3.0,empirical_qrf,0.0,0.0,0.0,,3869774966809934574,2026-03-29 22:54:57.946699
2026-03-29,25144,PHI,DAL,30004488,Philip Tomasino,goals,rf_qrf_goals,0.3.0,empirical_qrf,0.0,0.0,0.0,,3869774966809934574,2026-03-29 22:54:57.946699
2026-03-29,25144,PHI,DAL,30004800,Jamie Drysdale,goals,rf_qrf_goals,0.3.0,empirical_qrf,0.0,0.0,0.0,,3869774966809934574,2026-03-29 22:54:57.946699
2026-03-29,25144,PHI,DAL,30004801,Tyson Foerster,goals,rf_qrf_goals,0.3.0,empirical_qrf,0.0,0.0,0.0,,3869774966809934574,2026-03-29 22:54:57.946699
2026-03-29,25144,PHI,DAL,30004824,Emil Andrae,goals,rf_qrf_goals,0.3.0,empirical_qrf,0.0,0.0,0.0,,3869774966809934574,2026-03-29 22:54:57.946699
2026-03-29,25144,PHI,DAL,30004839,Helge Grans,goals,rf_qrf_goals,0.3.0,empirical_qrf,0.0,0.0,0.0,,3869774966809934574,2026-03-29 22:54:57.946699
2026-03-29,25144,PHI,DAL,30005130,Brett Harrison,goals,rf_qrf_goals,0.3.0,empirical_qrf,0.0,0.0,0.0,,3869774966809934574,2026-03-29 22:54:57.946699
2026-03-29,25144,PHI,DAL,30005234,Vincent Sevigny,goals,rf_qrf_goals,0.3.0,empirical_qrf,0.0,0.0,0.0,,3869774966809934574,2026-03-29 22:54:57.946699
2026-03-29,25144,PHI,DAL,30005293,Artem Guryev,goals,rf_qrf_goals,0.3.0,empirical_qrf,0.0,0.0,0.0,,3869774966809934574,2026-03-29 22:54:57.946699
2026-03-29,25144,PHI,DAL,30005397,Noah Cates,goals,rf_qrf_goals,0.3.0,empirical_qrf,0.0,0.0,0.0,,3869774966809934574,2026-03-29 22:54:57.946699
2026-03-29,25144,PHI,DAL,30005401,Aleksei Kolosov,goals,rf_qrf_goals,0.3.0,empirical_qrf,0.0,0.0,0.0,,3869774966809934574,2026-03-29 22:54:57.946699
2026-03-29,25144,PHI,DAL,30005612,David Jiricek,goals,rf_qrf_goals,0.3.0,empirical_qrf,0.0,0.0,0.0,,3869774966809934574,2026-03-29 22:54:57.946699
2026-03-29,25144,PHI,DAL,30005756,Tucker Robertson,goals,rf_qrf_goals,0.3.0,empirical_qrf,0.0,0.0,0.0,,3869774966809934574,2026-03-29 22:54:57.946699
2026-03-29,25144,PHI,DAL,30005798,Jackson Edward,goals,rf_qrf_goals,0.3.0,empirical_qrf,0.0,0.0,0.0,,3869774966809934574,2026-03-29 22:54:57.946699
2026-03-29,25144,PHI,DAL,30005890,Alex Bump,goals,rf_qrf_goals,0.3.0,empirical_qrf,0.0,0.0,0.0,,3869774966809934574,2026-03-29 22:54:57.946699
2026-03-29,25144,PHI,DAL,30005958,Nikita Grebenkin,goals,rf_qrf_goals,0.3.0,empirical_qrf,0.0,0.0,0.0,,3869774966809934574,2026-03-29 22:54:57.946699
2026-03-29,25144,PHI,DAL,30006045,Yaniv Perets,goals,rf_qrf_goals,0.3.0,empirical_qrf,0.0,0.0,0.0,,3869774966809934574,2026-03-29 22:54:57.946699
2026-03-29,25144,PHI,DAL,30006061,Matvei Michkov,goals,rf_qrf_goals,0.3.0,empirical_qrf,0.0,0.0,0.0,,3869774966809934574,2026-03-29 22:54:57.946699
2026-03-29,25144,PHI,DAL,30006075,Oliver Bonk,goals,rf_qrf_goals,0.3.0,empirical_qrf,0.0,0.0,0.0,,3869774966809934574,2026-03-29 22:54:57.946699
2026-03-29,25144,PHI,DAL,30006100,Carson Bjarnason,goals,rf_qrf_goals,0.3.0,empirical_qrf,0.0,0.0,0.0,,3869774966809934574,2026-03-29 22:54:57.946699
2026-03-29,25144,PHI,DAL,30006135,Denver Barkey,goals,rf_qrf_goals,0.3.0,empirical_qrf,0.0,0.0,0.0,,3869774966809934574,2026-03-29 22:54:57.946699
2026-03-29,25145,CHI,NJ,30000182,Ryan Ellis,goals,rf_qrf_goals,0.3.0,empirical_qrf,0.0,0.0,0.0,,3869774966809934574,2026-03-29 22:54:57.946699
2026-03-29,25145,CHI,NJ,30000585,Andre Burakovsky,goals,rf_qrf_goals,0.3.0,empirical_qrf,0.0,0.0,0.0,,3869774966809934574,2026-03-29 22:54:57.946699
2026-03-29,25145,CHI,NJ,30000842,Tyler Bertuzzi,goals,rf_qrf_goals,0.3.0,empirical_qrf,0.0,0.0,0.0,,3869774966809934574,2026-03-29 22:54:57.946699
2026-03-29,25145,CHI,NJ,30000871,Teuvo Teravainen,goals,rf_qrf_goals,0.3.0,empirical_qrf,0.0,0.0,0.0,,3869774966809934574,2026-03-29 22:54:57.946699
2026-03-29,25145,CHI,NJ,30001060,Shea Weber,goals,rf_qrf_goals,0.3.0,empirical_qrf,0.0,0.0,0.0,,3869774966809934574,2026-03-29 22:54:57.946699
2026-03-29,25145,CHI,NJ,30001099,Derrick Pouliot,goals,rf_qrf_goals,0.3.0,empirical_qrf,0.0,0.0,0.0,,3869774966809934574,2026-03-29 22:54:57.946699
2026-03-29,25145,CHI,NJ,30002212,Cavan Fitzgerald,goals,rf_qrf_goals,0.3.0,empirical_qrf,0.0,0.0,0.0,,3869774966809934574,2026-03-29 22:54:57.946699
2026-03-29,25145,CHI,NJ,30002218,Andrew Mangiapane,goals,rf_qrf_goals,0.3.0,empirical_qrf,0.0,0.0,0.0,,3869774966809934574,2026-03-29 22:54:57.946699
2026-03-29,25145,CHI,NJ,30002539,Matt Grzelcyk,goals,rf_qrf_goals,0.3.0,empirical_qrf,0.0,0.0,0.0,,3869774966809934574,2026-03-29 22:54:57.946699
2026-03-29,25145,CHI,NJ,30002588,Ryan Donato,goals,rf_qrf_goals,0.3.0,empirical_qrf,0.0,0.0,0.0,,3869774966809934574,2026-03-29 22:54:57.946699
2026-03-29,25145,CHI,NJ,30003209,Joey Anderson,goals,rf_qrf_goals,0.3.0,empirical_qrf,0.0,0.0,0.0,,3869774966809934574,2026-03-29 22:54:57.946699
2026-03-29,25145,CHI,NJ,30003558,Josh Healey,goals,rf_qrf_goals,0.3.0,empirical_qrf,0.0,0.0,0.0,,3869774966809934574,2026-03-29 22:54:57.946699
2026-03-29,25145,CHI,NJ,30003751,Dominic Toninato,goals,rf_qrf_goals,0.3.0,empirical_qrf,0.0,0.0,0.0,,3869774966809934574,2026-03-29 22:54:57.946699
2026-03-29,25145,CHI,NJ,30003996,Sam Lafferty,goals,rf_qrf_goals,0.3.0,empirical_qrf,0.0,0.0,0.0,,3869774966809934574,2026-03-29 22:54:57.946699
2026-03-29,25145,CHI,NJ,30004000,Brett Seney,goals,rf_qrf_goals,0.3.0,empirical_qrf,0.0,0.0,0.0,,3869774966809934574,2026-03-29 22:54:57.946699
2026-03-29,25145,CHI,NJ,30004158,Olivier Rodrigue,goals,rf_qrf_goals,0.3.0,empirical_qrf,0.0,0.0,0.0,,3869774966809934574,2026-03-29 22:54:57.946699
2026-03-29,25145,CHI,NJ,30004442,Ilya Mikheyev,goals,rf_qrf_goals,0.3.0,empirical_qrf,0.0,0.0,0.0,,3869774966809934574,2026-03-29 22:54:57.946699
2026-03-29,25145,CHI,NJ,30004494,Spencer Knight,goals,rf_qrf_goals,0.3.0,empirical_qrf,0.0,0.0,0.0,,3869774966809934574,2026-03-29 22:54:57.946699
2026-03-29,25145,CHI,NJ,30004507,Alex Vlasic,goals,rf_qrf_goals,0.3.0,empirical_qrf,0.0,0.0,0.0,,3869774966809934574,2026-03-29 22:54:57.946699
2026-03-29,25145,CHI,NJ,30004650,Louis Crevier,goals,rf_qrf_goals,0.3.0,empirical_qrf,0.0,0.0,0.0,,3869774966809934574,2026-03-29 22:54:57.946699
2026-03-29,25145,CHI,NJ,30004830,Drew Commesso,goals,rf_qrf_goals,0.3.0,empirical_qrf,0.0,0.0,0.0,,3869774966809934574,2026-03-29 22:54:57.946699
2026-03-29,25145,CHI,NJ,30004850,Wyatt Kaiser,goals,rf_qrf_goals,0.3.0,empirical_qrf,0.0,0.0,0.0,,3869774966809934574,2026-03-29 22:54:57.946699
2026-03-29,25145,CHI,NJ,30004875,Landon Slaggert,goals,rf_qrf_goals,0.3.0,empirical_qrf,0.0,0.0,0.0,,3869774966809934574,2026-03-29 22:54:57.946699
2026-03-29,25145,CHI,NJ,30004946,Jackson Cates,goals,rf_qrf_goals,0.3.0,empirical_qrf,0.0,0.0,0.0,,3869774966809934574,2026-03-29 22:54:57.946699
2026-03-29,25145,CHI,NJ,30004965,Arvid Soderblom,goals,rf_qrf_goals,0.3.0,empirical_qrf,0.0,0.0,0.0,,3869774966809934574,2026-03-29 22:54:57.946699
2026-03-29,25145,CHI,NJ,30005052,Dmitry Kuzmin,goals,rf_qrf_goals,0.3.0,empirical_qrf,0.0,0.0,0.0,,3869774966809934574,2026-03-29 22:54:57.946699
2026-03-29,25145,CHI,NJ,30005131,Ryan Mast,goals,rf_qrf_goals,0.3.0,empirical_qrf,0.0,0.0,0.0,,3869774966809934574,2026-03-29 22:54:57.946699
2026-03-29,25145,CHI,NJ,30005163,Ethan Del Mastro,goals,rf_qrf_goals,0.3.0,empirical_qrf,0.0,0.0,0.0,,3869774966809934574,2026-03-29 22:54:57.946699
2026-03-29,25145,CHI,NJ,30005632,Kevin Korchinski,goals,rf_qrf_goals,0.3.0,empirical_qrf,0.0,0.0,0.0,,3869774966809934574,2026-03-29 22:54:57.946699
2026-03-29,25145,CHI,NJ,30005638,Frank Nazar,goals,rf_qrf_goals,0.3.0,empirical_qrf,0.0,0.0,0.0,,3869774966809934574,2026-03-29 22:54:57.946699
2026-03-29,25145,CHI,NJ,30005639,Sam Rinzel,goals,rf_qrf_goals,0.3.0,empirical_qrf,0.0,0.0,0.0,,3869774966809934574,2026-03-29 22:54:57.946699
2026-03-29,25145,CHI,NJ,30005665,Paul Ludwinski,goals,rf_qrf_goals,0.3.0,empirical_qrf,0.0,0.0,0.0,,3869774966809934574,2026-03-29 22:54:57.946699
2026-03-29,25145,CHI,NJ,30005666,Ryan Greene,goals,rf_qrf_goals,0.3.0,empirical_qrf,0.0,0.0,0.0,,3869774966809934574,2026-03-29 22:54:57.946699
2026-03-29,25145,CHI,NJ,30005718,Samuel Savoie,goals,rf_qrf_goals,0.3.0,empirical_qrf,0.0,0.0,0.0,,3869774966809934574,2026-03-29 22:54:57.946699
2026-03-29,25145,CHI,NJ,30005816,Gavin Hayes,goals,rf_qrf_goals,0.3.0,empirical_qrf,0.0,0.0,0.0,,3869774966809934574,2026-03-29 22:54:57.946699
2026-03-29,25145,CHI,NJ,30005819,Andrew Perrott,goals,rf_qrf_goals,0.3.0,empirical_qrf,0.0,0.0,0.0,,3869774966809934574,2026-03-29 22:54:57.946699
2026-03-29,25145,CHI,NJ,30005820,Mitchell Weeks,goals,rf_qrf_goals,0.3.0,empirical_qrf,0.0,0.0,0.0,,3869774966809934574,2026-03-29 22:54:57.946699
2026-03-29,25145,CHI,NJ,30005839,Jake Furlong,goals,rf_qrf_goals,0.3.0,empirical_qrf,0.0,0.0,0.0,,3869774966809934574,2026-03-29 22:54:57.946699
2026-03-29,25145,CHI,NJ,30006064,Connor Bedard,goals,rf_qrf_goals,0.3.0,empirical_qrf,0.0,0.0,0.0,,3869774966809934574,2026-03-29 22:54:57.946699
2026-03-29,25145,CHI,NJ,30006077,Oliver Moore,goals,rf_qrf_goals,0.3.0,empirical_qrf,0.0,0.0,0.0,,3869774966809934574,2026-03-29 22:54:57.946699
2026-03-29,25145,CHI,NJ,30006105,Martin Misiak,goals,rf_qrf_goals,0.3.0,empirical_qrf,0.0,0.0,0.0,,3869774966809934574,2026-03-29 22:54:57.946699
2026-03-29,25145,CHI,NJ,30006145,Nick Lardis,goals,rf_qrf_goals,0.3.0,empirical_qrf,0.0,0.0,0.0,,3869774966809934574,2026-03-29 22:54:57.946699
2026-03-29,25145,CHI,NJ,30006279,Sahil Panwar,goals,rf_qrf_goals,0.3.0,empirical_qrf,0.0,0.0,0.0,,3869774966809934574,2026-03-29 22:54:57.946699
2026-03-29,25145,CHI,NJ,30006312,Joe Carroll,goals,rf_qrf_goals,0.3.0,empirical_qrf,0.0,0.0,0.0,,3869774966809934574,2026-03-29 22:54:57.946699
2026-03-29,25145,CHI,NJ,30006496,Artyom Levshunov,goals,rf_qrf_goals,0.3.0,empirical_qrf,0.0,0.0,0.0,,3869774966809934574,2026-03-29 22:54:57.946699
2026-03-29,25145,NJ,CHI,30000070,Dougie Hamilton,goals,rf_qrf_goals,0.3.0,empirical_qrf,0.0,0.0,0.0,,3869774966809934574,2026-03-29 22:54:57.946699
2026-03-29,25145,NJ,CHI,30000210,Colton White,goals,rf_qrf_goals,0.3.0,empirical_qrf,0.0,0.0,0.0,,3869774966809934574,2026-03-29 22:54:57.946699
2026-03-29,25145,NJ,CHI,30000225,Nick Bjugstad,goals,rf_qrf_goals,0.3.0,empirical_qrf,0.0,0.0,0.0,,3869774966809934574,2026-03-29 22:54:57.946699
2026-03-29,25145,NJ,CHI,30000368,Brett Pesce,goals,rf_qrf_goals,0.3.0,empirical_qrf,0.0,0.0,0.0,,3869774966809934574,2026-03-29 22:54:57.946699
2026-03-29,25145,NJ,CHI,30000491,Connor Brown,goals,rf_qrf_goals,0.3.0,empirical_qrf,0.0,0.0,0.0,,3869774966809934574,2026-03-29 22:54:57.946699
2026-03-29,25145,NJ,CHI,30000573,Jacob Markstrom,goals,rf_qrf_goals,0.3.0,empirical_qrf,0.0,0.0,0.0,,3869774966809934574,2026-03-29 22:54:57.946699
2026-03-29,25145,NJ,CHI,30000665,Jake Allen,goals,rf_qrf_goals,0.3.0,empirical_qrf,0.0,0.0,0.0,,3869774966809934574,2026-03-29 22:54:57.946699
2026-03-29,25145,NJ,CHI,30000886,Stefan Noesen,goals,rf_qrf_goals,0.3.0,empirical_qrf,0.0,0.0,0.0,,3869774966809934574,2026-03-29 22:54:57.946699
2026-03-29,25145,NJ,CHI,30001108,Jonas Siegenthaler,goals,rf_qrf_goals,0.3.0,empirical_qrf,0.0,0.0,0.0,,3869774966809934574,2026-03-29 22:54:57.946699
2026-03-29,25145,NJ,CHI,30001225,Brenden Dillon,goals,rf_qrf_goals,0.3.0,empirical_qrf,0.0,0.0,0.0,,3869774966809934574,2026-03-29 22:54:57.946699
2026-03-29,25145,NJ,CHI,30001226,Timo Meier,goals,rf_qrf_goals,0.3.0,empirical_qrf,0.0,0.0,0.0,,3869774966809934574,2026-03-29 22:54:57.946699
2026-03-29,25145,NJ,CHI,30001786,Evgenii Dadonov,goals,rf_qrf_goals,0.3.0,empirical_qrf,0.0,0.0,0.0,,3869774966809934574,2026-03-29 22:54:57.946699
2026-03-29,25145,NJ,CHI,30003154,Dennis Cholowski,goals,rf_qrf_goals,0.3.0,empirical_qrf,0.0,0.0,0.0,,3869774966809934574,2026-03-29 22:54:57.946699
2026-03-29,25145,NJ,CHI,30003404,Zack MacEwen,goals,rf_qrf_goals,0.3.0,empirical_qrf,0.0,0.0,0.0,,3869774966809934574,2026-03-29 22:54:57.946699
2026-03-29,25145,NJ,CHI,30003568,Joseph Gambardella,goals,rf_qrf_goals,0.3.0,empirical_qrf,0.0,0.0,0.0,,3869774966809934574,2026-03-29 22:54:57.946699
2026-03-29,25145,NJ,CHI,30003612,Jesper Bratt,goals,rf_qrf_goals,0.3.0,empirical_qrf,0.0,0.0,0.0,,3869774966809934574,2026-03-29 22:54:57.946699
2026-03-29,25145,NJ,CHI,30003639,Nico Hischier,goals,rf_qrf_goals,0.3.0,empirical_qrf,0.0,0.0,0.0,,3869774966809934574,2026-03-29 22:54:57.946699
2026-03-29,25145,NJ,CHI,30003642,Cody Glass,goals,rf_qrf_goals,0.3.0,empirical_qrf,0.0,0.0,0.0,,3869774966809934574,2026-03-29 22:54:57.946699
2026-03-29,25145,NJ,CHI,30003726,Johnathan Kovacevic,goals,rf_qrf_goals,0.3.0,empirical_qrf,0.0,0.0,0.0,,3869774966809934574,2026-03-29 22:54:57.946699
2026-03-29,25145,NJ,CHI,30003983,Austin Strand,goals,rf_qrf_goals,0.3.0,empirical_qrf,0.0,0.0,0.0,,3869774966809934574,2026-03-29 22:54:57.946699
2026-03-29,25145,NJ,CHI,30004112,Calen Addison,goals,rf_qrf_goals,0.3.0,empirical_qrf,0.0,0.0,0.0,,3869774966809934574,2026-03-29 22:54:57.946699
2026-03-29,25145,NJ,CHI,30004384,Paul Cotter,goals,rf_qrf_goals,0.3.0,empirical_qrf,0.0,0.0,0.0,,3869774966809934574,2026-03-29 22:54:57.946699
2026-03-29,25145,NJ,CHI,30004470,Jack Hughes,goals,rf_qrf_goals,0.3.0,empirical_qrf,0.0,0.0,0.0,,3869774966809934574,2026-03-29 22:54:57.946699
2026-03-29,25145,NJ,CHI,30004549,Nathan Legare,goals,rf_qrf_goals,0.3.0,empirical_qrf,0.0,0.0,0.0,,3869774966809934574,2026-03-29 22:54:57.946699
2026-03-29,25145,NJ,CHI,30004810,Dawson Mercer,goals,rf_qrf_goals,0.3.0,empirical_qrf,0.0,0.0,0.0,,3869774966809934574,2026-03-29 22:54:57.946699
2026-03-29,25145,NJ,CHI,30004833,Nico Daws,goals,rf_qrf_goals,0.3.0,empirical_qrf,0.0,0.0,0.0,,3869774966809934574,2026-03-29 22:54:57.946699
2026-03-29,25145,NJ,CHI,30004986,Luke Hughes,goals,rf_qrf_goals,0.3.0,empirical_qrf,0.0,0.0,0.0,,3869774966809934574,2026-03-29 22:54:57.946699
2026-03-29,25145,NJ,CHI,30005278,Mikael Diotte,goals,rf_qrf_goals,0.3.0,empirical_qrf,0.0,0.0,0.0,,3869774966809934574,2026-03-29 22:54:57.946699
2026-03-29,25145,NJ,CHI,30005466,Arseniy Gritsyuk,goals,rf_qrf_goals,0.3.0,empirical_qrf,0.0,0.0,0.0,,3869774966809934574,2026-03-29 22:54:57.946699
2026-03-29,25145,NJ,CHI,30005569,Brian Halonen,goals,rf_qrf_goals,0.3.0,empirical_qrf,0.0,0.0,0.0,,3869774966809934574,2026-03-29 22:54:57.946699
2026-03-29,25145,NJ,CHI,30005613,Simon Nemec,goals,rf_qrf_goals,0.3.0,empirical_qrf,0.0,0.0,0.0,,3869774966809934574,2026-03-29 22:54:57.946699
2026-03-29,25145,NJ,CHI,30006099,Lenni Hämmenaho,goals,rf_qrf_goals,0.3.0,empirical_qrf,0.0,0.0,0.0,,3869774966809934574,2026-03-29 22:54:57.946699
2026-03-29,25145,NJ,CHI,30006223,Jeremy Hanzel,goals,rf_qrf_goals,0.3.0,empirical_qrf,0.0,0.0,0.0,,3869774966809934574,2026-03-29 22:54:57.946699
2026-03-29,25145,NJ,CHI,30006356,Matyas Melovsky,goals,rf_qrf_goals,0.3.0,empirical_qrf,0.0,0.0,0.0,,3869774966809934574,2026-03-29 22:54:57.946699
2026-03-29,25145,NJ,CHI,30006475,Maxim Tsyplakov,goals,rf_qrf_goals,0.3.0,empirical_qrf,0.0,0.0,0.0,,3869774966809934574,2026-03-29 22:54:57.946699
2026-03-29,25140,FLA,NYR,30004489,Nolan Foote,goals,rf_qrf_goals,0.3.0,empirical_qrf,0.0,0.0,0.0,,3869774966809934574,2026-03-29 22:54:57.946699
2026-03-29,25145,CHI,NJ,30006506,Sacha Boisvert,goals,rf_qrf_goals,0.3.0,empirical_qrf,0.0,0.0,0.0,,3869774966809934574,2026-03-29 22:54:57.946699
2026-03-29,25140,NYR,FLA,30006132,Drew Fortescue,goals,rf_qrf_goals,0.3.0,empirical_qrf,0.0,0.0,0.0,,3869774966809934574,2026-03-29 22:54:57.946699
2026-03-29,25145,CHI,NJ,30006858,Anton Frondell,goals,rf_qrf_goals,0.3.0,empirical_qrf,0.0,0.0,0.0,,3869774966809934574,2026-03-29 22:54:57.946699
2026-03-29,25140,FLA,NYR,30000074,Brad Marchand,assists,rf_qrf_assists,0.3.0,empirical_qrf,0.0,0.0,0.0,,3869774966809934574,2026-03-29 22:54:58.816463
2026-03-29,25140,FLA,NYR,30000201,Keith Kinkaid,assists,rf_qrf_assists,0.3.0,empirical_qrf,0.0,0.0,0.0,,3869774966809934574,2026-03-29 22:54:58.816463
2026-03-29,25140,FLA,NYR,30000228,Aleksander Barkov,assists,rf_qrf_assists,0.3.0,empirical_qrf,0.0,0.0,0.0,,3869774966809934574,2026-03-29 22:54:58.816463
2026-03-29,25140,FLA,NYR,30000232,Dmitry Kulikov,assists,rf_qrf_assists,0.3.0,empirical_qrf,0.0,0.0,0.0,,3869774966809934574,2026-03-29 22:54:58.816463
2026-03-29,25140,FLA,NYR,30000239,Aaron Ekblad,assists,rf_qrf_assists,0.3.0,empirical_qrf,0.0,0.0,0.0,,3869774966809934574,2026-03-29 22:54:58.816463
2026-03-29,25140,FLA,NYR,30000253,Seth Jones,assists,rf_qrf_assists,0.3.0,empirical_qrf,0.0,0.0,0.0,,3869774966809934574,2026-03-29 22:54:58.816463
2026-03-29,25140,FLA,NYR,30000559,Sam Bennett,assists,rf_qrf_assists,0.3.0,empirical_qrf,0.0,0.0,0.0,,3869774966809934574,2026-03-29 22:54:58.816463
2026-03-29,25140,FLA,NYR,30000667,Sergei Bobrovsky,assists,rf_qrf_assists,0.3.0,empirical_qrf,0.0,0.0,0.0,,3869774966809934574,2026-03-29 22:54:58.816463
2026-03-29,25140,FLA,NYR,30000980,Sam Reinhart,assists,rf_qrf_assists,0.3.0,empirical_qrf,0.0,0.0,0.0,,3869774966809934574,2026-03-29 22:54:58.816463
2026-03-29,25140,FLA,NYR,30000981,Evan Rodrigues,assists,rf_qrf_assists,0.3.0,empirical_qrf,0.0,0.0,0.0,,3869774966809934574,2026-03-29 22:54:58.816463
2026-03-29,25140,FLA,NYR,30001013,Vinnie Hinostroza,assists,rf_qrf_assists,0.3.0,empirical_qrf,0.0,0.0,0.0,,3869774966809934574,2026-03-29 22:54:58.816463
2026-03-29,25140,FLA,NYR,30001035,Tomás Nosek,assists,rf_qrf_assists,0.3.0,empirical_qrf,0.0,0.0,0.0,,3869774966809934574,2026-03-29 22:54:58.816463
2026-03-29,25140,FLA,NYR,30001159,Carter Verhaeghe,assists,rf_qrf_assists,0.3.0,empirical_qrf,0.0,0.0,0.0,,3869774966809934574,2026-03-29 22:54:58.816463
2026-03-29,25140,FLA,NYR,30001387,Niko Mikkola,assists,rf_qrf_assists,0.3.0,empirical_qrf,0.0,0.0,0.0,,3869774966809934574,2026-03-29 22:54:58.816463
2026-03-29,25140,FLA,NYR,30001448,Daniil Tarasov,assists,rf_qrf_assists,0.3.0,empirical_qrf,0.0,0.0,0.0,,3869774966809934574,2026-03-29 22:54:58.816463
2026-03-29,25140,FLA,NYR,30002069,Nathan Smith,assists,rf_qrf_assists,0.3.0,empirical_qrf,0.0,0.0,0.0,,3869774966809934574,2026-03-29 22:54:58.816463
2026-03-29,25140,FLA,NYR,30002758,Gustav Forsling,assists,rf_qrf_assists,0.3.0,empirical_qrf,0.0,0.0,0.0,,3869774966809934574,2026-03-29 22:54:58.816463
2026-03-29,25140,FLA,NYR,30002796,Mitchell Vande Sompel,assists,rf_qrf_assists,0.3.0,empirical_qrf,0.0,0.0,0.0,,3869774966809934574,2026-03-29 22:54:58.816463
2026-03-29,25140,FLA,NYR,30002839,A.J. Greer,assists,rf_qrf_assists,0.3.0,empirical_qrf,0.0,0.0,0.0,,3869774966809934574,2026-03-29 22:54:58.816463
2026-03-29,25140,FLA,NYR,30003077,Tyler Motte,assists,rf_qrf_assists,0.3.0,empirical_qrf,0.0,0.0,0.0,,3869774966809934574,2026-03-29 22:54:58.816463
2026-03-29,25140,FLA,NYR,30003134,Matthew Tkachuk,assists,rf_qrf_assists,0.3.0,empirical_qrf,0.0,0.0,0.0,,3869774966809934574,2026-03-29 22:54:58.816463
2026-03-29,25140,FLA,NYR,30003150,Luke Kunin,assists,rf_qrf_assists,0.3.0,empirical_qrf,0.0,0.0,0.0,,3869774966809934574,2026-03-29 22:54:58.816463
2026-03-29,25140,FLA,NYR,30003322,Noah Gregor,assists,rf_qrf_assists,0.3.0,empirical_qrf,0.0,0.0,0.0,,3869774966809934574,2026-03-29 22:54:58.816463
2026-03-29,25140,FLA,NYR,30003468,Evan Cormier,assists,rf_qrf_assists,0.3.0,empirical_qrf,0.0,0.0,0.0,,3869774966809934574,2026-03-29 22:54:58.816463
2026-03-29,25140,FLA,NYR,30003671,Jack Studnicka,assists,rf_qrf_assists,0.3.0,empirical_qrf,0.0,0.0,0.0,,3869774966809934574,2026-03-29 22:54:58.816463
2026-03-29,25140,FLA,NYR,30003681,Eetu Luostarinen,assists,rf_qrf_assists,0.3.0,empirical_qrf,0.0,0.0,0.0,,3869774966809934574,2026-03-29 22:54:58.816463
2026-03-29,25140,FLA,NYR,30003683,Jesper Boqvist,assists,rf_qrf_assists,0.3.0,empirical_qrf,0.0,0.0,0.0,,3869774966809934574,2026-03-29 22:54:58.816463
2026-03-29,25140,FLA,NYR,30003694,Jonah Gadjovich,assists,rf_qrf_assists,0.3.0,empirical_qrf,0.0,0.0,0.0,,3869774966809934574,2026-03-29 22:54:58.816463
2026-03-29,25140,FLA,NYR,30004088,Jay O'Brien,assists,rf_qrf_assists,0.3.0,empirical_qrf,0.0,0.0,0.0,,3869774966809934574,2026-03-29 22:54:58.816463
2026-03-29,25140,FLA,NYR,30004497,Tobias Bjornfot,assists,rf_qrf_assists,0.3.0,empirical_qrf,0.0,0.0,0.0,,3869774966809934574,2026-03-29 22:54:58.816463
2026-03-29,25140,FLA,NYR,30004517,Robert Mastrosimone,assists,rf_qrf_assists,0.3.0,empirical_qrf,0.0,0.0,0.0,,3869774966809934574,2026-03-29 22:54:58.816463
2026-03-29,25140,FLA,NYR,30004574,Cole Schwindt,assists,rf_qrf_assists,0.3.0,empirical_qrf,0.0,0.0,0.0,,3869774966809934574,2026-03-29 22:54:58.816463
2026-03-29,25140,FLA,NYR,30004809,Anton Lundell,assists,rf_qrf_assists,0.3.0,empirical_qrf,0.0,0.0,0.0,,3869774966809934574,2026-03-29 22:54:58.816463
2026-03-29,25140,FLA,NYR,30004873,Donovan Sebrango,assists,rf_qrf_assists,0.3.0,empirical_qrf,0.0,0.0,0.0,,3869774966809934574,2026-03-29 22:54:58.816463
2026-03-29,25140,FLA,NYR,30004886,Michael Benning,assists,rf_qrf_assists,0.3.0,empirical_qrf,0.0,0.0,0.0,,3869774966809934574,2026-03-29 22:54:58.816463
2026-03-29,25140,FLA,NYR,30004947,Cole Reinhardt,assists,rf_qrf_assists,0.3.0,empirical_qrf,0.0,0.0,0.0,,3869774966809934574,2026-03-29 22:54:58.816463
2026-03-29,25140,FLA,NYR,30005000,Mackie Samoskevich,assists,rf_qrf_assists,0.3.0,empirical_qrf,0.0,0.0,0.0,,3869774966809934574,2026-03-29 22:54:58.816463
2026-03-29,25140,FLA,NYR,30005025,Evan Nause,assists,rf_qrf_assists,0.3.0,empirical_qrf,0.0,0.0,0.0,,3869774966809934574,2026-03-29 22:54:58.816463
2026-03-29,25140,FLA,NYR,30005215,Cole Krygier,assists,rf_qrf_assists,0.3.0,empirical_qrf,0.0,0.0,0.0,,3869774966809934574,2026-03-29 22:54:58.816463
2026-03-29,25140,FLA,NYR,30005556,Mack Guzda,assists,rf_qrf_assists,0.3.0,empirical_qrf,0.0,0.0,0.0,,3869774966809934574,2026-03-29 22:54:58.816463
2026-03-29,25140,FLA,NYR,30005598,Mitchell Russell,assists,rf_qrf_assists,0.3.0,empirical_qrf,0.0,0.0,0.0,,3869774966809934574,2026-03-29 22:54:58.816463
2026-03-29,25140,FLA,NYR,30005723,Marek Alscher,assists,rf_qrf_assists,0.3.0,empirical_qrf,0.0,0.0,0.0,,3869774966809934574,2026-03-29 22:54:58.816463
2026-03-29,25140,FLA,NYR,30005849,Kai Schwindt,assists,rf_qrf_assists,0.3.0,empirical_qrf,0.0,0.0,0.0,,3869774966809934574,2026-03-29 22:54:58.816463
2026-03-29,25140,FLA,NYR,30005850,Sandis Vilmanis,assists,rf_qrf_assists,0.3.0,empirical_qrf,0.0,0.0,0.0,,3869774966809934574,2026-03-29 22:54:58.816463
2026-03-29,25140,FLA,NYR,30006034,Jake Livingstone,assists,rf_qrf_assists,0.3.0,empirical_qrf,0.0,0.0,0.0,,3869774966809934574,2026-03-29 22:54:58.816463
2026-03-29,25140,FLA,NYR,30006040,Ryan McAllister,assists,rf_qrf_assists,0.3.0,empirical_qrf,0.0,0.0,0.0,,3869774966809934574,2026-03-29 22:54:58.816463
2026-03-29,25140,FLA,NYR,30006048,Uvis Balinskis,assists,rf_qrf_assists,0.3.0,empirical_qrf,0.0,0.0,0.0,,3869774966809934574,2026-03-29 22:54:58.816463
2026-03-29,25140,FLA,NYR,30006097,Gracyn Sawchyn,assists,rf_qrf_assists,0.3.0,empirical_qrf,0.0,0.0,0.0,,3869774966809934574,2026-03-29 22:54:58.816463
2026-03-29,25140,FLA,NYR,30006326,Michael Simpson,assists,rf_qrf_assists,0.3.0,empirical_qrf,0.0,0.0,0.0,,3869774966809934574,2026-03-29 22:54:58.816463
2026-03-29,25140,FLA,NYR,30006394,Graham McPhee,assists,rf_qrf_assists,0.3.0,empirical_qrf,0.0,0.0,0.0,,3869774966809934574,2026-03-29 22:54:58.816463
2026-03-29,25140,NYR,FLA,30000123,Jonathan Quick,assists,rf_qrf_assists,0.3.0,empirical_qrf,0.0,0.0,0.0,,3869774966809934574,2026-03-29 22:54:58.816463
2026-03-29,25140,NYR,FLA,30000226,Vincent Trocheck,assists,rf_qrf_assists,0.3.0,empirical_qrf,0.0,0.0,0.0,,3869774966809934574,2026-03-29 22:54:58.816463
2026-03-29,25140,NYR,FLA,30000410,Conor Sheary,assists,rf_qrf_assists,0.3.0,empirical_qrf,0.0,0.0,0.0,,3869774966809934574,2026-03-29 22:54:58.816463
2026-03-29,25140,NYR,FLA,30000467,Mika Zibanejad,assists,rf_qrf_assists,0.3.0,empirical_qrf,0.0,0.0,0.0,,3869774966809934574,2026-03-29 22:54:58.816463
2026-03-29,25140,NYR,FLA,30000599,Anton Blidh,assists,rf_qrf_assists,0.3.0,empirical_qrf,0.0,0.0,0.0,,3869774966809934574,2026-03-29 22:54:58.816463
2026-03-29,25140,NYR,FLA,30000617,J.T. Miller,assists,rf_qrf_assists,0.3.0,empirical_qrf,0.0,0.0,0.0,,3869774966809934574,2026-03-29 22:54:58.816463
2026-03-29,25140,NYR,FLA,30001251,Justin Dowling,assists,rf_qrf_assists,0.3.0,empirical_qrf,0.0,0.0,0.0,,3869774966809934574,2026-03-29 22:54:58.816463
2026-03-29,25140,NYR,FLA,30002524,Spencer Martin,assists,rf_qrf_assists,0.3.0,empirical_qrf,0.0,0.0,0.0,,3869774966809934574,2026-03-29 22:54:58.816463
2026-03-29,25140,NYR,FLA,30002967,Jonny Brodzinski,assists,rf_qrf_assists,0.3.0,empirical_qrf,0.0,0.0,0.0,,3869774966809934574,2026-03-29 22:54:58.816463
2026-03-29,25140,NYR,FLA,30002999,Igor Shesterkin,assists,rf_qrf_assists,0.3.0,empirical_qrf,0.0,0.0,0.0,,3869774966809934574,2026-03-29 22:54:58.816463
2026-03-29,25140,NYR,FLA,30003170,Taylor Raddysh,assists,rf_qrf_assists,0.3.0,empirical_qrf,0.0,0.0,0.0,,3869774966809934574,2026-03-29 22:54:58.816463
2026-03-29,25140,NYR,FLA,30003194,Adam Fox,assists,rf_qrf_assists,0.3.0,empirical_qrf,0.0,0.0,0.0,,3869774966809934574,2026-03-29 22:54:58.816463
2026-03-29,25140,NYR,FLA,30003202,Casey Fitzgerald,assists,rf_qrf_assists,0.3.0,empirical_qrf,0.0,0.0,0.0,,3869774966809934574,2026-03-29 22:54:58.816463
2026-03-29,25140,NYR,FLA,30003649,Urho Vaakanainen,assists,rf_qrf_assists,0.3.0,empirical_qrf,0.0,0.0,0.0,,3869774966809934574,2026-03-29 22:54:58.816463
2026-03-29,25140,NYR,FLA,30003743,Will Borgen,assists,rf_qrf_assists,0.3.0,empirical_qrf,0.0,0.0,0.0,,3869774966809934574,2026-03-29 22:54:58.816463
2026-03-29,25140,NYR,FLA,30003952,Blake Hillman,assists,rf_qrf_assists,0.3.0,empirical_qrf,0.0,0.0,0.0,,3869774966809934574,2026-03-29 22:54:58.816463
2026-03-29,25140,NYR,FLA,30004430,Vladislav Gavrikov,assists,rf_qrf_assists,0.3.0,empirical_qrf,0.0,0.0,0.0,,3869774966809934574,2026-03-29 22:54:58.816463
2026-03-29,25140,NYR,FLA,30004504,Matthew Robertson,assists,rf_qrf_assists,0.3.0,empirical_qrf,0.0,0.0,0.0,,3869774966809934574,2026-03-29 22:54:58.816463
2026-03-29,25140,NYR,FLA,30004749,Connor Mackey,assists,rf_qrf_assists,0.3.0,empirical_qrf,0.0,0.0,0.0,,3869774966809934574,2026-03-29 22:54:58.816463
2026-03-29,25140,NYR,FLA,30004797,Brendan Brisson,assists,rf_qrf_assists,0.3.0,empirical_qrf,0.0,0.0,0.0,,3869774966809934574,2026-03-29 22:54:58.816463
2026-03-29,25140,NYR,FLA,30004807,Alexis Lafrenière,assists,rf_qrf_assists,0.3.0,empirical_qrf,0.0,0.0,0.0,,3869774966809934574,2026-03-29 22:54:58.816463
2026-03-29,25140,NYR,FLA,30004820,Braden Schneider,assists,rf_qrf_assists,0.3.0,empirical_qrf,0.0,0.0,0.0,,3869774966809934574,2026-03-29 22:54:58.816463
2026-03-29,25140,NYR,FLA,30004832,Will Cuylle,assists,rf_qrf_assists,0.3.0,empirical_qrf,0.0,0.0,0.0,,3869774966809934574,2026-03-29 22:54:58.816463
2026-03-29,25140,NYR,FLA,30004887,Brett Berard,assists,rf_qrf_assists,0.3.0,empirical_qrf,0.0,0.0,0.0,,3869774966809934574,2026-03-29 22:54:58.816463
2026-03-29,25140,NYR,FLA,30004896,Dylan Garand,assists,rf_qrf_assists,0.3.0,empirical_qrf,0.0,0.0,0.0,,3869774966809934574,2026-03-29 22:54:58.816463
2026-03-29,25140,NYR,FLA,30004968,Juuso Parssinen,assists,rf_qrf_assists,0.3.0,empirical_qrf,0.0,0.0,0.0,,3869774966809934574,2026-03-29 22:54:58.816463
2026-03-29,25140,NYR,FLA,30005014,Scott Morrow,assists,rf_qrf_assists,0.3.0,empirical_qrf,0.0,0.0,0.0,,3869774966809934574,2026-03-29 22:54:58.816463
2026-03-29,25140,NYR,FLA,30005031,Vincent Iorio,assists,rf_qrf_assists,0.3.0,empirical_qrf,0.0,0.0,0.0,,3869774966809934574,2026-03-29 22:54:58.816463
2026-03-29,25140,NYR,FLA,30005069,Christopher Merisier-Ortiz,assists,rf_qrf_assists,0.3.0,empirical_qrf,0.0,0.0,0.0,,3869774966809934574,2026-03-29 22:54:58.816463
2026-03-29,25140,NYR,FLA,30005183,Matt Rempe,assists,rf_qrf_assists,0.3.0,empirical_qrf,0.0,0.0,0.0,,3869774966809934574,2026-03-29 22:54:58.816463
2026-03-29,25140,NYR,FLA,30005223,Kyle Jackson,assists,rf_qrf_assists,0.3.0,empirical_qrf,0.0,0.0,0.0,,3869774966809934574,2026-03-29 22:54:58.816463
2026-03-29,25140,NYR,FLA,30005252,Adam Edstrom,assists,rf_qrf_assists,0.3.0,empirical_qrf,0.0,0.0,0.0,,3869774966809934574,2026-03-29 22:54:58.816463
2026-03-29,25140,NYR,FLA,30005266,Jaroslav Chmelar,assists,rf_qrf_assists,0.3.0,empirical_qrf,0.0,0.0,0.0,,3869774966809934574,2026-03-29 22:54:58.816463
2026-03-29,25140,NYR,FLA,30005336,Tye Kartye,assists,rf_qrf_assists,0.3.0,empirical_qrf,0.0,0.0,0.0,,3869774966809934574,2026-03-29 22:54:58.816463
2026-03-29,25140,NYR,FLA,30005563,Brandon Scanlin,assists,rf_qrf_assists,0.3.0,empirical_qrf,0.0,0.0,0.0,,3869774966809934574,2026-03-29 22:54:58.816463
2026-03-29,25140,NYR,FLA,30005662,Adam Sykora,assists,rf_qrf_assists,0.3.0,empirical_qrf,0.0,0.0,0.0,,3869774966809934574,2026-03-29 22:54:58.816463
2026-03-29,25140,NYR,FLA,30005686,Bryce McConnell-Barker,assists,rf_qrf_assists,0.3.0,empirical_qrf,0.0,0.0,0.0,,3869774966809934574,2026-03-29 22:54:58.816463
2026-03-29,25140,NYR,FLA,30005883,Noah Laba,assists,rf_qrf_assists,0.3.0,empirical_qrf,0.0,0.0,0.0,,3869774966809934574,2026-03-29 22:54:58.816463
2026-03-29,25140,NYR,FLA,30006074,Gabe Perreault,assists,rf_qrf_assists,0.3.0,empirical_qrf,0.0,0.0,0.0,,3869774966809934574,2026-03-29 22:54:58.816463
2026-03-29,25140,NYR,FLA,30006118,Carey Terrance,assists,rf_qrf_assists,0.3.0,empirical_qrf,0.0,0.0,0.0,,3869774966809934574,2026-03-29 22:54:58.816463
2026-03-29,25140,NYR,FLA,30006174,Dylan Roobroeck,assists,rf_qrf_assists,0.3.0,empirical_qrf,0.0,0.0,0.0,,3869774966809934574,2026-03-29 22:54:58.816463
2026-03-29,25140,NYR,FLA,30006331,Brett Budgell,assists,rf_qrf_assists,0.3.0,empirical_qrf,0.0,0.0,0.0,,3869774966809934574,2026-03-29 22:54:58.816463
2026-03-29,25141,BOS,CBJ,30000245,Viktor Arvidsson,assists,rf_qrf_assists,0.3.0,empirical_qrf,0.0,0.0,0.0,,3869774966809934574,2026-03-29 22:54:58.816463
2026-03-29,25141,BOS,CBJ,30000393,Joonas Korpisalo,assists,rf_qrf_assists,0.3.0,empirical_qrf,0.0,0.0,0.0,,3869774966809934574,2026-03-29 22:54:58.816463
2026-03-29,25141,BOS,CBJ,30000607,David Pastrnak,assists,rf_qrf_assists,0.3.0,empirical_qrf,0.0,0.0,0.0,,3869774966809934574,2026-03-29 22:54:58.816463
2026-03-29,25141,BOS,CBJ,30000630,Patrick Brown,assists,rf_qrf_assists,0.3.0,empirical_qrf,0.0,0.0,0.0,,3869774966809934574,2026-03-29 22:54:58.816463
2026-03-29,25141,BOS,CBJ,30000636,Elias Lindholm,assists,rf_qrf_assists,0.3.0,empirical_qrf,0.0,0.0,0.0,,3869774966809934574,2026-03-29 22:54:58.816463
2026-03-29,25141,BOS,CBJ,30000909,Nikita Zadorov,assists,rf_qrf_assists,0.3.0,empirical_qrf,0.0,0.0,0.0,,3869774966809934574,2026-03-29 22:54:58.816463
2026-03-29,25141,BOS,CBJ,30000995,Pavel Zacha,assists,rf_qrf_assists,0.3.0,empirical_qrf,0.0,0.0,0.0,,3869774966809934574,2026-03-29 22:54:58.816463
2026-03-29,25141,BOS,CBJ,30001264,Hampus Lindholm,assists,rf_qrf_assists,0.3.0,empirical_qrf,0.0,0.0,0.0,,3869774966809934574,2026-03-29 22:54:58.816463
2026-03-29,25141,BOS,CBJ,30002853,Sean Kuraly,assists,rf_qrf_assists,0.3.0,empirical_qrf,0.0,0.0,0.0,,3869774966809934574,2026-03-29 22:54:58.816463
2026-03-29,25141,BOS,CBJ,30003020,Kasimir Kaskisuo,assists,rf_qrf_assists,0.3.0,empirical_qrf,0.0,0.0,0.0,,3869774966809934574,2026-03-29 22:54:58.816463
2026-03-29,25141,BOS,CBJ,30003147,Charlie McAvoy,assists,rf_qrf_assists,0.3.0,empirical_qrf,0.0,0.0,0.0,,3869774966809934574,2026-03-29 22:54:58.816463
2026-03-29,25141,BOS,CBJ,30003151,Riley Tufte,assists,rf_qrf_assists,0.3.0,empirical_qrf,0.0,0.0,0.0,,3869774966809934574,2026-03-29 22:54:58.816463
2026-03-29,25141,BOS,CBJ,30003185,Andrew Peeke,assists,rf_qrf_assists,0.3.0,empirical_qrf,0.0,0.0,0.0,,3869774966809934574,2026-03-29 22:54:58.816463
2026-03-29,25141,BOS,CBJ,30003442,Tanner Jeannot,assists,rf_qrf_assists,0.3.0,empirical_qrf,0.0,0.0,0.0,,3869774966809934574,2026-03-29 22:54:58.816463
2026-03-29,25141,BOS,CBJ,30003581,Shane Starrett,assists,rf_qrf_assists,0.3.0,empirical_qrf,0.0,0.0,0.0,,3869774966809934574,2026-03-29 22:54:58.816463
2026-03-29,25141,BOS,CBJ,30003643,Casey Mittelstadt,assists,rf_qrf_assists,0.3.0,empirical_qrf,0.0,0.0,0.0,,3869774966809934574,2026-03-29 22:54:58.816463
2026-03-29,25141,BOS,CBJ,30003657,Henri Jokiharju,assists,rf_qrf_assists,0.3.0,empirical_qrf,0.0,0.0,0.0,,3869774966809934574,2026-03-29 22:54:58.816463
2026-03-29,25141,BOS,CBJ,30003704,Morgan Geekie,assists,rf_qrf_assists,0.3.0,empirical_qrf,0.0,0.0,0.0,,3869774966809934574,2026-03-29 22:54:58.816463
2026-03-29,25141,BOS,CBJ,30003714,Michael DiPietro,assists,rf_qrf_assists,0.3.0,empirical_qrf,0.0,0.0,0.0,,3869774966809934574,2026-03-29 22:54:58.816463
2026-03-29,25141,BOS,CBJ,30003890,Mikey Eyssimont,assists,rf_qrf_assists,0.3.0,empirical_qrf,0.0,0.0,0.0,,3869774966809934574,2026-03-29 22:54:58.816463
2026-03-29,25141,BOS,CBJ,30003912,Mark Kastelic,assists,rf_qrf_assists,0.3.0,empirical_qrf,0.0,0.0,0.0,,3869774966809934574,2026-03-29 22:54:58.816463
2026-03-29,25141,BOS,CBJ,30003991,Jeremy Swayman,assists,rf_qrf_assists,0.3.0,empirical_qrf,0.0,0.0,0.0,,3869774966809934574,2026-03-29 22:54:58.816463
2026-03-29,25141,BOS,CBJ,30004166,Jordan Harris,assists,rf_qrf_assists,0.3.0,empirical_qrf,0.0,0.0,0.0,,3869774966809934574,2026-03-29 22:54:58.816463
2026-03-29,25141,BOS,CBJ,30004281,Jonathan Aspirot,assists,rf_qrf_assists,0.3.0,empirical_qrf,0.0,0.0,0.0,,3869774966809934574,2026-03-29 22:54:58.816463
2026-03-29,25141,BOS,CBJ,30004477,Victor Soderstrom,assists,rf_qrf_assists,0.3.0,empirical_qrf,0.0,0.0,0.0,,3869774966809934574,2026-03-29 22:54:58.816463
2026-03-29,25141,BOS,CBJ,30004513,John Farinacci,assists,rf_qrf_assists,0.3.0,empirical_qrf,0.0,0.0,0.0,,3869774966809934574,2026-03-29 22:54:58.816463
2026-03-29,25141,BOS,CBJ,30004640,Francois Brassard,assists,rf_qrf_assists,0.3.0,empirical_qrf,0.0,0.0,0.0,,3869774966809934574,2026-03-29 22:54:58.816463
2026-03-29,25141,BOS,CBJ,30004817,Lukas Reichel,assists,rf_qrf_assists,0.3.0,empirical_qrf,0.0,0.0,0.0,,3869774966809934574,2026-03-29 22:54:58.816463
2026-03-29,25141,BOS,CBJ,30004851,Marat Khusnutdinov,assists,rf_qrf_assists,0.3.0,empirical_qrf,0.0,0.0,0.0,,3869774966809934574,2026-03-29 22:54:58.816463
2026-03-29,25141,BOS,CBJ,30004858,Mason Lohrei,assists,rf_qrf_assists,0.3.0,empirical_qrf,0.0,0.0,0.0,,3869774966809934574,2026-03-29 22:54:58.816463
2026-03-29,25141,BOS,CBJ,30004929,Alex Steeves,assists,rf_qrf_assists,0.3.0,empirical_qrf,0.0,0.0,0.0,,3869774966809934574,2026-03-29 22:54:58.816463
2026-03-29,25141,BOS,CBJ,30004998,Fabian Lysell,assists,rf_qrf_assists,0.3.0,empirical_qrf,0.0,0.0,0.0,,3869774966809934574,2026-03-29 22:54:58.816463
2026-03-29,25141,BOS,CBJ,30005090,Navrin Mutter,assists,rf_qrf_assists,0.3.0,empirical_qrf,0.0,0.0,0.0,,3869774966809934574,2026-03-29 22:54:58.816463
2026-03-29,25141,BOS,CBJ,30005092,Billy Sweezey,assists,rf_qrf_assists,0.3.0,empirical_qrf,0.0,0.0,0.0,,3869774966809934574,2026-03-29 22:54:58.816463
2026-03-29,25141,BOS,CBJ,30005170,Maximus Wanner,assists,rf_qrf_assists,0.3.0,empirical_qrf,0.0,0.0,0.0,,3869774966809934574,2026-03-29 22:54:58.816463
2026-03-29,25141,BOS,CBJ,30005341,Shawn Element,assists,rf_qrf_assists,0.3.0,empirical_qrf,0.0,0.0,0.0,,3869774966809934574,2026-03-29 22:54:58.816463
2026-03-29,25141,BOS,CBJ,30005367,Michael Callahan,assists,rf_qrf_assists,0.3.0,empirical_qrf,0.0,0.0,0.0,,3869774966809934574,2026-03-29 22:54:58.816463
2026-03-29,25141,BOS,CBJ,30005580,Georgi Merkulov,assists,rf_qrf_assists,0.3.0,empirical_qrf,0.0,0.0,0.0,,3869774966809934574,2026-03-29 22:54:58.816463
2026-03-29,25141,BOS,CBJ,30005651,Matthew Poitras,assists,rf_qrf_assists,0.3.0,empirical_qrf,0.0,0.0,0.0,,3869774966809934574,2026-03-29 22:54:58.816463
2026-03-29,25141,BOS,CBJ,30005658,Fraser Minten,assists,rf_qrf_assists,0.3.0,empirical_qrf,0.0,0.0,0.0,,3869774966809934574,2026-03-29 22:54:58.816463
2026-03-29,25141,BOS,CBJ,30005749,Nolan Maier,assists,rf_qrf_assists,0.3.0,empirical_qrf,0.0,0.0,0.0,,3869774966809934574,2026-03-29 22:54:58.816463
2026-03-29,25141,BOS,CBJ,30005760,Joseph Abate,assists,rf_qrf_assists,0.3.0,empirical_qrf,0.0,0.0,0.0,,3869774966809934574,2026-03-29 22:54:58.816463
2026-03-29,25141,BOS,CBJ,30005797,Frederic Brunet,assists,rf_qrf_assists,0.3.0,empirical_qrf,0.0,0.0,0.0,,3869774966809934574,2026-03-29 22:54:58.816463
2026-03-29,25141,BOS,CBJ,30006392,Luke Cavallin,assists,rf_qrf_assists,0.3.0,empirical_qrf,0.0,0.0,0.0,,3869774966809934574,2026-03-29 22:54:58.816463
2026-03-29,25141,CBJ,BOS,30000115,Sean Monahan,assists,rf_qrf_assists,0.3.0,empirical_qrf,0.0,0.0,0.0,,3869774966809934574,2026-03-29 22:54:58.816463
2026-03-29,25141,CBJ,BOS,30000207,Damon Severson,assists,rf_qrf_assists,0.3.0,empirical_qrf,0.0,0.0,0.0,,3869774966809934574,2026-03-29 22:54:58.816463
2026-03-29,25141,CBJ,BOS,30000233,Erik Gudbranson,assists,rf_qrf_assists,0.3.0,empirical_qrf,0.0,0.0,0.0,,3869774966809934574,2026-03-29 22:54:58.816463
2026-03-29,25141,CBJ,BOS,30000623,Ivan Provorov,assists,rf_qrf_assists,0.3.0,empirical_qrf,0.0,0.0,0.0,,3869774966809934574,2026-03-29 22:54:58.816463
2026-03-29,25141,CBJ,BOS,30000778,Boone Jenner,assists,rf_qrf_assists,0.3.0,empirical_qrf,0.0,0.0,0.0,,3869774966809934574,2026-03-29 22:54:58.816463
2026-03-29,25141,CBJ,BOS,30000805,Charlie Coyle,assists,rf_qrf_assists,0.3.0,empirical_qrf,0.0,0.0,0.0,,3869774966809934574,2026-03-29 22:54:58.816463
2026-03-29,25141,CBJ,BOS,30000855,Brendan Smith,assists,rf_qrf_assists,0.3.0,empirical_qrf,0.0,0.0,0.0,,3869774966809934574,2026-03-29 22:54:58.816463
2026-03-29,25141,CBJ,BOS,30001196,Brendan Gaunce,assists,rf_qrf_assists,0.3.0,empirical_qrf,0.0,0.0,0.0,,3869774966809934574,2026-03-29 22:54:58.816463
2026-03-29,25141,CBJ,BOS,30002223,Mason Marchment,assists,rf_qrf_assists,0.3.0,empirical_qrf,0.0,0.0,0.0,,3869774966809934574,2026-03-29 22:54:58.816463
2026-03-29,25141,CBJ,BOS,30002554,Hudson Fasching,assists,rf_qrf_assists,0.3.0,empirical_qrf,0.0,0.0,0.0,,3869774966809934574,2026-03-29 22:54:58.816463
2026-03-29,25141,CBJ,BOS,30002593,Dysin Mayo,assists,rf_qrf_assists,0.3.0,empirical_qrf,0.0,0.0,0.0,,3869774966809934574,2026-03-29 22:54:58.816463
2026-03-29,25141,CBJ,BOS,30002616,Elvis Merzlikins,assists,rf_qrf_assists,0.3.0,empirical_qrf,0.0,0.0,0.0,,3869774966809934574,2026-03-29 22:54:58.816463
2026-03-29,25141,CBJ,BOS,30002631,Danton Heinen,assists,rf_qrf_assists,0.3.0,empirical_qrf,0.0,0.0,0.0,,3869774966809934574,2026-03-29 22:54:58.816463
2026-03-29,25141,CBJ,BOS,30002770,Zach Werenski,assists,rf_qrf_assists,0.3.0,empirical_qrf,0.0,0.0,0.0,,3869774966809934574,2026-03-29 22:54:58.816463
2026-03-29,25141,CBJ,BOS,30002876,Conor Garland,assists,rf_qrf_assists,0.3.0,empirical_qrf,0.0,0.0,0.0,,3869774966809934574,2026-03-29 22:54:58.816463
2026-03-29,25141,CBJ,BOS,30003079,Miles Wood,assists,rf_qrf_assists,0.3.0,empirical_qrf,0.0,0.0,0.0,,3869774966809934574,2026-03-29 22:54:58.816463
2026-03-29,25141,CBJ,BOS,30003146,Dante Fabbro,assists,rf_qrf_assists,0.3.0,empirical_qrf,0.0,0.0,0.0,,3869774966809934574,2026-03-29 22:54:58.816463
2026-03-29,25141,CBJ,BOS,30003267,Mathieu Olivier,assists,rf_qrf_assists,0.3.0,empirical_qrf,0.0,0.0,0.0,,3869774966809934574,2026-03-29 22:54:58.816463
2026-03-29,25141,CBJ,BOS,30003269,Zach Sawchenko,assists,rf_qrf_assists,0.3.0,empirical_qrf,0.0,0.0,0.0,,3869774966809934574,2026-03-29 22:54:58.816463
2026-03-29,25141,CBJ,BOS,30003549,Zachary Aston-Reese,assists,rf_qrf_assists,0.3.0,empirical_qrf,0.0,0.0,0.0,,3869774966809934574,2026-03-29 22:54:58.816463
2026-03-29,25141,CBJ,BOS,30004097,Isac Lundestrom,assists,rf_qrf_assists,0.3.0,empirical_qrf,0.0,0.0,0.0,,3869774966809934574,2026-03-29 22:54:58.816463
2026-03-29,25141,CBJ,BOS,30004135,Kirill Marchenko,assists,rf_qrf_assists,0.3.0,empirical_qrf,0.0,0.0,0.0,,3869774966809934574,2026-03-29 22:54:58.816463
2026-03-29,25141,CBJ,BOS,30004172,Curtis Hall,assists,rf_qrf_assists,0.3.0,empirical_qrf,0.0,0.0,0.0,,3869774966809934574,2026-03-29 22:54:58.816463
2026-03-29,25141,CBJ,BOS,30004205,Egor Zamula,assists,rf_qrf_assists,0.3.0,empirical_qrf,0.0,0.0,0.0,,3869774966809934574,2026-03-29 22:54:58.816463
2026-03-29,25141,CBJ,BOS,30004306,Jake Christiansen,assists,rf_qrf_assists,0.3.0,empirical_qrf,0.0,0.0,0.0,,3869774966809934574,2026-03-29 22:54:58.816463
2026-03-29,25141,CBJ,BOS,30004607,Dmitri Voronkov,assists,rf_qrf_assists,0.3.0,empirical_qrf,0.0,0.0,0.0,,3869774966809934574,2026-03-29 22:54:58.816463
2026-03-29,25141,CBJ,BOS,30004988,Cole Sillinger,assists,rf_qrf_assists,0.3.0,empirical_qrf,0.0,0.0,0.0,,3869774966809934574,2026-03-29 22:54:58.816463
2026-03-29,25141,CBJ,BOS,30004989,Kent Johnson,assists,rf_qrf_assists,0.3.0,empirical_qrf,0.0,0.0,0.0,,3869774966809934574,2026-03-29 22:54:58.816463
2026-03-29,25141,CBJ,BOS,30005002,Corson Ceulemans,assists,rf_qrf_assists,0.3.0,empirical_qrf,0.0,0.0,0.0,,3869774966809934574,2026-03-29 22:54:58.816463
2026-03-29,25141,CBJ,BOS,30005049,Jet Greaves,assists,rf_qrf_assists,0.3.0,empirical_qrf,0.0,0.0,0.0,,3869774966809934574,2026-03-29 22:54:58.816463
2026-03-29,25141,CBJ,BOS,30005050,Stanislov Svozil,assists,rf_qrf_assists,0.3.0,empirical_qrf,0.0,0.0,0.0,,3869774966809934574,2026-03-29 22:54:58.816463
2026-03-29,25141,CBJ,BOS,30005053,Ole Julian Bjorgvik-Holm,assists,rf_qrf_assists,0.3.0,empirical_qrf,0.0,0.0,0.0,,3869774966809934574,2026-03-29 22:54:58.816463
2026-03-29,25141,CBJ,BOS,30005088,James Malatesta,assists,rf_qrf_assists,0.3.0,empirical_qrf,0.0,0.0,0.0,,3869774966809934574,2026-03-29 22:54:58.816463
2026-03-29,25141,CBJ,BOS,30005290,Max McCue,assists,rf_qrf_assists,0.3.0,empirical_qrf,0.0,0.0,0.0,,3869774966809934574,2026-03-29 22:54:58.816463
2026-03-29,25141,CBJ,BOS,30005355,Mikael Pyyhtia,assists,rf_qrf_assists,0.3.0,empirical_qrf,0.0,0.0,0.0,,3869774966809934574,2026-03-29 22:54:58.816463
2026-03-29,25141,CBJ,BOS,30005568,Owen Sillinger,assists,rf_qrf_assists,0.3.0,empirical_qrf,0.0,0.0,0.0,,3869774966809934574,2026-03-29 22:54:58.816463
2026-03-29,25141,CBJ,BOS,30005637,Denton Mateychuk,assists,rf_qrf_assists,0.3.0,empirical_qrf,0.0,0.0,0.0,,3869774966809934574,2026-03-29 22:54:58.816463
2026-03-29,25141,CBJ,BOS,30005664,Luca Del Bel Belluz,assists,rf_qrf_assists,0.3.0,empirical_qrf,0.0,0.0,0.0,,3869774966809934574,2026-03-29 22:54:58.816463
2026-03-29,25141,CBJ,BOS,30005699,Jordan Dumais,assists,rf_qrf_assists,0.3.0,empirical_qrf,0.0,0.0,0.0,,3869774966809934574,2026-03-29 22:54:58.816463
2026-03-29,25141,CBJ,BOS,30005733,Roman Ahcan,assists,rf_qrf_assists,0.3.0,empirical_qrf,0.0,0.0,0.0,,3869774966809934574,2026-03-29 22:54:58.816463
2026-03-29,25141,CBJ,BOS,30005736,Nolan Lalonde,assists,rf_qrf_assists,0.3.0,empirical_qrf,0.0,0.0,0.0,,3869774966809934574,2026-03-29 22:54:58.816463
2026-03-29,25141,CBJ,BOS,30006022,Justin Pearson,assists,rf_qrf_assists,0.3.0,empirical_qrf,0.0,0.0,0.0,,3869774966809934574,2026-03-29 22:54:58.816463
2026-03-29,25141,CBJ,BOS,30006026,Hunter McKown,assists,rf_qrf_assists,0.3.0,empirical_qrf,0.0,0.0,0.0,,3869774966809934574,2026-03-29 22:54:58.816463
2026-03-29,25141,CBJ,BOS,30006063,Adam Fantilli,assists,rf_qrf_assists,0.3.0,empirical_qrf,0.0,0.0,0.0,,3869774966809934574,2026-03-29 22:54:58.816463
2026-03-29,25141,CBJ,BOS,30006337,Riley Bezeau,assists,rf_qrf_assists,0.3.0,empirical_qrf,0.0,0.0,0.0,,3869774966809934574,2026-03-29 22:54:58.816463
2026-03-29,25142,NAS,TB,30000183,Filip Forsberg,assists,rf_qrf_assists,0.3.0,empirical_qrf,0.0,0.0,0.0,,3869774966809934574,2026-03-29 22:54:58.816463
2026-03-29,25142,NAS,TB,30000184,Roman Josi,assists,rf_qrf_assists,0.3.0,empirical_qrf,0.0,0.0,0.0,,3869774966809934574,2026-03-29 22:54:58.816463
2026-03-29,25142,NAS,TB,30000222,Juuse Saros,assists,rf_qrf_assists,0.3.0,empirical_qrf,0.0,0.0,0.0,,3869774966809934574,2026-03-29 22:54:58.816463
2026-03-29,25142,NAS,TB,30000324,Brady Skjei,assists,rf_qrf_assists,0.3.0,empirical_qrf,0.0,0.0,0.0,,3869774966809934574,2026-03-29 22:54:58.816463
2026-03-29,25142,NAS,TB,30000716,Daniel Carr,assists,rf_qrf_assists,0.3.0,empirical_qrf,0.0,0.0,0.0,,3869774966809934574,2026-03-29 22:54:58.816463
2026-03-29,25142,NAS,TB,30000743,Steven Stamkos,assists,rf_qrf_assists,0.3.0,empirical_qrf,0.0,0.0,0.0,,3869774966809934574,2026-03-29 22:54:58.816463
2026-03-29,25142,NAS,TB,30000810,Erik Haula,assists,rf_qrf_assists,0.3.0,empirical_qrf,0.0,0.0,0.0,,3869774966809934574,2026-03-29 22:54:58.816463
2026-03-29,25142,NAS,TB,30000979,Ryan O'Reilly,assists,rf_qrf_assists,0.3.0,empirical_qrf,0.0,0.0,0.0,,3869774966809934574,2026-03-29 22:54:58.816463
2026-03-29,25142,NAS,TB,30001048,Jonathan Marchessault,assists,rf_qrf_assists,0.3.0,empirical_qrf,0.0,0.0,0.0,,3869774966809934574,2026-03-29 22:54:58.816463
2026-03-29,25142,NAS,TB,30002591,Andreas Englund,assists,rf_qrf_assists,0.3.0,empirical_qrf,0.0,0.0,0.0,,3869774966809934574,2026-03-29 22:54:58.816463
2026-03-29,25142,NAS,TB,30003140,Tyson Jost,assists,rf_qrf_assists,0.3.0,empirical_qrf,0.0,0.0,0.0,,3869774966809934574,2026-03-29 22:54:58.816463
2026-03-29,25142,NAS,TB,30003206,Dylan Gambrell,assists,rf_qrf_assists,0.3.0,empirical_qrf,0.0,0.0,0.0,,3869774966809934574,2026-03-29 22:54:58.816463
2026-03-29,25142,NAS,TB,30003700,Nicolas Hague,assists,rf_qrf_assists,0.3.0,empirical_qrf,0.0,0.0,0.0,,3869774966809934574,2026-03-29 22:54:58.816463
2026-03-29,25142,NAS,TB,30004161,Justus Annunen,assists,rf_qrf_assists,0.3.0,empirical_qrf,0.0,0.0,0.0,,3869774966809934574,2026-03-29 22:54:58.816463
2026-03-29,25142,NAS,TB,30004606,Nick Perbix,assists,rf_qrf_assists,0.3.0,empirical_qrf,0.0,0.0,0.0,,3869774966809934574,2026-03-29 22:54:58.816463
2026-03-29,25142,NAS,TB,30004716,Zack Hayes,assists,rf_qrf_assists,0.3.0,empirical_qrf,0.0,0.0,0.0,,3869774966809934574,2026-03-29 22:54:58.816463
2026-03-29,25142,NAS,TB,30004725,Ethan Haider,assists,rf_qrf_assists,0.3.0,empirical_qrf,0.0,0.0,0.0,,3869774966809934574,2026-03-29 22:54:58.816463
2026-03-29,25142,NAS,TB,30004795,Justin Barron,assists,rf_qrf_assists,0.3.0,empirical_qrf,0.0,0.0,0.0,,3869774966809934574,2026-03-29 22:54:58.816463
2026-03-29,25142,NAS,TB,30004822,Ozzy Wiesblatt,assists,rf_qrf_assists,0.3.0,empirical_qrf,0.0,0.0,0.0,,3869774966809934574,2026-03-29 22:54:58.816463
2026-03-29,25142,NAS,TB,30004834,Luke Evangelista,assists,rf_qrf_assists,0.3.0,empirical_qrf,0.0,0.0,0.0,,3869774966809934574,2026-03-29 22:54:58.816463
2026-03-29,25142,NAS,TB,30004907,Ryder Rolston,assists,rf_qrf_assists,0.3.0,empirical_qrf,0.0,0.0,0.0,,3869774966809934574,2026-03-29 22:54:58.816463
2026-03-29,25142,NAS,TB,30004944,Magnus Chrona,assists,rf_qrf_assists,0.3.0,empirical_qrf,0.0,0.0,0.0,,3869774966809934574,2026-03-29 22:54:58.816463
2026-03-29,25142,NAS,TB,30004991,Fedor Svechkov,assists,rf_qrf_assists,0.3.0,empirical_qrf,0.0,0.0,0.0,,3869774966809934574,2026-03-29 22:54:58.816463
2026-03-29,25142,NAS,TB,30005006,Zachary L'Heureux,assists,rf_qrf_assists,0.3.0,empirical_qrf,0.0,0.0,0.0,,3869774966809934574,2026-03-29 22:54:58.816463
2026-03-29,25142,NAS,TB,30005190,Jack Matier,assists,rf_qrf_assists,0.3.0,empirical_qrf,0.0,0.0,0.0,,3869774966809934574,2026-03-29 22:54:58.816463
2026-03-29,25142,NAS,TB,30005233,Adam Wilsby,assists,rf_qrf_assists,0.3.0,empirical_qrf,0.0,0.0,0.0,,3869774966809934574,2026-03-29 22:54:58.816463
2026-03-29,25142,NAS,TB,30005237,Ryan Ufko,assists,rf_qrf_assists,0.3.0,empirical_qrf,0.0,0.0,0.0,,3869774966809934574,2026-03-29 22:54:58.816463
2026-03-29,25142,NAS,TB,30005617,Joakim Kemell,assists,rf_qrf_assists,0.3.0,empirical_qrf,0.0,0.0,0.0,,3869774966809934574,2026-03-29 22:54:58.816463
2026-03-29,25142,NAS,TB,30005648,Reid Schaefer,assists,rf_qrf_assists,0.3.0,empirical_qrf,0.0,0.0,0.0,,3869774966809934574,2026-03-29 22:54:58.816463
2026-03-29,25142,NAS,TB,30005829,Christoffer Sedoff,assists,rf_qrf_assists,0.3.0,empirical_qrf,0.0,0.0,0.0,,3869774966809934574,2026-03-29 22:54:58.816463
2026-03-29,25142,NAS,TB,30005835,Chad Nychuk,assists,rf_qrf_assists,0.3.0,empirical_qrf,0.0,0.0,0.0,,3869774966809934574,2026-03-29 22:54:58.816463
2026-03-29,25142,NAS,TB,30005933,Austin Roest,assists,rf_qrf_assists,0.3.0,empirical_qrf,0.0,0.0,0.0,,3869774966809934574,2026-03-29 22:54:58.816463
2026-03-29,25142,NAS,TB,30006080,Tanner Molendyk,assists,rf_qrf_assists,0.3.0,empirical_qrf,0.0,0.0,0.0,,3869774966809934574,2026-03-29 22:54:58.816463
2026-03-29,25142,NAS,TB,30006081,Matthew Wood,assists,rf_qrf_assists,0.3.0,empirical_qrf,0.0,0.0,0.0,,3869774966809934574,2026-03-29 22:54:58.816463
2026-03-29,25142,NAS,TB,30006089,David Edstrom,assists,rf_qrf_assists,0.3.0,empirical_qrf,0.0,0.0,0.0,,3869774966809934574,2026-03-29 22:54:58.816463
2026-03-29,25142,NAS,TB,30006095,Andrew Gibson,assists,rf_qrf_assists,0.3.0,empirical_qrf,0.0,0.0,0.0,,3869774966809934574,2026-03-29 22:54:58.816463
2026-03-29,25142,NAS,TB,30006107,Kalan Lind,assists,rf_qrf_assists,0.3.0,empirical_qrf,0.0,0.0,0.0,,3869774966809934574,2026-03-29 22:54:58.816463
2026-03-29,25142,NAS,TB,30006185,Joey Willis,assists,rf_qrf_assists,0.3.0,empirical_qrf,0.0,0.0,0.0,,3869774966809934574,2026-03-29 22:54:58.816463
2026-03-29,25142,TB,NAS,30000428,Oliver Bjorkstrand,assists,rf_qrf_assists,0.3.0,empirical_qrf,0.0,0.0,0.0,,3869774966809934574,2026-03-29 22:54:58.816463
2026-03-29,25142,TB,NAS,30000477,Nick Paul,assists,rf_qrf_assists,0.3.0,empirical_qrf,0.0,0.0,0.0,,3869774966809934574,2026-03-29 22:54:58.816463
2026-03-29,25142,TB,NAS,30000502,Zemgus Girgensons,assists,rf_qrf_assists,0.3.0,empirical_qrf,0.0,0.0,0.0,,3869774966809934574,2026-03-29 22:54:58.816463
2026-03-29,25142,TB,NAS,30000737,Victor Hedman,assists,rf_qrf_assists,0.3.0,empirical_qrf,0.0,0.0,0.0,,3869774966809934574,2026-03-29 22:54:58.816463
2026-03-29,25142,TB,NAS,30000742,Brayden Point,assists,rf_qrf_assists,0.3.0,empirical_qrf,0.0,0.0,0.0,,3869774966809934574,2026-03-29 22:54:58.816463
2026-03-29,25142,TB,NAS,30001047,Nikita Kucherov,assists,rf_qrf_assists,0.3.0,empirical_qrf,0.0,0.0,0.0,,3869774966809934574,2026-03-29 22:54:58.816463
2026-03-29,25142,TB,NAS,30001084,Ryan McDonagh,assists,rf_qrf_assists,0.3.0,empirical_qrf,0.0,0.0,0.0,,3869774966809934574,2026-03-29 22:54:58.816463
2026-03-29,25142,TB,NAS,30001178,Yanni Gourde,assists,rf_qrf_assists,0.3.0,empirical_qrf,0.0,0.0,0.0,,3869774966809934574,2026-03-29 22:54:58.816463
2026-03-29,25142,TB,NAS,30001265,Corey Perry,assists,rf_qrf_assists,0.3.0,empirical_qrf,0.0,0.0,0.0,,3869774966809934574,2026-03-29 22:54:58.816463
2026-03-29,25142,TB,NAS,30001377,Andrei Vasilevskiy,assists,rf_qrf_assists,0.3.0,empirical_qrf,0.0,0.0,0.0,,3869774966809934574,2026-03-29 22:54:58.816463
2026-03-29,25142,TB,NAS,30002516,Steven Santini,assists,rf_qrf_assists,0.3.0,empirical_qrf,0.0,0.0,0.0,,3869774966809934574,2026-03-29 22:54:58.816463
2026-03-29,25142,TB,NAS,30002532,Jake Guentzel,assists,rf_qrf_assists,0.3.0,empirical_qrf,0.0,0.0,0.0,,3869774966809934574,2026-03-29 22:54:58.816463
2026-03-29,25142,TB,NAS,30002549,Scott Sabourin,assists,rf_qrf_assists,0.3.0,empirical_qrf,0.0,0.0,0.0,,3869774966809934574,2026-03-29 22:54:58.816463
2026-03-29,25142,TB,NAS,30002604,Brandon Halverson,assists,rf_qrf_assists,0.3.0,empirical_qrf,0.0,0.0,0.0,,3869774966809934574,2026-03-29 22:54:58.816463
2026-03-29,25142,TB,NAS,30002606,Jonas Johansson,assists,rf_qrf_assists,0.3.0,empirical_qrf,0.0,0.0,0.0,,3869774966809934574,2026-03-29 22:54:58.816463
2026-03-29,25142,TB,NAS,30002821,Erik Cernak,assists,rf_qrf_assists,0.3.0,empirical_qrf,0.0,0.0,0.0,,3869774966809934574,2026-03-29 22:54:58.816463
2026-03-29,25142,TB,NAS,30002845,Anthony Cirelli,assists,rf_qrf_assists,0.3.0,empirical_qrf,0.0,0.0,0.0,,3869774966809934574,2026-03-29 22:54:58.816463
2026-03-29,25142,TB,NAS,30002974,Kale Kessy,assists,rf_qrf_assists,0.3.0,empirical_qrf,0.0,0.0,0.0,,3869774966809934574,2026-03-29 22:54:58.816463
2026-03-29,25142,TB,NAS,30003250,Brandon Hagel,assists,rf_qrf_assists,0.3.0,empirical_qrf,0.0,0.0,0.0,,3869774966809934574,2026-03-29 22:54:58.816463
2026-03-29,25142,TB,NAS,30003478,Darren Raddysh,assists,rf_qrf_assists,0.3.0,empirical_qrf,0.0,0.0,0.0,,3869774966809934574,2026-03-29 22:54:58.816463
2026-03-29,25142,TB,NAS,30003688,Ian Mitchell,assists,rf_qrf_assists,0.3.0,empirical_qrf,0.0,0.0,0.0,,3869774966809934574,2026-03-29 22:54:58.816463
2026-03-29,25142,TB,NAS,30004280,Joel Teasdale,assists,rf_qrf_assists,0.3.0,empirical_qrf,0.0,0.0,0.0,,3869774966809934574,2026-03-29 22:54:58.816463
2026-03-29,25142,TB,NAS,30004487,Jakob Pelletier,assists,rf_qrf_assists,0.3.0,empirical_qrf,0.0,0.0,0.0,,3869774966809934574,2026-03-29 22:54:58.816463
2026-03-29,25142,TB,NAS,30004540,Reece Newkirk,assists,rf_qrf_assists,0.3.0,empirical_qrf,0.0,0.0,0.0,,3869774966809934574,2026-03-29 22:54:58.816463
2026-03-29,25142,TB,NAS,30004567,Simon Lundmark,assists,rf_qrf_assists,0.3.0,empirical_qrf,0.0,0.0,0.0,,3869774966809934574,2026-03-29 22:54:58.816463
2026-03-29,25142,TB,NAS,30004631,Charle-Edouard D'Astous,assists,rf_qrf_assists,0.3.0,empirical_qrf,0.0,0.0,0.0,,3869774966809934574,2026-03-29 22:54:58.816463
2026-03-29,25142,TB,NAS,30004754,Mitchell Chaffee,assists,rf_qrf_assists,0.3.0,empirical_qrf,0.0,0.0,0.0,,3869774966809934574,2026-03-29 22:54:58.816463
2026-03-29,25142,TB,NAS,30004838,Gage Goncalves,assists,rf_qrf_assists,0.3.0,empirical_qrf,0.0,0.0,0.0,,3869774966809934574,2026-03-29 22:54:58.816463
2026-03-29,25142,TB,NAS,30004840,Maxim Groshev,assists,rf_qrf_assists,0.3.0,empirical_qrf,0.0,0.0,0.0,,3869774966809934574,2026-03-29 22:54:58.816463
2026-03-29,25142,TB,NAS,30004974,Pontus Holmberg,assists,rf_qrf_assists,0.3.0,empirical_qrf,0.0,0.0,0.0,,3869774966809934574,2026-03-29 22:54:58.816463
2026-03-29,25142,TB,NAS,30005044,J.J. Moser,assists,rf_qrf_assists,0.3.0,empirical_qrf,0.0,0.0,0.0,,3869774966809934574,2026-03-29 22:54:58.816463
2026-03-29,25142,TB,NAS,30005054,Matteo Pietroniro,assists,rf_qrf_assists,0.3.0,empirical_qrf,0.0,0.0,0.0,,3869774966809934574,2026-03-29 22:54:58.816463
2026-03-29,25142,TB,NAS,30005366,Emil Lilleberg,assists,rf_qrf_assists,0.3.0,empirical_qrf,0.0,0.0,0.0,,3869774966809934574,2026-03-29 22:54:58.816463
2026-03-29,25142,TB,NAS,30005421,Maxwell Crozier,assists,rf_qrf_assists,0.3.0,empirical_qrf,0.0,0.0,0.0,,3869774966809934574,2026-03-29 22:54:58.816463
2026-03-29,25142,TB,NAS,30005562,Declan Carlile,assists,rf_qrf_assists,0.3.0,empirical_qrf,0.0,0.0,0.0,,3869774966809934574,2026-03-29 22:54:58.816463
2026-03-29,25142,TB,NAS,30005740,Dyllan Gill,assists,rf_qrf_assists,0.3.0,empirical_qrf,0.0,0.0,0.0,,3869774966809934574,2026-03-29 22:54:58.816463
2026-03-29,25142,TB,NAS,30005768,Tommy Miller,assists,rf_qrf_assists,0.3.0,empirical_qrf,0.0,0.0,0.0,,3869774966809934574,2026-03-29 22:54:58.816463
2026-03-29,25142,TB,NAS,30006012,Daniel Walker,assists,rf_qrf_assists,0.3.0,empirical_qrf,0.0,0.0,0.0,,3869774966809934574,2026-03-29 22:54:58.816463
2026-03-29,25142,TB,NAS,30006096,Ethan Gauthier,assists,rf_qrf_assists,0.3.0,empirical_qrf,0.0,0.0,0.0,,3869774966809934574,2026-03-29 22:54:58.816463
2026-03-29,25142,TB,NAS,30006311,Tristan Allard,assists,rf_qrf_assists,0.3.0,empirical_qrf,0.0,0.0,0.0,,3869774966809934574,2026-03-29 22:54:58.816463
2026-03-29,25142,TB,NAS,30006313,Gabriel Szturc,assists,rf_qrf_assists,0.3.0,empirical_qrf,0.0,0.0,0.0,,3869774966809934574,2026-03-29 22:54:58.816463
2026-03-29,25142,TB,NAS,30006329,Brendan Furry,assists,rf_qrf_assists,0.3.0,empirical_qrf,0.0,0.0,0.0,,3869774966809934574,2026-03-29 22:54:58.816463
2026-03-29,25143,MON,CAR,30000015,Brendan Gallagher,assists,rf_qrf_assists,0.3.0,empirical_qrf,0.0,0.0,0.0,,3869774966809934574,2026-03-29 22:54:58.816463
2026-03-29,25143,MON,CAR,30000227,Mike Matheson,assists,rf_qrf_assists,0.3.0,empirical_qrf,0.0,0.0,0.0,,3869774966809934574,2026-03-29 22:54:58.816463
2026-03-29,25143,MON,CAR,30000555,Tyler Wotherspoon,assists,rf_qrf_assists,0.3.0,empirical_qrf,0.0,0.0,0.0,,3869774966809934574,2026-03-29 22:54:58.816463
2026-03-29,25143,MON,CAR,30000670,Sammy Blais,assists,rf_qrf_assists,0.3.0,empirical_qrf,0.0,0.0,0.0,,3869774966809934574,2026-03-29 22:54:58.816463
2026-03-29,25143,MON,CAR,30001395,Laurent Dauphin,assists,rf_qrf_assists,0.3.0,empirical_qrf,0.0,0.0,0.0,,3869774966809934574,2026-03-29 22:54:58.816463
2026-03-29,25143,MON,CAR,30001424,Phillip Danault,assists,rf_qrf_assists,0.3.0,empirical_qrf,0.0,0.0,0.0,,3869774966809934574,2026-03-29 22:54:58.816463
2026-03-29,25143,MON,CAR,30002592,Kaapo Kahkonen,assists,rf_qrf_assists,0.3.0,empirical_qrf,0.0,0.0,0.0,,3869774966809934574,2026-03-29 22:54:58.816463
2026-03-29,25143,MON,CAR,30002601,Joshua Jacobs,assists,rf_qrf_assists,0.3.0,empirical_qrf,0.0,0.0,0.0,,3869774966809934574,2026-03-29 22:54:58.816463
2026-03-29,25143,MON,CAR,30002663,Vincent Arseneau,assists,rf_qrf_assists,0.3.0,empirical_qrf,0.0,0.0,0.0,,3869774966809934574,2026-03-29 22:54:58.816463
2026-03-29,25143,MON,CAR,30002781,Sam Montembeault,assists,rf_qrf_assists,0.3.0,empirical_qrf,0.0,0.0,0.0,,3869774966809934574,2026-03-29 22:54:58.816463
2026-03-29,25143,MON,CAR,30002825,Alexandre Carrier,assists,rf_qrf_assists,0.3.0,empirical_qrf,0.0,0.0,0.0,,3869774966809934574,2026-03-29 22:54:58.816463
2026-03-29,25143,MON,CAR,30003131,Patrik Laine,assists,rf_qrf_assists,0.3.0,empirical_qrf,0.0,0.0,0.0,,3869774966809934574,2026-03-29 22:54:58.816463
2026-03-29,25143,MON,CAR,30003667,Nick Suzuki,assists,rf_qrf_assists,0.3.0,empirical_qrf,0.0,0.0,0.0,,3869774966809934574,2026-03-29 22:54:58.816463
2026-03-29,25143,MON,CAR,30003687,Alexandre Texier,assists,rf_qrf_assists,0.3.0,empirical_qrf,0.0,0.0,0.0,,3869774966809934574,2026-03-29 22:54:58.816463
2026-03-29,25143,MON,CAR,30003901,Alex Belzile,assists,rf_qrf_assists,0.3.0,empirical_qrf,0.0,0.0,0.0,,3869774966809934574,2026-03-29 22:54:58.816463
2026-03-29,25143,MON,CAR,30003958,Nate Clurman,assists,rf_qrf_assists,0.3.0,empirical_qrf,0.0,0.0,0.0,,3869774966809934574,2026-03-29 22:54:58.816463
2026-03-29,25143,MON,CAR,30003990,Jake Evans,assists,rf_qrf_assists,0.3.0,empirical_qrf,0.0,0.0,0.0,,3869774966809934574,2026-03-29 22:54:58.816463
2026-03-29,25143,MON,CAR,30004086,Noah Dobson,assists,rf_qrf_assists,0.3.0,empirical_qrf,0.0,0.0,0.0,,3869774966809934574,2026-03-29 22:54:58.816463
2026-03-29,25143,MON,CAR,30004101,Joe Veleno,assists,rf_qrf_assists,0.3.0,empirical_qrf,0.0,0.0,0.0,,3869774966809934574,2026-03-29 22:54:58.816463
2026-03-29,25143,MON,CAR,30004204,Wyatte Wylie,assists,rf_qrf_assists,0.3.0,empirical_qrf,0.0,0.0,0.0,,3869774966809934574,2026-03-29 22:54:58.816463
2026-03-29,25143,MON,CAR,30004284,Kevin Mandolese,assists,rf_qrf_assists,0.3.0,empirical_qrf,0.0,0.0,0.0,,3869774966809934574,2026-03-29 22:54:58.816463
2026-03-29,25143,MON,CAR,30004361,Josh Anderson,assists,rf_qrf_assists,0.3.0,empirical_qrf,0.0,0.0,0.0,,3869774966809934574,2026-03-29 22:54:58.816463
2026-03-29,25143,MON,CAR,30004472,Kirby Dach,assists,rf_qrf_assists,0.3.0,empirical_qrf,0.0,0.0,0.0,,3869774966809934574,2026-03-29 22:54:58.816463
2026-03-29,25143,MON,CAR,30004486,Alex Newhook,assists,rf_qrf_assists,0.3.0,empirical_qrf,0.0,0.0,0.0,,3869774966809934574,2026-03-29 22:54:58.816463
2026-03-29,25143,MON,CAR,30004520,Hunter Jones,assists,rf_qrf_assists,0.3.0,empirical_qrf,0.0,0.0,0.0,,3869774966809934574,2026-03-29 22:54:58.816463
2026-03-29,25143,MON,CAR,30004559,Jayden Struble,assists,rf_qrf_assists,0.3.0,empirical_qrf,0.0,0.0,0.0,,3869774966809934574,2026-03-29 22:54:58.816463
2026-03-29,25143,MON,CAR,30004803,Kaiden Guhle,assists,rf_qrf_assists,0.3.0,empirical_qrf,0.0,0.0,0.0,,3869774966809934574,2026-03-29 22:54:58.816463
2026-03-29,25143,MON,CAR,30004876,Ty Smilanic,assists,rf_qrf_assists,0.3.0,empirical_qrf,0.0,0.0,0.0,,3869774966809934574,2026-03-29 22:54:58.816463
2026-03-29,25143,MON,CAR,30004894,Sean Farrell,assists,rf_qrf_assists,0.3.0,empirical_qrf,0.0,0.0,0.0,,3869774966809934574,2026-03-29 22:54:58.816463
2026-03-29,25143,MON,CAR,30004928,Cole Caufield,assists,rf_qrf_assists,0.3.0,empirical_qrf,0.0,0.0,0.0,,3869774966809934574,2026-03-29 22:54:58.816463
2026-03-29,25143,MON,CAR,30004950,Marc Del Gaizo,assists,rf_qrf_assists,0.3.0,empirical_qrf,0.0,0.0,0.0,,3869774966809934574,2026-03-29 22:54:58.816463
2026-03-29,25143,MON,CAR,30004990,Zachary Bolduc,assists,rf_qrf_assists,0.3.0,empirical_qrf,0.0,0.0,0.0,,3869774966809934574,2026-03-29 22:54:58.816463
2026-03-29,25143,MON,CAR,30005021,Oliver Kapanen,assists,rf_qrf_assists,0.3.0,empirical_qrf,0.0,0.0,0.0,,3869774966809934574,2026-03-29 22:54:58.816463
2026-03-29,25143,MON,CAR,30005118,Tobie Paquette-Bisson,assists,rf_qrf_assists,0.3.0,empirical_qrf,0.0,0.0,0.0,,3869774966809934574,2026-03-29 22:54:58.816463
2026-03-29,25143,MON,CAR,30005121,Joshua Roy,assists,rf_qrf_assists,0.3.0,empirical_qrf,0.0,0.0,0.0,,3869774966809934574,2026-03-29 22:54:58.816463
2026-03-29,25143,MON,CAR,30005122,Xavier Simoneau,assists,rf_qrf_assists,0.3.0,empirical_qrf,0.0,0.0,0.0,,3869774966809934574,2026-03-29 22:54:58.816463
2026-03-29,25143,MON,CAR,30005127,Joe Vrbetic,assists,rf_qrf_assists,0.3.0,empirical_qrf,0.0,0.0,0.0,,3869774966809934574,2026-03-29 22:54:58.816463
2026-03-29,25143,MON,CAR,30005128,Arber Xhekaj,assists,rf_qrf_assists,0.3.0,empirical_qrf,0.0,0.0,0.0,,3869774966809934574,2026-03-29 22:54:58.816463
2026-03-29,25143,MON,CAR,30005175,Jake Chiasson,assists,rf_qrf_assists,0.3.0,empirical_qrf,0.0,0.0,0.0,,3869774966809934574,2026-03-29 22:54:58.816463
2026-03-29,25143,MON,CAR,30005287,Gannon Laroque,assists,rf_qrf_assists,0.3.0,empirical_qrf,0.0,0.0,0.0,,3869774966809934574,2026-03-29 22:54:58.816463
2026-03-29,25143,MON,CAR,30005288,Ben Gaudreau,assists,rf_qrf_assists,0.3.0,empirical_qrf,0.0,0.0,0.0,,3869774966809934574,2026-03-29 22:54:58.816463
2026-03-29,25143,MON,CAR,30005534,Jakub Dobes,assists,rf_qrf_assists,0.3.0,empirical_qrf,0.0,0.0,0.0,,3869774966809934574,2026-03-29 22:54:58.816463
2026-03-29,25143,MON,CAR,30005574,Lucas Condotta,assists,rf_qrf_assists,0.3.0,empirical_qrf,0.0,0.0,0.0,,3869774966809934574,2026-03-29 22:54:58.816463
2026-03-29,25143,MON,CAR,30005631,Juraj Slafkovsky,assists,rf_qrf_assists,0.3.0,empirical_qrf,0.0,0.0,0.0,,3869774966809934574,2026-03-29 22:54:58.816463
2026-03-29,25143,MON,CAR,30005645,Filip Mesar,assists,rf_qrf_assists,0.3.0,empirical_qrf,0.0,0.0,0.0,,3869774966809934574,2026-03-29 22:54:58.816463
2026-03-29,25143,MON,CAR,30005655,Lane Hutson,assists,rf_qrf_assists,0.3.0,empirical_qrf,0.0,0.0,0.0,,3869774966809934574,2026-03-29 22:54:58.816463
2026-03-29,25143,MON,CAR,30005656,Owen Beck,assists,rf_qrf_assists,0.3.0,empirical_qrf,0.0,0.0,0.0,,3869774966809934574,2026-03-29 22:54:58.816463
2026-03-29,25143,MON,CAR,30005806,Jared Davidson,assists,rf_qrf_assists,0.3.0,empirical_qrf,0.0,0.0,0.0,,3869774966809934574,2026-03-29 22:54:58.816463
2026-03-29,25143,MON,CAR,30006060,David Reinbacher,assists,rf_qrf_assists,0.3.0,empirical_qrf,0.0,0.0,0.0,,3869774966809934574,2026-03-29 22:54:58.816463
2026-03-29,25143,MON,CAR,30006127,Jacob Fowler,assists,rf_qrf_assists,0.3.0,empirical_qrf,0.0,0.0,0.0,,3869774966809934574,2026-03-29 22:54:58.816463
2026-03-29,25143,MON,CAR,30006152,Florian Xhekaj,assists,rf_qrf_assists,0.3.0,empirical_qrf,0.0,0.0,0.0,,3869774966809934574,2026-03-29 22:54:58.816463
2026-03-29,25143,MON,CAR,30006358,Israel Mianscum,assists,rf_qrf_assists,0.3.0,empirical_qrf,0.0,0.0,0.0,,3869774966809934574,2026-03-29 22:54:58.816463
2026-03-29,25143,MON,CAR,30006485,Ivan Demidov,assists,rf_qrf_assists,0.3.0,empirical_qrf,0.0,0.0,0.0,,3869774966809934574,2026-03-29 22:54:58.816463
2026-03-29,25143,CAR,MON,30000271,Shayne Gostisbehere,assists,rf_qrf_assists,0.3.0,empirical_qrf,0.0,0.0,0.0,,3869774966809934574,2026-03-29 22:54:58.816463
2026-03-29,25143,CAR,MON,30000358,Jordan Staal,assists,rf_qrf_assists,0.3.0,empirical_qrf,0.0,0.0,0.0,,3869774966809934574,2026-03-29 22:54:58.816463
2026-03-29,25143,CAR,MON,30000501,Nicolas Deslauriers,assists,rf_qrf_assists,0.3.0,empirical_qrf,0.0,0.0,0.0,,3869774966809934574,2026-03-29 22:54:58.816463
2026-03-29,25143,CAR,MON,30000510,William Carrier,assists,rf_qrf_assists,0.3.0,empirical_qrf,0.0,0.0,0.0,,3869774966809934574,2026-03-29 22:54:58.816463
2026-03-29,25143,CAR,MON,30000525,Mike Reilly,assists,rf_qrf_assists,0.3.0,empirical_qrf,0.0,0.0,0.0,,3869774966809934574,2026-03-29 22:54:58.816463
2026-03-29,25143,CAR,MON,30000643,Jaccob Slavin,assists,rf_qrf_assists,0.3.0,empirical_qrf,0.0,0.0,0.0,,3869774966809934574,2026-03-29 22:54:58.816463
2026-03-29,25143,CAR,MON,30000822,Nikolaj Ehlers,assists,rf_qrf_assists,0.3.0,empirical_qrf,0.0,0.0,0.0,,3869774966809934574,2026-03-29 22:54:58.816463
2026-03-29,25143,CAR,MON,30000948,Jordan Martinook,assists,rf_qrf_assists,0.3.0,empirical_qrf,0.0,0.0,0.0,,3869774966809934574,2026-03-29 22:54:58.816463
2026-03-29,25143,CAR,MON,30001187,Taylor Hall,assists,rf_qrf_assists,0.3.0,empirical_qrf,0.0,0.0,0.0,,3869774966809934574,2026-03-29 22:54:58.816463
2026-03-29,25143,CAR,MON,30001203,Frederik Andersen,assists,rf_qrf_assists,0.3.0,empirical_qrf,0.0,0.0,0.0,,3869774966809934574,2026-03-29 22:54:58.816463
2026-03-29,25143,CAR,MON,30002309,Mark Jankowski,assists,rf_qrf_assists,0.3.0,empirical_qrf,0.0,0.0,0.0,,3869774966809934574,2026-03-29 22:54:58.816463
2026-03-29,25143,CAR,MON,30002819,Sebastian Aho,assists,rf_qrf_assists,0.3.0,empirical_qrf,0.0,0.0,0.0,,3869774966809934574,2026-03-29 22:54:58.816463
2026-03-29,25143,CAR,MON,30002980,Eric Robinson,assists,rf_qrf_assists,0.3.0,empirical_qrf,0.0,0.0,0.0,,3869774966809934574,2026-03-29 22:54:58.816463
2026-03-29,25143,CAR,MON,30003180,Givani Smith,assists,rf_qrf_assists,0.3.0,empirical_qrf,0.0,0.0,0.0,,3869774966809934574,2026-03-29 22:54:58.816463
2026-03-29,25143,CAR,MON,30003359,Jalen Chatfield,assists,rf_qrf_assists,0.3.0,empirical_qrf,0.0,0.0,0.0,,3869774966809934574,2026-03-29 22:54:58.816463
2026-03-29,25143,CAR,MON,30003662,Juuso Valimaki,assists,rf_qrf_assists,0.3.0,empirical_qrf,0.0,0.0,0.0,,3869774966809934574,2026-03-29 22:54:58.816463
2026-03-29,25143,CAR,MON,30003786,Sean Walker,assists,rf_qrf_assists,0.3.0,empirical_qrf,0.0,0.0,0.0,,3869774966809934574,2026-03-29 22:54:58.816463
2026-03-29,25143,CAR,MON,30004075,Jesperi Kotkaniemi,assists,rf_qrf_assists,0.3.0,empirical_qrf,0.0,0.0,0.0,,3869774966809934574,2026-03-29 22:54:58.816463
2026-03-29,25143,CAR,MON,30004076,Andrei Svechnikov,assists,rf_qrf_assists,0.3.0,empirical_qrf,0.0,0.0,0.0,,3869774966809934574,2026-03-29 22:54:58.816463
2026-03-29,25143,CAR,MON,30004082,K'Andre Miller,assists,rf_qrf_assists,0.3.0,empirical_qrf,0.0,0.0,0.0,,3869774966809934574,2026-03-29 22:54:58.816463
2026-03-29,25143,CAR,MON,30004385,Cayden Primeau,assists,rf_qrf_assists,0.3.0,empirical_qrf,0.0,0.0,0.0,,3869774966809934574,2026-03-29 22:54:58.816463
2026-03-29,25143,CAR,MON,30004537,Domenick Fensore,assists,rf_qrf_assists,0.3.0,empirical_qrf,0.0,0.0,0.0,,3869774966809934574,2026-03-29 22:54:58.816463
2026-03-29,25143,CAR,MON,30004602,Nikita Pavlychev,assists,rf_qrf_assists,0.3.0,empirical_qrf,0.0,0.0,0.0,,3869774966809934574,2026-03-29 22:54:58.816463
2026-03-29,25143,CAR,MON,30004806,Seth Jarvis,assists,rf_qrf_assists,0.3.0,empirical_qrf,0.0,0.0,0.0,,3869774966809934574,2026-03-29 22:54:58.816463
2026-03-29,25143,CAR,MON,30004865,Alexander Nikishin,assists,rf_qrf_assists,0.3.0,empirical_qrf,0.0,0.0,0.0,,3869774966809934574,2026-03-29 22:54:58.816463
2026-03-29,25143,CAR,MON,30004913,Evan Vierling,assists,rf_qrf_assists,0.3.0,empirical_qrf,0.0,0.0,0.0,,3869774966809934574,2026-03-29 22:54:58.816463
2026-03-29,25143,CAR,MON,30004953,Pyotr Kochetkov,assists,rf_qrf_assists,0.3.0,empirical_qrf,0.0,0.0,0.0,,3869774966809934574,2026-03-29 22:54:58.816463
2026-03-29,25143,CAR,MON,30005026,Aleksi Heimosalmi,assists,rf_qrf_assists,0.3.0,empirical_qrf,0.0,0.0,0.0,,3869774966809934574,2026-03-29 22:54:58.816463
2026-03-29,25143,CAR,MON,30005034,Logan Stankoven,assists,rf_qrf_assists,0.3.0,empirical_qrf,0.0,0.0,0.0,,3869774966809934574,2026-03-29 22:54:58.816463
2026-03-29,25143,CAR,MON,30005153,Bryce Montgomery,assists,rf_qrf_assists,0.3.0,empirical_qrf,0.0,0.0,0.0,,3869774966809934574,2026-03-29 22:54:58.816463
2026-03-29,25143,CAR,MON,30005155,Justin Robidas,assists,rf_qrf_assists,0.3.0,empirical_qrf,0.0,0.0,0.0,,3869774966809934574,2026-03-29 22:54:58.816463
2026-03-29,25143,CAR,MON,30005405,Jackson Blake,assists,rf_qrf_assists,0.3.0,empirical_qrf,0.0,0.0,0.0,,3869774966809934574,2026-03-29 22:54:58.816463
2026-03-29,25143,CAR,MON,30005573,Brandon Bussi,assists,rf_qrf_assists,0.3.0,empirical_qrf,0.0,0.0,0.0,,3869774966809934574,2026-03-29 22:54:58.816463
2026-03-29,25143,CAR,MON,30005685,Viktor Neuchev,assists,rf_qrf_assists,0.3.0,empirical_qrf,0.0,0.0,0.0,,3869774966809934574,2026-03-29 22:54:58.816463
2026-03-29,25143,CAR,MON,30006098,Felix Unger Sorum,assists,rf_qrf_assists,0.3.0,empirical_qrf,0.0,0.0,0.0,,3869774966809934574,2026-03-29 22:54:58.816463
2026-03-29,25144,DAL,PHI,30000166,Alexander Petrovic,assists,rf_qrf_assists,0.3.0,empirical_qrf,0.0,0.0,0.0,,3869774966809934574,2026-03-29 22:54:58.816463
2026-03-29,25144,DAL,PHI,30000702,Antoine Bibeau,assists,rf_qrf_assists,0.3.0,empirical_qrf,0.0,0.0,0.0,,3869774966809934574,2026-03-29 22:54:58.816463
2026-03-29,25144,DAL,PHI,30000735,Adam Erne,assists,rf_qrf_assists,0.3.0,empirical_qrf,0.0,0.0,0.0,,3869774966809934574,2026-03-29 22:54:58.816463
2026-03-29,25144,DAL,PHI,30000750,Radek Faksa,assists,rf_qrf_assists,0.3.0,empirical_qrf,0.0,0.0,0.0,,3869774966809934574,2026-03-29 22:54:58.816463
2026-03-29,25144,DAL,PHI,30000755,Esa Lindell,assists,rf_qrf_assists,0.3.0,empirical_qrf,0.0,0.0,0.0,,3869774966809934574,2026-03-29 22:54:58.816463
2026-03-29,25144,DAL,PHI,30000756,Curtis McKenzie,assists,rf_qrf_assists,0.3.0,empirical_qrf,0.0,0.0,0.0,,3869774966809934574,2026-03-29 22:54:58.816463
2026-03-29,25144,DAL,PHI,30000762,Tyler Seguin,assists,rf_qrf_assists,0.3.0,empirical_qrf,0.0,0.0,0.0,,3869774966809934574,2026-03-29 22:54:58.816463
2026-03-29,25144,DAL,PHI,30000906,Mikko Rantanen,assists,rf_qrf_assists,0.3.0,empirical_qrf,0.0,0.0,0.0,,3869774966809934574,2026-03-29 22:54:58.816463
2026-03-29,25144,DAL,PHI,30001146,Matt Duchene,assists,rf_qrf_assists,0.3.0,empirical_qrf,0.0,0.0,0.0,,3869774966809934574,2026-03-29 22:54:58.816463
2026-03-29,25144,DAL,PHI,30001299,Tyler Myers,assists,rf_qrf_assists,0.3.0,empirical_qrf,0.0,0.0,0.0,,3869774966809934574,2026-03-29 22:54:58.816463
2026-03-29,25144,DAL,PHI,30001302,Jamie Benn,assists,rf_qrf_assists,0.3.0,empirical_qrf,0.0,0.0,0.0,,3869774966809934574,2026-03-29 22:54:58.816463
2026-03-29,25144,DAL,PHI,30002811,Roope Hintz,assists,rf_qrf_assists,0.3.0,empirical_qrf,0.0,0.0,0.0,,3869774966809934574,2026-03-29 22:54:58.816463
2026-03-29,25144,DAL,PHI,30002842,Kyle Capobianco,assists,rf_qrf_assists,0.3.0,empirical_qrf,0.0,0.0,0.0,,3869774966809934574,2026-03-29 22:54:58.816463
2026-03-29,25144,DAL,PHI,30002859,Michael Bunting,assists,rf_qrf_assists,0.3.0,empirical_qrf,0.0,0.0,0.0,,3869774966809934574,2026-03-29 22:54:58.816463
2026-03-29,25144,DAL,PHI,30003156,Sam Steel,assists,rf_qrf_assists,0.3.0,empirical_qrf,0.0,0.0,0.0,,3869774966809934574,2026-03-29 22:54:58.816463
2026-03-29,25144,DAL,PHI,30003165,Nate Bastian,assists,rf_qrf_assists,0.3.0,empirical_qrf,0.0,0.0,0.0,,3869774966809934574,2026-03-29 22:54:58.816463
2026-03-29,25144,DAL,PHI,30003357,Colin Blackwell,assists,rf_qrf_assists,0.3.0,empirical_qrf,0.0,0.0,0.0,,3869774966809934574,2026-03-29 22:54:58.816463
2026-03-29,25144,DAL,PHI,30003376,Casey DeSmith,assists,rf_qrf_assists,0.3.0,empirical_qrf,0.0,0.0,0.0,,3869774966809934574,2026-03-29 22:54:58.816463
2026-03-29,25144,DAL,PHI,30003585,Cameron Hughes,assists,rf_qrf_assists,0.3.0,empirical_qrf,0.0,0.0,0.0,,3869774966809934574,2026-03-29 22:54:58.816463
2026-03-29,25144,DAL,PHI,30003640,Miro Heiskanen,assists,rf_qrf_assists,0.3.0,empirical_qrf,0.0,0.0,0.0,,3869774966809934574,2026-03-29 22:54:58.816463
2026-03-29,25144,DAL,PHI,30003658,Jake Oettinger,assists,rf_qrf_assists,0.3.0,empirical_qrf,0.0,0.0,0.0,,3869774966809934574,2026-03-29 22:54:58.816463
2026-03-29,25144,DAL,PHI,30003689,Jason Robertson,assists,rf_qrf_assists,0.3.0,empirical_qrf,0.0,0.0,0.0,,3869774966809934574,2026-03-29 22:54:58.816463
2026-03-29,25144,DAL,PHI,30003695,Kole Lind,assists,rf_qrf_assists,0.3.0,empirical_qrf,0.0,0.0,0.0,,3869774966809934574,2026-03-29 22:54:58.816463
2026-03-29,25144,DAL,PHI,30004061,Ilya Lyubushkin,assists,rf_qrf_assists,0.3.0,empirical_qrf,0.0,0.0,0.0,,3869774966809934574,2026-03-29 22:54:58.816463
2026-03-29,25144,DAL,PHI,30004103,Nils Lundkvist,assists,rf_qrf_assists,0.3.0,empirical_qrf,0.0,0.0,0.0,,3869774966809934574,2026-03-29 22:54:58.816463
2026-03-29,25144,DAL,PHI,30004482,Thomas Harley,assists,rf_qrf_assists,0.3.0,empirical_qrf,0.0,0.0,0.0,,3869774966809934574,2026-03-29 22:54:58.816463
2026-03-29,25144,DAL,PHI,30004546,Vladislav Kolyachonok,assists,rf_qrf_assists,0.3.0,empirical_qrf,0.0,0.0,0.0,,3869774966809934574,2026-03-29 22:54:58.816463
2026-03-29,25144,DAL,PHI,30004796,Mavrik Bourque,assists,rf_qrf_assists,0.3.0,empirical_qrf,0.0,0.0,0.0,,3869774966809934574,2026-03-29 22:54:58.816463
2026-03-29,25144,DAL,PHI,30004844,Cross Hanas,assists,rf_qrf_assists,0.3.0,empirical_qrf,0.0,0.0,0.0,,3869774966809934574,2026-03-29 22:54:58.816463
2026-03-29,25144,DAL,PHI,30004869,Jeremie Poirier,assists,rf_qrf_assists,0.3.0,empirical_qrf,0.0,0.0,0.0,,3869774966809934574,2026-03-29 22:54:58.816463
2026-03-29,25144,DAL,PHI,30005004,Wyatt Johnston,assists,rf_qrf_assists,0.3.0,empirical_qrf,0.0,0.0,0.0,,3869774966809934574,2026-03-29 22:54:58.816463
2026-03-29,25144,DAL,PHI,30005062,Oskar Bäck,assists,rf_qrf_assists,0.3.0,empirical_qrf,0.0,0.0,0.0,,3869774966809934574,2026-03-29 22:54:58.816463
2026-03-29,25144,DAL,PHI,30005640,Lian Bichsel,assists,rf_qrf_assists,0.3.0,empirical_qrf,0.0,0.0,0.0,,3869774966809934574,2026-03-29 22:54:58.816463
2026-03-29,25144,DAL,PHI,30006362,Connor Punnett,assists,rf_qrf_assists,0.3.0,empirical_qrf,0.0,0.0,0.0,,3869774966809934574,2026-03-29 22:54:58.816463
2026-03-29,25144,DAL,PHI,30006457,Justin Hryckowian,assists,rf_qrf_assists,0.3.0,empirical_qrf,0.0,0.0,0.0,,3869774966809934574,2026-03-29 22:54:58.816463
2026-03-29,25144,DAL,PHI,30006473,Arttu Hyry,assists,rf_qrf_assists,0.3.0,empirical_qrf,0.0,0.0,0.0,,3869774966809934574,2026-03-29 22:54:58.816463
2026-03-29,25144,PHI,DAL,30000050,Sean Couturier,assists,rf_qrf_assists,0.3.0,empirical_qrf,0.0,0.0,0.0,,3869774966809934574,2026-03-29 22:54:58.816463
2026-03-29,25144,PHI,DAL,30000234,Garrett Wilson,assists,rf_qrf_assists,0.3.0,empirical_qrf,0.0,0.0,0.0,,3869774966809934574,2026-03-29 22:54:58.816463
2026-03-29,25144,PHI,DAL,30000349,Travis Konecny,assists,rf_qrf_assists,0.3.0,empirical_qrf,0.0,0.0,0.0,,3869774966809934574,2026-03-29 22:54:58.816463
2026-03-29,25144,PHI,DAL,30000624,Travis Sanheim,assists,rf_qrf_assists,0.3.0,empirical_qrf,0.0,0.0,0.0,,3869774966809934574,2026-03-29 22:54:58.816463
2026-03-29,25144,PHI,DAL,30000844,Luke Glendening,assists,rf_qrf_assists,0.3.0,empirical_qrf,0.0,0.0,0.0,,3869774966809934574,2026-03-29 22:54:58.816463
2026-03-29,25144,PHI,DAL,30000942,Christian Dvorak,assists,rf_qrf_assists,0.3.0,empirical_qrf,0.0,0.0,0.0,,3869774966809934574,2026-03-29 22:54:58.816463
2026-03-29,25144,PHI,DAL,30001201,Garnet Hathaway,assists,rf_qrf_assists,0.3.0,empirical_qrf,0.0,0.0,0.0,,3869774966809934574,2026-03-29 22:54:58.816463
2026-03-29,25144,PHI,DAL,30001294,Rasmus Ristolainen,assists,rf_qrf_assists,0.3.0,empirical_qrf,0.0,0.0,0.0,,3869774966809934574,2026-03-29 22:54:58.816463
2026-03-29,25144,PHI,DAL,30001312,Noah Juulsen,assists,rf_qrf_assists,0.3.0,empirical_qrf,0.0,0.0,0.0,,3869774966809934574,2026-03-29 22:54:58.816463
2026-03-29,25144,PHI,DAL,30002786,Dan Vladar,assists,rf_qrf_assists,0.3.0,empirical_qrf,0.0,0.0,0.0,,3869774966809934574,2026-03-29 22:54:58.816463
2026-03-29,25144,PHI,DAL,30002979,Anthony Richard,assists,rf_qrf_assists,0.3.0,empirical_qrf,0.0,0.0,0.0,,3869774966809934574,2026-03-29 22:54:58.816463
2026-03-29,25144,PHI,DAL,30003016,Nick Seeler,assists,rf_qrf_assists,0.3.0,empirical_qrf,0.0,0.0,0.0,,3869774966809934574,2026-03-29 22:54:58.816463
2026-03-29,25144,PHI,DAL,30003167,Boris Katchouk,assists,rf_qrf_assists,0.3.0,empirical_qrf,0.0,0.0,0.0,,3869774966809934574,2026-03-29 22:54:58.816463
2026-03-29,25144,PHI,DAL,30003171,Carl Grundstrom,assists,rf_qrf_assists,0.3.0,empirical_qrf,0.0,0.0,0.0,,3869774966809934574,2026-03-29 22:54:58.816463
2026-03-29,25144,PHI,DAL,30003283,Lane Pederson,assists,rf_qrf_assists,0.3.0,empirical_qrf,0.0,0.0,0.0,,3869774966809934574,2026-03-29 22:54:58.816463
2026-03-29,25144,PHI,DAL,30003500,Rodrigo Abols,assists,rf_qrf_assists,0.3.0,empirical_qrf,0.0,0.0,0.0,,3869774966809934574,2026-03-29 22:54:58.816463
2026-03-29,25144,PHI,DAL,30003653,Owen Tippett,assists,rf_qrf_assists,0.3.0,empirical_qrf,0.0,0.0,0.0,,3869774966809934574,2026-03-29 22:54:58.816463
2026-03-29,25144,PHI,DAL,30003733,Keith Petruzzelli,assists,rf_qrf_assists,0.3.0,empirical_qrf,0.0,0.0,0.0,,3869774966809934574,2026-03-29 22:54:58.816463
2026-03-29,25144,PHI,DAL,30004002,Cooper Marody,assists,rf_qrf_assists,0.3.0,empirical_qrf,0.0,0.0,0.0,,3869774966809934574,2026-03-29 22:54:58.816463
2026-03-29,25144,PHI,DAL,30004154,Xavier Bernard,assists,rf_qrf_assists,0.3.0,empirical_qrf,0.0,0.0,0.0,,3869774966809934574,2026-03-29 22:54:58.816463
2026-03-29,25144,PHI,DAL,30004406,Samuel Ersson,assists,rf_qrf_assists,0.3.0,empirical_qrf,0.0,0.0,0.0,,3869774966809934574,2026-03-29 22:54:58.816463
2026-03-29,25144,PHI,DAL,30004481,Trevor Zegras,assists,rf_qrf_assists,0.3.0,empirical_qrf,0.0,0.0,0.0,,3869774966809934574,2026-03-29 22:54:58.816463
2026-03-29,25144,PHI,DAL,30004484,Cam York,assists,rf_qrf_assists,0.3.0,empirical_qrf,0.0,0.0,0.0,,3869774966809934574,2026-03-29 22:54:58.816463
2026-03-29,25144,PHI,DAL,30004488,Philip Tomasino,assists,rf_qrf_assists,0.3.0,empirical_qrf,0.0,0.0,0.0,,3869774966809934574,2026-03-29 22:54:58.816463
2026-03-29,25144,PHI,DAL,30004800,Jamie Drysdale,assists,rf_qrf_assists,0.3.0,empirical_qrf,0.0,0.0,0.0,,3869774966809934574,2026-03-29 22:54:58.816463
2026-03-29,25144,PHI,DAL,30004801,Tyson Foerster,assists,rf_qrf_assists,0.3.0,empirical_qrf,0.0,0.0,0.0,,3869774966809934574,2026-03-29 22:54:58.816463
2026-03-29,25144,PHI,DAL,30004824,Emil Andrae,assists,rf_qrf_assists,0.3.0,empirical_qrf,0.0,0.0,0.0,,3869774966809934574,2026-03-29 22:54:58.816463
2026-03-29,25144,PHI,DAL,30004839,Helge Grans,assists,rf_qrf_assists,0.3.0,empirical_qrf,0.0,0.0,0.0,,3869774966809934574,2026-03-29 22:54:58.816463
2026-03-29,25144,PHI,DAL,30005130,Brett Harrison,assists,rf_qrf_assists,0.3.0,empirical_qrf,0.0,0.0,0.0,,3869774966809934574,2026-03-29 22:54:58.816463
2026-03-29,25144,PHI,DAL,30005234,Vincent Sevigny,assists,rf_qrf_assists,0.3.0,empirical_qrf,0.0,0.0,0.0,,3869774966809934574,2026-03-29 22:54:58.816463
2026-03-29,25144,PHI,DAL,30005293,Artem Guryev,assists,rf_qrf_assists,0.3.0,empirical_qrf,0.0,0.0,0.0,,3869774966809934574,2026-03-29 22:54:58.816463
2026-03-29,25144,PHI,DAL,30005397,Noah Cates,assists,rf_qrf_assists,0.3.0,empirical_qrf,0.0,0.0,0.0,,3869774966809934574,2026-03-29 22:54:58.816463
2026-03-29,25144,PHI,DAL,30005401,Aleksei Kolosov,assists,rf_qrf_assists,0.3.0,empirical_qrf,0.0,0.0,0.0,,3869774966809934574,2026-03-29 22:54:58.816463
2026-03-29,25144,PHI,DAL,30005612,David Jiricek,assists,rf_qrf_assists,0.3.0,empirical_qrf,0.0,0.0,0.0,,3869774966809934574,2026-03-29 22:54:58.816463
2026-03-29,25144,PHI,DAL,30005756,Tucker Robertson,assists,rf_qrf_assists,0.3.0,empirical_qrf,0.0,0.0,0.0,,3869774966809934574,2026-03-29 22:54:58.816463
2026-03-29,25144,PHI,DAL,30005798,Jackson Edward,assists,rf_qrf_assists,0.3.0,empirical_qrf,0.0,0.0,0.0,,3869774966809934574,2026-03-29 22:54:58.816463
2026-03-29,25144,PHI,DAL,30005890,Alex Bump,assists,rf_qrf_assists,0.3.0,empirical_qrf,0.0,0.0,0.0,,3869774966809934574,2026-03-29 22:54:58.816463
2026-03-29,25144,PHI,DAL,30005958,Nikita Grebenkin,assists,rf_qrf_assists,0.3.0,empirical_qrf,0.0,0.0,0.0,,3869774966809934574,2026-03-29 22:54:58.816463
2026-03-29,25144,PHI,DAL,30006045,Yaniv Perets,assists,rf_qrf_assists,0.3.0,empirical_qrf,0.0,0.0,0.0,,3869774966809934574,2026-03-29 22:54:58.816463
2026-03-29,25144,PHI,DAL,30006061,Matvei Michkov,assists,rf_qrf_assists,0.3.0,empirical_qrf,0.0,0.0,0.0,,3869774966809934574,2026-03-29 22:54:58.816463
2026-03-29,25144,PHI,DAL,30006075,Oliver Bonk,assists,rf_qrf_assists,0.3.0,empirical_qrf,0.0,0.0,0.0,,3869774966809934574,2026-03-29 22:54:58.816463
2026-03-29,25144,PHI,DAL,30006100,Carson Bjarnason,assists,rf_qrf_assists,0.3.0,empirical_qrf,0.0,0.0,0.0,,3869774966809934574,2026-03-29 22:54:58.816463
2026-03-29,25144,PHI,DAL,30006135,Denver Barkey,assists,rf_qrf_assists,0.3.0,empirical_qrf,0.0,0.0,0.0,,3869774966809934574,2026-03-29 22:54:58.816463
2026-03-29,25145,CHI,NJ,30000182,Ryan Ellis,assists,rf_qrf_assists,0.3.0,empirical_qrf,0.0,0.0,0.0,,3869774966809934574,2026-03-29 22:54:58.816463
2026-03-29,25145,CHI,NJ,30000585,Andre Burakovsky,assists,rf_qrf_assists,0.3.0,empirical_qrf,0.0,0.0,0.0,,3869774966809934574,2026-03-29 22:54:58.816463
2026-03-29,25145,CHI,NJ,30000842,Tyler Bertuzzi,assists,rf_qrf_assists,0.3.0,empirical_qrf,0.0,0.0,0.0,,3869774966809934574,2026-03-29 22:54:58.816463
2026-03-29,25145,CHI,NJ,30000871,Teuvo Teravainen,assists,rf_qrf_assists,0.3.0,empirical_qrf,0.0,0.0,0.0,,3869774966809934574,2026-03-29 22:54:58.816463
2026-03-29,25145,CHI,NJ,30001060,Shea Weber,assists,rf_qrf_assists,0.3.0,empirical_qrf,0.0,0.0,0.0,,3869774966809934574,2026-03-29 22:54:58.816463
2026-03-29,25145,CHI,NJ,30001099,Derrick Pouliot,assists,rf_qrf_assists,0.3.0,empirical_qrf,0.0,0.0,0.0,,3869774966809934574,2026-03-29 22:54:58.816463
2026-03-29,25145,CHI,NJ,30002212,Cavan Fitzgerald,assists,rf_qrf_assists,0.3.0,empirical_qrf,0.0,0.0,0.0,,3869774966809934574,2026-03-29 22:54:58.816463
2026-03-29,25145,CHI,NJ,30002218,Andrew Mangiapane,assists,rf_qrf_assists,0.3.0,empirical_qrf,0.0,0.0,0.0,,3869774966809934574,2026-03-29 22:54:58.816463
2026-03-29,25145,CHI,NJ,30002539,Matt Grzelcyk,assists,rf_qrf_assists,0.3.0,empirical_qrf,0.0,0.0,0.0,,3869774966809934574,2026-03-29 22:54:58.816463
2026-03-29,25145,CHI,NJ,30002588,Ryan Donato,assists,rf_qrf_assists,0.3.0,empirical_qrf,0.0,0.0,0.0,,3869774966809934574,2026-03-29 22:54:58.816463
2026-03-29,25145,CHI,NJ,30003209,Joey Anderson,assists,rf_qrf_assists,0.3.0,empirical_qrf,0.0,0.0,0.0,,3869774966809934574,2026-03-29 22:54:58.816463
2026-03-29,25145,CHI,NJ,30003558,Josh Healey,assists,rf_qrf_assists,0.3.0,empirical_qrf,0.0,0.0,0.0,,3869774966809934574,2026-03-29 22:54:58.816463
2026-03-29,25145,CHI,NJ,30003751,Dominic Toninato,assists,rf_qrf_assists,0.3.0,empirical_qrf,0.0,0.0,0.0,,3869774966809934574,2026-03-29 22:54:58.816463
2026-03-29,25145,CHI,NJ,30003996,Sam Lafferty,assists,rf_qrf_assists,0.3.0,empirical_qrf,0.0,0.0,0.0,,3869774966809934574,2026-03-29 22:54:58.816463
2026-03-29,25145,CHI,NJ,30004000,Brett Seney,assists,rf_qrf_assists,0.3.0,empirical_qrf,0.0,0.0,0.0,,3869774966809934574,2026-03-29 22:54:58.816463
2026-03-29,25145,CHI,NJ,30004158,Olivier Rodrigue,assists,rf_qrf_assists,0.3.0,empirical_qrf,0.0,0.0,0.0,,3869774966809934574,2026-03-29 22:54:58.816463
2026-03-29,25145,CHI,NJ,30004442,Ilya Mikheyev,assists,rf_qrf_assists,0.3.0,empirical_qrf,0.0,0.0,0.0,,3869774966809934574,2026-03-29 22:54:58.816463
2026-03-29,25145,CHI,NJ,30004494,Spencer Knight,assists,rf_qrf_assists,0.3.0,empirical_qrf,0.0,0.0,0.0,,3869774966809934574,2026-03-29 22:54:58.816463
2026-03-29,25145,CHI,NJ,30004507,Alex Vlasic,assists,rf_qrf_assists,0.3.0,empirical_qrf,0.0,0.0,0.0,,3869774966809934574,2026-03-29 22:54:58.816463
2026-03-29,25145,CHI,NJ,30004650,Louis Crevier,assists,rf_qrf_assists,0.3.0,empirical_qrf,0.0,0.0,0.0,,3869774966809934574,2026-03-29 22:54:58.816463
2026-03-29,25145,CHI,NJ,30004830,Drew Commesso,assists,rf_qrf_assists,0.3.0,empirical_qrf,0.0,0.0,0.0,,3869774966809934574,2026-03-29 22:54:58.816463
2026-03-29,25145,CHI,NJ,30004850,Wyatt Kaiser,assists,rf_qrf_assists,0.3.0,empirical_qrf,0.0,0.0,0.0,,3869774966809934574,2026-03-29 22:54:58.816463
2026-03-29,25145,CHI,NJ,30004875,Landon Slaggert,assists,rf_qrf_assists,0.3.0,empirical_qrf,0.0,0.0,0.0,,3869774966809934574,2026-03-29 22:54:58.816463
2026-03-29,25145,CHI,NJ,30004946,Jackson Cates,assists,rf_qrf_assists,0.3.0,empirical_qrf,0.0,0.0,0.0,,3869774966809934574,2026-03-29 22:54:58.816463
2026-03-29,25145,CHI,NJ,30004965,Arvid Soderblom,assists,rf_qrf_assists,0.3.0,empirical_qrf,0.0,0.0,0.0,,3869774966809934574,2026-03-29 22:54:58.816463
2026-03-29,25145,CHI,NJ,30005052,Dmitry Kuzmin,assists,rf_qrf_assists,0.3.0,empirical_qrf,0.0,0.0,0.0,,3869774966809934574,2026-03-29 22:54:58.816463
2026-03-29,25145,CHI,NJ,30005131,Ryan Mast,assists,rf_qrf_assists,0.3.0,empirical_qrf,0.0,0.0,0.0,,3869774966809934574,2026-03-29 22:54:58.816463
2026-03-29,25145,CHI,NJ,30005163,Ethan Del Mastro,assists,rf_qrf_assists,0.3.0,empirical_qrf,0.0,0.0,0.0,,3869774966809934574,2026-03-29 22:54:58.816463
2026-03-29,25145,CHI,NJ,30005632,Kevin Korchinski,assists,rf_qrf_assists,0.3.0,empirical_qrf,0.0,0.0,0.0,,3869774966809934574,2026-03-29 22:54:58.816463
2026-03-29,25145,CHI,NJ,30005638,Frank Nazar,assists,rf_qrf_assists,0.3.0,empirical_qrf,0.0,0.0,0.0,,3869774966809934574,2026-03-29 22:54:58.816463
2026-03-29,25145,CHI,NJ,30005639,Sam Rinzel,assists,rf_qrf_assists,0.3.0,empirical_qrf,0.0,0.0,0.0,,3869774966809934574,2026-03-29 22:54:58.816463
2026-03-29,25145,CHI,NJ,30005665,Paul Ludwinski,assists,rf_qrf_assists,0.3.0,empirical_qrf,0.0,0.0,0.0,,3869774966809934574,2026-03-29 22:54:58.816463
2026-03-29,25145,CHI,NJ,30005666,Ryan Greene,assists,rf_qrf_assists,0.3.0,empirical_qrf,0.0,0.0,0.0,,3869774966809934574,2026-03-29 22:54:58.816463
2026-03-29,25145,CHI,NJ,30005718,Samuel Savoie,assists,rf_qrf_assists,0.3.0,empirical_qrf,0.0,0.0,0.0,,3869774966809934574,2026-03-29 22:54:58.816463
2026-03-29,25145,CHI,NJ,30005816,Gavin Hayes,assists,rf_qrf_assists,0.3.0,empirical_qrf,0.0,0.0,0.0,,3869774966809934574,2026-03-29 22:54:58.816463
2026-03-29,25145,CHI,NJ,30005819,Andrew Perrott,assists,rf_qrf_assists,0.3.0,empirical_qrf,0.0,0.0,0.0,,3869774966809934574,2026-03-29 22:54:58.816463
2026-03-29,25145,CHI,NJ,30005820,Mitchell Weeks,assists,rf_qrf_assists,0.3.0,empirical_qrf,0.0,0.0,0.0,,3869774966809934574,2026-03-29 22:54:58.816463
2026-03-29,25145,CHI,NJ,30005839,Jake Furlong,assists,rf_qrf_assists,0.3.0,empirical_qrf,0.0,0.0,0.0,,3869774966809934574,2026-03-29 22:54:58.816463
2026-03-29,25145,CHI,NJ,30006064,Connor Bedard,assists,rf_qrf_assists,0.3.0,empirical_qrf,0.0,0.0,0.0,,3869774966809934574,2026-03-29 22:54:58.816463
2026-03-29,25145,CHI,NJ,30006077,Oliver Moore,assists,rf_qrf_assists,0.3.0,empirical_qrf,0.0,0.0,0.0,,3869774966809934574,2026-03-29 22:54:58.816463
2026-03-29,25145,CHI,NJ,30006105,Martin Misiak,assists,rf_qrf_assists,0.3.0,empirical_qrf,0.0,0.0,0.0,,3869774966809934574,2026-03-29 22:54:58.816463
2026-03-29,25145,CHI,NJ,30006145,Nick Lardis,assists,rf_qrf_assists,0.3.0,empirical_qrf,0.0,0.0,0.0,,3869774966809934574,2026-03-29 22:54:58.816463
2026-03-29,25145,CHI,NJ,30006279,Sahil Panwar,assists,rf_qrf_assists,0.3.0,empirical_qrf,0.0,0.0,0.0,,3869774966809934574,2026-03-29 22:54:58.816463
2026-03-29,25145,CHI,NJ,30006312,Joe Carroll,assists,rf_qrf_assists,0.3.0,empirical_qrf,0.0,0.0,0.0,,3869774966809934574,2026-03-29 22:54:58.816463
2026-03-29,25145,CHI,NJ,30006496,Artyom Levshunov,assists,rf_qrf_assists,0.3.0,empirical_qrf,0.0,0.0,0.0,,3869774966809934574,2026-03-29 22:54:58.816463
2026-03-29,25145,NJ,CHI,30000070,Dougie Hamilton,assists,rf_qrf_assists,0.3.0,empirical_qrf,0.0,0.0,0.0,,3869774966809934574,2026-03-29 22:54:58.816463
2026-03-29,25145,NJ,CHI,30000210,Colton White,assists,rf_qrf_assists,0.3.0,empirical_qrf,0.0,0.0,0.0,,3869774966809934574,2026-03-29 22:54:58.816463
2026-03-29,25145,NJ,CHI,30000225,Nick Bjugstad,assists,rf_qrf_assists,0.3.0,empirical_qrf,0.0,0.0,0.0,,3869774966809934574,2026-03-29 22:54:58.816463
2026-03-29,25145,NJ,CHI,30000368,Brett Pesce,assists,rf_qrf_assists,0.3.0,empirical_qrf,0.0,0.0,0.0,,3869774966809934574,2026-03-29 22:54:58.816463
2026-03-29,25145,NJ,CHI,30000491,Connor Brown,assists,rf_qrf_assists,0.3.0,empirical_qrf,0.0,0.0,0.0,,3869774966809934574,2026-03-29 22:54:58.816463
2026-03-29,25145,NJ,CHI,30000573,Jacob Markstrom,assists,rf_qrf_assists,0.3.0,empirical_qrf,0.0,0.0,0.0,,3869774966809934574,2026-03-29 22:54:58.816463
2026-03-29,25145,NJ,CHI,30000665,Jake Allen,assists,rf_qrf_assists,0.3.0,empirical_qrf,0.0,0.0,0.0,,3869774966809934574,2026-03-29 22:54:58.816463
2026-03-29,25145,NJ,CHI,30000886,Stefan Noesen,assists,rf_qrf_assists,0.3.0,empirical_qrf,0.0,0.0,0.0,,3869774966809934574,2026-03-29 22:54:58.816463
2026-03-29,25145,NJ,CHI,30001108,Jonas Siegenthaler,assists,rf_qrf_assists,0.3.0,empirical_qrf,0.0,0.0,0.0,,3869774966809934574,2026-03-29 22:54:58.816463
2026-03-29,25145,NJ,CHI,30001225,Brenden Dillon,assists,rf_qrf_assists,0.3.0,empirical_qrf,0.0,0.0,0.0,,3869774966809934574,2026-03-29 22:54:58.816463
2026-03-29,25145,NJ,CHI,30001226,Timo Meier,assists,rf_qrf_assists,0.3.0,empirical_qrf,0.0,0.0,0.0,,3869774966809934574,2026-03-29 22:54:58.816463
2026-03-29,25145,NJ,CHI,30001786,Evgenii Dadonov,assists,rf_qrf_assists,0.3.0,empirical_qrf,0.0,0.0,0.0,,3869774966809934574,2026-03-29 22:54:58.816463
2026-03-29,25145,NJ,CHI,30003154,Dennis Cholowski,assists,rf_qrf_assists,0.3.0,empirical_qrf,0.0,0.0,0.0,,3869774966809934574,2026-03-29 22:54:58.816463
2026-03-29,25145,NJ,CHI,30003404,Zack MacEwen,assists,rf_qrf_assists,0.3.0,empirical_qrf,0.0,0.0,0.0,,3869774966809934574,2026-03-29 22:54:58.816463
2026-03-29,25145,NJ,CHI,30003568,Joseph Gambardella,assists,rf_qrf_assists,0.3.0,empirical_qrf,0.0,0.0,0.0,,3869774966809934574,2026-03-29 22:54:58.816463
2026-03-29,25145,NJ,CHI,30003612,Jesper Bratt,assists,rf_qrf_assists,0.3.0,empirical_qrf,0.0,0.0,0.0,,3869774966809934574,2026-03-29 22:54:58.816463
2026-03-29,25145,NJ,CHI,30003639,Nico Hischier,assists,rf_qrf_assists,0.3.0,empirical_qrf,0.0,0.0,0.0,,3869774966809934574,2026-03-29 22:54:58.816463
2026-03-29,25145,NJ,CHI,30003642,Cody Glass,assists,rf_qrf_assists,0.3.0,empirical_qrf,0.0,0.0,0.0,,3869774966809934574,2026-03-29 22:54:58.816463
2026-03-29,25145,NJ,CHI,30003726,Johnathan Kovacevic,assists,rf_qrf_assists,0.3.0,empirical_qrf,0.0,0.0,0.0,,3869774966809934574,2026-03-29 22:54:58.816463
2026-03-29,25145,NJ,CHI,30003983,Austin Strand,assists,rf_qrf_assists,0.3.0,empirical_qrf,0.0,0.0,0.0,,3869774966809934574,2026-03-29 22:54:58.816463
2026-03-29,25145,NJ,CHI,30004112,Calen Addison,assists,rf_qrf_assists,0.3.0,empirical_qrf,0.0,0.0,0.0,,3869774966809934574,2026-03-29 22:54:58.816463
2026-03-29,25145,NJ,CHI,30004384,Paul Cotter,assists,rf_qrf_assists,0.3.0,empirical_qrf,0.0,0.0,0.0,,3869774966809934574,2026-03-29 22:54:58.816463
2026-03-29,25145,NJ,CHI,30004470,Jack Hughes,assists,rf_qrf_assists,0.3.0,empirical_qrf,0.0,0.0,0.0,,3869774966809934574,2026-03-29 22:54:58.816463
2026-03-29,25145,NJ,CHI,30004549,Nathan Legare,assists,rf_qrf_assists,0.3.0,empirical_qrf,0.0,0.0,0.0,,3869774966809934574,2026-03-29 22:54:58.816463
2026-03-29,25145,NJ,CHI,30004810,Dawson Mercer,assists,rf_qrf_assists,0.3.0,empirical_qrf,0.0,0.0,0.0,,3869774966809934574,2026-03-29 22:54:58.816463
2026-03-29,25145,NJ,CHI,30004833,Nico Daws,assists,rf_qrf_assists,0.3.0,empirical_qrf,0.0,0.0,0.0,,3869774966809934574,2026-03-29 22:54:58.816463
2026-03-29,25145,NJ,CHI,30004986,Luke Hughes,assists,rf_qrf_assists,0.3.0,empirical_qrf,0.0,0.0,0.0,,3869774966809934574,2026-03-29 22:54:58.816463
2026-03-29,25145,NJ,CHI,30005278,Mikael Diotte,assists,rf_qrf_assists,0.3.0,empirical_qrf,0.0,0.0,0.0,,3869774966809934574,2026-03-29 22:54:58.816463
2026-03-29,25145,NJ,CHI,30005466,Arseniy Gritsyuk,assists,rf_qrf_assists,0.3.0,empirical_qrf,0.0,0.0,0.0,,3869774966809934574,2026-03-29 22:54:58.816463
2026-03-29,25145,NJ,CHI,30005569,Brian Halonen,assists,rf_qrf_assists,0.3.0,empirical_qrf,0.0,0.0,0.0,,3869774966809934574,2026-03-29 22:54:58.816463
2026-03-29,25145,NJ,CHI,30005613,Simon Nemec,assists,rf_qrf_assists,0.3.0,empirical_qrf,0.0,0.0,0.0,,3869774966809934574,2026-03-29 22:54:58.816463
2026-03-29,25145,NJ,CHI,30006099,Lenni Hämmenaho,assists,rf_qrf_assists,0.3.0,empirical_qrf,0.0,0.0,0.0,,3869774966809934574,2026-03-29 22:54:58.816463
2026-03-29,25145,NJ,CHI,30006223,Jeremy Hanzel,assists,rf_qrf_assists,0.3.0,empirical_qrf,0.0,0.0,0.0,,3869774966809934574,2026-03-29 22:54:58.816463
2026-03-29,25145,NJ,CHI,30006356,Matyas Melovsky,assists,rf_qrf_assists,0.3.0,empirical_qrf,0.0,0.0,0.0,,3869774966809934574,2026-03-29 22:54:58.816463
2026-03-29,25145,NJ,CHI,30006475,Maxim Tsyplakov,assists,rf_qrf_assists,0.3.0,empirical_qrf,0.0,0.0,0.0,,3869774966809934574,2026-03-29 22:54:58.816463
2026-03-29,25140,FLA,NYR,30004489,Nolan Foote,assists,rf_qrf_assists,0.3.0,empirical_qrf,0.0,0.0,0.0,,3869774966809934574,2026-03-29 22:54:58.816463
2026-03-29,25145,CHI,NJ,30006506,Sacha Boisvert,assists,rf_qrf_assists,0.3.0,empirical_qrf,0.0,0.0,0.0,,3869774966809934574,2026-03-29 22:54:58.816463
2026-03-29,25140,NYR,FLA,30006132,Drew Fortescue,assists,rf_qrf_assists,0.3.0,empirical_qrf,0.0,0.0,0.0,,3869774966809934574,2026-03-29 22:54:58.816463
2026-03-29,25145,CHI,NJ,30006858,Anton Frondell,assists,rf_qrf_assists,0.3.0,empirical_qrf,0.0,0.0,0.0,,3869774966809934574,2026-03-29 22:54:58.816463
2026-03-29,25140,FLA,NYR,30000074,Brad Marchand,shots_on_goal,rf_qrf_shots_on_goal,0.3.0,empirical_qrf,1.0,1.0,1.0,,3869774966809934574,2026-03-29 22:54:59.702154
2026-03-29,25140,FLA,NYR,30000201,Keith Kinkaid,shots_on_goal,rf_qrf_shots_on_goal,0.3.0,empirical_qrf,1.0,1.0,1.0,,3869774966809934574,2026-03-29 22:54:59.702154
2026-03-29,25140,FLA,NYR,30000228,Aleksander Barkov,shots_on_goal,rf_qrf_shots_on_goal,0.3.0,empirical_qrf,1.0,1.0,1.0,,3869774966809934574,2026-03-29 22:54:59.702154
2026-03-29,25140,FLA,NYR,30000232,Dmitry Kulikov,shots_on_goal,rf_qrf_shots_on_goal,0.3.0,empirical_qrf,1.0,1.0,1.0,,3869774966809934574,2026-03-29 22:54:59.702154
2026-03-29,25140,FLA,NYR,30000239,Aaron Ekblad,shots_on_goal,rf_qrf_shots_on_goal,0.3.0,empirical_qrf,1.0,1.0,1.0,,3869774966809934574,2026-03-29 22:54:59.702154
2026-03-29,25140,FLA,NYR,30000253,Seth Jones,shots_on_goal,rf_qrf_shots_on_goal,0.3.0,empirical_qrf,1.0,1.0,1.0,,3869774966809934574,2026-03-29 22:54:59.702154
2026-03-29,25140,FLA,NYR,30000559,Sam Bennett,shots_on_goal,rf_qrf_shots_on_goal,0.3.0,empirical_qrf,1.0,1.0,1.0,,3869774966809934574,2026-03-29 22:54:59.702154
2026-03-29,25140,FLA,NYR,30000667,Sergei Bobrovsky,shots_on_goal,rf_qrf_shots_on_goal,0.3.0,empirical_qrf,1.0,1.0,1.0,,3869774966809934574,2026-03-29 22:54:59.702154
2026-03-29,25140,FLA,NYR,30000980,Sam Reinhart,shots_on_goal,rf_qrf_shots_on_goal,0.3.0,empirical_qrf,1.0,1.0,1.0,,3869774966809934574,2026-03-29 22:54:59.702154
2026-03-29,25140,FLA,NYR,30000981,Evan Rodrigues,shots_on_goal,rf_qrf_shots_on_goal,0.3.0,empirical_qrf,1.0,1.0,1.0,,3869774966809934574,2026-03-29 22:54:59.702154
2026-03-29,25140,FLA,NYR,30001013,Vinnie Hinostroza,shots_on_goal,rf_qrf_shots_on_goal,0.3.0,empirical_qrf,1.0,1.0,1.0,,3869774966809934574,2026-03-29 22:54:59.702154
2026-03-29,25140,FLA,NYR,30001035,Tomás Nosek,shots_on_goal,rf_qrf_shots_on_goal,0.3.0,empirical_qrf,1.0,1.0,1.0,,3869774966809934574,2026-03-29 22:54:59.702154
2026-03-29,25140,FLA,NYR,30001159,Carter Verhaeghe,shots_on_goal,rf_qrf_shots_on_goal,0.3.0,empirical_qrf,1.0,1.0,1.0,,3869774966809934574,2026-03-29 22:54:59.702154
2026-03-29,25140,FLA,NYR,30001387,Niko Mikkola,shots_on_goal,rf_qrf_shots_on_goal,0.3.0,empirical_qrf,1.0,1.0,1.0,,3869774966809934574,2026-03-29 22:54:59.702154
2026-03-29,25140,FLA,NYR,30001448,Daniil Tarasov,shots_on_goal,rf_qrf_shots_on_goal,0.3.0,empirical_qrf,1.0,1.0,1.0,,3869774966809934574,2026-03-29 22:54:59.702154
2026-03-29,25140,FLA,NYR,30002069,Nathan Smith,shots_on_goal,rf_qrf_shots_on_goal,0.3.0,empirical_qrf,1.0,1.0,1.0,,3869774966809934574,2026-03-29 22:54:59.702154
2026-03-29,25140,FLA,NYR,30002758,Gustav Forsling,shots_on_goal,rf_qrf_shots_on_goal,0.3.0,empirical_qrf,1.0,1.0,1.0,,3869774966809934574,2026-03-29 22:54:59.702154
2026-03-29,25140,FLA,NYR,30002796,Mitchell Vande Sompel,shots_on_goal,rf_qrf_shots_on_goal,0.3.0,empirical_qrf,1.0,1.0,1.0,,3869774966809934574,2026-03-29 22:54:59.702154
2026-03-29,25140,FLA,NYR,30002839,A.J. Greer,shots_on_goal,rf_qrf_shots_on_goal,0.3.0,empirical_qrf,1.0,1.0,1.0,,3869774966809934574,2026-03-29 22:54:59.702154
2026-03-29,25140,FLA,NYR,30003077,Tyler Motte,shots_on_goal,rf_qrf_shots_on_goal,0.3.0,empirical_qrf,1.0,1.0,1.0,,3869774966809934574,2026-03-29 22:54:59.702154
2026-03-29,25140,FLA,NYR,30003134,Matthew Tkachuk,shots_on_goal,rf_qrf_shots_on_goal,0.3.0,empirical_qrf,1.0,1.0,1.0,,3869774966809934574,2026-03-29 22:54:59.702154
2026-03-29,25140,FLA,NYR,30003150,Luke Kunin,shots_on_goal,rf_qrf_shots_on_goal,0.3.0,empirical_qrf,1.0,1.0,1.0,,3869774966809934574,2026-03-29 22:54:59.702154
2026-03-29,25140,FLA,NYR,30003322,Noah Gregor,shots_on_goal,rf_qrf_shots_on_goal,0.3.0,empirical_qrf,1.0,1.0,1.0,,3869774966809934574,2026-03-29 22:54:59.702154
2026-03-29,25140,FLA,NYR,30003468,Evan Cormier,shots_on_goal,rf_qrf_shots_on_goal,0.3.0,empirical_qrf,1.0,1.0,1.0,,3869774966809934574,2026-03-29 22:54:59.702154
2026-03-29,25140,FLA,NYR,30003671,Jack Studnicka,shots_on_goal,rf_qrf_shots_on_goal,0.3.0,empirical_qrf,1.0,1.0,1.0,,3869774966809934574,2026-03-29 22:54:59.702154
2026-03-29,25140,FLA,NYR,30003681,Eetu Luostarinen,shots_on_goal,rf_qrf_shots_on_goal,0.3.0,empirical_qrf,1.0,1.0,1.0,,3869774966809934574,2026-03-29 22:54:59.702154
2026-03-29,25140,FLA,NYR,30003683,Jesper Boqvist,shots_on_goal,rf_qrf_shots_on_goal,0.3.0,empirical_qrf,1.0,1.0,1.0,,3869774966809934574,2026-03-29 22:54:59.702154
2026-03-29,25140,FLA,NYR,30003694,Jonah Gadjovich,shots_on_goal,rf_qrf_shots_on_goal,0.3.0,empirical_qrf,1.0,1.0,1.0,,3869774966809934574,2026-03-29 22:54:59.702154
2026-03-29,25140,FLA,NYR,30004088,Jay O'Brien,shots_on_goal,rf_qrf_shots_on_goal,0.3.0,empirical_qrf,1.0,1.0,1.0,,3869774966809934574,2026-03-29 22:54:59.702154
2026-03-29,25140,FLA,NYR,30004497,Tobias Bjornfot,shots_on_goal,rf_qrf_shots_on_goal,0.3.0,empirical_qrf,1.0,1.0,1.0,,3869774966809934574,2026-03-29 22:54:59.702154
2026-03-29,25140,FLA,NYR,30004517,Robert Mastrosimone,shots_on_goal,rf_qrf_shots_on_goal,0.3.0,empirical_qrf,1.0,1.0,1.0,,3869774966809934574,2026-03-29 22:54:59.702154
2026-03-29,25140,FLA,NYR,30004574,Cole Schwindt,shots_on_goal,rf_qrf_shots_on_goal,0.3.0,empirical_qrf,1.0,1.0,1.0,,3869774966809934574,2026-03-29 22:54:59.702154
2026-03-29,25140,FLA,NYR,30004809,Anton Lundell,shots_on_goal,rf_qrf_shots_on_goal,0.3.0,empirical_qrf,1.0,1.0,1.0,,3869774966809934574,2026-03-29 22:54:59.702154
2026-03-29,25140,FLA,NYR,30004873,Donovan Sebrango,shots_on_goal,rf_qrf_shots_on_goal,0.3.0,empirical_qrf,1.0,1.0,1.0,,3869774966809934574,2026-03-29 22:54:59.702154
2026-03-29,25140,FLA,NYR,30004886,Michael Benning,shots_on_goal,rf_qrf_shots_on_goal,0.3.0,empirical_qrf,1.0,1.0,1.0,,3869774966809934574,2026-03-29 22:54:59.702154
2026-03-29,25140,FLA,NYR,30004947,Cole Reinhardt,shots_on_goal,rf_qrf_shots_on_goal,0.3.0,empirical_qrf,1.0,1.0,1.0,,3869774966809934574,2026-03-29 22:54:59.702154
2026-03-29,25140,FLA,NYR,30005000,Mackie Samoskevich,shots_on_goal,rf_qrf_shots_on_goal,0.3.0,empirical_qrf,1.0,1.0,1.0,,3869774966809934574,2026-03-29 22:54:59.702154
2026-03-29,25140,FLA,NYR,30005025,Evan Nause,shots_on_goal,rf_qrf_shots_on_goal,0.3.0,empirical_qrf,1.0,1.0,1.0,,3869774966809934574,2026-03-29 22:54:59.702154
2026-03-29,25140,FLA,NYR,30005215,Cole Krygier,shots_on_goal,rf_qrf_shots_on_goal,0.3.0,empirical_qrf,1.0,1.0,1.0,,3869774966809934574,2026-03-29 22:54:59.702154
2026-03-29,25140,FLA,NYR,30005556,Mack Guzda,shots_on_goal,rf_qrf_shots_on_goal,0.3.0,empirical_qrf,1.0,1.0,1.0,,3869774966809934574,2026-03-29 22:54:59.702154
2026-03-29,25140,FLA,NYR,30005598,Mitchell Russell,shots_on_goal,rf_qrf_shots_on_goal,0.3.0,empirical_qrf,1.0,1.0,1.0,,3869774966809934574,2026-03-29 22:54:59.702154
2026-03-29,25140,FLA,NYR,30005723,Marek Alscher,shots_on_goal,rf_qrf_shots_on_goal,0.3.0,empirical_qrf,1.0,1.0,1.0,,3869774966809934574,2026-03-29 22:54:59.702154
2026-03-29,25140,FLA,NYR,30005849,Kai Schwindt,shots_on_goal,rf_qrf_shots_on_goal,0.3.0,empirical_qrf,1.0,1.0,1.0,,3869774966809934574,2026-03-29 22:54:59.702154
2026-03-29,25140,FLA,NYR,30005850,Sandis Vilmanis,shots_on_goal,rf_qrf_shots_on_goal,0.3.0,empirical_qrf,1.0,1.0,1.0,,3869774966809934574,2026-03-29 22:54:59.702154
2026-03-29,25140,FLA,NYR,30006034,Jake Livingstone,shots_on_goal,rf_qrf_shots_on_goal,0.3.0,empirical_qrf,1.0,1.0,1.0,,3869774966809934574,2026-03-29 22:54:59.702154
2026-03-29,25140,FLA,NYR,30006040,Ryan McAllister,shots_on_goal,rf_qrf_shots_on_goal,0.3.0,empirical_qrf,1.0,1.0,1.0,,3869774966809934574,2026-03-29 22:54:59.702154
2026-03-29,25140,FLA,NYR,30006048,Uvis Balinskis,shots_on_goal,rf_qrf_shots_on_goal,0.3.0,empirical_qrf,1.0,1.0,1.0,,3869774966809934574,2026-03-29 22:54:59.702154
2026-03-29,25140,FLA,NYR,30006097,Gracyn Sawchyn,shots_on_goal,rf_qrf_shots_on_goal,0.3.0,empirical_qrf,1.0,1.0,1.0,,3869774966809934574,2026-03-29 22:54:59.702154
2026-03-29,25140,FLA,NYR,30006326,Michael Simpson,shots_on_goal,rf_qrf_shots_on_goal,0.3.0,empirical_qrf,1.0,1.0,1.0,,3869774966809934574,2026-03-29 22:54:59.702154
2026-03-29,25140,FLA,NYR,30006394,Graham McPhee,shots_on_goal,rf_qrf_shots_on_goal,0.3.0,empirical_qrf,1.0,1.0,1.0,,3869774966809934574,2026-03-29 22:54:59.702154
2026-03-29,25140,NYR,FLA,30000123,Jonathan Quick,shots_on_goal,rf_qrf_shots_on_goal,0.3.0,empirical_qrf,1.0,1.0,1.0,,3869774966809934574,2026-03-29 22:54:59.702154
2026-03-29,25140,NYR,FLA,30000226,Vincent Trocheck,shots_on_goal,rf_qrf_shots_on_goal,0.3.0,empirical_qrf,1.0,1.0,1.0,,3869774966809934574,2026-03-29 22:54:59.702154
2026-03-29,25140,NYR,FLA,30000410,Conor Sheary,shots_on_goal,rf_qrf_shots_on_goal,0.3.0,empirical_qrf,1.0,1.0,1.0,,3869774966809934574,2026-03-29 22:54:59.702154
2026-03-29,25140,NYR,FLA,30000467,Mika Zibanejad,shots_on_goal,rf_qrf_shots_on_goal,0.3.0,empirical_qrf,1.0,1.0,1.0,,3869774966809934574,2026-03-29 22:54:59.702154
2026-03-29,25140,NYR,FLA,30000599,Anton Blidh,shots_on_goal,rf_qrf_shots_on_goal,0.3.0,empirical_qrf,1.0,1.0,1.0,,3869774966809934574,2026-03-29 22:54:59.702154
2026-03-29,25140,NYR,FLA,30000617,J.T. Miller,shots_on_goal,rf_qrf_shots_on_goal,0.3.0,empirical_qrf,1.0,1.0,1.0,,3869774966809934574,2026-03-29 22:54:59.702154
2026-03-29,25140,NYR,FLA,30001251,Justin Dowling,shots_on_goal,rf_qrf_shots_on_goal,0.3.0,empirical_qrf,1.0,1.0,1.0,,3869774966809934574,2026-03-29 22:54:59.702154
2026-03-29,25140,NYR,FLA,30002524,Spencer Martin,shots_on_goal,rf_qrf_shots_on_goal,0.3.0,empirical_qrf,1.0,1.0,1.0,,3869774966809934574,2026-03-29 22:54:59.702154
2026-03-29,25140,NYR,FLA,30002967,Jonny Brodzinski,shots_on_goal,rf_qrf_shots_on_goal,0.3.0,empirical_qrf,1.0,1.0,1.0,,3869774966809934574,2026-03-29 22:54:59.702154
2026-03-29,25140,NYR,FLA,30002999,Igor Shesterkin,shots_on_goal,rf_qrf_shots_on_goal,0.3.0,empirical_qrf,1.0,1.0,1.0,,3869774966809934574,2026-03-29 22:54:59.702154
2026-03-29,25140,NYR,FLA,30003170,Taylor Raddysh,shots_on_goal,rf_qrf_shots_on_goal,0.3.0,empirical_qrf,1.0,1.0,1.0,,3869774966809934574,2026-03-29 22:54:59.702154
2026-03-29,25140,NYR,FLA,30003194,Adam Fox,shots_on_goal,rf_qrf_shots_on_goal,0.3.0,empirical_qrf,1.0,1.0,1.0,,3869774966809934574,2026-03-29 22:54:59.702154
2026-03-29,25140,NYR,FLA,30003202,Casey Fitzgerald,shots_on_goal,rf_qrf_shots_on_goal,0.3.0,empirical_qrf,1.0,1.0,1.0,,3869774966809934574,2026-03-29 22:54:59.702154
2026-03-29,25140,NYR,FLA,30003649,Urho Vaakanainen,shots_on_goal,rf_qrf_shots_on_goal,0.3.0,empirical_qrf,1.0,1.0,1.0,,3869774966809934574,2026-03-29 22:54:59.702154
2026-03-29,25140,NYR,FLA,30003743,Will Borgen,shots_on_goal,rf_qrf_shots_on_goal,0.3.0,empirical_qrf,1.0,1.0,1.0,,3869774966809934574,2026-03-29 22:54:59.702154
2026-03-29,25140,NYR,FLA,30003952,Blake Hillman,shots_on_goal,rf_qrf_shots_on_goal,0.3.0,empirical_qrf,1.0,1.0,1.0,,3869774966809934574,2026-03-29 22:54:59.702154
2026-03-29,25140,NYR,FLA,30004430,Vladislav Gavrikov,shots_on_goal,rf_qrf_shots_on_goal,0.3.0,empirical_qrf,1.0,1.0,1.0,,3869774966809934574,2026-03-29 22:54:59.702154
2026-03-29,25140,NYR,FLA,30004504,Matthew Robertson,shots_on_goal,rf_qrf_shots_on_goal,0.3.0,empirical_qrf,1.0,1.0,1.0,,3869774966809934574,2026-03-29 22:54:59.702154
2026-03-29,25140,NYR,FLA,30004749,Connor Mackey,shots_on_goal,rf_qrf_shots_on_goal,0.3.0,empirical_qrf,1.0,1.0,1.0,,3869774966809934574,2026-03-29 22:54:59.702154
2026-03-29,25140,NYR,FLA,30004797,Brendan Brisson,shots_on_goal,rf_qrf_shots_on_goal,0.3.0,empirical_qrf,1.0,1.0,1.0,,3869774966809934574,2026-03-29 22:54:59.702154
2026-03-29,25140,NYR,FLA,30004807,Alexis Lafrenière,shots_on_goal,rf_qrf_shots_on_goal,0.3.0,empirical_qrf,1.0,1.0,1.0,,3869774966809934574,2026-03-29 22:54:59.702154
2026-03-29,25140,NYR,FLA,30004820,Braden Schneider,shots_on_goal,rf_qrf_shots_on_goal,0.3.0,empirical_qrf,1.0,1.0,1.0,,3869774966809934574,2026-03-29 22:54:59.702154
2026-03-29,25140,NYR,FLA,30004832,Will Cuylle,shots_on_goal,rf_qrf_shots_on_goal,0.3.0,empirical_qrf,1.0,1.0,1.0,,3869774966809934574,2026-03-29 22:54:59.702154
2026-03-29,25140,NYR,FLA,30004887,Brett Berard,shots_on_goal,rf_qrf_shots_on_goal,0.3.0,empirical_qrf,1.0,1.0,1.0,,3869774966809934574,2026-03-29 22:54:59.702154
2026-03-29,25140,NYR,FLA,30004896,Dylan Garand,shots_on_goal,rf_qrf_shots_on_goal,0.3.0,empirical_qrf,1.0,1.0,1.0,,3869774966809934574,2026-03-29 22:54:59.702154
2026-03-29,25140,NYR,FLA,30004968,Juuso Parssinen,shots_on_goal,rf_qrf_shots_on_goal,0.3.0,empirical_qrf,1.0,1.0,1.0,,3869774966809934574,2026-03-29 22:54:59.702154
2026-03-29,25140,NYR,FLA,30005014,Scott Morrow,shots_on_goal,rf_qrf_shots_on_goal,0.3.0,empirical_qrf,1.0,1.0,1.0,,3869774966809934574,2026-03-29 22:54:59.702154
2026-03-29,25140,NYR,FLA,30005031,Vincent Iorio,shots_on_goal,rf_qrf_shots_on_goal,0.3.0,empirical_qrf,1.0,1.0,1.0,,3869774966809934574,2026-03-29 22:54:59.702154
2026-03-29,25140,NYR,FLA,30005069,Christopher Merisier-Ortiz,shots_on_goal,rf_qrf_shots_on_goal,0.3.0,empirical_qrf,1.0,1.0,1.0,,3869774966809934574,2026-03-29 22:54:59.702154
2026-03-29,25140,NYR,FLA,30005183,Matt Rempe,shots_on_goal,rf_qrf_shots_on_goal,0.3.0,empirical_qrf,1.0,1.0,1.0,,3869774966809934574,2026-03-29 22:54:59.702154
2026-03-29,25140,NYR,FLA,30005223,Kyle Jackson,shots_on_goal,rf_qrf_shots_on_goal,0.3.0,empirical_qrf,1.0,1.0,1.0,,3869774966809934574,2026-03-29 22:54:59.702154
2026-03-29,25140,NYR,FLA,30005252,Adam Edstrom,shots_on_goal,rf_qrf_shots_on_goal,0.3.0,empirical_qrf,1.0,1.0,1.0,,3869774966809934574,2026-03-29 22:54:59.702154
2026-03-29,25140,NYR,FLA,30005266,Jaroslav Chmelar,shots_on_goal,rf_qrf_shots_on_goal,0.3.0,empirical_qrf,1.0,1.0,1.0,,3869774966809934574,2026-03-29 22:54:59.702154
2026-03-29,25140,NYR,FLA,30005336,Tye Kartye,shots_on_goal,rf_qrf_shots_on_goal,0.3.0,empirical_qrf,1.0,1.0,1.0,,3869774966809934574,2026-03-29 22:54:59.702154
2026-03-29,25140,NYR,FLA,30005563,Brandon Scanlin,shots_on_goal,rf_qrf_shots_on_goal,0.3.0,empirical_qrf,1.0,1.0,1.0,,3869774966809934574,2026-03-29 22:54:59.702154
2026-03-29,25140,NYR,FLA,30005662,Adam Sykora,shots_on_goal,rf_qrf_shots_on_goal,0.3.0,empirical_qrf,1.0,1.0,1.0,,3869774966809934574,2026-03-29 22:54:59.702154
2026-03-29,25140,NYR,FLA,30005686,Bryce McConnell-Barker,shots_on_goal,rf_qrf_shots_on_goal,0.3.0,empirical_qrf,1.0,1.0,1.0,,3869774966809934574,2026-03-29 22:54:59.702154
2026-03-29,25140,NYR,FLA,30005883,Noah Laba,shots_on_goal,rf_qrf_shots_on_goal,0.3.0,empirical_qrf,1.0,1.0,1.0,,3869774966809934574,2026-03-29 22:54:59.702154
2026-03-29,25140,NYR,FLA,30006074,Gabe Perreault,shots_on_goal,rf_qrf_shots_on_goal,0.3.0,empirical_qrf,1.0,1.0,1.0,,3869774966809934574,2026-03-29 22:54:59.702154
2026-03-29,25140,NYR,FLA,30006118,Carey Terrance,shots_on_goal,rf_qrf_shots_on_goal,0.3.0,empirical_qrf,1.0,1.0,1.0,,3869774966809934574,2026-03-29 22:54:59.702154
2026-03-29,25140,NYR,FLA,30006174,Dylan Roobroeck,shots_on_goal,rf_qrf_shots_on_goal,0.3.0,empirical_qrf,1.0,1.0,1.0,,3869774966809934574,2026-03-29 22:54:59.702154
2026-03-29,25140,NYR,FLA,30006331,Brett Budgell,shots_on_goal,rf_qrf_shots_on_goal,0.3.0,empirical_qrf,1.0,1.0,1.0,,3869774966809934574,2026-03-29 22:54:59.702154
2026-03-29,25141,BOS,CBJ,30000245,Viktor Arvidsson,shots_on_goal,rf_qrf_shots_on_goal,0.3.0,empirical_qrf,1.0,1.0,1.0,,3869774966809934574,2026-03-29 22:54:59.702154
2026-03-29,25141,BOS,CBJ,30000393,Joonas Korpisalo,shots_on_goal,rf_qrf_shots_on_goal,0.3.0,empirical_qrf,1.0,1.0,1.0,,3869774966809934574,2026-03-29 22:54:59.702154
2026-03-29,25141,BOS,CBJ,30000607,David Pastrnak,shots_on_goal,rf_qrf_shots_on_goal,0.3.0,empirical_qrf,1.0,1.0,1.0,,3869774966809934574,2026-03-29 22:54:59.702154
2026-03-29,25141,BOS,CBJ,30000630,Patrick Brown,shots_on_goal,rf_qrf_shots_on_goal,0.3.0,empirical_qrf,1.0,1.0,1.0,,3869774966809934574,2026-03-29 22:54:59.702154
2026-03-29,25141,BOS,CBJ,30000636,Elias Lindholm,shots_on_goal,rf_qrf_shots_on_goal,0.3.0,empirical_qrf,1.0,1.0,1.0,,3869774966809934574,2026-03-29 22:54:59.702154
2026-03-29,25141,BOS,CBJ,30000909,Nikita Zadorov,shots_on_goal,rf_qrf_shots_on_goal,0.3.0,empirical_qrf,1.0,1.0,1.0,,3869774966809934574,2026-03-29 22:54:59.702154
2026-03-29,25141,BOS,CBJ,30000995,Pavel Zacha,shots_on_goal,rf_qrf_shots_on_goal,0.3.0,empirical_qrf,1.0,1.0,1.0,,3869774966809934574,2026-03-29 22:54:59.702154
2026-03-29,25141,BOS,CBJ,30001264,Hampus Lindholm,shots_on_goal,rf_qrf_shots_on_goal,0.3.0,empirical_qrf,1.0,1.0,1.0,,3869774966809934574,2026-03-29 22:54:59.702154
2026-03-29,25141,BOS,CBJ,30002853,Sean Kuraly,shots_on_goal,rf_qrf_shots_on_goal,0.3.0,empirical_qrf,1.0,1.0,1.0,,3869774966809934574,2026-03-29 22:54:59.702154
2026-03-29,25141,BOS,CBJ,30003020,Kasimir Kaskisuo,shots_on_goal,rf_qrf_shots_on_goal,0.3.0,empirical_qrf,1.0,1.0,1.0,,3869774966809934574,2026-03-29 22:54:59.702154
2026-03-29,25141,BOS,CBJ,30003147,Charlie McAvoy,shots_on_goal,rf_qrf_shots_on_goal,0.3.0,empirical_qrf,1.0,1.0,1.0,,3869774966809934574,2026-03-29 22:54:59.702154
2026-03-29,25141,BOS,CBJ,30003151,Riley Tufte,shots_on_goal,rf_qrf_shots_on_goal,0.3.0,empirical_qrf,1.0,1.0,1.0,,3869774966809934574,2026-03-29 22:54:59.702154
2026-03-29,25141,BOS,CBJ,30003185,Andrew Peeke,shots_on_goal,rf_qrf_shots_on_goal,0.3.0,empirical_qrf,1.0,1.0,1.0,,3869774966809934574,2026-03-29 22:54:59.702154
2026-03-29,25141,BOS,CBJ,30003442,Tanner Jeannot,shots_on_goal,rf_qrf_shots_on_goal,0.3.0,empirical_qrf,1.0,1.0,1.0,,3869774966809934574,2026-03-29 22:54:59.702154
2026-03-29,25141,BOS,CBJ,30003581,Shane Starrett,shots_on_goal,rf_qrf_shots_on_goal,0.3.0,empirical_qrf,1.0,1.0,1.0,,3869774966809934574,2026-03-29 22:54:59.702154
2026-03-29,25141,BOS,CBJ,30003643,Casey Mittelstadt,shots_on_goal,rf_qrf_shots_on_goal,0.3.0,empirical_qrf,1.0,1.0,1.0,,3869774966809934574,2026-03-29 22:54:59.702154
2026-03-29,25141,BOS,CBJ,30003657,Henri Jokiharju,shots_on_goal,rf_qrf_shots_on_goal,0.3.0,empirical_qrf,1.0,1.0,1.0,,3869774966809934574,2026-03-29 22:54:59.702154
2026-03-29,25141,BOS,CBJ,30003704,Morgan Geekie,shots_on_goal,rf_qrf_shots_on_goal,0.3.0,empirical_qrf,1.0,1.0,1.0,,3869774966809934574,2026-03-29 22:54:59.702154
2026-03-29,25141,BOS,CBJ,30003714,Michael DiPietro,shots_on_goal,rf_qrf_shots_on_goal,0.3.0,empirical_qrf,1.0,1.0,1.0,,3869774966809934574,2026-03-29 22:54:59.702154
2026-03-29,25141,BOS,CBJ,30003890,Mikey Eyssimont,shots_on_goal,rf_qrf_shots_on_goal,0.3.0,empirical_qrf,1.0,1.0,1.0,,3869774966809934574,2026-03-29 22:54:59.702154
2026-03-29,25141,BOS,CBJ,30003912,Mark Kastelic,shots_on_goal,rf_qrf_shots_on_goal,0.3.0,empirical_qrf,1.0,1.0,1.0,,3869774966809934574,2026-03-29 22:54:59.702154
2026-03-29,25141,BOS,CBJ,30003991,Jeremy Swayman,shots_on_goal,rf_qrf_shots_on_goal,0.3.0,empirical_qrf,1.0,1.0,1.0,,3869774966809934574,2026-03-29 22:54:59.702154
2026-03-29,25141,BOS,CBJ,30004166,Jordan Harris,shots_on_goal,rf_qrf_shots_on_goal,0.3.0,empirical_qrf,1.0,1.0,1.0,,3869774966809934574,2026-03-29 22:54:59.702154
2026-03-29,25141,BOS,CBJ,30004281,Jonathan Aspirot,shots_on_goal,rf_qrf_shots_on_goal,0.3.0,empirical_qrf,1.0,1.0,1.0,,3869774966809934574,2026-03-29 22:54:59.702154
2026-03-29,25141,BOS,CBJ,30004477,Victor Soderstrom,shots_on_goal,rf_qrf_shots_on_goal,0.3.0,empirical_qrf,1.0,1.0,1.0,,3869774966809934574,2026-03-29 22:54:59.702154
2026-03-29,25141,BOS,CBJ,30004513,John Farinacci,shots_on_goal,rf_qrf_shots_on_goal,0.3.0,empirical_qrf,1.0,1.0,1.0,,3869774966809934574,2026-03-29 22:54:59.702154
2026-03-29,25141,BOS,CBJ,30004640,Francois Brassard,shots_on_goal,rf_qrf_shots_on_goal,0.3.0,empirical_qrf,1.0,1.0,1.0,,3869774966809934574,2026-03-29 22:54:59.702154
2026-03-29,25141,BOS,CBJ,30004817,Lukas Reichel,shots_on_goal,rf_qrf_shots_on_goal,0.3.0,empirical_qrf,1.0,1.0,1.0,,3869774966809934574,2026-03-29 22:54:59.702154
2026-03-29,25141,BOS,CBJ,30004851,Marat Khusnutdinov,shots_on_goal,rf_qrf_shots_on_goal,0.3.0,empirical_qrf,1.0,1.0,1.0,,3869774966809934574,2026-03-29 22:54:59.702154
2026-03-29,25141,BOS,CBJ,30004858,Mason Lohrei,shots_on_goal,rf_qrf_shots_on_goal,0.3.0,empirical_qrf,1.0,1.0,1.0,,3869774966809934574,2026-03-29 22:54:59.702154
2026-03-29,25141,BOS,CBJ,30004929,Alex Steeves,shots_on_goal,rf_qrf_shots_on_goal,0.3.0,empirical_qrf,1.0,1.0,1.0,,3869774966809934574,2026-03-29 22:54:59.702154
2026-03-29,25141,BOS,CBJ,30004998,Fabian Lysell,shots_on_goal,rf_qrf_shots_on_goal,0.3.0,empirical_qrf,1.0,1.0,1.0,,3869774966809934574,2026-03-29 22:54:59.702154
2026-03-29,25141,BOS,CBJ,30005090,Navrin Mutter,shots_on_goal,rf_qrf_shots_on_goal,0.3.0,empirical_qrf,1.0,1.0,1.0,,3869774966809934574,2026-03-29 22:54:59.702154
2026-03-29,25141,BOS,CBJ,30005092,Billy Sweezey,shots_on_goal,rf_qrf_shots_on_goal,0.3.0,empirical_qrf,1.0,1.0,1.0,,3869774966809934574,2026-03-29 22:54:59.702154
2026-03-29,25141,BOS,CBJ,30005170,Maximus Wanner,shots_on_goal,rf_qrf_shots_on_goal,0.3.0,empirical_qrf,1.0,1.0,1.0,,3869774966809934574,2026-03-29 22:54:59.702154
2026-03-29,25141,BOS,CBJ,30005341,Shawn Element,shots_on_goal,rf_qrf_shots_on_goal,0.3.0,empirical_qrf,1.0,1.0,1.0,,3869774966809934574,2026-03-29 22:54:59.702154
2026-03-29,25141,BOS,CBJ,30005367,Michael Callahan,shots_on_goal,rf_qrf_shots_on_goal,0.3.0,empirical_qrf,1.0,1.0,1.0,,3869774966809934574,2026-03-29 22:54:59.702154
2026-03-29,25141,BOS,CBJ,30005580,Georgi Merkulov,shots_on_goal,rf_qrf_shots_on_goal,0.3.0,empirical_qrf,1.0,1.0,1.0,,3869774966809934574,2026-03-29 22:54:59.702154
2026-03-29,25141,BOS,CBJ,30005651,Matthew Poitras,shots_on_goal,rf_qrf_shots_on_goal,0.3.0,empirical_qrf,1.0,1.0,1.0,,3869774966809934574,2026-03-29 22:54:59.702154
2026-03-29,25141,BOS,CBJ,30005658,Fraser Minten,shots_on_goal,rf_qrf_shots_on_goal,0.3.0,empirical_qrf,1.0,1.0,1.0,,3869774966809934574,2026-03-29 22:54:59.702154
2026-03-29,25141,BOS,CBJ,30005749,Nolan Maier,shots_on_goal,rf_qrf_shots_on_goal,0.3.0,empirical_qrf,1.0,1.0,1.0,,3869774966809934574,2026-03-29 22:54:59.702154
2026-03-29,25141,BOS,CBJ,30005760,Joseph Abate,shots_on_goal,rf_qrf_shots_on_goal,0.3.0,empirical_qrf,1.0,1.0,1.0,,3869774966809934574,2026-03-29 22:54:59.702154
2026-03-29,25141,BOS,CBJ,30005797,Frederic Brunet,shots_on_goal,rf_qrf_shots_on_goal,0.3.0,empirical_qrf,1.0,1.0,1.0,,3869774966809934574,2026-03-29 22:54:59.702154
2026-03-29,25141,BOS,CBJ,30006392,Luke Cavallin,shots_on_goal,rf_qrf_shots_on_goal,0.3.0,empirical_qrf,1.0,1.0,1.0,,3869774966809934574,2026-03-29 22:54:59.702154
2026-03-29,25141,CBJ,BOS,30000115,Sean Monahan,shots_on_goal,rf_qrf_shots_on_goal,0.3.0,empirical_qrf,1.0,1.0,1.0,,3869774966809934574,2026-03-29 22:54:59.702154
2026-03-29,25141,CBJ,BOS,30000207,Damon Severson,shots_on_goal,rf_qrf_shots_on_goal,0.3.0,empirical_qrf,1.0,1.0,1.0,,3869774966809934574,2026-03-29 22:54:59.702154
2026-03-29,25141,CBJ,BOS,30000233,Erik Gudbranson,shots_on_goal,rf_qrf_shots_on_goal,0.3.0,empirical_qrf,1.0,1.0,1.0,,3869774966809934574,2026-03-29 22:54:59.702154
2026-03-29,25141,CBJ,BOS,30000623,Ivan Provorov,shots_on_goal,rf_qrf_shots_on_goal,0.3.0,empirical_qrf,1.0,1.0,1.0,,3869774966809934574,2026-03-29 22:54:59.702154
2026-03-29,25141,CBJ,BOS,30000778,Boone Jenner,shots_on_goal,rf_qrf_shots_on_goal,0.3.0,empirical_qrf,1.0,1.0,1.0,,3869774966809934574,2026-03-29 22:54:59.702154
2026-03-29,25141,CBJ,BOS,30000805,Charlie Coyle,shots_on_goal,rf_qrf_shots_on_goal,0.3.0,empirical_qrf,1.0,1.0,1.0,,3869774966809934574,2026-03-29 22:54:59.702154
2026-03-29,25141,CBJ,BOS,30000855,Brendan Smith,shots_on_goal,rf_qrf_shots_on_goal,0.3.0,empirical_qrf,1.0,1.0,1.0,,3869774966809934574,2026-03-29 22:54:59.702154
2026-03-29,25141,CBJ,BOS,30001196,Brendan Gaunce,shots_on_goal,rf_qrf_shots_on_goal,0.3.0,empirical_qrf,1.0,1.0,1.0,,3869774966809934574,2026-03-29 22:54:59.702154
2026-03-29,25141,CBJ,BOS,30002223,Mason Marchment,shots_on_goal,rf_qrf_shots_on_goal,0.3.0,empirical_qrf,1.0,1.0,1.0,,3869774966809934574,2026-03-29 22:54:59.702154
2026-03-29,25141,CBJ,BOS,30002554,Hudson Fasching,shots_on_goal,rf_qrf_shots_on_goal,0.3.0,empirical_qrf,1.0,1.0,1.0,,3869774966809934574,2026-03-29 22:54:59.702154
2026-03-29,25141,CBJ,BOS,30002593,Dysin Mayo,shots_on_goal,rf_qrf_shots_on_goal,0.3.0,empirical_qrf,1.0,1.0,1.0,,3869774966809934574,2026-03-29 22:54:59.702154
2026-03-29,25141,CBJ,BOS,30002616,Elvis Merzlikins,shots_on_goal,rf_qrf_shots_on_goal,0.3.0,empirical_qrf,1.0,1.0,1.0,,3869774966809934574,2026-03-29 22:54:59.702154
2026-03-29,25141,CBJ,BOS,30002631,Danton Heinen,shots_on_goal,rf_qrf_shots_on_goal,0.3.0,empirical_qrf,1.0,1.0,1.0,,3869774966809934574,2026-03-29 22:54:59.702154
2026-03-29,25141,CBJ,BOS,30002770,Zach Werenski,shots_on_goal,rf_qrf_shots_on_goal,0.3.0,empirical_qrf,1.0,1.0,1.0,,3869774966809934574,2026-03-29 22:54:59.702154
2026-03-29,25141,CBJ,BOS,30002876,Conor Garland,shots_on_goal,rf_qrf_shots_on_goal,0.3.0,empirical_qrf,1.0,1.0,1.0,,3869774966809934574,2026-03-29 22:54:59.702154
2026-03-29,25141,CBJ,BOS,30003079,Miles Wood,shots_on_goal,rf_qrf_shots_on_goal,0.3.0,empirical_qrf,1.0,1.0,1.0,,3869774966809934574,2026-03-29 22:54:59.702154
2026-03-29,25141,CBJ,BOS,30003146,Dante Fabbro,shots_on_goal,rf_qrf_shots_on_goal,0.3.0,empirical_qrf,1.0,1.0,1.0,,3869774966809934574,2026-03-29 22:54:59.702154
2026-03-29,25141,CBJ,BOS,30003267,Mathieu Olivier,shots_on_goal,rf_qrf_shots_on_goal,0.3.0,empirical_qrf,1.0,1.0,1.0,,3869774966809934574,2026-03-29 22:54:59.702154
2026-03-29,25141,CBJ,BOS,30003269,Zach Sawchenko,shots_on_goal,rf_qrf_shots_on_goal,0.3.0,empirical_qrf,1.0,1.0,1.0,,3869774966809934574,2026-03-29 22:54:59.702154
2026-03-29,25141,CBJ,BOS,30003549,Zachary Aston-Reese,shots_on_goal,rf_qrf_shots_on_goal,0.3.0,empirical_qrf,1.0,1.0,1.0,,3869774966809934574,2026-03-29 22:54:59.702154
2026-03-29,25141,CBJ,BOS,30004097,Isac Lundestrom,shots_on_goal,rf_qrf_shots_on_goal,0.3.0,empirical_qrf,1.0,1.0,1.0,,3869774966809934574,2026-03-29 22:54:59.702154
2026-03-29,25141,CBJ,BOS,30004135,Kirill Marchenko,shots_on_goal,rf_qrf_shots_on_goal,0.3.0,empirical_qrf,1.0,1.0,1.0,,3869774966809934574,2026-03-29 22:54:59.702154
2026-03-29,25141,CBJ,BOS,30004172,Curtis Hall,shots_on_goal,rf_qrf_shots_on_goal,0.3.0,empirical_qrf,1.0,1.0,1.0,,3869774966809934574,2026-03-29 22:54:59.702154
2026-03-29,25141,CBJ,BOS,30004205,Egor Zamula,shots_on_goal,rf_qrf_shots_on_goal,0.3.0,empirical_qrf,1.0,1.0,1.0,,3869774966809934574,2026-03-29 22:54:59.702154
2026-03-29,25141,CBJ,BOS,30004306,Jake Christiansen,shots_on_goal,rf_qrf_shots_on_goal,0.3.0,empirical_qrf,1.0,1.0,1.0,,3869774966809934574,2026-03-29 22:54:59.702154
2026-03-29,25141,CBJ,BOS,30004607,Dmitri Voronkov,shots_on_goal,rf_qrf_shots_on_goal,0.3.0,empirical_qrf,1.0,1.0,1.0,,3869774966809934574,2026-03-29 22:54:59.702154
2026-03-29,25141,CBJ,BOS,30004988,Cole Sillinger,shots_on_goal,rf_qrf_shots_on_goal,0.3.0,empirical_qrf,1.0,1.0,1.0,,3869774966809934574,2026-03-29 22:54:59.702154
2026-03-29,25141,CBJ,BOS,30004989,Kent Johnson,shots_on_goal,rf_qrf_shots_on_goal,0.3.0,empirical_qrf,1.0,1.0,1.0,,3869774966809934574,2026-03-29 22:54:59.702154
2026-03-29,25141,CBJ,BOS,30005002,Corson Ceulemans,shots_on_goal,rf_qrf_shots_on_goal,0.3.0,empirical_qrf,1.0,1.0,1.0,,3869774966809934574,2026-03-29 22:54:59.702154
2026-03-29,25141,CBJ,BOS,30005049,Jet Greaves,shots_on_goal,rf_qrf_shots_on_goal,0.3.0,empirical_qrf,1.0,1.0,1.0,,3869774966809934574,2026-03-29 22:54:59.702154
2026-03-29,25141,CBJ,BOS,30005050,Stanislov Svozil,shots_on_goal,rf_qrf_shots_on_goal,0.3.0,empirical_qrf,1.0,1.0,1.0,,3869774966809934574,2026-03-29 22:54:59.702154
2026-03-29,25141,CBJ,BOS,30005053,Ole Julian Bjorgvik-Holm,shots_on_goal,rf_qrf_shots_on_goal,0.3.0,empirical_qrf,1.0,1.0,1.0,,3869774966809934574,2026-03-29 22:54:59.702154
2026-03-29,25141,CBJ,BOS,30005088,James Malatesta,shots_on_goal,rf_qrf_shots_on_goal,0.3.0,empirical_qrf,1.0,1.0,1.0,,3869774966809934574,2026-03-29 22:54:59.702154
2026-03-29,25141,CBJ,BOS,30005290,Max McCue,shots_on_goal,rf_qrf_shots_on_goal,0.3.0,empirical_qrf,1.0,1.0,1.0,,3869774966809934574,2026-03-29 22:54:59.702154
2026-03-29,25141,CBJ,BOS,30005355,Mikael Pyyhtia,shots_on_goal,rf_qrf_shots_on_goal,0.3.0,empirical_qrf,1.0,1.0,1.0,,3869774966809934574,2026-03-29 22:54:59.702154
2026-03-29,25141,CBJ,BOS,30005568,Owen Sillinger,shots_on_goal,rf_qrf_shots_on_goal,0.3.0,empirical_qrf,1.0,1.0,1.0,,3869774966809934574,2026-03-29 22:54:59.702154
2026-03-29,25141,CBJ,BOS,30005637,Denton Mateychuk,shots_on_goal,rf_qrf_shots_on_goal,0.3.0,empirical_qrf,1.0,1.0,1.0,,3869774966809934574,2026-03-29 22:54:59.702154
2026-03-29,25141,CBJ,BOS,30005664,Luca Del Bel Belluz,shots_on_goal,rf_qrf_shots_on_goal,0.3.0,empirical_qrf,1.0,1.0,1.0,,3869774966809934574,2026-03-29 22:54:59.702154
2026-03-29,25141,CBJ,BOS,30005699,Jordan Dumais,shots_on_goal,rf_qrf_shots_on_goal,0.3.0,empirical_qrf,1.0,1.0,1.0,,3869774966809934574,2026-03-29 22:54:59.702154
2026-03-29,25141,CBJ,BOS,30005733,Roman Ahcan,shots_on_goal,rf_qrf_shots_on_goal,0.3.0,empirical_qrf,1.0,1.0,1.0,,3869774966809934574,2026-03-29 22:54:59.702154
2026-03-29,25141,CBJ,BOS,30005736,Nolan Lalonde,shots_on_goal,rf_qrf_shots_on_goal,0.3.0,empirical_qrf,1.0,1.0,1.0,,3869774966809934574,2026-03-29 22:54:59.702154
2026-03-29,25141,CBJ,BOS,30006022,Justin Pearson,shots_on_goal,rf_qrf_shots_on_goal,0.3.0,empirical_qrf,1.0,1.0,1.0,,3869774966809934574,2026-03-29 22:54:59.702154
2026-03-29,25141,CBJ,BOS,30006026,Hunter McKown,shots_on_goal,rf_qrf_shots_on_goal,0.3.0,empirical_qrf,1.0,1.0,1.0,,3869774966809934574,2026-03-29 22:54:59.702154
2026-03-29,25141,CBJ,BOS,30006063,Adam Fantilli,shots_on_goal,rf_qrf_shots_on_goal,0.3.0,empirical_qrf,1.0,1.0,1.0,,3869774966809934574,2026-03-29 22:54:59.702154
2026-03-29,25141,CBJ,BOS,30006337,Riley Bezeau,shots_on_goal,rf_qrf_shots_on_goal,0.3.0,empirical_qrf,1.0,1.0,1.0,,3869774966809934574,2026-03-29 22:54:59.702154
2026-03-29,25142,NAS,TB,30000183,Filip Forsberg,shots_on_goal,rf_qrf_shots_on_goal,0.3.0,empirical_qrf,1.0,1.0,1.0,,3869774966809934574,2026-03-29 22:54:59.702154
2026-03-29,25142,NAS,TB,30000184,Roman Josi,shots_on_goal,rf_qrf_shots_on_goal,0.3.0,empirical_qrf,1.0,1.0,1.0,,3869774966809934574,2026-03-29 22:54:59.702154
2026-03-29,25142,NAS,TB,30000222,Juuse Saros,shots_on_goal,rf_qrf_shots_on_goal,0.3.0,empirical_qrf,1.0,1.0,1.0,,3869774966809934574,2026-03-29 22:54:59.702154
2026-03-29,25142,NAS,TB,30000324,Brady Skjei,shots_on_goal,rf_qrf_shots_on_goal,0.3.0,empirical_qrf,1.0,1.0,1.0,,3869774966809934574,2026-03-29 22:54:59.702154
2026-03-29,25142,NAS,TB,30000716,Daniel Carr,shots_on_goal,rf_qrf_shots_on_goal,0.3.0,empirical_qrf,1.0,1.0,1.0,,3869774966809934574,2026-03-29 22:54:59.702154
2026-03-29,25142,NAS,TB,30000743,Steven Stamkos,shots_on_goal,rf_qrf_shots_on_goal,0.3.0,empirical_qrf,1.0,1.0,1.0,,3869774966809934574,2026-03-29 22:54:59.702154
2026-03-29,25142,NAS,TB,30000810,Erik Haula,shots_on_goal,rf_qrf_shots_on_goal,0.3.0,empirical_qrf,1.0,1.0,1.0,,3869774966809934574,2026-03-29 22:54:59.702154
2026-03-29,25142,NAS,TB,30000979,Ryan O'Reilly,shots_on_goal,rf_qrf_shots_on_goal,0.3.0,empirical_qrf,1.0,1.0,1.0,,3869774966809934574,2026-03-29 22:54:59.702154
2026-03-29,25142,NAS,TB,30001048,Jonathan Marchessault,shots_on_goal,rf_qrf_shots_on_goal,0.3.0,empirical_qrf,1.0,1.0,1.0,,3869774966809934574,2026-03-29 22:54:59.702154
2026-03-29,25142,NAS,TB,30002591,Andreas Englund,shots_on_goal,rf_qrf_shots_on_goal,0.3.0,empirical_qrf,1.0,1.0,1.0,,3869774966809934574,2026-03-29 22:54:59.702154
2026-03-29,25142,NAS,TB,30003140,Tyson Jost,shots_on_goal,rf_qrf_shots_on_goal,0.3.0,empirical_qrf,1.0,1.0,1.0,,3869774966809934574,2026-03-29 22:54:59.702154
2026-03-29,25142,NAS,TB,30003206,Dylan Gambrell,shots_on_goal,rf_qrf_shots_on_goal,0.3.0,empirical_qrf,1.0,1.0,1.0,,3869774966809934574,2026-03-29 22:54:59.702154
2026-03-29,25142,NAS,TB,30003700,Nicolas Hague,shots_on_goal,rf_qrf_shots_on_goal,0.3.0,empirical_qrf,1.0,1.0,1.0,,3869774966809934574,2026-03-29 22:54:59.702154
2026-03-29,25142,NAS,TB,30004161,Justus Annunen,shots_on_goal,rf_qrf_shots_on_goal,0.3.0,empirical_qrf,1.0,1.0,1.0,,3869774966809934574,2026-03-29 22:54:59.702154
2026-03-29,25142,NAS,TB,30004606,Nick Perbix,shots_on_goal,rf_qrf_shots_on_goal,0.3.0,empirical_qrf,1.0,1.0,1.0,,3869774966809934574,2026-03-29 22:54:59.702154
2026-03-29,25142,NAS,TB,30004716,Zack Hayes,shots_on_goal,rf_qrf_shots_on_goal,0.3.0,empirical_qrf,1.0,1.0,1.0,,3869774966809934574,2026-03-29 22:54:59.702154
2026-03-29,25142,NAS,TB,30004725,Ethan Haider,shots_on_goal,rf_qrf_shots_on_goal,0.3.0,empirical_qrf,1.0,1.0,1.0,,3869774966809934574,2026-03-29 22:54:59.702154
2026-03-29,25142,NAS,TB,30004795,Justin Barron,shots_on_goal,rf_qrf_shots_on_goal,0.3.0,empirical_qrf,1.0,1.0,1.0,,3869774966809934574,2026-03-29 22:54:59.702154
2026-03-29,25142,NAS,TB,30004822,Ozzy Wiesblatt,shots_on_goal,rf_qrf_shots_on_goal,0.3.0,empirical_qrf,1.0,1.0,1.0,,3869774966809934574,2026-03-29 22:54:59.702154
2026-03-29,25142,NAS,TB,30004834,Luke Evangelista,shots_on_goal,rf_qrf_shots_on_goal,0.3.0,empirical_qrf,1.0,1.0,1.0,,3869774966809934574,2026-03-29 22:54:59.702154
2026-03-29,25142,NAS,TB,30004907,Ryder Rolston,shots_on_goal,rf_qrf_shots_on_goal,0.3.0,empirical_qrf,1.0,1.0,1.0,,3869774966809934574,2026-03-29 22:54:59.702154
2026-03-29,25142,NAS,TB,30004944,Magnus Chrona,shots_on_goal,rf_qrf_shots_on_goal,0.3.0,empirical_qrf,1.0,1.0,1.0,,3869774966809934574,2026-03-29 22:54:59.702154
2026-03-29,25142,NAS,TB,30004991,Fedor Svechkov,shots_on_goal,rf_qrf_shots_on_goal,0.3.0,empirical_qrf,1.0,1.0,1.0,,3869774966809934574,2026-03-29 22:54:59.702154
2026-03-29,25142,NAS,TB,30005006,Zachary L'Heureux,shots_on_goal,rf_qrf_shots_on_goal,0.3.0,empirical_qrf,1.0,1.0,1.0,,3869774966809934574,2026-03-29 22:54:59.702154
2026-03-29,25142,NAS,TB,30005190,Jack Matier,shots_on_goal,rf_qrf_shots_on_goal,0.3.0,empirical_qrf,1.0,1.0,1.0,,3869774966809934574,2026-03-29 22:54:59.702154
2026-03-29,25142,NAS,TB,30005233,Adam Wilsby,shots_on_goal,rf_qrf_shots_on_goal,0.3.0,empirical_qrf,1.0,1.0,1.0,,3869774966809934574,2026-03-29 22:54:59.702154
2026-03-29,25142,NAS,TB,30005237,Ryan Ufko,shots_on_goal,rf_qrf_shots_on_goal,0.3.0,empirical_qrf,1.0,1.0,1.0,,3869774966809934574,2026-03-29 22:54:59.702154
2026-03-29,25142,NAS,TB,30005617,Joakim Kemell,shots_on_goal,rf_qrf_shots_on_goal,0.3.0,empirical_qrf,1.0,1.0,1.0,,3869774966809934574,2026-03-29 22:54:59.702154
2026-03-29,25142,NAS,TB,30005648,Reid Schaefer,shots_on_goal,rf_qrf_shots_on_goal,0.3.0,empirical_qrf,1.0,1.0,1.0,,3869774966809934574,2026-03-29 22:54:59.702154
2026-03-29,25142,NAS,TB,30005829,Christoffer Sedoff,shots_on_goal,rf_qrf_shots_on_goal,0.3.0,empirical_qrf,1.0,1.0,1.0,,3869774966809934574,2026-03-29 22:54:59.702154
2026-03-29,25142,NAS,TB,30005835,Chad Nychuk,shots_on_goal,rf_qrf_shots_on_goal,0.3.0,empirical_qrf,1.0,1.0,1.0,,3869774966809934574,2026-03-29 22:54:59.702154
2026-03-29,25142,NAS,TB,30005933,Austin Roest,shots_on_goal,rf_qrf_shots_on_goal,0.3.0,empirical_qrf,1.0,1.0,1.0,,3869774966809934574,2026-03-29 22:54:59.702154
2026-03-29,25142,NAS,TB,30006080,Tanner Molendyk,shots_on_goal,rf_qrf_shots_on_goal,0.3.0,empirical_qrf,1.0,1.0,1.0,,3869774966809934574,2026-03-29 22:54:59.702154
2026-03-29,25142,NAS,TB,30006081,Matthew Wood,shots_on_goal,rf_qrf_shots_on_goal,0.3.0,empirical_qrf,1.0,1.0,1.0,,3869774966809934574,2026-03-29 22:54:59.702154
2026-03-29,25142,NAS,TB,30006089,David Edstrom,shots_on_goal,rf_qrf_shots_on_goal,0.3.0,empirical_qrf,1.0,1.0,1.0,,3869774966809934574,2026-03-29 22:54:59.702154
2026-03-29,25142,NAS,TB,30006095,Andrew Gibson,shots_on_goal,rf_qrf_shots_on_goal,0.3.0,empirical_qrf,1.0,1.0,1.0,,3869774966809934574,2026-03-29 22:54:59.702154
2026-03-29,25142,NAS,TB,30006107,Kalan Lind,shots_on_goal,rf_qrf_shots_on_goal,0.3.0,empirical_qrf,1.0,1.0,1.0,,3869774966809934574,2026-03-29 22:54:59.702154
2026-03-29,25142,NAS,TB,30006185,Joey Willis,shots_on_goal,rf_qrf_shots_on_goal,0.3.0,empirical_qrf,1.0,1.0,1.0,,3869774966809934574,2026-03-29 22:54:59.702154
2026-03-29,25142,TB,NAS,30000428,Oliver Bjorkstrand,shots_on_goal,rf_qrf_shots_on_goal,0.3.0,empirical_qrf,1.0,1.0,1.0,,3869774966809934574,2026-03-29 22:54:59.702154
2026-03-29,25142,TB,NAS,30000477,Nick Paul,shots_on_goal,rf_qrf_shots_on_goal,0.3.0,empirical_qrf,1.0,1.0,1.0,,3869774966809934574,2026-03-29 22:54:59.702154
2026-03-29,25142,TB,NAS,30000502,Zemgus Girgensons,shots_on_goal,rf_qrf_shots_on_goal,0.3.0,empirical_qrf,1.0,1.0,1.0,,3869774966809934574,2026-03-29 22:54:59.702154
2026-03-29,25142,TB,NAS,30000737,Victor Hedman,shots_on_goal,rf_qrf_shots_on_goal,0.3.0,empirical_qrf,1.0,1.0,1.0,,3869774966809934574,2026-03-29 22:54:59.702154
2026-03-29,25142,TB,NAS,30000742,Brayden Point,shots_on_goal,rf_qrf_shots_on_goal,0.3.0,empirical_qrf,1.0,1.0,1.0,,3869774966809934574,2026-03-29 22:54:59.702154
2026-03-29,25142,TB,NAS,30001047,Nikita Kucherov,shots_on_goal,rf_qrf_shots_on_goal,0.3.0,empirical_qrf,1.0,1.0,1.0,,3869774966809934574,2026-03-29 22:54:59.702154
2026-03-29,25142,TB,NAS,30001084,Ryan McDonagh,shots_on_goal,rf_qrf_shots_on_goal,0.3.0,empirical_qrf,1.0,1.0,1.0,,3869774966809934574,2026-03-29 22:54:59.702154
2026-03-29,25142,TB,NAS,30001178,Yanni Gourde,shots_on_goal,rf_qrf_shots_on_goal,0.3.0,empirical_qrf,1.0,1.0,1.0,,3869774966809934574,2026-03-29 22:54:59.702154
2026-03-29,25142,TB,NAS,30001265,Corey Perry,shots_on_goal,rf_qrf_shots_on_goal,0.3.0,empirical_qrf,1.0,1.0,1.0,,3869774966809934574,2026-03-29 22:54:59.702154
2026-03-29,25142,TB,NAS,30001377,Andrei Vasilevskiy,shots_on_goal,rf_qrf_shots_on_goal,0.3.0,empirical_qrf,1.0,1.0,1.0,,3869774966809934574,2026-03-29 22:54:59.702154
2026-03-29,25142,TB,NAS,30002516,Steven Santini,shots_on_goal,rf_qrf_shots_on_goal,0.3.0,empirical_qrf,1.0,1.0,1.0,,3869774966809934574,2026-03-29 22:54:59.702154
2026-03-29,25142,TB,NAS,30002532,Jake Guentzel,shots_on_goal,rf_qrf_shots_on_goal,0.3.0,empirical_qrf,1.0,1.0,1.0,,3869774966809934574,2026-03-29 22:54:59.702154
2026-03-29,25142,TB,NAS,30002549,Scott Sabourin,shots_on_goal,rf_qrf_shots_on_goal,0.3.0,empirical_qrf,1.0,1.0,1.0,,3869774966809934574,2026-03-29 22:54:59.702154
2026-03-29,25142,TB,NAS,30002604,Brandon Halverson,shots_on_goal,rf_qrf_shots_on_goal,0.3.0,empirical_qrf,1.0,1.0,1.0,,3869774966809934574,2026-03-29 22:54:59.702154
2026-03-29,25142,TB,NAS,30002606,Jonas Johansson,shots_on_goal,rf_qrf_shots_on_goal,0.3.0,empirical_qrf,1.0,1.0,1.0,,3869774966809934574,2026-03-29 22:54:59.702154
2026-03-29,25142,TB,NAS,30002821,Erik Cernak,shots_on_goal,rf_qrf_shots_on_goal,0.3.0,empirical_qrf,1.0,1.0,1.0,,3869774966809934574,2026-03-29 22:54:59.702154
2026-03-29,25142,TB,NAS,30002845,Anthony Cirelli,shots_on_goal,rf_qrf_shots_on_goal,0.3.0,empirical_qrf,1.0,1.0,1.0,,3869774966809934574,2026-03-29 22:54:59.702154
2026-03-29,25142,TB,NAS,30002974,Kale Kessy,shots_on_goal,rf_qrf_shots_on_goal,0.3.0,empirical_qrf,1.0,1.0,1.0,,3869774966809934574,2026-03-29 22:54:59.702154
2026-03-29,25142,TB,NAS,30003250,Brandon Hagel,shots_on_goal,rf_qrf_shots_on_goal,0.3.0,empirical_qrf,1.0,1.0,1.0,,3869774966809934574,2026-03-29 22:54:59.702154
2026-03-29,25142,TB,NAS,30003478,Darren Raddysh,shots_on_goal,rf_qrf_shots_on_goal,0.3.0,empirical_qrf,1.0,1.0,1.0,,3869774966809934574,2026-03-29 22:54:59.702154
2026-03-29,25142,TB,NAS,30003688,Ian Mitchell,shots_on_goal,rf_qrf_shots_on_goal,0.3.0,empirical_qrf,1.0,1.0,1.0,,3869774966809934574,2026-03-29 22:54:59.702154
2026-03-29,25142,TB,NAS,30004280,Joel Teasdale,shots_on_goal,rf_qrf_shots_on_goal,0.3.0,empirical_qrf,1.0,1.0,1.0,,3869774966809934574,2026-03-29 22:54:59.702154
2026-03-29,25142,TB,NAS,30004487,Jakob Pelletier,shots_on_goal,rf_qrf_shots_on_goal,0.3.0,empirical_qrf,1.0,1.0,1.0,,3869774966809934574,2026-03-29 22:54:59.702154
2026-03-29,25142,TB,NAS,30004540,Reece Newkirk,shots_on_goal,rf_qrf_shots_on_goal,0.3.0,empirical_qrf,1.0,1.0,1.0,,3869774966809934574,2026-03-29 22:54:59.702154
2026-03-29,25142,TB,NAS,30004567,Simon Lundmark,shots_on_goal,rf_qrf_shots_on_goal,0.3.0,empirical_qrf,1.0,1.0,1.0,,3869774966809934574,2026-03-29 22:54:59.702154
2026-03-29,25142,TB,NAS,30004631,Charle-Edouard D'Astous,shots_on_goal,rf_qrf_shots_on_goal,0.3.0,empirical_qrf,1.0,1.0,1.0,,3869774966809934574,2026-03-29 22:54:59.702154
2026-03-29,25142,TB,NAS,30004754,Mitchell Chaffee,shots_on_goal,rf_qrf_shots_on_goal,0.3.0,empirical_qrf,1.0,1.0,1.0,,3869774966809934574,2026-03-29 22:54:59.702154
2026-03-29,25142,TB,NAS,30004838,Gage Goncalves,shots_on_goal,rf_qrf_shots_on_goal,0.3.0,empirical_qrf,1.0,1.0,1.0,,3869774966809934574,2026-03-29 22:54:59.702154
2026-03-29,25142,TB,NAS,30004840,Maxim Groshev,shots_on_goal,rf_qrf_shots_on_goal,0.3.0,empirical_qrf,1.0,1.0,1.0,,3869774966809934574,2026-03-29 22:54:59.702154
2026-03-29,25142,TB,NAS,30004974,Pontus Holmberg,shots_on_goal,rf_qrf_shots_on_goal,0.3.0,empirical_qrf,1.0,1.0,1.0,,3869774966809934574,2026-03-29 22:54:59.702154
2026-03-29,25142,TB,NAS,30005044,J.J. Moser,shots_on_goal,rf_qrf_shots_on_goal,0.3.0,empirical_qrf,1.0,1.0,1.0,,3869774966809934574,2026-03-29 22:54:59.702154
2026-03-29,25142,TB,NAS,30005054,Matteo Pietroniro,shots_on_goal,rf_qrf_shots_on_goal,0.3.0,empirical_qrf,1.0,1.0,1.0,,3869774966809934574,2026-03-29 22:54:59.702154
2026-03-29,25142,TB,NAS,30005366,Emil Lilleberg,shots_on_goal,rf_qrf_shots_on_goal,0.3.0,empirical_qrf,1.0,1.0,1.0,,3869774966809934574,2026-03-29 22:54:59.702154
2026-03-29,25142,TB,NAS,30005421,Maxwell Crozier,shots_on_goal,rf_qrf_shots_on_goal,0.3.0,empirical_qrf,1.0,1.0,1.0,,3869774966809934574,2026-03-29 22:54:59.702154
2026-03-29,25142,TB,NAS,30005562,Declan Carlile,shots_on_goal,rf_qrf_shots_on_goal,0.3.0,empirical_qrf,1.0,1.0,1.0,,3869774966809934574,2026-03-29 22:54:59.702154
2026-03-29,25142,TB,NAS,30005740,Dyllan Gill,shots_on_goal,rf_qrf_shots_on_goal,0.3.0,empirical_qrf,1.0,1.0,1.0,,3869774966809934574,2026-03-29 22:54:59.702154
2026-03-29,25142,TB,NAS,30005768,Tommy Miller,shots_on_goal,rf_qrf_shots_on_goal,0.3.0,empirical_qrf,1.0,1.0,1.0,,3869774966809934574,2026-03-29 22:54:59.702154
2026-03-29,25142,TB,NAS,30006012,Daniel Walker,shots_on_goal,rf_qrf_shots_on_goal,0.3.0,empirical_qrf,1.0,1.0,1.0,,3869774966809934574,2026-03-29 22:54:59.702154
2026-03-29,25142,TB,NAS,30006096,Ethan Gauthier,shots_on_goal,rf_qrf_shots_on_goal,0.3.0,empirical_qrf,1.0,1.0,1.0,,3869774966809934574,2026-03-29 22:54:59.702154
2026-03-29,25142,TB,NAS,30006311,Tristan Allard,shots_on_goal,rf_qrf_shots_on_goal,0.3.0,empirical_qrf,1.0,1.0,1.0,,3869774966809934574,2026-03-29 22:54:59.702154
2026-03-29,25142,TB,NAS,30006313,Gabriel Szturc,shots_on_goal,rf_qrf_shots_on_goal,0.3.0,empirical_qrf,1.0,1.0,1.0,,3869774966809934574,2026-03-29 22:54:59.702154
2026-03-29,25142,TB,NAS,30006329,Brendan Furry,shots_on_goal,rf_qrf_shots_on_goal,0.3.0,empirical_qrf,1.0,1.0,1.0,,3869774966809934574,2026-03-29 22:54:59.702154
2026-03-29,25143,MON,CAR,30000015,Brendan Gallagher,shots_on_goal,rf_qrf_shots_on_goal,0.3.0,empirical_qrf,1.0,1.0,1.0,,3869774966809934574,2026-03-29 22:54:59.702154
2026-03-29,25143,MON,CAR,30000227,Mike Matheson,shots_on_goal,rf_qrf_shots_on_goal,0.3.0,empirical_qrf,1.0,1.0,1.0,,3869774966809934574,2026-03-29 22:54:59.702154
2026-03-29,25143,MON,CAR,30000555,Tyler Wotherspoon,shots_on_goal,rf_qrf_shots_on_goal,0.3.0,empirical_qrf,1.0,1.0,1.0,,3869774966809934574,2026-03-29 22:54:59.702154
2026-03-29,25143,MON,CAR,30000670,Sammy Blais,shots_on_goal,rf_qrf_shots_on_goal,0.3.0,empirical_qrf,1.0,1.0,1.0,,3869774966809934574,2026-03-29 22:54:59.702154
2026-03-29,25143,MON,CAR,30001395,Laurent Dauphin,shots_on_goal,rf_qrf_shots_on_goal,0.3.0,empirical_qrf,1.0,1.0,1.0,,3869774966809934574,2026-03-29 22:54:59.702154
2026-03-29,25143,MON,CAR,30001424,Phillip Danault,shots_on_goal,rf_qrf_shots_on_goal,0.3.0,empirical_qrf,1.0,1.0,1.0,,3869774966809934574,2026-03-29 22:54:59.702154
2026-03-29,25143,MON,CAR,30002592,Kaapo Kahkonen,shots_on_goal,rf_qrf_shots_on_goal,0.3.0,empirical_qrf,1.0,1.0,1.0,,3869774966809934574,2026-03-29 22:54:59.702154
2026-03-29,25143,MON,CAR,30002601,Joshua Jacobs,shots_on_goal,rf_qrf_shots_on_goal,0.3.0,empirical_qrf,1.0,1.0,1.0,,3869774966809934574,2026-03-29 22:54:59.702154
2026-03-29,25143,MON,CAR,30002663,Vincent Arseneau,shots_on_goal,rf_qrf_shots_on_goal,0.3.0,empirical_qrf,1.0,1.0,1.0,,3869774966809934574,2026-03-29 22:54:59.702154
2026-03-29,25143,MON,CAR,30002781,Sam Montembeault,shots_on_goal,rf_qrf_shots_on_goal,0.3.0,empirical_qrf,1.0,1.0,1.0,,3869774966809934574,2026-03-29 22:54:59.702154
2026-03-29,25143,MON,CAR,30002825,Alexandre Carrier,shots_on_goal,rf_qrf_shots_on_goal,0.3.0,empirical_qrf,1.0,1.0,1.0,,3869774966809934574,2026-03-29 22:54:59.702154
2026-03-29,25143,MON,CAR,30003131,Patrik Laine,shots_on_goal,rf_qrf_shots_on_goal,0.3.0,empirical_qrf,1.0,1.0,1.0,,3869774966809934574,2026-03-29 22:54:59.702154
2026-03-29,25143,MON,CAR,30003667,Nick Suzuki,shots_on_goal,rf_qrf_shots_on_goal,0.3.0,empirical_qrf,1.0,1.0,1.0,,3869774966809934574,2026-03-29 22:54:59.702154
2026-03-29,25143,MON,CAR,30003687,Alexandre Texier,shots_on_goal,rf_qrf_shots_on_goal,0.3.0,empirical_qrf,1.0,1.0,1.0,,3869774966809934574,2026-03-29 22:54:59.702154
2026-03-29,25143,MON,CAR,30003901,Alex Belzile,shots_on_goal,rf_qrf_shots_on_goal,0.3.0,empirical_qrf,1.0,1.0,1.0,,3869774966809934574,2026-03-29 22:54:59.702154
2026-03-29,25143,MON,CAR,30003958,Nate Clurman,shots_on_goal,rf_qrf_shots_on_goal,0.3.0,empirical_qrf,1.0,1.0,1.0,,3869774966809934574,2026-03-29 22:54:59.702154
2026-03-29,25143,MON,CAR,30003990,Jake Evans,shots_on_goal,rf_qrf_shots_on_goal,0.3.0,empirical_qrf,1.0,1.0,1.0,,3869774966809934574,2026-03-29 22:54:59.702154
2026-03-29,25143,MON,CAR,30004086,Noah Dobson,shots_on_goal,rf_qrf_shots_on_goal,0.3.0,empirical_qrf,1.0,1.0,1.0,,3869774966809934574,2026-03-29 22:54:59.702154
2026-03-29,25143,MON,CAR,30004101,Joe Veleno,shots_on_goal,rf_qrf_shots_on_goal,0.3.0,empirical_qrf,1.0,1.0,1.0,,3869774966809934574,2026-03-29 22:54:59.702154
2026-03-29,25143,MON,CAR,30004204,Wyatte Wylie,shots_on_goal,rf_qrf_shots_on_goal,0.3.0,empirical_qrf,1.0,1.0,1.0,,3869774966809934574,2026-03-29 22:54:59.702154
2026-03-29,25143,MON,CAR,30004284,Kevin Mandolese,shots_on_goal,rf_qrf_shots_on_goal,0.3.0,empirical_qrf,1.0,1.0,1.0,,3869774966809934574,2026-03-29 22:54:59.702154
2026-03-29,25143,MON,CAR,30004361,Josh Anderson,shots_on_goal,rf_qrf_shots_on_goal,0.3.0,empirical_qrf,1.0,1.0,1.0,,3869774966809934574,2026-03-29 22:54:59.702154
2026-03-29,25143,MON,CAR,30004472,Kirby Dach,shots_on_goal,rf_qrf_shots_on_goal,0.3.0,empirical_qrf,1.0,1.0,1.0,,3869774966809934574,2026-03-29 22:54:59.702154
2026-03-29,25143,MON,CAR,30004486,Alex Newhook,shots_on_goal,rf_qrf_shots_on_goal,0.3.0,empirical_qrf,1.0,1.0,1.0,,3869774966809934574,2026-03-29 22:54:59.702154
2026-03-29,25143,MON,CAR,30004520,Hunter Jones,shots_on_goal,rf_qrf_shots_on_goal,0.3.0,empirical_qrf,1.0,1.0,1.0,,3869774966809934574,2026-03-29 22:54:59.702154
2026-03-29,25143,MON,CAR,30004559,Jayden Struble,shots_on_goal,rf_qrf_shots_on_goal,0.3.0,empirical_qrf,1.0,1.0,1.0,,3869774966809934574,2026-03-29 22:54:59.702154
2026-03-29,25143,MON,CAR,30004803,Kaiden Guhle,shots_on_goal,rf_qrf_shots_on_goal,0.3.0,empirical_qrf,1.0,1.0,1.0,,3869774966809934574,2026-03-29 22:54:59.702154
2026-03-29,25143,MON,CAR,30004876,Ty Smilanic,shots_on_goal,rf_qrf_shots_on_goal,0.3.0,empirical_qrf,1.0,1.0,1.0,,3869774966809934574,2026-03-29 22:54:59.702154
2026-03-29,25143,MON,CAR,30004894,Sean Farrell,shots_on_goal,rf_qrf_shots_on_goal,0.3.0,empirical_qrf,1.0,1.0,1.0,,3869774966809934574,2026-03-29 22:54:59.702154
2026-03-29,25143,MON,CAR,30004928,Cole Caufield,shots_on_goal,rf_qrf_shots_on_goal,0.3.0,empirical_qrf,1.0,1.0,1.0,,3869774966809934574,2026-03-29 22:54:59.702154
2026-03-29,25143,MON,CAR,30004950,Marc Del Gaizo,shots_on_goal,rf_qrf_shots_on_goal,0.3.0,empirical_qrf,1.0,1.0,1.0,,3869774966809934574,2026-03-29 22:54:59.702154
2026-03-29,25143,MON,CAR,30004990,Zachary Bolduc,shots_on_goal,rf_qrf_shots_on_goal,0.3.0,empirical_qrf,1.0,1.0,1.0,,3869774966809934574,2026-03-29 22:54:59.702154
2026-03-29,25143,MON,CAR,30005021,Oliver Kapanen,shots_on_goal,rf_qrf_shots_on_goal,0.3.0,empirical_qrf,1.0,1.0,1.0,,3869774966809934574,2026-03-29 22:54:59.702154
2026-03-29,25143,MON,CAR,30005118,Tobie Paquette-Bisson,shots_on_goal,rf_qrf_shots_on_goal,0.3.0,empirical_qrf,1.0,1.0,1.0,,3869774966809934574,2026-03-29 22:54:59.702154
2026-03-29,25143,MON,CAR,30005121,Joshua Roy,shots_on_goal,rf_qrf_shots_on_goal,0.3.0,empirical_qrf,1.0,1.0,1.0,,3869774966809934574,2026-03-29 22:54:59.702154
2026-03-29,25143,MON,CAR,30005122,Xavier Simoneau,shots_on_goal,rf_qrf_shots_on_goal,0.3.0,empirical_qrf,1.0,1.0,1.0,,3869774966809934574,2026-03-29 22:54:59.702154
2026-03-29,25143,MON,CAR,30005127,Joe Vrbetic,shots_on_goal,rf_qrf_shots_on_goal,0.3.0,empirical_qrf,1.0,1.0,1.0,,3869774966809934574,2026-03-29 22:54:59.702154
2026-03-29,25143,MON,CAR,30005128,Arber Xhekaj,shots_on_goal,rf_qrf_shots_on_goal,0.3.0,empirical_qrf,1.0,1.0,1.0,,3869774966809934574,2026-03-29 22:54:59.702154
2026-03-29,25143,MON,CAR,30005175,Jake Chiasson,shots_on_goal,rf_qrf_shots_on_goal,0.3.0,empirical_qrf,1.0,1.0,1.0,,3869774966809934574,2026-03-29 22:54:59.702154
2026-03-29,25143,MON,CAR,30005287,Gannon Laroque,shots_on_goal,rf_qrf_shots_on_goal,0.3.0,empirical_qrf,1.0,1.0,1.0,,3869774966809934574,2026-03-29 22:54:59.702154
2026-03-29,25143,MON,CAR,30005288,Ben Gaudreau,shots_on_goal,rf_qrf_shots_on_goal,0.3.0,empirical_qrf,1.0,1.0,1.0,,3869774966809934574,2026-03-29 22:54:59.702154
2026-03-29,25143,MON,CAR,30005534,Jakub Dobes,shots_on_goal,rf_qrf_shots_on_goal,0.3.0,empirical_qrf,1.0,1.0,1.0,,3869774966809934574,2026-03-29 22:54:59.702154
2026-03-29,25143,MON,CAR,30005574,Lucas Condotta,shots_on_goal,rf_qrf_shots_on_goal,0.3.0,empirical_qrf,1.0,1.0,1.0,,3869774966809934574,2026-03-29 22:54:59.702154
2026-03-29,25143,MON,CAR,30005631,Juraj Slafkovsky,shots_on_goal,rf_qrf_shots_on_goal,0.3.0,empirical_qrf,1.0,1.0,1.0,,3869774966809934574,2026-03-29 22:54:59.702154
2026-03-29,25143,MON,CAR,30005645,Filip Mesar,shots_on_goal,rf_qrf_shots_on_goal,0.3.0,empirical_qrf,1.0,1.0,1.0,,3869774966809934574,2026-03-29 22:54:59.702154
2026-03-29,25143,MON,CAR,30005655,Lane Hutson,shots_on_goal,rf_qrf_shots_on_goal,0.3.0,empirical_qrf,1.0,1.0,1.0,,3869774966809934574,2026-03-29 22:54:59.702154
2026-03-29,25143,MON,CAR,30005656,Owen Beck,shots_on_goal,rf_qrf_shots_on_goal,0.3.0,empirical_qrf,1.0,1.0,1.0,,3869774966809934574,2026-03-29 22:54:59.702154
2026-03-29,25143,MON,CAR,30005806,Jared Davidson,shots_on_goal,rf_qrf_shots_on_goal,0.3.0,empirical_qrf,1.0,1.0,1.0,,3869774966809934574,2026-03-29 22:54:59.702154
2026-03-29,25143,MON,CAR,30006060,David Reinbacher,shots_on_goal,rf_qrf_shots_on_goal,0.3.0,empirical_qrf,1.0,1.0,1.0,,3869774966809934574,2026-03-29 22:54:59.702154
2026-03-29,25143,MON,CAR,30006127,Jacob Fowler,shots_on_goal,rf_qrf_shots_on_goal,0.3.0,empirical_qrf,1.0,1.0,1.0,,3869774966809934574,2026-03-29 22:54:59.702154
2026-03-29,25143,MON,CAR,30006152,Florian Xhekaj,shots_on_goal,rf_qrf_shots_on_goal,0.3.0,empirical_qrf,1.0,1.0,1.0,,3869774966809934574,2026-03-29 22:54:59.702154
2026-03-29,25143,MON,CAR,30006358,Israel Mianscum,shots_on_goal,rf_qrf_shots_on_goal,0.3.0,empirical_qrf,1.0,1.0,1.0,,3869774966809934574,2026-03-29 22:54:59.702154
2026-03-29,25143,MON,CAR,30006485,Ivan Demidov,shots_on_goal,rf_qrf_shots_on_goal,0.3.0,empirical_qrf,1.0,1.0,1.0,,3869774966809934574,2026-03-29 22:54:59.702154
2026-03-29,25143,CAR,MON,30000271,Shayne Gostisbehere,shots_on_goal,rf_qrf_shots_on_goal,0.3.0,empirical_qrf,1.0,1.0,1.0,,3869774966809934574,2026-03-29 22:54:59.702154
2026-03-29,25143,CAR,MON,30000358,Jordan Staal,shots_on_goal,rf_qrf_shots_on_goal,0.3.0,empirical_qrf,1.0,1.0,1.0,,3869774966809934574,2026-03-29 22:54:59.702154
2026-03-29,25143,CAR,MON,30000501,Nicolas Deslauriers,shots_on_goal,rf_qrf_shots_on_goal,0.3.0,empirical_qrf,1.0,1.0,1.0,,3869774966809934574,2026-03-29 22:54:59.702154
2026-03-29,25143,CAR,MON,30000510,William Carrier,shots_on_goal,rf_qrf_shots_on_goal,0.3.0,empirical_qrf,1.0,1.0,1.0,,3869774966809934574,2026-03-29 22:54:59.702154
2026-03-29,25143,CAR,MON,30000525,Mike Reilly,shots_on_goal,rf_qrf_shots_on_goal,0.3.0,empirical_qrf,1.0,1.0,1.0,,3869774966809934574,2026-03-29 22:54:59.702154
2026-03-29,25143,CAR,MON,30000643,Jaccob Slavin,shots_on_goal,rf_qrf_shots_on_goal,0.3.0,empirical_qrf,1.0,1.0,1.0,,3869774966809934574,2026-03-29 22:54:59.702154
2026-03-29,25143,CAR,MON,30000822,Nikolaj Ehlers,shots_on_goal,rf_qrf_shots_on_goal,0.3.0,empirical_qrf,1.0,1.0,1.0,,3869774966809934574,2026-03-29 22:54:59.702154
2026-03-29,25143,CAR,MON,30000948,Jordan Martinook,shots_on_goal,rf_qrf_shots_on_goal,0.3.0,empirical_qrf,1.0,1.0,1.0,,3869774966809934574,2026-03-29 22:54:59.702154
2026-03-29,25143,CAR,MON,30001187,Taylor Hall,shots_on_goal,rf_qrf_shots_on_goal,0.3.0,empirical_qrf,1.0,1.0,1.0,,3869774966809934574,2026-03-29 22:54:59.702154
2026-03-29,25143,CAR,MON,30001203,Frederik Andersen,shots_on_goal,rf_qrf_shots_on_goal,0.3.0,empirical_qrf,1.0,1.0,1.0,,3869774966809934574,2026-03-29 22:54:59.702154
2026-03-29,25143,CAR,MON,30002309,Mark Jankowski,shots_on_goal,rf_qrf_shots_on_goal,0.3.0,empirical_qrf,1.0,1.0,1.0,,3869774966809934574,2026-03-29 22:54:59.702154
2026-03-29,25143,CAR,MON,30002819,Sebastian Aho,shots_on_goal,rf_qrf_shots_on_goal,0.3.0,empirical_qrf,1.0,1.0,1.0,,3869774966809934574,2026-03-29 22:54:59.702154
2026-03-29,25143,CAR,MON,30002980,Eric Robinson,shots_on_goal,rf_qrf_shots_on_goal,0.3.0,empirical_qrf,1.0,1.0,1.0,,3869774966809934574,2026-03-29 22:54:59.702154
2026-03-29,25143,CAR,MON,30003180,Givani Smith,shots_on_goal,rf_qrf_shots_on_goal,0.3.0,empirical_qrf,1.0,1.0,1.0,,3869774966809934574,2026-03-29 22:54:59.702154
2026-03-29,25143,CAR,MON,30003359,Jalen Chatfield,shots_on_goal,rf_qrf_shots_on_goal,0.3.0,empirical_qrf,1.0,1.0,1.0,,3869774966809934574,2026-03-29 22:54:59.702154
2026-03-29,25143,CAR,MON,30003662,Juuso Valimaki,shots_on_goal,rf_qrf_shots_on_goal,0.3.0,empirical_qrf,1.0,1.0,1.0,,3869774966809934574,2026-03-29 22:54:59.702154
2026-03-29,25143,CAR,MON,30003786,Sean Walker,shots_on_goal,rf_qrf_shots_on_goal,0.3.0,empirical_qrf,1.0,1.0,1.0,,3869774966809934574,2026-03-29 22:54:59.702154
2026-03-29,25143,CAR,MON,30004075,Jesperi Kotkaniemi,shots_on_goal,rf_qrf_shots_on_goal,0.3.0,empirical_qrf,1.0,1.0,1.0,,3869774966809934574,2026-03-29 22:54:59.702154
2026-03-29,25143,CAR,MON,30004076,Andrei Svechnikov,shots_on_goal,rf_qrf_shots_on_goal,0.3.0,empirical_qrf,1.0,1.0,1.0,,3869774966809934574,2026-03-29 22:54:59.702154
2026-03-29,25143,CAR,MON,30004082,K'Andre Miller,shots_on_goal,rf_qrf_shots_on_goal,0.3.0,empirical_qrf,1.0,1.0,1.0,,3869774966809934574,2026-03-29 22:54:59.702154
2026-03-29,25143,CAR,MON,30004385,Cayden Primeau,shots_on_goal,rf_qrf_shots_on_goal,0.3.0,empirical_qrf,1.0,1.0,1.0,,3869774966809934574,2026-03-29 22:54:59.702154
2026-03-29,25143,CAR,MON,30004537,Domenick Fensore,shots_on_goal,rf_qrf_shots_on_goal,0.3.0,empirical_qrf,1.0,1.0,1.0,,3869774966809934574,2026-03-29 22:54:59.702154
2026-03-29,25143,CAR,MON,30004602,Nikita Pavlychev,shots_on_goal,rf_qrf_shots_on_goal,0.3.0,empirical_qrf,1.0,1.0,1.0,,3869774966809934574,2026-03-29 22:54:59.702154
2026-03-29,25143,CAR,MON,30004806,Seth Jarvis,shots_on_goal,rf_qrf_shots_on_goal,0.3.0,empirical_qrf,1.0,1.0,1.0,,3869774966809934574,2026-03-29 22:54:59.702154
2026-03-29,25143,CAR,MON,30004865,Alexander Nikishin,shots_on_goal,rf_qrf_shots_on_goal,0.3.0,empirical_qrf,1.0,1.0,1.0,,3869774966809934574,2026-03-29 22:54:59.702154
2026-03-29,25143,CAR,MON,30004913,Evan Vierling,shots_on_goal,rf_qrf_shots_on_goal,0.3.0,empirical_qrf,1.0,1.0,1.0,,3869774966809934574,2026-03-29 22:54:59.702154
2026-03-29,25143,CAR,MON,30004953,Pyotr Kochetkov,shots_on_goal,rf_qrf_shots_on_goal,0.3.0,empirical_qrf,1.0,1.0,1.0,,3869774966809934574,2026-03-29 22:54:59.702154
2026-03-29,25143,CAR,MON,30005026,Aleksi Heimosalmi,shots_on_goal,rf_qrf_shots_on_goal,0.3.0,empirical_qrf,1.0,1.0,1.0,,3869774966809934574,2026-03-29 22:54:59.702154
2026-03-29,25143,CAR,MON,30005034,Logan Stankoven,shots_on_goal,rf_qrf_shots_on_goal,0.3.0,empirical_qrf,1.0,1.0,1.0,,3869774966809934574,2026-03-29 22:54:59.702154
2026-03-29,25143,CAR,MON,30005153,Bryce Montgomery,shots_on_goal,rf_qrf_shots_on_goal,0.3.0,empirical_qrf,1.0,1.0,1.0,,3869774966809934574,2026-03-29 22:54:59.702154
2026-03-29,25143,CAR,MON,30005155,Justin Robidas,shots_on_goal,rf_qrf_shots_on_goal,0.3.0,empirical_qrf,1.0,1.0,1.0,,3869774966809934574,2026-03-29 22:54:59.702154
2026-03-29,25143,CAR,MON,30005405,Jackson Blake,shots_on_goal,rf_qrf_shots_on_goal,0.3.0,empirical_qrf,1.0,1.0,1.0,,3869774966809934574,2026-03-29 22:54:59.702154
2026-03-29,25143,CAR,MON,30005573,Brandon Bussi,shots_on_goal,rf_qrf_shots_on_goal,0.3.0,empirical_qrf,1.0,1.0,1.0,,3869774966809934574,2026-03-29 22:54:59.702154
2026-03-29,25143,CAR,MON,30005685,Viktor Neuchev,shots_on_goal,rf_qrf_shots_on_goal,0.3.0,empirical_qrf,1.0,1.0,1.0,,3869774966809934574,2026-03-29 22:54:59.702154
2026-03-29,25143,CAR,MON,30006098,Felix Unger Sorum,shots_on_goal,rf_qrf_shots_on_goal,0.3.0,empirical_qrf,1.0,1.0,1.0,,3869774966809934574,2026-03-29 22:54:59.702154
2026-03-29,25144,DAL,PHI,30000166,Alexander Petrovic,shots_on_goal,rf_qrf_shots_on_goal,0.3.0,empirical_qrf,1.0,1.0,1.0,,3869774966809934574,2026-03-29 22:54:59.702154
2026-03-29,25144,DAL,PHI,30000702,Antoine Bibeau,shots_on_goal,rf_qrf_shots_on_goal,0.3.0,empirical_qrf,1.0,1.0,1.0,,3869774966809934574,2026-03-29 22:54:59.702154
2026-03-29,25144,DAL,PHI,30000735,Adam Erne,shots_on_goal,rf_qrf_shots_on_goal,0.3.0,empirical_qrf,1.0,1.0,1.0,,3869774966809934574,2026-03-29 22:54:59.702154
2026-03-29,25144,DAL,PHI,30000750,Radek Faksa,shots_on_goal,rf_qrf_shots_on_goal,0.3.0,empirical_qrf,1.0,1.0,1.0,,3869774966809934574,2026-03-29 22:54:59.702154
2026-03-29,25144,DAL,PHI,30000755,Esa Lindell,shots_on_goal,rf_qrf_shots_on_goal,0.3.0,empirical_qrf,1.0,1.0,1.0,,3869774966809934574,2026-03-29 22:54:59.702154
2026-03-29,25144,DAL,PHI,30000756,Curtis McKenzie,shots_on_goal,rf_qrf_shots_on_goal,0.3.0,empirical_qrf,1.0,1.0,1.0,,3869774966809934574,2026-03-29 22:54:59.702154
2026-03-29,25144,DAL,PHI,30000762,Tyler Seguin,shots_on_goal,rf_qrf_shots_on_goal,0.3.0,empirical_qrf,1.0,1.0,1.0,,3869774966809934574,2026-03-29 22:54:59.702154
2026-03-29,25144,DAL,PHI,30000906,Mikko Rantanen,shots_on_goal,rf_qrf_shots_on_goal,0.3.0,empirical_qrf,1.0,1.0,1.0,,3869774966809934574,2026-03-29 22:54:59.702154
2026-03-29,25144,DAL,PHI,30001146,Matt Duchene,shots_on_goal,rf_qrf_shots_on_goal,0.3.0,empirical_qrf,1.0,1.0,1.0,,3869774966809934574,2026-03-29 22:54:59.702154
2026-03-29,25144,DAL,PHI,30001299,Tyler Myers,shots_on_goal,rf_qrf_shots_on_goal,0.3.0,empirical_qrf,1.0,1.0,1.0,,3869774966809934574,2026-03-29 22:54:59.702154
2026-03-29,25144,DAL,PHI,30001302,Jamie Benn,shots_on_goal,rf_qrf_shots_on_goal,0.3.0,empirical_qrf,1.0,1.0,1.0,,3869774966809934574,2026-03-29 22:54:59.702154
2026-03-29,25144,DAL,PHI,30002811,Roope Hintz,shots_on_goal,rf_qrf_shots_on_goal,0.3.0,empirical_qrf,1.0,1.0,1.0,,3869774966809934574,2026-03-29 22:54:59.702154
2026-03-29,25144,DAL,PHI,30002842,Kyle Capobianco,shots_on_goal,rf_qrf_shots_on_goal,0.3.0,empirical_qrf,1.0,1.0,1.0,,3869774966809934574,2026-03-29 22:54:59.702154
2026-03-29,25144,DAL,PHI,30002859,Michael Bunting,shots_on_goal,rf_qrf_shots_on_goal,0.3.0,empirical_qrf,1.0,1.0,1.0,,3869774966809934574,2026-03-29 22:54:59.702154
2026-03-29,25144,DAL,PHI,30003156,Sam Steel,shots_on_goal,rf_qrf_shots_on_goal,0.3.0,empirical_qrf,1.0,1.0,1.0,,3869774966809934574,2026-03-29 22:54:59.702154
2026-03-29,25144,DAL,PHI,30003165,Nate Bastian,shots_on_goal,rf_qrf_shots_on_goal,0.3.0,empirical_qrf,1.0,1.0,1.0,,3869774966809934574,2026-03-29 22:54:59.702154
2026-03-29,25144,DAL,PHI,30003357,Colin Blackwell,shots_on_goal,rf_qrf_shots_on_goal,0.3.0,empirical_qrf,1.0,1.0,1.0,,3869774966809934574,2026-03-29 22:54:59.702154
2026-03-29,25144,DAL,PHI,30003376,Casey DeSmith,shots_on_goal,rf_qrf_shots_on_goal,0.3.0,empirical_qrf,1.0,1.0,1.0,,3869774966809934574,2026-03-29 22:54:59.702154
2026-03-29,25144,DAL,PHI,30003585,Cameron Hughes,shots_on_goal,rf_qrf_shots_on_goal,0.3.0,empirical_qrf,1.0,1.0,1.0,,3869774966809934574,2026-03-29 22:54:59.702154
2026-03-29,25144,DAL,PHI,30003640,Miro Heiskanen,shots_on_goal,rf_qrf_shots_on_goal,0.3.0,empirical_qrf,1.0,1.0,1.0,,3869774966809934574,2026-03-29 22:54:59.702154
2026-03-29,25144,DAL,PHI,30003658,Jake Oettinger,shots_on_goal,rf_qrf_shots_on_goal,0.3.0,empirical_qrf,1.0,1.0,1.0,,3869774966809934574,2026-03-29 22:54:59.702154
2026-03-29,25144,DAL,PHI,30003689,Jason Robertson,shots_on_goal,rf_qrf_shots_on_goal,0.3.0,empirical_qrf,1.0,1.0,1.0,,3869774966809934574,2026-03-29 22:54:59.702154
2026-03-29,25144,DAL,PHI,30003695,Kole Lind,shots_on_goal,rf_qrf_shots_on_goal,0.3.0,empirical_qrf,1.0,1.0,1.0,,3869774966809934574,2026-03-29 22:54:59.702154
2026-03-29,25144,DAL,PHI,30004061,Ilya Lyubushkin,shots_on_goal,rf_qrf_shots_on_goal,0.3.0,empirical_qrf,1.0,1.0,1.0,,3869774966809934574,2026-03-29 22:54:59.702154
2026-03-29,25144,DAL,PHI,30004103,Nils Lundkvist,shots_on_goal,rf_qrf_shots_on_goal,0.3.0,empirical_qrf,1.0,1.0,1.0,,3869774966809934574,2026-03-29 22:54:59.702154
2026-03-29,25144,DAL,PHI,30004482,Thomas Harley,shots_on_goal,rf_qrf_shots_on_goal,0.3.0,empirical_qrf,1.0,1.0,1.0,,3869774966809934574,2026-03-29 22:54:59.702154
2026-03-29,25144,DAL,PHI,30004546,Vladislav Kolyachonok,shots_on_goal,rf_qrf_shots_on_goal,0.3.0,empirical_qrf,1.0,1.0,1.0,,3869774966809934574,2026-03-29 22:54:59.702154
2026-03-29,25144,DAL,PHI,30004796,Mavrik Bourque,shots_on_goal,rf_qrf_shots_on_goal,0.3.0,empirical_qrf,1.0,1.0,1.0,,3869774966809934574,2026-03-29 22:54:59.702154
2026-03-29,25144,DAL,PHI,30004844,Cross Hanas,shots_on_goal,rf_qrf_shots_on_goal,0.3.0,empirical_qrf,1.0,1.0,1.0,,3869774966809934574,2026-03-29 22:54:59.702154
2026-03-29,25144,DAL,PHI,30004869,Jeremie Poirier,shots_on_goal,rf_qrf_shots_on_goal,0.3.0,empirical_qrf,1.0,1.0,1.0,,3869774966809934574,2026-03-29 22:54:59.702154
2026-03-29,25144,DAL,PHI,30005004,Wyatt Johnston,shots_on_goal,rf_qrf_shots_on_goal,0.3.0,empirical_qrf,1.0,1.0,1.0,,3869774966809934574,2026-03-29 22:54:59.702154
2026-03-29,25144,DAL,PHI,30005062,Oskar Bäck,shots_on_goal,rf_qrf_shots_on_goal,0.3.0,empirical_qrf,1.0,1.0,1.0,,3869774966809934574,2026-03-29 22:54:59.702154
2026-03-29,25144,DAL,PHI,30005640,Lian Bichsel,shots_on_goal,rf_qrf_shots_on_goal,0.3.0,empirical_qrf,1.0,1.0,1.0,,3869774966809934574,2026-03-29 22:54:59.702154
2026-03-29,25144,DAL,PHI,30006362,Connor Punnett,shots_on_goal,rf_qrf_shots_on_goal,0.3.0,empirical_qrf,1.0,1.0,1.0,,3869774966809934574,2026-03-29 22:54:59.702154
2026-03-29,25144,DAL,PHI,30006457,Justin Hryckowian,shots_on_goal,rf_qrf_shots_on_goal,0.3.0,empirical_qrf,1.0,1.0,1.0,,3869774966809934574,2026-03-29 22:54:59.702154
2026-03-29,25144,DAL,PHI,30006473,Arttu Hyry,shots_on_goal,rf_qrf_shots_on_goal,0.3.0,empirical_qrf,1.0,1.0,1.0,,3869774966809934574,2026-03-29 22:54:59.702154
2026-03-29,25144,PHI,DAL,30000050,Sean Couturier,shots_on_goal,rf_qrf_shots_on_goal,0.3.0,empirical_qrf,1.0,1.0,1.0,,3869774966809934574,2026-03-29 22:54:59.702154
2026-03-29,25144,PHI,DAL,30000234,Garrett Wilson,shots_on_goal,rf_qrf_shots_on_goal,0.3.0,empirical_qrf,1.0,1.0,1.0,,3869774966809934574,2026-03-29 22:54:59.702154
2026-03-29,25144,PHI,DAL,30000349,Travis Konecny,shots_on_goal,rf_qrf_shots_on_goal,0.3.0,empirical_qrf,1.0,1.0,1.0,,3869774966809934574,2026-03-29 22:54:59.702154
2026-03-29,25144,PHI,DAL,30000624,Travis Sanheim,shots_on_goal,rf_qrf_shots_on_goal,0.3.0,empirical_qrf,1.0,1.0,1.0,,3869774966809934574,2026-03-29 22:54:59.702154
2026-03-29,25144,PHI,DAL,30000844,Luke Glendening,shots_on_goal,rf_qrf_shots_on_goal,0.3.0,empirical_qrf,1.0,1.0,1.0,,3869774966809934574,2026-03-29 22:54:59.702154
2026-03-29,25144,PHI,DAL,30000942,Christian Dvorak,shots_on_goal,rf_qrf_shots_on_goal,0.3.0,empirical_qrf,1.0,1.0,1.0,,3869774966809934574,2026-03-29 22:54:59.702154
2026-03-29,25144,PHI,DAL,30001201,Garnet Hathaway,shots_on_goal,rf_qrf_shots_on_goal,0.3.0,empirical_qrf,1.0,1.0,1.0,,3869774966809934574,2026-03-29 22:54:59.702154
2026-03-29,25144,PHI,DAL,30001294,Rasmus Ristolainen,shots_on_goal,rf_qrf_shots_on_goal,0.3.0,empirical_qrf,1.0,1.0,1.0,,3869774966809934574,2026-03-29 22:54:59.702154
2026-03-29,25144,PHI,DAL,30001312,Noah Juulsen,shots_on_goal,rf_qrf_shots_on_goal,0.3.0,empirical_qrf,1.0,1.0,1.0,,3869774966809934574,2026-03-29 22:54:59.702154
2026-03-29,25144,PHI,DAL,30002786,Dan Vladar,shots_on_goal,rf_qrf_shots_on_goal,0.3.0,empirical_qrf,1.0,1.0,1.0,,3869774966809934574,2026-03-29 22:54:59.702154
2026-03-29,25144,PHI,DAL,30002979,Anthony Richard,shots_on_goal,rf_qrf_shots_on_goal,0.3.0,empirical_qrf,1.0,1.0,1.0,,3869774966809934574,2026-03-29 22:54:59.702154
2026-03-29,25144,PHI,DAL,30003016,Nick Seeler,shots_on_goal,rf_qrf_shots_on_goal,0.3.0,empirical_qrf,1.0,1.0,1.0,,3869774966809934574,2026-03-29 22:54:59.702154
2026-03-29,25144,PHI,DAL,30003167,Boris Katchouk,shots_on_goal,rf_qrf_shots_on_goal,0.3.0,empirical_qrf,1.0,1.0,1.0,,3869774966809934574,2026-03-29 22:54:59.702154
2026-03-29,25144,PHI,DAL,30003171,Carl Grundstrom,shots_on_goal,rf_qrf_shots_on_goal,0.3.0,empirical_qrf,1.0,1.0,1.0,,3869774966809934574,2026-03-29 22:54:59.702154
2026-03-29,25144,PHI,DAL,30003283,Lane Pederson,shots_on_goal,rf_qrf_shots_on_goal,0.3.0,empirical_qrf,1.0,1.0,1.0,,3869774966809934574,2026-03-29 22:54:59.702154
2026-03-29,25144,PHI,DAL,30003500,Rodrigo Abols,shots_on_goal,rf_qrf_shots_on_goal,0.3.0,empirical_qrf,1.0,1.0,1.0,,3869774966809934574,2026-03-29 22:54:59.702154
2026-03-29,25144,PHI,DAL,30003653,Owen Tippett,shots_on_goal,rf_qrf_shots_on_goal,0.3.0,empirical_qrf,1.0,1.0,1.0,,3869774966809934574,2026-03-29 22:54:59.702154
2026-03-29,25144,PHI,DAL,30003733,Keith Petruzzelli,shots_on_goal,rf_qrf_shots_on_goal,0.3.0,empirical_qrf,1.0,1.0,1.0,,3869774966809934574,2026-03-29 22:54:59.702154
2026-03-29,25144,PHI,DAL,30004002,Cooper Marody,shots_on_goal,rf_qrf_shots_on_goal,0.3.0,empirical_qrf,1.0,1.0,1.0,,3869774966809934574,2026-03-29 22:54:59.702154
2026-03-29,25144,PHI,DAL,30004154,Xavier Bernard,shots_on_goal,rf_qrf_shots_on_goal,0.3.0,empirical_qrf,1.0,1.0,1.0,,3869774966809934574,2026-03-29 22:54:59.702154
2026-03-29,25144,PHI,DAL,30004406,Samuel Ersson,shots_on_goal,rf_qrf_shots_on_goal,0.3.0,empirical_qrf,1.0,1.0,1.0,,3869774966809934574,2026-03-29 22:54:59.702154
2026-03-29,25144,PHI,DAL,30004481,Trevor Zegras,shots_on_goal,rf_qrf_shots_on_goal,0.3.0,empirical_qrf,1.0,1.0,1.0,,3869774966809934574,2026-03-29 22:54:59.702154
2026-03-29,25144,PHI,DAL,30004484,Cam York,shots_on_goal,rf_qrf_shots_on_goal,0.3.0,empirical_qrf,1.0,1.0,1.0,,3869774966809934574,2026-03-29 22:54:59.702154
2026-03-29,25144,PHI,DAL,30004488,Philip Tomasino,shots_on_goal,rf_qrf_shots_on_goal,0.3.0,empirical_qrf,1.0,1.0,1.0,,3869774966809934574,2026-03-29 22:54:59.702154
2026-03-29,25144,PHI,DAL,30004800,Jamie Drysdale,shots_on_goal,rf_qrf_shots_on_goal,0.3.0,empirical_qrf,1.0,1.0,1.0,,3869774966809934574,2026-03-29 22:54:59.702154
2026-03-29,25144,PHI,DAL,30004801,Tyson Foerster,shots_on_goal,rf_qrf_shots_on_goal,0.3.0,empirical_qrf,1.0,1.0,1.0,,3869774966809934574,2026-03-29 22:54:59.702154
2026-03-29,25144,PHI,DAL,30004824,Emil Andrae,shots_on_goal,rf_qrf_shots_on_goal,0.3.0,empirical_qrf,1.0,1.0,1.0,,3869774966809934574,2026-03-29 22:54:59.702154
2026-03-29,25144,PHI,DAL,30004839,Helge Grans,shots_on_goal,rf_qrf_shots_on_goal,0.3.0,empirical_qrf,1.0,1.0,1.0,,3869774966809934574,2026-03-29 22:54:59.702154
2026-03-29,25144,PHI,DAL,30005130,Brett Harrison,shots_on_goal,rf_qrf_shots_on_goal,0.3.0,empirical_qrf,1.0,1.0,1.0,,3869774966809934574,2026-03-29 22:54:59.702154
2026-03-29,25144,PHI,DAL,30005234,Vincent Sevigny,shots_on_goal,rf_qrf_shots_on_goal,0.3.0,empirical_qrf,1.0,1.0,1.0,,3869774966809934574,2026-03-29 22:54:59.702154
2026-03-29,25144,PHI,DAL,30005293,Artem Guryev,shots_on_goal,rf_qrf_shots_on_goal,0.3.0,empirical_qrf,1.0,1.0,1.0,,3869774966809934574,2026-03-29 22:54:59.702154
2026-03-29,25144,PHI,DAL,30005397,Noah Cates,shots_on_goal,rf_qrf_shots_on_goal,0.3.0,empirical_qrf,1.0,1.0,1.0,,3869774966809934574,2026-03-29 22:54:59.702154
2026-03-29,25144,PHI,DAL,30005401,Aleksei Kolosov,shots_on_goal,rf_qrf_shots_on_goal,0.3.0,empirical_qrf,1.0,1.0,1.0,,3869774966809934574,2026-03-29 22:54:59.702154
2026-03-29,25144,PHI,DAL,30005612,David Jiricek,shots_on_goal,rf_qrf_shots_on_goal,0.3.0,empirical_qrf,1.0,1.0,1.0,,3869774966809934574,2026-03-29 22:54:59.702154
2026-03-29,25144,PHI,DAL,30005756,Tucker Robertson,shots_on_goal,rf_qrf_shots_on_goal,0.3.0,empirical_qrf,1.0,1.0,1.0,,3869774966809934574,2026-03-29 22:54:59.702154
2026-03-29,25144,PHI,DAL,30005798,Jackson Edward,shots_on_goal,rf_qrf_shots_on_goal,0.3.0,empirical_qrf,1.0,1.0,1.0,,3869774966809934574,2026-03-29 22:54:59.702154
2026-03-29,25144,PHI,DAL,30005890,Alex Bump,shots_on_goal,rf_qrf_shots_on_goal,0.3.0,empirical_qrf,1.0,1.0,1.0,,3869774966809934574,2026-03-29 22:54:59.702154
2026-03-29,25144,PHI,DAL,30005958,Nikita Grebenkin,shots_on_goal,rf_qrf_shots_on_goal,0.3.0,empirical_qrf,1.0,1.0,1.0,,3869774966809934574,2026-03-29 22:54:59.702154
2026-03-29,25144,PHI,DAL,30006045,Yaniv Perets,shots_on_goal,rf_qrf_shots_on_goal,0.3.0,empirical_qrf,1.0,1.0,1.0,,3869774966809934574,2026-03-29 22:54:59.702154
2026-03-29,25144,PHI,DAL,30006061,Matvei Michkov,shots_on_goal,rf_qrf_shots_on_goal,0.3.0,empirical_qrf,1.0,1.0,1.0,,3869774966809934574,2026-03-29 22:54:59.702154
2026-03-29,25144,PHI,DAL,30006075,Oliver Bonk,shots_on_goal,rf_qrf_shots_on_goal,0.3.0,empirical_qrf,1.0,1.0,1.0,,3869774966809934574,2026-03-29 22:54:59.702154
2026-03-29,25144,PHI,DAL,30006100,Carson Bjarnason,shots_on_goal,rf_qrf_shots_on_goal,0.3.0,empirical_qrf,1.0,1.0,1.0,,3869774966809934574,2026-03-29 22:54:59.702154
2026-03-29,25144,PHI,DAL,30006135,Denver Barkey,shots_on_goal,rf_qrf_shots_on_goal,0.3.0,empirical_qrf,1.0,1.0,1.0,,3869774966809934574,2026-03-29 22:54:59.702154
2026-03-29,25145,CHI,NJ,30000182,Ryan Ellis,shots_on_goal,rf_qrf_shots_on_goal,0.3.0,empirical_qrf,1.0,1.0,1.0,,3869774966809934574,2026-03-29 22:54:59.702154
2026-03-29,25145,CHI,NJ,30000585,Andre Burakovsky,shots_on_goal,rf_qrf_shots_on_goal,0.3.0,empirical_qrf,1.0,1.0,1.0,,3869774966809934574,2026-03-29 22:54:59.702154
2026-03-29,25145,CHI,NJ,30000842,Tyler Bertuzzi,shots_on_goal,rf_qrf_shots_on_goal,0.3.0,empirical_qrf,1.0,1.0,1.0,,3869774966809934574,2026-03-29 22:54:59.702154
2026-03-29,25145,CHI,NJ,30000871,Teuvo Teravainen,shots_on_goal,rf_qrf_shots_on_goal,0.3.0,empirical_qrf,1.0,1.0,1.0,,3869774966809934574,2026-03-29 22:54:59.702154
2026-03-29,25145,CHI,NJ,30001060,Shea Weber,shots_on_goal,rf_qrf_shots_on_goal,0.3.0,empirical_qrf,1.0,1.0,1.0,,3869774966809934574,2026-03-29 22:54:59.702154
2026-03-29,25145,CHI,NJ,30001099,Derrick Pouliot,shots_on_goal,rf_qrf_shots_on_goal,0.3.0,empirical_qrf,1.0,1.0,1.0,,3869774966809934574,2026-03-29 22:54:59.702154
2026-03-29,25145,CHI,NJ,30002212,Cavan Fitzgerald,shots_on_goal,rf_qrf_shots_on_goal,0.3.0,empirical_qrf,1.0,1.0,1.0,,3869774966809934574,2026-03-29 22:54:59.702154
2026-03-29,25145,CHI,NJ,30002218,Andrew Mangiapane,shots_on_goal,rf_qrf_shots_on_goal,0.3.0,empirical_qrf,1.0,1.0,1.0,,3869774966809934574,2026-03-29 22:54:59.702154
2026-03-29,25145,CHI,NJ,30002539,Matt Grzelcyk,shots_on_goal,rf_qrf_shots_on_goal,0.3.0,empirical_qrf,1.0,1.0,1.0,,3869774966809934574,2026-03-29 22:54:59.702154
2026-03-29,25145,CHI,NJ,30002588,Ryan Donato,shots_on_goal,rf_qrf_shots_on_goal,0.3.0,empirical_qrf,1.0,1.0,1.0,,3869774966809934574,2026-03-29 22:54:59.702154
2026-03-29,25145,CHI,NJ,30003209,Joey Anderson,shots_on_goal,rf_qrf_shots_on_goal,0.3.0,empirical_qrf,1.0,1.0,1.0,,3869774966809934574,2026-03-29 22:54:59.702154
2026-03-29,25145,CHI,NJ,30003558,Josh Healey,shots_on_goal,rf_qrf_shots_on_goal,0.3.0,empirical_qrf,1.0,1.0,1.0,,3869774966809934574,2026-03-29 22:54:59.702154
2026-03-29,25145,CHI,NJ,30003751,Dominic Toninato,shots_on_goal,rf_qrf_shots_on_goal,0.3.0,empirical_qrf,1.0,1.0,1.0,,3869774966809934574,2026-03-29 22:54:59.702154
2026-03-29,25145,CHI,NJ,30003996,Sam Lafferty,shots_on_goal,rf_qrf_shots_on_goal,0.3.0,empirical_qrf,1.0,1.0,1.0,,3869774966809934574,2026-03-29 22:54:59.702154
2026-03-29,25145,CHI,NJ,30004000,Brett Seney,shots_on_goal,rf_qrf_shots_on_goal,0.3.0,empirical_qrf,1.0,1.0,1.0,,3869774966809934574,2026-03-29 22:54:59.702154
2026-03-29,25145,CHI,NJ,30004158,Olivier Rodrigue,shots_on_goal,rf_qrf_shots_on_goal,0.3.0,empirical_qrf,1.0,1.0,1.0,,3869774966809934574,2026-03-29 22:54:59.702154
2026-03-29,25145,CHI,NJ,30004442,Ilya Mikheyev,shots_on_goal,rf_qrf_shots_on_goal,0.3.0,empirical_qrf,1.0,1.0,1.0,,3869774966809934574,2026-03-29 22:54:59.702154
2026-03-29,25145,CHI,NJ,30004494,Spencer Knight,shots_on_goal,rf_qrf_shots_on_goal,0.3.0,empirical_qrf,1.0,1.0,1.0,,3869774966809934574,2026-03-29 22:54:59.702154
2026-03-29,25145,CHI,NJ,30004507,Alex Vlasic,shots_on_goal,rf_qrf_shots_on_goal,0.3.0,empirical_qrf,1.0,1.0,1.0,,3869774966809934574,2026-03-29 22:54:59.702154
2026-03-29,25145,CHI,NJ,30004650,Louis Crevier,shots_on_goal,rf_qrf_shots_on_goal,0.3.0,empirical_qrf,1.0,1.0,1.0,,3869774966809934574,2026-03-29 22:54:59.702154
2026-03-29,25145,CHI,NJ,30004830,Drew Commesso,shots_on_goal,rf_qrf_shots_on_goal,0.3.0,empirical_qrf,1.0,1.0,1.0,,3869774966809934574,2026-03-29 22:54:59.702154
2026-03-29,25145,CHI,NJ,30004850,Wyatt Kaiser,shots_on_goal,rf_qrf_shots_on_goal,0.3.0,empirical_qrf,1.0,1.0,1.0,,3869774966809934574,2026-03-29 22:54:59.702154
2026-03-29,25145,CHI,NJ,30004875,Landon Slaggert,shots_on_goal,rf_qrf_shots_on_goal,0.3.0,empirical_qrf,1.0,1.0,1.0,,3869774966809934574,2026-03-29 22:54:59.702154
2026-03-29,25145,CHI,NJ,30004946,Jackson Cates,shots_on_goal,rf_qrf_shots_on_goal,0.3.0,empirical_qrf,1.0,1.0,1.0,,3869774966809934574,2026-03-29 22:54:59.702154
2026-03-29,25145,CHI,NJ,30004965,Arvid Soderblom,shots_on_goal,rf_qrf_shots_on_goal,0.3.0,empirical_qrf,1.0,1.0,1.0,,3869774966809934574,2026-03-29 22:54:59.702154
2026-03-29,25145,CHI,NJ,30005052,Dmitry Kuzmin,shots_on_goal,rf_qrf_shots_on_goal,0.3.0,empirical_qrf,1.0,1.0,1.0,,3869774966809934574,2026-03-29 22:54:59.702154
2026-03-29,25145,CHI,NJ,30005131,Ryan Mast,shots_on_goal,rf_qrf_shots_on_goal,0.3.0,empirical_qrf,1.0,1.0,1.0,,3869774966809934574,2026-03-29 22:54:59.702154
2026-03-29,25145,CHI,NJ,30005163,Ethan Del Mastro,shots_on_goal,rf_qrf_shots_on_goal,0.3.0,empirical_qrf,1.0,1.0,1.0,,3869774966809934574,2026-03-29 22:54:59.702154
2026-03-29,25145,CHI,NJ,30005632,Kevin Korchinski,shots_on_goal,rf_qrf_shots_on_goal,0.3.0,empirical_qrf,1.0,1.0,1.0,,3869774966809934574,2026-03-29 22:54:59.702154
2026-03-29,25145,CHI,NJ,30005638,Frank Nazar,shots_on_goal,rf_qrf_shots_on_goal,0.3.0,empirical_qrf,1.0,1.0,1.0,,3869774966809934574,2026-03-29 22:54:59.702154
2026-03-29,25145,CHI,NJ,30005639,Sam Rinzel,shots_on_goal,rf_qrf_shots_on_goal,0.3.0,empirical_qrf,1.0,1.0,1.0,,3869774966809934574,2026-03-29 22:54:59.702154
2026-03-29,25145,CHI,NJ,30005665,Paul Ludwinski,shots_on_goal,rf_qrf_shots_on_goal,0.3.0,empirical_qrf,1.0,1.0,1.0,,3869774966809934574,2026-03-29 22:54:59.702154
2026-03-29,25145,CHI,NJ,30005666,Ryan Greene,shots_on_goal,rf_qrf_shots_on_goal,0.3.0,empirical_qrf,1.0,1.0,1.0,,3869774966809934574,2026-03-29 22:54:59.702154
2026-03-29,25145,CHI,NJ,30005718,Samuel Savoie,shots_on_goal,rf_qrf_shots_on_goal,0.3.0,empirical_qrf,1.0,1.0,1.0,,3869774966809934574,2026-03-29 22:54:59.702154
2026-03-29,25145,CHI,NJ,30005816,Gavin Hayes,shots_on_goal,rf_qrf_shots_on_goal,0.3.0,empirical_qrf,1.0,1.0,1.0,,3869774966809934574,2026-03-29 22:54:59.702154
2026-03-29,25145,CHI,NJ,30005819,Andrew Perrott,shots_on_goal,rf_qrf_shots_on_goal,0.3.0,empirical_qrf,1.0,1.0,1.0,,3869774966809934574,2026-03-29 22:54:59.702154
2026-03-29,25145,CHI,NJ,30005820,Mitchell Weeks,shots_on_goal,rf_qrf_shots_on_goal,0.3.0,empirical_qrf,1.0,1.0,1.0,,3869774966809934574,2026-03-29 22:54:59.702154
2026-03-29,25145,CHI,NJ,30005839,Jake Furlong,shots_on_goal,rf_qrf_shots_on_goal,0.3.0,empirical_qrf,1.0,1.0,1.0,,3869774966809934574,2026-03-29 22:54:59.702154
2026-03-29,25145,CHI,NJ,30006064,Connor Bedard,shots_on_goal,rf_qrf_shots_on_goal,0.3.0,empirical_qrf,1.0,1.0,1.0,,3869774966809934574,2026-03-29 22:54:59.702154
2026-03-29,25145,CHI,NJ,30006077,Oliver Moore,shots_on_goal,rf_qrf_shots_on_goal,0.3.0,empirical_qrf,1.0,1.0,1.0,,3869774966809934574,2026-03-29 22:54:59.702154
2026-03-29,25145,CHI,NJ,30006105,Martin Misiak,shots_on_goal,rf_qrf_shots_on_goal,0.3.0,empirical_qrf,1.0,1.0,1.0,,3869774966809934574,2026-03-29 22:54:59.702154
2026-03-29,25145,CHI,NJ,30006145,Nick Lardis,shots_on_goal,rf_qrf_shots_on_goal,0.3.0,empirical_qrf,1.0,1.0,1.0,,3869774966809934574,2026-03-29 22:54:59.702154
2026-03-29,25145,CHI,NJ,30006279,Sahil Panwar,shots_on_goal,rf_qrf_shots_on_goal,0.3.0,empirical_qrf,1.0,1.0,1.0,,3869774966809934574,2026-03-29 22:54:59.702154
2026-03-29,25145,CHI,NJ,30006312,Joe Carroll,shots_on_goal,rf_qrf_shots_on_goal,0.3.0,empirical_qrf,1.0,1.0,1.0,,3869774966809934574,2026-03-29 22:54:59.702154
2026-03-29,25145,CHI,NJ,30006496,Artyom Levshunov,shots_on_goal,rf_qrf_shots_on_goal,0.3.0,empirical_qrf,1.0,1.0,1.0,,3869774966809934574,2026-03-29 22:54:59.702154
2026-03-29,25145,NJ,CHI,30000070,Dougie Hamilton,shots_on_goal,rf_qrf_shots_on_goal,0.3.0,empirical_qrf,1.0,1.0,1.0,,3869774966809934574,2026-03-29 22:54:59.702154
2026-03-29,25145,NJ,CHI,30000210,Colton White,shots_on_goal,rf_qrf_shots_on_goal,0.3.0,empirical_qrf,1.0,1.0,1.0,,3869774966809934574,2026-03-29 22:54:59.702154
2026-03-29,25145,NJ,CHI,30000225,Nick Bjugstad,shots_on_goal,rf_qrf_shots_on_goal,0.3.0,empirical_qrf,1.0,1.0,1.0,,3869774966809934574,2026-03-29 22:54:59.702154
2026-03-29,25145,NJ,CHI,30000368,Brett Pesce,shots_on_goal,rf_qrf_shots_on_goal,0.3.0,empirical_qrf,1.0,1.0,1.0,,3869774966809934574,2026-03-29 22:54:59.702154
2026-03-29,25145,NJ,CHI,30000491,Connor Brown,shots_on_goal,rf_qrf_shots_on_goal,0.3.0,empirical_qrf,1.0,1.0,1.0,,3869774966809934574,2026-03-29 22:54:59.702154
2026-03-29,25145,NJ,CHI,30000573,Jacob Markstrom,shots_on_goal,rf_qrf_shots_on_goal,0.3.0,empirical_qrf,1.0,1.0,1.0,,3869774966809934574,2026-03-29 22:54:59.702154
2026-03-29,25145,NJ,CHI,30000665,Jake Allen,shots_on_goal,rf_qrf_shots_on_goal,0.3.0,empirical_qrf,1.0,1.0,1.0,,3869774966809934574,2026-03-29 22:54:59.702154
2026-03-29,25145,NJ,CHI,30000886,Stefan Noesen,shots_on_goal,rf_qrf_shots_on_goal,0.3.0,empirical_qrf,1.0,1.0,1.0,,3869774966809934574,2026-03-29 22:54:59.702154
2026-03-29,25145,NJ,CHI,30001108,Jonas Siegenthaler,shots_on_goal,rf_qrf_shots_on_goal,0.3.0,empirical_qrf,1.0,1.0,1.0,,3869774966809934574,2026-03-29 22:54:59.702154
2026-03-29,25145,NJ,CHI,30001225,Brenden Dillon,shots_on_goal,rf_qrf_shots_on_goal,0.3.0,empirical_qrf,1.0,1.0,1.0,,3869774966809934574,2026-03-29 22:54:59.702154
2026-03-29,25145,NJ,CHI,30001226,Timo Meier,shots_on_goal,rf_qrf_shots_on_goal,0.3.0,empirical_qrf,1.0,1.0,1.0,,3869774966809934574,2026-03-29 22:54:59.702154
2026-03-29,25145,NJ,CHI,30001786,Evgenii Dadonov,shots_on_goal,rf_qrf_shots_on_goal,0.3.0,empirical_qrf,1.0,1.0,1.0,,3869774966809934574,2026-03-29 22:54:59.702154
2026-03-29,25145,NJ,CHI,30003154,Dennis Cholowski,shots_on_goal,rf_qrf_shots_on_goal,0.3.0,empirical_qrf,1.0,1.0,1.0,,3869774966809934574,2026-03-29 22:54:59.702154
2026-03-29,25145,NJ,CHI,30003404,Zack MacEwen,shots_on_goal,rf_qrf_shots_on_goal,0.3.0,empirical_qrf,1.0,1.0,1.0,,3869774966809934574,2026-03-29 22:54:59.702154
2026-03-29,25145,NJ,CHI,30003568,Joseph Gambardella,shots_on_goal,rf_qrf_shots_on_goal,0.3.0,empirical_qrf,1.0,1.0,1.0,,3869774966809934574,2026-03-29 22:54:59.702154
2026-03-29,25145,NJ,CHI,30003612,Jesper Bratt,shots_on_goal,rf_qrf_shots_on_goal,0.3.0,empirical_qrf,1.0,1.0,1.0,,3869774966809934574,2026-03-29 22:54:59.702154
2026-03-29,25145,NJ,CHI,30003639,Nico Hischier,shots_on_goal,rf_qrf_shots_on_goal,0.3.0,empirical_qrf,1.0,1.0,1.0,,3869774966809934574,2026-03-29 22:54:59.702154
2026-03-29,25145,NJ,CHI,30003642,Cody Glass,shots_on_goal,rf_qrf_shots_on_goal,0.3.0,empirical_qrf,1.0,1.0,1.0,,3869774966809934574,2026-03-29 22:54:59.702154
2026-03-29,25145,NJ,CHI,30003726,Johnathan Kovacevic,shots_on_goal,rf_qrf_shots_on_goal,0.3.0,empirical_qrf,1.0,1.0,1.0,,3869774966809934574,2026-03-29 22:54:59.702154
2026-03-29,25145,NJ,CHI,30003983,Austin Strand,shots_on_goal,rf_qrf_shots_on_goal,0.3.0,empirical_qrf,1.0,1.0,1.0,,3869774966809934574,2026-03-29 22:54:59.702154
2026-03-29,25145,NJ,CHI,30004112,Calen Addison,shots_on_goal,rf_qrf_shots_on_goal,0.3.0,empirical_qrf,1.0,1.0,1.0,,3869774966809934574,2026-03-29 22:54:59.702154
2026-03-29,25145,NJ,CHI,30004384,Paul Cotter,shots_on_goal,rf_qrf_shots_on_goal,0.3.0,empirical_qrf,1.0,1.0,1.0,,3869774966809934574,2026-03-29 22:54:59.702154
2026-03-29,25145,NJ,CHI,30004470,Jack Hughes,shots_on_goal,rf_qrf_shots_on_goal,0.3.0,empirical_qrf,1.0,1.0,1.0,,3869774966809934574,2026-03-29 22:54:59.702154
2026-03-29,25145,NJ,CHI,30004549,Nathan Legare,shots_on_goal,rf_qrf_shots_on_goal,0.3.0,empirical_qrf,1.0,1.0,1.0,,3869774966809934574,2026-03-29 22:54:59.702154
2026-03-29,25145,NJ,CHI,30004810,Dawson Mercer,shots_on_goal,rf_qrf_shots_on_goal,0.3.0,empirical_qrf,1.0,1.0,1.0,,3869774966809934574,2026-03-29 22:54:59.702154
2026-03-29,25145,NJ,CHI,30004833,Nico Daws,shots_on_goal,rf_qrf_shots_on_goal,0.3.0,empirical_qrf,1.0,1.0,1.0,,3869774966809934574,2026-03-29 22:54:59.702154
2026-03-29,25145,NJ,CHI,30004986,Luke Hughes,shots_on_goal,rf_qrf_shots_on_goal,0.3.0,empirical_qrf,1.0,1.0,1.0,,3869774966809934574,2026-03-29 22:54:59.702154
2026-03-29,25145,NJ,CHI,30005278,Mikael Diotte,shots_on_goal,rf_qrf_shots_on_goal,0.3.0,empirical_qrf,1.0,1.0,1.0,,3869774966809934574,2026-03-29 22:54:59.702154
2026-03-29,25145,NJ,CHI,30005466,Arseniy Gritsyuk,shots_on_goal,rf_qrf_shots_on_goal,0.3.0,empirical_qrf,1.0,1.0,1.0,,3869774966809934574,2026-03-29 22:54:59.702154
2026-03-29,25145,NJ,CHI,30005569,Brian Halonen,shots_on_goal,rf_qrf_shots_on_goal,0.3.0,empirical_qrf,1.0,1.0,1.0,,3869774966809934574,2026-03-29 22:54:59.702154
2026-03-29,25145,NJ,CHI,30005613,Simon Nemec,shots_on_goal,rf_qrf_shots_on_goal,0.3.0,empirical_qrf,1.0,1.0,1.0,,3869774966809934574,2026-03-29 22:54:59.702154
2026-03-29,25145,NJ,CHI,30006099,Lenni Hämmenaho,shots_on_goal,rf_qrf_shots_on_goal,0.3.0,empirical_qrf,1.0,1.0,1.0,,3869774966809934574,2026-03-29 22:54:59.702154
2026-03-29,25145,NJ,CHI,30006223,Jeremy Hanzel,shots_on_goal,rf_qrf_shots_on_goal,0.3.0,empirical_qrf,1.0,1.0,1.0,,3869774966809934574,2026-03-29 22:54:59.702154
2026-03-29,25145,NJ,CHI,30006356,Matyas Melovsky,shots_on_goal,rf_qrf_shots_on_goal,0.3.0,empirical_qrf,1.0,1.0,1.0,,3869774966809934574,2026-03-29 22:54:59.702154
2026-03-29,25145,NJ,CHI,30006475,Maxim Tsyplakov,shots_on_goal,rf_qrf_shots_on_goal,0.3.0,empirical_qrf,1.0,1.0,1.0,,3869774966809934574,2026-03-29 22:54:59.702154
2026-03-29,25140,FLA,NYR,30004489,Nolan Foote,shots_on_goal,rf_qrf_shots_on_goal,0.3.0,empirical_qrf,1.0,1.0,1.0,,3869774966809934574,2026-03-29 22:54:59.702154
2026-03-29,25145,CHI,NJ,30006506,Sacha Boisvert,shots_on_goal,rf_qrf_shots_on_goal,0.3.0,empirical_qrf,1.0,1.0,1.0,,3869774966809934574,2026-03-29 22:54:59.702154
2026-03-29,25140,NYR,FLA,30006132,Drew Fortescue,shots_on_goal,rf_qrf_shots_on_goal,0.3.0,empirical_qrf,1.0,1.0,1.0,,3869774966809934574,2026-03-29 22:54:59.702154
2026-03-29,25145,CHI,NJ,30006858,Anton Frondell,shots_on_goal,rf_qrf_shots_on_goal,0.3.0,empirical_qrf,1.0,1.0,1.0,,3869774966809934574,2026-03-29 22:54:59.702154
2026-03-29,25140,FLA,NYR,,,total_goals,ets_sum_team_goals,0.3.0,ets_sum,0.0,0.0,0.0,,3869774966809934574,2026-03-29 22:54:59.722801
2026-03-29,25141,BOS,CBJ,,,total_goals,ets_sum_team_goals,0.3.0,ets_sum,0.0,0.0,0.0,,3869774966809934574,2026-03-29 22:54:59.723013
2026-03-29,25142,NAS,TB,,,total_goals,ets_sum_team_goals,0.3.0,ets_sum,0.0,0.0,0.0,,3869774966809934574,2026-03-29 22:54:59.723208
2026-03-29,25143,MON,CAR,,,total_goals,ets_sum_team_goals,0.3.0,ets_sum,0.0,0.0,0.0,,3869774966809934574,2026-03-29 22:54:59.723439
2026-03-29,25144,DAL,PHI,,,total_goals,ets_sum_team_goals,0.3.0,ets_sum,0.0,0.0,0.0,,3869774966809934574,2026-03-29 22:54:59.723630
2026-03-29,25145,CHI,NJ,,,total_goals,ets_sum_team_goals,0.3.0,ets_sum,0.0,0.0,0.0,,3869774966809934574,2026-03-29 22:54:59.723815
