date,game_id,team,opponent,player_id,name,target,model_name,model_version,distribution,lambda_or_mu,q10,q90,p_ge_k_json,run_id,created_ts
2025-12-03,24394,DAL,NJ,30000166,Alexander Petrovic,points,rf_qrf_points,0.3.0,empirical_qrf,0.28659722222222217,0.0,0.75,,956481973529854621,2025-12-03 22:37:19.621715
2025-12-03,24394,DAL,NJ,30000702,Antoine Bibeau,points,rf_qrf_points,0.3.0,empirical_qrf,0.0,0.0,0.0,,956481973529854621,2025-12-03 22:37:19.621715
2025-12-03,24394,DAL,NJ,30000735,Adam Erne,points,rf_qrf_points,0.3.0,empirical_qrf,0.07618650793650794,0.0,0.5,,956481973529854621,2025-12-03 22:37:19.621715
2025-12-03,24394,DAL,NJ,30000750,Radek Faksa,points,rf_qrf_points,0.3.0,empirical_qrf,0.12495833333333332,0.0,0.5,,956481973529854621,2025-12-03 22:37:19.621715
2025-12-03,24394,DAL,NJ,30000755,Esa Lindell,points,rf_qrf_points,0.3.0,empirical_qrf,0.0,0.0,0.0,,956481973529854621,2025-12-03 22:37:19.621715
2025-12-03,24394,DAL,NJ,30000756,Curtis McKenzie,points,rf_qrf_points,0.3.0,empirical_qrf,0.0,0.0,0.0,,956481973529854621,2025-12-03 22:37:19.621715
2025-12-03,24394,NJ,DAL,30006356,Matyas Melovsky,points,rf_qrf_points,0.3.0,empirical_qrf,0.0,0.0,0.0,,956481973529854621,2025-12-03 22:37:19.621715
2025-12-03,24394,NJ,DAL,30005278,Mikael Diotte,points,rf_qrf_points,0.3.0,empirical_qrf,0.0,0.0,0.0,,956481973529854621,2025-12-03 22:37:19.621715
2025-12-03,24394,NJ,DAL,30005466,Arseniy Gritsyuk,points,rf_qrf_points,0.3.0,empirical_qrf,0.0,0.0,0.0,,956481973529854621,2025-12-03 22:37:19.621715
2025-12-03,24394,NJ,DAL,30005561,Marc McLaughlin,points,rf_qrf_points,0.3.0,empirical_qrf,0.0,0.0,0.0,,956481973529854621,2025-12-03 22:37:19.621715
2025-12-03,24394,NJ,DAL,30005569,Brian Halonen,points,rf_qrf_points,0.3.0,empirical_qrf,0.0,0.0,0.0,,956481973529854621,2025-12-03 22:37:19.621715
2025-12-03,24394,NJ,DAL,30005613,Simon Nemec,points,rf_qrf_points,0.3.0,empirical_qrf,0.0,0.0,0.0,,956481973529854621,2025-12-03 22:37:19.621715
2025-12-03,24394,NJ,DAL,30006223,Jeremy Hanzel,points,rf_qrf_points,0.3.0,empirical_qrf,0.0,0.0,0.0,,956481973529854621,2025-12-03 22:37:19.621715
2025-12-03,24394,NJ,DAL,30004470,Jack Hughes,points,rf_qrf_points,0.3.0,empirical_qrf,0.0,0.0,0.0,,956481973529854621,2025-12-03 22:37:19.621715
2025-12-03,24394,NJ,DAL,30004549,Nathan Legare,points,rf_qrf_points,0.3.0,empirical_qrf,0.0,0.0,0.0,,956481973529854621,2025-12-03 22:37:19.621715
2025-12-03,24394,NJ,DAL,30004810,Dawson Mercer,points,rf_qrf_points,0.3.0,empirical_qrf,0.0,0.0,0.0,,956481973529854621,2025-12-03 22:37:19.621715
2025-12-03,24394,NJ,DAL,30004827,Thomas Bordeleau,points,rf_qrf_points,0.3.0,empirical_qrf,0.0,0.0,0.0,,956481973529854621,2025-12-03 22:37:19.621715
2025-12-03,24394,NJ,DAL,30004833,Nico Daws,points,rf_qrf_points,0.3.0,empirical_qrf,0.0,0.0,0.0,,956481973529854621,2025-12-03 22:37:19.621715
2025-12-03,24394,NJ,DAL,30004986,Luke Hughes,points,rf_qrf_points,0.3.0,empirical_qrf,0.0,0.0,0.0,,956481973529854621,2025-12-03 22:37:19.621715
2025-12-03,24394,NJ,DAL,30003612,Jesper Bratt,points,rf_qrf_points,0.3.0,empirical_qrf,0.0,0.0,0.0,,956481973529854621,2025-12-03 22:37:19.621715
2025-12-03,24394,NJ,DAL,30003639,Nico Hischier,points,rf_qrf_points,0.3.0,empirical_qrf,0.0,0.0,0.0,,956481973529854621,2025-12-03 22:37:19.621715
2025-12-03,24394,NJ,DAL,30003642,Cody Glass,points,rf_qrf_points,0.3.0,empirical_qrf,0.0,0.0,0.0,,956481973529854621,2025-12-03 22:37:19.621715
2025-12-03,24394,NJ,DAL,30003726,Johnathan Kovacevic,points,rf_qrf_points,0.3.0,empirical_qrf,0.0,0.0,0.0,,956481973529854621,2025-12-03 22:37:19.621715
2025-12-03,24394,NJ,DAL,30003983,Austin Strand,points,rf_qrf_points,0.3.0,empirical_qrf,0.0,0.0,0.0,,956481973529854621,2025-12-03 22:37:19.621715
2025-12-03,24394,NJ,DAL,30004384,Paul Cotter,points,rf_qrf_points,0.3.0,empirical_qrf,0.0,0.0,0.0,,956481973529854621,2025-12-03 22:37:19.621715
2025-12-03,24394,NJ,DAL,30001226,Timo Meier,points,rf_qrf_points,0.3.0,empirical_qrf,0.0,0.0,0.0,,956481973529854621,2025-12-03 22:37:19.621715
2025-12-03,24394,NJ,DAL,30001786,Evgenii Dadonov,points,rf_qrf_points,0.3.0,empirical_qrf,0.0013333333333333335,0.0,0.0,,956481973529854621,2025-12-03 22:37:19.621715
2025-12-03,24394,NJ,DAL,30002609,Juho Lammikko,points,rf_qrf_points,0.3.0,empirical_qrf,0.0,0.0,0.0,,956481973529854621,2025-12-03 22:37:19.621715
2025-12-03,24394,NJ,DAL,30003154,Dennis Cholowski,points,rf_qrf_points,0.3.0,empirical_qrf,0.0,0.0,0.0,,956481973529854621,2025-12-03 22:37:19.621715
2025-12-03,24394,NJ,DAL,30003404,Zack MacEwen,points,rf_qrf_points,0.3.0,empirical_qrf,0.0,0.0,0.0,,956481973529854621,2025-12-03 22:37:19.621715
2025-12-03,24394,NJ,DAL,30003568,Joseph Gambardella,points,rf_qrf_points,0.3.0,empirical_qrf,0.0,0.0,0.0,,956481973529854621,2025-12-03 22:37:19.621715
2025-12-03,24394,NJ,DAL,30000665,Jake Allen,points,rf_qrf_points,0.3.0,empirical_qrf,0.0,0.0,0.0,,956481973529854621,2025-12-03 22:37:19.621715
2025-12-03,24394,NJ,DAL,30000844,Luke Glendening,points,rf_qrf_points,0.3.0,empirical_qrf,0.0,0.0,0.0,,956481973529854621,2025-12-03 22:37:19.621715
2025-12-03,24394,NJ,DAL,30000886,Stefan Noesen,points,rf_qrf_points,0.3.0,empirical_qrf,0.0,0.0,0.0,,956481973529854621,2025-12-03 22:37:19.621715
2025-12-03,24394,NJ,DAL,30001052,Ondrej Palat,points,rf_qrf_points,0.3.0,empirical_qrf,0.0,0.0,0.0,,956481973529854621,2025-12-03 22:37:19.621715
2025-12-03,24394,NJ,DAL,30001108,Jonas Siegenthaler,points,rf_qrf_points,0.3.0,empirical_qrf,0.0,0.0,0.0,,956481973529854621,2025-12-03 22:37:19.621715
2025-12-03,24394,NJ,DAL,30001225,Brenden Dillon,points,rf_qrf_points,0.3.0,empirical_qrf,0.0013333333333333335,0.0,0.0,,956481973529854621,2025-12-03 22:37:19.621715
2025-12-03,24394,DAL,NJ,30006457,Justin Hryckowian,points,rf_qrf_points,0.3.0,empirical_qrf,0.0,0.0,0.0,,956481973529854621,2025-12-03 22:37:19.621715
2025-12-03,24394,NJ,DAL,30000070,Dougie Hamilton,points,rf_qrf_points,0.3.0,empirical_qrf,0.7473789682539682,0.0,2.0,,956481973529854621,2025-12-03 22:37:19.621715
2025-12-03,24394,NJ,DAL,30000210,Colton White,points,rf_qrf_points,0.3.0,empirical_qrf,0.0,0.0,0.0,,956481973529854621,2025-12-03 22:37:19.621715
2025-12-03,24394,NJ,DAL,30000368,Brett Pesce,points,rf_qrf_points,0.3.0,empirical_qrf,0.046,0.0,0.0,,956481973529854621,2025-12-03 22:37:19.621715
2025-12-03,24394,NJ,DAL,30000491,Connor Brown,points,rf_qrf_points,0.3.0,empirical_qrf,0.09947089947089947,0.0,0.5,,956481973529854621,2025-12-03 22:37:19.621715
2025-12-03,24394,NJ,DAL,30000573,Jacob Markstrom,points,rf_qrf_points,0.3.0,empirical_qrf,0.0,0.0,0.0,,956481973529854621,2025-12-03 22:37:19.621715
2025-12-03,24394,DAL,NJ,30004546,Vladislav Kolyachonok,points,rf_qrf_points,0.3.0,empirical_qrf,0.0,0.0,0.0,,956481973529854621,2025-12-03 22:37:19.621715
2025-12-03,24394,DAL,NJ,30004796,Mavrik Bourque,points,rf_qrf_points,0.3.0,empirical_qrf,0.0,0.0,0.0,,956481973529854621,2025-12-03 22:37:19.621715
2025-12-03,24394,DAL,NJ,30004844,Cross Hanas,points,rf_qrf_points,0.3.0,empirical_qrf,0.0,0.0,0.0,,956481973529854621,2025-12-03 22:37:19.621715
2025-12-03,24394,DAL,NJ,30005004,Wyatt Johnston,points,rf_qrf_points,0.3.0,empirical_qrf,0.0,0.0,0.0,,956481973529854621,2025-12-03 22:37:19.621715
2025-12-03,24394,DAL,NJ,30005062,Oskar Bäck,points,rf_qrf_points,0.3.0,empirical_qrf,0.0,0.0,0.0,,956481973529854621,2025-12-03 22:37:19.621715
2025-12-03,24394,DAL,NJ,30006362,Connor Punnett,points,rf_qrf_points,0.3.0,empirical_qrf,0.0,0.0,0.0,,956481973529854621,2025-12-03 22:37:19.621715
2025-12-03,24394,DAL,NJ,30003658,Jake Oettinger,points,rf_qrf_points,0.3.0,empirical_qrf,0.0,0.0,0.0,,956481973529854621,2025-12-03 22:37:19.621715
2025-12-03,24394,DAL,NJ,30003689,Jason Robertson,points,rf_qrf_points,0.3.0,empirical_qrf,0.0011111111111111111,0.0,0.0,,956481973529854621,2025-12-03 22:37:19.621715
2025-12-03,24394,DAL,NJ,30003695,Kole Lind,points,rf_qrf_points,0.3.0,empirical_qrf,0.0,0.0,0.0,,956481973529854621,2025-12-03 22:37:19.621715
2025-12-03,24394,DAL,NJ,30004061,Ilya Lyubushkin,points,rf_qrf_points,0.3.0,empirical_qrf,0.0,0.0,0.0,,956481973529854621,2025-12-03 22:37:19.621715
2025-12-03,24394,DAL,NJ,30004103,Nils Lundkvist,points,rf_qrf_points,0.3.0,empirical_qrf,0.0,0.0,0.0,,956481973529854621,2025-12-03 22:37:19.621715
2025-12-03,24394,DAL,NJ,30004482,Thomas Harley,points,rf_qrf_points,0.3.0,empirical_qrf,0.0,0.0,0.0,,956481973529854621,2025-12-03 22:37:19.621715
2025-12-03,24394,DAL,NJ,30003156,Sam Steel,points,rf_qrf_points,0.3.0,empirical_qrf,0.0,0.0,0.0,,956481973529854621,2025-12-03 22:37:19.621715
2025-12-03,24394,DAL,NJ,30003165,Nate Bastian,points,rf_qrf_points,0.3.0,empirical_qrf,0.0,0.0,0.0,,956481973529854621,2025-12-03 22:37:19.621715
2025-12-03,24394,DAL,NJ,30003357,Colin Blackwell,points,rf_qrf_points,0.3.0,empirical_qrf,0.0,0.0,0.0,,956481973529854621,2025-12-03 22:37:19.621715
2025-12-03,24394,DAL,NJ,30003376,Casey DeSmith,points,rf_qrf_points,0.3.0,empirical_qrf,0.0,0.0,0.0,,956481973529854621,2025-12-03 22:37:19.621715
2025-12-03,24394,DAL,NJ,30003585,Cameron Hughes,points,rf_qrf_points,0.3.0,empirical_qrf,0.0021666666666666666,0.0,0.0,,956481973529854621,2025-12-03 22:37:19.621715
2025-12-03,24394,DAL,NJ,30003640,Miro Heiskanen,points,rf_qrf_points,0.3.0,empirical_qrf,0.0,0.0,0.0,,956481973529854621,2025-12-03 22:37:19.621715
2025-12-03,24394,DAL,NJ,30000762,Tyler Seguin,points,rf_qrf_points,0.3.0,empirical_qrf,0.0,0.0,0.0,,956481973529854621,2025-12-03 22:37:19.621715
2025-12-03,24394,DAL,NJ,30000906,Mikko Rantanen,points,rf_qrf_points,0.3.0,empirical_qrf,0.0,0.0,0.0,,956481973529854621,2025-12-03 22:37:19.621715
2025-12-03,24394,DAL,NJ,30001146,Matt Duchene,points,rf_qrf_points,0.3.0,empirical_qrf,0.0,0.0,0.0,,956481973529854621,2025-12-03 22:37:19.621715
2025-12-03,24394,DAL,NJ,30001302,Jamie Benn,points,rf_qrf_points,0.3.0,empirical_qrf,0.0,0.0,0.0,,956481973529854621,2025-12-03 22:37:19.621715
2025-12-03,24394,DAL,NJ,30002811,Roope Hintz,points,rf_qrf_points,0.3.0,empirical_qrf,0.0013333333333333335,0.0,0.0,,956481973529854621,2025-12-03 22:37:19.621715
2025-12-03,24394,DAL,NJ,30002842,Kyle Capobianco,points,rf_qrf_points,0.3.0,empirical_qrf,0.0,0.0,0.0,,956481973529854621,2025-12-03 22:37:19.621715
2025-12-03,24395,BUF,PHI,30000523,Jason Zucker,points,rf_qrf_points,0.3.0,empirical_qrf,0.23079960317460319,0.0,1.0,,956481973529854621,2025-12-03 22:37:19.621715
2025-12-03,24395,BUF,PHI,30002577,Alex Tuch,points,rf_qrf_points,0.3.0,empirical_qrf,0.7804623015873016,0.0,2.0,,956481973529854621,2025-12-03 22:37:19.621715
2025-12-03,24395,BUF,PHI,30002774,Jordan Greenway,points,rf_qrf_points,0.3.0,empirical_qrf,0.0,0.0,0.0,,956481973529854621,2025-12-03 22:37:19.621715
2025-12-03,24395,BUF,PHI,30002797,Brendan Warren,points,rf_qrf_points,0.3.0,empirical_qrf,0.0,0.0,0.0,,956481973529854621,2025-12-03 22:37:19.621715
2025-12-03,24395,BUF,PHI,30003074,Alex Lyon,points,rf_qrf_points,0.3.0,empirical_qrf,0.0,0.0,0.0,,956481973529854621,2025-12-03 22:37:19.621715
2025-12-03,24395,BUF,PHI,30003158,Tage Thompson,points,rf_qrf_points,0.3.0,empirical_qrf,0.0023611111111111107,0.0,0.0,,956481973529854621,2025-12-03 22:37:19.621715
2025-12-03,24395,PHI,BUF,30006045,Yaniv Perets,points,rf_qrf_points,0.3.0,empirical_qrf,0.0,0.0,0.0,,956481973529854621,2025-12-03 22:37:19.621715
2025-12-03,24395,PHI,BUF,30006061,Matvei Michkov,points,rf_qrf_points,0.3.0,empirical_qrf,0.0,0.0,0.0,,956481973529854621,2025-12-03 22:37:19.621715
2025-12-03,24395,PHI,BUF,30006075,Oliver Bonk,points,rf_qrf_points,0.3.0,empirical_qrf,0.0,0.0,0.0,,956481973529854621,2025-12-03 22:37:19.621715
2025-12-03,24395,PHI,BUF,30006100,Carson Bjarnason,points,rf_qrf_points,0.3.0,empirical_qrf,0.0,0.0,0.0,,956481973529854621,2025-12-03 22:37:19.621715
2025-12-03,24395,PHI,BUF,30006135,Denver Barkey,points,rf_qrf_points,0.3.0,empirical_qrf,0.0,0.0,0.0,,956481973529854621,2025-12-03 22:37:19.621715
2025-12-03,24395,BUF,PHI,30002762,Mason Geertsen,points,rf_qrf_points,0.3.0,empirical_qrf,0.0,0.0,0.0,,956481973529854621,2025-12-03 22:37:19.621715
2025-12-03,24395,PHI,BUF,30005234,Vincent Sevigny,points,rf_qrf_points,0.3.0,empirical_qrf,0.0,0.0,0.0,,956481973529854621,2025-12-03 22:37:19.621715
2025-12-03,24395,PHI,BUF,30005293,Artem Guryev,points,rf_qrf_points,0.3.0,empirical_qrf,0.0,0.0,0.0,,956481973529854621,2025-12-03 22:37:19.621715
2025-12-03,24395,PHI,BUF,30005397,Noah Cates,points,rf_qrf_points,0.3.0,empirical_qrf,0.0,0.0,0.0,,956481973529854621,2025-12-03 22:37:19.621715
2025-12-03,24395,PHI,BUF,30005401,Aleksei Kolosov,points,rf_qrf_points,0.3.0,empirical_qrf,0.0,0.0,0.0,,956481973529854621,2025-12-03 22:37:19.621715
2025-12-03,24395,PHI,BUF,30005756,Tucker Robertson,points,rf_qrf_points,0.3.0,empirical_qrf,0.0,0.0,0.0,,956481973529854621,2025-12-03 22:37:19.621715
2025-12-03,24395,PHI,BUF,30005958,Nikita Grebenkin,points,rf_qrf_points,0.3.0,empirical_qrf,0.0,0.0,0.0,,956481973529854621,2025-12-03 22:37:19.621715
2025-12-03,24395,PHI,BUF,30004484,Cam York,points,rf_qrf_points,0.3.0,empirical_qrf,0.0,0.0,0.0,,956481973529854621,2025-12-03 22:37:19.621715
2025-12-03,24395,PHI,BUF,30004508,Bobby Brink,points,rf_qrf_points,0.3.0,empirical_qrf,0.0,0.0,0.0,,956481973529854621,2025-12-03 22:37:19.621715
2025-12-03,24395,PHI,BUF,30004800,Jamie Drysdale,points,rf_qrf_points,0.3.0,empirical_qrf,0.0,0.0,0.0,,956481973529854621,2025-12-03 22:37:19.621715
2025-12-03,24395,PHI,BUF,30004801,Tyson Foerster,points,rf_qrf_points,0.3.0,empirical_qrf,0.0,0.0,0.0,,956481973529854621,2025-12-03 22:37:19.621715
2025-12-03,24395,PHI,BUF,30004824,Emil Andrae,points,rf_qrf_points,0.3.0,empirical_qrf,0.0,0.0,0.0,,956481973529854621,2025-12-03 22:37:19.621715
2025-12-03,24395,PHI,BUF,30004839,Helge Grans,points,rf_qrf_points,0.3.0,empirical_qrf,0.0,0.0,0.0,,956481973529854621,2025-12-03 22:37:19.621715
2025-12-03,24395,PHI,BUF,30003733,Keith Petruzzelli,points,rf_qrf_points,0.3.0,empirical_qrf,0.0,0.0,0.0,,956481973529854621,2025-12-03 22:37:19.621715
2025-12-03,24395,PHI,BUF,30004002,Cooper Marody,points,rf_qrf_points,0.3.0,empirical_qrf,0.0,0.0,0.0,,956481973529854621,2025-12-03 22:37:19.621715
2025-12-03,24395,PHI,BUF,30004154,Xavier Bernard,points,rf_qrf_points,0.3.0,empirical_qrf,0.0,0.0,0.0,,956481973529854621,2025-12-03 22:37:19.621715
2025-12-03,24395,PHI,BUF,30004205,Egor Zamula,points,rf_qrf_points,0.3.0,empirical_qrf,0.0013333333333333335,0.0,0.0,,956481973529854621,2025-12-03 22:37:19.621715
2025-12-03,24395,PHI,BUF,30004406,Samuel Ersson,points,rf_qrf_points,0.3.0,empirical_qrf,0.0,0.0,0.0,,956481973529854621,2025-12-03 22:37:19.621715
2025-12-03,24395,PHI,BUF,30004481,Trevor Zegras,points,rf_qrf_points,0.3.0,empirical_qrf,0.0,0.0,0.0,,956481973529854621,2025-12-03 22:37:19.621715
2025-12-03,24395,PHI,BUF,30002979,Anthony Richard,points,rf_qrf_points,0.3.0,empirical_qrf,0.0013333333333333335,0.0,0.0,,956481973529854621,2025-12-03 22:37:19.621715
2025-12-03,24395,PHI,BUF,30003016,Nick Seeler,points,rf_qrf_points,0.3.0,empirical_qrf,0.0,0.0,0.0,,956481973529854621,2025-12-03 22:37:19.621715
2025-12-03,24395,PHI,BUF,30003171,Carl Grundstrom,points,rf_qrf_points,0.3.0,empirical_qrf,0.0,0.0,0.0,,956481973529854621,2025-12-03 22:37:19.621715
2025-12-03,24395,PHI,BUF,30003283,Lane Pederson,points,rf_qrf_points,0.3.0,empirical_qrf,0.0,0.0,0.0,,956481973529854621,2025-12-03 22:37:19.621715
2025-12-03,24395,PHI,BUF,30003500,Rodrigo Abols,points,rf_qrf_points,0.3.0,empirical_qrf,0.0,0.0,0.0,,956481973529854621,2025-12-03 22:37:19.621715
2025-12-03,24395,PHI,BUF,30003653,Owen Tippett,points,rf_qrf_points,0.3.0,empirical_qrf,0.0,0.0,0.0,,956481973529854621,2025-12-03 22:37:19.621715
2025-12-03,24395,PHI,BUF,30000624,Travis Sanheim,points,rf_qrf_points,0.3.0,empirical_qrf,0.0,0.0,0.0,,956481973529854621,2025-12-03 22:37:19.621715
2025-12-03,24395,PHI,BUF,30000942,Christian Dvorak,points,rf_qrf_points,0.3.0,empirical_qrf,0.0,0.0,0.0,,956481973529854621,2025-12-03 22:37:19.621715
2025-12-03,24395,PHI,BUF,30001201,Garnet Hathaway,points,rf_qrf_points,0.3.0,empirical_qrf,0.0,0.0,0.0,,956481973529854621,2025-12-03 22:37:19.621715
2025-12-03,24395,PHI,BUF,30001294,Rasmus Ristolainen,points,rf_qrf_points,0.3.0,empirical_qrf,0.0,0.0,0.0,,956481973529854621,2025-12-03 22:37:19.621715
2025-12-03,24395,PHI,BUF,30001312,Noah Juulsen,points,rf_qrf_points,0.3.0,empirical_qrf,0.0,0.0,0.0,,956481973529854621,2025-12-03 22:37:19.621715
2025-12-03,24395,PHI,BUF,30002786,Dan Vladar,points,rf_qrf_points,0.3.0,empirical_qrf,0.0,0.0,0.0,,956481973529854621,2025-12-03 22:37:19.621715
2025-12-03,24395,BUF,PHI,30006341,Christopher Brown,points,rf_qrf_points,0.3.0,empirical_qrf,0.0,0.0,0.0,,956481973529854621,2025-12-03 22:37:19.621715
2025-12-03,24395,BUF,PHI,30006342,Dominick Mersch,points,rf_qrf_points,0.3.0,empirical_qrf,0.0,0.0,0.0,,956481973529854621,2025-12-03 22:37:19.621715
2025-12-03,24395,PHI,BUF,30000050,Sean Couturier,points,rf_qrf_points,0.3.0,empirical_qrf,0.3358138528138528,0.0,1.0,,956481973529854621,2025-12-03 22:37:19.621715
2025-12-03,24395,PHI,BUF,30000234,Garrett Wilson,points,rf_qrf_points,0.3.0,empirical_qrf,0.0,0.0,0.0,,956481973529854621,2025-12-03 22:37:19.621715
2025-12-03,24395,PHI,BUF,30000349,Travis Konecny,points,rf_qrf_points,0.3.0,empirical_qrf,0.14426190476190479,0.0,0.5,,956481973529854621,2025-12-03 22:37:19.621715
2025-12-03,24395,PHI,BUF,30000501,Nicolas Deslauriers,points,rf_qrf_points,0.3.0,empirical_qrf,0.0,0.0,0.0,,956481973529854621,2025-12-03 22:37:19.621715
2025-12-03,24395,BUF,PHI,30005793,Riley Fiddler-Schultz,points,rf_qrf_points,0.3.0,empirical_qrf,0.0,0.0,0.0,,956481973529854621,2025-12-03 22:37:19.621715
2025-12-03,24395,BUF,PHI,30006028,Jagger Joshua,points,rf_qrf_points,0.3.0,empirical_qrf,0.0,0.0,0.0,,956481973529854621,2025-12-03 22:37:19.621715
2025-12-03,24395,BUF,PHI,30006039,Aidan Fulp,points,rf_qrf_points,0.3.0,empirical_qrf,0.0,0.0,0.0,,956481973529854621,2025-12-03 22:37:19.621715
2025-12-03,24395,BUF,PHI,30006070,Zach Benson,points,rf_qrf_points,0.3.0,empirical_qrf,0.0,0.0,0.0,,956481973529854621,2025-12-03 22:37:19.621715
2025-12-03,24395,BUF,PHI,30006092,Anton Wahlberg,points,rf_qrf_points,0.3.0,empirical_qrf,0.0013333333333333335,0.0,0.0,,956481973529854621,2025-12-03 22:37:19.621715
2025-12-03,24395,BUF,PHI,30006340,Zach Metsa,points,rf_qrf_points,0.3.0,empirical_qrf,0.0,0.0,0.0,,956481973529854621,2025-12-03 22:37:19.621715
2025-12-03,24395,BUF,PHI,30005634,Noah Ostlund,points,rf_qrf_points,0.3.0,empirical_qrf,0.0,0.0,0.0,,956481973529854621,2025-12-03 22:37:19.621715
2025-12-03,24395,BUF,PHI,30005644,Jiri Kulich,points,rf_qrf_points,0.3.0,empirical_qrf,0.0,0.0,0.0,,956481973529854621,2025-12-03 22:37:19.621715
2025-12-03,24395,BUF,PHI,30005685,Viktor Neuchev,points,rf_qrf_points,0.3.0,empirical_qrf,0.0,0.0,0.0,,956481973529854621,2025-12-03 22:37:19.621715
2025-12-03,24395,BUF,PHI,30005730,Vsevolod Komarov,points,rf_qrf_points,0.3.0,empirical_qrf,0.0,0.0,0.0,,956481973529854621,2025-12-03 22:37:19.621715
2025-12-03,24395,BUF,PHI,30005764,Noah Laaouan,points,rf_qrf_points,0.3.0,empirical_qrf,0.0,0.0,0.0,,956481973529854621,2025-12-03 22:37:19.621715
2025-12-03,24395,BUF,PHI,30005767,Graham Slaggert,points,rf_qrf_points,0.3.0,empirical_qrf,0.0,0.0,0.0,,956481973529854621,2025-12-03 22:37:19.621715
2025-12-03,24395,BUF,PHI,30005017,Josh Doan,points,rf_qrf_points,0.3.0,empirical_qrf,0.0,0.0,0.0,,956481973529854621,2025-12-03 22:37:19.621715
2025-12-03,24395,BUF,PHI,30005067,Isaac Belliveau,points,rf_qrf_points,0.3.0,empirical_qrf,0.0,0.0,0.0,,956481973529854621,2025-12-03 22:37:19.621715
2025-12-03,24395,BUF,PHI,30005147,Tyson Kozak,points,rf_qrf_points,0.3.0,empirical_qrf,0.0,0.0,0.0,,956481973529854621,2025-12-03 22:37:19.621715
2025-12-03,24395,BUF,PHI,30005151,Olivier Nadeau,points,rf_qrf_points,0.3.0,empirical_qrf,0.0,0.0,0.0,,956481973529854621,2025-12-03 22:37:19.621715
2025-12-03,24395,BUF,PHI,30005441,Ryan Johnson,points,rf_qrf_points,0.3.0,empirical_qrf,0.0,0.0,0.0,,956481973529854621,2025-12-03 22:37:19.621715
2025-12-03,24395,BUF,PHI,30005445,Nikita Novikov,points,rf_qrf_points,0.3.0,empirical_qrf,0.0013333333333333335,0.0,0.0,,956481973529854621,2025-12-03 22:37:19.621715
2025-12-03,24395,BUF,PHI,30004923,Josh Dunne,points,rf_qrf_points,0.3.0,empirical_qrf,0.0,0.0,0.0,,956481973529854621,2025-12-03 22:37:19.621715
2025-12-03,24395,BUF,PHI,30004948,Carson Meyer,points,rf_qrf_points,0.3.0,empirical_qrf,0.0,0.0,0.0,,956481973529854621,2025-12-03 22:37:19.621715
2025-12-03,24395,BUF,PHI,30004956,Justin Danforth,points,rf_qrf_points,0.3.0,empirical_qrf,0.0,0.0,0.0,,956481973529854621,2025-12-03 22:37:19.621715
2025-12-03,24395,BUF,PHI,30004980,Owen Power,points,rf_qrf_points,0.3.0,empirical_qrf,0.0013333333333333335,0.0,0.0,,956481973529854621,2025-12-03 22:37:19.621715
2025-12-03,24395,BUF,PHI,30004981,Devon Levi,points,rf_qrf_points,0.3.0,empirical_qrf,0.0,0.0,0.0,,956481973529854621,2025-12-03 22:37:19.621715
2025-12-03,24395,BUF,PHI,30004982,Isak Rosen,points,rf_qrf_points,0.3.0,empirical_qrf,0.0013333333333333335,0.0,0.0,,956481973529854621,2025-12-03 22:37:19.621715
2025-12-03,24395,BUF,PHI,30004502,Peyton Krebs,points,rf_qrf_points,0.3.0,empirical_qrf,0.0,0.0,0.0,,956481973529854621,2025-12-03 22:37:19.621715
2025-12-03,24395,BUF,PHI,30004554,Zac Jones,points,rf_qrf_points,0.3.0,empirical_qrf,0.0,0.0,0.0,,956481973529854621,2025-12-03 22:37:19.621715
2025-12-03,24395,BUF,PHI,30004577,Colten Ellis,points,rf_qrf_points,0.3.0,empirical_qrf,0.0,0.0,0.0,,956481973529854621,2025-12-03 22:37:19.621715
2025-12-03,24395,BUF,PHI,30004670,Peter Tischke,points,rf_qrf_points,0.3.0,empirical_qrf,0.0,0.0,0.0,,956481973529854621,2025-12-03 22:37:19.621715
2025-12-03,24395,BUF,PHI,30004815,Jack Quinn,points,rf_qrf_points,0.3.0,empirical_qrf,0.0,0.0,0.0,,956481973529854621,2025-12-03 22:37:19.621715
2025-12-03,24395,BUF,PHI,30004854,Trevor Kuntar,points,rf_qrf_points,0.3.0,empirical_qrf,0.0,0.0,0.0,,956481973529854621,2025-12-03 22:37:19.621715
2025-12-03,24395,BUF,PHI,30004105,Mattias Samuelsson,points,rf_qrf_points,0.3.0,empirical_qrf,0.0,0.0,0.0,,956481973529854621,2025-12-03 22:37:19.621715
2025-12-03,24395,BUF,PHI,30004117,Ryan McLeod,points,rf_qrf_points,0.3.0,empirical_qrf,0.0,0.0,0.0,,956481973529854621,2025-12-03 22:37:19.621715
2025-12-03,24395,BUF,PHI,30004373,Michael Kesselring,points,rf_qrf_points,0.3.0,empirical_qrf,0.0013333333333333335,0.0,0.0,,956481973529854621,2025-12-03 22:37:19.621715
2025-12-03,24395,BUF,PHI,30004380,Jack Rathbone,points,rf_qrf_points,0.3.0,empirical_qrf,0.0,0.0,0.0,,956481973529854621,2025-12-03 22:37:19.621715
2025-12-03,24395,BUF,PHI,30004431,Jacob Bryson,points,rf_qrf_points,0.3.0,empirical_qrf,0.0,0.0,0.0,,956481973529854621,2025-12-03 22:37:19.621715
2025-12-03,24395,BUF,PHI,30004474,Bowen Byram,points,rf_qrf_points,0.3.0,empirical_qrf,0.0,0.0,0.0,,956481973529854621,2025-12-03 22:37:19.621715
2025-12-03,24395,BUF,PHI,30003221,Beck Malenstyn,points,rf_qrf_points,0.3.0,empirical_qrf,0.0,0.0,0.0,,956481973529854621,2025-12-03 22:37:19.621715
2025-12-03,24395,BUF,PHI,30003665,Josh Norris,points,rf_qrf_points,0.3.0,empirical_qrf,0.0,0.0,0.0,,956481973529854621,2025-12-03 22:37:19.621715
2025-12-03,24395,BUF,PHI,30003670,Conor Timmins,points,rf_qrf_points,0.3.0,empirical_qrf,0.0,0.0,0.0,,956481973529854621,2025-12-03 22:37:19.621715
2025-12-03,24395,BUF,PHI,30003673,Ukko-Pekka Luukkonen,points,rf_qrf_points,0.3.0,empirical_qrf,0.0,0.0,0.0,,956481973529854621,2025-12-03 22:37:19.621715
2025-12-03,24395,BUF,PHI,30003699,Jake Leschyshyn,points,rf_qrf_points,0.3.0,empirical_qrf,0.0,0.0,0.0,,956481973529854621,2025-12-03 22:37:19.621715
2025-12-03,24395,BUF,PHI,30003750,Rasmus Dahlin,points,rf_qrf_points,0.3.0,empirical_qrf,0.0,0.0,0.0,,956481973529854621,2025-12-03 22:37:19.621715
2025-12-03,24396,WPG,MON,30000060,Luke Schenn,points,rf_qrf_points,0.3.0,empirical_qrf,0.12628373015873018,0.0,0.5,,956481973529854621,2025-12-03 22:37:19.621715
2025-12-03,24396,WPG,MON,30000153,Tanner Pearson,points,rf_qrf_points,0.3.0,empirical_qrf,0.2164801587301587,0.0,0.6666666666666666,,956481973529854621,2025-12-03 22:37:19.621715
2025-12-03,24396,WPG,MON,30000212,Colin Miller,points,rf_qrf_points,0.3.0,empirical_qrf,0.19378306878306878,0.0,0.75,,956481973529854621,2025-12-03 22:37:19.621715
2025-12-03,24396,WPG,MON,30000371,Haydn Fleury,points,rf_qrf_points,0.3.0,empirical_qrf,0.1831005291005291,0.0,0.7178571428571436,,956481973529854621,2025-12-03 22:37:19.621715
2025-12-03,24396,WPG,MON,30000522,Nino Niederreiter,points,rf_qrf_points,0.3.0,empirical_qrf,0.0,0.0,0.0,,956481973529854621,2025-12-03 22:37:19.621715
2025-12-03,24396,WPG,MON,30000801,Connor Hellebuyck,points,rf_qrf_points,0.3.0,empirical_qrf,0.0,0.0,0.0,,956481973529854621,2025-12-03 22:37:19.621715
2025-12-03,24396,MON,WPG,30003687,Alexandre Texier,points,rf_qrf_points,0.3.0,empirical_qrf,0.0,0.0,0.0,,956481973529854621,2025-12-03 22:37:19.621715
2025-12-03,24396,MON,WPG,30005722,Adam Engstrom,points,rf_qrf_points,0.3.0,empirical_qrf,0.0,0.0,0.0,,956481973529854621,2025-12-03 22:37:19.621715
2025-12-03,24396,MON,WPG,30000670,Sammy Blais,points,rf_qrf_points,0.3.0,empirical_qrf,0.17667724867724866,0.0,0.6666666666666666,,956481973529854621,2025-12-03 22:37:19.621715
2025-12-03,24396,MON,WPG,30003901,Alex Belzile,points,rf_qrf_points,0.3.0,empirical_qrf,0.0013333333333333335,0.0,0.0,,956481973529854621,2025-12-03 22:37:19.621715
2025-12-03,24396,MON,WPG,30005656,Owen Beck,points,rf_qrf_points,0.3.0,empirical_qrf,0.0,0.0,0.0,,956481973529854621,2025-12-03 22:37:19.621715
2025-12-03,24396,MON,WPG,30005806,Jared Davidson,points,rf_qrf_points,0.3.0,empirical_qrf,0.0,0.0,0.0,,956481973529854621,2025-12-03 22:37:19.621715
2025-12-03,24396,MON,WPG,30006060,David Reinbacher,points,rf_qrf_points,0.3.0,empirical_qrf,0.0,0.0,0.0,,956481973529854621,2025-12-03 22:37:19.621715
2025-12-03,24396,MON,WPG,30006152,Florian Xhekaj,points,rf_qrf_points,0.3.0,empirical_qrf,0.0,0.0,0.0,,956481973529854621,2025-12-03 22:37:19.621715
2025-12-03,24396,MON,WPG,30006358,Israel Mianscum,points,rf_qrf_points,0.3.0,empirical_qrf,0.0,0.0,0.0,,956481973529854621,2025-12-03 22:37:19.621715
2025-12-03,24396,MON,WPG,30006485,Ivan Demidov,points,rf_qrf_points,0.3.0,empirical_qrf,0.0,0.0,0.0,,956481973529854621,2025-12-03 22:37:19.621715
2025-12-03,24396,MON,WPG,30005288,Ben Gaudreau,points,rf_qrf_points,0.3.0,empirical_qrf,0.0,0.0,0.0,,956481973529854621,2025-12-03 22:37:19.621715
2025-12-03,24396,MON,WPG,30005534,Jakub Dobes,points,rf_qrf_points,0.3.0,empirical_qrf,0.0,0.0,0.0,,956481973529854621,2025-12-03 22:37:19.621715
2025-12-03,24396,MON,WPG,30005574,Lucas Condotta,points,rf_qrf_points,0.3.0,empirical_qrf,0.0,0.0,0.0,,956481973529854621,2025-12-03 22:37:19.621715
2025-12-03,24396,MON,WPG,30005631,Juraj Slafkovsky,points,rf_qrf_points,0.3.0,empirical_qrf,0.0,0.0,0.0,,956481973529854621,2025-12-03 22:37:19.621715
2025-12-03,24396,MON,WPG,30005645,Filip Mesar,points,rf_qrf_points,0.3.0,empirical_qrf,0.0,0.0,0.0,,956481973529854621,2025-12-03 22:37:19.621715
2025-12-03,24396,MON,WPG,30005655,Lane Hutson,points,rf_qrf_points,0.3.0,empirical_qrf,0.0,0.0,0.0,,956481973529854621,2025-12-03 22:37:19.621715
2025-12-03,24396,MON,WPG,30005118,Tobie Paquette-Bisson,points,rf_qrf_points,0.3.0,empirical_qrf,0.0013333333333333335,0.0,0.0,,956481973529854621,2025-12-03 22:37:19.621715
2025-12-03,24396,MON,WPG,30005121,Joshua Roy,points,rf_qrf_points,0.3.0,empirical_qrf,0.0,0.0,0.0,,956481973529854621,2025-12-03 22:37:19.621715
2025-12-03,24396,MON,WPG,30005122,Xavier Simoneau,points,rf_qrf_points,0.3.0,empirical_qrf,0.0,0.0,0.0,,956481973529854621,2025-12-03 22:37:19.621715
2025-12-03,24396,MON,WPG,30005127,Joe Vrbetic,points,rf_qrf_points,0.3.0,empirical_qrf,0.0,0.0,0.0,,956481973529854621,2025-12-03 22:37:19.621715
2025-12-03,24396,MON,WPG,30005128,Arber Xhekaj,points,rf_qrf_points,0.3.0,empirical_qrf,0.0,0.0,0.0,,956481973529854621,2025-12-03 22:37:19.621715
2025-12-03,24396,MON,WPG,30005287,Gannon Laroque,points,rf_qrf_points,0.3.0,empirical_qrf,0.0,0.0,0.0,,956481973529854621,2025-12-03 22:37:19.621715
2025-12-03,24396,MON,WPG,30004894,Sean Farrell,points,rf_qrf_points,0.3.0,empirical_qrf,0.0,0.0,0.0,,956481973529854621,2025-12-03 22:37:19.621715
2025-12-03,24396,MON,WPG,30004928,Cole Caufield,points,rf_qrf_points,0.3.0,empirical_qrf,0.0,0.0,0.0,,956481973529854621,2025-12-03 22:37:19.621715
2025-12-03,24396,MON,WPG,30004950,Marc Del Gaizo,points,rf_qrf_points,0.3.0,empirical_qrf,0.0,0.0,0.0,,956481973529854621,2025-12-03 22:37:19.621715
2025-12-03,24396,MON,WPG,30004990,Zachary Bolduc,points,rf_qrf_points,0.3.0,empirical_qrf,0.0013333333333333335,0.0,0.0,,956481973529854621,2025-12-03 22:37:19.621715
2025-12-03,24396,MON,WPG,30005021,Oliver Kapanen,points,rf_qrf_points,0.3.0,empirical_qrf,0.0,0.0,0.0,,956481973529854621,2025-12-03 22:37:19.621715
2025-12-03,24396,MON,WPG,30005022,Riley Kidney,points,rf_qrf_points,0.3.0,empirical_qrf,0.0013333333333333335,0.0,0.0,,956481973529854621,2025-12-03 22:37:19.621715
2025-12-03,24396,MON,WPG,30004486,Alex Newhook,points,rf_qrf_points,0.3.0,empirical_qrf,0.0,0.0,0.0,,956481973529854621,2025-12-03 22:37:19.621715
2025-12-03,24396,MON,WPG,30004520,Hunter Jones,points,rf_qrf_points,0.3.0,empirical_qrf,0.0,0.0,0.0,,956481973529854621,2025-12-03 22:37:19.621715
2025-12-03,24396,MON,WPG,30004559,Jayden Struble,points,rf_qrf_points,0.3.0,empirical_qrf,0.0,0.0,0.0,,956481973529854621,2025-12-03 22:37:19.621715
2025-12-03,24396,MON,WPG,30004803,Kaiden Guhle,points,rf_qrf_points,0.3.0,empirical_qrf,0.0,0.0,0.0,,956481973529854621,2025-12-03 22:37:19.621715
2025-12-03,24396,MON,WPG,30004866,Ryan O'Rourke,points,rf_qrf_points,0.3.0,empirical_qrf,0.0013333333333333335,0.0,0.0,,956481973529854621,2025-12-03 22:37:19.621715
2025-12-03,24396,MON,WPG,30004876,Ty Smilanic,points,rf_qrf_points,0.3.0,empirical_qrf,0.0,0.0,0.0,,956481973529854621,2025-12-03 22:37:19.621715
2025-12-03,24396,MON,WPG,30004086,Noah Dobson,points,rf_qrf_points,0.3.0,empirical_qrf,0.0,0.0,0.0,,956481973529854621,2025-12-03 22:37:19.621715
2025-12-03,24396,MON,WPG,30004101,Joe Veleno,points,rf_qrf_points,0.3.0,empirical_qrf,0.0,0.0,0.0,,956481973529854621,2025-12-03 22:37:19.621715
2025-12-03,24396,MON,WPG,30004204,Wyatte Wylie,points,rf_qrf_points,0.3.0,empirical_qrf,0.0,0.0,0.0,,956481973529854621,2025-12-03 22:37:19.621715
2025-12-03,24396,MON,WPG,30004284,Kevin Mandolese,points,rf_qrf_points,0.3.0,empirical_qrf,0.0,0.0,0.0,,956481973529854621,2025-12-03 22:37:19.621715
2025-12-03,24396,MON,WPG,30004361,Josh Anderson,points,rf_qrf_points,0.3.0,empirical_qrf,0.0,0.0,0.0,,956481973529854621,2025-12-03 22:37:19.621715
2025-12-03,24396,MON,WPG,30004472,Kirby Dach,points,rf_qrf_points,0.3.0,empirical_qrf,0.0,0.0,0.0,,956481973529854621,2025-12-03 22:37:19.621715
2025-12-03,24396,MON,WPG,30002781,Sam Montembeault,points,rf_qrf_points,0.3.0,empirical_qrf,0.0,0.0,0.0,,956481973529854621,2025-12-03 22:37:19.621715
2025-12-03,24396,MON,WPG,30002825,Alexandre Carrier,points,rf_qrf_points,0.3.0,empirical_qrf,0.0,0.0,0.0,,956481973529854621,2025-12-03 22:37:19.621715
2025-12-03,24396,MON,WPG,30003131,Patrik Laine,points,rf_qrf_points,0.3.0,empirical_qrf,0.0,0.0,0.0,,956481973529854621,2025-12-03 22:37:19.621715
2025-12-03,24396,MON,WPG,30003667,Nick Suzuki,points,rf_qrf_points,0.3.0,empirical_qrf,0.0,0.0,0.0,,956481973529854621,2025-12-03 22:37:19.621715
2025-12-03,24396,MON,WPG,30003958,Nate Clurman,points,rf_qrf_points,0.3.0,empirical_qrf,0.0,0.0,0.0,,956481973529854621,2025-12-03 22:37:19.621715
2025-12-03,24396,MON,WPG,30003990,Jake Evans,points,rf_qrf_points,0.3.0,empirical_qrf,0.0,0.0,0.0,,956481973529854621,2025-12-03 22:37:19.621715
2025-12-03,24396,MON,WPG,30000015,Brendan Gallagher,points,rf_qrf_points,0.3.0,empirical_qrf,0.08034920634920634,0.0,0.5,,956481973529854621,2025-12-03 22:37:19.621715
2025-12-03,24396,MON,WPG,30000227,Mike Matheson,points,rf_qrf_points,0.3.0,empirical_qrf,0.0848968253968254,0.0,0.4100000000000023,,956481973529854621,2025-12-03 22:37:19.621715
2025-12-03,24396,MON,WPG,30000555,Tyler Wotherspoon,points,rf_qrf_points,0.3.0,empirical_qrf,0.0,0.0,0.0,,956481973529854621,2025-12-03 22:37:19.621715
2025-12-03,24396,MON,WPG,30001395,Laurent Dauphin,points,rf_qrf_points,0.3.0,empirical_qrf,0.0,0.0,0.0,,956481973529854621,2025-12-03 22:37:19.621715
2025-12-03,24396,MON,WPG,30002601,Joshua Jacobs,points,rf_qrf_points,0.3.0,empirical_qrf,0.0,0.0,0.0,,956481973529854621,2025-12-03 22:37:19.621715
2025-12-03,24396,MON,WPG,30002663,Vincent Arseneau,points,rf_qrf_points,0.3.0,empirical_qrf,0.0,0.0,0.0,,956481973529854621,2025-12-03 22:37:19.621715
2025-12-03,24396,WPG,MON,30005851,Dominic DiVincentiis,points,rf_qrf_points,0.3.0,empirical_qrf,0.0,0.0,0.0,,956481973529854621,2025-12-03 22:37:19.621715
2025-12-03,24396,WPG,MON,30006030,Parker Ford,points,rf_qrf_points,0.3.0,empirical_qrf,0.0,0.0,0.0,,956481973529854621,2025-12-03 22:37:19.621715
2025-12-03,24396,WPG,MON,30006076,Brayden Yager,points,rf_qrf_points,0.3.0,empirical_qrf,0.0013333333333333335,0.0,0.0,,956481973529854621,2025-12-03 22:37:19.621715
2025-12-03,24396,WPG,MON,30006082,Colby Barlow,points,rf_qrf_points,0.3.0,empirical_qrf,0.0,0.0,0.0,,956481973529854621,2025-12-03 22:37:19.621715
2025-12-03,24396,WPG,MON,30006260,Jacob Julien,points,rf_qrf_points,0.3.0,empirical_qrf,0.0,0.0,0.0,,956481973529854621,2025-12-03 22:37:19.621715
2025-12-03,24396,WPG,MON,30006309,Ethan Frisch,points,rf_qrf_points,0.3.0,empirical_qrf,0.0,0.0,0.0,,956481973529854621,2025-12-03 22:37:19.621715
2025-12-03,24396,WPG,MON,30005343,Jaydon Dureau,points,rf_qrf_points,0.3.0,empirical_qrf,0.0,0.0,0.0,,956481973529854621,2025-12-03 22:37:19.621715
2025-12-03,24396,WPG,MON,30005647,Brad Lambert,points,rf_qrf_points,0.3.0,empirical_qrf,0.0,0.0,0.0,,956481973529854621,2025-12-03 22:37:19.621715
2025-12-03,24396,WPG,MON,30005668,Elias Salomonsson,points,rf_qrf_points,0.3.0,empirical_qrf,0.0013333333333333335,0.0,0.0,,956481973529854621,2025-12-03 22:37:19.621715
2025-12-03,24396,WPG,MON,30005684,Danil Zhilkin,points,rf_qrf_points,0.3.0,empirical_qrf,0.0,0.0,0.0,,956481973529854621,2025-12-03 22:37:19.621715
2025-12-03,24396,WPG,MON,30005716,Fabian Wagner,points,rf_qrf_points,0.3.0,empirical_qrf,0.0,0.0,0.0,,956481973529854621,2025-12-03 22:37:19.621715
2025-12-03,24396,WPG,MON,30005843,Thomas Milic,points,rf_qrf_points,0.3.0,empirical_qrf,0.0,0.0,0.0,,956481973529854621,2025-12-03 22:37:19.621715
2025-12-03,24396,WPG,MON,30004496,Ville Heinola,points,rf_qrf_points,0.3.0,empirical_qrf,0.0013333333333333335,0.0,0.0,,956481973529854621,2025-12-03 22:37:19.621715
2025-12-03,24396,WPG,MON,30004534,Samuel Fagemo,points,rf_qrf_points,0.3.0,empirical_qrf,0.0,0.0,0.0,,956481973529854621,2025-12-03 22:37:19.621715
2025-12-03,24396,WPG,MON,30004813,Cole Perfetti,points,rf_qrf_points,0.3.0,empirical_qrf,0.0,0.0,0.0,,956481973529854621,2025-12-03 22:37:19.621715
2025-12-03,24396,WPG,MON,30004943,Walker Duehr,points,rf_qrf_points,0.3.0,empirical_qrf,0.0013333333333333335,0.0,0.0,,956481973529854621,2025-12-03 22:37:19.621715
2025-12-03,24396,WPG,MON,30004945,Cole Koepke,points,rf_qrf_points,0.3.0,empirical_qrf,0.0,0.0,0.0,,956481973529854621,2025-12-03 22:37:19.621715
2025-12-03,24396,WPG,MON,30005036,Nikita Chibrikov,points,rf_qrf_points,0.3.0,empirical_qrf,0.0,0.0,0.0,,956481973529854621,2025-12-03 22:37:19.621715
2025-12-03,24396,WPG,MON,30003603,Neal Pionk,points,rf_qrf_points,0.3.0,empirical_qrf,0.0,0.0,0.0,,956481973529854621,2025-12-03 22:37:19.621715
2025-12-03,24396,WPG,MON,30003664,Gabriel Vilardi,points,rf_qrf_points,0.3.0,empirical_qrf,0.0,0.0,0.0,,956481973529854621,2025-12-03 22:37:19.621715
2025-12-03,24396,WPG,MON,30003691,Dylan Samberg,points,rf_qrf_points,0.3.0,empirical_qrf,0.0013333333333333335,0.0,0.0,,956481973529854621,2025-12-03 22:37:19.621715
2025-12-03,24396,WPG,MON,30003692,Jaret Anderson-Dolan,points,rf_qrf_points,0.3.0,empirical_qrf,0.0013333333333333335,0.0,0.0,,956481973529854621,2025-12-03 22:37:19.621715
2025-12-03,24396,WPG,MON,30004110,David Gustafsson,points,rf_qrf_points,0.3.0,empirical_qrf,0.0,0.0,0.0,,956481973529854621,2025-12-03 22:37:19.621715
2025-12-03,24396,WPG,MON,30004389,Morgan Barron,points,rf_qrf_points,0.3.0,empirical_qrf,0.0,0.0,0.0,,956481973529854621,2025-12-03 22:37:19.621715
2025-12-03,24396,WPG,MON,30001070,Adam Lowry,points,rf_qrf_points,0.3.0,empirical_qrf,0.0,0.0,0.0,,956481973529854621,2025-12-03 22:37:19.621715
2025-12-03,24396,WPG,MON,30001224,Dylan DeMelo,points,rf_qrf_points,0.3.0,empirical_qrf,0.0,0.0,0.0,,956481973529854621,2025-12-03 22:37:19.621715
2025-12-03,24396,WPG,MON,30002772,Kyle Connor,points,rf_qrf_points,0.3.0,empirical_qrf,0.0,0.0,0.0,,956481973529854621,2025-12-03 22:37:19.621715
2025-12-03,24396,WPG,MON,30003148,Logan Stanley,points,rf_qrf_points,0.3.0,empirical_qrf,0.0,0.0,0.0,,956481973529854621,2025-12-03 22:37:19.621715
2025-12-03,24396,WPG,MON,30003172,Kale Clague,points,rf_qrf_points,0.3.0,empirical_qrf,0.0013333333333333335,0.0,0.0,,956481973529854621,2025-12-03 22:37:19.621715
2025-12-03,24396,WPG,MON,30003588,Alex Iafallo,points,rf_qrf_points,0.3.0,empirical_qrf,0.0,0.0,0.0,,956481973529854621,2025-12-03 22:37:19.621715
2025-12-03,24396,WPG,MON,30000826,Josh Morrissey,points,rf_qrf_points,0.3.0,empirical_qrf,0.0,0.0,0.0,,956481973529854621,2025-12-03 22:37:19.621715
2025-12-03,24396,WPG,MON,30000830,Mark Scheifele,points,rf_qrf_points,0.3.0,empirical_qrf,0.0,0.0,0.0,,956481973529854621,2025-12-03 22:37:19.621715
2025-12-03,24396,WPG,MON,30000872,Jonathan Toews,points,rf_qrf_points,0.3.0,empirical_qrf,0.0,0.0,0.0,,956481973529854621,2025-12-03 22:37:19.621715
2025-12-03,24396,WPG,MON,30001036,Gustav Nyquist,points,rf_qrf_points,0.3.0,empirical_qrf,0.0,0.0,0.0,,956481973529854621,2025-12-03 22:37:19.621715
2025-12-03,24396,WPG,MON,30001050,Vladislav Namestnikov,points,rf_qrf_points,0.3.0,empirical_qrf,0.0,0.0,0.0,,956481973529854621,2025-12-03 22:37:19.621715
2025-12-03,24396,WPG,MON,30001061,Eric Comrie,points,rf_qrf_points,0.3.0,empirical_qrf,0.0,0.0,0.0,,956481973529854621,2025-12-03 22:37:19.621715
2025-12-03,24397,UTA,ANA,30000229,Lawson Crouse,points,rf_qrf_points,0.3.0,empirical_qrf,0.6865198412698413,0.0,2.0,,956481973529854621,2025-12-03 22:37:19.621715
2025-12-03,24397,UTA,ANA,30000593,Liam O'Brien,points,rf_qrf_points,0.3.0,empirical_qrf,0.0,0.0,0.0,,956481973529854621,2025-12-03 22:37:19.621715
2025-12-03,24397,UTA,ANA,30000594,Nate Schmidt,points,rf_qrf_points,0.3.0,empirical_qrf,0.08503373015873016,0.0,0.5,,956481973529854621,2025-12-03 22:37:19.621715
2025-12-03,24397,UTA,ANA,30000650,Ian Cole,points,rf_qrf_points,0.3.0,empirical_qrf,0.09785957098457099,0.0,0.4,,956481973529854621,2025-12-03 22:37:19.621715
2025-12-03,24397,UTA,ANA,30000659,Olli Määttä,points,rf_qrf_points,0.3.0,empirical_qrf,0.0,0.0,0.0,,956481973529854621,2025-12-03 22:37:19.621715
2025-12-03,24397,UTA,ANA,30001104,Robbie Russo,points,rf_qrf_points,0.3.0,empirical_qrf,0.0,0.0,0.0,,956481973529854621,2025-12-03 22:37:19.621715
2025-12-03,24397,ANA,UTA,30005940,Vyacheslav Buteyets,points,rf_qrf_points,0.3.0,empirical_qrf,0.0,0.0,0.0,,956481973529854621,2025-12-03 22:37:19.621715
2025-12-03,24397,UTA,ANA,30006086,Daniil But,points,rf_qrf_points,0.3.0,empirical_qrf,0.0,0.0,0.0,,956481973529854621,2025-12-03 22:37:19.621715
2025-12-03,24397,UTA,ANA,30005650,Maveric Lamoureux,points,rf_qrf_points,0.3.0,empirical_qrf,0.0,0.0,0.0,,956481973529854621,2025-12-03 22:37:19.621715
2025-12-03,24397,UTA,ANA,30003424,Kevin Rooney,points,rf_qrf_points,0.3.0,empirical_qrf,0.0,0.0,0.0,,956481973529854621,2025-12-03 22:37:19.621715
2025-12-03,24397,ANA,UTA,30006129,Coulson Pitre,points,rf_qrf_points,0.3.0,empirical_qrf,0.0,0.0,0.0,,956481973529854621,2025-12-03 22:37:19.621715
2025-12-03,24397,ANA,UTA,30006161,Yegor Sidorov,points,rf_qrf_points,0.3.0,empirical_qrf,0.0,0.0,0.0,,956481973529854621,2025-12-03 22:37:19.621715
2025-12-03,24397,ANA,UTA,30006162,Konnor Smith,points,rf_qrf_points,0.3.0,empirical_qrf,0.0,0.0,0.0,,956481973529854621,2025-12-03 22:37:19.621715
2025-12-03,24397,ANA,UTA,30006310,Roman Kinal,points,rf_qrf_points,0.3.0,empirical_qrf,0.0,0.0,0.0,,956481973529854621,2025-12-03 22:37:19.621715
2025-12-03,24397,ANA,UTA,30006353,Easton Armstrong,points,rf_qrf_points,0.3.0,empirical_qrf,0.0,0.0,0.0,,956481973529854621,2025-12-03 22:37:19.621715
2025-12-03,24397,ANA,UTA,30006483,Beckett Sennecke,points,rf_qrf_points,0.3.0,empirical_qrf,0.0,0.0,0.0,,956481973529854621,2025-12-03 22:37:19.621715
2025-12-03,24397,ANA,UTA,30005678,Tristan Luneau,points,rf_qrf_points,0.3.0,empirical_qrf,0.0013333333333333335,0.0,0.0,,956481973529854621,2025-12-03 22:37:19.621715
2025-12-03,24397,ANA,UTA,30005945,Tomas Suchanek,points,rf_qrf_points,0.3.0,empirical_qrf,0.0,0.0,0.0,,956481973529854621,2025-12-03 22:37:19.621715
2025-12-03,24397,ANA,UTA,30006016,Jaxsen Wiebe,points,rf_qrf_points,0.3.0,empirical_qrf,0.0,0.0,0.0,,956481973529854621,2025-12-03 22:37:19.621715
2025-12-03,24397,ANA,UTA,30006017,Nikita Nesterenko,points,rf_qrf_points,0.3.0,empirical_qrf,0.0013333333333333335,0.0,0.0,,956481973529854621,2025-12-03 22:37:19.621715
2025-12-03,24397,ANA,UTA,30006069,Leo Carlsson,points,rf_qrf_points,0.3.0,empirical_qrf,0.0,0.0,0.0,,956481973529854621,2025-12-03 22:37:19.621715
2025-12-03,24397,ANA,UTA,30006117,Nico Myatovic,points,rf_qrf_points,0.3.0,empirical_qrf,0.0013333333333333335,0.0,0.0,,956481973529854621,2025-12-03 22:37:19.621715
2025-12-03,24397,ANA,UTA,30005275,Tyson Hinds,points,rf_qrf_points,0.3.0,empirical_qrf,0.0,0.0,0.0,,956481973529854621,2025-12-03 22:37:19.621715
2025-12-03,24397,ANA,UTA,30005285,Jeremie Biakabutuka,points,rf_qrf_points,0.3.0,empirical_qrf,0.0,0.0,0.0,,956481973529854621,2025-12-03 22:37:19.621715
2025-12-03,24397,ANA,UTA,30005615,Pavel Mintyukov,points,rf_qrf_points,0.3.0,empirical_qrf,0.0,0.0,0.0,,956481973529854621,2025-12-03 22:37:19.621715
2025-12-03,24397,ANA,UTA,30005620,Cutter Gauthier,points,rf_qrf_points,0.3.0,empirical_qrf,0.0,0.0,0.0,,956481973529854621,2025-12-03 22:37:19.621715
2025-12-03,24397,ANA,UTA,30005643,Nathan Gaucher,points,rf_qrf_points,0.3.0,empirical_qrf,0.0,0.0,0.0,,956481973529854621,2025-12-03 22:37:19.621715
2025-12-03,24397,ANA,UTA,30005677,Noah Warren,points,rf_qrf_points,0.3.0,empirical_qrf,0.0,0.0,0.0,,956481973529854621,2025-12-03 22:37:19.621715
2025-12-03,24397,ANA,UTA,30004829,Sam Colangelo,points,rf_qrf_points,0.3.0,empirical_qrf,0.0,0.0,0.0,,956481973529854621,2025-12-03 22:37:19.621715
2025-12-03,24397,ANA,UTA,30004861,Ian Moore,points,rf_qrf_points,0.3.0,empirical_qrf,0.0,0.0,0.0,,956481973529854621,2025-12-03 22:37:19.621715
2025-12-03,24397,ANA,UTA,30004997,Mason McTavish,points,rf_qrf_points,0.3.0,empirical_qrf,0.0,0.0,0.0,,956481973529854621,2025-12-03 22:37:19.621715
2025-12-03,24397,ANA,UTA,30005018,Olen Zellweger,points,rf_qrf_points,0.3.0,empirical_qrf,0.0,0.0,0.0,,956481973529854621,2025-12-03 22:37:19.621715
2025-12-03,24397,ANA,UTA,30005051,Sasha Pastujov,points,rf_qrf_points,0.3.0,empirical_qrf,0.0,0.0,0.0,,956481973529854621,2025-12-03 22:37:19.621715
2025-12-03,24397,ANA,UTA,30005095,Davis Codd,points,rf_qrf_points,0.3.0,empirical_qrf,0.0,0.0,0.0,,956481973529854621,2025-12-03 22:37:19.621715
2025-12-03,24397,ANA,UTA,30003948,David Cotton,points,rf_qrf_points,0.3.0,empirical_qrf,0.0,0.0,0.0,,956481973529854621,2025-12-03 22:37:19.621715
2025-12-03,24397,ANA,UTA,30004160,Lukas Dostal,points,rf_qrf_points,0.3.0,empirical_qrf,0.0,0.0,0.0,,956481973529854621,2025-12-03 22:37:19.621715
2025-12-03,24397,ANA,UTA,30004512,Drew Helleson,points,rf_qrf_points,0.3.0,empirical_qrf,0.0,0.0,0.0,,956481973529854621,2025-12-03 22:37:19.621715
2025-12-03,24397,ANA,UTA,30004526,Jackson LaCombe,points,rf_qrf_points,0.3.0,empirical_qrf,0.0,0.0,0.0,,956481973529854621,2025-12-03 22:37:19.621715
2025-12-03,24397,ANA,UTA,30004550,Judd Caulfield,points,rf_qrf_points,0.3.0,empirical_qrf,0.0,0.0,0.0,,956481973529854621,2025-12-03 22:37:19.621715
2025-12-03,24397,ANA,UTA,30004828,Calle Clang,points,rf_qrf_points,0.3.0,empirical_qrf,0.0,0.0,0.0,,956481973529854621,2025-12-03 22:37:19.621715
2025-12-03,24397,ANA,UTA,30002773,Jansen Harkins,points,rf_qrf_points,0.3.0,empirical_qrf,0.0,0.0,0.0,,956481973529854621,2025-12-03 22:37:19.621715
2025-12-03,24397,ANA,UTA,30002864,Nikolas Brouillard,points,rf_qrf_points,0.3.0,empirical_qrf,0.0,0.0,0.0,,956481973529854621,2025-12-03 22:37:19.621715
2025-12-03,24397,ANA,UTA,30003197,Carsen Twarynski,points,rf_qrf_points,0.3.0,empirical_qrf,0.0,0.0,0.0,,956481973529854621,2025-12-03 22:37:19.621715
2025-12-03,24397,ANA,UTA,30003475,Matthew Phillips,points,rf_qrf_points,0.3.0,empirical_qrf,0.0,0.0,0.0,,956481973529854621,2025-12-03 22:37:19.621715
2025-12-03,24397,ANA,UTA,30003650,Ryan Poehling,points,rf_qrf_points,0.3.0,empirical_qrf,0.0,0.0,0.0,,956481973529854621,2025-12-03 22:37:19.621715
2025-12-03,24397,ANA,UTA,30003747,Troy Terry,points,rf_qrf_points,0.3.0,empirical_qrf,0.0,0.0,0.0,,956481973529854621,2025-12-03 22:37:19.621715
2025-12-03,24397,ANA,UTA,30000834,Jacob Trouba,points,rf_qrf_points,0.3.0,empirical_qrf,0.0,0.0,0.0,,956481973529854621,2025-12-03 22:37:19.621715
2025-12-03,24397,ANA,UTA,30000998,Ross Johnston,points,rf_qrf_points,0.3.0,empirical_qrf,0.0,0.0,0.0,,956481973529854621,2025-12-03 22:37:19.621715
2025-12-03,24397,ANA,UTA,30001005,Ryan Strome,points,rf_qrf_points,0.3.0,empirical_qrf,0.0,0.0,0.0,,956481973529854621,2025-12-03 22:37:19.621715
2025-12-03,24397,ANA,UTA,30001009,Petr Mrazek,points,rf_qrf_points,0.3.0,empirical_qrf,0.0,0.0,0.0,,956481973529854621,2025-12-03 22:37:19.621715
2025-12-03,24397,ANA,UTA,30002528,Tyrell Goulbourne,points,rf_qrf_points,0.3.0,empirical_qrf,0.0,0.0,0.0,,956481973529854621,2025-12-03 22:37:19.621715
2025-12-03,24397,ANA,UTA,30002760,Ville Husso,points,rf_qrf_points,0.3.0,empirical_qrf,0.0,0.0,0.0,,956481973529854621,2025-12-03 22:37:19.621715
2025-12-03,24397,ANA,UTA,30000269,Radko Gudas,points,rf_qrf_points,0.3.0,empirical_qrf,0.31977976190476187,0.0,1.0,,956481973529854621,2025-12-03 22:37:19.621715
2025-12-03,24397,ANA,UTA,30000320,Chris Kreider,points,rf_qrf_points,0.3.0,empirical_qrf,0.22343849206349206,0.0,0.75,,956481973529854621,2025-12-03 22:37:19.621715
2025-12-03,24397,ANA,UTA,30000509,Justin Bailey,points,rf_qrf_points,0.3.0,empirical_qrf,0.0,0.0,0.0,,956481973529854621,2025-12-03 22:37:19.621715
2025-12-03,24397,ANA,UTA,30000515,Mikael Granlund,points,rf_qrf_points,0.3.0,empirical_qrf,0.08098015873015872,0.0,0.5,,956481973529854621,2025-12-03 22:37:19.621715
2025-12-03,24397,ANA,UTA,30000609,Frank Vatrano,points,rf_qrf_points,0.3.0,empirical_qrf,0.0,0.0,0.0,,956481973529854621,2025-12-03 22:37:19.621715
2025-12-03,24397,ANA,UTA,30000739,Alex Killorn,points,rf_qrf_points,0.3.0,empirical_qrf,0.0,0.0,0.0,,956481973529854621,2025-12-03 22:37:19.621715
2025-12-03,24397,UTA,ANA,30004623,Ben McCartney,points,rf_qrf_points,0.3.0,empirical_qrf,0.0013333333333333335,0.0,0.0,,956481973529854621,2025-12-03 22:37:19.621715
2025-12-03,24397,UTA,ANA,30004867,JJ Peterka,points,rf_qrf_points,0.3.0,empirical_qrf,0.0,0.0,0.0,,956481973529854621,2025-12-03 22:37:19.621715
2025-12-03,24397,UTA,ANA,30004957,Karel Vejmelka,points,rf_qrf_points,0.3.0,empirical_qrf,0.0,0.0,0.0,,956481973529854621,2025-12-03 22:37:19.621715
2025-12-03,24397,UTA,ANA,30004996,Dylan Guenther,points,rf_qrf_points,0.3.0,empirical_qrf,0.0,0.0,0.0,,956481973529854621,2025-12-03 22:37:19.621715
2025-12-03,24397,UTA,ANA,30005567,Jaxson Stauber,points,rf_qrf_points,0.3.0,empirical_qrf,0.0,0.0,0.0,,956481973529854621,2025-12-03 22:37:19.621715
2025-12-03,24397,UTA,ANA,30005614,Logan Cooley,points,rf_qrf_points,0.3.0,empirical_qrf,0.0,0.0,0.0,,956481973529854621,2025-12-03 22:37:19.621715
2025-12-03,24397,UTA,ANA,30003988,Cameron Hebig,points,rf_qrf_points,0.3.0,empirical_qrf,0.0013333333333333335,0.0,0.0,,956481973529854621,2025-12-03 22:37:19.621715
2025-12-03,24397,UTA,ANA,30004078,Barrett Hayton,points,rf_qrf_points,0.3.0,empirical_qrf,0.0,0.0,0.0,,956481973529854621,2025-12-03 22:37:19.621715
2025-12-03,24397,UTA,ANA,30004113,Jack McBain,points,rf_qrf_points,0.3.0,empirical_qrf,0.0,0.0,0.0,,956481973529854621,2025-12-03 22:37:19.621715
2025-12-03,24397,UTA,ANA,30004141,Sean Durzi,points,rf_qrf_points,0.3.0,empirical_qrf,0.0,0.0,0.0,,956481973529854621,2025-12-03 22:37:19.621715
2025-12-03,24397,UTA,ANA,30004170,Scott Perunovich,points,rf_qrf_points,0.3.0,empirical_qrf,0.0,0.0,0.0,,956481973529854621,2025-12-03 22:37:19.621715
2025-12-03,24397,UTA,ANA,30004585,John Marino,points,rf_qrf_points,0.3.0,empirical_qrf,0.0,0.0,0.0,,956481973529854621,2025-12-03 22:37:19.621715
2025-12-03,24397,UTA,ANA,30003235,Michael Carcone,points,rf_qrf_points,0.3.0,empirical_qrf,0.0,0.0,0.0,,956481973529854621,2025-12-03 22:37:19.621715
2025-12-03,24397,UTA,ANA,30003572,Nick DeSimone,points,rf_qrf_points,0.3.0,empirical_qrf,0.0,0.0,0.0,,956481973529854621,2025-12-03 22:37:19.621715
2025-12-03,24397,UTA,ANA,30003662,Juuso Valimaki,points,rf_qrf_points,0.3.0,empirical_qrf,0.0,0.0,0.0,,956481973529854621,2025-12-03 22:37:19.621715
2025-12-03,24397,UTA,ANA,30003663,Kailer Yamamoto,points,rf_qrf_points,0.3.0,empirical_qrf,0.0,0.0,0.0,,956481973529854621,2025-12-03 22:37:19.621715
2025-12-03,24397,UTA,ANA,30003723,Matt Villalta,points,rf_qrf_points,0.3.0,empirical_qrf,0.0,0.0,0.0,,956481973529854621,2025-12-03 22:37:19.621715
2025-12-03,24397,UTA,ANA,30003753,Alexander Kerfoot,points,rf_qrf_points,0.3.0,empirical_qrf,0.0,0.0,0.0,,956481973529854621,2025-12-03 22:37:19.621715
2025-12-03,24397,UTA,ANA,30002583,Nick Schmaltz,points,rf_qrf_points,0.3.0,empirical_qrf,0.0,0.0,0.0,,956481973529854621,2025-12-03 22:37:19.621715
2025-12-03,24397,UTA,ANA,30002600,Vitek Vanecek,points,rf_qrf_points,0.3.0,empirical_qrf,0.0,0.0,0.0,,956481973529854621,2025-12-03 22:37:19.621715
2025-12-03,24397,UTA,ANA,30002841,Kevin Stenlund,points,rf_qrf_points,0.3.0,empirical_qrf,0.0,0.0,0.0,,956481973529854621,2025-12-03 22:37:19.621715
2025-12-03,24397,UTA,ANA,30003053,Brandon Tanev,points,rf_qrf_points,0.3.0,empirical_qrf,0.0,0.0,0.0,,956481973529854621,2025-12-03 22:37:19.621715
2025-12-03,24397,UTA,ANA,30003137,Mikhail Sergachev,points,rf_qrf_points,0.3.0,empirical_qrf,0.0,0.0,0.0,,956481973529854621,2025-12-03 22:37:19.621715
2025-12-03,24397,UTA,ANA,30003141,Clayton Keller,points,rf_qrf_points,0.3.0,empirical_qrf,0.0,0.0,0.0,,956481973529854621,2025-12-03 22:37:19.621715
2025-12-03,24398,WAS,SJ,30000330,Dylan McIlrath,points,rf_qrf_points,0.3.0,empirical_qrf,0.05313492063492063,0.0,0.16666666666666666,,956481973529854621,2025-12-03 22:37:19.621715
2025-12-03,24398,WAS,SJ,30000341,Anthony Beauvillier,points,rf_qrf_points,0.3.0,empirical_qrf,0.05311111111111111,0.0,0.0,,956481973529854621,2025-12-03 22:37:19.621715
2025-12-03,24398,WAS,SJ,30000375,Tom Wilson,points,rf_qrf_points,0.3.0,empirical_qrf,0.10495238095238095,0.0,0.5,,956481973529854621,2025-12-03 22:37:19.621715
2025-12-03,24398,WAS,SJ,30000378,Alex Ovechkin,points,rf_qrf_points,0.3.0,empirical_qrf,0.1138015873015873,0.0,0.5,,956481973529854621,2025-12-03 22:37:19.621715
2025-12-03,24398,WAS,SJ,30000385,Aaron Ness,points,rf_qrf_points,0.3.0,empirical_qrf,0.0,0.0,0.0,,956481973529854621,2025-12-03 22:37:19.621715
2025-12-03,24398,WAS,SJ,30000429,Sonny Milano,points,rf_qrf_points,0.3.0,empirical_qrf,0.0,0.0,0.0,,956481973529854621,2025-12-03 22:37:19.621715
2025-12-03,24398,SJ,WAS,30006189,Luca Cagnoni,points,rf_qrf_points,0.3.0,empirical_qrf,0.0,0.0,0.0,,956481973529854621,2025-12-03 22:37:19.621715
2025-12-03,24398,SJ,WAS,30006307,Anthony Vincent,points,rf_qrf_points,0.3.0,empirical_qrf,0.0,0.0,0.0,,956481973529854621,2025-12-03 22:37:19.621715
2025-12-03,24398,SJ,WAS,30006468,Collin Graf,points,rf_qrf_points,0.3.0,empirical_qrf,0.0,0.0,0.0,,956481973529854621,2025-12-03 22:37:19.621715
2025-12-03,24398,SJ,WAS,30006484,Sam Dickinson,points,rf_qrf_points,0.3.0,empirical_qrf,0.0,0.0,0.0,,956481973529854621,2025-12-03 22:37:19.621715
2025-12-03,24398,SJ,WAS,30006491,Macklin Celebrini,points,rf_qrf_points,0.3.0,empirical_qrf,0.0,0.0,0.0,,956481973529854621,2025-12-03 22:37:19.621715
2025-12-03,24398,WAS,SJ,30004910,Bogdan Trineyev,points,rf_qrf_points,0.3.0,empirical_qrf,0.0013333333333333335,0.0,0.0,,956481973529854621,2025-12-03 22:37:19.621715
2025-12-03,24398,SJ,WAS,30005752,Patrick Giles,points,rf_qrf_points,0.3.0,empirical_qrf,0.0,0.0,0.0,,956481973529854621,2025-12-03 22:37:19.621715
2025-12-03,24398,SJ,WAS,30005839,Jake Furlong,points,rf_qrf_points,0.3.0,empirical_qrf,0.0,0.0,0.0,,956481973529854621,2025-12-03 22:37:19.621715
2025-12-03,24398,SJ,WAS,30006008,Nolan Burke,points,rf_qrf_points,0.3.0,empirical_qrf,0.0,0.0,0.0,,956481973529854621,2025-12-03 22:37:19.621715
2025-12-03,24398,SJ,WAS,30006066,Will Smith,points,rf_qrf_points,0.3.0,empirical_qrf,0.0,0.0,0.0,,956481973529854621,2025-12-03 22:37:19.621715
2025-12-03,24398,SJ,WAS,30006085,Quentin Musty,points,rf_qrf_points,0.3.0,empirical_qrf,0.0,0.0,0.0,,956481973529854621,2025-12-03 22:37:19.621715
2025-12-03,24398,SJ,WAS,30006114,Kasper Halttunen,points,rf_qrf_points,0.3.0,empirical_qrf,0.0,0.0,0.0,,956481973529854621,2025-12-03 22:37:19.621715
2025-12-03,24398,SJ,WAS,30005031,Vincent Iorio,points,rf_qrf_points,0.3.0,empirical_qrf,0.0013333333333333335,0.0,0.0,,956481973529854621,2025-12-03 22:37:19.621715
2025-12-03,24398,SJ,WAS,30005081,Cole Clayton,points,rf_qrf_points,0.3.0,empirical_qrf,0.0013333333333333335,0.0,0.0,,956481973529854621,2025-12-03 22:37:19.621715
2025-12-03,24398,SJ,WAS,30005207,Ethan Cardwell,points,rf_qrf_points,0.3.0,empirical_qrf,0.0,0.0,0.0,,956481973529854621,2025-12-03 22:37:19.621715
2025-12-03,24398,SJ,WAS,30005602,Pavol Regenda,points,rf_qrf_points,0.3.0,empirical_qrf,0.0,0.0,0.0,,956481973529854621,2025-12-03 22:37:19.621715
2025-12-03,24398,SJ,WAS,30005628,Yaroslav Askarov,points,rf_qrf_points,0.3.0,empirical_qrf,0.0,0.0,0.0,,956481973529854621,2025-12-03 22:37:19.621715
2025-12-03,24398,SJ,WAS,30005649,Filip Bystedt,points,rf_qrf_points,0.3.0,empirical_qrf,0.0,0.0,0.0,,956481973529854621,2025-12-03 22:37:19.621715
2025-12-03,24398,SJ,WAS,30004136,Jakub Skarek,points,rf_qrf_points,0.3.0,empirical_qrf,0.0,0.0,0.0,,956481973529854621,2025-12-03 22:37:19.621715
2025-12-03,24398,SJ,WAS,30004392,Jimmy Huntington,points,rf_qrf_points,0.3.0,empirical_qrf,0.0,0.0,0.0,,956481973529854621,2025-12-03 22:37:19.621715
2025-12-03,24398,SJ,WAS,30004654,Beck Warm,points,rf_qrf_points,0.3.0,empirical_qrf,0.0,0.0,0.0,,956481973529854621,2025-12-03 22:37:19.621715
2025-12-03,24398,SJ,WAS,30004811,Shakir Mukhamadullin,points,rf_qrf_points,0.3.0,empirical_qrf,0.0,0.0,0.0,,956481973529854621,2025-12-03 22:37:19.621715
2025-12-03,24398,SJ,WAS,30004995,William Eklund,points,rf_qrf_points,0.3.0,empirical_qrf,0.0,0.0,0.0,,956481973529854621,2025-12-03 22:37:19.621715
2025-12-03,24398,SJ,WAS,30005013,Zack Ostapchuk,points,rf_qrf_points,0.3.0,empirical_qrf,0.0,0.0,0.0,,956481973529854621,2025-12-03 22:37:19.621715
2025-12-03,24398,SJ,WAS,30003651,Shane Bowers,points,rf_qrf_points,0.3.0,empirical_qrf,0.0,0.0,0.0,,956481973529854621,2025-12-03 22:37:19.621715
2025-12-03,24398,SJ,WAS,30003693,Mario Ferraro,points,rf_qrf_points,0.3.0,empirical_qrf,0.0,0.0,0.0,,956481973529854621,2025-12-03 22:37:19.621715
2025-12-03,24398,SJ,WAS,30003937,Vincent Desharnais,points,rf_qrf_points,0.3.0,empirical_qrf,0.0,0.0,0.0,,956481973529854621,2025-12-03 22:37:19.621715
2025-12-03,24398,SJ,WAS,30003989,Adam Gaudette,points,rf_qrf_points,0.3.0,empirical_qrf,0.0,0.0,0.0,,956481973529854621,2025-12-03 22:37:19.621715
2025-12-03,24398,SJ,WAS,30004092,Ty Dellandrea,points,rf_qrf_points,0.3.0,empirical_qrf,0.0,0.0,0.0,,956481973529854621,2025-12-03 22:37:19.621715
2025-12-03,24398,SJ,WAS,30004123,Philipp Kurashev,points,rf_qrf_points,0.3.0,empirical_qrf,0.0,0.0,0.0,,956481973529854621,2025-12-03 22:37:19.621715
2025-12-03,24398,SJ,WAS,30000754,John Klingberg,points,rf_qrf_points,0.3.0,empirical_qrf,0.0013333333333333335,0.0,0.0,,956481973529854621,2025-12-03 22:37:19.621715
2025-12-03,24398,SJ,WAS,30000914,Barclay Goodrow,points,rf_qrf_points,0.3.0,empirical_qrf,0.0,0.0,0.0,,956481973529854621,2025-12-03 22:37:19.621715
2025-12-03,24398,SJ,WAS,30001301,Ryan Reaves,points,rf_qrf_points,0.3.0,empirical_qrf,0.0,0.0,0.0,,956481973529854621,2025-12-03 22:37:19.621715
2025-12-03,24398,SJ,WAS,30002590,Alex Nedeljkovic,points,rf_qrf_points,0.3.0,empirical_qrf,0.0,0.0,0.0,,956481973529854621,2025-12-03 22:37:19.621715
2025-12-03,24398,SJ,WAS,30002693,Aaron Dell,points,rf_qrf_points,0.3.0,empirical_qrf,0.0,0.0,0.0,,956481973529854621,2025-12-03 22:37:19.621715
2025-12-03,24398,SJ,WAS,30003648,Timothy Liljegren,points,rf_qrf_points,0.3.0,empirical_qrf,0.0,0.0,0.0,,956481973529854621,2025-12-03 22:37:19.621715
2025-12-03,24398,SJ,WAS,30000157,Tyler Toffoli,points,rf_qrf_points,0.3.0,empirical_qrf,0.477968253968254,0.0,1.5,,956481973529854621,2025-12-03 22:37:19.621715
2025-12-03,24398,SJ,WAS,30000182,Ryan Ellis,points,rf_qrf_points,0.3.0,empirical_qrf,0.0,0.0,0.0,,956481973529854621,2025-12-03 22:37:19.621715
2025-12-03,24398,SJ,WAS,30000287,Nick Leddy,points,rf_qrf_points,0.3.0,empirical_qrf,0.0,0.0,0.0,,956481973529854621,2025-12-03 22:37:19.621715
2025-12-03,24398,SJ,WAS,30000384,Dmitry Orlov,points,rf_qrf_points,0.3.0,empirical_qrf,0.0013333333333333335,0.0,0.0,,956481973529854621,2025-12-03 22:37:19.621715
2025-12-03,24398,SJ,WAS,30000426,Alexander Wennberg,points,rf_qrf_points,0.3.0,empirical_qrf,0.0,0.0,0.0,,956481973529854621,2025-12-03 22:37:19.621715
2025-12-03,24398,SJ,WAS,30000642,Jeff Skinner,points,rf_qrf_points,0.3.0,empirical_qrf,0.0,0.0,0.0,,956481973529854621,2025-12-03 22:37:19.621715
2025-12-03,24398,WAS,SJ,30005098,Luke Toporowski,points,rf_qrf_points,0.3.0,empirical_qrf,0.0,0.0,0.0,,956481973529854621,2025-12-03 22:37:19.621715
2025-12-03,24398,WAS,SJ,30005788,Ethen Frank,points,rf_qrf_points,0.3.0,empirical_qrf,0.0,0.0,0.0,,956481973529854621,2025-12-03 22:37:19.621715
2025-12-03,24398,WAS,SJ,30006062,Ryan Leonard,points,rf_qrf_points,0.3.0,empirical_qrf,0.0,0.0,0.0,,956481973529854621,2025-12-03 22:37:19.621715
2025-12-03,24398,WAS,SJ,30006408,Simon Pinard,points,rf_qrf_points,0.3.0,empirical_qrf,0.0,0.0,0.0,,956481973529854621,2025-12-03 22:37:19.621715
2025-12-03,24398,SJ,WAS,30000007,Carey Price,points,rf_qrf_points,0.3.0,empirical_qrf,0.0,0.0,0.0,,956481973529854621,2025-12-03 22:37:19.621715
2025-12-03,24398,SJ,WAS,30000128,Logan Couture,points,rf_qrf_points,0.3.0,empirical_qrf,0.0,0.0,0.0,,956481973529854621,2025-12-03 22:37:19.621715
2025-12-03,24398,WAS,SJ,30004562,Aliaksei Protas,points,rf_qrf_points,0.3.0,empirical_qrf,0.0,0.0,0.0,,956481973529854621,2025-12-03 22:37:19.621715
2025-12-03,24398,WAS,SJ,30004579,Dalton Smith,points,rf_qrf_points,0.3.0,empirical_qrf,0.0,0.0,0.0,,956481973529854621,2025-12-03 22:37:19.621715
2025-12-03,24398,WAS,SJ,30004613,Michael Kim,points,rf_qrf_points,0.3.0,empirical_qrf,0.0,0.0,0.0,,956481973529854621,2025-12-03 22:37:19.621715
2025-12-03,24398,WAS,SJ,30004664,Corey Schueneman,points,rf_qrf_points,0.3.0,empirical_qrf,0.0,0.0,0.0,,956481973529854621,2025-12-03 22:37:19.621715
2025-12-03,24398,WAS,SJ,30004808,Hendrix Lapierre,points,rf_qrf_points,0.3.0,empirical_qrf,0.0,0.0,0.0,,956481973529854621,2025-12-03 22:37:19.621715
2025-12-03,24398,WAS,SJ,30004878,Justin Sourdif,points,rf_qrf_points,0.3.0,empirical_qrf,0.0,0.0,0.0,,956481973529854621,2025-12-03 22:37:19.621715
2025-12-03,24398,WAS,SJ,30003973,Logan Thompson,points,rf_qrf_points,0.3.0,empirical_qrf,0.0,0.0,0.0,,956481973529854621,2025-12-03 22:37:19.621715
2025-12-03,24398,WAS,SJ,30004099,Rasmus Sandin,points,rf_qrf_points,0.3.0,empirical_qrf,0.0,0.0,0.0,,956481973529854621,2025-12-03 22:37:19.621715
2025-12-03,24398,WAS,SJ,30004152,Martin Fehérváry,points,rf_qrf_points,0.3.0,empirical_qrf,0.0,0.0,0.0,,956481973529854621,2025-12-03 22:37:19.621715
2025-12-03,24398,WAS,SJ,30004302,Declan Chisholm,points,rf_qrf_points,0.3.0,empirical_qrf,0.0,0.0,0.0,,956481973529854621,2025-12-03 22:37:19.621715
2025-12-03,24398,WAS,SJ,30004491,Connor McMichael,points,rf_qrf_points,0.3.0,empirical_qrf,0.0,0.0,0.0,,956481973529854621,2025-12-03 22:37:19.621715
2025-12-03,24398,WAS,SJ,30004500,Brett Leason,points,rf_qrf_points,0.3.0,empirical_qrf,0.0,0.0,0.0,,956481973529854621,2025-12-03 22:37:19.621715
2025-12-03,24398,WAS,SJ,30003035,Spencer Smallman,points,rf_qrf_points,0.3.0,empirical_qrf,0.0,0.0,0.0,,956481973529854621,2025-12-03 22:37:19.621715
2025-12-03,24398,WAS,SJ,30003132,Pierre-Luc Dubois,points,rf_qrf_points,0.3.0,empirical_qrf,0.0,0.0,0.0,,956481973529854621,2025-12-03 22:37:19.621715
2025-12-03,24398,WAS,SJ,30003138,Jakob Chychrun,points,rf_qrf_points,0.3.0,empirical_qrf,0.0,0.0,0.0,,956481973529854621,2025-12-03 22:37:19.621715
2025-12-03,24398,WAS,SJ,30003561,Matt Roy,points,rf_qrf_points,0.3.0,empirical_qrf,0.0,0.0,0.0,,956481973529854621,2025-12-03 22:37:19.621715
2025-12-03,24398,WAS,SJ,30003759,Matthew Strome,points,rf_qrf_points,0.3.0,empirical_qrf,0.0,0.0,0.0,,956481973529854621,2025-12-03 22:37:19.621715
2025-12-03,24398,WAS,SJ,30003933,Brandon Duhaime,points,rf_qrf_points,0.3.0,empirical_qrf,0.0,0.0,0.0,,956481973529854621,2025-12-03 22:37:19.621715
2025-12-03,24398,WAS,SJ,30000587,John Carlson,points,rf_qrf_points,0.3.0,empirical_qrf,0.0,0.0,0.0,,956481973529854621,2025-12-03 22:37:19.621715
2025-12-03,24398,WAS,SJ,30000954,Dylan Strome,points,rf_qrf_points,0.3.0,empirical_qrf,0.0,0.0,0.0,,956481973529854621,2025-12-03 22:37:19.621715
2025-12-03,24398,WAS,SJ,30001023,Trevor van Riemsdyk,points,rf_qrf_points,0.3.0,empirical_qrf,0.0013333333333333335,0.0,0.0,,956481973529854621,2025-12-03 22:37:19.621715
2025-12-03,24398,WAS,SJ,30002620,Louie Belpedio,points,rf_qrf_points,0.3.0,empirical_qrf,0.0,0.0,0.0,,956481973529854621,2025-12-03 22:37:19.621715
2025-12-03,24398,WAS,SJ,30002695,Nic Dowd,points,rf_qrf_points,0.3.0,empirical_qrf,0.0,0.0,0.0,,956481973529854621,2025-12-03 22:37:19.621715
2025-12-03,24398,WAS,SJ,30003026,Charlie Lindgren,points,rf_qrf_points,0.3.0,empirical_qrf,0.0,0.0,0.0,,956481973529854621,2025-12-03 22:37:19.621715
2025-12-03,24394,DAL,NJ,30000166,Alexander Petrovic,goals,rf_qrf_goals,0.3.0,empirical_qrf,0.0,0.0,0.0,,956481973529854621,2025-12-03 22:37:20.521302
2025-12-03,24394,DAL,NJ,30000702,Antoine Bibeau,goals,rf_qrf_goals,0.3.0,empirical_qrf,0.0,0.0,0.0,,956481973529854621,2025-12-03 22:37:20.521302
2025-12-03,24394,DAL,NJ,30000735,Adam Erne,goals,rf_qrf_goals,0.3.0,empirical_qrf,0.0,0.0,0.0,,956481973529854621,2025-12-03 22:37:20.521302
2025-12-03,24394,DAL,NJ,30000750,Radek Faksa,goals,rf_qrf_goals,0.3.0,empirical_qrf,0.15438492063492062,0.0,0.5,,956481973529854621,2025-12-03 22:37:20.521302
2025-12-03,24394,DAL,NJ,30000755,Esa Lindell,goals,rf_qrf_goals,0.3.0,empirical_qrf,0.0,0.0,0.0,,956481973529854621,2025-12-03 22:37:20.521302
2025-12-03,24394,DAL,NJ,30000756,Curtis McKenzie,goals,rf_qrf_goals,0.3.0,empirical_qrf,0.0,0.0,0.0,,956481973529854621,2025-12-03 22:37:20.521302
2025-12-03,24394,NJ,DAL,30006356,Matyas Melovsky,goals,rf_qrf_goals,0.3.0,empirical_qrf,0.0,0.0,0.0,,956481973529854621,2025-12-03 22:37:20.521302
2025-12-03,24394,NJ,DAL,30005278,Mikael Diotte,goals,rf_qrf_goals,0.3.0,empirical_qrf,0.0,0.0,0.0,,956481973529854621,2025-12-03 22:37:20.521302
2025-12-03,24394,NJ,DAL,30005466,Arseniy Gritsyuk,goals,rf_qrf_goals,0.3.0,empirical_qrf,0.0016666666666666668,0.0,0.0,,956481973529854621,2025-12-03 22:37:20.521302
2025-12-03,24394,NJ,DAL,30005561,Marc McLaughlin,goals,rf_qrf_goals,0.3.0,empirical_qrf,0.0,0.0,0.0,,956481973529854621,2025-12-03 22:37:20.521302
2025-12-03,24394,NJ,DAL,30005569,Brian Halonen,goals,rf_qrf_goals,0.3.0,empirical_qrf,0.0016666666666666668,0.0,0.0,,956481973529854621,2025-12-03 22:37:20.521302
2025-12-03,24394,NJ,DAL,30005613,Simon Nemec,goals,rf_qrf_goals,0.3.0,empirical_qrf,0.0,0.0,0.0,,956481973529854621,2025-12-03 22:37:20.521302
2025-12-03,24394,NJ,DAL,30006223,Jeremy Hanzel,goals,rf_qrf_goals,0.3.0,empirical_qrf,0.0,0.0,0.0,,956481973529854621,2025-12-03 22:37:20.521302
2025-12-03,24394,NJ,DAL,30004470,Jack Hughes,goals,rf_qrf_goals,0.3.0,empirical_qrf,0.0,0.0,0.0,,956481973529854621,2025-12-03 22:37:20.521302
2025-12-03,24394,NJ,DAL,30004549,Nathan Legare,goals,rf_qrf_goals,0.3.0,empirical_qrf,0.0016666666666666668,0.0,0.0,,956481973529854621,2025-12-03 22:37:20.521302
2025-12-03,24394,NJ,DAL,30004810,Dawson Mercer,goals,rf_qrf_goals,0.3.0,empirical_qrf,0.0022222222222222222,0.0,0.0,,956481973529854621,2025-12-03 22:37:20.521302
2025-12-03,24394,NJ,DAL,30004827,Thomas Bordeleau,goals,rf_qrf_goals,0.3.0,empirical_qrf,0.0,0.0,0.0,,956481973529854621,2025-12-03 22:37:20.521302
2025-12-03,24394,NJ,DAL,30004833,Nico Daws,goals,rf_qrf_goals,0.3.0,empirical_qrf,0.0,0.0,0.0,,956481973529854621,2025-12-03 22:37:20.521302
2025-12-03,24394,NJ,DAL,30004986,Luke Hughes,goals,rf_qrf_goals,0.3.0,empirical_qrf,0.0,0.0,0.0,,956481973529854621,2025-12-03 22:37:20.521302
2025-12-03,24394,NJ,DAL,30003612,Jesper Bratt,goals,rf_qrf_goals,0.3.0,empirical_qrf,0.0,0.0,0.0,,956481973529854621,2025-12-03 22:37:20.521302
2025-12-03,24394,NJ,DAL,30003639,Nico Hischier,goals,rf_qrf_goals,0.3.0,empirical_qrf,0.0022222222222222222,0.0,0.0,,956481973529854621,2025-12-03 22:37:20.521302
2025-12-03,24394,NJ,DAL,30003642,Cody Glass,goals,rf_qrf_goals,0.3.0,empirical_qrf,0.0,0.0,0.0,,956481973529854621,2025-12-03 22:37:20.521302
2025-12-03,24394,NJ,DAL,30003726,Johnathan Kovacevic,goals,rf_qrf_goals,0.3.0,empirical_qrf,0.0,0.0,0.0,,956481973529854621,2025-12-03 22:37:20.521302
2025-12-03,24394,NJ,DAL,30003983,Austin Strand,goals,rf_qrf_goals,0.3.0,empirical_qrf,0.0,0.0,0.0,,956481973529854621,2025-12-03 22:37:20.521302
2025-12-03,24394,NJ,DAL,30004384,Paul Cotter,goals,rf_qrf_goals,0.3.0,empirical_qrf,0.0,0.0,0.0,,956481973529854621,2025-12-03 22:37:20.521302
2025-12-03,24394,NJ,DAL,30001226,Timo Meier,goals,rf_qrf_goals,0.3.0,empirical_qrf,0.0016666666666666668,0.0,0.0,,956481973529854621,2025-12-03 22:37:20.521302
2025-12-03,24394,NJ,DAL,30001786,Evgenii Dadonov,goals,rf_qrf_goals,0.3.0,empirical_qrf,0.0021666666666666666,0.0,0.0,,956481973529854621,2025-12-03 22:37:20.521302
2025-12-03,24394,NJ,DAL,30002609,Juho Lammikko,goals,rf_qrf_goals,0.3.0,empirical_qrf,0.0,0.0,0.0,,956481973529854621,2025-12-03 22:37:20.521302
2025-12-03,24394,NJ,DAL,30003154,Dennis Cholowski,goals,rf_qrf_goals,0.3.0,empirical_qrf,0.0,0.0,0.0,,956481973529854621,2025-12-03 22:37:20.521302
2025-12-03,24394,NJ,DAL,30003404,Zack MacEwen,goals,rf_qrf_goals,0.3.0,empirical_qrf,0.0,0.0,0.0,,956481973529854621,2025-12-03 22:37:20.521302
2025-12-03,24394,NJ,DAL,30003568,Joseph Gambardella,goals,rf_qrf_goals,0.3.0,empirical_qrf,0.0,0.0,0.0,,956481973529854621,2025-12-03 22:37:20.521302
2025-12-03,24394,NJ,DAL,30000665,Jake Allen,goals,rf_qrf_goals,0.3.0,empirical_qrf,0.0,0.0,0.0,,956481973529854621,2025-12-03 22:37:20.521302
2025-12-03,24394,NJ,DAL,30000844,Luke Glendening,goals,rf_qrf_goals,0.3.0,empirical_qrf,0.0016666666666666668,0.0,0.0,,956481973529854621,2025-12-03 22:37:20.521302
2025-12-03,24394,NJ,DAL,30000886,Stefan Noesen,goals,rf_qrf_goals,0.3.0,empirical_qrf,0.005388888888888889,0.0,0.0,,956481973529854621,2025-12-03 22:37:20.521302
2025-12-03,24394,NJ,DAL,30001052,Ondrej Palat,goals,rf_qrf_goals,0.3.0,empirical_qrf,0.0016666666666666668,0.0,0.0,,956481973529854621,2025-12-03 22:37:20.521302
2025-12-03,24394,NJ,DAL,30001108,Jonas Siegenthaler,goals,rf_qrf_goals,0.3.0,empirical_qrf,0.0,0.0,0.0,,956481973529854621,2025-12-03 22:37:20.521302
2025-12-03,24394,NJ,DAL,30001225,Brenden Dillon,goals,rf_qrf_goals,0.3.0,empirical_qrf,0.0,0.0,0.0,,956481973529854621,2025-12-03 22:37:20.521302
2025-12-03,24394,DAL,NJ,30006457,Justin Hryckowian,goals,rf_qrf_goals,0.3.0,empirical_qrf,0.0016666666666666668,0.0,0.0,,956481973529854621,2025-12-03 22:37:20.521302
2025-12-03,24394,NJ,DAL,30000070,Dougie Hamilton,goals,rf_qrf_goals,0.3.0,empirical_qrf,0.3855099206349206,0.0,1.0,,956481973529854621,2025-12-03 22:37:20.521302
2025-12-03,24394,NJ,DAL,30000210,Colton White,goals,rf_qrf_goals,0.3.0,empirical_qrf,0.0,0.0,0.0,,956481973529854621,2025-12-03 22:37:20.521302
2025-12-03,24394,NJ,DAL,30000368,Brett Pesce,goals,rf_qrf_goals,0.3.0,empirical_qrf,0.0,0.0,0.0,,956481973529854621,2025-12-03 22:37:20.521302
2025-12-03,24394,NJ,DAL,30000491,Connor Brown,goals,rf_qrf_goals,0.3.0,empirical_qrf,0.20307738095238095,0.0,0.6666666666666666,,956481973529854621,2025-12-03 22:37:20.521302
2025-12-03,24394,NJ,DAL,30000573,Jacob Markstrom,goals,rf_qrf_goals,0.3.0,empirical_qrf,0.0,0.0,0.0,,956481973529854621,2025-12-03 22:37:20.521302
2025-12-03,24394,DAL,NJ,30004546,Vladislav Kolyachonok,goals,rf_qrf_goals,0.3.0,empirical_qrf,0.0016666666666666668,0.0,0.0,,956481973529854621,2025-12-03 22:37:20.521302
2025-12-03,24394,DAL,NJ,30004796,Mavrik Bourque,goals,rf_qrf_goals,0.3.0,empirical_qrf,0.0,0.0,0.0,,956481973529854621,2025-12-03 22:37:20.521302
2025-12-03,24394,DAL,NJ,30004844,Cross Hanas,goals,rf_qrf_goals,0.3.0,empirical_qrf,0.0,0.0,0.0,,956481973529854621,2025-12-03 22:37:20.521302
2025-12-03,24394,DAL,NJ,30005004,Wyatt Johnston,goals,rf_qrf_goals,0.3.0,empirical_qrf,0.0013888888888888887,0.0,0.0,,956481973529854621,2025-12-03 22:37:20.521302
2025-12-03,24394,DAL,NJ,30005062,Oskar Bäck,goals,rf_qrf_goals,0.3.0,empirical_qrf,0.0,0.0,0.0,,956481973529854621,2025-12-03 22:37:20.521302
2025-12-03,24394,DAL,NJ,30006362,Connor Punnett,goals,rf_qrf_goals,0.3.0,empirical_qrf,0.0,0.0,0.0,,956481973529854621,2025-12-03 22:37:20.521302
2025-12-03,24394,DAL,NJ,30003658,Jake Oettinger,goals,rf_qrf_goals,0.3.0,empirical_qrf,0.0,0.0,0.0,,956481973529854621,2025-12-03 22:37:20.521302
2025-12-03,24394,DAL,NJ,30003689,Jason Robertson,goals,rf_qrf_goals,0.3.0,empirical_qrf,0.005333333333333333,0.0,0.0,,956481973529854621,2025-12-03 22:37:20.521302
2025-12-03,24394,DAL,NJ,30003695,Kole Lind,goals,rf_qrf_goals,0.3.0,empirical_qrf,0.0,0.0,0.0,,956481973529854621,2025-12-03 22:37:20.521302
2025-12-03,24394,DAL,NJ,30004061,Ilya Lyubushkin,goals,rf_qrf_goals,0.3.0,empirical_qrf,0.0016666666666666668,0.0,0.0,,956481973529854621,2025-12-03 22:37:20.521302
2025-12-03,24394,DAL,NJ,30004103,Nils Lundkvist,goals,rf_qrf_goals,0.3.0,empirical_qrf,0.0,0.0,0.0,,956481973529854621,2025-12-03 22:37:20.521302
2025-12-03,24394,DAL,NJ,30004482,Thomas Harley,goals,rf_qrf_goals,0.3.0,empirical_qrf,0.0,0.0,0.0,,956481973529854621,2025-12-03 22:37:20.521302
2025-12-03,24394,DAL,NJ,30003156,Sam Steel,goals,rf_qrf_goals,0.3.0,empirical_qrf,0.0,0.0,0.0,,956481973529854621,2025-12-03 22:37:20.521302
2025-12-03,24394,DAL,NJ,30003165,Nate Bastian,goals,rf_qrf_goals,0.3.0,empirical_qrf,0.0,0.0,0.0,,956481973529854621,2025-12-03 22:37:20.521302
2025-12-03,24394,DAL,NJ,30003357,Colin Blackwell,goals,rf_qrf_goals,0.3.0,empirical_qrf,0.0016666666666666668,0.0,0.0,,956481973529854621,2025-12-03 22:37:20.521302
2025-12-03,24394,DAL,NJ,30003376,Casey DeSmith,goals,rf_qrf_goals,0.3.0,empirical_qrf,0.0,0.0,0.0,,956481973529854621,2025-12-03 22:37:20.521302
2025-12-03,24394,DAL,NJ,30003585,Cameron Hughes,goals,rf_qrf_goals,0.3.0,empirical_qrf,0.0,0.0,0.0,,956481973529854621,2025-12-03 22:37:20.521302
2025-12-03,24394,DAL,NJ,30003640,Miro Heiskanen,goals,rf_qrf_goals,0.3.0,empirical_qrf,0.0,0.0,0.0,,956481973529854621,2025-12-03 22:37:20.521302
2025-12-03,24394,DAL,NJ,30000762,Tyler Seguin,goals,rf_qrf_goals,0.3.0,empirical_qrf,0.0,0.0,0.0,,956481973529854621,2025-12-03 22:37:20.521302
2025-12-03,24394,DAL,NJ,30000906,Mikko Rantanen,goals,rf_qrf_goals,0.3.0,empirical_qrf,0.0016666666666666668,0.0,0.0,,956481973529854621,2025-12-03 22:37:20.521302
2025-12-03,24394,DAL,NJ,30001146,Matt Duchene,goals,rf_qrf_goals,0.3.0,empirical_qrf,0.0,0.0,0.0,,956481973529854621,2025-12-03 22:37:20.521302
2025-12-03,24394,DAL,NJ,30001302,Jamie Benn,goals,rf_qrf_goals,0.3.0,empirical_qrf,0.0,0.0,0.0,,956481973529854621,2025-12-03 22:37:20.521302
2025-12-03,24394,DAL,NJ,30002811,Roope Hintz,goals,rf_qrf_goals,0.3.0,empirical_qrf,0.0016666666666666668,0.0,0.0,,956481973529854621,2025-12-03 22:37:20.521302
2025-12-03,24394,DAL,NJ,30002842,Kyle Capobianco,goals,rf_qrf_goals,0.3.0,empirical_qrf,0.0,0.0,0.0,,956481973529854621,2025-12-03 22:37:20.521302
2025-12-03,24395,BUF,PHI,30000523,Jason Zucker,goals,rf_qrf_goals,0.3.0,empirical_qrf,0.34019047619047615,0.0,1.0,,956481973529854621,2025-12-03 22:37:20.521302
2025-12-03,24395,BUF,PHI,30002577,Alex Tuch,goals,rf_qrf_goals,0.3.0,empirical_qrf,0.3693194444444444,0.0,1.0,,956481973529854621,2025-12-03 22:37:20.521302
2025-12-03,24395,BUF,PHI,30002774,Jordan Greenway,goals,rf_qrf_goals,0.3.0,empirical_qrf,0.0,0.0,0.0,,956481973529854621,2025-12-03 22:37:20.521302
2025-12-03,24395,BUF,PHI,30002797,Brendan Warren,goals,rf_qrf_goals,0.3.0,empirical_qrf,0.0,0.0,0.0,,956481973529854621,2025-12-03 22:37:20.521302
2025-12-03,24395,BUF,PHI,30003074,Alex Lyon,goals,rf_qrf_goals,0.3.0,empirical_qrf,0.0,0.0,0.0,,956481973529854621,2025-12-03 22:37:20.521302
2025-12-03,24395,BUF,PHI,30003158,Tage Thompson,goals,rf_qrf_goals,0.3.0,empirical_qrf,0.005333333333333333,0.0,0.0,,956481973529854621,2025-12-03 22:37:20.521302
2025-12-03,24395,PHI,BUF,30006045,Yaniv Perets,goals,rf_qrf_goals,0.3.0,empirical_qrf,0.0,0.0,0.0,,956481973529854621,2025-12-03 22:37:20.521302
2025-12-03,24395,PHI,BUF,30006061,Matvei Michkov,goals,rf_qrf_goals,0.3.0,empirical_qrf,0.0016666666666666668,0.0,0.0,,956481973529854621,2025-12-03 22:37:20.521302
2025-12-03,24395,PHI,BUF,30006075,Oliver Bonk,goals,rf_qrf_goals,0.3.0,empirical_qrf,0.0,0.0,0.0,,956481973529854621,2025-12-03 22:37:20.521302
2025-12-03,24395,PHI,BUF,30006100,Carson Bjarnason,goals,rf_qrf_goals,0.3.0,empirical_qrf,0.0,0.0,0.0,,956481973529854621,2025-12-03 22:37:20.521302
2025-12-03,24395,PHI,BUF,30006135,Denver Barkey,goals,rf_qrf_goals,0.3.0,empirical_qrf,0.0,0.0,0.0,,956481973529854621,2025-12-03 22:37:20.521302
2025-12-03,24395,BUF,PHI,30002762,Mason Geertsen,goals,rf_qrf_goals,0.3.0,empirical_qrf,0.0,0.0,0.0,,956481973529854621,2025-12-03 22:37:20.521302
2025-12-03,24395,PHI,BUF,30005234,Vincent Sevigny,goals,rf_qrf_goals,0.3.0,empirical_qrf,0.0,0.0,0.0,,956481973529854621,2025-12-03 22:37:20.521302
2025-12-03,24395,PHI,BUF,30005293,Artem Guryev,goals,rf_qrf_goals,0.3.0,empirical_qrf,0.0,0.0,0.0,,956481973529854621,2025-12-03 22:37:20.521302
2025-12-03,24395,PHI,BUF,30005397,Noah Cates,goals,rf_qrf_goals,0.3.0,empirical_qrf,0.0,0.0,0.0,,956481973529854621,2025-12-03 22:37:20.521302
2025-12-03,24395,PHI,BUF,30005401,Aleksei Kolosov,goals,rf_qrf_goals,0.3.0,empirical_qrf,0.0,0.0,0.0,,956481973529854621,2025-12-03 22:37:20.521302
2025-12-03,24395,PHI,BUF,30005756,Tucker Robertson,goals,rf_qrf_goals,0.3.0,empirical_qrf,0.0,0.0,0.0,,956481973529854621,2025-12-03 22:37:20.521302
2025-12-03,24395,PHI,BUF,30005958,Nikita Grebenkin,goals,rf_qrf_goals,0.3.0,empirical_qrf,0.0016666666666666668,0.0,0.0,,956481973529854621,2025-12-03 22:37:20.521302
2025-12-03,24395,PHI,BUF,30004484,Cam York,goals,rf_qrf_goals,0.3.0,empirical_qrf,0.0,0.0,0.0,,956481973529854621,2025-12-03 22:37:20.521302
2025-12-03,24395,PHI,BUF,30004508,Bobby Brink,goals,rf_qrf_goals,0.3.0,empirical_qrf,0.0,0.0,0.0,,956481973529854621,2025-12-03 22:37:20.521302
2025-12-03,24395,PHI,BUF,30004800,Jamie Drysdale,goals,rf_qrf_goals,0.3.0,empirical_qrf,0.0,0.0,0.0,,956481973529854621,2025-12-03 22:37:20.521302
2025-12-03,24395,PHI,BUF,30004801,Tyson Foerster,goals,rf_qrf_goals,0.3.0,empirical_qrf,0.0016666666666666668,0.0,0.0,,956481973529854621,2025-12-03 22:37:20.521302
2025-12-03,24395,PHI,BUF,30004824,Emil Andrae,goals,rf_qrf_goals,0.3.0,empirical_qrf,0.0,0.0,0.0,,956481973529854621,2025-12-03 22:37:20.521302
2025-12-03,24395,PHI,BUF,30004839,Helge Grans,goals,rf_qrf_goals,0.3.0,empirical_qrf,0.0,0.0,0.0,,956481973529854621,2025-12-03 22:37:20.521302
2025-12-03,24395,PHI,BUF,30003733,Keith Petruzzelli,goals,rf_qrf_goals,0.3.0,empirical_qrf,0.0,0.0,0.0,,956481973529854621,2025-12-03 22:37:20.521302
2025-12-03,24395,PHI,BUF,30004002,Cooper Marody,goals,rf_qrf_goals,0.3.0,empirical_qrf,0.0,0.0,0.0,,956481973529854621,2025-12-03 22:37:20.521302
2025-12-03,24395,PHI,BUF,30004154,Xavier Bernard,goals,rf_qrf_goals,0.3.0,empirical_qrf,0.0,0.0,0.0,,956481973529854621,2025-12-03 22:37:20.521302
2025-12-03,24395,PHI,BUF,30004205,Egor Zamula,goals,rf_qrf_goals,0.3.0,empirical_qrf,0.0,0.0,0.0,,956481973529854621,2025-12-03 22:37:20.521302
2025-12-03,24395,PHI,BUF,30004406,Samuel Ersson,goals,rf_qrf_goals,0.3.0,empirical_qrf,0.0,0.0,0.0,,956481973529854621,2025-12-03 22:37:20.521302
2025-12-03,24395,PHI,BUF,30004481,Trevor Zegras,goals,rf_qrf_goals,0.3.0,empirical_qrf,0.0016666666666666668,0.0,0.0,,956481973529854621,2025-12-03 22:37:20.521302
2025-12-03,24395,PHI,BUF,30002979,Anthony Richard,goals,rf_qrf_goals,0.3.0,empirical_qrf,0.0021666666666666666,0.0,0.0,,956481973529854621,2025-12-03 22:37:20.521302
2025-12-03,24395,PHI,BUF,30003016,Nick Seeler,goals,rf_qrf_goals,0.3.0,empirical_qrf,0.0,0.0,0.0,,956481973529854621,2025-12-03 22:37:20.521302
2025-12-03,24395,PHI,BUF,30003171,Carl Grundstrom,goals,rf_qrf_goals,0.3.0,empirical_qrf,0.0,0.0,0.0,,956481973529854621,2025-12-03 22:37:20.521302
2025-12-03,24395,PHI,BUF,30003283,Lane Pederson,goals,rf_qrf_goals,0.3.0,empirical_qrf,0.0,0.0,0.0,,956481973529854621,2025-12-03 22:37:20.521302
2025-12-03,24395,PHI,BUF,30003500,Rodrigo Abols,goals,rf_qrf_goals,0.3.0,empirical_qrf,0.0016666666666666668,0.0,0.0,,956481973529854621,2025-12-03 22:37:20.521302
2025-12-03,24395,PHI,BUF,30003653,Owen Tippett,goals,rf_qrf_goals,0.3.0,empirical_qrf,0.0,0.0,0.0,,956481973529854621,2025-12-03 22:37:20.521302
2025-12-03,24395,PHI,BUF,30000624,Travis Sanheim,goals,rf_qrf_goals,0.3.0,empirical_qrf,0.0013888888888888887,0.0,0.0,,956481973529854621,2025-12-03 22:37:20.521302
2025-12-03,24395,PHI,BUF,30000942,Christian Dvorak,goals,rf_qrf_goals,0.3.0,empirical_qrf,0.0,0.0,0.0,,956481973529854621,2025-12-03 22:37:20.521302
2025-12-03,24395,PHI,BUF,30001201,Garnet Hathaway,goals,rf_qrf_goals,0.3.0,empirical_qrf,0.0,0.0,0.0,,956481973529854621,2025-12-03 22:37:20.521302
2025-12-03,24395,PHI,BUF,30001294,Rasmus Ristolainen,goals,rf_qrf_goals,0.3.0,empirical_qrf,0.0,0.0,0.0,,956481973529854621,2025-12-03 22:37:20.521302
2025-12-03,24395,PHI,BUF,30001312,Noah Juulsen,goals,rf_qrf_goals,0.3.0,empirical_qrf,0.0,0.0,0.0,,956481973529854621,2025-12-03 22:37:20.521302
2025-12-03,24395,PHI,BUF,30002786,Dan Vladar,goals,rf_qrf_goals,0.3.0,empirical_qrf,0.0,0.0,0.0,,956481973529854621,2025-12-03 22:37:20.521302
2025-12-03,24395,BUF,PHI,30006341,Christopher Brown,goals,rf_qrf_goals,0.3.0,empirical_qrf,0.0,0.0,0.0,,956481973529854621,2025-12-03 22:37:20.521302
2025-12-03,24395,BUF,PHI,30006342,Dominick Mersch,goals,rf_qrf_goals,0.3.0,empirical_qrf,0.0,0.0,0.0,,956481973529854621,2025-12-03 22:37:20.521302
2025-12-03,24395,PHI,BUF,30000050,Sean Couturier,goals,rf_qrf_goals,0.3.0,empirical_qrf,0.0,0.0,0.0,,956481973529854621,2025-12-03 22:37:20.521302
2025-12-03,24395,PHI,BUF,30000234,Garrett Wilson,goals,rf_qrf_goals,0.3.0,empirical_qrf,0.0,0.0,0.0,,956481973529854621,2025-12-03 22:37:20.521302
2025-12-03,24395,PHI,BUF,30000349,Travis Konecny,goals,rf_qrf_goals,0.3.0,empirical_qrf,0.4230079365079365,0.0,1.0,,956481973529854621,2025-12-03 22:37:20.521302
2025-12-03,24395,PHI,BUF,30000501,Nicolas Deslauriers,goals,rf_qrf_goals,0.3.0,empirical_qrf,0.0,0.0,0.0,,956481973529854621,2025-12-03 22:37:20.521302
2025-12-03,24395,BUF,PHI,30005793,Riley Fiddler-Schultz,goals,rf_qrf_goals,0.3.0,empirical_qrf,0.0,0.0,0.0,,956481973529854621,2025-12-03 22:37:20.521302
2025-12-03,24395,BUF,PHI,30006028,Jagger Joshua,goals,rf_qrf_goals,0.3.0,empirical_qrf,0.0,0.0,0.0,,956481973529854621,2025-12-03 22:37:20.521302
2025-12-03,24395,BUF,PHI,30006039,Aidan Fulp,goals,rf_qrf_goals,0.3.0,empirical_qrf,0.0,0.0,0.0,,956481973529854621,2025-12-03 22:37:20.521302
2025-12-03,24395,BUF,PHI,30006070,Zach Benson,goals,rf_qrf_goals,0.3.0,empirical_qrf,0.0,0.0,0.0,,956481973529854621,2025-12-03 22:37:20.521302
2025-12-03,24395,BUF,PHI,30006092,Anton Wahlberg,goals,rf_qrf_goals,0.3.0,empirical_qrf,0.0,0.0,0.0,,956481973529854621,2025-12-03 22:37:20.521302
2025-12-03,24395,BUF,PHI,30006340,Zach Metsa,goals,rf_qrf_goals,0.3.0,empirical_qrf,0.0016666666666666668,0.0,0.0,,956481973529854621,2025-12-03 22:37:20.521302
2025-12-03,24395,BUF,PHI,30005634,Noah Ostlund,goals,rf_qrf_goals,0.3.0,empirical_qrf,0.0016666666666666668,0.0,0.0,,956481973529854621,2025-12-03 22:37:20.521302
2025-12-03,24395,BUF,PHI,30005644,Jiri Kulich,goals,rf_qrf_goals,0.3.0,empirical_qrf,0.0,0.0,0.0,,956481973529854621,2025-12-03 22:37:20.521302
2025-12-03,24395,BUF,PHI,30005685,Viktor Neuchev,goals,rf_qrf_goals,0.3.0,empirical_qrf,0.0016666666666666668,0.0,0.0,,956481973529854621,2025-12-03 22:37:20.521302
2025-12-03,24395,BUF,PHI,30005730,Vsevolod Komarov,goals,rf_qrf_goals,0.3.0,empirical_qrf,0.0,0.0,0.0,,956481973529854621,2025-12-03 22:37:20.521302
2025-12-03,24395,BUF,PHI,30005764,Noah Laaouan,goals,rf_qrf_goals,0.3.0,empirical_qrf,0.0,0.0,0.0,,956481973529854621,2025-12-03 22:37:20.521302
2025-12-03,24395,BUF,PHI,30005767,Graham Slaggert,goals,rf_qrf_goals,0.3.0,empirical_qrf,0.0016666666666666668,0.0,0.0,,956481973529854621,2025-12-03 22:37:20.521302
2025-12-03,24395,BUF,PHI,30005017,Josh Doan,goals,rf_qrf_goals,0.3.0,empirical_qrf,0.0016666666666666668,0.0,0.0,,956481973529854621,2025-12-03 22:37:20.521302
2025-12-03,24395,BUF,PHI,30005067,Isaac Belliveau,goals,rf_qrf_goals,0.3.0,empirical_qrf,0.0,0.0,0.0,,956481973529854621,2025-12-03 22:37:20.521302
2025-12-03,24395,BUF,PHI,30005147,Tyson Kozak,goals,rf_qrf_goals,0.3.0,empirical_qrf,0.0,0.0,0.0,,956481973529854621,2025-12-03 22:37:20.521302
2025-12-03,24395,BUF,PHI,30005151,Olivier Nadeau,goals,rf_qrf_goals,0.3.0,empirical_qrf,0.0,0.0,0.0,,956481973529854621,2025-12-03 22:37:20.521302
2025-12-03,24395,BUF,PHI,30005441,Ryan Johnson,goals,rf_qrf_goals,0.3.0,empirical_qrf,0.0,0.0,0.0,,956481973529854621,2025-12-03 22:37:20.521302
2025-12-03,24395,BUF,PHI,30005445,Nikita Novikov,goals,rf_qrf_goals,0.3.0,empirical_qrf,0.0,0.0,0.0,,956481973529854621,2025-12-03 22:37:20.521302
2025-12-03,24395,BUF,PHI,30004923,Josh Dunne,goals,rf_qrf_goals,0.3.0,empirical_qrf,0.0,0.0,0.0,,956481973529854621,2025-12-03 22:37:20.521302
2025-12-03,24395,BUF,PHI,30004948,Carson Meyer,goals,rf_qrf_goals,0.3.0,empirical_qrf,0.0,0.0,0.0,,956481973529854621,2025-12-03 22:37:20.521302
2025-12-03,24395,BUF,PHI,30004956,Justin Danforth,goals,rf_qrf_goals,0.3.0,empirical_qrf,0.0,0.0,0.0,,956481973529854621,2025-12-03 22:37:20.521302
2025-12-03,24395,BUF,PHI,30004980,Owen Power,goals,rf_qrf_goals,0.3.0,empirical_qrf,0.0,0.0,0.0,,956481973529854621,2025-12-03 22:37:20.521302
2025-12-03,24395,BUF,PHI,30004981,Devon Levi,goals,rf_qrf_goals,0.3.0,empirical_qrf,0.0,0.0,0.0,,956481973529854621,2025-12-03 22:37:20.521302
2025-12-03,24395,BUF,PHI,30004982,Isak Rosen,goals,rf_qrf_goals,0.3.0,empirical_qrf,0.0,0.0,0.0,,956481973529854621,2025-12-03 22:37:20.521302
2025-12-03,24395,BUF,PHI,30004502,Peyton Krebs,goals,rf_qrf_goals,0.3.0,empirical_qrf,0.0,0.0,0.0,,956481973529854621,2025-12-03 22:37:20.521302
2025-12-03,24395,BUF,PHI,30004554,Zac Jones,goals,rf_qrf_goals,0.3.0,empirical_qrf,0.0,0.0,0.0,,956481973529854621,2025-12-03 22:37:20.521302
2025-12-03,24395,BUF,PHI,30004577,Colten Ellis,goals,rf_qrf_goals,0.3.0,empirical_qrf,0.0,0.0,0.0,,956481973529854621,2025-12-03 22:37:20.521302
2025-12-03,24395,BUF,PHI,30004670,Peter Tischke,goals,rf_qrf_goals,0.3.0,empirical_qrf,0.0,0.0,0.0,,956481973529854621,2025-12-03 22:37:20.521302
2025-12-03,24395,BUF,PHI,30004815,Jack Quinn,goals,rf_qrf_goals,0.3.0,empirical_qrf,0.0016666666666666668,0.0,0.0,,956481973529854621,2025-12-03 22:37:20.521302
2025-12-03,24395,BUF,PHI,30004854,Trevor Kuntar,goals,rf_qrf_goals,0.3.0,empirical_qrf,0.0,0.0,0.0,,956481973529854621,2025-12-03 22:37:20.521302
2025-12-03,24395,BUF,PHI,30004105,Mattias Samuelsson,goals,rf_qrf_goals,0.3.0,empirical_qrf,0.0,0.0,0.0,,956481973529854621,2025-12-03 22:37:20.521302
2025-12-03,24395,BUF,PHI,30004117,Ryan McLeod,goals,rf_qrf_goals,0.3.0,empirical_qrf,0.0,0.0,0.0,,956481973529854621,2025-12-03 22:37:20.521302
2025-12-03,24395,BUF,PHI,30004373,Michael Kesselring,goals,rf_qrf_goals,0.3.0,empirical_qrf,0.0,0.0,0.0,,956481973529854621,2025-12-03 22:37:20.521302
2025-12-03,24395,BUF,PHI,30004380,Jack Rathbone,goals,rf_qrf_goals,0.3.0,empirical_qrf,0.0,0.0,0.0,,956481973529854621,2025-12-03 22:37:20.521302
2025-12-03,24395,BUF,PHI,30004431,Jacob Bryson,goals,rf_qrf_goals,0.3.0,empirical_qrf,0.0,0.0,0.0,,956481973529854621,2025-12-03 22:37:20.521302
2025-12-03,24395,BUF,PHI,30004474,Bowen Byram,goals,rf_qrf_goals,0.3.0,empirical_qrf,0.0016666666666666668,0.0,0.0,,956481973529854621,2025-12-03 22:37:20.521302
2025-12-03,24395,BUF,PHI,30003221,Beck Malenstyn,goals,rf_qrf_goals,0.3.0,empirical_qrf,0.0016666666666666668,0.0,0.0,,956481973529854621,2025-12-03 22:37:20.521302
2025-12-03,24395,BUF,PHI,30003665,Josh Norris,goals,rf_qrf_goals,0.3.0,empirical_qrf,0.0013888888888888887,0.0,0.0,,956481973529854621,2025-12-03 22:37:20.521302
2025-12-03,24395,BUF,PHI,30003670,Conor Timmins,goals,rf_qrf_goals,0.3.0,empirical_qrf,0.0,0.0,0.0,,956481973529854621,2025-12-03 22:37:20.521302
2025-12-03,24395,BUF,PHI,30003673,Ukko-Pekka Luukkonen,goals,rf_qrf_goals,0.3.0,empirical_qrf,0.0,0.0,0.0,,956481973529854621,2025-12-03 22:37:20.521302
2025-12-03,24395,BUF,PHI,30003699,Jake Leschyshyn,goals,rf_qrf_goals,0.3.0,empirical_qrf,0.0,0.0,0.0,,956481973529854621,2025-12-03 22:37:20.521302
2025-12-03,24395,BUF,PHI,30003750,Rasmus Dahlin,goals,rf_qrf_goals,0.3.0,empirical_qrf,0.0,0.0,0.0,,956481973529854621,2025-12-03 22:37:20.521302
2025-12-03,24396,WPG,MON,30000060,Luke Schenn,goals,rf_qrf_goals,0.3.0,empirical_qrf,0.0,0.0,0.0,,956481973529854621,2025-12-03 22:37:20.521302
2025-12-03,24396,WPG,MON,30000153,Tanner Pearson,goals,rf_qrf_goals,0.3.0,empirical_qrf,0.0,0.0,0.0,,956481973529854621,2025-12-03 22:37:20.521302
2025-12-03,24396,WPG,MON,30000212,Colin Miller,goals,rf_qrf_goals,0.3.0,empirical_qrf,0.17754761904761904,0.0,0.6666666666666666,,956481973529854621,2025-12-03 22:37:20.521302
2025-12-03,24396,WPG,MON,30000371,Haydn Fleury,goals,rf_qrf_goals,0.3.0,empirical_qrf,0.15750396825396826,0.0,0.6666666666666666,,956481973529854621,2025-12-03 22:37:20.521302
2025-12-03,24396,WPG,MON,30000522,Nino Niederreiter,goals,rf_qrf_goals,0.3.0,empirical_qrf,0.0,0.0,0.0,,956481973529854621,2025-12-03 22:37:20.521302
2025-12-03,24396,WPG,MON,30000801,Connor Hellebuyck,goals,rf_qrf_goals,0.3.0,empirical_qrf,0.0,0.0,0.0,,956481973529854621,2025-12-03 22:37:20.521302
2025-12-03,24396,MON,WPG,30003687,Alexandre Texier,goals,rf_qrf_goals,0.3.0,empirical_qrf,0.0,0.0,0.0,,956481973529854621,2025-12-03 22:37:20.521302
2025-12-03,24396,MON,WPG,30005722,Adam Engstrom,goals,rf_qrf_goals,0.3.0,empirical_qrf,0.0,0.0,0.0,,956481973529854621,2025-12-03 22:37:20.521302
2025-12-03,24396,MON,WPG,30000670,Sammy Blais,goals,rf_qrf_goals,0.3.0,empirical_qrf,0.0,0.0,0.0,,956481973529854621,2025-12-03 22:37:20.521302
2025-12-03,24396,MON,WPG,30003901,Alex Belzile,goals,rf_qrf_goals,0.3.0,empirical_qrf,0.0,0.0,0.0,,956481973529854621,2025-12-03 22:37:20.521302
2025-12-03,24396,MON,WPG,30005656,Owen Beck,goals,rf_qrf_goals,0.3.0,empirical_qrf,0.0016666666666666668,0.0,0.0,,956481973529854621,2025-12-03 22:37:20.521302
2025-12-03,24396,MON,WPG,30005806,Jared Davidson,goals,rf_qrf_goals,0.3.0,empirical_qrf,0.0,0.0,0.0,,956481973529854621,2025-12-03 22:37:20.521302
2025-12-03,24396,MON,WPG,30006060,David Reinbacher,goals,rf_qrf_goals,0.3.0,empirical_qrf,0.0,0.0,0.0,,956481973529854621,2025-12-03 22:37:20.521302
2025-12-03,24396,MON,WPG,30006152,Florian Xhekaj,goals,rf_qrf_goals,0.3.0,empirical_qrf,0.0016666666666666668,0.0,0.0,,956481973529854621,2025-12-03 22:37:20.521302
2025-12-03,24396,MON,WPG,30006358,Israel Mianscum,goals,rf_qrf_goals,0.3.0,empirical_qrf,0.0,0.0,0.0,,956481973529854621,2025-12-03 22:37:20.521302
2025-12-03,24396,MON,WPG,30006485,Ivan Demidov,goals,rf_qrf_goals,0.3.0,empirical_qrf,0.0,0.0,0.0,,956481973529854621,2025-12-03 22:37:20.521302
2025-12-03,24396,MON,WPG,30005288,Ben Gaudreau,goals,rf_qrf_goals,0.3.0,empirical_qrf,0.0,0.0,0.0,,956481973529854621,2025-12-03 22:37:20.521302
2025-12-03,24396,MON,WPG,30005534,Jakub Dobes,goals,rf_qrf_goals,0.3.0,empirical_qrf,0.0,0.0,0.0,,956481973529854621,2025-12-03 22:37:20.521302
2025-12-03,24396,MON,WPG,30005574,Lucas Condotta,goals,rf_qrf_goals,0.3.0,empirical_qrf,0.0,0.0,0.0,,956481973529854621,2025-12-03 22:37:20.521302
2025-12-03,24396,MON,WPG,30005631,Juraj Slafkovsky,goals,rf_qrf_goals,0.3.0,empirical_qrf,0.0,0.0,0.0,,956481973529854621,2025-12-03 22:37:20.521302
2025-12-03,24396,MON,WPG,30005645,Filip Mesar,goals,rf_qrf_goals,0.3.0,empirical_qrf,0.0,0.0,0.0,,956481973529854621,2025-12-03 22:37:20.521302
2025-12-03,24396,MON,WPG,30005655,Lane Hutson,goals,rf_qrf_goals,0.3.0,empirical_qrf,0.0,0.0,0.0,,956481973529854621,2025-12-03 22:37:20.521302
2025-12-03,24396,MON,WPG,30005118,Tobie Paquette-Bisson,goals,rf_qrf_goals,0.3.0,empirical_qrf,0.0021666666666666666,0.0,0.0,,956481973529854621,2025-12-03 22:37:20.521302
2025-12-03,24396,MON,WPG,30005121,Joshua Roy,goals,rf_qrf_goals,0.3.0,empirical_qrf,0.0,0.0,0.0,,956481973529854621,2025-12-03 22:37:20.521302
2025-12-03,24396,MON,WPG,30005122,Xavier Simoneau,goals,rf_qrf_goals,0.3.0,empirical_qrf,0.0,0.0,0.0,,956481973529854621,2025-12-03 22:37:20.521302
2025-12-03,24396,MON,WPG,30005127,Joe Vrbetic,goals,rf_qrf_goals,0.3.0,empirical_qrf,0.0,0.0,0.0,,956481973529854621,2025-12-03 22:37:20.521302
2025-12-03,24396,MON,WPG,30005128,Arber Xhekaj,goals,rf_qrf_goals,0.3.0,empirical_qrf,0.0016666666666666668,0.0,0.0,,956481973529854621,2025-12-03 22:37:20.521302
2025-12-03,24396,MON,WPG,30005287,Gannon Laroque,goals,rf_qrf_goals,0.3.0,empirical_qrf,0.0,0.0,0.0,,956481973529854621,2025-12-03 22:37:20.521302
2025-12-03,24396,MON,WPG,30004894,Sean Farrell,goals,rf_qrf_goals,0.3.0,empirical_qrf,0.0016666666666666668,0.0,0.0,,956481973529854621,2025-12-03 22:37:20.521302
2025-12-03,24396,MON,WPG,30004928,Cole Caufield,goals,rf_qrf_goals,0.3.0,empirical_qrf,0.0,0.0,0.0,,956481973529854621,2025-12-03 22:37:20.521302
2025-12-03,24396,MON,WPG,30004950,Marc Del Gaizo,goals,rf_qrf_goals,0.3.0,empirical_qrf,0.0,0.0,0.0,,956481973529854621,2025-12-03 22:37:20.521302
2025-12-03,24396,MON,WPG,30004990,Zachary Bolduc,goals,rf_qrf_goals,0.3.0,empirical_qrf,0.0,0.0,0.0,,956481973529854621,2025-12-03 22:37:20.521302
2025-12-03,24396,MON,WPG,30005021,Oliver Kapanen,goals,rf_qrf_goals,0.3.0,empirical_qrf,0.0016666666666666668,0.0,0.0,,956481973529854621,2025-12-03 22:37:20.521302
2025-12-03,24396,MON,WPG,30005022,Riley Kidney,goals,rf_qrf_goals,0.3.0,empirical_qrf,0.0008333333333333334,0.0,0.0,,956481973529854621,2025-12-03 22:37:20.521302
2025-12-03,24396,MON,WPG,30004486,Alex Newhook,goals,rf_qrf_goals,0.3.0,empirical_qrf,0.0016666666666666668,0.0,0.0,,956481973529854621,2025-12-03 22:37:20.521302
2025-12-03,24396,MON,WPG,30004520,Hunter Jones,goals,rf_qrf_goals,0.3.0,empirical_qrf,0.0,0.0,0.0,,956481973529854621,2025-12-03 22:37:20.521302
2025-12-03,24396,MON,WPG,30004559,Jayden Struble,goals,rf_qrf_goals,0.3.0,empirical_qrf,0.0,0.0,0.0,,956481973529854621,2025-12-03 22:37:20.521302
2025-12-03,24396,MON,WPG,30004803,Kaiden Guhle,goals,rf_qrf_goals,0.3.0,empirical_qrf,0.0,0.0,0.0,,956481973529854621,2025-12-03 22:37:20.521302
2025-12-03,24396,MON,WPG,30004866,Ryan O'Rourke,goals,rf_qrf_goals,0.3.0,empirical_qrf,0.0,0.0,0.0,,956481973529854621,2025-12-03 22:37:20.521302
2025-12-03,24396,MON,WPG,30004876,Ty Smilanic,goals,rf_qrf_goals,0.3.0,empirical_qrf,0.0,0.0,0.0,,956481973529854621,2025-12-03 22:37:20.521302
2025-12-03,24396,MON,WPG,30004086,Noah Dobson,goals,rf_qrf_goals,0.3.0,empirical_qrf,0.0,0.0,0.0,,956481973529854621,2025-12-03 22:37:20.521302
2025-12-03,24396,MON,WPG,30004101,Joe Veleno,goals,rf_qrf_goals,0.3.0,empirical_qrf,0.0,0.0,0.0,,956481973529854621,2025-12-03 22:37:20.521302
2025-12-03,24396,MON,WPG,30004204,Wyatte Wylie,goals,rf_qrf_goals,0.3.0,empirical_qrf,0.0,0.0,0.0,,956481973529854621,2025-12-03 22:37:20.521302
2025-12-03,24396,MON,WPG,30004284,Kevin Mandolese,goals,rf_qrf_goals,0.3.0,empirical_qrf,0.0,0.0,0.0,,956481973529854621,2025-12-03 22:37:20.521302
2025-12-03,24396,MON,WPG,30004361,Josh Anderson,goals,rf_qrf_goals,0.3.0,empirical_qrf,0.0,0.0,0.0,,956481973529854621,2025-12-03 22:37:20.521302
2025-12-03,24396,MON,WPG,30004472,Kirby Dach,goals,rf_qrf_goals,0.3.0,empirical_qrf,0.0016666666666666668,0.0,0.0,,956481973529854621,2025-12-03 22:37:20.521302
2025-12-03,24396,MON,WPG,30002781,Sam Montembeault,goals,rf_qrf_goals,0.3.0,empirical_qrf,0.0,0.0,0.0,,956481973529854621,2025-12-03 22:37:20.521302
2025-12-03,24396,MON,WPG,30002825,Alexandre Carrier,goals,rf_qrf_goals,0.3.0,empirical_qrf,0.0016666666666666668,0.0,0.0,,956481973529854621,2025-12-03 22:37:20.521302
2025-12-03,24396,MON,WPG,30003131,Patrik Laine,goals,rf_qrf_goals,0.3.0,empirical_qrf,0.0,0.0,0.0,,956481973529854621,2025-12-03 22:37:20.521302
2025-12-03,24396,MON,WPG,30003667,Nick Suzuki,goals,rf_qrf_goals,0.3.0,empirical_qrf,0.0016666666666666668,0.0,0.0,,956481973529854621,2025-12-03 22:37:20.521302
2025-12-03,24396,MON,WPG,30003958,Nate Clurman,goals,rf_qrf_goals,0.3.0,empirical_qrf,0.0,0.0,0.0,,956481973529854621,2025-12-03 22:37:20.521302
2025-12-03,24396,MON,WPG,30003990,Jake Evans,goals,rf_qrf_goals,0.3.0,empirical_qrf,0.0,0.0,0.0,,956481973529854621,2025-12-03 22:37:20.521302
2025-12-03,24396,MON,WPG,30000015,Brendan Gallagher,goals,rf_qrf_goals,0.3.0,empirical_qrf,0.0,0.0,0.0,,956481973529854621,2025-12-03 22:37:20.521302
2025-12-03,24396,MON,WPG,30000227,Mike Matheson,goals,rf_qrf_goals,0.3.0,empirical_qrf,0.2749007936507936,0.0,0.8571428571428571,,956481973529854621,2025-12-03 22:37:20.521302
2025-12-03,24396,MON,WPG,30000555,Tyler Wotherspoon,goals,rf_qrf_goals,0.3.0,empirical_qrf,0.0,0.0,0.0,,956481973529854621,2025-12-03 22:37:20.521302
2025-12-03,24396,MON,WPG,30001395,Laurent Dauphin,goals,rf_qrf_goals,0.3.0,empirical_qrf,0.0,0.0,0.0,,956481973529854621,2025-12-03 22:37:20.521302
2025-12-03,24396,MON,WPG,30002601,Joshua Jacobs,goals,rf_qrf_goals,0.3.0,empirical_qrf,0.0,0.0,0.0,,956481973529854621,2025-12-03 22:37:20.521302
2025-12-03,24396,MON,WPG,30002663,Vincent Arseneau,goals,rf_qrf_goals,0.3.0,empirical_qrf,0.0,0.0,0.0,,956481973529854621,2025-12-03 22:37:20.521302
2025-12-03,24396,WPG,MON,30005851,Dominic DiVincentiis,goals,rf_qrf_goals,0.3.0,empirical_qrf,0.0,0.0,0.0,,956481973529854621,2025-12-03 22:37:20.521302
2025-12-03,24396,WPG,MON,30006030,Parker Ford,goals,rf_qrf_goals,0.3.0,empirical_qrf,0.0,0.0,0.0,,956481973529854621,2025-12-03 22:37:20.521302
2025-12-03,24396,WPG,MON,30006076,Brayden Yager,goals,rf_qrf_goals,0.3.0,empirical_qrf,0.0,0.0,0.0,,956481973529854621,2025-12-03 22:37:20.521302
2025-12-03,24396,WPG,MON,30006082,Colby Barlow,goals,rf_qrf_goals,0.3.0,empirical_qrf,0.0016666666666666668,0.0,0.0,,956481973529854621,2025-12-03 22:37:20.521302
2025-12-03,24396,WPG,MON,30006260,Jacob Julien,goals,rf_qrf_goals,0.3.0,empirical_qrf,0.0,0.0,0.0,,956481973529854621,2025-12-03 22:37:20.521302
2025-12-03,24396,WPG,MON,30006309,Ethan Frisch,goals,rf_qrf_goals,0.3.0,empirical_qrf,0.0,0.0,0.0,,956481973529854621,2025-12-03 22:37:20.521302
2025-12-03,24396,WPG,MON,30005343,Jaydon Dureau,goals,rf_qrf_goals,0.3.0,empirical_qrf,0.0,0.0,0.0,,956481973529854621,2025-12-03 22:37:20.521302
2025-12-03,24396,WPG,MON,30005647,Brad Lambert,goals,rf_qrf_goals,0.3.0,empirical_qrf,0.0,0.0,0.0,,956481973529854621,2025-12-03 22:37:20.521302
2025-12-03,24396,WPG,MON,30005668,Elias Salomonsson,goals,rf_qrf_goals,0.3.0,empirical_qrf,0.0,0.0,0.0,,956481973529854621,2025-12-03 22:37:20.521302
2025-12-03,24396,WPG,MON,30005684,Danil Zhilkin,goals,rf_qrf_goals,0.3.0,empirical_qrf,0.0,0.0,0.0,,956481973529854621,2025-12-03 22:37:20.521302
2025-12-03,24396,WPG,MON,30005716,Fabian Wagner,goals,rf_qrf_goals,0.3.0,empirical_qrf,0.0,0.0,0.0,,956481973529854621,2025-12-03 22:37:20.521302
2025-12-03,24396,WPG,MON,30005843,Thomas Milic,goals,rf_qrf_goals,0.3.0,empirical_qrf,0.0,0.0,0.0,,956481973529854621,2025-12-03 22:37:20.521302
2025-12-03,24396,WPG,MON,30004496,Ville Heinola,goals,rf_qrf_goals,0.3.0,empirical_qrf,0.0,0.0,0.0,,956481973529854621,2025-12-03 22:37:20.521302
2025-12-03,24396,WPG,MON,30004534,Samuel Fagemo,goals,rf_qrf_goals,0.3.0,empirical_qrf,0.0,0.0,0.0,,956481973529854621,2025-12-03 22:37:20.521302
2025-12-03,24396,WPG,MON,30004813,Cole Perfetti,goals,rf_qrf_goals,0.3.0,empirical_qrf,0.0,0.0,0.0,,956481973529854621,2025-12-03 22:37:20.521302
2025-12-03,24396,WPG,MON,30004943,Walker Duehr,goals,rf_qrf_goals,0.3.0,empirical_qrf,0.0016666666666666668,0.0,0.0,,956481973529854621,2025-12-03 22:37:20.521302
2025-12-03,24396,WPG,MON,30004945,Cole Koepke,goals,rf_qrf_goals,0.3.0,empirical_qrf,0.0016666666666666668,0.0,0.0,,956481973529854621,2025-12-03 22:37:20.521302
2025-12-03,24396,WPG,MON,30005036,Nikita Chibrikov,goals,rf_qrf_goals,0.3.0,empirical_qrf,0.0016666666666666668,0.0,0.0,,956481973529854621,2025-12-03 22:37:20.521302
2025-12-03,24396,WPG,MON,30003603,Neal Pionk,goals,rf_qrf_goals,0.3.0,empirical_qrf,0.0016666666666666668,0.0,0.0,,956481973529854621,2025-12-03 22:37:20.521302
2025-12-03,24396,WPG,MON,30003664,Gabriel Vilardi,goals,rf_qrf_goals,0.3.0,empirical_qrf,0.0,0.0,0.0,,956481973529854621,2025-12-03 22:37:20.521302
2025-12-03,24396,WPG,MON,30003691,Dylan Samberg,goals,rf_qrf_goals,0.3.0,empirical_qrf,0.0,0.0,0.0,,956481973529854621,2025-12-03 22:37:20.521302
2025-12-03,24396,WPG,MON,30003692,Jaret Anderson-Dolan,goals,rf_qrf_goals,0.3.0,empirical_qrf,0.0,0.0,0.0,,956481973529854621,2025-12-03 22:37:20.521302
2025-12-03,24396,WPG,MON,30004110,David Gustafsson,goals,rf_qrf_goals,0.3.0,empirical_qrf,0.0,0.0,0.0,,956481973529854621,2025-12-03 22:37:20.521302
2025-12-03,24396,WPG,MON,30004389,Morgan Barron,goals,rf_qrf_goals,0.3.0,empirical_qrf,0.0016666666666666668,0.0,0.0,,956481973529854621,2025-12-03 22:37:20.521302
2025-12-03,24396,WPG,MON,30001070,Adam Lowry,goals,rf_qrf_goals,0.3.0,empirical_qrf,0.0,0.0,0.0,,956481973529854621,2025-12-03 22:37:20.521302
2025-12-03,24396,WPG,MON,30001224,Dylan DeMelo,goals,rf_qrf_goals,0.3.0,empirical_qrf,0.0,0.0,0.0,,956481973529854621,2025-12-03 22:37:20.521302
2025-12-03,24396,WPG,MON,30002772,Kyle Connor,goals,rf_qrf_goals,0.3.0,empirical_qrf,0.0,0.0,0.0,,956481973529854621,2025-12-03 22:37:20.521302
2025-12-03,24396,WPG,MON,30003148,Logan Stanley,goals,rf_qrf_goals,0.3.0,empirical_qrf,0.0,0.0,0.0,,956481973529854621,2025-12-03 22:37:20.521302
2025-12-03,24396,WPG,MON,30003172,Kale Clague,goals,rf_qrf_goals,0.3.0,empirical_qrf,0.0,0.0,0.0,,956481973529854621,2025-12-03 22:37:20.521302
2025-12-03,24396,WPG,MON,30003588,Alex Iafallo,goals,rf_qrf_goals,0.3.0,empirical_qrf,0.0016666666666666668,0.0,0.0,,956481973529854621,2025-12-03 22:37:20.521302
2025-12-03,24396,WPG,MON,30000826,Josh Morrissey,goals,rf_qrf_goals,0.3.0,empirical_qrf,0.0,0.0,0.0,,956481973529854621,2025-12-03 22:37:20.521302
2025-12-03,24396,WPG,MON,30000830,Mark Scheifele,goals,rf_qrf_goals,0.3.0,empirical_qrf,0.0,0.0,0.0,,956481973529854621,2025-12-03 22:37:20.521302
2025-12-03,24396,WPG,MON,30000872,Jonathan Toews,goals,rf_qrf_goals,0.3.0,empirical_qrf,0.0,0.0,0.0,,956481973529854621,2025-12-03 22:37:20.521302
2025-12-03,24396,WPG,MON,30001036,Gustav Nyquist,goals,rf_qrf_goals,0.3.0,empirical_qrf,0.0016666666666666668,0.0,0.0,,956481973529854621,2025-12-03 22:37:20.521302
2025-12-03,24396,WPG,MON,30001050,Vladislav Namestnikov,goals,rf_qrf_goals,0.3.0,empirical_qrf,0.0016666666666666668,0.0,0.0,,956481973529854621,2025-12-03 22:37:20.521302
2025-12-03,24396,WPG,MON,30001061,Eric Comrie,goals,rf_qrf_goals,0.3.0,empirical_qrf,0.0,0.0,0.0,,956481973529854621,2025-12-03 22:37:20.521302
2025-12-03,24397,UTA,ANA,30000229,Lawson Crouse,goals,rf_qrf_goals,0.3.0,empirical_qrf,0.36341865079365077,0.0,1.0,,956481973529854621,2025-12-03 22:37:20.521302
2025-12-03,24397,UTA,ANA,30000593,Liam O'Brien,goals,rf_qrf_goals,0.3.0,empirical_qrf,0.0,0.0,0.0,,956481973529854621,2025-12-03 22:37:20.521302
2025-12-03,24397,UTA,ANA,30000594,Nate Schmidt,goals,rf_qrf_goals,0.3.0,empirical_qrf,0.0,0.0,0.0,,956481973529854621,2025-12-03 22:37:20.521302
2025-12-03,24397,UTA,ANA,30000650,Ian Cole,goals,rf_qrf_goals,0.3.0,empirical_qrf,0.0,0.0,0.0,,956481973529854621,2025-12-03 22:37:20.521302
2025-12-03,24397,UTA,ANA,30000659,Olli Määttä,goals,rf_qrf_goals,0.3.0,empirical_qrf,0.0,0.0,0.0,,956481973529854621,2025-12-03 22:37:20.521302
2025-12-03,24397,UTA,ANA,30001104,Robbie Russo,goals,rf_qrf_goals,0.3.0,empirical_qrf,0.0,0.0,0.0,,956481973529854621,2025-12-03 22:37:20.521302
2025-12-03,24397,ANA,UTA,30005940,Vyacheslav Buteyets,goals,rf_qrf_goals,0.3.0,empirical_qrf,0.0,0.0,0.0,,956481973529854621,2025-12-03 22:37:20.521302
2025-12-03,24397,UTA,ANA,30006086,Daniil But,goals,rf_qrf_goals,0.3.0,empirical_qrf,0.0,0.0,0.0,,956481973529854621,2025-12-03 22:37:20.521302
2025-12-03,24397,UTA,ANA,30005650,Maveric Lamoureux,goals,rf_qrf_goals,0.3.0,empirical_qrf,0.0,0.0,0.0,,956481973529854621,2025-12-03 22:37:20.521302
2025-12-03,24397,UTA,ANA,30003424,Kevin Rooney,goals,rf_qrf_goals,0.3.0,empirical_qrf,0.0016666666666666668,0.0,0.0,,956481973529854621,2025-12-03 22:37:20.521302
2025-12-03,24397,ANA,UTA,30006129,Coulson Pitre,goals,rf_qrf_goals,0.3.0,empirical_qrf,0.0,0.0,0.0,,956481973529854621,2025-12-03 22:37:20.521302
2025-12-03,24397,ANA,UTA,30006161,Yegor Sidorov,goals,rf_qrf_goals,0.3.0,empirical_qrf,0.0016666666666666668,0.0,0.0,,956481973529854621,2025-12-03 22:37:20.521302
2025-12-03,24397,ANA,UTA,30006162,Konnor Smith,goals,rf_qrf_goals,0.3.0,empirical_qrf,0.0,0.0,0.0,,956481973529854621,2025-12-03 22:37:20.521302
2025-12-03,24397,ANA,UTA,30006310,Roman Kinal,goals,rf_qrf_goals,0.3.0,empirical_qrf,0.0,0.0,0.0,,956481973529854621,2025-12-03 22:37:20.521302
2025-12-03,24397,ANA,UTA,30006353,Easton Armstrong,goals,rf_qrf_goals,0.3.0,empirical_qrf,0.0,0.0,0.0,,956481973529854621,2025-12-03 22:37:20.521302
2025-12-03,24397,ANA,UTA,30006483,Beckett Sennecke,goals,rf_qrf_goals,0.3.0,empirical_qrf,0.0016666666666666668,0.0,0.0,,956481973529854621,2025-12-03 22:37:20.521302
2025-12-03,24397,ANA,UTA,30005678,Tristan Luneau,goals,rf_qrf_goals,0.3.0,empirical_qrf,0.0,0.0,0.0,,956481973529854621,2025-12-03 22:37:20.521302
2025-12-03,24397,ANA,UTA,30005945,Tomas Suchanek,goals,rf_qrf_goals,0.3.0,empirical_qrf,0.0,0.0,0.0,,956481973529854621,2025-12-03 22:37:20.521302
2025-12-03,24397,ANA,UTA,30006016,Jaxsen Wiebe,goals,rf_qrf_goals,0.3.0,empirical_qrf,0.0,0.0,0.0,,956481973529854621,2025-12-03 22:37:20.521302
2025-12-03,24397,ANA,UTA,30006017,Nikita Nesterenko,goals,rf_qrf_goals,0.3.0,empirical_qrf,0.0,0.0,0.0,,956481973529854621,2025-12-03 22:37:20.521302
2025-12-03,24397,ANA,UTA,30006069,Leo Carlsson,goals,rf_qrf_goals,0.3.0,empirical_qrf,0.0,0.0,0.0,,956481973529854621,2025-12-03 22:37:20.521302
2025-12-03,24397,ANA,UTA,30006117,Nico Myatovic,goals,rf_qrf_goals,0.3.0,empirical_qrf,0.0016666666666666668,0.0,0.0,,956481973529854621,2025-12-03 22:37:20.521302
2025-12-03,24397,ANA,UTA,30005275,Tyson Hinds,goals,rf_qrf_goals,0.3.0,empirical_qrf,0.0016666666666666668,0.0,0.0,,956481973529854621,2025-12-03 22:37:20.521302
2025-12-03,24397,ANA,UTA,30005285,Jeremie Biakabutuka,goals,rf_qrf_goals,0.3.0,empirical_qrf,0.0,0.0,0.0,,956481973529854621,2025-12-03 22:37:20.521302
2025-12-03,24397,ANA,UTA,30005615,Pavel Mintyukov,goals,rf_qrf_goals,0.3.0,empirical_qrf,0.0016666666666666668,0.0,0.0,,956481973529854621,2025-12-03 22:37:20.521302
2025-12-03,24397,ANA,UTA,30005620,Cutter Gauthier,goals,rf_qrf_goals,0.3.0,empirical_qrf,0.0,0.0,0.0,,956481973529854621,2025-12-03 22:37:20.521302
2025-12-03,24397,ANA,UTA,30005643,Nathan Gaucher,goals,rf_qrf_goals,0.3.0,empirical_qrf,0.0021666666666666666,0.0,0.0,,956481973529854621,2025-12-03 22:37:20.521302
2025-12-03,24397,ANA,UTA,30005677,Noah Warren,goals,rf_qrf_goals,0.3.0,empirical_qrf,0.0,0.0,0.0,,956481973529854621,2025-12-03 22:37:20.521302
2025-12-03,24397,ANA,UTA,30004829,Sam Colangelo,goals,rf_qrf_goals,0.3.0,empirical_qrf,0.0016666666666666668,0.0,0.0,,956481973529854621,2025-12-03 22:37:20.521302
2025-12-03,24397,ANA,UTA,30004861,Ian Moore,goals,rf_qrf_goals,0.3.0,empirical_qrf,0.0,0.0,0.0,,956481973529854621,2025-12-03 22:37:20.521302
2025-12-03,24397,ANA,UTA,30004997,Mason McTavish,goals,rf_qrf_goals,0.3.0,empirical_qrf,0.0016666666666666668,0.0,0.0,,956481973529854621,2025-12-03 22:37:20.521302
2025-12-03,24397,ANA,UTA,30005018,Olen Zellweger,goals,rf_qrf_goals,0.3.0,empirical_qrf,0.0,0.0,0.0,,956481973529854621,2025-12-03 22:37:20.521302
2025-12-03,24397,ANA,UTA,30005051,Sasha Pastujov,goals,rf_qrf_goals,0.3.0,empirical_qrf,0.0,0.0,0.0,,956481973529854621,2025-12-03 22:37:20.521302
2025-12-03,24397,ANA,UTA,30005095,Davis Codd,goals,rf_qrf_goals,0.3.0,empirical_qrf,0.0,0.0,0.0,,956481973529854621,2025-12-03 22:37:20.521302
2025-12-03,24397,ANA,UTA,30003948,David Cotton,goals,rf_qrf_goals,0.3.0,empirical_qrf,0.0,0.0,0.0,,956481973529854621,2025-12-03 22:37:20.521302
2025-12-03,24397,ANA,UTA,30004160,Lukas Dostal,goals,rf_qrf_goals,0.3.0,empirical_qrf,0.0,0.0,0.0,,956481973529854621,2025-12-03 22:37:20.521302
2025-12-03,24397,ANA,UTA,30004512,Drew Helleson,goals,rf_qrf_goals,0.3.0,empirical_qrf,0.0016666666666666668,0.0,0.0,,956481973529854621,2025-12-03 22:37:20.521302
2025-12-03,24397,ANA,UTA,30004526,Jackson LaCombe,goals,rf_qrf_goals,0.3.0,empirical_qrf,0.0,0.0,0.0,,956481973529854621,2025-12-03 22:37:20.521302
2025-12-03,24397,ANA,UTA,30004550,Judd Caulfield,goals,rf_qrf_goals,0.3.0,empirical_qrf,0.0,0.0,0.0,,956481973529854621,2025-12-03 22:37:20.521302
2025-12-03,24397,ANA,UTA,30004828,Calle Clang,goals,rf_qrf_goals,0.3.0,empirical_qrf,0.0,0.0,0.0,,956481973529854621,2025-12-03 22:37:20.521302
2025-12-03,24397,ANA,UTA,30002773,Jansen Harkins,goals,rf_qrf_goals,0.3.0,empirical_qrf,0.0,0.0,0.0,,956481973529854621,2025-12-03 22:37:20.521302
2025-12-03,24397,ANA,UTA,30002864,Nikolas Brouillard,goals,rf_qrf_goals,0.3.0,empirical_qrf,0.0,0.0,0.0,,956481973529854621,2025-12-03 22:37:20.521302
2025-12-03,24397,ANA,UTA,30003197,Carsen Twarynski,goals,rf_qrf_goals,0.3.0,empirical_qrf,0.0,0.0,0.0,,956481973529854621,2025-12-03 22:37:20.521302
2025-12-03,24397,ANA,UTA,30003475,Matthew Phillips,goals,rf_qrf_goals,0.3.0,empirical_qrf,0.004166666666666667,0.0,0.0,,956481973529854621,2025-12-03 22:37:20.521302
2025-12-03,24397,ANA,UTA,30003650,Ryan Poehling,goals,rf_qrf_goals,0.3.0,empirical_qrf,0.0,0.0,0.0,,956481973529854621,2025-12-03 22:37:20.521302
2025-12-03,24397,ANA,UTA,30003747,Troy Terry,goals,rf_qrf_goals,0.3.0,empirical_qrf,0.0,0.0,0.0,,956481973529854621,2025-12-03 22:37:20.521302
2025-12-03,24397,ANA,UTA,30000834,Jacob Trouba,goals,rf_qrf_goals,0.3.0,empirical_qrf,0.0,0.0,0.0,,956481973529854621,2025-12-03 22:37:20.521302
2025-12-03,24397,ANA,UTA,30000998,Ross Johnston,goals,rf_qrf_goals,0.3.0,empirical_qrf,0.0021666666666666666,0.0,0.0,,956481973529854621,2025-12-03 22:37:20.521302
2025-12-03,24397,ANA,UTA,30001005,Ryan Strome,goals,rf_qrf_goals,0.3.0,empirical_qrf,0.0016666666666666668,0.0,0.0,,956481973529854621,2025-12-03 22:37:20.521302
2025-12-03,24397,ANA,UTA,30001009,Petr Mrazek,goals,rf_qrf_goals,0.3.0,empirical_qrf,0.0,0.0,0.0,,956481973529854621,2025-12-03 22:37:20.521302
2025-12-03,24397,ANA,UTA,30002528,Tyrell Goulbourne,goals,rf_qrf_goals,0.3.0,empirical_qrf,0.0,0.0,0.0,,956481973529854621,2025-12-03 22:37:20.521302
2025-12-03,24397,ANA,UTA,30002760,Ville Husso,goals,rf_qrf_goals,0.3.0,empirical_qrf,0.0,0.0,0.0,,956481973529854621,2025-12-03 22:37:20.521302
2025-12-03,24397,ANA,UTA,30000269,Radko Gudas,goals,rf_qrf_goals,0.3.0,empirical_qrf,0.2750410052910053,0.0,0.8763888888888892,,956481973529854621,2025-12-03 22:37:20.521302
2025-12-03,24397,ANA,UTA,30000320,Chris Kreider,goals,rf_qrf_goals,0.3.0,empirical_qrf,0.2046388888888889,0.0,0.6666666666666666,,956481973529854621,2025-12-03 22:37:20.521302
2025-12-03,24397,ANA,UTA,30000509,Justin Bailey,goals,rf_qrf_goals,0.3.0,empirical_qrf,0.0,0.0,0.0,,956481973529854621,2025-12-03 22:37:20.521302
2025-12-03,24397,ANA,UTA,30000515,Mikael Granlund,goals,rf_qrf_goals,0.3.0,empirical_qrf,0.2000138888888889,0.0,0.75,,956481973529854621,2025-12-03 22:37:20.521302
2025-12-03,24397,ANA,UTA,30000609,Frank Vatrano,goals,rf_qrf_goals,0.3.0,empirical_qrf,0.0,0.0,0.0,,956481973529854621,2025-12-03 22:37:20.521302
2025-12-03,24397,ANA,UTA,30000739,Alex Killorn,goals,rf_qrf_goals,0.3.0,empirical_qrf,0.0,0.0,0.0,,956481973529854621,2025-12-03 22:37:20.521302
2025-12-03,24397,UTA,ANA,30004623,Ben McCartney,goals,rf_qrf_goals,0.3.0,empirical_qrf,0.0,0.0,0.0,,956481973529854621,2025-12-03 22:37:20.521302
2025-12-03,24397,UTA,ANA,30004867,JJ Peterka,goals,rf_qrf_goals,0.3.0,empirical_qrf,0.0,0.0,0.0,,956481973529854621,2025-12-03 22:37:20.521302
2025-12-03,24397,UTA,ANA,30004957,Karel Vejmelka,goals,rf_qrf_goals,0.3.0,empirical_qrf,0.0,0.0,0.0,,956481973529854621,2025-12-03 22:37:20.521302
2025-12-03,24397,UTA,ANA,30004996,Dylan Guenther,goals,rf_qrf_goals,0.3.0,empirical_qrf,0.005333333333333333,0.0,0.0,,956481973529854621,2025-12-03 22:37:20.521302
2025-12-03,24397,UTA,ANA,30005567,Jaxson Stauber,goals,rf_qrf_goals,0.3.0,empirical_qrf,0.0,0.0,0.0,,956481973529854621,2025-12-03 22:37:20.521302
2025-12-03,24397,UTA,ANA,30005614,Logan Cooley,goals,rf_qrf_goals,0.3.0,empirical_qrf,0.0016666666666666668,0.0,0.0,,956481973529854621,2025-12-03 22:37:20.521302
2025-12-03,24397,UTA,ANA,30003988,Cameron Hebig,goals,rf_qrf_goals,0.3.0,empirical_qrf,0.0021666666666666666,0.0,0.0,,956481973529854621,2025-12-03 22:37:20.521302
2025-12-03,24397,UTA,ANA,30004078,Barrett Hayton,goals,rf_qrf_goals,0.3.0,empirical_qrf,0.0,0.0,0.0,,956481973529854621,2025-12-03 22:37:20.521302
2025-12-03,24397,UTA,ANA,30004113,Jack McBain,goals,rf_qrf_goals,0.3.0,empirical_qrf,0.0,0.0,0.0,,956481973529854621,2025-12-03 22:37:20.521302
2025-12-03,24397,UTA,ANA,30004141,Sean Durzi,goals,rf_qrf_goals,0.3.0,empirical_qrf,0.0,0.0,0.0,,956481973529854621,2025-12-03 22:37:20.521302
2025-12-03,24397,UTA,ANA,30004170,Scott Perunovich,goals,rf_qrf_goals,0.3.0,empirical_qrf,0.0,0.0,0.0,,956481973529854621,2025-12-03 22:37:20.521302
2025-12-03,24397,UTA,ANA,30004585,John Marino,goals,rf_qrf_goals,0.3.0,empirical_qrf,0.0,0.0,0.0,,956481973529854621,2025-12-03 22:37:20.521302
2025-12-03,24397,UTA,ANA,30003235,Michael Carcone,goals,rf_qrf_goals,0.3.0,empirical_qrf,0.0,0.0,0.0,,956481973529854621,2025-12-03 22:37:20.521302
2025-12-03,24397,UTA,ANA,30003572,Nick DeSimone,goals,rf_qrf_goals,0.3.0,empirical_qrf,0.0,0.0,0.0,,956481973529854621,2025-12-03 22:37:20.521302
2025-12-03,24397,UTA,ANA,30003662,Juuso Valimaki,goals,rf_qrf_goals,0.3.0,empirical_qrf,0.0,0.0,0.0,,956481973529854621,2025-12-03 22:37:20.521302
2025-12-03,24397,UTA,ANA,30003663,Kailer Yamamoto,goals,rf_qrf_goals,0.3.0,empirical_qrf,0.0016666666666666668,0.0,0.0,,956481973529854621,2025-12-03 22:37:20.521302
2025-12-03,24397,UTA,ANA,30003723,Matt Villalta,goals,rf_qrf_goals,0.3.0,empirical_qrf,0.0,0.0,0.0,,956481973529854621,2025-12-03 22:37:20.521302
2025-12-03,24397,UTA,ANA,30003753,Alexander Kerfoot,goals,rf_qrf_goals,0.3.0,empirical_qrf,0.0,0.0,0.0,,956481973529854621,2025-12-03 22:37:20.521302
2025-12-03,24397,UTA,ANA,30002583,Nick Schmaltz,goals,rf_qrf_goals,0.3.0,empirical_qrf,0.0,0.0,0.0,,956481973529854621,2025-12-03 22:37:20.521302
2025-12-03,24397,UTA,ANA,30002600,Vitek Vanecek,goals,rf_qrf_goals,0.3.0,empirical_qrf,0.0,0.0,0.0,,956481973529854621,2025-12-03 22:37:20.521302
2025-12-03,24397,UTA,ANA,30002841,Kevin Stenlund,goals,rf_qrf_goals,0.3.0,empirical_qrf,0.0016666666666666668,0.0,0.0,,956481973529854621,2025-12-03 22:37:20.521302
2025-12-03,24397,UTA,ANA,30003053,Brandon Tanev,goals,rf_qrf_goals,0.3.0,empirical_qrf,0.0016666666666666668,0.0,0.0,,956481973529854621,2025-12-03 22:37:20.521302
2025-12-03,24397,UTA,ANA,30003137,Mikhail Sergachev,goals,rf_qrf_goals,0.3.0,empirical_qrf,0.0016666666666666668,0.0,0.0,,956481973529854621,2025-12-03 22:37:20.521302
2025-12-03,24397,UTA,ANA,30003141,Clayton Keller,goals,rf_qrf_goals,0.3.0,empirical_qrf,0.0,0.0,0.0,,956481973529854621,2025-12-03 22:37:20.521302
2025-12-03,24398,WAS,SJ,30000330,Dylan McIlrath,goals,rf_qrf_goals,0.3.0,empirical_qrf,0.0,0.0,0.0,,956481973529854621,2025-12-03 22:37:20.521302
2025-12-03,24398,WAS,SJ,30000341,Anthony Beauvillier,goals,rf_qrf_goals,0.3.0,empirical_qrf,0.11357936507936506,0.0,0.5,,956481973529854621,2025-12-03 22:37:20.521302
2025-12-03,24398,WAS,SJ,30000375,Tom Wilson,goals,rf_qrf_goals,0.3.0,empirical_qrf,0.20924206349206348,0.0,0.75,,956481973529854621,2025-12-03 22:37:20.521302
2025-12-03,24398,WAS,SJ,30000378,Alex Ovechkin,goals,rf_qrf_goals,0.3.0,empirical_qrf,0.12246626984126986,0.0,0.5,,956481973529854621,2025-12-03 22:37:20.521302
2025-12-03,24398,WAS,SJ,30000385,Aaron Ness,goals,rf_qrf_goals,0.3.0,empirical_qrf,0.0,0.0,0.0,,956481973529854621,2025-12-03 22:37:20.521302
2025-12-03,24398,WAS,SJ,30000429,Sonny Milano,goals,rf_qrf_goals,0.3.0,empirical_qrf,0.005333333333333333,0.0,0.0,,956481973529854621,2025-12-03 22:37:20.521302
2025-12-03,24398,SJ,WAS,30006189,Luca Cagnoni,goals,rf_qrf_goals,0.3.0,empirical_qrf,0.0,0.0,0.0,,956481973529854621,2025-12-03 22:37:20.521302
2025-12-03,24398,SJ,WAS,30006307,Anthony Vincent,goals,rf_qrf_goals,0.3.0,empirical_qrf,0.0,0.0,0.0,,956481973529854621,2025-12-03 22:37:20.521302
2025-12-03,24398,SJ,WAS,30006468,Collin Graf,goals,rf_qrf_goals,0.3.0,empirical_qrf,0.0,0.0,0.0,,956481973529854621,2025-12-03 22:37:20.521302
2025-12-03,24398,SJ,WAS,30006484,Sam Dickinson,goals,rf_qrf_goals,0.3.0,empirical_qrf,0.0,0.0,0.0,,956481973529854621,2025-12-03 22:37:20.521302
2025-12-03,24398,SJ,WAS,30006491,Macklin Celebrini,goals,rf_qrf_goals,0.3.0,empirical_qrf,0.0016666666666666668,0.0,0.0,,956481973529854621,2025-12-03 22:37:20.521302
2025-12-03,24398,WAS,SJ,30004910,Bogdan Trineyev,goals,rf_qrf_goals,0.3.0,empirical_qrf,0.0016666666666666668,0.0,0.0,,956481973529854621,2025-12-03 22:37:20.521302
2025-12-03,24398,SJ,WAS,30005752,Patrick Giles,goals,rf_qrf_goals,0.3.0,empirical_qrf,0.0,0.0,0.0,,956481973529854621,2025-12-03 22:37:20.521302
2025-12-03,24398,SJ,WAS,30005839,Jake Furlong,goals,rf_qrf_goals,0.3.0,empirical_qrf,0.0,0.0,0.0,,956481973529854621,2025-12-03 22:37:20.521302
2025-12-03,24398,SJ,WAS,30006008,Nolan Burke,goals,rf_qrf_goals,0.3.0,empirical_qrf,0.0,0.0,0.0,,956481973529854621,2025-12-03 22:37:20.521302
2025-12-03,24398,SJ,WAS,30006066,Will Smith,goals,rf_qrf_goals,0.3.0,empirical_qrf,0.0016666666666666668,0.0,0.0,,956481973529854621,2025-12-03 22:37:20.521302
2025-12-03,24398,SJ,WAS,30006085,Quentin Musty,goals,rf_qrf_goals,0.3.0,empirical_qrf,0.0,0.0,0.0,,956481973529854621,2025-12-03 22:37:20.521302
2025-12-03,24398,SJ,WAS,30006114,Kasper Halttunen,goals,rf_qrf_goals,0.3.0,empirical_qrf,0.0,0.0,0.0,,956481973529854621,2025-12-03 22:37:20.521302
2025-12-03,24398,SJ,WAS,30005031,Vincent Iorio,goals,rf_qrf_goals,0.3.0,empirical_qrf,0.0,0.0,0.0,,956481973529854621,2025-12-03 22:37:20.521302
2025-12-03,24398,SJ,WAS,30005081,Cole Clayton,goals,rf_qrf_goals,0.3.0,empirical_qrf,0.0016666666666666668,0.0,0.0,,956481973529854621,2025-12-03 22:37:20.521302
2025-12-03,24398,SJ,WAS,30005207,Ethan Cardwell,goals,rf_qrf_goals,0.3.0,empirical_qrf,0.0013888888888888887,0.0,0.0,,956481973529854621,2025-12-03 22:37:20.521302
2025-12-03,24398,SJ,WAS,30005602,Pavol Regenda,goals,rf_qrf_goals,0.3.0,empirical_qrf,0.0016666666666666668,0.0,0.0,,956481973529854621,2025-12-03 22:37:20.521302
2025-12-03,24398,SJ,WAS,30005628,Yaroslav Askarov,goals,rf_qrf_goals,0.3.0,empirical_qrf,0.0,0.0,0.0,,956481973529854621,2025-12-03 22:37:20.521302
2025-12-03,24398,SJ,WAS,30005649,Filip Bystedt,goals,rf_qrf_goals,0.3.0,empirical_qrf,0.0,0.0,0.0,,956481973529854621,2025-12-03 22:37:20.521302
2025-12-03,24398,SJ,WAS,30004136,Jakub Skarek,goals,rf_qrf_goals,0.3.0,empirical_qrf,0.0,0.0,0.0,,956481973529854621,2025-12-03 22:37:20.521302
2025-12-03,24398,SJ,WAS,30004392,Jimmy Huntington,goals,rf_qrf_goals,0.3.0,empirical_qrf,0.0,0.0,0.0,,956481973529854621,2025-12-03 22:37:20.521302
2025-12-03,24398,SJ,WAS,30004654,Beck Warm,goals,rf_qrf_goals,0.3.0,empirical_qrf,0.0,0.0,0.0,,956481973529854621,2025-12-03 22:37:20.521302
2025-12-03,24398,SJ,WAS,30004811,Shakir Mukhamadullin,goals,rf_qrf_goals,0.3.0,empirical_qrf,0.0,0.0,0.0,,956481973529854621,2025-12-03 22:37:20.521302
2025-12-03,24398,SJ,WAS,30004995,William Eklund,goals,rf_qrf_goals,0.3.0,empirical_qrf,0.0016666666666666668,0.0,0.0,,956481973529854621,2025-12-03 22:37:20.521302
2025-12-03,24398,SJ,WAS,30005013,Zack Ostapchuk,goals,rf_qrf_goals,0.3.0,empirical_qrf,0.0,0.0,0.0,,956481973529854621,2025-12-03 22:37:20.521302
2025-12-03,24398,SJ,WAS,30003651,Shane Bowers,goals,rf_qrf_goals,0.3.0,empirical_qrf,0.0,0.0,0.0,,956481973529854621,2025-12-03 22:37:20.521302
2025-12-03,24398,SJ,WAS,30003693,Mario Ferraro,goals,rf_qrf_goals,0.3.0,empirical_qrf,0.0,0.0,0.0,,956481973529854621,2025-12-03 22:37:20.521302
2025-12-03,24398,SJ,WAS,30003937,Vincent Desharnais,goals,rf_qrf_goals,0.3.0,empirical_qrf,0.0,0.0,0.0,,956481973529854621,2025-12-03 22:37:20.521302
2025-12-03,24398,SJ,WAS,30003989,Adam Gaudette,goals,rf_qrf_goals,0.3.0,empirical_qrf,0.0,0.0,0.0,,956481973529854621,2025-12-03 22:37:20.521302
2025-12-03,24398,SJ,WAS,30004092,Ty Dellandrea,goals,rf_qrf_goals,0.3.0,empirical_qrf,0.0,0.0,0.0,,956481973529854621,2025-12-03 22:37:20.521302
2025-12-03,24398,SJ,WAS,30004123,Philipp Kurashev,goals,rf_qrf_goals,0.3.0,empirical_qrf,0.0,0.0,0.0,,956481973529854621,2025-12-03 22:37:20.521302
2025-12-03,24398,SJ,WAS,30000754,John Klingberg,goals,rf_qrf_goals,0.3.0,empirical_qrf,0.0021666666666666666,0.0,0.0,,956481973529854621,2025-12-03 22:37:20.521302
2025-12-03,24398,SJ,WAS,30000914,Barclay Goodrow,goals,rf_qrf_goals,0.3.0,empirical_qrf,0.0021666666666666666,0.0,0.0,,956481973529854621,2025-12-03 22:37:20.521302
2025-12-03,24398,SJ,WAS,30001301,Ryan Reaves,goals,rf_qrf_goals,0.3.0,empirical_qrf,0.0,0.0,0.0,,956481973529854621,2025-12-03 22:37:20.521302
2025-12-03,24398,SJ,WAS,30002590,Alex Nedeljkovic,goals,rf_qrf_goals,0.3.0,empirical_qrf,0.0,0.0,0.0,,956481973529854621,2025-12-03 22:37:20.521302
2025-12-03,24398,SJ,WAS,30002693,Aaron Dell,goals,rf_qrf_goals,0.3.0,empirical_qrf,0.0,0.0,0.0,,956481973529854621,2025-12-03 22:37:20.521302
2025-12-03,24398,SJ,WAS,30003648,Timothy Liljegren,goals,rf_qrf_goals,0.3.0,empirical_qrf,0.0,0.0,0.0,,956481973529854621,2025-12-03 22:37:20.521302
2025-12-03,24398,SJ,WAS,30000157,Tyler Toffoli,goals,rf_qrf_goals,0.3.0,empirical_qrf,0.18937301587301586,0.0,0.75,,956481973529854621,2025-12-03 22:37:20.521302
2025-12-03,24398,SJ,WAS,30000182,Ryan Ellis,goals,rf_qrf_goals,0.3.0,empirical_qrf,0.0,0.0,0.0,,956481973529854621,2025-12-03 22:37:20.521302
2025-12-03,24398,SJ,WAS,30000287,Nick Leddy,goals,rf_qrf_goals,0.3.0,empirical_qrf,0.0,0.0,0.0,,956481973529854621,2025-12-03 22:37:20.521302
2025-12-03,24398,SJ,WAS,30000384,Dmitry Orlov,goals,rf_qrf_goals,0.3.0,empirical_qrf,0.0016666666666666668,0.0,0.0,,956481973529854621,2025-12-03 22:37:20.521302
2025-12-03,24398,SJ,WAS,30000426,Alexander Wennberg,goals,rf_qrf_goals,0.3.0,empirical_qrf,0.0,0.0,0.0,,956481973529854621,2025-12-03 22:37:20.521302
2025-12-03,24398,SJ,WAS,30000642,Jeff Skinner,goals,rf_qrf_goals,0.3.0,empirical_qrf,0.0,0.0,0.0,,956481973529854621,2025-12-03 22:37:20.521302
2025-12-03,24398,WAS,SJ,30005098,Luke Toporowski,goals,rf_qrf_goals,0.3.0,empirical_qrf,0.0,0.0,0.0,,956481973529854621,2025-12-03 22:37:20.521302
2025-12-03,24398,WAS,SJ,30005788,Ethen Frank,goals,rf_qrf_goals,0.3.0,empirical_qrf,0.0,0.0,0.0,,956481973529854621,2025-12-03 22:37:20.521302
2025-12-03,24398,WAS,SJ,30006062,Ryan Leonard,goals,rf_qrf_goals,0.3.0,empirical_qrf,0.0,0.0,0.0,,956481973529854621,2025-12-03 22:37:20.521302
2025-12-03,24398,WAS,SJ,30006408,Simon Pinard,goals,rf_qrf_goals,0.3.0,empirical_qrf,0.0,0.0,0.0,,956481973529854621,2025-12-03 22:37:20.521302
2025-12-03,24398,SJ,WAS,30000007,Carey Price,goals,rf_qrf_goals,0.3.0,empirical_qrf,0.0,0.0,0.0,,956481973529854621,2025-12-03 22:37:20.521302
2025-12-03,24398,SJ,WAS,30000128,Logan Couture,goals,rf_qrf_goals,0.3.0,empirical_qrf,0.0,0.0,0.0,,956481973529854621,2025-12-03 22:37:20.521302
2025-12-03,24398,WAS,SJ,30004562,Aliaksei Protas,goals,rf_qrf_goals,0.3.0,empirical_qrf,0.0,0.0,0.0,,956481973529854621,2025-12-03 22:37:20.521302
2025-12-03,24398,WAS,SJ,30004579,Dalton Smith,goals,rf_qrf_goals,0.3.0,empirical_qrf,0.0,0.0,0.0,,956481973529854621,2025-12-03 22:37:20.521302
2025-12-03,24398,WAS,SJ,30004613,Michael Kim,goals,rf_qrf_goals,0.3.0,empirical_qrf,0.0,0.0,0.0,,956481973529854621,2025-12-03 22:37:20.521302
2025-12-03,24398,WAS,SJ,30004664,Corey Schueneman,goals,rf_qrf_goals,0.3.0,empirical_qrf,0.0,0.0,0.0,,956481973529854621,2025-12-03 22:37:20.521302
2025-12-03,24398,WAS,SJ,30004808,Hendrix Lapierre,goals,rf_qrf_goals,0.3.0,empirical_qrf,0.0,0.0,0.0,,956481973529854621,2025-12-03 22:37:20.521302
2025-12-03,24398,WAS,SJ,30004878,Justin Sourdif,goals,rf_qrf_goals,0.3.0,empirical_qrf,0.0,0.0,0.0,,956481973529854621,2025-12-03 22:37:20.521302
2025-12-03,24398,WAS,SJ,30003973,Logan Thompson,goals,rf_qrf_goals,0.3.0,empirical_qrf,0.0,0.0,0.0,,956481973529854621,2025-12-03 22:37:20.521302
2025-12-03,24398,WAS,SJ,30004099,Rasmus Sandin,goals,rf_qrf_goals,0.3.0,empirical_qrf,0.0,0.0,0.0,,956481973529854621,2025-12-03 22:37:20.521302
2025-12-03,24398,WAS,SJ,30004152,Martin Fehérváry,goals,rf_qrf_goals,0.3.0,empirical_qrf,0.0,0.0,0.0,,956481973529854621,2025-12-03 22:37:20.521302
2025-12-03,24398,WAS,SJ,30004302,Declan Chisholm,goals,rf_qrf_goals,0.3.0,empirical_qrf,0.0016666666666666668,0.0,0.0,,956481973529854621,2025-12-03 22:37:20.521302
2025-12-03,24398,WAS,SJ,30004491,Connor McMichael,goals,rf_qrf_goals,0.3.0,empirical_qrf,0.0,0.0,0.0,,956481973529854621,2025-12-03 22:37:20.521302
2025-12-03,24398,WAS,SJ,30004500,Brett Leason,goals,rf_qrf_goals,0.3.0,empirical_qrf,0.0,0.0,0.0,,956481973529854621,2025-12-03 22:37:20.521302
2025-12-03,24398,WAS,SJ,30003035,Spencer Smallman,goals,rf_qrf_goals,0.3.0,empirical_qrf,0.0,0.0,0.0,,956481973529854621,2025-12-03 22:37:20.521302
2025-12-03,24398,WAS,SJ,30003132,Pierre-Luc Dubois,goals,rf_qrf_goals,0.3.0,empirical_qrf,0.0016666666666666668,0.0,0.0,,956481973529854621,2025-12-03 22:37:20.521302
2025-12-03,24398,WAS,SJ,30003138,Jakob Chychrun,goals,rf_qrf_goals,0.3.0,empirical_qrf,0.0016666666666666668,0.0,0.0,,956481973529854621,2025-12-03 22:37:20.521302
2025-12-03,24398,WAS,SJ,30003561,Matt Roy,goals,rf_qrf_goals,0.3.0,empirical_qrf,0.0,0.0,0.0,,956481973529854621,2025-12-03 22:37:20.521302
2025-12-03,24398,WAS,SJ,30003759,Matthew Strome,goals,rf_qrf_goals,0.3.0,empirical_qrf,0.0,0.0,0.0,,956481973529854621,2025-12-03 22:37:20.521302
2025-12-03,24398,WAS,SJ,30003933,Brandon Duhaime,goals,rf_qrf_goals,0.3.0,empirical_qrf,0.0,0.0,0.0,,956481973529854621,2025-12-03 22:37:20.521302
2025-12-03,24398,WAS,SJ,30000587,John Carlson,goals,rf_qrf_goals,0.3.0,empirical_qrf,0.0,0.0,0.0,,956481973529854621,2025-12-03 22:37:20.521302
2025-12-03,24398,WAS,SJ,30000954,Dylan Strome,goals,rf_qrf_goals,0.3.0,empirical_qrf,0.0,0.0,0.0,,956481973529854621,2025-12-03 22:37:20.521302
2025-12-03,24398,WAS,SJ,30001023,Trevor van Riemsdyk,goals,rf_qrf_goals,0.3.0,empirical_qrf,0.0,0.0,0.0,,956481973529854621,2025-12-03 22:37:20.521302
2025-12-03,24398,WAS,SJ,30002620,Louie Belpedio,goals,rf_qrf_goals,0.3.0,empirical_qrf,0.0,0.0,0.0,,956481973529854621,2025-12-03 22:37:20.521302
2025-12-03,24398,WAS,SJ,30002695,Nic Dowd,goals,rf_qrf_goals,0.3.0,empirical_qrf,0.0,0.0,0.0,,956481973529854621,2025-12-03 22:37:20.521302
2025-12-03,24398,WAS,SJ,30003026,Charlie Lindgren,goals,rf_qrf_goals,0.3.0,empirical_qrf,0.0,0.0,0.0,,956481973529854621,2025-12-03 22:37:20.521302
2025-12-03,24394,DAL,NJ,30000166,Alexander Petrovic,assists,rf_qrf_assists,0.3.0,empirical_qrf,0.27347023809523807,0.0,0.75,,956481973529854621,2025-12-03 22:37:21.640788
2025-12-03,24394,DAL,NJ,30000702,Antoine Bibeau,assists,rf_qrf_assists,0.3.0,empirical_qrf,0.0,0.0,0.0,,956481973529854621,2025-12-03 22:37:21.640788
2025-12-03,24394,DAL,NJ,30000735,Adam Erne,assists,rf_qrf_assists,0.3.0,empirical_qrf,0.03730555555555556,0.0,0.0,,956481973529854621,2025-12-03 22:37:21.640788
2025-12-03,24394,DAL,NJ,30000750,Radek Faksa,assists,rf_qrf_assists,0.3.0,empirical_qrf,0.0,0.0,0.0,,956481973529854621,2025-12-03 22:37:21.640788
2025-12-03,24394,DAL,NJ,30000755,Esa Lindell,assists,rf_qrf_assists,0.3.0,empirical_qrf,0.0,0.0,0.0,,956481973529854621,2025-12-03 22:37:21.640788
2025-12-03,24394,DAL,NJ,30000756,Curtis McKenzie,assists,rf_qrf_assists,0.3.0,empirical_qrf,0.0,0.0,0.0,,956481973529854621,2025-12-03 22:37:21.640788
2025-12-03,24394,NJ,DAL,30006356,Matyas Melovsky,assists,rf_qrf_assists,0.3.0,empirical_qrf,0.0,0.0,0.0,,956481973529854621,2025-12-03 22:37:21.640788
2025-12-03,24394,NJ,DAL,30005278,Mikael Diotte,assists,rf_qrf_assists,0.3.0,empirical_qrf,0.0,0.0,0.0,,956481973529854621,2025-12-03 22:37:21.640788
2025-12-03,24394,NJ,DAL,30005466,Arseniy Gritsyuk,assists,rf_qrf_assists,0.3.0,empirical_qrf,0.0,0.0,0.0,,956481973529854621,2025-12-03 22:37:21.640788
2025-12-03,24394,NJ,DAL,30005561,Marc McLaughlin,assists,rf_qrf_assists,0.3.0,empirical_qrf,0.0,0.0,0.0,,956481973529854621,2025-12-03 22:37:21.640788
2025-12-03,24394,NJ,DAL,30005569,Brian Halonen,assists,rf_qrf_assists,0.3.0,empirical_qrf,0.0,0.0,0.0,,956481973529854621,2025-12-03 22:37:21.640788
2025-12-03,24394,NJ,DAL,30005613,Simon Nemec,assists,rf_qrf_assists,0.3.0,empirical_qrf,0.0,0.0,0.0,,956481973529854621,2025-12-03 22:37:21.640788
2025-12-03,24394,NJ,DAL,30006223,Jeremy Hanzel,assists,rf_qrf_assists,0.3.0,empirical_qrf,0.0,0.0,0.0,,956481973529854621,2025-12-03 22:37:21.640788
2025-12-03,24394,NJ,DAL,30004470,Jack Hughes,assists,rf_qrf_assists,0.3.0,empirical_qrf,0.0,0.0,0.0,,956481973529854621,2025-12-03 22:37:21.640788
2025-12-03,24394,NJ,DAL,30004549,Nathan Legare,assists,rf_qrf_assists,0.3.0,empirical_qrf,0.0,0.0,0.0,,956481973529854621,2025-12-03 22:37:21.640788
2025-12-03,24394,NJ,DAL,30004810,Dawson Mercer,assists,rf_qrf_assists,0.3.0,empirical_qrf,0.0,0.0,0.0,,956481973529854621,2025-12-03 22:37:21.640788
2025-12-03,24394,NJ,DAL,30004827,Thomas Bordeleau,assists,rf_qrf_assists,0.3.0,empirical_qrf,0.0,0.0,0.0,,956481973529854621,2025-12-03 22:37:21.640788
2025-12-03,24394,NJ,DAL,30004833,Nico Daws,assists,rf_qrf_assists,0.3.0,empirical_qrf,0.0,0.0,0.0,,956481973529854621,2025-12-03 22:37:21.640788
2025-12-03,24394,NJ,DAL,30004986,Luke Hughes,assists,rf_qrf_assists,0.3.0,empirical_qrf,0.0,0.0,0.0,,956481973529854621,2025-12-03 22:37:21.640788
2025-12-03,24394,NJ,DAL,30003612,Jesper Bratt,assists,rf_qrf_assists,0.3.0,empirical_qrf,0.0,0.0,0.0,,956481973529854621,2025-12-03 22:37:21.640788
2025-12-03,24394,NJ,DAL,30003639,Nico Hischier,assists,rf_qrf_assists,0.3.0,empirical_qrf,0.0,0.0,0.0,,956481973529854621,2025-12-03 22:37:21.640788
2025-12-03,24394,NJ,DAL,30003642,Cody Glass,assists,rf_qrf_assists,0.3.0,empirical_qrf,0.0,0.0,0.0,,956481973529854621,2025-12-03 22:37:21.640788
2025-12-03,24394,NJ,DAL,30003726,Johnathan Kovacevic,assists,rf_qrf_assists,0.3.0,empirical_qrf,0.0,0.0,0.0,,956481973529854621,2025-12-03 22:37:21.640788
2025-12-03,24394,NJ,DAL,30003983,Austin Strand,assists,rf_qrf_assists,0.3.0,empirical_qrf,0.0,0.0,0.0,,956481973529854621,2025-12-03 22:37:21.640788
2025-12-03,24394,NJ,DAL,30004384,Paul Cotter,assists,rf_qrf_assists,0.3.0,empirical_qrf,0.0,0.0,0.0,,956481973529854621,2025-12-03 22:37:21.640788
2025-12-03,24394,NJ,DAL,30001226,Timo Meier,assists,rf_qrf_assists,0.3.0,empirical_qrf,0.0,0.0,0.0,,956481973529854621,2025-12-03 22:37:21.640788
2025-12-03,24394,NJ,DAL,30001786,Evgenii Dadonov,assists,rf_qrf_assists,0.3.0,empirical_qrf,0.0,0.0,0.0,,956481973529854621,2025-12-03 22:37:21.640788
2025-12-03,24394,NJ,DAL,30002609,Juho Lammikko,assists,rf_qrf_assists,0.3.0,empirical_qrf,0.0,0.0,0.0,,956481973529854621,2025-12-03 22:37:21.640788
2025-12-03,24394,NJ,DAL,30003154,Dennis Cholowski,assists,rf_qrf_assists,0.3.0,empirical_qrf,0.0,0.0,0.0,,956481973529854621,2025-12-03 22:37:21.640788
2025-12-03,24394,NJ,DAL,30003404,Zack MacEwen,assists,rf_qrf_assists,0.3.0,empirical_qrf,0.0,0.0,0.0,,956481973529854621,2025-12-03 22:37:21.640788
2025-12-03,24394,NJ,DAL,30003568,Joseph Gambardella,assists,rf_qrf_assists,0.3.0,empirical_qrf,0.0,0.0,0.0,,956481973529854621,2025-12-03 22:37:21.640788
2025-12-03,24394,NJ,DAL,30000665,Jake Allen,assists,rf_qrf_assists,0.3.0,empirical_qrf,0.0,0.0,0.0,,956481973529854621,2025-12-03 22:37:21.640788
2025-12-03,24394,NJ,DAL,30000844,Luke Glendening,assists,rf_qrf_assists,0.3.0,empirical_qrf,0.0,0.0,0.0,,956481973529854621,2025-12-03 22:37:21.640788
2025-12-03,24394,NJ,DAL,30000886,Stefan Noesen,assists,rf_qrf_assists,0.3.0,empirical_qrf,0.008694444444444444,0.0,0.0,,956481973529854621,2025-12-03 22:37:21.640788
2025-12-03,24394,NJ,DAL,30001052,Ondrej Palat,assists,rf_qrf_assists,0.3.0,empirical_qrf,0.0,0.0,0.0,,956481973529854621,2025-12-03 22:37:21.640788
2025-12-03,24394,NJ,DAL,30001108,Jonas Siegenthaler,assists,rf_qrf_assists,0.3.0,empirical_qrf,0.0,0.0,0.0,,956481973529854621,2025-12-03 22:37:21.640788
2025-12-03,24394,NJ,DAL,30001225,Brenden Dillon,assists,rf_qrf_assists,0.3.0,empirical_qrf,0.0008333333333333334,0.0,0.0,,956481973529854621,2025-12-03 22:37:21.640788
2025-12-03,24394,DAL,NJ,30006457,Justin Hryckowian,assists,rf_qrf_assists,0.3.0,empirical_qrf,0.0,0.0,0.0,,956481973529854621,2025-12-03 22:37:21.640788
2025-12-03,24394,NJ,DAL,30000070,Dougie Hamilton,assists,rf_qrf_assists,0.3.0,empirical_qrf,0.5638690476190475,0.0,1.5,,956481973529854621,2025-12-03 22:37:21.640788
2025-12-03,24394,NJ,DAL,30000210,Colton White,assists,rf_qrf_assists,0.3.0,empirical_qrf,0.0,0.0,0.0,,956481973529854621,2025-12-03 22:37:21.640788
2025-12-03,24394,NJ,DAL,30000368,Brett Pesce,assists,rf_qrf_assists,0.3.0,empirical_qrf,0.1598875661375661,0.0,0.6666666666666666,,956481973529854621,2025-12-03 22:37:21.640788
2025-12-03,24394,NJ,DAL,30000491,Connor Brown,assists,rf_qrf_assists,0.3.0,empirical_qrf,0.09004166666666666,0.0,0.5,,956481973529854621,2025-12-03 22:37:21.640788
2025-12-03,24394,NJ,DAL,30000573,Jacob Markstrom,assists,rf_qrf_assists,0.3.0,empirical_qrf,0.0,0.0,0.0,,956481973529854621,2025-12-03 22:37:21.640788
2025-12-03,24394,DAL,NJ,30004546,Vladislav Kolyachonok,assists,rf_qrf_assists,0.3.0,empirical_qrf,0.0008333333333333334,0.0,0.0,,956481973529854621,2025-12-03 22:37:21.640788
2025-12-03,24394,DAL,NJ,30004796,Mavrik Bourque,assists,rf_qrf_assists,0.3.0,empirical_qrf,0.0,0.0,0.0,,956481973529854621,2025-12-03 22:37:21.640788
2025-12-03,24394,DAL,NJ,30004844,Cross Hanas,assists,rf_qrf_assists,0.3.0,empirical_qrf,0.0,0.0,0.0,,956481973529854621,2025-12-03 22:37:21.640788
2025-12-03,24394,DAL,NJ,30005004,Wyatt Johnston,assists,rf_qrf_assists,0.3.0,empirical_qrf,0.02348015873015873,0.0,0.0,,956481973529854621,2025-12-03 22:37:21.640788
2025-12-03,24394,DAL,NJ,30005062,Oskar Bäck,assists,rf_qrf_assists,0.3.0,empirical_qrf,0.0,0.0,0.0,,956481973529854621,2025-12-03 22:37:21.640788
2025-12-03,24394,DAL,NJ,30006362,Connor Punnett,assists,rf_qrf_assists,0.3.0,empirical_qrf,0.0,0.0,0.0,,956481973529854621,2025-12-03 22:37:21.640788
2025-12-03,24394,DAL,NJ,30003658,Jake Oettinger,assists,rf_qrf_assists,0.3.0,empirical_qrf,0.0,0.0,0.0,,956481973529854621,2025-12-03 22:37:21.640788
2025-12-03,24394,DAL,NJ,30003689,Jason Robertson,assists,rf_qrf_assists,0.3.0,empirical_qrf,0.0038611111111111116,0.0,0.0,,956481973529854621,2025-12-03 22:37:21.640788
2025-12-03,24394,DAL,NJ,30003695,Kole Lind,assists,rf_qrf_assists,0.3.0,empirical_qrf,0.0,0.0,0.0,,956481973529854621,2025-12-03 22:37:21.640788
2025-12-03,24394,DAL,NJ,30004061,Ilya Lyubushkin,assists,rf_qrf_assists,0.3.0,empirical_qrf,0.0,0.0,0.0,,956481973529854621,2025-12-03 22:37:21.640788
2025-12-03,24394,DAL,NJ,30004103,Nils Lundkvist,assists,rf_qrf_assists,0.3.0,empirical_qrf,0.0,0.0,0.0,,956481973529854621,2025-12-03 22:37:21.640788
2025-12-03,24394,DAL,NJ,30004482,Thomas Harley,assists,rf_qrf_assists,0.3.0,empirical_qrf,0.0,0.0,0.0,,956481973529854621,2025-12-03 22:37:21.640788
2025-12-03,24394,DAL,NJ,30003156,Sam Steel,assists,rf_qrf_assists,0.3.0,empirical_qrf,0.0,0.0,0.0,,956481973529854621,2025-12-03 22:37:21.640788
2025-12-03,24394,DAL,NJ,30003165,Nate Bastian,assists,rf_qrf_assists,0.3.0,empirical_qrf,0.0,0.0,0.0,,956481973529854621,2025-12-03 22:37:21.640788
2025-12-03,24394,DAL,NJ,30003357,Colin Blackwell,assists,rf_qrf_assists,0.3.0,empirical_qrf,0.0,0.0,0.0,,956481973529854621,2025-12-03 22:37:21.640788
2025-12-03,24394,DAL,NJ,30003376,Casey DeSmith,assists,rf_qrf_assists,0.3.0,empirical_qrf,0.0,0.0,0.0,,956481973529854621,2025-12-03 22:37:21.640788
2025-12-03,24394,DAL,NJ,30003585,Cameron Hughes,assists,rf_qrf_assists,0.3.0,empirical_qrf,0.008694444444444444,0.0,0.0,,956481973529854621,2025-12-03 22:37:21.640788
2025-12-03,24394,DAL,NJ,30003640,Miro Heiskanen,assists,rf_qrf_assists,0.3.0,empirical_qrf,0.0,0.0,0.0,,956481973529854621,2025-12-03 22:37:21.640788
2025-12-03,24394,DAL,NJ,30000762,Tyler Seguin,assists,rf_qrf_assists,0.3.0,empirical_qrf,0.0,0.0,0.0,,956481973529854621,2025-12-03 22:37:21.640788
2025-12-03,24394,DAL,NJ,30000906,Mikko Rantanen,assists,rf_qrf_assists,0.3.0,empirical_qrf,0.0011111111111111111,0.0,0.0,,956481973529854621,2025-12-03 22:37:21.640788
2025-12-03,24394,DAL,NJ,30001146,Matt Duchene,assists,rf_qrf_assists,0.3.0,empirical_qrf,0.0,0.0,0.0,,956481973529854621,2025-12-03 22:37:21.640788
2025-12-03,24394,DAL,NJ,30001302,Jamie Benn,assists,rf_qrf_assists,0.3.0,empirical_qrf,0.0,0.0,0.0,,956481973529854621,2025-12-03 22:37:21.640788
2025-12-03,24394,DAL,NJ,30002811,Roope Hintz,assists,rf_qrf_assists,0.3.0,empirical_qrf,0.0,0.0,0.0,,956481973529854621,2025-12-03 22:37:21.640788
2025-12-03,24394,DAL,NJ,30002842,Kyle Capobianco,assists,rf_qrf_assists,0.3.0,empirical_qrf,0.0,0.0,0.0,,956481973529854621,2025-12-03 22:37:21.640788
2025-12-03,24395,BUF,PHI,30000523,Jason Zucker,assists,rf_qrf_assists,0.3.0,empirical_qrf,0.0,0.0,0.0,,956481973529854621,2025-12-03 22:37:21.640788
2025-12-03,24395,BUF,PHI,30002577,Alex Tuch,assists,rf_qrf_assists,0.3.0,empirical_qrf,0.5003366402116403,0.0,1.4100000000000021,,956481973529854621,2025-12-03 22:37:21.640788
2025-12-03,24395,BUF,PHI,30002774,Jordan Greenway,assists,rf_qrf_assists,0.3.0,empirical_qrf,0.0,0.0,0.0,,956481973529854621,2025-12-03 22:37:21.640788
2025-12-03,24395,BUF,PHI,30002797,Brendan Warren,assists,rf_qrf_assists,0.3.0,empirical_qrf,0.0,0.0,0.0,,956481973529854621,2025-12-03 22:37:21.640788
2025-12-03,24395,BUF,PHI,30003074,Alex Lyon,assists,rf_qrf_assists,0.3.0,empirical_qrf,0.0,0.0,0.0,,956481973529854621,2025-12-03 22:37:21.640788
2025-12-03,24395,BUF,PHI,30003158,Tage Thompson,assists,rf_qrf_assists,0.3.0,empirical_qrf,0.0025277777777777777,0.0,0.0,,956481973529854621,2025-12-03 22:37:21.640788
2025-12-03,24395,PHI,BUF,30006045,Yaniv Perets,assists,rf_qrf_assists,0.3.0,empirical_qrf,0.0,0.0,0.0,,956481973529854621,2025-12-03 22:37:21.640788
2025-12-03,24395,PHI,BUF,30006061,Matvei Michkov,assists,rf_qrf_assists,0.3.0,empirical_qrf,0.0,0.0,0.0,,956481973529854621,2025-12-03 22:37:21.640788
2025-12-03,24395,PHI,BUF,30006075,Oliver Bonk,assists,rf_qrf_assists,0.3.0,empirical_qrf,0.0018055555555555555,0.0,0.0,,956481973529854621,2025-12-03 22:37:21.640788
2025-12-03,24395,PHI,BUF,30006100,Carson Bjarnason,assists,rf_qrf_assists,0.3.0,empirical_qrf,0.0,0.0,0.0,,956481973529854621,2025-12-03 22:37:21.640788
2025-12-03,24395,PHI,BUF,30006135,Denver Barkey,assists,rf_qrf_assists,0.3.0,empirical_qrf,0.0,0.0,0.0,,956481973529854621,2025-12-03 22:37:21.640788
2025-12-03,24395,BUF,PHI,30002762,Mason Geertsen,assists,rf_qrf_assists,0.3.0,empirical_qrf,0.0,0.0,0.0,,956481973529854621,2025-12-03 22:37:21.640788
2025-12-03,24395,PHI,BUF,30005234,Vincent Sevigny,assists,rf_qrf_assists,0.3.0,empirical_qrf,0.0,0.0,0.0,,956481973529854621,2025-12-03 22:37:21.640788
2025-12-03,24395,PHI,BUF,30005293,Artem Guryev,assists,rf_qrf_assists,0.3.0,empirical_qrf,0.0,0.0,0.0,,956481973529854621,2025-12-03 22:37:21.640788
2025-12-03,24395,PHI,BUF,30005397,Noah Cates,assists,rf_qrf_assists,0.3.0,empirical_qrf,0.0,0.0,0.0,,956481973529854621,2025-12-03 22:37:21.640788
2025-12-03,24395,PHI,BUF,30005401,Aleksei Kolosov,assists,rf_qrf_assists,0.3.0,empirical_qrf,0.0,0.0,0.0,,956481973529854621,2025-12-03 22:37:21.640788
2025-12-03,24395,PHI,BUF,30005756,Tucker Robertson,assists,rf_qrf_assists,0.3.0,empirical_qrf,0.0,0.0,0.0,,956481973529854621,2025-12-03 22:37:21.640788
2025-12-03,24395,PHI,BUF,30005958,Nikita Grebenkin,assists,rf_qrf_assists,0.3.0,empirical_qrf,0.0,0.0,0.0,,956481973529854621,2025-12-03 22:37:21.640788
2025-12-03,24395,PHI,BUF,30004484,Cam York,assists,rf_qrf_assists,0.3.0,empirical_qrf,0.0,0.0,0.0,,956481973529854621,2025-12-03 22:37:21.640788
2025-12-03,24395,PHI,BUF,30004508,Bobby Brink,assists,rf_qrf_assists,0.3.0,empirical_qrf,0.0,0.0,0.0,,956481973529854621,2025-12-03 22:37:21.640788
2025-12-03,24395,PHI,BUF,30004800,Jamie Drysdale,assists,rf_qrf_assists,0.3.0,empirical_qrf,0.0,0.0,0.0,,956481973529854621,2025-12-03 22:37:21.640788
2025-12-03,24395,PHI,BUF,30004801,Tyson Foerster,assists,rf_qrf_assists,0.3.0,empirical_qrf,0.0,0.0,0.0,,956481973529854621,2025-12-03 22:37:21.640788
2025-12-03,24395,PHI,BUF,30004824,Emil Andrae,assists,rf_qrf_assists,0.3.0,empirical_qrf,0.0,0.0,0.0,,956481973529854621,2025-12-03 22:37:21.640788
2025-12-03,24395,PHI,BUF,30004839,Helge Grans,assists,rf_qrf_assists,0.3.0,empirical_qrf,0.0,0.0,0.0,,956481973529854621,2025-12-03 22:37:21.640788
2025-12-03,24395,PHI,BUF,30003733,Keith Petruzzelli,assists,rf_qrf_assists,0.3.0,empirical_qrf,0.0,0.0,0.0,,956481973529854621,2025-12-03 22:37:21.640788
2025-12-03,24395,PHI,BUF,30004002,Cooper Marody,assists,rf_qrf_assists,0.3.0,empirical_qrf,0.0,0.0,0.0,,956481973529854621,2025-12-03 22:37:21.640788
2025-12-03,24395,PHI,BUF,30004154,Xavier Bernard,assists,rf_qrf_assists,0.3.0,empirical_qrf,0.0,0.0,0.0,,956481973529854621,2025-12-03 22:37:21.640788
2025-12-03,24395,PHI,BUF,30004205,Egor Zamula,assists,rf_qrf_assists,0.3.0,empirical_qrf,0.0008333333333333334,0.0,0.0,,956481973529854621,2025-12-03 22:37:21.640788
2025-12-03,24395,PHI,BUF,30004406,Samuel Ersson,assists,rf_qrf_assists,0.3.0,empirical_qrf,0.0,0.0,0.0,,956481973529854621,2025-12-03 22:37:21.640788
2025-12-03,24395,PHI,BUF,30004481,Trevor Zegras,assists,rf_qrf_assists,0.3.0,empirical_qrf,0.0,0.0,0.0,,956481973529854621,2025-12-03 22:37:21.640788
2025-12-03,24395,PHI,BUF,30002979,Anthony Richard,assists,rf_qrf_assists,0.3.0,empirical_qrf,0.0,0.0,0.0,,956481973529854621,2025-12-03 22:37:21.640788
2025-12-03,24395,PHI,BUF,30003016,Nick Seeler,assists,rf_qrf_assists,0.3.0,empirical_qrf,0.0,0.0,0.0,,956481973529854621,2025-12-03 22:37:21.640788
2025-12-03,24395,PHI,BUF,30003171,Carl Grundstrom,assists,rf_qrf_assists,0.3.0,empirical_qrf,0.0,0.0,0.0,,956481973529854621,2025-12-03 22:37:21.640788
2025-12-03,24395,PHI,BUF,30003283,Lane Pederson,assists,rf_qrf_assists,0.3.0,empirical_qrf,0.0,0.0,0.0,,956481973529854621,2025-12-03 22:37:21.640788
2025-12-03,24395,PHI,BUF,30003500,Rodrigo Abols,assists,rf_qrf_assists,0.3.0,empirical_qrf,0.0,0.0,0.0,,956481973529854621,2025-12-03 22:37:21.640788
2025-12-03,24395,PHI,BUF,30003653,Owen Tippett,assists,rf_qrf_assists,0.3.0,empirical_qrf,0.0,0.0,0.0,,956481973529854621,2025-12-03 22:37:21.640788
2025-12-03,24395,PHI,BUF,30000624,Travis Sanheim,assists,rf_qrf_assists,0.3.0,empirical_qrf,0.0,0.0,0.0,,956481973529854621,2025-12-03 22:37:21.640788
2025-12-03,24395,PHI,BUF,30000942,Christian Dvorak,assists,rf_qrf_assists,0.3.0,empirical_qrf,0.0,0.0,0.0,,956481973529854621,2025-12-03 22:37:21.640788
2025-12-03,24395,PHI,BUF,30001201,Garnet Hathaway,assists,rf_qrf_assists,0.3.0,empirical_qrf,0.0,0.0,0.0,,956481973529854621,2025-12-03 22:37:21.640788
2025-12-03,24395,PHI,BUF,30001294,Rasmus Ristolainen,assists,rf_qrf_assists,0.3.0,empirical_qrf,0.0,0.0,0.0,,956481973529854621,2025-12-03 22:37:21.640788
2025-12-03,24395,PHI,BUF,30001312,Noah Juulsen,assists,rf_qrf_assists,0.3.0,empirical_qrf,0.0,0.0,0.0,,956481973529854621,2025-12-03 22:37:21.640788
2025-12-03,24395,PHI,BUF,30002786,Dan Vladar,assists,rf_qrf_assists,0.3.0,empirical_qrf,0.0,0.0,0.0,,956481973529854621,2025-12-03 22:37:21.640788
2025-12-03,24395,BUF,PHI,30006341,Christopher Brown,assists,rf_qrf_assists,0.3.0,empirical_qrf,0.0,0.0,0.0,,956481973529854621,2025-12-03 22:37:21.640788
2025-12-03,24395,BUF,PHI,30006342,Dominick Mersch,assists,rf_qrf_assists,0.3.0,empirical_qrf,0.0,0.0,0.0,,956481973529854621,2025-12-03 22:37:21.640788
2025-12-03,24395,PHI,BUF,30000050,Sean Couturier,assists,rf_qrf_assists,0.3.0,empirical_qrf,0.4178968253968254,0.0,1.0,,956481973529854621,2025-12-03 22:37:21.640788
2025-12-03,24395,PHI,BUF,30000234,Garrett Wilson,assists,rf_qrf_assists,0.3.0,empirical_qrf,0.0,0.0,0.0,,956481973529854621,2025-12-03 22:37:21.640788
2025-12-03,24395,PHI,BUF,30000349,Travis Konecny,assists,rf_qrf_assists,0.3.0,empirical_qrf,0.0,0.0,0.0,,956481973529854621,2025-12-03 22:37:21.640788
2025-12-03,24395,PHI,BUF,30000501,Nicolas Deslauriers,assists,rf_qrf_assists,0.3.0,empirical_qrf,0.0,0.0,0.0,,956481973529854621,2025-12-03 22:37:21.640788
2025-12-03,24395,BUF,PHI,30005793,Riley Fiddler-Schultz,assists,rf_qrf_assists,0.3.0,empirical_qrf,0.0,0.0,0.0,,956481973529854621,2025-12-03 22:37:21.640788
2025-12-03,24395,BUF,PHI,30006028,Jagger Joshua,assists,rf_qrf_assists,0.3.0,empirical_qrf,0.0,0.0,0.0,,956481973529854621,2025-12-03 22:37:21.640788
2025-12-03,24395,BUF,PHI,30006039,Aidan Fulp,assists,rf_qrf_assists,0.3.0,empirical_qrf,0.0,0.0,0.0,,956481973529854621,2025-12-03 22:37:21.640788
2025-12-03,24395,BUF,PHI,30006070,Zach Benson,assists,rf_qrf_assists,0.3.0,empirical_qrf,0.0,0.0,0.0,,956481973529854621,2025-12-03 22:37:21.640788
2025-12-03,24395,BUF,PHI,30006092,Anton Wahlberg,assists,rf_qrf_assists,0.3.0,empirical_qrf,0.0008333333333333334,0.0,0.0,,956481973529854621,2025-12-03 22:37:21.640788
2025-12-03,24395,BUF,PHI,30006340,Zach Metsa,assists,rf_qrf_assists,0.3.0,empirical_qrf,0.0,0.0,0.0,,956481973529854621,2025-12-03 22:37:21.640788
2025-12-03,24395,BUF,PHI,30005634,Noah Ostlund,assists,rf_qrf_assists,0.3.0,empirical_qrf,0.0008333333333333334,0.0,0.0,,956481973529854621,2025-12-03 22:37:21.640788
2025-12-03,24395,BUF,PHI,30005644,Jiri Kulich,assists,rf_qrf_assists,0.3.0,empirical_qrf,0.0,0.0,0.0,,956481973529854621,2025-12-03 22:37:21.640788
2025-12-03,24395,BUF,PHI,30005685,Viktor Neuchev,assists,rf_qrf_assists,0.3.0,empirical_qrf,0.007055555555555555,0.0,0.0,,956481973529854621,2025-12-03 22:37:21.640788
2025-12-03,24395,BUF,PHI,30005730,Vsevolod Komarov,assists,rf_qrf_assists,0.3.0,empirical_qrf,0.0,0.0,0.0,,956481973529854621,2025-12-03 22:37:21.640788
2025-12-03,24395,BUF,PHI,30005764,Noah Laaouan,assists,rf_qrf_assists,0.3.0,empirical_qrf,0.0,0.0,0.0,,956481973529854621,2025-12-03 22:37:21.640788
2025-12-03,24395,BUF,PHI,30005767,Graham Slaggert,assists,rf_qrf_assists,0.3.0,empirical_qrf,0.0,0.0,0.0,,956481973529854621,2025-12-03 22:37:21.640788
2025-12-03,24395,BUF,PHI,30005017,Josh Doan,assists,rf_qrf_assists,0.3.0,empirical_qrf,0.0,0.0,0.0,,956481973529854621,2025-12-03 22:37:21.640788
2025-12-03,24395,BUF,PHI,30005067,Isaac Belliveau,assists,rf_qrf_assists,0.3.0,empirical_qrf,0.0,0.0,0.0,,956481973529854621,2025-12-03 22:37:21.640788
2025-12-03,24395,BUF,PHI,30005147,Tyson Kozak,assists,rf_qrf_assists,0.3.0,empirical_qrf,0.0,0.0,0.0,,956481973529854621,2025-12-03 22:37:21.640788
2025-12-03,24395,BUF,PHI,30005151,Olivier Nadeau,assists,rf_qrf_assists,0.3.0,empirical_qrf,0.0,0.0,0.0,,956481973529854621,2025-12-03 22:37:21.640788
2025-12-03,24395,BUF,PHI,30005441,Ryan Johnson,assists,rf_qrf_assists,0.3.0,empirical_qrf,0.0008333333333333334,0.0,0.0,,956481973529854621,2025-12-03 22:37:21.640788
2025-12-03,24395,BUF,PHI,30005445,Nikita Novikov,assists,rf_qrf_assists,0.3.0,empirical_qrf,0.007055555555555555,0.0,0.0,,956481973529854621,2025-12-03 22:37:21.640788
2025-12-03,24395,BUF,PHI,30004923,Josh Dunne,assists,rf_qrf_assists,0.3.0,empirical_qrf,0.0,0.0,0.0,,956481973529854621,2025-12-03 22:37:21.640788
2025-12-03,24395,BUF,PHI,30004948,Carson Meyer,assists,rf_qrf_assists,0.3.0,empirical_qrf,0.0,0.0,0.0,,956481973529854621,2025-12-03 22:37:21.640788
2025-12-03,24395,BUF,PHI,30004956,Justin Danforth,assists,rf_qrf_assists,0.3.0,empirical_qrf,0.0,0.0,0.0,,956481973529854621,2025-12-03 22:37:21.640788
2025-12-03,24395,BUF,PHI,30004980,Owen Power,assists,rf_qrf_assists,0.3.0,empirical_qrf,0.0008333333333333334,0.0,0.0,,956481973529854621,2025-12-03 22:37:21.640788
2025-12-03,24395,BUF,PHI,30004981,Devon Levi,assists,rf_qrf_assists,0.3.0,empirical_qrf,0.0,0.0,0.0,,956481973529854621,2025-12-03 22:37:21.640788
2025-12-03,24395,BUF,PHI,30004982,Isak Rosen,assists,rf_qrf_assists,0.3.0,empirical_qrf,0.0008333333333333334,0.0,0.0,,956481973529854621,2025-12-03 22:37:21.640788
2025-12-03,24395,BUF,PHI,30004502,Peyton Krebs,assists,rf_qrf_assists,0.3.0,empirical_qrf,0.0,0.0,0.0,,956481973529854621,2025-12-03 22:37:21.640788
2025-12-03,24395,BUF,PHI,30004554,Zac Jones,assists,rf_qrf_assists,0.3.0,empirical_qrf,0.0,0.0,0.0,,956481973529854621,2025-12-03 22:37:21.640788
2025-12-03,24395,BUF,PHI,30004577,Colten Ellis,assists,rf_qrf_assists,0.3.0,empirical_qrf,0.0,0.0,0.0,,956481973529854621,2025-12-03 22:37:21.640788
2025-12-03,24395,BUF,PHI,30004670,Peter Tischke,assists,rf_qrf_assists,0.3.0,empirical_qrf,0.0,0.0,0.0,,956481973529854621,2025-12-03 22:37:21.640788
2025-12-03,24395,BUF,PHI,30004815,Jack Quinn,assists,rf_qrf_assists,0.3.0,empirical_qrf,0.0,0.0,0.0,,956481973529854621,2025-12-03 22:37:21.640788
2025-12-03,24395,BUF,PHI,30004854,Trevor Kuntar,assists,rf_qrf_assists,0.3.0,empirical_qrf,0.0,0.0,0.0,,956481973529854621,2025-12-03 22:37:21.640788
2025-12-03,24395,BUF,PHI,30004105,Mattias Samuelsson,assists,rf_qrf_assists,0.3.0,empirical_qrf,0.0,0.0,0.0,,956481973529854621,2025-12-03 22:37:21.640788
2025-12-03,24395,BUF,PHI,30004117,Ryan McLeod,assists,rf_qrf_assists,0.3.0,empirical_qrf,0.0,0.0,0.0,,956481973529854621,2025-12-03 22:37:21.640788
2025-12-03,24395,BUF,PHI,30004373,Michael Kesselring,assists,rf_qrf_assists,0.3.0,empirical_qrf,0.0,0.0,0.0,,956481973529854621,2025-12-03 22:37:21.640788
2025-12-03,24395,BUF,PHI,30004380,Jack Rathbone,assists,rf_qrf_assists,0.3.0,empirical_qrf,0.0,0.0,0.0,,956481973529854621,2025-12-03 22:37:21.640788
2025-12-03,24395,BUF,PHI,30004431,Jacob Bryson,assists,rf_qrf_assists,0.3.0,empirical_qrf,0.0,0.0,0.0,,956481973529854621,2025-12-03 22:37:21.640788
2025-12-03,24395,BUF,PHI,30004474,Bowen Byram,assists,rf_qrf_assists,0.3.0,empirical_qrf,0.0,0.0,0.0,,956481973529854621,2025-12-03 22:37:21.640788
2025-12-03,24395,BUF,PHI,30003221,Beck Malenstyn,assists,rf_qrf_assists,0.3.0,empirical_qrf,0.0,0.0,0.0,,956481973529854621,2025-12-03 22:37:21.640788
2025-12-03,24395,BUF,PHI,30003665,Josh Norris,assists,rf_qrf_assists,0.3.0,empirical_qrf,0.0,0.0,0.0,,956481973529854621,2025-12-03 22:37:21.640788
2025-12-03,24395,BUF,PHI,30003670,Conor Timmins,assists,rf_qrf_assists,0.3.0,empirical_qrf,0.0,0.0,0.0,,956481973529854621,2025-12-03 22:37:21.640788
2025-12-03,24395,BUF,PHI,30003673,Ukko-Pekka Luukkonen,assists,rf_qrf_assists,0.3.0,empirical_qrf,0.0,0.0,0.0,,956481973529854621,2025-12-03 22:37:21.640788
2025-12-03,24395,BUF,PHI,30003699,Jake Leschyshyn,assists,rf_qrf_assists,0.3.0,empirical_qrf,0.0,0.0,0.0,,956481973529854621,2025-12-03 22:37:21.640788
2025-12-03,24395,BUF,PHI,30003750,Rasmus Dahlin,assists,rf_qrf_assists,0.3.0,empirical_qrf,0.0,0.0,0.0,,956481973529854621,2025-12-03 22:37:21.640788
2025-12-03,24396,WPG,MON,30000060,Luke Schenn,assists,rf_qrf_assists,0.3.0,empirical_qrf,0.10299979649979651,0.0,0.5,,956481973529854621,2025-12-03 22:37:21.640788
2025-12-03,24396,WPG,MON,30000153,Tanner Pearson,assists,rf_qrf_assists,0.3.0,empirical_qrf,0.1735595238095238,0.0,0.6666666666666666,,956481973529854621,2025-12-03 22:37:21.640788
2025-12-03,24396,WPG,MON,30000212,Colin Miller,assists,rf_qrf_assists,0.3.0,empirical_qrf,0.0,0.0,0.0,,956481973529854621,2025-12-03 22:37:21.640788
2025-12-03,24396,WPG,MON,30000371,Haydn Fleury,assists,rf_qrf_assists,0.3.0,empirical_qrf,0.0,0.0,0.0,,956481973529854621,2025-12-03 22:37:21.640788
2025-12-03,24396,WPG,MON,30000522,Nino Niederreiter,assists,rf_qrf_assists,0.3.0,empirical_qrf,0.0,0.0,0.0,,956481973529854621,2025-12-03 22:37:21.640788
2025-12-03,24396,WPG,MON,30000801,Connor Hellebuyck,assists,rf_qrf_assists,0.3.0,empirical_qrf,0.0,0.0,0.0,,956481973529854621,2025-12-03 22:37:21.640788
2025-12-03,24396,MON,WPG,30003687,Alexandre Texier,assists,rf_qrf_assists,0.3.0,empirical_qrf,0.0,0.0,0.0,,956481973529854621,2025-12-03 22:37:21.640788
2025-12-03,24396,MON,WPG,30005722,Adam Engstrom,assists,rf_qrf_assists,0.3.0,empirical_qrf,0.0,0.0,0.0,,956481973529854621,2025-12-03 22:37:21.640788
2025-12-03,24396,MON,WPG,30000670,Sammy Blais,assists,rf_qrf_assists,0.3.0,empirical_qrf,0.0905138888888889,0.0,0.5,,956481973529854621,2025-12-03 22:37:21.640788
2025-12-03,24396,MON,WPG,30003901,Alex Belzile,assists,rf_qrf_assists,0.3.0,empirical_qrf,0.005416666666666667,0.0,0.0,,956481973529854621,2025-12-03 22:37:21.640788
2025-12-03,24396,MON,WPG,30005656,Owen Beck,assists,rf_qrf_assists,0.3.0,empirical_qrf,0.0,0.0,0.0,,956481973529854621,2025-12-03 22:37:21.640788
2025-12-03,24396,MON,WPG,30005806,Jared Davidson,assists,rf_qrf_assists,0.3.0,empirical_qrf,0.0,0.0,0.0,,956481973529854621,2025-12-03 22:37:21.640788
2025-12-03,24396,MON,WPG,30006060,David Reinbacher,assists,rf_qrf_assists,0.3.0,empirical_qrf,0.0,0.0,0.0,,956481973529854621,2025-12-03 22:37:21.640788
2025-12-03,24396,MON,WPG,30006152,Florian Xhekaj,assists,rf_qrf_assists,0.3.0,empirical_qrf,0.0,0.0,0.0,,956481973529854621,2025-12-03 22:37:21.640788
2025-12-03,24396,MON,WPG,30006358,Israel Mianscum,assists,rf_qrf_assists,0.3.0,empirical_qrf,0.0,0.0,0.0,,956481973529854621,2025-12-03 22:37:21.640788
2025-12-03,24396,MON,WPG,30006485,Ivan Demidov,assists,rf_qrf_assists,0.3.0,empirical_qrf,0.0,0.0,0.0,,956481973529854621,2025-12-03 22:37:21.640788
2025-12-03,24396,MON,WPG,30005288,Ben Gaudreau,assists,rf_qrf_assists,0.3.0,empirical_qrf,0.0,0.0,0.0,,956481973529854621,2025-12-03 22:37:21.640788
2025-12-03,24396,MON,WPG,30005534,Jakub Dobes,assists,rf_qrf_assists,0.3.0,empirical_qrf,0.0,0.0,0.0,,956481973529854621,2025-12-03 22:37:21.640788
2025-12-03,24396,MON,WPG,30005574,Lucas Condotta,assists,rf_qrf_assists,0.3.0,empirical_qrf,0.0,0.0,0.0,,956481973529854621,2025-12-03 22:37:21.640788
2025-12-03,24396,MON,WPG,30005631,Juraj Slafkovsky,assists,rf_qrf_assists,0.3.0,empirical_qrf,0.0,0.0,0.0,,956481973529854621,2025-12-03 22:37:21.640788
2025-12-03,24396,MON,WPG,30005645,Filip Mesar,assists,rf_qrf_assists,0.3.0,empirical_qrf,0.0,0.0,0.0,,956481973529854621,2025-12-03 22:37:21.640788
2025-12-03,24396,MON,WPG,30005655,Lane Hutson,assists,rf_qrf_assists,0.3.0,empirical_qrf,0.0,0.0,0.0,,956481973529854621,2025-12-03 22:37:21.640788
2025-12-03,24396,MON,WPG,30005118,Tobie Paquette-Bisson,assists,rf_qrf_assists,0.3.0,empirical_qrf,0.0,0.0,0.0,,956481973529854621,2025-12-03 22:37:21.640788
2025-12-03,24396,MON,WPG,30005121,Joshua Roy,assists,rf_qrf_assists,0.3.0,empirical_qrf,0.0,0.0,0.0,,956481973529854621,2025-12-03 22:37:21.640788
2025-12-03,24396,MON,WPG,30005122,Xavier Simoneau,assists,rf_qrf_assists,0.3.0,empirical_qrf,0.0,0.0,0.0,,956481973529854621,2025-12-03 22:37:21.640788
2025-12-03,24396,MON,WPG,30005127,Joe Vrbetic,assists,rf_qrf_assists,0.3.0,empirical_qrf,0.0,0.0,0.0,,956481973529854621,2025-12-03 22:37:21.640788
2025-12-03,24396,MON,WPG,30005128,Arber Xhekaj,assists,rf_qrf_assists,0.3.0,empirical_qrf,0.0,0.0,0.0,,956481973529854621,2025-12-03 22:37:21.640788
2025-12-03,24396,MON,WPG,30005287,Gannon Laroque,assists,rf_qrf_assists,0.3.0,empirical_qrf,0.0,0.0,0.0,,956481973529854621,2025-12-03 22:37:21.640788
2025-12-03,24396,MON,WPG,30004894,Sean Farrell,assists,rf_qrf_assists,0.3.0,empirical_qrf,0.0008333333333333334,0.0,0.0,,956481973529854621,2025-12-03 22:37:21.640788
2025-12-03,24396,MON,WPG,30004928,Cole Caufield,assists,rf_qrf_assists,0.3.0,empirical_qrf,0.0,0.0,0.0,,956481973529854621,2025-12-03 22:37:21.640788
2025-12-03,24396,MON,WPG,30004950,Marc Del Gaizo,assists,rf_qrf_assists,0.3.0,empirical_qrf,0.0,0.0,0.0,,956481973529854621,2025-12-03 22:37:21.640788
2025-12-03,24396,MON,WPG,30004990,Zachary Bolduc,assists,rf_qrf_assists,0.3.0,empirical_qrf,0.0,0.0,0.0,,956481973529854621,2025-12-03 22:37:21.640788
2025-12-03,24396,MON,WPG,30005021,Oliver Kapanen,assists,rf_qrf_assists,0.3.0,empirical_qrf,0.0,0.0,0.0,,956481973529854621,2025-12-03 22:37:21.640788
2025-12-03,24396,MON,WPG,30005022,Riley Kidney,assists,rf_qrf_assists,0.3.0,empirical_qrf,0.0,0.0,0.0,,956481973529854621,2025-12-03 22:37:21.640788
2025-12-03,24396,MON,WPG,30004486,Alex Newhook,assists,rf_qrf_assists,0.3.0,empirical_qrf,0.0,0.0,0.0,,956481973529854621,2025-12-03 22:37:21.640788
2025-12-03,24396,MON,WPG,30004520,Hunter Jones,assists,rf_qrf_assists,0.3.0,empirical_qrf,0.0,0.0,0.0,,956481973529854621,2025-12-03 22:37:21.640788
2025-12-03,24396,MON,WPG,30004559,Jayden Struble,assists,rf_qrf_assists,0.3.0,empirical_qrf,0.0,0.0,0.0,,956481973529854621,2025-12-03 22:37:21.640788
2025-12-03,24396,MON,WPG,30004803,Kaiden Guhle,assists,rf_qrf_assists,0.3.0,empirical_qrf,0.0,0.0,0.0,,956481973529854621,2025-12-03 22:37:21.640788
2025-12-03,24396,MON,WPG,30004866,Ryan O'Rourke,assists,rf_qrf_assists,0.3.0,empirical_qrf,0.005416666666666667,0.0,0.0,,956481973529854621,2025-12-03 22:37:21.640788
2025-12-03,24396,MON,WPG,30004876,Ty Smilanic,assists,rf_qrf_assists,0.3.0,empirical_qrf,0.0,0.0,0.0,,956481973529854621,2025-12-03 22:37:21.640788
2025-12-03,24396,MON,WPG,30004086,Noah Dobson,assists,rf_qrf_assists,0.3.0,empirical_qrf,0.0,0.0,0.0,,956481973529854621,2025-12-03 22:37:21.640788
2025-12-03,24396,MON,WPG,30004101,Joe Veleno,assists,rf_qrf_assists,0.3.0,empirical_qrf,0.0,0.0,0.0,,956481973529854621,2025-12-03 22:37:21.640788
2025-12-03,24396,MON,WPG,30004204,Wyatte Wylie,assists,rf_qrf_assists,0.3.0,empirical_qrf,0.0,0.0,0.0,,956481973529854621,2025-12-03 22:37:21.640788
2025-12-03,24396,MON,WPG,30004284,Kevin Mandolese,assists,rf_qrf_assists,0.3.0,empirical_qrf,0.0,0.0,0.0,,956481973529854621,2025-12-03 22:37:21.640788
2025-12-03,24396,MON,WPG,30004361,Josh Anderson,assists,rf_qrf_assists,0.3.0,empirical_qrf,0.0,0.0,0.0,,956481973529854621,2025-12-03 22:37:21.640788
2025-12-03,24396,MON,WPG,30004472,Kirby Dach,assists,rf_qrf_assists,0.3.0,empirical_qrf,0.0,0.0,0.0,,956481973529854621,2025-12-03 22:37:21.640788
2025-12-03,24396,MON,WPG,30002781,Sam Montembeault,assists,rf_qrf_assists,0.3.0,empirical_qrf,0.0,0.0,0.0,,956481973529854621,2025-12-03 22:37:21.640788
2025-12-03,24396,MON,WPG,30002825,Alexandre Carrier,assists,rf_qrf_assists,0.3.0,empirical_qrf,0.0,0.0,0.0,,956481973529854621,2025-12-03 22:37:21.640788
2025-12-03,24396,MON,WPG,30003131,Patrik Laine,assists,rf_qrf_assists,0.3.0,empirical_qrf,0.0,0.0,0.0,,956481973529854621,2025-12-03 22:37:21.640788
2025-12-03,24396,MON,WPG,30003667,Nick Suzuki,assists,rf_qrf_assists,0.3.0,empirical_qrf,0.0,0.0,0.0,,956481973529854621,2025-12-03 22:37:21.640788
2025-12-03,24396,MON,WPG,30003958,Nate Clurman,assists,rf_qrf_assists,0.3.0,empirical_qrf,0.0,0.0,0.0,,956481973529854621,2025-12-03 22:37:21.640788
2025-12-03,24396,MON,WPG,30003990,Jake Evans,assists,rf_qrf_assists,0.3.0,empirical_qrf,0.0,0.0,0.0,,956481973529854621,2025-12-03 22:37:21.640788
2025-12-03,24396,MON,WPG,30000015,Brendan Gallagher,assists,rf_qrf_assists,0.3.0,empirical_qrf,0.2607804232804232,0.0,0.805714285714287,,956481973529854621,2025-12-03 22:37:21.640788
2025-12-03,24396,MON,WPG,30000227,Mike Matheson,assists,rf_qrf_assists,0.3.0,empirical_qrf,0.18894642857142854,0.0,0.6666666666666666,,956481973529854621,2025-12-03 22:37:21.640788
2025-12-03,24396,MON,WPG,30000555,Tyler Wotherspoon,assists,rf_qrf_assists,0.3.0,empirical_qrf,0.0,0.0,0.0,,956481973529854621,2025-12-03 22:37:21.640788
2025-12-03,24396,MON,WPG,30001395,Laurent Dauphin,assists,rf_qrf_assists,0.3.0,empirical_qrf,0.0,0.0,0.0,,956481973529854621,2025-12-03 22:37:21.640788
2025-12-03,24396,MON,WPG,30002601,Joshua Jacobs,assists,rf_qrf_assists,0.3.0,empirical_qrf,0.0,0.0,0.0,,956481973529854621,2025-12-03 22:37:21.640788
2025-12-03,24396,MON,WPG,30002663,Vincent Arseneau,assists,rf_qrf_assists,0.3.0,empirical_qrf,0.0,0.0,0.0,,956481973529854621,2025-12-03 22:37:21.640788
2025-12-03,24396,WPG,MON,30005851,Dominic DiVincentiis,assists,rf_qrf_assists,0.3.0,empirical_qrf,0.0,0.0,0.0,,956481973529854621,2025-12-03 22:37:21.640788
2025-12-03,24396,WPG,MON,30006030,Parker Ford,assists,rf_qrf_assists,0.3.0,empirical_qrf,0.0,0.0,0.0,,956481973529854621,2025-12-03 22:37:21.640788
2025-12-03,24396,WPG,MON,30006076,Brayden Yager,assists,rf_qrf_assists,0.3.0,empirical_qrf,0.0008333333333333334,0.0,0.0,,956481973529854621,2025-12-03 22:37:21.640788
2025-12-03,24396,WPG,MON,30006082,Colby Barlow,assists,rf_qrf_assists,0.3.0,empirical_qrf,0.0008333333333333334,0.0,0.0,,956481973529854621,2025-12-03 22:37:21.640788
2025-12-03,24396,WPG,MON,30006260,Jacob Julien,assists,rf_qrf_assists,0.3.0,empirical_qrf,0.0,0.0,0.0,,956481973529854621,2025-12-03 22:37:21.640788
2025-12-03,24396,WPG,MON,30006309,Ethan Frisch,assists,rf_qrf_assists,0.3.0,empirical_qrf,0.0,0.0,0.0,,956481973529854621,2025-12-03 22:37:21.640788
2025-12-03,24396,WPG,MON,30005343,Jaydon Dureau,assists,rf_qrf_assists,0.3.0,empirical_qrf,0.03946626984126984,0.0,0.0,,956481973529854621,2025-12-03 22:37:21.640788
2025-12-03,24396,WPG,MON,30005647,Brad Lambert,assists,rf_qrf_assists,0.3.0,empirical_qrf,0.0,0.0,0.0,,956481973529854621,2025-12-03 22:37:21.640788
2025-12-03,24396,WPG,MON,30005668,Elias Salomonsson,assists,rf_qrf_assists,0.3.0,empirical_qrf,0.007055555555555555,0.0,0.0,,956481973529854621,2025-12-03 22:37:21.640788
2025-12-03,24396,WPG,MON,30005684,Danil Zhilkin,assists,rf_qrf_assists,0.3.0,empirical_qrf,0.0,0.0,0.0,,956481973529854621,2025-12-03 22:37:21.640788
2025-12-03,24396,WPG,MON,30005716,Fabian Wagner,assists,rf_qrf_assists,0.3.0,empirical_qrf,0.0,0.0,0.0,,956481973529854621,2025-12-03 22:37:21.640788
2025-12-03,24396,WPG,MON,30005843,Thomas Milic,assists,rf_qrf_assists,0.3.0,empirical_qrf,0.0,0.0,0.0,,956481973529854621,2025-12-03 22:37:21.640788
2025-12-03,24396,WPG,MON,30004496,Ville Heinola,assists,rf_qrf_assists,0.3.0,empirical_qrf,0.0,0.0,0.0,,956481973529854621,2025-12-03 22:37:21.640788
2025-12-03,24396,WPG,MON,30004534,Samuel Fagemo,assists,rf_qrf_assists,0.3.0,empirical_qrf,0.018944444444444444,0.0,0.0,,956481973529854621,2025-12-03 22:37:21.640788
2025-12-03,24396,WPG,MON,30004813,Cole Perfetti,assists,rf_qrf_assists,0.3.0,empirical_qrf,0.0,0.0,0.0,,956481973529854621,2025-12-03 22:37:21.640788
2025-12-03,24396,WPG,MON,30004943,Walker Duehr,assists,rf_qrf_assists,0.3.0,empirical_qrf,0.0,0.0,0.0,,956481973529854621,2025-12-03 22:37:21.640788
2025-12-03,24396,WPG,MON,30004945,Cole Koepke,assists,rf_qrf_assists,0.3.0,empirical_qrf,0.0,0.0,0.0,,956481973529854621,2025-12-03 22:37:21.640788
2025-12-03,24396,WPG,MON,30005036,Nikita Chibrikov,assists,rf_qrf_assists,0.3.0,empirical_qrf,0.0,0.0,0.0,,956481973529854621,2025-12-03 22:37:21.640788
2025-12-03,24396,WPG,MON,30003603,Neal Pionk,assists,rf_qrf_assists,0.3.0,empirical_qrf,0.0011111111111111111,0.0,0.0,,956481973529854621,2025-12-03 22:37:21.640788
2025-12-03,24396,WPG,MON,30003664,Gabriel Vilardi,assists,rf_qrf_assists,0.3.0,empirical_qrf,0.0,0.0,0.0,,956481973529854621,2025-12-03 22:37:21.640788
2025-12-03,24396,WPG,MON,30003691,Dylan Samberg,assists,rf_qrf_assists,0.3.0,empirical_qrf,0.0008333333333333334,0.0,0.0,,956481973529854621,2025-12-03 22:37:21.640788
2025-12-03,24396,WPG,MON,30003692,Jaret Anderson-Dolan,assists,rf_qrf_assists,0.3.0,empirical_qrf,0.0008333333333333334,0.0,0.0,,956481973529854621,2025-12-03 22:37:21.640788
2025-12-03,24396,WPG,MON,30004110,David Gustafsson,assists,rf_qrf_assists,0.3.0,empirical_qrf,0.0,0.0,0.0,,956481973529854621,2025-12-03 22:37:21.640788
2025-12-03,24396,WPG,MON,30004389,Morgan Barron,assists,rf_qrf_assists,0.3.0,empirical_qrf,0.0,0.0,0.0,,956481973529854621,2025-12-03 22:37:21.640788
2025-12-03,24396,WPG,MON,30001070,Adam Lowry,assists,rf_qrf_assists,0.3.0,empirical_qrf,0.0,0.0,0.0,,956481973529854621,2025-12-03 22:37:21.640788
2025-12-03,24396,WPG,MON,30001224,Dylan DeMelo,assists,rf_qrf_assists,0.3.0,empirical_qrf,0.0,0.0,0.0,,956481973529854621,2025-12-03 22:37:21.640788
2025-12-03,24396,WPG,MON,30002772,Kyle Connor,assists,rf_qrf_assists,0.3.0,empirical_qrf,0.011444444444444445,0.0,0.0,,956481973529854621,2025-12-03 22:37:21.640788
2025-12-03,24396,WPG,MON,30003148,Logan Stanley,assists,rf_qrf_assists,0.3.0,empirical_qrf,0.0,0.0,0.0,,956481973529854621,2025-12-03 22:37:21.640788
2025-12-03,24396,WPG,MON,30003172,Kale Clague,assists,rf_qrf_assists,0.3.0,empirical_qrf,0.0008333333333333334,0.0,0.0,,956481973529854621,2025-12-03 22:37:21.640788
2025-12-03,24396,WPG,MON,30003588,Alex Iafallo,assists,rf_qrf_assists,0.3.0,empirical_qrf,0.0,0.0,0.0,,956481973529854621,2025-12-03 22:37:21.640788
2025-12-03,24396,WPG,MON,30000826,Josh Morrissey,assists,rf_qrf_assists,0.3.0,empirical_qrf,0.0,0.0,0.0,,956481973529854621,2025-12-03 22:37:21.640788
2025-12-03,24396,WPG,MON,30000830,Mark Scheifele,assists,rf_qrf_assists,0.3.0,empirical_qrf,0.0,0.0,0.0,,956481973529854621,2025-12-03 22:37:21.640788
2025-12-03,24396,WPG,MON,30000872,Jonathan Toews,assists,rf_qrf_assists,0.3.0,empirical_qrf,0.0,0.0,0.0,,956481973529854621,2025-12-03 22:37:21.640788
2025-12-03,24396,WPG,MON,30001036,Gustav Nyquist,assists,rf_qrf_assists,0.3.0,empirical_qrf,0.0,0.0,0.0,,956481973529854621,2025-12-03 22:37:21.640788
2025-12-03,24396,WPG,MON,30001050,Vladislav Namestnikov,assists,rf_qrf_assists,0.3.0,empirical_qrf,0.0,0.0,0.0,,956481973529854621,2025-12-03 22:37:21.640788
2025-12-03,24396,WPG,MON,30001061,Eric Comrie,assists,rf_qrf_assists,0.3.0,empirical_qrf,0.0,0.0,0.0,,956481973529854621,2025-12-03 22:37:21.640788
2025-12-03,24397,UTA,ANA,30000229,Lawson Crouse,assists,rf_qrf_assists,0.3.0,empirical_qrf,0.44701851851851854,0.0,1.3333333333333333,,956481973529854621,2025-12-03 22:37:21.640788
2025-12-03,24397,UTA,ANA,30000593,Liam O'Brien,assists,rf_qrf_assists,0.3.0,empirical_qrf,0.0,0.0,0.0,,956481973529854621,2025-12-03 22:37:21.640788
2025-12-03,24397,UTA,ANA,30000594,Nate Schmidt,assists,rf_qrf_assists,0.3.0,empirical_qrf,0.08767460317460317,0.0,0.3333333333333333,,956481973529854621,2025-12-03 22:37:21.640788
2025-12-03,24397,UTA,ANA,30000650,Ian Cole,assists,rf_qrf_assists,0.3.0,empirical_qrf,0.1426499518999519,0.0,0.5,,956481973529854621,2025-12-03 22:37:21.640788
2025-12-03,24397,UTA,ANA,30000659,Olli Määttä,assists,rf_qrf_assists,0.3.0,empirical_qrf,0.0,0.0,0.0,,956481973529854621,2025-12-03 22:37:21.640788
2025-12-03,24397,UTA,ANA,30001104,Robbie Russo,assists,rf_qrf_assists,0.3.0,empirical_qrf,0.0,0.0,0.0,,956481973529854621,2025-12-03 22:37:21.640788
2025-12-03,24397,ANA,UTA,30005940,Vyacheslav Buteyets,assists,rf_qrf_assists,0.3.0,empirical_qrf,0.0,0.0,0.0,,956481973529854621,2025-12-03 22:37:21.640788
2025-12-03,24397,UTA,ANA,30006086,Daniil But,assists,rf_qrf_assists,0.3.0,empirical_qrf,0.0,0.0,0.0,,956481973529854621,2025-12-03 22:37:21.640788
2025-12-03,24397,UTA,ANA,30005650,Maveric Lamoureux,assists,rf_qrf_assists,0.3.0,empirical_qrf,0.0,0.0,0.0,,956481973529854621,2025-12-03 22:37:21.640788
2025-12-03,24397,UTA,ANA,30003424,Kevin Rooney,assists,rf_qrf_assists,0.3.0,empirical_qrf,0.0,0.0,0.0,,956481973529854621,2025-12-03 22:37:21.640788
2025-12-03,24397,ANA,UTA,30006129,Coulson Pitre,assists,rf_qrf_assists,0.3.0,empirical_qrf,0.0,0.0,0.0,,956481973529854621,2025-12-03 22:37:21.640788
2025-12-03,24397,ANA,UTA,30006161,Yegor Sidorov,assists,rf_qrf_assists,0.3.0,empirical_qrf,0.012777777777777777,0.0,0.0,,956481973529854621,2025-12-03 22:37:21.640788
2025-12-03,24397,ANA,UTA,30006162,Konnor Smith,assists,rf_qrf_assists,0.3.0,empirical_qrf,0.0,0.0,0.0,,956481973529854621,2025-12-03 22:37:21.640788
2025-12-03,24397,ANA,UTA,30006310,Roman Kinal,assists,rf_qrf_assists,0.3.0,empirical_qrf,0.0,0.0,0.0,,956481973529854621,2025-12-03 22:37:21.640788
2025-12-03,24397,ANA,UTA,30006353,Easton Armstrong,assists,rf_qrf_assists,0.3.0,empirical_qrf,0.0,0.0,0.0,,956481973529854621,2025-12-03 22:37:21.640788
2025-12-03,24397,ANA,UTA,30006483,Beckett Sennecke,assists,rf_qrf_assists,0.3.0,empirical_qrf,0.0,0.0,0.0,,956481973529854621,2025-12-03 22:37:21.640788
2025-12-03,24397,ANA,UTA,30005678,Tristan Luneau,assists,rf_qrf_assists,0.3.0,empirical_qrf,0.0,0.0,0.0,,956481973529854621,2025-12-03 22:37:21.640788
2025-12-03,24397,ANA,UTA,30005945,Tomas Suchanek,assists,rf_qrf_assists,0.3.0,empirical_qrf,0.0,0.0,0.0,,956481973529854621,2025-12-03 22:37:21.640788
2025-12-03,24397,ANA,UTA,30006016,Jaxsen Wiebe,assists,rf_qrf_assists,0.3.0,empirical_qrf,0.0,0.0,0.0,,956481973529854621,2025-12-03 22:37:21.640788
2025-12-03,24397,ANA,UTA,30006017,Nikita Nesterenko,assists,rf_qrf_assists,0.3.0,empirical_qrf,0.0008333333333333334,0.0,0.0,,956481973529854621,2025-12-03 22:37:21.640788
2025-12-03,24397,ANA,UTA,30006069,Leo Carlsson,assists,rf_qrf_assists,0.3.0,empirical_qrf,0.0,0.0,0.0,,956481973529854621,2025-12-03 22:37:21.640788
2025-12-03,24397,ANA,UTA,30006117,Nico Myatovic,assists,rf_qrf_assists,0.3.0,empirical_qrf,0.0,0.0,0.0,,956481973529854621,2025-12-03 22:37:21.640788
2025-12-03,24397,ANA,UTA,30005275,Tyson Hinds,assists,rf_qrf_assists,0.3.0,empirical_qrf,0.0,0.0,0.0,,956481973529854621,2025-12-03 22:37:21.640788
2025-12-03,24397,ANA,UTA,30005285,Jeremie Biakabutuka,assists,rf_qrf_assists,0.3.0,empirical_qrf,0.0,0.0,0.0,,956481973529854621,2025-12-03 22:37:21.640788
2025-12-03,24397,ANA,UTA,30005615,Pavel Mintyukov,assists,rf_qrf_assists,0.3.0,empirical_qrf,0.0,0.0,0.0,,956481973529854621,2025-12-03 22:37:21.640788
2025-12-03,24397,ANA,UTA,30005620,Cutter Gauthier,assists,rf_qrf_assists,0.3.0,empirical_qrf,0.0,0.0,0.0,,956481973529854621,2025-12-03 22:37:21.640788
2025-12-03,24397,ANA,UTA,30005643,Nathan Gaucher,assists,rf_qrf_assists,0.3.0,empirical_qrf,0.005416666666666667,0.0,0.0,,956481973529854621,2025-12-03 22:37:21.640788
2025-12-03,24397,ANA,UTA,30005677,Noah Warren,assists,rf_qrf_assists,0.3.0,empirical_qrf,0.0,0.0,0.0,,956481973529854621,2025-12-03 22:37:21.640788
2025-12-03,24397,ANA,UTA,30004829,Sam Colangelo,assists,rf_qrf_assists,0.3.0,empirical_qrf,0.0,0.0,0.0,,956481973529854621,2025-12-03 22:37:21.640788
2025-12-03,24397,ANA,UTA,30004861,Ian Moore,assists,rf_qrf_assists,0.3.0,empirical_qrf,0.0,0.0,0.0,,956481973529854621,2025-12-03 22:37:21.640788
2025-12-03,24397,ANA,UTA,30004997,Mason McTavish,assists,rf_qrf_assists,0.3.0,empirical_qrf,0.0,0.0,0.0,,956481973529854621,2025-12-03 22:37:21.640788
2025-12-03,24397,ANA,UTA,30005018,Olen Zellweger,assists,rf_qrf_assists,0.3.0,empirical_qrf,0.0,0.0,0.0,,956481973529854621,2025-12-03 22:37:21.640788
2025-12-03,24397,ANA,UTA,30005051,Sasha Pastujov,assists,rf_qrf_assists,0.3.0,empirical_qrf,0.0,0.0,0.0,,956481973529854621,2025-12-03 22:37:21.640788
2025-12-03,24397,ANA,UTA,30005095,Davis Codd,assists,rf_qrf_assists,0.3.0,empirical_qrf,0.0,0.0,0.0,,956481973529854621,2025-12-03 22:37:21.640788
2025-12-03,24397,ANA,UTA,30003948,David Cotton,assists,rf_qrf_assists,0.3.0,empirical_qrf,0.0,0.0,0.0,,956481973529854621,2025-12-03 22:37:21.640788
2025-12-03,24397,ANA,UTA,30004160,Lukas Dostal,assists,rf_qrf_assists,0.3.0,empirical_qrf,0.0,0.0,0.0,,956481973529854621,2025-12-03 22:37:21.640788
2025-12-03,24397,ANA,UTA,30004512,Drew Helleson,assists,rf_qrf_assists,0.3.0,empirical_qrf,0.0,0.0,0.0,,956481973529854621,2025-12-03 22:37:21.640788
2025-12-03,24397,ANA,UTA,30004526,Jackson LaCombe,assists,rf_qrf_assists,0.3.0,empirical_qrf,0.037660714285714283,0.0,0.0,,956481973529854621,2025-12-03 22:37:21.640788
2025-12-03,24397,ANA,UTA,30004550,Judd Caulfield,assists,rf_qrf_assists,0.3.0,empirical_qrf,0.0,0.0,0.0,,956481973529854621,2025-12-03 22:37:21.640788
2025-12-03,24397,ANA,UTA,30004828,Calle Clang,assists,rf_qrf_assists,0.3.0,empirical_qrf,0.0,0.0,0.0,,956481973529854621,2025-12-03 22:37:21.640788
2025-12-03,24397,ANA,UTA,30002773,Jansen Harkins,assists,rf_qrf_assists,0.3.0,empirical_qrf,0.0,0.0,0.0,,956481973529854621,2025-12-03 22:37:21.640788
2025-12-03,24397,ANA,UTA,30002864,Nikolas Brouillard,assists,rf_qrf_assists,0.3.0,empirical_qrf,0.0,0.0,0.0,,956481973529854621,2025-12-03 22:37:21.640788
2025-12-03,24397,ANA,UTA,30003197,Carsen Twarynski,assists,rf_qrf_assists,0.3.0,empirical_qrf,0.0,0.0,0.0,,956481973529854621,2025-12-03 22:37:21.640788
2025-12-03,24397,ANA,UTA,30003475,Matthew Phillips,assists,rf_qrf_assists,0.3.0,empirical_qrf,0.0,0.0,0.0,,956481973529854621,2025-12-03 22:37:21.640788
2025-12-03,24397,ANA,UTA,30003650,Ryan Poehling,assists,rf_qrf_assists,0.3.0,empirical_qrf,0.0,0.0,0.0,,956481973529854621,2025-12-03 22:37:21.640788
2025-12-03,24397,ANA,UTA,30003747,Troy Terry,assists,rf_qrf_assists,0.3.0,empirical_qrf,0.0,0.0,0.0,,956481973529854621,2025-12-03 22:37:21.640788
2025-12-03,24397,ANA,UTA,30000834,Jacob Trouba,assists,rf_qrf_assists,0.3.0,empirical_qrf,0.0,0.0,0.0,,956481973529854621,2025-12-03 22:37:21.640788
2025-12-03,24397,ANA,UTA,30000998,Ross Johnston,assists,rf_qrf_assists,0.3.0,empirical_qrf,0.0,0.0,0.0,,956481973529854621,2025-12-03 22:37:21.640788
2025-12-03,24397,ANA,UTA,30001005,Ryan Strome,assists,rf_qrf_assists,0.3.0,empirical_qrf,0.0,0.0,0.0,,956481973529854621,2025-12-03 22:37:21.640788
2025-12-03,24397,ANA,UTA,30001009,Petr Mrazek,assists,rf_qrf_assists,0.3.0,empirical_qrf,0.0,0.0,0.0,,956481973529854621,2025-12-03 22:37:21.640788
2025-12-03,24397,ANA,UTA,30002528,Tyrell Goulbourne,assists,rf_qrf_assists,0.3.0,empirical_qrf,0.0,0.0,0.0,,956481973529854621,2025-12-03 22:37:21.640788
2025-12-03,24397,ANA,UTA,30002760,Ville Husso,assists,rf_qrf_assists,0.3.0,empirical_qrf,0.0,0.0,0.0,,956481973529854621,2025-12-03 22:37:21.640788
2025-12-03,24397,ANA,UTA,30000269,Radko Gudas,assists,rf_qrf_assists,0.3.0,empirical_qrf,0.0,0.0,0.0,,956481973529854621,2025-12-03 22:37:21.640788
2025-12-03,24397,ANA,UTA,30000320,Chris Kreider,assists,rf_qrf_assists,0.3.0,empirical_qrf,0.0,0.0,0.0,,956481973529854621,2025-12-03 22:37:21.640788
2025-12-03,24397,ANA,UTA,30000509,Justin Bailey,assists,rf_qrf_assists,0.3.0,empirical_qrf,0.0,0.0,0.0,,956481973529854621,2025-12-03 22:37:21.640788
2025-12-03,24397,ANA,UTA,30000515,Mikael Granlund,assists,rf_qrf_assists,0.3.0,empirical_qrf,0.19967857142857143,0.0,0.6666666666666666,,956481973529854621,2025-12-03 22:37:21.640788
2025-12-03,24397,ANA,UTA,30000609,Frank Vatrano,assists,rf_qrf_assists,0.3.0,empirical_qrf,0.0,0.0,0.0,,956481973529854621,2025-12-03 22:37:21.640788
2025-12-03,24397,ANA,UTA,30000739,Alex Killorn,assists,rf_qrf_assists,0.3.0,empirical_qrf,0.0,0.0,0.0,,956481973529854621,2025-12-03 22:37:21.640788
2025-12-03,24397,UTA,ANA,30004623,Ben McCartney,assists,rf_qrf_assists,0.3.0,empirical_qrf,0.0,0.0,0.0,,956481973529854621,2025-12-03 22:37:21.640788
2025-12-03,24397,UTA,ANA,30004867,JJ Peterka,assists,rf_qrf_assists,0.3.0,empirical_qrf,0.0,0.0,0.0,,956481973529854621,2025-12-03 22:37:21.640788
2025-12-03,24397,UTA,ANA,30004957,Karel Vejmelka,assists,rf_qrf_assists,0.3.0,empirical_qrf,0.0,0.0,0.0,,956481973529854621,2025-12-03 22:37:21.640788
2025-12-03,24397,UTA,ANA,30004996,Dylan Guenther,assists,rf_qrf_assists,0.3.0,empirical_qrf,0.03723809523809524,0.0,0.0,,956481973529854621,2025-12-03 22:37:21.640788
2025-12-03,24397,UTA,ANA,30005567,Jaxson Stauber,assists,rf_qrf_assists,0.3.0,empirical_qrf,0.0,0.0,0.0,,956481973529854621,2025-12-03 22:37:21.640788
2025-12-03,24397,UTA,ANA,30005614,Logan Cooley,assists,rf_qrf_assists,0.3.0,empirical_qrf,0.0,0.0,0.0,,956481973529854621,2025-12-03 22:37:21.640788
2025-12-03,24397,UTA,ANA,30003988,Cameron Hebig,assists,rf_qrf_assists,0.3.0,empirical_qrf,0.0,0.0,0.0,,956481973529854621,2025-12-03 22:37:21.640788
2025-12-03,24397,UTA,ANA,30004078,Barrett Hayton,assists,rf_qrf_assists,0.3.0,empirical_qrf,0.0,0.0,0.0,,956481973529854621,2025-12-03 22:37:21.640788
2025-12-03,24397,UTA,ANA,30004113,Jack McBain,assists,rf_qrf_assists,0.3.0,empirical_qrf,0.0,0.0,0.0,,956481973529854621,2025-12-03 22:37:21.640788
2025-12-03,24397,UTA,ANA,30004141,Sean Durzi,assists,rf_qrf_assists,0.3.0,empirical_qrf,0.0,0.0,0.0,,956481973529854621,2025-12-03 22:37:21.640788
2025-12-03,24397,UTA,ANA,30004170,Scott Perunovich,assists,rf_qrf_assists,0.3.0,empirical_qrf,0.0,0.0,0.0,,956481973529854621,2025-12-03 22:37:21.640788
2025-12-03,24397,UTA,ANA,30004585,John Marino,assists,rf_qrf_assists,0.3.0,empirical_qrf,0.0,0.0,0.0,,956481973529854621,2025-12-03 22:37:21.640788
2025-12-03,24397,UTA,ANA,30003235,Michael Carcone,assists,rf_qrf_assists,0.3.0,empirical_qrf,0.0,0.0,0.0,,956481973529854621,2025-12-03 22:37:21.640788
2025-12-03,24397,UTA,ANA,30003572,Nick DeSimone,assists,rf_qrf_assists,0.3.0,empirical_qrf,0.0,0.0,0.0,,956481973529854621,2025-12-03 22:37:21.640788
2025-12-03,24397,UTA,ANA,30003662,Juuso Valimaki,assists,rf_qrf_assists,0.3.0,empirical_qrf,0.0,0.0,0.0,,956481973529854621,2025-12-03 22:37:21.640788
2025-12-03,24397,UTA,ANA,30003663,Kailer Yamamoto,assists,rf_qrf_assists,0.3.0,empirical_qrf,0.0,0.0,0.0,,956481973529854621,2025-12-03 22:37:21.640788
2025-12-03,24397,UTA,ANA,30003723,Matt Villalta,assists,rf_qrf_assists,0.3.0,empirical_qrf,0.0,0.0,0.0,,956481973529854621,2025-12-03 22:37:21.640788
2025-12-03,24397,UTA,ANA,30003753,Alexander Kerfoot,assists,rf_qrf_assists,0.3.0,empirical_qrf,0.0,0.0,0.0,,956481973529854621,2025-12-03 22:37:21.640788
2025-12-03,24397,UTA,ANA,30002583,Nick Schmaltz,assists,rf_qrf_assists,0.3.0,empirical_qrf,0.0,0.0,0.0,,956481973529854621,2025-12-03 22:37:21.640788
2025-12-03,24397,UTA,ANA,30002600,Vitek Vanecek,assists,rf_qrf_assists,0.3.0,empirical_qrf,0.0,0.0,0.0,,956481973529854621,2025-12-03 22:37:21.640788
2025-12-03,24397,UTA,ANA,30002841,Kevin Stenlund,assists,rf_qrf_assists,0.3.0,empirical_qrf,0.0,0.0,0.0,,956481973529854621,2025-12-03 22:37:21.640788
2025-12-03,24397,UTA,ANA,30003053,Brandon Tanev,assists,rf_qrf_assists,0.3.0,empirical_qrf,0.0,0.0,0.0,,956481973529854621,2025-12-03 22:37:21.640788
2025-12-03,24397,UTA,ANA,30003137,Mikhail Sergachev,assists,rf_qrf_assists,0.3.0,empirical_qrf,0.0,0.0,0.0,,956481973529854621,2025-12-03 22:37:21.640788
2025-12-03,24397,UTA,ANA,30003141,Clayton Keller,assists,rf_qrf_assists,0.3.0,empirical_qrf,0.0,0.0,0.0,,956481973529854621,2025-12-03 22:37:21.640788
2025-12-03,24398,WAS,SJ,30000330,Dylan McIlrath,assists,rf_qrf_assists,0.3.0,empirical_qrf,0.052377224627224626,0.0,0.25,,956481973529854621,2025-12-03 22:37:21.640788
2025-12-03,24398,WAS,SJ,30000341,Anthony Beauvillier,assists,rf_qrf_assists,0.3.0,empirical_qrf,0.04884126984126984,0.0,0.25,,956481973529854621,2025-12-03 22:37:21.640788
2025-12-03,24398,WAS,SJ,30000375,Tom Wilson,assists,rf_qrf_assists,0.3.0,empirical_qrf,0.23759788359788359,0.0,0.7800000000000005,,956481973529854621,2025-12-03 22:37:21.640788
2025-12-03,24398,WAS,SJ,30000378,Alex Ovechkin,assists,rf_qrf_assists,0.3.0,empirical_qrf,0.0,0.0,0.0,,956481973529854621,2025-12-03 22:37:21.640788
2025-12-03,24398,WAS,SJ,30000385,Aaron Ness,assists,rf_qrf_assists,0.3.0,empirical_qrf,0.0,0.0,0.0,,956481973529854621,2025-12-03 22:37:21.640788
2025-12-03,24398,WAS,SJ,30000429,Sonny Milano,assists,rf_qrf_assists,0.3.0,empirical_qrf,0.0,0.0,0.0,,956481973529854621,2025-12-03 22:37:21.640788
2025-12-03,24398,SJ,WAS,30006189,Luca Cagnoni,assists,rf_qrf_assists,0.3.0,empirical_qrf,0.0,0.0,0.0,,956481973529854621,2025-12-03 22:37:21.640788
2025-12-03,24398,SJ,WAS,30006307,Anthony Vincent,assists,rf_qrf_assists,0.3.0,empirical_qrf,0.0,0.0,0.0,,956481973529854621,2025-12-03 22:37:21.640788
2025-12-03,24398,SJ,WAS,30006468,Collin Graf,assists,rf_qrf_assists,0.3.0,empirical_qrf,0.0,0.0,0.0,,956481973529854621,2025-12-03 22:37:21.640788
2025-12-03,24398,SJ,WAS,30006484,Sam Dickinson,assists,rf_qrf_assists,0.3.0,empirical_qrf,0.0,0.0,0.0,,956481973529854621,2025-12-03 22:37:21.640788
2025-12-03,24398,SJ,WAS,30006491,Macklin Celebrini,assists,rf_qrf_assists,0.3.0,empirical_qrf,0.0,0.0,0.0,,956481973529854621,2025-12-03 22:37:21.640788
2025-12-03,24398,WAS,SJ,30004910,Bogdan Trineyev,assists,rf_qrf_assists,0.3.0,empirical_qrf,0.0,0.0,0.0,,956481973529854621,2025-12-03 22:37:21.640788
2025-12-03,24398,SJ,WAS,30005752,Patrick Giles,assists,rf_qrf_assists,0.3.0,empirical_qrf,0.0,0.0,0.0,,956481973529854621,2025-12-03 22:37:21.640788
2025-12-03,24398,SJ,WAS,30005839,Jake Furlong,assists,rf_qrf_assists,0.3.0,empirical_qrf,0.0,0.0,0.0,,956481973529854621,2025-12-03 22:37:21.640788
2025-12-03,24398,SJ,WAS,30006008,Nolan Burke,assists,rf_qrf_assists,0.3.0,empirical_qrf,0.0,0.0,0.0,,956481973529854621,2025-12-03 22:37:21.640788
2025-12-03,24398,SJ,WAS,30006066,Will Smith,assists,rf_qrf_assists,0.3.0,empirical_qrf,0.0,0.0,0.0,,956481973529854621,2025-12-03 22:37:21.640788
2025-12-03,24398,SJ,WAS,30006085,Quentin Musty,assists,rf_qrf_assists,0.3.0,empirical_qrf,0.0,0.0,0.0,,956481973529854621,2025-12-03 22:37:21.640788
2025-12-03,24398,SJ,WAS,30006114,Kasper Halttunen,assists,rf_qrf_assists,0.3.0,empirical_qrf,0.0,0.0,0.0,,956481973529854621,2025-12-03 22:37:21.640788
2025-12-03,24398,SJ,WAS,30005031,Vincent Iorio,assists,rf_qrf_assists,0.3.0,empirical_qrf,0.0,0.0,0.0,,956481973529854621,2025-12-03 22:37:21.640788
2025-12-03,24398,SJ,WAS,30005081,Cole Clayton,assists,rf_qrf_assists,0.3.0,empirical_qrf,0.0,0.0,0.0,,956481973529854621,2025-12-03 22:37:21.640788
2025-12-03,24398,SJ,WAS,30005207,Ethan Cardwell,assists,rf_qrf_assists,0.3.0,empirical_qrf,0.0,0.0,0.0,,956481973529854621,2025-12-03 22:37:21.640788
2025-12-03,24398,SJ,WAS,30005602,Pavol Regenda,assists,rf_qrf_assists,0.3.0,empirical_qrf,0.0,0.0,0.0,,956481973529854621,2025-12-03 22:37:21.640788
2025-12-03,24398,SJ,WAS,30005628,Yaroslav Askarov,assists,rf_qrf_assists,0.3.0,empirical_qrf,0.0,0.0,0.0,,956481973529854621,2025-12-03 22:37:21.640788
2025-12-03,24398,SJ,WAS,30005649,Filip Bystedt,assists,rf_qrf_assists,0.3.0,empirical_qrf,0.0,0.0,0.0,,956481973529854621,2025-12-03 22:37:21.640788
2025-12-03,24398,SJ,WAS,30004136,Jakub Skarek,assists,rf_qrf_assists,0.3.0,empirical_qrf,0.0,0.0,0.0,,956481973529854621,2025-12-03 22:37:21.640788
2025-12-03,24398,SJ,WAS,30004392,Jimmy Huntington,assists,rf_qrf_assists,0.3.0,empirical_qrf,0.0,0.0,0.0,,956481973529854621,2025-12-03 22:37:21.640788
2025-12-03,24398,SJ,WAS,30004654,Beck Warm,assists,rf_qrf_assists,0.3.0,empirical_qrf,0.0,0.0,0.0,,956481973529854621,2025-12-03 22:37:21.640788
2025-12-03,24398,SJ,WAS,30004811,Shakir Mukhamadullin,assists,rf_qrf_assists,0.3.0,empirical_qrf,0.0,0.0,0.0,,956481973529854621,2025-12-03 22:37:21.640788
2025-12-03,24398,SJ,WAS,30004995,William Eklund,assists,rf_qrf_assists,0.3.0,empirical_qrf,0.0,0.0,0.0,,956481973529854621,2025-12-03 22:37:21.640788
2025-12-03,24398,SJ,WAS,30005013,Zack Ostapchuk,assists,rf_qrf_assists,0.3.0,empirical_qrf,0.0,0.0,0.0,,956481973529854621,2025-12-03 22:37:21.640788
2025-12-03,24398,SJ,WAS,30003651,Shane Bowers,assists,rf_qrf_assists,0.3.0,empirical_qrf,0.0008333333333333334,0.0,0.0,,956481973529854621,2025-12-03 22:37:21.640788
2025-12-03,24398,SJ,WAS,30003693,Mario Ferraro,assists,rf_qrf_assists,0.3.0,empirical_qrf,0.0,0.0,0.0,,956481973529854621,2025-12-03 22:37:21.640788
2025-12-03,24398,SJ,WAS,30003937,Vincent Desharnais,assists,rf_qrf_assists,0.3.0,empirical_qrf,0.0,0.0,0.0,,956481973529854621,2025-12-03 22:37:21.640788
2025-12-03,24398,SJ,WAS,30003989,Adam Gaudette,assists,rf_qrf_assists,0.3.0,empirical_qrf,0.0,0.0,0.0,,956481973529854621,2025-12-03 22:37:21.640788
2025-12-03,24398,SJ,WAS,30004092,Ty Dellandrea,assists,rf_qrf_assists,0.3.0,empirical_qrf,0.0,0.0,0.0,,956481973529854621,2025-12-03 22:37:21.640788
2025-12-03,24398,SJ,WAS,30004123,Philipp Kurashev,assists,rf_qrf_assists,0.3.0,empirical_qrf,0.0,0.0,0.0,,956481973529854621,2025-12-03 22:37:21.640788
2025-12-03,24398,SJ,WAS,30000754,John Klingberg,assists,rf_qrf_assists,0.3.0,empirical_qrf,0.0,0.0,0.0,,956481973529854621,2025-12-03 22:37:21.640788
2025-12-03,24398,SJ,WAS,30000914,Barclay Goodrow,assists,rf_qrf_assists,0.3.0,empirical_qrf,0.0,0.0,0.0,,956481973529854621,2025-12-03 22:37:21.640788
2025-12-03,24398,SJ,WAS,30001301,Ryan Reaves,assists,rf_qrf_assists,0.3.0,empirical_qrf,0.0,0.0,0.0,,956481973529854621,2025-12-03 22:37:21.640788
2025-12-03,24398,SJ,WAS,30002590,Alex Nedeljkovic,assists,rf_qrf_assists,0.3.0,empirical_qrf,0.0,0.0,0.0,,956481973529854621,2025-12-03 22:37:21.640788
2025-12-03,24398,SJ,WAS,30002693,Aaron Dell,assists,rf_qrf_assists,0.3.0,empirical_qrf,0.0,0.0,0.0,,956481973529854621,2025-12-03 22:37:21.640788
2025-12-03,24398,SJ,WAS,30003648,Timothy Liljegren,assists,rf_qrf_assists,0.3.0,empirical_qrf,0.0,0.0,0.0,,956481973529854621,2025-12-03 22:37:21.640788
2025-12-03,24398,SJ,WAS,30000157,Tyler Toffoli,assists,rf_qrf_assists,0.3.0,empirical_qrf,0.5837579365079366,0.0,1.6666666666666667,,956481973529854621,2025-12-03 22:37:21.640788
2025-12-03,24398,SJ,WAS,30000182,Ryan Ellis,assists,rf_qrf_assists,0.3.0,empirical_qrf,0.0,0.0,0.0,,956481973529854621,2025-12-03 22:37:21.640788
2025-12-03,24398,SJ,WAS,30000287,Nick Leddy,assists,rf_qrf_assists,0.3.0,empirical_qrf,0.0,0.0,0.0,,956481973529854621,2025-12-03 22:37:21.640788
2025-12-03,24398,SJ,WAS,30000384,Dmitry Orlov,assists,rf_qrf_assists,0.3.0,empirical_qrf,0.0,0.0,0.0,,956481973529854621,2025-12-03 22:37:21.640788
2025-12-03,24398,SJ,WAS,30000426,Alexander Wennberg,assists,rf_qrf_assists,0.3.0,empirical_qrf,0.0,0.0,0.0,,956481973529854621,2025-12-03 22:37:21.640788
2025-12-03,24398,SJ,WAS,30000642,Jeff Skinner,assists,rf_qrf_assists,0.3.0,empirical_qrf,0.0,0.0,0.0,,956481973529854621,2025-12-03 22:37:21.640788
2025-12-03,24398,WAS,SJ,30005098,Luke Toporowski,assists,rf_qrf_assists,0.3.0,empirical_qrf,0.0,0.0,0.0,,956481973529854621,2025-12-03 22:37:21.640788
2025-12-03,24398,WAS,SJ,30005788,Ethen Frank,assists,rf_qrf_assists,0.3.0,empirical_qrf,0.0,0.0,0.0,,956481973529854621,2025-12-03 22:37:21.640788
2025-12-03,24398,WAS,SJ,30006062,Ryan Leonard,assists,rf_qrf_assists,0.3.0,empirical_qrf,0.0,0.0,0.0,,956481973529854621,2025-12-03 22:37:21.640788
2025-12-03,24398,WAS,SJ,30006408,Simon Pinard,assists,rf_qrf_assists,0.3.0,empirical_qrf,0.0,0.0,0.0,,956481973529854621,2025-12-03 22:37:21.640788
2025-12-03,24398,SJ,WAS,30000007,Carey Price,assists,rf_qrf_assists,0.3.0,empirical_qrf,0.0,0.0,0.0,,956481973529854621,2025-12-03 22:37:21.640788
2025-12-03,24398,SJ,WAS,30000128,Logan Couture,assists,rf_qrf_assists,0.3.0,empirical_qrf,0.0,0.0,0.0,,956481973529854621,2025-12-03 22:37:21.640788
2025-12-03,24398,WAS,SJ,30004562,Aliaksei Protas,assists,rf_qrf_assists,0.3.0,empirical_qrf,0.0,0.0,0.0,,956481973529854621,2025-12-03 22:37:21.640788
2025-12-03,24398,WAS,SJ,30004579,Dalton Smith,assists,rf_qrf_assists,0.3.0,empirical_qrf,0.0,0.0,0.0,,956481973529854621,2025-12-03 22:37:21.640788
2025-12-03,24398,WAS,SJ,30004613,Michael Kim,assists,rf_qrf_assists,0.3.0,empirical_qrf,0.0,0.0,0.0,,956481973529854621,2025-12-03 22:37:21.640788
2025-12-03,24398,WAS,SJ,30004664,Corey Schueneman,assists,rf_qrf_assists,0.3.0,empirical_qrf,0.0,0.0,0.0,,956481973529854621,2025-12-03 22:37:21.640788
2025-12-03,24398,WAS,SJ,30004808,Hendrix Lapierre,assists,rf_qrf_assists,0.3.0,empirical_qrf,0.0,0.0,0.0,,956481973529854621,2025-12-03 22:37:21.640788
2025-12-03,24398,WAS,SJ,30004878,Justin Sourdif,assists,rf_qrf_assists,0.3.0,empirical_qrf,0.0,0.0,0.0,,956481973529854621,2025-12-03 22:37:21.640788
2025-12-03,24398,WAS,SJ,30003973,Logan Thompson,assists,rf_qrf_assists,0.3.0,empirical_qrf,0.0,0.0,0.0,,956481973529854621,2025-12-03 22:37:21.640788
2025-12-03,24398,WAS,SJ,30004099,Rasmus Sandin,assists,rf_qrf_assists,0.3.0,empirical_qrf,0.0,0.0,0.0,,956481973529854621,2025-12-03 22:37:21.640788
2025-12-03,24398,WAS,SJ,30004152,Martin Fehérváry,assists,rf_qrf_assists,0.3.0,empirical_qrf,0.0,0.0,0.0,,956481973529854621,2025-12-03 22:37:21.640788
2025-12-03,24398,WAS,SJ,30004302,Declan Chisholm,assists,rf_qrf_assists,0.3.0,empirical_qrf,0.0,0.0,0.0,,956481973529854621,2025-12-03 22:37:21.640788
2025-12-03,24398,WAS,SJ,30004491,Connor McMichael,assists,rf_qrf_assists,0.3.0,empirical_qrf,0.0,0.0,0.0,,956481973529854621,2025-12-03 22:37:21.640788
2025-12-03,24398,WAS,SJ,30004500,Brett Leason,assists,rf_qrf_assists,0.3.0,empirical_qrf,0.0,0.0,0.0,,956481973529854621,2025-12-03 22:37:21.640788
2025-12-03,24398,WAS,SJ,30003035,Spencer Smallman,assists,rf_qrf_assists,0.3.0,empirical_qrf,0.0,0.0,0.0,,956481973529854621,2025-12-03 22:37:21.640788
2025-12-03,24398,WAS,SJ,30003132,Pierre-Luc Dubois,assists,rf_qrf_assists,0.3.0,empirical_qrf,0.0,0.0,0.0,,956481973529854621,2025-12-03 22:37:21.640788
2025-12-03,24398,WAS,SJ,30003138,Jakob Chychrun,assists,rf_qrf_assists,0.3.0,empirical_qrf,0.0,0.0,0.0,,956481973529854621,2025-12-03 22:37:21.640788
2025-12-03,24398,WAS,SJ,30003561,Matt Roy,assists,rf_qrf_assists,0.3.0,empirical_qrf,0.0,0.0,0.0,,956481973529854621,2025-12-03 22:37:21.640788
2025-12-03,24398,WAS,SJ,30003759,Matthew Strome,assists,rf_qrf_assists,0.3.0,empirical_qrf,0.0,0.0,0.0,,956481973529854621,2025-12-03 22:37:21.640788
2025-12-03,24398,WAS,SJ,30003933,Brandon Duhaime,assists,rf_qrf_assists,0.3.0,empirical_qrf,0.0,0.0,0.0,,956481973529854621,2025-12-03 22:37:21.640788
2025-12-03,24398,WAS,SJ,30000587,John Carlson,assists,rf_qrf_assists,0.3.0,empirical_qrf,0.0,0.0,0.0,,956481973529854621,2025-12-03 22:37:21.640788
2025-12-03,24398,WAS,SJ,30000954,Dylan Strome,assists,rf_qrf_assists,0.3.0,empirical_qrf,0.0,0.0,0.0,,956481973529854621,2025-12-03 22:37:21.640788
2025-12-03,24398,WAS,SJ,30001023,Trevor van Riemsdyk,assists,rf_qrf_assists,0.3.0,empirical_qrf,0.0,0.0,0.0,,956481973529854621,2025-12-03 22:37:21.640788
2025-12-03,24398,WAS,SJ,30002620,Louie Belpedio,assists,rf_qrf_assists,0.3.0,empirical_qrf,0.0,0.0,0.0,,956481973529854621,2025-12-03 22:37:21.640788
2025-12-03,24398,WAS,SJ,30002695,Nic Dowd,assists,rf_qrf_assists,0.3.0,empirical_qrf,0.0,0.0,0.0,,956481973529854621,2025-12-03 22:37:21.640788
2025-12-03,24398,WAS,SJ,30003026,Charlie Lindgren,assists,rf_qrf_assists,0.3.0,empirical_qrf,0.0,0.0,0.0,,956481973529854621,2025-12-03 22:37:21.640788
2025-12-03,24394,DAL,NJ,30000166,Alexander Petrovic,shots_on_goal,rf_qrf_shots_on_goal,0.3.0,empirical_qrf,1.1437844932844932,0.0,3.25,,956481973529854621,2025-12-03 22:37:23.596514
2025-12-03,24394,DAL,NJ,30000702,Antoine Bibeau,shots_on_goal,rf_qrf_shots_on_goal,0.3.0,empirical_qrf,0.0,0.0,0.0,,956481973529854621,2025-12-03 22:37:23.596514
2025-12-03,24394,DAL,NJ,30000735,Adam Erne,shots_on_goal,rf_qrf_shots_on_goal,0.3.0,empirical_qrf,0.8459404761904762,0.0,3.0,,956481973529854621,2025-12-03 22:37:23.596514
2025-12-03,24394,DAL,NJ,30000750,Radek Faksa,shots_on_goal,rf_qrf_shots_on_goal,0.3.0,empirical_qrf,0.8399728835978836,0.0,2.5,,956481973529854621,2025-12-03 22:37:23.596514
2025-12-03,24394,DAL,NJ,30000755,Esa Lindell,shots_on_goal,rf_qrf_shots_on_goal,0.3.0,empirical_qrf,0.6985383597883599,0.0,2.5,,956481973529854621,2025-12-03 22:37:23.596514
2025-12-03,24394,DAL,NJ,30000756,Curtis McKenzie,shots_on_goal,rf_qrf_shots_on_goal,0.3.0,empirical_qrf,0.0,0.0,0.0,,956481973529854621,2025-12-03 22:37:23.596514
2025-12-03,24394,NJ,DAL,30006356,Matyas Melovsky,shots_on_goal,rf_qrf_shots_on_goal,0.3.0,empirical_qrf,0.007044973544973545,0.0,0.0,,956481973529854621,2025-12-03 22:37:23.596514
2025-12-03,24394,NJ,DAL,30005278,Mikael Diotte,shots_on_goal,rf_qrf_shots_on_goal,0.3.0,empirical_qrf,0.046575396825396825,0.0,0.0,,956481973529854621,2025-12-03 22:37:23.596514
2025-12-03,24394,NJ,DAL,30005466,Arseniy Gritsyuk,shots_on_goal,rf_qrf_shots_on_goal,0.3.0,empirical_qrf,1.3938174603174602,0.0,3.0,,956481973529854621,2025-12-03 22:37:23.596514
2025-12-03,24394,NJ,DAL,30005561,Marc McLaughlin,shots_on_goal,rf_qrf_shots_on_goal,0.3.0,empirical_qrf,0.0,0.0,0.0,,956481973529854621,2025-12-03 22:37:23.596514
2025-12-03,24394,NJ,DAL,30005569,Brian Halonen,shots_on_goal,rf_qrf_shots_on_goal,0.3.0,empirical_qrf,0.9594662698412698,0.0,3.0,,956481973529854621,2025-12-03 22:37:23.596514
2025-12-03,24394,NJ,DAL,30005613,Simon Nemec,shots_on_goal,rf_qrf_shots_on_goal,0.3.0,empirical_qrf,0.3241883116883117,0.0,1.0,,956481973529854621,2025-12-03 22:37:23.596514
2025-12-03,24394,NJ,DAL,30006223,Jeremy Hanzel,shots_on_goal,rf_qrf_shots_on_goal,0.3.0,empirical_qrf,0.0,0.0,0.0,,956481973529854621,2025-12-03 22:37:23.596514
2025-12-03,24394,NJ,DAL,30004470,Jack Hughes,shots_on_goal,rf_qrf_shots_on_goal,0.3.0,empirical_qrf,0.9508988095238096,0.0,2.75,,956481973529854621,2025-12-03 22:37:23.596514
2025-12-03,24394,NJ,DAL,30004549,Nathan Legare,shots_on_goal,rf_qrf_shots_on_goal,0.3.0,empirical_qrf,0.859577380952381,0.0,3.0,,956481973529854621,2025-12-03 22:37:23.596514
2025-12-03,24394,NJ,DAL,30004810,Dawson Mercer,shots_on_goal,rf_qrf_shots_on_goal,0.3.0,empirical_qrf,1.3006283068783069,0.0,3.0,,956481973529854621,2025-12-03 22:37:23.596514
2025-12-03,24394,NJ,DAL,30004827,Thomas Bordeleau,shots_on_goal,rf_qrf_shots_on_goal,0.3.0,empirical_qrf,0.046575396825396825,0.0,0.0,,956481973529854621,2025-12-03 22:37:23.596514
2025-12-03,24394,NJ,DAL,30004833,Nico Daws,shots_on_goal,rf_qrf_shots_on_goal,0.3.0,empirical_qrf,0.0,0.0,0.0,,956481973529854621,2025-12-03 22:37:23.596514
2025-12-03,24394,NJ,DAL,30004986,Luke Hughes,shots_on_goal,rf_qrf_shots_on_goal,0.3.0,empirical_qrf,0.0,0.0,0.0,,956481973529854621,2025-12-03 22:37:23.596514
2025-12-03,24394,NJ,DAL,30003612,Jesper Bratt,shots_on_goal,rf_qrf_shots_on_goal,0.3.0,empirical_qrf,3.1568809523809525,0.0,5.5,,956481973529854621,2025-12-03 22:37:23.596514
2025-12-03,24394,NJ,DAL,30003639,Nico Hischier,shots_on_goal,rf_qrf_shots_on_goal,0.3.0,empirical_qrf,2.3874146825396823,0.0,4.671428571428573,,956481973529854621,2025-12-03 22:37:23.596514
2025-12-03,24394,NJ,DAL,30003642,Cody Glass,shots_on_goal,rf_qrf_shots_on_goal,0.3.0,empirical_qrf,0.6985383597883599,0.0,2.5,,956481973529854621,2025-12-03 22:37:23.596514
2025-12-03,24394,NJ,DAL,30003726,Johnathan Kovacevic,shots_on_goal,rf_qrf_shots_on_goal,0.3.0,empirical_qrf,0.13625396825396824,0.0,0.6666666666666666,,956481973529854621,2025-12-03 22:37:23.596514
2025-12-03,24394,NJ,DAL,30003983,Austin Strand,shots_on_goal,rf_qrf_shots_on_goal,0.3.0,empirical_qrf,0.06826190476190476,0.0,0.0,,956481973529854621,2025-12-03 22:37:23.596514
2025-12-03,24394,NJ,DAL,30004384,Paul Cotter,shots_on_goal,rf_qrf_shots_on_goal,0.3.0,empirical_qrf,1.2880734126984128,0.0,3.0,,956481973529854621,2025-12-03 22:37:23.596514
2025-12-03,24394,NJ,DAL,30001226,Timo Meier,shots_on_goal,rf_qrf_shots_on_goal,0.3.0,empirical_qrf,1.124079365079365,0.0,3.5,,956481973529854621,2025-12-03 22:37:23.596514
2025-12-03,24394,NJ,DAL,30001786,Evgenii Dadonov,shots_on_goal,rf_qrf_shots_on_goal,0.3.0,empirical_qrf,0.021035714285714283,0.0,0.0,,956481973529854621,2025-12-03 22:37:23.596514
2025-12-03,24394,NJ,DAL,30002609,Juho Lammikko,shots_on_goal,rf_qrf_shots_on_goal,0.3.0,empirical_qrf,1.0383716931216929,0.0,2.5,,956481973529854621,2025-12-03 22:37:23.596514
2025-12-03,24394,NJ,DAL,30003154,Dennis Cholowski,shots_on_goal,rf_qrf_shots_on_goal,0.3.0,empirical_qrf,0.23548809523809525,0.0,0.8200000000000046,,956481973529854621,2025-12-03 22:37:23.596514
2025-12-03,24394,NJ,DAL,30003404,Zack MacEwen,shots_on_goal,rf_qrf_shots_on_goal,0.3.0,empirical_qrf,0.08980753968253968,0.0,0.016666666666670455,,956481973529854621,2025-12-03 22:37:23.596514
2025-12-03,24394,NJ,DAL,30003568,Joseph Gambardella,shots_on_goal,rf_qrf_shots_on_goal,0.3.0,empirical_qrf,0.0,0.0,0.0,,956481973529854621,2025-12-03 22:37:23.596514
2025-12-03,24394,NJ,DAL,30000665,Jake Allen,shots_on_goal,rf_qrf_shots_on_goal,0.3.0,empirical_qrf,0.0,0.0,0.0,,956481973529854621,2025-12-03 22:37:23.596514
2025-12-03,24394,NJ,DAL,30000844,Luke Glendening,shots_on_goal,rf_qrf_shots_on_goal,0.3.0,empirical_qrf,0.07227777777777777,0.0,0.0,,956481973529854621,2025-12-03 22:37:23.596514
2025-12-03,24394,NJ,DAL,30000886,Stefan Noesen,shots_on_goal,rf_qrf_shots_on_goal,0.3.0,empirical_qrf,2.1323578643578642,0.0,4.0,,956481973529854621,2025-12-03 22:37:23.596514
2025-12-03,24394,NJ,DAL,30001052,Ondrej Palat,shots_on_goal,rf_qrf_shots_on_goal,0.3.0,empirical_qrf,0.11263095238095237,0.0,0.43571428571428733,,956481973529854621,2025-12-03 22:37:23.596514
2025-12-03,24394,NJ,DAL,30001108,Jonas Siegenthaler,shots_on_goal,rf_qrf_shots_on_goal,0.3.0,empirical_qrf,0.08980753968253968,0.0,0.016666666666670455,,956481973529854621,2025-12-03 22:37:23.596514
2025-12-03,24394,NJ,DAL,30001225,Brenden Dillon,shots_on_goal,rf_qrf_shots_on_goal,0.3.0,empirical_qrf,0.019507936507936505,0.0,0.0,,956481973529854621,2025-12-03 22:37:23.596514
2025-12-03,24394,DAL,NJ,30006457,Justin Hryckowian,shots_on_goal,rf_qrf_shots_on_goal,0.3.0,empirical_qrf,0.11147222222222221,0.0,0.3333333333333333,,956481973529854621,2025-12-03 22:37:23.596514
2025-12-03,24394,NJ,DAL,30000070,Dougie Hamilton,shots_on_goal,rf_qrf_shots_on_goal,0.3.0,empirical_qrf,2.5798214285714285,0.0,4.5,,956481973529854621,2025-12-03 22:37:23.596514
2025-12-03,24394,NJ,DAL,30000210,Colton White,shots_on_goal,rf_qrf_shots_on_goal,0.3.0,empirical_qrf,0.5246232410377147,0.0,1.0,,956481973529854621,2025-12-03 22:37:23.596514
2025-12-03,24394,NJ,DAL,30000368,Brett Pesce,shots_on_goal,rf_qrf_shots_on_goal,0.3.0,empirical_qrf,0.15626984126984125,0.0,0.6666666666666666,,956481973529854621,2025-12-03 22:37:23.596514
2025-12-03,24394,NJ,DAL,30000491,Connor Brown,shots_on_goal,rf_qrf_shots_on_goal,0.3.0,empirical_qrf,0.1881309523809524,0.0,0.6666666666666666,,956481973529854621,2025-12-03 22:37:23.596514
2025-12-03,24394,NJ,DAL,30000573,Jacob Markstrom,shots_on_goal,rf_qrf_shots_on_goal,0.3.0,empirical_qrf,0.0,0.0,0.0,,956481973529854621,2025-12-03 22:37:23.596514
2025-12-03,24394,DAL,NJ,30004546,Vladislav Kolyachonok,shots_on_goal,rf_qrf_shots_on_goal,0.3.0,empirical_qrf,0.18082539682539683,0.0,0.6666666666666666,,956481973529854621,2025-12-03 22:37:23.596514
2025-12-03,24394,DAL,NJ,30004796,Mavrik Bourque,shots_on_goal,rf_qrf_shots_on_goal,0.3.0,empirical_qrf,0.1999365079365079,0.0,0.6666666666666666,,956481973529854621,2025-12-03 22:37:23.596514
2025-12-03,24394,DAL,NJ,30004844,Cross Hanas,shots_on_goal,rf_qrf_shots_on_goal,0.3.0,empirical_qrf,0.0,0.0,0.0,,956481973529854621,2025-12-03 22:37:23.596514
2025-12-03,24394,DAL,NJ,30005004,Wyatt Johnston,shots_on_goal,rf_qrf_shots_on_goal,0.3.0,empirical_qrf,0.5682658730158731,0.0,1.7550000000000012,,956481973529854621,2025-12-03 22:37:23.596514
2025-12-03,24394,DAL,NJ,30005062,Oskar Bäck,shots_on_goal,rf_qrf_shots_on_goal,0.3.0,empirical_qrf,0.08980753968253968,0.0,0.016666666666670455,,956481973529854621,2025-12-03 22:37:23.596514
2025-12-03,24394,DAL,NJ,30006362,Connor Punnett,shots_on_goal,rf_qrf_shots_on_goal,0.3.0,empirical_qrf,0.0,0.0,0.0,,956481973529854621,2025-12-03 22:37:23.596514
2025-12-03,24394,DAL,NJ,30003658,Jake Oettinger,shots_on_goal,rf_qrf_shots_on_goal,0.3.0,empirical_qrf,0.0,0.0,0.0,,956481973529854621,2025-12-03 22:37:23.596514
2025-12-03,24394,DAL,NJ,30003689,Jason Robertson,shots_on_goal,rf_qrf_shots_on_goal,0.3.0,empirical_qrf,3.108007275132275,0.0,5.333333333333333,,956481973529854621,2025-12-03 22:37:23.596514
2025-12-03,24394,DAL,NJ,30003695,Kole Lind,shots_on_goal,rf_qrf_shots_on_goal,0.3.0,empirical_qrf,0.6985383597883599,0.0,2.5,,956481973529854621,2025-12-03 22:37:23.596514
2025-12-03,24394,DAL,NJ,30004061,Ilya Lyubushkin,shots_on_goal,rf_qrf_shots_on_goal,0.3.0,empirical_qrf,0.06655555555555556,0.0,0.0,,956481973529854621,2025-12-03 22:37:23.596514
2025-12-03,24394,DAL,NJ,30004103,Nils Lundkvist,shots_on_goal,rf_qrf_shots_on_goal,0.3.0,empirical_qrf,0.08980753968253968,0.0,0.016666666666670455,,956481973529854621,2025-12-03 22:37:23.596514
2025-12-03,24394,DAL,NJ,30004482,Thomas Harley,shots_on_goal,rf_qrf_shots_on_goal,0.3.0,empirical_qrf,0.9428988095238094,0.0,2.75,,956481973529854621,2025-12-03 22:37:23.596514
2025-12-03,24394,DAL,NJ,30003156,Sam Steel,shots_on_goal,rf_qrf_shots_on_goal,0.3.0,empirical_qrf,0.046575396825396825,0.0,0.0,,956481973529854621,2025-12-03 22:37:23.596514
2025-12-03,24394,DAL,NJ,30003165,Nate Bastian,shots_on_goal,rf_qrf_shots_on_goal,0.3.0,empirical_qrf,0.8003419312169313,0.0,3.0,,956481973529854621,2025-12-03 22:37:23.596514
2025-12-03,24394,DAL,NJ,30003357,Colin Blackwell,shots_on_goal,rf_qrf_shots_on_goal,0.3.0,empirical_qrf,0.06655555555555556,0.0,0.0,,956481973529854621,2025-12-03 22:37:23.596514
2025-12-03,24394,DAL,NJ,30003376,Casey DeSmith,shots_on_goal,rf_qrf_shots_on_goal,0.3.0,empirical_qrf,0.0,0.0,0.0,,956481973529854621,2025-12-03 22:37:23.596514
2025-12-03,24394,DAL,NJ,30003585,Cameron Hughes,shots_on_goal,rf_qrf_shots_on_goal,0.3.0,empirical_qrf,1.678410052910053,0.5,2.5,,956481973529854621,2025-12-03 22:37:23.596514
2025-12-03,24394,DAL,NJ,30003640,Miro Heiskanen,shots_on_goal,rf_qrf_shots_on_goal,0.3.0,empirical_qrf,0.7796646825396825,0.0,2.5,,956481973529854621,2025-12-03 22:37:23.596514
2025-12-03,24394,DAL,NJ,30000762,Tyler Seguin,shots_on_goal,rf_qrf_shots_on_goal,0.3.0,empirical_qrf,0.4951666666666667,0.0,1.5,,956481973529854621,2025-12-03 22:37:23.596514
2025-12-03,24394,DAL,NJ,30000906,Mikko Rantanen,shots_on_goal,rf_qrf_shots_on_goal,0.3.0,empirical_qrf,2.1846984126984124,0.0,4.25,,956481973529854621,2025-12-03 22:37:23.596514
2025-12-03,24394,DAL,NJ,30001146,Matt Duchene,shots_on_goal,rf_qrf_shots_on_goal,0.3.0,empirical_qrf,0.24337211399711398,0.0,0.6666666666666666,,956481973529854621,2025-12-03 22:37:23.596514
2025-12-03,24394,DAL,NJ,30001302,Jamie Benn,shots_on_goal,rf_qrf_shots_on_goal,0.3.0,empirical_qrf,0.07949206349206349,0.0,0.0,,956481973529854621,2025-12-03 22:37:23.596514
2025-12-03,24394,DAL,NJ,30002811,Roope Hintz,shots_on_goal,rf_qrf_shots_on_goal,0.3.0,empirical_qrf,1.0356832010582009,0.0,3.0,,956481973529854621,2025-12-03 22:37:23.596514
2025-12-03,24394,DAL,NJ,30002842,Kyle Capobianco,shots_on_goal,rf_qrf_shots_on_goal,0.3.0,empirical_qrf,0.007044973544973545,0.0,0.0,,956481973529854621,2025-12-03 22:37:23.596514
2025-12-03,24395,BUF,PHI,30000523,Jason Zucker,shots_on_goal,rf_qrf_shots_on_goal,0.3.0,empirical_qrf,0.8240449735449734,0.0,2.0,,956481973529854621,2025-12-03 22:37:23.596514
2025-12-03,24395,BUF,PHI,30002577,Alex Tuch,shots_on_goal,rf_qrf_shots_on_goal,0.3.0,empirical_qrf,1.7686349206349208,0.0,4.0,,956481973529854621,2025-12-03 22:37:23.596514
2025-12-03,24395,BUF,PHI,30002774,Jordan Greenway,shots_on_goal,rf_qrf_shots_on_goal,0.3.0,empirical_qrf,0.0,0.0,0.0,,956481973529854621,2025-12-03 22:37:23.596514
2025-12-03,24395,BUF,PHI,30002797,Brendan Warren,shots_on_goal,rf_qrf_shots_on_goal,0.3.0,empirical_qrf,1.9874338624338626,1.5,2.5,,956481973529854621,2025-12-03 22:37:23.596514
2025-12-03,24395,BUF,PHI,30003074,Alex Lyon,shots_on_goal,rf_qrf_shots_on_goal,0.3.0,empirical_qrf,0.0,0.0,0.0,,956481973529854621,2025-12-03 22:37:23.596514
2025-12-03,24395,BUF,PHI,30003158,Tage Thompson,shots_on_goal,rf_qrf_shots_on_goal,0.3.0,empirical_qrf,3.1644947089947086,0.0,8.0,,956481973529854621,2025-12-03 22:37:23.596514
2025-12-03,24395,PHI,BUF,30006045,Yaniv Perets,shots_on_goal,rf_qrf_shots_on_goal,0.3.0,empirical_qrf,0.0,0.0,0.0,,956481973529854621,2025-12-03 22:37:23.596514
2025-12-03,24395,PHI,BUF,30006061,Matvei Michkov,shots_on_goal,rf_qrf_shots_on_goal,0.3.0,empirical_qrf,2.7095376984126984,0.0,5.0,,956481973529854621,2025-12-03 22:37:23.596514
2025-12-03,24395,PHI,BUF,30006075,Oliver Bonk,shots_on_goal,rf_qrf_shots_on_goal,0.3.0,empirical_qrf,0.6459378306878307,0.0,1.4100000000000021,,956481973529854621,2025-12-03 22:37:23.596514
2025-12-03,24395,PHI,BUF,30006100,Carson Bjarnason,shots_on_goal,rf_qrf_shots_on_goal,0.3.0,empirical_qrf,0.0,0.0,0.0,,956481973529854621,2025-12-03 22:37:23.596514
2025-12-03,24395,PHI,BUF,30006135,Denver Barkey,shots_on_goal,rf_qrf_shots_on_goal,0.3.0,empirical_qrf,0.08980753968253968,0.0,0.016666666666670455,,956481973529854621,2025-12-03 22:37:23.596514
2025-12-03,24395,BUF,PHI,30002762,Mason Geertsen,shots_on_goal,rf_qrf_shots_on_goal,0.3.0,empirical_qrf,0.07657936507936507,0.0,0.25833333333333525,,956481973529854621,2025-12-03 22:37:23.596514
2025-12-03,24395,PHI,BUF,30005234,Vincent Sevigny,shots_on_goal,rf_qrf_shots_on_goal,0.3.0,empirical_qrf,0.0,0.0,0.0,,956481973529854621,2025-12-03 22:37:23.596514
2025-12-03,24395,PHI,BUF,30005293,Artem Guryev,shots_on_goal,rf_qrf_shots_on_goal,0.3.0,empirical_qrf,0.0,0.0,0.0,,956481973529854621,2025-12-03 22:37:23.596514
2025-12-03,24395,PHI,BUF,30005397,Noah Cates,shots_on_goal,rf_qrf_shots_on_goal,0.3.0,empirical_qrf,0.2518849206349206,0.0,0.8500000000000039,,956481973529854621,2025-12-03 22:37:23.596514
2025-12-03,24395,PHI,BUF,30005401,Aleksei Kolosov,shots_on_goal,rf_qrf_shots_on_goal,0.3.0,empirical_qrf,0.0,0.0,0.0,,956481973529854621,2025-12-03 22:37:23.596514
2025-12-03,24395,PHI,BUF,30005756,Tucker Robertson,shots_on_goal,rf_qrf_shots_on_goal,0.3.0,empirical_qrf,0.0,0.0,0.0,,956481973529854621,2025-12-03 22:37:23.596514
2025-12-03,24395,PHI,BUF,30005958,Nikita Grebenkin,shots_on_goal,rf_qrf_shots_on_goal,0.3.0,empirical_qrf,0.6227771164021163,0.0,1.6666666666666667,,956481973529854621,2025-12-03 22:37:23.596514
2025-12-03,24395,PHI,BUF,30004484,Cam York,shots_on_goal,rf_qrf_shots_on_goal,0.3.0,empirical_qrf,1.0317817460317458,0.0,3.0,,956481973529854621,2025-12-03 22:37:23.596514
2025-12-03,24395,PHI,BUF,30004508,Bobby Brink,shots_on_goal,rf_qrf_shots_on_goal,0.3.0,empirical_qrf,0.04948809523809524,0.0,0.0,,956481973529854621,2025-12-03 22:37:23.596514
2025-12-03,24395,PHI,BUF,30004800,Jamie Drysdale,shots_on_goal,rf_qrf_shots_on_goal,0.3.0,empirical_qrf,0.20113095238095235,0.0,0.7550000000000011,,956481973529854621,2025-12-03 22:37:23.596514
2025-12-03,24395,PHI,BUF,30004801,Tyson Foerster,shots_on_goal,rf_qrf_shots_on_goal,0.3.0,empirical_qrf,1.1445853174603173,0.0,3.0,,956481973529854621,2025-12-03 22:37:23.596514
2025-12-03,24395,PHI,BUF,30004824,Emil Andrae,shots_on_goal,rf_qrf_shots_on_goal,0.3.0,empirical_qrf,0.07949206349206349,0.0,0.0,,956481973529854621,2025-12-03 22:37:23.596514
2025-12-03,24395,PHI,BUF,30004839,Helge Grans,shots_on_goal,rf_qrf_shots_on_goal,0.3.0,empirical_qrf,0.046575396825396825,0.0,0.0,,956481973529854621,2025-12-03 22:37:23.596514
2025-12-03,24395,PHI,BUF,30003733,Keith Petruzzelli,shots_on_goal,rf_qrf_shots_on_goal,0.3.0,empirical_qrf,0.0,0.0,0.0,,956481973529854621,2025-12-03 22:37:23.596514
2025-12-03,24395,PHI,BUF,30004002,Cooper Marody,shots_on_goal,rf_qrf_shots_on_goal,0.3.0,empirical_qrf,0.0,0.0,0.0,,956481973529854621,2025-12-03 22:37:23.596514
2025-12-03,24395,PHI,BUF,30004154,Xavier Bernard,shots_on_goal,rf_qrf_shots_on_goal,0.3.0,empirical_qrf,0.0,0.0,0.0,,956481973529854621,2025-12-03 22:37:23.596514
2025-12-03,24395,PHI,BUF,30004205,Egor Zamula,shots_on_goal,rf_qrf_shots_on_goal,0.3.0,empirical_qrf,0.0,0.0,0.0,,956481973529854621,2025-12-03 22:37:23.596514
2025-12-03,24395,PHI,BUF,30004406,Samuel Ersson,shots_on_goal,rf_qrf_shots_on_goal,0.3.0,empirical_qrf,0.0,0.0,0.0,,956481973529854621,2025-12-03 22:37:23.596514
2025-12-03,24395,PHI,BUF,30004481,Trevor Zegras,shots_on_goal,rf_qrf_shots_on_goal,0.3.0,empirical_qrf,0.4612658730158731,0.0,1.5,,956481973529854621,2025-12-03 22:37:23.596514
2025-12-03,24395,PHI,BUF,30002979,Anthony Richard,shots_on_goal,rf_qrf_shots_on_goal,0.3.0,empirical_qrf,0.046884920634920633,0.0,0.0,,956481973529854621,2025-12-03 22:37:23.596514
2025-12-03,24395,PHI,BUF,30003016,Nick Seeler,shots_on_goal,rf_qrf_shots_on_goal,0.3.0,empirical_qrf,0.06927380952380953,0.0,0.0,,956481973529854621,2025-12-03 22:37:23.596514
2025-12-03,24395,PHI,BUF,30003171,Carl Grundstrom,shots_on_goal,rf_qrf_shots_on_goal,0.3.0,empirical_qrf,0.0,0.0,0.0,,956481973529854621,2025-12-03 22:37:23.596514
2025-12-03,24395,PHI,BUF,30003283,Lane Pederson,shots_on_goal,rf_qrf_shots_on_goal,0.3.0,empirical_qrf,0.046575396825396825,0.0,0.0,,956481973529854621,2025-12-03 22:37:23.596514
2025-12-03,24395,PHI,BUF,30003500,Rodrigo Abols,shots_on_goal,rf_qrf_shots_on_goal,0.3.0,empirical_qrf,0.20720238095238097,0.0,0.6666666666666666,,956481973529854621,2025-12-03 22:37:23.596514
2025-12-03,24395,PHI,BUF,30003653,Owen Tippett,shots_on_goal,rf_qrf_shots_on_goal,0.3.0,empirical_qrf,1.4521051587301588,0.0,4.5,,956481973529854621,2025-12-03 22:37:23.596514
2025-12-03,24395,PHI,BUF,30000624,Travis Sanheim,shots_on_goal,rf_qrf_shots_on_goal,0.3.0,empirical_qrf,0.5678174603174604,0.0,1.6666666666666667,,956481973529854621,2025-12-03 22:37:23.596514
2025-12-03,24395,PHI,BUF,30000942,Christian Dvorak,shots_on_goal,rf_qrf_shots_on_goal,0.3.0,empirical_qrf,0.7418392857142857,0.0,2.0,,956481973529854621,2025-12-03 22:37:23.596514
2025-12-03,24395,PHI,BUF,30001201,Garnet Hathaway,shots_on_goal,rf_qrf_shots_on_goal,0.3.0,empirical_qrf,0.0,0.0,0.0,,956481973529854621,2025-12-03 22:37:23.596514
2025-12-03,24395,PHI,BUF,30001294,Rasmus Ristolainen,shots_on_goal,rf_qrf_shots_on_goal,0.3.0,empirical_qrf,0.0,0.0,0.0,,956481973529854621,2025-12-03 22:37:23.596514
2025-12-03,24395,PHI,BUF,30001312,Noah Juulsen,shots_on_goal,rf_qrf_shots_on_goal,0.3.0,empirical_qrf,0.09369642857142857,0.0,0.25,,956481973529854621,2025-12-03 22:37:23.596514
2025-12-03,24395,PHI,BUF,30002786,Dan Vladar,shots_on_goal,rf_qrf_shots_on_goal,0.3.0,empirical_qrf,0.0,0.0,0.0,,956481973529854621,2025-12-03 22:37:23.596514
2025-12-03,24395,BUF,PHI,30006341,Christopher Brown,shots_on_goal,rf_qrf_shots_on_goal,0.3.0,empirical_qrf,0.0,0.0,0.0,,956481973529854621,2025-12-03 22:37:23.596514
2025-12-03,24395,BUF,PHI,30006342,Dominick Mersch,shots_on_goal,rf_qrf_shots_on_goal,0.3.0,empirical_qrf,0.0,0.0,0.0,,956481973529854621,2025-12-03 22:37:23.596514
2025-12-03,24395,PHI,BUF,30000050,Sean Couturier,shots_on_goal,rf_qrf_shots_on_goal,0.3.0,empirical_qrf,1.4622493386243387,0.0,4.166666666666667,,956481973529854621,2025-12-03 22:37:23.596514
2025-12-03,24395,PHI,BUF,30000234,Garrett Wilson,shots_on_goal,rf_qrf_shots_on_goal,0.3.0,empirical_qrf,0.6652541486291487,0.0,1.3333333333333333,,956481973529854621,2025-12-03 22:37:23.596514
2025-12-03,24395,PHI,BUF,30000349,Travis Konecny,shots_on_goal,rf_qrf_shots_on_goal,0.3.0,empirical_qrf,0.9741302910052909,0.0,2.2050000000000014,,956481973529854621,2025-12-03 22:37:23.596514
2025-12-03,24395,PHI,BUF,30000501,Nicolas Deslauriers,shots_on_goal,rf_qrf_shots_on_goal,0.3.0,empirical_qrf,0.021525132275132274,0.0,0.0,,956481973529854621,2025-12-03 22:37:23.596514
2025-12-03,24395,BUF,PHI,30005793,Riley Fiddler-Schultz,shots_on_goal,rf_qrf_shots_on_goal,0.3.0,empirical_qrf,0.07949206349206349,0.0,0.0,,956481973529854621,2025-12-03 22:37:23.596514
2025-12-03,24395,BUF,PHI,30006028,Jagger Joshua,shots_on_goal,rf_qrf_shots_on_goal,0.3.0,empirical_qrf,0.0,0.0,0.0,,956481973529854621,2025-12-03 22:37:23.596514
2025-12-03,24395,BUF,PHI,30006039,Aidan Fulp,shots_on_goal,rf_qrf_shots_on_goal,0.3.0,empirical_qrf,0.0,0.0,0.0,,956481973529854621,2025-12-03 22:37:23.596514
2025-12-03,24395,BUF,PHI,30006070,Zach Benson,shots_on_goal,rf_qrf_shots_on_goal,0.3.0,empirical_qrf,0.11280555555555556,0.0,0.3333333333333333,,956481973529854621,2025-12-03 22:37:23.596514
2025-12-03,24395,BUF,PHI,30006092,Anton Wahlberg,shots_on_goal,rf_qrf_shots_on_goal,0.3.0,empirical_qrf,0.0690952380952381,0.0,0.0,,956481973529854621,2025-12-03 22:37:23.596514
2025-12-03,24395,BUF,PHI,30006340,Zach Metsa,shots_on_goal,rf_qrf_shots_on_goal,0.3.0,empirical_qrf,1.1364623015873014,0.0,3.0,,956481973529854621,2025-12-03 22:37:23.596514
2025-12-03,24395,BUF,PHI,30005634,Noah Ostlund,shots_on_goal,rf_qrf_shots_on_goal,0.3.0,empirical_qrf,0.2080357142857143,0.0,0.6666666666666666,,956481973529854621,2025-12-03 22:37:23.596514
2025-12-03,24395,BUF,PHI,30005644,Jiri Kulich,shots_on_goal,rf_qrf_shots_on_goal,0.3.0,empirical_qrf,1.0026626984126985,0.0,3.0,,956481973529854621,2025-12-03 22:37:23.596514
2025-12-03,24395,BUF,PHI,30005685,Viktor Neuchev,shots_on_goal,rf_qrf_shots_on_goal,0.3.0,empirical_qrf,0.4612658730158731,0.0,1.5,,956481973529854621,2025-12-03 22:37:23.596514
2025-12-03,24395,BUF,PHI,30005730,Vsevolod Komarov,shots_on_goal,rf_qrf_shots_on_goal,0.3.0,empirical_qrf,0.7796646825396825,0.0,2.5,,956481973529854621,2025-12-03 22:37:23.596514
2025-12-03,24395,BUF,PHI,30005764,Noah Laaouan,shots_on_goal,rf_qrf_shots_on_goal,0.3.0,empirical_qrf,0.6432442279942279,0.0,1.3333333333333333,,956481973529854621,2025-12-03 22:37:23.596514
2025-12-03,24395,BUF,PHI,30005767,Graham Slaggert,shots_on_goal,rf_qrf_shots_on_goal,0.3.0,empirical_qrf,2.1811481481481483,0.4,4.0,,956481973529854621,2025-12-03 22:37:23.596514
2025-12-03,24395,BUF,PHI,30005017,Josh Doan,shots_on_goal,rf_qrf_shots_on_goal,0.3.0,empirical_qrf,0.9594662698412698,0.0,3.0,,956481973529854621,2025-12-03 22:37:23.596514
2025-12-03,24395,BUF,PHI,30005067,Isaac Belliveau,shots_on_goal,rf_qrf_shots_on_goal,0.3.0,empirical_qrf,0.0,0.0,0.0,,956481973529854621,2025-12-03 22:37:23.596514
2025-12-03,24395,BUF,PHI,30005147,Tyson Kozak,shots_on_goal,rf_qrf_shots_on_goal,0.3.0,empirical_qrf,0.07782539682539683,0.0,0.0,,956481973529854621,2025-12-03 22:37:23.596514
2025-12-03,24395,BUF,PHI,30005151,Olivier Nadeau,shots_on_goal,rf_qrf_shots_on_goal,0.3.0,empirical_qrf,1.9847916666666667,0.0,4.0,,956481973529854621,2025-12-03 22:37:23.596514
2025-12-03,24395,BUF,PHI,30005441,Ryan Johnson,shots_on_goal,rf_qrf_shots_on_goal,0.3.0,empirical_qrf,0.11974272486772487,0.0,0.5,,956481973529854621,2025-12-03 22:37:23.596514
2025-12-03,24395,BUF,PHI,30005445,Nikita Novikov,shots_on_goal,rf_qrf_shots_on_goal,0.3.0,empirical_qrf,0.656359126984127,0.0,1.6666666666666667,,956481973529854621,2025-12-03 22:37:23.596514
2025-12-03,24395,BUF,PHI,30004923,Josh Dunne,shots_on_goal,rf_qrf_shots_on_goal,0.3.0,empirical_qrf,0.08980753968253968,0.0,0.016666666666670455,,956481973529854621,2025-12-03 22:37:23.596514
2025-12-03,24395,BUF,PHI,30004948,Carson Meyer,shots_on_goal,rf_qrf_shots_on_goal,0.3.0,empirical_qrf,1.9874338624338626,1.5,2.5,,956481973529854621,2025-12-03 22:37:23.596514
2025-12-03,24395,BUF,PHI,30004956,Justin Danforth,shots_on_goal,rf_qrf_shots_on_goal,0.3.0,empirical_qrf,1.0383716931216929,0.0,2.5,,956481973529854621,2025-12-03 22:37:23.596514
2025-12-03,24395,BUF,PHI,30004980,Owen Power,shots_on_goal,rf_qrf_shots_on_goal,0.3.0,empirical_qrf,0.07010714285714287,0.0,0.0,,956481973529854621,2025-12-03 22:37:23.596514
2025-12-03,24395,BUF,PHI,30004981,Devon Levi,shots_on_goal,rf_qrf_shots_on_goal,0.3.0,empirical_qrf,0.0,0.0,0.0,,956481973529854621,2025-12-03 22:37:23.596514
2025-12-03,24395,BUF,PHI,30004982,Isak Rosen,shots_on_goal,rf_qrf_shots_on_goal,0.3.0,empirical_qrf,0.8003419312169313,0.0,3.0,,956481973529854621,2025-12-03 22:37:23.596514
2025-12-03,24395,BUF,PHI,30004502,Peyton Krebs,shots_on_goal,rf_qrf_shots_on_goal,0.3.0,empirical_qrf,0.24514989177489174,0.0,0.6666666666666666,,956481973529854621,2025-12-03 22:37:23.596514
2025-12-03,24395,BUF,PHI,30004554,Zac Jones,shots_on_goal,rf_qrf_shots_on_goal,0.3.0,empirical_qrf,1.0383716931216929,0.0,2.5,,956481973529854621,2025-12-03 22:37:23.596514
2025-12-03,24395,BUF,PHI,30004577,Colten Ellis,shots_on_goal,rf_qrf_shots_on_goal,0.3.0,empirical_qrf,0.0,0.0,0.0,,956481973529854621,2025-12-03 22:37:23.596514
2025-12-03,24395,BUF,PHI,30004670,Peter Tischke,shots_on_goal,rf_qrf_shots_on_goal,0.3.0,empirical_qrf,0.0,0.0,0.0,,956481973529854621,2025-12-03 22:37:23.596514
2025-12-03,24395,BUF,PHI,30004815,Jack Quinn,shots_on_goal,rf_qrf_shots_on_goal,0.3.0,empirical_qrf,1.3938174603174602,0.0,3.0,,956481973529854621,2025-12-03 22:37:23.596514
2025-12-03,24395,BUF,PHI,30004854,Trevor Kuntar,shots_on_goal,rf_qrf_shots_on_goal,0.3.0,empirical_qrf,2.5639814814814814,0.0,4.333333333333333,,956481973529854621,2025-12-03 22:37:23.596514
2025-12-03,24395,BUF,PHI,30004105,Mattias Samuelsson,shots_on_goal,rf_qrf_shots_on_goal,0.3.0,empirical_qrf,0.046575396825396825,0.0,0.0,,956481973529854621,2025-12-03 22:37:23.596514
2025-12-03,24395,BUF,PHI,30004117,Ryan McLeod,shots_on_goal,rf_qrf_shots_on_goal,0.3.0,empirical_qrf,0.8003419312169313,0.0,3.0,,956481973529854621,2025-12-03 22:37:23.596514
2025-12-03,24395,BUF,PHI,30004373,Michael Kesselring,shots_on_goal,rf_qrf_shots_on_goal,0.3.0,empirical_qrf,0.7064365079365079,0.0,2.5,,956481973529854621,2025-12-03 22:37:23.596514
2025-12-03,24395,BUF,PHI,30004380,Jack Rathbone,shots_on_goal,rf_qrf_shots_on_goal,0.3.0,empirical_qrf,0.046575396825396825,0.0,0.0,,956481973529854621,2025-12-03 22:37:23.596514
2025-12-03,24395,BUF,PHI,30004431,Jacob Bryson,shots_on_goal,rf_qrf_shots_on_goal,0.3.0,empirical_qrf,0.04948809523809524,0.0,0.0,,956481973529854621,2025-12-03 22:37:23.596514
2025-12-03,24395,BUF,PHI,30004474,Bowen Byram,shots_on_goal,rf_qrf_shots_on_goal,0.3.0,empirical_qrf,1.3938174603174602,0.0,3.0,,956481973529854621,2025-12-03 22:37:23.596514
2025-12-03,24395,BUF,PHI,30003221,Beck Malenstyn,shots_on_goal,rf_qrf_shots_on_goal,0.3.0,empirical_qrf,1.0356832010582009,0.0,3.0,,956481973529854621,2025-12-03 22:37:23.596514
2025-12-03,24395,BUF,PHI,30003665,Josh Norris,shots_on_goal,rf_qrf_shots_on_goal,0.3.0,empirical_qrf,0.3948391053391053,0.0,1.4285714285714286,,956481973529854621,2025-12-03 22:37:23.596514
2025-12-03,24395,BUF,PHI,30003670,Conor Timmins,shots_on_goal,rf_qrf_shots_on_goal,0.3.0,empirical_qrf,0.08980753968253968,0.0,0.016666666666670455,,956481973529854621,2025-12-03 22:37:23.596514
2025-12-03,24395,BUF,PHI,30003673,Ukko-Pekka Luukkonen,shots_on_goal,rf_qrf_shots_on_goal,0.3.0,empirical_qrf,0.0,0.0,0.0,,956481973529854621,2025-12-03 22:37:23.596514
2025-12-03,24395,BUF,PHI,30003699,Jake Leschyshyn,shots_on_goal,rf_qrf_shots_on_goal,0.3.0,empirical_qrf,0.007044973544973545,0.0,0.0,,956481973529854621,2025-12-03 22:37:23.596514
2025-12-03,24395,BUF,PHI,30003750,Rasmus Dahlin,shots_on_goal,rf_qrf_shots_on_goal,0.3.0,empirical_qrf,3.227206349206349,0.0,6.0,,956481973529854621,2025-12-03 22:37:23.596514
2025-12-03,24396,WPG,MON,30000060,Luke Schenn,shots_on_goal,rf_qrf_shots_on_goal,0.3.0,empirical_qrf,0.03977777777777778,0.0,0.0,,956481973529854621,2025-12-03 22:37:23.596514
2025-12-03,24396,WPG,MON,30000153,Tanner Pearson,shots_on_goal,rf_qrf_shots_on_goal,0.3.0,empirical_qrf,0.05575396825396825,0.0,0.0,,956481973529854621,2025-12-03 22:37:23.596514
2025-12-03,24396,WPG,MON,30000212,Colin Miller,shots_on_goal,rf_qrf_shots_on_goal,0.3.0,empirical_qrf,0.034916666666666665,0.0,0.0,,956481973529854621,2025-12-03 22:37:23.596514
2025-12-03,24396,WPG,MON,30000371,Haydn Fleury,shots_on_goal,rf_qrf_shots_on_goal,0.3.0,empirical_qrf,0.744348544973545,0.0,2.8,,956481973529854621,2025-12-03 22:37:23.596514
2025-12-03,24396,WPG,MON,30000522,Nino Niederreiter,shots_on_goal,rf_qrf_shots_on_goal,0.3.0,empirical_qrf,1.0383716931216929,0.0,2.5,,956481973529854621,2025-12-03 22:37:23.596514
2025-12-03,24396,WPG,MON,30000801,Connor Hellebuyck,shots_on_goal,rf_qrf_shots_on_goal,0.3.0,empirical_qrf,0.0,0.0,0.0,,956481973529854621,2025-12-03 22:37:23.596514
2025-12-03,24396,MON,WPG,30003687,Alexandre Texier,shots_on_goal,rf_qrf_shots_on_goal,0.3.0,empirical_qrf,0.007044973544973545,0.0,0.0,,956481973529854621,2025-12-03 22:37:23.596514
2025-12-03,24396,MON,WPG,30005722,Adam Engstrom,shots_on_goal,rf_qrf_shots_on_goal,0.3.0,empirical_qrf,0.6985383597883599,0.0,2.5,,956481973529854621,2025-12-03 22:37:23.596514
2025-12-03,24396,MON,WPG,30000670,Sammy Blais,shots_on_goal,rf_qrf_shots_on_goal,0.3.0,empirical_qrf,0.051988095238095236,0.0,0.0,,956481973529854621,2025-12-03 22:37:23.596514
2025-12-03,24396,MON,WPG,30003901,Alex Belzile,shots_on_goal,rf_qrf_shots_on_goal,0.3.0,empirical_qrf,0.0,0.0,0.0,,956481973529854621,2025-12-03 22:37:23.596514
2025-12-03,24396,MON,WPG,30005656,Owen Beck,shots_on_goal,rf_qrf_shots_on_goal,0.3.0,empirical_qrf,1.0435998677248677,0.0,3.0,,956481973529854621,2025-12-03 22:37:23.596514
2025-12-03,24396,MON,WPG,30005806,Jared Davidson,shots_on_goal,rf_qrf_shots_on_goal,0.3.0,empirical_qrf,0.09369642857142857,0.0,0.25,,956481973529854621,2025-12-03 22:37:23.596514
2025-12-03,24396,MON,WPG,30006060,David Reinbacher,shots_on_goal,rf_qrf_shots_on_goal,0.3.0,empirical_qrf,0.007044973544973545,0.0,0.0,,956481973529854621,2025-12-03 22:37:23.596514
2025-12-03,24396,MON,WPG,30006152,Florian Xhekaj,shots_on_goal,rf_qrf_shots_on_goal,0.3.0,empirical_qrf,0.05239285714285714,0.0,0.0,,956481973529854621,2025-12-03 22:37:23.596514
2025-12-03,24396,MON,WPG,30006358,Israel Mianscum,shots_on_goal,rf_qrf_shots_on_goal,0.3.0,empirical_qrf,0.0,0.0,0.0,,956481973529854621,2025-12-03 22:37:23.596514
2025-12-03,24396,MON,WPG,30006485,Ivan Demidov,shots_on_goal,rf_qrf_shots_on_goal,0.3.0,empirical_qrf,0.22089682539682542,0.0,0.75,,956481973529854621,2025-12-03 22:37:23.596514
2025-12-03,24396,MON,WPG,30005288,Ben Gaudreau,shots_on_goal,rf_qrf_shots_on_goal,0.3.0,empirical_qrf,0.0,0.0,0.0,,956481973529854621,2025-12-03 22:37:23.596514
2025-12-03,24396,MON,WPG,30005534,Jakub Dobes,shots_on_goal,rf_qrf_shots_on_goal,0.3.0,empirical_qrf,0.0,0.0,0.0,,956481973529854621,2025-12-03 22:37:23.596514
2025-12-03,24396,MON,WPG,30005574,Lucas Condotta,shots_on_goal,rf_qrf_shots_on_goal,0.3.0,empirical_qrf,0.07949206349206349,0.0,0.0,,956481973529854621,2025-12-03 22:37:23.596514
2025-12-03,24396,MON,WPG,30005631,Juraj Slafkovsky,shots_on_goal,rf_qrf_shots_on_goal,0.3.0,empirical_qrf,0.05970833333333333,0.0,0.3333333333333333,,956481973529854621,2025-12-03 22:37:23.596514
2025-12-03,24396,MON,WPG,30005645,Filip Mesar,shots_on_goal,rf_qrf_shots_on_goal,0.3.0,empirical_qrf,0.24359433621933624,0.0,0.6666666666666666,,956481973529854621,2025-12-03 22:37:23.596514
2025-12-03,24396,MON,WPG,30005655,Lane Hutson,shots_on_goal,rf_qrf_shots_on_goal,0.3.0,empirical_qrf,1.1492738095238095,0.0,3.5,,956481973529854621,2025-12-03 22:37:23.596514
2025-12-03,24396,MON,WPG,30005118,Tobie Paquette-Bisson,shots_on_goal,rf_qrf_shots_on_goal,0.3.0,empirical_qrf,0.046884920634920633,0.0,0.0,,956481973529854621,2025-12-03 22:37:23.596514
2025-12-03,24396,MON,WPG,30005121,Joshua Roy,shots_on_goal,rf_qrf_shots_on_goal,0.3.0,empirical_qrf,0.046575396825396825,0.0,0.0,,956481973529854621,2025-12-03 22:37:23.596514
2025-12-03,24396,MON,WPG,30005122,Xavier Simoneau,shots_on_goal,rf_qrf_shots_on_goal,0.3.0,empirical_qrf,0.0,0.0,0.0,,956481973529854621,2025-12-03 22:37:23.596514
2025-12-03,24396,MON,WPG,30005127,Joe Vrbetic,shots_on_goal,rf_qrf_shots_on_goal,0.3.0,empirical_qrf,0.0,0.0,0.0,,956481973529854621,2025-12-03 22:37:23.596514
2025-12-03,24396,MON,WPG,30005128,Arber Xhekaj,shots_on_goal,rf_qrf_shots_on_goal,0.3.0,empirical_qrf,0.06655555555555556,0.0,0.0,,956481973529854621,2025-12-03 22:37:23.596514
2025-12-03,24396,MON,WPG,30005287,Gannon Laroque,shots_on_goal,rf_qrf_shots_on_goal,0.3.0,empirical_qrf,0.0,0.0,0.0,,956481973529854621,2025-12-03 22:37:23.596514
2025-12-03,24396,MON,WPG,30004894,Sean Farrell,shots_on_goal,rf_qrf_shots_on_goal,0.3.0,empirical_qrf,0.18082539682539683,0.0,0.6666666666666666,,956481973529854621,2025-12-03 22:37:23.596514
2025-12-03,24396,MON,WPG,30004928,Cole Caufield,shots_on_goal,rf_qrf_shots_on_goal,0.3.0,empirical_qrf,0.7211223544973545,0.0,1.8,,956481973529854621,2025-12-03 22:37:23.596514
2025-12-03,24396,MON,WPG,30004950,Marc Del Gaizo,shots_on_goal,rf_qrf_shots_on_goal,0.3.0,empirical_qrf,0.8199318783068783,0.0,3.0,,956481973529854621,2025-12-03 22:37:23.596514
2025-12-03,24396,MON,WPG,30004990,Zachary Bolduc,shots_on_goal,rf_qrf_shots_on_goal,0.3.0,empirical_qrf,0.06826190476190476,0.0,0.0,,956481973529854621,2025-12-03 22:37:23.596514
2025-12-03,24396,MON,WPG,30005021,Oliver Kapanen,shots_on_goal,rf_qrf_shots_on_goal,0.3.0,empirical_qrf,0.6165271164021163,0.0,1.6666666666666667,,956481973529854621,2025-12-03 22:37:23.596514
2025-12-03,24396,MON,WPG,30005022,Riley Kidney,shots_on_goal,rf_qrf_shots_on_goal,0.3.0,empirical_qrf,0.09536111111111112,0.0,0.0,,956481973529854621,2025-12-03 22:37:23.596514
2025-12-03,24396,MON,WPG,30004486,Alex Newhook,shots_on_goal,rf_qrf_shots_on_goal,0.3.0,empirical_qrf,0.15126767676767677,0.0,0.6666666666666666,,956481973529854621,2025-12-03 22:37:23.596514
2025-12-03,24396,MON,WPG,30004520,Hunter Jones,shots_on_goal,rf_qrf_shots_on_goal,0.3.0,empirical_qrf,0.0,0.0,0.0,,956481973529854621,2025-12-03 22:37:23.596514
2025-12-03,24396,MON,WPG,30004559,Jayden Struble,shots_on_goal,rf_qrf_shots_on_goal,0.3.0,empirical_qrf,0.09369642857142857,0.0,0.25,,956481973529854621,2025-12-03 22:37:23.596514
2025-12-03,24396,MON,WPG,30004803,Kaiden Guhle,shots_on_goal,rf_qrf_shots_on_goal,0.3.0,empirical_qrf,0.8648260582010581,0.0,2.4100000000000024,,956481973529854621,2025-12-03 22:37:23.596514
2025-12-03,24396,MON,WPG,30004866,Ryan O'Rourke,shots_on_goal,rf_qrf_shots_on_goal,0.3.0,empirical_qrf,0.019507936507936505,0.0,0.0,,956481973529854621,2025-12-03 22:37:23.596514
2025-12-03,24396,MON,WPG,30004876,Ty Smilanic,shots_on_goal,rf_qrf_shots_on_goal,0.3.0,empirical_qrf,0.0,0.0,0.0,,956481973529854621,2025-12-03 22:37:23.596514
2025-12-03,24396,MON,WPG,30004086,Noah Dobson,shots_on_goal,rf_qrf_shots_on_goal,0.3.0,empirical_qrf,1.0462883597883597,0.0,2.5,,956481973529854621,2025-12-03 22:37:23.596514
2025-12-03,24396,MON,WPG,30004101,Joe Veleno,shots_on_goal,rf_qrf_shots_on_goal,0.3.0,empirical_qrf,0.6985383597883599,0.0,2.5,,956481973529854621,2025-12-03 22:37:23.596514
2025-12-03,24396,MON,WPG,30004204,Wyatte Wylie,shots_on_goal,rf_qrf_shots_on_goal,0.3.0,empirical_qrf,0.0,0.0,0.0,,956481973529854621,2025-12-03 22:37:23.596514
2025-12-03,24396,MON,WPG,30004284,Kevin Mandolese,shots_on_goal,rf_qrf_shots_on_goal,0.3.0,empirical_qrf,0.0,0.0,0.0,,956481973529854621,2025-12-03 22:37:23.596514
2025-12-03,24396,MON,WPG,30004361,Josh Anderson,shots_on_goal,rf_qrf_shots_on_goal,0.3.0,empirical_qrf,0.6985383597883599,0.0,2.5,,956481973529854621,2025-12-03 22:37:23.596514
2025-12-03,24396,MON,WPG,30004472,Kirby Dach,shots_on_goal,rf_qrf_shots_on_goal,0.3.0,empirical_qrf,0.20720238095238097,0.0,0.6666666666666666,,956481973529854621,2025-12-03 22:37:23.596514
2025-12-03,24396,MON,WPG,30002781,Sam Montembeault,shots_on_goal,rf_qrf_shots_on_goal,0.3.0,empirical_qrf,0.0,0.0,0.0,,956481973529854621,2025-12-03 22:37:23.596514
2025-12-03,24396,MON,WPG,30002825,Alexandre Carrier,shots_on_goal,rf_qrf_shots_on_goal,0.3.0,empirical_qrf,0.20720238095238097,0.0,0.6666666666666666,,956481973529854621,2025-12-03 22:37:23.596514
2025-12-03,24396,MON,WPG,30003131,Patrik Laine,shots_on_goal,rf_qrf_shots_on_goal,0.3.0,empirical_qrf,0.961699074074074,0.0,2.4044444444444455,,956481973529854621,2025-12-03 22:37:23.596514
2025-12-03,24396,MON,WPG,30003667,Nick Suzuki,shots_on_goal,rf_qrf_shots_on_goal,0.3.0,empirical_qrf,1.1508353174603174,0.0,3.0,,956481973529854621,2025-12-03 22:37:23.596514
2025-12-03,24396,MON,WPG,30003958,Nate Clurman,shots_on_goal,rf_qrf_shots_on_goal,0.3.0,empirical_qrf,0.8199318783068783,0.0,3.0,,956481973529854621,2025-12-03 22:37:23.596514
2025-12-03,24396,MON,WPG,30003990,Jake Evans,shots_on_goal,rf_qrf_shots_on_goal,0.3.0,empirical_qrf,0.08980753968253968,0.0,0.016666666666670455,,956481973529854621,2025-12-03 22:37:23.596514
2025-12-03,24396,MON,WPG,30000015,Brendan Gallagher,shots_on_goal,rf_qrf_shots_on_goal,0.3.0,empirical_qrf,0.16529761904761905,0.0,0.6666666666666666,,956481973529854621,2025-12-03 22:37:23.596514
2025-12-03,24396,MON,WPG,30000227,Mike Matheson,shots_on_goal,rf_qrf_shots_on_goal,0.3.0,empirical_qrf,0.9012996031746032,0.0,3.0,,956481973529854621,2025-12-03 22:37:23.596514
2025-12-03,24396,MON,WPG,30000555,Tyler Wotherspoon,shots_on_goal,rf_qrf_shots_on_goal,0.3.0,empirical_qrf,0.0,0.0,0.0,,956481973529854621,2025-12-03 22:37:23.596514
2025-12-03,24396,MON,WPG,30001395,Laurent Dauphin,shots_on_goal,rf_qrf_shots_on_goal,0.3.0,empirical_qrf,0.046575396825396825,0.0,0.0,,956481973529854621,2025-12-03 22:37:23.596514
2025-12-03,24396,MON,WPG,30002601,Joshua Jacobs,shots_on_goal,rf_qrf_shots_on_goal,0.3.0,empirical_qrf,0.0,0.0,0.0,,956481973529854621,2025-12-03 22:37:23.596514
2025-12-03,24396,MON,WPG,30002663,Vincent Arseneau,shots_on_goal,rf_qrf_shots_on_goal,0.3.0,empirical_qrf,0.0,0.0,0.0,,956481973529854621,2025-12-03 22:37:23.596514
2025-12-03,24396,WPG,MON,30005851,Dominic DiVincentiis,shots_on_goal,rf_qrf_shots_on_goal,0.3.0,empirical_qrf,0.0,0.0,0.0,,956481973529854621,2025-12-03 22:37:23.596514
2025-12-03,24396,WPG,MON,30006030,Parker Ford,shots_on_goal,rf_qrf_shots_on_goal,0.3.0,empirical_qrf,0.08162103174603175,0.0,0.3333333333333333,,956481973529854621,2025-12-03 22:37:23.596514
2025-12-03,24396,WPG,MON,30006076,Brayden Yager,shots_on_goal,rf_qrf_shots_on_goal,0.3.0,empirical_qrf,0.8003419312169313,0.0,3.0,,956481973529854621,2025-12-03 22:37:23.596514
2025-12-03,24396,WPG,MON,30006082,Colby Barlow,shots_on_goal,rf_qrf_shots_on_goal,0.3.0,empirical_qrf,0.859577380952381,0.0,3.0,,956481973529854621,2025-12-03 22:37:23.596514
2025-12-03,24396,WPG,MON,30006260,Jacob Julien,shots_on_goal,rf_qrf_shots_on_goal,0.3.0,empirical_qrf,0.0,0.0,0.0,,956481973529854621,2025-12-03 22:37:23.596514
2025-12-03,24396,WPG,MON,30006309,Ethan Frisch,shots_on_goal,rf_qrf_shots_on_goal,0.3.0,empirical_qrf,0.6432442279942279,0.0,1.3333333333333333,,956481973529854621,2025-12-03 22:37:23.596514
2025-12-03,24396,WPG,MON,30005343,Jaydon Dureau,shots_on_goal,rf_qrf_shots_on_goal,0.3.0,empirical_qrf,0.6276183862433862,0.0,1.4,,956481973529854621,2025-12-03 22:37:23.596514
2025-12-03,24396,WPG,MON,30005647,Brad Lambert,shots_on_goal,rf_qrf_shots_on_goal,0.3.0,empirical_qrf,0.20597222222222225,0.0,0.8,,956481973529854621,2025-12-03 22:37:23.596514
2025-12-03,24396,WPG,MON,30005668,Elias Salomonsson,shots_on_goal,rf_qrf_shots_on_goal,0.3.0,empirical_qrf,0.07010714285714287,0.0,0.0,,956481973529854621,2025-12-03 22:37:23.596514
2025-12-03,24396,WPG,MON,30005684,Danil Zhilkin,shots_on_goal,rf_qrf_shots_on_goal,0.3.0,empirical_qrf,0.2463968253968254,0.0,0.8333333333333334,,956481973529854621,2025-12-03 22:37:23.596514
2025-12-03,24396,WPG,MON,30005716,Fabian Wagner,shots_on_goal,rf_qrf_shots_on_goal,0.3.0,empirical_qrf,0.0,0.0,0.0,,956481973529854621,2025-12-03 22:37:23.596514
2025-12-03,24396,WPG,MON,30005843,Thomas Milic,shots_on_goal,rf_qrf_shots_on_goal,0.3.0,empirical_qrf,0.0,0.0,0.0,,956481973529854621,2025-12-03 22:37:23.596514
2025-12-03,24396,WPG,MON,30004496,Ville Heinola,shots_on_goal,rf_qrf_shots_on_goal,0.3.0,empirical_qrf,0.051154761904761904,0.0,0.0,,956481973529854621,2025-12-03 22:37:23.596514
2025-12-03,24396,WPG,MON,30004534,Samuel Fagemo,shots_on_goal,rf_qrf_shots_on_goal,0.3.0,empirical_qrf,2.2471587301587297,0.0,5.0,,956481973529854621,2025-12-03 22:37:23.596514
2025-12-03,24396,WPG,MON,30004813,Cole Perfetti,shots_on_goal,rf_qrf_shots_on_goal,0.3.0,empirical_qrf,0.7064365079365079,0.0,2.5,,956481973529854621,2025-12-03 22:37:23.596514
2025-12-03,24396,WPG,MON,30004943,Walker Duehr,shots_on_goal,rf_qrf_shots_on_goal,0.3.0,empirical_qrf,0.05405952380952381,0.0,0.0,,956481973529854621,2025-12-03 22:37:23.596514
2025-12-03,24396,WPG,MON,30004945,Cole Koepke,shots_on_goal,rf_qrf_shots_on_goal,0.3.0,empirical_qrf,0.1799920634920635,0.0,0.6666666666666666,,956481973529854621,2025-12-03 22:37:23.596514
2025-12-03,24396,WPG,MON,30005036,Nikita Chibrikov,shots_on_goal,rf_qrf_shots_on_goal,0.3.0,empirical_qrf,0.20720238095238097,0.0,0.6666666666666666,,956481973529854621,2025-12-03 22:37:23.596514
2025-12-03,24396,WPG,MON,30003603,Neal Pionk,shots_on_goal,rf_qrf_shots_on_goal,0.3.0,empirical_qrf,2.1812301587301586,0.0,4.75,,956481973529854621,2025-12-03 22:37:23.596514
2025-12-03,24396,WPG,MON,30003664,Gabriel Vilardi,shots_on_goal,rf_qrf_shots_on_goal,0.3.0,empirical_qrf,0.06826190476190476,0.0,0.0,,956481973529854621,2025-12-03 22:37:23.596514
2025-12-03,24396,WPG,MON,30003691,Dylan Samberg,shots_on_goal,rf_qrf_shots_on_goal,0.3.0,empirical_qrf,0.07010714285714287,0.0,0.0,,956481973529854621,2025-12-03 22:37:23.596514
2025-12-03,24396,WPG,MON,30003692,Jaret Anderson-Dolan,shots_on_goal,rf_qrf_shots_on_goal,0.3.0,empirical_qrf,0.11974272486772487,0.0,0.5,,956481973529854621,2025-12-03 22:37:23.596514
2025-12-03,24396,WPG,MON,30004110,David Gustafsson,shots_on_goal,rf_qrf_shots_on_goal,0.3.0,empirical_qrf,0.046575396825396825,0.0,0.0,,956481973529854621,2025-12-03 22:37:23.596514
2025-12-03,24396,WPG,MON,30004389,Morgan Barron,shots_on_goal,rf_qrf_shots_on_goal,0.3.0,empirical_qrf,0.20720238095238097,0.0,0.6666666666666666,,956481973529854621,2025-12-03 22:37:23.596514
2025-12-03,24396,WPG,MON,30001070,Adam Lowry,shots_on_goal,rf_qrf_shots_on_goal,0.3.0,empirical_qrf,1.695986111111111,0.0,4.0,,956481973529854621,2025-12-03 22:37:23.596514
2025-12-03,24396,WPG,MON,30001224,Dylan DeMelo,shots_on_goal,rf_qrf_shots_on_goal,0.3.0,empirical_qrf,1.0383716931216929,0.0,2.5,,956481973529854621,2025-12-03 22:37:23.596514
2025-12-03,24396,WPG,MON,30002772,Kyle Connor,shots_on_goal,rf_qrf_shots_on_goal,0.3.0,empirical_qrf,2.3459166666666667,0.0,4.6750000000000025,,956481973529854621,2025-12-03 22:37:23.596514
2025-12-03,24396,WPG,MON,30003148,Logan Stanley,shots_on_goal,rf_qrf_shots_on_goal,0.3.0,empirical_qrf,0.23548809523809525,0.0,0.8200000000000046,,956481973529854621,2025-12-03 22:37:23.596514
2025-12-03,24396,WPG,MON,30003172,Kale Clague,shots_on_goal,rf_qrf_shots_on_goal,0.3.0,empirical_qrf,0.8003419312169313,0.0,3.0,,956481973529854621,2025-12-03 22:37:23.596514
2025-12-03,24396,WPG,MON,30003588,Alex Iafallo,shots_on_goal,rf_qrf_shots_on_goal,0.3.0,empirical_qrf,1.0480575396825396,0.0,3.0,,956481973529854621,2025-12-03 22:37:23.596514
2025-12-03,24396,WPG,MON,30000826,Josh Morrissey,shots_on_goal,rf_qrf_shots_on_goal,0.3.0,empirical_qrf,1.0238650793650792,0.0,3.0,,956481973529854621,2025-12-03 22:37:23.596514
2025-12-03,24396,WPG,MON,30000830,Mark Scheifele,shots_on_goal,rf_qrf_shots_on_goal,0.3.0,empirical_qrf,0.1999365079365079,0.0,0.6666666666666666,,956481973529854621,2025-12-03 22:37:23.596514
2025-12-03,24396,WPG,MON,30000872,Jonathan Toews,shots_on_goal,rf_qrf_shots_on_goal,0.3.0,empirical_qrf,0.04228968253968253,0.0,0.0,,956481973529854621,2025-12-03 22:37:23.596514
2025-12-03,24396,WPG,MON,30001036,Gustav Nyquist,shots_on_goal,rf_qrf_shots_on_goal,0.3.0,empirical_qrf,0.20895238095238095,0.0,0.6666666666666666,,956481973529854621,2025-12-03 22:37:23.596514
2025-12-03,24396,WPG,MON,30001050,Vladislav Namestnikov,shots_on_goal,rf_qrf_shots_on_goal,0.3.0,empirical_qrf,0.1799920634920635,0.0,0.6666666666666666,,956481973529854621,2025-12-03 22:37:23.596514
2025-12-03,24396,WPG,MON,30001061,Eric Comrie,shots_on_goal,rf_qrf_shots_on_goal,0.3.0,empirical_qrf,0.0,0.0,0.0,,956481973529854621,2025-12-03 22:37:23.596514
2025-12-03,24397,UTA,ANA,30000229,Lawson Crouse,shots_on_goal,rf_qrf_shots_on_goal,0.3.0,empirical_qrf,2.417595238095238,0.0,3.0,,956481973529854621,2025-12-03 22:37:23.596514
2025-12-03,24397,UTA,ANA,30000593,Liam O'Brien,shots_on_goal,rf_qrf_shots_on_goal,0.3.0,empirical_qrf,0.03652777777777778,0.0,0.0,,956481973529854621,2025-12-03 22:37:23.596514
2025-12-03,24397,UTA,ANA,30000594,Nate Schmidt,shots_on_goal,rf_qrf_shots_on_goal,0.3.0,empirical_qrf,0.09236111111111112,0.0,0.0,,956481973529854621,2025-12-03 22:37:23.596514
2025-12-03,24397,UTA,ANA,30000650,Ian Cole,shots_on_goal,rf_qrf_shots_on_goal,0.3.0,empirical_qrf,0.2417610028860029,0.0,0.6666666666666666,,956481973529854621,2025-12-03 22:37:23.596514
2025-12-03,24397,UTA,ANA,30000659,Olli Määttä,shots_on_goal,rf_qrf_shots_on_goal,0.3.0,empirical_qrf,0.007044973544973545,0.0,0.0,,956481973529854621,2025-12-03 22:37:23.596514
2025-12-03,24397,UTA,ANA,30001104,Robbie Russo,shots_on_goal,rf_qrf_shots_on_goal,0.3.0,empirical_qrf,0.0,0.0,0.0,,956481973529854621,2025-12-03 22:37:23.596514
2025-12-03,24397,ANA,UTA,30005940,Vyacheslav Buteyets,shots_on_goal,rf_qrf_shots_on_goal,0.3.0,empirical_qrf,0.0,0.0,0.0,,956481973529854621,2025-12-03 22:37:23.596514
2025-12-03,24397,UTA,ANA,30006086,Daniil But,shots_on_goal,rf_qrf_shots_on_goal,0.3.0,empirical_qrf,0.07782539682539683,0.0,0.0,,956481973529854621,2025-12-03 22:37:23.596514
2025-12-03,24397,UTA,ANA,30005650,Maveric Lamoureux,shots_on_goal,rf_qrf_shots_on_goal,0.3.0,empirical_qrf,0.09369642857142857,0.0,0.25,,956481973529854621,2025-12-03 22:37:23.596514
2025-12-03,24397,UTA,ANA,30003424,Kevin Rooney,shots_on_goal,rf_qrf_shots_on_goal,0.3.0,empirical_qrf,0.859577380952381,0.0,3.0,,956481973529854621,2025-12-03 22:37:23.596514
2025-12-03,24397,ANA,UTA,30006129,Coulson Pitre,shots_on_goal,rf_qrf_shots_on_goal,0.3.0,empirical_qrf,0.046575396825396825,0.0,0.0,,956481973529854621,2025-12-03 22:37:23.596514
2025-12-03,24397,ANA,UTA,30006161,Yegor Sidorov,shots_on_goal,rf_qrf_shots_on_goal,0.3.0,empirical_qrf,2.148873015873016,0.0,4.020000000000005,,956481973529854621,2025-12-03 22:37:23.596514
2025-12-03,24397,ANA,UTA,30006162,Konnor Smith,shots_on_goal,rf_qrf_shots_on_goal,0.3.0,empirical_qrf,0.0,0.0,0.0,,956481973529854621,2025-12-03 22:37:23.596514
2025-12-03,24397,ANA,UTA,30006310,Roman Kinal,shots_on_goal,rf_qrf_shots_on_goal,0.3.0,empirical_qrf,0.0,0.0,0.0,,956481973529854621,2025-12-03 22:37:23.596514
2025-12-03,24397,ANA,UTA,30006353,Easton Armstrong,shots_on_goal,rf_qrf_shots_on_goal,0.3.0,empirical_qrf,0.0,0.0,0.0,,956481973529854621,2025-12-03 22:37:23.596514
2025-12-03,24397,ANA,UTA,30006483,Beckett Sennecke,shots_on_goal,rf_qrf_shots_on_goal,0.3.0,empirical_qrf,1.0543075396825394,0.0,3.0,,956481973529854621,2025-12-03 22:37:23.596514
2025-12-03,24397,ANA,UTA,30005678,Tristan Luneau,shots_on_goal,rf_qrf_shots_on_goal,0.3.0,empirical_qrf,0.04948809523809524,0.0,0.0,,956481973529854621,2025-12-03 22:37:23.596514
2025-12-03,24397,ANA,UTA,30005945,Tomas Suchanek,shots_on_goal,rf_qrf_shots_on_goal,0.3.0,empirical_qrf,0.0,0.0,0.0,,956481973529854621,2025-12-03 22:37:23.596514
2025-12-03,24397,ANA,UTA,30006016,Jaxsen Wiebe,shots_on_goal,rf_qrf_shots_on_goal,0.3.0,empirical_qrf,0.0,0.0,0.0,,956481973529854621,2025-12-03 22:37:23.596514
2025-12-03,24397,ANA,UTA,30006017,Nikita Nesterenko,shots_on_goal,rf_qrf_shots_on_goal,0.3.0,empirical_qrf,0.11974272486772487,0.0,0.5,,956481973529854621,2025-12-03 22:37:23.596514
2025-12-03,24397,ANA,UTA,30006069,Leo Carlsson,shots_on_goal,rf_qrf_shots_on_goal,0.3.0,empirical_qrf,0.7165310846560846,0.0,1.8200000000000045,,956481973529854621,2025-12-03 22:37:23.596514
2025-12-03,24397,ANA,UTA,30006117,Nico Myatovic,shots_on_goal,rf_qrf_shots_on_goal,0.3.0,empirical_qrf,0.07227777777777777,0.0,0.0,,956481973529854621,2025-12-03 22:37:23.596514
2025-12-03,24397,ANA,UTA,30005275,Tyson Hinds,shots_on_goal,rf_qrf_shots_on_goal,0.3.0,empirical_qrf,0.2132319624819625,0.0,0.8333333333333334,,956481973529854621,2025-12-03 22:37:23.596514
2025-12-03,24397,ANA,UTA,30005285,Jeremie Biakabutuka,shots_on_goal,rf_qrf_shots_on_goal,0.3.0,empirical_qrf,0.0,0.0,0.0,,956481973529854621,2025-12-03 22:37:23.596514
2025-12-03,24397,ANA,UTA,30005615,Pavel Mintyukov,shots_on_goal,rf_qrf_shots_on_goal,0.3.0,empirical_qrf,1.1364623015873014,0.0,3.0,,956481973529854621,2025-12-03 22:37:23.596514
2025-12-03,24397,ANA,UTA,30005620,Cutter Gauthier,shots_on_goal,rf_qrf_shots_on_goal,0.3.0,empirical_qrf,2.551261904761905,0.0,5.5,,956481973529854621,2025-12-03 22:37:23.596514
2025-12-03,24397,ANA,UTA,30005643,Nathan Gaucher,shots_on_goal,rf_qrf_shots_on_goal,0.3.0,empirical_qrf,0.03783333333333333,0.0,0.0,,956481973529854621,2025-12-03 22:37:23.596514
2025-12-03,24397,ANA,UTA,30005677,Noah Warren,shots_on_goal,rf_qrf_shots_on_goal,0.3.0,empirical_qrf,0.007044973544973545,0.0,0.0,,956481973529854621,2025-12-03 22:37:23.596514
2025-12-03,24397,ANA,UTA,30004829,Sam Colangelo,shots_on_goal,rf_qrf_shots_on_goal,0.3.0,empirical_qrf,0.20895238095238095,0.0,0.6666666666666666,,956481973529854621,2025-12-03 22:37:23.596514
2025-12-03,24397,ANA,UTA,30004861,Ian Moore,shots_on_goal,rf_qrf_shots_on_goal,0.3.0,empirical_qrf,0.24337211399711398,0.0,0.6666666666666666,,956481973529854621,2025-12-03 22:37:23.596514
2025-12-03,24397,ANA,UTA,30004997,Mason McTavish,shots_on_goal,rf_qrf_shots_on_goal,0.3.0,empirical_qrf,0.6409642857142857,0.0,1.8,,956481973529854621,2025-12-03 22:37:23.596514
2025-12-03,24397,ANA,UTA,30005018,Olen Zellweger,shots_on_goal,rf_qrf_shots_on_goal,0.3.0,empirical_qrf,0.7076865079365079,0.0,2.0,,956481973529854621,2025-12-03 22:37:23.596514
2025-12-03,24397,ANA,UTA,30005051,Sasha Pastujov,shots_on_goal,rf_qrf_shots_on_goal,0.3.0,empirical_qrf,0.007044973544973545,0.0,0.0,,956481973529854621,2025-12-03 22:37:23.596514
2025-12-03,24397,ANA,UTA,30005095,Davis Codd,shots_on_goal,rf_qrf_shots_on_goal,0.3.0,empirical_qrf,0.0,0.0,0.0,,956481973529854621,2025-12-03 22:37:23.596514
2025-12-03,24397,ANA,UTA,30003948,David Cotton,shots_on_goal,rf_qrf_shots_on_goal,0.3.0,empirical_qrf,0.0,0.0,0.0,,956481973529854621,2025-12-03 22:37:23.596514
2025-12-03,24397,ANA,UTA,30004160,Lukas Dostal,shots_on_goal,rf_qrf_shots_on_goal,0.3.0,empirical_qrf,0.0,0.0,0.0,,956481973529854621,2025-12-03 22:37:23.596514
2025-12-03,24397,ANA,UTA,30004512,Drew Helleson,shots_on_goal,rf_qrf_shots_on_goal,0.3.0,empirical_qrf,0.21755555555555556,0.0,0.6750000000000018,,956481973529854621,2025-12-03 22:37:23.596514
2025-12-03,24397,ANA,UTA,30004526,Jackson LaCombe,shots_on_goal,rf_qrf_shots_on_goal,0.3.0,empirical_qrf,0.33513095238095236,0.0,1.0250000000000057,,956481973529854621,2025-12-03 22:37:23.596514
2025-12-03,24397,ANA,UTA,30004550,Judd Caulfield,shots_on_goal,rf_qrf_shots_on_goal,0.3.0,empirical_qrf,0.0,0.0,0.0,,956481973529854621,2025-12-03 22:37:23.596514
2025-12-03,24397,ANA,UTA,30004828,Calle Clang,shots_on_goal,rf_qrf_shots_on_goal,0.3.0,empirical_qrf,0.0,0.0,0.0,,956481973529854621,2025-12-03 22:37:23.596514
2025-12-03,24397,ANA,UTA,30002773,Jansen Harkins,shots_on_goal,rf_qrf_shots_on_goal,0.3.0,empirical_qrf,0.0,0.0,0.0,,956481973529854621,2025-12-03 22:37:23.596514
2025-12-03,24397,ANA,UTA,30002864,Nikolas Brouillard,shots_on_goal,rf_qrf_shots_on_goal,0.3.0,empirical_qrf,0.0,0.0,0.0,,956481973529854621,2025-12-03 22:37:23.596514
2025-12-03,24397,ANA,UTA,30003197,Carsen Twarynski,shots_on_goal,rf_qrf_shots_on_goal,0.3.0,empirical_qrf,0.0,0.0,0.0,,956481973529854621,2025-12-03 22:37:23.596514
2025-12-03,24397,ANA,UTA,30003475,Matthew Phillips,shots_on_goal,rf_qrf_shots_on_goal,0.3.0,empirical_qrf,0.2316547619047619,0.0,0.75,,956481973529854621,2025-12-03 22:37:23.596514
2025-12-03,24397,ANA,UTA,30003650,Ryan Poehling,shots_on_goal,rf_qrf_shots_on_goal,0.3.0,empirical_qrf,0.23548809523809525,0.0,0.8200000000000046,,956481973529854621,2025-12-03 22:37:23.596514
2025-12-03,24397,ANA,UTA,30003747,Troy Terry,shots_on_goal,rf_qrf_shots_on_goal,0.3.0,empirical_qrf,0.05970833333333333,0.0,0.3333333333333333,,956481973529854621,2025-12-03 22:37:23.596514
2025-12-03,24397,ANA,UTA,30000834,Jacob Trouba,shots_on_goal,rf_qrf_shots_on_goal,0.3.0,empirical_qrf,0.07782539682539683,0.0,0.0,,956481973529854621,2025-12-03 22:37:23.596514
2025-12-03,24397,ANA,UTA,30000998,Ross Johnston,shots_on_goal,rf_qrf_shots_on_goal,0.3.0,empirical_qrf,0.046884920634920633,0.0,0.0,,956481973529854621,2025-12-03 22:37:23.596514
2025-12-03,24397,ANA,UTA,30001005,Ryan Strome,shots_on_goal,rf_qrf_shots_on_goal,0.3.0,empirical_qrf,1.1364623015873014,0.0,3.0,,956481973529854621,2025-12-03 22:37:23.596514
2025-12-03,24397,ANA,UTA,30001009,Petr Mrazek,shots_on_goal,rf_qrf_shots_on_goal,0.3.0,empirical_qrf,0.0,0.0,0.0,,956481973529854621,2025-12-03 22:37:23.596514
2025-12-03,24397,ANA,UTA,30002528,Tyrell Goulbourne,shots_on_goal,rf_qrf_shots_on_goal,0.3.0,empirical_qrf,0.0,0.0,0.0,,956481973529854621,2025-12-03 22:37:23.596514
2025-12-03,24397,ANA,UTA,30002760,Ville Husso,shots_on_goal,rf_qrf_shots_on_goal,0.3.0,empirical_qrf,0.0,0.0,0.0,,956481973529854621,2025-12-03 22:37:23.596514
2025-12-03,24397,ANA,UTA,30000269,Radko Gudas,shots_on_goal,rf_qrf_shots_on_goal,0.3.0,empirical_qrf,2.4726216931216927,0.0,4.75,,956481973529854621,2025-12-03 22:37:23.596514
2025-12-03,24397,ANA,UTA,30000320,Chris Kreider,shots_on_goal,rf_qrf_shots_on_goal,0.3.0,empirical_qrf,0.02614285714285714,0.0,0.0,,956481973529854621,2025-12-03 22:37:23.596514
2025-12-03,24397,ANA,UTA,30000509,Justin Bailey,shots_on_goal,rf_qrf_shots_on_goal,0.3.0,empirical_qrf,0.5246232410377147,0.0,1.0,,956481973529854621,2025-12-03 22:37:23.596514
2025-12-03,24397,ANA,UTA,30000515,Mikael Granlund,shots_on_goal,rf_qrf_shots_on_goal,0.3.0,empirical_qrf,0.09385317460317459,0.0,0.3333333333333333,,956481973529854621,2025-12-03 22:37:23.596514
2025-12-03,24397,ANA,UTA,30000609,Frank Vatrano,shots_on_goal,rf_qrf_shots_on_goal,0.3.0,empirical_qrf,0.9351607142857142,0.0,3.0,,956481973529854621,2025-12-03 22:37:23.596514
2025-12-03,24397,ANA,UTA,30000739,Alex Killorn,shots_on_goal,rf_qrf_shots_on_goal,0.3.0,empirical_qrf,0.09369642857142857,0.0,0.25,,956481973529854621,2025-12-03 22:37:23.596514
2025-12-03,24397,UTA,ANA,30004623,Ben McCartney,shots_on_goal,rf_qrf_shots_on_goal,0.3.0,empirical_qrf,0.051154761904761904,0.0,0.0,,956481973529854621,2025-12-03 22:37:23.596514
2025-12-03,24397,UTA,ANA,30004867,JJ Peterka,shots_on_goal,rf_qrf_shots_on_goal,0.3.0,empirical_qrf,0.20113095238095235,0.0,0.7550000000000011,,956481973529854621,2025-12-03 22:37:23.596514
2025-12-03,24397,UTA,ANA,30004957,Karel Vejmelka,shots_on_goal,rf_qrf_shots_on_goal,0.3.0,empirical_qrf,0.0,0.0,0.0,,956481973529854621,2025-12-03 22:37:23.596514
2025-12-03,24397,UTA,ANA,30004996,Dylan Guenther,shots_on_goal,rf_qrf_shots_on_goal,0.3.0,empirical_qrf,3.232946428571429,0.0,6.0,,956481973529854621,2025-12-03 22:37:23.596514
2025-12-03,24397,UTA,ANA,30005567,Jaxson Stauber,shots_on_goal,rf_qrf_shots_on_goal,0.3.0,empirical_qrf,0.0,0.0,0.0,,956481973529854621,2025-12-03 22:37:23.596514
2025-12-03,24397,UTA,ANA,30005614,Logan Cooley,shots_on_goal,rf_qrf_shots_on_goal,0.3.0,empirical_qrf,1.3960396825396826,0.0,3.0,,956481973529854621,2025-12-03 22:37:23.596514
2025-12-03,24397,UTA,ANA,30003988,Cameron Hebig,shots_on_goal,rf_qrf_shots_on_goal,0.3.0,empirical_qrf,0.046884920634920633,0.0,0.0,,956481973529854621,2025-12-03 22:37:23.596514
2025-12-03,24397,UTA,ANA,30004078,Barrett Hayton,shots_on_goal,rf_qrf_shots_on_goal,0.3.0,empirical_qrf,0.05970833333333333,0.0,0.3333333333333333,,956481973529854621,2025-12-03 22:37:23.596514
2025-12-03,24397,UTA,ANA,30004113,Jack McBain,shots_on_goal,rf_qrf_shots_on_goal,0.3.0,empirical_qrf,0.07782539682539683,0.0,0.0,,956481973529854621,2025-12-03 22:37:23.596514
2025-12-03,24397,UTA,ANA,30004141,Sean Durzi,shots_on_goal,rf_qrf_shots_on_goal,0.3.0,empirical_qrf,0.23548809523809525,0.0,0.8200000000000046,,956481973529854621,2025-12-03 22:37:23.596514
2025-12-03,24397,UTA,ANA,30004170,Scott Perunovich,shots_on_goal,rf_qrf_shots_on_goal,0.3.0,empirical_qrf,0.0,0.0,0.0,,956481973529854621,2025-12-03 22:37:23.596514
2025-12-03,24397,UTA,ANA,30004585,John Marino,shots_on_goal,rf_qrf_shots_on_goal,0.3.0,empirical_qrf,0.06927380952380953,0.0,0.0,,956481973529854621,2025-12-03 22:37:23.596514
2025-12-03,24397,UTA,ANA,30003235,Michael Carcone,shots_on_goal,rf_qrf_shots_on_goal,0.3.0,empirical_qrf,0.07782539682539683,0.0,0.0,,956481973529854621,2025-12-03 22:37:23.596514
2025-12-03,24397,UTA,ANA,30003572,Nick DeSimone,shots_on_goal,rf_qrf_shots_on_goal,0.3.0,empirical_qrf,0.11974272486772487,0.0,0.5,,956481973529854621,2025-12-03 22:37:23.596514
2025-12-03,24397,UTA,ANA,30003662,Juuso Valimaki,shots_on_goal,rf_qrf_shots_on_goal,0.3.0,empirical_qrf,0.0,0.0,0.0,,956481973529854621,2025-12-03 22:37:23.596514
2025-12-03,24397,UTA,ANA,30003663,Kailer Yamamoto,shots_on_goal,rf_qrf_shots_on_goal,0.3.0,empirical_qrf,0.11263095238095237,0.0,0.43571428571428733,,956481973529854621,2025-12-03 22:37:23.596514
2025-12-03,24397,UTA,ANA,30003723,Matt Villalta,shots_on_goal,rf_qrf_shots_on_goal,0.3.0,empirical_qrf,0.0,0.0,0.0,,956481973529854621,2025-12-03 22:37:23.596514
2025-12-03,24397,UTA,ANA,30003753,Alexander Kerfoot,shots_on_goal,rf_qrf_shots_on_goal,0.3.0,empirical_qrf,0.245372113997114,0.0,0.6666666666666666,,956481973529854621,2025-12-03 22:37:23.596514
2025-12-03,24397,UTA,ANA,30002583,Nick Schmaltz,shots_on_goal,rf_qrf_shots_on_goal,0.3.0,empirical_qrf,0.06927380952380953,0.0,0.0,,956481973529854621,2025-12-03 22:37:23.596514
2025-12-03,24397,UTA,ANA,30002600,Vitek Vanecek,shots_on_goal,rf_qrf_shots_on_goal,0.3.0,empirical_qrf,0.0,0.0,0.0,,956481973529854621,2025-12-03 22:37:23.596514
2025-12-03,24397,UTA,ANA,30002841,Kevin Stenlund,shots_on_goal,rf_qrf_shots_on_goal,0.3.0,empirical_qrf,1.0435998677248677,0.0,3.0,,956481973529854621,2025-12-03 22:37:23.596514
2025-12-03,24397,UTA,ANA,30003053,Brandon Tanev,shots_on_goal,rf_qrf_shots_on_goal,0.3.0,empirical_qrf,0.05239285714285714,0.0,0.0,,956481973529854621,2025-12-03 22:37:23.596514
2025-12-03,24397,UTA,ANA,30003137,Mikhail Sergachev,shots_on_goal,rf_qrf_shots_on_goal,0.3.0,empirical_qrf,1.3494642857142858,0.0,3.0,,956481973529854621,2025-12-03 22:37:23.596514
2025-12-03,24397,UTA,ANA,30003141,Clayton Keller,shots_on_goal,rf_qrf_shots_on_goal,0.3.0,empirical_qrf,0.2025,0.0,0.6666666666666666,,956481973529854621,2025-12-03 22:37:23.596514
2025-12-03,24398,WAS,SJ,30000330,Dylan McIlrath,shots_on_goal,rf_qrf_shots_on_goal,0.3.0,empirical_qrf,0.5221371299266037,0.0,1.0,,956481973529854621,2025-12-03 22:37:23.596514
2025-12-03,24398,WAS,SJ,30000341,Anthony Beauvillier,shots_on_goal,rf_qrf_shots_on_goal,0.3.0,empirical_qrf,0.1250952380952381,0.0,0.5,,956481973529854621,2025-12-03 22:37:23.596514
2025-12-03,24398,WAS,SJ,30000375,Tom Wilson,shots_on_goal,rf_qrf_shots_on_goal,0.3.0,empirical_qrf,0.9869543650793651,0.0,2.6666666666666665,,956481973529854621,2025-12-03 22:37:23.596514
2025-12-03,24398,WAS,SJ,30000378,Alex Ovechkin,shots_on_goal,rf_qrf_shots_on_goal,0.3.0,empirical_qrf,1.4162228835978836,0.0,3.75,,956481973529854621,2025-12-03 22:37:23.596514
2025-12-03,24398,WAS,SJ,30000385,Aaron Ness,shots_on_goal,rf_qrf_shots_on_goal,0.3.0,empirical_qrf,0.0,0.0,0.0,,956481973529854621,2025-12-03 22:37:23.596514
2025-12-03,24398,WAS,SJ,30000429,Sonny Milano,shots_on_goal,rf_qrf_shots_on_goal,0.3.0,empirical_qrf,1.3954933862433863,0.0,3.0,,956481973529854621,2025-12-03 22:37:23.596514
2025-12-03,24398,SJ,WAS,30006189,Luca Cagnoni,shots_on_goal,rf_qrf_shots_on_goal,0.3.0,empirical_qrf,0.06826190476190476,0.0,0.0,,956481973529854621,2025-12-03 22:37:23.596514
2025-12-03,24398,SJ,WAS,30006307,Anthony Vincent,shots_on_goal,rf_qrf_shots_on_goal,0.3.0,empirical_qrf,0.007044973544973545,0.0,0.0,,956481973529854621,2025-12-03 22:37:23.596514
2025-12-03,24398,SJ,WAS,30006468,Collin Graf,shots_on_goal,rf_qrf_shots_on_goal,0.3.0,empirical_qrf,0.8199318783068783,0.0,3.0,,956481973529854621,2025-12-03 22:37:23.596514
2025-12-03,24398,SJ,WAS,30006484,Sam Dickinson,shots_on_goal,rf_qrf_shots_on_goal,0.3.0,empirical_qrf,0.046575396825396825,0.0,0.0,,956481973529854621,2025-12-03 22:37:23.596514
2025-12-03,24398,SJ,WAS,30006491,Macklin Celebrini,shots_on_goal,rf_qrf_shots_on_goal,0.3.0,empirical_qrf,1.1364623015873014,0.0,3.0,,956481973529854621,2025-12-03 22:37:23.596514
2025-12-03,24398,WAS,SJ,30004910,Bogdan Trineyev,shots_on_goal,rf_qrf_shots_on_goal,0.3.0,empirical_qrf,0.06655555555555556,0.0,0.0,,956481973529854621,2025-12-03 22:37:23.596514
2025-12-03,24398,SJ,WAS,30005752,Patrick Giles,shots_on_goal,rf_qrf_shots_on_goal,0.3.0,empirical_qrf,1.8864537037037037,0.5,3.0,,956481973529854621,2025-12-03 22:37:23.596514
2025-12-03,24398,SJ,WAS,30005839,Jake Furlong,shots_on_goal,rf_qrf_shots_on_goal,0.3.0,empirical_qrf,0.0,0.0,0.0,,956481973529854621,2025-12-03 22:37:23.596514
2025-12-03,24398,SJ,WAS,30006008,Nolan Burke,shots_on_goal,rf_qrf_shots_on_goal,0.3.0,empirical_qrf,0.0,0.0,0.0,,956481973529854621,2025-12-03 22:37:23.596514
2025-12-03,24398,SJ,WAS,30006066,Will Smith,shots_on_goal,rf_qrf_shots_on_goal,0.3.0,empirical_qrf,0.20895238095238095,0.0,0.6666666666666666,,956481973529854621,2025-12-03 22:37:23.596514
2025-12-03,24398,SJ,WAS,30006085,Quentin Musty,shots_on_goal,rf_qrf_shots_on_goal,0.3.0,empirical_qrf,0.06927380952380953,0.0,0.0,,956481973529854621,2025-12-03 22:37:23.596514
2025-12-03,24398,SJ,WAS,30006114,Kasper Halttunen,shots_on_goal,rf_qrf_shots_on_goal,0.3.0,empirical_qrf,0.7901051587301587,0.0,3.0,,956481973529854621,2025-12-03 22:37:23.596514
2025-12-03,24398,SJ,WAS,30005031,Vincent Iorio,shots_on_goal,rf_qrf_shots_on_goal,0.3.0,empirical_qrf,0.04948809523809524,0.0,0.0,,956481973529854621,2025-12-03 22:37:23.596514
2025-12-03,24398,SJ,WAS,30005081,Cole Clayton,shots_on_goal,rf_qrf_shots_on_goal,0.3.0,empirical_qrf,0.07227777777777777,0.0,0.0,,956481973529854621,2025-12-03 22:37:23.596514
2025-12-03,24398,SJ,WAS,30005207,Ethan Cardwell,shots_on_goal,rf_qrf_shots_on_goal,0.3.0,empirical_qrf,1.1877142857142857,0.0,3.350000000000004,,956481973529854621,2025-12-03 22:37:23.596514
2025-12-03,24398,SJ,WAS,30005602,Pavol Regenda,shots_on_goal,rf_qrf_shots_on_goal,0.3.0,empirical_qrf,0.334271645021645,0.0,1.0,,956481973529854621,2025-12-03 22:37:23.596514
2025-12-03,24398,SJ,WAS,30005628,Yaroslav Askarov,shots_on_goal,rf_qrf_shots_on_goal,0.3.0,empirical_qrf,0.0,0.0,0.0,,956481973529854621,2025-12-03 22:37:23.596514
2025-12-03,24398,SJ,WAS,30005649,Filip Bystedt,shots_on_goal,rf_qrf_shots_on_goal,0.3.0,empirical_qrf,0.0,0.0,0.0,,956481973529854621,2025-12-03 22:37:23.596514
2025-12-03,24398,SJ,WAS,30004136,Jakub Skarek,shots_on_goal,rf_qrf_shots_on_goal,0.3.0,empirical_qrf,0.0,0.0,0.0,,956481973529854621,2025-12-03 22:37:23.596514
2025-12-03,24398,SJ,WAS,30004392,Jimmy Huntington,shots_on_goal,rf_qrf_shots_on_goal,0.3.0,empirical_qrf,0.007044973544973545,0.0,0.0,,956481973529854621,2025-12-03 22:37:23.596514
2025-12-03,24398,SJ,WAS,30004654,Beck Warm,shots_on_goal,rf_qrf_shots_on_goal,0.3.0,empirical_qrf,0.0,0.0,0.0,,956481973529854621,2025-12-03 22:37:23.596514
2025-12-03,24398,SJ,WAS,30004811,Shakir Mukhamadullin,shots_on_goal,rf_qrf_shots_on_goal,0.3.0,empirical_qrf,0.22089682539682542,0.0,0.75,,956481973529854621,2025-12-03 22:37:23.596514
2025-12-03,24398,SJ,WAS,30004995,William Eklund,shots_on_goal,rf_qrf_shots_on_goal,0.3.0,empirical_qrf,2.907654761904762,0.0,5.0,,956481973529854621,2025-12-03 22:37:23.596514
2025-12-03,24398,SJ,WAS,30005013,Zack Ostapchuk,shots_on_goal,rf_qrf_shots_on_goal,0.3.0,empirical_qrf,0.04948809523809524,0.0,0.0,,956481973529854621,2025-12-03 22:37:23.596514
2025-12-03,24398,SJ,WAS,30003651,Shane Bowers,shots_on_goal,rf_qrf_shots_on_goal,0.3.0,empirical_qrf,0.019507936507936505,0.0,0.0,,956481973529854621,2025-12-03 22:37:23.596514
2025-12-03,24398,SJ,WAS,30003693,Mario Ferraro,shots_on_goal,rf_qrf_shots_on_goal,0.3.0,empirical_qrf,0.007044973544973545,0.0,0.0,,956481973529854621,2025-12-03 22:37:23.596514
2025-12-03,24398,SJ,WAS,30003937,Vincent Desharnais,shots_on_goal,rf_qrf_shots_on_goal,0.3.0,empirical_qrf,0.09369642857142857,0.0,0.25,,956481973529854621,2025-12-03 22:37:23.596514
2025-12-03,24398,SJ,WAS,30003989,Adam Gaudette,shots_on_goal,rf_qrf_shots_on_goal,0.3.0,empirical_qrf,0.2025,0.0,0.6666666666666666,,956481973529854621,2025-12-03 22:37:23.596514
2025-12-03,24398,SJ,WAS,30004092,Ty Dellandrea,shots_on_goal,rf_qrf_shots_on_goal,0.3.0,empirical_qrf,1.0383716931216929,0.0,2.5,,956481973529854621,2025-12-03 22:37:23.596514
2025-12-03,24398,SJ,WAS,30004123,Philipp Kurashev,shots_on_goal,rf_qrf_shots_on_goal,0.3.0,empirical_qrf,0.04948809523809524,0.0,0.0,,956481973529854621,2025-12-03 22:37:23.596514
2025-12-03,24398,SJ,WAS,30000754,John Klingberg,shots_on_goal,rf_qrf_shots_on_goal,0.3.0,empirical_qrf,0.046884920634920633,0.0,0.0,,956481973529854621,2025-12-03 22:37:23.596514
2025-12-03,24398,SJ,WAS,30000914,Barclay Goodrow,shots_on_goal,rf_qrf_shots_on_goal,0.3.0,empirical_qrf,0.046884920634920633,0.0,0.0,,956481973529854621,2025-12-03 22:37:23.596514
2025-12-03,24398,SJ,WAS,30001301,Ryan Reaves,shots_on_goal,rf_qrf_shots_on_goal,0.3.0,empirical_qrf,0.0,0.0,0.0,,956481973529854621,2025-12-03 22:37:23.596514
2025-12-03,24398,SJ,WAS,30002590,Alex Nedeljkovic,shots_on_goal,rf_qrf_shots_on_goal,0.3.0,empirical_qrf,0.0,0.0,0.0,,956481973529854621,2025-12-03 22:37:23.596514
2025-12-03,24398,SJ,WAS,30002693,Aaron Dell,shots_on_goal,rf_qrf_shots_on_goal,0.3.0,empirical_qrf,0.0,0.0,0.0,,956481973529854621,2025-12-03 22:37:23.596514
2025-12-03,24398,SJ,WAS,30003648,Timothy Liljegren,shots_on_goal,rf_qrf_shots_on_goal,0.3.0,empirical_qrf,0.07782539682539683,0.0,0.0,,956481973529854621,2025-12-03 22:37:23.596514
2025-12-03,24398,SJ,WAS,30000157,Tyler Toffoli,shots_on_goal,rf_qrf_shots_on_goal,0.3.0,empirical_qrf,2.994343253968254,0.5,5.25,,956481973529854621,2025-12-03 22:37:23.596514
2025-12-03,24398,SJ,WAS,30000182,Ryan Ellis,shots_on_goal,rf_qrf_shots_on_goal,0.3.0,empirical_qrf,0.0,0.0,0.0,,956481973529854621,2025-12-03 22:37:23.596514
2025-12-03,24398,SJ,WAS,30000287,Nick Leddy,shots_on_goal,rf_qrf_shots_on_goal,0.3.0,empirical_qrf,0.07782539682539683,0.0,0.0,,956481973529854621,2025-12-03 22:37:23.596514
2025-12-03,24398,SJ,WAS,30000384,Dmitry Orlov,shots_on_goal,rf_qrf_shots_on_goal,0.3.0,empirical_qrf,0.06655555555555556,0.0,0.0,,956481973529854621,2025-12-03 22:37:23.596514
2025-12-03,24398,SJ,WAS,30000426,Alexander Wennberg,shots_on_goal,rf_qrf_shots_on_goal,0.3.0,empirical_qrf,0.20597222222222225,0.0,0.8,,956481973529854621,2025-12-03 22:37:23.596514
2025-12-03,24398,SJ,WAS,30000642,Jeff Skinner,shots_on_goal,rf_qrf_shots_on_goal,0.3.0,empirical_qrf,0.9351607142857142,0.0,3.0,,956481973529854621,2025-12-03 22:37:23.596514
2025-12-03,24398,WAS,SJ,30005098,Luke Toporowski,shots_on_goal,rf_qrf_shots_on_goal,0.3.0,empirical_qrf,0.0,0.0,0.0,,956481973529854621,2025-12-03 22:37:23.596514
2025-12-03,24398,WAS,SJ,30005788,Ethen Frank,shots_on_goal,rf_qrf_shots_on_goal,0.3.0,empirical_qrf,0.80603373015873,0.0,2.0,,956481973529854621,2025-12-03 22:37:23.596514
2025-12-03,24398,WAS,SJ,30006062,Ryan Leonard,shots_on_goal,rf_qrf_shots_on_goal,0.3.0,empirical_qrf,0.7165310846560846,0.0,1.8200000000000045,,956481973529854621,2025-12-03 22:37:23.596514
2025-12-03,24398,WAS,SJ,30006408,Simon Pinard,shots_on_goal,rf_qrf_shots_on_goal,0.3.0,empirical_qrf,0.0,0.0,0.0,,956481973529854621,2025-12-03 22:37:23.596514
2025-12-03,24398,SJ,WAS,30000007,Carey Price,shots_on_goal,rf_qrf_shots_on_goal,0.3.0,empirical_qrf,0.0,0.0,0.0,,956481973529854621,2025-12-03 22:37:23.596514
2025-12-03,24398,SJ,WAS,30000128,Logan Couture,shots_on_goal,rf_qrf_shots_on_goal,0.3.0,empirical_qrf,0.0,0.0,0.0,,956481973529854621,2025-12-03 22:37:23.596514
2025-12-03,24398,WAS,SJ,30004562,Aliaksei Protas,shots_on_goal,rf_qrf_shots_on_goal,0.3.0,empirical_qrf,0.8158472222222223,0.0,2.0,,956481973529854621,2025-12-03 22:37:23.596514
2025-12-03,24398,WAS,SJ,30004579,Dalton Smith,shots_on_goal,rf_qrf_shots_on_goal,0.3.0,empirical_qrf,0.0,0.0,0.0,,956481973529854621,2025-12-03 22:37:23.596514
2025-12-03,24398,WAS,SJ,30004613,Michael Kim,shots_on_goal,rf_qrf_shots_on_goal,0.3.0,empirical_qrf,0.0,0.0,0.0,,956481973529854621,2025-12-03 22:37:23.596514
2025-12-03,24398,WAS,SJ,30004664,Corey Schueneman,shots_on_goal,rf_qrf_shots_on_goal,0.3.0,empirical_qrf,0.07949206349206349,0.0,0.0,,956481973529854621,2025-12-03 22:37:23.596514
2025-12-03,24398,WAS,SJ,30004808,Hendrix Lapierre,shots_on_goal,rf_qrf_shots_on_goal,0.3.0,empirical_qrf,0.24529148629148628,0.0,1.0,,956481973529854621,2025-12-03 22:37:23.596514
2025-12-03,24398,WAS,SJ,30004878,Justin Sourdif,shots_on_goal,rf_qrf_shots_on_goal,0.3.0,empirical_qrf,0.08980753968253968,0.0,0.016666666666670455,,956481973529854621,2025-12-03 22:37:23.596514
2025-12-03,24398,WAS,SJ,30003973,Logan Thompson,shots_on_goal,rf_qrf_shots_on_goal,0.3.0,empirical_qrf,0.0,0.0,0.0,,956481973529854621,2025-12-03 22:37:23.596514
2025-12-03,24398,WAS,SJ,30004099,Rasmus Sandin,shots_on_goal,rf_qrf_shots_on_goal,0.3.0,empirical_qrf,0.06826190476190476,0.0,0.0,,956481973529854621,2025-12-03 22:37:23.596514
2025-12-03,24398,WAS,SJ,30004152,Martin Fehérváry,shots_on_goal,rf_qrf_shots_on_goal,0.3.0,empirical_qrf,0.046575396825396825,0.0,0.0,,956481973529854621,2025-12-03 22:37:23.596514
2025-12-03,24398,WAS,SJ,30004302,Declan Chisholm,shots_on_goal,rf_qrf_shots_on_goal,0.3.0,empirical_qrf,0.20895238095238095,0.0,0.6666666666666666,,956481973529854621,2025-12-03 22:37:23.596514
2025-12-03,24398,WAS,SJ,30004491,Connor McMichael,shots_on_goal,rf_qrf_shots_on_goal,0.3.0,empirical_qrf,0.1999365079365079,0.0,0.6666666666666666,,956481973529854621,2025-12-03 22:37:23.596514
2025-12-03,24398,WAS,SJ,30004500,Brett Leason,shots_on_goal,rf_qrf_shots_on_goal,0.3.0,empirical_qrf,0.09369642857142857,0.0,0.25,,956481973529854621,2025-12-03 22:37:23.596514
2025-12-03,24398,WAS,SJ,30003035,Spencer Smallman,shots_on_goal,rf_qrf_shots_on_goal,0.3.0,empirical_qrf,0.0,0.0,0.0,,956481973529854621,2025-12-03 22:37:23.596514
2025-12-03,24398,WAS,SJ,30003132,Pierre-Luc Dubois,shots_on_goal,rf_qrf_shots_on_goal,0.3.0,empirical_qrf,0.859577380952381,0.0,3.0,,956481973529854621,2025-12-03 22:37:23.596514
2025-12-03,24398,WAS,SJ,30003138,Jakob Chychrun,shots_on_goal,rf_qrf_shots_on_goal,0.3.0,empirical_qrf,1.124079365079365,0.0,3.5,,956481973529854621,2025-12-03 22:37:23.596514
2025-12-03,24398,WAS,SJ,30003561,Matt Roy,shots_on_goal,rf_qrf_shots_on_goal,0.3.0,empirical_qrf,0.046575396825396825,0.0,0.0,,956481973529854621,2025-12-03 22:37:23.596514
2025-12-03,24398,WAS,SJ,30003759,Matthew Strome,shots_on_goal,rf_qrf_shots_on_goal,0.3.0,empirical_qrf,0.0,0.0,0.0,,956481973529854621,2025-12-03 22:37:23.596514
2025-12-03,24398,WAS,SJ,30003933,Brandon Duhaime,shots_on_goal,rf_qrf_shots_on_goal,0.3.0,empirical_qrf,0.007044973544973545,0.0,0.0,,956481973529854621,2025-12-03 22:37:23.596514
2025-12-03,24398,WAS,SJ,30000587,John Carlson,shots_on_goal,rf_qrf_shots_on_goal,0.3.0,empirical_qrf,0.8199318783068783,0.0,3.0,,956481973529854621,2025-12-03 22:37:23.596514
2025-12-03,24398,WAS,SJ,30000954,Dylan Strome,shots_on_goal,rf_qrf_shots_on_goal,0.3.0,empirical_qrf,0.06927380952380953,0.0,0.0,,956481973529854621,2025-12-03 22:37:23.596514
2025-12-03,24398,WAS,SJ,30001023,Trevor van Riemsdyk,shots_on_goal,rf_qrf_shots_on_goal,0.3.0,empirical_qrf,0.06927380952380953,0.0,0.0,,956481973529854621,2025-12-03 22:37:23.596514
2025-12-03,24398,WAS,SJ,30002620,Louie Belpedio,shots_on_goal,rf_qrf_shots_on_goal,0.3.0,empirical_qrf,0.09404761904761903,0.0,0.0,,956481973529854621,2025-12-03 22:37:23.596514
2025-12-03,24398,WAS,SJ,30002695,Nic Dowd,shots_on_goal,rf_qrf_shots_on_goal,0.3.0,empirical_qrf,0.0,0.0,0.0,,956481973529854621,2025-12-03 22:37:23.596514
2025-12-03,24398,WAS,SJ,30003026,Charlie Lindgren,shots_on_goal,rf_qrf_shots_on_goal,0.3.0,empirical_qrf,0.0,0.0,0.0,,956481973529854621,2025-12-03 22:37:23.596514
2025-12-03,24394,DAL,NJ,,,total_goals,ets_sum_team_goals,0.3.0,ets_sum,16.344687266797745,0.0,0.0,,956481973529854621,2025-12-03 22:37:24.407548
2025-12-03,24395,BUF,PHI,,,total_goals,ets_sum_team_goals,0.3.0,ets_sum,16.38184523188763,0.0,0.0,,956481973529854621,2025-12-03 22:37:24.407731
2025-12-03,24396,WPG,MON,,,total_goals,ets_sum_team_goals,0.3.0,ets_sum,14.61259120682918,0.0,0.0,,956481973529854621,2025-12-03 22:37:24.407893
2025-12-03,24397,UTA,ANA,,,total_goals,ets_sum_team_goals,0.3.0,ets_sum,15.485290056983274,0.0,0.0,,956481973529854621,2025-12-03 22:37:24.408053
2025-12-03,24398,WAS,SJ,,,total_goals,ets_sum_team_goals,0.3.0,ets_sum,13.88936922819796,0.0,0.0,,956481973529854621,2025-12-03 22:37:24.408208
