date,game_id,team,opponent,player_id,name,target,model_name,model_version,distribution,lambda_or_mu,q10,q90,p_ge_k_json,run_id,created_ts
2025-12-14,24481,VAN,NJ,30000958,Derek Forbort,points,rf_qrf_points,0.3.0,empirical_qrf,0.0,0.0,0.0,,4237405318233988177,2025-12-14 22:43:06.336012
2025-12-14,24481,VAN,NJ,30000976,Evander Kane,points,rf_qrf_points,0.3.0,empirical_qrf,0.09898916509452353,0.0,0.1877976190476191,,4237405318233988177,2025-12-14 22:43:06.336012
2025-12-14,24481,VAN,NJ,30001238,Jake DeBrusk,points,rf_qrf_points,0.3.0,empirical_qrf,0.0,0.0,0.0,,4237405318233988177,2025-12-14 22:43:06.336012
2025-12-14,24481,VAN,NJ,30001299,Tyler Myers,points,rf_qrf_points,0.3.0,empirical_qrf,0.03299725249141197,0.0,0.08,,4237405318233988177,2025-12-14 22:43:06.336012
2025-12-14,24481,VAN,NJ,30001949,Guillaume Brisebois,points,rf_qrf_points,0.3.0,empirical_qrf,0.00567490224128365,0.0,0.011594202898550725,,4237405318233988177,2025-12-14 22:43:06.336012
2025-12-14,24481,VAN,NJ,30002479,Teddy Blueger,points,rf_qrf_points,0.3.0,empirical_qrf,0.0,0.0,0.0,,4237405318233988177,2025-12-14 22:43:06.336012
2025-12-14,24481,NJ,VAN,30004112,Calen Addison,points,rf_qrf_points,0.3.0,empirical_qrf,0.050081798207212785,0.013140806561859194,0.08870205932363501,,4237405318233988177,2025-12-14 22:43:06.336012
2025-12-14,24481,VAN,NJ,30004817,Lukas Reichel,points,rf_qrf_points,0.3.0,empirical_qrf,0.0,0.0,0.0,,4237405318233988177,2025-12-14 22:43:06.336012
2025-12-14,24481,NJ,VAN,30004387,Angus Crookshank,points,rf_qrf_points,0.3.0,empirical_qrf,0.0,0.0,0.0,,4237405318233988177,2025-12-14 22:43:06.336012
2025-12-14,24481,VAN,NJ,30004140,Jett Woo,points,rf_qrf_points,0.3.0,empirical_qrf,0.018069391224971632,0.008580022743112873,0.029282639885222388,,4237405318233988177,2025-12-14 22:43:06.336012
2025-12-14,24481,NJ,VAN,30005864,Xavier Parent,points,rf_qrf_points,0.3.0,empirical_qrf,0.0,0.0,0.0,,4237405318233988177,2025-12-14 22:43:06.336012
2025-12-14,24481,VAN,NJ,30004818,Marco Rossi,points,rf_qrf_points,0.3.0,empirical_qrf,0.005527777777777778,0.0,0.0,,4237405318233988177,2025-12-14 22:43:06.336012
2025-12-14,24481,VAN,NJ,30005642,Liam Ohgren,points,rf_qrf_points,0.3.0,empirical_qrf,0.0,0.0,0.0,,4237405318233988177,2025-12-14 22:43:06.336012
2025-12-14,24481,VAN,NJ,30006486,Zeev Buium,points,rf_qrf_points,0.3.0,empirical_qrf,0.17726761097233235,0.0,0.42857142857142855,,4237405318233988177,2025-12-14 22:43:06.336012
2025-12-14,24481,NJ,VAN,30005466,Arseniy Gritsyuk,points,rf_qrf_points,0.3.0,empirical_qrf,0.0008333333333333334,0.0,0.0,,4237405318233988177,2025-12-14 22:43:06.336012
2025-12-14,24481,NJ,VAN,30005561,Marc McLaughlin,points,rf_qrf_points,0.3.0,empirical_qrf,0.008144519980019645,0.006487259332587396,0.009920424520382104,,4237405318233988177,2025-12-14 22:43:06.336012
2025-12-14,24481,NJ,VAN,30005569,Brian Halonen,points,rf_qrf_points,0.3.0,empirical_qrf,0.0012566137566137566,0.0,0.0,,4237405318233988177,2025-12-14 22:43:06.336012
2025-12-14,24481,NJ,VAN,30005613,Simon Nemec,points,rf_qrf_points,0.3.0,empirical_qrf,0.0,0.0,0.0,,4237405318233988177,2025-12-14 22:43:06.336012
2025-12-14,24481,NJ,VAN,30006223,Jeremy Hanzel,points,rf_qrf_points,0.3.0,empirical_qrf,0.008144519980019645,0.006487259332587396,0.009920424520382104,,4237405318233988177,2025-12-14 22:43:06.336012
2025-12-14,24481,NJ,VAN,30006356,Matyas Melovsky,points,rf_qrf_points,0.3.0,empirical_qrf,0.00567490224128365,0.0,0.011594202898550725,,4237405318233988177,2025-12-14 22:43:06.336012
2025-12-14,24481,NJ,VAN,30004549,Nathan Legare,points,rf_qrf_points,0.3.0,empirical_qrf,0.0,0.0,0.0,,4237405318233988177,2025-12-14 22:43:06.336012
2025-12-14,24481,NJ,VAN,30004810,Dawson Mercer,points,rf_qrf_points,0.3.0,empirical_qrf,0.010706349206349207,0.0,0.0,,4237405318233988177,2025-12-14 22:43:06.336012
2025-12-14,24481,NJ,VAN,30004827,Thomas Bordeleau,points,rf_qrf_points,0.3.0,empirical_qrf,0.0,0.0,0.0,,4237405318233988177,2025-12-14 22:43:06.336012
2025-12-14,24481,NJ,VAN,30004833,Nico Daws,points,rf_qrf_points,0.3.0,empirical_qrf,0.008144519980019645,0.006487259332587396,0.009920424520382104,,4237405318233988177,2025-12-14 22:43:06.336012
2025-12-14,24481,NJ,VAN,30004986,Luke Hughes,points,rf_qrf_points,0.3.0,empirical_qrf,0.00567490224128365,0.0,0.011594202898550725,,4237405318233988177,2025-12-14 22:43:06.336012
2025-12-14,24481,NJ,VAN,30005278,Mikael Diotte,points,rf_qrf_points,0.3.0,empirical_qrf,0.010978441891740414,0.0,0.023867595818815344,,4237405318233988177,2025-12-14 22:43:06.336012
2025-12-14,24481,NJ,VAN,30003639,Nico Hischier,points,rf_qrf_points,0.3.0,empirical_qrf,0.0072499999999999995,0.0,0.0,,4237405318233988177,2025-12-14 22:43:06.336012
2025-12-14,24481,NJ,VAN,30003642,Cody Glass,points,rf_qrf_points,0.3.0,empirical_qrf,0.03838296283656048,0.0,0.09090909090909091,,4237405318233988177,2025-12-14 22:43:06.336012
2025-12-14,24481,NJ,VAN,30003726,Johnathan Kovacevic,points,rf_qrf_points,0.3.0,empirical_qrf,0.00567490224128365,0.0,0.011594202898550725,,4237405318233988177,2025-12-14 22:43:06.336012
2025-12-14,24481,NJ,VAN,30003983,Austin Strand,points,rf_qrf_points,0.3.0,empirical_qrf,0.050081798207212785,0.013140806561859194,0.08870205932363501,,4237405318233988177,2025-12-14 22:43:06.336012
2025-12-14,24481,NJ,VAN,30004384,Paul Cotter,points,rf_qrf_points,0.3.0,empirical_qrf,0.022506613756613756,0.0,0.0,,4237405318233988177,2025-12-14 22:43:06.336012
2025-12-14,24481,NJ,VAN,30004470,Jack Hughes,points,rf_qrf_points,0.3.0,empirical_qrf,0.002333333333333333,0.0,0.0,,4237405318233988177,2025-12-14 22:43:06.336012
2025-12-14,24481,NJ,VAN,30001786,Evgenii Dadonov,points,rf_qrf_points,0.3.0,empirical_qrf,0.0,0.0,0.0,,4237405318233988177,2025-12-14 22:43:06.336012
2025-12-14,24481,NJ,VAN,30002609,Juho Lammikko,points,rf_qrf_points,0.3.0,empirical_qrf,0.0,0.0,0.0,,4237405318233988177,2025-12-14 22:43:06.336012
2025-12-14,24481,NJ,VAN,30003154,Dennis Cholowski,points,rf_qrf_points,0.3.0,empirical_qrf,0.0,0.0,0.0,,4237405318233988177,2025-12-14 22:43:06.336012
2025-12-14,24481,NJ,VAN,30003404,Zack MacEwen,points,rf_qrf_points,0.3.0,empirical_qrf,0.018069391224971632,0.008580022743112873,0.029282639885222388,,4237405318233988177,2025-12-14 22:43:06.336012
2025-12-14,24481,NJ,VAN,30003568,Joseph Gambardella,points,rf_qrf_points,0.3.0,empirical_qrf,0.008144519980019645,0.006487259332587396,0.009920424520382104,,4237405318233988177,2025-12-14 22:43:06.336012
2025-12-14,24481,NJ,VAN,30003612,Jesper Bratt,points,rf_qrf_points,0.3.0,empirical_qrf,0.04523015873015873,0.0,0.0,,4237405318233988177,2025-12-14 22:43:06.336012
2025-12-14,24481,NJ,VAN,30000844,Luke Glendening,points,rf_qrf_points,0.3.0,empirical_qrf,0.0,0.0,0.0,,4237405318233988177,2025-12-14 22:43:06.336012
2025-12-14,24481,NJ,VAN,30000886,Stefan Noesen,points,rf_qrf_points,0.3.0,empirical_qrf,0.05063726038051869,0.0,0.12,,4237405318233988177,2025-12-14 22:43:06.336012
2025-12-14,24481,NJ,VAN,30001052,Ondrej Palat,points,rf_qrf_points,0.3.0,empirical_qrf,0.0048253968253968256,0.0,0.0,,4237405318233988177,2025-12-14 22:43:06.336012
2025-12-14,24481,NJ,VAN,30001108,Jonas Siegenthaler,points,rf_qrf_points,0.3.0,empirical_qrf,0.0326161327567212,0.0,0.06331123166566205,,4237405318233988177,2025-12-14 22:43:06.336012
2025-12-14,24481,NJ,VAN,30001225,Brenden Dillon,points,rf_qrf_points,0.3.0,empirical_qrf,0.04223330418379417,0.0,0.08571428571428572,,4237405318233988177,2025-12-14 22:43:06.336012
2025-12-14,24481,NJ,VAN,30001226,Timo Meier,points,rf_qrf_points,0.3.0,empirical_qrf,0.08701851851851851,0.0,0.5,,4237405318233988177,2025-12-14 22:43:06.336012
2025-12-14,24481,NJ,VAN,30000070,Dougie Hamilton,points,rf_qrf_points,0.3.0,empirical_qrf,0.01788888888888889,0.0,0.0,,4237405318233988177,2025-12-14 22:43:06.336012
2025-12-14,24481,NJ,VAN,30000210,Colton White,points,rf_qrf_points,0.3.0,empirical_qrf,0.00567490224128365,0.0,0.011594202898550725,,4237405318233988177,2025-12-14 22:43:06.336012
2025-12-14,24481,NJ,VAN,30000368,Brett Pesce,points,rf_qrf_points,0.3.0,empirical_qrf,0.011323356124439713,0.0,0.0,,4237405318233988177,2025-12-14 22:43:06.336012
2025-12-14,24481,NJ,VAN,30000491,Connor Brown,points,rf_qrf_points,0.3.0,empirical_qrf,0.0,0.0,0.0,,4237405318233988177,2025-12-14 22:43:06.336012
2025-12-14,24481,NJ,VAN,30000573,Jacob Markstrom,points,rf_qrf_points,0.3.0,empirical_qrf,0.008144519980019645,0.006487259332587396,0.009920424520382104,,4237405318233988177,2025-12-14 22:43:06.336012
2025-12-14,24481,NJ,VAN,30000665,Jake Allen,points,rf_qrf_points,0.3.0,empirical_qrf,0.008144519980019645,0.006487259332587396,0.009920424520382104,,4237405318233988177,2025-12-14 22:43:06.336012
2025-12-14,24481,VAN,NJ,30005837,Ty Young,points,rf_qrf_points,0.3.0,empirical_qrf,0.008144519980019645,0.006487259332587396,0.009920424520382104,,4237405318233988177,2025-12-14 22:43:06.336012
2025-12-14,24481,VAN,NJ,30006031,Max Sasson,points,rf_qrf_points,0.3.0,empirical_qrf,0.0,0.0,0.0,,4237405318233988177,2025-12-14 22:43:06.336012
2025-12-14,24481,VAN,NJ,30006037,Nikita Tolopilo,points,rf_qrf_points,0.3.0,empirical_qrf,0.008144519980019645,0.006487259332587396,0.009920424520382104,,4237405318233988177,2025-12-14 22:43:06.336012
2025-12-14,24481,VAN,NJ,30006067,Tom Willander,points,rf_qrf_points,0.3.0,empirical_qrf,0.0,0.0,0.0,,4237405318233988177,2025-12-14 22:43:06.336012
2025-12-14,24481,VAN,NJ,30006320,Joe Arntsen,points,rf_qrf_points,0.3.0,empirical_qrf,0.008144519980019645,0.006487259332587396,0.009920424520382104,,4237405318233988177,2025-12-14 22:43:06.336012
2025-12-14,24481,VAN,NJ,30006441,Elias Nils Pettersson,points,rf_qrf_points,0.3.0,empirical_qrf,0.03838296283656048,0.0,0.09090909090909091,,4237405318233988177,2025-12-14 22:43:06.336012
2025-12-14,24481,VAN,NJ,30005171,Dino Kambeitz,points,rf_qrf_points,0.3.0,empirical_qrf,0.008144519980019645,0.006487259332587396,0.009920424520382104,,4237405318233988177,2025-12-14 22:43:06.336012
2025-12-14,24481,VAN,NJ,30005456,Nils Aman,points,rf_qrf_points,0.3.0,empirical_qrf,0.053653716005884984,0.0,0.10209314495028782,,4237405318233988177,2025-12-14 22:43:06.336012
2025-12-14,24481,VAN,NJ,30005566,Arshdeep Bains,points,rf_qrf_points,0.3.0,empirical_qrf,0.0,0.0,0.0,,4237405318233988177,2025-12-14 22:43:06.336012
2025-12-14,24481,VAN,NJ,30005619,Jonathan Lekkerimaki,points,rf_qrf_points,0.3.0,empirical_qrf,0.11750925925925927,0.0,0.5,,4237405318233988177,2025-12-14 22:43:06.336012
2025-12-14,24481,VAN,NJ,30005747,Jonathan Lemieux,points,rf_qrf_points,0.3.0,empirical_qrf,0.008144519980019645,0.006487259332587396,0.009920424520382104,,4237405318233988177,2025-12-14 22:43:06.336012
2025-12-14,24481,VAN,NJ,30005831,Kirill Kudryavtsev,points,rf_qrf_points,0.3.0,empirical_qrf,0.0,0.0,0.0,,4237405318233988177,2025-12-14 22:43:06.336012
2025-12-14,24481,VAN,NJ,30004581,Nikolai Knyzhov,points,rf_qrf_points,0.3.0,empirical_qrf,0.009137062975497016,0.0,0.018823529411764704,,4237405318233988177,2025-12-14 22:43:06.336012
2025-12-14,24481,VAN,NJ,30004741,Drew O'Connor,points,rf_qrf_points,0.3.0,empirical_qrf,0.0,0.0,0.0,,4237405318233988177,2025-12-14 22:43:06.336012
2025-12-14,24481,VAN,NJ,30005016,Danila Klimovich,points,rf_qrf_points,0.3.0,empirical_qrf,0.0,0.0,0.0,,4237405318233988177,2025-12-14 22:43:06.336012
2025-12-14,24481,VAN,NJ,30005028,Aatu Raty,points,rf_qrf_points,0.3.0,empirical_qrf,0.013465307840307838,0.0,0.0,,4237405318233988177,2025-12-14 22:43:06.336012
2025-12-14,24481,VAN,NJ,30005100,Cooper Walker,points,rf_qrf_points,0.3.0,empirical_qrf,0.008144519980019645,0.006487259332587396,0.009920424520382104,,4237405318233988177,2025-12-14 22:43:06.336012
2025-12-14,24481,VAN,NJ,30005145,Josh Bloom,points,rf_qrf_points,0.3.0,empirical_qrf,0.008144519980019645,0.006487259332587396,0.009920424520382104,,4237405318233988177,2025-12-14 22:43:06.336012
2025-12-14,24481,VAN,NJ,30004001,Kiefer Sherwood,points,rf_qrf_points,0.3.0,empirical_qrf,0.005292328042328043,0.0,0.0,,4237405318233988177,2025-12-14 22:43:06.336012
2025-12-14,24481,VAN,NJ,30004058,Kevin Lankinen,points,rf_qrf_points,0.3.0,empirical_qrf,0.008144519980019645,0.006487259332587396,0.009920424520382104,,4237405318233988177,2025-12-14 22:43:06.336012
2025-12-14,24481,VAN,NJ,30004153,Linus Karlsson,points,rf_qrf_points,0.3.0,empirical_qrf,0.17485344747844747,0.0,0.4,,4237405318233988177,2025-12-14 22:43:06.336012
2025-12-14,24481,VAN,NJ,30004227,Chase Wouters,points,rf_qrf_points,0.3.0,empirical_qrf,0.008144519980019645,0.006487259332587396,0.009920424520382104,,4237405318233988177,2025-12-14 22:43:06.336012
2025-12-14,24481,VAN,NJ,30004425,Jimmy Schuldt,points,rf_qrf_points,0.3.0,empirical_qrf,0.009137062975497016,0.0,0.018823529411764704,,4237405318233988177,2025-12-14 22:43:06.336012
2025-12-14,24481,VAN,NJ,30004531,Nils Hoglander,points,rf_qrf_points,0.3.0,empirical_qrf,0.0048253968253968256,0.0,0.0,,4237405318233988177,2025-12-14 22:43:06.336012
2025-12-14,24481,VAN,NJ,30003193,Filip Hronek,points,rf_qrf_points,0.3.0,empirical_qrf,0.005555555555555555,0.0,0.0,,4237405318233988177,2025-12-14 22:43:06.336012
2025-12-14,24481,VAN,NJ,30003604,David Kampf,points,rf_qrf_points,0.3.0,empirical_qrf,0.04135059194505788,0.010526315789473684,0.07323070771691324,,4237405318233988177,2025-12-14 22:43:06.336012
2025-12-14,24481,VAN,NJ,30003647,Elias Pettersson,points,rf_qrf_points,0.3.0,empirical_qrf,0.0,0.0,0.0,,4237405318233988177,2025-12-14 22:43:06.336012
2025-12-14,24481,VAN,NJ,30003655,Filip Chytil,points,rf_qrf_points,0.3.0,empirical_qrf,0.0021666666666666666,0.0,0.0,,4237405318233988177,2025-12-14 22:43:06.336012
2025-12-14,24481,VAN,NJ,30003666,Pierre-Olivier Joseph,points,rf_qrf_points,0.3.0,empirical_qrf,0.010978441891740414,0.0,0.023867595818815344,,4237405318233988177,2025-12-14 22:43:06.336012
2025-12-14,24481,VAN,NJ,30003776,Jiri Patera,points,rf_qrf_points,0.3.0,empirical_qrf,0.008144519980019645,0.006487259332587396,0.009920424520382104,,4237405318233988177,2025-12-14 22:43:06.336012
2025-12-14,24481,VAN,NJ,30002581,Thatcher Demko,points,rf_qrf_points,0.3.0,empirical_qrf,0.008144519980019645,0.006487259332587396,0.009920424520382104,,4237405318233988177,2025-12-14 22:43:06.336012
2025-12-14,24481,VAN,NJ,30002587,Marcus Pettersson,points,rf_qrf_points,0.3.0,empirical_qrf,0.0,0.0,0.0,,4237405318233988177,2025-12-14 22:43:06.336012
2025-12-14,24481,VAN,NJ,30002777,Brock Boeser,points,rf_qrf_points,0.3.0,empirical_qrf,0.00723015873015873,0.0,0.0,,4237405318233988177,2025-12-14 22:43:06.336012
2025-12-14,24481,VAN,NJ,30002793,Joseph Labate,points,rf_qrf_points,0.3.0,empirical_qrf,0.050081798207212785,0.013140806561859194,0.08870205932363501,,4237405318233988177,2025-12-14 22:43:06.336012
2025-12-14,24481,VAN,NJ,30002876,Conor Garland,points,rf_qrf_points,0.3.0,empirical_qrf,0.013444444444444445,0.0,0.0,,4237405318233988177,2025-12-14 22:43:06.336012
2025-12-14,24481,VAN,NJ,30003063,Mackenzie MacEachern,points,rf_qrf_points,0.3.0,empirical_qrf,0.0,0.0,0.0,,4237405318233988177,2025-12-14 22:43:06.336012
2025-12-14,24482,UTA,PIT,30000229,Lawson Crouse,points,rf_qrf_points,0.3.0,empirical_qrf,0.0025,0.0,0.0,,4237405318233988177,2025-12-14 22:43:06.336012
2025-12-14,24482,UTA,PIT,30000593,Liam O'Brien,points,rf_qrf_points,0.3.0,empirical_qrf,0.0,0.0,0.0,,4237405318233988177,2025-12-14 22:43:06.336012
2025-12-14,24482,UTA,PIT,30000594,Nate Schmidt,points,rf_qrf_points,0.3.0,empirical_qrf,0.0,0.0,0.0,,4237405318233988177,2025-12-14 22:43:06.336012
2025-12-14,24482,UTA,PIT,30000650,Ian Cole,points,rf_qrf_points,0.3.0,empirical_qrf,0.0,0.0,0.0,,4237405318233988177,2025-12-14 22:43:06.336012
2025-12-14,24482,UTA,PIT,30000659,Olli Määttä,points,rf_qrf_points,0.3.0,empirical_qrf,0.04135059194505788,0.010526315789473684,0.07323070771691324,,4237405318233988177,2025-12-14 22:43:06.336012
2025-12-14,24482,UTA,PIT,30001104,Robbie Russo,points,rf_qrf_points,0.3.0,empirical_qrf,0.008144519980019645,0.006487259332587396,0.009920424520382104,,4237405318233988177,2025-12-14 22:43:06.336012
2025-12-14,24482,UTA,PIT,30006086,Daniil But,points,rf_qrf_points,0.3.0,empirical_qrf,0.03299725249141197,0.0,0.08,,4237405318233988177,2025-12-14 22:43:06.336012
2025-12-14,24482,PIT,UTA,30003586,Joona Koppanen,points,rf_qrf_points,0.3.0,empirical_qrf,0.050081798207212785,0.013140806561859194,0.08870205932363501,,4237405318233988177,2025-12-14 22:43:06.336012
2025-12-14,24482,PIT,UTA,30000557,Brett Kulak,points,rf_qrf_points,0.3.0,empirical_qrf,0.0,0.0,0.0,,4237405318233988177,2025-12-14 22:43:06.336012
2025-12-14,24482,PIT,UTA,30003729,Stuart Skinner,points,rf_qrf_points,0.3.0,empirical_qrf,0.008144519980019645,0.006487259332587396,0.009920424520382104,,4237405318233988177,2025-12-14 22:43:06.336012
2025-12-14,24482,PIT,UTA,30005896,Sergei Murashov,points,rf_qrf_points,0.3.0,empirical_qrf,0.008144519980019645,0.006487259332587396,0.009920424520382104,,4237405318233988177,2025-12-14 22:43:06.336012
2025-12-14,24482,PIT,UTA,30000806,Matt Dumba,points,rf_qrf_points,0.3.0,empirical_qrf,0.0,0.0,0.0,,4237405318233988177,2025-12-14 22:43:06.336012
2025-12-14,24482,PIT,UTA,30005635,Owen Pickering,points,rf_qrf_points,0.3.0,empirical_qrf,0.050081798207212785,0.013140806561859194,0.08870205932363501,,4237405318233988177,2025-12-14 22:43:06.336012
2025-12-14,24482,PIT,UTA,30005966,Avery Hayes,points,rf_qrf_points,0.3.0,empirical_qrf,0.0012566137566137566,0.0,0.0,,4237405318233988177,2025-12-14 22:43:06.336012
2025-12-14,24482,PIT,UTA,30006137,Emil Pieniniemi,points,rf_qrf_points,0.3.0,empirical_qrf,0.17726761097233235,0.0,0.42857142857142855,,4237405318233988177,2025-12-14 22:43:06.336012
2025-12-14,24482,PIT,UTA,30006354,Jaxon Castor,points,rf_qrf_points,0.3.0,empirical_qrf,0.008144519980019645,0.006487259332587396,0.009920424520382104,,4237405318233988177,2025-12-14 22:43:06.336012
2025-12-14,24482,PIT,UTA,30006363,Finn Harding,points,rf_qrf_points,0.3.0,empirical_qrf,0.008144519980019645,0.006487259332587396,0.009920424520382104,,4237405318233988177,2025-12-14 22:43:06.336012
2025-12-14,24482,PIT,UTA,30006867,Benjamin Kindel,points,rf_qrf_points,0.3.0,empirical_qrf,0.0,0.0,0.0,,4237405318233988177,2025-12-14 22:43:06.336012
2025-12-14,24482,PIT,UTA,30005197,Taylor Gauthier,points,rf_qrf_points,0.3.0,empirical_qrf,0.008144519980019645,0.006487259332587396,0.009920424520382104,,4237405318233988177,2025-12-14 22:43:06.336012
2025-12-14,24482,PIT,UTA,30005267,William Dufour,points,rf_qrf_points,0.3.0,empirical_qrf,0.0,0.0,0.0,,4237405318233988177,2025-12-14 22:43:06.336012
2025-12-14,24482,PIT,UTA,30005330,Callahan Burke,points,rf_qrf_points,0.3.0,empirical_qrf,0.008144519980019645,0.006487259332587396,0.009920424520382104,,4237405318233988177,2025-12-14 22:43:06.336012
2025-12-14,24482,PIT,UTA,30005403,Jack St. Ivany,points,rf_qrf_points,0.3.0,empirical_qrf,0.010978441891740414,0.0,0.023867595818815344,,4237405318233988177,2025-12-14 22:43:06.336012
2025-12-14,24482,PIT,UTA,30005511,Aidan McDonough,points,rf_qrf_points,0.3.0,empirical_qrf,0.030033686537989858,0.011627906976744186,0.050339198643205435,,4237405318233988177,2025-12-14 22:43:06.336012
2025-12-14,24482,PIT,UTA,30005623,Rutger McGroarty,points,rf_qrf_points,0.3.0,empirical_qrf,0.0,0.0,0.0,,4237405318233988177,2025-12-14 22:43:06.336012
2025-12-14,24482,PIT,UTA,30004788,Ryan Shea,points,rf_qrf_points,0.3.0,empirical_qrf,0.0,0.0,0.0,,4237405318233988177,2025-12-14 22:43:06.336012
2025-12-14,24482,PIT,UTA,30004825,Joel Blomqvist,points,rf_qrf_points,0.3.0,empirical_qrf,0.008144519980019645,0.006487259332587396,0.009920424520382104,,4237405318233988177,2025-12-14 22:43:06.336012
2025-12-14,24482,PIT,UTA,30004918,Philip Kemp,points,rf_qrf_points,0.3.0,empirical_qrf,0.00567490224128365,0.0,0.011594202898550725,,4237405318233988177,2025-12-14 22:43:06.336012
2025-12-14,24482,PIT,UTA,30004960,Valtteri Puustinen,points,rf_qrf_points,0.3.0,empirical_qrf,0.0,0.0,0.0,,4237405318233988177,2025-12-14 22:43:06.336012
2025-12-14,24482,PIT,UTA,30005027,Ville Koivunen,points,rf_qrf_points,0.3.0,empirical_qrf,0.3723037240537241,0.0,0.8,,4237405318233988177,2025-12-14 22:43:06.336012
2025-12-14,24482,PIT,UTA,30005066,Raivis Ansons,points,rf_qrf_points,0.3.0,empirical_qrf,0.008144519980019645,0.006487259332587396,0.009920424520382104,,4237405318233988177,2025-12-14 22:43:06.336012
2025-12-14,24482,PIT,UTA,30003893,Connor Clifton,points,rf_qrf_points,0.3.0,empirical_qrf,0.0,0.0,0.0,,4237405318233988177,2025-12-14 22:43:06.336012
2025-12-14,24482,PIT,UTA,30004100,Alexander Alexeyev,points,rf_qrf_points,0.3.0,empirical_qrf,0.00567490224128365,0.0,0.011594202898550725,,4237405318233988177,2025-12-14 22:43:06.336012
2025-12-14,24482,PIT,UTA,30004181,Connor Dewar,points,rf_qrf_points,0.3.0,empirical_qrf,0.0021666666666666666,0.0,0.0,,4237405318233988177,2025-12-14 22:43:06.336012
2025-12-14,24482,PIT,UTA,30004423,Blake Lizotte,points,rf_qrf_points,0.3.0,empirical_qrf,0.00567490224128365,0.0,0.011594202898550725,,4237405318233988177,2025-12-14 22:43:06.336012
2025-12-14,24482,PIT,UTA,30004488,Philip Tomasino,points,rf_qrf_points,0.3.0,empirical_qrf,0.0016666666666666668,0.0,0.0,,4237405318233988177,2025-12-14 22:43:06.336012
2025-12-14,24482,PIT,UTA,30004609,Arturs Silovs,points,rf_qrf_points,0.3.0,empirical_qrf,0.008144519980019645,0.006487259332587396,0.009920424520382104,,4237405318233988177,2025-12-14 22:43:06.336012
2025-12-14,24482,PIT,UTA,30002778,Tommy Novak,points,rf_qrf_points,0.3.0,empirical_qrf,0.0,0.0,0.0,,4237405318233988177,2025-12-14 22:43:06.336012
2025-12-14,24482,PIT,UTA,30002874,Caleb Jones,points,rf_qrf_points,0.3.0,empirical_qrf,0.0,0.0,0.0,,4237405318233988177,2025-12-14 22:43:06.336012
2025-12-14,24482,PIT,UTA,30003030,Bokondji Imama,points,rf_qrf_points,0.3.0,empirical_qrf,0.008144519980019645,0.006487259332587396,0.009920424520382104,,4237405318233988177,2025-12-14 22:43:06.336012
2025-12-14,24482,PIT,UTA,30003099,Parker Wotherspoon,points,rf_qrf_points,0.3.0,empirical_qrf,0.0,0.0,0.0,,4237405318233988177,2025-12-14 22:43:06.336012
2025-12-14,24482,PIT,UTA,30003391,Justin Brazeau,points,rf_qrf_points,0.3.0,empirical_qrf,0.0326161327567212,0.0,0.06331123166566205,,4237405318233988177,2025-12-14 22:43:06.336012
2025-12-14,24482,PIT,UTA,30003739,Sebastian Aho,points,rf_qrf_points,0.3.0,empirical_qrf,0.009137062975497016,0.0,0.018823529411764704,,4237405318233988177,2025-12-14 22:43:06.336012
2025-12-14,24482,PIT,UTA,30000660,Evgeni Malkin,points,rf_qrf_points,0.3.0,empirical_qrf,0.0018055555555555555,0.0,0.0,,4237405318233988177,2025-12-14 22:43:06.336012
2025-12-14,24482,PIT,UTA,30000848,Anthony Mantha,points,rf_qrf_points,0.3.0,empirical_qrf,0.0,0.0,0.0,,4237405318233988177,2025-12-14 22:43:06.336012
2025-12-14,24482,PIT,UTA,30000888,Rickard Rakell,points,rf_qrf_points,0.3.0,empirical_qrf,0.0,0.0,0.0,,4237405318233988177,2025-12-14 22:43:06.336012
2025-12-14,24482,PIT,UTA,30001100,Bryan Rust,points,rf_qrf_points,0.3.0,empirical_qrf,0.0013888888888888887,0.0,0.0,,4237405318233988177,2025-12-14 22:43:06.336012
2025-12-14,24482,PIT,UTA,30001235,Noel Acciari,points,rf_qrf_points,0.3.0,empirical_qrf,0.00567490224128365,0.0,0.011594202898550725,,4237405318233988177,2025-12-14 22:43:06.336012
2025-12-14,24482,PIT,UTA,30002631,Danton Heinen,points,rf_qrf_points,0.3.0,empirical_qrf,0.0,0.0,0.0,,4237405318233988177,2025-12-14 22:43:06.336012
2025-12-14,24482,UTA,PIT,30005614,Logan Cooley,points,rf_qrf_points,0.3.0,empirical_qrf,0.030964285714285715,0.0,0.0,,4237405318233988177,2025-12-14 22:43:06.336012
2025-12-14,24482,PIT,UTA,30000445,Erik Karlsson,points,rf_qrf_points,0.3.0,empirical_qrf,0.010667328042328042,0.0,0.0,,4237405318233988177,2025-12-14 22:43:06.336012
2025-12-14,24482,PIT,UTA,30000613,Ryan Graves,points,rf_qrf_points,0.3.0,empirical_qrf,0.0,0.0,0.0,,4237405318233988177,2025-12-14 22:43:06.336012
2025-12-14,24482,PIT,UTA,30000615,Kevin Hayes,points,rf_qrf_points,0.3.0,empirical_qrf,0.013465307840307838,0.0,0.0,,4237405318233988177,2025-12-14 22:43:06.336012
2025-12-14,24482,PIT,UTA,30000651,Sidney Crosby,points,rf_qrf_points,0.3.0,empirical_qrf,0.01991666666666667,0.0,0.0,,4237405318233988177,2025-12-14 22:43:06.336012
2025-12-14,24482,PIT,UTA,30000658,Kris Letang,points,rf_qrf_points,0.3.0,empirical_qrf,0.0,0.0,0.0,,4237405318233988177,2025-12-14 22:43:06.336012
2025-12-14,24482,UTA,PIT,30004585,John Marino,points,rf_qrf_points,0.3.0,empirical_qrf,0.0,0.0,0.0,,4237405318233988177,2025-12-14 22:43:06.336012
2025-12-14,24482,UTA,PIT,30004623,Ben McCartney,points,rf_qrf_points,0.3.0,empirical_qrf,0.04135059194505788,0.010526315789473684,0.07323070771691324,,4237405318233988177,2025-12-14 22:43:06.336012
2025-12-14,24482,UTA,PIT,30004867,JJ Peterka,points,rf_qrf_points,0.3.0,empirical_qrf,0.010667328042328042,0.0,0.0,,4237405318233988177,2025-12-14 22:43:06.336012
2025-12-14,24482,UTA,PIT,30004957,Karel Vejmelka,points,rf_qrf_points,0.3.0,empirical_qrf,0.008144519980019645,0.006487259332587396,0.009920424520382104,,4237405318233988177,2025-12-14 22:43:06.336012
2025-12-14,24482,UTA,PIT,30004996,Dylan Guenther,points,rf_qrf_points,0.3.0,empirical_qrf,0.0,0.0,0.0,,4237405318233988177,2025-12-14 22:43:06.336012
2025-12-14,24482,UTA,PIT,30005567,Jaxson Stauber,points,rf_qrf_points,0.3.0,empirical_qrf,0.008144519980019645,0.006487259332587396,0.009920424520382104,,4237405318233988177,2025-12-14 22:43:06.336012
2025-12-14,24482,UTA,PIT,30003753,Alexander Kerfoot,points,rf_qrf_points,0.3.0,empirical_qrf,0.0,0.0,0.0,,4237405318233988177,2025-12-14 22:43:06.336012
2025-12-14,24482,UTA,PIT,30003988,Cameron Hebig,points,rf_qrf_points,0.3.0,empirical_qrf,0.0,0.0,0.0,,4237405318233988177,2025-12-14 22:43:06.336012
2025-12-14,24482,UTA,PIT,30004078,Barrett Hayton,points,rf_qrf_points,0.3.0,empirical_qrf,0.03541269841269841,0.0,0.0,,4237405318233988177,2025-12-14 22:43:06.336012
2025-12-14,24482,UTA,PIT,30004113,Jack McBain,points,rf_qrf_points,0.3.0,empirical_qrf,0.0,0.0,0.0,,4237405318233988177,2025-12-14 22:43:06.336012
2025-12-14,24482,UTA,PIT,30004141,Sean Durzi,points,rf_qrf_points,0.3.0,empirical_qrf,0.0,0.0,0.0,,4237405318233988177,2025-12-14 22:43:06.336012
2025-12-14,24482,UTA,PIT,30004170,Scott Perunovich,points,rf_qrf_points,0.3.0,empirical_qrf,0.008144519980019645,0.006487259332587396,0.009920424520382104,,4237405318233988177,2025-12-14 22:43:06.336012
2025-12-14,24482,UTA,PIT,30003235,Michael Carcone,points,rf_qrf_points,0.3.0,empirical_qrf,0.0,0.0,0.0,,4237405318233988177,2025-12-14 22:43:06.336012
2025-12-14,24482,UTA,PIT,30003424,Kevin Rooney,points,rf_qrf_points,0.3.0,empirical_qrf,0.0,0.0,0.0,,4237405318233988177,2025-12-14 22:43:06.336012
2025-12-14,24482,UTA,PIT,30003572,Nick DeSimone,points,rf_qrf_points,0.3.0,empirical_qrf,0.010978441891740414,0.0,0.023867595818815344,,4237405318233988177,2025-12-14 22:43:06.336012
2025-12-14,24482,UTA,PIT,30003662,Juuso Valimaki,points,rf_qrf_points,0.3.0,empirical_qrf,0.008144519980019645,0.006487259332587396,0.009920424520382104,,4237405318233988177,2025-12-14 22:43:06.336012
2025-12-14,24482,UTA,PIT,30003663,Kailer Yamamoto,points,rf_qrf_points,0.3.0,empirical_qrf,0.0,0.0,0.0,,4237405318233988177,2025-12-14 22:43:06.336012
2025-12-14,24482,UTA,PIT,30003723,Matt Villalta,points,rf_qrf_points,0.3.0,empirical_qrf,0.008144519980019645,0.006487259332587396,0.009920424520382104,,4237405318233988177,2025-12-14 22:43:06.336012
2025-12-14,24482,UTA,PIT,30002583,Nick Schmaltz,points,rf_qrf_points,0.3.0,empirical_qrf,0.0,0.0,0.0,,4237405318233988177,2025-12-14 22:43:06.336012
2025-12-14,24482,UTA,PIT,30002600,Vitek Vanecek,points,rf_qrf_points,0.3.0,empirical_qrf,0.008144519980019645,0.006487259332587396,0.009920424520382104,,4237405318233988177,2025-12-14 22:43:06.336012
2025-12-14,24482,UTA,PIT,30002841,Kevin Stenlund,points,rf_qrf_points,0.3.0,empirical_qrf,0.0,0.0,0.0,,4237405318233988177,2025-12-14 22:43:06.336012
2025-12-14,24482,UTA,PIT,30003053,Brandon Tanev,points,rf_qrf_points,0.3.0,empirical_qrf,0.0,0.0,0.0,,4237405318233988177,2025-12-14 22:43:06.336012
2025-12-14,24482,UTA,PIT,30003137,Mikhail Sergachev,points,rf_qrf_points,0.3.0,empirical_qrf,0.004666666666666666,0.0,0.0,,4237405318233988177,2025-12-14 22:43:06.336012
2025-12-14,24482,UTA,PIT,30003141,Clayton Keller,points,rf_qrf_points,0.3.0,empirical_qrf,0.0008333333333333334,0.0,0.0,,4237405318233988177,2025-12-14 22:43:06.336012
2025-12-14,24483,PHI,CAR,30000050,Sean Couturier,points,rf_qrf_points,0.3.0,empirical_qrf,0.002333333333333333,0.0,0.0,,4237405318233988177,2025-12-14 22:43:06.336012
2025-12-14,24483,PHI,CAR,30000234,Garrett Wilson,points,rf_qrf_points,0.3.0,empirical_qrf,0.009137062975497016,0.0,0.018823529411764704,,4237405318233988177,2025-12-14 22:43:06.336012
2025-12-14,24483,PHI,CAR,30000349,Travis Konecny,points,rf_qrf_points,0.3.0,empirical_qrf,0.010706349206349207,0.0,0.0,,4237405318233988177,2025-12-14 22:43:06.336012
2025-12-14,24483,PHI,CAR,30000501,Nicolas Deslauriers,points,rf_qrf_points,0.3.0,empirical_qrf,0.00567490224128365,0.0,0.011594202898550725,,4237405318233988177,2025-12-14 22:43:06.336012
2025-12-14,24483,PHI,CAR,30000624,Travis Sanheim,points,rf_qrf_points,0.3.0,empirical_qrf,0.0032142857142857142,0.0,0.0,,4237405318233988177,2025-12-14 22:43:06.336012
2025-12-14,24483,PHI,CAR,30000942,Christian Dvorak,points,rf_qrf_points,0.3.0,empirical_qrf,0.0,0.0,0.0,,4237405318233988177,2025-12-14 22:43:06.336012
2025-12-14,24483,PHI,CAR,30005396,Ty Murchison,points,rf_qrf_points,0.3.0,empirical_qrf,0.008144519980019645,0.006487259332587396,0.009920424520382104,,4237405318233988177,2025-12-14 22:43:06.336012
2025-12-14,24483,PHI,CAR,30005345,Roman Schmidt,points,rf_qrf_points,0.3.0,empirical_qrf,0.012258385295767537,0.0,0.029028132992327375,,4237405318233988177,2025-12-14 22:43:06.336012
2025-12-14,24483,CAR,PHI,30005034,Logan Stankoven,points,rf_qrf_points,0.3.0,empirical_qrf,0.026313492063492063,0.0,0.0,,4237405318233988177,2025-12-14 22:43:06.336012
2025-12-14,24483,CAR,PHI,30005153,Bryce Montgomery,points,rf_qrf_points,0.3.0,empirical_qrf,0.009137062975497016,0.0,0.018823529411764704,,4237405318233988177,2025-12-14 22:43:06.336012
2025-12-14,24483,CAR,PHI,30005155,Justin Robidas,points,rf_qrf_points,0.3.0,empirical_qrf,0.0011111111111111111,0.0,0.0,,4237405318233988177,2025-12-14 22:43:06.336012
2025-12-14,24483,CAR,PHI,30005405,Jackson Blake,points,rf_qrf_points,0.3.0,empirical_qrf,0.010333333333333333,0.0,0.0,,4237405318233988177,2025-12-14 22:43:06.336012
2025-12-14,24483,CAR,PHI,30005573,Brandon Bussi,points,rf_qrf_points,0.3.0,empirical_qrf,0.008144519980019645,0.006487259332587396,0.009920424520382104,,4237405318233988177,2025-12-14 22:43:06.336012
2025-12-14,24483,CAR,PHI,30006098,Felix Unger Sorum,points,rf_qrf_points,0.3.0,empirical_qrf,0.0,0.0,0.0,,4237405318233988177,2025-12-14 22:43:06.336012
2025-12-14,24483,CAR,PHI,30004602,Nikita Pavlychev,points,rf_qrf_points,0.3.0,empirical_qrf,0.008144519980019645,0.006487259332587396,0.009920424520382104,,4237405318233988177,2025-12-14 22:43:06.336012
2025-12-14,24483,CAR,PHI,30004806,Seth Jarvis,points,rf_qrf_points,0.3.0,empirical_qrf,0.03229563492063492,0.0,0.0,,4237405318233988177,2025-12-14 22:43:06.336012
2025-12-14,24483,CAR,PHI,30004865,Alexander Nikishin,points,rf_qrf_points,0.3.0,empirical_qrf,0.0,0.0,0.0,,4237405318233988177,2025-12-14 22:43:06.336012
2025-12-14,24483,CAR,PHI,30004913,Evan Vierling,points,rf_qrf_points,0.3.0,empirical_qrf,0.008144519980019645,0.006487259332587396,0.009920424520382104,,4237405318233988177,2025-12-14 22:43:06.336012
2025-12-14,24483,CAR,PHI,30004953,Pyotr Kochetkov,points,rf_qrf_points,0.3.0,empirical_qrf,0.012162089910685292,0.0,0.024390243902439025,,4237405318233988177,2025-12-14 22:43:06.336012
2025-12-14,24483,CAR,PHI,30005026,Aleksi Heimosalmi,points,rf_qrf_points,0.3.0,empirical_qrf,0.009137062975497016,0.0,0.018823529411764704,,4237405318233988177,2025-12-14 22:43:06.336012
2025-12-14,24483,CAR,PHI,30003786,Sean Walker,points,rf_qrf_points,0.3.0,empirical_qrf,0.0,0.0,0.0,,4237405318233988177,2025-12-14 22:43:06.336012
2025-12-14,24483,CAR,PHI,30004075,Jesperi Kotkaniemi,points,rf_qrf_points,0.3.0,empirical_qrf,0.0013333333333333335,0.0,0.0,,4237405318233988177,2025-12-14 22:43:06.336012
2025-12-14,24483,CAR,PHI,30004076,Andrei Svechnikov,points,rf_qrf_points,0.3.0,empirical_qrf,0.044689744079449964,0.0,0.0,,4237405318233988177,2025-12-14 22:43:06.336012
2025-12-14,24483,CAR,PHI,30004082,K'Andre Miller,points,rf_qrf_points,0.3.0,empirical_qrf,0.0,0.0,0.0,,4237405318233988177,2025-12-14 22:43:06.336012
2025-12-14,24483,CAR,PHI,30004385,Cayden Primeau,points,rf_qrf_points,0.3.0,empirical_qrf,0.008144519980019645,0.006487259332587396,0.009920424520382104,,4237405318233988177,2025-12-14 22:43:06.336012
2025-12-14,24483,CAR,PHI,30004537,Domenick Fensore,points,rf_qrf_points,0.3.0,empirical_qrf,0.0,0.0,0.0,,4237405318233988177,2025-12-14 22:43:06.336012
2025-12-14,24483,CAR,PHI,30002309,Mark Jankowski,points,rf_qrf_points,0.3.0,empirical_qrf,0.0,0.0,0.0,,4237405318233988177,2025-12-14 22:43:06.336012
2025-12-14,24483,CAR,PHI,30002819,Sebastian Aho,points,rf_qrf_points,0.3.0,empirical_qrf,0.002638888888888889,0.0,0.0,,4237405318233988177,2025-12-14 22:43:06.336012
2025-12-14,24483,CAR,PHI,30002980,Eric Robinson,points,rf_qrf_points,0.3.0,empirical_qrf,0.0,0.0,0.0,,4237405318233988177,2025-12-14 22:43:06.336012
2025-12-14,24483,CAR,PHI,30003180,Givani Smith,points,rf_qrf_points,0.3.0,empirical_qrf,0.3723037240537241,0.0,0.8,,4237405318233988177,2025-12-14 22:43:06.336012
2025-12-14,24483,CAR,PHI,30003359,Jalen Chatfield,points,rf_qrf_points,0.3.0,empirical_qrf,0.0,0.0,0.0,,4237405318233988177,2025-12-14 22:43:06.336012
2025-12-14,24483,CAR,PHI,30003550,Gavin Bayreuther,points,rf_qrf_points,0.3.0,empirical_qrf,0.018069391224971632,0.008580022743112873,0.029282639885222388,,4237405318233988177,2025-12-14 22:43:06.336012
2025-12-14,24483,CAR,PHI,30000525,Mike Reilly,points,rf_qrf_points,0.3.0,empirical_qrf,0.0,0.0,0.0,,4237405318233988177,2025-12-14 22:43:06.336012
2025-12-14,24483,CAR,PHI,30000643,Jaccob Slavin,points,rf_qrf_points,0.3.0,empirical_qrf,0.03838296283656048,0.0,0.09090909090909091,,4237405318233988177,2025-12-14 22:43:06.336012
2025-12-14,24483,CAR,PHI,30000822,Nikolaj Ehlers,points,rf_qrf_points,0.3.0,empirical_qrf,0.028416666666666666,0.0,0.0,,4237405318233988177,2025-12-14 22:43:06.336012
2025-12-14,24483,CAR,PHI,30000948,Jordan Martinook,points,rf_qrf_points,0.3.0,empirical_qrf,0.03299725249141197,0.0,0.08,,4237405318233988177,2025-12-14 22:43:06.336012
2025-12-14,24483,CAR,PHI,30001187,Taylor Hall,points,rf_qrf_points,0.3.0,empirical_qrf,0.018069391224971632,0.008580022743112873,0.029282639885222388,,4237405318233988177,2025-12-14 22:43:06.336012
2025-12-14,24483,CAR,PHI,30001203,Frederik Andersen,points,rf_qrf_points,0.3.0,empirical_qrf,0.008144519980019645,0.006487259332587396,0.009920424520382104,,4237405318233988177,2025-12-14 22:43:06.336012
2025-12-14,24483,PHI,CAR,30006075,Oliver Bonk,points,rf_qrf_points,0.3.0,empirical_qrf,0.0,0.0,0.0,,4237405318233988177,2025-12-14 22:43:06.336012
2025-12-14,24483,PHI,CAR,30006100,Carson Bjarnason,points,rf_qrf_points,0.3.0,empirical_qrf,0.008144519980019645,0.006487259332587396,0.009920424520382104,,4237405318233988177,2025-12-14 22:43:06.336012
2025-12-14,24483,PHI,CAR,30006135,Denver Barkey,points,rf_qrf_points,0.3.0,empirical_qrf,0.018069391224971632,0.008580022743112873,0.029282639885222388,,4237405318233988177,2025-12-14 22:43:06.336012
2025-12-14,24483,CAR,PHI,30000271,Shayne Gostisbehere,points,rf_qrf_points,0.3.0,empirical_qrf,0.0,0.0,0.0,,4237405318233988177,2025-12-14 22:43:06.336012
2025-12-14,24483,CAR,PHI,30000358,Jordan Staal,points,rf_qrf_points,0.3.0,empirical_qrf,0.05063726038051869,0.0,0.12,,4237405318233988177,2025-12-14 22:43:06.336012
2025-12-14,24483,CAR,PHI,30000510,William Carrier,points,rf_qrf_points,0.3.0,empirical_qrf,0.018069391224971632,0.008580022743112873,0.029282639885222388,,4237405318233988177,2025-12-14 22:43:06.336012
2025-12-14,24483,PHI,CAR,30005397,Noah Cates,points,rf_qrf_points,0.3.0,empirical_qrf,0.013465307840307838,0.0,0.0,,4237405318233988177,2025-12-14 22:43:06.336012
2025-12-14,24483,PHI,CAR,30005401,Aleksei Kolosov,points,rf_qrf_points,0.3.0,empirical_qrf,0.008144519980019645,0.006487259332587396,0.009920424520382104,,4237405318233988177,2025-12-14 22:43:06.336012
2025-12-14,24483,PHI,CAR,30005756,Tucker Robertson,points,rf_qrf_points,0.3.0,empirical_qrf,0.008144519980019645,0.006487259332587396,0.009920424520382104,,4237405318233988177,2025-12-14 22:43:06.336012
2025-12-14,24483,PHI,CAR,30005958,Nikita Grebenkin,points,rf_qrf_points,0.3.0,empirical_qrf,0.00404681843497633,0.0,0.0,,4237405318233988177,2025-12-14 22:43:06.336012
2025-12-14,24483,PHI,CAR,30006045,Yaniv Perets,points,rf_qrf_points,0.3.0,empirical_qrf,0.008144519980019645,0.006487259332587396,0.009920424520382104,,4237405318233988177,2025-12-14 22:43:06.336012
2025-12-14,24483,PHI,CAR,30006061,Matvei Michkov,points,rf_qrf_points,0.3.0,empirical_qrf,0.0,0.0,0.0,,4237405318233988177,2025-12-14 22:43:06.336012
2025-12-14,24483,PHI,CAR,30004800,Jamie Drysdale,points,rf_qrf_points,0.3.0,empirical_qrf,0.011323356124439713,0.0,0.0,,4237405318233988177,2025-12-14 22:43:06.336012
2025-12-14,24483,PHI,CAR,30004801,Tyson Foerster,points,rf_qrf_points,0.3.0,empirical_qrf,0.0,0.0,0.0,,4237405318233988177,2025-12-14 22:43:06.336012
2025-12-14,24483,PHI,CAR,30004824,Emil Andrae,points,rf_qrf_points,0.3.0,empirical_qrf,0.0,0.0,0.0,,4237405318233988177,2025-12-14 22:43:06.336012
2025-12-14,24483,PHI,CAR,30004839,Helge Grans,points,rf_qrf_points,0.3.0,empirical_qrf,0.00567490224128365,0.0,0.011594202898550725,,4237405318233988177,2025-12-14 22:43:06.336012
2025-12-14,24483,PHI,CAR,30005234,Vincent Sevigny,points,rf_qrf_points,0.3.0,empirical_qrf,0.008144519980019645,0.006487259332587396,0.009920424520382104,,4237405318233988177,2025-12-14 22:43:06.336012
2025-12-14,24483,PHI,CAR,30005293,Artem Guryev,points,rf_qrf_points,0.3.0,empirical_qrf,0.008144519980019645,0.006487259332587396,0.009920424520382104,,4237405318233988177,2025-12-14 22:43:06.336012
2025-12-14,24483,PHI,CAR,30004154,Xavier Bernard,points,rf_qrf_points,0.3.0,empirical_qrf,0.0010714285714285713,0.0,0.0,,4237405318233988177,2025-12-14 22:43:06.336012
2025-12-14,24483,PHI,CAR,30004205,Egor Zamula,points,rf_qrf_points,0.3.0,empirical_qrf,0.04223330418379417,0.0,0.08571428571428572,,4237405318233988177,2025-12-14 22:43:06.336012
2025-12-14,24483,PHI,CAR,30004406,Samuel Ersson,points,rf_qrf_points,0.3.0,empirical_qrf,0.008144519980019645,0.006487259332587396,0.009920424520382104,,4237405318233988177,2025-12-14 22:43:06.336012
2025-12-14,24483,PHI,CAR,30004481,Trevor Zegras,points,rf_qrf_points,0.3.0,empirical_qrf,0.1439779387279387,0.0,0.3333333333333333,,4237405318233988177,2025-12-14 22:43:06.336012
2025-12-14,24483,PHI,CAR,30004484,Cam York,points,rf_qrf_points,0.3.0,empirical_qrf,0.0,0.0,0.0,,4237405318233988177,2025-12-14 22:43:06.336012
2025-12-14,24483,PHI,CAR,30004508,Bobby Brink,points,rf_qrf_points,0.3.0,empirical_qrf,0.0,0.0,0.0,,4237405318233988177,2025-12-14 22:43:06.336012
2025-12-14,24483,PHI,CAR,30003171,Carl Grundstrom,points,rf_qrf_points,0.3.0,empirical_qrf,0.00567490224128365,0.0,0.011594202898550725,,4237405318233988177,2025-12-14 22:43:06.336012
2025-12-14,24483,PHI,CAR,30003283,Lane Pederson,points,rf_qrf_points,0.3.0,empirical_qrf,0.00567490224128365,0.0,0.011594202898550725,,4237405318233988177,2025-12-14 22:43:06.336012
2025-12-14,24483,PHI,CAR,30003500,Rodrigo Abols,points,rf_qrf_points,0.3.0,empirical_qrf,0.0,0.0,0.0,,4237405318233988177,2025-12-14 22:43:06.336012
2025-12-14,24483,PHI,CAR,30003653,Owen Tippett,points,rf_qrf_points,0.3.0,empirical_qrf,0.0005357142857142856,0.0,0.0,,4237405318233988177,2025-12-14 22:43:06.336012
2025-12-14,24483,PHI,CAR,30003733,Keith Petruzzelli,points,rf_qrf_points,0.3.0,empirical_qrf,0.008144519980019645,0.006487259332587396,0.009920424520382104,,4237405318233988177,2025-12-14 22:43:06.336012
2025-12-14,24483,PHI,CAR,30004002,Cooper Marody,points,rf_qrf_points,0.3.0,empirical_qrf,0.008144519980019645,0.006487259332587396,0.009920424520382104,,4237405318233988177,2025-12-14 22:43:06.336012
2025-12-14,24483,PHI,CAR,30001201,Garnet Hathaway,points,rf_qrf_points,0.3.0,empirical_qrf,0.009137062975497016,0.0,0.018823529411764704,,4237405318233988177,2025-12-14 22:43:06.336012
2025-12-14,24483,PHI,CAR,30001294,Rasmus Ristolainen,points,rf_qrf_points,0.3.0,empirical_qrf,0.008144519980019645,0.006487259332587396,0.009920424520382104,,4237405318233988177,2025-12-14 22:43:06.336012
2025-12-14,24483,PHI,CAR,30001312,Noah Juulsen,points,rf_qrf_points,0.3.0,empirical_qrf,0.030033686537989858,0.011627906976744186,0.050339198643205435,,4237405318233988177,2025-12-14 22:43:06.336012
2025-12-14,24483,PHI,CAR,30002786,Dan Vladar,points,rf_qrf_points,0.3.0,empirical_qrf,0.008144519980019645,0.006487259332587396,0.009920424520382104,,4237405318233988177,2025-12-14 22:43:06.336012
2025-12-14,24483,PHI,CAR,30002979,Anthony Richard,points,rf_qrf_points,0.3.0,empirical_qrf,0.0,0.0,0.0,,4237405318233988177,2025-12-14 22:43:06.336012
2025-12-14,24483,PHI,CAR,30003016,Nick Seeler,points,rf_qrf_points,0.3.0,empirical_qrf,0.0,0.0,0.0,,4237405318233988177,2025-12-14 22:43:06.336012
2025-12-14,24484,BOS,MIN,30000245,Viktor Arvidsson,points,rf_qrf_points,0.3.0,empirical_qrf,0.050081798207212785,0.013140806561859194,0.08870205932363501,,4237405318233988177,2025-12-14 22:43:06.336012
2025-12-14,24484,BOS,MIN,30000393,Joonas Korpisalo,points,rf_qrf_points,0.3.0,empirical_qrf,0.008144519980019645,0.006487259332587396,0.009920424520382104,,4237405318233988177,2025-12-14 22:43:06.336012
2025-12-14,24484,BOS,MIN,30000607,David Pastrnak,points,rf_qrf_points,0.3.0,empirical_qrf,0.4298988095238095,0.0,1.5,,4237405318233988177,2025-12-14 22:43:06.336012
2025-12-14,24484,BOS,MIN,30000630,Patrick Brown,points,rf_qrf_points,0.3.0,empirical_qrf,0.0011515151515151514,0.0,0.0,,4237405318233988177,2025-12-14 22:43:06.336012
2025-12-14,24484,BOS,MIN,30000636,Elias Lindholm,points,rf_qrf_points,0.3.0,empirical_qrf,0.0060555555555555545,0.0,0.0,,4237405318233988177,2025-12-14 22:43:06.336012
2025-12-14,24484,BOS,MIN,30000909,Nikita Zadorov,points,rf_qrf_points,0.3.0,empirical_qrf,0.002916666666666667,0.0,0.0,,4237405318233988177,2025-12-14 22:43:06.336012
2025-12-14,24484,MIN,BOS,30005845,David Spacek,points,rf_qrf_points,0.3.0,empirical_qrf,0.050081798207212785,0.013140806561859194,0.08870205932363501,,4237405318233988177,2025-12-14 22:43:06.336012
2025-12-14,24484,MIN,BOS,30006109,Riley Heidt,points,rf_qrf_points,0.3.0,empirical_qrf,0.010978441891740414,0.0,0.023867595818815344,,4237405318233988177,2025-12-14 22:43:06.336012
2025-12-14,24484,MIN,BOS,30006110,Rasmus Kumpulainen,points,rf_qrf_points,0.3.0,empirical_qrf,0.008144519980019645,0.006487259332587396,0.009920424520382104,,4237405318233988177,2025-12-14 22:43:06.336012
2025-12-14,24484,MIN,BOS,30006308,Bradley Marek,points,rf_qrf_points,0.3.0,empirical_qrf,0.008144519980019645,0.006487259332587396,0.009920424520382104,,4237405318233988177,2025-12-14 22:43:06.336012
2025-12-14,24484,MIN,BOS,30001192,Tyler Pitlick,points,rf_qrf_points,0.3.0,empirical_qrf,0.0,0.0,0.0,,4237405318233988177,2025-12-14 22:43:06.336012
2025-12-14,24484,MIN,BOS,30004080,Quinn Hughes,points,rf_qrf_points,0.3.0,empirical_qrf,0.11693055555555555,0.0,0.0,,4237405318233988177,2025-12-14 22:43:06.336012
2025-12-14,24484,MIN,BOS,30005274,Louka Henault,points,rf_qrf_points,0.3.0,empirical_qrf,0.008144519980019645,0.006487259332587396,0.009920424520382104,,4237405318233988177,2025-12-14 22:43:06.336012
2025-12-14,24484,MIN,BOS,30005361,Benjamin Brinkman,points,rf_qrf_points,0.3.0,empirical_qrf,0.008144519980019645,0.006487259332587396,0.009920424520382104,,4237405318233988177,2025-12-14 22:43:06.336012
2025-12-14,24484,MIN,BOS,30005612,David Jiricek,points,rf_qrf_points,0.3.0,empirical_qrf,0.0,0.0,0.0,,4237405318233988177,2025-12-14 22:43:06.336012
2025-12-14,24484,MIN,BOS,30005627,Danila Yurov,points,rf_qrf_points,0.3.0,empirical_qrf,0.0326161327567212,0.0,0.06331123166566205,,4237405318233988177,2025-12-14 22:43:06.336012
2025-12-14,24484,MIN,BOS,30005669,Hunter Haight,points,rf_qrf_points,0.3.0,empirical_qrf,0.013465307840307838,0.0,0.0,,4237405318233988177,2025-12-14 22:43:06.336012
2025-12-14,24484,MIN,BOS,30005698,Michael Milne,points,rf_qrf_points,0.3.0,empirical_qrf,0.008144519980019645,0.006487259332587396,0.009920424520382104,,4237405318233988177,2025-12-14 22:43:06.336012
2025-12-14,24484,MIN,BOS,30004970,Wyatt Newpower,points,rf_qrf_points,0.3.0,empirical_qrf,0.1265119888281653,0.0,0.5,,4237405318233988177,2025-12-14 22:43:06.336012
2025-12-14,24484,MIN,BOS,30005005,Oskar Olausson,points,rf_qrf_points,0.3.0,empirical_qrf,0.0326161327567212,0.0,0.06331123166566205,,4237405318233988177,2025-12-14 22:43:06.336012
2025-12-14,24484,MIN,BOS,30005007,Carson Lambos,points,rf_qrf_points,0.3.0,empirical_qrf,0.0,0.0,0.0,,4237405318233988177,2025-12-14 22:43:06.336012
2025-12-14,24484,MIN,BOS,30005008,Jesper Wallstedt,points,rf_qrf_points,0.3.0,empirical_qrf,0.008144519980019645,0.006487259332587396,0.009920424520382104,,4237405318233988177,2025-12-14 22:43:06.336012
2025-12-14,24484,MIN,BOS,30005094,Cameron Butler,points,rf_qrf_points,0.3.0,empirical_qrf,0.0,0.0,0.0,,4237405318233988177,2025-12-14 22:43:06.336012
2025-12-14,24484,MIN,BOS,30005102,Caedan Bankier,points,rf_qrf_points,0.3.0,empirical_qrf,0.0,0.0,0.0,,4237405318233988177,2025-12-14 22:43:06.336012
2025-12-14,24484,MIN,BOS,30004417,Nico Sturm,points,rf_qrf_points,0.3.0,empirical_qrf,0.009137062975497016,0.0,0.018823529411764704,,4237405318233988177,2025-12-14 22:43:06.336012
2025-12-14,24484,MIN,BOS,30004480,Matt Boldy,points,rf_qrf_points,0.3.0,empirical_qrf,0.08749801587301587,0.0,0.4,,4237405318233988177,2025-12-14 22:43:06.336012
2025-12-14,24484,MIN,BOS,30004784,Kirill Kaprizov,points,rf_qrf_points,0.3.0,empirical_qrf,0.012023809523809522,0.0,0.0,,4237405318233988177,2025-12-14 22:43:06.336012
2025-12-14,24484,MIN,BOS,30004835,Brock Faber,points,rf_qrf_points,0.3.0,empirical_qrf,0.0,0.0,0.0,,4237405318233988177,2025-12-14 22:43:06.336012
2025-12-14,24484,MIN,BOS,30004847,Daemon Hunt,points,rf_qrf_points,0.3.0,empirical_qrf,0.04223330418379417,0.0,0.08571428571428572,,4237405318233988177,2025-12-14 22:43:06.336012
2025-12-14,24484,MIN,BOS,30004935,Matt Kiersted,points,rf_qrf_points,0.3.0,empirical_qrf,0.0,0.0,0.0,,4237405318233988177,2025-12-14 22:43:06.336012
2025-12-14,24484,MIN,BOS,30002719,Jacob Middleton,points,rf_qrf_points,0.3.0,empirical_qrf,0.03599052587133083,0.0,0.16666666666666666,,4237405318233988177,2025-12-14 22:43:06.336012
2025-12-14,24484,MIN,BOS,30002820,Joel Eriksson Ek,points,rf_qrf_points,0.3.0,empirical_qrf,0.0008333333333333334,0.0,0.0,,4237405318233988177,2025-12-14 22:43:06.336012
2025-12-14,24484,MIN,BOS,30003173,Filip Gustavsson,points,rf_qrf_points,0.3.0,empirical_qrf,0.008144519980019645,0.006487259332587396,0.009920424520382104,,4237405318233988177,2025-12-14 22:43:06.336012
2025-12-14,24484,MIN,BOS,30003611,Cal Petersen,points,rf_qrf_points,0.3.0,empirical_qrf,0.008144519980019645,0.006487259332587396,0.009920424520382104,,4237405318233988177,2025-12-14 22:43:06.336012
2025-12-14,24484,MIN,BOS,30003774,Ben Jones,points,rf_qrf_points,0.3.0,empirical_qrf,0.030033686537989858,0.011627906976744186,0.050339198643205435,,4237405318233988177,2025-12-14 22:43:06.336012
2025-12-14,24484,MIN,BOS,30004196,Ben Gleason,points,rf_qrf_points,0.3.0,empirical_qrf,0.07205898268398267,0.0,0.2857142857142857,,4237405318233988177,2025-12-14 22:43:06.336012
2025-12-14,24484,MIN,BOS,30000797,Vladimir Tarasenko,points,rf_qrf_points,0.3.0,empirical_qrf,0.0012566137566137566,0.0,0.0,,4237405318233988177,2025-12-14 22:43:06.336012
2025-12-14,24484,MIN,BOS,30001012,Ryan Hartman,points,rf_qrf_points,0.3.0,empirical_qrf,0.0032936507936507935,0.0,0.0,,4237405318233988177,2025-12-14 22:43:06.336012
2025-12-14,24484,MIN,BOS,30001013,Vinnie Hinostroza,points,rf_qrf_points,0.3.0,empirical_qrf,0.0,0.0,0.0,,4237405318233988177,2025-12-14 22:43:06.336012
2025-12-14,24484,MIN,BOS,30001087,Mats Zuccarello,points,rf_qrf_points,0.3.0,empirical_qrf,0.0021666666666666666,0.0,0.0,,4237405318233988177,2025-12-14 22:43:06.336012
2025-12-14,24484,MIN,BOS,30001309,Marcus Johansson,points,rf_qrf_points,0.3.0,empirical_qrf,0.02679279891173336,0.0,0.06060606060606061,,4237405318233988177,2025-12-14 22:43:06.336012
2025-12-14,24484,MIN,BOS,30001355,Zach Bogosian,points,rf_qrf_points,0.3.0,empirical_qrf,0.018069391224971632,0.008580022743112873,0.029282639885222388,,4237405318233988177,2025-12-14 22:43:06.336012
2025-12-14,24484,BOS,MIN,30006392,Luke Cavallin,points,rf_qrf_points,0.3.0,empirical_qrf,0.008144519980019645,0.006487259332587396,0.009920424520382104,,4237405318233988177,2025-12-14 22:43:06.336012
2025-12-14,24484,MIN,BOS,30000257,Yakov Trenin,points,rf_qrf_points,0.3.0,empirical_qrf,0.011301941050172081,0.0,0.0,,4237405318233988177,2025-12-14 22:43:06.336012
2025-12-14,24484,MIN,BOS,30000266,Nicolas Aube-Kubel,points,rf_qrf_points,0.3.0,empirical_qrf,0.00567490224128365,0.0,0.011594202898550725,,4237405318233988177,2025-12-14 22:43:06.336012
2025-12-14,24484,MIN,BOS,30000499,Marcus Foligno,points,rf_qrf_points,0.3.0,empirical_qrf,0.00404681843497633,0.0,0.0,,4237405318233988177,2025-12-14 22:43:06.336012
2025-12-14,24484,MIN,BOS,30000517,Jared Spurgeon,points,rf_qrf_points,0.3.0,empirical_qrf,0.0,0.0,0.0,,4237405318233988177,2025-12-14 22:43:06.336012
2025-12-14,24484,MIN,BOS,30000524,Jonas Brodin,points,rf_qrf_points,0.3.0,empirical_qrf,0.04135059194505788,0.010526315789473684,0.07323070771691324,,4237405318233988177,2025-12-14 22:43:06.336012
2025-12-14,24484,BOS,MIN,30005651,Matthew Poitras,points,rf_qrf_points,0.3.0,empirical_qrf,0.03838296283656048,0.0,0.09090909090909091,,4237405318233988177,2025-12-14 22:43:06.336012
2025-12-14,24484,BOS,MIN,30005658,Fraser Minten,points,rf_qrf_points,0.3.0,empirical_qrf,0.02679279891173336,0.0,0.06060606060606061,,4237405318233988177,2025-12-14 22:43:06.336012
2025-12-14,24484,BOS,MIN,30005749,Nolan Maier,points,rf_qrf_points,0.3.0,empirical_qrf,0.009747474747474746,0.0,0.0,,4237405318233988177,2025-12-14 22:43:06.336012
2025-12-14,24484,BOS,MIN,30005760,Joseph Abate,points,rf_qrf_points,0.3.0,empirical_qrf,0.018069391224971632,0.008580022743112873,0.029282639885222388,,4237405318233988177,2025-12-14 22:43:06.336012
2025-12-14,24484,BOS,MIN,30005797,Frederic Brunet,points,rf_qrf_points,0.3.0,empirical_qrf,0.04135059194505788,0.010526315789473684,0.07323070771691324,,4237405318233988177,2025-12-14 22:43:06.336012
2025-12-14,24484,BOS,MIN,30005798,Jackson Edward,points,rf_qrf_points,0.3.0,empirical_qrf,0.21889125172213406,0.0,0.4166666666666667,,4237405318233988177,2025-12-14 22:43:06.336012
2025-12-14,24484,BOS,MIN,30004998,Fabian Lysell,points,rf_qrf_points,0.3.0,empirical_qrf,0.05063726038051869,0.0,0.12,,4237405318233988177,2025-12-14 22:43:06.336012
2025-12-14,24484,BOS,MIN,30005130,Brett Harrison,points,rf_qrf_points,0.3.0,empirical_qrf,0.08406746031746032,0.0,0.0,,4237405318233988177,2025-12-14 22:43:06.336012
2025-12-14,24484,BOS,MIN,30005170,Maximus Wanner,points,rf_qrf_points,0.3.0,empirical_qrf,0.008144519980019645,0.006487259332587396,0.009920424520382104,,4237405318233988177,2025-12-14 22:43:06.336012
2025-12-14,24484,BOS,MIN,30005341,Shawn Element,points,rf_qrf_points,0.3.0,empirical_qrf,0.008144519980019645,0.006487259332587396,0.009920424520382104,,4237405318233988177,2025-12-14 22:43:06.336012
2025-12-14,24484,BOS,MIN,30005367,Michael Callahan,points,rf_qrf_points,0.3.0,empirical_qrf,0.0,0.0,0.0,,4237405318233988177,2025-12-14 22:43:06.336012
2025-12-14,24484,BOS,MIN,30005580,Georgi Merkulov,points,rf_qrf_points,0.3.0,empirical_qrf,0.0,0.0,0.0,,4237405318233988177,2025-12-14 22:43:06.336012
2025-12-14,24484,BOS,MIN,30004477,Victor Soderstrom,points,rf_qrf_points,0.3.0,empirical_qrf,0.0005,0.0,0.0,,4237405318233988177,2025-12-14 22:43:06.336012
2025-12-14,24484,BOS,MIN,30004513,John Farinacci,points,rf_qrf_points,0.3.0,empirical_qrf,0.0,0.0,0.0,,4237405318233988177,2025-12-14 22:43:06.336012
2025-12-14,24484,BOS,MIN,30004640,Francois Brassard,points,rf_qrf_points,0.3.0,empirical_qrf,0.012258385295767537,0.0,0.029028132992327375,,4237405318233988177,2025-12-14 22:43:06.336012
2025-12-14,24484,BOS,MIN,30004851,Marat Khusnutdinov,points,rf_qrf_points,0.3.0,empirical_qrf,0.3723037240537241,0.0,0.8,,4237405318233988177,2025-12-14 22:43:06.336012
2025-12-14,24484,BOS,MIN,30004858,Mason Lohrei,points,rf_qrf_points,0.3.0,empirical_qrf,0.02679279891173336,0.0,0.06060606060606061,,4237405318233988177,2025-12-14 22:43:06.336012
2025-12-14,24484,BOS,MIN,30004929,Alex Steeves,points,rf_qrf_points,0.3.0,empirical_qrf,0.0,0.0,0.0,,4237405318233988177,2025-12-14 22:43:06.336012
2025-12-14,24484,BOS,MIN,30003704,Morgan Geekie,points,rf_qrf_points,0.3.0,empirical_qrf,0.009563492063492064,0.0,0.0,,4237405318233988177,2025-12-14 22:43:06.336012
2025-12-14,24484,BOS,MIN,30003890,Mikey Eyssimont,points,rf_qrf_points,0.3.0,empirical_qrf,0.022506613756613756,0.0,0.0,,4237405318233988177,2025-12-14 22:43:06.336012
2025-12-14,24484,BOS,MIN,30003912,Mark Kastelic,points,rf_qrf_points,0.3.0,empirical_qrf,0.009137062975497016,0.0,0.018823529411764704,,4237405318233988177,2025-12-14 22:43:06.336012
2025-12-14,24484,BOS,MIN,30003991,Jeremy Swayman,points,rf_qrf_points,0.3.0,empirical_qrf,0.008144519980019645,0.006487259332587396,0.009920424520382104,,4237405318233988177,2025-12-14 22:43:06.336012
2025-12-14,24484,BOS,MIN,30004166,Jordan Harris,points,rf_qrf_points,0.3.0,empirical_qrf,0.01173611111111111,0.0,0.0,,4237405318233988177,2025-12-14 22:43:06.336012
2025-12-14,24484,BOS,MIN,30004281,Jonathan Aspirot,points,rf_qrf_points,0.3.0,empirical_qrf,0.018069391224971632,0.008580022743112873,0.029282639885222388,,4237405318233988177,2025-12-14 22:43:06.336012
2025-12-14,24484,BOS,MIN,30003185,Andrew Peeke,points,rf_qrf_points,0.3.0,empirical_qrf,0.018069391224971632,0.008580022743112873,0.029282639885222388,,4237405318233988177,2025-12-14 22:43:06.336012
2025-12-14,24484,BOS,MIN,30003401,Jeffrey Viel,points,rf_qrf_points,0.3.0,empirical_qrf,0.0,0.0,0.0,,4237405318233988177,2025-12-14 22:43:06.336012
2025-12-14,24484,BOS,MIN,30003442,Tanner Jeannot,points,rf_qrf_points,0.3.0,empirical_qrf,0.010978441891740414,0.0,0.023867595818815344,,4237405318233988177,2025-12-14 22:43:06.336012
2025-12-14,24484,BOS,MIN,30003581,Shane Starrett,points,rf_qrf_points,0.3.0,empirical_qrf,0.0,0.0,0.0,,4237405318233988177,2025-12-14 22:43:06.336012
2025-12-14,24484,BOS,MIN,30003643,Casey Mittelstadt,points,rf_qrf_points,0.3.0,empirical_qrf,0.010667328042328042,0.0,0.0,,4237405318233988177,2025-12-14 22:43:06.336012
2025-12-14,24484,BOS,MIN,30003657,Henri Jokiharju,points,rf_qrf_points,0.3.0,empirical_qrf,0.0,0.0,0.0,,4237405318233988177,2025-12-14 22:43:06.336012
2025-12-14,24484,BOS,MIN,30000995,Pavel Zacha,points,rf_qrf_points,0.3.0,empirical_qrf,0.0,0.0,0.0,,4237405318233988177,2025-12-14 22:43:06.336012
2025-12-14,24484,BOS,MIN,30001264,Hampus Lindholm,points,rf_qrf_points,0.3.0,empirical_qrf,0.050081798207212785,0.013140806561859194,0.08870205932363501,,4237405318233988177,2025-12-14 22:43:06.336012
2025-12-14,24484,BOS,MIN,30002853,Sean Kuraly,points,rf_qrf_points,0.3.0,empirical_qrf,0.0,0.0,0.0,,4237405318233988177,2025-12-14 22:43:06.336012
2025-12-14,24484,BOS,MIN,30003020,Kasimir Kaskisuo,points,rf_qrf_points,0.3.0,empirical_qrf,0.004911403239576615,0.0,0.0,,4237405318233988177,2025-12-14 22:43:06.336012
2025-12-14,24484,BOS,MIN,30003147,Charlie McAvoy,points,rf_qrf_points,0.3.0,empirical_qrf,0.0,0.0,0.0,,4237405318233988177,2025-12-14 22:43:06.336012
2025-12-14,24484,BOS,MIN,30003151,Riley Tufte,points,rf_qrf_points,0.3.0,empirical_qrf,0.0,0.0,0.0,,4237405318233988177,2025-12-14 22:43:06.336012
2025-12-14,24485,EDM,MON,30000180,Josh Brown,points,rf_qrf_points,0.3.0,empirical_qrf,0.0,0.0,0.0,,4237405318233988177,2025-12-14 22:43:06.336012
2025-12-14,24485,EDM,MON,30000250,Mattias Ekholm,points,rf_qrf_points,0.3.0,empirical_qrf,0.005292328042328043,0.0,0.0,,4237405318233988177,2025-12-14 22:43:06.336012
2025-12-14,24485,EDM,MON,30000440,Zach Hyman,points,rf_qrf_points,0.3.0,empirical_qrf,0.008144519980019645,0.006487259332587396,0.009920424520382104,,4237405318233988177,2025-12-14 22:43:06.336012
2025-12-14,24485,EDM,MON,30000443,Kasperi Kapanen,points,rf_qrf_points,0.3.0,empirical_qrf,0.011301941050172081,0.0,0.0,,4237405318233988177,2025-12-14 22:43:06.336012
2025-12-14,24485,EDM,MON,30000540,Ryan Nugent-Hopkins,points,rf_qrf_points,0.3.0,empirical_qrf,0.0,0.0,0.0,,4237405318233988177,2025-12-14 22:43:06.336012
2025-12-14,24485,EDM,MON,30000549,Darnell Nurse,points,rf_qrf_points,0.3.0,empirical_qrf,0.0037222222222222223,0.0,0.0,,4237405318233988177,2025-12-14 22:43:06.336012
2025-12-14,24485,MON,EDM,30006127,Jacob Fowler,points,rf_qrf_points,0.3.0,empirical_qrf,0.008144519980019645,0.006487259332587396,0.009920424520382104,,4237405318233988177,2025-12-14 22:43:06.336012
2025-12-14,24485,EDM,MON,30003142,Max Jones,points,rf_qrf_points,0.3.0,empirical_qrf,0.0,0.0,0.0,,4237405318233988177,2025-12-14 22:43:06.336012
2025-12-14,24485,EDM,MON,30000392,Tristan Jarry,points,rf_qrf_points,0.3.0,empirical_qrf,0.008144519980019645,0.006487259332587396,0.009920424520382104,,4237405318233988177,2025-12-14 22:43:06.336012
2025-12-14,24485,EDM,MON,30003345,Riley Stillman,points,rf_qrf_points,0.3.0,empirical_qrf,0.0,0.0,0.0,,4237405318233988177,2025-12-14 22:43:06.336012
2025-12-14,24485,EDM,MON,30004370,Spencer Stastney,points,rf_qrf_points,0.3.0,empirical_qrf,0.00567490224128365,0.0,0.011594202898550725,,4237405318233988177,2025-12-14 22:43:06.336012
2025-12-14,24485,EDM,MON,30004490,Sam Poulin,points,rf_qrf_points,0.3.0,empirical_qrf,0.030033686537989858,0.011627906976744186,0.050339198643205435,,4237405318233988177,2025-12-14 22:43:06.336012
2025-12-14,24485,MON,EDM,30006152,Florian Xhekaj,points,rf_qrf_points,0.3.0,empirical_qrf,0.0,0.0,0.0,,4237405318233988177,2025-12-14 22:43:06.336012
2025-12-14,24485,MON,EDM,30006358,Israel Mianscum,points,rf_qrf_points,0.3.0,empirical_qrf,0.008144519980019645,0.006487259332587396,0.009920424520382104,,4237405318233988177,2025-12-14 22:43:06.336012
2025-12-14,24485,MON,EDM,30006485,Ivan Demidov,points,rf_qrf_points,0.3.0,empirical_qrf,0.0,0.0,0.0,,4237405318233988177,2025-12-14 22:43:06.336012
2025-12-14,24485,MON,EDM,30003901,Alex Belzile,points,rf_qrf_points,0.3.0,empirical_qrf,0.0,0.0,0.0,,4237405318233988177,2025-12-14 22:43:06.336012
2025-12-14,24485,MON,EDM,30002592,Kaapo Kahkonen,points,rf_qrf_points,0.3.0,empirical_qrf,0.008144519980019645,0.006487259332587396,0.009920424520382104,,4237405318233988177,2025-12-14 22:43:06.336012
2025-12-14,24485,MON,EDM,30005722,Adam Engstrom,points,rf_qrf_points,0.3.0,empirical_qrf,0.03838296283656048,0.0,0.09090909090909091,,4237405318233988177,2025-12-14 22:43:06.336012
2025-12-14,24485,MON,EDM,30005631,Juraj Slafkovsky,points,rf_qrf_points,0.3.0,empirical_qrf,0.0,0.0,0.0,,4237405318233988177,2025-12-14 22:43:06.336012
2025-12-14,24485,MON,EDM,30005645,Filip Mesar,points,rf_qrf_points,0.3.0,empirical_qrf,0.0,0.0,0.0,,4237405318233988177,2025-12-14 22:43:06.336012
2025-12-14,24485,MON,EDM,30005655,Lane Hutson,points,rf_qrf_points,0.3.0,empirical_qrf,0.0037222222222222223,0.0,0.0,,4237405318233988177,2025-12-14 22:43:06.336012
2025-12-14,24485,MON,EDM,30005656,Owen Beck,points,rf_qrf_points,0.3.0,empirical_qrf,0.09898916509452353,0.0,0.1877976190476191,,4237405318233988177,2025-12-14 22:43:06.336012
2025-12-14,24485,MON,EDM,30005806,Jared Davidson,points,rf_qrf_points,0.3.0,empirical_qrf,0.018069391224971632,0.008580022743112873,0.029282639885222388,,4237405318233988177,2025-12-14 22:43:06.336012
2025-12-14,24485,MON,EDM,30006060,David Reinbacher,points,rf_qrf_points,0.3.0,empirical_qrf,0.009137062975497016,0.0,0.018823529411764704,,4237405318233988177,2025-12-14 22:43:06.336012
2025-12-14,24485,MON,EDM,30005127,Joe Vrbetic,points,rf_qrf_points,0.3.0,empirical_qrf,0.008144519980019645,0.006487259332587396,0.009920424520382104,,4237405318233988177,2025-12-14 22:43:06.336012
2025-12-14,24485,MON,EDM,30005128,Arber Xhekaj,points,rf_qrf_points,0.3.0,empirical_qrf,0.0,0.0,0.0,,4237405318233988177,2025-12-14 22:43:06.336012
2025-12-14,24485,MON,EDM,30005287,Gannon Laroque,points,rf_qrf_points,0.3.0,empirical_qrf,0.008144519980019645,0.006487259332587396,0.009920424520382104,,4237405318233988177,2025-12-14 22:43:06.336012
2025-12-14,24485,MON,EDM,30005288,Ben Gaudreau,points,rf_qrf_points,0.3.0,empirical_qrf,0.008144519980019645,0.006487259332587396,0.009920424520382104,,4237405318233988177,2025-12-14 22:43:06.336012
2025-12-14,24485,MON,EDM,30005534,Jakub Dobes,points,rf_qrf_points,0.3.0,empirical_qrf,0.008144519980019645,0.006487259332587396,0.009920424520382104,,4237405318233988177,2025-12-14 22:43:06.336012
2025-12-14,24485,MON,EDM,30005574,Lucas Condotta,points,rf_qrf_points,0.3.0,empirical_qrf,0.053653716005884984,0.0,0.10209314495028782,,4237405318233988177,2025-12-14 22:43:06.336012
2025-12-14,24485,MON,EDM,30004990,Zachary Bolduc,points,rf_qrf_points,0.3.0,empirical_qrf,0.0,0.0,0.0,,4237405318233988177,2025-12-14 22:43:06.336012
2025-12-14,24485,MON,EDM,30005021,Oliver Kapanen,points,rf_qrf_points,0.3.0,empirical_qrf,0.00404681843497633,0.0,0.0,,4237405318233988177,2025-12-14 22:43:06.336012
2025-12-14,24485,MON,EDM,30005022,Riley Kidney,points,rf_qrf_points,0.3.0,empirical_qrf,0.16119170644170644,0.0,0.37750000000000056,,4237405318233988177,2025-12-14 22:43:06.336012
2025-12-14,24485,MON,EDM,30005118,Tobie Paquette-Bisson,points,rf_qrf_points,0.3.0,empirical_qrf,0.0008435749105263807,0.0,0.0,,4237405318233988177,2025-12-14 22:43:06.336012
2025-12-14,24485,MON,EDM,30005121,Joshua Roy,points,rf_qrf_points,0.3.0,empirical_qrf,0.00567490224128365,0.0,0.011594202898550725,,4237405318233988177,2025-12-14 22:43:06.336012
2025-12-14,24485,MON,EDM,30005122,Xavier Simoneau,points,rf_qrf_points,0.3.0,empirical_qrf,0.008144519980019645,0.006487259332587396,0.009920424520382104,,4237405318233988177,2025-12-14 22:43:06.336012
2025-12-14,24485,MON,EDM,30004803,Kaiden Guhle,points,rf_qrf_points,0.3.0,empirical_qrf,0.0,0.0,0.0,,4237405318233988177,2025-12-14 22:43:06.336012
2025-12-14,24485,MON,EDM,30004866,Ryan O'Rourke,points,rf_qrf_points,0.3.0,empirical_qrf,0.0,0.0,0.0,,4237405318233988177,2025-12-14 22:43:06.336012
2025-12-14,24485,MON,EDM,30004876,Ty Smilanic,points,rf_qrf_points,0.3.0,empirical_qrf,0.008144519980019645,0.006487259332587396,0.009920424520382104,,4237405318233988177,2025-12-14 22:43:06.336012
2025-12-14,24485,MON,EDM,30004894,Sean Farrell,points,rf_qrf_points,0.3.0,empirical_qrf,0.13390634828134826,0.0,0.3333333333333333,,4237405318233988177,2025-12-14 22:43:06.336012
2025-12-14,24485,MON,EDM,30004928,Cole Caufield,points,rf_qrf_points,0.3.0,empirical_qrf,0.0005555555555555556,0.0,0.0,,4237405318233988177,2025-12-14 22:43:06.336012
2025-12-14,24485,MON,EDM,30004950,Marc Del Gaizo,points,rf_qrf_points,0.3.0,empirical_qrf,0.0,0.0,0.0,,4237405318233988177,2025-12-14 22:43:06.336012
2025-12-14,24485,MON,EDM,30004284,Kevin Mandolese,points,rf_qrf_points,0.3.0,empirical_qrf,0.008144519980019645,0.006487259332587396,0.009920424520382104,,4237405318233988177,2025-12-14 22:43:06.336012
2025-12-14,24485,MON,EDM,30004361,Josh Anderson,points,rf_qrf_points,0.3.0,empirical_qrf,0.0,0.0,0.0,,4237405318233988177,2025-12-14 22:43:06.336012
2025-12-14,24485,MON,EDM,30004472,Kirby Dach,points,rf_qrf_points,0.3.0,empirical_qrf,0.0,0.0,0.0,,4237405318233988177,2025-12-14 22:43:06.336012
2025-12-14,24485,MON,EDM,30004486,Alex Newhook,points,rf_qrf_points,0.3.0,empirical_qrf,0.14752238175767587,0.0,0.3333333333333333,,4237405318233988177,2025-12-14 22:43:06.336012
2025-12-14,24485,MON,EDM,30004520,Hunter Jones,points,rf_qrf_points,0.3.0,empirical_qrf,0.0,0.0,0.0,,4237405318233988177,2025-12-14 22:43:06.336012
2025-12-14,24485,MON,EDM,30004559,Jayden Struble,points,rf_qrf_points,0.3.0,empirical_qrf,0.030033686537989858,0.011627906976744186,0.050339198643205435,,4237405318233988177,2025-12-14 22:43:06.336012
2025-12-14,24485,MON,EDM,30003687,Alexandre Texier,points,rf_qrf_points,0.3.0,empirical_qrf,0.009137062975497016,0.0,0.018823529411764704,,4237405318233988177,2025-12-14 22:43:06.336012
2025-12-14,24485,MON,EDM,30003958,Nate Clurman,points,rf_qrf_points,0.3.0,empirical_qrf,0.0326161327567212,0.0,0.06331123166566205,,4237405318233988177,2025-12-14 22:43:06.336012
2025-12-14,24485,MON,EDM,30003990,Jake Evans,points,rf_qrf_points,0.3.0,empirical_qrf,0.0326161327567212,0.0,0.06331123166566205,,4237405318233988177,2025-12-14 22:43:06.336012
2025-12-14,24485,MON,EDM,30004086,Noah Dobson,points,rf_qrf_points,0.3.0,empirical_qrf,0.0,0.0,0.0,,4237405318233988177,2025-12-14 22:43:06.336012
2025-12-14,24485,MON,EDM,30004101,Joe Veleno,points,rf_qrf_points,0.3.0,empirical_qrf,8.333333333333334e-05,0.0,0.0,,4237405318233988177,2025-12-14 22:43:06.336012
2025-12-14,24485,MON,EDM,30004204,Wyatte Wylie,points,rf_qrf_points,0.3.0,empirical_qrf,0.18814165464165464,0.0,0.6666666666666666,,4237405318233988177,2025-12-14 22:43:06.336012
2025-12-14,24485,MON,EDM,30002601,Joshua Jacobs,points,rf_qrf_points,0.3.0,empirical_qrf,0.008144519980019645,0.006487259332587396,0.009920424520382104,,4237405318233988177,2025-12-14 22:43:06.336012
2025-12-14,24485,MON,EDM,30002663,Vincent Arseneau,points,rf_qrf_points,0.3.0,empirical_qrf,0.008144519980019645,0.006487259332587396,0.009920424520382104,,4237405318233988177,2025-12-14 22:43:06.336012
2025-12-14,24485,MON,EDM,30002781,Sam Montembeault,points,rf_qrf_points,0.3.0,empirical_qrf,0.008144519980019645,0.006487259332587396,0.009920424520382104,,4237405318233988177,2025-12-14 22:43:06.336012
2025-12-14,24485,MON,EDM,30002825,Alexandre Carrier,points,rf_qrf_points,0.3.0,empirical_qrf,0.0,0.0,0.0,,4237405318233988177,2025-12-14 22:43:06.336012
2025-12-14,24485,MON,EDM,30003131,Patrik Laine,points,rf_qrf_points,0.3.0,empirical_qrf,0.011301941050172081,0.0,0.0,,4237405318233988177,2025-12-14 22:43:06.336012
2025-12-14,24485,MON,EDM,30003667,Nick Suzuki,points,rf_qrf_points,0.3.0,empirical_qrf,0.0,0.0,0.0,,4237405318233988177,2025-12-14 22:43:06.336012
2025-12-14,24485,EDM,MON,30006846,David Tomasek,points,rf_qrf_points,0.3.0,empirical_qrf,0.0,0.0,0.0,,4237405318233988177,2025-12-14 22:43:06.336012
2025-12-14,24485,MON,EDM,30000015,Brendan Gallagher,points,rf_qrf_points,0.3.0,empirical_qrf,0.011323356124439713,0.0,0.0,,4237405318233988177,2025-12-14 22:43:06.336012
2025-12-14,24485,MON,EDM,30000227,Mike Matheson,points,rf_qrf_points,0.3.0,empirical_qrf,0.0021666666666666666,0.0,0.0,,4237405318233988177,2025-12-14 22:43:06.336012
2025-12-14,24485,MON,EDM,30000555,Tyler Wotherspoon,points,rf_qrf_points,0.3.0,empirical_qrf,0.008144519980019645,0.006487259332587396,0.009920424520382104,,4237405318233988177,2025-12-14 22:43:06.336012
2025-12-14,24485,MON,EDM,30000670,Sammy Blais,points,rf_qrf_points,0.3.0,empirical_qrf,0.04135059194505788,0.010526315789473684,0.07323070771691324,,4237405318233988177,2025-12-14 22:43:06.336012
2025-12-14,24485,MON,EDM,30001395,Laurent Dauphin,points,rf_qrf_points,0.3.0,empirical_qrf,0.012258385295767537,0.0,0.029028132992327375,,4237405318233988177,2025-12-14 22:43:06.336012
2025-12-14,24485,EDM,MON,30005731,Mats Lindgren,points,rf_qrf_points,0.3.0,empirical_qrf,0.008144519980019645,0.006487259332587396,0.009920424520382104,,4237405318233988177,2025-12-14 22:43:06.336012
2025-12-14,24485,EDM,MON,30005931,Brady Stonehouse,points,rf_qrf_points,0.3.0,empirical_qrf,0.008144519980019645,0.006487259332587396,0.009920424520382104,,4237405318233988177,2025-12-14 22:43:06.336012
2025-12-14,24485,EDM,MON,30006112,Beau Akey,points,rf_qrf_points,0.3.0,empirical_qrf,0.012162089910685292,0.0,0.024390243902439025,,4237405318233988177,2025-12-14 22:43:06.336012
2025-12-14,24485,EDM,MON,30006225,Nathaniel Day,points,rf_qrf_points,0.3.0,empirical_qrf,0.008144519980019645,0.006487259332587396,0.009920424520382104,,4237405318233988177,2025-12-14 22:43:06.336012
2025-12-14,24485,EDM,MON,30006327,Matt Brown,points,rf_qrf_points,0.3.0,empirical_qrf,0.008144519980019645,0.006487259332587396,0.009920424520382104,,4237405318233988177,2025-12-14 22:43:06.336012
2025-12-14,24485,EDM,MON,30006393,Connor Clattenburg,points,rf_qrf_points,0.3.0,empirical_qrf,0.0,0.0,0.0,,4237405318233988177,2025-12-14 22:43:06.336012
2025-12-14,24485,EDM,MON,30004625,Mason Millman,points,rf_qrf_points,0.3.0,empirical_qrf,0.1140470873967415,0.0,0.24,,4237405318233988177,2025-12-14 22:43:06.336012
2025-12-14,24485,EDM,MON,30004871,Luke Prokop,points,rf_qrf_points,0.3.0,empirical_qrf,0.018069391224971632,0.008580022743112873,0.029282639885222388,,4237405318233988177,2025-12-14 22:43:06.336012
2025-12-14,24485,EDM,MON,30005174,Matvey Petrov,points,rf_qrf_points,0.3.0,empirical_qrf,0.008144519980019645,0.006487259332587396,0.009920424520382104,,4237405318233988177,2025-12-14 22:43:06.336012
2025-12-14,24485,EDM,MON,30005177,James Hamblin,points,rf_qrf_points,0.3.0,empirical_qrf,0.0,0.0,0.0,,4237405318233988177,2025-12-14 22:43:06.336012
2025-12-14,24485,EDM,MON,30005185,Jayden Grubbe,points,rf_qrf_points,0.3.0,empirical_qrf,0.018069391224971632,0.008580022743112873,0.029282639885222388,,4237405318233988177,2025-12-14 22:43:06.336012
2025-12-14,24485,EDM,MON,30005633,Matt Savoie,points,rf_qrf_points,0.3.0,empirical_qrf,8.333333333333334e-05,0.0,0.0,,4237405318233988177,2025-12-14 22:43:06.336012
2025-12-14,24485,EDM,MON,30003211,Rem Pitlick,points,rf_qrf_points,0.3.0,empirical_qrf,0.008144519980019645,0.006487259332587396,0.009920424520382104,,4237405318233988177,2025-12-14 22:43:06.336012
2025-12-14,24485,EDM,MON,30003770,Matt Tomkins,points,rf_qrf_points,0.3.0,empirical_qrf,0.008144519980019645,0.006487259332587396,0.009920424520382104,,4237405318233988177,2025-12-14 22:43:06.336012
2025-12-14,24485,EDM,MON,30004081,Evan Bouchard,points,rf_qrf_points,0.3.0,empirical_qrf,0.003444444444444444,0.0,0.0,,4237405318233988177,2025-12-14 22:43:06.336012
2025-12-14,24485,EDM,MON,30004156,Alec Regula,points,rf_qrf_points,0.3.0,empirical_qrf,0.018069391224971632,0.008580022743112873,0.029282639885222388,,4237405318233988177,2025-12-14 22:43:06.336012
2025-12-14,24485,EDM,MON,30004165,Ty Emberson,points,rf_qrf_points,0.3.0,empirical_qrf,0.0,0.0,0.0,,4237405318233988177,2025-12-14 22:43:06.336012
2025-12-14,24485,EDM,MON,30004476,Vasily Podkolzin,points,rf_qrf_points,0.3.0,empirical_qrf,0.005527777777777778,0.0,0.0,,4237405318233988177,2025-12-14 22:43:06.336012
2025-12-14,24485,EDM,MON,30001368,Seth Griffith,points,rf_qrf_points,0.3.0,empirical_qrf,0.008144519980019645,0.006487259332587396,0.009920424520382104,,4237405318233988177,2025-12-14 22:43:06.336012
2025-12-14,24485,EDM,MON,30002218,Andrew Mangiapane,points,rf_qrf_points,0.3.0,empirical_qrf,0.0,0.0,0.0,,4237405318233988177,2025-12-14 22:43:06.336012
2025-12-14,24485,EDM,MON,30002623,Jake Walman,points,rf_qrf_points,0.3.0,empirical_qrf,0.0008333333333333334,0.0,0.0,,4237405318233988177,2025-12-14 22:43:06.336012
2025-12-14,24485,EDM,MON,30002787,Connor Ingram,points,rf_qrf_points,0.3.0,empirical_qrf,0.008144519980019645,0.006487259332587396,0.009920424520382104,,4237405318233988177,2025-12-14 22:43:06.336012
2025-12-14,24485,EDM,MON,30002824,Jack Roslovic,points,rf_qrf_points,0.3.0,empirical_qrf,0.018069391224971632,0.008580022743112873,0.029282639885222388,,4237405318233988177,2025-12-14 22:43:06.336012
2025-12-14,24485,EDM,MON,30003157,Trent Frederic,points,rf_qrf_points,0.3.0,empirical_qrf,0.0,0.0,0.0,,4237405318233988177,2025-12-14 22:43:06.336012
2025-12-14,24485,EDM,MON,30000752,Mattias Janmark,points,rf_qrf_points,0.3.0,empirical_qrf,0.0,0.0,0.0,,4237405318233988177,2025-12-14 22:43:06.336012
2025-12-14,24485,EDM,MON,30000965,Curtis Lazar,points,rf_qrf_points,0.3.0,empirical_qrf,0.0,0.0,0.0,,4237405318233988177,2025-12-14 22:43:06.336012
2025-12-14,24485,EDM,MON,30000987,Adam Henrique,points,rf_qrf_points,0.3.0,empirical_qrf,0.0,0.0,0.0,,4237405318233988177,2025-12-14 22:43:06.336012
2025-12-14,24485,EDM,MON,30001076,Leon Draisaitl,points,rf_qrf_points,0.3.0,empirical_qrf,0.0011111111111111111,0.0,0.0,,4237405318233988177,2025-12-14 22:43:06.336012
2025-12-14,24485,EDM,MON,30001233,Connor McDavid,points,rf_qrf_points,0.3.0,empirical_qrf,0.0016666666666666668,0.0,0.0,,4237405318233988177,2025-12-14 22:43:06.336012
2025-12-14,24485,EDM,MON,30001304,Calvin Pickard,points,rf_qrf_points,0.3.0,empirical_qrf,0.008144519980019645,0.006487259332587396,0.009920424520382104,,4237405318233988177,2025-12-14 22:43:06.336012
2025-12-14,24486,BUF,SEA,30000523,Jason Zucker,points,rf_qrf_points,0.3.0,empirical_qrf,0.3723037240537241,0.0,0.8,,4237405318233988177,2025-12-14 22:43:06.336012
2025-12-14,24486,BUF,SEA,30002577,Alex Tuch,points,rf_qrf_points,0.3.0,empirical_qrf,0.5774059042809042,0.0,1.3333333333333333,,4237405318233988177,2025-12-14 22:43:06.336012
2025-12-14,24486,BUF,SEA,30002762,Mason Geertsen,points,rf_qrf_points,0.3.0,empirical_qrf,0.00567490224128365,0.0,0.011594202898550725,,4237405318233988177,2025-12-14 22:43:06.336012
2025-12-14,24486,BUF,SEA,30002774,Jordan Greenway,points,rf_qrf_points,0.3.0,empirical_qrf,0.008144519980019645,0.006487259332587396,0.009920424520382104,,4237405318233988177,2025-12-14 22:43:06.336012
2025-12-14,24486,BUF,SEA,30002797,Brendan Warren,points,rf_qrf_points,0.3.0,empirical_qrf,0.018069391224971632,0.008580022743112873,0.029282639885222388,,4237405318233988177,2025-12-14 22:43:06.336012
2025-12-14,24486,BUF,SEA,30003074,Alex Lyon,points,rf_qrf_points,0.3.0,empirical_qrf,0.008144519980019645,0.006487259332587396,0.009920424520382104,,4237405318233988177,2025-12-14 22:43:06.336012
2025-12-14,24486,SEA,BUF,30006119,Lukas Dragicevic,points,rf_qrf_points,0.3.0,empirical_qrf,0.0,0.0,0.0,,4237405318233988177,2025-12-14 22:43:06.336012
2025-12-14,24486,SEA,BUF,30006121,Carson Rehkopf,points,rf_qrf_points,0.3.0,empirical_qrf,0.0,0.0,0.0,,4237405318233988177,2025-12-14 22:43:06.336012
2025-12-14,24486,SEA,BUF,30006125,Caden Price,points,rf_qrf_points,0.3.0,empirical_qrf,0.018069391224971632,0.008580022743112873,0.029282639885222388,,4237405318233988177,2025-12-14 22:43:06.336012
2025-12-14,24486,SEA,BUF,30006197,Andrei Loshko,points,rf_qrf_points,0.3.0,empirical_qrf,0.008144519980019645,0.006487259332587396,0.009920424520382104,,4237405318233988177,2025-12-14 22:43:06.336012
2025-12-14,24486,SEA,BUF,30006437,Kaden Hammell,points,rf_qrf_points,0.3.0,empirical_qrf,0.009137062975497016,0.0,0.018823529411764704,,4237405318233988177,2025-12-14 22:43:06.336012
2025-12-14,24486,SEA,BUF,30005680,David Goyette,points,rf_qrf_points,0.3.0,empirical_qrf,0.012258385295767537,0.0,0.029028132992327375,,4237405318233988177,2025-12-14 22:43:06.336012
2025-12-14,24486,SEA,BUF,30005681,Jagger Firkus,points,rf_qrf_points,0.3.0,empirical_qrf,0.00025,0.0,0.0,,4237405318233988177,2025-12-14 22:43:06.336012
2025-12-14,24486,SEA,BUF,30005682,Jani Nyman,points,rf_qrf_points,0.3.0,empirical_qrf,0.09655555555555555,0.0,0.0,,4237405318233988177,2025-12-14 22:43:06.336012
2025-12-14,24486,SEA,BUF,30005683,Niklas Kokko,points,rf_qrf_points,0.3.0,empirical_qrf,0.008144519980019645,0.006487259332587396,0.009920424520382104,,4237405318233988177,2025-12-14 22:43:06.336012
2025-12-14,24486,SEA,BUF,30005757,Ty Nelson,points,rf_qrf_points,0.3.0,empirical_qrf,0.008144519980019645,0.006487259332587396,0.009920424520382104,,4237405318233988177,2025-12-14 22:43:06.336012
2025-12-14,24486,SEA,BUF,30006087,Eduard Sale,points,rf_qrf_points,0.3.0,empirical_qrf,0.0,0.0,0.0,,4237405318233988177,2025-12-14 22:43:06.336012
2025-12-14,24486,SEA,BUF,30005337,Ryan Winterton,points,rf_qrf_points,0.3.0,empirical_qrf,0.037396825396825394,0.0,0.0,,4237405318233988177,2025-12-14 22:43:06.336012
2025-12-14,24486,SEA,BUF,30005447,Ville Ottavainen,points,rf_qrf_points,0.3.0,empirical_qrf,0.0,0.0,0.0,,4237405318233988177,2025-12-14 22:43:06.336012
2025-12-14,24486,SEA,BUF,30005503,Logan Morrison,points,rf_qrf_points,0.3.0,empirical_qrf,0.028006673881673882,0.0,0.0,,4237405318233988177,2025-12-14 22:43:06.336012
2025-12-14,24486,SEA,BUF,30005582,Ben Meyers,points,rf_qrf_points,0.3.0,empirical_qrf,0.0048253968253968256,0.0,0.0,,4237405318233988177,2025-12-14 22:43:06.336012
2025-12-14,24486,SEA,BUF,30005593,Peetro Seppala,points,rf_qrf_points,0.3.0,empirical_qrf,0.008144519980019645,0.006487259332587396,0.009920424520382104,,4237405318233988177,2025-12-14 22:43:06.336012
2025-12-14,24486,SEA,BUF,30005616,Shane Wright,points,rf_qrf_points,0.3.0,empirical_qrf,0.011323356124439713,0.0,0.0,,4237405318233988177,2025-12-14 22:43:06.336012
2025-12-14,24486,SEA,BUF,30004471,Kaapo Kakko,points,rf_qrf_points,0.3.0,empirical_qrf,0.0,0.0,0.0,,4237405318233988177,2025-12-14 22:43:06.336012
2025-12-14,24486,SEA,BUF,30005040,Matty Beniers,points,rf_qrf_points,0.3.0,empirical_qrf,0.00723015873015873,0.0,0.0,,4237405318233988177,2025-12-14 22:43:06.336012
2025-12-14,24486,SEA,BUF,30005042,Ryker Evans,points,rf_qrf_points,0.3.0,empirical_qrf,0.030033686537989858,0.011627906976744186,0.050339198643205435,,4237405318233988177,2025-12-14 22:43:06.336012
2025-12-14,24486,SEA,BUF,30005239,Jakov Novak,points,rf_qrf_points,0.3.0,empirical_qrf,0.008144519980019645,0.006487259332587396,0.009920424520382104,,4237405318233988177,2025-12-14 22:43:06.336012
2025-12-14,24486,SEA,BUF,30005333,Jacob Melanson,points,rf_qrf_points,0.3.0,empirical_qrf,0.05063726038051869,0.0,0.12,,4237405318233988177,2025-12-14 22:43:06.336012
2025-12-14,24486,SEA,BUF,30005336,Tye Kartye,points,rf_qrf_points,0.3.0,empirical_qrf,0.0,0.0,0.0,,4237405318233988177,2025-12-14 22:43:06.336012
2025-12-14,24486,SEA,BUF,30003184,Ryan Lindgren,points,rf_qrf_points,0.3.0,empirical_qrf,0.0,0.0,0.0,,4237405318233988177,2025-12-14 22:43:06.336012
2025-12-14,24486,SEA,BUF,30003188,Jack LaFontaine,points,rf_qrf_points,0.3.0,empirical_qrf,0.07104365079365078,0.0,0.3333333333333333,,4237405318233988177,2025-12-14 22:43:06.336012
2025-12-14,24486,SEA,BUF,30003214,Joshua Mahura,points,rf_qrf_points,0.3.0,empirical_qrf,0.053653716005884984,0.0,0.10209314495028782,,4237405318233988177,2025-12-14 22:43:06.336012
2025-12-14,24486,SEA,BUF,30003660,Eeli Tolvanen,points,rf_qrf_points,0.3.0,empirical_qrf,0.0074285714285714285,0.0,0.0,,4237405318233988177,2025-12-14 22:43:06.336012
2025-12-14,24486,SEA,BUF,30003703,Cale Fleury,points,rf_qrf_points,0.3.0,empirical_qrf,0.03838296283656048,0.0,0.09090909090909091,,4237405318233988177,2025-12-14 22:43:06.336012
2025-12-14,24486,SEA,BUF,30004419,Joey Daccord,points,rf_qrf_points,0.3.0,empirical_qrf,0.008144519980019645,0.006487259332587396,0.009920424520382104,,4237405318233988177,2025-12-14 22:43:06.336012
2025-12-14,24486,SEA,BUF,30000812,Gustav Olofsson,points,rf_qrf_points,0.3.0,empirical_qrf,0.008144519980019645,0.006487259332587396,0.009920424520382104,,4237405318233988177,2025-12-14 22:43:06.336012
2025-12-14,24486,SEA,BUF,30000882,Brandon Montour,points,rf_qrf_points,0.3.0,empirical_qrf,0.11156349206349205,0.0,0.012500000000002842,,4237405318233988177,2025-12-14 22:43:06.336012
2025-12-14,24486,SEA,BUF,30000929,Jared McCann,points,rf_qrf_points,0.3.0,empirical_qrf,0.001746031746031746,0.0,0.0,,4237405318233988177,2025-12-14 22:43:06.336012
2025-12-14,24486,SEA,BUF,30002223,Mason Marchment,points,rf_qrf_points,0.3.0,empirical_qrf,0.3196795085934018,0.0,0.75,,4237405318233988177,2025-12-14 22:43:06.336012
2025-12-14,24486,SEA,BUF,30002529,John Hayden,points,rf_qrf_points,0.3.0,empirical_qrf,0.0,0.0,0.0,,4237405318233988177,2025-12-14 22:43:06.336012
2025-12-14,24486,SEA,BUF,30002711,Frederick Gaudreau,points,rf_qrf_points,0.3.0,empirical_qrf,0.04062579594908673,0.0,0.1,,4237405318233988177,2025-12-14 22:43:06.336012
2025-12-14,24486,SEA,BUF,30000577,Philipp Grubauer,points,rf_qrf_points,0.3.0,empirical_qrf,0.008144519980019645,0.006487259332587396,0.009920424520382104,,4237405318233988177,2025-12-14 22:43:06.336012
2025-12-14,24486,SEA,BUF,30000596,Chandler Stephenson,points,rf_qrf_points,0.3.0,empirical_qrf,0.00567490224128365,0.0,0.011594202898550725,,4237405318233988177,2025-12-14 22:43:06.336012
2025-12-14,24486,SEA,BUF,30000629,Matt Murray,points,rf_qrf_points,0.3.0,empirical_qrf,0.008144519980019645,0.006487259332587396,0.009920424520382104,,4237405318233988177,2025-12-14 22:43:06.336012
2025-12-14,24486,SEA,BUF,30000674,Vince Dunn,points,rf_qrf_points,0.3.0,empirical_qrf,0.021226010101010103,0.0,0.0,,4237405318233988177,2025-12-14 22:43:06.336012
2025-12-14,24486,SEA,BUF,30000758,Jamie Oleksiak,points,rf_qrf_points,0.3.0,empirical_qrf,0.050081798207212785,0.013140806561859194,0.08870205932363501,,4237405318233988177,2025-12-14 22:43:06.336012
2025-12-14,24486,SEA,BUF,30000794,Jaden Schwartz,points,rf_qrf_points,0.3.0,empirical_qrf,0.003666666666666667,0.0,0.0,,4237405318233988177,2025-12-14 22:43:06.336012
2025-12-14,24486,BUF,SEA,30006340,Zach Metsa,points,rf_qrf_points,0.3.0,empirical_qrf,0.0008333333333333334,0.0,0.0,,4237405318233988177,2025-12-14 22:43:06.336012
2025-12-14,24486,BUF,SEA,30006341,Christopher Brown,points,rf_qrf_points,0.3.0,empirical_qrf,0.008144519980019645,0.006487259332587396,0.009920424520382104,,4237405318233988177,2025-12-14 22:43:06.336012
2025-12-14,24486,BUF,SEA,30006342,Dominick Mersch,points,rf_qrf_points,0.3.0,empirical_qrf,0.008144519980019645,0.006487259332587396,0.009920424520382104,,4237405318233988177,2025-12-14 22:43:06.336012
2025-12-14,24486,SEA,BUF,30000303,Adam Larsson,points,rf_qrf_points,0.3.0,empirical_qrf,0.0,0.0,0.0,,4237405318233988177,2025-12-14 22:43:06.336012
2025-12-14,24486,SEA,BUF,30000460,Max McCormick,points,rf_qrf_points,0.3.0,empirical_qrf,0.012258385295767537,0.0,0.029028132992327375,,4237405318233988177,2025-12-14 22:43:06.336012
2025-12-14,24486,SEA,BUF,30000539,Jordan Eberle,points,rf_qrf_points,0.3.0,empirical_qrf,0.002333333333333333,0.0,0.0,,4237405318233988177,2025-12-14 22:43:06.336012
2025-12-14,24486,BUF,SEA,30005767,Graham Slaggert,points,rf_qrf_points,0.3.0,empirical_qrf,0.05040079365079365,0.0,0.14523809523809578,,4237405318233988177,2025-12-14 22:43:06.336012
2025-12-14,24486,BUF,SEA,30005793,Riley Fiddler-Schultz,points,rf_qrf_points,0.3.0,empirical_qrf,0.1140470873967415,0.0,0.24,,4237405318233988177,2025-12-14 22:43:06.336012
2025-12-14,24486,BUF,SEA,30006028,Jagger Joshua,points,rf_qrf_points,0.3.0,empirical_qrf,0.03838296283656048,0.0,0.09090909090909091,,4237405318233988177,2025-12-14 22:43:06.336012
2025-12-14,24486,BUF,SEA,30006039,Aidan Fulp,points,rf_qrf_points,0.3.0,empirical_qrf,0.008144519980019645,0.006487259332587396,0.009920424520382104,,4237405318233988177,2025-12-14 22:43:06.336012
2025-12-14,24486,BUF,SEA,30006070,Zach Benson,points,rf_qrf_points,0.3.0,empirical_qrf,0.0,0.0,0.0,,4237405318233988177,2025-12-14 22:43:06.336012
2025-12-14,24486,BUF,SEA,30006092,Anton Wahlberg,points,rf_qrf_points,0.3.0,empirical_qrf,0.050081798207212785,0.013140806561859194,0.08870205932363501,,4237405318233988177,2025-12-14 22:43:06.336012
2025-12-14,24486,BUF,SEA,30005445,Nikita Novikov,points,rf_qrf_points,0.3.0,empirical_qrf,0.19566468253968253,0.0,0.5,,4237405318233988177,2025-12-14 22:43:06.336012
2025-12-14,24486,BUF,SEA,30005634,Noah Ostlund,points,rf_qrf_points,0.3.0,empirical_qrf,0.0,0.0,0.0,,4237405318233988177,2025-12-14 22:43:06.336012
2025-12-14,24486,BUF,SEA,30005644,Jiri Kulich,points,rf_qrf_points,0.3.0,empirical_qrf,0.028285714285714286,0.0,0.0,,4237405318233988177,2025-12-14 22:43:06.336012
2025-12-14,24486,BUF,SEA,30005685,Viktor Neuchev,points,rf_qrf_points,0.3.0,empirical_qrf,0.008147486772486773,0.0,0.0,,4237405318233988177,2025-12-14 22:43:06.336012
2025-12-14,24486,BUF,SEA,30005730,Vsevolod Komarov,points,rf_qrf_points,0.3.0,empirical_qrf,0.0,0.0,0.0,,4237405318233988177,2025-12-14 22:43:06.336012
2025-12-14,24486,BUF,SEA,30005764,Noah Laaouan,points,rf_qrf_points,0.3.0,empirical_qrf,0.06844676579309268,0.023255813953488372,0.11627906976744186,,4237405318233988177,2025-12-14 22:43:06.336012
2025-12-14,24486,BUF,SEA,30004982,Isak Rosen,points,rf_qrf_points,0.3.0,empirical_qrf,0.02679279891173336,0.0,0.06060606060606061,,4237405318233988177,2025-12-14 22:43:06.336012
2025-12-14,24486,BUF,SEA,30005017,Josh Doan,points,rf_qrf_points,0.3.0,empirical_qrf,0.17485344747844747,0.0,0.4,,4237405318233988177,2025-12-14 22:43:06.336012
2025-12-14,24486,BUF,SEA,30005067,Isaac Belliveau,points,rf_qrf_points,0.3.0,empirical_qrf,0.008144519980019645,0.006487259332587396,0.009920424520382104,,4237405318233988177,2025-12-14 22:43:06.336012
2025-12-14,24486,BUF,SEA,30005147,Tyson Kozak,points,rf_qrf_points,0.3.0,empirical_qrf,0.0,0.0,0.0,,4237405318233988177,2025-12-14 22:43:06.336012
2025-12-14,24486,BUF,SEA,30005151,Olivier Nadeau,points,rf_qrf_points,0.3.0,empirical_qrf,0.0005351370851370851,0.0,0.0,,4237405318233988177,2025-12-14 22:43:06.336012
2025-12-14,24486,BUF,SEA,30005441,Ryan Johnson,points,rf_qrf_points,0.3.0,empirical_qrf,0.050081798207212785,0.013140806561859194,0.08870205932363501,,4237405318233988177,2025-12-14 22:43:06.336012
2025-12-14,24486,BUF,SEA,30004854,Trevor Kuntar,points,rf_qrf_points,0.3.0,empirical_qrf,0.0,0.0,0.0,,4237405318233988177,2025-12-14 22:43:06.336012
2025-12-14,24486,BUF,SEA,30004923,Josh Dunne,points,rf_qrf_points,0.3.0,empirical_qrf,0.018069391224971632,0.008580022743112873,0.029282639885222388,,4237405318233988177,2025-12-14 22:43:06.336012
2025-12-14,24486,BUF,SEA,30004948,Carson Meyer,points,rf_qrf_points,0.3.0,empirical_qrf,0.018069391224971632,0.008580022743112873,0.029282639885222388,,4237405318233988177,2025-12-14 22:43:06.336012
2025-12-14,24486,BUF,SEA,30004956,Justin Danforth,points,rf_qrf_points,0.3.0,empirical_qrf,0.0,0.0,0.0,,4237405318233988177,2025-12-14 22:43:06.336012
2025-12-14,24486,BUF,SEA,30004980,Owen Power,points,rf_qrf_points,0.3.0,empirical_qrf,0.0,0.0,0.0,,4237405318233988177,2025-12-14 22:43:06.336012
2025-12-14,24486,BUF,SEA,30004981,Devon Levi,points,rf_qrf_points,0.3.0,empirical_qrf,0.008144519980019645,0.006487259332587396,0.009920424520382104,,4237405318233988177,2025-12-14 22:43:06.336012
2025-12-14,24486,BUF,SEA,30004474,Bowen Byram,points,rf_qrf_points,0.3.0,empirical_qrf,0.0021666666666666666,0.0,0.0,,4237405318233988177,2025-12-14 22:43:06.336012
2025-12-14,24486,BUF,SEA,30004502,Peyton Krebs,points,rf_qrf_points,0.3.0,empirical_qrf,0.009338952713952714,0.0,0.0,,4237405318233988177,2025-12-14 22:43:06.336012
2025-12-14,24486,BUF,SEA,30004554,Zac Jones,points,rf_qrf_points,0.3.0,empirical_qrf,0.03838296283656048,0.0,0.09090909090909091,,4237405318233988177,2025-12-14 22:43:06.336012
2025-12-14,24486,BUF,SEA,30004577,Colten Ellis,points,rf_qrf_points,0.3.0,empirical_qrf,0.008144519980019645,0.006487259332587396,0.009920424520382104,,4237405318233988177,2025-12-14 22:43:06.336012
2025-12-14,24486,BUF,SEA,30004670,Peter Tischke,points,rf_qrf_points,0.3.0,empirical_qrf,0.008144519980019645,0.006487259332587396,0.009920424520382104,,4237405318233988177,2025-12-14 22:43:06.336012
2025-12-14,24486,BUF,SEA,30004815,Jack Quinn,points,rf_qrf_points,0.3.0,empirical_qrf,0.0016666666666666668,0.0,0.0,,4237405318233988177,2025-12-14 22:43:06.336012
2025-12-14,24486,BUF,SEA,30003750,Rasmus Dahlin,points,rf_qrf_points,0.3.0,empirical_qrf,0.02783333333333333,0.0,0.0,,4237405318233988177,2025-12-14 22:43:06.336012
2025-12-14,24486,BUF,SEA,30004105,Mattias Samuelsson,points,rf_qrf_points,0.3.0,empirical_qrf,0.0,0.0,0.0,,4237405318233988177,2025-12-14 22:43:06.336012
2025-12-14,24486,BUF,SEA,30004117,Ryan McLeod,points,rf_qrf_points,0.3.0,empirical_qrf,0.0019444444444444442,0.0,0.0,,4237405318233988177,2025-12-14 22:43:06.336012
2025-12-14,24486,BUF,SEA,30004373,Michael Kesselring,points,rf_qrf_points,0.3.0,empirical_qrf,0.022506993006993003,0.0,0.09090909090909091,,4237405318233988177,2025-12-14 22:43:06.336012
2025-12-14,24486,BUF,SEA,30004380,Jack Rathbone,points,rf_qrf_points,0.3.0,empirical_qrf,0.0,0.0,0.0,,4237405318233988177,2025-12-14 22:43:06.336012
2025-12-14,24486,BUF,SEA,30004431,Jacob Bryson,points,rf_qrf_points,0.3.0,empirical_qrf,0.050081798207212785,0.013140806561859194,0.08870205932363501,,4237405318233988177,2025-12-14 22:43:06.336012
2025-12-14,24486,BUF,SEA,30003158,Tage Thompson,points,rf_qrf_points,0.3.0,empirical_qrf,0.0029166666666666664,0.0,0.0,,4237405318233988177,2025-12-14 22:43:06.336012
2025-12-14,24486,BUF,SEA,30003221,Beck Malenstyn,points,rf_qrf_points,0.3.0,empirical_qrf,0.09898916509452353,0.0,0.1877976190476191,,4237405318233988177,2025-12-14 22:43:06.336012
2025-12-14,24486,BUF,SEA,30003665,Josh Norris,points,rf_qrf_points,0.3.0,empirical_qrf,0.23609920634920636,0.0,0.6666666666666666,,4237405318233988177,2025-12-14 22:43:06.336012
2025-12-14,24486,BUF,SEA,30003670,Conor Timmins,points,rf_qrf_points,0.3.0,empirical_qrf,0.03838296283656048,0.0,0.09090909090909091,,4237405318233988177,2025-12-14 22:43:06.336012
2025-12-14,24486,BUF,SEA,30003673,Ukko-Pekka Luukkonen,points,rf_qrf_points,0.3.0,empirical_qrf,0.008144519980019645,0.006487259332587396,0.009920424520382104,,4237405318233988177,2025-12-14 22:43:06.336012
2025-12-14,24486,BUF,SEA,30003699,Jake Leschyshyn,points,rf_qrf_points,0.3.0,empirical_qrf,0.009137062975497016,0.0,0.018823529411764704,,4237405318233988177,2025-12-14 22:43:06.336012
2025-12-14,24481,VAN,NJ,30000958,Derek Forbort,goals,rf_qrf_goals,0.3.0,empirical_qrf,0.0,0.0,0.0,,4237405318233988177,2025-12-14 22:43:19.568907
2025-12-14,24481,VAN,NJ,30000976,Evander Kane,goals,rf_qrf_goals,0.3.0,empirical_qrf,0.0474453094602839,0.0,0.1111111111111111,,4237405318233988177,2025-12-14 22:43:19.568907
2025-12-14,24481,VAN,NJ,30001238,Jake DeBrusk,goals,rf_qrf_goals,0.3.0,empirical_qrf,0.0,0.0,0.0,,4237405318233988177,2025-12-14 22:43:19.568907
2025-12-14,24481,VAN,NJ,30001299,Tyler Myers,goals,rf_qrf_goals,0.3.0,empirical_qrf,0.03257331871825199,0.0,0.07723076923076931,,4237405318233988177,2025-12-14 22:43:19.568907
2025-12-14,24481,VAN,NJ,30001949,Guillaume Brisebois,goals,rf_qrf_goals,0.3.0,empirical_qrf,0.0,0.0,0.0,,4237405318233988177,2025-12-14 22:43:19.568907
2025-12-14,24481,VAN,NJ,30002479,Teddy Blueger,goals,rf_qrf_goals,0.3.0,empirical_qrf,0.0,0.0,0.0,,4237405318233988177,2025-12-14 22:43:19.568907
2025-12-14,24481,NJ,VAN,30004112,Calen Addison,goals,rf_qrf_goals,0.3.0,empirical_qrf,0.011771915612697586,0.0,0.027777777777777776,,4237405318233988177,2025-12-14 22:43:19.568907
2025-12-14,24481,VAN,NJ,30004817,Lukas Reichel,goals,rf_qrf_goals,0.3.0,empirical_qrf,0.0,0.0,0.0,,4237405318233988177,2025-12-14 22:43:19.568907
2025-12-14,24481,NJ,VAN,30004387,Angus Crookshank,goals,rf_qrf_goals,0.3.0,empirical_qrf,0.0,0.0,0.0,,4237405318233988177,2025-12-14 22:43:19.568907
2025-12-14,24481,VAN,NJ,30004140,Jett Woo,goals,rf_qrf_goals,0.3.0,empirical_qrf,0.01351963631704395,0.004564134495641345,0.023596083340785123,,4237405318233988177,2025-12-14 22:43:19.568907
2025-12-14,24481,NJ,VAN,30005864,Xavier Parent,goals,rf_qrf_goals,0.3.0,empirical_qrf,0.0,0.0,0.0,,4237405318233988177,2025-12-14 22:43:19.568907
2025-12-14,24481,VAN,NJ,30004818,Marco Rossi,goals,rf_qrf_goals,0.3.0,empirical_qrf,0.0,0.0,0.0,,4237405318233988177,2025-12-14 22:43:19.568907
2025-12-14,24481,VAN,NJ,30005642,Liam Ohgren,goals,rf_qrf_goals,0.3.0,empirical_qrf,0.0,0.0,0.0,,4237405318233988177,2025-12-14 22:43:19.568907
2025-12-14,24481,VAN,NJ,30006486,Zeev Buium,goals,rf_qrf_goals,0.3.0,empirical_qrf,0.0,0.0,0.0,,4237405318233988177,2025-12-14 22:43:19.568907
2025-12-14,24481,NJ,VAN,30005466,Arseniy Gritsyuk,goals,rf_qrf_goals,0.3.0,empirical_qrf,0.0,0.0,0.0,,4237405318233988177,2025-12-14 22:43:19.568907
2025-12-14,24481,NJ,VAN,30005561,Marc McLaughlin,goals,rf_qrf_goals,0.3.0,empirical_qrf,0.0022002409258434857,0.0013524074606958867,0.0031372345258924863,,4237405318233988177,2025-12-14 22:43:19.568907
2025-12-14,24481,NJ,VAN,30005569,Brian Halonen,goals,rf_qrf_goals,0.3.0,empirical_qrf,0.0,0.0,0.0,,4237405318233988177,2025-12-14 22:43:19.568907
2025-12-14,24481,NJ,VAN,30005613,Simon Nemec,goals,rf_qrf_goals,0.3.0,empirical_qrf,0.0,0.0,0.0,,4237405318233988177,2025-12-14 22:43:19.568907
2025-12-14,24481,NJ,VAN,30006223,Jeremy Hanzel,goals,rf_qrf_goals,0.3.0,empirical_qrf,0.0022002409258434857,0.0013524074606958867,0.0031372345258924863,,4237405318233988177,2025-12-14 22:43:19.568907
2025-12-14,24481,NJ,VAN,30006356,Matyas Melovsky,goals,rf_qrf_goals,0.3.0,empirical_qrf,0.0,0.0,0.0,,4237405318233988177,2025-12-14 22:43:19.568907
2025-12-14,24481,NJ,VAN,30004549,Nathan Legare,goals,rf_qrf_goals,0.3.0,empirical_qrf,0.0,0.0,0.0,,4237405318233988177,2025-12-14 22:43:19.568907
2025-12-14,24481,NJ,VAN,30004810,Dawson Mercer,goals,rf_qrf_goals,0.3.0,empirical_qrf,0.007861111111111112,0.0,0.0,,4237405318233988177,2025-12-14 22:43:19.568907
2025-12-14,24481,NJ,VAN,30004827,Thomas Bordeleau,goals,rf_qrf_goals,0.3.0,empirical_qrf,0.0,0.0,0.0,,4237405318233988177,2025-12-14 22:43:19.568907
2025-12-14,24481,NJ,VAN,30004833,Nico Daws,goals,rf_qrf_goals,0.3.0,empirical_qrf,0.0022002409258434857,0.0013524074606958867,0.0031372345258924863,,4237405318233988177,2025-12-14 22:43:19.568907
2025-12-14,24481,NJ,VAN,30004986,Luke Hughes,goals,rf_qrf_goals,0.3.0,empirical_qrf,0.0,0.0,0.0,,4237405318233988177,2025-12-14 22:43:19.568907
2025-12-14,24481,NJ,VAN,30005278,Mikael Diotte,goals,rf_qrf_goals,0.3.0,empirical_qrf,0.010995505259979717,0.0,0.02412577137819572,,4237405318233988177,2025-12-14 22:43:19.568907
2025-12-14,24481,NJ,VAN,30003639,Nico Hischier,goals,rf_qrf_goals,0.3.0,empirical_qrf,0.0,0.0,0.0,,4237405318233988177,2025-12-14 22:43:19.568907
2025-12-14,24481,NJ,VAN,30003642,Cody Glass,goals,rf_qrf_goals,0.3.0,empirical_qrf,0.0,0.0,0.0,,4237405318233988177,2025-12-14 22:43:19.568907
2025-12-14,24481,NJ,VAN,30003726,Johnathan Kovacevic,goals,rf_qrf_goals,0.3.0,empirical_qrf,0.0,0.0,0.0,,4237405318233988177,2025-12-14 22:43:19.568907
2025-12-14,24481,NJ,VAN,30003983,Austin Strand,goals,rf_qrf_goals,0.3.0,empirical_qrf,0.011771915612697586,0.0,0.027777777777777776,,4237405318233988177,2025-12-14 22:43:19.568907
2025-12-14,24481,NJ,VAN,30004384,Paul Cotter,goals,rf_qrf_goals,0.3.0,empirical_qrf,0.019365079365079363,0.0,0.0,,4237405318233988177,2025-12-14 22:43:19.568907
2025-12-14,24481,NJ,VAN,30004470,Jack Hughes,goals,rf_qrf_goals,0.3.0,empirical_qrf,0.0,0.0,0.0,,4237405318233988177,2025-12-14 22:43:19.568907
2025-12-14,24481,NJ,VAN,30001786,Evgenii Dadonov,goals,rf_qrf_goals,0.3.0,empirical_qrf,0.0,0.0,0.0,,4237405318233988177,2025-12-14 22:43:19.568907
2025-12-14,24481,NJ,VAN,30002609,Juho Lammikko,goals,rf_qrf_goals,0.3.0,empirical_qrf,0.0,0.0,0.0,,4237405318233988177,2025-12-14 22:43:19.568907
2025-12-14,24481,NJ,VAN,30003154,Dennis Cholowski,goals,rf_qrf_goals,0.3.0,empirical_qrf,0.0,0.0,0.0,,4237405318233988177,2025-12-14 22:43:19.568907
2025-12-14,24481,NJ,VAN,30003404,Zack MacEwen,goals,rf_qrf_goals,0.3.0,empirical_qrf,0.01351963631704395,0.004564134495641345,0.023596083340785123,,4237405318233988177,2025-12-14 22:43:19.568907
2025-12-14,24481,NJ,VAN,30003568,Joseph Gambardella,goals,rf_qrf_goals,0.3.0,empirical_qrf,0.0022002409258434857,0.0013524074606958867,0.0031372345258924863,,4237405318233988177,2025-12-14 22:43:19.568907
2025-12-14,24481,NJ,VAN,30003612,Jesper Bratt,goals,rf_qrf_goals,0.3.0,empirical_qrf,0.0,0.0,0.0,,4237405318233988177,2025-12-14 22:43:19.568907
2025-12-14,24481,NJ,VAN,30000844,Luke Glendening,goals,rf_qrf_goals,0.3.0,empirical_qrf,0.0,0.0,0.0,,4237405318233988177,2025-12-14 22:43:19.568907
2025-12-14,24481,NJ,VAN,30000886,Stefan Noesen,goals,rf_qrf_goals,0.3.0,empirical_qrf,0.05120726301676837,0.0,0.12050000000000011,,4237405318233988177,2025-12-14 22:43:19.568907
2025-12-14,24481,NJ,VAN,30001052,Ondrej Palat,goals,rf_qrf_goals,0.3.0,empirical_qrf,0.0026177248677248677,0.0,0.0,,4237405318233988177,2025-12-14 22:43:19.568907
2025-12-14,24481,NJ,VAN,30001108,Jonas Siegenthaler,goals,rf_qrf_goals,0.3.0,empirical_qrf,0.0,0.0,0.0,,4237405318233988177,2025-12-14 22:43:19.568907
2025-12-14,24481,NJ,VAN,30001225,Brenden Dillon,goals,rf_qrf_goals,0.3.0,empirical_qrf,0.028045692110450632,0.0,0.056338028169014086,,4237405318233988177,2025-12-14 22:43:19.568907
2025-12-14,24481,NJ,VAN,30001226,Timo Meier,goals,rf_qrf_goals,0.3.0,empirical_qrf,0.00125,0.0,0.0,,4237405318233988177,2025-12-14 22:43:19.568907
2025-12-14,24481,NJ,VAN,30000070,Dougie Hamilton,goals,rf_qrf_goals,0.3.0,empirical_qrf,0.0,0.0,0.0,,4237405318233988177,2025-12-14 22:43:19.568907
2025-12-14,24481,NJ,VAN,30000210,Colton White,goals,rf_qrf_goals,0.3.0,empirical_qrf,0.0,0.0,0.0,,4237405318233988177,2025-12-14 22:43:19.568907
2025-12-14,24481,NJ,VAN,30000368,Brett Pesce,goals,rf_qrf_goals,0.3.0,empirical_qrf,0.0021918359418359418,0.0,0.0,,4237405318233988177,2025-12-14 22:43:19.568907
2025-12-14,24481,NJ,VAN,30000491,Connor Brown,goals,rf_qrf_goals,0.3.0,empirical_qrf,0.0,0.0,0.0,,4237405318233988177,2025-12-14 22:43:19.568907
2025-12-14,24481,NJ,VAN,30000573,Jacob Markstrom,goals,rf_qrf_goals,0.3.0,empirical_qrf,0.0022002409258434857,0.0013524074606958867,0.0031372345258924863,,4237405318233988177,2025-12-14 22:43:19.568907
2025-12-14,24481,NJ,VAN,30000665,Jake Allen,goals,rf_qrf_goals,0.3.0,empirical_qrf,0.0022002409258434857,0.0013524074606958867,0.0031372345258924863,,4237405318233988177,2025-12-14 22:43:19.568907
2025-12-14,24481,VAN,NJ,30005837,Ty Young,goals,rf_qrf_goals,0.3.0,empirical_qrf,0.0022002409258434857,0.0013524074606958867,0.0031372345258924863,,4237405318233988177,2025-12-14 22:43:19.568907
2025-12-14,24481,VAN,NJ,30006031,Max Sasson,goals,rf_qrf_goals,0.3.0,empirical_qrf,0.0,0.0,0.0,,4237405318233988177,2025-12-14 22:43:19.568907
2025-12-14,24481,VAN,NJ,30006037,Nikita Tolopilo,goals,rf_qrf_goals,0.3.0,empirical_qrf,0.0022002409258434857,0.0013524074606958867,0.0031372345258924863,,4237405318233988177,2025-12-14 22:43:19.568907
2025-12-14,24481,VAN,NJ,30006067,Tom Willander,goals,rf_qrf_goals,0.3.0,empirical_qrf,0.0,0.0,0.0,,4237405318233988177,2025-12-14 22:43:19.568907
2025-12-14,24481,VAN,NJ,30006320,Joe Arntsen,goals,rf_qrf_goals,0.3.0,empirical_qrf,0.0022002409258434857,0.0013524074606958867,0.0031372345258924863,,4237405318233988177,2025-12-14 22:43:19.568907
2025-12-14,24481,VAN,NJ,30006441,Elias Nils Pettersson,goals,rf_qrf_goals,0.3.0,empirical_qrf,0.0,0.0,0.0,,4237405318233988177,2025-12-14 22:43:19.568907
2025-12-14,24481,VAN,NJ,30005171,Dino Kambeitz,goals,rf_qrf_goals,0.3.0,empirical_qrf,0.0022002409258434857,0.0013524074606958867,0.0031372345258924863,,4237405318233988177,2025-12-14 22:43:19.568907
2025-12-14,24481,VAN,NJ,30005456,Nils Aman,goals,rf_qrf_goals,0.3.0,empirical_qrf,0.0,0.0,0.0,,4237405318233988177,2025-12-14 22:43:19.568907
2025-12-14,24481,VAN,NJ,30005566,Arshdeep Bains,goals,rf_qrf_goals,0.3.0,empirical_qrf,0.0,0.0,0.0,,4237405318233988177,2025-12-14 22:43:19.568907
2025-12-14,24481,VAN,NJ,30005619,Jonathan Lekkerimaki,goals,rf_qrf_goals,0.3.0,empirical_qrf,0.09996693121693122,0.0,0.5,,4237405318233988177,2025-12-14 22:43:19.568907
2025-12-14,24481,VAN,NJ,30005747,Jonathan Lemieux,goals,rf_qrf_goals,0.3.0,empirical_qrf,0.0022002409258434857,0.0013524074606958867,0.0031372345258924863,,4237405318233988177,2025-12-14 22:43:19.568907
2025-12-14,24481,VAN,NJ,30005831,Kirill Kudryavtsev,goals,rf_qrf_goals,0.3.0,empirical_qrf,0.0,0.0,0.0,,4237405318233988177,2025-12-14 22:43:19.568907
2025-12-14,24481,VAN,NJ,30004581,Nikolai Knyzhov,goals,rf_qrf_goals,0.3.0,empirical_qrf,0.002353121585111784,0.0,0.005050505050505051,,4237405318233988177,2025-12-14 22:43:19.568907
2025-12-14,24481,VAN,NJ,30004741,Drew O'Connor,goals,rf_qrf_goals,0.3.0,empirical_qrf,0.0,0.0,0.0,,4237405318233988177,2025-12-14 22:43:19.568907
2025-12-14,24481,VAN,NJ,30005016,Danila Klimovich,goals,rf_qrf_goals,0.3.0,empirical_qrf,0.0,0.0,0.0,,4237405318233988177,2025-12-14 22:43:19.568907
2025-12-14,24481,VAN,NJ,30005028,Aatu Raty,goals,rf_qrf_goals,0.3.0,empirical_qrf,0.007878393144697491,0.0,0.0,,4237405318233988177,2025-12-14 22:43:19.568907
2025-12-14,24481,VAN,NJ,30005100,Cooper Walker,goals,rf_qrf_goals,0.3.0,empirical_qrf,0.0022002409258434857,0.0013524074606958867,0.0031372345258924863,,4237405318233988177,2025-12-14 22:43:19.568907
2025-12-14,24481,VAN,NJ,30005145,Josh Bloom,goals,rf_qrf_goals,0.3.0,empirical_qrf,0.0022002409258434857,0.0013524074606958867,0.0031372345258924863,,4237405318233988177,2025-12-14 22:43:19.568907
2025-12-14,24481,VAN,NJ,30004001,Kiefer Sherwood,goals,rf_qrf_goals,0.3.0,empirical_qrf,0.0,0.0,0.0,,4237405318233988177,2025-12-14 22:43:19.568907
2025-12-14,24481,VAN,NJ,30004058,Kevin Lankinen,goals,rf_qrf_goals,0.3.0,empirical_qrf,0.0022002409258434857,0.0013524074606958867,0.0031372345258924863,,4237405318233988177,2025-12-14 22:43:19.568907
2025-12-14,24481,VAN,NJ,30004153,Linus Karlsson,goals,rf_qrf_goals,0.3.0,empirical_qrf,0.0,0.0,0.0,,4237405318233988177,2025-12-14 22:43:19.568907
2025-12-14,24481,VAN,NJ,30004227,Chase Wouters,goals,rf_qrf_goals,0.3.0,empirical_qrf,0.0022002409258434857,0.0013524074606958867,0.0031372345258924863,,4237405318233988177,2025-12-14 22:43:19.568907
2025-12-14,24481,VAN,NJ,30004425,Jimmy Schuldt,goals,rf_qrf_goals,0.3.0,empirical_qrf,0.002353121585111784,0.0,0.005050505050505051,,4237405318233988177,2025-12-14 22:43:19.568907
2025-12-14,24481,VAN,NJ,30004531,Nils Hoglander,goals,rf_qrf_goals,0.3.0,empirical_qrf,0.0026177248677248677,0.0,0.0,,4237405318233988177,2025-12-14 22:43:19.568907
2025-12-14,24481,VAN,NJ,30003193,Filip Hronek,goals,rf_qrf_goals,0.3.0,empirical_qrf,0.0034325396825396824,0.0,0.0,,4237405318233988177,2025-12-14 22:43:19.568907
2025-12-14,24481,VAN,NJ,30003604,David Kampf,goals,rf_qrf_goals,0.3.0,empirical_qrf,0.031076136469157613,0.01020408163265306,0.05379250217959896,,4237405318233988177,2025-12-14 22:43:19.568907
2025-12-14,24481,VAN,NJ,30003647,Elias Pettersson,goals,rf_qrf_goals,0.3.0,empirical_qrf,0.0,0.0,0.0,,4237405318233988177,2025-12-14 22:43:19.568907
2025-12-14,24481,VAN,NJ,30003655,Filip Chytil,goals,rf_qrf_goals,0.3.0,empirical_qrf,0.0,0.0,0.0,,4237405318233988177,2025-12-14 22:43:19.568907
2025-12-14,24481,VAN,NJ,30003666,Pierre-Olivier Joseph,goals,rf_qrf_goals,0.3.0,empirical_qrf,0.010995505259979717,0.0,0.02412577137819572,,4237405318233988177,2025-12-14 22:43:19.568907
2025-12-14,24481,VAN,NJ,30003776,Jiri Patera,goals,rf_qrf_goals,0.3.0,empirical_qrf,0.0022002409258434857,0.0013524074606958867,0.0031372345258924863,,4237405318233988177,2025-12-14 22:43:19.568907
2025-12-14,24481,VAN,NJ,30002581,Thatcher Demko,goals,rf_qrf_goals,0.3.0,empirical_qrf,0.0022002409258434857,0.0013524074606958867,0.0031372345258924863,,4237405318233988177,2025-12-14 22:43:19.568907
2025-12-14,24481,VAN,NJ,30002587,Marcus Pettersson,goals,rf_qrf_goals,0.3.0,empirical_qrf,0.0,0.0,0.0,,4237405318233988177,2025-12-14 22:43:19.568907
2025-12-14,24481,VAN,NJ,30002777,Brock Boeser,goals,rf_qrf_goals,0.3.0,empirical_qrf,0.0,0.0,0.0,,4237405318233988177,2025-12-14 22:43:19.568907
2025-12-14,24481,VAN,NJ,30002793,Joseph Labate,goals,rf_qrf_goals,0.3.0,empirical_qrf,0.011771915612697586,0.0,0.027777777777777776,,4237405318233988177,2025-12-14 22:43:19.568907
2025-12-14,24481,VAN,NJ,30002876,Conor Garland,goals,rf_qrf_goals,0.3.0,empirical_qrf,0.009404761904761904,0.0,0.0,,4237405318233988177,2025-12-14 22:43:19.568907
2025-12-14,24481,VAN,NJ,30003063,Mackenzie MacEachern,goals,rf_qrf_goals,0.3.0,empirical_qrf,0.0,0.0,0.0,,4237405318233988177,2025-12-14 22:43:19.568907
2025-12-14,24482,UTA,PIT,30000229,Lawson Crouse,goals,rf_qrf_goals,0.3.0,empirical_qrf,0.0,0.0,0.0,,4237405318233988177,2025-12-14 22:43:19.568907
2025-12-14,24482,UTA,PIT,30000593,Liam O'Brien,goals,rf_qrf_goals,0.3.0,empirical_qrf,0.0,0.0,0.0,,4237405318233988177,2025-12-14 22:43:19.568907
2025-12-14,24482,UTA,PIT,30000594,Nate Schmidt,goals,rf_qrf_goals,0.3.0,empirical_qrf,0.0,0.0,0.0,,4237405318233988177,2025-12-14 22:43:19.568907
2025-12-14,24482,UTA,PIT,30000650,Ian Cole,goals,rf_qrf_goals,0.3.0,empirical_qrf,0.0,0.0,0.0,,4237405318233988177,2025-12-14 22:43:19.568907
2025-12-14,24482,UTA,PIT,30000659,Olli Määttä,goals,rf_qrf_goals,0.3.0,empirical_qrf,0.031076136469157613,0.01020408163265306,0.05379250217959896,,4237405318233988177,2025-12-14 22:43:19.568907
2025-12-14,24482,UTA,PIT,30001104,Robbie Russo,goals,rf_qrf_goals,0.3.0,empirical_qrf,0.0022002409258434857,0.0013524074606958867,0.0031372345258924863,,4237405318233988177,2025-12-14 22:43:19.568907
2025-12-14,24482,UTA,PIT,30006086,Daniil But,goals,rf_qrf_goals,0.3.0,empirical_qrf,0.03257331871825199,0.0,0.07723076923076931,,4237405318233988177,2025-12-14 22:43:19.568907
2025-12-14,24482,PIT,UTA,30003586,Joona Koppanen,goals,rf_qrf_goals,0.3.0,empirical_qrf,0.011771915612697586,0.0,0.027777777777777776,,4237405318233988177,2025-12-14 22:43:19.568907
2025-12-14,24482,PIT,UTA,30000557,Brett Kulak,goals,rf_qrf_goals,0.3.0,empirical_qrf,0.0,0.0,0.0,,4237405318233988177,2025-12-14 22:43:19.568907
2025-12-14,24482,PIT,UTA,30003729,Stuart Skinner,goals,rf_qrf_goals,0.3.0,empirical_qrf,0.0022002409258434857,0.0013524074606958867,0.0031372345258924863,,4237405318233988177,2025-12-14 22:43:19.568907
2025-12-14,24482,PIT,UTA,30005896,Sergei Murashov,goals,rf_qrf_goals,0.3.0,empirical_qrf,0.0022002409258434857,0.0013524074606958867,0.0031372345258924863,,4237405318233988177,2025-12-14 22:43:19.568907
2025-12-14,24482,PIT,UTA,30000806,Matt Dumba,goals,rf_qrf_goals,0.3.0,empirical_qrf,0.0,0.0,0.0,,4237405318233988177,2025-12-14 22:43:19.568907
2025-12-14,24482,PIT,UTA,30005635,Owen Pickering,goals,rf_qrf_goals,0.3.0,empirical_qrf,0.011771915612697586,0.0,0.027777777777777776,,4237405318233988177,2025-12-14 22:43:19.568907
2025-12-14,24482,PIT,UTA,30005966,Avery Hayes,goals,rf_qrf_goals,0.3.0,empirical_qrf,0.0,0.0,0.0,,4237405318233988177,2025-12-14 22:43:19.568907
2025-12-14,24482,PIT,UTA,30006137,Emil Pieniniemi,goals,rf_qrf_goals,0.3.0,empirical_qrf,0.0,0.0,0.0,,4237405318233988177,2025-12-14 22:43:19.568907
2025-12-14,24482,PIT,UTA,30006354,Jaxon Castor,goals,rf_qrf_goals,0.3.0,empirical_qrf,0.0022002409258434857,0.0013524074606958867,0.0031372345258924863,,4237405318233988177,2025-12-14 22:43:19.568907
2025-12-14,24482,PIT,UTA,30006363,Finn Harding,goals,rf_qrf_goals,0.3.0,empirical_qrf,0.0022002409258434857,0.0013524074606958867,0.0031372345258924863,,4237405318233988177,2025-12-14 22:43:19.568907
2025-12-14,24482,PIT,UTA,30006867,Benjamin Kindel,goals,rf_qrf_goals,0.3.0,empirical_qrf,0.0011111111111111111,0.0,0.0,,4237405318233988177,2025-12-14 22:43:19.568907
2025-12-14,24482,PIT,UTA,30005197,Taylor Gauthier,goals,rf_qrf_goals,0.3.0,empirical_qrf,0.0022002409258434857,0.0013524074606958867,0.0031372345258924863,,4237405318233988177,2025-12-14 22:43:19.568907
2025-12-14,24482,PIT,UTA,30005267,William Dufour,goals,rf_qrf_goals,0.3.0,empirical_qrf,0.0,0.0,0.0,,4237405318233988177,2025-12-14 22:43:19.568907
2025-12-14,24482,PIT,UTA,30005330,Callahan Burke,goals,rf_qrf_goals,0.3.0,empirical_qrf,0.0022002409258434857,0.0013524074606958867,0.0031372345258924863,,4237405318233988177,2025-12-14 22:43:19.568907
2025-12-14,24482,PIT,UTA,30005403,Jack St. Ivany,goals,rf_qrf_goals,0.3.0,empirical_qrf,0.010995505259979717,0.0,0.02412577137819572,,4237405318233988177,2025-12-14 22:43:19.568907
2025-12-14,24482,PIT,UTA,30005511,Aidan McDonough,goals,rf_qrf_goals,0.3.0,empirical_qrf,0.012064592035313277,0.0,0.024405207242256477,,4237405318233988177,2025-12-14 22:43:19.568907
2025-12-14,24482,PIT,UTA,30005623,Rutger McGroarty,goals,rf_qrf_goals,0.3.0,empirical_qrf,0.0,0.0,0.0,,4237405318233988177,2025-12-14 22:43:19.568907
2025-12-14,24482,PIT,UTA,30004788,Ryan Shea,goals,rf_qrf_goals,0.3.0,empirical_qrf,0.0,0.0,0.0,,4237405318233988177,2025-12-14 22:43:19.568907
2025-12-14,24482,PIT,UTA,30004825,Joel Blomqvist,goals,rf_qrf_goals,0.3.0,empirical_qrf,0.0022002409258434857,0.0013524074606958867,0.0031372345258924863,,4237405318233988177,2025-12-14 22:43:19.568907
2025-12-14,24482,PIT,UTA,30004918,Philip Kemp,goals,rf_qrf_goals,0.3.0,empirical_qrf,0.0,0.0,0.0,,4237405318233988177,2025-12-14 22:43:19.568907
2025-12-14,24482,PIT,UTA,30004960,Valtteri Puustinen,goals,rf_qrf_goals,0.3.0,empirical_qrf,0.0,0.0,0.0,,4237405318233988177,2025-12-14 22:43:19.568907
2025-12-14,24482,PIT,UTA,30005027,Ville Koivunen,goals,rf_qrf_goals,0.3.0,empirical_qrf,0.0,0.0,0.0,,4237405318233988177,2025-12-14 22:43:19.568907
2025-12-14,24482,PIT,UTA,30005066,Raivis Ansons,goals,rf_qrf_goals,0.3.0,empirical_qrf,0.0022002409258434857,0.0013524074606958867,0.0031372345258924863,,4237405318233988177,2025-12-14 22:43:19.568907
2025-12-14,24482,PIT,UTA,30003893,Connor Clifton,goals,rf_qrf_goals,0.3.0,empirical_qrf,0.0,0.0,0.0,,4237405318233988177,2025-12-14 22:43:19.568907
2025-12-14,24482,PIT,UTA,30004100,Alexander Alexeyev,goals,rf_qrf_goals,0.3.0,empirical_qrf,0.0,0.0,0.0,,4237405318233988177,2025-12-14 22:43:19.568907
2025-12-14,24482,PIT,UTA,30004181,Connor Dewar,goals,rf_qrf_goals,0.3.0,empirical_qrf,0.0,0.0,0.0,,4237405318233988177,2025-12-14 22:43:19.568907
2025-12-14,24482,PIT,UTA,30004423,Blake Lizotte,goals,rf_qrf_goals,0.3.0,empirical_qrf,0.0,0.0,0.0,,4237405318233988177,2025-12-14 22:43:19.568907
2025-12-14,24482,PIT,UTA,30004488,Philip Tomasino,goals,rf_qrf_goals,0.3.0,empirical_qrf,0.0,0.0,0.0,,4237405318233988177,2025-12-14 22:43:19.568907
2025-12-14,24482,PIT,UTA,30004609,Arturs Silovs,goals,rf_qrf_goals,0.3.0,empirical_qrf,0.0022002409258434857,0.0013524074606958867,0.0031372345258924863,,4237405318233988177,2025-12-14 22:43:19.568907
2025-12-14,24482,PIT,UTA,30002778,Tommy Novak,goals,rf_qrf_goals,0.3.0,empirical_qrf,0.0,0.0,0.0,,4237405318233988177,2025-12-14 22:43:19.568907
2025-12-14,24482,PIT,UTA,30002874,Caleb Jones,goals,rf_qrf_goals,0.3.0,empirical_qrf,0.0,0.0,0.0,,4237405318233988177,2025-12-14 22:43:19.568907
2025-12-14,24482,PIT,UTA,30003030,Bokondji Imama,goals,rf_qrf_goals,0.3.0,empirical_qrf,0.0022002409258434857,0.0013524074606958867,0.0031372345258924863,,4237405318233988177,2025-12-14 22:43:19.568907
2025-12-14,24482,PIT,UTA,30003099,Parker Wotherspoon,goals,rf_qrf_goals,0.3.0,empirical_qrf,0.0,0.0,0.0,,4237405318233988177,2025-12-14 22:43:19.568907
2025-12-14,24482,PIT,UTA,30003391,Justin Brazeau,goals,rf_qrf_goals,0.3.0,empirical_qrf,0.0,0.0,0.0,,4237405318233988177,2025-12-14 22:43:19.568907
2025-12-14,24482,PIT,UTA,30003739,Sebastian Aho,goals,rf_qrf_goals,0.3.0,empirical_qrf,0.002353121585111784,0.0,0.005050505050505051,,4237405318233988177,2025-12-14 22:43:19.568907
2025-12-14,24482,PIT,UTA,30000660,Evgeni Malkin,goals,rf_qrf_goals,0.3.0,empirical_qrf,0.0,0.0,0.0,,4237405318233988177,2025-12-14 22:43:19.568907
2025-12-14,24482,PIT,UTA,30000848,Anthony Mantha,goals,rf_qrf_goals,0.3.0,empirical_qrf,0.0,0.0,0.0,,4237405318233988177,2025-12-14 22:43:19.568907
2025-12-14,24482,PIT,UTA,30000888,Rickard Rakell,goals,rf_qrf_goals,0.3.0,empirical_qrf,0.0,0.0,0.0,,4237405318233988177,2025-12-14 22:43:19.568907
2025-12-14,24482,PIT,UTA,30001100,Bryan Rust,goals,rf_qrf_goals,0.3.0,empirical_qrf,0.0,0.0,0.0,,4237405318233988177,2025-12-14 22:43:19.568907
2025-12-14,24482,PIT,UTA,30001235,Noel Acciari,goals,rf_qrf_goals,0.3.0,empirical_qrf,0.0,0.0,0.0,,4237405318233988177,2025-12-14 22:43:19.568907
2025-12-14,24482,PIT,UTA,30002631,Danton Heinen,goals,rf_qrf_goals,0.3.0,empirical_qrf,0.0,0.0,0.0,,4237405318233988177,2025-12-14 22:43:19.568907
2025-12-14,24482,UTA,PIT,30005614,Logan Cooley,goals,rf_qrf_goals,0.3.0,empirical_qrf,0.0011111111111111111,0.0,0.0,,4237405318233988177,2025-12-14 22:43:19.568907
2025-12-14,24482,PIT,UTA,30000445,Erik Karlsson,goals,rf_qrf_goals,0.3.0,empirical_qrf,0.013037471787471788,0.0,0.0,,4237405318233988177,2025-12-14 22:43:19.568907
2025-12-14,24482,PIT,UTA,30000613,Ryan Graves,goals,rf_qrf_goals,0.3.0,empirical_qrf,0.0,0.0,0.0,,4237405318233988177,2025-12-14 22:43:19.568907
2025-12-14,24482,PIT,UTA,30000615,Kevin Hayes,goals,rf_qrf_goals,0.3.0,empirical_qrf,0.007878393144697491,0.0,0.0,,4237405318233988177,2025-12-14 22:43:19.568907
2025-12-14,24482,PIT,UTA,30000651,Sidney Crosby,goals,rf_qrf_goals,0.3.0,empirical_qrf,0.0012222222222222224,0.0,0.0,,4237405318233988177,2025-12-14 22:43:19.568907
2025-12-14,24482,PIT,UTA,30000658,Kris Letang,goals,rf_qrf_goals,0.3.0,empirical_qrf,0.0,0.0,0.0,,4237405318233988177,2025-12-14 22:43:19.568907
2025-12-14,24482,UTA,PIT,30004585,John Marino,goals,rf_qrf_goals,0.3.0,empirical_qrf,0.0,0.0,0.0,,4237405318233988177,2025-12-14 22:43:19.568907
2025-12-14,24482,UTA,PIT,30004623,Ben McCartney,goals,rf_qrf_goals,0.3.0,empirical_qrf,0.031076136469157613,0.01020408163265306,0.05379250217959896,,4237405318233988177,2025-12-14 22:43:19.568907
2025-12-14,24482,UTA,PIT,30004867,JJ Peterka,goals,rf_qrf_goals,0.3.0,empirical_qrf,0.013037471787471788,0.0,0.0,,4237405318233988177,2025-12-14 22:43:19.568907
2025-12-14,24482,UTA,PIT,30004957,Karel Vejmelka,goals,rf_qrf_goals,0.3.0,empirical_qrf,0.0022002409258434857,0.0013524074606958867,0.0031372345258924863,,4237405318233988177,2025-12-14 22:43:19.568907
2025-12-14,24482,UTA,PIT,30004996,Dylan Guenther,goals,rf_qrf_goals,0.3.0,empirical_qrf,0.0,0.0,0.0,,4237405318233988177,2025-12-14 22:43:19.568907
2025-12-14,24482,UTA,PIT,30005567,Jaxson Stauber,goals,rf_qrf_goals,0.3.0,empirical_qrf,0.0022002409258434857,0.0013524074606958867,0.0031372345258924863,,4237405318233988177,2025-12-14 22:43:19.568907
2025-12-14,24482,UTA,PIT,30003753,Alexander Kerfoot,goals,rf_qrf_goals,0.3.0,empirical_qrf,0.0,0.0,0.0,,4237405318233988177,2025-12-14 22:43:19.568907
2025-12-14,24482,UTA,PIT,30003988,Cameron Hebig,goals,rf_qrf_goals,0.3.0,empirical_qrf,0.0,0.0,0.0,,4237405318233988177,2025-12-14 22:43:19.568907
2025-12-14,24482,UTA,PIT,30004078,Barrett Hayton,goals,rf_qrf_goals,0.3.0,empirical_qrf,0.0036904761904761906,0.0,0.0,,4237405318233988177,2025-12-14 22:43:19.568907
2025-12-14,24482,UTA,PIT,30004113,Jack McBain,goals,rf_qrf_goals,0.3.0,empirical_qrf,0.0,0.0,0.0,,4237405318233988177,2025-12-14 22:43:19.568907
2025-12-14,24482,UTA,PIT,30004141,Sean Durzi,goals,rf_qrf_goals,0.3.0,empirical_qrf,0.0,0.0,0.0,,4237405318233988177,2025-12-14 22:43:19.568907
2025-12-14,24482,UTA,PIT,30004170,Scott Perunovich,goals,rf_qrf_goals,0.3.0,empirical_qrf,0.0022002409258434857,0.0013524074606958867,0.0031372345258924863,,4237405318233988177,2025-12-14 22:43:19.568907
2025-12-14,24482,UTA,PIT,30003235,Michael Carcone,goals,rf_qrf_goals,0.3.0,empirical_qrf,0.0,0.0,0.0,,4237405318233988177,2025-12-14 22:43:19.568907
2025-12-14,24482,UTA,PIT,30003424,Kevin Rooney,goals,rf_qrf_goals,0.3.0,empirical_qrf,0.0,0.0,0.0,,4237405318233988177,2025-12-14 22:43:19.568907
2025-12-14,24482,UTA,PIT,30003572,Nick DeSimone,goals,rf_qrf_goals,0.3.0,empirical_qrf,0.010995505259979717,0.0,0.02412577137819572,,4237405318233988177,2025-12-14 22:43:19.568907
2025-12-14,24482,UTA,PIT,30003662,Juuso Valimaki,goals,rf_qrf_goals,0.3.0,empirical_qrf,0.0022002409258434857,0.0013524074606958867,0.0031372345258924863,,4237405318233988177,2025-12-14 22:43:19.568907
2025-12-14,24482,UTA,PIT,30003663,Kailer Yamamoto,goals,rf_qrf_goals,0.3.0,empirical_qrf,0.0,0.0,0.0,,4237405318233988177,2025-12-14 22:43:19.568907
2025-12-14,24482,UTA,PIT,30003723,Matt Villalta,goals,rf_qrf_goals,0.3.0,empirical_qrf,0.0022002409258434857,0.0013524074606958867,0.0031372345258924863,,4237405318233988177,2025-12-14 22:43:19.568907
2025-12-14,24482,UTA,PIT,30002583,Nick Schmaltz,goals,rf_qrf_goals,0.3.0,empirical_qrf,0.0,0.0,0.0,,4237405318233988177,2025-12-14 22:43:19.568907
2025-12-14,24482,UTA,PIT,30002600,Vitek Vanecek,goals,rf_qrf_goals,0.3.0,empirical_qrf,0.0022002409258434857,0.0013524074606958867,0.0031372345258924863,,4237405318233988177,2025-12-14 22:43:19.568907
2025-12-14,24482,UTA,PIT,30002841,Kevin Stenlund,goals,rf_qrf_goals,0.3.0,empirical_qrf,0.0,0.0,0.0,,4237405318233988177,2025-12-14 22:43:19.568907
2025-12-14,24482,UTA,PIT,30003053,Brandon Tanev,goals,rf_qrf_goals,0.3.0,empirical_qrf,0.0,0.0,0.0,,4237405318233988177,2025-12-14 22:43:19.568907
2025-12-14,24482,UTA,PIT,30003137,Mikhail Sergachev,goals,rf_qrf_goals,0.3.0,empirical_qrf,0.002916666666666667,0.0,0.0,,4237405318233988177,2025-12-14 22:43:19.568907
2025-12-14,24482,UTA,PIT,30003141,Clayton Keller,goals,rf_qrf_goals,0.3.0,empirical_qrf,0.0005555555555555556,0.0,0.0,,4237405318233988177,2025-12-14 22:43:19.568907
2025-12-14,24483,PHI,CAR,30000050,Sean Couturier,goals,rf_qrf_goals,0.3.0,empirical_qrf,0.0,0.0,0.0,,4237405318233988177,2025-12-14 22:43:19.568907
2025-12-14,24483,PHI,CAR,30000234,Garrett Wilson,goals,rf_qrf_goals,0.3.0,empirical_qrf,0.002353121585111784,0.0,0.005050505050505051,,4237405318233988177,2025-12-14 22:43:19.568907
2025-12-14,24483,PHI,CAR,30000349,Travis Konecny,goals,rf_qrf_goals,0.3.0,empirical_qrf,0.007861111111111112,0.0,0.0,,4237405318233988177,2025-12-14 22:43:19.568907
2025-12-14,24483,PHI,CAR,30000501,Nicolas Deslauriers,goals,rf_qrf_goals,0.3.0,empirical_qrf,0.0,0.0,0.0,,4237405318233988177,2025-12-14 22:43:19.568907
2025-12-14,24483,PHI,CAR,30000624,Travis Sanheim,goals,rf_qrf_goals,0.3.0,empirical_qrf,0.0,0.0,0.0,,4237405318233988177,2025-12-14 22:43:19.568907
2025-12-14,24483,PHI,CAR,30000942,Christian Dvorak,goals,rf_qrf_goals,0.3.0,empirical_qrf,0.0,0.0,0.0,,4237405318233988177,2025-12-14 22:43:19.568907
2025-12-14,24483,PHI,CAR,30005396,Ty Murchison,goals,rf_qrf_goals,0.3.0,empirical_qrf,0.0022002409258434857,0.0013524074606958867,0.0031372345258924863,,4237405318233988177,2025-12-14 22:43:19.568907
2025-12-14,24483,PHI,CAR,30005345,Roman Schmidt,goals,rf_qrf_goals,0.3.0,empirical_qrf,0.0,0.0,0.0,,4237405318233988177,2025-12-14 22:43:19.568907
2025-12-14,24483,CAR,PHI,30005034,Logan Stankoven,goals,rf_qrf_goals,0.3.0,empirical_qrf,0.0006666666666666668,0.0,0.0,,4237405318233988177,2025-12-14 22:43:19.568907
2025-12-14,24483,CAR,PHI,30005153,Bryce Montgomery,goals,rf_qrf_goals,0.3.0,empirical_qrf,0.002353121585111784,0.0,0.005050505050505051,,4237405318233988177,2025-12-14 22:43:19.568907
2025-12-14,24483,CAR,PHI,30005155,Justin Robidas,goals,rf_qrf_goals,0.3.0,empirical_qrf,0.0008333333333333334,0.0,0.0,,4237405318233988177,2025-12-14 22:43:19.568907
2025-12-14,24483,CAR,PHI,30005405,Jackson Blake,goals,rf_qrf_goals,0.3.0,empirical_qrf,0.0,0.0,0.0,,4237405318233988177,2025-12-14 22:43:19.568907
2025-12-14,24483,CAR,PHI,30005573,Brandon Bussi,goals,rf_qrf_goals,0.3.0,empirical_qrf,0.0022002409258434857,0.0013524074606958867,0.0031372345258924863,,4237405318233988177,2025-12-14 22:43:19.568907
2025-12-14,24483,CAR,PHI,30006098,Felix Unger Sorum,goals,rf_qrf_goals,0.3.0,empirical_qrf,0.0,0.0,0.0,,4237405318233988177,2025-12-14 22:43:19.568907
2025-12-14,24483,CAR,PHI,30004602,Nikita Pavlychev,goals,rf_qrf_goals,0.3.0,empirical_qrf,0.0022002409258434857,0.0013524074606958867,0.0031372345258924863,,4237405318233988177,2025-12-14 22:43:19.568907
2025-12-14,24483,CAR,PHI,30004806,Seth Jarvis,goals,rf_qrf_goals,0.3.0,empirical_qrf,0.0,0.0,0.0,,4237405318233988177,2025-12-14 22:43:19.568907
2025-12-14,24483,CAR,PHI,30004865,Alexander Nikishin,goals,rf_qrf_goals,0.3.0,empirical_qrf,0.0,0.0,0.0,,4237405318233988177,2025-12-14 22:43:19.568907
2025-12-14,24483,CAR,PHI,30004913,Evan Vierling,goals,rf_qrf_goals,0.3.0,empirical_qrf,0.0022002409258434857,0.0013524074606958867,0.0031372345258924863,,4237405318233988177,2025-12-14 22:43:19.568907
2025-12-14,24483,CAR,PHI,30004953,Pyotr Kochetkov,goals,rf_qrf_goals,0.3.0,empirical_qrf,0.006329410653291217,0.0,0.013802681992337166,,4237405318233988177,2025-12-14 22:43:19.568907
2025-12-14,24483,CAR,PHI,30005026,Aleksi Heimosalmi,goals,rf_qrf_goals,0.3.0,empirical_qrf,0.002353121585111784,0.0,0.005050505050505051,,4237405318233988177,2025-12-14 22:43:19.568907
2025-12-14,24483,CAR,PHI,30003786,Sean Walker,goals,rf_qrf_goals,0.3.0,empirical_qrf,0.0,0.0,0.0,,4237405318233988177,2025-12-14 22:43:19.568907
2025-12-14,24483,CAR,PHI,30004075,Jesperi Kotkaniemi,goals,rf_qrf_goals,0.3.0,empirical_qrf,0.0005555555555555556,0.0,0.0,,4237405318233988177,2025-12-14 22:43:19.568907
2025-12-14,24483,CAR,PHI,30004076,Andrei Svechnikov,goals,rf_qrf_goals,0.3.0,empirical_qrf,0.0013888888888888887,0.0,0.0,,4237405318233988177,2025-12-14 22:43:19.568907
2025-12-14,24483,CAR,PHI,30004082,K'Andre Miller,goals,rf_qrf_goals,0.3.0,empirical_qrf,0.0,0.0,0.0,,4237405318233988177,2025-12-14 22:43:19.568907
2025-12-14,24483,CAR,PHI,30004385,Cayden Primeau,goals,rf_qrf_goals,0.3.0,empirical_qrf,0.0022002409258434857,0.0013524074606958867,0.0031372345258924863,,4237405318233988177,2025-12-14 22:43:19.568907
2025-12-14,24483,CAR,PHI,30004537,Domenick Fensore,goals,rf_qrf_goals,0.3.0,empirical_qrf,0.0,0.0,0.0,,4237405318233988177,2025-12-14 22:43:19.568907
2025-12-14,24483,CAR,PHI,30002309,Mark Jankowski,goals,rf_qrf_goals,0.3.0,empirical_qrf,0.0,0.0,0.0,,4237405318233988177,2025-12-14 22:43:19.568907
2025-12-14,24483,CAR,PHI,30002819,Sebastian Aho,goals,rf_qrf_goals,0.3.0,empirical_qrf,0.0,0.0,0.0,,4237405318233988177,2025-12-14 22:43:19.568907
2025-12-14,24483,CAR,PHI,30002980,Eric Robinson,goals,rf_qrf_goals,0.3.0,empirical_qrf,0.0,0.0,0.0,,4237405318233988177,2025-12-14 22:43:19.568907
2025-12-14,24483,CAR,PHI,30003180,Givani Smith,goals,rf_qrf_goals,0.3.0,empirical_qrf,0.0,0.0,0.0,,4237405318233988177,2025-12-14 22:43:19.568907
2025-12-14,24483,CAR,PHI,30003359,Jalen Chatfield,goals,rf_qrf_goals,0.3.0,empirical_qrf,0.0,0.0,0.0,,4237405318233988177,2025-12-14 22:43:19.568907
2025-12-14,24483,CAR,PHI,30003550,Gavin Bayreuther,goals,rf_qrf_goals,0.3.0,empirical_qrf,0.01351963631704395,0.004564134495641345,0.023596083340785123,,4237405318233988177,2025-12-14 22:43:19.568907
2025-12-14,24483,CAR,PHI,30000525,Mike Reilly,goals,rf_qrf_goals,0.3.0,empirical_qrf,0.0,0.0,0.0,,4237405318233988177,2025-12-14 22:43:19.568907
2025-12-14,24483,CAR,PHI,30000643,Jaccob Slavin,goals,rf_qrf_goals,0.3.0,empirical_qrf,0.0,0.0,0.0,,4237405318233988177,2025-12-14 22:43:19.568907
2025-12-14,24483,CAR,PHI,30000822,Nikolaj Ehlers,goals,rf_qrf_goals,0.3.0,empirical_qrf,0.0006944444444444444,0.0,0.0,,4237405318233988177,2025-12-14 22:43:19.568907
2025-12-14,24483,CAR,PHI,30000948,Jordan Martinook,goals,rf_qrf_goals,0.3.0,empirical_qrf,0.03257331871825199,0.0,0.07723076923076931,,4237405318233988177,2025-12-14 22:43:19.568907
2025-12-14,24483,CAR,PHI,30001187,Taylor Hall,goals,rf_qrf_goals,0.3.0,empirical_qrf,0.01351963631704395,0.004564134495641345,0.023596083340785123,,4237405318233988177,2025-12-14 22:43:19.568907
2025-12-14,24483,CAR,PHI,30001203,Frederik Andersen,goals,rf_qrf_goals,0.3.0,empirical_qrf,0.0022002409258434857,0.0013524074606958867,0.0031372345258924863,,4237405318233988177,2025-12-14 22:43:19.568907
2025-12-14,24483,PHI,CAR,30006075,Oliver Bonk,goals,rf_qrf_goals,0.3.0,empirical_qrf,0.0,0.0,0.0,,4237405318233988177,2025-12-14 22:43:19.568907
2025-12-14,24483,PHI,CAR,30006100,Carson Bjarnason,goals,rf_qrf_goals,0.3.0,empirical_qrf,0.0022002409258434857,0.0013524074606958867,0.0031372345258924863,,4237405318233988177,2025-12-14 22:43:19.568907
2025-12-14,24483,PHI,CAR,30006135,Denver Barkey,goals,rf_qrf_goals,0.3.0,empirical_qrf,0.01351963631704395,0.004564134495641345,0.023596083340785123,,4237405318233988177,2025-12-14 22:43:19.568907
2025-12-14,24483,CAR,PHI,30000271,Shayne Gostisbehere,goals,rf_qrf_goals,0.3.0,empirical_qrf,0.0,0.0,0.0,,4237405318233988177,2025-12-14 22:43:19.568907
2025-12-14,24483,CAR,PHI,30000358,Jordan Staal,goals,rf_qrf_goals,0.3.0,empirical_qrf,0.05120726301676837,0.0,0.12050000000000011,,4237405318233988177,2025-12-14 22:43:19.568907
2025-12-14,24483,CAR,PHI,30000510,William Carrier,goals,rf_qrf_goals,0.3.0,empirical_qrf,0.01351963631704395,0.004564134495641345,0.023596083340785123,,4237405318233988177,2025-12-14 22:43:19.568907
2025-12-14,24483,PHI,CAR,30005397,Noah Cates,goals,rf_qrf_goals,0.3.0,empirical_qrf,0.007878393144697491,0.0,0.0,,4237405318233988177,2025-12-14 22:43:19.568907
2025-12-14,24483,PHI,CAR,30005401,Aleksei Kolosov,goals,rf_qrf_goals,0.3.0,empirical_qrf,0.0022002409258434857,0.0013524074606958867,0.0031372345258924863,,4237405318233988177,2025-12-14 22:43:19.568907
2025-12-14,24483,PHI,CAR,30005756,Tucker Robertson,goals,rf_qrf_goals,0.3.0,empirical_qrf,0.0022002409258434857,0.0013524074606958867,0.0031372345258924863,,4237405318233988177,2025-12-14 22:43:19.568907
2025-12-14,24483,PHI,CAR,30005958,Nikita Grebenkin,goals,rf_qrf_goals,0.3.0,empirical_qrf,0.0011825396825396826,0.0,0.0,,4237405318233988177,2025-12-14 22:43:19.568907
2025-12-14,24483,PHI,CAR,30006045,Yaniv Perets,goals,rf_qrf_goals,0.3.0,empirical_qrf,0.0022002409258434857,0.0013524074606958867,0.0031372345258924863,,4237405318233988177,2025-12-14 22:43:19.568907
2025-12-14,24483,PHI,CAR,30006061,Matvei Michkov,goals,rf_qrf_goals,0.3.0,empirical_qrf,0.0,0.0,0.0,,4237405318233988177,2025-12-14 22:43:19.568907
2025-12-14,24483,PHI,CAR,30004800,Jamie Drysdale,goals,rf_qrf_goals,0.3.0,empirical_qrf,0.0021918359418359418,0.0,0.0,,4237405318233988177,2025-12-14 22:43:19.568907
2025-12-14,24483,PHI,CAR,30004801,Tyson Foerster,goals,rf_qrf_goals,0.3.0,empirical_qrf,0.0,0.0,0.0,,4237405318233988177,2025-12-14 22:43:19.568907
2025-12-14,24483,PHI,CAR,30004824,Emil Andrae,goals,rf_qrf_goals,0.3.0,empirical_qrf,0.0,0.0,0.0,,4237405318233988177,2025-12-14 22:43:19.568907
2025-12-14,24483,PHI,CAR,30004839,Helge Grans,goals,rf_qrf_goals,0.3.0,empirical_qrf,0.0,0.0,0.0,,4237405318233988177,2025-12-14 22:43:19.568907
2025-12-14,24483,PHI,CAR,30005234,Vincent Sevigny,goals,rf_qrf_goals,0.3.0,empirical_qrf,0.0022002409258434857,0.0013524074606958867,0.0031372345258924863,,4237405318233988177,2025-12-14 22:43:19.568907
2025-12-14,24483,PHI,CAR,30005293,Artem Guryev,goals,rf_qrf_goals,0.3.0,empirical_qrf,0.0022002409258434857,0.0013524074606958867,0.0031372345258924863,,4237405318233988177,2025-12-14 22:43:19.568907
2025-12-14,24483,PHI,CAR,30004154,Xavier Bernard,goals,rf_qrf_goals,0.3.0,empirical_qrf,0.0,0.0,0.0,,4237405318233988177,2025-12-14 22:43:19.568907
2025-12-14,24483,PHI,CAR,30004205,Egor Zamula,goals,rf_qrf_goals,0.3.0,empirical_qrf,0.028045692110450632,0.0,0.056338028169014086,,4237405318233988177,2025-12-14 22:43:19.568907
2025-12-14,24483,PHI,CAR,30004406,Samuel Ersson,goals,rf_qrf_goals,0.3.0,empirical_qrf,0.0022002409258434857,0.0013524074606958867,0.0031372345258924863,,4237405318233988177,2025-12-14 22:43:19.568907
2025-12-14,24483,PHI,CAR,30004481,Trevor Zegras,goals,rf_qrf_goals,0.3.0,empirical_qrf,0.0,0.0,0.0,,4237405318233988177,2025-12-14 22:43:19.568907
2025-12-14,24483,PHI,CAR,30004484,Cam York,goals,rf_qrf_goals,0.3.0,empirical_qrf,0.0,0.0,0.0,,4237405318233988177,2025-12-14 22:43:19.568907
2025-12-14,24483,PHI,CAR,30004508,Bobby Brink,goals,rf_qrf_goals,0.3.0,empirical_qrf,0.0,0.0,0.0,,4237405318233988177,2025-12-14 22:43:19.568907
2025-12-14,24483,PHI,CAR,30003171,Carl Grundstrom,goals,rf_qrf_goals,0.3.0,empirical_qrf,0.0,0.0,0.0,,4237405318233988177,2025-12-14 22:43:19.568907
2025-12-14,24483,PHI,CAR,30003283,Lane Pederson,goals,rf_qrf_goals,0.3.0,empirical_qrf,0.0,0.0,0.0,,4237405318233988177,2025-12-14 22:43:19.568907
2025-12-14,24483,PHI,CAR,30003500,Rodrigo Abols,goals,rf_qrf_goals,0.3.0,empirical_qrf,0.0,0.0,0.0,,4237405318233988177,2025-12-14 22:43:19.568907
2025-12-14,24483,PHI,CAR,30003653,Owen Tippett,goals,rf_qrf_goals,0.3.0,empirical_qrf,0.0,0.0,0.0,,4237405318233988177,2025-12-14 22:43:19.568907
2025-12-14,24483,PHI,CAR,30003733,Keith Petruzzelli,goals,rf_qrf_goals,0.3.0,empirical_qrf,0.0022002409258434857,0.0013524074606958867,0.0031372345258924863,,4237405318233988177,2025-12-14 22:43:19.568907
2025-12-14,24483,PHI,CAR,30004002,Cooper Marody,goals,rf_qrf_goals,0.3.0,empirical_qrf,0.0022002409258434857,0.0013524074606958867,0.0031372345258924863,,4237405318233988177,2025-12-14 22:43:19.568907
2025-12-14,24483,PHI,CAR,30001201,Garnet Hathaway,goals,rf_qrf_goals,0.3.0,empirical_qrf,0.002353121585111784,0.0,0.005050505050505051,,4237405318233988177,2025-12-14 22:43:19.568907
2025-12-14,24483,PHI,CAR,30001294,Rasmus Ristolainen,goals,rf_qrf_goals,0.3.0,empirical_qrf,0.0022002409258434857,0.0013524074606958867,0.0031372345258924863,,4237405318233988177,2025-12-14 22:43:19.568907
2025-12-14,24483,PHI,CAR,30001312,Noah Juulsen,goals,rf_qrf_goals,0.3.0,empirical_qrf,0.012064592035313277,0.0,0.024405207242256477,,4237405318233988177,2025-12-14 22:43:19.568907
2025-12-14,24483,PHI,CAR,30002786,Dan Vladar,goals,rf_qrf_goals,0.3.0,empirical_qrf,0.0022002409258434857,0.0013524074606958867,0.0031372345258924863,,4237405318233988177,2025-12-14 22:43:19.568907
2025-12-14,24483,PHI,CAR,30002979,Anthony Richard,goals,rf_qrf_goals,0.3.0,empirical_qrf,0.0,0.0,0.0,,4237405318233988177,2025-12-14 22:43:19.568907
2025-12-14,24483,PHI,CAR,30003016,Nick Seeler,goals,rf_qrf_goals,0.3.0,empirical_qrf,0.0,0.0,0.0,,4237405318233988177,2025-12-14 22:43:19.568907
2025-12-14,24484,BOS,MIN,30000245,Viktor Arvidsson,goals,rf_qrf_goals,0.3.0,empirical_qrf,0.011771915612697586,0.0,0.027777777777777776,,4237405318233988177,2025-12-14 22:43:19.568907
2025-12-14,24484,BOS,MIN,30000393,Joonas Korpisalo,goals,rf_qrf_goals,0.3.0,empirical_qrf,0.0022002409258434857,0.0013524074606958867,0.0031372345258924863,,4237405318233988177,2025-12-14 22:43:19.568907
2025-12-14,24484,BOS,MIN,30000607,David Pastrnak,goals,rf_qrf_goals,0.3.0,empirical_qrf,0.14437301587301588,0.0,0.5,,4237405318233988177,2025-12-14 22:43:19.568907
2025-12-14,24484,BOS,MIN,30000630,Patrick Brown,goals,rf_qrf_goals,0.3.0,empirical_qrf,0.0028228114478114474,0.0,0.0,,4237405318233988177,2025-12-14 22:43:19.568907
2025-12-14,24484,BOS,MIN,30000636,Elias Lindholm,goals,rf_qrf_goals,0.3.0,empirical_qrf,0.0008333333333333334,0.0,0.0,,4237405318233988177,2025-12-14 22:43:19.568907
2025-12-14,24484,BOS,MIN,30000909,Nikita Zadorov,goals,rf_qrf_goals,0.3.0,empirical_qrf,0.004166666666666667,0.0,0.0,,4237405318233988177,2025-12-14 22:43:19.568907
2025-12-14,24484,MIN,BOS,30005845,David Spacek,goals,rf_qrf_goals,0.3.0,empirical_qrf,0.011771915612697586,0.0,0.027777777777777776,,4237405318233988177,2025-12-14 22:43:19.568907
2025-12-14,24484,MIN,BOS,30006109,Riley Heidt,goals,rf_qrf_goals,0.3.0,empirical_qrf,0.010995505259979717,0.0,0.02412577137819572,,4237405318233988177,2025-12-14 22:43:19.568907
2025-12-14,24484,MIN,BOS,30006110,Rasmus Kumpulainen,goals,rf_qrf_goals,0.3.0,empirical_qrf,0.0022002409258434857,0.0013524074606958867,0.0031372345258924863,,4237405318233988177,2025-12-14 22:43:19.568907
2025-12-14,24484,MIN,BOS,30006308,Bradley Marek,goals,rf_qrf_goals,0.3.0,empirical_qrf,0.0022002409258434857,0.0013524074606958867,0.0031372345258924863,,4237405318233988177,2025-12-14 22:43:19.568907
2025-12-14,24484,MIN,BOS,30001192,Tyler Pitlick,goals,rf_qrf_goals,0.3.0,empirical_qrf,0.0,0.0,0.0,,4237405318233988177,2025-12-14 22:43:19.568907
2025-12-14,24484,MIN,BOS,30004080,Quinn Hughes,goals,rf_qrf_goals,0.3.0,empirical_qrf,0.02643915343915344,0.0,0.0,,4237405318233988177,2025-12-14 22:43:19.568907
2025-12-14,24484,MIN,BOS,30005274,Louka Henault,goals,rf_qrf_goals,0.3.0,empirical_qrf,0.0022002409258434857,0.0013524074606958867,0.0031372345258924863,,4237405318233988177,2025-12-14 22:43:19.568907
2025-12-14,24484,MIN,BOS,30005361,Benjamin Brinkman,goals,rf_qrf_goals,0.3.0,empirical_qrf,0.0022002409258434857,0.0013524074606958867,0.0031372345258924863,,4237405318233988177,2025-12-14 22:43:19.568907
2025-12-14,24484,MIN,BOS,30005612,David Jiricek,goals,rf_qrf_goals,0.3.0,empirical_qrf,0.0,0.0,0.0,,4237405318233988177,2025-12-14 22:43:19.568907
2025-12-14,24484,MIN,BOS,30005627,Danila Yurov,goals,rf_qrf_goals,0.3.0,empirical_qrf,0.0,0.0,0.0,,4237405318233988177,2025-12-14 22:43:19.568907
2025-12-14,24484,MIN,BOS,30005669,Hunter Haight,goals,rf_qrf_goals,0.3.0,empirical_qrf,0.007878393144697491,0.0,0.0,,4237405318233988177,2025-12-14 22:43:19.568907
2025-12-14,24484,MIN,BOS,30005698,Michael Milne,goals,rf_qrf_goals,0.3.0,empirical_qrf,0.0022002409258434857,0.0013524074606958867,0.0031372345258924863,,4237405318233988177,2025-12-14 22:43:19.568907
2025-12-14,24484,MIN,BOS,30004970,Wyatt Newpower,goals,rf_qrf_goals,0.3.0,empirical_qrf,0.004861111111111111,0.0,0.0,,4237405318233988177,2025-12-14 22:43:19.568907
2025-12-14,24484,MIN,BOS,30005005,Oskar Olausson,goals,rf_qrf_goals,0.3.0,empirical_qrf,0.0,0.0,0.0,,4237405318233988177,2025-12-14 22:43:19.568907
2025-12-14,24484,MIN,BOS,30005007,Carson Lambos,goals,rf_qrf_goals,0.3.0,empirical_qrf,0.0,0.0,0.0,,4237405318233988177,2025-12-14 22:43:19.568907
2025-12-14,24484,MIN,BOS,30005008,Jesper Wallstedt,goals,rf_qrf_goals,0.3.0,empirical_qrf,0.0022002409258434857,0.0013524074606958867,0.0031372345258924863,,4237405318233988177,2025-12-14 22:43:19.568907
2025-12-14,24484,MIN,BOS,30005094,Cameron Butler,goals,rf_qrf_goals,0.3.0,empirical_qrf,0.0,0.0,0.0,,4237405318233988177,2025-12-14 22:43:19.568907
2025-12-14,24484,MIN,BOS,30005102,Caedan Bankier,goals,rf_qrf_goals,0.3.0,empirical_qrf,0.0,0.0,0.0,,4237405318233988177,2025-12-14 22:43:19.568907
2025-12-14,24484,MIN,BOS,30004417,Nico Sturm,goals,rf_qrf_goals,0.3.0,empirical_qrf,0.002353121585111784,0.0,0.005050505050505051,,4237405318233988177,2025-12-14 22:43:19.568907
2025-12-14,24484,MIN,BOS,30004480,Matt Boldy,goals,rf_qrf_goals,0.3.0,empirical_qrf,0.0,0.0,0.0,,4237405318233988177,2025-12-14 22:43:19.568907
2025-12-14,24484,MIN,BOS,30004784,Kirill Kaprizov,goals,rf_qrf_goals,0.3.0,empirical_qrf,0.0,0.0,0.0,,4237405318233988177,2025-12-14 22:43:19.568907
2025-12-14,24484,MIN,BOS,30004835,Brock Faber,goals,rf_qrf_goals,0.3.0,empirical_qrf,0.0,0.0,0.0,,4237405318233988177,2025-12-14 22:43:19.568907
2025-12-14,24484,MIN,BOS,30004847,Daemon Hunt,goals,rf_qrf_goals,0.3.0,empirical_qrf,0.028045692110450632,0.0,0.056338028169014086,,4237405318233988177,2025-12-14 22:43:19.568907
2025-12-14,24484,MIN,BOS,30004935,Matt Kiersted,goals,rf_qrf_goals,0.3.0,empirical_qrf,0.0,0.0,0.0,,4237405318233988177,2025-12-14 22:43:19.568907
2025-12-14,24484,MIN,BOS,30002719,Jacob Middleton,goals,rf_qrf_goals,0.3.0,empirical_qrf,0.0,0.0,0.0,,4237405318233988177,2025-12-14 22:43:19.568907
2025-12-14,24484,MIN,BOS,30002820,Joel Eriksson Ek,goals,rf_qrf_goals,0.3.0,empirical_qrf,0.00020833333333333335,0.0,0.0,,4237405318233988177,2025-12-14 22:43:19.568907
2025-12-14,24484,MIN,BOS,30003173,Filip Gustavsson,goals,rf_qrf_goals,0.3.0,empirical_qrf,0.0022002409258434857,0.0013524074606958867,0.0031372345258924863,,4237405318233988177,2025-12-14 22:43:19.568907
2025-12-14,24484,MIN,BOS,30003611,Cal Petersen,goals,rf_qrf_goals,0.3.0,empirical_qrf,0.0022002409258434857,0.0013524074606958867,0.0031372345258924863,,4237405318233988177,2025-12-14 22:43:19.568907
2025-12-14,24484,MIN,BOS,30003774,Ben Jones,goals,rf_qrf_goals,0.3.0,empirical_qrf,0.012064592035313277,0.0,0.024405207242256477,,4237405318233988177,2025-12-14 22:43:19.568907
2025-12-14,24484,MIN,BOS,30004196,Ben Gleason,goals,rf_qrf_goals,0.3.0,empirical_qrf,0.0717252390855332,0.0,0.2857142857142857,,4237405318233988177,2025-12-14 22:43:19.568907
2025-12-14,24484,MIN,BOS,30000797,Vladimir Tarasenko,goals,rf_qrf_goals,0.3.0,empirical_qrf,0.0,0.0,0.0,,4237405318233988177,2025-12-14 22:43:19.568907
2025-12-14,24484,MIN,BOS,30001012,Ryan Hartman,goals,rf_qrf_goals,0.3.0,empirical_qrf,0.0006944444444444444,0.0,0.0,,4237405318233988177,2025-12-14 22:43:19.568907
2025-12-14,24484,MIN,BOS,30001013,Vinnie Hinostroza,goals,rf_qrf_goals,0.3.0,empirical_qrf,0.0,0.0,0.0,,4237405318233988177,2025-12-14 22:43:19.568907
2025-12-14,24484,MIN,BOS,30001087,Mats Zuccarello,goals,rf_qrf_goals,0.3.0,empirical_qrf,0.0,0.0,0.0,,4237405318233988177,2025-12-14 22:43:19.568907
2025-12-14,24484,MIN,BOS,30001309,Marcus Johansson,goals,rf_qrf_goals,0.3.0,empirical_qrf,0.0,0.0,0.0,,4237405318233988177,2025-12-14 22:43:19.568907
2025-12-14,24484,MIN,BOS,30001355,Zach Bogosian,goals,rf_qrf_goals,0.3.0,empirical_qrf,0.01351963631704395,0.004564134495641345,0.023596083340785123,,4237405318233988177,2025-12-14 22:43:19.568907
2025-12-14,24484,BOS,MIN,30006392,Luke Cavallin,goals,rf_qrf_goals,0.3.0,empirical_qrf,0.0022002409258434857,0.0013524074606958867,0.0031372345258924863,,4237405318233988177,2025-12-14 22:43:19.568907
2025-12-14,24484,MIN,BOS,30000257,Yakov Trenin,goals,rf_qrf_goals,0.3.0,empirical_qrf,0.018246868599809774,0.0,0.0,,4237405318233988177,2025-12-14 22:43:19.568907
2025-12-14,24484,MIN,BOS,30000266,Nicolas Aube-Kubel,goals,rf_qrf_goals,0.3.0,empirical_qrf,0.0,0.0,0.0,,4237405318233988177,2025-12-14 22:43:19.568907
2025-12-14,24484,MIN,BOS,30000499,Marcus Foligno,goals,rf_qrf_goals,0.3.0,empirical_qrf,0.0011825396825396826,0.0,0.0,,4237405318233988177,2025-12-14 22:43:19.568907
2025-12-14,24484,MIN,BOS,30000517,Jared Spurgeon,goals,rf_qrf_goals,0.3.0,empirical_qrf,0.0,0.0,0.0,,4237405318233988177,2025-12-14 22:43:19.568907
2025-12-14,24484,MIN,BOS,30000524,Jonas Brodin,goals,rf_qrf_goals,0.3.0,empirical_qrf,0.031076136469157613,0.01020408163265306,0.05379250217959896,,4237405318233988177,2025-12-14 22:43:19.568907
2025-12-14,24484,BOS,MIN,30005651,Matthew Poitras,goals,rf_qrf_goals,0.3.0,empirical_qrf,0.0,0.0,0.0,,4237405318233988177,2025-12-14 22:43:19.568907
2025-12-14,24484,BOS,MIN,30005658,Fraser Minten,goals,rf_qrf_goals,0.3.0,empirical_qrf,0.0,0.0,0.0,,4237405318233988177,2025-12-14 22:43:19.568907
2025-12-14,24484,BOS,MIN,30005749,Nolan Maier,goals,rf_qrf_goals,0.3.0,empirical_qrf,0.0,0.0,0.0,,4237405318233988177,2025-12-14 22:43:19.568907
2025-12-14,24484,BOS,MIN,30005760,Joseph Abate,goals,rf_qrf_goals,0.3.0,empirical_qrf,0.01351963631704395,0.004564134495641345,0.023596083340785123,,4237405318233988177,2025-12-14 22:43:19.568907
2025-12-14,24484,BOS,MIN,30005797,Frederic Brunet,goals,rf_qrf_goals,0.3.0,empirical_qrf,0.031076136469157613,0.01020408163265306,0.05379250217959896,,4237405318233988177,2025-12-14 22:43:19.568907
2025-12-14,24484,BOS,MIN,30005798,Jackson Edward,goals,rf_qrf_goals,0.3.0,empirical_qrf,0.10643888532491473,0.0,0.25,,4237405318233988177,2025-12-14 22:43:19.568907
2025-12-14,24484,BOS,MIN,30004998,Fabian Lysell,goals,rf_qrf_goals,0.3.0,empirical_qrf,0.05120726301676837,0.0,0.12050000000000011,,4237405318233988177,2025-12-14 22:43:19.568907
2025-12-14,24484,BOS,MIN,30005130,Brett Harrison,goals,rf_qrf_goals,0.3.0,empirical_qrf,0.041444444444444443,0.0,0.0,,4237405318233988177,2025-12-14 22:43:19.568907
2025-12-14,24484,BOS,MIN,30005170,Maximus Wanner,goals,rf_qrf_goals,0.3.0,empirical_qrf,0.0022002409258434857,0.0013524074606958867,0.0031372345258924863,,4237405318233988177,2025-12-14 22:43:19.568907
2025-12-14,24484,BOS,MIN,30005341,Shawn Element,goals,rf_qrf_goals,0.3.0,empirical_qrf,0.0022002409258434857,0.0013524074606958867,0.0031372345258924863,,4237405318233988177,2025-12-14 22:43:19.568907
2025-12-14,24484,BOS,MIN,30005367,Michael Callahan,goals,rf_qrf_goals,0.3.0,empirical_qrf,0.0,0.0,0.0,,4237405318233988177,2025-12-14 22:43:19.568907
2025-12-14,24484,BOS,MIN,30005580,Georgi Merkulov,goals,rf_qrf_goals,0.3.0,empirical_qrf,0.0,0.0,0.0,,4237405318233988177,2025-12-14 22:43:19.568907
2025-12-14,24484,BOS,MIN,30004477,Victor Soderstrom,goals,rf_qrf_goals,0.3.0,empirical_qrf,0.0003333333333333334,0.0,0.0,,4237405318233988177,2025-12-14 22:43:19.568907
2025-12-14,24484,BOS,MIN,30004513,John Farinacci,goals,rf_qrf_goals,0.3.0,empirical_qrf,0.0,0.0,0.0,,4237405318233988177,2025-12-14 22:43:19.568907
2025-12-14,24484,BOS,MIN,30004640,Francois Brassard,goals,rf_qrf_goals,0.3.0,empirical_qrf,0.0,0.0,0.0,,4237405318233988177,2025-12-14 22:43:19.568907
2025-12-14,24484,BOS,MIN,30004851,Marat Khusnutdinov,goals,rf_qrf_goals,0.3.0,empirical_qrf,0.0,0.0,0.0,,4237405318233988177,2025-12-14 22:43:19.568907
2025-12-14,24484,BOS,MIN,30004858,Mason Lohrei,goals,rf_qrf_goals,0.3.0,empirical_qrf,0.0,0.0,0.0,,4237405318233988177,2025-12-14 22:43:19.568907
2025-12-14,24484,BOS,MIN,30004929,Alex Steeves,goals,rf_qrf_goals,0.3.0,empirical_qrf,0.0,0.0,0.0,,4237405318233988177,2025-12-14 22:43:19.568907
2025-12-14,24484,BOS,MIN,30003704,Morgan Geekie,goals,rf_qrf_goals,0.3.0,empirical_qrf,0.0044444444444444444,0.0,0.0,,4237405318233988177,2025-12-14 22:43:19.568907
2025-12-14,24484,BOS,MIN,30003890,Mikey Eyssimont,goals,rf_qrf_goals,0.3.0,empirical_qrf,0.019365079365079363,0.0,0.0,,4237405318233988177,2025-12-14 22:43:19.568907
2025-12-14,24484,BOS,MIN,30003912,Mark Kastelic,goals,rf_qrf_goals,0.3.0,empirical_qrf,0.002353121585111784,0.0,0.005050505050505051,,4237405318233988177,2025-12-14 22:43:19.568907
2025-12-14,24484,BOS,MIN,30003991,Jeremy Swayman,goals,rf_qrf_goals,0.3.0,empirical_qrf,0.0022002409258434857,0.0013524074606958867,0.0031372345258924863,,4237405318233988177,2025-12-14 22:43:19.568907
2025-12-14,24484,BOS,MIN,30004166,Jordan Harris,goals,rf_qrf_goals,0.3.0,empirical_qrf,0.0061111111111111106,0.0,0.0,,4237405318233988177,2025-12-14 22:43:19.568907
2025-12-14,24484,BOS,MIN,30004281,Jonathan Aspirot,goals,rf_qrf_goals,0.3.0,empirical_qrf,0.01351963631704395,0.004564134495641345,0.023596083340785123,,4237405318233988177,2025-12-14 22:43:19.568907
2025-12-14,24484,BOS,MIN,30003185,Andrew Peeke,goals,rf_qrf_goals,0.3.0,empirical_qrf,0.01351963631704395,0.004564134495641345,0.023596083340785123,,4237405318233988177,2025-12-14 22:43:19.568907
2025-12-14,24484,BOS,MIN,30003401,Jeffrey Viel,goals,rf_qrf_goals,0.3.0,empirical_qrf,0.0,0.0,0.0,,4237405318233988177,2025-12-14 22:43:19.568907
2025-12-14,24484,BOS,MIN,30003442,Tanner Jeannot,goals,rf_qrf_goals,0.3.0,empirical_qrf,0.010995505259979717,0.0,0.02412577137819572,,4237405318233988177,2025-12-14 22:43:19.568907
2025-12-14,24484,BOS,MIN,30003581,Shane Starrett,goals,rf_qrf_goals,0.3.0,empirical_qrf,0.0,0.0,0.0,,4237405318233988177,2025-12-14 22:43:19.568907
2025-12-14,24484,BOS,MIN,30003643,Casey Mittelstadt,goals,rf_qrf_goals,0.3.0,empirical_qrf,0.013037471787471788,0.0,0.0,,4237405318233988177,2025-12-14 22:43:19.568907
2025-12-14,24484,BOS,MIN,30003657,Henri Jokiharju,goals,rf_qrf_goals,0.3.0,empirical_qrf,0.0,0.0,0.0,,4237405318233988177,2025-12-14 22:43:19.568907
2025-12-14,24484,BOS,MIN,30000995,Pavel Zacha,goals,rf_qrf_goals,0.3.0,empirical_qrf,0.0,0.0,0.0,,4237405318233988177,2025-12-14 22:43:19.568907
2025-12-14,24484,BOS,MIN,30001264,Hampus Lindholm,goals,rf_qrf_goals,0.3.0,empirical_qrf,0.011771915612697586,0.0,0.027777777777777776,,4237405318233988177,2025-12-14 22:43:19.568907
2025-12-14,24484,BOS,MIN,30002853,Sean Kuraly,goals,rf_qrf_goals,0.3.0,empirical_qrf,0.0,0.0,0.0,,4237405318233988177,2025-12-14 22:43:19.568907
2025-12-14,24484,BOS,MIN,30003020,Kasimir Kaskisuo,goals,rf_qrf_goals,0.3.0,empirical_qrf,0.005257354437501496,0.0,0.0,,4237405318233988177,2025-12-14 22:43:19.568907
2025-12-14,24484,BOS,MIN,30003147,Charlie McAvoy,goals,rf_qrf_goals,0.3.0,empirical_qrf,0.0,0.0,0.0,,4237405318233988177,2025-12-14 22:43:19.568907
2025-12-14,24484,BOS,MIN,30003151,Riley Tufte,goals,rf_qrf_goals,0.3.0,empirical_qrf,0.0,0.0,0.0,,4237405318233988177,2025-12-14 22:43:19.568907
2025-12-14,24485,EDM,MON,30000180,Josh Brown,goals,rf_qrf_goals,0.3.0,empirical_qrf,0.0,0.0,0.0,,4237405318233988177,2025-12-14 22:43:19.568907
2025-12-14,24485,EDM,MON,30000250,Mattias Ekholm,goals,rf_qrf_goals,0.3.0,empirical_qrf,0.0,0.0,0.0,,4237405318233988177,2025-12-14 22:43:19.568907
2025-12-14,24485,EDM,MON,30000440,Zach Hyman,goals,rf_qrf_goals,0.3.0,empirical_qrf,0.0022002409258434857,0.0013524074606958867,0.0031372345258924863,,4237405318233988177,2025-12-14 22:43:19.568907
2025-12-14,24485,EDM,MON,30000443,Kasperi Kapanen,goals,rf_qrf_goals,0.3.0,empirical_qrf,0.018246868599809774,0.0,0.0,,4237405318233988177,2025-12-14 22:43:19.568907
2025-12-14,24485,EDM,MON,30000540,Ryan Nugent-Hopkins,goals,rf_qrf_goals,0.3.0,empirical_qrf,0.0,0.0,0.0,,4237405318233988177,2025-12-14 22:43:19.568907
2025-12-14,24485,EDM,MON,30000549,Darnell Nurse,goals,rf_qrf_goals,0.3.0,empirical_qrf,0.0,0.0,0.0,,4237405318233988177,2025-12-14 22:43:19.568907
2025-12-14,24485,MON,EDM,30006127,Jacob Fowler,goals,rf_qrf_goals,0.3.0,empirical_qrf,0.0022002409258434857,0.0013524074606958867,0.0031372345258924863,,4237405318233988177,2025-12-14 22:43:19.568907
2025-12-14,24485,EDM,MON,30003142,Max Jones,goals,rf_qrf_goals,0.3.0,empirical_qrf,0.0,0.0,0.0,,4237405318233988177,2025-12-14 22:43:19.568907
2025-12-14,24485,EDM,MON,30000392,Tristan Jarry,goals,rf_qrf_goals,0.3.0,empirical_qrf,0.0022002409258434857,0.0013524074606958867,0.0031372345258924863,,4237405318233988177,2025-12-14 22:43:19.568907
2025-12-14,24485,EDM,MON,30003345,Riley Stillman,goals,rf_qrf_goals,0.3.0,empirical_qrf,0.0,0.0,0.0,,4237405318233988177,2025-12-14 22:43:19.568907
2025-12-14,24485,EDM,MON,30004370,Spencer Stastney,goals,rf_qrf_goals,0.3.0,empirical_qrf,0.0,0.0,0.0,,4237405318233988177,2025-12-14 22:43:19.568907
2025-12-14,24485,EDM,MON,30004490,Sam Poulin,goals,rf_qrf_goals,0.3.0,empirical_qrf,0.012064592035313277,0.0,0.024405207242256477,,4237405318233988177,2025-12-14 22:43:19.568907
2025-12-14,24485,MON,EDM,30006152,Florian Xhekaj,goals,rf_qrf_goals,0.3.0,empirical_qrf,0.0,0.0,0.0,,4237405318233988177,2025-12-14 22:43:19.568907
2025-12-14,24485,MON,EDM,30006358,Israel Mianscum,goals,rf_qrf_goals,0.3.0,empirical_qrf,0.0022002409258434857,0.0013524074606958867,0.0031372345258924863,,4237405318233988177,2025-12-14 22:43:19.568907
2025-12-14,24485,MON,EDM,30006485,Ivan Demidov,goals,rf_qrf_goals,0.3.0,empirical_qrf,0.0,0.0,0.0,,4237405318233988177,2025-12-14 22:43:19.568907
2025-12-14,24485,MON,EDM,30003901,Alex Belzile,goals,rf_qrf_goals,0.3.0,empirical_qrf,0.0,0.0,0.0,,4237405318233988177,2025-12-14 22:43:19.568907
2025-12-14,24485,MON,EDM,30002592,Kaapo Kahkonen,goals,rf_qrf_goals,0.3.0,empirical_qrf,0.0022002409258434857,0.0013524074606958867,0.0031372345258924863,,4237405318233988177,2025-12-14 22:43:19.568907
2025-12-14,24485,MON,EDM,30005722,Adam Engstrom,goals,rf_qrf_goals,0.3.0,empirical_qrf,0.0,0.0,0.0,,4237405318233988177,2025-12-14 22:43:19.568907
2025-12-14,24485,MON,EDM,30005631,Juraj Slafkovsky,goals,rf_qrf_goals,0.3.0,empirical_qrf,0.0,0.0,0.0,,4237405318233988177,2025-12-14 22:43:19.568907
2025-12-14,24485,MON,EDM,30005645,Filip Mesar,goals,rf_qrf_goals,0.3.0,empirical_qrf,0.0,0.0,0.0,,4237405318233988177,2025-12-14 22:43:19.568907
2025-12-14,24485,MON,EDM,30005655,Lane Hutson,goals,rf_qrf_goals,0.3.0,empirical_qrf,0.0,0.0,0.0,,4237405318233988177,2025-12-14 22:43:19.568907
2025-12-14,24485,MON,EDM,30005656,Owen Beck,goals,rf_qrf_goals,0.3.0,empirical_qrf,0.0474453094602839,0.0,0.1111111111111111,,4237405318233988177,2025-12-14 22:43:19.568907
2025-12-14,24485,MON,EDM,30005806,Jared Davidson,goals,rf_qrf_goals,0.3.0,empirical_qrf,0.01351963631704395,0.004564134495641345,0.023596083340785123,,4237405318233988177,2025-12-14 22:43:19.568907
2025-12-14,24485,MON,EDM,30006060,David Reinbacher,goals,rf_qrf_goals,0.3.0,empirical_qrf,0.002353121585111784,0.0,0.005050505050505051,,4237405318233988177,2025-12-14 22:43:19.568907
2025-12-14,24485,MON,EDM,30005127,Joe Vrbetic,goals,rf_qrf_goals,0.3.0,empirical_qrf,0.0022002409258434857,0.0013524074606958867,0.0031372345258924863,,4237405318233988177,2025-12-14 22:43:19.568907
2025-12-14,24485,MON,EDM,30005128,Arber Xhekaj,goals,rf_qrf_goals,0.3.0,empirical_qrf,0.0,0.0,0.0,,4237405318233988177,2025-12-14 22:43:19.568907
2025-12-14,24485,MON,EDM,30005287,Gannon Laroque,goals,rf_qrf_goals,0.3.0,empirical_qrf,0.0022002409258434857,0.0013524074606958867,0.0031372345258924863,,4237405318233988177,2025-12-14 22:43:19.568907
2025-12-14,24485,MON,EDM,30005288,Ben Gaudreau,goals,rf_qrf_goals,0.3.0,empirical_qrf,0.0022002409258434857,0.0013524074606958867,0.0031372345258924863,,4237405318233988177,2025-12-14 22:43:19.568907
2025-12-14,24485,MON,EDM,30005534,Jakub Dobes,goals,rf_qrf_goals,0.3.0,empirical_qrf,0.0022002409258434857,0.0013524074606958867,0.0031372345258924863,,4237405318233988177,2025-12-14 22:43:19.568907
2025-12-14,24485,MON,EDM,30005574,Lucas Condotta,goals,rf_qrf_goals,0.3.0,empirical_qrf,0.0,0.0,0.0,,4237405318233988177,2025-12-14 22:43:19.568907
2025-12-14,24485,MON,EDM,30004990,Zachary Bolduc,goals,rf_qrf_goals,0.3.0,empirical_qrf,0.0,0.0,0.0,,4237405318233988177,2025-12-14 22:43:19.568907
2025-12-14,24485,MON,EDM,30005021,Oliver Kapanen,goals,rf_qrf_goals,0.3.0,empirical_qrf,0.0011825396825396826,0.0,0.0,,4237405318233988177,2025-12-14 22:43:19.568907
2025-12-14,24485,MON,EDM,30005022,Riley Kidney,goals,rf_qrf_goals,0.3.0,empirical_qrf,8.130081300813008e-05,0.0,0.0,,4237405318233988177,2025-12-14 22:43:19.568907
2025-12-14,24485,MON,EDM,30005118,Tobie Paquette-Bisson,goals,rf_qrf_goals,0.3.0,empirical_qrf,0.0,0.0,0.0,,4237405318233988177,2025-12-14 22:43:19.568907
2025-12-14,24485,MON,EDM,30005121,Joshua Roy,goals,rf_qrf_goals,0.3.0,empirical_qrf,0.0,0.0,0.0,,4237405318233988177,2025-12-14 22:43:19.568907
2025-12-14,24485,MON,EDM,30005122,Xavier Simoneau,goals,rf_qrf_goals,0.3.0,empirical_qrf,0.0022002409258434857,0.0013524074606958867,0.0031372345258924863,,4237405318233988177,2025-12-14 22:43:19.568907
2025-12-14,24485,MON,EDM,30004803,Kaiden Guhle,goals,rf_qrf_goals,0.3.0,empirical_qrf,0.0,0.0,0.0,,4237405318233988177,2025-12-14 22:43:19.568907
2025-12-14,24485,MON,EDM,30004866,Ryan O'Rourke,goals,rf_qrf_goals,0.3.0,empirical_qrf,0.0,0.0,0.0,,4237405318233988177,2025-12-14 22:43:19.568907
2025-12-14,24485,MON,EDM,30004876,Ty Smilanic,goals,rf_qrf_goals,0.3.0,empirical_qrf,0.0022002409258434857,0.0013524074606958867,0.0031372345258924863,,4237405318233988177,2025-12-14 22:43:19.568907
2025-12-14,24485,MON,EDM,30004894,Sean Farrell,goals,rf_qrf_goals,0.3.0,empirical_qrf,0.13409112184112185,0.0,0.3333333333333333,,4237405318233988177,2025-12-14 22:43:19.568907
2025-12-14,24485,MON,EDM,30004928,Cole Caufield,goals,rf_qrf_goals,0.3.0,empirical_qrf,0.001,0.0,0.0,,4237405318233988177,2025-12-14 22:43:19.568907
2025-12-14,24485,MON,EDM,30004950,Marc Del Gaizo,goals,rf_qrf_goals,0.3.0,empirical_qrf,0.0,0.0,0.0,,4237405318233988177,2025-12-14 22:43:19.568907
2025-12-14,24485,MON,EDM,30004284,Kevin Mandolese,goals,rf_qrf_goals,0.3.0,empirical_qrf,0.0022002409258434857,0.0013524074606958867,0.0031372345258924863,,4237405318233988177,2025-12-14 22:43:19.568907
2025-12-14,24485,MON,EDM,30004361,Josh Anderson,goals,rf_qrf_goals,0.3.0,empirical_qrf,0.0,0.0,0.0,,4237405318233988177,2025-12-14 22:43:19.568907
2025-12-14,24485,MON,EDM,30004472,Kirby Dach,goals,rf_qrf_goals,0.3.0,empirical_qrf,0.0,0.0,0.0,,4237405318233988177,2025-12-14 22:43:19.568907
2025-12-14,24485,MON,EDM,30004486,Alex Newhook,goals,rf_qrf_goals,0.3.0,empirical_qrf,0.14130978743478745,0.0,0.3333333333333333,,4237405318233988177,2025-12-14 22:43:19.568907
2025-12-14,24485,MON,EDM,30004520,Hunter Jones,goals,rf_qrf_goals,0.3.0,empirical_qrf,0.0,0.0,0.0,,4237405318233988177,2025-12-14 22:43:19.568907
2025-12-14,24485,MON,EDM,30004559,Jayden Struble,goals,rf_qrf_goals,0.3.0,empirical_qrf,0.012064592035313277,0.0,0.024405207242256477,,4237405318233988177,2025-12-14 22:43:19.568907
2025-12-14,24485,MON,EDM,30003687,Alexandre Texier,goals,rf_qrf_goals,0.3.0,empirical_qrf,0.002353121585111784,0.0,0.005050505050505051,,4237405318233988177,2025-12-14 22:43:19.568907
2025-12-14,24485,MON,EDM,30003958,Nate Clurman,goals,rf_qrf_goals,0.3.0,empirical_qrf,0.0,0.0,0.0,,4237405318233988177,2025-12-14 22:43:19.568907
2025-12-14,24485,MON,EDM,30003990,Jake Evans,goals,rf_qrf_goals,0.3.0,empirical_qrf,0.0,0.0,0.0,,4237405318233988177,2025-12-14 22:43:19.568907
2025-12-14,24485,MON,EDM,30004086,Noah Dobson,goals,rf_qrf_goals,0.3.0,empirical_qrf,0.0,0.0,0.0,,4237405318233988177,2025-12-14 22:43:19.568907
2025-12-14,24485,MON,EDM,30004101,Joe Veleno,goals,rf_qrf_goals,0.3.0,empirical_qrf,0.0,0.0,0.0,,4237405318233988177,2025-12-14 22:43:19.568907
2025-12-14,24485,MON,EDM,30004204,Wyatte Wylie,goals,rf_qrf_goals,0.3.0,empirical_qrf,0.06033447570947571,0.0,0.25,,4237405318233988177,2025-12-14 22:43:19.568907
2025-12-14,24485,MON,EDM,30002601,Joshua Jacobs,goals,rf_qrf_goals,0.3.0,empirical_qrf,0.0022002409258434857,0.0013524074606958867,0.0031372345258924863,,4237405318233988177,2025-12-14 22:43:19.568907
2025-12-14,24485,MON,EDM,30002663,Vincent Arseneau,goals,rf_qrf_goals,0.3.0,empirical_qrf,0.0022002409258434857,0.0013524074606958867,0.0031372345258924863,,4237405318233988177,2025-12-14 22:43:19.568907
2025-12-14,24485,MON,EDM,30002781,Sam Montembeault,goals,rf_qrf_goals,0.3.0,empirical_qrf,0.0022002409258434857,0.0013524074606958867,0.0031372345258924863,,4237405318233988177,2025-12-14 22:43:19.568907
2025-12-14,24485,MON,EDM,30002825,Alexandre Carrier,goals,rf_qrf_goals,0.3.0,empirical_qrf,0.0,0.0,0.0,,4237405318233988177,2025-12-14 22:43:19.568907
2025-12-14,24485,MON,EDM,30003131,Patrik Laine,goals,rf_qrf_goals,0.3.0,empirical_qrf,0.018246868599809774,0.0,0.0,,4237405318233988177,2025-12-14 22:43:19.568907
2025-12-14,24485,MON,EDM,30003667,Nick Suzuki,goals,rf_qrf_goals,0.3.0,empirical_qrf,0.0,0.0,0.0,,4237405318233988177,2025-12-14 22:43:19.568907
2025-12-14,24485,EDM,MON,30006846,David Tomasek,goals,rf_qrf_goals,0.3.0,empirical_qrf,0.0,0.0,0.0,,4237405318233988177,2025-12-14 22:43:19.568907
2025-12-14,24485,MON,EDM,30000015,Brendan Gallagher,goals,rf_qrf_goals,0.3.0,empirical_qrf,0.0021918359418359418,0.0,0.0,,4237405318233988177,2025-12-14 22:43:19.568907
2025-12-14,24485,MON,EDM,30000227,Mike Matheson,goals,rf_qrf_goals,0.3.0,empirical_qrf,0.0,0.0,0.0,,4237405318233988177,2025-12-14 22:43:19.568907
2025-12-14,24485,MON,EDM,30000555,Tyler Wotherspoon,goals,rf_qrf_goals,0.3.0,empirical_qrf,0.0022002409258434857,0.0013524074606958867,0.0031372345258924863,,4237405318233988177,2025-12-14 22:43:19.568907
2025-12-14,24485,MON,EDM,30000670,Sammy Blais,goals,rf_qrf_goals,0.3.0,empirical_qrf,0.031076136469157613,0.01020408163265306,0.05379250217959896,,4237405318233988177,2025-12-14 22:43:19.568907
2025-12-14,24485,MON,EDM,30001395,Laurent Dauphin,goals,rf_qrf_goals,0.3.0,empirical_qrf,0.0,0.0,0.0,,4237405318233988177,2025-12-14 22:43:19.568907
2025-12-14,24485,EDM,MON,30005731,Mats Lindgren,goals,rf_qrf_goals,0.3.0,empirical_qrf,0.0022002409258434857,0.0013524074606958867,0.0031372345258924863,,4237405318233988177,2025-12-14 22:43:19.568907
2025-12-14,24485,EDM,MON,30005931,Brady Stonehouse,goals,rf_qrf_goals,0.3.0,empirical_qrf,0.0022002409258434857,0.0013524074606958867,0.0031372345258924863,,4237405318233988177,2025-12-14 22:43:19.568907
2025-12-14,24485,EDM,MON,30006112,Beau Akey,goals,rf_qrf_goals,0.3.0,empirical_qrf,0.006329410653291217,0.0,0.013802681992337166,,4237405318233988177,2025-12-14 22:43:19.568907
2025-12-14,24485,EDM,MON,30006225,Nathaniel Day,goals,rf_qrf_goals,0.3.0,empirical_qrf,0.0022002409258434857,0.0013524074606958867,0.0031372345258924863,,4237405318233988177,2025-12-14 22:43:19.568907
2025-12-14,24485,EDM,MON,30006327,Matt Brown,goals,rf_qrf_goals,0.3.0,empirical_qrf,0.0022002409258434857,0.0013524074606958867,0.0031372345258924863,,4237405318233988177,2025-12-14 22:43:19.568907
2025-12-14,24485,EDM,MON,30006393,Connor Clattenburg,goals,rf_qrf_goals,0.3.0,empirical_qrf,0.0,0.0,0.0,,4237405318233988177,2025-12-14 22:43:19.568907
2025-12-14,24485,EDM,MON,30004625,Mason Millman,goals,rf_qrf_goals,0.3.0,empirical_qrf,0.07645335616943892,0.0,0.18238636363636376,,4237405318233988177,2025-12-14 22:43:19.568907
2025-12-14,24485,EDM,MON,30004871,Luke Prokop,goals,rf_qrf_goals,0.3.0,empirical_qrf,0.01351963631704395,0.004564134495641345,0.023596083340785123,,4237405318233988177,2025-12-14 22:43:19.568907
2025-12-14,24485,EDM,MON,30005174,Matvey Petrov,goals,rf_qrf_goals,0.3.0,empirical_qrf,0.0022002409258434857,0.0013524074606958867,0.0031372345258924863,,4237405318233988177,2025-12-14 22:43:19.568907
2025-12-14,24485,EDM,MON,30005177,James Hamblin,goals,rf_qrf_goals,0.3.0,empirical_qrf,0.0,0.0,0.0,,4237405318233988177,2025-12-14 22:43:19.568907
2025-12-14,24485,EDM,MON,30005185,Jayden Grubbe,goals,rf_qrf_goals,0.3.0,empirical_qrf,0.01351963631704395,0.004564134495641345,0.023596083340785123,,4237405318233988177,2025-12-14 22:43:19.568907
2025-12-14,24485,EDM,MON,30005633,Matt Savoie,goals,rf_qrf_goals,0.3.0,empirical_qrf,0.0,0.0,0.0,,4237405318233988177,2025-12-14 22:43:19.568907
2025-12-14,24485,EDM,MON,30003211,Rem Pitlick,goals,rf_qrf_goals,0.3.0,empirical_qrf,0.0022002409258434857,0.0013524074606958867,0.0031372345258924863,,4237405318233988177,2025-12-14 22:43:19.568907
2025-12-14,24485,EDM,MON,30003770,Matt Tomkins,goals,rf_qrf_goals,0.3.0,empirical_qrf,0.0022002409258434857,0.0013524074606958867,0.0031372345258924863,,4237405318233988177,2025-12-14 22:43:19.568907
2025-12-14,24485,EDM,MON,30004081,Evan Bouchard,goals,rf_qrf_goals,0.3.0,empirical_qrf,0.0,0.0,0.0,,4237405318233988177,2025-12-14 22:43:19.568907
2025-12-14,24485,EDM,MON,30004156,Alec Regula,goals,rf_qrf_goals,0.3.0,empirical_qrf,0.01351963631704395,0.004564134495641345,0.023596083340785123,,4237405318233988177,2025-12-14 22:43:19.568907
2025-12-14,24485,EDM,MON,30004165,Ty Emberson,goals,rf_qrf_goals,0.3.0,empirical_qrf,0.0,0.0,0.0,,4237405318233988177,2025-12-14 22:43:19.568907
2025-12-14,24485,EDM,MON,30004476,Vasily Podkolzin,goals,rf_qrf_goals,0.3.0,empirical_qrf,0.0,0.0,0.0,,4237405318233988177,2025-12-14 22:43:19.568907
2025-12-14,24485,EDM,MON,30001368,Seth Griffith,goals,rf_qrf_goals,0.3.0,empirical_qrf,0.0022002409258434857,0.0013524074606958867,0.0031372345258924863,,4237405318233988177,2025-12-14 22:43:19.568907
2025-12-14,24485,EDM,MON,30002218,Andrew Mangiapane,goals,rf_qrf_goals,0.3.0,empirical_qrf,0.0,0.0,0.0,,4237405318233988177,2025-12-14 22:43:19.568907
2025-12-14,24485,EDM,MON,30002623,Jake Walman,goals,rf_qrf_goals,0.3.0,empirical_qrf,0.0,0.0,0.0,,4237405318233988177,2025-12-14 22:43:19.568907
2025-12-14,24485,EDM,MON,30002787,Connor Ingram,goals,rf_qrf_goals,0.3.0,empirical_qrf,0.0022002409258434857,0.0013524074606958867,0.0031372345258924863,,4237405318233988177,2025-12-14 22:43:19.568907
2025-12-14,24485,EDM,MON,30002824,Jack Roslovic,goals,rf_qrf_goals,0.3.0,empirical_qrf,0.01351963631704395,0.004564134495641345,0.023596083340785123,,4237405318233988177,2025-12-14 22:43:19.568907
2025-12-14,24485,EDM,MON,30003157,Trent Frederic,goals,rf_qrf_goals,0.3.0,empirical_qrf,0.0,0.0,0.0,,4237405318233988177,2025-12-14 22:43:19.568907
2025-12-14,24485,EDM,MON,30000752,Mattias Janmark,goals,rf_qrf_goals,0.3.0,empirical_qrf,0.0,0.0,0.0,,4237405318233988177,2025-12-14 22:43:19.568907
2025-12-14,24485,EDM,MON,30000965,Curtis Lazar,goals,rf_qrf_goals,0.3.0,empirical_qrf,0.0,0.0,0.0,,4237405318233988177,2025-12-14 22:43:19.568907
2025-12-14,24485,EDM,MON,30000987,Adam Henrique,goals,rf_qrf_goals,0.3.0,empirical_qrf,0.0,0.0,0.0,,4237405318233988177,2025-12-14 22:43:19.568907
2025-12-14,24485,EDM,MON,30001076,Leon Draisaitl,goals,rf_qrf_goals,0.3.0,empirical_qrf,0.0,0.0,0.0,,4237405318233988177,2025-12-14 22:43:19.568907
2025-12-14,24485,EDM,MON,30001233,Connor McDavid,goals,rf_qrf_goals,0.3.0,empirical_qrf,0.0,0.0,0.0,,4237405318233988177,2025-12-14 22:43:19.568907
2025-12-14,24485,EDM,MON,30001304,Calvin Pickard,goals,rf_qrf_goals,0.3.0,empirical_qrf,0.0022002409258434857,0.0013524074606958867,0.0031372345258924863,,4237405318233988177,2025-12-14 22:43:19.568907
2025-12-14,24486,BUF,SEA,30000523,Jason Zucker,goals,rf_qrf_goals,0.3.0,empirical_qrf,0.0,0.0,0.0,,4237405318233988177,2025-12-14 22:43:19.568907
2025-12-14,24486,BUF,SEA,30002577,Alex Tuch,goals,rf_qrf_goals,0.3.0,empirical_qrf,0.27592532467532466,0.0,0.6291666666666677,,4237405318233988177,2025-12-14 22:43:19.568907
2025-12-14,24486,BUF,SEA,30002762,Mason Geertsen,goals,rf_qrf_goals,0.3.0,empirical_qrf,0.0,0.0,0.0,,4237405318233988177,2025-12-14 22:43:19.568907
2025-12-14,24486,BUF,SEA,30002774,Jordan Greenway,goals,rf_qrf_goals,0.3.0,empirical_qrf,0.0022002409258434857,0.0013524074606958867,0.0031372345258924863,,4237405318233988177,2025-12-14 22:43:19.568907
2025-12-14,24486,BUF,SEA,30002797,Brendan Warren,goals,rf_qrf_goals,0.3.0,empirical_qrf,0.01351963631704395,0.004564134495641345,0.023596083340785123,,4237405318233988177,2025-12-14 22:43:19.568907
2025-12-14,24486,BUF,SEA,30003074,Alex Lyon,goals,rf_qrf_goals,0.3.0,empirical_qrf,0.0022002409258434857,0.0013524074606958867,0.0031372345258924863,,4237405318233988177,2025-12-14 22:43:19.568907
2025-12-14,24486,SEA,BUF,30006119,Lukas Dragicevic,goals,rf_qrf_goals,0.3.0,empirical_qrf,0.0,0.0,0.0,,4237405318233988177,2025-12-14 22:43:19.568907
2025-12-14,24486,SEA,BUF,30006121,Carson Rehkopf,goals,rf_qrf_goals,0.3.0,empirical_qrf,0.0,0.0,0.0,,4237405318233988177,2025-12-14 22:43:19.568907
2025-12-14,24486,SEA,BUF,30006125,Caden Price,goals,rf_qrf_goals,0.3.0,empirical_qrf,0.01351963631704395,0.004564134495641345,0.023596083340785123,,4237405318233988177,2025-12-14 22:43:19.568907
2025-12-14,24486,SEA,BUF,30006197,Andrei Loshko,goals,rf_qrf_goals,0.3.0,empirical_qrf,0.0022002409258434857,0.0013524074606958867,0.0031372345258924863,,4237405318233988177,2025-12-14 22:43:19.568907
2025-12-14,24486,SEA,BUF,30006437,Kaden Hammell,goals,rf_qrf_goals,0.3.0,empirical_qrf,0.002353121585111784,0.0,0.005050505050505051,,4237405318233988177,2025-12-14 22:43:19.568907
2025-12-14,24486,SEA,BUF,30005680,David Goyette,goals,rf_qrf_goals,0.3.0,empirical_qrf,0.0,0.0,0.0,,4237405318233988177,2025-12-14 22:43:19.568907
2025-12-14,24486,SEA,BUF,30005681,Jagger Firkus,goals,rf_qrf_goals,0.3.0,empirical_qrf,0.0,0.0,0.0,,4237405318233988177,2025-12-14 22:43:19.568907
2025-12-14,24486,SEA,BUF,30005682,Jani Nyman,goals,rf_qrf_goals,0.3.0,empirical_qrf,0.03,0.0,0.0,,4237405318233988177,2025-12-14 22:43:19.568907
2025-12-14,24486,SEA,BUF,30005683,Niklas Kokko,goals,rf_qrf_goals,0.3.0,empirical_qrf,0.0022002409258434857,0.0013524074606958867,0.0031372345258924863,,4237405318233988177,2025-12-14 22:43:19.568907
2025-12-14,24486,SEA,BUF,30005757,Ty Nelson,goals,rf_qrf_goals,0.3.0,empirical_qrf,0.0022002409258434857,0.0013524074606958867,0.0031372345258924863,,4237405318233988177,2025-12-14 22:43:19.568907
2025-12-14,24486,SEA,BUF,30006087,Eduard Sale,goals,rf_qrf_goals,0.3.0,empirical_qrf,0.0,0.0,0.0,,4237405318233988177,2025-12-14 22:43:19.568907
2025-12-14,24486,SEA,BUF,30005337,Ryan Winterton,goals,rf_qrf_goals,0.3.0,empirical_qrf,0.022770502645502642,0.0,0.0,,4237405318233988177,2025-12-14 22:43:19.568907
2025-12-14,24486,SEA,BUF,30005447,Ville Ottavainen,goals,rf_qrf_goals,0.3.0,empirical_qrf,0.0,0.0,0.0,,4237405318233988177,2025-12-14 22:43:19.568907
2025-12-14,24486,SEA,BUF,30005503,Logan Morrison,goals,rf_qrf_goals,0.3.0,empirical_qrf,0.006746346246346247,0.0,0.0,,4237405318233988177,2025-12-14 22:43:19.568907
2025-12-14,24486,SEA,BUF,30005582,Ben Meyers,goals,rf_qrf_goals,0.3.0,empirical_qrf,0.0026177248677248677,0.0,0.0,,4237405318233988177,2025-12-14 22:43:19.568907
2025-12-14,24486,SEA,BUF,30005593,Peetro Seppala,goals,rf_qrf_goals,0.3.0,empirical_qrf,0.0022002409258434857,0.0013524074606958867,0.0031372345258924863,,4237405318233988177,2025-12-14 22:43:19.568907
2025-12-14,24486,SEA,BUF,30005616,Shane Wright,goals,rf_qrf_goals,0.3.0,empirical_qrf,0.0021918359418359418,0.0,0.0,,4237405318233988177,2025-12-14 22:43:19.568907
2025-12-14,24486,SEA,BUF,30004471,Kaapo Kakko,goals,rf_qrf_goals,0.3.0,empirical_qrf,0.0,0.0,0.0,,4237405318233988177,2025-12-14 22:43:19.568907
2025-12-14,24486,SEA,BUF,30005040,Matty Beniers,goals,rf_qrf_goals,0.3.0,empirical_qrf,0.0,0.0,0.0,,4237405318233988177,2025-12-14 22:43:19.568907
2025-12-14,24486,SEA,BUF,30005042,Ryker Evans,goals,rf_qrf_goals,0.3.0,empirical_qrf,0.012064592035313277,0.0,0.024405207242256477,,4237405318233988177,2025-12-14 22:43:19.568907
2025-12-14,24486,SEA,BUF,30005239,Jakov Novak,goals,rf_qrf_goals,0.3.0,empirical_qrf,0.0022002409258434857,0.0013524074606958867,0.0031372345258924863,,4237405318233988177,2025-12-14 22:43:19.568907
2025-12-14,24486,SEA,BUF,30005333,Jacob Melanson,goals,rf_qrf_goals,0.3.0,empirical_qrf,0.05120726301676837,0.0,0.12050000000000011,,4237405318233988177,2025-12-14 22:43:19.568907
2025-12-14,24486,SEA,BUF,30005336,Tye Kartye,goals,rf_qrf_goals,0.3.0,empirical_qrf,0.0,0.0,0.0,,4237405318233988177,2025-12-14 22:43:19.568907
2025-12-14,24486,SEA,BUF,30003184,Ryan Lindgren,goals,rf_qrf_goals,0.3.0,empirical_qrf,0.0,0.0,0.0,,4237405318233988177,2025-12-14 22:43:19.568907
2025-12-14,24486,SEA,BUF,30003188,Jack LaFontaine,goals,rf_qrf_goals,0.3.0,empirical_qrf,0.0,0.0,0.0,,4237405318233988177,2025-12-14 22:43:19.568907
2025-12-14,24486,SEA,BUF,30003214,Joshua Mahura,goals,rf_qrf_goals,0.3.0,empirical_qrf,0.0,0.0,0.0,,4237405318233988177,2025-12-14 22:43:19.568907
2025-12-14,24486,SEA,BUF,30003660,Eeli Tolvanen,goals,rf_qrf_goals,0.3.0,empirical_qrf,0.013305555555555555,0.0,0.0,,4237405318233988177,2025-12-14 22:43:19.568907
2025-12-14,24486,SEA,BUF,30003703,Cale Fleury,goals,rf_qrf_goals,0.3.0,empirical_qrf,0.0,0.0,0.0,,4237405318233988177,2025-12-14 22:43:19.568907
2025-12-14,24486,SEA,BUF,30004419,Joey Daccord,goals,rf_qrf_goals,0.3.0,empirical_qrf,0.0022002409258434857,0.0013524074606958867,0.0031372345258924863,,4237405318233988177,2025-12-14 22:43:19.568907
2025-12-14,24486,SEA,BUF,30000812,Gustav Olofsson,goals,rf_qrf_goals,0.3.0,empirical_qrf,0.0022002409258434857,0.0013524074606958867,0.0031372345258924863,,4237405318233988177,2025-12-14 22:43:19.568907
2025-12-14,24486,SEA,BUF,30000882,Brandon Montour,goals,rf_qrf_goals,0.3.0,empirical_qrf,0.0824431216931217,0.0,0.025000000000005684,,4237405318233988177,2025-12-14 22:43:19.568907
2025-12-14,24486,SEA,BUF,30000929,Jared McCann,goals,rf_qrf_goals,0.3.0,empirical_qrf,0.0,0.0,0.0,,4237405318233988177,2025-12-14 22:43:19.568907
2025-12-14,24486,SEA,BUF,30002223,Mason Marchment,goals,rf_qrf_goals,0.3.0,empirical_qrf,0.0,0.0,0.0,,4237405318233988177,2025-12-14 22:43:19.568907
2025-12-14,24486,SEA,BUF,30002529,John Hayden,goals,rf_qrf_goals,0.3.0,empirical_qrf,0.0,0.0,0.0,,4237405318233988177,2025-12-14 22:43:19.568907
2025-12-14,24486,SEA,BUF,30002711,Frederick Gaudreau,goals,rf_qrf_goals,0.3.0,empirical_qrf,0.0,0.0,0.0,,4237405318233988177,2025-12-14 22:43:19.568907
2025-12-14,24486,SEA,BUF,30000577,Philipp Grubauer,goals,rf_qrf_goals,0.3.0,empirical_qrf,0.0022002409258434857,0.0013524074606958867,0.0031372345258924863,,4237405318233988177,2025-12-14 22:43:19.568907
2025-12-14,24486,SEA,BUF,30000596,Chandler Stephenson,goals,rf_qrf_goals,0.3.0,empirical_qrf,0.0,0.0,0.0,,4237405318233988177,2025-12-14 22:43:19.568907
2025-12-14,24486,SEA,BUF,30000629,Matt Murray,goals,rf_qrf_goals,0.3.0,empirical_qrf,0.0022002409258434857,0.0013524074606958867,0.0031372345258924863,,4237405318233988177,2025-12-14 22:43:19.568907
2025-12-14,24486,SEA,BUF,30000674,Vince Dunn,goals,rf_qrf_goals,0.3.0,empirical_qrf,0.008055555555555555,0.0,0.0,,4237405318233988177,2025-12-14 22:43:19.568907
2025-12-14,24486,SEA,BUF,30000758,Jamie Oleksiak,goals,rf_qrf_goals,0.3.0,empirical_qrf,0.011771915612697586,0.0,0.027777777777777776,,4237405318233988177,2025-12-14 22:43:19.568907
2025-12-14,24486,SEA,BUF,30000794,Jaden Schwartz,goals,rf_qrf_goals,0.3.0,empirical_qrf,0.0,0.0,0.0,,4237405318233988177,2025-12-14 22:43:19.568907
2025-12-14,24486,BUF,SEA,30006340,Zach Metsa,goals,rf_qrf_goals,0.3.0,empirical_qrf,0.0,0.0,0.0,,4237405318233988177,2025-12-14 22:43:19.568907
2025-12-14,24486,BUF,SEA,30006341,Christopher Brown,goals,rf_qrf_goals,0.3.0,empirical_qrf,0.0022002409258434857,0.0013524074606958867,0.0031372345258924863,,4237405318233988177,2025-12-14 22:43:19.568907
2025-12-14,24486,BUF,SEA,30006342,Dominick Mersch,goals,rf_qrf_goals,0.3.0,empirical_qrf,0.0022002409258434857,0.0013524074606958867,0.0031372345258924863,,4237405318233988177,2025-12-14 22:43:19.568907
2025-12-14,24486,SEA,BUF,30000303,Adam Larsson,goals,rf_qrf_goals,0.3.0,empirical_qrf,0.0,0.0,0.0,,4237405318233988177,2025-12-14 22:43:19.568907
2025-12-14,24486,SEA,BUF,30000460,Max McCormick,goals,rf_qrf_goals,0.3.0,empirical_qrf,0.0,0.0,0.0,,4237405318233988177,2025-12-14 22:43:19.568907
2025-12-14,24486,SEA,BUF,30000539,Jordan Eberle,goals,rf_qrf_goals,0.3.0,empirical_qrf,0.0,0.0,0.0,,4237405318233988177,2025-12-14 22:43:19.568907
2025-12-14,24486,BUF,SEA,30005767,Graham Slaggert,goals,rf_qrf_goals,0.3.0,empirical_qrf,0.027787037037037034,0.0,0.0,,4237405318233988177,2025-12-14 22:43:19.568907
2025-12-14,24486,BUF,SEA,30005793,Riley Fiddler-Schultz,goals,rf_qrf_goals,0.3.0,empirical_qrf,0.07645335616943892,0.0,0.18238636363636376,,4237405318233988177,2025-12-14 22:43:19.568907
2025-12-14,24486,BUF,SEA,30006028,Jagger Joshua,goals,rf_qrf_goals,0.3.0,empirical_qrf,0.0,0.0,0.0,,4237405318233988177,2025-12-14 22:43:19.568907
2025-12-14,24486,BUF,SEA,30006039,Aidan Fulp,goals,rf_qrf_goals,0.3.0,empirical_qrf,0.0022002409258434857,0.0013524074606958867,0.0031372345258924863,,4237405318233988177,2025-12-14 22:43:19.568907
2025-12-14,24486,BUF,SEA,30006070,Zach Benson,goals,rf_qrf_goals,0.3.0,empirical_qrf,0.0,0.0,0.0,,4237405318233988177,2025-12-14 22:43:19.568907
2025-12-14,24486,BUF,SEA,30006092,Anton Wahlberg,goals,rf_qrf_goals,0.3.0,empirical_qrf,0.011771915612697586,0.0,0.027777777777777776,,4237405318233988177,2025-12-14 22:43:19.568907
2025-12-14,24486,BUF,SEA,30005445,Nikita Novikov,goals,rf_qrf_goals,0.3.0,empirical_qrf,0.11332142857142857,0.0,0.42857142857142855,,4237405318233988177,2025-12-14 22:43:19.568907
2025-12-14,24486,BUF,SEA,30005634,Noah Ostlund,goals,rf_qrf_goals,0.3.0,empirical_qrf,0.0,0.0,0.0,,4237405318233988177,2025-12-14 22:43:19.568907
2025-12-14,24486,BUF,SEA,30005644,Jiri Kulich,goals,rf_qrf_goals,0.3.0,empirical_qrf,0.0011111111111111111,0.0,0.0,,4237405318233988177,2025-12-14 22:43:19.568907
2025-12-14,24486,BUF,SEA,30005685,Viktor Neuchev,goals,rf_qrf_goals,0.3.0,empirical_qrf,0.0,0.0,0.0,,4237405318233988177,2025-12-14 22:43:19.568907
2025-12-14,24486,BUF,SEA,30005730,Vsevolod Komarov,goals,rf_qrf_goals,0.3.0,empirical_qrf,0.0005555555555555556,0.0,0.0,,4237405318233988177,2025-12-14 22:43:19.568907
2025-12-14,24486,BUF,SEA,30005764,Noah Laaouan,goals,rf_qrf_goals,0.3.0,empirical_qrf,0.023444441347122234,0.0,0.054646464646464665,,4237405318233988177,2025-12-14 22:43:19.568907
2025-12-14,24486,BUF,SEA,30004982,Isak Rosen,goals,rf_qrf_goals,0.3.0,empirical_qrf,0.0,0.0,0.0,,4237405318233988177,2025-12-14 22:43:19.568907
2025-12-14,24486,BUF,SEA,30005017,Josh Doan,goals,rf_qrf_goals,0.3.0,empirical_qrf,0.0,0.0,0.0,,4237405318233988177,2025-12-14 22:43:19.568907
2025-12-14,24486,BUF,SEA,30005067,Isaac Belliveau,goals,rf_qrf_goals,0.3.0,empirical_qrf,0.0022002409258434857,0.0013524074606958867,0.0031372345258924863,,4237405318233988177,2025-12-14 22:43:19.568907
2025-12-14,24486,BUF,SEA,30005147,Tyson Kozak,goals,rf_qrf_goals,0.3.0,empirical_qrf,0.0,0.0,0.0,,4237405318233988177,2025-12-14 22:43:19.568907
2025-12-14,24486,BUF,SEA,30005151,Olivier Nadeau,goals,rf_qrf_goals,0.3.0,empirical_qrf,0.0,0.0,0.0,,4237405318233988177,2025-12-14 22:43:19.568907
2025-12-14,24486,BUF,SEA,30005441,Ryan Johnson,goals,rf_qrf_goals,0.3.0,empirical_qrf,0.011771915612697586,0.0,0.027777777777777776,,4237405318233988177,2025-12-14 22:43:19.568907
2025-12-14,24486,BUF,SEA,30004854,Trevor Kuntar,goals,rf_qrf_goals,0.3.0,empirical_qrf,0.0,0.0,0.0,,4237405318233988177,2025-12-14 22:43:19.568907
2025-12-14,24486,BUF,SEA,30004923,Josh Dunne,goals,rf_qrf_goals,0.3.0,empirical_qrf,0.01351963631704395,0.004564134495641345,0.023596083340785123,,4237405318233988177,2025-12-14 22:43:19.568907
2025-12-14,24486,BUF,SEA,30004948,Carson Meyer,goals,rf_qrf_goals,0.3.0,empirical_qrf,0.01351963631704395,0.004564134495641345,0.023596083340785123,,4237405318233988177,2025-12-14 22:43:19.568907
2025-12-14,24486,BUF,SEA,30004956,Justin Danforth,goals,rf_qrf_goals,0.3.0,empirical_qrf,0.0,0.0,0.0,,4237405318233988177,2025-12-14 22:43:19.568907
2025-12-14,24486,BUF,SEA,30004980,Owen Power,goals,rf_qrf_goals,0.3.0,empirical_qrf,0.0,0.0,0.0,,4237405318233988177,2025-12-14 22:43:19.568907
2025-12-14,24486,BUF,SEA,30004981,Devon Levi,goals,rf_qrf_goals,0.3.0,empirical_qrf,0.0022002409258434857,0.0013524074606958867,0.0031372345258924863,,4237405318233988177,2025-12-14 22:43:19.568907
2025-12-14,24486,BUF,SEA,30004474,Bowen Byram,goals,rf_qrf_goals,0.3.0,empirical_qrf,0.0,0.0,0.0,,4237405318233988177,2025-12-14 22:43:19.568907
2025-12-14,24486,BUF,SEA,30004502,Peyton Krebs,goals,rf_qrf_goals,0.3.0,empirical_qrf,0.0006018518518518518,0.0,0.0,,4237405318233988177,2025-12-14 22:43:19.568907
2025-12-14,24486,BUF,SEA,30004554,Zac Jones,goals,rf_qrf_goals,0.3.0,empirical_qrf,0.0,0.0,0.0,,4237405318233988177,2025-12-14 22:43:19.568907
2025-12-14,24486,BUF,SEA,30004577,Colten Ellis,goals,rf_qrf_goals,0.3.0,empirical_qrf,0.0022002409258434857,0.0013524074606958867,0.0031372345258924863,,4237405318233988177,2025-12-14 22:43:19.568907
2025-12-14,24486,BUF,SEA,30004670,Peter Tischke,goals,rf_qrf_goals,0.3.0,empirical_qrf,0.0022002409258434857,0.0013524074606958867,0.0031372345258924863,,4237405318233988177,2025-12-14 22:43:19.568907
2025-12-14,24486,BUF,SEA,30004815,Jack Quinn,goals,rf_qrf_goals,0.3.0,empirical_qrf,0.0,0.0,0.0,,4237405318233988177,2025-12-14 22:43:19.568907
2025-12-14,24486,BUF,SEA,30003750,Rasmus Dahlin,goals,rf_qrf_goals,0.3.0,empirical_qrf,0.028964285714285717,0.0,0.0,,4237405318233988177,2025-12-14 22:43:19.568907
2025-12-14,24486,BUF,SEA,30004105,Mattias Samuelsson,goals,rf_qrf_goals,0.3.0,empirical_qrf,0.0,0.0,0.0,,4237405318233988177,2025-12-14 22:43:19.568907
2025-12-14,24486,BUF,SEA,30004117,Ryan McLeod,goals,rf_qrf_goals,0.3.0,empirical_qrf,0.0015,0.0,0.0,,4237405318233988177,2025-12-14 22:43:19.568907
2025-12-14,24486,BUF,SEA,30004373,Michael Kesselring,goals,rf_qrf_goals,0.3.0,empirical_qrf,0.0,0.0,0.0,,4237405318233988177,2025-12-14 22:43:19.568907
2025-12-14,24486,BUF,SEA,30004380,Jack Rathbone,goals,rf_qrf_goals,0.3.0,empirical_qrf,0.0,0.0,0.0,,4237405318233988177,2025-12-14 22:43:19.568907
2025-12-14,24486,BUF,SEA,30004431,Jacob Bryson,goals,rf_qrf_goals,0.3.0,empirical_qrf,0.011771915612697586,0.0,0.027777777777777776,,4237405318233988177,2025-12-14 22:43:19.568907
2025-12-14,24486,BUF,SEA,30003158,Tage Thompson,goals,rf_qrf_goals,0.3.0,empirical_qrf,0.0,0.0,0.0,,4237405318233988177,2025-12-14 22:43:19.568907
2025-12-14,24486,BUF,SEA,30003221,Beck Malenstyn,goals,rf_qrf_goals,0.3.0,empirical_qrf,0.0474453094602839,0.0,0.1111111111111111,,4237405318233988177,2025-12-14 22:43:19.568907
2025-12-14,24486,BUF,SEA,30003665,Josh Norris,goals,rf_qrf_goals,0.3.0,empirical_qrf,0.16269444444444445,0.0,1.0,,4237405318233988177,2025-12-14 22:43:19.568907
2025-12-14,24486,BUF,SEA,30003670,Conor Timmins,goals,rf_qrf_goals,0.3.0,empirical_qrf,0.0,0.0,0.0,,4237405318233988177,2025-12-14 22:43:19.568907
2025-12-14,24486,BUF,SEA,30003673,Ukko-Pekka Luukkonen,goals,rf_qrf_goals,0.3.0,empirical_qrf,0.0022002409258434857,0.0013524074606958867,0.0031372345258924863,,4237405318233988177,2025-12-14 22:43:19.568907
2025-12-14,24486,BUF,SEA,30003699,Jake Leschyshyn,goals,rf_qrf_goals,0.3.0,empirical_qrf,0.002353121585111784,0.0,0.005050505050505051,,4237405318233988177,2025-12-14 22:43:19.568907
2025-12-14,24481,VAN,NJ,30000958,Derek Forbort,assists,rf_qrf_assists,0.3.0,empirical_qrf,0.0,0.0,0.0,,4237405318233988177,2025-12-14 22:43:33.562988
2025-12-14,24481,VAN,NJ,30000976,Evander Kane,assists,rf_qrf_assists,0.3.0,empirical_qrf,0.05079463956643356,0.0,0.13043478260869565,,4237405318233988177,2025-12-14 22:43:33.562988
2025-12-14,24481,VAN,NJ,30001238,Jake DeBrusk,assists,rf_qrf_assists,0.3.0,empirical_qrf,0.0004761904761904762,0.0,0.0,,4237405318233988177,2025-12-14 22:43:33.562988
2025-12-14,24481,VAN,NJ,30001299,Tyler Myers,assists,rf_qrf_assists,0.3.0,empirical_qrf,0.0,0.0,0.0,,4237405318233988177,2025-12-14 22:43:33.562988
2025-12-14,24481,VAN,NJ,30001949,Guillaume Brisebois,assists,rf_qrf_assists,0.3.0,empirical_qrf,0.005674177519038122,0.0,0.011594202898550725,,4237405318233988177,2025-12-14 22:43:33.562988
2025-12-14,24481,VAN,NJ,30002479,Teddy Blueger,assists,rf_qrf_assists,0.3.0,empirical_qrf,0.0,0.0,0.0,,4237405318233988177,2025-12-14 22:43:33.562988
2025-12-14,24481,NJ,VAN,30004112,Calen Addison,assists,rf_qrf_assists,0.3.0,empirical_qrf,0.03831236786598649,0.0,0.07320659971305596,,4237405318233988177,2025-12-14 22:43:33.562988
2025-12-14,24481,VAN,NJ,30004817,Lukas Reichel,assists,rf_qrf_assists,0.3.0,empirical_qrf,0.0,0.0,0.0,,4237405318233988177,2025-12-14 22:43:33.562988
2025-12-14,24481,NJ,VAN,30004387,Angus Crookshank,assists,rf_qrf_assists,0.3.0,empirical_qrf,0.0,0.0,0.0,,4237405318233988177,2025-12-14 22:43:33.562988
2025-12-14,24481,VAN,NJ,30004140,Jett Woo,assists,rf_qrf_assists,0.3.0,empirical_qrf,0.004564901089652948,0.0,0.009852216748768473,,4237405318233988177,2025-12-14 22:43:33.562988
2025-12-14,24481,NJ,VAN,30005864,Xavier Parent,assists,rf_qrf_assists,0.3.0,empirical_qrf,0.0,0.0,0.0,,4237405318233988177,2025-12-14 22:43:33.562988
2025-12-14,24481,VAN,NJ,30004818,Marco Rossi,assists,rf_qrf_assists,0.3.0,empirical_qrf,0.0015595238095238095,0.0,0.0,,4237405318233988177,2025-12-14 22:43:33.562988
2025-12-14,24481,VAN,NJ,30005642,Liam Ohgren,assists,rf_qrf_assists,0.3.0,empirical_qrf,0.0,0.0,0.0,,4237405318233988177,2025-12-14 22:43:33.562988
2025-12-14,24481,VAN,NJ,30006486,Zeev Buium,assists,rf_qrf_assists,0.3.0,empirical_qrf,0.17742527921281792,0.0,0.4218045112781956,,4237405318233988177,2025-12-14 22:43:33.562988
2025-12-14,24481,NJ,VAN,30005466,Arseniy Gritsyuk,assists,rf_qrf_assists,0.3.0,empirical_qrf,0.0005185185185185185,0.0,0.0,,4237405318233988177,2025-12-14 22:43:33.562988
2025-12-14,24481,NJ,VAN,30005561,Marc McLaughlin,assists,rf_qrf_assists,0.3.0,empirical_qrf,0.005944285419494955,0.004658495228703092,0.007347869356002968,,4237405318233988177,2025-12-14 22:43:33.562988
2025-12-14,24481,NJ,VAN,30005569,Brian Halonen,assists,rf_qrf_assists,0.3.0,empirical_qrf,0.0020925925925925925,0.0,0.0,,4237405318233988177,2025-12-14 22:43:33.562988
2025-12-14,24481,NJ,VAN,30005613,Simon Nemec,assists,rf_qrf_assists,0.3.0,empirical_qrf,0.0,0.0,0.0,,4237405318233988177,2025-12-14 22:43:33.562988
2025-12-14,24481,NJ,VAN,30006223,Jeremy Hanzel,assists,rf_qrf_assists,0.3.0,empirical_qrf,0.005944285419494955,0.004658495228703092,0.007347869356002968,,4237405318233988177,2025-12-14 22:43:33.562988
2025-12-14,24481,NJ,VAN,30006356,Matyas Melovsky,assists,rf_qrf_assists,0.3.0,empirical_qrf,0.005674177519038122,0.0,0.011594202898550725,,4237405318233988177,2025-12-14 22:43:33.562988
2025-12-14,24481,NJ,VAN,30004549,Nathan Legare,assists,rf_qrf_assists,0.3.0,empirical_qrf,0.0,0.0,0.0,,4237405318233988177,2025-12-14 22:43:33.562988
2025-12-14,24481,NJ,VAN,30004810,Dawson Mercer,assists,rf_qrf_assists,0.3.0,empirical_qrf,0.00625,0.0,0.0,,4237405318233988177,2025-12-14 22:43:33.562988
2025-12-14,24481,NJ,VAN,30004827,Thomas Bordeleau,assists,rf_qrf_assists,0.3.0,empirical_qrf,0.0,0.0,0.0,,4237405318233988177,2025-12-14 22:43:33.562988
2025-12-14,24481,NJ,VAN,30004833,Nico Daws,assists,rf_qrf_assists,0.3.0,empirical_qrf,0.005944285419494955,0.004658495228703092,0.007347869356002968,,4237405318233988177,2025-12-14 22:43:33.562988
2025-12-14,24481,NJ,VAN,30004986,Luke Hughes,assists,rf_qrf_assists,0.3.0,empirical_qrf,0.005674177519038122,0.0,0.011594202898550725,,4237405318233988177,2025-12-14 22:43:33.562988
2025-12-14,24481,NJ,VAN,30005278,Mikael Diotte,assists,rf_qrf_assists,0.3.0,empirical_qrf,0.0,0.0,0.0,,4237405318233988177,2025-12-14 22:43:33.562988
2025-12-14,24481,NJ,VAN,30003639,Nico Hischier,assists,rf_qrf_assists,0.3.0,empirical_qrf,0.002333333333333333,0.0,0.0,,4237405318233988177,2025-12-14 22:43:33.562988
2025-12-14,24481,NJ,VAN,30003642,Cody Glass,assists,rf_qrf_assists,0.3.0,empirical_qrf,0.03844508948412746,0.0,0.09090909090909091,,4237405318233988177,2025-12-14 22:43:33.562988
2025-12-14,24481,NJ,VAN,30003726,Johnathan Kovacevic,assists,rf_qrf_assists,0.3.0,empirical_qrf,0.005674177519038122,0.0,0.011594202898550725,,4237405318233988177,2025-12-14 22:43:33.562988
2025-12-14,24481,NJ,VAN,30003983,Austin Strand,assists,rf_qrf_assists,0.3.0,empirical_qrf,0.03831236786598649,0.0,0.07320659971305596,,4237405318233988177,2025-12-14 22:43:33.562988
2025-12-14,24481,NJ,VAN,30004384,Paul Cotter,assists,rf_qrf_assists,0.3.0,empirical_qrf,0.010522607022607022,0.0,0.0,,4237405318233988177,2025-12-14 22:43:33.562988
2025-12-14,24481,NJ,VAN,30004470,Jack Hughes,assists,rf_qrf_assists,0.3.0,empirical_qrf,0.00125,0.0,0.0,,4237405318233988177,2025-12-14 22:43:33.562988
2025-12-14,24481,NJ,VAN,30001786,Evgenii Dadonov,assists,rf_qrf_assists,0.3.0,empirical_qrf,0.0,0.0,0.0,,4237405318233988177,2025-12-14 22:43:33.562988
2025-12-14,24481,NJ,VAN,30002609,Juho Lammikko,assists,rf_qrf_assists,0.3.0,empirical_qrf,0.0,0.0,0.0,,4237405318233988177,2025-12-14 22:43:33.562988
2025-12-14,24481,NJ,VAN,30003154,Dennis Cholowski,assists,rf_qrf_assists,0.3.0,empirical_qrf,0.0,0.0,0.0,,4237405318233988177,2025-12-14 22:43:33.562988
2025-12-14,24481,NJ,VAN,30003404,Zack MacEwen,assists,rf_qrf_assists,0.3.0,empirical_qrf,0.004564901089652948,0.0,0.009852216748768473,,4237405318233988177,2025-12-14 22:43:33.562988
2025-12-14,24481,NJ,VAN,30003568,Joseph Gambardella,assists,rf_qrf_assists,0.3.0,empirical_qrf,0.005944285419494955,0.004658495228703092,0.007347869356002968,,4237405318233988177,2025-12-14 22:43:33.562988
2025-12-14,24481,NJ,VAN,30003612,Jesper Bratt,assists,rf_qrf_assists,0.3.0,empirical_qrf,0.0687579365079365,0.0,0.3333333333333333,,4237405318233988177,2025-12-14 22:43:33.562988
2025-12-14,24481,NJ,VAN,30000844,Luke Glendening,assists,rf_qrf_assists,0.3.0,empirical_qrf,0.0,0.0,0.0,,4237405318233988177,2025-12-14 22:43:33.562988
2025-12-14,24481,NJ,VAN,30000886,Stefan Noesen,assists,rf_qrf_assists,0.3.0,empirical_qrf,0.0,0.0,0.0,,4237405318233988177,2025-12-14 22:43:33.562988
2025-12-14,24481,NJ,VAN,30001052,Ondrej Palat,assists,rf_qrf_assists,0.3.0,empirical_qrf,0.0,0.0,0.0,,4237405318233988177,2025-12-14 22:43:33.562988
2025-12-14,24481,NJ,VAN,30001108,Jonas Siegenthaler,assists,rf_qrf_assists,0.3.0,empirical_qrf,0.0326314070260616,0.0,0.06349206349206349,,4237405318233988177,2025-12-14 22:43:33.562988
2025-12-14,24481,NJ,VAN,30001225,Brenden Dillon,assists,rf_qrf_assists,0.3.0,empirical_qrf,0.014329304030731582,0.0,0.03529411764705882,,4237405318233988177,2025-12-14 22:43:33.562988
2025-12-14,24481,NJ,VAN,30001226,Timo Meier,assists,rf_qrf_assists,0.3.0,empirical_qrf,0.11278769841269842,0.0,0.5,,4237405318233988177,2025-12-14 22:43:33.562988
2025-12-14,24481,NJ,VAN,30000070,Dougie Hamilton,assists,rf_qrf_assists,0.3.0,empirical_qrf,0.0179484126984127,0.0,0.0,,4237405318233988177,2025-12-14 22:43:33.562988
2025-12-14,24481,NJ,VAN,30000210,Colton White,assists,rf_qrf_assists,0.3.0,empirical_qrf,0.005674177519038122,0.0,0.011594202898550725,,4237405318233988177,2025-12-14 22:43:33.562988
2025-12-14,24481,NJ,VAN,30000368,Brett Pesce,assists,rf_qrf_assists,0.3.0,empirical_qrf,0.009709786400962872,0.0,0.0,,4237405318233988177,2025-12-14 22:43:33.562988
2025-12-14,24481,NJ,VAN,30000491,Connor Brown,assists,rf_qrf_assists,0.3.0,empirical_qrf,0.0,0.0,0.0,,4237405318233988177,2025-12-14 22:43:33.562988
2025-12-14,24481,NJ,VAN,30000573,Jacob Markstrom,assists,rf_qrf_assists,0.3.0,empirical_qrf,0.005944285419494955,0.004658495228703092,0.007347869356002968,,4237405318233988177,2025-12-14 22:43:33.562988
2025-12-14,24481,NJ,VAN,30000665,Jake Allen,assists,rf_qrf_assists,0.3.0,empirical_qrf,0.005944285419494955,0.004658495228703092,0.007347869356002968,,4237405318233988177,2025-12-14 22:43:33.562988
2025-12-14,24481,VAN,NJ,30005837,Ty Young,assists,rf_qrf_assists,0.3.0,empirical_qrf,0.005944285419494955,0.004658495228703092,0.007347869356002968,,4237405318233988177,2025-12-14 22:43:33.562988
2025-12-14,24481,VAN,NJ,30006031,Max Sasson,assists,rf_qrf_assists,0.3.0,empirical_qrf,0.0,0.0,0.0,,4237405318233988177,2025-12-14 22:43:33.562988
2025-12-14,24481,VAN,NJ,30006037,Nikita Tolopilo,assists,rf_qrf_assists,0.3.0,empirical_qrf,0.005944285419494955,0.004658495228703092,0.007347869356002968,,4237405318233988177,2025-12-14 22:43:33.562988
2025-12-14,24481,VAN,NJ,30006067,Tom Willander,assists,rf_qrf_assists,0.3.0,empirical_qrf,0.0,0.0,0.0,,4237405318233988177,2025-12-14 22:43:33.562988
2025-12-14,24481,VAN,NJ,30006320,Joe Arntsen,assists,rf_qrf_assists,0.3.0,empirical_qrf,0.005944285419494955,0.004658495228703092,0.007347869356002968,,4237405318233988177,2025-12-14 22:43:33.562988
2025-12-14,24481,VAN,NJ,30006441,Elias Nils Pettersson,assists,rf_qrf_assists,0.3.0,empirical_qrf,0.03844508948412746,0.0,0.09090909090909091,,4237405318233988177,2025-12-14 22:43:33.562988
2025-12-14,24481,VAN,NJ,30005171,Dino Kambeitz,assists,rf_qrf_assists,0.3.0,empirical_qrf,0.005944285419494955,0.004658495228703092,0.007347869356002968,,4237405318233988177,2025-12-14 22:43:33.562988
2025-12-14,24481,VAN,NJ,30005456,Nils Aman,assists,rf_qrf_assists,0.3.0,empirical_qrf,0.05361010462352906,0.0,0.10209314495028782,,4237405318233988177,2025-12-14 22:43:33.562988
2025-12-14,24481,VAN,NJ,30005566,Arshdeep Bains,assists,rf_qrf_assists,0.3.0,empirical_qrf,0.0,0.0,0.0,,4237405318233988177,2025-12-14 22:43:33.562988
2025-12-14,24481,VAN,NJ,30005619,Jonathan Lekkerimaki,assists,rf_qrf_assists,0.3.0,empirical_qrf,0.020916666666666667,0.0,0.0,,4237405318233988177,2025-12-14 22:43:33.562988
2025-12-14,24481,VAN,NJ,30005747,Jonathan Lemieux,assists,rf_qrf_assists,0.3.0,empirical_qrf,0.005944285419494955,0.004658495228703092,0.007347869356002968,,4237405318233988177,2025-12-14 22:43:33.562988
2025-12-14,24481,VAN,NJ,30005831,Kirill Kudryavtsev,assists,rf_qrf_assists,0.3.0,empirical_qrf,0.0,0.0,0.0,,4237405318233988177,2025-12-14 22:43:33.562988
2025-12-14,24481,VAN,NJ,30004581,Nikolai Knyzhov,assists,rf_qrf_assists,0.3.0,empirical_qrf,0.00678489044298817,0.0,0.013892111368909513,,4237405318233988177,2025-12-14 22:43:33.562988
2025-12-14,24481,VAN,NJ,30004741,Drew O'Connor,assists,rf_qrf_assists,0.3.0,empirical_qrf,0.0,0.0,0.0,,4237405318233988177,2025-12-14 22:43:33.562988
2025-12-14,24481,VAN,NJ,30005016,Danila Klimovich,assists,rf_qrf_assists,0.3.0,empirical_qrf,0.0,0.0,0.0,,4237405318233988177,2025-12-14 22:43:33.562988
2025-12-14,24481,VAN,NJ,30005028,Aatu Raty,assists,rf_qrf_assists,0.3.0,empirical_qrf,0.005258658008658008,0.0,0.0,,4237405318233988177,2025-12-14 22:43:33.562988
2025-12-14,24481,VAN,NJ,30005100,Cooper Walker,assists,rf_qrf_assists,0.3.0,empirical_qrf,0.005944285419494955,0.004658495228703092,0.007347869356002968,,4237405318233988177,2025-12-14 22:43:33.562988
2025-12-14,24481,VAN,NJ,30005145,Josh Bloom,assists,rf_qrf_assists,0.3.0,empirical_qrf,0.005944285419494955,0.004658495228703092,0.007347869356002968,,4237405318233988177,2025-12-14 22:43:33.562988
2025-12-14,24481,VAN,NJ,30004001,Kiefer Sherwood,assists,rf_qrf_assists,0.3.0,empirical_qrf,0.003746151996151996,0.0,0.0,,4237405318233988177,2025-12-14 22:43:33.562988
2025-12-14,24481,VAN,NJ,30004058,Kevin Lankinen,assists,rf_qrf_assists,0.3.0,empirical_qrf,0.005944285419494955,0.004658495228703092,0.007347869356002968,,4237405318233988177,2025-12-14 22:43:33.562988
2025-12-14,24481,VAN,NJ,30004153,Linus Karlsson,assists,rf_qrf_assists,0.3.0,empirical_qrf,0.17531240056240055,0.0,0.4,,4237405318233988177,2025-12-14 22:43:33.562988
2025-12-14,24481,VAN,NJ,30004227,Chase Wouters,assists,rf_qrf_assists,0.3.0,empirical_qrf,0.005944285419494955,0.004658495228703092,0.007347869356002968,,4237405318233988177,2025-12-14 22:43:33.562988
2025-12-14,24481,VAN,NJ,30004425,Jimmy Schuldt,assists,rf_qrf_assists,0.3.0,empirical_qrf,0.00678489044298817,0.0,0.013892111368909513,,4237405318233988177,2025-12-14 22:43:33.562988
2025-12-14,24481,VAN,NJ,30004531,Nils Hoglander,assists,rf_qrf_assists,0.3.0,empirical_qrf,0.0,0.0,0.0,,4237405318233988177,2025-12-14 22:43:33.562988
2025-12-14,24481,VAN,NJ,30003193,Filip Hronek,assists,rf_qrf_assists,0.3.0,empirical_qrf,0.002972222222222222,0.0,0.0,,4237405318233988177,2025-12-14 22:43:33.562988
2025-12-14,24481,VAN,NJ,30003604,David Kampf,assists,rf_qrf_assists,0.3.0,empirical_qrf,0.01034299918960184,0.0,0.024096385542168676,,4237405318233988177,2025-12-14 22:43:33.562988
2025-12-14,24481,VAN,NJ,30003647,Elias Pettersson,assists,rf_qrf_assists,0.3.0,empirical_qrf,0.0,0.0,0.0,,4237405318233988177,2025-12-14 22:43:33.562988
2025-12-14,24481,VAN,NJ,30003655,Filip Chytil,assists,rf_qrf_assists,0.3.0,empirical_qrf,0.0008838383838383838,0.0,0.0,,4237405318233988177,2025-12-14 22:43:33.562988
2025-12-14,24481,VAN,NJ,30003666,Pierre-Olivier Joseph,assists,rf_qrf_assists,0.3.0,empirical_qrf,0.0,0.0,0.0,,4237405318233988177,2025-12-14 22:43:33.562988
2025-12-14,24481,VAN,NJ,30003776,Jiri Patera,assists,rf_qrf_assists,0.3.0,empirical_qrf,0.005944285419494955,0.004658495228703092,0.007347869356002968,,4237405318233988177,2025-12-14 22:43:33.562988
2025-12-14,24481,VAN,NJ,30002581,Thatcher Demko,assists,rf_qrf_assists,0.3.0,empirical_qrf,0.005944285419494955,0.004658495228703092,0.007347869356002968,,4237405318233988177,2025-12-14 22:43:33.562988
2025-12-14,24481,VAN,NJ,30002587,Marcus Pettersson,assists,rf_qrf_assists,0.3.0,empirical_qrf,0.0,0.0,0.0,,4237405318233988177,2025-12-14 22:43:33.562988
2025-12-14,24481,VAN,NJ,30002777,Brock Boeser,assists,rf_qrf_assists,0.3.0,empirical_qrf,0.0034869528619528617,0.0,0.0,,4237405318233988177,2025-12-14 22:43:33.562988
2025-12-14,24481,VAN,NJ,30002793,Joseph Labate,assists,rf_qrf_assists,0.3.0,empirical_qrf,0.03831236786598649,0.0,0.07320659971305596,,4237405318233988177,2025-12-14 22:43:33.562988
2025-12-14,24481,VAN,NJ,30002876,Conor Garland,assists,rf_qrf_assists,0.3.0,empirical_qrf,0.015793650793650794,0.0,0.0,,4237405318233988177,2025-12-14 22:43:33.562988
2025-12-14,24481,VAN,NJ,30003063,Mackenzie MacEachern,assists,rf_qrf_assists,0.3.0,empirical_qrf,0.0,0.0,0.0,,4237405318233988177,2025-12-14 22:43:33.562988
2025-12-14,24482,UTA,PIT,30000229,Lawson Crouse,assists,rf_qrf_assists,0.3.0,empirical_qrf,0.009875000000000002,0.0,0.0,,4237405318233988177,2025-12-14 22:43:33.562988
2025-12-14,24482,UTA,PIT,30000593,Liam O'Brien,assists,rf_qrf_assists,0.3.0,empirical_qrf,0.0,0.0,0.0,,4237405318233988177,2025-12-14 22:43:33.562988
2025-12-14,24482,UTA,PIT,30000594,Nate Schmidt,assists,rf_qrf_assists,0.3.0,empirical_qrf,0.0,0.0,0.0,,4237405318233988177,2025-12-14 22:43:33.562988
2025-12-14,24482,UTA,PIT,30000650,Ian Cole,assists,rf_qrf_assists,0.3.0,empirical_qrf,0.0,0.0,0.0,,4237405318233988177,2025-12-14 22:43:33.562988
2025-12-14,24482,UTA,PIT,30000659,Olli Määttä,assists,rf_qrf_assists,0.3.0,empirical_qrf,0.01034299918960184,0.0,0.024096385542168676,,4237405318233988177,2025-12-14 22:43:33.562988
2025-12-14,24482,UTA,PIT,30001104,Robbie Russo,assists,rf_qrf_assists,0.3.0,empirical_qrf,0.005944285419494955,0.004658495228703092,0.007347869356002968,,4237405318233988177,2025-12-14 22:43:33.562988
2025-12-14,24482,UTA,PIT,30006086,Daniil But,assists,rf_qrf_assists,0.3.0,empirical_qrf,0.0,0.0,0.0,,4237405318233988177,2025-12-14 22:43:33.562988
2025-12-14,24482,PIT,UTA,30003586,Joona Koppanen,assists,rf_qrf_assists,0.3.0,empirical_qrf,0.03831236786598649,0.0,0.07320659971305596,,4237405318233988177,2025-12-14 22:43:33.562988
2025-12-14,24482,PIT,UTA,30000557,Brett Kulak,assists,rf_qrf_assists,0.3.0,empirical_qrf,0.0,0.0,0.0,,4237405318233988177,2025-12-14 22:43:33.562988
2025-12-14,24482,PIT,UTA,30003729,Stuart Skinner,assists,rf_qrf_assists,0.3.0,empirical_qrf,0.005944285419494955,0.004658495228703092,0.007347869356002968,,4237405318233988177,2025-12-14 22:43:33.562988
2025-12-14,24482,PIT,UTA,30005896,Sergei Murashov,assists,rf_qrf_assists,0.3.0,empirical_qrf,0.005944285419494955,0.004658495228703092,0.007347869356002968,,4237405318233988177,2025-12-14 22:43:33.562988
2025-12-14,24482,PIT,UTA,30000806,Matt Dumba,assists,rf_qrf_assists,0.3.0,empirical_qrf,0.0,0.0,0.0,,4237405318233988177,2025-12-14 22:43:33.562988
2025-12-14,24482,PIT,UTA,30005635,Owen Pickering,assists,rf_qrf_assists,0.3.0,empirical_qrf,0.03831236786598649,0.0,0.07320659971305596,,4237405318233988177,2025-12-14 22:43:33.562988
2025-12-14,24482,PIT,UTA,30005966,Avery Hayes,assists,rf_qrf_assists,0.3.0,empirical_qrf,0.0020925925925925925,0.0,0.0,,4237405318233988177,2025-12-14 22:43:33.562988
2025-12-14,24482,PIT,UTA,30006137,Emil Pieniniemi,assists,rf_qrf_assists,0.3.0,empirical_qrf,0.17742527921281792,0.0,0.4218045112781956,,4237405318233988177,2025-12-14 22:43:33.562988
2025-12-14,24482,PIT,UTA,30006354,Jaxon Castor,assists,rf_qrf_assists,0.3.0,empirical_qrf,0.005944285419494955,0.004658495228703092,0.007347869356002968,,4237405318233988177,2025-12-14 22:43:33.562988
2025-12-14,24482,PIT,UTA,30006363,Finn Harding,assists,rf_qrf_assists,0.3.0,empirical_qrf,0.005944285419494955,0.004658495228703092,0.007347869356002968,,4237405318233988177,2025-12-14 22:43:33.562988
2025-12-14,24482,PIT,UTA,30006867,Benjamin Kindel,assists,rf_qrf_assists,0.3.0,empirical_qrf,0.0,0.0,0.0,,4237405318233988177,2025-12-14 22:43:33.562988
2025-12-14,24482,PIT,UTA,30005197,Taylor Gauthier,assists,rf_qrf_assists,0.3.0,empirical_qrf,0.005944285419494955,0.004658495228703092,0.007347869356002968,,4237405318233988177,2025-12-14 22:43:33.562988
2025-12-14,24482,PIT,UTA,30005267,William Dufour,assists,rf_qrf_assists,0.3.0,empirical_qrf,0.0,0.0,0.0,,4237405318233988177,2025-12-14 22:43:33.562988
2025-12-14,24482,PIT,UTA,30005330,Callahan Burke,assists,rf_qrf_assists,0.3.0,empirical_qrf,0.005944285419494955,0.004658495228703092,0.007347869356002968,,4237405318233988177,2025-12-14 22:43:33.562988
2025-12-14,24482,PIT,UTA,30005403,Jack St. Ivany,assists,rf_qrf_assists,0.3.0,empirical_qrf,0.0,0.0,0.0,,4237405318233988177,2025-12-14 22:43:33.562988
2025-12-14,24482,PIT,UTA,30005511,Aidan McDonough,assists,rf_qrf_assists,0.3.0,empirical_qrf,0.017970344163738505,0.0,0.03529411764705882,,4237405318233988177,2025-12-14 22:43:33.562988
2025-12-14,24482,PIT,UTA,30005623,Rutger McGroarty,assists,rf_qrf_assists,0.3.0,empirical_qrf,0.0,0.0,0.0,,4237405318233988177,2025-12-14 22:43:33.562988
2025-12-14,24482,PIT,UTA,30004788,Ryan Shea,assists,rf_qrf_assists,0.3.0,empirical_qrf,0.0,0.0,0.0,,4237405318233988177,2025-12-14 22:43:33.562988
2025-12-14,24482,PIT,UTA,30004825,Joel Blomqvist,assists,rf_qrf_assists,0.3.0,empirical_qrf,0.005944285419494955,0.004658495228703092,0.007347869356002968,,4237405318233988177,2025-12-14 22:43:33.562988
2025-12-14,24482,PIT,UTA,30004918,Philip Kemp,assists,rf_qrf_assists,0.3.0,empirical_qrf,0.005674177519038122,0.0,0.011594202898550725,,4237405318233988177,2025-12-14 22:43:33.562988
2025-12-14,24482,PIT,UTA,30004960,Valtteri Puustinen,assists,rf_qrf_assists,0.3.0,empirical_qrf,0.0,0.0,0.0,,4237405318233988177,2025-12-14 22:43:33.562988
2025-12-14,24482,PIT,UTA,30005027,Ville Koivunen,assists,rf_qrf_assists,0.3.0,empirical_qrf,0.377997096714202,0.0,0.8,,4237405318233988177,2025-12-14 22:43:33.562988
2025-12-14,24482,PIT,UTA,30005066,Raivis Ansons,assists,rf_qrf_assists,0.3.0,empirical_qrf,0.005944285419494955,0.004658495228703092,0.007347869356002968,,4237405318233988177,2025-12-14 22:43:33.562988
2025-12-14,24482,PIT,UTA,30003893,Connor Clifton,assists,rf_qrf_assists,0.3.0,empirical_qrf,0.0,0.0,0.0,,4237405318233988177,2025-12-14 22:43:33.562988
2025-12-14,24482,PIT,UTA,30004100,Alexander Alexeyev,assists,rf_qrf_assists,0.3.0,empirical_qrf,0.005674177519038122,0.0,0.011594202898550725,,4237405318233988177,2025-12-14 22:43:33.562988
2025-12-14,24482,PIT,UTA,30004181,Connor Dewar,assists,rf_qrf_assists,0.3.0,empirical_qrf,0.0008838383838383838,0.0,0.0,,4237405318233988177,2025-12-14 22:43:33.562988
2025-12-14,24482,PIT,UTA,30004423,Blake Lizotte,assists,rf_qrf_assists,0.3.0,empirical_qrf,0.005674177519038122,0.0,0.011594202898550725,,4237405318233988177,2025-12-14 22:43:33.562988
2025-12-14,24482,PIT,UTA,30004488,Philip Tomasino,assists,rf_qrf_assists,0.3.0,empirical_qrf,0.0015,0.0,0.0,,4237405318233988177,2025-12-14 22:43:33.562988
2025-12-14,24482,PIT,UTA,30004609,Arturs Silovs,assists,rf_qrf_assists,0.3.0,empirical_qrf,0.005944285419494955,0.004658495228703092,0.007347869356002968,,4237405318233988177,2025-12-14 22:43:33.562988
2025-12-14,24482,PIT,UTA,30002778,Tommy Novak,assists,rf_qrf_assists,0.3.0,empirical_qrf,0.0,0.0,0.0,,4237405318233988177,2025-12-14 22:43:33.562988
2025-12-14,24482,PIT,UTA,30002874,Caleb Jones,assists,rf_qrf_assists,0.3.0,empirical_qrf,0.0,0.0,0.0,,4237405318233988177,2025-12-14 22:43:33.562988
2025-12-14,24482,PIT,UTA,30003030,Bokondji Imama,assists,rf_qrf_assists,0.3.0,empirical_qrf,0.005944285419494955,0.004658495228703092,0.007347869356002968,,4237405318233988177,2025-12-14 22:43:33.562988
2025-12-14,24482,PIT,UTA,30003099,Parker Wotherspoon,assists,rf_qrf_assists,0.3.0,empirical_qrf,0.0,0.0,0.0,,4237405318233988177,2025-12-14 22:43:33.562988
2025-12-14,24482,PIT,UTA,30003391,Justin Brazeau,assists,rf_qrf_assists,0.3.0,empirical_qrf,0.0326314070260616,0.0,0.06349206349206349,,4237405318233988177,2025-12-14 22:43:33.562988
2025-12-14,24482,PIT,UTA,30003739,Sebastian Aho,assists,rf_qrf_assists,0.3.0,empirical_qrf,0.00678489044298817,0.0,0.013892111368909513,,4237405318233988177,2025-12-14 22:43:33.562988
2025-12-14,24482,PIT,UTA,30000660,Evgeni Malkin,assists,rf_qrf_assists,0.3.0,empirical_qrf,0.0025,0.0,0.0,,4237405318233988177,2025-12-14 22:43:33.562988
2025-12-14,24482,PIT,UTA,30000848,Anthony Mantha,assists,rf_qrf_assists,0.3.0,empirical_qrf,0.0,0.0,0.0,,4237405318233988177,2025-12-14 22:43:33.562988
2025-12-14,24482,PIT,UTA,30000888,Rickard Rakell,assists,rf_qrf_assists,0.3.0,empirical_qrf,0.0,0.0,0.0,,4237405318233988177,2025-12-14 22:43:33.562988
2025-12-14,24482,PIT,UTA,30001100,Bryan Rust,assists,rf_qrf_assists,0.3.0,empirical_qrf,0.0011111111111111111,0.0,0.0,,4237405318233988177,2025-12-14 22:43:33.562988
2025-12-14,24482,PIT,UTA,30001235,Noel Acciari,assists,rf_qrf_assists,0.3.0,empirical_qrf,0.005674177519038122,0.0,0.011594202898550725,,4237405318233988177,2025-12-14 22:43:33.562988
2025-12-14,24482,PIT,UTA,30002631,Danton Heinen,assists,rf_qrf_assists,0.3.0,empirical_qrf,0.0,0.0,0.0,,4237405318233988177,2025-12-14 22:43:33.562988
2025-12-14,24482,UTA,PIT,30005614,Logan Cooley,assists,rf_qrf_assists,0.3.0,empirical_qrf,0.038642094017094016,0.0,0.0,,4237405318233988177,2025-12-14 22:43:33.562988
2025-12-14,24482,PIT,UTA,30000445,Erik Karlsson,assists,rf_qrf_assists,0.3.0,empirical_qrf,0.0,0.0,0.0,,4237405318233988177,2025-12-14 22:43:33.562988
2025-12-14,24482,PIT,UTA,30000613,Ryan Graves,assists,rf_qrf_assists,0.3.0,empirical_qrf,0.0,0.0,0.0,,4237405318233988177,2025-12-14 22:43:33.562988
2025-12-14,24482,PIT,UTA,30000615,Kevin Hayes,assists,rf_qrf_assists,0.3.0,empirical_qrf,0.005258658008658008,0.0,0.0,,4237405318233988177,2025-12-14 22:43:33.562988
2025-12-14,24482,PIT,UTA,30000651,Sidney Crosby,assists,rf_qrf_assists,0.3.0,empirical_qrf,0.02903174603174603,0.0,0.0,,4237405318233988177,2025-12-14 22:43:33.562988
2025-12-14,24482,PIT,UTA,30000658,Kris Letang,assists,rf_qrf_assists,0.3.0,empirical_qrf,0.0,0.0,0.0,,4237405318233988177,2025-12-14 22:43:33.562988
2025-12-14,24482,UTA,PIT,30004585,John Marino,assists,rf_qrf_assists,0.3.0,empirical_qrf,0.0,0.0,0.0,,4237405318233988177,2025-12-14 22:43:33.562988
2025-12-14,24482,UTA,PIT,30004623,Ben McCartney,assists,rf_qrf_assists,0.3.0,empirical_qrf,0.01034299918960184,0.0,0.024096385542168676,,4237405318233988177,2025-12-14 22:43:33.562988
2025-12-14,24482,UTA,PIT,30004867,JJ Peterka,assists,rf_qrf_assists,0.3.0,empirical_qrf,0.0,0.0,0.0,,4237405318233988177,2025-12-14 22:43:33.562988
2025-12-14,24482,UTA,PIT,30004957,Karel Vejmelka,assists,rf_qrf_assists,0.3.0,empirical_qrf,0.005944285419494955,0.004658495228703092,0.007347869356002968,,4237405318233988177,2025-12-14 22:43:33.562988
2025-12-14,24482,UTA,PIT,30004996,Dylan Guenther,assists,rf_qrf_assists,0.3.0,empirical_qrf,0.0,0.0,0.0,,4237405318233988177,2025-12-14 22:43:33.562988
2025-12-14,24482,UTA,PIT,30005567,Jaxson Stauber,assists,rf_qrf_assists,0.3.0,empirical_qrf,0.005944285419494955,0.004658495228703092,0.007347869356002968,,4237405318233988177,2025-12-14 22:43:33.562988
2025-12-14,24482,UTA,PIT,30003753,Alexander Kerfoot,assists,rf_qrf_assists,0.3.0,empirical_qrf,0.0,0.0,0.0,,4237405318233988177,2025-12-14 22:43:33.562988
2025-12-14,24482,UTA,PIT,30003988,Cameron Hebig,assists,rf_qrf_assists,0.3.0,empirical_qrf,0.0,0.0,0.0,,4237405318233988177,2025-12-14 22:43:33.562988
2025-12-14,24482,UTA,PIT,30004078,Barrett Hayton,assists,rf_qrf_assists,0.3.0,empirical_qrf,0.035055555555555555,0.0,0.0,,4237405318233988177,2025-12-14 22:43:33.562988
2025-12-14,24482,UTA,PIT,30004113,Jack McBain,assists,rf_qrf_assists,0.3.0,empirical_qrf,0.0,0.0,0.0,,4237405318233988177,2025-12-14 22:43:33.562988
2025-12-14,24482,UTA,PIT,30004141,Sean Durzi,assists,rf_qrf_assists,0.3.0,empirical_qrf,0.0,0.0,0.0,,4237405318233988177,2025-12-14 22:43:33.562988
2025-12-14,24482,UTA,PIT,30004170,Scott Perunovich,assists,rf_qrf_assists,0.3.0,empirical_qrf,0.005944285419494955,0.004658495228703092,0.007347869356002968,,4237405318233988177,2025-12-14 22:43:33.562988
2025-12-14,24482,UTA,PIT,30003235,Michael Carcone,assists,rf_qrf_assists,0.3.0,empirical_qrf,0.0,0.0,0.0,,4237405318233988177,2025-12-14 22:43:33.562988
2025-12-14,24482,UTA,PIT,30003424,Kevin Rooney,assists,rf_qrf_assists,0.3.0,empirical_qrf,0.0,0.0,0.0,,4237405318233988177,2025-12-14 22:43:33.562988
2025-12-14,24482,UTA,PIT,30003572,Nick DeSimone,assists,rf_qrf_assists,0.3.0,empirical_qrf,0.0,0.0,0.0,,4237405318233988177,2025-12-14 22:43:33.562988
2025-12-14,24482,UTA,PIT,30003662,Juuso Valimaki,assists,rf_qrf_assists,0.3.0,empirical_qrf,0.005944285419494955,0.004658495228703092,0.007347869356002968,,4237405318233988177,2025-12-14 22:43:33.562988
2025-12-14,24482,UTA,PIT,30003663,Kailer Yamamoto,assists,rf_qrf_assists,0.3.0,empirical_qrf,0.0,0.0,0.0,,4237405318233988177,2025-12-14 22:43:33.562988
2025-12-14,24482,UTA,PIT,30003723,Matt Villalta,assists,rf_qrf_assists,0.3.0,empirical_qrf,0.005944285419494955,0.004658495228703092,0.007347869356002968,,4237405318233988177,2025-12-14 22:43:33.562988
2025-12-14,24482,UTA,PIT,30002583,Nick Schmaltz,assists,rf_qrf_assists,0.3.0,empirical_qrf,0.0,0.0,0.0,,4237405318233988177,2025-12-14 22:43:33.562988
2025-12-14,24482,UTA,PIT,30002600,Vitek Vanecek,assists,rf_qrf_assists,0.3.0,empirical_qrf,0.005944285419494955,0.004658495228703092,0.007347869356002968,,4237405318233988177,2025-12-14 22:43:33.562988
2025-12-14,24482,UTA,PIT,30002841,Kevin Stenlund,assists,rf_qrf_assists,0.3.0,empirical_qrf,0.0,0.0,0.0,,4237405318233988177,2025-12-14 22:43:33.562988
2025-12-14,24482,UTA,PIT,30003053,Brandon Tanev,assists,rf_qrf_assists,0.3.0,empirical_qrf,0.0,0.0,0.0,,4237405318233988177,2025-12-14 22:43:33.562988
2025-12-14,24482,UTA,PIT,30003137,Mikhail Sergachev,assists,rf_qrf_assists,0.3.0,empirical_qrf,0.0023611111111111107,0.0,0.0,,4237405318233988177,2025-12-14 22:43:33.562988
2025-12-14,24482,UTA,PIT,30003141,Clayton Keller,assists,rf_qrf_assists,0.3.0,empirical_qrf,0.0006666666666666668,0.0,0.0,,4237405318233988177,2025-12-14 22:43:33.562988
2025-12-14,24483,PHI,CAR,30000050,Sean Couturier,assists,rf_qrf_assists,0.3.0,empirical_qrf,0.00125,0.0,0.0,,4237405318233988177,2025-12-14 22:43:33.562988
2025-12-14,24483,PHI,CAR,30000234,Garrett Wilson,assists,rf_qrf_assists,0.3.0,empirical_qrf,0.00678489044298817,0.0,0.013892111368909513,,4237405318233988177,2025-12-14 22:43:33.562988
2025-12-14,24483,PHI,CAR,30000349,Travis Konecny,assists,rf_qrf_assists,0.3.0,empirical_qrf,0.00625,0.0,0.0,,4237405318233988177,2025-12-14 22:43:33.562988
2025-12-14,24483,PHI,CAR,30000501,Nicolas Deslauriers,assists,rf_qrf_assists,0.3.0,empirical_qrf,0.005674177519038122,0.0,0.011594202898550725,,4237405318233988177,2025-12-14 22:43:33.562988
2025-12-14,24483,PHI,CAR,30000624,Travis Sanheim,assists,rf_qrf_assists,0.3.0,empirical_qrf,0.0038888888888888883,0.0,0.0,,4237405318233988177,2025-12-14 22:43:33.562988
2025-12-14,24483,PHI,CAR,30000942,Christian Dvorak,assists,rf_qrf_assists,0.3.0,empirical_qrf,0.0,0.0,0.0,,4237405318233988177,2025-12-14 22:43:33.562988
2025-12-14,24483,PHI,CAR,30005396,Ty Murchison,assists,rf_qrf_assists,0.3.0,empirical_qrf,0.005944285419494955,0.004658495228703092,0.007347869356002968,,4237405318233988177,2025-12-14 22:43:33.562988
2025-12-14,24483,PHI,CAR,30005345,Roman Schmidt,assists,rf_qrf_assists,0.3.0,empirical_qrf,0.012277305671579525,0.0,0.029028132992327375,,4237405318233988177,2025-12-14 22:43:33.562988
2025-12-14,24483,CAR,PHI,30005034,Logan Stankoven,assists,rf_qrf_assists,0.3.0,empirical_qrf,0.01885726310726311,0.0,0.0,,4237405318233988177,2025-12-14 22:43:33.562988
2025-12-14,24483,CAR,PHI,30005153,Bryce Montgomery,assists,rf_qrf_assists,0.3.0,empirical_qrf,0.00678489044298817,0.0,0.013892111368909513,,4237405318233988177,2025-12-14 22:43:33.562988
2025-12-14,24483,CAR,PHI,30005155,Justin Robidas,assists,rf_qrf_assists,0.3.0,empirical_qrf,0.0011111111111111111,0.0,0.0,,4237405318233988177,2025-12-14 22:43:33.562988
2025-12-14,24483,CAR,PHI,30005405,Jackson Blake,assists,rf_qrf_assists,0.3.0,empirical_qrf,0.0013888888888888887,0.0,0.0,,4237405318233988177,2025-12-14 22:43:33.562988
2025-12-14,24483,CAR,PHI,30005573,Brandon Bussi,assists,rf_qrf_assists,0.3.0,empirical_qrf,0.005944285419494955,0.004658495228703092,0.007347869356002968,,4237405318233988177,2025-12-14 22:43:33.562988
2025-12-14,24483,CAR,PHI,30006098,Felix Unger Sorum,assists,rf_qrf_assists,0.3.0,empirical_qrf,0.0,0.0,0.0,,4237405318233988177,2025-12-14 22:43:33.562988
2025-12-14,24483,CAR,PHI,30004602,Nikita Pavlychev,assists,rf_qrf_assists,0.3.0,empirical_qrf,0.005944285419494955,0.004658495228703092,0.007347869356002968,,4237405318233988177,2025-12-14 22:43:33.562988
2025-12-14,24483,CAR,PHI,30004806,Seth Jarvis,assists,rf_qrf_assists,0.3.0,empirical_qrf,0.020305555555555556,0.0,0.0,,4237405318233988177,2025-12-14 22:43:33.562988
2025-12-14,24483,CAR,PHI,30004865,Alexander Nikishin,assists,rf_qrf_assists,0.3.0,empirical_qrf,0.0,0.0,0.0,,4237405318233988177,2025-12-14 22:43:33.562988
2025-12-14,24483,CAR,PHI,30004913,Evan Vierling,assists,rf_qrf_assists,0.3.0,empirical_qrf,0.005944285419494955,0.004658495228703092,0.007347869356002968,,4237405318233988177,2025-12-14 22:43:33.562988
2025-12-14,24483,CAR,PHI,30004953,Pyotr Kochetkov,assists,rf_qrf_assists,0.3.0,empirical_qrf,0.005823449111130831,0.0,0.013089209193611223,,4237405318233988177,2025-12-14 22:43:33.562988
2025-12-14,24483,CAR,PHI,30005026,Aleksi Heimosalmi,assists,rf_qrf_assists,0.3.0,empirical_qrf,0.00678489044298817,0.0,0.013892111368909513,,4237405318233988177,2025-12-14 22:43:33.562988
2025-12-14,24483,CAR,PHI,30003786,Sean Walker,assists,rf_qrf_assists,0.3.0,empirical_qrf,0.0,0.0,0.0,,4237405318233988177,2025-12-14 22:43:33.562988
2025-12-14,24483,CAR,PHI,30004075,Jesperi Kotkaniemi,assists,rf_qrf_assists,0.3.0,empirical_qrf,0.0004166666666666667,0.0,0.0,,4237405318233988177,2025-12-14 22:43:33.562988
2025-12-14,24483,CAR,PHI,30004076,Andrei Svechnikov,assists,rf_qrf_assists,0.3.0,empirical_qrf,0.035451203401861295,0.0,0.0,,4237405318233988177,2025-12-14 22:43:33.562988
2025-12-14,24483,CAR,PHI,30004082,K'Andre Miller,assists,rf_qrf_assists,0.3.0,empirical_qrf,0.0,0.0,0.0,,4237405318233988177,2025-12-14 22:43:33.562988
2025-12-14,24483,CAR,PHI,30004385,Cayden Primeau,assists,rf_qrf_assists,0.3.0,empirical_qrf,0.005944285419494955,0.004658495228703092,0.007347869356002968,,4237405318233988177,2025-12-14 22:43:33.562988
2025-12-14,24483,CAR,PHI,30004537,Domenick Fensore,assists,rf_qrf_assists,0.3.0,empirical_qrf,0.0,0.0,0.0,,4237405318233988177,2025-12-14 22:43:33.562988
2025-12-14,24483,CAR,PHI,30002309,Mark Jankowski,assists,rf_qrf_assists,0.3.0,empirical_qrf,0.0,0.0,0.0,,4237405318233988177,2025-12-14 22:43:33.562988
2025-12-14,24483,CAR,PHI,30002819,Sebastian Aho,assists,rf_qrf_assists,0.3.0,empirical_qrf,0.0035,0.0,0.0,,4237405318233988177,2025-12-14 22:43:33.562988
2025-12-14,24483,CAR,PHI,30002980,Eric Robinson,assists,rf_qrf_assists,0.3.0,empirical_qrf,0.0,0.0,0.0,,4237405318233988177,2025-12-14 22:43:33.562988
2025-12-14,24483,CAR,PHI,30003180,Givani Smith,assists,rf_qrf_assists,0.3.0,empirical_qrf,0.377997096714202,0.0,0.8,,4237405318233988177,2025-12-14 22:43:33.562988
2025-12-14,24483,CAR,PHI,30003359,Jalen Chatfield,assists,rf_qrf_assists,0.3.0,empirical_qrf,0.0,0.0,0.0,,4237405318233988177,2025-12-14 22:43:33.562988
2025-12-14,24483,CAR,PHI,30003550,Gavin Bayreuther,assists,rf_qrf_assists,0.3.0,empirical_qrf,0.004564901089652948,0.0,0.009852216748768473,,4237405318233988177,2025-12-14 22:43:33.562988
2025-12-14,24483,CAR,PHI,30000525,Mike Reilly,assists,rf_qrf_assists,0.3.0,empirical_qrf,0.0,0.0,0.0,,4237405318233988177,2025-12-14 22:43:33.562988
2025-12-14,24483,CAR,PHI,30000643,Jaccob Slavin,assists,rf_qrf_assists,0.3.0,empirical_qrf,0.03844508948412746,0.0,0.09090909090909091,,4237405318233988177,2025-12-14 22:43:33.562988
2025-12-14,24483,CAR,PHI,30000822,Nikolaj Ehlers,assists,rf_qrf_assists,0.3.0,empirical_qrf,0.031289682539682534,0.0,0.0,,4237405318233988177,2025-12-14 22:43:33.562988
2025-12-14,24483,CAR,PHI,30000948,Jordan Martinook,assists,rf_qrf_assists,0.3.0,empirical_qrf,0.0,0.0,0.0,,4237405318233988177,2025-12-14 22:43:33.562988
2025-12-14,24483,CAR,PHI,30001187,Taylor Hall,assists,rf_qrf_assists,0.3.0,empirical_qrf,0.004564901089652948,0.0,0.009852216748768473,,4237405318233988177,2025-12-14 22:43:33.562988
2025-12-14,24483,CAR,PHI,30001203,Frederik Andersen,assists,rf_qrf_assists,0.3.0,empirical_qrf,0.005944285419494955,0.004658495228703092,0.007347869356002968,,4237405318233988177,2025-12-14 22:43:33.562988
2025-12-14,24483,PHI,CAR,30006075,Oliver Bonk,assists,rf_qrf_assists,0.3.0,empirical_qrf,0.0,0.0,0.0,,4237405318233988177,2025-12-14 22:43:33.562988
2025-12-14,24483,PHI,CAR,30006100,Carson Bjarnason,assists,rf_qrf_assists,0.3.0,empirical_qrf,0.005944285419494955,0.004658495228703092,0.007347869356002968,,4237405318233988177,2025-12-14 22:43:33.562988
2025-12-14,24483,PHI,CAR,30006135,Denver Barkey,assists,rf_qrf_assists,0.3.0,empirical_qrf,0.004564901089652948,0.0,0.009852216748768473,,4237405318233988177,2025-12-14 22:43:33.562988
2025-12-14,24483,CAR,PHI,30000271,Shayne Gostisbehere,assists,rf_qrf_assists,0.3.0,empirical_qrf,0.0,0.0,0.0,,4237405318233988177,2025-12-14 22:43:33.562988
2025-12-14,24483,CAR,PHI,30000358,Jordan Staal,assists,rf_qrf_assists,0.3.0,empirical_qrf,0.0,0.0,0.0,,4237405318233988177,2025-12-14 22:43:33.562988
2025-12-14,24483,CAR,PHI,30000510,William Carrier,assists,rf_qrf_assists,0.3.0,empirical_qrf,0.004564901089652948,0.0,0.009852216748768473,,4237405318233988177,2025-12-14 22:43:33.562988
2025-12-14,24483,PHI,CAR,30005397,Noah Cates,assists,rf_qrf_assists,0.3.0,empirical_qrf,0.005258658008658008,0.0,0.0,,4237405318233988177,2025-12-14 22:43:33.562988
2025-12-14,24483,PHI,CAR,30005401,Aleksei Kolosov,assists,rf_qrf_assists,0.3.0,empirical_qrf,0.005944285419494955,0.004658495228703092,0.007347869356002968,,4237405318233988177,2025-12-14 22:43:33.562988
2025-12-14,24483,PHI,CAR,30005756,Tucker Robertson,assists,rf_qrf_assists,0.3.0,empirical_qrf,0.005944285419494955,0.004658495228703092,0.007347869356002968,,4237405318233988177,2025-12-14 22:43:33.562988
2025-12-14,24483,PHI,CAR,30005958,Nikita Grebenkin,assists,rf_qrf_assists,0.3.0,empirical_qrf,0.002852246437772754,0.0,0.0,,4237405318233988177,2025-12-14 22:43:33.562988
2025-12-14,24483,PHI,CAR,30006045,Yaniv Perets,assists,rf_qrf_assists,0.3.0,empirical_qrf,0.005944285419494955,0.004658495228703092,0.007347869356002968,,4237405318233988177,2025-12-14 22:43:33.562988
2025-12-14,24483,PHI,CAR,30006061,Matvei Michkov,assists,rf_qrf_assists,0.3.0,empirical_qrf,0.0,0.0,0.0,,4237405318233988177,2025-12-14 22:43:33.562988
2025-12-14,24483,PHI,CAR,30004800,Jamie Drysdale,assists,rf_qrf_assists,0.3.0,empirical_qrf,0.009709786400962872,0.0,0.0,,4237405318233988177,2025-12-14 22:43:33.562988
2025-12-14,24483,PHI,CAR,30004801,Tyson Foerster,assists,rf_qrf_assists,0.3.0,empirical_qrf,0.0,0.0,0.0,,4237405318233988177,2025-12-14 22:43:33.562988
2025-12-14,24483,PHI,CAR,30004824,Emil Andrae,assists,rf_qrf_assists,0.3.0,empirical_qrf,0.0,0.0,0.0,,4237405318233988177,2025-12-14 22:43:33.562988
2025-12-14,24483,PHI,CAR,30004839,Helge Grans,assists,rf_qrf_assists,0.3.0,empirical_qrf,0.005674177519038122,0.0,0.011594202898550725,,4237405318233988177,2025-12-14 22:43:33.562988
2025-12-14,24483,PHI,CAR,30005234,Vincent Sevigny,assists,rf_qrf_assists,0.3.0,empirical_qrf,0.005944285419494955,0.004658495228703092,0.007347869356002968,,4237405318233988177,2025-12-14 22:43:33.562988
2025-12-14,24483,PHI,CAR,30005293,Artem Guryev,assists,rf_qrf_assists,0.3.0,empirical_qrf,0.005944285419494955,0.004658495228703092,0.007347869356002968,,4237405318233988177,2025-12-14 22:43:33.562988
2025-12-14,24483,PHI,CAR,30004154,Xavier Bernard,assists,rf_qrf_assists,0.3.0,empirical_qrf,0.0004166666666666667,0.0,0.0,,4237405318233988177,2025-12-14 22:43:33.562988
2025-12-14,24483,PHI,CAR,30004205,Egor Zamula,assists,rf_qrf_assists,0.3.0,empirical_qrf,0.014329304030731582,0.0,0.03529411764705882,,4237405318233988177,2025-12-14 22:43:33.562988
2025-12-14,24483,PHI,CAR,30004406,Samuel Ersson,assists,rf_qrf_assists,0.3.0,empirical_qrf,0.005944285419494955,0.004658495228703092,0.007347869356002968,,4237405318233988177,2025-12-14 22:43:33.562988
2025-12-14,24483,PHI,CAR,30004481,Trevor Zegras,assists,rf_qrf_assists,0.3.0,empirical_qrf,0.1431385188885189,0.0,0.3333333333333333,,4237405318233988177,2025-12-14 22:43:33.562988
2025-12-14,24483,PHI,CAR,30004484,Cam York,assists,rf_qrf_assists,0.3.0,empirical_qrf,0.0,0.0,0.0,,4237405318233988177,2025-12-14 22:43:33.562988
2025-12-14,24483,PHI,CAR,30004508,Bobby Brink,assists,rf_qrf_assists,0.3.0,empirical_qrf,0.0,0.0,0.0,,4237405318233988177,2025-12-14 22:43:33.562988
2025-12-14,24483,PHI,CAR,30003171,Carl Grundstrom,assists,rf_qrf_assists,0.3.0,empirical_qrf,0.005674177519038122,0.0,0.011594202898550725,,4237405318233988177,2025-12-14 22:43:33.562988
2025-12-14,24483,PHI,CAR,30003283,Lane Pederson,assists,rf_qrf_assists,0.3.0,empirical_qrf,0.005674177519038122,0.0,0.011594202898550725,,4237405318233988177,2025-12-14 22:43:33.562988
2025-12-14,24483,PHI,CAR,30003500,Rodrigo Abols,assists,rf_qrf_assists,0.3.0,empirical_qrf,0.0,0.0,0.0,,4237405318233988177,2025-12-14 22:43:33.562988
2025-12-14,24483,PHI,CAR,30003653,Owen Tippett,assists,rf_qrf_assists,0.3.0,empirical_qrf,0.0010297619047619049,0.0,0.0,,4237405318233988177,2025-12-14 22:43:33.562988
2025-12-14,24483,PHI,CAR,30003733,Keith Petruzzelli,assists,rf_qrf_assists,0.3.0,empirical_qrf,0.005944285419494955,0.004658495228703092,0.007347869356002968,,4237405318233988177,2025-12-14 22:43:33.562988
2025-12-14,24483,PHI,CAR,30004002,Cooper Marody,assists,rf_qrf_assists,0.3.0,empirical_qrf,0.005944285419494955,0.004658495228703092,0.007347869356002968,,4237405318233988177,2025-12-14 22:43:33.562988
2025-12-14,24483,PHI,CAR,30001201,Garnet Hathaway,assists,rf_qrf_assists,0.3.0,empirical_qrf,0.00678489044298817,0.0,0.013892111368909513,,4237405318233988177,2025-12-14 22:43:33.562988
2025-12-14,24483,PHI,CAR,30001294,Rasmus Ristolainen,assists,rf_qrf_assists,0.3.0,empirical_qrf,0.005944285419494955,0.004658495228703092,0.007347869356002968,,4237405318233988177,2025-12-14 22:43:33.562988
2025-12-14,24483,PHI,CAR,30001312,Noah Juulsen,assists,rf_qrf_assists,0.3.0,empirical_qrf,0.017970344163738505,0.0,0.03529411764705882,,4237405318233988177,2025-12-14 22:43:33.562988
2025-12-14,24483,PHI,CAR,30002786,Dan Vladar,assists,rf_qrf_assists,0.3.0,empirical_qrf,0.005944285419494955,0.004658495228703092,0.007347869356002968,,4237405318233988177,2025-12-14 22:43:33.562988
2025-12-14,24483,PHI,CAR,30002979,Anthony Richard,assists,rf_qrf_assists,0.3.0,empirical_qrf,0.0,0.0,0.0,,4237405318233988177,2025-12-14 22:43:33.562988
2025-12-14,24483,PHI,CAR,30003016,Nick Seeler,assists,rf_qrf_assists,0.3.0,empirical_qrf,0.0,0.0,0.0,,4237405318233988177,2025-12-14 22:43:33.562988
2025-12-14,24484,BOS,MIN,30000245,Viktor Arvidsson,assists,rf_qrf_assists,0.3.0,empirical_qrf,0.03831236786598649,0.0,0.07320659971305596,,4237405318233988177,2025-12-14 22:43:33.562988
2025-12-14,24484,BOS,MIN,30000393,Joonas Korpisalo,assists,rf_qrf_assists,0.3.0,empirical_qrf,0.005944285419494955,0.004658495228703092,0.007347869356002968,,4237405318233988177,2025-12-14 22:43:33.562988
2025-12-14,24484,BOS,MIN,30000607,David Pastrnak,assists,rf_qrf_assists,0.3.0,empirical_qrf,0.31147354497354496,0.0,1.0,,4237405318233988177,2025-12-14 22:43:33.562988
2025-12-14,24484,BOS,MIN,30000630,Patrick Brown,assists,rf_qrf_assists,0.3.0,empirical_qrf,0.0,0.0,0.0,,4237405318233988177,2025-12-14 22:43:33.562988
2025-12-14,24484,BOS,MIN,30000636,Elias Lindholm,assists,rf_qrf_assists,0.3.0,empirical_qrf,0.0035833333333333333,0.0,0.0,,4237405318233988177,2025-12-14 22:43:33.562988
2025-12-14,24484,BOS,MIN,30000909,Nikita Zadorov,assists,rf_qrf_assists,0.3.0,empirical_qrf,0.0,0.0,0.0,,4237405318233988177,2025-12-14 22:43:33.562988
2025-12-14,24484,MIN,BOS,30005845,David Spacek,assists,rf_qrf_assists,0.3.0,empirical_qrf,0.03831236786598649,0.0,0.07320659971305596,,4237405318233988177,2025-12-14 22:43:33.562988
2025-12-14,24484,MIN,BOS,30006109,Riley Heidt,assists,rf_qrf_assists,0.3.0,empirical_qrf,0.0,0.0,0.0,,4237405318233988177,2025-12-14 22:43:33.562988
2025-12-14,24484,MIN,BOS,30006110,Rasmus Kumpulainen,assists,rf_qrf_assists,0.3.0,empirical_qrf,0.005944285419494955,0.004658495228703092,0.007347869356002968,,4237405318233988177,2025-12-14 22:43:33.562988
2025-12-14,24484,MIN,BOS,30006308,Bradley Marek,assists,rf_qrf_assists,0.3.0,empirical_qrf,0.005944285419494955,0.004658495228703092,0.007347869356002968,,4237405318233988177,2025-12-14 22:43:33.562988
2025-12-14,24484,MIN,BOS,30001192,Tyler Pitlick,assists,rf_qrf_assists,0.3.0,empirical_qrf,0.0,0.0,0.0,,4237405318233988177,2025-12-14 22:43:33.562988
2025-12-14,24484,MIN,BOS,30004080,Quinn Hughes,assists,rf_qrf_assists,0.3.0,empirical_qrf,0.10040873015873016,0.0,0.5,,4237405318233988177,2025-12-14 22:43:33.562988
2025-12-14,24484,MIN,BOS,30005274,Louka Henault,assists,rf_qrf_assists,0.3.0,empirical_qrf,0.005944285419494955,0.004658495228703092,0.007347869356002968,,4237405318233988177,2025-12-14 22:43:33.562988
2025-12-14,24484,MIN,BOS,30005361,Benjamin Brinkman,assists,rf_qrf_assists,0.3.0,empirical_qrf,0.005944285419494955,0.004658495228703092,0.007347869356002968,,4237405318233988177,2025-12-14 22:43:33.562988
2025-12-14,24484,MIN,BOS,30005612,David Jiricek,assists,rf_qrf_assists,0.3.0,empirical_qrf,0.0,0.0,0.0,,4237405318233988177,2025-12-14 22:43:33.562988
2025-12-14,24484,MIN,BOS,30005627,Danila Yurov,assists,rf_qrf_assists,0.3.0,empirical_qrf,0.0326314070260616,0.0,0.06349206349206349,,4237405318233988177,2025-12-14 22:43:33.562988
2025-12-14,24484,MIN,BOS,30005669,Hunter Haight,assists,rf_qrf_assists,0.3.0,empirical_qrf,0.005258658008658008,0.0,0.0,,4237405318233988177,2025-12-14 22:43:33.562988
2025-12-14,24484,MIN,BOS,30005698,Michael Milne,assists,rf_qrf_assists,0.3.0,empirical_qrf,0.005944285419494955,0.004658495228703092,0.007347869356002968,,4237405318233988177,2025-12-14 22:43:33.562988
2025-12-14,24484,MIN,BOS,30004970,Wyatt Newpower,assists,rf_qrf_assists,0.3.0,empirical_qrf,0.11814215345484695,0.0,0.5,,4237405318233988177,2025-12-14 22:43:33.562988
2025-12-14,24484,MIN,BOS,30005005,Oskar Olausson,assists,rf_qrf_assists,0.3.0,empirical_qrf,0.0326314070260616,0.0,0.06349206349206349,,4237405318233988177,2025-12-14 22:43:33.562988
2025-12-14,24484,MIN,BOS,30005007,Carson Lambos,assists,rf_qrf_assists,0.3.0,empirical_qrf,0.0,0.0,0.0,,4237405318233988177,2025-12-14 22:43:33.562988
2025-12-14,24484,MIN,BOS,30005008,Jesper Wallstedt,assists,rf_qrf_assists,0.3.0,empirical_qrf,0.005944285419494955,0.004658495228703092,0.007347869356002968,,4237405318233988177,2025-12-14 22:43:33.562988
2025-12-14,24484,MIN,BOS,30005094,Cameron Butler,assists,rf_qrf_assists,0.3.0,empirical_qrf,0.0,0.0,0.0,,4237405318233988177,2025-12-14 22:43:33.562988
2025-12-14,24484,MIN,BOS,30005102,Caedan Bankier,assists,rf_qrf_assists,0.3.0,empirical_qrf,0.0,0.0,0.0,,4237405318233988177,2025-12-14 22:43:33.562988
2025-12-14,24484,MIN,BOS,30004417,Nico Sturm,assists,rf_qrf_assists,0.3.0,empirical_qrf,0.00678489044298817,0.0,0.013892111368909513,,4237405318233988177,2025-12-14 22:43:33.562988
2025-12-14,24484,MIN,BOS,30004480,Matt Boldy,assists,rf_qrf_assists,0.3.0,empirical_qrf,0.07740873015873016,0.0,0.4028571428571435,,4237405318233988177,2025-12-14 22:43:33.562988
2025-12-14,24484,MIN,BOS,30004784,Kirill Kaprizov,assists,rf_qrf_assists,0.3.0,empirical_qrf,0.011234126984126984,0.0,0.0,,4237405318233988177,2025-12-14 22:43:33.562988
2025-12-14,24484,MIN,BOS,30004835,Brock Faber,assists,rf_qrf_assists,0.3.0,empirical_qrf,0.0,0.0,0.0,,4237405318233988177,2025-12-14 22:43:33.562988
2025-12-14,24484,MIN,BOS,30004847,Daemon Hunt,assists,rf_qrf_assists,0.3.0,empirical_qrf,0.014329304030731582,0.0,0.03529411764705882,,4237405318233988177,2025-12-14 22:43:33.562988
2025-12-14,24484,MIN,BOS,30004935,Matt Kiersted,assists,rf_qrf_assists,0.3.0,empirical_qrf,0.0,0.0,0.0,,4237405318233988177,2025-12-14 22:43:33.562988
2025-12-14,24484,MIN,BOS,30002719,Jacob Middleton,assists,rf_qrf_assists,0.3.0,empirical_qrf,0.03782057131321837,0.0,0.18181818181818182,,4237405318233988177,2025-12-14 22:43:33.562988
2025-12-14,24484,MIN,BOS,30002820,Joel Eriksson Ek,assists,rf_qrf_assists,0.3.0,empirical_qrf,0.0,0.0,0.0,,4237405318233988177,2025-12-14 22:43:33.562988
2025-12-14,24484,MIN,BOS,30003173,Filip Gustavsson,assists,rf_qrf_assists,0.3.0,empirical_qrf,0.005944285419494955,0.004658495228703092,0.007347869356002968,,4237405318233988177,2025-12-14 22:43:33.562988
2025-12-14,24484,MIN,BOS,30003611,Cal Petersen,assists,rf_qrf_assists,0.3.0,empirical_qrf,0.005944285419494955,0.004658495228703092,0.007347869356002968,,4237405318233988177,2025-12-14 22:43:33.562988
2025-12-14,24484,MIN,BOS,30003774,Ben Jones,assists,rf_qrf_assists,0.3.0,empirical_qrf,0.017970344163738505,0.0,0.03529411764705882,,4237405318233988177,2025-12-14 22:43:33.562988
2025-12-14,24484,MIN,BOS,30004196,Ben Gleason,assists,rf_qrf_assists,0.3.0,empirical_qrf,0.02148412698412698,0.0,0.0,,4237405318233988177,2025-12-14 22:43:33.562988
2025-12-14,24484,MIN,BOS,30000797,Vladimir Tarasenko,assists,rf_qrf_assists,0.3.0,empirical_qrf,0.0020925925925925925,0.0,0.0,,4237405318233988177,2025-12-14 22:43:33.562988
2025-12-14,24484,MIN,BOS,30001012,Ryan Hartman,assists,rf_qrf_assists,0.3.0,empirical_qrf,0.0035,0.0,0.0,,4237405318233988177,2025-12-14 22:43:33.562988
2025-12-14,24484,MIN,BOS,30001013,Vinnie Hinostroza,assists,rf_qrf_assists,0.3.0,empirical_qrf,0.0,0.0,0.0,,4237405318233988177,2025-12-14 22:43:33.562988
2025-12-14,24484,MIN,BOS,30001087,Mats Zuccarello,assists,rf_qrf_assists,0.3.0,empirical_qrf,0.0008838383838383838,0.0,0.0,,4237405318233988177,2025-12-14 22:43:33.562988
2025-12-14,24484,MIN,BOS,30001309,Marcus Johansson,assists,rf_qrf_assists,0.3.0,empirical_qrf,0.026869623399140147,0.0,0.06060606060606061,,4237405318233988177,2025-12-14 22:43:33.562988
2025-12-14,24484,MIN,BOS,30001355,Zach Bogosian,assists,rf_qrf_assists,0.3.0,empirical_qrf,0.004564901089652948,0.0,0.009852216748768473,,4237405318233988177,2025-12-14 22:43:33.562988
2025-12-14,24484,BOS,MIN,30006392,Luke Cavallin,assists,rf_qrf_assists,0.3.0,empirical_qrf,0.005944285419494955,0.004658495228703092,0.007347869356002968,,4237405318233988177,2025-12-14 22:43:33.562988
2025-12-14,24484,MIN,BOS,30000257,Yakov Trenin,assists,rf_qrf_assists,0.3.0,empirical_qrf,0.0028799798084089374,0.0,0.0,,4237405318233988177,2025-12-14 22:43:33.562988
2025-12-14,24484,MIN,BOS,30000266,Nicolas Aube-Kubel,assists,rf_qrf_assists,0.3.0,empirical_qrf,0.005674177519038122,0.0,0.011594202898550725,,4237405318233988177,2025-12-14 22:43:33.562988
2025-12-14,24484,MIN,BOS,30000499,Marcus Foligno,assists,rf_qrf_assists,0.3.0,empirical_qrf,0.002852246437772754,0.0,0.0,,4237405318233988177,2025-12-14 22:43:33.562988
2025-12-14,24484,MIN,BOS,30000517,Jared Spurgeon,assists,rf_qrf_assists,0.3.0,empirical_qrf,0.0,0.0,0.0,,4237405318233988177,2025-12-14 22:43:33.562988
2025-12-14,24484,MIN,BOS,30000524,Jonas Brodin,assists,rf_qrf_assists,0.3.0,empirical_qrf,0.01034299918960184,0.0,0.024096385542168676,,4237405318233988177,2025-12-14 22:43:33.562988
2025-12-14,24484,BOS,MIN,30005651,Matthew Poitras,assists,rf_qrf_assists,0.3.0,empirical_qrf,0.03844508948412746,0.0,0.09090909090909091,,4237405318233988177,2025-12-14 22:43:33.562988
2025-12-14,24484,BOS,MIN,30005658,Fraser Minten,assists,rf_qrf_assists,0.3.0,empirical_qrf,0.026869623399140147,0.0,0.06060606060606061,,4237405318233988177,2025-12-14 22:43:33.562988
2025-12-14,24484,BOS,MIN,30005749,Nolan Maier,assists,rf_qrf_assists,0.3.0,empirical_qrf,0.007345959595959595,0.0,0.0,,4237405318233988177,2025-12-14 22:43:33.562988
2025-12-14,24484,BOS,MIN,30005760,Joseph Abate,assists,rf_qrf_assists,0.3.0,empirical_qrf,0.004564901089652948,0.0,0.009852216748768473,,4237405318233988177,2025-12-14 22:43:33.562988
2025-12-14,24484,BOS,MIN,30005797,Frederic Brunet,assists,rf_qrf_assists,0.3.0,empirical_qrf,0.01034299918960184,0.0,0.024096385542168676,,4237405318233988177,2025-12-14 22:43:33.562988
2025-12-14,24484,BOS,MIN,30005798,Jackson Edward,assists,rf_qrf_assists,0.3.0,empirical_qrf,0.11245236639721932,0.0,0.25,,4237405318233988177,2025-12-14 22:43:33.562988
2025-12-14,24484,BOS,MIN,30004998,Fabian Lysell,assists,rf_qrf_assists,0.3.0,empirical_qrf,0.0,0.0,0.0,,4237405318233988177,2025-12-14 22:43:33.562988
2025-12-14,24484,BOS,MIN,30005130,Brett Harrison,assists,rf_qrf_assists,0.3.0,empirical_qrf,0.029892857142857138,0.0,0.0,,4237405318233988177,2025-12-14 22:43:33.562988
2025-12-14,24484,BOS,MIN,30005170,Maximus Wanner,assists,rf_qrf_assists,0.3.0,empirical_qrf,0.005944285419494955,0.004658495228703092,0.007347869356002968,,4237405318233988177,2025-12-14 22:43:33.562988
2025-12-14,24484,BOS,MIN,30005341,Shawn Element,assists,rf_qrf_assists,0.3.0,empirical_qrf,0.005944285419494955,0.004658495228703092,0.007347869356002968,,4237405318233988177,2025-12-14 22:43:33.562988
2025-12-14,24484,BOS,MIN,30005367,Michael Callahan,assists,rf_qrf_assists,0.3.0,empirical_qrf,0.0,0.0,0.0,,4237405318233988177,2025-12-14 22:43:33.562988
2025-12-14,24484,BOS,MIN,30005580,Georgi Merkulov,assists,rf_qrf_assists,0.3.0,empirical_qrf,0.0,0.0,0.0,,4237405318233988177,2025-12-14 22:43:33.562988
2025-12-14,24484,BOS,MIN,30004477,Victor Soderstrom,assists,rf_qrf_assists,0.3.0,empirical_qrf,0.0,0.0,0.0,,4237405318233988177,2025-12-14 22:43:33.562988
2025-12-14,24484,BOS,MIN,30004513,John Farinacci,assists,rf_qrf_assists,0.3.0,empirical_qrf,0.0,0.0,0.0,,4237405318233988177,2025-12-14 22:43:33.562988
2025-12-14,24484,BOS,MIN,30004640,Francois Brassard,assists,rf_qrf_assists,0.3.0,empirical_qrf,0.012277305671579525,0.0,0.029028132992327375,,4237405318233988177,2025-12-14 22:43:33.562988
2025-12-14,24484,BOS,MIN,30004851,Marat Khusnutdinov,assists,rf_qrf_assists,0.3.0,empirical_qrf,0.377997096714202,0.0,0.8,,4237405318233988177,2025-12-14 22:43:33.562988
2025-12-14,24484,BOS,MIN,30004858,Mason Lohrei,assists,rf_qrf_assists,0.3.0,empirical_qrf,0.026869623399140147,0.0,0.06060606060606061,,4237405318233988177,2025-12-14 22:43:33.562988
2025-12-14,24484,BOS,MIN,30004929,Alex Steeves,assists,rf_qrf_assists,0.3.0,empirical_qrf,0.0,0.0,0.0,,4237405318233988177,2025-12-14 22:43:33.562988
2025-12-14,24484,BOS,MIN,30003704,Morgan Geekie,assists,rf_qrf_assists,0.3.0,empirical_qrf,0.0,0.0,0.0,,4237405318233988177,2025-12-14 22:43:33.562988
2025-12-14,24484,BOS,MIN,30003890,Mikey Eyssimont,assists,rf_qrf_assists,0.3.0,empirical_qrf,0.010522607022607022,0.0,0.0,,4237405318233988177,2025-12-14 22:43:33.562988
2025-12-14,24484,BOS,MIN,30003912,Mark Kastelic,assists,rf_qrf_assists,0.3.0,empirical_qrf,0.00678489044298817,0.0,0.013892111368909513,,4237405318233988177,2025-12-14 22:43:33.562988
2025-12-14,24484,BOS,MIN,30003991,Jeremy Swayman,assists,rf_qrf_assists,0.3.0,empirical_qrf,0.005944285419494955,0.004658495228703092,0.007347869356002968,,4237405318233988177,2025-12-14 22:43:33.562988
2025-12-14,24484,BOS,MIN,30004166,Jordan Harris,assists,rf_qrf_assists,0.3.0,empirical_qrf,0.002839151045033398,0.0,0.0,,4237405318233988177,2025-12-14 22:43:33.562988
2025-12-14,24484,BOS,MIN,30004281,Jonathan Aspirot,assists,rf_qrf_assists,0.3.0,empirical_qrf,0.004564901089652948,0.0,0.009852216748768473,,4237405318233988177,2025-12-14 22:43:33.562988
2025-12-14,24484,BOS,MIN,30003185,Andrew Peeke,assists,rf_qrf_assists,0.3.0,empirical_qrf,0.004564901089652948,0.0,0.009852216748768473,,4237405318233988177,2025-12-14 22:43:33.562988
2025-12-14,24484,BOS,MIN,30003401,Jeffrey Viel,assists,rf_qrf_assists,0.3.0,empirical_qrf,0.0,0.0,0.0,,4237405318233988177,2025-12-14 22:43:33.562988
2025-12-14,24484,BOS,MIN,30003442,Tanner Jeannot,assists,rf_qrf_assists,0.3.0,empirical_qrf,0.0,0.0,0.0,,4237405318233988177,2025-12-14 22:43:33.562988
2025-12-14,24484,BOS,MIN,30003581,Shane Starrett,assists,rf_qrf_assists,0.3.0,empirical_qrf,0.0,0.0,0.0,,4237405318233988177,2025-12-14 22:43:33.562988
2025-12-14,24484,BOS,MIN,30003643,Casey Mittelstadt,assists,rf_qrf_assists,0.3.0,empirical_qrf,0.0,0.0,0.0,,4237405318233988177,2025-12-14 22:43:33.562988
2025-12-14,24484,BOS,MIN,30003657,Henri Jokiharju,assists,rf_qrf_assists,0.3.0,empirical_qrf,0.0,0.0,0.0,,4237405318233988177,2025-12-14 22:43:33.562988
2025-12-14,24484,BOS,MIN,30000995,Pavel Zacha,assists,rf_qrf_assists,0.3.0,empirical_qrf,0.0,0.0,0.0,,4237405318233988177,2025-12-14 22:43:33.562988
2025-12-14,24484,BOS,MIN,30001264,Hampus Lindholm,assists,rf_qrf_assists,0.3.0,empirical_qrf,0.03831236786598649,0.0,0.07320659971305596,,4237405318233988177,2025-12-14 22:43:33.562988
2025-12-14,24484,BOS,MIN,30002853,Sean Kuraly,assists,rf_qrf_assists,0.3.0,empirical_qrf,0.0,0.0,0.0,,4237405318233988177,2025-12-14 22:43:33.562988
2025-12-14,24484,BOS,MIN,30003020,Kasimir Kaskisuo,assists,rf_qrf_assists,0.3.0,empirical_qrf,0.0,0.0,0.0,,4237405318233988177,2025-12-14 22:43:33.562988
2025-12-14,24484,BOS,MIN,30003147,Charlie McAvoy,assists,rf_qrf_assists,0.3.0,empirical_qrf,0.0,0.0,0.0,,4237405318233988177,2025-12-14 22:43:33.562988
2025-12-14,24484,BOS,MIN,30003151,Riley Tufte,assists,rf_qrf_assists,0.3.0,empirical_qrf,0.0,0.0,0.0,,4237405318233988177,2025-12-14 22:43:33.562988
2025-12-14,24485,EDM,MON,30000180,Josh Brown,assists,rf_qrf_assists,0.3.0,empirical_qrf,0.0,0.0,0.0,,4237405318233988177,2025-12-14 22:43:33.562988
2025-12-14,24485,EDM,MON,30000250,Mattias Ekholm,assists,rf_qrf_assists,0.3.0,empirical_qrf,0.003746151996151996,0.0,0.0,,4237405318233988177,2025-12-14 22:43:33.562988
2025-12-14,24485,EDM,MON,30000440,Zach Hyman,assists,rf_qrf_assists,0.3.0,empirical_qrf,0.005944285419494955,0.004658495228703092,0.007347869356002968,,4237405318233988177,2025-12-14 22:43:33.562988
2025-12-14,24485,EDM,MON,30000443,Kasperi Kapanen,assists,rf_qrf_assists,0.3.0,empirical_qrf,0.0028799798084089374,0.0,0.0,,4237405318233988177,2025-12-14 22:43:33.562988
2025-12-14,24485,EDM,MON,30000540,Ryan Nugent-Hopkins,assists,rf_qrf_assists,0.3.0,empirical_qrf,0.0,0.0,0.0,,4237405318233988177,2025-12-14 22:43:33.562988
2025-12-14,24485,EDM,MON,30000549,Darnell Nurse,assists,rf_qrf_assists,0.3.0,empirical_qrf,0.006527777777777777,0.0,0.0,,4237405318233988177,2025-12-14 22:43:33.562988
2025-12-14,24485,MON,EDM,30006127,Jacob Fowler,assists,rf_qrf_assists,0.3.0,empirical_qrf,0.005944285419494955,0.004658495228703092,0.007347869356002968,,4237405318233988177,2025-12-14 22:43:33.562988
2025-12-14,24485,EDM,MON,30003142,Max Jones,assists,rf_qrf_assists,0.3.0,empirical_qrf,0.0,0.0,0.0,,4237405318233988177,2025-12-14 22:43:33.562988
2025-12-14,24485,EDM,MON,30000392,Tristan Jarry,assists,rf_qrf_assists,0.3.0,empirical_qrf,0.005944285419494955,0.004658495228703092,0.007347869356002968,,4237405318233988177,2025-12-14 22:43:33.562988
2025-12-14,24485,EDM,MON,30003345,Riley Stillman,assists,rf_qrf_assists,0.3.0,empirical_qrf,0.0,0.0,0.0,,4237405318233988177,2025-12-14 22:43:33.562988
2025-12-14,24485,EDM,MON,30004370,Spencer Stastney,assists,rf_qrf_assists,0.3.0,empirical_qrf,0.005674177519038122,0.0,0.011594202898550725,,4237405318233988177,2025-12-14 22:43:33.562988
2025-12-14,24485,EDM,MON,30004490,Sam Poulin,assists,rf_qrf_assists,0.3.0,empirical_qrf,0.017970344163738505,0.0,0.03529411764705882,,4237405318233988177,2025-12-14 22:43:33.562988
2025-12-14,24485,MON,EDM,30006152,Florian Xhekaj,assists,rf_qrf_assists,0.3.0,empirical_qrf,0.0,0.0,0.0,,4237405318233988177,2025-12-14 22:43:33.562988
2025-12-14,24485,MON,EDM,30006358,Israel Mianscum,assists,rf_qrf_assists,0.3.0,empirical_qrf,0.005944285419494955,0.004658495228703092,0.007347869356002968,,4237405318233988177,2025-12-14 22:43:33.562988
2025-12-14,24485,MON,EDM,30006485,Ivan Demidov,assists,rf_qrf_assists,0.3.0,empirical_qrf,0.0,0.0,0.0,,4237405318233988177,2025-12-14 22:43:33.562988
2025-12-14,24485,MON,EDM,30003901,Alex Belzile,assists,rf_qrf_assists,0.3.0,empirical_qrf,0.0,0.0,0.0,,4237405318233988177,2025-12-14 22:43:33.562988
2025-12-14,24485,MON,EDM,30002592,Kaapo Kahkonen,assists,rf_qrf_assists,0.3.0,empirical_qrf,0.005944285419494955,0.004658495228703092,0.007347869356002968,,4237405318233988177,2025-12-14 22:43:33.562988
2025-12-14,24485,MON,EDM,30005722,Adam Engstrom,assists,rf_qrf_assists,0.3.0,empirical_qrf,0.03844508948412746,0.0,0.09090909090909091,,4237405318233988177,2025-12-14 22:43:33.562988
2025-12-14,24485,MON,EDM,30005631,Juraj Slafkovsky,assists,rf_qrf_assists,0.3.0,empirical_qrf,0.0,0.0,0.0,,4237405318233988177,2025-12-14 22:43:33.562988
2025-12-14,24485,MON,EDM,30005645,Filip Mesar,assists,rf_qrf_assists,0.3.0,empirical_qrf,0.0,0.0,0.0,,4237405318233988177,2025-12-14 22:43:33.562988
2025-12-14,24485,MON,EDM,30005655,Lane Hutson,assists,rf_qrf_assists,0.3.0,empirical_qrf,0.006527777777777777,0.0,0.0,,4237405318233988177,2025-12-14 22:43:33.562988
2025-12-14,24485,MON,EDM,30005656,Owen Beck,assists,rf_qrf_assists,0.3.0,empirical_qrf,0.05079463956643356,0.0,0.13043478260869565,,4237405318233988177,2025-12-14 22:43:33.562988
2025-12-14,24485,MON,EDM,30005806,Jared Davidson,assists,rf_qrf_assists,0.3.0,empirical_qrf,0.004564901089652948,0.0,0.009852216748768473,,4237405318233988177,2025-12-14 22:43:33.562988
2025-12-14,24485,MON,EDM,30006060,David Reinbacher,assists,rf_qrf_assists,0.3.0,empirical_qrf,0.00678489044298817,0.0,0.013892111368909513,,4237405318233988177,2025-12-14 22:43:33.562988
2025-12-14,24485,MON,EDM,30005127,Joe Vrbetic,assists,rf_qrf_assists,0.3.0,empirical_qrf,0.005944285419494955,0.004658495228703092,0.007347869356002968,,4237405318233988177,2025-12-14 22:43:33.562988
2025-12-14,24485,MON,EDM,30005128,Arber Xhekaj,assists,rf_qrf_assists,0.3.0,empirical_qrf,0.0,0.0,0.0,,4237405318233988177,2025-12-14 22:43:33.562988
2025-12-14,24485,MON,EDM,30005287,Gannon Laroque,assists,rf_qrf_assists,0.3.0,empirical_qrf,0.005944285419494955,0.004658495228703092,0.007347869356002968,,4237405318233988177,2025-12-14 22:43:33.562988
2025-12-14,24485,MON,EDM,30005288,Ben Gaudreau,assists,rf_qrf_assists,0.3.0,empirical_qrf,0.005944285419494955,0.004658495228703092,0.007347869356002968,,4237405318233988177,2025-12-14 22:43:33.562988
2025-12-14,24485,MON,EDM,30005534,Jakub Dobes,assists,rf_qrf_assists,0.3.0,empirical_qrf,0.005944285419494955,0.004658495228703092,0.007347869356002968,,4237405318233988177,2025-12-14 22:43:33.562988
2025-12-14,24485,MON,EDM,30005574,Lucas Condotta,assists,rf_qrf_assists,0.3.0,empirical_qrf,0.05361010462352906,0.0,0.10209314495028782,,4237405318233988177,2025-12-14 22:43:33.562988
2025-12-14,24485,MON,EDM,30004990,Zachary Bolduc,assists,rf_qrf_assists,0.3.0,empirical_qrf,0.0,0.0,0.0,,4237405318233988177,2025-12-14 22:43:33.562988
2025-12-14,24485,MON,EDM,30005021,Oliver Kapanen,assists,rf_qrf_assists,0.3.0,empirical_qrf,0.002852246437772754,0.0,0.0,,4237405318233988177,2025-12-14 22:43:33.562988
2025-12-14,24485,MON,EDM,30005022,Riley Kidney,assists,rf_qrf_assists,0.3.0,empirical_qrf,0.15454089891589892,0.0,0.375,,4237405318233988177,2025-12-14 22:43:33.562988
2025-12-14,24485,MON,EDM,30005118,Tobie Paquette-Bisson,assists,rf_qrf_assists,0.3.0,empirical_qrf,0.0004810823375365858,0.0,0.0,,4237405318233988177,2025-12-14 22:43:33.562988
2025-12-14,24485,MON,EDM,30005121,Joshua Roy,assists,rf_qrf_assists,0.3.0,empirical_qrf,0.005674177519038122,0.0,0.011594202898550725,,4237405318233988177,2025-12-14 22:43:33.562988
2025-12-14,24485,MON,EDM,30005122,Xavier Simoneau,assists,rf_qrf_assists,0.3.0,empirical_qrf,0.005944285419494955,0.004658495228703092,0.007347869356002968,,4237405318233988177,2025-12-14 22:43:33.562988
2025-12-14,24485,MON,EDM,30004803,Kaiden Guhle,assists,rf_qrf_assists,0.3.0,empirical_qrf,0.0,0.0,0.0,,4237405318233988177,2025-12-14 22:43:33.562988
2025-12-14,24485,MON,EDM,30004866,Ryan O'Rourke,assists,rf_qrf_assists,0.3.0,empirical_qrf,0.0,0.0,0.0,,4237405318233988177,2025-12-14 22:43:33.562988
2025-12-14,24485,MON,EDM,30004876,Ty Smilanic,assists,rf_qrf_assists,0.3.0,empirical_qrf,0.005944285419494955,0.004658495228703092,0.007347869356002968,,4237405318233988177,2025-12-14 22:43:33.562988
2025-12-14,24485,MON,EDM,30004894,Sean Farrell,assists,rf_qrf_assists,0.3.0,empirical_qrf,0.0,0.0,0.0,,4237405318233988177,2025-12-14 22:43:33.562988
2025-12-14,24485,MON,EDM,30004928,Cole Caufield,assists,rf_qrf_assists,0.3.0,empirical_qrf,0.0,0.0,0.0,,4237405318233988177,2025-12-14 22:43:33.562988
2025-12-14,24485,MON,EDM,30004950,Marc Del Gaizo,assists,rf_qrf_assists,0.3.0,empirical_qrf,0.0,0.0,0.0,,4237405318233988177,2025-12-14 22:43:33.562988
2025-12-14,24485,MON,EDM,30004284,Kevin Mandolese,assists,rf_qrf_assists,0.3.0,empirical_qrf,0.005944285419494955,0.004658495228703092,0.007347869356002968,,4237405318233988177,2025-12-14 22:43:33.562988
2025-12-14,24485,MON,EDM,30004361,Josh Anderson,assists,rf_qrf_assists,0.3.0,empirical_qrf,0.0,0.0,0.0,,4237405318233988177,2025-12-14 22:43:33.562988
2025-12-14,24485,MON,EDM,30004472,Kirby Dach,assists,rf_qrf_assists,0.3.0,empirical_qrf,0.0,0.0,0.0,,4237405318233988177,2025-12-14 22:43:33.562988
2025-12-14,24485,MON,EDM,30004486,Alex Newhook,assists,rf_qrf_assists,0.3.0,empirical_qrf,0.0,0.0,0.0,,4237405318233988177,2025-12-14 22:43:33.562988
2025-12-14,24485,MON,EDM,30004520,Hunter Jones,assists,rf_qrf_assists,0.3.0,empirical_qrf,0.0,0.0,0.0,,4237405318233988177,2025-12-14 22:43:33.562988
2025-12-14,24485,MON,EDM,30004559,Jayden Struble,assists,rf_qrf_assists,0.3.0,empirical_qrf,0.017970344163738505,0.0,0.03529411764705882,,4237405318233988177,2025-12-14 22:43:33.562988
2025-12-14,24485,MON,EDM,30003687,Alexandre Texier,assists,rf_qrf_assists,0.3.0,empirical_qrf,0.00678489044298817,0.0,0.013892111368909513,,4237405318233988177,2025-12-14 22:43:33.562988
2025-12-14,24485,MON,EDM,30003958,Nate Clurman,assists,rf_qrf_assists,0.3.0,empirical_qrf,0.0326314070260616,0.0,0.06349206349206349,,4237405318233988177,2025-12-14 22:43:33.562988
2025-12-14,24485,MON,EDM,30003990,Jake Evans,assists,rf_qrf_assists,0.3.0,empirical_qrf,0.0326314070260616,0.0,0.06349206349206349,,4237405318233988177,2025-12-14 22:43:33.562988
2025-12-14,24485,MON,EDM,30004086,Noah Dobson,assists,rf_qrf_assists,0.3.0,empirical_qrf,0.0,0.0,0.0,,4237405318233988177,2025-12-14 22:43:33.562988
2025-12-14,24485,MON,EDM,30004101,Joe Veleno,assists,rf_qrf_assists,0.3.0,empirical_qrf,0.0,0.0,0.0,,4237405318233988177,2025-12-14 22:43:33.562988
2025-12-14,24485,MON,EDM,30004204,Wyatte Wylie,assists,rf_qrf_assists,0.3.0,empirical_qrf,0.13805627705627704,0.0,0.6666666666666666,,4237405318233988177,2025-12-14 22:43:33.562988
2025-12-14,24485,MON,EDM,30002601,Joshua Jacobs,assists,rf_qrf_assists,0.3.0,empirical_qrf,0.005944285419494955,0.004658495228703092,0.007347869356002968,,4237405318233988177,2025-12-14 22:43:33.562988
2025-12-14,24485,MON,EDM,30002663,Vincent Arseneau,assists,rf_qrf_assists,0.3.0,empirical_qrf,0.005944285419494955,0.004658495228703092,0.007347869356002968,,4237405318233988177,2025-12-14 22:43:33.562988
2025-12-14,24485,MON,EDM,30002781,Sam Montembeault,assists,rf_qrf_assists,0.3.0,empirical_qrf,0.005944285419494955,0.004658495228703092,0.007347869356002968,,4237405318233988177,2025-12-14 22:43:33.562988
2025-12-14,24485,MON,EDM,30002825,Alexandre Carrier,assists,rf_qrf_assists,0.3.0,empirical_qrf,0.0,0.0,0.0,,4237405318233988177,2025-12-14 22:43:33.562988
2025-12-14,24485,MON,EDM,30003131,Patrik Laine,assists,rf_qrf_assists,0.3.0,empirical_qrf,0.0028799798084089374,0.0,0.0,,4237405318233988177,2025-12-14 22:43:33.562988
2025-12-14,24485,MON,EDM,30003667,Nick Suzuki,assists,rf_qrf_assists,0.3.0,empirical_qrf,0.0,0.0,0.0,,4237405318233988177,2025-12-14 22:43:33.562988
2025-12-14,24485,EDM,MON,30006846,David Tomasek,assists,rf_qrf_assists,0.3.0,empirical_qrf,0.0,0.0,0.0,,4237405318233988177,2025-12-14 22:43:33.562988
2025-12-14,24485,MON,EDM,30000015,Brendan Gallagher,assists,rf_qrf_assists,0.3.0,empirical_qrf,0.009709786400962872,0.0,0.0,,4237405318233988177,2025-12-14 22:43:33.562988
2025-12-14,24485,MON,EDM,30000227,Mike Matheson,assists,rf_qrf_assists,0.3.0,empirical_qrf,0.0008838383838383838,0.0,0.0,,4237405318233988177,2025-12-14 22:43:33.562988
2025-12-14,24485,MON,EDM,30000555,Tyler Wotherspoon,assists,rf_qrf_assists,0.3.0,empirical_qrf,0.005944285419494955,0.004658495228703092,0.007347869356002968,,4237405318233988177,2025-12-14 22:43:33.562988
2025-12-14,24485,MON,EDM,30000670,Sammy Blais,assists,rf_qrf_assists,0.3.0,empirical_qrf,0.01034299918960184,0.0,0.024096385542168676,,4237405318233988177,2025-12-14 22:43:33.562988
2025-12-14,24485,MON,EDM,30001395,Laurent Dauphin,assists,rf_qrf_assists,0.3.0,empirical_qrf,0.012277305671579525,0.0,0.029028132992327375,,4237405318233988177,2025-12-14 22:43:33.562988
2025-12-14,24485,EDM,MON,30005731,Mats Lindgren,assists,rf_qrf_assists,0.3.0,empirical_qrf,0.005944285419494955,0.004658495228703092,0.007347869356002968,,4237405318233988177,2025-12-14 22:43:33.562988
2025-12-14,24485,EDM,MON,30005931,Brady Stonehouse,assists,rf_qrf_assists,0.3.0,empirical_qrf,0.005944285419494955,0.004658495228703092,0.007347869356002968,,4237405318233988177,2025-12-14 22:43:33.562988
2025-12-14,24485,EDM,MON,30006112,Beau Akey,assists,rf_qrf_assists,0.3.0,empirical_qrf,0.005823449111130831,0.0,0.013089209193611223,,4237405318233988177,2025-12-14 22:43:33.562988
2025-12-14,24485,EDM,MON,30006225,Nathaniel Day,assists,rf_qrf_assists,0.3.0,empirical_qrf,0.005944285419494955,0.004658495228703092,0.007347869356002968,,4237405318233988177,2025-12-14 22:43:33.562988
2025-12-14,24485,EDM,MON,30006327,Matt Brown,assists,rf_qrf_assists,0.3.0,empirical_qrf,0.005944285419494955,0.004658495228703092,0.007347869356002968,,4237405318233988177,2025-12-14 22:43:33.562988
2025-12-14,24485,EDM,MON,30006393,Connor Clattenburg,assists,rf_qrf_assists,0.3.0,empirical_qrf,0.0,0.0,0.0,,4237405318233988177,2025-12-14 22:43:33.562988
2025-12-14,24485,EDM,MON,30004625,Mason Millman,assists,rf_qrf_assists,0.3.0,empirical_qrf,0.03757474585537604,0.0,0.09090909090909091,,4237405318233988177,2025-12-14 22:43:33.562988
2025-12-14,24485,EDM,MON,30004871,Luke Prokop,assists,rf_qrf_assists,0.3.0,empirical_qrf,0.004564901089652948,0.0,0.009852216748768473,,4237405318233988177,2025-12-14 22:43:33.562988
2025-12-14,24485,EDM,MON,30005174,Matvey Petrov,assists,rf_qrf_assists,0.3.0,empirical_qrf,0.005944285419494955,0.004658495228703092,0.007347869356002968,,4237405318233988177,2025-12-14 22:43:33.562988
2025-12-14,24485,EDM,MON,30005177,James Hamblin,assists,rf_qrf_assists,0.3.0,empirical_qrf,0.0,0.0,0.0,,4237405318233988177,2025-12-14 22:43:33.562988
2025-12-14,24485,EDM,MON,30005185,Jayden Grubbe,assists,rf_qrf_assists,0.3.0,empirical_qrf,0.004564901089652948,0.0,0.009852216748768473,,4237405318233988177,2025-12-14 22:43:33.562988
2025-12-14,24485,EDM,MON,30005633,Matt Savoie,assists,rf_qrf_assists,0.3.0,empirical_qrf,0.0,0.0,0.0,,4237405318233988177,2025-12-14 22:43:33.562988
2025-12-14,24485,EDM,MON,30003211,Rem Pitlick,assists,rf_qrf_assists,0.3.0,empirical_qrf,0.005944285419494955,0.004658495228703092,0.007347869356002968,,4237405318233988177,2025-12-14 22:43:33.562988
2025-12-14,24485,EDM,MON,30003770,Matt Tomkins,assists,rf_qrf_assists,0.3.0,empirical_qrf,0.005944285419494955,0.004658495228703092,0.007347869356002968,,4237405318233988177,2025-12-14 22:43:33.562988
2025-12-14,24485,EDM,MON,30004081,Evan Bouchard,assists,rf_qrf_assists,0.3.0,empirical_qrf,0.0016666666666666668,0.0,0.0,,4237405318233988177,2025-12-14 22:43:33.562988
2025-12-14,24485,EDM,MON,30004156,Alec Regula,assists,rf_qrf_assists,0.3.0,empirical_qrf,0.004564901089652948,0.0,0.009852216748768473,,4237405318233988177,2025-12-14 22:43:33.562988
2025-12-14,24485,EDM,MON,30004165,Ty Emberson,assists,rf_qrf_assists,0.3.0,empirical_qrf,0.0,0.0,0.0,,4237405318233988177,2025-12-14 22:43:33.562988
2025-12-14,24485,EDM,MON,30004476,Vasily Podkolzin,assists,rf_qrf_assists,0.3.0,empirical_qrf,0.0015595238095238095,0.0,0.0,,4237405318233988177,2025-12-14 22:43:33.562988
2025-12-14,24485,EDM,MON,30001368,Seth Griffith,assists,rf_qrf_assists,0.3.0,empirical_qrf,0.005944285419494955,0.004658495228703092,0.007347869356002968,,4237405318233988177,2025-12-14 22:43:33.562988
2025-12-14,24485,EDM,MON,30002218,Andrew Mangiapane,assists,rf_qrf_assists,0.3.0,empirical_qrf,0.0,0.0,0.0,,4237405318233988177,2025-12-14 22:43:33.562988
2025-12-14,24485,EDM,MON,30002623,Jake Walman,assists,rf_qrf_assists,0.3.0,empirical_qrf,0.0005185185185185185,0.0,0.0,,4237405318233988177,2025-12-14 22:43:33.562988
2025-12-14,24485,EDM,MON,30002787,Connor Ingram,assists,rf_qrf_assists,0.3.0,empirical_qrf,0.005944285419494955,0.004658495228703092,0.007347869356002968,,4237405318233988177,2025-12-14 22:43:33.562988
2025-12-14,24485,EDM,MON,30002824,Jack Roslovic,assists,rf_qrf_assists,0.3.0,empirical_qrf,0.004564901089652948,0.0,0.009852216748768473,,4237405318233988177,2025-12-14 22:43:33.562988
2025-12-14,24485,EDM,MON,30003157,Trent Frederic,assists,rf_qrf_assists,0.3.0,empirical_qrf,0.0,0.0,0.0,,4237405318233988177,2025-12-14 22:43:33.562988
2025-12-14,24485,EDM,MON,30000752,Mattias Janmark,assists,rf_qrf_assists,0.3.0,empirical_qrf,0.0,0.0,0.0,,4237405318233988177,2025-12-14 22:43:33.562988
2025-12-14,24485,EDM,MON,30000965,Curtis Lazar,assists,rf_qrf_assists,0.3.0,empirical_qrf,0.0,0.0,0.0,,4237405318233988177,2025-12-14 22:43:33.562988
2025-12-14,24485,EDM,MON,30000987,Adam Henrique,assists,rf_qrf_assists,0.3.0,empirical_qrf,0.0,0.0,0.0,,4237405318233988177,2025-12-14 22:43:33.562988
2025-12-14,24485,EDM,MON,30001076,Leon Draisaitl,assists,rf_qrf_assists,0.3.0,empirical_qrf,0.0,0.0,0.0,,4237405318233988177,2025-12-14 22:43:33.562988
2025-12-14,24485,EDM,MON,30001233,Connor McDavid,assists,rf_qrf_assists,0.3.0,empirical_qrf,0.0015,0.0,0.0,,4237405318233988177,2025-12-14 22:43:33.562988
2025-12-14,24485,EDM,MON,30001304,Calvin Pickard,assists,rf_qrf_assists,0.3.0,empirical_qrf,0.005944285419494955,0.004658495228703092,0.007347869356002968,,4237405318233988177,2025-12-14 22:43:33.562988
2025-12-14,24486,BUF,SEA,30000523,Jason Zucker,assists,rf_qrf_assists,0.3.0,empirical_qrf,0.377997096714202,0.0,0.8,,4237405318233988177,2025-12-14 22:43:33.562988
2025-12-14,24486,BUF,SEA,30002577,Alex Tuch,assists,rf_qrf_assists,0.3.0,empirical_qrf,0.2924656084656085,0.0,0.6666666666666666,,4237405318233988177,2025-12-14 22:43:33.562988
2025-12-14,24486,BUF,SEA,30002762,Mason Geertsen,assists,rf_qrf_assists,0.3.0,empirical_qrf,0.005674177519038122,0.0,0.011594202898550725,,4237405318233988177,2025-12-14 22:43:33.562988
2025-12-14,24486,BUF,SEA,30002774,Jordan Greenway,assists,rf_qrf_assists,0.3.0,empirical_qrf,0.005944285419494955,0.004658495228703092,0.007347869356002968,,4237405318233988177,2025-12-14 22:43:33.562988
2025-12-14,24486,BUF,SEA,30002797,Brendan Warren,assists,rf_qrf_assists,0.3.0,empirical_qrf,0.004564901089652948,0.0,0.009852216748768473,,4237405318233988177,2025-12-14 22:43:33.562988
2025-12-14,24486,BUF,SEA,30003074,Alex Lyon,assists,rf_qrf_assists,0.3.0,empirical_qrf,0.005944285419494955,0.004658495228703092,0.007347869356002968,,4237405318233988177,2025-12-14 22:43:33.562988
2025-12-14,24486,SEA,BUF,30006119,Lukas Dragicevic,assists,rf_qrf_assists,0.3.0,empirical_qrf,0.0008333333333333334,0.0,0.0,,4237405318233988177,2025-12-14 22:43:33.562988
2025-12-14,24486,SEA,BUF,30006121,Carson Rehkopf,assists,rf_qrf_assists,0.3.0,empirical_qrf,0.0,0.0,0.0,,4237405318233988177,2025-12-14 22:43:33.562988
2025-12-14,24486,SEA,BUF,30006125,Caden Price,assists,rf_qrf_assists,0.3.0,empirical_qrf,0.004564901089652948,0.0,0.009852216748768473,,4237405318233988177,2025-12-14 22:43:33.562988
2025-12-14,24486,SEA,BUF,30006197,Andrei Loshko,assists,rf_qrf_assists,0.3.0,empirical_qrf,0.005944285419494955,0.004658495228703092,0.007347869356002968,,4237405318233988177,2025-12-14 22:43:33.562988
2025-12-14,24486,SEA,BUF,30006437,Kaden Hammell,assists,rf_qrf_assists,0.3.0,empirical_qrf,0.00678489044298817,0.0,0.013892111368909513,,4237405318233988177,2025-12-14 22:43:33.562988
2025-12-14,24486,SEA,BUF,30005680,David Goyette,assists,rf_qrf_assists,0.3.0,empirical_qrf,0.012277305671579525,0.0,0.029028132992327375,,4237405318233988177,2025-12-14 22:43:33.562988
2025-12-14,24486,SEA,BUF,30005681,Jagger Firkus,assists,rf_qrf_assists,0.3.0,empirical_qrf,0.0,0.0,0.0,,4237405318233988177,2025-12-14 22:43:33.562988
2025-12-14,24486,SEA,BUF,30005682,Jani Nyman,assists,rf_qrf_assists,0.3.0,empirical_qrf,0.10242063492063491,0.0,0.0,,4237405318233988177,2025-12-14 22:43:33.562988
2025-12-14,24486,SEA,BUF,30005683,Niklas Kokko,assists,rf_qrf_assists,0.3.0,empirical_qrf,0.005944285419494955,0.004658495228703092,0.007347869356002968,,4237405318233988177,2025-12-14 22:43:33.562988
2025-12-14,24486,SEA,BUF,30005757,Ty Nelson,assists,rf_qrf_assists,0.3.0,empirical_qrf,0.005944285419494955,0.004658495228703092,0.007347869356002968,,4237405318233988177,2025-12-14 22:43:33.562988
2025-12-14,24486,SEA,BUF,30006087,Eduard Sale,assists,rf_qrf_assists,0.3.0,empirical_qrf,0.0,0.0,0.0,,4237405318233988177,2025-12-14 22:43:33.562988
2025-12-14,24486,SEA,BUF,30005337,Ryan Winterton,assists,rf_qrf_assists,0.3.0,empirical_qrf,0.0,0.0,0.0,,4237405318233988177,2025-12-14 22:43:33.562988
2025-12-14,24486,SEA,BUF,30005447,Ville Ottavainen,assists,rf_qrf_assists,0.3.0,empirical_qrf,0.0,0.0,0.0,,4237405318233988177,2025-12-14 22:43:33.562988
2025-12-14,24486,SEA,BUF,30005503,Logan Morrison,assists,rf_qrf_assists,0.3.0,empirical_qrf,0.01747089947089947,0.0,0.0,,4237405318233988177,2025-12-14 22:43:33.562988
2025-12-14,24486,SEA,BUF,30005582,Ben Meyers,assists,rf_qrf_assists,0.3.0,empirical_qrf,0.0,0.0,0.0,,4237405318233988177,2025-12-14 22:43:33.562988
2025-12-14,24486,SEA,BUF,30005593,Peetro Seppala,assists,rf_qrf_assists,0.3.0,empirical_qrf,0.005944285419494955,0.004658495228703092,0.007347869356002968,,4237405318233988177,2025-12-14 22:43:33.562988
2025-12-14,24486,SEA,BUF,30005616,Shane Wright,assists,rf_qrf_assists,0.3.0,empirical_qrf,0.009709786400962872,0.0,0.0,,4237405318233988177,2025-12-14 22:43:33.562988
2025-12-14,24486,SEA,BUF,30004471,Kaapo Kakko,assists,rf_qrf_assists,0.3.0,empirical_qrf,0.0,0.0,0.0,,4237405318233988177,2025-12-14 22:43:33.562988
2025-12-14,24486,SEA,BUF,30005040,Matty Beniers,assists,rf_qrf_assists,0.3.0,empirical_qrf,0.0034869528619528617,0.0,0.0,,4237405318233988177,2025-12-14 22:43:33.562988
2025-12-14,24486,SEA,BUF,30005042,Ryker Evans,assists,rf_qrf_assists,0.3.0,empirical_qrf,0.017970344163738505,0.0,0.03529411764705882,,4237405318233988177,2025-12-14 22:43:33.562988
2025-12-14,24486,SEA,BUF,30005239,Jakov Novak,assists,rf_qrf_assists,0.3.0,empirical_qrf,0.005944285419494955,0.004658495228703092,0.007347869356002968,,4237405318233988177,2025-12-14 22:43:33.562988
2025-12-14,24486,SEA,BUF,30005333,Jacob Melanson,assists,rf_qrf_assists,0.3.0,empirical_qrf,0.0,0.0,0.0,,4237405318233988177,2025-12-14 22:43:33.562988
2025-12-14,24486,SEA,BUF,30005336,Tye Kartye,assists,rf_qrf_assists,0.3.0,empirical_qrf,0.0,0.0,0.0,,4237405318233988177,2025-12-14 22:43:33.562988
2025-12-14,24486,SEA,BUF,30003184,Ryan Lindgren,assists,rf_qrf_assists,0.3.0,empirical_qrf,0.0,0.0,0.0,,4237405318233988177,2025-12-14 22:43:33.562988
2025-12-14,24486,SEA,BUF,30003188,Jack LaFontaine,assists,rf_qrf_assists,0.3.0,empirical_qrf,0.07987301587301587,0.0,0.4,,4237405318233988177,2025-12-14 22:43:33.562988
2025-12-14,24486,SEA,BUF,30003214,Joshua Mahura,assists,rf_qrf_assists,0.3.0,empirical_qrf,0.05361010462352906,0.0,0.10209314495028782,,4237405318233988177,2025-12-14 22:43:33.562988
2025-12-14,24486,SEA,BUF,30003660,Eeli Tolvanen,assists,rf_qrf_assists,0.3.0,empirical_qrf,0.009222222222222222,0.0,0.0,,4237405318233988177,2025-12-14 22:43:33.562988
2025-12-14,24486,SEA,BUF,30003703,Cale Fleury,assists,rf_qrf_assists,0.3.0,empirical_qrf,0.03844508948412746,0.0,0.09090909090909091,,4237405318233988177,2025-12-14 22:43:33.562988
2025-12-14,24486,SEA,BUF,30004419,Joey Daccord,assists,rf_qrf_assists,0.3.0,empirical_qrf,0.005944285419494955,0.004658495228703092,0.007347869356002968,,4237405318233988177,2025-12-14 22:43:33.562988
2025-12-14,24486,SEA,BUF,30000812,Gustav Olofsson,assists,rf_qrf_assists,0.3.0,empirical_qrf,0.005944285419494955,0.004658495228703092,0.007347869356002968,,4237405318233988177,2025-12-14 22:43:33.562988
2025-12-14,24486,SEA,BUF,30000882,Brandon Montour,assists,rf_qrf_assists,0.3.0,empirical_qrf,0.04351984126984127,0.0,0.0,,4237405318233988177,2025-12-14 22:43:33.562988
2025-12-14,24486,SEA,BUF,30000929,Jared McCann,assists,rf_qrf_assists,0.3.0,empirical_qrf,0.0011527777777777777,0.0,0.0,,4237405318233988177,2025-12-14 22:43:33.562988
2025-12-14,24486,SEA,BUF,30002223,Mason Marchment,assists,rf_qrf_assists,0.3.0,empirical_qrf,0.3189974525818179,0.0,0.75,,4237405318233988177,2025-12-14 22:43:33.562988
2025-12-14,24486,SEA,BUF,30002529,John Hayden,assists,rf_qrf_assists,0.3.0,empirical_qrf,0.0,0.0,0.0,,4237405318233988177,2025-12-14 22:43:33.562988
2025-12-14,24486,SEA,BUF,30002711,Frederick Gaudreau,assists,rf_qrf_assists,0.3.0,empirical_qrf,0.04061827699516597,0.0,0.1,,4237405318233988177,2025-12-14 22:43:33.562988
2025-12-14,24486,SEA,BUF,30000577,Philipp Grubauer,assists,rf_qrf_assists,0.3.0,empirical_qrf,0.005944285419494955,0.004658495228703092,0.007347869356002968,,4237405318233988177,2025-12-14 22:43:33.562988
2025-12-14,24486,SEA,BUF,30000596,Chandler Stephenson,assists,rf_qrf_assists,0.3.0,empirical_qrf,0.005674177519038122,0.0,0.011594202898550725,,4237405318233988177,2025-12-14 22:43:33.562988
2025-12-14,24486,SEA,BUF,30000629,Matt Murray,assists,rf_qrf_assists,0.3.0,empirical_qrf,0.005944285419494955,0.004658495228703092,0.007347869356002968,,4237405318233988177,2025-12-14 22:43:33.562988
2025-12-14,24486,SEA,BUF,30000674,Vince Dunn,assists,rf_qrf_assists,0.3.0,empirical_qrf,0.00456547619047619,0.0,0.0,,4237405318233988177,2025-12-14 22:43:33.562988
2025-12-14,24486,SEA,BUF,30000758,Jamie Oleksiak,assists,rf_qrf_assists,0.3.0,empirical_qrf,0.03831236786598649,0.0,0.07320659971305596,,4237405318233988177,2025-12-14 22:43:33.562988
2025-12-14,24486,SEA,BUF,30000794,Jaden Schwartz,assists,rf_qrf_assists,0.3.0,empirical_qrf,0.003969696969696969,0.0,0.0,,4237405318233988177,2025-12-14 22:43:33.562988
2025-12-14,24486,BUF,SEA,30006340,Zach Metsa,assists,rf_qrf_assists,0.3.0,empirical_qrf,0.0005185185185185185,0.0,0.0,,4237405318233988177,2025-12-14 22:43:33.562988
2025-12-14,24486,BUF,SEA,30006341,Christopher Brown,assists,rf_qrf_assists,0.3.0,empirical_qrf,0.005944285419494955,0.004658495228703092,0.007347869356002968,,4237405318233988177,2025-12-14 22:43:33.562988
2025-12-14,24486,BUF,SEA,30006342,Dominick Mersch,assists,rf_qrf_assists,0.3.0,empirical_qrf,0.005944285419494955,0.004658495228703092,0.007347869356002968,,4237405318233988177,2025-12-14 22:43:33.562988
2025-12-14,24486,SEA,BUF,30000303,Adam Larsson,assists,rf_qrf_assists,0.3.0,empirical_qrf,0.0,0.0,0.0,,4237405318233988177,2025-12-14 22:43:33.562988
2025-12-14,24486,SEA,BUF,30000460,Max McCormick,assists,rf_qrf_assists,0.3.0,empirical_qrf,0.012277305671579525,0.0,0.029028132992327375,,4237405318233988177,2025-12-14 22:43:33.562988
2025-12-14,24486,SEA,BUF,30000539,Jordan Eberle,assists,rf_qrf_assists,0.3.0,empirical_qrf,0.00125,0.0,0.0,,4237405318233988177,2025-12-14 22:43:33.562988
2025-12-14,24486,BUF,SEA,30005767,Graham Slaggert,assists,rf_qrf_assists,0.3.0,empirical_qrf,0.0011111111111111111,0.0,0.0,,4237405318233988177,2025-12-14 22:43:33.562988
2025-12-14,24486,BUF,SEA,30005793,Riley Fiddler-Schultz,assists,rf_qrf_assists,0.3.0,empirical_qrf,0.03757474585537604,0.0,0.09090909090909091,,4237405318233988177,2025-12-14 22:43:33.562988
2025-12-14,24486,BUF,SEA,30006028,Jagger Joshua,assists,rf_qrf_assists,0.3.0,empirical_qrf,0.03844508948412746,0.0,0.09090909090909091,,4237405318233988177,2025-12-14 22:43:33.562988
2025-12-14,24486,BUF,SEA,30006039,Aidan Fulp,assists,rf_qrf_assists,0.3.0,empirical_qrf,0.005944285419494955,0.004658495228703092,0.007347869356002968,,4237405318233988177,2025-12-14 22:43:33.562988
2025-12-14,24486,BUF,SEA,30006070,Zach Benson,assists,rf_qrf_assists,0.3.0,empirical_qrf,0.0,0.0,0.0,,4237405318233988177,2025-12-14 22:43:33.562988
2025-12-14,24486,BUF,SEA,30006092,Anton Wahlberg,assists,rf_qrf_assists,0.3.0,empirical_qrf,0.03831236786598649,0.0,0.07320659971305596,,4237405318233988177,2025-12-14 22:43:33.562988
2025-12-14,24486,BUF,SEA,30005445,Nikita Novikov,assists,rf_qrf_assists,0.3.0,empirical_qrf,0.0556557239057239,0.0,0.25,,4237405318233988177,2025-12-14 22:43:33.562988
2025-12-14,24486,BUF,SEA,30005634,Noah Ostlund,assists,rf_qrf_assists,0.3.0,empirical_qrf,0.0,0.0,0.0,,4237405318233988177,2025-12-14 22:43:33.562988
2025-12-14,24486,BUF,SEA,30005644,Jiri Kulich,assists,rf_qrf_assists,0.3.0,empirical_qrf,0.032777777777777774,0.0,0.0,,4237405318233988177,2025-12-14 22:43:33.562988
2025-12-14,24486,BUF,SEA,30005685,Viktor Neuchev,assists,rf_qrf_assists,0.3.0,empirical_qrf,0.00860515873015873,0.0,0.0,,4237405318233988177,2025-12-14 22:43:33.562988
2025-12-14,24486,BUF,SEA,30005730,Vsevolod Komarov,assists,rf_qrf_assists,0.3.0,empirical_qrf,0.0,0.0,0.0,,4237405318233988177,2025-12-14 22:43:33.562988
2025-12-14,24486,BUF,SEA,30005764,Noah Laaouan,assists,rf_qrf_assists,0.3.0,empirical_qrf,0.044954949563953586,0.0,0.08516717325227964,,4237405318233988177,2025-12-14 22:43:33.562988
2025-12-14,24486,BUF,SEA,30004982,Isak Rosen,assists,rf_qrf_assists,0.3.0,empirical_qrf,0.026869623399140147,0.0,0.06060606060606061,,4237405318233988177,2025-12-14 22:43:33.562988
2025-12-14,24486,BUF,SEA,30005017,Josh Doan,assists,rf_qrf_assists,0.3.0,empirical_qrf,0.17531240056240055,0.0,0.4,,4237405318233988177,2025-12-14 22:43:33.562988
2025-12-14,24486,BUF,SEA,30005067,Isaac Belliveau,assists,rf_qrf_assists,0.3.0,empirical_qrf,0.005944285419494955,0.004658495228703092,0.007347869356002968,,4237405318233988177,2025-12-14 22:43:33.562988
2025-12-14,24486,BUF,SEA,30005147,Tyson Kozak,assists,rf_qrf_assists,0.3.0,empirical_qrf,0.0,0.0,0.0,,4237405318233988177,2025-12-14 22:43:33.562988
2025-12-14,24486,BUF,SEA,30005151,Olivier Nadeau,assists,rf_qrf_assists,0.3.0,empirical_qrf,0.0004958553791887126,0.0,0.0,,4237405318233988177,2025-12-14 22:43:33.562988
2025-12-14,24486,BUF,SEA,30005441,Ryan Johnson,assists,rf_qrf_assists,0.3.0,empirical_qrf,0.03831236786598649,0.0,0.07320659971305596,,4237405318233988177,2025-12-14 22:43:33.562988
2025-12-14,24486,BUF,SEA,30004854,Trevor Kuntar,assists,rf_qrf_assists,0.3.0,empirical_qrf,0.0,0.0,0.0,,4237405318233988177,2025-12-14 22:43:33.562988
2025-12-14,24486,BUF,SEA,30004923,Josh Dunne,assists,rf_qrf_assists,0.3.0,empirical_qrf,0.004564901089652948,0.0,0.009852216748768473,,4237405318233988177,2025-12-14 22:43:33.562988
2025-12-14,24486,BUF,SEA,30004948,Carson Meyer,assists,rf_qrf_assists,0.3.0,empirical_qrf,0.004564901089652948,0.0,0.009852216748768473,,4237405318233988177,2025-12-14 22:43:33.562988
2025-12-14,24486,BUF,SEA,30004956,Justin Danforth,assists,rf_qrf_assists,0.3.0,empirical_qrf,0.0,0.0,0.0,,4237405318233988177,2025-12-14 22:43:33.562988
2025-12-14,24486,BUF,SEA,30004980,Owen Power,assists,rf_qrf_assists,0.3.0,empirical_qrf,0.0,0.0,0.0,,4237405318233988177,2025-12-14 22:43:33.562988
2025-12-14,24486,BUF,SEA,30004981,Devon Levi,assists,rf_qrf_assists,0.3.0,empirical_qrf,0.005944285419494955,0.004658495228703092,0.007347869356002968,,4237405318233988177,2025-12-14 22:43:33.562988
2025-12-14,24486,BUF,SEA,30004474,Bowen Byram,assists,rf_qrf_assists,0.3.0,empirical_qrf,0.0008838383838383838,0.0,0.0,,4237405318233988177,2025-12-14 22:43:33.562988
2025-12-14,24486,BUF,SEA,30004502,Peyton Krebs,assists,rf_qrf_assists,0.3.0,empirical_qrf,0.0038849206349206343,0.0,0.0,,4237405318233988177,2025-12-14 22:43:33.562988
2025-12-14,24486,BUF,SEA,30004554,Zac Jones,assists,rf_qrf_assists,0.3.0,empirical_qrf,0.03844508948412746,0.0,0.09090909090909091,,4237405318233988177,2025-12-14 22:43:33.562988
2025-12-14,24486,BUF,SEA,30004577,Colten Ellis,assists,rf_qrf_assists,0.3.0,empirical_qrf,0.005944285419494955,0.004658495228703092,0.007347869356002968,,4237405318233988177,2025-12-14 22:43:33.562988
2025-12-14,24486,BUF,SEA,30004670,Peter Tischke,assists,rf_qrf_assists,0.3.0,empirical_qrf,0.005944285419494955,0.004658495228703092,0.007347869356002968,,4237405318233988177,2025-12-14 22:43:33.562988
2025-12-14,24486,BUF,SEA,30004815,Jack Quinn,assists,rf_qrf_assists,0.3.0,empirical_qrf,0.0015,0.0,0.0,,4237405318233988177,2025-12-14 22:43:33.562988
2025-12-14,24486,BUF,SEA,30003750,Rasmus Dahlin,assists,rf_qrf_assists,0.3.0,empirical_qrf,0.0031388888888888894,0.0,0.0,,4237405318233988177,2025-12-14 22:43:33.562988
2025-12-14,24486,BUF,SEA,30004105,Mattias Samuelsson,assists,rf_qrf_assists,0.3.0,empirical_qrf,0.0,0.0,0.0,,4237405318233988177,2025-12-14 22:43:33.562988
2025-12-14,24486,BUF,SEA,30004117,Ryan McLeod,assists,rf_qrf_assists,0.3.0,empirical_qrf,0.002753968253968254,0.0,0.0,,4237405318233988177,2025-12-14 22:43:33.562988
2025-12-14,24486,BUF,SEA,30004373,Michael Kesselring,assists,rf_qrf_assists,0.3.0,empirical_qrf,0.022272727272727274,0.0,0.0,,4237405318233988177,2025-12-14 22:43:33.562988
2025-12-14,24486,BUF,SEA,30004380,Jack Rathbone,assists,rf_qrf_assists,0.3.0,empirical_qrf,0.0,0.0,0.0,,4237405318233988177,2025-12-14 22:43:33.562988
2025-12-14,24486,BUF,SEA,30004431,Jacob Bryson,assists,rf_qrf_assists,0.3.0,empirical_qrf,0.03831236786598649,0.0,0.07320659971305596,,4237405318233988177,2025-12-14 22:43:33.562988
2025-12-14,24486,BUF,SEA,30003158,Tage Thompson,assists,rf_qrf_assists,0.3.0,empirical_qrf,0.0010833333333333333,0.0,0.0,,4237405318233988177,2025-12-14 22:43:33.562988
2025-12-14,24486,BUF,SEA,30003221,Beck Malenstyn,assists,rf_qrf_assists,0.3.0,empirical_qrf,0.05079463956643356,0.0,0.13043478260869565,,4237405318233988177,2025-12-14 22:43:33.562988
2025-12-14,24486,BUF,SEA,30003665,Josh Norris,assists,rf_qrf_assists,0.3.0,empirical_qrf,0.11641666666666665,0.0,0.0,,4237405318233988177,2025-12-14 22:43:33.562988
2025-12-14,24486,BUF,SEA,30003670,Conor Timmins,assists,rf_qrf_assists,0.3.0,empirical_qrf,0.03844508948412746,0.0,0.09090909090909091,,4237405318233988177,2025-12-14 22:43:33.562988
2025-12-14,24486,BUF,SEA,30003673,Ukko-Pekka Luukkonen,assists,rf_qrf_assists,0.3.0,empirical_qrf,0.005944285419494955,0.004658495228703092,0.007347869356002968,,4237405318233988177,2025-12-14 22:43:33.562988
2025-12-14,24486,BUF,SEA,30003699,Jake Leschyshyn,assists,rf_qrf_assists,0.3.0,empirical_qrf,0.00678489044298817,0.0,0.013892111368909513,,4237405318233988177,2025-12-14 22:43:33.562988
2025-12-14,24481,VAN,NJ,30000958,Derek Forbort,shots_on_goal,rf_qrf_shots_on_goal,0.3.0,empirical_qrf,0.04405492583804447,0.0,0.10526315789473684,,4237405318233988177,2025-12-14 22:43:48.224389
2025-12-14,24481,VAN,NJ,30000976,Evander Kane,shots_on_goal,rf_qrf_shots_on_goal,0.3.0,empirical_qrf,0.15033126862359647,0.0,0.3076923076923077,,4237405318233988177,2025-12-14 22:43:48.224389
2025-12-14,24481,VAN,NJ,30001238,Jake DeBrusk,shots_on_goal,rf_qrf_shots_on_goal,0.3.0,empirical_qrf,0.003578222703222703,0.0,0.0,,4237405318233988177,2025-12-14 22:43:48.224389
2025-12-14,24481,VAN,NJ,30001299,Tyler Myers,shots_on_goal,rf_qrf_shots_on_goal,0.3.0,empirical_qrf,0.09916298666392445,0.0,0.24,,4237405318233988177,2025-12-14 22:43:48.224389
2025-12-14,24481,VAN,NJ,30001949,Guillaume Brisebois,shots_on_goal,rf_qrf_shots_on_goal,0.3.0,empirical_qrf,0.015208173316006672,0.006006006006006006,0.025320021394187913,,4237405318233988177,2025-12-14 22:43:48.224389
2025-12-14,24481,VAN,NJ,30002479,Teddy Blueger,shots_on_goal,rf_qrf_shots_on_goal,0.3.0,empirical_qrf,0.0,0.0,0.0,,4237405318233988177,2025-12-14 22:43:48.224389
2025-12-14,24481,NJ,VAN,30004112,Calen Addison,shots_on_goal,rf_qrf_shots_on_goal,0.3.0,empirical_qrf,0.07332981979806247,0.0,0.14634146341463414,,4237405318233988177,2025-12-14 22:43:48.224389
2025-12-14,24481,VAN,NJ,30004817,Lukas Reichel,shots_on_goal,rf_qrf_shots_on_goal,0.3.0,empirical_qrf,0.03222630260678034,0.0,0.07894736842105263,,4237405318233988177,2025-12-14 22:43:48.224389
2025-12-14,24481,NJ,VAN,30004387,Angus Crookshank,shots_on_goal,rf_qrf_shots_on_goal,0.3.0,empirical_qrf,0.04405492583804447,0.0,0.10526315789473684,,4237405318233988177,2025-12-14 22:43:48.224389
2025-12-14,24481,VAN,NJ,30004140,Jett Woo,shots_on_goal,rf_qrf_shots_on_goal,0.3.0,empirical_qrf,0.0829455653194625,0.04384049643760055,0.12610452349582785,,4237405318233988177,2025-12-14 22:43:48.224389
2025-12-14,24481,NJ,VAN,30005864,Xavier Parent,shots_on_goal,rf_qrf_shots_on_goal,0.3.0,empirical_qrf,0.004407859659995136,0.0,0.009950248756218905,,4237405318233988177,2025-12-14 22:43:48.224389
2025-12-14,24481,VAN,NJ,30004818,Marco Rossi,shots_on_goal,rf_qrf_shots_on_goal,0.3.0,empirical_qrf,0.022954425204425203,0.0,0.0,,4237405318233988177,2025-12-14 22:43:48.224389
2025-12-14,24481,VAN,NJ,30005642,Liam Ohgren,shots_on_goal,rf_qrf_shots_on_goal,0.3.0,empirical_qrf,0.02977043036905473,0.0,0.06896551724137931,,4237405318233988177,2025-12-14 22:43:48.224389
2025-12-14,24481,VAN,NJ,30006486,Zeev Buium,shots_on_goal,rf_qrf_shots_on_goal,0.3.0,empirical_qrf,0.178487228558049,0.0,0.42857142857142855,,4237405318233988177,2025-12-14 22:43:48.224389
2025-12-14,24481,NJ,VAN,30005466,Arseniy Gritsyuk,shots_on_goal,rf_qrf_shots_on_goal,0.3.0,empirical_qrf,0.16282582695082695,0.0,0.4,,4237405318233988177,2025-12-14 22:43:48.224389
2025-12-14,24481,NJ,VAN,30005561,Marc McLaughlin,shots_on_goal,rf_qrf_shots_on_goal,0.3.0,empirical_qrf,0.015572012980553081,0.012434318289762946,0.01854496201665598,,4237405318233988177,2025-12-14 22:43:48.224389
2025-12-14,24481,NJ,VAN,30005569,Brian Halonen,shots_on_goal,rf_qrf_shots_on_goal,0.3.0,empirical_qrf,0.42234887171651875,0.0,0.75,,4237405318233988177,2025-12-14 22:43:48.224389
2025-12-14,24481,NJ,VAN,30005613,Simon Nemec,shots_on_goal,rf_qrf_shots_on_goal,0.3.0,empirical_qrf,0.0,0.0,0.0,,4237405318233988177,2025-12-14 22:43:48.224389
2025-12-14,24481,NJ,VAN,30006223,Jeremy Hanzel,shots_on_goal,rf_qrf_shots_on_goal,0.3.0,empirical_qrf,0.015572012980553081,0.012434318289762946,0.01854496201665598,,4237405318233988177,2025-12-14 22:43:48.224389
2025-12-14,24481,NJ,VAN,30006356,Matyas Melovsky,shots_on_goal,rf_qrf_shots_on_goal,0.3.0,empirical_qrf,0.015208173316006672,0.006006006006006006,0.025320021394187913,,4237405318233988177,2025-12-14 22:43:48.224389
2025-12-14,24481,NJ,VAN,30004549,Nathan Legare,shots_on_goal,rf_qrf_shots_on_goal,0.3.0,empirical_qrf,0.0,0.0,0.0,,4237405318233988177,2025-12-14 22:43:48.224389
2025-12-14,24481,NJ,VAN,30004810,Dawson Mercer,shots_on_goal,rf_qrf_shots_on_goal,0.3.0,empirical_qrf,0.5829126984126983,0.0,1.3333333333333333,,4237405318233988177,2025-12-14 22:43:48.224389
2025-12-14,24481,NJ,VAN,30004827,Thomas Bordeleau,shots_on_goal,rf_qrf_shots_on_goal,0.3.0,empirical_qrf,0.004407859659995136,0.0,0.009950248756218905,,4237405318233988177,2025-12-14 22:43:48.224389
2025-12-14,24481,NJ,VAN,30004833,Nico Daws,shots_on_goal,rf_qrf_shots_on_goal,0.3.0,empirical_qrf,0.015572012980553081,0.012434318289762946,0.01854496201665598,,4237405318233988177,2025-12-14 22:43:48.224389
2025-12-14,24481,NJ,VAN,30004986,Luke Hughes,shots_on_goal,rf_qrf_shots_on_goal,0.3.0,empirical_qrf,0.015208173316006672,0.006006006006006006,0.025320021394187913,,4237405318233988177,2025-12-14 22:43:48.224389
2025-12-14,24481,NJ,VAN,30005278,Mikael Diotte,shots_on_goal,rf_qrf_shots_on_goal,0.3.0,empirical_qrf,0.056287485191731886,0.020202020202020204,0.10121531758770926,,4237405318233988177,2025-12-14 22:43:48.224389
2025-12-14,24481,NJ,VAN,30003639,Nico Hischier,shots_on_goal,rf_qrf_shots_on_goal,0.3.0,empirical_qrf,0.01122222222222222,0.0,0.0,,4237405318233988177,2025-12-14 22:43:48.224389
2025-12-14,24481,NJ,VAN,30003642,Cody Glass,shots_on_goal,rf_qrf_shots_on_goal,0.3.0,empirical_qrf,0.19196952534254957,0.0,0.45454545454545453,,4237405318233988177,2025-12-14 22:43:48.224389
2025-12-14,24481,NJ,VAN,30003726,Johnathan Kovacevic,shots_on_goal,rf_qrf_shots_on_goal,0.3.0,empirical_qrf,0.015208173316006672,0.006006006006006006,0.025320021394187913,,4237405318233988177,2025-12-14 22:43:48.224389
2025-12-14,24481,NJ,VAN,30003983,Austin Strand,shots_on_goal,rf_qrf_shots_on_goal,0.3.0,empirical_qrf,0.07332981979806247,0.0,0.14634146341463414,,4237405318233988177,2025-12-14 22:43:48.224389
2025-12-14,24481,NJ,VAN,30004384,Paul Cotter,shots_on_goal,rf_qrf_shots_on_goal,0.3.0,empirical_qrf,0.2732173382173382,0.0,1.0,,4237405318233988177,2025-12-14 22:43:48.224389
2025-12-14,24481,NJ,VAN,30004470,Jack Hughes,shots_on_goal,rf_qrf_shots_on_goal,0.3.0,empirical_qrf,0.014087301587301588,0.0,0.0,,4237405318233988177,2025-12-14 22:43:48.224389
2025-12-14,24481,NJ,VAN,30001786,Evgenii Dadonov,shots_on_goal,rf_qrf_shots_on_goal,0.3.0,empirical_qrf,0.038066065703403866,0.0,0.08695652173913043,,4237405318233988177,2025-12-14 22:43:48.224389
2025-12-14,24481,NJ,VAN,30002609,Juho Lammikko,shots_on_goal,rf_qrf_shots_on_goal,0.3.0,empirical_qrf,0.05658032230075988,0.0,0.13636363636363635,,4237405318233988177,2025-12-14 22:43:48.224389
2025-12-14,24481,NJ,VAN,30003154,Dennis Cholowski,shots_on_goal,rf_qrf_shots_on_goal,0.3.0,empirical_qrf,0.0,0.0,0.0,,4237405318233988177,2025-12-14 22:43:48.224389
2025-12-14,24481,NJ,VAN,30003404,Zack MacEwen,shots_on_goal,rf_qrf_shots_on_goal,0.3.0,empirical_qrf,0.0829455653194625,0.04384049643760055,0.12610452349582785,,4237405318233988177,2025-12-14 22:43:48.224389
2025-12-14,24481,NJ,VAN,30003568,Joseph Gambardella,shots_on_goal,rf_qrf_shots_on_goal,0.3.0,empirical_qrf,0.015572012980553081,0.012434318289762946,0.01854496201665598,,4237405318233988177,2025-12-14 22:43:48.224389
2025-12-14,24481,NJ,VAN,30003612,Jesper Bratt,shots_on_goal,rf_qrf_shots_on_goal,0.3.0,empirical_qrf,0.051944444444444446,0.0,0.0,,4237405318233988177,2025-12-14 22:43:48.224389
2025-12-14,24481,NJ,VAN,30000844,Luke Glendening,shots_on_goal,rf_qrf_shots_on_goal,0.3.0,empirical_qrf,0.05748754616642651,0.0,0.13333333333333333,,4237405318233988177,2025-12-14 22:43:48.224389
2025-12-14,24481,NJ,VAN,30000886,Stefan Noesen,shots_on_goal,rf_qrf_shots_on_goal,0.3.0,empirical_qrf,0.050326579760635856,0.0,0.12,,4237405318233988177,2025-12-14 22:43:48.224389
2025-12-14,24481,NJ,VAN,30001052,Ondrej Palat,shots_on_goal,rf_qrf_shots_on_goal,0.3.0,empirical_qrf,0.0008531746031746031,0.0,0.0,,4237405318233988177,2025-12-14 22:43:48.224389
2025-12-14,24481,NJ,VAN,30001108,Jonas Siegenthaler,shots_on_goal,rf_qrf_shots_on_goal,0.3.0,empirical_qrf,0.06462975447180386,0.0,0.1509433962264151,,4237405318233988177,2025-12-14 22:43:48.224389
2025-12-14,24481,NJ,VAN,30001225,Brenden Dillon,shots_on_goal,rf_qrf_shots_on_goal,0.3.0,empirical_qrf,0.04188613520389373,0.0,0.08536585365853659,,4237405318233988177,2025-12-14 22:43:48.224389
2025-12-14,24481,NJ,VAN,30001226,Timo Meier,shots_on_goal,rf_qrf_shots_on_goal,0.3.0,empirical_qrf,0.0038888888888888883,0.0,0.0,,4237405318233988177,2025-12-14 22:43:48.224389
2025-12-14,24481,NJ,VAN,30000070,Dougie Hamilton,shots_on_goal,rf_qrf_shots_on_goal,0.3.0,empirical_qrf,0.18105291005291005,0.0,0.8,,4237405318233988177,2025-12-14 22:43:48.224389
2025-12-14,24481,NJ,VAN,30000210,Colton White,shots_on_goal,rf_qrf_shots_on_goal,0.3.0,empirical_qrf,0.015208173316006672,0.006006006006006006,0.025320021394187913,,4237405318233988177,2025-12-14 22:43:48.224389
2025-12-14,24481,NJ,VAN,30000368,Brett Pesce,shots_on_goal,rf_qrf_shots_on_goal,0.3.0,empirical_qrf,0.26351224238724236,0.0,0.5,,4237405318233988177,2025-12-14 22:43:48.224389
2025-12-14,24481,NJ,VAN,30000491,Connor Brown,shots_on_goal,rf_qrf_shots_on_goal,0.3.0,empirical_qrf,0.05748754616642651,0.0,0.13333333333333333,,4237405318233988177,2025-12-14 22:43:48.224389
2025-12-14,24481,NJ,VAN,30000573,Jacob Markstrom,shots_on_goal,rf_qrf_shots_on_goal,0.3.0,empirical_qrf,0.015572012980553081,0.012434318289762946,0.01854496201665598,,4237405318233988177,2025-12-14 22:43:48.224389
2025-12-14,24481,NJ,VAN,30000665,Jake Allen,shots_on_goal,rf_qrf_shots_on_goal,0.3.0,empirical_qrf,0.015572012980553081,0.012434318289762946,0.01854496201665598,,4237405318233988177,2025-12-14 22:43:48.224389
2025-12-14,24481,VAN,NJ,30005837,Ty Young,shots_on_goal,rf_qrf_shots_on_goal,0.3.0,empirical_qrf,0.015572012980553081,0.012434318289762946,0.01854496201665598,,4237405318233988177,2025-12-14 22:43:48.224389
2025-12-14,24481,VAN,NJ,30006031,Max Sasson,shots_on_goal,rf_qrf_shots_on_goal,0.3.0,empirical_qrf,0.0,0.0,0.0,,4237405318233988177,2025-12-14 22:43:48.224389
2025-12-14,24481,VAN,NJ,30006037,Nikita Tolopilo,shots_on_goal,rf_qrf_shots_on_goal,0.3.0,empirical_qrf,0.015572012980553081,0.012434318289762946,0.01854496201665598,,4237405318233988177,2025-12-14 22:43:48.224389
2025-12-14,24481,VAN,NJ,30006067,Tom Willander,shots_on_goal,rf_qrf_shots_on_goal,0.3.0,empirical_qrf,0.003818209541335691,0.0,0.0,,4237405318233988177,2025-12-14 22:43:48.224389
2025-12-14,24481,VAN,NJ,30006320,Joe Arntsen,shots_on_goal,rf_qrf_shots_on_goal,0.3.0,empirical_qrf,0.015572012980553081,0.012434318289762946,0.01854496201665598,,4237405318233988177,2025-12-14 22:43:48.224389
2025-12-14,24481,VAN,NJ,30006441,Elias Nils Pettersson,shots_on_goal,rf_qrf_shots_on_goal,0.3.0,empirical_qrf,0.19196952534254957,0.0,0.45454545454545453,,4237405318233988177,2025-12-14 22:43:48.224389
2025-12-14,24481,VAN,NJ,30005171,Dino Kambeitz,shots_on_goal,rf_qrf_shots_on_goal,0.3.0,empirical_qrf,0.015572012980553081,0.012434318289762946,0.01854496201665598,,4237405318233988177,2025-12-14 22:43:48.224389
2025-12-14,24481,VAN,NJ,30005456,Nils Aman,shots_on_goal,rf_qrf_shots_on_goal,0.3.0,empirical_qrf,0.07938440591882408,0.0,0.16129032258064516,,4237405318233988177,2025-12-14 22:43:48.224389
2025-12-14,24481,VAN,NJ,30005566,Arshdeep Bains,shots_on_goal,rf_qrf_shots_on_goal,0.3.0,empirical_qrf,0.016645382395382397,0.0,0.0,,4237405318233988177,2025-12-14 22:43:48.224389
2025-12-14,24481,VAN,NJ,30005619,Jonathan Lekkerimaki,shots_on_goal,rf_qrf_shots_on_goal,0.3.0,empirical_qrf,0.4543002645502645,0.0,1.5,,4237405318233988177,2025-12-14 22:43:48.224389
2025-12-14,24481,VAN,NJ,30005747,Jonathan Lemieux,shots_on_goal,rf_qrf_shots_on_goal,0.3.0,empirical_qrf,0.015572012980553081,0.012434318289762946,0.01854496201665598,,4237405318233988177,2025-12-14 22:43:48.224389
2025-12-14,24481,VAN,NJ,30005831,Kirill Kudryavtsev,shots_on_goal,rf_qrf_shots_on_goal,0.3.0,empirical_qrf,0.2464009584040544,0.0,0.46153846153846156,,4237405318233988177,2025-12-14 22:43:48.224389
2025-12-14,24481,VAN,NJ,30004581,Nikolai Knyzhov,shots_on_goal,rf_qrf_shots_on_goal,0.3.0,empirical_qrf,0.007048040065504088,0.0,0.014285714285714285,,4237405318233988177,2025-12-14 22:43:48.224389
2025-12-14,24481,VAN,NJ,30004741,Drew O'Connor,shots_on_goal,rf_qrf_shots_on_goal,0.3.0,empirical_qrf,0.0010091250670960816,0.0,0.0,,4237405318233988177,2025-12-14 22:43:48.224389
2025-12-14,24481,VAN,NJ,30005016,Danila Klimovich,shots_on_goal,rf_qrf_shots_on_goal,0.3.0,empirical_qrf,0.0,0.0,0.0,,4237405318233988177,2025-12-14 22:43:48.224389
2025-12-14,24481,VAN,NJ,30005028,Aatu Raty,shots_on_goal,rf_qrf_shots_on_goal,0.3.0,empirical_qrf,0.19988012300879945,0.0,0.5,,4237405318233988177,2025-12-14 22:43:48.224389
2025-12-14,24481,VAN,NJ,30005100,Cooper Walker,shots_on_goal,rf_qrf_shots_on_goal,0.3.0,empirical_qrf,0.015572012980553081,0.012434318289762946,0.01854496201665598,,4237405318233988177,2025-12-14 22:43:48.224389
2025-12-14,24481,VAN,NJ,30005145,Josh Bloom,shots_on_goal,rf_qrf_shots_on_goal,0.3.0,empirical_qrf,0.015572012980553081,0.012434318289762946,0.01854496201665598,,4237405318233988177,2025-12-14 22:43:48.224389
2025-12-14,24481,VAN,NJ,30004001,Kiefer Sherwood,shots_on_goal,rf_qrf_shots_on_goal,0.3.0,empirical_qrf,0.2570458754208754,0.0,0.5,,4237405318233988177,2025-12-14 22:43:48.224389
2025-12-14,24481,VAN,NJ,30004058,Kevin Lankinen,shots_on_goal,rf_qrf_shots_on_goal,0.3.0,empirical_qrf,0.015572012980553081,0.012434318289762946,0.01854496201665598,,4237405318233988177,2025-12-14 22:43:48.224389
2025-12-14,24481,VAN,NJ,30004153,Linus Karlsson,shots_on_goal,rf_qrf_shots_on_goal,0.3.0,empirical_qrf,0.0005158730158730159,0.0,0.0,,4237405318233988177,2025-12-14 22:43:48.224389
2025-12-14,24481,VAN,NJ,30004227,Chase Wouters,shots_on_goal,rf_qrf_shots_on_goal,0.3.0,empirical_qrf,0.015572012980553081,0.012434318289762946,0.01854496201665598,,4237405318233988177,2025-12-14 22:43:48.224389
2025-12-14,24481,VAN,NJ,30004425,Jimmy Schuldt,shots_on_goal,rf_qrf_shots_on_goal,0.3.0,empirical_qrf,0.007048040065504088,0.0,0.014285714285714285,,4237405318233988177,2025-12-14 22:43:48.224389
2025-12-14,24481,VAN,NJ,30004531,Nils Hoglander,shots_on_goal,rf_qrf_shots_on_goal,0.3.0,empirical_qrf,0.0008531746031746031,0.0,0.0,,4237405318233988177,2025-12-14 22:43:48.224389
2025-12-14,24481,VAN,NJ,30003193,Filip Hronek,shots_on_goal,rf_qrf_shots_on_goal,0.3.0,empirical_qrf,0.010583333333333333,0.0,0.0,,4237405318233988177,2025-12-14 22:43:48.224389
2025-12-14,24481,VAN,NJ,30003604,David Kampf,shots_on_goal,rf_qrf_shots_on_goal,0.3.0,empirical_qrf,0.13608119190291787,0.04597701149425287,0.23458049886621316,,4237405318233988177,2025-12-14 22:43:48.224389
2025-12-14,24481,VAN,NJ,30003647,Elias Pettersson,shots_on_goal,rf_qrf_shots_on_goal,0.3.0,empirical_qrf,0.0,0.0,0.0,,4237405318233988177,2025-12-14 22:43:48.224389
2025-12-14,24481,VAN,NJ,30003655,Filip Chytil,shots_on_goal,rf_qrf_shots_on_goal,0.3.0,empirical_qrf,0.001239942528735632,0.0,0.0,,4237405318233988177,2025-12-14 22:43:48.224389
2025-12-14,24481,VAN,NJ,30003666,Pierre-Olivier Joseph,shots_on_goal,rf_qrf_shots_on_goal,0.3.0,empirical_qrf,0.056287485191731886,0.020202020202020204,0.10121531758770926,,4237405318233988177,2025-12-14 22:43:48.224389
2025-12-14,24481,VAN,NJ,30003776,Jiri Patera,shots_on_goal,rf_qrf_shots_on_goal,0.3.0,empirical_qrf,0.015572012980553081,0.012434318289762946,0.01854496201665598,,4237405318233988177,2025-12-14 22:43:48.224389
2025-12-14,24481,VAN,NJ,30002581,Thatcher Demko,shots_on_goal,rf_qrf_shots_on_goal,0.3.0,empirical_qrf,0.015572012980553081,0.012434318289762946,0.01854496201665598,,4237405318233988177,2025-12-14 22:43:48.224389
2025-12-14,24481,VAN,NJ,30002587,Marcus Pettersson,shots_on_goal,rf_qrf_shots_on_goal,0.3.0,empirical_qrf,0.004407859659995136,0.0,0.009950248756218905,,4237405318233988177,2025-12-14 22:43:48.224389
2025-12-14,24481,VAN,NJ,30002777,Brock Boeser,shots_on_goal,rf_qrf_shots_on_goal,0.3.0,empirical_qrf,0.03722763347763348,0.0,0.0,,4237405318233988177,2025-12-14 22:43:48.224389
2025-12-14,24481,VAN,NJ,30002793,Joseph Labate,shots_on_goal,rf_qrf_shots_on_goal,0.3.0,empirical_qrf,0.07332981979806247,0.0,0.14634146341463414,,4237405318233988177,2025-12-14 22:43:48.224389
2025-12-14,24481,VAN,NJ,30002876,Conor Garland,shots_on_goal,rf_qrf_shots_on_goal,0.3.0,empirical_qrf,0.35842027417027417,0.0,1.1428571428571428,,4237405318233988177,2025-12-14 22:43:48.224389
2025-12-14,24481,VAN,NJ,30003063,Mackenzie MacEachern,shots_on_goal,rf_qrf_shots_on_goal,0.3.0,empirical_qrf,0.02977043036905473,0.0,0.06896551724137931,,4237405318233988177,2025-12-14 22:43:48.224389
2025-12-14,24482,UTA,PIT,30000229,Lawson Crouse,shots_on_goal,rf_qrf_shots_on_goal,0.3.0,empirical_qrf,0.10679148629148628,0.0,0.0,,4237405318233988177,2025-12-14 22:43:48.224389
2025-12-14,24482,UTA,PIT,30000593,Liam O'Brien,shots_on_goal,rf_qrf_shots_on_goal,0.3.0,empirical_qrf,0.004407859659995136,0.0,0.009950248756218905,,4237405318233988177,2025-12-14 22:43:48.224389
2025-12-14,24482,UTA,PIT,30000594,Nate Schmidt,shots_on_goal,rf_qrf_shots_on_goal,0.3.0,empirical_qrf,0.0,0.0,0.0,,4237405318233988177,2025-12-14 22:43:48.224389
2025-12-14,24482,UTA,PIT,30000650,Ian Cole,shots_on_goal,rf_qrf_shots_on_goal,0.3.0,empirical_qrf,0.0,0.0,0.0,,4237405318233988177,2025-12-14 22:43:48.224389
2025-12-14,24482,UTA,PIT,30000659,Olli Määttä,shots_on_goal,rf_qrf_shots_on_goal,0.3.0,empirical_qrf,0.13608119190291787,0.04597701149425287,0.23458049886621316,,4237405318233988177,2025-12-14 22:43:48.224389
2025-12-14,24482,UTA,PIT,30001104,Robbie Russo,shots_on_goal,rf_qrf_shots_on_goal,0.3.0,empirical_qrf,0.015572012980553081,0.012434318289762946,0.01854496201665598,,4237405318233988177,2025-12-14 22:43:48.224389
2025-12-14,24482,UTA,PIT,30006086,Daniil But,shots_on_goal,rf_qrf_shots_on_goal,0.3.0,empirical_qrf,0.09916298666392445,0.0,0.24,,4237405318233988177,2025-12-14 22:43:48.224389
2025-12-14,24482,PIT,UTA,30003586,Joona Koppanen,shots_on_goal,rf_qrf_shots_on_goal,0.3.0,empirical_qrf,0.07332981979806247,0.0,0.14634146341463414,,4237405318233988177,2025-12-14 22:43:48.224389
2025-12-14,24482,PIT,UTA,30000557,Brett Kulak,shots_on_goal,rf_qrf_shots_on_goal,0.3.0,empirical_qrf,0.0,0.0,0.0,,4237405318233988177,2025-12-14 22:43:48.224389
2025-12-14,24482,PIT,UTA,30003729,Stuart Skinner,shots_on_goal,rf_qrf_shots_on_goal,0.3.0,empirical_qrf,0.015572012980553081,0.012434318289762946,0.01854496201665598,,4237405318233988177,2025-12-14 22:43:48.224389
2025-12-14,24482,PIT,UTA,30005896,Sergei Murashov,shots_on_goal,rf_qrf_shots_on_goal,0.3.0,empirical_qrf,0.015572012980553081,0.012434318289762946,0.01854496201665598,,4237405318233988177,2025-12-14 22:43:48.224389
2025-12-14,24482,PIT,UTA,30000806,Matt Dumba,shots_on_goal,rf_qrf_shots_on_goal,0.3.0,empirical_qrf,0.0,0.0,0.0,,4237405318233988177,2025-12-14 22:43:48.224389
2025-12-14,24482,PIT,UTA,30005635,Owen Pickering,shots_on_goal,rf_qrf_shots_on_goal,0.3.0,empirical_qrf,0.07332981979806247,0.0,0.14634146341463414,,4237405318233988177,2025-12-14 22:43:48.224389
2025-12-14,24482,PIT,UTA,30005966,Avery Hayes,shots_on_goal,rf_qrf_shots_on_goal,0.3.0,empirical_qrf,0.42234887171651875,0.0,0.75,,4237405318233988177,2025-12-14 22:43:48.224389
2025-12-14,24482,PIT,UTA,30006137,Emil Pieniniemi,shots_on_goal,rf_qrf_shots_on_goal,0.3.0,empirical_qrf,0.178487228558049,0.0,0.42857142857142855,,4237405318233988177,2025-12-14 22:43:48.224389
2025-12-14,24482,PIT,UTA,30006354,Jaxon Castor,shots_on_goal,rf_qrf_shots_on_goal,0.3.0,empirical_qrf,0.015572012980553081,0.012434318289762946,0.01854496201665598,,4237405318233988177,2025-12-14 22:43:48.224389
2025-12-14,24482,PIT,UTA,30006363,Finn Harding,shots_on_goal,rf_qrf_shots_on_goal,0.3.0,empirical_qrf,0.015572012980553081,0.012434318289762946,0.01854496201665598,,4237405318233988177,2025-12-14 22:43:48.224389
2025-12-14,24482,PIT,UTA,30006867,Benjamin Kindel,shots_on_goal,rf_qrf_shots_on_goal,0.3.0,empirical_qrf,0.16278643578643576,0.0,0.680000000000003,,4237405318233988177,2025-12-14 22:43:48.224389
2025-12-14,24482,PIT,UTA,30005197,Taylor Gauthier,shots_on_goal,rf_qrf_shots_on_goal,0.3.0,empirical_qrf,0.015572012980553081,0.012434318289762946,0.01854496201665598,,4237405318233988177,2025-12-14 22:43:48.224389
2025-12-14,24482,PIT,UTA,30005267,William Dufour,shots_on_goal,rf_qrf_shots_on_goal,0.3.0,empirical_qrf,0.0008333333333333334,0.0,0.0,,4237405318233988177,2025-12-14 22:43:48.224389
2025-12-14,24482,PIT,UTA,30005330,Callahan Burke,shots_on_goal,rf_qrf_shots_on_goal,0.3.0,empirical_qrf,0.015572012980553081,0.012434318289762946,0.01854496201665598,,4237405318233988177,2025-12-14 22:43:48.224389
2025-12-14,24482,PIT,UTA,30005403,Jack St. Ivany,shots_on_goal,rf_qrf_shots_on_goal,0.3.0,empirical_qrf,0.056287485191731886,0.020202020202020204,0.10121531758770926,,4237405318233988177,2025-12-14 22:43:48.224389
2025-12-14,24482,PIT,UTA,30005511,Aidan McDonough,shots_on_goal,rf_qrf_shots_on_goal,0.3.0,empirical_qrf,0.08357358772513662,0.02976190476190476,0.14446644364033592,,4237405318233988177,2025-12-14 22:43:48.224389
2025-12-14,24482,PIT,UTA,30005623,Rutger McGroarty,shots_on_goal,rf_qrf_shots_on_goal,0.3.0,empirical_qrf,0.004407859659995136,0.0,0.009950248756218905,,4237405318233988177,2025-12-14 22:43:48.224389
2025-12-14,24482,PIT,UTA,30004788,Ryan Shea,shots_on_goal,rf_qrf_shots_on_goal,0.3.0,empirical_qrf,0.0,0.0,0.0,,4237405318233988177,2025-12-14 22:43:48.224389
2025-12-14,24482,PIT,UTA,30004825,Joel Blomqvist,shots_on_goal,rf_qrf_shots_on_goal,0.3.0,empirical_qrf,0.015572012980553081,0.012434318289762946,0.01854496201665598,,4237405318233988177,2025-12-14 22:43:48.224389
2025-12-14,24482,PIT,UTA,30004918,Philip Kemp,shots_on_goal,rf_qrf_shots_on_goal,0.3.0,empirical_qrf,0.015208173316006672,0.006006006006006006,0.025320021394187913,,4237405318233988177,2025-12-14 22:43:48.224389
2025-12-14,24482,PIT,UTA,30004960,Valtteri Puustinen,shots_on_goal,rf_qrf_shots_on_goal,0.3.0,empirical_qrf,0.0,0.0,0.0,,4237405318233988177,2025-12-14 22:43:48.224389
2025-12-14,24482,PIT,UTA,30005027,Ville Koivunen,shots_on_goal,rf_qrf_shots_on_goal,0.3.0,empirical_qrf,0.19441710141710142,0.0,0.42857142857142855,,4237405318233988177,2025-12-14 22:43:48.224389
2025-12-14,24482,PIT,UTA,30005066,Raivis Ansons,shots_on_goal,rf_qrf_shots_on_goal,0.3.0,empirical_qrf,0.015572012980553081,0.012434318289762946,0.01854496201665598,,4237405318233988177,2025-12-14 22:43:48.224389
2025-12-14,24482,PIT,UTA,30003893,Connor Clifton,shots_on_goal,rf_qrf_shots_on_goal,0.3.0,empirical_qrf,0.10972418799843543,0.0,0.2109022556390978,,4237405318233988177,2025-12-14 22:43:48.224389
2025-12-14,24482,PIT,UTA,30004100,Alexander Alexeyev,shots_on_goal,rf_qrf_shots_on_goal,0.3.0,empirical_qrf,0.015208173316006672,0.006006006006006006,0.025320021394187913,,4237405318233988177,2025-12-14 22:43:48.224389
2025-12-14,24482,PIT,UTA,30004181,Connor Dewar,shots_on_goal,rf_qrf_shots_on_goal,0.3.0,empirical_qrf,0.001239942528735632,0.0,0.0,,4237405318233988177,2025-12-14 22:43:48.224389
2025-12-14,24482,PIT,UTA,30004423,Blake Lizotte,shots_on_goal,rf_qrf_shots_on_goal,0.3.0,empirical_qrf,0.015208173316006672,0.006006006006006006,0.025320021394187913,,4237405318233988177,2025-12-14 22:43:48.224389
2025-12-14,24482,PIT,UTA,30004488,Philip Tomasino,shots_on_goal,rf_qrf_shots_on_goal,0.3.0,empirical_qrf,0.004138888888888889,0.0,0.0,,4237405318233988177,2025-12-14 22:43:48.224389
2025-12-14,24482,PIT,UTA,30004609,Arturs Silovs,shots_on_goal,rf_qrf_shots_on_goal,0.3.0,empirical_qrf,0.015572012980553081,0.012434318289762946,0.01854496201665598,,4237405318233988177,2025-12-14 22:43:48.224389
2025-12-14,24482,PIT,UTA,30002778,Tommy Novak,shots_on_goal,rf_qrf_shots_on_goal,0.3.0,empirical_qrf,0.0,0.0,0.0,,4237405318233988177,2025-12-14 22:43:48.224389
2025-12-14,24482,PIT,UTA,30002874,Caleb Jones,shots_on_goal,rf_qrf_shots_on_goal,0.3.0,empirical_qrf,0.05658032230075988,0.0,0.13636363636363635,,4237405318233988177,2025-12-14 22:43:48.224389
2025-12-14,24482,PIT,UTA,30003030,Bokondji Imama,shots_on_goal,rf_qrf_shots_on_goal,0.3.0,empirical_qrf,0.015572012980553081,0.012434318289762946,0.01854496201665598,,4237405318233988177,2025-12-14 22:43:48.224389
2025-12-14,24482,PIT,UTA,30003099,Parker Wotherspoon,shots_on_goal,rf_qrf_shots_on_goal,0.3.0,empirical_qrf,0.004407859659995136,0.0,0.009950248756218905,,4237405318233988177,2025-12-14 22:43:48.224389
2025-12-14,24482,PIT,UTA,30003391,Justin Brazeau,shots_on_goal,rf_qrf_shots_on_goal,0.3.0,empirical_qrf,0.06462975447180386,0.0,0.1509433962264151,,4237405318233988177,2025-12-14 22:43:48.224389
2025-12-14,24482,PIT,UTA,30003739,Sebastian Aho,shots_on_goal,rf_qrf_shots_on_goal,0.3.0,empirical_qrf,0.007048040065504088,0.0,0.014285714285714285,,4237405318233988177,2025-12-14 22:43:48.224389
2025-12-14,24482,PIT,UTA,30000660,Evgeni Malkin,shots_on_goal,rf_qrf_shots_on_goal,0.3.0,empirical_qrf,1.0755245310245312,0.0,2.6666666666666665,,4237405318233988177,2025-12-14 22:43:48.224389
2025-12-14,24482,PIT,UTA,30000848,Anthony Mantha,shots_on_goal,rf_qrf_shots_on_goal,0.3.0,empirical_qrf,0.056238880732512986,0.0,0.10526315789473684,,4237405318233988177,2025-12-14 22:43:48.224389
2025-12-14,24482,PIT,UTA,30000888,Rickard Rakell,shots_on_goal,rf_qrf_shots_on_goal,0.3.0,empirical_qrf,0.0019444444444444442,0.0,0.0,,4237405318233988177,2025-12-14 22:43:48.224389
2025-12-14,24482,PIT,UTA,30001100,Bryan Rust,shots_on_goal,rf_qrf_shots_on_goal,0.3.0,empirical_qrf,0.19729431216931215,0.0,1.0,,4237405318233988177,2025-12-14 22:43:48.224389
2025-12-14,24482,PIT,UTA,30001235,Noel Acciari,shots_on_goal,rf_qrf_shots_on_goal,0.3.0,empirical_qrf,0.015208173316006672,0.006006006006006006,0.025320021394187913,,4237405318233988177,2025-12-14 22:43:48.224389
2025-12-14,24482,PIT,UTA,30002631,Danton Heinen,shots_on_goal,rf_qrf_shots_on_goal,0.3.0,empirical_qrf,0.03222630260678034,0.0,0.07894736842105263,,4237405318233988177,2025-12-14 22:43:48.224389
2025-12-14,24482,UTA,PIT,30005614,Logan Cooley,shots_on_goal,rf_qrf_shots_on_goal,0.3.0,empirical_qrf,0.010805555555555554,0.0,0.0,,4237405318233988177,2025-12-14 22:43:48.224389
2025-12-14,24482,PIT,UTA,30000445,Erik Karlsson,shots_on_goal,rf_qrf_shots_on_goal,0.3.0,empirical_qrf,0.009325396825396825,0.0,0.0,,4237405318233988177,2025-12-14 22:43:48.224389
2025-12-14,24482,PIT,UTA,30000613,Ryan Graves,shots_on_goal,rf_qrf_shots_on_goal,0.3.0,empirical_qrf,0.0010091250670960816,0.0,0.0,,4237405318233988177,2025-12-14 22:43:48.224389
2025-12-14,24482,PIT,UTA,30000615,Kevin Hayes,shots_on_goal,rf_qrf_shots_on_goal,0.3.0,empirical_qrf,0.19988012300879945,0.0,0.5,,4237405318233988177,2025-12-14 22:43:48.224389
2025-12-14,24482,PIT,UTA,30000651,Sidney Crosby,shots_on_goal,rf_qrf_shots_on_goal,0.3.0,empirical_qrf,0.05303571428571428,0.0,0.0,,4237405318233988177,2025-12-14 22:43:48.224389
2025-12-14,24482,PIT,UTA,30000658,Kris Letang,shots_on_goal,rf_qrf_shots_on_goal,0.3.0,empirical_qrf,0.0,0.0,0.0,,4237405318233988177,2025-12-14 22:43:48.224389
2025-12-14,24482,UTA,PIT,30004585,John Marino,shots_on_goal,rf_qrf_shots_on_goal,0.3.0,empirical_qrf,0.0,0.0,0.0,,4237405318233988177,2025-12-14 22:43:48.224389
2025-12-14,24482,UTA,PIT,30004623,Ben McCartney,shots_on_goal,rf_qrf_shots_on_goal,0.3.0,empirical_qrf,0.13608119190291787,0.04597701149425287,0.23458049886621316,,4237405318233988177,2025-12-14 22:43:48.224389
2025-12-14,24482,UTA,PIT,30004867,JJ Peterka,shots_on_goal,rf_qrf_shots_on_goal,0.3.0,empirical_qrf,0.009325396825396825,0.0,0.0,,4237405318233988177,2025-12-14 22:43:48.224389
2025-12-14,24482,UTA,PIT,30004957,Karel Vejmelka,shots_on_goal,rf_qrf_shots_on_goal,0.3.0,empirical_qrf,0.015572012980553081,0.012434318289762946,0.01854496201665598,,4237405318233988177,2025-12-14 22:43:48.224389
2025-12-14,24482,UTA,PIT,30004996,Dylan Guenther,shots_on_goal,rf_qrf_shots_on_goal,0.3.0,empirical_qrf,0.01622222222222222,0.0,0.0,,4237405318233988177,2025-12-14 22:43:48.224389
2025-12-14,24482,UTA,PIT,30005567,Jaxson Stauber,shots_on_goal,rf_qrf_shots_on_goal,0.3.0,empirical_qrf,0.015572012980553081,0.012434318289762946,0.01854496201665598,,4237405318233988177,2025-12-14 22:43:48.224389
2025-12-14,24482,UTA,PIT,30003753,Alexander Kerfoot,shots_on_goal,rf_qrf_shots_on_goal,0.3.0,empirical_qrf,0.04744047619047619,0.0,0.25,,4237405318233988177,2025-12-14 22:43:48.224389
2025-12-14,24482,UTA,PIT,30003988,Cameron Hebig,shots_on_goal,rf_qrf_shots_on_goal,0.3.0,empirical_qrf,0.0,0.0,0.0,,4237405318233988177,2025-12-14 22:43:48.224389
2025-12-14,24482,UTA,PIT,30004078,Barrett Hayton,shots_on_goal,rf_qrf_shots_on_goal,0.3.0,empirical_qrf,0.019537698412698413,0.0,0.0,,4237405318233988177,2025-12-14 22:43:48.224389
2025-12-14,24482,UTA,PIT,30004113,Jack McBain,shots_on_goal,rf_qrf_shots_on_goal,0.3.0,empirical_qrf,0.004407859659995136,0.0,0.009950248756218905,,4237405318233988177,2025-12-14 22:43:48.224389
2025-12-14,24482,UTA,PIT,30004141,Sean Durzi,shots_on_goal,rf_qrf_shots_on_goal,0.3.0,empirical_qrf,0.0,0.0,0.0,,4237405318233988177,2025-12-14 22:43:48.224389
2025-12-14,24482,UTA,PIT,30004170,Scott Perunovich,shots_on_goal,rf_qrf_shots_on_goal,0.3.0,empirical_qrf,0.015572012980553081,0.012434318289762946,0.01854496201665598,,4237405318233988177,2025-12-14 22:43:48.224389
2025-12-14,24482,UTA,PIT,30003235,Michael Carcone,shots_on_goal,rf_qrf_shots_on_goal,0.3.0,empirical_qrf,0.004407859659995136,0.0,0.009950248756218905,,4237405318233988177,2025-12-14 22:43:48.224389
2025-12-14,24482,UTA,PIT,30003424,Kevin Rooney,shots_on_goal,rf_qrf_shots_on_goal,0.3.0,empirical_qrf,0.0,0.0,0.0,,4237405318233988177,2025-12-14 22:43:48.224389
2025-12-14,24482,UTA,PIT,30003572,Nick DeSimone,shots_on_goal,rf_qrf_shots_on_goal,0.3.0,empirical_qrf,0.056287485191731886,0.020202020202020204,0.10121531758770926,,4237405318233988177,2025-12-14 22:43:48.224389
2025-12-14,24482,UTA,PIT,30003662,Juuso Valimaki,shots_on_goal,rf_qrf_shots_on_goal,0.3.0,empirical_qrf,0.015572012980553081,0.012434318289762946,0.01854496201665598,,4237405318233988177,2025-12-14 22:43:48.224389
2025-12-14,24482,UTA,PIT,30003663,Kailer Yamamoto,shots_on_goal,rf_qrf_shots_on_goal,0.3.0,empirical_qrf,0.03270836831867466,0.0,0.075,,4237405318233988177,2025-12-14 22:43:48.224389
2025-12-14,24482,UTA,PIT,30003723,Matt Villalta,shots_on_goal,rf_qrf_shots_on_goal,0.3.0,empirical_qrf,0.015572012980553081,0.012434318289762946,0.01854496201665598,,4237405318233988177,2025-12-14 22:43:48.224389
2025-12-14,24482,UTA,PIT,30002583,Nick Schmaltz,shots_on_goal,rf_qrf_shots_on_goal,0.3.0,empirical_qrf,0.2464009584040544,0.0,0.46153846153846156,,4237405318233988177,2025-12-14 22:43:48.224389
2025-12-14,24482,UTA,PIT,30002600,Vitek Vanecek,shots_on_goal,rf_qrf_shots_on_goal,0.3.0,empirical_qrf,0.015572012980553081,0.012434318289762946,0.01854496201665598,,4237405318233988177,2025-12-14 22:43:48.224389
2025-12-14,24482,UTA,PIT,30002841,Kevin Stenlund,shots_on_goal,rf_qrf_shots_on_goal,0.3.0,empirical_qrf,0.004117786453312769,0.0,0.0,,4237405318233988177,2025-12-14 22:43:48.224389
2025-12-14,24482,UTA,PIT,30003053,Brandon Tanev,shots_on_goal,rf_qrf_shots_on_goal,0.3.0,empirical_qrf,0.0,0.0,0.0,,4237405318233988177,2025-12-14 22:43:48.224389
2025-12-14,24482,UTA,PIT,30003137,Mikhail Sergachev,shots_on_goal,rf_qrf_shots_on_goal,0.3.0,empirical_qrf,0.1547599206349206,0.0,0.5,,4237405318233988177,2025-12-14 22:43:48.224389
2025-12-14,24482,UTA,PIT,30003141,Clayton Keller,shots_on_goal,rf_qrf_shots_on_goal,0.3.0,empirical_qrf,0.04394179894179894,0.0,0.0,,4237405318233988177,2025-12-14 22:43:48.224389
2025-12-14,24483,PHI,CAR,30000050,Sean Couturier,shots_on_goal,rf_qrf_shots_on_goal,0.3.0,empirical_qrf,0.014087301587301588,0.0,0.0,,4237405318233988177,2025-12-14 22:43:48.224389
2025-12-14,24483,PHI,CAR,30000234,Garrett Wilson,shots_on_goal,rf_qrf_shots_on_goal,0.3.0,empirical_qrf,0.007048040065504088,0.0,0.014285714285714285,,4237405318233988177,2025-12-14 22:43:48.224389
2025-12-14,24483,PHI,CAR,30000349,Travis Konecny,shots_on_goal,rf_qrf_shots_on_goal,0.3.0,empirical_qrf,0.5829126984126983,0.0,1.3333333333333333,,4237405318233988177,2025-12-14 22:43:48.224389
2025-12-14,24483,PHI,CAR,30000501,Nicolas Deslauriers,shots_on_goal,rf_qrf_shots_on_goal,0.3.0,empirical_qrf,0.015208173316006672,0.006006006006006006,0.025320021394187913,,4237405318233988177,2025-12-14 22:43:48.224389
2025-12-14,24483,PHI,CAR,30000624,Travis Sanheim,shots_on_goal,rf_qrf_shots_on_goal,0.3.0,empirical_qrf,0.2350666185666186,0.0,1.0,,4237405318233988177,2025-12-14 22:43:48.224389
2025-12-14,24483,PHI,CAR,30000942,Christian Dvorak,shots_on_goal,rf_qrf_shots_on_goal,0.3.0,empirical_qrf,0.0008333333333333334,0.0,0.0,,4237405318233988177,2025-12-14 22:43:48.224389
2025-12-14,24483,PHI,CAR,30005396,Ty Murchison,shots_on_goal,rf_qrf_shots_on_goal,0.3.0,empirical_qrf,0.015572012980553081,0.012434318289762946,0.01854496201665598,,4237405318233988177,2025-12-14 22:43:48.224389
2025-12-14,24483,PHI,CAR,30005345,Roman Schmidt,shots_on_goal,rf_qrf_shots_on_goal,0.3.0,empirical_qrf,0.17229163016808527,0.09752710027100271,0.24719101123595505,,4237405318233988177,2025-12-14 22:43:48.224389
2025-12-14,24483,CAR,PHI,30005034,Logan Stankoven,shots_on_goal,rf_qrf_shots_on_goal,0.3.0,empirical_qrf,0.07197455322455322,0.0,0.0,,4237405318233988177,2025-12-14 22:43:48.224389
2025-12-14,24483,CAR,PHI,30005153,Bryce Montgomery,shots_on_goal,rf_qrf_shots_on_goal,0.3.0,empirical_qrf,0.007048040065504088,0.0,0.014285714285714285,,4237405318233988177,2025-12-14 22:43:48.224389
2025-12-14,24483,CAR,PHI,30005155,Justin Robidas,shots_on_goal,rf_qrf_shots_on_goal,0.3.0,empirical_qrf,0.017976190476190475,0.0,0.0,,4237405318233988177,2025-12-14 22:43:48.224389
2025-12-14,24483,CAR,PHI,30005405,Jackson Blake,shots_on_goal,rf_qrf_shots_on_goal,0.3.0,empirical_qrf,0.007222222222222222,0.0,0.0,,4237405318233988177,2025-12-14 22:43:48.224389
2025-12-14,24483,CAR,PHI,30005573,Brandon Bussi,shots_on_goal,rf_qrf_shots_on_goal,0.3.0,empirical_qrf,0.015572012980553081,0.012434318289762946,0.01854496201665598,,4237405318233988177,2025-12-14 22:43:48.224389
2025-12-14,24483,CAR,PHI,30006098,Felix Unger Sorum,shots_on_goal,rf_qrf_shots_on_goal,0.3.0,empirical_qrf,0.0,0.0,0.0,,4237405318233988177,2025-12-14 22:43:48.224389
2025-12-14,24483,CAR,PHI,30004602,Nikita Pavlychev,shots_on_goal,rf_qrf_shots_on_goal,0.3.0,empirical_qrf,0.015572012980553081,0.012434318289762946,0.01854496201665598,,4237405318233988177,2025-12-14 22:43:48.224389
2025-12-14,24483,CAR,PHI,30004806,Seth Jarvis,shots_on_goal,rf_qrf_shots_on_goal,0.3.0,empirical_qrf,0.13696296296296295,0.0,0.6666666666666666,,4237405318233988177,2025-12-14 22:43:48.224389
2025-12-14,24483,CAR,PHI,30004865,Alexander Nikishin,shots_on_goal,rf_qrf_shots_on_goal,0.3.0,empirical_qrf,0.000462962962962963,0.0,0.0,,4237405318233988177,2025-12-14 22:43:48.224389
2025-12-14,24483,CAR,PHI,30004913,Evan Vierling,shots_on_goal,rf_qrf_shots_on_goal,0.3.0,empirical_qrf,0.015572012980553081,0.012434318289762946,0.01854496201665598,,4237405318233988177,2025-12-14 22:43:48.224389
2025-12-14,24483,CAR,PHI,30004953,Pyotr Kochetkov,shots_on_goal,rf_qrf_shots_on_goal,0.3.0,empirical_qrf,0.006342056217437901,0.0,0.013802681992337166,,4237405318233988177,2025-12-14 22:43:48.224389
2025-12-14,24483,CAR,PHI,30005026,Aleksi Heimosalmi,shots_on_goal,rf_qrf_shots_on_goal,0.3.0,empirical_qrf,0.007048040065504088,0.0,0.014285714285714285,,4237405318233988177,2025-12-14 22:43:48.224389
2025-12-14,24483,CAR,PHI,30003786,Sean Walker,shots_on_goal,rf_qrf_shots_on_goal,0.3.0,empirical_qrf,0.004407859659995136,0.0,0.009950248756218905,,4237405318233988177,2025-12-14 22:43:48.224389
2025-12-14,24483,CAR,PHI,30004075,Jesperi Kotkaniemi,shots_on_goal,rf_qrf_shots_on_goal,0.3.0,empirical_qrf,0.019462962962962963,0.0,0.0,,4237405318233988177,2025-12-14 22:43:48.224389
2025-12-14,24483,CAR,PHI,30004076,Andrei Svechnikov,shots_on_goal,rf_qrf_shots_on_goal,0.3.0,empirical_qrf,0.13029232341732344,0.0,0.5,,4237405318233988177,2025-12-14 22:43:48.224389
2025-12-14,24483,CAR,PHI,30004082,K'Andre Miller,shots_on_goal,rf_qrf_shots_on_goal,0.3.0,empirical_qrf,0.845244325119325,0.0,2.0,,4237405318233988177,2025-12-14 22:43:48.224389
2025-12-14,24483,CAR,PHI,30004385,Cayden Primeau,shots_on_goal,rf_qrf_shots_on_goal,0.3.0,empirical_qrf,0.015572012980553081,0.012434318289762946,0.01854496201665598,,4237405318233988177,2025-12-14 22:43:48.224389
2025-12-14,24483,CAR,PHI,30004537,Domenick Fensore,shots_on_goal,rf_qrf_shots_on_goal,0.3.0,empirical_qrf,0.001104029304029304,0.0,0.0,,4237405318233988177,2025-12-14 22:43:48.224389
2025-12-14,24483,CAR,PHI,30002309,Mark Jankowski,shots_on_goal,rf_qrf_shots_on_goal,0.3.0,empirical_qrf,0.004407859659995136,0.0,0.009950248756218905,,4237405318233988177,2025-12-14 22:43:48.224389
2025-12-14,24483,CAR,PHI,30002819,Sebastian Aho,shots_on_goal,rf_qrf_shots_on_goal,0.3.0,empirical_qrf,0.0964074074074074,0.0,0.0400000000000091,,4237405318233988177,2025-12-14 22:43:48.224389
2025-12-14,24483,CAR,PHI,30002980,Eric Robinson,shots_on_goal,rf_qrf_shots_on_goal,0.3.0,empirical_qrf,0.0,0.0,0.0,,4237405318233988177,2025-12-14 22:43:48.224389
2025-12-14,24483,CAR,PHI,30003180,Givani Smith,shots_on_goal,rf_qrf_shots_on_goal,0.3.0,empirical_qrf,0.19441710141710142,0.0,0.42857142857142855,,4237405318233988177,2025-12-14 22:43:48.224389
2025-12-14,24483,CAR,PHI,30003359,Jalen Chatfield,shots_on_goal,rf_qrf_shots_on_goal,0.3.0,empirical_qrf,0.004407859659995136,0.0,0.009950248756218905,,4237405318233988177,2025-12-14 22:43:48.224389
2025-12-14,24483,CAR,PHI,30003550,Gavin Bayreuther,shots_on_goal,rf_qrf_shots_on_goal,0.3.0,empirical_qrf,0.0829455653194625,0.04384049643760055,0.12610452349582785,,4237405318233988177,2025-12-14 22:43:48.224389
2025-12-14,24483,CAR,PHI,30000525,Mike Reilly,shots_on_goal,rf_qrf_shots_on_goal,0.3.0,empirical_qrf,0.037087301587301585,0.0,0.0,,4237405318233988177,2025-12-14 22:43:48.224389
2025-12-14,24483,CAR,PHI,30000643,Jaccob Slavin,shots_on_goal,rf_qrf_shots_on_goal,0.3.0,empirical_qrf,0.19196952534254957,0.0,0.45454545454545453,,4237405318233988177,2025-12-14 22:43:48.224389
2025-12-14,24483,CAR,PHI,30000822,Nikolaj Ehlers,shots_on_goal,rf_qrf_shots_on_goal,0.3.0,empirical_qrf,0.2784285714285714,0.0,1.0,,4237405318233988177,2025-12-14 22:43:48.224389
2025-12-14,24483,CAR,PHI,30000948,Jordan Martinook,shots_on_goal,rf_qrf_shots_on_goal,0.3.0,empirical_qrf,0.09916298666392445,0.0,0.24,,4237405318233988177,2025-12-14 22:43:48.224389
2025-12-14,24483,CAR,PHI,30001187,Taylor Hall,shots_on_goal,rf_qrf_shots_on_goal,0.3.0,empirical_qrf,0.0829455653194625,0.04384049643760055,0.12610452349582785,,4237405318233988177,2025-12-14 22:43:48.224389
2025-12-14,24483,CAR,PHI,30001203,Frederik Andersen,shots_on_goal,rf_qrf_shots_on_goal,0.3.0,empirical_qrf,0.015572012980553081,0.012434318289762946,0.01854496201665598,,4237405318233988177,2025-12-14 22:43:48.224389
2025-12-14,24483,PHI,CAR,30006075,Oliver Bonk,shots_on_goal,rf_qrf_shots_on_goal,0.3.0,empirical_qrf,0.0,0.0,0.0,,4237405318233988177,2025-12-14 22:43:48.224389
2025-12-14,24483,PHI,CAR,30006100,Carson Bjarnason,shots_on_goal,rf_qrf_shots_on_goal,0.3.0,empirical_qrf,0.015572012980553081,0.012434318289762946,0.01854496201665598,,4237405318233988177,2025-12-14 22:43:48.224389
2025-12-14,24483,PHI,CAR,30006135,Denver Barkey,shots_on_goal,rf_qrf_shots_on_goal,0.3.0,empirical_qrf,0.0829455653194625,0.04384049643760055,0.12610452349582785,,4237405318233988177,2025-12-14 22:43:48.224389
2025-12-14,24483,CAR,PHI,30000271,Shayne Gostisbehere,shots_on_goal,rf_qrf_shots_on_goal,0.3.0,empirical_qrf,0.0,0.0,0.0,,4237405318233988177,2025-12-14 22:43:48.224389
2025-12-14,24483,CAR,PHI,30000358,Jordan Staal,shots_on_goal,rf_qrf_shots_on_goal,0.3.0,empirical_qrf,0.050326579760635856,0.0,0.12,,4237405318233988177,2025-12-14 22:43:48.224389
2025-12-14,24483,CAR,PHI,30000510,William Carrier,shots_on_goal,rf_qrf_shots_on_goal,0.3.0,empirical_qrf,0.0829455653194625,0.04384049643760055,0.12610452349582785,,4237405318233988177,2025-12-14 22:43:48.224389
2025-12-14,24483,PHI,CAR,30005397,Noah Cates,shots_on_goal,rf_qrf_shots_on_goal,0.3.0,empirical_qrf,0.19988012300879945,0.0,0.5,,4237405318233988177,2025-12-14 22:43:48.224389
2025-12-14,24483,PHI,CAR,30005401,Aleksei Kolosov,shots_on_goal,rf_qrf_shots_on_goal,0.3.0,empirical_qrf,0.015572012980553081,0.012434318289762946,0.01854496201665598,,4237405318233988177,2025-12-14 22:43:48.224389
2025-12-14,24483,PHI,CAR,30005756,Tucker Robertson,shots_on_goal,rf_qrf_shots_on_goal,0.3.0,empirical_qrf,0.015572012980553081,0.012434318289762946,0.01854496201665598,,4237405318233988177,2025-12-14 22:43:48.224389
2025-12-14,24483,PHI,CAR,30005958,Nikita Grebenkin,shots_on_goal,rf_qrf_shots_on_goal,0.3.0,empirical_qrf,0.0032222222222222222,0.0,0.0,,4237405318233988177,2025-12-14 22:43:48.224389
2025-12-14,24483,PHI,CAR,30006045,Yaniv Perets,shots_on_goal,rf_qrf_shots_on_goal,0.3.0,empirical_qrf,0.015572012980553081,0.012434318289762946,0.01854496201665598,,4237405318233988177,2025-12-14 22:43:48.224389
2025-12-14,24483,PHI,CAR,30006061,Matvei Michkov,shots_on_goal,rf_qrf_shots_on_goal,0.3.0,empirical_qrf,0.21136507936507934,0.0,1.0,,4237405318233988177,2025-12-14 22:43:48.224389
2025-12-14,24483,PHI,CAR,30004800,Jamie Drysdale,shots_on_goal,rf_qrf_shots_on_goal,0.3.0,empirical_qrf,0.26351224238724236,0.0,0.5,,4237405318233988177,2025-12-14 22:43:48.224389
2025-12-14,24483,PHI,CAR,30004801,Tyson Foerster,shots_on_goal,rf_qrf_shots_on_goal,0.3.0,empirical_qrf,0.4977332251082251,0.0,1.0,,4237405318233988177,2025-12-14 22:43:48.224389
2025-12-14,24483,PHI,CAR,30004824,Emil Andrae,shots_on_goal,rf_qrf_shots_on_goal,0.3.0,empirical_qrf,0.0,0.0,0.0,,4237405318233988177,2025-12-14 22:43:48.224389
2025-12-14,24483,PHI,CAR,30004839,Helge Grans,shots_on_goal,rf_qrf_shots_on_goal,0.3.0,empirical_qrf,0.015208173316006672,0.006006006006006006,0.025320021394187913,,4237405318233988177,2025-12-14 22:43:48.224389
2025-12-14,24483,PHI,CAR,30005234,Vincent Sevigny,shots_on_goal,rf_qrf_shots_on_goal,0.3.0,empirical_qrf,0.015572012980553081,0.012434318289762946,0.01854496201665598,,4237405318233988177,2025-12-14 22:43:48.224389
2025-12-14,24483,PHI,CAR,30005293,Artem Guryev,shots_on_goal,rf_qrf_shots_on_goal,0.3.0,empirical_qrf,0.015572012980553081,0.012434318289762946,0.01854496201665598,,4237405318233988177,2025-12-14 22:43:48.224389
2025-12-14,24483,PHI,CAR,30004154,Xavier Bernard,shots_on_goal,rf_qrf_shots_on_goal,0.3.0,empirical_qrf,0.07412433862433862,0.0,0.2535714285714294,,4237405318233988177,2025-12-14 22:43:48.224389
2025-12-14,24483,PHI,CAR,30004205,Egor Zamula,shots_on_goal,rf_qrf_shots_on_goal,0.3.0,empirical_qrf,0.04188613520389373,0.0,0.08536585365853659,,4237405318233988177,2025-12-14 22:43:48.224389
2025-12-14,24483,PHI,CAR,30004406,Samuel Ersson,shots_on_goal,rf_qrf_shots_on_goal,0.3.0,empirical_qrf,0.015572012980553081,0.012434318289762946,0.01854496201665598,,4237405318233988177,2025-12-14 22:43:48.224389
2025-12-14,24483,PHI,CAR,30004481,Trevor Zegras,shots_on_goal,rf_qrf_shots_on_goal,0.3.0,empirical_qrf,0.5079343526843527,0.0,1.125,,4237405318233988177,2025-12-14 22:43:48.224389
2025-12-14,24483,PHI,CAR,30004484,Cam York,shots_on_goal,rf_qrf_shots_on_goal,0.3.0,empirical_qrf,0.0,0.0,0.0,,4237405318233988177,2025-12-14 22:43:48.224389
2025-12-14,24483,PHI,CAR,30004508,Bobby Brink,shots_on_goal,rf_qrf_shots_on_goal,0.3.0,empirical_qrf,0.004337301587301587,0.0,0.0,,4237405318233988177,2025-12-14 22:43:48.224389
2025-12-14,24483,PHI,CAR,30003171,Carl Grundstrom,shots_on_goal,rf_qrf_shots_on_goal,0.3.0,empirical_qrf,0.015208173316006672,0.006006006006006006,0.025320021394187913,,4237405318233988177,2025-12-14 22:43:48.224389
2025-12-14,24483,PHI,CAR,30003283,Lane Pederson,shots_on_goal,rf_qrf_shots_on_goal,0.3.0,empirical_qrf,0.015208173316006672,0.006006006006006006,0.025320021394187913,,4237405318233988177,2025-12-14 22:43:48.224389
2025-12-14,24483,PHI,CAR,30003500,Rodrigo Abols,shots_on_goal,rf_qrf_shots_on_goal,0.3.0,empirical_qrf,0.0,0.0,0.0,,4237405318233988177,2025-12-14 22:43:48.224389
2025-12-14,24483,PHI,CAR,30003653,Owen Tippett,shots_on_goal,rf_qrf_shots_on_goal,0.3.0,empirical_qrf,0.0,0.0,0.0,,4237405318233988177,2025-12-14 22:43:48.224389
2025-12-14,24483,PHI,CAR,30003733,Keith Petruzzelli,shots_on_goal,rf_qrf_shots_on_goal,0.3.0,empirical_qrf,0.015572012980553081,0.012434318289762946,0.01854496201665598,,4237405318233988177,2025-12-14 22:43:48.224389
2025-12-14,24483,PHI,CAR,30004002,Cooper Marody,shots_on_goal,rf_qrf_shots_on_goal,0.3.0,empirical_qrf,0.015572012980553081,0.012434318289762946,0.01854496201665598,,4237405318233988177,2025-12-14 22:43:48.224389
2025-12-14,24483,PHI,CAR,30001201,Garnet Hathaway,shots_on_goal,rf_qrf_shots_on_goal,0.3.0,empirical_qrf,0.007048040065504088,0.0,0.014285714285714285,,4237405318233988177,2025-12-14 22:43:48.224389
2025-12-14,24483,PHI,CAR,30001294,Rasmus Ristolainen,shots_on_goal,rf_qrf_shots_on_goal,0.3.0,empirical_qrf,0.015572012980553081,0.012434318289762946,0.01854496201665598,,4237405318233988177,2025-12-14 22:43:48.224389
2025-12-14,24483,PHI,CAR,30001312,Noah Juulsen,shots_on_goal,rf_qrf_shots_on_goal,0.3.0,empirical_qrf,0.08357358772513662,0.02976190476190476,0.14446644364033592,,4237405318233988177,2025-12-14 22:43:48.224389
2025-12-14,24483,PHI,CAR,30002786,Dan Vladar,shots_on_goal,rf_qrf_shots_on_goal,0.3.0,empirical_qrf,0.015572012980553081,0.012434318289762946,0.01854496201665598,,4237405318233988177,2025-12-14 22:43:48.224389
2025-12-14,24483,PHI,CAR,30002979,Anthony Richard,shots_on_goal,rf_qrf_shots_on_goal,0.3.0,empirical_qrf,0.0,0.0,0.0,,4237405318233988177,2025-12-14 22:43:48.224389
2025-12-14,24483,PHI,CAR,30003016,Nick Seeler,shots_on_goal,rf_qrf_shots_on_goal,0.3.0,empirical_qrf,0.0,0.0,0.0,,4237405318233988177,2025-12-14 22:43:48.224389
2025-12-14,24484,BOS,MIN,30000245,Viktor Arvidsson,shots_on_goal,rf_qrf_shots_on_goal,0.3.0,empirical_qrf,0.07332981979806247,0.0,0.14634146341463414,,4237405318233988177,2025-12-14 22:43:48.224389
2025-12-14,24484,BOS,MIN,30000393,Joonas Korpisalo,shots_on_goal,rf_qrf_shots_on_goal,0.3.0,empirical_qrf,0.015572012980553081,0.012434318289762946,0.01854496201665598,,4237405318233988177,2025-12-14 22:43:48.224389
2025-12-14,24484,BOS,MIN,30000607,David Pastrnak,shots_on_goal,rf_qrf_shots_on_goal,0.3.0,empirical_qrf,0.14405555555555558,0.0,0.5,,4237405318233988177,2025-12-14 22:43:48.224389
2025-12-14,24484,BOS,MIN,30000630,Patrick Brown,shots_on_goal,rf_qrf_shots_on_goal,0.3.0,empirical_qrf,0.00833994708994709,0.0,0.0,,4237405318233988177,2025-12-14 22:43:48.224389
2025-12-14,24484,BOS,MIN,30000636,Elias Lindholm,shots_on_goal,rf_qrf_shots_on_goal,0.3.0,empirical_qrf,0.17257142857142857,0.0,0.8589285714285718,,4237405318233988177,2025-12-14 22:43:48.224389
2025-12-14,24484,BOS,MIN,30000909,Nikita Zadorov,shots_on_goal,rf_qrf_shots_on_goal,0.3.0,empirical_qrf,0.025814814814814815,0.0,0.0,,4237405318233988177,2025-12-14 22:43:48.224389
2025-12-14,24484,MIN,BOS,30005845,David Spacek,shots_on_goal,rf_qrf_shots_on_goal,0.3.0,empirical_qrf,0.07332981979806247,0.0,0.14634146341463414,,4237405318233988177,2025-12-14 22:43:48.224389
2025-12-14,24484,MIN,BOS,30006109,Riley Heidt,shots_on_goal,rf_qrf_shots_on_goal,0.3.0,empirical_qrf,0.056287485191731886,0.020202020202020204,0.10121531758770926,,4237405318233988177,2025-12-14 22:43:48.224389
2025-12-14,24484,MIN,BOS,30006110,Rasmus Kumpulainen,shots_on_goal,rf_qrf_shots_on_goal,0.3.0,empirical_qrf,0.015572012980553081,0.012434318289762946,0.01854496201665598,,4237405318233988177,2025-12-14 22:43:48.224389
2025-12-14,24484,MIN,BOS,30006308,Bradley Marek,shots_on_goal,rf_qrf_shots_on_goal,0.3.0,empirical_qrf,0.015572012980553081,0.012434318289762946,0.01854496201665598,,4237405318233988177,2025-12-14 22:43:48.224389
2025-12-14,24484,MIN,BOS,30001192,Tyler Pitlick,shots_on_goal,rf_qrf_shots_on_goal,0.3.0,empirical_qrf,0.12763657869907868,0.0,0.2871428571428575,,4237405318233988177,2025-12-14 22:43:48.224389
2025-12-14,24484,MIN,BOS,30004080,Quinn Hughes,shots_on_goal,rf_qrf_shots_on_goal,0.3.0,empirical_qrf,0.08875,0.0,0.3333333333333333,,4237405318233988177,2025-12-14 22:43:48.224389
2025-12-14,24484,MIN,BOS,30005274,Louka Henault,shots_on_goal,rf_qrf_shots_on_goal,0.3.0,empirical_qrf,0.015572012980553081,0.012434318289762946,0.01854496201665598,,4237405318233988177,2025-12-14 22:43:48.224389
2025-12-14,24484,MIN,BOS,30005361,Benjamin Brinkman,shots_on_goal,rf_qrf_shots_on_goal,0.3.0,empirical_qrf,0.015572012980553081,0.012434318289762946,0.01854496201665598,,4237405318233988177,2025-12-14 22:43:48.224389
2025-12-14,24484,MIN,BOS,30005612,David Jiricek,shots_on_goal,rf_qrf_shots_on_goal,0.3.0,empirical_qrf,0.004117786453312769,0.0,0.0,,4237405318233988177,2025-12-14 22:43:48.224389
2025-12-14,24484,MIN,BOS,30005627,Danila Yurov,shots_on_goal,rf_qrf_shots_on_goal,0.3.0,empirical_qrf,0.06462975447180386,0.0,0.1509433962264151,,4237405318233988177,2025-12-14 22:43:48.224389
2025-12-14,24484,MIN,BOS,30005669,Hunter Haight,shots_on_goal,rf_qrf_shots_on_goal,0.3.0,empirical_qrf,0.19988012300879945,0.0,0.5,,4237405318233988177,2025-12-14 22:43:48.224389
2025-12-14,24484,MIN,BOS,30005698,Michael Milne,shots_on_goal,rf_qrf_shots_on_goal,0.3.0,empirical_qrf,0.015572012980553081,0.012434318289762946,0.01854496201665598,,4237405318233988177,2025-12-14 22:43:48.224389
2025-12-14,24484,MIN,BOS,30004970,Wyatt Newpower,shots_on_goal,rf_qrf_shots_on_goal,0.3.0,empirical_qrf,0.12090279165279166,0.0,0.4,,4237405318233988177,2025-12-14 22:43:48.224389
2025-12-14,24484,MIN,BOS,30005005,Oskar Olausson,shots_on_goal,rf_qrf_shots_on_goal,0.3.0,empirical_qrf,0.06462975447180386,0.0,0.1509433962264151,,4237405318233988177,2025-12-14 22:43:48.224389
2025-12-14,24484,MIN,BOS,30005007,Carson Lambos,shots_on_goal,rf_qrf_shots_on_goal,0.3.0,empirical_qrf,0.0,0.0,0.0,,4237405318233988177,2025-12-14 22:43:48.224389
2025-12-14,24484,MIN,BOS,30005008,Jesper Wallstedt,shots_on_goal,rf_qrf_shots_on_goal,0.3.0,empirical_qrf,0.015572012980553081,0.012434318289762946,0.01854496201665598,,4237405318233988177,2025-12-14 22:43:48.224389
2025-12-14,24484,MIN,BOS,30005094,Cameron Butler,shots_on_goal,rf_qrf_shots_on_goal,0.3.0,empirical_qrf,0.1057278181842245,0.0,0.25,,4237405318233988177,2025-12-14 22:43:48.224389
2025-12-14,24484,MIN,BOS,30005102,Caedan Bankier,shots_on_goal,rf_qrf_shots_on_goal,0.3.0,empirical_qrf,0.0,0.0,0.0,,4237405318233988177,2025-12-14 22:43:48.224389
2025-12-14,24484,MIN,BOS,30004417,Nico Sturm,shots_on_goal,rf_qrf_shots_on_goal,0.3.0,empirical_qrf,0.007048040065504088,0.0,0.014285714285714285,,4237405318233988177,2025-12-14 22:43:48.224389
2025-12-14,24484,MIN,BOS,30004480,Matt Boldy,shots_on_goal,rf_qrf_shots_on_goal,0.3.0,empirical_qrf,0.0,0.0,0.0,,4237405318233988177,2025-12-14 22:43:48.224389
2025-12-14,24484,MIN,BOS,30004784,Kirill Kaprizov,shots_on_goal,rf_qrf_shots_on_goal,0.3.0,empirical_qrf,0.05035185185185185,0.0,0.0,,4237405318233988177,2025-12-14 22:43:48.224389
2025-12-14,24484,MIN,BOS,30004835,Brock Faber,shots_on_goal,rf_qrf_shots_on_goal,0.3.0,empirical_qrf,0.10972418799843543,0.0,0.2109022556390978,,4237405318233988177,2025-12-14 22:43:48.224389
2025-12-14,24484,MIN,BOS,30004847,Daemon Hunt,shots_on_goal,rf_qrf_shots_on_goal,0.3.0,empirical_qrf,0.04188613520389373,0.0,0.08536585365853659,,4237405318233988177,2025-12-14 22:43:48.224389
2025-12-14,24484,MIN,BOS,30004935,Matt Kiersted,shots_on_goal,rf_qrf_shots_on_goal,0.3.0,empirical_qrf,0.2464009584040544,0.0,0.46153846153846156,,4237405318233988177,2025-12-14 22:43:48.224389
2025-12-14,24484,MIN,BOS,30002719,Jacob Middleton,shots_on_goal,rf_qrf_shots_on_goal,0.3.0,empirical_qrf,0.09710670812818645,0.0,0.4,,4237405318233988177,2025-12-14 22:43:48.224389
2025-12-14,24484,MIN,BOS,30002820,Joel Eriksson Ek,shots_on_goal,rf_qrf_shots_on_goal,0.3.0,empirical_qrf,0.027326839826839824,0.0,0.0,,4237405318233988177,2025-12-14 22:43:48.224389
2025-12-14,24484,MIN,BOS,30003173,Filip Gustavsson,shots_on_goal,rf_qrf_shots_on_goal,0.3.0,empirical_qrf,0.015572012980553081,0.012434318289762946,0.01854496201665598,,4237405318233988177,2025-12-14 22:43:48.224389
2025-12-14,24484,MIN,BOS,30003611,Cal Petersen,shots_on_goal,rf_qrf_shots_on_goal,0.3.0,empirical_qrf,0.015572012980553081,0.012434318289762946,0.01854496201665598,,4237405318233988177,2025-12-14 22:43:48.224389
2025-12-14,24484,MIN,BOS,30003774,Ben Jones,shots_on_goal,rf_qrf_shots_on_goal,0.3.0,empirical_qrf,0.08357358772513662,0.02976190476190476,0.14446644364033592,,4237405318233988177,2025-12-14 22:43:48.224389
2025-12-14,24484,MIN,BOS,30004196,Ben Gleason,shots_on_goal,rf_qrf_shots_on_goal,0.3.0,empirical_qrf,0.06258680175334198,0.0,0.2535714285714294,,4237405318233988177,2025-12-14 22:43:48.224389
2025-12-14,24484,MIN,BOS,30000797,Vladimir Tarasenko,shots_on_goal,rf_qrf_shots_on_goal,0.3.0,empirical_qrf,0.42234887171651875,0.0,0.75,,4237405318233988177,2025-12-14 22:43:48.224389
2025-12-14,24484,MIN,BOS,30001012,Ryan Hartman,shots_on_goal,rf_qrf_shots_on_goal,0.3.0,empirical_qrf,0.09496825396825397,0.0,0.0,,4237405318233988177,2025-12-14 22:43:48.224389
2025-12-14,24484,MIN,BOS,30001013,Vinnie Hinostroza,shots_on_goal,rf_qrf_shots_on_goal,0.3.0,empirical_qrf,0.0,0.0,0.0,,4237405318233988177,2025-12-14 22:43:48.224389
2025-12-14,24484,MIN,BOS,30001087,Mats Zuccarello,shots_on_goal,rf_qrf_shots_on_goal,0.3.0,empirical_qrf,0.001239942528735632,0.0,0.0,,4237405318233988177,2025-12-14 22:43:48.224389
2025-12-14,24484,MIN,BOS,30001309,Marcus Johansson,shots_on_goal,rf_qrf_shots_on_goal,0.3.0,empirical_qrf,0.053832718888266046,0.0,0.12121212121212122,,4237405318233988177,2025-12-14 22:43:48.224389
2025-12-14,24484,MIN,BOS,30001355,Zach Bogosian,shots_on_goal,rf_qrf_shots_on_goal,0.3.0,empirical_qrf,0.0829455653194625,0.04384049643760055,0.12610452349582785,,4237405318233988177,2025-12-14 22:43:48.224389
2025-12-14,24484,BOS,MIN,30006392,Luke Cavallin,shots_on_goal,rf_qrf_shots_on_goal,0.3.0,empirical_qrf,0.015572012980553081,0.012434318289762946,0.01854496201665598,,4237405318233988177,2025-12-14 22:43:48.224389
2025-12-14,24484,MIN,BOS,30000257,Yakov Trenin,shots_on_goal,rf_qrf_shots_on_goal,0.3.0,empirical_qrf,0.03688822751322752,0.0,0.0,,4237405318233988177,2025-12-14 22:43:48.224389
2025-12-14,24484,MIN,BOS,30000266,Nicolas Aube-Kubel,shots_on_goal,rf_qrf_shots_on_goal,0.3.0,empirical_qrf,0.015208173316006672,0.006006006006006006,0.025320021394187913,,4237405318233988177,2025-12-14 22:43:48.224389
2025-12-14,24484,MIN,BOS,30000499,Marcus Foligno,shots_on_goal,rf_qrf_shots_on_goal,0.3.0,empirical_qrf,0.0032222222222222222,0.0,0.0,,4237405318233988177,2025-12-14 22:43:48.224389
2025-12-14,24484,MIN,BOS,30000517,Jared Spurgeon,shots_on_goal,rf_qrf_shots_on_goal,0.3.0,empirical_qrf,0.0,0.0,0.0,,4237405318233988177,2025-12-14 22:43:48.224389
2025-12-14,24484,MIN,BOS,30000524,Jonas Brodin,shots_on_goal,rf_qrf_shots_on_goal,0.3.0,empirical_qrf,0.13608119190291787,0.04597701149425287,0.23458049886621316,,4237405318233988177,2025-12-14 22:43:48.224389
2025-12-14,24484,BOS,MIN,30005651,Matthew Poitras,shots_on_goal,rf_qrf_shots_on_goal,0.3.0,empirical_qrf,0.19196952534254957,0.0,0.45454545454545453,,4237405318233988177,2025-12-14 22:43:48.224389
2025-12-14,24484,BOS,MIN,30005658,Fraser Minten,shots_on_goal,rf_qrf_shots_on_goal,0.3.0,empirical_qrf,0.053832718888266046,0.0,0.12121212121212122,,4237405318233988177,2025-12-14 22:43:48.224389
2025-12-14,24484,BOS,MIN,30005749,Nolan Maier,shots_on_goal,rf_qrf_shots_on_goal,0.3.0,empirical_qrf,0.01221043771043771,0.0,0.0,,4237405318233988177,2025-12-14 22:43:48.224389
2025-12-14,24484,BOS,MIN,30005760,Joseph Abate,shots_on_goal,rf_qrf_shots_on_goal,0.3.0,empirical_qrf,0.0829455653194625,0.04384049643760055,0.12610452349582785,,4237405318233988177,2025-12-14 22:43:48.224389
2025-12-14,24484,BOS,MIN,30005797,Frederic Brunet,shots_on_goal,rf_qrf_shots_on_goal,0.3.0,empirical_qrf,0.13608119190291787,0.04597701149425287,0.23458049886621316,,4237405318233988177,2025-12-14 22:43:48.224389
2025-12-14,24484,BOS,MIN,30005798,Jackson Edward,shots_on_goal,rf_qrf_shots_on_goal,0.3.0,empirical_qrf,0.2138301516022104,0.0,0.5,,4237405318233988177,2025-12-14 22:43:48.224389
2025-12-14,24484,BOS,MIN,30004998,Fabian Lysell,shots_on_goal,rf_qrf_shots_on_goal,0.3.0,empirical_qrf,0.050326579760635856,0.0,0.12,,4237405318233988177,2025-12-14 22:43:48.224389
2025-12-14,24484,BOS,MIN,30005130,Brett Harrison,shots_on_goal,rf_qrf_shots_on_goal,0.3.0,empirical_qrf,0.27353286528286525,0.0,0.6666666666666666,,4237405318233988177,2025-12-14 22:43:48.224389
2025-12-14,24484,BOS,MIN,30005170,Maximus Wanner,shots_on_goal,rf_qrf_shots_on_goal,0.3.0,empirical_qrf,0.015572012980553081,0.012434318289762946,0.01854496201665598,,4237405318233988177,2025-12-14 22:43:48.224389
2025-12-14,24484,BOS,MIN,30005341,Shawn Element,shots_on_goal,rf_qrf_shots_on_goal,0.3.0,empirical_qrf,0.015572012980553081,0.012434318289762946,0.01854496201665598,,4237405318233988177,2025-12-14 22:43:48.224389
2025-12-14,24484,BOS,MIN,30005367,Michael Callahan,shots_on_goal,rf_qrf_shots_on_goal,0.3.0,empirical_qrf,0.03270836831867466,0.0,0.075,,4237405318233988177,2025-12-14 22:43:48.224389
2025-12-14,24484,BOS,MIN,30005580,Georgi Merkulov,shots_on_goal,rf_qrf_shots_on_goal,0.3.0,empirical_qrf,0.0,0.0,0.0,,4237405318233988177,2025-12-14 22:43:48.224389
2025-12-14,24484,BOS,MIN,30004477,Victor Soderstrom,shots_on_goal,rf_qrf_shots_on_goal,0.3.0,empirical_qrf,0.008512566137566138,0.0,0.0,,4237405318233988177,2025-12-14 22:43:48.224389
2025-12-14,24484,BOS,MIN,30004513,John Farinacci,shots_on_goal,rf_qrf_shots_on_goal,0.3.0,empirical_qrf,0.056549844713438005,0.0,0.2857142857142857,,4237405318233988177,2025-12-14 22:43:48.224389
2025-12-14,24484,BOS,MIN,30004640,Francois Brassard,shots_on_goal,rf_qrf_shots_on_goal,0.3.0,empirical_qrf,0.17229163016808527,0.09752710027100271,0.24719101123595505,,4237405318233988177,2025-12-14 22:43:48.224389
2025-12-14,24484,BOS,MIN,30004851,Marat Khusnutdinov,shots_on_goal,rf_qrf_shots_on_goal,0.3.0,empirical_qrf,0.19441710141710142,0.0,0.42857142857142855,,4237405318233988177,2025-12-14 22:43:48.224389
2025-12-14,24484,BOS,MIN,30004858,Mason Lohrei,shots_on_goal,rf_qrf_shots_on_goal,0.3.0,empirical_qrf,0.053832718888266046,0.0,0.12121212121212122,,4237405318233988177,2025-12-14 22:43:48.224389
2025-12-14,24484,BOS,MIN,30004929,Alex Steeves,shots_on_goal,rf_qrf_shots_on_goal,0.3.0,empirical_qrf,0.02977043036905473,0.0,0.06896551724137931,,4237405318233988177,2025-12-14 22:43:48.224389
2025-12-14,24484,BOS,MIN,30003704,Morgan Geekie,shots_on_goal,rf_qrf_shots_on_goal,0.3.0,empirical_qrf,0.16367989417989415,0.0,1.0,,4237405318233988177,2025-12-14 22:43:48.224389
2025-12-14,24484,BOS,MIN,30003890,Mikey Eyssimont,shots_on_goal,rf_qrf_shots_on_goal,0.3.0,empirical_qrf,0.2732173382173382,0.0,1.0,,4237405318233988177,2025-12-14 22:43:48.224389
2025-12-14,24484,BOS,MIN,30003912,Mark Kastelic,shots_on_goal,rf_qrf_shots_on_goal,0.3.0,empirical_qrf,0.007048040065504088,0.0,0.014285714285714285,,4237405318233988177,2025-12-14 22:43:48.224389
2025-12-14,24484,BOS,MIN,30003991,Jeremy Swayman,shots_on_goal,rf_qrf_shots_on_goal,0.3.0,empirical_qrf,0.015572012980553081,0.012434318289762946,0.01854496201665598,,4237405318233988177,2025-12-14 22:43:48.224389
2025-12-14,24484,BOS,MIN,30004166,Jordan Harris,shots_on_goal,rf_qrf_shots_on_goal,0.3.0,empirical_qrf,0.019405193390487508,0.0,0.0,,4237405318233988177,2025-12-14 22:43:48.224389
2025-12-14,24484,BOS,MIN,30004281,Jonathan Aspirot,shots_on_goal,rf_qrf_shots_on_goal,0.3.0,empirical_qrf,0.0829455653194625,0.04384049643760055,0.12610452349582785,,4237405318233988177,2025-12-14 22:43:48.224389
2025-12-14,24484,BOS,MIN,30003185,Andrew Peeke,shots_on_goal,rf_qrf_shots_on_goal,0.3.0,empirical_qrf,0.0829455653194625,0.04384049643760055,0.12610452349582785,,4237405318233988177,2025-12-14 22:43:48.224389
2025-12-14,24484,BOS,MIN,30003401,Jeffrey Viel,shots_on_goal,rf_qrf_shots_on_goal,0.3.0,empirical_qrf,0.0,0.0,0.0,,4237405318233988177,2025-12-14 22:43:48.224389
2025-12-14,24484,BOS,MIN,30003442,Tanner Jeannot,shots_on_goal,rf_qrf_shots_on_goal,0.3.0,empirical_qrf,0.056287485191731886,0.020202020202020204,0.10121531758770926,,4237405318233988177,2025-12-14 22:43:48.224389
2025-12-14,24484,BOS,MIN,30003581,Shane Starrett,shots_on_goal,rf_qrf_shots_on_goal,0.3.0,empirical_qrf,0.02977043036905473,0.0,0.06896551724137931,,4237405318233988177,2025-12-14 22:43:48.224389
2025-12-14,24484,BOS,MIN,30003643,Casey Mittelstadt,shots_on_goal,rf_qrf_shots_on_goal,0.3.0,empirical_qrf,0.009325396825396825,0.0,0.0,,4237405318233988177,2025-12-14 22:43:48.224389
2025-12-14,24484,BOS,MIN,30003657,Henri Jokiharju,shots_on_goal,rf_qrf_shots_on_goal,0.3.0,empirical_qrf,0.2464009584040544,0.0,0.46153846153846156,,4237405318233988177,2025-12-14 22:43:48.224389
2025-12-14,24484,BOS,MIN,30000995,Pavel Zacha,shots_on_goal,rf_qrf_shots_on_goal,0.3.0,empirical_qrf,0.0,0.0,0.0,,4237405318233988177,2025-12-14 22:43:48.224389
2025-12-14,24484,BOS,MIN,30001264,Hampus Lindholm,shots_on_goal,rf_qrf_shots_on_goal,0.3.0,empirical_qrf,0.07332981979806247,0.0,0.14634146341463414,,4237405318233988177,2025-12-14 22:43:48.224389
2025-12-14,24484,BOS,MIN,30002853,Sean Kuraly,shots_on_goal,rf_qrf_shots_on_goal,0.3.0,empirical_qrf,0.0,0.0,0.0,,4237405318233988177,2025-12-14 22:43:48.224389
2025-12-14,24484,BOS,MIN,30003020,Kasimir Kaskisuo,shots_on_goal,rf_qrf_shots_on_goal,0.3.0,empirical_qrf,0.010368502648345216,0.0,0.0,,4237405318233988177,2025-12-14 22:43:48.224389
2025-12-14,24484,BOS,MIN,30003147,Charlie McAvoy,shots_on_goal,rf_qrf_shots_on_goal,0.3.0,empirical_qrf,0.0,0.0,0.0,,4237405318233988177,2025-12-14 22:43:48.224389
2025-12-14,24484,BOS,MIN,30003151,Riley Tufte,shots_on_goal,rf_qrf_shots_on_goal,0.3.0,empirical_qrf,0.0,0.0,0.0,,4237405318233988177,2025-12-14 22:43:48.224389
2025-12-14,24485,EDM,MON,30000180,Josh Brown,shots_on_goal,rf_qrf_shots_on_goal,0.3.0,empirical_qrf,0.004407859659995136,0.0,0.009950248756218905,,4237405318233988177,2025-12-14 22:43:48.224389
2025-12-14,24485,EDM,MON,30000250,Mattias Ekholm,shots_on_goal,rf_qrf_shots_on_goal,0.3.0,empirical_qrf,0.2570458754208754,0.0,0.5,,4237405318233988177,2025-12-14 22:43:48.224389
2025-12-14,24485,EDM,MON,30000440,Zach Hyman,shots_on_goal,rf_qrf_shots_on_goal,0.3.0,empirical_qrf,0.015572012980553081,0.012434318289762946,0.01854496201665598,,4237405318233988177,2025-12-14 22:43:48.224389
2025-12-14,24485,EDM,MON,30000443,Kasperi Kapanen,shots_on_goal,rf_qrf_shots_on_goal,0.3.0,empirical_qrf,0.03688822751322752,0.0,0.0,,4237405318233988177,2025-12-14 22:43:48.224389
2025-12-14,24485,EDM,MON,30000540,Ryan Nugent-Hopkins,shots_on_goal,rf_qrf_shots_on_goal,0.3.0,empirical_qrf,0.0,0.0,0.0,,4237405318233988177,2025-12-14 22:43:48.224389
2025-12-14,24485,EDM,MON,30000549,Darnell Nurse,shots_on_goal,rf_qrf_shots_on_goal,0.3.0,empirical_qrf,0.005767676767676768,0.0,0.0,,4237405318233988177,2025-12-14 22:43:48.224389
2025-12-14,24485,MON,EDM,30006127,Jacob Fowler,shots_on_goal,rf_qrf_shots_on_goal,0.3.0,empirical_qrf,0.015572012980553081,0.012434318289762946,0.01854496201665598,,4237405318233988177,2025-12-14 22:43:48.224389
2025-12-14,24485,EDM,MON,30003142,Max Jones,shots_on_goal,rf_qrf_shots_on_goal,0.3.0,empirical_qrf,0.004407859659995136,0.0,0.009950248756218905,,4237405318233988177,2025-12-14 22:43:48.224389
2025-12-14,24485,EDM,MON,30000392,Tristan Jarry,shots_on_goal,rf_qrf_shots_on_goal,0.3.0,empirical_qrf,0.015572012980553081,0.012434318289762946,0.01854496201665598,,4237405318233988177,2025-12-14 22:43:48.224389
2025-12-14,24485,EDM,MON,30003345,Riley Stillman,shots_on_goal,rf_qrf_shots_on_goal,0.3.0,empirical_qrf,0.0,0.0,0.0,,4237405318233988177,2025-12-14 22:43:48.224389
2025-12-14,24485,EDM,MON,30004370,Spencer Stastney,shots_on_goal,rf_qrf_shots_on_goal,0.3.0,empirical_qrf,0.015208173316006672,0.006006006006006006,0.025320021394187913,,4237405318233988177,2025-12-14 22:43:48.224389
2025-12-14,24485,EDM,MON,30004490,Sam Poulin,shots_on_goal,rf_qrf_shots_on_goal,0.3.0,empirical_qrf,0.08357358772513662,0.02976190476190476,0.14446644364033592,,4237405318233988177,2025-12-14 22:43:48.224389
2025-12-14,24485,MON,EDM,30006152,Florian Xhekaj,shots_on_goal,rf_qrf_shots_on_goal,0.3.0,empirical_qrf,0.0,0.0,0.0,,4237405318233988177,2025-12-14 22:43:48.224389
2025-12-14,24485,MON,EDM,30006358,Israel Mianscum,shots_on_goal,rf_qrf_shots_on_goal,0.3.0,empirical_qrf,0.015572012980553081,0.012434318289762946,0.01854496201665598,,4237405318233988177,2025-12-14 22:43:48.224389
2025-12-14,24485,MON,EDM,30006485,Ivan Demidov,shots_on_goal,rf_qrf_shots_on_goal,0.3.0,empirical_qrf,0.0,0.0,0.0,,4237405318233988177,2025-12-14 22:43:48.224389
2025-12-14,24485,MON,EDM,30003901,Alex Belzile,shots_on_goal,rf_qrf_shots_on_goal,0.3.0,empirical_qrf,0.0,0.0,0.0,,4237405318233988177,2025-12-14 22:43:48.224389
2025-12-14,24485,MON,EDM,30002592,Kaapo Kahkonen,shots_on_goal,rf_qrf_shots_on_goal,0.3.0,empirical_qrf,0.015572012980553081,0.012434318289762946,0.01854496201665598,,4237405318233988177,2025-12-14 22:43:48.224389
2025-12-14,24485,MON,EDM,30005722,Adam Engstrom,shots_on_goal,rf_qrf_shots_on_goal,0.3.0,empirical_qrf,0.19196952534254957,0.0,0.45454545454545453,,4237405318233988177,2025-12-14 22:43:48.224389
2025-12-14,24485,MON,EDM,30005631,Juraj Slafkovsky,shots_on_goal,rf_qrf_shots_on_goal,0.3.0,empirical_qrf,0.001959378733572282,0.0,0.0,,4237405318233988177,2025-12-14 22:43:48.224389
2025-12-14,24485,MON,EDM,30005645,Filip Mesar,shots_on_goal,rf_qrf_shots_on_goal,0.3.0,empirical_qrf,0.0,0.0,0.0,,4237405318233988177,2025-12-14 22:43:48.224389
2025-12-14,24485,MON,EDM,30005655,Lane Hutson,shots_on_goal,rf_qrf_shots_on_goal,0.3.0,empirical_qrf,0.005767676767676768,0.0,0.0,,4237405318233988177,2025-12-14 22:43:48.224389
2025-12-14,24485,MON,EDM,30005656,Owen Beck,shots_on_goal,rf_qrf_shots_on_goal,0.3.0,empirical_qrf,0.15033126862359647,0.0,0.3076923076923077,,4237405318233988177,2025-12-14 22:43:48.224389
2025-12-14,24485,MON,EDM,30005806,Jared Davidson,shots_on_goal,rf_qrf_shots_on_goal,0.3.0,empirical_qrf,0.0829455653194625,0.04384049643760055,0.12610452349582785,,4237405318233988177,2025-12-14 22:43:48.224389
2025-12-14,24485,MON,EDM,30006060,David Reinbacher,shots_on_goal,rf_qrf_shots_on_goal,0.3.0,empirical_qrf,0.007048040065504088,0.0,0.014285714285714285,,4237405318233988177,2025-12-14 22:43:48.224389
2025-12-14,24485,MON,EDM,30005127,Joe Vrbetic,shots_on_goal,rf_qrf_shots_on_goal,0.3.0,empirical_qrf,0.015572012980553081,0.012434318289762946,0.01854496201665598,,4237405318233988177,2025-12-14 22:43:48.224389
2025-12-14,24485,MON,EDM,30005128,Arber Xhekaj,shots_on_goal,rf_qrf_shots_on_goal,0.3.0,empirical_qrf,0.03222630260678034,0.0,0.07894736842105263,,4237405318233988177,2025-12-14 22:43:48.224389
2025-12-14,24485,MON,EDM,30005287,Gannon Laroque,shots_on_goal,rf_qrf_shots_on_goal,0.3.0,empirical_qrf,0.015572012980553081,0.012434318289762946,0.01854496201665598,,4237405318233988177,2025-12-14 22:43:48.224389
2025-12-14,24485,MON,EDM,30005288,Ben Gaudreau,shots_on_goal,rf_qrf_shots_on_goal,0.3.0,empirical_qrf,0.015572012980553081,0.012434318289762946,0.01854496201665598,,4237405318233988177,2025-12-14 22:43:48.224389
2025-12-14,24485,MON,EDM,30005534,Jakub Dobes,shots_on_goal,rf_qrf_shots_on_goal,0.3.0,empirical_qrf,0.015572012980553081,0.012434318289762946,0.01854496201665598,,4237405318233988177,2025-12-14 22:43:48.224389
2025-12-14,24485,MON,EDM,30005574,Lucas Condotta,shots_on_goal,rf_qrf_shots_on_goal,0.3.0,empirical_qrf,0.07938440591882408,0.0,0.16129032258064516,,4237405318233988177,2025-12-14 22:43:48.224389
2025-12-14,24485,MON,EDM,30004990,Zachary Bolduc,shots_on_goal,rf_qrf_shots_on_goal,0.3.0,empirical_qrf,0.0,0.0,0.0,,4237405318233988177,2025-12-14 22:43:48.224389
2025-12-14,24485,MON,EDM,30005021,Oliver Kapanen,shots_on_goal,rf_qrf_shots_on_goal,0.3.0,empirical_qrf,0.0032222222222222222,0.0,0.0,,4237405318233988177,2025-12-14 22:43:48.224389
2025-12-14,24485,MON,EDM,30005022,Riley Kidney,shots_on_goal,rf_qrf_shots_on_goal,0.3.0,empirical_qrf,0.15785164835164836,0.0,0.4,,4237405318233988177,2025-12-14 22:43:48.224389
2025-12-14,24485,MON,EDM,30005118,Tobie Paquette-Bisson,shots_on_goal,rf_qrf_shots_on_goal,0.3.0,empirical_qrf,0.04132530824717687,0.0,0.18571428571428583,,4237405318233988177,2025-12-14 22:43:48.224389
2025-12-14,24485,MON,EDM,30005121,Joshua Roy,shots_on_goal,rf_qrf_shots_on_goal,0.3.0,empirical_qrf,0.015208173316006672,0.006006006006006006,0.025320021394187913,,4237405318233988177,2025-12-14 22:43:48.224389
2025-12-14,24485,MON,EDM,30005122,Xavier Simoneau,shots_on_goal,rf_qrf_shots_on_goal,0.3.0,empirical_qrf,0.015572012980553081,0.012434318289762946,0.01854496201665598,,4237405318233988177,2025-12-14 22:43:48.224389
2025-12-14,24485,MON,EDM,30004803,Kaiden Guhle,shots_on_goal,rf_qrf_shots_on_goal,0.3.0,empirical_qrf,0.05658032230075988,0.0,0.13636363636363635,,4237405318233988177,2025-12-14 22:43:48.224389
2025-12-14,24485,MON,EDM,30004866,Ryan O'Rourke,shots_on_goal,rf_qrf_shots_on_goal,0.3.0,empirical_qrf,0.35499678853568173,0.0,0.7272727272727273,,4237405318233988177,2025-12-14 22:43:48.224389
2025-12-14,24485,MON,EDM,30004876,Ty Smilanic,shots_on_goal,rf_qrf_shots_on_goal,0.3.0,empirical_qrf,0.015572012980553081,0.012434318289762946,0.01854496201665598,,4237405318233988177,2025-12-14 22:43:48.224389
2025-12-14,24485,MON,EDM,30004894,Sean Farrell,shots_on_goal,rf_qrf_shots_on_goal,0.3.0,empirical_qrf,0.546369693415746,0.0,1.1025000000000007,,4237405318233988177,2025-12-14 22:43:48.224389
2025-12-14,24485,MON,EDM,30004928,Cole Caufield,shots_on_goal,rf_qrf_shots_on_goal,0.3.0,empirical_qrf,0.01843915343915344,0.0,0.0,,4237405318233988177,2025-12-14 22:43:48.224389
2025-12-14,24485,MON,EDM,30004950,Marc Del Gaizo,shots_on_goal,rf_qrf_shots_on_goal,0.3.0,empirical_qrf,0.02977043036905473,0.0,0.06896551724137931,,4237405318233988177,2025-12-14 22:43:48.224389
2025-12-14,24485,MON,EDM,30004284,Kevin Mandolese,shots_on_goal,rf_qrf_shots_on_goal,0.3.0,empirical_qrf,0.015572012980553081,0.012434318289762946,0.01854496201665598,,4237405318233988177,2025-12-14 22:43:48.224389
2025-12-14,24485,MON,EDM,30004361,Josh Anderson,shots_on_goal,rf_qrf_shots_on_goal,0.3.0,empirical_qrf,0.0010091250670960816,0.0,0.0,,4237405318233988177,2025-12-14 22:43:48.224389
2025-12-14,24485,MON,EDM,30004472,Kirby Dach,shots_on_goal,rf_qrf_shots_on_goal,0.3.0,empirical_qrf,0.05748754616642651,0.0,0.13333333333333333,,4237405318233988177,2025-12-14 22:43:48.224389
2025-12-14,24485,MON,EDM,30004486,Alex Newhook,shots_on_goal,rf_qrf_shots_on_goal,0.3.0,empirical_qrf,0.640461852961853,0.0,1.5,,4237405318233988177,2025-12-14 22:43:48.224389
2025-12-14,24485,MON,EDM,30004520,Hunter Jones,shots_on_goal,rf_qrf_shots_on_goal,0.3.0,empirical_qrf,0.0,0.0,0.0,,4237405318233988177,2025-12-14 22:43:48.224389
2025-12-14,24485,MON,EDM,30004559,Jayden Struble,shots_on_goal,rf_qrf_shots_on_goal,0.3.0,empirical_qrf,0.08357358772513662,0.02976190476190476,0.14446644364033592,,4237405318233988177,2025-12-14 22:43:48.224389
2025-12-14,24485,MON,EDM,30003687,Alexandre Texier,shots_on_goal,rf_qrf_shots_on_goal,0.3.0,empirical_qrf,0.007048040065504088,0.0,0.014285714285714285,,4237405318233988177,2025-12-14 22:43:48.224389
2025-12-14,24485,MON,EDM,30003958,Nate Clurman,shots_on_goal,rf_qrf_shots_on_goal,0.3.0,empirical_qrf,0.06462975447180386,0.0,0.1509433962264151,,4237405318233988177,2025-12-14 22:43:48.224389
2025-12-14,24485,MON,EDM,30003990,Jake Evans,shots_on_goal,rf_qrf_shots_on_goal,0.3.0,empirical_qrf,0.06462975447180386,0.0,0.1509433962264151,,4237405318233988177,2025-12-14 22:43:48.224389
2025-12-14,24485,MON,EDM,30004086,Noah Dobson,shots_on_goal,rf_qrf_shots_on_goal,0.3.0,empirical_qrf,0.004980007307541765,0.0,0.0,,4237405318233988177,2025-12-14 22:43:48.224389
2025-12-14,24485,MON,EDM,30004101,Joe Veleno,shots_on_goal,rf_qrf_shots_on_goal,0.3.0,empirical_qrf,0.0,0.0,0.0,,4237405318233988177,2025-12-14 22:43:48.224389
2025-12-14,24485,MON,EDM,30004204,Wyatte Wylie,shots_on_goal,rf_qrf_shots_on_goal,0.3.0,empirical_qrf,0.15319396344396344,0.0,0.5,,4237405318233988177,2025-12-14 22:43:48.224389
2025-12-14,24485,MON,EDM,30002601,Joshua Jacobs,shots_on_goal,rf_qrf_shots_on_goal,0.3.0,empirical_qrf,0.015572012980553081,0.012434318289762946,0.01854496201665598,,4237405318233988177,2025-12-14 22:43:48.224389
2025-12-14,24485,MON,EDM,30002663,Vincent Arseneau,shots_on_goal,rf_qrf_shots_on_goal,0.3.0,empirical_qrf,0.015572012980553081,0.012434318289762946,0.01854496201665598,,4237405318233988177,2025-12-14 22:43:48.224389
2025-12-14,24485,MON,EDM,30002781,Sam Montembeault,shots_on_goal,rf_qrf_shots_on_goal,0.3.0,empirical_qrf,0.015572012980553081,0.012434318289762946,0.01854496201665598,,4237405318233988177,2025-12-14 22:43:48.224389
2025-12-14,24485,MON,EDM,30002825,Alexandre Carrier,shots_on_goal,rf_qrf_shots_on_goal,0.3.0,empirical_qrf,0.0,0.0,0.0,,4237405318233988177,2025-12-14 22:43:48.224389
2025-12-14,24485,MON,EDM,30003131,Patrik Laine,shots_on_goal,rf_qrf_shots_on_goal,0.3.0,empirical_qrf,0.03688822751322752,0.0,0.0,,4237405318233988177,2025-12-14 22:43:48.224389
2025-12-14,24485,MON,EDM,30003667,Nick Suzuki,shots_on_goal,rf_qrf_shots_on_goal,0.3.0,empirical_qrf,0.4977332251082251,0.0,1.0,,4237405318233988177,2025-12-14 22:43:48.224389
2025-12-14,24485,EDM,MON,30006846,David Tomasek,shots_on_goal,rf_qrf_shots_on_goal,0.3.0,empirical_qrf,0.0,0.0,0.0,,4237405318233988177,2025-12-14 22:43:48.224389
2025-12-14,24485,MON,EDM,30000015,Brendan Gallagher,shots_on_goal,rf_qrf_shots_on_goal,0.3.0,empirical_qrf,0.26351224238724236,0.0,0.5,,4237405318233988177,2025-12-14 22:43:48.224389
2025-12-14,24485,MON,EDM,30000227,Mike Matheson,shots_on_goal,rf_qrf_shots_on_goal,0.3.0,empirical_qrf,0.001239942528735632,0.0,0.0,,4237405318233988177,2025-12-14 22:43:48.224389
2025-12-14,24485,MON,EDM,30000555,Tyler Wotherspoon,shots_on_goal,rf_qrf_shots_on_goal,0.3.0,empirical_qrf,0.015572012980553081,0.012434318289762946,0.01854496201665598,,4237405318233988177,2025-12-14 22:43:48.224389
2025-12-14,24485,MON,EDM,30000670,Sammy Blais,shots_on_goal,rf_qrf_shots_on_goal,0.3.0,empirical_qrf,0.13608119190291787,0.04597701149425287,0.23458049886621316,,4237405318233988177,2025-12-14 22:43:48.224389
2025-12-14,24485,MON,EDM,30001395,Laurent Dauphin,shots_on_goal,rf_qrf_shots_on_goal,0.3.0,empirical_qrf,0.17229163016808527,0.09752710027100271,0.24719101123595505,,4237405318233988177,2025-12-14 22:43:48.224389
2025-12-14,24485,EDM,MON,30005731,Mats Lindgren,shots_on_goal,rf_qrf_shots_on_goal,0.3.0,empirical_qrf,0.015572012980553081,0.012434318289762946,0.01854496201665598,,4237405318233988177,2025-12-14 22:43:48.224389
2025-12-14,24485,EDM,MON,30005931,Brady Stonehouse,shots_on_goal,rf_qrf_shots_on_goal,0.3.0,empirical_qrf,0.015572012980553081,0.012434318289762946,0.01854496201665598,,4237405318233988177,2025-12-14 22:43:48.224389
2025-12-14,24485,EDM,MON,30006112,Beau Akey,shots_on_goal,rf_qrf_shots_on_goal,0.3.0,empirical_qrf,0.006342056217437901,0.0,0.013802681992337166,,4237405318233988177,2025-12-14 22:43:48.224389
2025-12-14,24485,EDM,MON,30006225,Nathaniel Day,shots_on_goal,rf_qrf_shots_on_goal,0.3.0,empirical_qrf,0.015572012980553081,0.012434318289762946,0.01854496201665598,,4237405318233988177,2025-12-14 22:43:48.224389
2025-12-14,24485,EDM,MON,30006327,Matt Brown,shots_on_goal,rf_qrf_shots_on_goal,0.3.0,empirical_qrf,0.015572012980553081,0.012434318289762946,0.01854496201665598,,4237405318233988177,2025-12-14 22:43:48.224389
2025-12-14,24485,EDM,MON,30006393,Connor Clattenburg,shots_on_goal,rf_qrf_shots_on_goal,0.3.0,empirical_qrf,0.0,0.0,0.0,,4237405318233988177,2025-12-14 22:43:48.224389
2025-12-14,24485,EDM,MON,30004625,Mason Millman,shots_on_goal,rf_qrf_shots_on_goal,0.3.0,empirical_qrf,0.23281679261372393,0.041666666666666664,0.4501612903225807,,4237405318233988177,2025-12-14 22:43:48.224389
2025-12-14,24485,EDM,MON,30004871,Luke Prokop,shots_on_goal,rf_qrf_shots_on_goal,0.3.0,empirical_qrf,0.0829455653194625,0.04384049643760055,0.12610452349582785,,4237405318233988177,2025-12-14 22:43:48.224389
2025-12-14,24485,EDM,MON,30005174,Matvey Petrov,shots_on_goal,rf_qrf_shots_on_goal,0.3.0,empirical_qrf,0.015572012980553081,0.012434318289762946,0.01854496201665598,,4237405318233988177,2025-12-14 22:43:48.224389
2025-12-14,24485,EDM,MON,30005177,James Hamblin,shots_on_goal,rf_qrf_shots_on_goal,0.3.0,empirical_qrf,0.004407859659995136,0.0,0.009950248756218905,,4237405318233988177,2025-12-14 22:43:48.224389
2025-12-14,24485,EDM,MON,30005185,Jayden Grubbe,shots_on_goal,rf_qrf_shots_on_goal,0.3.0,empirical_qrf,0.0829455653194625,0.04384049643760055,0.12610452349582785,,4237405318233988177,2025-12-14 22:43:48.224389
2025-12-14,24485,EDM,MON,30005633,Matt Savoie,shots_on_goal,rf_qrf_shots_on_goal,0.3.0,empirical_qrf,0.0,0.0,0.0,,4237405318233988177,2025-12-14 22:43:48.224389
2025-12-14,24485,EDM,MON,30003211,Rem Pitlick,shots_on_goal,rf_qrf_shots_on_goal,0.3.0,empirical_qrf,0.015572012980553081,0.012434318289762946,0.01854496201665598,,4237405318233988177,2025-12-14 22:43:48.224389
2025-12-14,24485,EDM,MON,30003770,Matt Tomkins,shots_on_goal,rf_qrf_shots_on_goal,0.3.0,empirical_qrf,0.015572012980553081,0.012434318289762946,0.01854496201665598,,4237405318233988177,2025-12-14 22:43:48.224389
2025-12-14,24485,EDM,MON,30004081,Evan Bouchard,shots_on_goal,rf_qrf_shots_on_goal,0.3.0,empirical_qrf,0.011805555555555557,0.0,0.0,,4237405318233988177,2025-12-14 22:43:48.224389
2025-12-14,24485,EDM,MON,30004156,Alec Regula,shots_on_goal,rf_qrf_shots_on_goal,0.3.0,empirical_qrf,0.0829455653194625,0.04384049643760055,0.12610452349582785,,4237405318233988177,2025-12-14 22:43:48.224389
2025-12-14,24485,EDM,MON,30004165,Ty Emberson,shots_on_goal,rf_qrf_shots_on_goal,0.3.0,empirical_qrf,0.004117786453312769,0.0,0.0,,4237405318233988177,2025-12-14 22:43:48.224389
2025-12-14,24485,EDM,MON,30004476,Vasily Podkolzin,shots_on_goal,rf_qrf_shots_on_goal,0.3.0,empirical_qrf,0.022954425204425203,0.0,0.0,,4237405318233988177,2025-12-14 22:43:48.224389
2025-12-14,24485,EDM,MON,30001368,Seth Griffith,shots_on_goal,rf_qrf_shots_on_goal,0.3.0,empirical_qrf,0.015572012980553081,0.012434318289762946,0.01854496201665598,,4237405318233988177,2025-12-14 22:43:48.224389
2025-12-14,24485,EDM,MON,30002218,Andrew Mangiapane,shots_on_goal,rf_qrf_shots_on_goal,0.3.0,empirical_qrf,0.0,0.0,0.0,,4237405318233988177,2025-12-14 22:43:48.224389
2025-12-14,24485,EDM,MON,30002623,Jake Walman,shots_on_goal,rf_qrf_shots_on_goal,0.3.0,empirical_qrf,0.16282582695082695,0.0,0.4,,4237405318233988177,2025-12-14 22:43:48.224389
2025-12-14,24485,EDM,MON,30002787,Connor Ingram,shots_on_goal,rf_qrf_shots_on_goal,0.3.0,empirical_qrf,0.015572012980553081,0.012434318289762946,0.01854496201665598,,4237405318233988177,2025-12-14 22:43:48.224389
2025-12-14,24485,EDM,MON,30002824,Jack Roslovic,shots_on_goal,rf_qrf_shots_on_goal,0.3.0,empirical_qrf,0.0829455653194625,0.04384049643760055,0.12610452349582785,,4237405318233988177,2025-12-14 22:43:48.224389
2025-12-14,24485,EDM,MON,30003157,Trent Frederic,shots_on_goal,rf_qrf_shots_on_goal,0.3.0,empirical_qrf,0.0,0.0,0.0,,4237405318233988177,2025-12-14 22:43:48.224389
2025-12-14,24485,EDM,MON,30000752,Mattias Janmark,shots_on_goal,rf_qrf_shots_on_goal,0.3.0,empirical_qrf,0.004407859659995136,0.0,0.009950248756218905,,4237405318233988177,2025-12-14 22:43:48.224389
2025-12-14,24485,EDM,MON,30000965,Curtis Lazar,shots_on_goal,rf_qrf_shots_on_goal,0.3.0,empirical_qrf,0.004407859659995136,0.0,0.009950248756218905,,4237405318233988177,2025-12-14 22:43:48.224389
2025-12-14,24485,EDM,MON,30000987,Adam Henrique,shots_on_goal,rf_qrf_shots_on_goal,0.3.0,empirical_qrf,0.003818209541335691,0.0,0.0,,4237405318233988177,2025-12-14 22:43:48.224389
2025-12-14,24485,EDM,MON,30001076,Leon Draisaitl,shots_on_goal,rf_qrf_shots_on_goal,0.3.0,empirical_qrf,0.023666666666666666,0.0,0.0,,4237405318233988177,2025-12-14 22:43:48.224389
2025-12-14,24485,EDM,MON,30001233,Connor McDavid,shots_on_goal,rf_qrf_shots_on_goal,0.3.0,empirical_qrf,0.004138888888888889,0.0,0.0,,4237405318233988177,2025-12-14 22:43:48.224389
2025-12-14,24485,EDM,MON,30001304,Calvin Pickard,shots_on_goal,rf_qrf_shots_on_goal,0.3.0,empirical_qrf,0.015572012980553081,0.012434318289762946,0.01854496201665598,,4237405318233988177,2025-12-14 22:43:48.224389
2025-12-14,24486,BUF,SEA,30000523,Jason Zucker,shots_on_goal,rf_qrf_shots_on_goal,0.3.0,empirical_qrf,0.19441710141710142,0.0,0.42857142857142855,,4237405318233988177,2025-12-14 22:43:48.224389
2025-12-14,24486,BUF,SEA,30002577,Alex Tuch,shots_on_goal,rf_qrf_shots_on_goal,0.3.0,empirical_qrf,0.9148472222222221,0.0,2.0,,4237405318233988177,2025-12-14 22:43:48.224389
2025-12-14,24486,BUF,SEA,30002762,Mason Geertsen,shots_on_goal,rf_qrf_shots_on_goal,0.3.0,empirical_qrf,0.015208173316006672,0.006006006006006006,0.025320021394187913,,4237405318233988177,2025-12-14 22:43:48.224389
2025-12-14,24486,BUF,SEA,30002774,Jordan Greenway,shots_on_goal,rf_qrf_shots_on_goal,0.3.0,empirical_qrf,0.015572012980553081,0.012434318289762946,0.01854496201665598,,4237405318233988177,2025-12-14 22:43:48.224389
2025-12-14,24486,BUF,SEA,30002797,Brendan Warren,shots_on_goal,rf_qrf_shots_on_goal,0.3.0,empirical_qrf,0.0829455653194625,0.04384049643760055,0.12610452349582785,,4237405318233988177,2025-12-14 22:43:48.224389
2025-12-14,24486,BUF,SEA,30003074,Alex Lyon,shots_on_goal,rf_qrf_shots_on_goal,0.3.0,empirical_qrf,0.015572012980553081,0.012434318289762946,0.01854496201665598,,4237405318233988177,2025-12-14 22:43:48.224389
2025-12-14,24486,SEA,BUF,30006119,Lukas Dragicevic,shots_on_goal,rf_qrf_shots_on_goal,0.3.0,empirical_qrf,0.0,0.0,0.0,,4237405318233988177,2025-12-14 22:43:48.224389
2025-12-14,24486,SEA,BUF,30006121,Carson Rehkopf,shots_on_goal,rf_qrf_shots_on_goal,0.3.0,empirical_qrf,0.1057278181842245,0.0,0.25,,4237405318233988177,2025-12-14 22:43:48.224389
2025-12-14,24486,SEA,BUF,30006125,Caden Price,shots_on_goal,rf_qrf_shots_on_goal,0.3.0,empirical_qrf,0.0829455653194625,0.04384049643760055,0.12610452349582785,,4237405318233988177,2025-12-14 22:43:48.224389
2025-12-14,24486,SEA,BUF,30006197,Andrei Loshko,shots_on_goal,rf_qrf_shots_on_goal,0.3.0,empirical_qrf,0.015572012980553081,0.012434318289762946,0.01854496201665598,,4237405318233988177,2025-12-14 22:43:48.224389
2025-12-14,24486,SEA,BUF,30006437,Kaden Hammell,shots_on_goal,rf_qrf_shots_on_goal,0.3.0,empirical_qrf,0.007048040065504088,0.0,0.014285714285714285,,4237405318233988177,2025-12-14 22:43:48.224389
2025-12-14,24486,SEA,BUF,30005680,David Goyette,shots_on_goal,rf_qrf_shots_on_goal,0.3.0,empirical_qrf,0.17229163016808527,0.09752710027100271,0.24719101123595505,,4237405318233988177,2025-12-14 22:43:48.224389
2025-12-14,24486,SEA,BUF,30005681,Jagger Firkus,shots_on_goal,rf_qrf_shots_on_goal,0.3.0,empirical_qrf,0.0012767010175546761,0.0,0.0,,4237405318233988177,2025-12-14 22:43:48.224389
2025-12-14,24486,SEA,BUF,30005682,Jani Nyman,shots_on_goal,rf_qrf_shots_on_goal,0.3.0,empirical_qrf,0.09305952380952381,0.0,0.20500000000000115,,4237405318233988177,2025-12-14 22:43:48.224389
2025-12-14,24486,SEA,BUF,30005683,Niklas Kokko,shots_on_goal,rf_qrf_shots_on_goal,0.3.0,empirical_qrf,0.015572012980553081,0.012434318289762946,0.01854496201665598,,4237405318233988177,2025-12-14 22:43:48.224389
2025-12-14,24486,SEA,BUF,30005757,Ty Nelson,shots_on_goal,rf_qrf_shots_on_goal,0.3.0,empirical_qrf,0.015572012980553081,0.012434318289762946,0.01854496201665598,,4237405318233988177,2025-12-14 22:43:48.224389
2025-12-14,24486,SEA,BUF,30006087,Eduard Sale,shots_on_goal,rf_qrf_shots_on_goal,0.3.0,empirical_qrf,0.0,0.0,0.0,,4237405318233988177,2025-12-14 22:43:48.224389
2025-12-14,24486,SEA,BUF,30005337,Ryan Winterton,shots_on_goal,rf_qrf_shots_on_goal,0.3.0,empirical_qrf,0.0610741711991712,0.0,0.114285714285715,,4237405318233988177,2025-12-14 22:43:48.224389
2025-12-14,24486,SEA,BUF,30005447,Ville Ottavainen,shots_on_goal,rf_qrf_shots_on_goal,0.3.0,empirical_qrf,0.0,0.0,0.0,,4237405318233988177,2025-12-14 22:43:48.224389
2025-12-14,24486,SEA,BUF,30005503,Logan Morrison,shots_on_goal,rf_qrf_shots_on_goal,0.3.0,empirical_qrf,0.1457647815147815,0.0,0.5,,4237405318233988177,2025-12-14 22:43:48.224389
2025-12-14,24486,SEA,BUF,30005582,Ben Meyers,shots_on_goal,rf_qrf_shots_on_goal,0.3.0,empirical_qrf,0.0008531746031746031,0.0,0.0,,4237405318233988177,2025-12-14 22:43:48.224389
2025-12-14,24486,SEA,BUF,30005593,Peetro Seppala,shots_on_goal,rf_qrf_shots_on_goal,0.3.0,empirical_qrf,0.015572012980553081,0.012434318289762946,0.01854496201665598,,4237405318233988177,2025-12-14 22:43:48.224389
2025-12-14,24486,SEA,BUF,30005616,Shane Wright,shots_on_goal,rf_qrf_shots_on_goal,0.3.0,empirical_qrf,0.26351224238724236,0.0,0.5,,4237405318233988177,2025-12-14 22:43:48.224389
2025-12-14,24486,SEA,BUF,30004471,Kaapo Kakko,shots_on_goal,rf_qrf_shots_on_goal,0.3.0,empirical_qrf,0.016645382395382397,0.0,0.0,,4237405318233988177,2025-12-14 22:43:48.224389
2025-12-14,24486,SEA,BUF,30005040,Matty Beniers,shots_on_goal,rf_qrf_shots_on_goal,0.3.0,empirical_qrf,0.03722763347763348,0.0,0.0,,4237405318233988177,2025-12-14 22:43:48.224389
2025-12-14,24486,SEA,BUF,30005042,Ryker Evans,shots_on_goal,rf_qrf_shots_on_goal,0.3.0,empirical_qrf,0.08357358772513662,0.02976190476190476,0.14446644364033592,,4237405318233988177,2025-12-14 22:43:48.224389
2025-12-14,24486,SEA,BUF,30005239,Jakov Novak,shots_on_goal,rf_qrf_shots_on_goal,0.3.0,empirical_qrf,0.015572012980553081,0.012434318289762946,0.01854496201665598,,4237405318233988177,2025-12-14 22:43:48.224389
2025-12-14,24486,SEA,BUF,30005333,Jacob Melanson,shots_on_goal,rf_qrf_shots_on_goal,0.3.0,empirical_qrf,0.050326579760635856,0.0,0.12,,4237405318233988177,2025-12-14 22:43:48.224389
2025-12-14,24486,SEA,BUF,30005336,Tye Kartye,shots_on_goal,rf_qrf_shots_on_goal,0.3.0,empirical_qrf,0.0,0.0,0.0,,4237405318233988177,2025-12-14 22:43:48.224389
2025-12-14,24486,SEA,BUF,30003184,Ryan Lindgren,shots_on_goal,rf_qrf_shots_on_goal,0.3.0,empirical_qrf,0.10972418799843543,0.0,0.2109022556390978,,4237405318233988177,2025-12-14 22:43:48.224389
2025-12-14,24486,SEA,BUF,30003188,Jack LaFontaine,shots_on_goal,rf_qrf_shots_on_goal,0.3.0,empirical_qrf,0.821300986050986,0.0,2.0,,4237405318233988177,2025-12-14 22:43:48.224389
2025-12-14,24486,SEA,BUF,30003214,Joshua Mahura,shots_on_goal,rf_qrf_shots_on_goal,0.3.0,empirical_qrf,0.07938440591882408,0.0,0.16129032258064516,,4237405318233988177,2025-12-14 22:43:48.224389
2025-12-14,24486,SEA,BUF,30003660,Eeli Tolvanen,shots_on_goal,rf_qrf_shots_on_goal,0.3.0,empirical_qrf,0.00125,0.0,0.0,,4237405318233988177,2025-12-14 22:43:48.224389
2025-12-14,24486,SEA,BUF,30003703,Cale Fleury,shots_on_goal,rf_qrf_shots_on_goal,0.3.0,empirical_qrf,0.19196952534254957,0.0,0.45454545454545453,,4237405318233988177,2025-12-14 22:43:48.224389
2025-12-14,24486,SEA,BUF,30004419,Joey Daccord,shots_on_goal,rf_qrf_shots_on_goal,0.3.0,empirical_qrf,0.015572012980553081,0.012434318289762946,0.01854496201665598,,4237405318233988177,2025-12-14 22:43:48.224389
2025-12-14,24486,SEA,BUF,30000812,Gustav Olofsson,shots_on_goal,rf_qrf_shots_on_goal,0.3.0,empirical_qrf,0.015572012980553081,0.012434318289762946,0.01854496201665598,,4237405318233988177,2025-12-14 22:43:48.224389
2025-12-14,24486,SEA,BUF,30000882,Brandon Montour,shots_on_goal,rf_qrf_shots_on_goal,0.3.0,empirical_qrf,0.2918280423280423,0.0,1.6,,4237405318233988177,2025-12-14 22:43:48.224389
2025-12-14,24486,SEA,BUF,30000929,Jared McCann,shots_on_goal,rf_qrf_shots_on_goal,0.3.0,empirical_qrf,0.00020833333333333335,0.0,0.0,,4237405318233988177,2025-12-14 22:43:48.224389
2025-12-14,24486,SEA,BUF,30002223,Mason Marchment,shots_on_goal,rf_qrf_shots_on_goal,0.3.0,empirical_qrf,0.0,0.0,0.0,,4237405318233988177,2025-12-14 22:43:48.224389
2025-12-14,24486,SEA,BUF,30002529,John Hayden,shots_on_goal,rf_qrf_shots_on_goal,0.3.0,empirical_qrf,0.004117786453312769,0.0,0.0,,4237405318233988177,2025-12-14 22:43:48.224389
2025-12-14,24486,SEA,BUF,30002711,Frederick Gaudreau,shots_on_goal,rf_qrf_shots_on_goal,0.3.0,empirical_qrf,0.040635102627933635,0.0,0.1,,4237405318233988177,2025-12-14 22:43:48.224389
2025-12-14,24486,SEA,BUF,30000577,Philipp Grubauer,shots_on_goal,rf_qrf_shots_on_goal,0.3.0,empirical_qrf,0.015572012980553081,0.012434318289762946,0.01854496201665598,,4237405318233988177,2025-12-14 22:43:48.224389
2025-12-14,24486,SEA,BUF,30000596,Chandler Stephenson,shots_on_goal,rf_qrf_shots_on_goal,0.3.0,empirical_qrf,0.015208173316006672,0.006006006006006006,0.025320021394187913,,4237405318233988177,2025-12-14 22:43:48.224389
2025-12-14,24486,SEA,BUF,30000629,Matt Murray,shots_on_goal,rf_qrf_shots_on_goal,0.3.0,empirical_qrf,0.015572012980553081,0.012434318289762946,0.01854496201665598,,4237405318233988177,2025-12-14 22:43:48.224389
2025-12-14,24486,SEA,BUF,30000674,Vince Dunn,shots_on_goal,rf_qrf_shots_on_goal,0.3.0,empirical_qrf,0.05587632275132274,0.0,0.0,,4237405318233988177,2025-12-14 22:43:48.224389
2025-12-14,24486,SEA,BUF,30000758,Jamie Oleksiak,shots_on_goal,rf_qrf_shots_on_goal,0.3.0,empirical_qrf,0.07332981979806247,0.0,0.14634146341463414,,4237405318233988177,2025-12-14 22:43:48.224389
2025-12-14,24486,SEA,BUF,30000794,Jaden Schwartz,shots_on_goal,rf_qrf_shots_on_goal,0.3.0,empirical_qrf,0.0043518518518518515,0.0,0.0,,4237405318233988177,2025-12-14 22:43:48.224389
2025-12-14,24486,BUF,SEA,30006340,Zach Metsa,shots_on_goal,rf_qrf_shots_on_goal,0.3.0,empirical_qrf,0.16282582695082695,0.0,0.4,,4237405318233988177,2025-12-14 22:43:48.224389
2025-12-14,24486,BUF,SEA,30006341,Christopher Brown,shots_on_goal,rf_qrf_shots_on_goal,0.3.0,empirical_qrf,0.015572012980553081,0.012434318289762946,0.01854496201665598,,4237405318233988177,2025-12-14 22:43:48.224389
2025-12-14,24486,BUF,SEA,30006342,Dominick Mersch,shots_on_goal,rf_qrf_shots_on_goal,0.3.0,empirical_qrf,0.015572012980553081,0.012434318289762946,0.01854496201665598,,4237405318233988177,2025-12-14 22:43:48.224389
2025-12-14,24486,SEA,BUF,30000303,Adam Larsson,shots_on_goal,rf_qrf_shots_on_goal,0.3.0,empirical_qrf,0.0010091250670960816,0.0,0.0,,4237405318233988177,2025-12-14 22:43:48.224389
2025-12-14,24486,SEA,BUF,30000460,Max McCormick,shots_on_goal,rf_qrf_shots_on_goal,0.3.0,empirical_qrf,0.17229163016808527,0.09752710027100271,0.24719101123595505,,4237405318233988177,2025-12-14 22:43:48.224389
2025-12-14,24486,SEA,BUF,30000539,Jordan Eberle,shots_on_goal,rf_qrf_shots_on_goal,0.3.0,empirical_qrf,0.014087301587301588,0.0,0.0,,4237405318233988177,2025-12-14 22:43:48.224389
2025-12-14,24486,BUF,SEA,30005767,Graham Slaggert,shots_on_goal,rf_qrf_shots_on_goal,0.3.0,empirical_qrf,0.27267724867724863,0.0,1.0,,4237405318233988177,2025-12-14 22:43:48.224389
2025-12-14,24486,BUF,SEA,30005793,Riley Fiddler-Schultz,shots_on_goal,rf_qrf_shots_on_goal,0.3.0,empirical_qrf,0.23281679261372393,0.041666666666666664,0.4501612903225807,,4237405318233988177,2025-12-14 22:43:48.224389
2025-12-14,24486,BUF,SEA,30006028,Jagger Joshua,shots_on_goal,rf_qrf_shots_on_goal,0.3.0,empirical_qrf,0.19196952534254957,0.0,0.45454545454545453,,4237405318233988177,2025-12-14 22:43:48.224389
2025-12-14,24486,BUF,SEA,30006039,Aidan Fulp,shots_on_goal,rf_qrf_shots_on_goal,0.3.0,empirical_qrf,0.015572012980553081,0.012434318289762946,0.01854496201665598,,4237405318233988177,2025-12-14 22:43:48.224389
2025-12-14,24486,BUF,SEA,30006070,Zach Benson,shots_on_goal,rf_qrf_shots_on_goal,0.3.0,empirical_qrf,0.0,0.0,0.0,,4237405318233988177,2025-12-14 22:43:48.224389
2025-12-14,24486,BUF,SEA,30006092,Anton Wahlberg,shots_on_goal,rf_qrf_shots_on_goal,0.3.0,empirical_qrf,0.07332981979806247,0.0,0.14634146341463414,,4237405318233988177,2025-12-14 22:43:48.224389
2025-12-14,24486,BUF,SEA,30005445,Nikita Novikov,shots_on_goal,rf_qrf_shots_on_goal,0.3.0,empirical_qrf,0.3844597763347763,0.0,1.5,,4237405318233988177,2025-12-14 22:43:48.224389
2025-12-14,24486,BUF,SEA,30005634,Noah Ostlund,shots_on_goal,rf_qrf_shots_on_goal,0.3.0,empirical_qrf,0.0,0.0,0.0,,4237405318233988177,2025-12-14 22:43:48.224389
2025-12-14,24486,BUF,SEA,30005644,Jiri Kulich,shots_on_goal,rf_qrf_shots_on_goal,0.3.0,empirical_qrf,0.19482539682539682,0.0,1.0,,4237405318233988177,2025-12-14 22:43:48.224389
2025-12-14,24486,BUF,SEA,30005685,Viktor Neuchev,shots_on_goal,rf_qrf_shots_on_goal,0.3.0,empirical_qrf,0.056334656084656085,0.0,0.0,,4237405318233988177,2025-12-14 22:43:48.224389
2025-12-14,24486,BUF,SEA,30005730,Vsevolod Komarov,shots_on_goal,rf_qrf_shots_on_goal,0.3.0,empirical_qrf,0.005999999999999999,0.0,0.0,,4237405318233988177,2025-12-14 22:43:48.224389
2025-12-14,24486,BUF,SEA,30005764,Noah Laaouan,shots_on_goal,rf_qrf_shots_on_goal,0.3.0,empirical_qrf,0.11576832271387007,0.057088948787062,0.18181818181818182,,4237405318233988177,2025-12-14 22:43:48.224389
2025-12-14,24486,BUF,SEA,30004982,Isak Rosen,shots_on_goal,rf_qrf_shots_on_goal,0.3.0,empirical_qrf,0.053832718888266046,0.0,0.12121212121212122,,4237405318233988177,2025-12-14 22:43:48.224389
2025-12-14,24486,BUF,SEA,30005017,Josh Doan,shots_on_goal,rf_qrf_shots_on_goal,0.3.0,empirical_qrf,0.0005158730158730159,0.0,0.0,,4237405318233988177,2025-12-14 22:43:48.224389
2025-12-14,24486,BUF,SEA,30005067,Isaac Belliveau,shots_on_goal,rf_qrf_shots_on_goal,0.3.0,empirical_qrf,0.015572012980553081,0.012434318289762946,0.01854496201665598,,4237405318233988177,2025-12-14 22:43:48.224389
2025-12-14,24486,BUF,SEA,30005147,Tyson Kozak,shots_on_goal,rf_qrf_shots_on_goal,0.3.0,empirical_qrf,0.0,0.0,0.0,,4237405318233988177,2025-12-14 22:43:48.224389
2025-12-14,24486,BUF,SEA,30005151,Olivier Nadeau,shots_on_goal,rf_qrf_shots_on_goal,0.3.0,empirical_qrf,0.02165861150952626,0.0,0.0,,4237405318233988177,2025-12-14 22:43:48.224389
2025-12-14,24486,BUF,SEA,30005441,Ryan Johnson,shots_on_goal,rf_qrf_shots_on_goal,0.3.0,empirical_qrf,0.07332981979806247,0.0,0.14634146341463414,,4237405318233988177,2025-12-14 22:43:48.224389
2025-12-14,24486,BUF,SEA,30004854,Trevor Kuntar,shots_on_goal,rf_qrf_shots_on_goal,0.3.0,empirical_qrf,0.0,0.0,0.0,,4237405318233988177,2025-12-14 22:43:48.224389
2025-12-14,24486,BUF,SEA,30004923,Josh Dunne,shots_on_goal,rf_qrf_shots_on_goal,0.3.0,empirical_qrf,0.0829455653194625,0.04384049643760055,0.12610452349582785,,4237405318233988177,2025-12-14 22:43:48.224389
2025-12-14,24486,BUF,SEA,30004948,Carson Meyer,shots_on_goal,rf_qrf_shots_on_goal,0.3.0,empirical_qrf,0.0829455653194625,0.04384049643760055,0.12610452349582785,,4237405318233988177,2025-12-14 22:43:48.224389
2025-12-14,24486,BUF,SEA,30004956,Justin Danforth,shots_on_goal,rf_qrf_shots_on_goal,0.3.0,empirical_qrf,0.0,0.0,0.0,,4237405318233988177,2025-12-14 22:43:48.224389
2025-12-14,24486,BUF,SEA,30004980,Owen Power,shots_on_goal,rf_qrf_shots_on_goal,0.3.0,empirical_qrf,0.0,0.0,0.0,,4237405318233988177,2025-12-14 22:43:48.224389
2025-12-14,24486,BUF,SEA,30004981,Devon Levi,shots_on_goal,rf_qrf_shots_on_goal,0.3.0,empirical_qrf,0.015572012980553081,0.012434318289762946,0.01854496201665598,,4237405318233988177,2025-12-14 22:43:48.224389
2025-12-14,24486,BUF,SEA,30004474,Bowen Byram,shots_on_goal,rf_qrf_shots_on_goal,0.3.0,empirical_qrf,0.001239942528735632,0.0,0.0,,4237405318233988177,2025-12-14 22:43:48.224389
2025-12-14,24486,BUF,SEA,30004502,Peyton Krebs,shots_on_goal,rf_qrf_shots_on_goal,0.3.0,empirical_qrf,0.02840544178044178,0.0,0.0,,4237405318233988177,2025-12-14 22:43:48.224389
2025-12-14,24486,BUF,SEA,30004554,Zac Jones,shots_on_goal,rf_qrf_shots_on_goal,0.3.0,empirical_qrf,0.19196952534254957,0.0,0.45454545454545453,,4237405318233988177,2025-12-14 22:43:48.224389
2025-12-14,24486,BUF,SEA,30004577,Colten Ellis,shots_on_goal,rf_qrf_shots_on_goal,0.3.0,empirical_qrf,0.015572012980553081,0.012434318289762946,0.01854496201665598,,4237405318233988177,2025-12-14 22:43:48.224389
2025-12-14,24486,BUF,SEA,30004670,Peter Tischke,shots_on_goal,rf_qrf_shots_on_goal,0.3.0,empirical_qrf,0.015572012980553081,0.012434318289762946,0.01854496201665598,,4237405318233988177,2025-12-14 22:43:48.224389
2025-12-14,24486,BUF,SEA,30004815,Jack Quinn,shots_on_goal,rf_qrf_shots_on_goal,0.3.0,empirical_qrf,0.004138888888888889,0.0,0.0,,4237405318233988177,2025-12-14 22:43:48.224389
2025-12-14,24486,BUF,SEA,30003750,Rasmus Dahlin,shots_on_goal,rf_qrf_shots_on_goal,0.3.0,empirical_qrf,0.2608769841269841,0.0,1.5,,4237405318233988177,2025-12-14 22:43:48.224389
2025-12-14,24486,BUF,SEA,30004105,Mattias Samuelsson,shots_on_goal,rf_qrf_shots_on_goal,0.3.0,empirical_qrf,0.004407859659995136,0.0,0.009950248756218905,,4237405318233988177,2025-12-14 22:43:48.224389
2025-12-14,24486,BUF,SEA,30004117,Ryan McLeod,shots_on_goal,rf_qrf_shots_on_goal,0.3.0,empirical_qrf,0.027168109668109668,0.0,0.0,,4237405318233988177,2025-12-14 22:43:48.224389
2025-12-14,24486,BUF,SEA,30004373,Michael Kesselring,shots_on_goal,rf_qrf_shots_on_goal,0.3.0,empirical_qrf,0.002333333333333333,0.0,0.0,,4237405318233988177,2025-12-14 22:43:48.224389
2025-12-14,24486,BUF,SEA,30004380,Jack Rathbone,shots_on_goal,rf_qrf_shots_on_goal,0.3.0,empirical_qrf,0.05658032230075988,0.0,0.13636363636363635,,4237405318233988177,2025-12-14 22:43:48.224389
2025-12-14,24486,BUF,SEA,30004431,Jacob Bryson,shots_on_goal,rf_qrf_shots_on_goal,0.3.0,empirical_qrf,0.07332981979806247,0.0,0.14634146341463414,,4237405318233988177,2025-12-14 22:43:48.224389
2025-12-14,24486,BUF,SEA,30003158,Tage Thompson,shots_on_goal,rf_qrf_shots_on_goal,0.3.0,empirical_qrf,0.005333333333333334,0.0,0.0,,4237405318233988177,2025-12-14 22:43:48.224389
2025-12-14,24486,BUF,SEA,30003221,Beck Malenstyn,shots_on_goal,rf_qrf_shots_on_goal,0.3.0,empirical_qrf,0.15033126862359647,0.0,0.3076923076923077,,4237405318233988177,2025-12-14 22:43:48.224389
2025-12-14,24486,BUF,SEA,30003665,Josh Norris,shots_on_goal,rf_qrf_shots_on_goal,0.3.0,empirical_qrf,0.3982936507936508,0.0,1.3333333333333333,,4237405318233988177,2025-12-14 22:43:48.224389
2025-12-14,24486,BUF,SEA,30003670,Conor Timmins,shots_on_goal,rf_qrf_shots_on_goal,0.3.0,empirical_qrf,0.19196952534254957,0.0,0.45454545454545453,,4237405318233988177,2025-12-14 22:43:48.224389
2025-12-14,24486,BUF,SEA,30003673,Ukko-Pekka Luukkonen,shots_on_goal,rf_qrf_shots_on_goal,0.3.0,empirical_qrf,0.015572012980553081,0.012434318289762946,0.01854496201665598,,4237405318233988177,2025-12-14 22:43:48.224389
2025-12-14,24486,BUF,SEA,30003699,Jake Leschyshyn,shots_on_goal,rf_qrf_shots_on_goal,0.3.0,empirical_qrf,0.007048040065504088,0.0,0.014285714285714285,,4237405318233988177,2025-12-14 22:43:48.224389
2025-12-14,24481,VAN,NJ,,,total_goals,ets_sum_team_goals,0.3.0,ets_sum,15.44211293821747,0.0,0.0,,4237405318233988177,2025-12-14 22:43:48.909692
2025-12-14,24482,UTA,PIT,,,total_goals,ets_sum_team_goals,0.3.0,ets_sum,15.968133518414302,0.0,0.0,,4237405318233988177,2025-12-14 22:43:48.909870
2025-12-14,24483,PHI,CAR,,,total_goals,ets_sum_team_goals,0.3.0,ets_sum,14.924359363581413,0.0,0.0,,4237405318233988177,2025-12-14 22:43:48.910029
2025-12-14,24484,BOS,MIN,,,total_goals,ets_sum_team_goals,0.3.0,ets_sum,13.819562609746399,0.0,0.0,,4237405318233988177,2025-12-14 22:43:48.910182
2025-12-14,24485,EDM,MON,,,total_goals,ets_sum_team_goals,0.3.0,ets_sum,16.88092884667772,0.0,0.0,,4237405318233988177,2025-12-14 22:43:48.910333
2025-12-14,24486,BUF,SEA,,,total_goals,ets_sum_team_goals,0.3.0,ets_sum,16.479248278353147,0.0,0.0,,4237405318233988177,2025-12-14 22:43:48.910506
